<?xml version="1.0" encoding="utf-8"?>
<COLLADA xmlns="http://www.collada.org/2005/11/COLLADASchema" version="1.4.1" xmlns:xsi="http://www.w3.org/2001/XMLSchema-instance">
  <asset>
    <contributor>
      <author>Blender User</author>
      <authoring_tool>Blender 4.2.0 commit date:2024-07-16, commit time:06:20, hash:a51f293548ad</authoring_tool>
    </contributor>
    <created>2024-07-18T17:17:46</created>
    <modified>2024-07-18T17:17:46</modified>
    <unit name="meter" meter="1"/>
    <up_axis>Z_UP</up_axis>
  </asset>
  <library_effects>
    <effect id="R3MPerception-Metallic-effect">
      <profile_COMMON>
        <technique sid="common">
          <lambert>
            <emission>
              <color sid="emission">0 0 0 1</color>
            </emission>
            <diffuse>
              <color sid="diffuse">0.3 0.3 0.3 1</color>
            </diffuse>
            <reflectivity>
              <float sid="specular">1</float>
            </reflectivity>
            <index_of_refraction>
              <float sid="ior">1.45</float>
            </index_of_refraction>
          </lambert>
        </technique>
      </profile_COMMON>
    </effect>
  </library_effects>
  <library_images/>
  <library_materials>
    <material id="R3MPerception-Metallic-material" name="R3MPerception-Metallic">
      <instance_effect url="#R3MPerception-Metallic-effect"/>
    </material>
  </library_materials>
  <library_geometries>
    <geometry id="shape0_017-mesh" name="shape0.017">
      <mesh>
        <source id="shape0_017-mesh-positions">
          <float_array id="shape0_017-mesh-positions-array" count="32511">7.79669 -36.6805 -24 5.86629 -37.0383 -23 7.79669 -36.6805 -23 5.86629 -37.0383 -24 9.70571 -36.2222 -24 9.70571 -36.2222 -23 37.4486 1.9626 -24 37.5 0 -24 37.5 0 -23 11.5881 -35.6646 -24 11.5881 -35.6646 -23 37.4486 1.9626 -23 37.2946 3.91982 -23 13.4388 -35.0093 -24 13.4388 -35.0093 -23 37.2946 3.91982 -24 15.2526 -34.2579 -24 15.2526 -34.2579 -23 37.0383 5.86629 -24 37.0383 5.86629 -23 17.0246 -33.4128 -23 36.6805 7.79669 -23 17.0246 -33.4128 -24 36.6805 7.79669 -24 18.75 -32.4759 -24 18.75 -32.4759 -23 20.424 -31.4501 -23 36.2222 9.70571 -24 36.2222 9.70571 -23 35.6646 11.5881 -24 35.6646 11.5881 -23 20.424 -31.4501 -24 22.042 -30.3381 -24 22.042 -30.3381 -23 35.0093 13.4388 -24 35.0093 13.4388 -23 34.2579 15.2526 -23 23.5995 -29.143 -24 23.5995 -29.143 -23 25.0924 -27.8679 -23 34.2579 15.2526 -24 25.0924 -27.8679 -24 33.4128 17.0246 -24 33.4128 17.0246 -23 26.5165 -26.5165 -24 26.5165 -26.5165 -23 32.4759 18.75 -24 32.4759 18.75 -23 27.8679 -25.0924 -24 27.8679 -25.0924 -23 31.4501 20.424 -24 31.4501 20.424 -23 29.143 -23.5995 -24 27.8679 -25.0924 -23 29.143 -23.5995 -23 30.3381 -22.042 -23 27.8679 -25.0924 -24 30.3381 22.042 -24 30.3381 22.042 -23 30.3381 -22.042 -24 31.4501 -20.424 -24 31.4501 -20.424 -23 29.143 23.5995 -24 29.143 23.5995 -23 32.4759 -18.75 -24 32.4759 -18.75 -23 33.4128 -17.0246 -23 27.8679 25.0924 -24 27.8679 25.0924 -23 33.4128 -17.0246 -24 26.5165 26.5165 -24 26.5165 26.5165 -23 34.2579 -15.2526 -24 34.2579 -15.2526 -23 35.0093 -13.4388 -23 25.0924 27.8679 -24 26.5165 26.5165 -24 26.5165 26.5165 -23 25.0924 27.8679 -23 35.0093 -13.4388 -24 23.5995 29.143 -24 35.6646 -11.5881 -24 35.6646 -11.5881 -23 23.5995 29.143 -23 22.042 30.3381 -24 36.2222 -9.70571 -24 36.2222 -9.70571 -23 22.042 30.3381 -23 36.6805 -7.79669 -24 20.424 31.4501 -24 36.6805 -7.79669 -23 20.424 31.4501 -23 37.0383 -5.86629 -23 18.75 32.4759 -23 37.0383 -5.86629 -24 18.75 32.4759 -24 37.2946 -3.91982 -24 37.2946 -3.91982 -23 37.4486 -1.9626 -23 17.0246 33.4128 -24 17.0246 33.4128 -23 37.4486 -1.9626 -24 15.2526 34.2579 -24 15.2526 34.2579 -23 13.4388 35.0093 -24 13.4388 35.0093 -23 11.5881 35.6646 -24 11.5881 35.6646 -23 9.70571 36.2222 -23 9.70571 36.2222 -24 7.79669 36.6805 -24 7.79669 36.6805 -23 5.86629 37.0383 -24 5.86629 37.0383 -23 3.91982 37.2946 -24 3.91982 37.2946 -23 1.9626 37.4486 -24 1.9626 37.4486 -23 0 37.5 -24 0 37.5 -23 -1.9626 37.4486 -24 -1.9626 37.4486 -23 -3.91982 37.2946 -24 -3.91982 37.2946 -23 -5.86629 37.0383 -23 -5.86629 37.0383 -24 -7.79669 36.6805 -24 -7.79669 36.6805 -23 -9.70571 36.2222 -24 -9.70571 36.2222 -23 -11.5881 35.6646 -24 -11.5881 35.6646 -23 -13.4388 35.0093 -24 -13.4388 35.0093 -23 -15.2526 34.2579 -24 -15.2526 34.2579 -23 -17.0246 33.4128 -24 -17.0246 33.4128 -23 -18.75 32.4759 -24 -18.75 32.4759 -23 -20.424 31.4501 -23 -20.424 31.4501 -24 -22.042 30.3381 -24 -22.042 30.3381 -23 -23.5995 29.143 -23 -23.5995 29.143 -24 -25.0924 27.8679 -23 -25.0924 27.8679 -24 -26.5165 26.5165 -24 -26.5165 26.5165 -23 -27.8679 25.0924 -24 -26.5165 26.5165 -24 -26.5165 26.5165 -23 -27.8679 25.0924 -23 -29.143 23.5995 -24 -29.143 23.5995 -23 -30.3381 22.042 -24 -30.3381 22.042 -23 -31.4501 20.424 -24 -31.4501 20.424 -23 -32.4759 18.75 -24 -32.4759 18.75 -23 -33.4128 17.0246 -24 -33.4128 17.0246 -23 -34.2579 15.2526 -24 -34.2579 15.2526 -23 -35.0093 13.4388 -24 -35.0093 13.4388 -23 -35.6646 11.5881 -24 -35.6646 11.5881 -23 -36.2222 9.70571 -24 -36.2222 9.70571 -23 -36.6805 7.79669 -24 -36.6805 7.79669 -23 -37.0383 5.86629 -23 -37.0383 5.86629 -24 -37.2946 3.91982 -23 -37.2946 3.91982 -24 -37.4486 1.9626 -24 -37.4486 1.9626 -23 -37.5 0 -23 -37.5 0 -24 -37.4486 -1.9626 -24 -37.4486 -1.9626 -23 -37.2946 -3.91982 -24 -37.2946 -3.91982 -23 -37.0383 -5.86629 -23 -37.0383 -5.86629 -24 -36.6805 -7.79669 -23 -36.6805 -7.79669 -24 -36.2222 -9.70571 -24 -36.2222 -9.70571 -23 -35.6646 -11.5881 -24 -35.6646 -11.5881 -23 -35.0093 -13.4388 -24 -35.0093 -13.4388 -23 -34.2579 -15.2526 -24 -34.2579 -15.2526 -23 -33.4128 -17.0246 -24 -33.4128 -17.0246 -23 -32.4759 -18.75 -24 -32.4759 -18.75 -23 -31.4501 -20.424 -24 -31.4501 -20.424 -23 -30.3381 -22.042 -24 -30.3381 -22.042 -23 -29.143 -23.5995 -23 -29.143 -23.5995 -24 -27.8679 -25.0924 -23 -27.8679 -25.0924 -24 -26.5165 -26.5165 -24 -26.5165 -26.5165 -23 -25.0924 -27.8679 -24 -25.0924 -27.8679 -23 -25.0924 -27.8679 -24 -25.0924 -27.8679 -23 -23.5995 -29.143 -23 -23.5995 -29.143 -24 -22.042 -30.3381 -23 -22.042 -30.3381 -24 -20.424 -31.4501 -24 -20.424 -31.4501 -23 -18.75 -32.4759 -24 -18.75 -32.4759 -23 -17.0246 -33.4128 -24 -17.0246 -33.4128 -23 -15.2526 -34.2579 -24 -15.2526 -34.2579 -23 -13.4388 -35.0093 -24 -13.4388 -35.0093 -23 -11.5881 -35.6646 -24 -11.5881 -35.6646 -23 -9.70571 -36.2222 -23 -9.70571 -36.2222 -24 -7.79669 -36.6805 -24 -7.79669 -36.6805 -23 -5.86629 -37.0383 -23 -5.86629 -37.0383 -24 -3.91982 -37.2946 -23 -3.91982 -37.2946 -24 -1.9626 -37.4486 -24 -1.9626 -37.4486 -23 0 -37.5 -24 0 -37.5 -23 1.9626 -37.4486 -24 1.9626 -37.4486 -23 3.91982 -37.2946 -23 3.91982 -37.2946 -24 25.0924 -27.8679 -24 26.5165 -26.5165 -24 27.8679 -25.0924 -24 23.5995 -29.143 -24 22.042 -30.3381 -24 29.143 -23.5995 -24 30.3381 -22.042 -24 31.4501 -20.424 -24 20.424 -31.4501 -24 18.75 -32.4759 -24 32.4759 -18.75 -24 15.2526 -34.2579 -24 17.0246 -33.4128 -24 13.4388 -35.0093 -24 33.4128 -17.0246 -24 35.0093 -13.4388 -24 34.2579 -15.2526 -24 35.6646 -11.5881 -24 36.2222 -9.70571 -24 36.6805 -7.79669 -24 7.79669 -36.6805 -24 9.70571 -36.2222 -24 5.86629 -37.0383 -24 11.5881 -35.6646 -24 3.91982 -37.2946 -24 37.0383 -5.86629 -24 37.2946 -3.91982 -24 1.9626 -37.4486 -24 37.4486 -1.9626 -24 37.5 0 -24 0 -37.5 -24 -1.9626 -37.4486 -24 37.4486 1.9626 -24 -5.86629 -37.0383 -24 -3.91982 -37.2946 -24 -7.79669 -36.6805 -24 37.2946 3.91982 -24 36.6805 7.79669 -24 37.0383 5.86629 -24 -9.70571 -36.2222 -24 36.2222 9.70571 -24 35.6646 11.5881 -24 -11.5881 -35.6646 -24 -13.4388 -35.0093 -24 35.0093 13.4388 -24 -17.0246 -33.4128 -24 -15.2526 -34.2579 -24 34.2579 15.2526 -24 32.4759 18.75 -24 33.4128 17.0246 -24 30.3381 22.042 -24 31.4501 20.424 -24 -22.042 -30.3381 -24 -20.424 -31.4501 -24 -23.5995 -29.143 -24 -18.75 -32.4759 -24 29.143 23.5995 -24 -25.0924 -27.8679 -24 27.8679 25.0924 -24 26.5165 26.5165 -24 25.0924 27.8679 -24 23.5995 29.143 -24 -30.3381 -22.042 -24 -29.143 -23.5995 -24 -27.8679 -25.0924 -24 -26.5165 -26.5165 -24 22.042 30.3381 -24 20.424 31.4501 -24 -32.4759 -18.75 -24 -31.4501 -20.424 -24 18.75 32.4759 -24 17.0246 33.4128 -24 -33.4128 -17.0246 -24 15.2526 34.2579 -24 13.4388 35.0093 -24 -35.6646 -11.5881 -24 -35.0093 -13.4388 -24 -36.2222 -9.70571 -24 -34.2579 -15.2526 -24 11.5881 35.6646 -24 9.70571 36.2222 -24 7.79669 36.6805 -24 -36.6805 -7.79669 -24 -37.0383 -5.86629 -24 5.86629 37.0383 -24 -37.2946 -3.91982 -24 3.91982 37.2946 -24 1.9626 37.4486 -24 0 37.5 -24 -37.5 0 -24 -37.4486 -1.9626 -24 -37.4486 1.9626 -24 -3.91982 37.2946 -24 -1.9626 37.4486 -24 -37.0383 5.86629 -24 -37.2946 3.91982 -24 -5.86629 37.0383 -24 -7.79669 36.6805 -24 -36.2222 9.70571 -24 -36.6805 7.79669 -24 -35.0093 13.4388 -24 -35.6646 11.5881 -24 -9.70571 36.2222 -24 -11.5881 35.6646 -24 -13.4388 35.0093 -24 -15.2526 34.2579 -24 -34.2579 15.2526 -24 -33.4128 17.0246 -24 -18.75 32.4759 -24 -17.0246 33.4128 -24 -32.4759 18.75 -24 -20.424 31.4501 -24 -31.4501 20.424 -24 -30.3381 22.042 -24 -29.143 23.5995 -24 -22.042 30.3381 -24 -23.5995 29.143 -24 -25.0924 27.8679 -24 -26.5165 26.5165 -24 -27.8679 25.0924 -24 27.8679 -25.0924 -23 26.5165 -26.5165 -23 25.0924 -27.8679 -23 22.042 -30.3381 -23 23.5995 -29.143 -23 31.4501 -20.424 -23 30.3381 -22.042 -23 29.143 -23.5995 -23 18.75 -32.4759 -23 20.424 -31.4501 -23 32.4759 -18.75 -23 13.4388 -35.0093 -23 17.0246 -33.4128 -23 15.2526 -34.2579 -23 35.0093 -13.4388 -23 33.4128 -17.0246 -23 34.2579 -15.2526 -23 36.2222 -9.70571 -23 35.6646 -11.5881 -23 36.6805 -7.79669 -23 5.86629 -37.0383 -23 9.70571 -36.2222 -23 7.79669 -36.6805 -23 11.5881 -35.6646 -23 3.91982 -37.2946 -23 37.2946 -3.91982 -23 37.0383 -5.86629 -23 1.9626 -37.4486 -23 37.5 0 -23 37.4486 -1.9626 -23 -1.9626 -37.4486 -23 0 -37.5 -23 37.4486 1.9626 -23 -7.79669 -36.6805 -23 -3.91982 -37.2946 -23 -5.86629 -37.0383 -23 36.6805 7.79669 -23 37.2946 3.91982 -23 37.0383 5.86629 -23 -9.70571 -36.2222 -23 35.6646 11.5881 -23 36.2222 9.70571 -23 -13.4388 -35.0093 -23 -11.5881 -35.6646 -23 35.0093 13.4388 -23 -17.0246 -33.4128 -23 -15.2526 -34.2579 -23 32.4759 18.75 -23 34.2579 15.2526 -23 33.4128 17.0246 -23 30.3381 22.042 -23 31.4501 20.424 -23 -23.5995 -29.143 -23 -20.424 -31.4501 -23 -22.042 -30.3381 -23 -18.75 -32.4759 -23 -25.0924 -27.8679 -23 29.143 23.5995 -23 25.0924 27.8679 -23 26.5165 26.5165 -23 27.8679 25.0924 -23 23.5995 29.143 -23 -30.3381 -22.042 -23 -27.8679 -25.0924 -23 -29.143 -23.5995 -23 -26.5165 -26.5165 -23 20.424 31.4501 -23 22.042 30.3381 -23 -32.4759 -18.75 -23 -31.4501 -20.424 -23 18.75 32.4759 -23 17.0246 33.4128 -23 -33.4128 -17.0246 -23 13.4388 35.0093 -23 15.2526 34.2579 -23 -36.2222 -9.70571 -23 -35.0093 -13.4388 -23 -35.6646 -11.5881 -23 -34.2579 -15.2526 -23 9.70571 36.2222 -23 11.5881 35.6646 -23 7.79669 36.6805 -23 -37.0383 -5.86629 -23 -36.6805 -7.79669 -23 5.86629 37.0383 -23 -37.2946 -3.91982 -23 1.9626 37.4486 -23 3.91982 37.2946 -23 0 37.5 -23 -37.4486 1.9626 -23 -37.4486 -1.9626 -23 -37.5 0 -23 -3.91982 37.2946 -23 -1.9626 37.4486 -23 -37.0383 5.86629 -23 -37.2946 3.91982 -23 -7.79669 36.6805 -23 -5.86629 37.0383 -23 -36.2222 9.70571 -23 -36.6805 7.79669 -23 -35.0093 13.4388 -23 -35.6646 11.5881 -23 -13.4388 35.0093 -23 -11.5881 35.6646 -23 -9.70571 36.2222 -23 -15.2526 34.2579 -23 -33.4128 17.0246 -23 -34.2579 15.2526 -23 -18.75 32.4759 -23 -17.0246 33.4128 -23 -32.4759 18.75 -23 -20.424 31.4501 -23 -31.4501 20.424 -23 -30.3381 22.042 -23 -29.143 23.5995 -23 -23.5995 29.143 -23 -22.042 30.3381 -23 -26.5165 26.5165 -23 -25.0924 27.8679 -23 -27.8679 25.0924 -23 3.91982 -37.2946 -24 1.9626 -37.4486 -23 3.91982 -37.2946 -23 1.9626 -37.4486 -24 5.86629 -37.0383 -24 5.86629 -37.0383 -23 7.79669 -36.6805 -24 7.79669 -36.6805 -23 37.4486 1.9626 -24 37.5 0 -23 37.4486 1.9626 -23 37.5 0 -24 9.70571 -36.2222 -24 9.70571 -36.2222 -23 37.2946 3.91982 -24 37.2946 3.91982 -23 37.0383 5.86629 -23 11.5881 -35.6646 -24 11.5881 -35.6646 -23 37.0383 5.86629 -24 36.6805 7.79669 -23 13.4388 -35.0093 -24 13.4388 -35.0093 -23 36.6805 7.79669 -24 36.2222 9.70571 -23 15.2526 -34.2579 -24 15.2526 -34.2579 -23 36.2222 9.70571 -24 35.6646 11.5881 -23 17.0246 -33.4128 -24 17.0246 -33.4128 -23 35.6646 11.5881 -24 35.0093 13.4388 -23 18.75 -32.4759 -24 18.75 -32.4759 -23 35.0093 13.4388 -24 34.2579 15.2526 -23 20.424 -31.4501 -24 20.424 -31.4501 -23 34.2579 15.2526 -24 33.4128 17.0246 -23 22.042 -30.3381 -24 22.042 -30.3381 -23 33.4128 17.0246 -24 32.4759 18.75 -23 23.5995 -29.143 -24 23.5995 -29.143 -23 32.4759 18.75 -24 25.0924 -27.8679 -24 25.0924 -27.8679 -23 31.4501 20.424 -24 31.4501 20.424 -23 26.5165 -26.5165 -24 26.5165 -26.5165 -23 30.3381 22.042 -24 30.3381 22.042 -23 27.8679 -25.0924 -24 27.8679 -25.0924 -23 27.8679 -25.0924 -24 27.8679 -25.0924 -23 29.143 -23.5995 -23 29.143 -23.5995 -24 29.143 23.5995 -24 29.143 23.5995 -23 30.3381 -22.042 -24 30.3381 -22.042 -23 31.4501 -20.424 -23 27.8679 25.0924 -24 27.8679 25.0924 -23 31.4501 -20.424 -24 26.5165 26.5165 -24 26.5165 26.5165 -23 32.4759 -18.75 -24 32.4759 -18.75 -23 33.4128 -17.0246 -23 25.0924 27.8679 -24 26.5165 26.5165 -24 26.5165 26.5165 -23 25.0924 27.8679 -23 33.4128 -17.0246 -24 34.2579 -15.2526 -23 23.5995 29.143 -24 23.5995 29.143 -23 34.2579 -15.2526 -24 35.0093 -13.4388 -23 35.0093 -13.4388 -24 35.6646 -11.5881 -23 22.042 30.3381 -24 22.042 30.3381 -23 35.6646 -11.5881 -24 36.2222 -9.70571 -23 20.424 31.4501 -24 20.424 31.4501 -23 36.2222 -9.70571 -24 36.6805 -7.79669 -23 18.75 32.4759 -24 18.75 32.4759 -23 36.6805 -7.79669 -24 37.0383 -5.86629 -23 17.0246 33.4128 -24 17.0246 33.4128 -23 37.0383 -5.86629 -24 37.2946 -3.91982 -23 15.2526 34.2579 -24 15.2526 34.2579 -23 37.2946 -3.91982 -24 37.4486 -1.9626 -24 37.4486 -1.9626 -23 13.4388 35.0093 -24 13.4388 35.0093 -23 11.5881 35.6646 -24 11.5881 35.6646 -23 9.70571 36.2222 -24 9.70571 36.2222 -23 7.79669 36.6805 -24 7.79669 36.6805 -23 5.86629 37.0383 -24 5.86629 37.0383 -23 3.91982 37.2946 -24 3.91982 37.2946 -23 1.9626 37.4486 -24 1.9626 37.4486 -23 0 37.5 -24 0 37.5 -23 -1.9626 37.4486 -24 -1.9626 37.4486 -23 -3.91982 37.2946 -24 -3.91982 37.2946 -23 -5.86629 37.0383 -24 -5.86629 37.0383 -23 -7.79669 36.6805 -24 -7.79669 36.6805 -23 -9.70571 36.2222 -24 -9.70571 36.2222 -23 -11.5881 35.6646 -24 -11.5881 35.6646 -23 -13.4388 35.0093 -24 -13.4388 35.0093 -23 -15.2526 34.2579 -24 -15.2526 34.2579 -23 -17.0246 33.4128 -24 -17.0246 33.4128 -23 -18.75 32.4759 -24 -18.75 32.4759 -23 -20.424 31.4501 -24 -20.424 31.4501 -23 -22.042 30.3381 -24 -22.042 30.3381 -23 -23.5995 29.143 -24 -23.5995 29.143 -23 -25.0924 27.8679 -24 -25.0924 27.8679 -23 -26.5165 26.5165 -24 -26.5165 26.5165 -23 -27.8679 25.0924 -24 -26.5165 26.5165 -24 -26.5165 26.5165 -23 -27.8679 25.0924 -23 -29.143 23.5995 -24 -29.143 23.5995 -23 -30.3381 22.042 -24 -30.3381 22.042 -23 -31.4501 20.424 -24 -31.4501 20.424 -23 -32.4759 18.75 -24 -32.4759 18.75 -23 -33.4128 17.0246 -24 -33.4128 17.0246 -23 -34.2579 15.2526 -24 -34.2579 15.2526 -23 -35.0093 13.4388 -24 -35.0093 13.4388 -23 -35.6646 11.5881 -24 -35.6646 11.5881 -23 -36.2222 9.70571 -24 -36.2222 9.70571 -23 -36.6805 7.79669 -24 -36.6805 7.79669 -23 -37.0383 5.86629 -24 -37.0383 5.86629 -23 -37.2946 3.91982 -24 -37.2946 3.91982 -23 -37.4486 1.9626 -24 -37.4486 1.9626 -23 -37.5 0 -24 -37.5 0 -23 -37.4486 -1.9626 -24 -37.4486 -1.9626 -23 -37.2946 -3.91982 -24 -37.2946 -3.91982 -23 -37.0383 -5.86629 -24 -37.0383 -5.86629 -23 -36.6805 -7.79669 -24 -36.6805 -7.79669 -23 -36.2222 -9.70571 -24 -36.2222 -9.70571 -23 -35.6646 -11.5881 -24 -35.6646 -11.5881 -23 -35.0093 -13.4388 -24 -35.0093 -13.4388 -23 -34.2579 -15.2526 -24 -34.2579 -15.2526 -23 -33.4128 -17.0246 -24 -33.4128 -17.0246 -23 -32.4759 -18.75 -24 -32.4759 -18.75 -23 -31.4501 -20.424 -24 -31.4501 -20.424 -23 -30.3381 -22.042 -24 -30.3381 -22.042 -23 -29.143 -23.5995 -24 -29.143 -23.5995 -23 -27.8679 -25.0924 -24 -27.8679 -25.0924 -23 -26.5165 -26.5165 -24 -26.5165 -26.5165 -23 -25.0924 -27.8679 -24 -25.0924 -27.8679 -23 -23.5995 -29.143 -24 -25.0924 -27.8679 -24 -25.0924 -27.8679 -23 -23.5995 -29.143 -23 -22.042 -30.3381 -24 -22.042 -30.3381 -23 -20.424 -31.4501 -24 -20.424 -31.4501 -23 -18.75 -32.4759 -24 -18.75 -32.4759 -23 -17.0246 -33.4128 -24 -17.0246 -33.4128 -23 -15.2526 -34.2579 -24 -15.2526 -34.2579 -23 -13.4388 -35.0093 -24 -13.4388 -35.0093 -23 -11.5881 -35.6646 -24 -11.5881 -35.6646 -23 -9.70571 -36.2222 -24 -9.70571 -36.2222 -23 -7.79669 -36.6805 -24 -7.79669 -36.6805 -23 -5.86629 -37.0383 -24 -5.86629 -37.0383 -23 -3.91982 -37.2946 -24 -3.91982 -37.2946 -23 -1.9626 -37.4486 -24 -1.9626 -37.4486 -23 0 -37.5 -24 0 -37.5 -23 5.86629 37.0383 -30 7.79669 36.6805 -30 9.70571 36.2222 -30 11.5881 35.6646 -30 37.5 0 -30 37.4486 -1.9626 -30 13.4388 35.0093 -30 15.2526 34.2579 -30 37.2946 -3.91982 -30 37.0383 -5.86629 -30 17.0246 33.4128 -30 18.75 32.4759 -30 36.6805 -7.79669 -30 36.2222 -9.70571 -30 35.6646 -11.5881 -30 20.424 31.4501 -30 35.0093 -13.4388 -30 22.042 30.3381 -30 23.5995 29.143 -30 25.0924 27.8679 -30 34.2579 -15.2526 -30 26.5165 26.5165 -30 26.5165 26.5165 -30 27.8679 25.0924 -30 33.4128 -17.0246 -30 32.4759 -18.75 -30 29.143 23.5995 -30 31.4501 -20.424 -30 30.3381 -22.042 -30 30.3381 22.042 -30 31.4501 20.424 -30 29.143 -23.5995 -30 32.4759 18.75 -30 33.4128 17.0246 -30 27.8679 -25.0924 -30 27.8679 -25.0924 -30 34.2579 15.2526 -30 26.5165 -26.5165 -30 35.0093 13.4388 -30 35.6646 11.5881 -30 25.0924 -27.8679 -30 36.2222 9.70571 -30 23.5995 -29.143 -30 22.042 -30.3381 -30 36.6805 7.79669 -30 20.424 -31.4501 -30 37.0383 5.86629 -30 37.2946 3.91982 -30 18.75 -32.4759 -30 17.0246 -33.4128 -30 37.4486 1.9626 -30 15.2526 -34.2579 -30 13.4388 -35.0093 -30 11.5881 -35.6646 -30 9.70571 -36.2222 -30 7.79669 -36.6805 -30 5.86629 -37.0383 -30 3.91982 -37.2946 -30 1.9626 -37.4486 -30 0 -37.5 -30 -1.9626 -37.4486 -30 -3.91982 -37.2946 -30 -5.86629 -37.0383 -30 -7.79669 -36.6805 -30 -9.70571 -36.2222 -30 -11.5881 -35.6646 -30 -13.4388 -35.0093 -30 -15.2526 -34.2579 -30 -17.0246 -33.4128 -30 -18.75 -32.4759 -30 -20.424 -31.4501 -30 -22.042 -30.3381 -30 -23.5995 -29.143 -30 -25.0924 -27.8679 -30 -25.0924 -27.8679 -30 -26.5165 -26.5165 -30 -27.8679 -25.0924 -30 -29.143 -23.5995 -30 -30.3381 -22.042 -30 -31.4501 -20.424 -30 -32.4759 -18.75 -30 -33.4128 -17.0246 -30 -34.2579 -15.2526 -30 -35.0093 -13.4388 -30 -35.6646 -11.5881 -30 -36.2222 -9.70571 -30 -36.6805 -7.79669 -30 -37.0383 -5.86629 -30 -37.2946 -3.91982 -30 -37.4486 -1.9626 -30 -37.5 0 -30 -37.4486 1.9626 -30 -37.2946 3.91982 -30 -37.0383 5.86629 -30 -36.6805 7.79669 -30 -36.2222 9.70571 -30 -35.6646 11.5881 -30 -35.0093 13.4388 -30 -34.2579 15.2526 -30 -33.4128 17.0246 -30 -32.4759 18.75 -30 -31.4501 20.424 -30 -30.3381 22.042 -30 -29.143 23.5995 -30 -27.8679 25.0924 -30 -26.5165 26.5165 -30 -26.5165 26.5165 -30 -25.0924 27.8679 -30 -23.5995 29.143 -30 -22.042 30.3381 -30 -20.424 31.4501 -30 -18.75 32.4759 -30 -17.0246 33.4128 -30 -15.2526 34.2579 -30 -13.4388 35.0093 -30 -11.5881 35.6646 -30 -9.70571 36.2222 -30 -7.79669 36.6805 -30 -5.86629 37.0383 -30 -3.91982 37.2946 -30 -1.9626 37.4486 -30 0 37.5 -30 1.9626 37.4486 -30 3.91982 37.2946 -30 -36.2222 -9.70571 -23 -28.2138 -8.615671 -23 -35.6646 -11.5881 -23 -28.6747 -6.92914 -23 9.70571 36.2222 -23 11.5881 35.6646 -23 7.77582 28.4567 -23 6.07637 28.8674 -23 -36.6805 -7.79669 -23 -29.0348 -5.21826 -23 7.79669 36.6805 -23 -37.0383 -5.86629 -23 -29.2929 -3.48906 -23 5.86629 37.0383 -23 4.35557 29.1767 -23 -37.2946 -3.91982 -23 -29.4482 -1.7476 -23 3.91982 37.2946 -23 2.61948 29.3835 -23 -37.4486 -1.9626 -23 -29.5 0 -23 1.9626 37.4486 -23 0.874183 29.487 -23 21.1665 -20.5483 -23 27.8679 -25.0924 -23 26.5165 -26.5165 -23 -37.5 0 -23 0 37.5 -23 -0.874183 29.487 -23 19.912 -21.7661 -23 25.0924 -27.8679 -23 22.3466 -19.2582 -23 29.143 -23.5995 -23 18.5876 -22.9075 -23 23.5995 -29.143 -23 22.042 -30.3381 -23 -37.4486 1.9626 -23 -29.4482 1.7476 -23 -1.9626 37.4486 -23 -2.61948 29.3835 -23 23.4482 -17.9006 -23 30.3381 -22.042 -23 17.1979 -23.9684 -23 20.424 -31.4501 -23 24.4675 -16.4801 -23 31.4501 -20.424 -23 -37.2946 3.91982 -23 -29.2929 3.48906 -23 -3.91982 37.2946 -23 -4.35557 29.1767 -23 15.7478 -24.9451 -23 18.75 -32.4759 -23 25.4008 -15.0017 -23 32.4759 -18.75 -23 14.2424 -25.8342 -23 -37.0383 5.86629 -23 17.0246 -33.4128 -23 26.2449 -13.4706 -23 33.4128 -17.0246 -23 34.2579 -15.2526 -23 -29.0348 5.21826 -23 -5.86629 37.0383 -23 -6.07637 28.8674 -23 12.6869 -26.6325 -23 -36.6805 7.79669 -23 -28.6747 6.92914 -23 15.2526 -34.2579 -23 -7.79669 36.6805 -23 26.9968 -11.8921 -23 35.0093 -13.4388 -23 -36.2222 9.70571 -23 11.0869 -27.3373 -23 -28.2138 8.615671 -23 13.4388 -35.0093 -23 -9.70571 36.2222 -23 -7.77582 28.4567 -23 27.6539 -10.2719 -23 35.6646 -11.5881 -23 -35.6646 11.5881 -23 9.44796 -27.9461 -23 -27.6539 10.2719 -23 -11.5881 35.6646 -23 -9.44796 27.9461 -23 11.5881 -35.6646 -23 28.2138 -8.615671 -23 36.2222 -9.70571 -23 -35.0093 13.4388 -23 7.77582 -28.4567 -23 -26.9968 11.8921 -23 9.70571 -36.2222 -23 -13.4388 35.0093 -23 -11.0869 27.3373 -23 28.6747 -6.92914 -23 36.6805 -7.79669 -23 -34.2579 15.2526 -23 6.07637 -28.8674 -23 -26.2449 13.4706 -23 -15.2526 34.2579 -23 -12.6869 26.6325 -23 7.79669 -36.6805 -23 5.86629 -37.0383 -23 29.0348 -5.21826 -23 37.0383 -5.86629 -23 -33.4128 17.0246 -23 4.35557 -29.1767 -23 -17.0246 33.4128 -23 3.91982 -37.2946 -23 -14.2424 25.8342 -23 -32.4759 18.75 -23 29.2929 -3.48906 -23 37.2946 -3.91982 -23 -25.4008 15.0017 -23 -18.75 32.4759 -23 2.61948 -29.3835 -23 -15.7478 24.9451 -23 1.9626 -37.4486 -23 29.4482 -1.7476 -23 37.4486 -1.9626 -23 -31.4501 20.424 -23 -24.4675 16.4801 -23 -20.424 31.4501 -23 -17.1979 23.9684 -23 0.874183 -29.487 -23 -30.3381 22.042 -23 0 -37.5 -23 -23.4482 17.9006 -23 29.5 0 -23 37.4486 1.9626 -23 37.5 0 -23 -22.042 30.3381 -23 -18.5876 22.9075 -23 -29.143 23.5995 -23 -22.3466 19.2582 -23 -0.874183 -29.487 -23 -23.5995 29.143 -23 -1.9626 -37.4486 -23 -27.8679 25.0924 -23 -21.1665 20.5483 -23 29.4482 1.7476 -23 37.2946 3.91982 -23 -25.0924 27.8679 -23 -19.912 21.7661 -23 -2.61948 -29.3835 -23 -26.5165 26.5165 -23 -3.91982 -37.2946 -23 29.2929 3.48906 -23 37.0383 5.86629 -23 -4.35557 -29.1767 -23 -5.86629 -37.0383 -23 29.0348 5.21826 -23 36.6805 7.79669 -23 -6.07637 -28.8674 -23 -7.79669 -36.6805 -23 -9.70571 -36.2222 -23 28.6747 6.92914 -23 36.2222 9.70571 -23 -7.77582 -28.4567 -23 -11.5881 -35.6646 -23 28.2138 8.615671 -23 35.6646 11.5881 -23 -9.44796 -27.9461 -23 -13.4388 -35.0093 -23 27.6539 10.2719 -23 35.0093 13.4388 -23 -11.0869 -27.3373 -23 -15.2526 -34.2579 -23 26.9968 11.8921 -23 34.2579 15.2526 -23 -12.6869 -26.6325 -23 -17.0246 -33.4128 -23 26.2449 13.4706 -23 33.4128 17.0246 -23 32.4759 18.75 -23 -14.2424 -25.8342 -23 -18.75 -32.4759 -23 25.4008 15.0017 -23 31.4501 20.424 -23 -15.7478 -24.9451 -23 -20.424 -31.4501 -23 24.4675 16.4801 -23 30.3381 22.042 -23 -17.1979 -23.9684 -23 -22.042 -30.3381 -23 23.4482 17.9006 -23 29.143 23.5995 -23 -18.5876 -22.9075 -23 -23.5995 -29.143 -23 22.3466 19.2582 -23 -25.0924 -27.8679 -23 27.8679 25.0924 -23 -19.912 -21.7661 -23 21.1665 20.5483 -23 -26.5165 -26.5165 -23 26.5165 26.5165 -23 -21.1665 -20.5483 -23 19.912 21.7661 -23 -27.8679 -25.0924 -23 25.0924 27.8679 -23 -22.3466 -19.2582 -23 18.5876 22.9075 -23 -29.143 -23.5995 -23 23.5995 29.143 -23 -23.4482 -17.9006 -23 -30.3381 -22.042 -23 -24.4675 -16.4801 -23 22.042 30.3381 -23 17.1979 23.9684 -23 -31.4501 -20.424 -23 -25.4008 -15.0017 -23 20.424 31.4501 -23 15.7478 24.9451 -23 -32.4759 -18.75 -23 -26.2449 -13.4706 -23 18.75 32.4759 -23 14.2424 25.8342 -23 -33.4128 -17.0246 -23 17.0246 33.4128 -23 12.6869 26.6325 -23 -34.2579 -15.2526 -23 -26.9968 -11.8921 -23 15.2526 34.2579 -23 11.0869 27.3373 -23 -35.0093 -13.4388 -23 -27.6539 -10.2719 -23 13.4388 35.0093 -23 9.44796 27.9461 -23 36.45 -1.91026 -30 36.3 -3.81529 -30 37.2946 -3.91982 -30 37.4486 -1.9626 -30 -1.9626 37.4486 -30 -3.81529 36.3 -30 -1.91026 36.45 -30 -3.91982 37.2946 -30 36.5 0 -30 0 36.5 -30 37.5 0 -30 0 37.5 -30 36.45 1.91026 -30 -25.8094 -25.8094 -30 -26.5165 -26.5165 -30 -25.0924 -27.8679 -30 -24.4233 -27.1248 -30 -23.5995 -29.143 -30 1.91026 36.45 -30 37.4486 1.9626 -30 -27.1248 -24.4233 -30 -27.8679 -25.0924 -30 -29.143 -23.5995 -30 1.9626 37.4486 -30 -22.9702 -28.3658 -30 -22.042 -30.3381 -30 3.81529 36.3 -30 -28.3658 -22.9702 -30 -30.3381 -22.042 -30 37.2946 3.91982 -30 36.3 3.81529 -30 3.91982 37.2946 -30 36.0506 5.70986 -30 -21.4542 -29.5291 -30 37.0383 5.86629 -30 -29.5291 -21.4542 -30 -19.8793 -30.6115 -30 -20.424 -31.4501 -30 -18.75 -32.4759 -30 5.86629 37.0383 -30 5.70986 36.0506 -30 35.7024 7.58878 -30 -30.6115 -19.8793 -30 -31.4501 -20.424 -30 36.6805 7.79669 -30 7.79669 36.6805 -30 7.58878 35.7024 -30 -18.25 -31.6099 -30 9.4469 35.2563 -30 -31.6099 -18.25 -30 -32.4759 -18.75 -30 35.2563 9.4469 -30 9.70571 36.2222 -30 36.2222 9.70571 -30 -16.5707 -32.5217 -30 -17.0246 -33.4128 -30 -15.2526 -34.2579 -30 34.7136 11.2791 -30 -32.5217 -16.5707 -30 -33.4128 -17.0246 -30 11.2791 34.7136 -30 -34.2579 -15.2526 -30 35.6646 11.5881 -30 -14.8459 -33.3444 -30 11.5881 35.6646 -30 -33.3444 -14.8459 -30 -35.0093 -13.4388 -30 35.0093 13.4388 -30 34.0757 13.0804 -30 -13.0804 -34.0757 -30 13.4388 35.0093 -30 13.0804 34.0757 -30 14.8459 33.3444 -30 -13.4388 -35.0093 -30 -34.0757 -13.0804 -30 -11.2791 -34.7136 -30 -11.5881 -35.6646 -30 34.2579 15.2526 -30 32.5217 16.5707 -30 33.3444 14.8459 -30 -34.7136 -11.2791 -30 -35.6646 -11.5881 -30 -9.70571 -36.2222 -30 15.2526 34.2579 -30 -36.2222 -9.70571 -30 -9.4469 -35.2563 -30 -35.2563 -9.4469 -30 17.0246 33.4128 -30 16.5707 32.5217 -30 18.25 31.6099 -30 33.4128 17.0246 -30 31.6099 18.25 -30 -7.79669 -36.6805 -30 -7.58878 -35.7024 -30 -35.7024 -7.58878 -30 -36.6805 -7.79669 -30 18.75 32.4759 -30 -37.0383 -5.86629 -30 32.4759 18.75 -30 30.6115 19.8793 -30 -5.70986 -36.0506 -30 -5.86629 -37.0383 -30 -36.0506 -5.70986 -30 -3.81529 -36.3 -30 -3.91982 -37.2946 -30 -36.3 -3.81529 -30 -37.2946 -3.91982 -30 31.4501 20.424 -30 29.5291 21.4542 -30 20.424 31.4501 -30 19.8793 30.6115 -30 21.4542 29.5291 -30 -1.91026 -36.45 -30 -1.9626 -37.4486 -30 -36.45 -1.91026 -30 22.042 30.3381 -30 -37.4486 -1.9626 -30 0 -37.5 -30 30.3381 22.042 -30 28.3658 22.9702 -30 23.5995 29.143 -30 22.9702 28.3658 -30 24.4233 27.1248 -30 -37.5 0 -30 0 -36.5 -30 29.143 23.5995 -30 25.0924 27.8679 -30 -36.5 0 -30 27.8679 25.0924 -30 25.8094 25.8094 -30 27.1248 24.4233 -30 26.5165 26.5165 -30 -37.4486 1.9626 -30 1.91026 -36.45 -30 1.9626 -37.4486 -30 -36.45 1.91026 -30 3.91982 -37.2946 -30 3.81529 -36.3 -30 -36.3 3.81529 -30 -37.2946 3.91982 -30 5.86629 -37.0383 -30 5.70986 -36.0506 -30 -36.0506 5.70986 -30 -37.0383 5.86629 -30 -36.6805 7.79669 -30 7.58878 -35.7024 -30 7.79669 -36.6805 -30 -35.7024 7.58878 -30 -36.2222 9.70571 -30 9.4469 -35.2563 -30 9.70571 -36.2222 -30 -35.2563 9.4469 -30 11.5881 -35.6646 -30 11.2791 -34.7136 -30 -34.7136 11.2791 -30 -35.6646 11.5881 -30 13.0804 -34.0757 -30 13.4388 -35.0093 -30 -34.0757 13.0804 -30 -35.0093 13.4388 -30 14.8459 -33.3444 -30 15.2526 -34.2579 -30 -33.3444 14.8459 -30 -34.2579 15.2526 -30 17.0246 -33.4128 -30 -33.4128 17.0246 -30 16.5707 -32.5217 -30 -32.5217 16.5707 -30 18.75 -32.4759 -30 -32.4759 18.75 -30 18.25 -31.6099 -30 -31.6099 18.25 -30 20.424 -31.4501 -30 19.8793 -30.6115 -30 -30.6115 19.8793 -30 -31.4501 20.424 -30 -30.3381 22.042 -30 21.4542 -29.5291 -30 22.042 -30.3381 -30 -29.5291 21.4542 -30 22.9702 -28.3658 -30 23.5995 -29.143 -30 -28.3658 22.9702 -30 -29.143 23.5995 -30 25.0924 -27.8679 -30 24.4233 -27.1248 -30 -27.1248 24.4233 -30 -27.8679 25.0924 -30 25.8094 -25.8094 -30 26.5165 -26.5165 -30 -25.8094 25.8094 -30 -26.5165 26.5165 -30 -24.4233 27.1248 -30 27.8679 -25.0924 -30 27.1248 -24.4233 -30 -25.0924 27.8679 -30 -22.9702 28.3658 -30 29.143 -23.5995 -30 28.3658 -22.9702 -30 -23.5995 29.143 -30 29.5291 -21.4542 -30 -21.4542 29.5291 -30 30.3381 -22.042 -30 -22.042 30.3381 -30 30.6115 -19.8793 -30 -19.8793 30.6115 -30 31.4501 -20.424 -30 -20.424 31.4501 -30 31.6099 -18.25 -30 -18.25 31.6099 -30 32.4759 -18.75 -30 -18.75 32.4759 -30 32.5217 -16.5707 -30 33.4128 -17.0246 -30 -17.0246 33.4128 -30 -16.5707 32.5217 -30 33.3444 -14.8459 -30 -14.8459 33.3444 -30 34.2579 -15.2526 -30 -15.2526 34.2579 -30 34.0757 -13.0804 -30 35.0093 -13.4388 -30 -13.4388 35.0093 -30 -13.0804 34.0757 -30 34.7136 -11.2791 -30 -11.2791 34.7136 -30 35.6646 -11.5881 -30 -11.5881 35.6646 -30 35.2563 -9.4469 -30 36.2222 -9.70571 -30 -9.70571 36.2222 -30 -9.4469 35.2563 -30 35.7024 -7.58878 -30 36.6805 -7.79669 -30 -7.79669 36.6805 -30 -7.58878 35.7024 -30 -5.70986 36.0506 -30 37.0383 -5.86629 -30 36.0506 -5.70986 -30 -5.86629 37.0383 -30 -6.07637 -28.8674 -23 -7.77582 -28.4567 -23 -6.07637 -28.8674 0 -4.35557 -29.1767 -23 -4.35557 -29.1767 0 -2.61948 -29.3835 -23 -2.61948 -29.3835 0 29.4482 1.7476 -23 29.5 0 0 29.4482 1.7476 0 -0.874183 -29.487 0 29.5 0 -23 -0.874183 -29.487 -23 0.874183 -29.487 0 29.2929 3.48906 -23 29.2929 3.48906 0 0.874183 -29.487 -23 29.0348 5.21826 -23 29.0348 5.21826 0 2.61948 -29.3835 -23 2.61948 -29.3835 0 28.6747 6.92914 -23 28.6747 6.92914 0 4.35557 -29.1767 -23 4.35557 -29.1767 0 28.2138 8.615671 -23 28.2138 8.615671 0 6.07637 -28.8674 -23 6.07637 -28.8674 0 27.6539 10.2719 -23 27.6539 10.2719 0 26.9968 11.8921 0 7.77582 -28.4567 -23 7.77582 -28.4567 0 9.44796 -27.9461 -23 26.9968 11.8921 -23 9.44796 -27.9461 0 26.2449 13.4706 -23 26.2449 13.4706 0 25.4008 15.0017 0 11.0869 -27.3373 -23 11.0869 -27.3373 0 12.6869 -26.6325 -23 25.4008 15.0017 -23 12.6869 -26.6325 0 24.4675 16.4801 -23 24.4675 16.4801 0 14.2424 -25.8342 -23 23.4482 17.9006 0 14.2424 -25.8342 0 15.7478 -24.9451 -23 15.7478 -24.9451 0 23.4482 17.9006 -23 17.1979 -23.9684 -23 22.3466 19.2582 -23 22.3466 19.2582 0 17.1979 -23.9684 0 21.1665 20.5483 0 18.5876 -22.9075 -23 21.1665 20.5483 -23 18.5876 -22.9075 0 19.912 -21.7661 -23 19.912 21.7661 -23 21.1665 20.5483 -23 21.1665 20.5483 0 19.912 -21.7661 0 19.912 21.7661 0 18.5876 22.9075 0 21.1665 -20.5483 -23 21.1665 -20.5483 0 18.5876 22.9075 -23 17.1979 23.9684 0 22.3466 -19.2582 -23 21.1665 -20.5483 -23 21.1665 -20.5483 0 22.3466 -19.2582 0 17.1979 23.9684 -23 23.4482 -17.9006 -23 23.4482 -17.9006 0 15.7478 24.9451 -23 15.7478 24.9451 0 24.4675 -16.4801 -23 24.4675 -16.4801 0 25.4008 -15.0017 0 14.2424 25.8342 -23 14.2424 25.8342 0 25.4008 -15.0017 -23 26.2449 -13.4706 0 12.6869 26.6325 -23 12.6869 26.6325 0 26.2449 -13.4706 -23 11.0869 27.3373 -23 11.0869 27.3373 0 9.44796 27.9461 0 26.9968 -11.8921 -23 26.9968 -11.8921 0 27.6539 -10.2719 -23 27.6539 -10.2719 0 28.2138 -8.615671 0 9.44796 27.9461 -23 28.2138 -8.615671 -23 28.6747 -6.92914 0 7.77582 28.4567 -23 7.77582 28.4567 0 6.07637 28.8674 0 28.6747 -6.92914 -23 6.07637 28.8674 -23 4.35557 29.1767 0 29.0348 -5.21826 -23 29.0348 -5.21826 0 29.2929 -3.48906 0 4.35557 29.1767 -23 29.2929 -3.48906 -23 29.4482 -1.7476 0 29.4482 -1.7476 -23 1.32557 29.4702 -14 2.61948 29.3835 0 1.32031 29.4704 -13.9566 1.30494 29.4711 -13.9142 1.2799 29.4722 -13.8729 0.874183 29.487 0 1.24547 29.4737 -13.8329 1.18512 29.4762 -13.7813 1.06294 29.4808 -13.7084 0.874667 29.487 -13.6335 2.61948 29.3835 -23 1.32031 29.4704 -14.0434 1.30494 29.4711 -14.0858 0.49143 29.4959 -13.5473 -0.345128 29.498 -13.5294 -0.874183 29.487 0 -0.834794 29.4882 -13.6211 0.874183 29.487 -23 1.2799 29.4722 -14.1271 1.24547 29.4737 -14.1671 1.18512 29.4762 -14.2187 1.06294 29.4808 -14.2916 0.874667 29.487 -14.3665 0.49143 29.4959 -14.4527 -0.345128 29.498 -14.4706 -1.11143 29.479 -13.734 -1.20531 29.4754 -13.7968 -1.27786 29.4723 -13.8702 -2.61948 29.3835 0 -1.30848 29.471 -13.9218 -1.32126 29.4704 -13.9606 -1.32557 29.4702 -14 -4.35557 29.1767 0 -0.874183 29.487 -23 -0.834794 29.4882 -14.3789 -1.11143 29.479 -14.266 -1.20531 29.4754 -14.2032 -1.27786 29.4723 -14.1298 -1.30848 29.471 -14.0782 -2.61948 29.3835 -23 -1.32126 29.4704 -14.0394 -4.35557 29.1767 -23 -6.07637 28.8674 -23 -6.07637 28.8674 0 -7.77582 28.4567 -23 -7.77582 28.4567 0 -9.44796 27.9461 -23 -9.44796 27.9461 0 -11.0869 27.3373 -23 -11.0869 27.3373 0 -12.6869 26.6325 -23 -12.6869 26.6325 0 -14.2424 25.8342 -23 -14.2424 25.8342 0 -15.7478 24.9451 -23 -15.7478 24.9451 0 -17.1979 23.9684 -23 -17.1979 23.9684 0 -18.5876 22.9075 0 -18.5876 22.9075 -23 -19.912 21.7661 -23 -19.912 21.7661 0 -21.1665 20.5483 -23 -21.1665 20.5483 0 -22.3466 19.2582 -23 -21.1665 20.5483 0 -22.3466 19.2582 0 -23.4482 17.9006 0 -21.1665 20.5483 -23 -23.4482 17.9006 -23 -24.4675 16.4801 -23 -24.4675 16.4801 0 -25.4008 15.0017 -23 -25.4008 15.0017 0 -26.2449 13.4706 -23 -26.2449 13.4706 0 -26.9968 11.8921 -23 -26.9968 11.8921 0 -27.6539 10.2719 0 -27.6539 10.2719 -23 -28.2138 8.615671 -23 -28.2138 8.615671 0 -28.6747 6.92914 -23 -28.6747 6.92914 0 -29.0348 5.21826 -23 -29.0348 5.21826 0 -29.2929 3.48906 0 -29.2929 3.48906 -23 -29.4482 1.7476 -23 -29.4482 1.7476 0 -29.5 0 -23 -29.5 0 0 -29.4482 -1.7476 -23 -29.4482 -1.7476 0 -29.2929 -3.48906 0 -29.2929 -3.48906 -23 -29.0348 -5.21826 -23 -29.0348 -5.21826 0 -28.6747 -6.92914 0 -28.6747 -6.92914 -23 -28.2138 -8.615671 0 -28.2138 -8.615671 -23 -27.6539 -10.2719 -23 -27.6539 -10.2719 0 -26.9968 -11.8921 -23 -26.9968 -11.8921 0 -26.2449 -13.4706 -23 -26.2449 -13.4706 0 -25.4008 -15.0017 0 -25.4008 -15.0017 -23 -24.4675 -16.4801 0 -24.4675 -16.4801 -23 -23.4482 -17.9006 0 -23.4482 -17.9006 -23 -22.3466 -19.2582 -23 -22.3466 -19.2582 0 -21.1665 -20.5483 0 -21.1665 -20.5483 -23 -19.912 -21.7661 -23 -19.912 -21.7661 0 -18.5876 -22.9075 -23 -19.912 -21.7661 0 -18.5876 -22.9075 0 -17.1979 -23.9684 0 -19.912 -21.7661 -23 -17.1979 -23.9684 -23 -15.7478 -24.9451 0 -15.7478 -24.9451 -23 -14.2424 -25.8342 -23 -14.2424 -25.8342 0 -12.6869 -26.6325 0 -12.6869 -26.6325 -23 -11.0869 -27.3373 -23 -11.0869 -27.3373 0 -9.44796 -27.9461 -23 -9.44796 -27.9461 0 -7.77582 -28.4567 0 7.58878 35.7024 -30 5.70986 36.0506 -30 7.58878 35.7024 -24 5.70986 36.0506 -24 9.4469 35.2563 -30 9.4469 35.2563 -24 11.2791 34.7136 -30 11.2791 34.7136 -24 36.45 -1.91026 -30 36.5 0 -30 36.45 -1.91026 -24 36.5 0 -24 13.0804 34.0757 -30 13.0804 34.0757 -24 36.3 -3.81529 -30 36.3 -3.81529 -24 36.0506 -5.70986 -30 14.8459 33.3444 -30 14.8459 33.3444 -24 35.7024 -7.58878 -30 36.0506 -5.70986 -24 16.5707 32.5217 -30 16.5707 32.5217 -24 18.25 31.6099 -30 35.7024 -7.58878 -24 18.25 31.6099 -24 35.2563 -9.4469 -30 35.2563 -9.4469 -24 34.7136 -11.2791 -30 19.8793 30.6115 -30 19.8793 30.6115 -24 34.7136 -11.2791 -24 21.4542 29.5291 -30 21.4542 29.5291 -24 34.0757 -13.0804 -30 34.0757 -13.0804 -24 33.3444 -14.8459 -30 22.9702 28.3658 -30 22.9702 28.3658 -24 33.3444 -14.8459 -24 24.4233 27.1248 -30 24.4233 27.1248 -24 32.5217 -16.5707 -30 32.5217 -16.5707 -24 25.8094 25.8094 -30 24.4233 27.1248 -30 25.8094 25.8094 -24 24.4233 27.1248 -24 31.6099 -18.25 -30 31.6099 -18.25 -24 30.6115 -19.8793 -30 27.1248 24.4233 -30 27.1248 24.4233 -24 29.5291 -21.4542 -30 30.6115 -19.8793 -24 28.3658 22.9702 -30 28.3658 22.9702 -24 29.5291 21.4542 -30 29.5291 21.4542 -24 29.5291 -21.4542 -24 30.6115 19.8793 -30 30.6115 19.8793 -24 28.3658 -22.9702 -30 28.3658 -22.9702 -24 31.6099 18.25 -30 31.6099 18.25 -24 27.1248 -24.4233 -24 27.1248 -24.4233 -30 32.5217 16.5707 -30 32.5217 16.5707 -24 25.8094 -25.8094 -24 25.8094 -25.8094 -30 33.3444 14.8459 -30 33.3444 14.8459 -24 25.8094 -25.8094 -30 25.8094 -25.8094 -24 24.4233 -27.1248 -24 24.4233 -27.1248 -30 34.0757 13.0804 -30 34.0757 13.0804 -24 22.9702 -28.3658 -24 22.9702 -28.3658 -30 34.7136 11.2791 -30 34.7136 11.2791 -24 21.4542 -29.5291 -24 21.4542 -29.5291 -30 35.2563 9.4469 -30 35.2563 9.4469 -24 35.7024 7.58878 -30 19.8793 -30.6115 -24 19.8793 -30.6115 -30 35.7024 7.58878 -24 18.25 -31.6099 -24 36.0506 5.70986 -24 18.25 -31.6099 -30 36.0506 5.70986 -30 36.3 3.81529 -24 16.5707 -32.5217 -24 16.5707 -32.5217 -30 14.8459 -33.3444 -30 36.3 3.81529 -30 36.45 1.91026 -24 36.45 1.91026 -30 14.8459 -33.3444 -24 13.0804 -34.0757 -24 13.0804 -34.0757 -30 11.2791 -34.7136 -24 11.2791 -34.7136 -30 9.4469 -35.2563 -30 9.4469 -35.2563 -24 7.58878 -35.7024 -30 7.58878 -35.7024 -24 5.70986 -36.0506 -30 5.70986 -36.0506 -24 3.81529 -36.3 -30 3.81529 -36.3 -24 1.91026 -36.45 -30 1.91026 -36.45 -24 0 -36.5 -30 -1.91026 -36.45 -30 0 -36.5 -24 -3.81529 -36.3 -30 -1.91026 -36.45 -24 -3.81529 -36.3 -24 -5.70986 -36.0506 -30 -5.70986 -36.0506 -24 -7.58878 -35.7024 -30 -7.58878 -35.7024 -24 -9.4469 -35.2563 -30 -9.4469 -35.2563 -24 -11.2791 -34.7136 -30 -11.2791 -34.7136 -24 -13.0804 -34.0757 -30 -13.0804 -34.0757 -24 -14.8459 -33.3444 -30 -14.8459 -33.3444 -24 -16.5707 -32.5217 -30 -16.5707 -32.5217 -24 -18.25 -31.6099 -24 -18.25 -31.6099 -30 -19.8793 -30.6115 -24 -19.8793 -30.6115 -30 -21.4542 -29.5291 -24 -21.4542 -29.5291 -30 -22.9702 -28.3658 -24 -22.9702 -28.3658 -30 -24.4233 -27.1248 -24 -24.4233 -27.1248 -30 -25.8094 -25.8094 -30 -25.8094 -25.8094 -24 -27.1248 -24.4233 -30 -25.8094 -25.8094 -30 -25.8094 -25.8094 -24 -27.1248 -24.4233 -24 -28.3658 -22.9702 -24 -28.3658 -22.9702 -30 -29.5291 -21.4542 -30 -29.5291 -21.4542 -24 -30.6115 -19.8793 -24 -30.6115 -19.8793 -30 -31.6099 -18.25 -24 -31.6099 -18.25 -30 -32.5217 -16.5707 -30 -32.5217 -16.5707 -24 -33.3444 -14.8459 -30 -33.3444 -14.8459 -24 -34.0757 -13.0804 -24 -34.0757 -13.0804 -30 -34.7136 -11.2791 -24 -34.7136 -11.2791 -30 -35.2563 -9.4469 -24 -35.2563 -9.4469 -30 -35.7024 -7.58878 -24 -35.7024 -7.58878 -30 -36.0506 -5.70986 -24 -36.0506 -5.70986 -30 -36.3 -3.81529 -24 -36.3 -3.81529 -30 -36.45 -1.91026 -24 -36.45 -1.91026 -30 -36.5 0 -30 -36.5 0 -24 -36.45 1.91026 -30 -36.45 1.91026 -24 -36.3 3.81529 -30 -36.3 3.81529 -24 -36.0506 5.70986 -30 -36.0506 5.70986 -24 -35.7024 7.58878 -30 -35.7024 7.58878 -24 -35.2563 9.4469 -24 -35.2563 9.4469 -30 -34.7136 11.2791 -30 -34.7136 11.2791 -24 -34.0757 13.0804 -24 -34.0757 13.0804 -30 -33.3444 14.8459 -30 -33.3444 14.8459 -24 -32.5217 16.5707 -24 -32.5217 16.5707 -30 -31.6099 18.25 -30 -31.6099 18.25 -24 -30.6115 19.8793 -24 -30.6115 19.8793 -30 -29.5291 21.4542 -30 -29.5291 21.4542 -24 -28.3658 22.9702 -24 -28.3658 22.9702 -30 -27.1248 24.4233 -24 -27.1248 24.4233 -30 -27.1248 24.4233 -30 -27.1248 24.4233 -24 -25.8094 25.8094 -24 -25.8094 25.8094 -30 -24.4233 27.1248 -24 -24.4233 27.1248 -30 -22.9702 28.3658 -30 -22.9702 28.3658 -24 -21.4542 29.5291 -24 -21.4542 29.5291 -30 -19.8793 30.6115 -24 -19.8793 30.6115 -30 -18.25 31.6099 -24 -18.25 31.6099 -30 -16.5707 32.5217 -30 -16.5707 32.5217 -24 -14.8459 33.3444 -30 -14.8459 33.3444 -24 -13.0804 34.0757 -30 -13.0804 34.0757 -24 -11.2791 34.7136 -30 -11.2791 34.7136 -24 -9.4469 35.2563 -30 -9.4469 35.2563 -24 -7.58878 35.7024 -30 -7.58878 35.7024 -24 -5.70986 36.0506 -30 -5.70986 36.0506 -24 -3.81529 36.3 -30 -3.81529 36.3 -24 -1.91026 36.45 -30 -1.91026 36.45 -24 0 36.5 -24 0 36.5 -30 1.91026 36.45 -24 1.91026 36.45 -30 3.81529 36.3 -24 3.81529 36.3 -30 4.35557 29.1767 0 6.07637 28.8674 0 3.64661 20.681 0 -29.2929 -3.48906 0 -20.9488 -1.46489 0 -20.7956 -2.92264 0 -29.0348 -5.21826 0 2.61948 29.3835 0 2.1951 20.885 0 0.732889 20.9872 0 -29.4482 -1.7476 0 -21 0 0 0.874183 29.487 0 -0.732889 20.9872 0 -29.5 0 0 -0.874183 29.487 0 -29.4482 1.7476 0 15.1061 -14.5878 0 21.1665 -20.5483 0 19.912 -21.7661 0 22.3466 -19.2582 0 -20.9488 1.46489 0 14.0517 -15.606 0 -2.61948 29.3835 0 -2.1951 20.885 0 18.5876 -22.9075 0 -29.2929 3.48906 0 16.0869 -13.4985 0 23.4482 -17.9006 0 -20.7956 2.92264 0 -4.35557 29.1767 0 -3.64661 20.681 0 12.9289 -16.5482 0 17.1979 -23.9684 0 -29.0348 5.21826 0 -20.5411 4.36615 0 16.9894 -12.3435 0 -6.07637 28.8674 0 24.4675 -16.4801 0 -5.08036 20.3762 0 11.743 -17.4098 0 15.7478 -24.9451 0 -28.6747 6.92914 0 -20.1865 5.78838 0 -7.77582 28.4567 0 -6.48936 19.9722 0 17.809 -11.1283 0 25.4008 -15.0017 0 10.5 -18.1865 0 -28.2138 8.615671 0 -19.7335 7.18242 0 -9.44796 27.9461 0 -7.86674 19.4709 0 14.2424 -25.8342 0 18.5419 -9.858901 0 -27.6539 10.2719 0 -19.1845 8.54147 0 26.2449 -13.4706 0 -11.0869 27.3373 0 9.20579 -18.8747 0 -26.9968 11.8921 0 12.6869 -26.6325 0 -12.6869 26.6325 0 -9.20579 18.8747 0 19.1845 -8.54147 0 26.9968 -11.8921 0 27.6539 -10.2719 0 -26.2449 13.4706 0 -18.5419 9.858901 0 7.86674 -19.4709 0 -14.2424 25.8342 0 -10.5 18.1865 0 11.0869 -27.3373 0 9.44796 -27.9461 0 19.7335 -7.18242 0 28.2138 -8.615671 0 -25.4008 15.0017 0 -17.809 11.1283 0 -15.7478 24.9451 0 -11.743 17.4098 0 6.48936 -19.9722 0 -24.4675 16.4801 0 -16.9894 12.3435 0 7.77582 -28.4567 0 -17.1979 23.9684 0 -12.9289 16.5482 0 20.1865 -5.78838 0 28.6747 -6.92914 0 -23.4482 17.9006 0 -16.0869 13.4985 0 -18.5876 22.9075 0 -14.0517 15.606 0 -22.3466 19.2582 0 -15.1061 14.5878 0 -19.912 21.7661 0 5.08036 -20.3762 0 6.07637 -28.8674 0 -21.1665 20.5483 0 20.5411 -4.36615 0 29.0348 -5.21826 0 3.64661 -20.681 0 4.35557 -29.1767 0 20.7956 -2.92264 0 29.2929 -3.48906 0 2.1951 -20.885 0 2.61948 -29.3835 0 20.9488 -1.46489 0 29.4482 -1.7476 0 0.732889 -20.9872 0 0.874183 -29.487 0 21 0 0 29.4482 1.7476 0 29.5 0 0 -0.732889 -20.9872 0 -0.874183 -29.487 0 -2.61948 -29.3835 0 20.9488 1.46489 0 29.2929 3.48906 0 -2.1951 -20.885 0 -4.35557 -29.1767 0 20.7956 2.92264 0 29.0348 5.21826 0 -3.64661 -20.681 0 -6.07637 -28.8674 0 20.5411 4.36615 0 28.6747 6.92914 0 -5.08036 -20.3762 0 -7.77582 -28.4567 0 20.1865 5.78838 0 28.2138 8.615671 0 -6.48936 -19.9722 0 -9.44796 -27.9461 0 19.7335 7.18242 0 27.6539 10.2719 0 -7.86674 -19.4709 0 -11.0869 -27.3373 0 -12.6869 -26.6325 0 19.1845 8.54147 0 26.9968 11.8921 0 26.2449 13.4706 0 -9.20579 -18.8747 0 -14.2424 -25.8342 0 18.5419 9.858901 0 25.4008 15.0017 0 -10.5 -18.1865 0 -15.7478 -24.9451 0 17.809 11.1283 0 24.4675 16.4801 0 -11.743 -17.4098 0 -17.1979 -23.9684 0 16.9894 12.3435 0 23.4482 17.9006 0 -12.9289 -16.5482 0 -18.5876 -22.9075 0 16.0869 13.4985 0 22.3466 19.2582 0 -14.0517 -15.606 0 -19.912 -21.7661 0 15.1061 14.5878 0 21.1665 20.5483 0 -15.1061 -14.5878 0 -21.1665 -20.5483 0 19.912 21.7661 0 14.0517 15.606 0 -22.3466 -19.2582 0 -16.0869 -13.4985 0 18.5876 22.9075 0 12.9289 16.5482 0 -23.4482 -17.9006 0 -16.9894 -12.3435 0 17.1979 23.9684 0 11.743 17.4098 0 -24.4675 -16.4801 0 -17.809 -11.1283 0 15.7478 24.9451 0 10.5 18.1865 0 -25.4008 -15.0017 0 -18.5419 -9.858901 0 14.2424 25.8342 0 9.20579 18.8747 0 -26.2449 -13.4706 0 -19.1845 -8.54147 0 12.6869 26.6325 0 7.86674 19.4709 0 -26.9968 -11.8921 0 11.0869 27.3373 0 -27.6539 -10.2719 0 -19.7335 -7.18242 0 9.44796 27.9461 0 6.48936 19.9722 0 -28.2138 -8.615671 0 -20.1865 -5.78838 0 7.77582 28.4567 0 5.08036 20.3762 0 -28.6747 -6.92914 0 -20.5411 -4.36615 0 -9 31.7671 -17.6193 9 31.7671 -17.6193 9 32.7207 -17.9291 -9 32.7207 -17.9291 1.30494 29.4711 -14.0858 1.32031 29.4704 -14.0434 9 29.5017 -14.5013 9 33.7214 -17.9921 -9 33.7214 -17.9921 -9 37.3445 -13.0052 9 37.4702 -14 9 37.3445 -13.0052 9 34.7063 -17.8042 -9 37.4702 -14 1.2799 29.4722 -14.1271 -9 34.7063 -17.8042 9 35.6135 -17.3773 1.24547 29.4737 -14.1671 -9 36.9754 -12.073 9 36.9754 -12.073 -9 35.6135 -17.3773 -9 36.3861 -11.2618 9 36.3861 -11.2618 -9 36.3861 -11.2618 9 36.3861 -11.2618 9 35.6135 -10.6227 -9 36.3861 -16.7382 9 36.3861 -16.7382 -9 36.3861 -16.7382 9 36.3861 -16.7382 9 36.9754 -15.927 -9 35.6135 -10.6227 -9 36.9754 -15.927 9 34.7063 -10.1958 1.18512 29.4762 -14.2187 9 37.3445 -14.9948 -9 34.7063 -10.1958 -9 37.3445 -14.9948 9 33.7214 -10.0079 -9 33.7214 -10.0079 1.06294 29.4808 -14.2916 -9 32.7207 -10.0708 9 32.7207 -10.0708 9 31.7671 -10.3807 -9 31.7671 -10.3807 -9 30.9205 -10.918 0.874667 29.487 -14.3665 9 30.9205 -10.918 -9 30.9205 -10.918 9 30.9205 -10.918 9 30.2341 -11.6489 -9 30.2341 -11.6489 9 29.7511 -12.5275 -9 29.7511 -12.5275 -9 29.5017 -13.4987 -0.345128 29.498 -13.5294 -0.834794 29.4882 -13.6211 0.49143 29.4959 -13.5473 9 29.5017 -13.4987 -1.11143 29.479 -13.734 -1.20531 29.4754 -13.7968 -1.27786 29.4723 -13.8702 -1.30848 29.471 -13.9218 -1.32126 29.4704 -13.9606 0.874667 29.487 -13.6335 -1.32557 29.4702 -14 0.49143 29.4959 -14.4527 1.06294 29.4808 -13.7084 1.18512 29.4762 -13.7813 9 29.7511 -15.4725 -0.345128 29.498 -14.4706 -9 29.5017 -14.5013 -0.834794 29.4882 -14.3789 -1.11143 29.479 -14.266 -1.20531 29.4754 -14.2032 -1.27786 29.4723 -14.1298 -1.30848 29.471 -14.0782 -1.32126 29.4704 -14.0394 1.24547 29.4737 -13.8329 1.2799 29.4722 -13.8729 -9 29.7511 -15.4725 1.30494 29.4711 -13.9142 9 30.2341 -16.3511 1.32031 29.4704 -13.9566 -9 30.2341 -16.3511 1.32557 29.4702 -14 -9 30.9205 -17.0821 9 30.9205 -17.0821 -9 30.9205 -17.0821 9 30.9205 -17.0821 10.5 18.1865 -24 19.8793 30.6115 -24 18.25 31.6099 -24 -30.6115 -19.8793 -24 -17.809 -11.1283 -24 -31.6099 -18.25 -24 -18.5419 -9.858901 -24 9.20579 18.8747 -24 16.5707 32.5217 -24 -32.5217 -16.5707 -24 -19.1845 -8.54147 -24 7.86674 19.4709 -24 14.8459 33.3444 -24 -33.3444 -14.8459 -24 6.48936 19.9722 -24 13.0804 34.0757 -24 -19.7335 -7.18242 -24 -34.0757 -13.0804 -24 11.2791 34.7136 -24 -20.1865 -5.78838 -24 -34.7136 -11.2791 -24 9.4469 35.2563 -24 5.08036 20.3762 -24 -35.2563 -9.4469 -24 -20.5411 -4.36615 -24 25.8094 -25.8094 -24 27.1248 -24.4233 -24 15.1061 -14.5878 -24 3.64661 20.681 -24 7.58878 35.7024 -24 24.4233 -27.1248 -24 14.0517 -15.606 -24 -35.7024 -7.58878 -24 22.9702 -28.3658 -24 28.3658 -22.9702 -24 16.0869 -13.4985 -24 21.4542 -29.5291 -24 12.9289 -16.5482 -24 5.70986 36.0506 -24 2.1951 20.885 -24 -36.0506 -5.70986 -24 29.5291 -21.4542 -24 30.6115 -19.8793 -24 16.9894 -12.3435 -24 -20.7956 -2.92264 -24 3.81529 36.3 -24 19.8793 -30.6115 -24 11.743 -17.4098 -24 -36.3 -3.81529 -24 -20.9488 -1.46489 -24 0.732889 20.9872 -24 1.91026 36.45 -24 31.6099 -18.25 -24 17.809 -11.1283 -24 18.25 -31.6099 -24 10.5 -18.1865 -24 16.5707 -32.5217 -24 -36.45 -1.91026 -24 -21 0 -24 -0.732889 20.9872 -24 0 36.5 -24 32.5217 -16.5707 -24 18.5419 -9.858901 -24 -36.5 0 -24 -2.1951 20.885 -24 -1.91026 36.45 -24 14.8459 -33.3444 -24 9.20579 -18.8747 -24 33.3444 -14.8459 -24 34.0757 -13.0804 -24 19.1845 -8.54147 -24 -20.9488 1.46489 -24 -36.45 1.91026 -24 13.0804 -34.0757 -24 7.86674 -19.4709 -24 -3.81529 36.3 -24 -20.7956 2.92264 -24 -36.3 3.81529 -24 34.7136 -11.2791 -24 19.7335 -7.18242 -24 -3.64661 20.681 -24 -5.70986 36.0506 -24 11.2791 -34.7136 -24 6.48936 -19.9722 -24 9.4469 -35.2563 -24 -36.0506 5.70986 -24 -20.5411 4.36615 -24 -7.58878 35.7024 -24 35.2563 -9.4469 -24 20.1865 -5.78838 -24 -5.08036 20.3762 -24 -35.7024 7.58878 -24 7.58878 -35.7024 -24 5.08036 -20.3762 -24 -6.48936 19.9722 -24 -9.4469 35.2563 -24 35.7024 -7.58878 -24 36.0506 -5.70986 -24 20.5411 -4.36615 -24 -35.2563 9.4469 -24 -20.1865 5.78838 -24 3.64661 -20.681 -24 5.70986 -36.0506 -24 -11.2791 34.7136 -24 36.3 -3.81529 -24 20.7956 -2.92264 -24 -19.7335 7.18242 -24 -34.7136 11.2791 -24 -7.86674 19.4709 -24 -13.0804 34.0757 -24 2.1951 -20.885 -24 3.81529 -36.3 -24 1.91026 -36.45 -24 -19.1845 8.54147 -24 -34.0757 13.0804 -24 -9.20579 18.8747 -24 -14.8459 33.3444 -24 36.45 -1.91026 -24 20.9488 -1.46489 -24 0.732889 -20.9872 -24 0 -36.5 -24 -33.3444 14.8459 -24 -16.5707 32.5217 -24 -10.5 18.1865 -24 36.5 0 -24 21 0 -24 -32.5217 16.5707 -24 36.45 1.91026 -24 -18.5419 9.858901 -24 -18.25 31.6099 -24 -31.6099 18.25 -24 -1.91026 -36.45 -24 -0.732889 -20.9872 -24 -17.809 11.1283 -24 -19.8793 30.6115 -24 -11.743 17.4098 -24 36.3 3.81529 -24 20.9488 1.46489 -24 -30.6115 19.8793 -24 -16.9894 12.3435 -24 -3.81529 -36.3 -24 -2.1951 -20.885 -24 -12.9289 16.5482 -24 -21.4542 29.5291 -24 -5.70986 -36.0506 -24 -29.5291 21.4542 -24 -22.9702 28.3658 -24 -14.0517 15.606 -24 20.7956 2.92264 -24 -28.3658 22.9702 -24 -16.0869 13.4985 -24 36.0506 5.70986 -24 -24.4233 27.1248 -24 -7.58878 -35.7024 -24 -3.64661 -20.681 -24 -27.1248 24.4233 -24 -15.1061 14.5878 -24 -25.8094 25.8094 -24 35.7024 7.58878 -24 35.2563 9.4469 -24 20.5411 4.36615 -24 -9.4469 -35.2563 -24 -5.08036 -20.3762 -24 34.7136 11.2791 -24 20.1865 5.78838 -24 -6.48936 -19.9722 -24 -11.2791 -34.7136 -24 -13.0804 -34.0757 -24 34.0757 13.0804 -24 19.7335 7.18242 -24 -14.8459 -33.3444 -24 -7.86674 -19.4709 -24 33.3444 14.8459 -24 32.5217 16.5707 -24 19.1845 8.54147 -24 -16.5707 -32.5217 -24 -9.20579 -18.8747 -24 31.6099 18.25 -24 18.5419 9.858901 -24 -18.25 -31.6099 -24 -10.5 -18.1865 -24 -19.8793 -30.6115 -24 30.6115 19.8793 -24 17.809 11.1283 -24 -11.743 -17.4098 -24 -21.4542 -29.5291 -24 29.5291 21.4542 -24 28.3658 22.9702 -24 16.9894 12.3435 -24 -12.9289 -16.5482 -24 -22.9702 -28.3658 -24 16.0869 13.4985 -24 27.1248 24.4233 -24 -14.0517 -15.606 -24 -24.4233 -27.1248 -24 15.1061 14.5878 -24 25.8094 25.8094 -24 -25.8094 -25.8094 -24 -15.1061 -14.5878 -24 14.0517 15.606 -24 24.4233 27.1248 -24 -27.1248 -24.4233 -24 -16.0869 -13.4985 -24 22.9702 28.3658 -24 12.9289 16.5482 -24 -28.3658 -22.9702 -24 -16.9894 -12.3435 -24 11.743 17.4098 -24 21.4542 29.5291 -24 -29.5291 -21.4542 -24 21 0 0 21 0 -23 20.9488 1.46489 -23 20.9488 1.46489 0 20.7956 2.92264 0 20.7956 2.92264 -23 20.5411 4.36615 0 20.5411 4.36615 -23 20.1865 5.78838 -23 20.1865 5.78838 0 19.7335 7.18242 -23 19.7335 7.18242 0 19.1845 8.54147 -23 19.1845 8.54147 0 18.5419 9.858901 -23 18.5419 9.858901 0 17.809 11.1283 0 17.809 11.1283 -23 16.0869 13.4985 0 16.9894 12.3435 0 16.9894 12.3435 -23 16.0869 13.4985 -23 15.1061 14.5878 0 15.1061 14.5878 -23 14.0517 15.606 0 14.0517 15.606 -23 12.9289 16.5482 0 14.0517 15.606 0 12.9289 16.5482 -23 14.0517 15.606 -23 11.743 17.4098 0 11.743 17.4098 -23 10.5 18.1865 0 10.5 18.1865 -23 9.20579 18.8747 0 9.20579 18.8747 -23 7.86674 19.4709 0 7.86674 19.4709 -23 6.48936 19.9722 0 6.48936 19.9722 -23 5.08036 20.3762 0 5.08036 20.3762 -23 3.64661 20.681 0 3.64661 20.681 -23 2.1951 20.885 0 2.1951 20.885 -23 0.732889 20.9872 0 0.732889 20.9872 -23 -0.732889 20.9872 0 -0.732889 20.9872 -23 -2.1951 20.885 0 -2.1951 20.885 -23 -3.64661 20.681 0 -3.64661 20.681 -23 -5.08036 20.3762 0 -5.08036 20.3762 -23 -6.48936 19.9722 0 -6.48936 19.9722 -23 -7.86674 19.4709 0 -7.86674 19.4709 -23 -9.20579 18.8747 0 -9.20579 18.8747 -23 -10.5 18.1865 -23 -10.5 18.1865 0 -11.743 17.4098 -23 -11.743 17.4098 0 -12.9289 16.5482 0 -12.9289 16.5482 -23 -14.0517 15.606 -23 -14.0517 15.606 0 -15.1061 14.5878 -23 -15.1061 14.5878 0 -16.0869 13.4985 0 -15.1061 14.5878 0 -16.0869 13.4985 -23 -15.1061 14.5878 -23 -16.9894 12.3435 0 -16.9894 12.3435 -23 -17.809 11.1283 0 -17.809 11.1283 -23 -18.5419 9.858901 0 -18.5419 9.858901 -23 -19.1845 8.54147 0 -19.1845 8.54147 -23 -19.7335 7.18242 0 -19.7335 7.18242 -23 -20.1865 5.78838 0 -20.1865 5.78838 -23 -20.5411 4.36615 0 -20.5411 4.36615 -23 -20.7956 2.92264 0 -20.7956 2.92264 -23 -20.9488 1.46489 0 -20.9488 1.46489 -23 -21 0 0 -21 0 -23 -20.9488 -1.46489 0 -20.9488 -1.46489 -23 -20.7956 -2.92264 0 -20.7956 -2.92264 -23 -20.5411 -4.36615 0 -20.5411 -4.36615 -23 -20.1865 -5.78838 0 -20.1865 -5.78838 -23 -19.7335 -7.18242 0 -19.7335 -7.18242 -23 -19.1845 -8.54147 0 -19.1845 -8.54147 -23 -18.5419 -9.858901 0 -18.5419 -9.858901 -23 -17.809 -11.1283 0 -17.809 -11.1283 -23 -16.9894 -12.3435 -23 -16.9894 -12.3435 0 -16.0869 -13.4985 -23 -16.0869 -13.4985 0 -15.1061 -14.5878 -23 -15.1061 -14.5878 0 -15.1061 -14.5878 0 -15.1061 -14.5878 -23 -14.0517 -15.606 -23 -14.0517 -15.606 0 -12.9289 -16.5482 0 -12.9289 -16.5482 -23 -11.743 -17.4098 -23 -11.743 -17.4098 0 -10.5 -18.1865 -23 -10.5 -18.1865 0 -9.20579 -18.8747 -23 -9.20579 -18.8747 0 -7.86674 -19.4709 -23 -7.86674 -19.4709 0 -6.48936 -19.9722 -23 -6.48936 -19.9722 0 -5.08036 -20.3762 -23 -5.08036 -20.3762 0 -3.64661 -20.681 0 -3.64661 -20.681 -23 -2.1951 -20.885 -23 -2.1951 -20.885 0 -0.732889 -20.9872 -23 -0.732889 -20.9872 0 0.732889 -20.9872 -23 0.732889 -20.9872 0 2.1951 -20.885 -23 2.1951 -20.885 0 3.64661 -20.681 0 3.64661 -20.681 -23 5.08036 -20.3762 0 5.08036 -20.3762 -23 6.48936 -19.9722 0 6.48936 -19.9722 -23 7.86674 -19.4709 0 7.86674 -19.4709 -23 9.20579 -18.8747 0 9.20579 -18.8747 -23 10.5 -18.1865 0 10.5 -18.1865 -23 11.743 -17.4098 0 11.743 -17.4098 -23 12.9289 -16.5482 0 12.9289 -16.5482 -23 14.0517 -15.606 0 14.0517 -15.606 -23 15.1061 -14.5878 0 15.1061 -14.5878 -23 15.1061 -14.5878 0 15.1061 -14.5878 -23 16.0869 -13.4985 -23 16.0869 -13.4985 0 16.9894 -12.3435 -23 16.9894 -12.3435 0 17.809 -11.1283 -23 17.809 -11.1283 0 18.5419 -9.858901 -23 18.5419 -9.858901 0 19.1845 -8.54147 -23 19.1845 -8.54147 0 19.7335 -7.18242 0 19.7335 -7.18242 -23 20.1865 -5.78838 -23 20.1865 -5.78838 0 20.5411 -4.36615 -23 20.5411 -4.36615 0 20.7956 -2.92264 -23 20.7956 -2.92264 0 20.9488 -1.46489 -23 20.9488 -1.46489 0 -9 35.6135 -17.3773 -9 36.3861 -16.7382 -9 34.7063 -17.8042 -9 36.9754 -15.927 -9 37.3445 -14.9948 -9 37.4702 -14 -9 32.7207 -17.9291 -9 33.7214 -17.9921 -9 37.3445 -13.0052 -9 31.7671 -17.6193 -9 36.9754 -12.073 -9 36.3861 -11.2618 -9 30.9205 -17.0821 -9 30.2341 -16.3511 -9 29.7511 -15.4725 -9 35.6135 -10.6227 -9 34.7063 -10.1958 -9 33.7214 -10.0079 -9 29.5017 -14.5013 -9 29.5017 -13.4987 -9 29.7511 -12.5275 -9 30.2341 -11.6489 -9 32.7207 -10.0708 -9 30.9205 -10.918 -9 31.7671 -10.3807 9 34.7063 -17.8042 9 36.3861 -16.7382 9 35.6135 -17.3773 9 37.3445 -14.9948 9 36.9754 -15.927 9 37.4702 -14 9 37.3445 -13.0052 9 33.7214 -17.9921 9 32.7207 -17.9291 9 31.7671 -17.6193 9 36.3861 -11.2618 9 36.9754 -12.073 9 30.2341 -16.3511 9 30.9205 -17.0821 9 29.7511 -15.4725 9 34.7063 -10.1958 9 35.6135 -10.6227 9 33.7214 -10.0079 9 29.5017 -13.4987 9 29.5017 -14.5013 9 30.2341 -11.6489 9 29.7511 -12.5275 9 30.9205 -10.918 9 32.7207 -10.0708 9 31.7671 -10.3807 21 0 -24 20.9488 1.46489 -24 20.7956 2.92264 -24 20.5411 4.36615 -24 20.1865 5.78838 -24 19.7335 7.18242 -24 19.1845 8.54147 -24 18.5419 9.858901 -24 17.809 11.1283 -24 16.9894 12.3435 -24 16.0869 13.4985 -24 15.1061 14.5878 -24 14.0517 15.606 -24 14.0517 15.606 -24 12.9289 16.5482 -24 11.743 17.4098 -24 10.5 18.1865 -24 9.20579 18.8747 -24 7.86674 19.4709 -24 6.48936 19.9722 -24 5.08036 20.3762 -24 3.64661 20.681 -24 2.1951 20.885 -24 0.732889 20.9872 -24 -0.732889 20.9872 -24 -2.1951 20.885 -24 -3.64661 20.681 -24 -5.08036 20.3762 -24 -6.48936 19.9722 -24 -7.86674 19.4709 -24 -9.20579 18.8747 -24 -10.5 18.1865 -24 -11.743 17.4098 -24 -12.9289 16.5482 -24 -14.0517 15.606 -24 -15.1061 14.5878 -24 -15.1061 14.5878 -24 -16.0869 13.4985 -24 -16.9894 12.3435 -24 -17.809 11.1283 -24 -18.5419 9.858901 -24 -19.1845 8.54147 -24 -19.7335 7.18242 -24 -20.1865 5.78838 -24 -20.5411 4.36615 -24 -20.7956 2.92264 -24 -20.9488 1.46489 -24 -21 0 -24 -20.9488 -1.46489 -24 -20.7956 -2.92264 -24 -20.5411 -4.36615 -24 -20.1865 -5.78838 -24 -19.7335 -7.18242 -24 -19.1845 -8.54147 -24 -18.5419 -9.858901 -24 -17.809 -11.1283 -24 -16.9894 -12.3435 -24 -16.0869 -13.4985 -24 -15.1061 -14.5878 -24 -15.1061 -14.5878 -24 -14.0517 -15.606 -24 -12.9289 -16.5482 -24 -11.743 -17.4098 -24 -10.5 -18.1865 -24 -9.20579 -18.8747 -24 -7.86674 -19.4709 -24 -6.48936 -19.9722 -24 -5.08036 -20.3762 -24 -3.64661 -20.681 -24 -2.1951 -20.885 -24 -0.732889 -20.9872 -24 0.732889 -20.9872 -24 2.1951 -20.885 -24 3.64661 -20.681 -24 5.08036 -20.3762 -24 6.48936 -19.9722 -24 7.86674 -19.4709 -24 9.20579 -18.8747 -24 10.5 -18.1865 -24 11.743 -17.4098 -24 12.9289 -16.5482 -24 14.0517 -15.606 -24 15.1061 -14.5878 -24 15.1061 -14.5878 -24 16.0869 -13.4985 -24 16.9894 -12.3435 -24 17.809 -11.1283 -24 18.5419 -9.858901 -24 19.1845 -8.54147 -24 19.7335 -7.18242 -24 20.1865 -5.78838 -24 20.5411 -4.36615 -24 20.7956 -2.92264 -24 20.9488 -1.46489 -24 25.0483 -4.77822 -50 25.0483 -4.77822 -44 25.2989 -3.196 -44 25.2989 -3.196 -50 25.4497 -1.60116 -50 25.4497 -1.60116 -44 25.5 0 -50 25.5 0 -44 25.4497 1.60116 -44 25.4497 1.60116 -50 25.2989 3.196 -50 25.2989 3.196 -44 25.0483 4.77822 -50 25.0483 4.77822 -44 24.6989 6.34159 -50 24.6989 6.34159 -44 24.2519 7.87993 -50 24.2519 7.87993 -44 23.7093 9.38718 -50 23.7093 9.38718 -44 23.0731 10.8574 -50 23.0731 10.8574 -44 22.3458 12.2847 -50 22.3458 12.2847 -44 21.5304 13.6636 -50 21.5304 13.6636 -44 20.6299 14.9885 -50 20.6299 14.9885 -44 19.6481 16.2543 -50 19.6481 16.2543 -44 18.5887 17.4559 -50 18.5887 17.4559 -44 17.4559 18.5887 -50 17.4559 18.5887 -44 16.2543 19.6481 -50 17.4559 18.5887 -50 16.2543 19.6481 -44 17.4559 18.5887 -44 14.9885 20.6299 -50 14.9885 20.6299 -44 13.6636 21.5304 -50 13.6636 21.5304 -44 12.2847 22.3458 -50 10.8574 23.0731 -50 12.2847 22.3458 -44 9.38718 23.7093 -50 10.8574 23.0731 -44 9.38718 23.7093 -44 7.87993 24.2519 -50 7.87993 24.2519 -44 6.34159 24.6989 -50 4.77822 25.0483 -50 6.34159 24.6989 -44 3.196 25.2989 -50 4.77822 25.0483 -44 3.196 25.2989 -44 1.60116 25.4497 -44 1.60116 25.4497 -50 0 25.5 -50 0 25.5 -44 -1.60116 25.4497 -50 -1.60116 25.4497 -44 -3.196 25.2989 -50 -3.196 25.2989 -44 -4.77822 25.0483 -44 -4.77822 25.0483 -50 -6.34159 24.6989 -50 -6.34159 24.6989 -44 -7.87993 24.2519 -50 -7.87993 24.2519 -44 -9.38718 23.7093 -50 -9.38718 23.7093 -44 -10.8574 23.0731 -50 -12.2847 22.3458 -50 -10.8574 23.0731 -44 -13.6636 21.5304 -50 -12.2847 22.3458 -44 -14.9885 20.6299 -50 -13.6636 21.5304 -44 -16.2543 19.6481 -50 -14.9885 20.6299 -44 -16.2543 19.6481 -44 -17.4559 18.5887 -50 -17.4559 18.5887 -44 -18.5887 17.4559 -50 -19.6481 16.2543 -50 -18.5887 17.4559 -50 -18.5887 17.4559 -44 -18.5887 17.4559 -44 -20.6299 14.9885 -50 -19.6481 16.2543 -44 -21.5304 13.6636 -50 -20.6299 14.9885 -44 -22.3458 12.2847 -50 -21.5304 13.6636 -44 -23.0731 10.8574 -50 -22.3458 12.2847 -44 -23.0731 10.8574 -44 -23.7093 9.38718 -50 -23.7093 9.38718 -44 -24.2519 7.87993 -50 -24.6989 6.34159 -50 -24.2519 7.87993 -44 -25.0483 4.77822 -50 -24.6989 6.34159 -44 -25.2989 3.196 -50 -25.0483 4.77822 -44 -25.4497 1.60116 -50 -25.2989 3.196 -44 -25.5 0 -50 -25.4497 1.60116 -44 -25.5 0 -44 -25.4497 -1.60116 -50 -25.4497 -1.60116 -44 -25.2989 -3.196 -44 -25.2989 -3.196 -50 -25.0483 -4.77822 -50 -25.0483 -4.77822 -44 -24.6989 -6.34159 -50 -24.6989 -6.34159 -44 -24.2519 -7.87993 -50 -24.2519 -7.87993 -44 -23.7093 -9.38718 -50 -23.7093 -9.38718 -44 -23.0731 -10.8574 -50 -23.0731 -10.8574 -44 -22.3458 -12.2847 -50 -22.3458 -12.2847 -44 -21.5304 -13.6636 -50 -21.5304 -13.6636 -44 -20.6299 -14.9885 -44 -20.6299 -14.9885 -50 -19.6481 -16.2543 -44 -19.6481 -16.2543 -50 -18.5887 -17.4559 -50 -18.5887 -17.4559 -44 -17.4559 -18.5887 -44 -17.4559 -18.5887 -50 -16.2543 -19.6481 -50 -17.4559 -18.5887 -50 -17.4559 -18.5887 -44 -16.2543 -19.6481 -44 -14.9885 -20.6299 -44 -14.9885 -20.6299 -50 -13.6636 -21.5304 -50 -13.6636 -21.5304 -44 -12.2847 -22.3458 -50 -12.2847 -22.3458 -44 -10.8574 -23.0731 -50 -10.8574 -23.0731 -44 -9.38718 -23.7093 -50 -9.38718 -23.7093 -44 -7.87993 -24.2519 -50 -7.87993 -24.2519 -44 -6.34159 -24.6989 -50 -6.34159 -24.6989 -44 -4.77822 -25.0483 -50 -4.77822 -25.0483 -44 -3.196 -25.2989 -50 -3.196 -25.2989 -44 -1.60116 -25.4497 -50 -1.60116 -25.4497 -44 0 -25.5 -44 0 -25.5 -50 1.60116 -25.4497 -50 1.60116 -25.4497 -44 3.196 -25.2989 -44 3.196 -25.2989 -50 4.77822 -25.0483 -50 4.77822 -25.0483 -44 6.34159 -24.6989 -44 6.34159 -24.6989 -50 7.87993 -24.2519 -44 7.87993 -24.2519 -50 9.38718 -23.7093 -44 9.38718 -23.7093 -50 10.8574 -23.0731 -44 10.8574 -23.0731 -50 12.2847 -22.3458 -50 12.2847 -22.3458 -44 13.6636 -21.5304 -44 13.6636 -21.5304 -50 14.9885 -20.6299 -50 14.9885 -20.6299 -44 16.2543 -19.6481 -44 16.2543 -19.6481 -50 17.4559 -18.5887 -44 17.4559 -18.5887 -50 18.5887 -17.4559 -50 18.5887 -17.4559 -44 18.5887 -17.4559 -50 18.5887 -17.4559 -44 19.6481 -16.2543 -44 19.6481 -16.2543 -50 20.6299 -14.9885 -44 20.6299 -14.9885 -50 21.5304 -13.6636 -44 21.5304 -13.6636 -50 22.3458 -12.2847 -50 22.3458 -12.2847 -44 23.0731 -10.8574 -44 23.0731 -10.8574 -50 23.7093 -9.38718 -50 23.7093 -9.38718 -44 24.2519 -7.87993 -44 24.2519 -7.87993 -50 24.6989 -6.34159 -44 24.6989 -6.34159 -50 25.0483 4.77822 -44 25.2989 3.196 -44 25.4497 1.60116 -44 24.2519 -7.87993 -44 -6.34159 -24.6989 -44 -3.196 -25.2989 -44 -25.4497 -1.60116 -44 4.77822 25.0483 -44 6.34159 24.6989 -44 -4.77822 -25.0483 -44 16.2543 -19.6481 -44 18.5887 -17.4559 -44 17.4559 -18.5887 -44 10.8574 23.0731 -44 20.6299 14.9885 -44 -25.0483 -4.77822 -44 -25.2989 -3.196 -44 -7.87993 -24.2519 -44 14.9885 -20.6299 -44 24.2519 7.87993 -44 24.6989 6.34159 -44 0 25.5 -44 3.196 25.2989 -44 1.60116 25.4497 -44 13.6636 -21.5304 -44 -25.5 0 -44 -10.8574 -23.0731 -44 23.7093 9.38718 -44 -9.38718 -23.7093 -44 21.5304 -13.6636 -44 20.6299 -14.9885 -44 19.6481 -16.2543 -44 -25.2989 3.196 -44 -25.4497 1.60116 -44 23.0731 10.8574 -44 -3.196 25.2989 -44 -1.60116 25.4497 -44 -12.2847 -22.3458 -44 -4.77822 25.0483 -44 -13.6636 -21.5304 -44 -24.6989 6.34159 -44 -25.0483 4.77822 -44 -14.9885 -20.6299 -44 22.3458 12.2847 -44 -23.7093 9.38718 -44 -24.2519 7.87993 -44 23.7093 -9.38718 -44 22.3458 -12.2847 -44 23.0731 -10.8574 -44 7.87993 -24.2519 -44 10.8574 -23.0731 -44 9.38718 -23.7093 -44 12.2847 -22.3458 -44 -18.5887 -17.4559 -44 -16.2543 -19.6481 -44 -17.4559 -18.5887 -44 -10.8574 23.0731 -44 -6.34159 24.6989 -44 -7.87993 24.2519 -44 -9.38718 23.7093 -44 17.4559 18.5887 -44 19.6481 16.2543 -44 18.5887 17.4559 -44 -22.3458 12.2847 -44 -23.0731 10.8574 -44 6.34159 -24.6989 -44 -20.6299 -14.9885 -44 -21.5304 13.6636 -44 -19.6481 -16.2543 -44 4.77822 -25.0483 -44 -14.9885 20.6299 -44 -12.2847 22.3458 -44 -13.6636 21.5304 -44 13.6636 21.5304 -44 16.2543 19.6481 -44 14.9885 20.6299 -44 -22.3458 -12.2847 -44 25.2989 -3.196 -44 24.6989 -6.34159 -44 25.0483 -4.77822 -44 -17.4559 18.5887 -44 -16.2543 19.6481 -44 -21.5304 -13.6636 -44 12.2847 22.3458 -44 1.60116 -25.4497 -44 3.196 -25.2989 -44 -18.5887 17.4559 -44 -20.6299 14.9885 -44 -19.6481 16.2543 -44 0 -25.5 -44 -23.7093 -9.38718 -44 21.5304 13.6636 -44 -23.0731 -10.8574 -44 25.4497 -1.60116 -44 25.5 0 -44 -24.6989 -6.34159 -44 -24.2519 -7.87993 -44 9.38718 23.7093 -44 7.87993 24.2519 -44 -1.60116 -25.4497 -44 25.4497 1.60116 -50 25.2989 3.196 -50 25.0483 4.77822 -50 24.2519 -7.87993 -50 -3.196 -25.2989 -50 -6.34159 -24.6989 -50 6.34159 24.6989 -50 4.77822 25.0483 -50 -25.4497 -1.60116 -50 -4.77822 -25.0483 -50 17.4559 -18.5887 -50 18.5887 -17.4559 -50 16.2543 -19.6481 -50 20.6299 14.9885 -50 10.8574 23.0731 -50 -25.0483 -4.77822 -50 -25.2989 -3.196 -50 -7.87993 -24.2519 -50 14.9885 -20.6299 -50 24.6989 6.34159 -50 24.2519 7.87993 -50 3.196 25.2989 -50 0 25.5 -50 1.60116 25.4497 -50 13.6636 -21.5304 -50 -25.5 0 -50 23.7093 9.38718 -50 -10.8574 -23.0731 -50 -9.38718 -23.7093 -50 19.6481 -16.2543 -50 20.6299 -14.9885 -50 21.5304 -13.6636 -50 -25.4497 1.60116 -50 -25.2989 3.196 -50 23.0731 10.8574 -50 -1.60116 25.4497 -50 -3.196 25.2989 -50 -12.2847 -22.3458 -50 -4.77822 25.0483 -50 -13.6636 -21.5304 -50 -25.0483 4.77822 -50 -24.6989 6.34159 -50 22.3458 12.2847 -50 -14.9885 -20.6299 -50 -24.2519 7.87993 -50 -23.7093 9.38718 -50 22.3458 -12.2847 -50 23.7093 -9.38718 -50 23.0731 -10.8574 -50 9.38718 -23.7093 -50 10.8574 -23.0731 -50 7.87993 -24.2519 -50 12.2847 -22.3458 -50 -17.4559 -18.5887 -50 -16.2543 -19.6481 -50 -18.5887 -17.4559 -50 -6.34159 24.6989 -50 -10.8574 23.0731 -50 -7.87993 24.2519 -50 -9.38718 23.7093 -50 19.6481 16.2543 -50 17.4559 18.5887 -50 18.5887 17.4559 -50 -23.0731 10.8574 -50 -22.3458 12.2847 -50 6.34159 -24.6989 -50 -20.6299 -14.9885 -50 -21.5304 13.6636 -50 -19.6481 -16.2543 -50 4.77822 -25.0483 -50 -12.2847 22.3458 -50 -14.9885 20.6299 -50 -13.6636 21.5304 -50 16.2543 19.6481 -50 13.6636 21.5304 -50 14.9885 20.6299 -50 -22.3458 -12.2847 -50 24.6989 -6.34159 -50 25.2989 -3.196 -50 25.0483 -4.77822 -50 -16.2543 19.6481 -50 -17.4559 18.5887 -50 -21.5304 -13.6636 -50 12.2847 22.3458 -50 3.196 -25.2989 -50 1.60116 -25.4497 -50 -19.6481 16.2543 -50 -20.6299 14.9885 -50 -18.5887 17.4559 -50 0 -25.5 -50 21.5304 13.6636 -50 -23.7093 -9.38718 -50 -23.0731 -10.8574 -50 25.4497 -1.60116 -50 25.5 0 -50 -24.2519 -7.87993 -50 -24.6989 -6.34159 -50 9.38718 23.7093 -50 7.87993 24.2519 -50 -1.60116 -25.4497 -50 3.91982 -37.2946 -24 1.9626 -37.4486 -23 3.91982 -37.2946 -23 1.9626 -37.4486 -24 5.86629 -37.0383 -24 5.86629 -37.0383 -23 7.79669 -36.6805 -24 7.79669 -36.6805 -23 37.4486 1.9626 -24 37.5 0 -23 37.4486 1.9626 -23 37.5 0 -24 9.70571 -36.2222 -24 9.70571 -36.2222 -23 37.2946 3.91982 -24 37.2946 3.91982 -23 37.0383 5.86629 -23 11.5881 -35.6646 -24 11.5881 -35.6646 -23 37.0383 5.86629 -24 36.6805 7.79669 -23 13.4388 -35.0093 -24 13.4388 -35.0093 -23 36.6805 7.79669 -24 36.2222 9.70571 -23 15.2526 -34.2579 -24 15.2526 -34.2579 -23 36.2222 9.70571 -24 35.6646 11.5881 -23 17.0246 -33.4128 -24 17.0246 -33.4128 -23 35.6646 11.5881 -24 35.0093 13.4388 -23 18.75 -32.4759 -24 18.75 -32.4759 -23 35.0093 13.4388 -24 34.2579 15.2526 -23 20.424 -31.4501 -24 20.424 -31.4501 -23 34.2579 15.2526 -24 33.4128 17.0246 -23 22.042 -30.3381 -24 22.042 -30.3381 -23 33.4128 17.0246 -24 32.4759 18.75 -23 23.5995 -29.143 -24 23.5995 -29.143 -23 32.4759 18.75 -24 25.0924 -27.8679 -24 25.0924 -27.8679 -23 31.4501 20.424 -24 31.4501 20.424 -23 26.5165 -26.5165 -24 26.5165 -26.5165 -23 30.3381 22.042 -24 30.3381 22.042 -23 27.8679 -25.0924 -24 27.8679 -25.0924 -23 27.8679 -25.0924 -24 27.8679 -25.0924 -23 29.143 -23.5995 -23 29.143 -23.5995 -24 29.143 23.5995 -24 29.143 23.5995 -23 30.3381 -22.042 -24 30.3381 -22.042 -23 31.4501 -20.424 -23 27.8679 25.0924 -24 27.8679 25.0924 -23 31.4501 -20.424 -24 26.5165 26.5165 -24 26.5165 26.5165 -23 32.4759 -18.75 -24 32.4759 -18.75 -23 33.4128 -17.0246 -23 25.0924 27.8679 -24 26.5165 26.5165 -24 26.5165 26.5165 -23 25.0924 27.8679 -23 33.4128 -17.0246 -24 34.2579 -15.2526 -23 23.5995 29.143 -24 23.5995 29.143 -23 34.2579 -15.2526 -24 35.0093 -13.4388 -23 35.0093 -13.4388 -24 35.6646 -11.5881 -23 22.042 30.3381 -24 22.042 30.3381 -23 35.6646 -11.5881 -24 36.2222 -9.70571 -23 20.424 31.4501 -24 20.424 31.4501 -23 36.2222 -9.70571 -24 36.6805 -7.79669 -23 18.75 32.4759 -24 18.75 32.4759 -23 36.6805 -7.79669 -24 37.0383 -5.86629 -23 17.0246 33.4128 -24 17.0246 33.4128 -23 37.0383 -5.86629 -24 37.2946 -3.91982 -23 15.2526 34.2579 -24 15.2526 34.2579 -23 37.2946 -3.91982 -24 37.4486 -1.9626 -24 37.4486 -1.9626 -23 13.4388 35.0093 -24 13.4388 35.0093 -23 11.5881 35.6646 -24 11.5881 35.6646 -23 9.70571 36.2222 -24 9.70571 36.2222 -23 7.79669 36.6805 -24 7.79669 36.6805 -23 5.86629 37.0383 -24 5.86629 37.0383 -23 3.91982 37.2946 -24 3.91982 37.2946 -23 1.9626 37.4486 -24 1.9626 37.4486 -23 0 37.5 -24 0 37.5 -23 -1.9626 37.4486 -24 -1.9626 37.4486 -23 -3.91982 37.2946 -24 -3.91982 37.2946 -23 -5.86629 37.0383 -24 -5.86629 37.0383 -23 -7.79669 36.6805 -24 -7.79669 36.6805 -23 -9.70571 36.2222 -24 -9.70571 36.2222 -23 -11.5881 35.6646 -24 -11.5881 35.6646 -23 -13.4388 35.0093 -24 -13.4388 35.0093 -23 -15.2526 34.2579 -24 -15.2526 34.2579 -23 -17.0246 33.4128 -24 -17.0246 33.4128 -23 -18.75 32.4759 -24 -18.75 32.4759 -23 -20.424 31.4501 -24 -20.424 31.4501 -23 -22.042 30.3381 -24 -22.042 30.3381 -23 -23.5995 29.143 -24 -23.5995 29.143 -23 -25.0924 27.8679 -24 -25.0924 27.8679 -23 -26.5165 26.5165 -24 -26.5165 26.5165 -23 -27.8679 25.0924 -24 -26.5165 26.5165 -24 -26.5165 26.5165 -23 -27.8679 25.0924 -23 -29.143 23.5995 -24 -29.143 23.5995 -23 -30.3381 22.042 -24 -30.3381 22.042 -23 -31.4501 20.424 -24 -31.4501 20.424 -23 -32.4759 18.75 -24 -32.4759 18.75 -23 -33.4128 17.0246 -24 -33.4128 17.0246 -23 -34.2579 15.2526 -24 -34.2579 15.2526 -23 -35.0093 13.4388 -24 -35.0093 13.4388 -23 -35.6646 11.5881 -24 -35.6646 11.5881 -23 -36.2222 9.70571 -24 -36.2222 9.70571 -23 -36.6805 7.79669 -24 -36.6805 7.79669 -23 -37.0383 5.86629 -24 -37.0383 5.86629 -23 -37.2946 3.91982 -24 -37.2946 3.91982 -23 -37.4486 1.9626 -24 -37.4486 1.9626 -23 -37.5 0 -24 -37.5 0 -23 -37.4486 -1.9626 -24 -37.4486 -1.9626 -23 -37.2946 -3.91982 -24 -37.2946 -3.91982 -23 -37.0383 -5.86629 -24 -37.0383 -5.86629 -23 -36.6805 -7.79669 -24 -36.6805 -7.79669 -23 -36.2222 -9.70571 -24 -36.2222 -9.70571 -23 -35.6646 -11.5881 -24 -35.6646 -11.5881 -23 -35.0093 -13.4388 -24 -35.0093 -13.4388 -23 -34.2579 -15.2526 -24 -34.2579 -15.2526 -23 -33.4128 -17.0246 -24 -33.4128 -17.0246 -23 -32.4759 -18.75 -24 -32.4759 -18.75 -23 -31.4501 -20.424 -24 -31.4501 -20.424 -23 -30.3381 -22.042 -24 -30.3381 -22.042 -23 -29.143 -23.5995 -24 -29.143 -23.5995 -23 -27.8679 -25.0924 -24 -27.8679 -25.0924 -23 -26.5165 -26.5165 -24 -26.5165 -26.5165 -23 -25.0924 -27.8679 -24 -25.0924 -27.8679 -23 -23.5995 -29.143 -24 -25.0924 -27.8679 -24 -25.0924 -27.8679 -23 -23.5995 -29.143 -23 -22.042 -30.3381 -24 -22.042 -30.3381 -23 -20.424 -31.4501 -24 -20.424 -31.4501 -23 -18.75 -32.4759 -24 -18.75 -32.4759 -23 -17.0246 -33.4128 -24 -17.0246 -33.4128 -23 -15.2526 -34.2579 -24 -15.2526 -34.2579 -23 -13.4388 -35.0093 -24 -13.4388 -35.0093 -23 -11.5881 -35.6646 -24 -11.5881 -35.6646 -23 -9.70571 -36.2222 -24 -9.70571 -36.2222 -23 -7.79669 -36.6805 -24 -7.79669 -36.6805 -23 -5.86629 -37.0383 -24 -5.86629 -37.0383 -23 -3.91982 -37.2946 -24 -3.91982 -37.2946 -23 -1.9626 -37.4486 -24 -1.9626 -37.4486 -23 0 -37.5 -24 0 -37.5 -23 5.86629 37.0383 -30 7.79669 36.6805 -30 9.70571 36.2222 -30 11.5881 35.6646 -30 37.5 0 -30 37.4486 -1.9626 -30 13.4388 35.0093 -30 15.2526 34.2579 -30 37.2946 -3.91982 -30 37.0383 -5.86629 -30 17.0246 33.4128 -30 18.75 32.4759 -30 36.6805 -7.79669 -30 36.2222 -9.70571 -30 35.6646 -11.5881 -30 20.424 31.4501 -30 35.0093 -13.4388 -30 22.042 30.3381 -30 23.5995 29.143 -30 25.0924 27.8679 -30 34.2579 -15.2526 -30 26.5165 26.5165 -30 26.5165 26.5165 -30 27.8679 25.0924 -30 33.4128 -17.0246 -30 32.4759 -18.75 -30 29.143 23.5995 -30 31.4501 -20.424 -30 30.3381 -22.042 -30 30.3381 22.042 -30 31.4501 20.424 -30 29.143 -23.5995 -30 32.4759 18.75 -30 33.4128 17.0246 -30 27.8679 -25.0924 -30 27.8679 -25.0924 -30 34.2579 15.2526 -30 26.5165 -26.5165 -30 35.0093 13.4388 -30 35.6646 11.5881 -30 25.0924 -27.8679 -30 36.2222 9.70571 -30 23.5995 -29.143 -30 22.042 -30.3381 -30 36.6805 7.79669 -30 20.424 -31.4501 -30 37.0383 5.86629 -30 37.2946 3.91982 -30 18.75 -32.4759 -30 17.0246 -33.4128 -30 37.4486 1.9626 -30 15.2526 -34.2579 -30 13.4388 -35.0093 -30 11.5881 -35.6646 -30 9.70571 -36.2222 -30 7.79669 -36.6805 -30 5.86629 -37.0383 -30 3.91982 -37.2946 -30 1.9626 -37.4486 -30 0 -37.5 -30 -1.9626 -37.4486 -30 -3.91982 -37.2946 -30 -5.86629 -37.0383 -30 -7.79669 -36.6805 -30 -9.70571 -36.2222 -30 -11.5881 -35.6646 -30 -13.4388 -35.0093 -30 -15.2526 -34.2579 -30 -17.0246 -33.4128 -30 -18.75 -32.4759 -30 -20.424 -31.4501 -30 -22.042 -30.3381 -30 -23.5995 -29.143 -30 -25.0924 -27.8679 -30 -25.0924 -27.8679 -30 -26.5165 -26.5165 -30 -27.8679 -25.0924 -30 -29.143 -23.5995 -30 -30.3381 -22.042 -30 -31.4501 -20.424 -30 -32.4759 -18.75 -30 -33.4128 -17.0246 -30 -34.2579 -15.2526 -30 -35.0093 -13.4388 -30 -35.6646 -11.5881 -30 -36.2222 -9.70571 -30 -36.6805 -7.79669 -30 -37.0383 -5.86629 -30 -37.2946 -3.91982 -30 -37.4486 -1.9626 -30 -37.5 0 -30 -37.4486 1.9626 -30 -37.2946 3.91982 -30 -37.0383 5.86629 -30 -36.6805 7.79669 -30 -36.2222 9.70571 -30 -35.6646 11.5881 -30 -35.0093 13.4388 -30 -34.2579 15.2526 -30 -33.4128 17.0246 -30 -32.4759 18.75 -30 -31.4501 20.424 -30 -30.3381 22.042 -30 -29.143 23.5995 -30 -27.8679 25.0924 -30 -26.5165 26.5165 -30 -26.5165 26.5165 -30 -25.0924 27.8679 -30 -23.5995 29.143 -30 -22.042 30.3381 -30 -20.424 31.4501 -30 -18.75 32.4759 -30 -17.0246 33.4128 -30 -15.2526 34.2579 -30 -13.4388 35.0093 -30 -11.5881 35.6646 -30 -9.70571 36.2222 -30 -7.79669 36.6805 -30 -5.86629 37.0383 -30 -3.91982 37.2946 -30 -1.9626 37.4486 -30 0 37.5 -30 1.9626 37.4486 -30 3.91982 37.2946 -30 -36.2222 -9.70571 -23 -28.2138 -8.615671 -23 -35.6646 -11.5881 -23 -28.6747 -6.92914 -23 9.70571 36.2222 -23 11.5881 35.6646 -23 7.77582 28.4567 -23 6.07637 28.8674 -23 -36.6805 -7.79669 -23 -29.0348 -5.21826 -23 7.79669 36.6805 -23 -37.0383 -5.86629 -23 -29.2929 -3.48906 -23 5.86629 37.0383 -23 4.35557 29.1767 -23 -37.2946 -3.91982 -23 -29.4482 -1.7476 -23 3.91982 37.2946 -23 2.61948 29.3835 -23 -37.4486 -1.9626 -23 -29.5 0 -23 1.9626 37.4486 -23 0.874183 29.487 -23 21.1665 -20.5483 -23 27.8679 -25.0924 -23 26.5165 -26.5165 -23 -37.5 0 -23 0 37.5 -23 -0.874183 29.487 -23 19.912 -21.7661 -23 25.0924 -27.8679 -23 22.3466 -19.2582 -23 29.143 -23.5995 -23 18.5876 -22.9075 -23 23.5995 -29.143 -23 22.042 -30.3381 -23 -37.4486 1.9626 -23 -29.4482 1.7476 -23 -1.9626 37.4486 -23 -2.61948 29.3835 -23 23.4482 -17.9006 -23 30.3381 -22.042 -23 17.1979 -23.9684 -23 20.424 -31.4501 -23 24.4675 -16.4801 -23 31.4501 -20.424 -23 -37.2946 3.91982 -23 -29.2929 3.48906 -23 -3.91982 37.2946 -23 -4.35557 29.1767 -23 15.7478 -24.9451 -23 18.75 -32.4759 -23 25.4008 -15.0017 -23 32.4759 -18.75 -23 14.2424 -25.8342 -23 -37.0383 5.86629 -23 17.0246 -33.4128 -23 26.2449 -13.4706 -23 33.4128 -17.0246 -23 34.2579 -15.2526 -23 -29.0348 5.21826 -23 -5.86629 37.0383 -23 -6.07637 28.8674 -23 12.6869 -26.6325 -23 -36.6805 7.79669 -23 -28.6747 6.92914 -23 15.2526 -34.2579 -23 -7.79669 36.6805 -23 26.9968 -11.8921 -23 35.0093 -13.4388 -23 -36.2222 9.70571 -23 11.0869 -27.3373 -23 -28.2138 8.615671 -23 13.4388 -35.0093 -23 -9.70571 36.2222 -23 -7.77582 28.4567 -23 27.6539 -10.2719 -23 35.6646 -11.5881 -23 -35.6646 11.5881 -23 9.44796 -27.9461 -23 -27.6539 10.2719 -23 -11.5881 35.6646 -23 -9.44796 27.9461 -23 11.5881 -35.6646 -23 28.2138 -8.615671 -23 36.2222 -9.70571 -23 -35.0093 13.4388 -23 7.77582 -28.4567 -23 -26.9968 11.8921 -23 9.70571 -36.2222 -23 -13.4388 35.0093 -23 -11.0869 27.3373 -23 28.6747 -6.92914 -23 36.6805 -7.79669 -23 -34.2579 15.2526 -23 6.07637 -28.8674 -23 -26.2449 13.4706 -23 -15.2526 34.2579 -23 -12.6869 26.6325 -23 7.79669 -36.6805 -23 5.86629 -37.0383 -23 29.0348 -5.21826 -23 37.0383 -5.86629 -23 -33.4128 17.0246 -23 4.35557 -29.1767 -23 -17.0246 33.4128 -23 3.91982 -37.2946 -23 -14.2424 25.8342 -23 -32.4759 18.75 -23 29.2929 -3.48906 -23 37.2946 -3.91982 -23 -25.4008 15.0017 -23 -18.75 32.4759 -23 2.61948 -29.3835 -23 -15.7478 24.9451 -23 1.9626 -37.4486 -23 29.4482 -1.7476 -23 37.4486 -1.9626 -23 -31.4501 20.424 -23 -24.4675 16.4801 -23 -20.424 31.4501 -23 -17.1979 23.9684 -23 0.874183 -29.487 -23 -30.3381 22.042 -23 0 -37.5 -23 -23.4482 17.9006 -23 29.5 0 -23 37.4486 1.9626 -23 37.5 0 -23 -22.042 30.3381 -23 -18.5876 22.9075 -23 -29.143 23.5995 -23 -22.3466 19.2582 -23 -0.874183 -29.487 -23 -23.5995 29.143 -23 -1.9626 -37.4486 -23 -27.8679 25.0924 -23 -21.1665 20.5483 -23 29.4482 1.7476 -23 37.2946 3.91982 -23 -25.0924 27.8679 -23 -19.912 21.7661 -23 -2.61948 -29.3835 -23 -26.5165 26.5165 -23 -3.91982 -37.2946 -23 29.2929 3.48906 -23 37.0383 5.86629 -23 -4.35557 -29.1767 -23 -5.86629 -37.0383 -23 29.0348 5.21826 -23 36.6805 7.79669 -23 -6.07637 -28.8674 -23 -7.79669 -36.6805 -23 -9.70571 -36.2222 -23 28.6747 6.92914 -23 36.2222 9.70571 -23 -7.77582 -28.4567 -23 -11.5881 -35.6646 -23 28.2138 8.615671 -23 35.6646 11.5881 -23 -9.44796 -27.9461 -23 -13.4388 -35.0093 -23 27.6539 10.2719 -23 35.0093 13.4388 -23 -11.0869 -27.3373 -23 -15.2526 -34.2579 -23 26.9968 11.8921 -23 34.2579 15.2526 -23 -12.6869 -26.6325 -23 -17.0246 -33.4128 -23 26.2449 13.4706 -23 33.4128 17.0246 -23 32.4759 18.75 -23 -14.2424 -25.8342 -23 -18.75 -32.4759 -23 25.4008 15.0017 -23 31.4501 20.424 -23 -15.7478 -24.9451 -23 -20.424 -31.4501 -23 24.4675 16.4801 -23 30.3381 22.042 -23 -17.1979 -23.9684 -23 -22.042 -30.3381 -23 23.4482 17.9006 -23 29.143 23.5995 -23 -18.5876 -22.9075 -23 -23.5995 -29.143 -23 22.3466 19.2582 -23 -25.0924 -27.8679 -23 27.8679 25.0924 -23 -19.912 -21.7661 -23 21.1665 20.5483 -23 -26.5165 -26.5165 -23 26.5165 26.5165 -23 -21.1665 -20.5483 -23 19.912 21.7661 -23 -27.8679 -25.0924 -23 25.0924 27.8679 -23 -22.3466 -19.2582 -23 18.5876 22.9075 -23 -29.143 -23.5995 -23 23.5995 29.143 -23 -23.4482 -17.9006 -23 -30.3381 -22.042 -23 -24.4675 -16.4801 -23 22.042 30.3381 -23 17.1979 23.9684 -23 -31.4501 -20.424 -23 -25.4008 -15.0017 -23 20.424 31.4501 -23 15.7478 24.9451 -23 -32.4759 -18.75 -23 -26.2449 -13.4706 -23 18.75 32.4759 -23 14.2424 25.8342 -23 -33.4128 -17.0246 -23 17.0246 33.4128 -23 12.6869 26.6325 -23 -34.2579 -15.2526 -23 -26.9968 -11.8921 -23 15.2526 34.2579 -23 11.0869 27.3373 -23 -35.0093 -13.4388 -23 -27.6539 -10.2719 -23 13.4388 35.0093 -23 9.44796 27.9461 -23 36.45 -1.91026 -30 36.3 -3.81529 -30 37.2946 -3.91982 -30 37.4486 -1.9626 -30 -1.9626 37.4486 -30 -3.81529 36.3 -30 -1.91026 36.45 -30 -3.91982 37.2946 -30 36.5 0 -30 0 36.5 -30 37.5 0 -30 0 37.5 -30 -25.8094 -25.8094 -30 -26.5165 -26.5165 -30 -25.0924 -27.8679 -30 1.91026 36.45 -30 -24.4233 -27.1248 -30 -23.5995 -29.143 -30 37.4486 1.9626 -30 36.45 1.91026 -30 -27.1248 -24.4233 -30 -27.8679 -25.0924 -30 -29.143 -23.5995 -30 1.9626 37.4486 -30 -22.9702 -28.3658 -30 -22.042 -30.3381 -30 -28.3658 -22.9702 -30 -30.3381 -22.042 -30 3.81529 36.3 -30 37.2946 3.91982 -30 36.3 3.81529 -30 3.91982 37.2946 -30 36.0506 5.70986 -30 -21.4542 -29.5291 -30 -29.5291 -21.4542 -30 37.0383 5.86629 -30 -19.8793 -30.6115 -30 -20.424 -31.4501 -30 -18.75 -32.4759 -30 5.86629 37.0383 -30 5.70986 36.0506 -30 -30.6115 -19.8793 -30 -31.4501 -20.424 -30 35.7024 7.58878 -30 36.6805 7.79669 -30 7.79669 36.6805 -30 7.58878 35.7024 -30 -18.25 -31.6099 -30 -31.6099 -18.25 -30 -32.4759 -18.75 -30 9.4469 35.2563 -30 35.2563 9.4469 -30 9.70571 36.2222 -30 36.2222 9.70571 -30 -16.5707 -32.5217 -30 -17.0246 -33.4128 -30 -15.2526 -34.2579 -30 -32.5217 -16.5707 -30 -33.4128 -17.0246 -30 34.7136 11.2791 -30 -34.2579 -15.2526 -30 11.2791 34.7136 -30 35.6646 11.5881 -30 -14.8459 -33.3444 -30 11.5881 35.6646 -30 -33.3444 -14.8459 -30 -35.0093 -13.4388 -30 -13.0804 -34.0757 -30 35.0093 13.4388 -30 34.0757 13.0804 -30 13.4388 35.0093 -30 13.0804 34.0757 -30 14.8459 33.3444 -30 -13.4388 -35.0093 -30 -34.0757 -13.0804 -30 -11.2791 -34.7136 -30 -11.5881 -35.6646 -30 34.2579 15.2526 -30 32.5217 16.5707 -30 33.3444 14.8459 -30 -34.7136 -11.2791 -30 -35.6646 -11.5881 -30 -9.70571 -36.2222 -30 15.2526 34.2579 -30 -36.2222 -9.70571 -30 -9.4469 -35.2563 -30 -35.2563 -9.4469 -30 17.0246 33.4128 -30 16.5707 32.5217 -30 18.25 31.6099 -30 33.4128 17.0246 -30 31.6099 18.25 -30 -7.79669 -36.6805 -30 -7.58878 -35.7024 -30 -35.7024 -7.58878 -30 -36.6805 -7.79669 -30 18.75 32.4759 -30 -37.0383 -5.86629 -30 32.4759 18.75 -30 30.6115 19.8793 -30 -5.70986 -36.0506 -30 -5.86629 -37.0383 -30 -36.0506 -5.70986 -30 -3.81529 -36.3 -30 -3.91982 -37.2946 -30 -36.3 -3.81529 -30 -37.2946 -3.91982 -30 31.4501 20.424 -30 29.5291 21.4542 -30 20.424 31.4501 -30 19.8793 30.6115 -30 21.4542 29.5291 -30 -1.91026 -36.45 -30 -1.9626 -37.4486 -30 -36.45 -1.91026 -30 22.042 30.3381 -30 -37.4486 -1.9626 -30 0 -37.5 -30 30.3381 22.042 -30 28.3658 22.9702 -30 -37.5 0 -30 23.5995 29.143 -30 22.9702 28.3658 -30 24.4233 27.1248 -30 0 -36.5 -30 29.143 23.5995 -30 25.0924 27.8679 -30 -36.5 0 -30 27.8679 25.0924 -30 25.8094 25.8094 -30 27.1248 24.4233 -30 26.5165 26.5165 -30 -37.4486 1.9626 -30 1.91026 -36.45 -30 1.9626 -37.4486 -30 -36.45 1.91026 -30 3.91982 -37.2946 -30 3.81529 -36.3 -30 -36.3 3.81529 -30 -37.2946 3.91982 -30 5.86629 -37.0383 -30 5.70986 -36.0506 -30 -36.0506 5.70986 -30 -37.0383 5.86629 -30 -36.6805 7.79669 -30 7.58878 -35.7024 -30 7.79669 -36.6805 -30 -35.7024 7.58878 -30 -36.2222 9.70571 -30 9.4469 -35.2563 -30 9.70571 -36.2222 -30 -35.2563 9.4469 -30 11.5881 -35.6646 -30 11.2791 -34.7136 -30 -34.7136 11.2791 -30 -35.6646 11.5881 -30 13.0804 -34.0757 -30 13.4388 -35.0093 -30 -34.0757 13.0804 -30 -35.0093 13.4388 -30 14.8459 -33.3444 -30 15.2526 -34.2579 -30 -33.3444 14.8459 -30 -34.2579 15.2526 -30 17.0246 -33.4128 -30 -33.4128 17.0246 -30 16.5707 -32.5217 -30 -32.5217 16.5707 -30 18.75 -32.4759 -30 -32.4759 18.75 -30 18.25 -31.6099 -30 -31.6099 18.25 -30 20.424 -31.4501 -30 19.8793 -30.6115 -30 -30.6115 19.8793 -30 -31.4501 20.424 -30 -30.3381 22.042 -30 21.4542 -29.5291 -30 22.042 -30.3381 -30 -29.5291 21.4542 -30 22.9702 -28.3658 -30 23.5995 -29.143 -30 -28.3658 22.9702 -30 -29.143 23.5995 -30 25.0924 -27.8679 -30 24.4233 -27.1248 -30 -27.1248 24.4233 -30 -27.8679 25.0924 -30 25.8094 -25.8094 -30 26.5165 -26.5165 -30 -25.8094 25.8094 -30 -26.5165 26.5165 -30 -24.4233 27.1248 -30 27.8679 -25.0924 -30 27.1248 -24.4233 -30 -25.0924 27.8679 -30 -22.9702 28.3658 -30 29.143 -23.5995 -30 28.3658 -22.9702 -30 -23.5995 29.143 -30 29.5291 -21.4542 -30 -21.4542 29.5291 -30 30.3381 -22.042 -30 -22.042 30.3381 -30 30.6115 -19.8793 -30 -19.8793 30.6115 -30 31.4501 -20.424 -30 -20.424 31.4501 -30 31.6099 -18.25 -30 -18.25 31.6099 -30 32.4759 -18.75 -30 -18.75 32.4759 -30 32.5217 -16.5707 -30 33.4128 -17.0246 -30 -17.0246 33.4128 -30 -16.5707 32.5217 -30 33.3444 -14.8459 -30 -14.8459 33.3444 -30 34.2579 -15.2526 -30 -15.2526 34.2579 -30 34.0757 -13.0804 -30 35.0093 -13.4388 -30 -13.4388 35.0093 -30 -13.0804 34.0757 -30 34.7136 -11.2791 -30 -11.2791 34.7136 -30 35.6646 -11.5881 -30 -11.5881 35.6646 -30 35.2563 -9.4469 -30 36.2222 -9.70571 -30 -9.70571 36.2222 -30 -9.4469 35.2563 -30 35.7024 -7.58878 -30 36.6805 -7.79669 -30 -7.79669 36.6805 -30 -7.58878 35.7024 -30 -5.70986 36.0506 -30 37.0383 -5.86629 -30 36.0506 -5.70986 -30 -5.86629 37.0383 -30 23.4482 -17.9006 -23 22.3466 -19.2582 -23 22.3466 -19.2582 0 24.4675 -16.4801 -23 23.4482 -17.9006 0 24.4675 -16.4801 0 25.4008 -15.0017 0 25.4008 -15.0017 -23 26.2449 -13.4706 0 29.4482 1.7476 -23 29.5 0 0 29.4482 1.7476 0 29.5 0 -23 26.2449 -13.4706 -23 29.2929 3.48906 -23 29.2929 3.48906 0 26.9968 -11.8921 -23 26.9968 -11.8921 0 29.0348 5.21826 -23 29.0348 5.21826 0 27.6539 -10.2719 -23 27.6539 -10.2719 0 28.2138 -8.615671 0 28.2138 -8.615671 -23 28.6747 -6.92914 0 28.6747 6.92914 -23 28.6747 6.92914 0 28.2138 8.615671 -23 28.2138 8.615671 0 28.6747 -6.92914 -23 29.0348 -5.21826 -23 29.0348 -5.21826 0 29.2929 -3.48906 0 27.6539 10.2719 -23 27.6539 10.2719 0 26.9968 11.8921 0 29.2929 -3.48906 -23 29.4482 -1.7476 0 26.9968 11.8921 -23 29.4482 -1.7476 -23 26.2449 13.4706 -23 26.2449 13.4706 0 25.4008 15.0017 0 25.4008 15.0017 -23 24.4675 16.4801 -23 24.4675 16.4801 0 23.4482 17.9006 0 23.4482 17.9006 -23 22.3466 19.2582 -23 22.3466 19.2582 0 21.1665 20.5483 0 21.1665 20.5483 -23 19.912 21.7661 -23 21.1665 20.5483 0 19.912 21.7661 0 18.5876 22.9075 0 21.1665 20.5483 -23 18.5876 22.9075 -23 17.1979 23.9684 0 17.1979 23.9684 -23 15.7478 24.9451 -23 15.7478 24.9451 0 14.2424 25.8342 -23 14.2424 25.8342 0 12.6869 26.6325 -23 12.6869 26.6325 0 11.0869 27.3373 -23 11.0869 27.3373 0 9.44796 27.9461 0 9.44796 27.9461 -23 7.77582 28.4567 -23 7.77582 28.4567 0 6.07637 28.8674 0 6.07637 28.8674 -23 4.35557 29.1767 0 4.35557 29.1767 -23 2.61948 29.3835 -23 2.61948 29.3835 0 0.874183 29.487 -23 0.874183 29.487 0 -0.874183 29.487 -23 -0.874183 29.487 0 -2.61948 29.3835 -23 -2.61948 29.3835 0 -4.35557 29.1767 0 -4.35557 29.1767 -23 -6.07637 28.8674 -23 -6.07637 28.8674 0 -7.77582 28.4567 -23 -7.77582 28.4567 0 -9.44796 27.9461 -23 -9.44796 27.9461 0 -11.0869 27.3373 -23 -11.0869 27.3373 0 -12.6869 26.6325 -23 -12.6869 26.6325 0 -14.2424 25.8342 -23 -14.2424 25.8342 0 -15.7478 24.9451 -23 -15.7478 24.9451 0 -17.1979 23.9684 -23 -17.1979 23.9684 0 -18.5876 22.9075 0 -18.5876 22.9075 -23 -19.912 21.7661 -23 -19.912 21.7661 0 -21.1665 20.5483 -23 -21.1665 20.5483 0 -22.3466 19.2582 -23 -21.1665 20.5483 0 -22.3466 19.2582 0 -23.4482 17.9006 0 -21.1665 20.5483 -23 -23.4482 17.9006 -23 -24.4675 16.4801 -23 -24.4675 16.4801 0 -25.4008 15.0017 -23 -25.4008 15.0017 0 -26.2449 13.4706 -23 -26.2449 13.4706 0 -26.9968 11.8921 -23 -26.9968 11.8921 0 -27.6539 10.2719 0 -27.6539 10.2719 -23 -28.2138 8.615671 -23 -28.2138 8.615671 0 -28.6747 6.92914 -23 -28.6747 6.92914 0 -29.0348 5.21826 -23 -29.0348 5.21826 0 -29.2929 3.48906 0 -29.2929 3.48906 -23 -29.4482 1.7476 -23 -29.4482 1.7476 0 -29.5 0 -23 -29.5 0 0 -29.4482 -1.7476 -23 -29.4482 -1.7476 0 -29.2929 -3.48906 0 -29.2929 -3.48906 -23 -29.0348 -5.21826 -23 -29.0348 -5.21826 0 -28.6747 -6.92914 0 -28.6747 -6.92914 -23 -28.2138 -8.615671 0 -28.2138 -8.615671 -23 -27.6539 -10.2719 -23 -27.6539 -10.2719 0 -26.9968 -11.8921 -23 -26.9968 -11.8921 0 -26.2449 -13.4706 -23 -26.2449 -13.4706 0 -25.4008 -15.0017 0 -25.4008 -15.0017 -23 -24.4675 -16.4801 0 -24.4675 -16.4801 -23 -23.4482 -17.9006 0 -23.4482 -17.9006 -23 -22.3466 -19.2582 -23 -22.3466 -19.2582 0 -21.1665 -20.5483 0 -21.1665 -20.5483 -23 -19.912 -21.7661 -23 -19.912 -21.7661 0 -18.5876 -22.9075 -23 -19.912 -21.7661 0 -18.5876 -22.9075 0 -17.1979 -23.9684 0 -19.912 -21.7661 -23 -17.1979 -23.9684 -23 -15.7478 -24.9451 0 -15.7478 -24.9451 -23 -14.2424 -25.8342 -23 -14.2424 -25.8342 0 -12.6869 -26.6325 0 -12.6869 -26.6325 -23 -11.0869 -27.3373 -23 -11.0869 -27.3373 0 -9.44796 -27.9461 -23 -9.44796 -27.9461 0 -7.77582 -28.4567 0 -7.77582 -28.4567 -23 -6.07637 -28.8674 0 -6.07637 -28.8674 -23 -4.35557 -29.1767 -23 -4.35557 -29.1767 0 -2.61948 -29.3835 -23 -2.61948 -29.3835 0 -0.874183 -29.487 0 -0.874183 -29.487 -23 0.874183 -29.487 0 0.874183 -29.487 -23 2.61948 -29.3835 -23 2.61948 -29.3835 0 4.35557 -29.1767 -23 4.35557 -29.1767 0 6.07637 -28.8674 -23 6.07637 -28.8674 0 7.77582 -28.4567 -23 7.77582 -28.4567 0 9.44796 -27.9461 -23 9.44796 -27.9461 0 11.0869 -27.3373 -23 11.0869 -27.3373 0 12.6869 -26.6325 -23 12.6869 -26.6325 0 14.2424 -25.8342 -23 14.2424 -25.8342 0 15.7478 -24.9451 -23 15.7478 -24.9451 0 17.1979 -23.9684 -23 17.1979 -23.9684 0 18.5876 -22.9075 -23 18.5876 -22.9075 0 19.912 -21.7661 -23 19.912 -21.7661 0 21.1665 -20.5483 -23 21.1665 -20.5483 0 21.1665 -20.5483 -23 21.1665 -20.5483 0 7.58878 35.7024 -30 5.70986 36.0506 -30 7.58878 35.7024 -24 5.70986 36.0506 -24 9.4469 35.2563 -30 9.4469 35.2563 -24 11.2791 34.7136 -30 11.2791 34.7136 -24 36.45 -1.91026 -30 36.5 0 -30 36.45 -1.91026 -24 36.5 0 -24 13.0804 34.0757 -30 13.0804 34.0757 -24 36.3 -3.81529 -30 36.3 -3.81529 -24 36.0506 -5.70986 -30 14.8459 33.3444 -30 14.8459 33.3444 -24 35.7024 -7.58878 -30 36.0506 -5.70986 -24 16.5707 32.5217 -30 16.5707 32.5217 -24 18.25 31.6099 -30 35.7024 -7.58878 -24 18.25 31.6099 -24 35.2563 -9.4469 -30 35.2563 -9.4469 -24 34.7136 -11.2791 -30 19.8793 30.6115 -30 19.8793 30.6115 -24 34.7136 -11.2791 -24 21.4542 29.5291 -30 21.4542 29.5291 -24 34.0757 -13.0804 -30 34.0757 -13.0804 -24 33.3444 -14.8459 -30 22.9702 28.3658 -30 22.9702 28.3658 -24 33.3444 -14.8459 -24 24.4233 27.1248 -30 24.4233 27.1248 -24 32.5217 -16.5707 -30 32.5217 -16.5707 -24 25.8094 25.8094 -30 24.4233 27.1248 -30 25.8094 25.8094 -24 24.4233 27.1248 -24 31.6099 -18.25 -30 31.6099 -18.25 -24 30.6115 -19.8793 -30 27.1248 24.4233 -30 27.1248 24.4233 -24 29.5291 -21.4542 -30 30.6115 -19.8793 -24 28.3658 22.9702 -30 28.3658 22.9702 -24 29.5291 21.4542 -30 29.5291 21.4542 -24 29.5291 -21.4542 -24 30.6115 19.8793 -30 30.6115 19.8793 -24 28.3658 -22.9702 -30 28.3658 -22.9702 -24 31.6099 18.25 -30 31.6099 18.25 -24 27.1248 -24.4233 -24 27.1248 -24.4233 -30 32.5217 16.5707 -30 32.5217 16.5707 -24 25.8094 -25.8094 -24 25.8094 -25.8094 -30 33.3444 14.8459 -30 33.3444 14.8459 -24 25.8094 -25.8094 -30 25.8094 -25.8094 -24 24.4233 -27.1248 -24 24.4233 -27.1248 -30 34.0757 13.0804 -30 34.0757 13.0804 -24 22.9702 -28.3658 -24 22.9702 -28.3658 -30 34.7136 11.2791 -30 34.7136 11.2791 -24 21.4542 -29.5291 -24 21.4542 -29.5291 -30 35.2563 9.4469 -30 35.2563 9.4469 -24 35.7024 7.58878 -30 19.8793 -30.6115 -24 19.8793 -30.6115 -30 35.7024 7.58878 -24 18.25 -31.6099 -24 36.0506 5.70986 -24 18.25 -31.6099 -30 36.0506 5.70986 -30 36.3 3.81529 -24 16.5707 -32.5217 -24 16.5707 -32.5217 -30 14.8459 -33.3444 -30 36.3 3.81529 -30 36.45 1.91026 -24 36.45 1.91026 -30 14.8459 -33.3444 -24 13.0804 -34.0757 -24 13.0804 -34.0757 -30 11.2791 -34.7136 -24 11.2791 -34.7136 -30 9.4469 -35.2563 -30 9.4469 -35.2563 -24 7.58878 -35.7024 -30 7.58878 -35.7024 -24 5.70986 -36.0506 -30 5.70986 -36.0506 -24 3.81529 -36.3 -30 3.81529 -36.3 -24 1.91026 -36.45 -30 1.91026 -36.45 -24 0 -36.5 -30 -1.91026 -36.45 -30 0 -36.5 -24 -3.81529 -36.3 -30 -1.91026 -36.45 -24 -3.81529 -36.3 -24 -5.70986 -36.0506 -30 -5.70986 -36.0506 -24 -7.58878 -35.7024 -30 -7.58878 -35.7024 -24 -9.4469 -35.2563 -30 -9.4469 -35.2563 -24 -11.2791 -34.7136 -30 -11.2791 -34.7136 -24 -13.0804 -34.0757 -30 -13.0804 -34.0757 -24 -14.8459 -33.3444 -30 -14.8459 -33.3444 -24 -16.5707 -32.5217 -30 -16.5707 -32.5217 -24 -18.25 -31.6099 -24 -18.25 -31.6099 -30 -19.8793 -30.6115 -24 -19.8793 -30.6115 -30 -21.4542 -29.5291 -24 -21.4542 -29.5291 -30 -22.9702 -28.3658 -24 -22.9702 -28.3658 -30 -24.4233 -27.1248 -24 -24.4233 -27.1248 -30 -25.8094 -25.8094 -30 -25.8094 -25.8094 -24 -27.1248 -24.4233 -30 -25.8094 -25.8094 -30 -25.8094 -25.8094 -24 -27.1248 -24.4233 -24 -28.3658 -22.9702 -24 -28.3658 -22.9702 -30 -29.5291 -21.4542 -30 -29.5291 -21.4542 -24 -30.6115 -19.8793 -24 -30.6115 -19.8793 -30 -31.6099 -18.25 -24 -31.6099 -18.25 -30 -32.5217 -16.5707 -30 -32.5217 -16.5707 -24 -33.3444 -14.8459 -30 -33.3444 -14.8459 -24 -34.0757 -13.0804 -24 -34.0757 -13.0804 -30 -34.7136 -11.2791 -24 -34.7136 -11.2791 -30 -35.2563 -9.4469 -24 -35.2563 -9.4469 -30 -35.7024 -7.58878 -24 -35.7024 -7.58878 -30 -36.0506 -5.70986 -24 -36.0506 -5.70986 -30 -36.3 -3.81529 -24 -36.3 -3.81529 -30 -36.45 -1.91026 -24 -36.45 -1.91026 -30 -36.5 0 -30 -36.5 0 -24 -36.45 1.91026 -30 -36.45 1.91026 -24 -36.3 3.81529 -30 -36.3 3.81529 -24 -36.0506 5.70986 -30 -36.0506 5.70986 -24 -35.7024 7.58878 -30 -35.7024 7.58878 -24 -35.2563 9.4469 -24 -35.2563 9.4469 -30 -34.7136 11.2791 -30 -34.7136 11.2791 -24 -34.0757 13.0804 -24 -34.0757 13.0804 -30 -33.3444 14.8459 -30 -33.3444 14.8459 -24 -32.5217 16.5707 -24 -32.5217 16.5707 -30 -31.6099 18.25 -30 -31.6099 18.25 -24 -30.6115 19.8793 -24 -30.6115 19.8793 -30 -29.5291 21.4542 -30 -29.5291 21.4542 -24 -28.3658 22.9702 -24 -28.3658 22.9702 -30 -27.1248 24.4233 -24 -27.1248 24.4233 -30 -27.1248 24.4233 -30 -27.1248 24.4233 -24 -25.8094 25.8094 -24 -25.8094 25.8094 -30 -24.4233 27.1248 -24 -24.4233 27.1248 -30 -22.9702 28.3658 -30 -22.9702 28.3658 -24 -21.4542 29.5291 -24 -21.4542 29.5291 -30 -19.8793 30.6115 -24 -19.8793 30.6115 -30 -18.25 31.6099 -24 -18.25 31.6099 -30 -16.5707 32.5217 -30 -16.5707 32.5217 -24 -14.8459 33.3444 -30 -14.8459 33.3444 -24 -13.0804 34.0757 -30 -13.0804 34.0757 -24 -11.2791 34.7136 -30 -11.2791 34.7136 -24 -9.4469 35.2563 -30 -9.4469 35.2563 -24 -7.58878 35.7024 -30 -7.58878 35.7024 -24 -5.70986 36.0506 -30 -5.70986 36.0506 -24 -3.81529 36.3 -30 -3.81529 36.3 -24 -1.91026 36.45 -30 -1.91026 36.45 -24 0 36.5 -24 0 36.5 -30 1.91026 36.45 -24 1.91026 36.45 -30 3.81529 36.3 -24 3.81529 36.3 -30 -29.2929 -3.48906 0 -20.9488 -1.46489 0 -20.7956 -2.92264 0 -29.0348 -5.21826 0 2.61948 29.3835 0 2.1951 20.885 0 0.732889 20.9872 0 4.35557 29.1767 0 -29.4482 -1.7476 0 -21 0 0 0.874183 29.487 0 -0.732889 20.9872 0 -29.5 0 0 -0.874183 29.487 0 -29.4482 1.7476 0 15.1061 -14.5878 0 21.1665 -20.5483 0 19.912 -21.7661 0 22.3466 -19.2582 0 -20.9488 1.46489 0 -2.61948 29.3835 0 14.0517 -15.606 0 -2.1951 20.885 0 18.5876 -22.9075 0 -29.2929 3.48906 0 16.0869 -13.4985 0 23.4482 -17.9006 0 -20.7956 2.92264 0 -4.35557 29.1767 0 -3.64661 20.681 0 12.9289 -16.5482 0 -29.0348 5.21826 0 17.1979 -23.9684 0 -20.5411 4.36615 0 -6.07637 28.8674 0 16.9894 -12.3435 0 -5.08036 20.3762 0 24.4675 -16.4801 0 11.743 -17.4098 0 -28.6747 6.92914 0 -20.1865 5.78838 0 15.7478 -24.9451 0 -7.77582 28.4567 0 -6.48936 19.9722 0 17.809 -11.1283 0 25.4008 -15.0017 0 10.5 -18.1865 0 -28.2138 8.615671 0 -19.7335 7.18242 0 -9.44796 27.9461 0 -7.86674 19.4709 0 14.2424 -25.8342 0 -27.6539 10.2719 0 -19.1845 8.54147 0 18.5419 -9.858901 0 26.2449 -13.4706 0 -11.0869 27.3373 0 9.20579 -18.8747 0 -26.9968 11.8921 0 12.6869 -26.6325 0 -12.6869 26.6325 0 -9.20579 18.8747 0 19.1845 -8.54147 0 26.9968 -11.8921 0 27.6539 -10.2719 0 -26.2449 13.4706 0 -18.5419 9.858901 0 7.86674 -19.4709 0 -14.2424 25.8342 0 -10.5 18.1865 0 11.0869 -27.3373 0 9.44796 -27.9461 0 19.7335 -7.18242 0 28.2138 -8.615671 0 -25.4008 15.0017 0 -17.809 11.1283 0 -15.7478 24.9451 0 -11.743 17.4098 0 6.48936 -19.9722 0 -24.4675 16.4801 0 -16.9894 12.3435 0 -17.1979 23.9684 0 -12.9289 16.5482 0 7.77582 -28.4567 0 20.1865 -5.78838 0 28.6747 -6.92914 0 -23.4482 17.9006 0 -16.0869 13.4985 0 -18.5876 22.9075 0 -14.0517 15.606 0 -22.3466 19.2582 0 -15.1061 14.5878 0 -19.912 21.7661 0 5.08036 -20.3762 0 6.07637 -28.8674 0 -21.1665 20.5483 0 20.5411 -4.36615 0 29.0348 -5.21826 0 3.64661 -20.681 0 4.35557 -29.1767 0 20.7956 -2.92264 0 29.2929 -3.48906 0 2.1951 -20.885 0 2.61948 -29.3835 0 20.9488 -1.46489 0 29.4482 -1.7476 0 0.732889 -20.9872 0 0.874183 -29.487 0 21 0 0 29.4482 1.7476 0 29.5 0 0 -0.732889 -20.9872 0 -0.874183 -29.487 0 -2.61948 -29.3835 0 20.9488 1.46489 0 29.2929 3.48906 0 -2.1951 -20.885 0 -4.35557 -29.1767 0 20.7956 2.92264 0 29.0348 5.21826 0 -3.64661 -20.681 0 -6.07637 -28.8674 0 20.5411 4.36615 0 28.6747 6.92914 0 -5.08036 -20.3762 0 -7.77582 -28.4567 0 20.1865 5.78838 0 28.2138 8.615671 0 -6.48936 -19.9722 0 -9.44796 -27.9461 0 19.7335 7.18242 0 27.6539 10.2719 0 -7.86674 -19.4709 0 -11.0869 -27.3373 0 -12.6869 -26.6325 0 19.1845 8.54147 0 26.9968 11.8921 0 26.2449 13.4706 0 -9.20579 -18.8747 0 -14.2424 -25.8342 0 18.5419 9.858901 0 25.4008 15.0017 0 -10.5 -18.1865 0 -15.7478 -24.9451 0 17.809 11.1283 0 24.4675 16.4801 0 -11.743 -17.4098 0 -17.1979 -23.9684 0 16.9894 12.3435 0 23.4482 17.9006 0 -12.9289 -16.5482 0 -18.5876 -22.9075 0 16.0869 13.4985 0 22.3466 19.2582 0 -14.0517 -15.606 0 -19.912 -21.7661 0 15.1061 14.5878 0 21.1665 20.5483 0 -15.1061 -14.5878 0 -21.1665 -20.5483 0 19.912 21.7661 0 14.0517 15.606 0 -22.3466 -19.2582 0 -16.0869 -13.4985 0 18.5876 22.9075 0 12.9289 16.5482 0 -23.4482 -17.9006 0 -16.9894 -12.3435 0 17.1979 23.9684 0 11.743 17.4098 0 -24.4675 -16.4801 0 -17.809 -11.1283 0 15.7478 24.9451 0 10.5 18.1865 0 -25.4008 -15.0017 0 -18.5419 -9.858901 0 14.2424 25.8342 0 9.20579 18.8747 0 -26.2449 -13.4706 0 -19.1845 -8.54147 0 12.6869 26.6325 0 7.86674 19.4709 0 -26.9968 -11.8921 0 11.0869 27.3373 0 -27.6539 -10.2719 0 -19.7335 -7.18242 0 9.44796 27.9461 0 6.48936 19.9722 0 -28.2138 -8.615671 0 -20.1865 -5.78838 0 7.77582 28.4567 0 5.08036 20.3762 0 -28.6747 -6.92914 0 -20.5411 -4.36615 0 6.07637 28.8674 0 3.64661 20.681 0 10.5 18.1865 -24 19.8793 30.6115 -24 18.25 31.6099 -24 -30.6115 -19.8793 -24 -17.809 -11.1283 -24 -31.6099 -18.25 -24 -18.5419 -9.858901 -24 9.20579 18.8747 -24 16.5707 32.5217 -24 -32.5217 -16.5707 -24 -19.1845 -8.54147 -24 7.86674 19.4709 -24 14.8459 33.3444 -24 -33.3444 -14.8459 -24 6.48936 19.9722 -24 13.0804 34.0757 -24 -19.7335 -7.18242 -24 -34.0757 -13.0804 -24 11.2791 34.7136 -24 -20.1865 -5.78838 -24 -34.7136 -11.2791 -24 9.4469 35.2563 -24 5.08036 20.3762 -24 -35.2563 -9.4469 -24 -20.5411 -4.36615 -24 25.8094 -25.8094 -24 27.1248 -24.4233 -24 15.1061 -14.5878 -24 3.64661 20.681 -24 7.58878 35.7024 -24 24.4233 -27.1248 -24 14.0517 -15.606 -24 -35.7024 -7.58878 -24 22.9702 -28.3658 -24 28.3658 -22.9702 -24 16.0869 -13.4985 -24 21.4542 -29.5291 -24 12.9289 -16.5482 -24 5.70986 36.0506 -24 2.1951 20.885 -24 -36.0506 -5.70986 -24 29.5291 -21.4542 -24 30.6115 -19.8793 -24 16.9894 -12.3435 -24 -20.7956 -2.92264 -24 3.81529 36.3 -24 19.8793 -30.6115 -24 11.743 -17.4098 -24 -36.3 -3.81529 -24 -20.9488 -1.46489 -24 0.732889 20.9872 -24 1.91026 36.45 -24 31.6099 -18.25 -24 17.809 -11.1283 -24 18.25 -31.6099 -24 10.5 -18.1865 -24 16.5707 -32.5217 -24 -36.45 -1.91026 -24 -21 0 -24 -0.732889 20.9872 -24 0 36.5 -24 32.5217 -16.5707 -24 18.5419 -9.858901 -24 -36.5 0 -24 -2.1951 20.885 -24 -1.91026 36.45 -24 14.8459 -33.3444 -24 9.20579 -18.8747 -24 33.3444 -14.8459 -24 34.0757 -13.0804 -24 19.1845 -8.54147 -24 -20.9488 1.46489 -24 -36.45 1.91026 -24 13.0804 -34.0757 -24 7.86674 -19.4709 -24 -3.81529 36.3 -24 -20.7956 2.92264 -24 -36.3 3.81529 -24 34.7136 -11.2791 -24 19.7335 -7.18242 -24 -3.64661 20.681 -24 -5.70986 36.0506 -24 11.2791 -34.7136 -24 6.48936 -19.9722 -24 9.4469 -35.2563 -24 -36.0506 5.70986 -24 -20.5411 4.36615 -24 -7.58878 35.7024 -24 35.2563 -9.4469 -24 20.1865 -5.78838 -24 -5.08036 20.3762 -24 -35.7024 7.58878 -24 7.58878 -35.7024 -24 5.08036 -20.3762 -24 -6.48936 19.9722 -24 -9.4469 35.2563 -24 35.7024 -7.58878 -24 36.0506 -5.70986 -24 20.5411 -4.36615 -24 -35.2563 9.4469 -24 -20.1865 5.78838 -24 3.64661 -20.681 -24 5.70986 -36.0506 -24 -11.2791 34.7136 -24 36.3 -3.81529 -24 20.7956 -2.92264 -24 -19.7335 7.18242 -24 -34.7136 11.2791 -24 -7.86674 19.4709 -24 -13.0804 34.0757 -24 2.1951 -20.885 -24 3.81529 -36.3 -24 1.91026 -36.45 -24 -19.1845 8.54147 -24 -34.0757 13.0804 -24 -9.20579 18.8747 -24 -14.8459 33.3444 -24 36.45 -1.91026 -24 20.9488 -1.46489 -24 0.732889 -20.9872 -24 0 -36.5 -24 -33.3444 14.8459 -24 -16.5707 32.5217 -24 -10.5 18.1865 -24 36.5 0 -24 21 0 -24 -32.5217 16.5707 -24 36.45 1.91026 -24 -18.5419 9.858901 -24 -18.25 31.6099 -24 -31.6099 18.25 -24 -1.91026 -36.45 -24 -0.732889 -20.9872 -24 -17.809 11.1283 -24 -19.8793 30.6115 -24 -11.743 17.4098 -24 36.3 3.81529 -24 20.9488 1.46489 -24 -30.6115 19.8793 -24 -16.9894 12.3435 -24 -3.81529 -36.3 -24 -2.1951 -20.885 -24 -12.9289 16.5482 -24 -21.4542 29.5291 -24 -5.70986 -36.0506 -24 -29.5291 21.4542 -24 -22.9702 28.3658 -24 -14.0517 15.606 -24 20.7956 2.92264 -24 -28.3658 22.9702 -24 -16.0869 13.4985 -24 36.0506 5.70986 -24 -24.4233 27.1248 -24 -7.58878 -35.7024 -24 -3.64661 -20.681 -24 -27.1248 24.4233 -24 -15.1061 14.5878 -24 -25.8094 25.8094 -24 35.7024 7.58878 -24 35.2563 9.4469 -24 20.5411 4.36615 -24 -9.4469 -35.2563 -24 -5.08036 -20.3762 -24 34.7136 11.2791 -24 20.1865 5.78838 -24 -6.48936 -19.9722 -24 -11.2791 -34.7136 -24 -13.0804 -34.0757 -24 34.0757 13.0804 -24 19.7335 7.18242 -24 -14.8459 -33.3444 -24 -7.86674 -19.4709 -24 33.3444 14.8459 -24 32.5217 16.5707 -24 19.1845 8.54147 -24 -16.5707 -32.5217 -24 -9.20579 -18.8747 -24 31.6099 18.25 -24 18.5419 9.858901 -24 -18.25 -31.6099 -24 -10.5 -18.1865 -24 -19.8793 -30.6115 -24 30.6115 19.8793 -24 17.809 11.1283 -24 -11.743 -17.4098 -24 -21.4542 -29.5291 -24 29.5291 21.4542 -24 28.3658 22.9702 -24 16.9894 12.3435 -24 -12.9289 -16.5482 -24 -22.9702 -28.3658 -24 16.0869 13.4985 -24 27.1248 24.4233 -24 -14.0517 -15.606 -24 -24.4233 -27.1248 -24 15.1061 14.5878 -24 25.8094 25.8094 -24 -25.8094 -25.8094 -24 -15.1061 -14.5878 -24 14.0517 15.606 -24 24.4233 27.1248 -24 -27.1248 -24.4233 -24 -16.0869 -13.4985 -24 22.9702 28.3658 -24 12.9289 16.5482 -24 -28.3658 -22.9702 -24 -16.9894 -12.3435 -24 11.743 17.4098 -24 21.4542 29.5291 -24 -29.5291 -21.4542 -24 21 0 0 21 0 -23 20.9488 1.46489 -23 20.9488 1.46489 0 20.7956 2.92264 0 20.7956 2.92264 -23 20.5411 4.36615 0 20.5411 4.36615 -23 20.1865 5.78838 -23 20.1865 5.78838 0 19.7335 7.18242 -23 19.7335 7.18242 0 19.1845 8.54147 -23 19.1845 8.54147 0 18.5419 9.858901 -23 18.5419 9.858901 0 17.809 11.1283 0 17.809 11.1283 -23 16.0869 13.4985 0 16.9894 12.3435 0 16.9894 12.3435 -23 16.0869 13.4985 -23 15.1061 14.5878 0 15.1061 14.5878 -23 14.0517 15.606 0 14.0517 15.606 -23 12.9289 16.5482 0 14.0517 15.606 0 12.9289 16.5482 -23 14.0517 15.606 -23 11.743 17.4098 0 11.743 17.4098 -23 10.5 18.1865 0 10.5 18.1865 -23 9.20579 18.8747 0 9.20579 18.8747 -23 7.86674 19.4709 0 7.86674 19.4709 -23 6.48936 19.9722 0 6.48936 19.9722 -23 5.08036 20.3762 0 5.08036 20.3762 -23 3.64661 20.681 0 3.64661 20.681 -23 2.1951 20.885 0 2.1951 20.885 -23 0.732889 20.9872 0 0.732889 20.9872 -23 -0.732889 20.9872 0 -0.732889 20.9872 -23 -2.1951 20.885 0 -2.1951 20.885 -23 -3.64661 20.681 0 -3.64661 20.681 -23 -5.08036 20.3762 0 -5.08036 20.3762 -23 -6.48936 19.9722 0 -6.48936 19.9722 -23 -7.86674 19.4709 0 -7.86674 19.4709 -23 -9.20579 18.8747 0 -9.20579 18.8747 -23 -10.5 18.1865 -23 -10.5 18.1865 0 -11.743 17.4098 -23 -11.743 17.4098 0 -12.9289 16.5482 0 -12.9289 16.5482 -23 -14.0517 15.606 -23 -14.0517 15.606 0 -15.1061 14.5878 -23 -15.1061 14.5878 0 -16.0869 13.4985 0 -15.1061 14.5878 0 -16.0869 13.4985 -23 -15.1061 14.5878 -23 -16.9894 12.3435 0 -16.9894 12.3435 -23 -17.809 11.1283 0 -17.809 11.1283 -23 -18.5419 9.858901 0 -18.5419 9.858901 -23 -19.1845 8.54147 0 -19.1845 8.54147 -23 -19.7335 7.18242 0 -19.7335 7.18242 -23 -20.1865 5.78838 0 -20.1865 5.78838 -23 -20.5411 4.36615 0 -20.5411 4.36615 -23 -20.7956 2.92264 0 -20.7956 2.92264 -23 -20.9488 1.46489 0 -20.9488 1.46489 -23 -21 0 0 -21 0 -23 -20.9488 -1.46489 0 -20.9488 -1.46489 -23 -20.7956 -2.92264 0 -20.7956 -2.92264 -23 -20.5411 -4.36615 0 -20.5411 -4.36615 -23 -20.1865 -5.78838 0 -20.1865 -5.78838 -23 -19.7335 -7.18242 0 -19.7335 -7.18242 -23 -19.1845 -8.54147 0 -19.1845 -8.54147 -23 -18.5419 -9.858901 0 -18.5419 -9.858901 -23 -17.809 -11.1283 0 -17.809 -11.1283 -23 -16.9894 -12.3435 -23 -16.9894 -12.3435 0 -16.0869 -13.4985 -23 -16.0869 -13.4985 0 -15.1061 -14.5878 -23 -15.1061 -14.5878 0 -15.1061 -14.5878 0 -15.1061 -14.5878 -23 -14.0517 -15.606 -23 -14.0517 -15.606 0 -12.9289 -16.5482 0 -12.9289 -16.5482 -23 -11.743 -17.4098 -23 -11.743 -17.4098 0 -10.5 -18.1865 -23 -10.5 -18.1865 0 -9.20579 -18.8747 -23 -9.20579 -18.8747 0 -7.86674 -19.4709 -23 -7.86674 -19.4709 0 -6.48936 -19.9722 -23 -6.48936 -19.9722 0 -5.08036 -20.3762 -23 -5.08036 -20.3762 0 -3.64661 -20.681 0 -3.64661 -20.681 -23 -2.1951 -20.885 -23 -2.1951 -20.885 0 -0.732889 -20.9872 -23 -0.732889 -20.9872 0 0.732889 -20.9872 -23 0.732889 -20.9872 0 2.1951 -20.885 -23 2.1951 -20.885 0 3.64661 -20.681 0 3.64661 -20.681 -23 5.08036 -20.3762 0 5.08036 -20.3762 -23 6.48936 -19.9722 0 6.48936 -19.9722 -23 7.86674 -19.4709 0 7.86674 -19.4709 -23 9.20579 -18.8747 0 9.20579 -18.8747 -23 10.5 -18.1865 0 10.5 -18.1865 -23 11.743 -17.4098 0 11.743 -17.4098 -23 12.9289 -16.5482 0 12.9289 -16.5482 -23 14.0517 -15.606 0 14.0517 -15.606 -23 15.1061 -14.5878 0 15.1061 -14.5878 -23 15.1061 -14.5878 0 15.1061 -14.5878 -23 16.0869 -13.4985 -23 16.0869 -13.4985 0 16.9894 -12.3435 -23 16.9894 -12.3435 0 17.809 -11.1283 -23 17.809 -11.1283 0 18.5419 -9.858901 -23 18.5419 -9.858901 0 19.1845 -8.54147 -23 19.1845 -8.54147 0 19.7335 -7.18242 0 19.7335 -7.18242 -23 20.1865 -5.78838 -23 20.1865 -5.78838 0 20.5411 -4.36615 -23 20.5411 -4.36615 0 20.7956 -2.92264 -23 20.7956 -2.92264 0 20.9488 -1.46489 -23 20.9488 -1.46489 0 21 0 -24 20.9488 1.46489 -24 20.7956 2.92264 -24 20.5411 4.36615 -24 20.1865 5.78838 -24 19.7335 7.18242 -24 19.1845 8.54147 -24 18.5419 9.858901 -24 17.809 11.1283 -24 16.9894 12.3435 -24 16.0869 13.4985 -24 15.1061 14.5878 -24 14.0517 15.606 -24 14.0517 15.606 -24 12.9289 16.5482 -24 11.743 17.4098 -24 10.5 18.1865 -24 9.20579 18.8747 -24 7.86674 19.4709 -24 6.48936 19.9722 -24 5.08036 20.3762 -24 3.64661 20.681 -24 2.1951 20.885 -24 0.732889 20.9872 -24 -0.732889 20.9872 -24 -2.1951 20.885 -24 -3.64661 20.681 -24 -5.08036 20.3762 -24 -6.48936 19.9722 -24 -7.86674 19.4709 -24 -9.20579 18.8747 -24 -10.5 18.1865 -24 -11.743 17.4098 -24 -12.9289 16.5482 -24 -14.0517 15.606 -24 -15.1061 14.5878 -24 -15.1061 14.5878 -24 -16.0869 13.4985 -24 -16.9894 12.3435 -24 -17.809 11.1283 -24 -18.5419 9.858901 -24 -19.1845 8.54147 -24 -19.7335 7.18242 -24 -20.1865 5.78838 -24 -20.5411 4.36615 -24 -20.7956 2.92264 -24 -20.9488 1.46489 -24 -21 0 -24 -20.9488 -1.46489 -24 -20.7956 -2.92264 -24 -20.5411 -4.36615 -24 -20.1865 -5.78838 -24 -19.7335 -7.18242 -24 -19.1845 -8.54147 -24 -18.5419 -9.858901 -24 -17.809 -11.1283 -24 -16.9894 -12.3435 -24 -16.0869 -13.4985 -24 -15.1061 -14.5878 -24 -15.1061 -14.5878 -24 -14.0517 -15.606 -24 -12.9289 -16.5482 -24 -11.743 -17.4098 -24 -10.5 -18.1865 -24 -9.20579 -18.8747 -24 -7.86674 -19.4709 -24 -6.48936 -19.9722 -24 -5.08036 -20.3762 -24 -3.64661 -20.681 -24 -2.1951 -20.885 -24 -0.732889 -20.9872 -24 0.732889 -20.9872 -24 2.1951 -20.885 -24 3.64661 -20.681 -24 5.08036 -20.3762 -24 6.48936 -19.9722 -24 7.86674 -19.4709 -24 9.20579 -18.8747 -24 10.5 -18.1865 -24 11.743 -17.4098 -24 12.9289 -16.5482 -24 14.0517 -15.606 -24 15.1061 -14.5878 -24 15.1061 -14.5878 -24 16.0869 -13.4985 -24 16.9894 -12.3435 -24 17.809 -11.1283 -24 18.5419 -9.858901 -24 19.1845 -8.54147 -24 19.7335 -7.18242 -24 20.1865 -5.78838 -24 20.5411 -4.36615 -24 20.7956 -2.92264 -24 20.9488 -1.46489 -24 -19.5827 -4.06429 -44 -23.5514 -8.38629 -44 -23.1952 -6.33092 -40 -23.9734 -7.25086 -40 -22.417 -5.41098 -40 -26.7455 -8.81971 -36 -25.9829 -7.84423 -36 -25.2203 -6.86875 -36 -29.8636 -6.19804 -24 -24.4577 -5.89327 -36 -33.443 -11.9085 -24 -28.7394 -9.46862 -32 -27.9923 -8.437601 -32 -27.2453 -7.40658 -32 -26.4983 -6.37556 -32 -30.7333 -10.1175 -28 -30.0018 -9.03097 -28 -29.2703 -7.94441 -28 -28.5389 -6.85785 -28 -19.5827 -4.06429 -44 -22.7185 -3.96148 -40 -23.7982 -3.43191 -40 -24.9421 -1.70038 -44 -24.8779 -2.90234 -40 -25.9576 -2.37278 -40 -29.8636 -6.19804 -24 -24.7825 -4.33144 -36 -25.87 -3.74509 -36 -26.9575 -3.15875 -36 -28.0449 -2.5724 -36 -26.8465 -4.70141 -32 -27.9417 -4.05828 -32 -29.037 -3.41514 -32 -35.4178 -2.41454 -24 -30.1323 -2.77201 -32 -28.9105 -5.07138 -28 -30.0135 -4.37146 -28 -31.1166 -3.67154 -28 -32.2196 -2.97163 -28 -19.9531 1.36901 -44 -24.9421 -1.70038 -44 -25.0416 -0.500825 -40 -26.0394 -1.17202 -40 -24.0438 0.170369 -40 -23.046 0.841564 -40 -28.1346 -1.25754 -36 -27.1367 -0.529026 -36 -26.1389 0.199484 -36 -25.1411 0.927994 -36 -35.4178 -2.41454 -24 -30.2297 -1.34305 -32 -29.2318 -0.557227 -32 -28.234 0.228599 -32 -30.4285 2.08774 -24 -27.2362 1.01443 -32 -32.3248 -1.42857 -28 -31.327 -0.585428 -28 -30.3291 0.257714 -28 -29.3312 1.10086 -28 -19.9531 1.36901 -44 -22.945 2.31395 -40 -23.8417 3.11513 -40 -24.4761 5.09104 -44 -24.7385 3.91632 -40 -25.6353 4.7175 -40 -30.4285 2.08774 -24 -25.0322 2.51447 -36 -25.9212 3.37244 -36 -26.8102 4.2304 -36 -27.6992 5.08837 -36 -25.0322 2.51447 -36 -30.4285 2.08774 -24 -27.1195 2.715 -32 -28.0006 3.62975 -32 -28.0006 3.62975 -32 -25.9212 3.37244 -36 -28.8818 4.54449 -32 -28.8818 4.54449 -32 -34.7561 7.22928 -24 -24.4761 5.09104 -44 -29.763 5.45924 -32 -29.763 5.45924 -32 -26.8102 4.2304 -36 -29.2067 2.91552 -28 -30.0801 3.88705 -28 -30.9534 4.85858 -28 -31.8268 5.83011 -28 -18.8441 6.70081 -44 -24.4761 5.09104 -44 -24.2484 6.27297 -40 -25.3903 5.89583 -40 -23.1065 6.65011 -40 -21.9646 7.02725 -40 -34.7561 7.22928 -24 -27.4308 6.37867 -36 -26.2734 6.811 -36 -25.1161 7.24332 -36 -23.9587 7.67565 -36 -29.4713 6.8615 -32 -28.2985 7.34902 -32 -27.1256 7.83653 -32 -28.7372 10.2187 -24 -25.9528 8.32405 -32 -31.5118 7.34434 -28 -30.3235 7.88704 -28 -29.1352 8.42974 -28 -27.9469 8.97245 -28 -22.1954 11.505 -44 -18.8441 6.70081 -44 -22.1175 9.4312 -40 -22.765 10.4446 -40 -23.4124 11.458 -40 -23.4259 9.173951 -36 -24.0505 10.2399 -36 -24.6751 11.3059 -36 -25.2996 12.3719 -36 -28.7372 10.2187 -24 -25.3817 9.9301 -32 -25.9834 11.0486 -32 -26.5852 12.1672 -32 -31.5175 16.3371 -24 -27.1869 13.2857 -32 -27.3375 10.6863 -28 -27.9164 11.8574 -28 -28.4953 13.0285 -28 -29.0741 14.1996 -28 -16.3379 11.5358 -44 -22.1954 11.505 -44 -20.4559 12.6368 -40 -21.6572 12.5817 -40 -19.2546 12.6919 -40 -31.5175 16.3371 -24 -24.6931 13.5419 -36 -23.462 13.646 -36 -22.231 13.7501 -36 -20.9999 13.8542 -36 -26.5278 14.5573 -32 -25.2669 14.7104 -32 -24.006 14.8634 -32 -24.9152 17.5921 -24 -22.7452 15.0165 -32 -28.3624 15.5727 -28 -27.0717 15.7747 -28 -25.7811 15.9767 -28 -24.4904 16.1788 -28 -18.269 17.0659 -44 -16.3379 11.5358 -44 -18.7534 15.048 -40 -18.4034 13.8975 -40 -19.1035 16.1985 -40 -19.4535 17.349 -40 -20.0827 15.1532 -36 -20.3965 16.3482 -36 -20.7104 17.5431 -36 -21.0243 18.738 -36 -24.9152 17.5921 -24 -21.762 16.4089 -32 -22.0397 17.6483 -32 -22.3174 18.8877 -32 -25.9419 24.2336 -24 -22.595 20.1271 -32 -23.4413 17.6646 -28 -23.6828 18.9485 -28 -23.9243 20.2323 -28 -24.1658 21.5162 -28 -12.6203 15.5154 -44 -18.269 17.0659 -44 -16.2887 17.6865 -40 -17.4603 17.9575 -40 -15.117 17.4155 -40 -25.9419 24.2336 -24 -20.1246 19.7011 -36 -18.9111 19.4692 -36 -17.6976 19.2374 -36 -19.2459 23.661 -24 -16.4841 19.0055 -36 -21.6173 21.1738 -32 -20.3619 20.981 -32 -19.1065 20.7883 -32 -17.8511 20.5955 -32 -23.11 22.6464 -28 -21.8127 22.4928 -28 -20.5154 22.3392 -28 -19.2181 22.1855 -28 -12.988 21.3615 -44 -12.6203 15.5154 -44 -13.9988 19.5491 -40 -14.0255 20.7513 -40 -14.0523 21.9536 -40 -19.2459 23.661 -24 -15.2504 20.009 -36 -15.2303 21.2443 -36 -15.2102 22.4796 -36 -15.1901 23.7149 -36 -16.5287 21.6711 -32 -16.4618 22.9395 -32 -16.3948 24.2079 -32 -18.4429 30.3333 -24 -16.3279 25.4762 -32 -17.807 23.3333 -28 -17.6933 24.6347 -28 -17.5795 25.9361 -28 -17.4657 27.2375 -28 -12.988 21.3615 -44 -13.0239 22.5788 -40 -11.9688 22.0019 -40 -7.96698 18.3447 -44 -10.9137 21.4249 -40 -9.8586 20.8479 -40 -14.064 24.3996 -36 -12.958 23.8489 -36 -11.852 23.2983 -36 -12.1496 27.9756 -24 -10.746 22.7477 -36 -18.4429 30.3333 -24 -15.1041 26.2203 -32 -13.9472 25.696 -32 -12.7903 25.1718 -32 -11.6335 24.6475 -32 -16.1442 28.041 -28 -14.9364 27.5431 -28 -13.7286 27.0452 -28 -12.5209 26.5473 -28 -6.74401 24.0732 -44 -7.96698 18.3447 -44 -7.9077 23.7656 -40 -8.20631 22.6007 -40 -7.6091 24.9304 -40 -12.1496 27.9756 -24 -9.28743 23.3811 -36 -8.934821 24.5652 -36 -8.582221 25.7493 -36 -8.22961 26.9334 -36 -10.07 25.3265 -32 -9.66334 26.5298 -32 -9.256731 27.7331 -32 -9.57649 34.1839 -24 -8.850111 28.9364 -32 -10.8525 27.2719 -28 -10.3919 28.4944 -28 -9.931241 29.7169 -28 -9.470621 30.9393 -28 -6.74401 24.0732 -44 -6.45017 25.2551 -40 -5.58985 24.4149 -40 -2.72296 19.8138 -44 -4.72952 23.5747 -40 -3.86919 22.7344 -40 -6.96056 27.2889 -36 -6.04411 26.4604 -36 -6.45017 25.2551 -40 -6.96056 27.2889 -36 -6.04411 26.4604 -36 -5.12767 25.6318 -36 -5.58985 24.4149 -40 -5.12767 25.6318 -36 -4.21122 24.8032 -36 -4.72952 23.5747 -40 -4.21122 24.8032 -36 -6.74401 24.0732 -44 -9.57649 34.1839 -24 -7.47093 29.3227 -32 -7.47093 29.3227 -32 -6.49837 28.5058 -32 -5.52581 27.6889 -32 -4.15251 30.216 -24 -2.72296 19.8138 -44 -4.55325 26.872 -32 -4.55325 26.872 -32 -7.98131 31.3565 -28 -6.95263 30.5513 -28 -5.92396 29.746 -28 -4.89528 28.9408 -28 0 25 -44 -2.72296 19.8138 -44 -1.80532 23.9765 -40 -2.40709 22.9354 -40 -1.20355 25.0177 -40 -0.601774 26.0588 -40 -4.15251 30.216 -24 -2.63582 25.0197 -36 -1.97687 26.0648 -36 -1.31791 27.1099 -36 -0.658956 28.1549 -36 -2.86455 27.1041 -32 -2.14841 28.1531 -32 -1.43228 29.202 -32 0 35.5 -24 -0.716138 30.251 -32 -3.09328 29.1884 -28 -2.31996 30.2413 -28 -1.54664 31.2942 -28 -0.77332 32.3471 -28 2.72296 19.8138 -44 0 25 -44 1.20355 25.0177 -40 0.601774 26.0588 -40 1.80532 23.9765 -40 2.40709 22.9354 -40 0.658956 28.1549 -36 1.31791 27.1099 -36 1.97687 26.0648 -36 4.15251 30.216 -24 2.63582 25.0197 -36 0 35.5 -24 0.716138 30.251 -32 1.43228 29.202 -32 2.14841 28.1531 -32 2.86455 27.1041 -32 0.77332 32.3471 -28 1.54664 31.2942 -28 2.31996 30.2413 -28 3.09328 29.1884 -28 2.72296 19.8138 -44 3.86919 22.7344 -40 4.72952 23.5747 -40 6.74401 24.0732 -44 5.58985 24.4149 -40 6.45017 25.2551 -40 4.15251 30.216 -24 4.21122 24.8032 -36 5.12767 25.6318 -36 6.04411 26.4604 -36 9.57649 34.1839 -24 6.96056 27.2889 -36 4.55325 26.872 -32 5.52581 27.6889 -32 6.49837 28.5058 -32 7.47093 29.3227 -32 4.89528 28.9408 -28 5.92396 29.746 -28 6.95263 30.5513 -28 7.98131 31.3565 -28 6.74401 24.0732 -44 7.6091 24.9304 -40 7.9077 23.7656 -40 7.96698 18.3447 -44 8.20631 22.6007 -40 8.50491 21.4358 -40 8.22961 26.9334 -36 8.582221 25.7493 -36 8.934821 24.5652 -36 12.1496 27.9756 -24 9.28743 23.3811 -36 9.57649 34.1839 -24 8.850111 28.9364 -32 9.256731 27.7331 -32 9.66334 26.5298 -32 10.07 25.3265 -32 9.470621 30.9393 -28 9.931241 29.7169 -28 10.3919 28.4944 -28 10.8525 27.2719 -28 12.988 21.3615 -44 7.96698 18.3447 -44 10.9137 21.4249 -40 11.9688 22.0019 -40 13.0239 22.5788 -40 12.1496 27.9756 -24 10.746 22.7477 -36 11.852 23.2983 -36 12.958 23.8489 -36 18.4429 30.3333 -24 14.064 24.3996 -36 11.6335 24.6475 -32 12.7903 25.1718 -32 13.9472 25.696 -32 15.1041 26.2203 -32 12.5209 26.5473 -28 13.7286 27.0452 -28 14.9364 27.5431 -28 16.1442 28.041 -28 12.6203 15.5154 -44 12.988 21.3615 -44 14.0255 20.7513 -40 14.0523 21.9536 -40 13.9988 19.5491 -40 13.9721 18.3468 -40 18.4429 30.3333 -24 15.1901 23.7149 -36 15.2102 22.4796 -36 15.2303 21.2443 -36 15.2504 20.009 -36 16.3279 25.4762 -32 16.3948 24.2079 -32 16.4618 22.9395 -32 19.2459 23.661 -24 16.5287 21.6711 -32 17.4657 27.2375 -28 17.5795 25.9361 -28 17.6933 24.6347 -28 17.807 23.3333 -28 18.269 17.0659 -44 12.6203 15.5154 -44 17.4603 17.9575 -40 16.2887 17.6865 -40 18.6319 18.2285 -40 16.4841 19.0055 -36 17.6976 19.2374 -36 18.9111 19.4692 -36 20.1246 19.7011 -36 19.2459 23.661 -24 17.8511 20.5955 -32 19.1065 20.7883 -32 20.3619 20.981 -32 25.9419 24.2336 -24 21.6173 21.1738 -32 19.2181 22.1855 -28 20.5154 22.3392 -28 21.8127 22.4928 -28 23.11 22.6464 -28 16.3379 11.5358 -44 18.269 17.0659 -44 18.7534 15.048 -40 19.1035 16.1985 -40 18.4034 13.8975 -40 25.9419 24.2336 -24 21.0243 18.738 -36 20.7104 17.5431 -36 20.3965 16.3482 -36 24.9152 17.5921 -24 20.0827 15.1532 -36 22.595 20.1271 -32 22.3174 18.8877 -32 22.0397 17.6483 -32 21.762 16.4089 -32 24.1658 21.5162 -28 23.9243 20.2323 -28 23.6828 18.9485 -28 23.4413 17.6646 -28 22.1954 11.505 -44 16.3379 11.5358 -44 23.2675 13.262 -37.3333 31.5175 16.3371 -24 23.7415 14.2425 -34 24.9152 17.5921 -24 24.1741 15.291 -30.6667 22.1954 11.505 -44 23.4124 11.458 -40 22.765 10.4446 -40 18.8441 6.70081 -44 22.1175 9.4312 -40 21.4701 8.4178 -40 31.5175 16.3371 -24 25.2996 12.3719 -36 24.6751 11.3059 -36 24.0505 10.2399 -36 23.4259 9.173951 -36 27.1869 13.2857 -32 26.5852 12.1672 -32 25.9834 11.0486 -32 28.7372 10.2187 -24 25.3817 9.9301 -32 29.0741 14.1996 -28 28.4953 13.0285 -28 27.9164 11.8574 -28 27.3375 10.6863 -28 24.4761 5.09104 -44 18.8441 6.70081 -44 25.9825 6.49368 -37.3333 34.7561 7.22928 -24 26.7034 7.30997 -34 28.7372 10.2187 -24 27.4028 8.20291 -30.6667 24.4761 5.09104 -44 25.6353 4.7175 -40 24.7385 3.91632 -40 19.9531 1.36901 -44 23.8417 3.11513 -40 22.945 2.31395 -40 27.6992 5.08837 -36 26.8102 4.2304 -36 25.9212 3.37244 -36 25.0322 2.51447 -36 34.7561 7.22928 -24 29.763 5.45924 -32 28.8818 4.54449 -32 28.0006 3.62975 -32 30.4285 2.08774 -24 27.1195 2.715 -32 29.763 5.45924 -32 34.7561 7.22928 -24 31.8268 5.83011 -28 31.8268 5.83011 -28 30.4285 2.08774 -24 30.9534 4.85858 -28 30.9534 4.85858 -28 28.8818 4.54449 -32 30.0801 3.88705 -28 28.0006 3.62975 -32 27.1195 2.715 -32 29.2067 2.91552 -28 29.2067 2.91552 -28 24.9421 -1.70038 -44 19.9531 1.36901 -44 25.0416 -0.500825 -40 24.0438 0.170369 -40 26.0394 -1.17202 -40 30.4285 2.08774 -24 25.1411 0.927994 -36 26.1389 0.199484 -36 27.1367 -0.529026 -36 28.1346 -1.25754 -36 27.2362 1.01443 -32 28.234 0.228599 -32 29.2318 -0.557227 -32 35.4178 -2.41454 -24 30.2297 -1.34305 -32 29.3312 1.10086 -28 30.3291 0.257714 -28 31.327 -0.585428 -28 32.3248 -1.42857 -28 24.9421 -1.70038 -44 25.9576 -2.37278 -40 24.8779 -2.90234 -40 19.5827 -4.06429 -44 23.7982 -3.43191 -40 22.7185 -3.96148 -40 28.0449 -2.5724 -36 26.9575 -3.15875 -36 25.87 -3.74509 -36 24.7825 -4.33144 -36 35.4178 -2.41454 -24 30.1323 -2.77201 -32 29.037 -3.41514 -32 27.9417 -4.05828 -32 29.8636 -6.19804 -24 26.8465 -4.70141 -32 32.2196 -2.97163 -28 31.1166 -3.67154 -28 30.0135 -4.37146 -28 28.9105 -5.07138 -28 23.5588 -8.36573 -44 19.5827 -4.06429 -44 23.1984 -6.32201 -40 22.4186 -5.40652 -40 23.9782 -7.23749 -40 24.7579 -8.15297 -40 29.8636 -6.19804 -24 24.4594 -5.88847 -36 25.2237 -6.85915 -36 25.988 -7.82982 -36 26.7523 -8.8005 -36 26.5001 -6.37041 -32 27.249 -7.39629 -32 27.9978 -8.422161 -32 33.4534 -11.8793 -24 28.7467 -9.44803 -32 28.5408 -6.85236 -28 29.2742 -7.93342 -28 30.0077 -9.014491 -28 30.7411 -10.0955 -28 17.7603 -9.19625 -44 23.5588 -8.36573 -44 21.9902 -9.724491 -40 23.1727 -9.50581 -40 20.8077 -9.94317 -40 26.3113 -10.0424 -36 25.106 -10.3137 -36 23.9006 -10.585 -36 27.0845 -14.0243 -24 22.6953 -10.8562 -36 33.4534 -11.8793 -24 28.2674 -10.7977 -32 27.0393 -11.1216 -32 25.8111 -11.4454 -32 24.583 -11.7692 -32 30.2235 -11.553 -28 28.9725 -11.9294 -28 27.7216 -12.3059 -28 26.4706 -12.6823 -28 17.7603 -9.19625 -44 20.129 -11.2537 -40 20.6329 -12.3456 -40 20.4286 -14.4108 -44 21.1368 -13.4375 -40 21.6407 -14.5294 -40 21.9641 -12.2683 -36 22.4382 -13.4092 -36 22.9124 -14.5501 -36 29.0086 -20.4633 -24 23.3865 -15.691 -36 27.0845 -14.0243 -24 23.7992 -13.2829 -32 24.2436 -14.4728 -32 24.6879 -15.6626 -32 25.1323 -16.8525 -32 25.6343 -14.2975 -28 26.0489 -15.5363 -28 26.4635 -16.7752 -28 26.878 -18.014 -28 20.4286 -14.4108 -44 20.947 -15.5129 -40 19.7493 -15.4045 -40 14.6211 -13.6463 -44 18.5517 -15.2961 -40 17.354 -15.1876 -40 29.0086 -20.4633 -24 22.6268 -16.7679 -36 21.393 -16.7039 -36 20.1592 -16.64 -36 22.2972 -20.8107 -24 18.9254 -16.576 -36 24.3067 -18.0229 -32 23.0367 -18.0034 -32 21.7667 -17.9839 -32 20.4967 -17.9644 -32 25.9865 -19.2778 -28 24.6804 -19.3028 -28 23.3743 -19.3278 -28 22.0681 -19.3528 -28 15.7838 -19.3874 -44 14.6211 -13.6463 -44 16.5377 -17.4539 -40 16.7283 -18.6413 -40 16.919 -19.8286 -40 17.8403 -17.7386 -36 17.9891 -18.965 -36 18.1379 -20.1915 -36 18.2867 -21.418 -36 22.2972 -20.8107 -24 19.3337 -19.2106 -32 19.4406 -20.4762 -32 19.5475 -21.7418 -32 22.413 -27.5301 -24 19.6544 -23.0074 -32 20.827 -20.6826 -28 20.8921 -21.9873 -28 20.9571 -23.2921 -28 21.0221 -24.5968 -28 15.7838 -19.3874 -44 15.9856 -20.5884 -40 14.8616 -20.161 -40 10.3978 -17.0846 -44 13.7376 -19.7335 -40 12.6136 -19.306 -40 22.413 -27.5301 -24 17.2647 -22.2501 -36 16.0939 -21.8556 -36 14.923 -21.4612 -36 13.7522 -21.0668 -36 18.5437 -23.9117 -32 17.3261 -23.5503 -32 16.1084 -23.189 -32 15.8567 -26.0541 -24 14.8908 -22.8277 -32 19.8227 -25.5733 -28 18.5583 -25.245 -28 17.2938 -24.9167 -28 16.0294 -24.5885 -28 9.96873 -22.9265 -44 10.3978 -17.0846 -44 11.0795 -22.4628 -40 11.2162 -21.268 -40 10.9428 -23.6576 -40 15.8567 -26.0541 -24 12.3938 -21.8936 -36 12.2062 -23.1147 -36 12.0186 -24.3359 -36 14.1556 -32.5556 -24 11.831 -25.557 -36 13.4347 -23.7138 -32 13.1962 -24.9614 -32 12.9578 -26.2089 -32 12.7193 -27.4564 -32 14.4756 -25.5341 -28 14.1862 -26.808 -28 13.8969 -28.082 -28 13.6076 -29.3559 -28 5.40361 -19.2562 -44 9.96873 -22.9265 -44 7.90503 -22.7078 -40 8.87206 -23.4226 -40 6.93801 -21.9929 -40 14.1556 -32.5556 -24 10.6224 -26.0825 -36 9.60143 -25.3869 -36 8.58041 -24.6913 -36 8.2405 -29.3657 -24 7.55939 -23.9956 -36 11.4058 -28.0276 -32 10.3308 -27.3512 -32 9.255781 -26.6747 -32 8.18077 -25.9983 -32 12.1892 -29.9726 -28 11.0602 -29.3154 -28 9.93116 -28.6582 -28 8.802141 -28.001 -28 5.40361 -19.2562 -44 5.51705 -22.3917 -40 5.06312 -23.5053 -40 3.4145 -24.7657 -44 4.60919 -24.6189 -40 4.15525 -25.7325 -40 8.2405 -29.3657 -24 6.02832 -24.4253 -36 5.51827 -25.5505 -36 5.00823 -26.6758 -36 4.49818 -27.8011 -36 6.53959 -26.4589 -32 5.97343 -27.5958 -32 5.40727 -28.7328 -32 4.84859 -35.1673 -24 4.84111 -29.8697 -32 7.05085 -28.4924 -28 6.42858 -29.6411 -28 5.80631 -30.7897 -28 5.18404 -31.9384 -28 0.008726954 -20 -44 3.4145 -24.7657 -44 2.59844 -26.6553 -37.3333 4.84859 -35.1673 -24 2.07128 -27.6083 -34 0.01330798 -30.5 -24 1.46471 -28.5667 -30.6667 4.84859 -35.1673 -24 0.01330798 -30.5 -24 1.46471 -28.5667 -30.6667 -3.39289 -24.7687 -44 0.008726954 -20 -44 -1.28246 -25.0788 -37.3333 0.01330798 -30.5 -24 -2.04719 -27.6101 -34 -4.8179 -35.1716 -24 -2.89134 -30.136 -30.6667 0.01330798 -30.5 -24 -4.8179 -35.1716 -24 -2.89134 -30.136 -30.6667 -2.04719 -27.6101 -34 -3.39289 -24.7687 -44 -4.1328 -25.7361 -40 -4.5877 -24.6229 -40 -5.3868 -19.2609 -44 -5.04261 -23.5097 -40 -5.49751 -22.3965 -40 -4.47392 -27.805 -36 -4.98495 -26.6802 -36 -5.49598 -25.5553 -36 -8.21487 -29.3729 -24 -6.007 -24.4305 -36 -4.8179 -35.1716 -24 -4.81505 -29.8739 -32 -5.3822 -28.7375 -32 -5.94935 -27.601 -32 -6.51649 -26.4646 -32 -5.15617 -31.9429 -28 -5.77944 -30.7948 -28 -6.40272 -29.6467 -28 -7.02599 -28.4986 -28 -5.3868 -19.2609 -44 -6.91881 -21.999 -40 -7.88521 -22.7147 -40 -9.94872 -22.9352 -44 -8.851611 -23.4304 -40 -9.81801 -24.1461 -40 -8.21487 -29.3729 -24 -7.53844 -24.0022 -36 -8.55886 -24.6987 -36 -9.57927 -25.3953 -36 -10.5997 -26.0918 -36 -8.15807 -26.0054 -32 -9.232501 -26.6828 -32 -10.3069 -27.3602 -32 -14.1272 -32.568 -24 -11.3814 -28.0375 -32 -8.7777 -28.0087 -28 -9.90615 -28.6669 -28 -11.0346 -29.325 -28 -12.163 -29.9832 -28 -10.3829 -17.0937 -44 -9.94872 -22.9352 -44 -11.9138 -22.1054 -37.3333 -15.834 -26.0679 -24 -12.5732 -24.6662 -34 -14.1272 -32.568 -24 -13.1619 -27.2635 -30.6667 -15.7669 -19.4012 -44 -10.3829 -17.0937 -44 -14.1247 -20.7625 -37.3333 -15.834 -26.0679 -24 -16.0932 -22.5281 -34 -22.389 -27.5497 -24 -18.1267 -24.2478 -30.6667 -14.6092 -13.6591 -44 -15.7669 -19.4012 -44 -17.4353 -18.0721 -37.3333 -22.279 -20.8301 -24 -18.761 -20.36 -34 -22.389 -27.5497 -24 -20.0286 -22.7023 -30.6667 -20.416 -14.4286 -44 -14.6092 -13.6591 -44 -19.202 -16.1825 -37.3333 -22.279 -20.8301 -24 -21.5738 -17.3516 -34 -28.9908 -20.4887 -24 -23.9958 -18.459 -30.6667 -17.7523 -9.21174 -44 -20.416 -14.4286 -44 -21.6641 -12.6987 -37.3333 -27.0722 -14.0479 -24 -23.5578 -14.5442 -34 -28.9908 -20.4887 -24 -25.4102 -16.4577 -30.6667 -23.5514 -8.38629 -44 -17.7523 -9.21174 -44 -24.8521 -9.981511 -37.3333 -33.443 -11.9085 -24 -25.4548 -10.8886 -34 -27.0722 -14.0479 -24 -26.0257 -11.8687 -30.6667 25.0483 -4.77822 -50 25.0483 -4.77822 -44 25.2989 -3.196 -44 25.2989 -3.196 -50 25.4497 -1.60116 -50 25.4497 -1.60116 -44 25.5 0 -50 25.5 0 -44 25.4497 1.60116 -44 25.4497 1.60116 -50 25.2989 3.196 -50 25.2989 3.196 -44 25.0483 4.77822 -50 25.0483 4.77822 -44 24.6989 6.34159 -50 24.6989 6.34159 -44 24.2519 7.87993 -50 24.2519 7.87993 -44 23.7093 9.38718 -50 23.7093 9.38718 -44 23.0731 10.8574 -50 23.0731 10.8574 -44 22.3458 12.2847 -50 22.3458 12.2847 -44 21.5304 13.6636 -50 21.5304 13.6636 -44 20.6299 14.9885 -50 20.6299 14.9885 -44 19.6481 16.2543 -50 19.6481 16.2543 -44 18.5887 17.4559 -50 18.5887 17.4559 -44 17.4559 18.5887 -50 17.4559 18.5887 -44 16.2543 19.6481 -50 17.4559 18.5887 -50 16.2543 19.6481 -44 17.4559 18.5887 -44 14.9885 20.6299 -50 14.9885 20.6299 -44 13.6636 21.5304 -50 13.6636 21.5304 -44 12.2847 22.3458 -50 10.8574 23.0731 -50 12.2847 22.3458 -44 9.38718 23.7093 -50 10.8574 23.0731 -44 9.38718 23.7093 -44 7.87993 24.2519 -50 7.87993 24.2519 -44 6.34159 24.6989 -50 4.77822 25.0483 -50 6.34159 24.6989 -44 3.196 25.2989 -50 4.77822 25.0483 -44 3.196 25.2989 -44 1.60116 25.4497 -44 1.60116 25.4497 -50 0 25.5 -50 0 25.5 -44 -1.60116 25.4497 -50 -1.60116 25.4497 -44 -3.196 25.2989 -50 -3.196 25.2989 -44 -4.77822 25.0483 -44 -4.77822 25.0483 -50 -6.34159 24.6989 -50 -6.34159 24.6989 -44 -7.87993 24.2519 -50 -7.87993 24.2519 -44 -9.38718 23.7093 -50 -9.38718 23.7093 -44 -10.8574 23.0731 -50 -12.2847 22.3458 -50 -10.8574 23.0731 -44 -13.6636 21.5304 -50 -12.2847 22.3458 -44 -14.9885 20.6299 -50 -13.6636 21.5304 -44 -16.2543 19.6481 -50 -14.9885 20.6299 -44 -16.2543 19.6481 -44 -17.4559 18.5887 -50 -17.4559 18.5887 -44 -18.5887 17.4559 -50 -19.6481 16.2543 -50 -18.5887 17.4559 -50 -18.5887 17.4559 -44 -18.5887 17.4559 -44 -20.6299 14.9885 -50 -19.6481 16.2543 -44 -21.5304 13.6636 -50 -20.6299 14.9885 -44 -22.3458 12.2847 -50 -21.5304 13.6636 -44 -23.0731 10.8574 -50 -22.3458 12.2847 -44 -23.0731 10.8574 -44 -23.7093 9.38718 -50 -23.7093 9.38718 -44 -24.2519 7.87993 -50 -24.6989 6.34159 -50 -24.2519 7.87993 -44 -25.0483 4.77822 -50 -24.6989 6.34159 -44 -25.2989 3.196 -50 -25.0483 4.77822 -44 -25.4497 1.60116 -50 -25.2989 3.196 -44 -25.5 0 -50 -25.4497 1.60116 -44 -25.5 0 -44 -25.4497 -1.60116 -50 -25.4497 -1.60116 -44 -25.2989 -3.196 -44 -25.2989 -3.196 -50 -25.0483 -4.77822 -50 -25.0483 -4.77822 -44 -24.6989 -6.34159 -50 -24.6989 -6.34159 -44 -24.2519 -7.87993 -50 -24.2519 -7.87993 -44 -23.7093 -9.38718 -50 -23.7093 -9.38718 -44 -23.0731 -10.8574 -50 -23.0731 -10.8574 -44 -22.3458 -12.2847 -50 -22.3458 -12.2847 -44 -21.5304 -13.6636 -50 -21.5304 -13.6636 -44 -20.6299 -14.9885 -44 -20.6299 -14.9885 -50 -19.6481 -16.2543 -44 -19.6481 -16.2543 -50 -18.5887 -17.4559 -50 -18.5887 -17.4559 -44 -17.4559 -18.5887 -44 -17.4559 -18.5887 -50 -16.2543 -19.6481 -50 -17.4559 -18.5887 -50 -17.4559 -18.5887 -44 -16.2543 -19.6481 -44 -14.9885 -20.6299 -44 -14.9885 -20.6299 -50 -13.6636 -21.5304 -50 -13.6636 -21.5304 -44 -12.2847 -22.3458 -50 -12.2847 -22.3458 -44 -10.8574 -23.0731 -50 -10.8574 -23.0731 -44 -9.38718 -23.7093 -50 -9.38718 -23.7093 -44 -7.87993 -24.2519 -50 -7.87993 -24.2519 -44 -6.34159 -24.6989 -50 -6.34159 -24.6989 -44 -4.77822 -25.0483 -50 -4.77822 -25.0483 -44 -3.196 -25.2989 -50 -3.196 -25.2989 -44 -1.60116 -25.4497 -50 -1.60116 -25.4497 -44 0 -25.5 -44 0 -25.5 -50 1.60116 -25.4497 -50 1.60116 -25.4497 -44 3.196 -25.2989 -44 3.196 -25.2989 -50 4.77822 -25.0483 -50 4.77822 -25.0483 -44 6.34159 -24.6989 -44 6.34159 -24.6989 -50 7.87993 -24.2519 -44 7.87993 -24.2519 -50 9.38718 -23.7093 -44 9.38718 -23.7093 -50 10.8574 -23.0731 -44 10.8574 -23.0731 -50 12.2847 -22.3458 -50 12.2847 -22.3458 -44 13.6636 -21.5304 -44 13.6636 -21.5304 -50 14.9885 -20.6299 -50 14.9885 -20.6299 -44 16.2543 -19.6481 -44 16.2543 -19.6481 -50 17.4559 -18.5887 -44 17.4559 -18.5887 -50 18.5887 -17.4559 -50 18.5887 -17.4559 -44 18.5887 -17.4559 -50 18.5887 -17.4559 -44 19.6481 -16.2543 -44 19.6481 -16.2543 -50 20.6299 -14.9885 -44 20.6299 -14.9885 -50 21.5304 -13.6636 -44 21.5304 -13.6636 -50 22.3458 -12.2847 -50 22.3458 -12.2847 -44 23.0731 -10.8574 -44 23.0731 -10.8574 -50 23.7093 -9.38718 -50 23.7093 -9.38718 -44 24.2519 -7.87993 -44 24.2519 -7.87993 -50 24.6989 -6.34159 -44 24.6989 -6.34159 -50 25.0483 4.77822 -44 25.2989 3.196 -44 25.4497 1.60116 -44 24.2519 -7.87993 -44 -6.34159 -24.6989 -44 -3.196 -25.2989 -44 -25.4497 -1.60116 -44 4.77822 25.0483 -44 6.34159 24.6989 -44 -4.77822 -25.0483 -44 16.2543 -19.6481 -44 18.5887 -17.4559 -44 17.4559 -18.5887 -44 10.8574 23.0731 -44 20.6299 14.9885 -44 -25.0483 -4.77822 -44 -25.2989 -3.196 -44 -7.87993 -24.2519 -44 14.9885 -20.6299 -44 24.2519 7.87993 -44 24.6989 6.34159 -44 0 25.5 -44 3.196 25.2989 -44 1.60116 25.4497 -44 13.6636 -21.5304 -44 -25.5 0 -44 -10.8574 -23.0731 -44 23.7093 9.38718 -44 -9.38718 -23.7093 -44 21.5304 -13.6636 -44 20.6299 -14.9885 -44 19.6481 -16.2543 -44 -25.2989 3.196 -44 -25.4497 1.60116 -44 23.0731 10.8574 -44 -3.196 25.2989 -44 -1.60116 25.4497 -44 -12.2847 -22.3458 -44 -4.77822 25.0483 -44 -13.6636 -21.5304 -44 -24.6989 6.34159 -44 -25.0483 4.77822 -44 -14.9885 -20.6299 -44 22.3458 12.2847 -44 -23.7093 9.38718 -44 -24.2519 7.87993 -44 23.7093 -9.38718 -44 22.3458 -12.2847 -44 23.0731 -10.8574 -44 7.87993 -24.2519 -44 10.8574 -23.0731 -44 9.38718 -23.7093 -44 12.2847 -22.3458 -44 -18.5887 -17.4559 -44 -16.2543 -19.6481 -44 -17.4559 -18.5887 -44 -10.8574 23.0731 -44 -6.34159 24.6989 -44 -7.87993 24.2519 -44 -9.38718 23.7093 -44 17.4559 18.5887 -44 19.6481 16.2543 -44 18.5887 17.4559 -44 -22.3458 12.2847 -44 -23.0731 10.8574 -44 6.34159 -24.6989 -44 -20.6299 -14.9885 -44 -21.5304 13.6636 -44 -19.6481 -16.2543 -44 4.77822 -25.0483 -44 -14.9885 20.6299 -44 -12.2847 22.3458 -44 -13.6636 21.5304 -44 13.6636 21.5304 -44 16.2543 19.6481 -44 14.9885 20.6299 -44 -22.3458 -12.2847 -44 25.2989 -3.196 -44 24.6989 -6.34159 -44 25.0483 -4.77822 -44 -17.4559 18.5887 -44 -16.2543 19.6481 -44 -21.5304 -13.6636 -44 12.2847 22.3458 -44 1.60116 -25.4497 -44 3.196 -25.2989 -44 -18.5887 17.4559 -44 -20.6299 14.9885 -44 -19.6481 16.2543 -44 0 -25.5 -44 -23.7093 -9.38718 -44 21.5304 13.6636 -44 -23.0731 -10.8574 -44 25.4497 -1.60116 -44 25.5 0 -44 -24.6989 -6.34159 -44 -24.2519 -7.87993 -44 9.38718 23.7093 -44 7.87993 24.2519 -44 -1.60116 -25.4497 -44 25.4497 1.60116 -50 25.2989 3.196 -50 25.0483 4.77822 -50 24.2519 -7.87993 -50 -3.196 -25.2989 -50 -6.34159 -24.6989 -50 6.34159 24.6989 -50 4.77822 25.0483 -50 -25.4497 -1.60116 -50 -4.77822 -25.0483 -50 17.4559 -18.5887 -50 18.5887 -17.4559 -50 16.2543 -19.6481 -50 20.6299 14.9885 -50 10.8574 23.0731 -50 -25.0483 -4.77822 -50 -25.2989 -3.196 -50 -7.87993 -24.2519 -50 14.9885 -20.6299 -50 24.6989 6.34159 -50 24.2519 7.87993 -50 3.196 25.2989 -50 0 25.5 -50 1.60116 25.4497 -50 13.6636 -21.5304 -50 -25.5 0 -50 23.7093 9.38718 -50 -10.8574 -23.0731 -50 -9.38718 -23.7093 -50 19.6481 -16.2543 -50 20.6299 -14.9885 -50 21.5304 -13.6636 -50 -25.4497 1.60116 -50 -25.2989 3.196 -50 23.0731 10.8574 -50 -1.60116 25.4497 -50 -3.196 25.2989 -50 -12.2847 -22.3458 -50 -4.77822 25.0483 -50 -13.6636 -21.5304 -50 -25.0483 4.77822 -50 -24.6989 6.34159 -50 22.3458 12.2847 -50 -14.9885 -20.6299 -50 -24.2519 7.87993 -50 -23.7093 9.38718 -50 22.3458 -12.2847 -50 23.7093 -9.38718 -50 23.0731 -10.8574 -50 9.38718 -23.7093 -50 10.8574 -23.0731 -50 7.87993 -24.2519 -50 12.2847 -22.3458 -50 -17.4559 -18.5887 -50 -16.2543 -19.6481 -50 -18.5887 -17.4559 -50 -6.34159 24.6989 -50 -10.8574 23.0731 -50 -7.87993 24.2519 -50 -9.38718 23.7093 -50 19.6481 16.2543 -50 17.4559 18.5887 -50 18.5887 17.4559 -50 -23.0731 10.8574 -50 -22.3458 12.2847 -50 6.34159 -24.6989 -50 -20.6299 -14.9885 -50 -21.5304 13.6636 -50 -19.6481 -16.2543 -50 4.77822 -25.0483 -50 -12.2847 22.3458 -50 -14.9885 20.6299 -50 -13.6636 21.5304 -50 16.2543 19.6481 -50 13.6636 21.5304 -50 14.9885 20.6299 -50 -22.3458 -12.2847 -50 24.6989 -6.34159 -50 25.2989 -3.196 -50 25.0483 -4.77822 -50 -16.2543 19.6481 -50 -17.4559 18.5887 -50 -21.5304 -13.6636 -50 12.2847 22.3458 -50 3.196 -25.2989 -50 1.60116 -25.4497 -50 -19.6481 16.2543 -50 -20.6299 14.9885 -50 -18.5887 17.4559 -50 0 -25.5 -50 21.5304 13.6636 -50 -23.7093 -9.38718 -50 -23.0731 -10.8574 -50 25.4497 -1.60116 -50 25.5 0 -50 -24.2519 -7.87993 -50 -24.6989 -6.34159 -50 9.38718 23.7093 -50 7.87993 24.2519 -50 -1.60116 -25.4497 -50 27.8679 -25.0924 -23 26.5165 -26.5165 -23 25.0924 -27.8679 -23 22.042 -30.3381 -23 23.5995 -29.143 -23 31.4501 -20.424 -23 30.3381 -22.042 -23 29.143 -23.5995 -23 18.75 -32.4759 -23 20.424 -31.4501 -23 32.4759 -18.75 -23 13.4388 -35.0093 -23 17.0246 -33.4128 -23 15.2526 -34.2579 -23 35.0093 -13.4388 -23 33.4128 -17.0246 -23 34.2579 -15.2526 -23 36.2222 -9.70571 -23 35.6646 -11.5881 -23 36.6805 -7.79669 -23 5.86629 -37.0383 -23 9.70571 -36.2222 -23 7.79669 -36.6805 -23 11.5881 -35.6646 -23 3.91982 -37.2946 -23 37.2946 -3.91982 -23 37.0383 -5.86629 -23 1.9626 -37.4486 -23 37.5 0 -23 37.4486 -1.9626 -23 -1.9626 -37.4486 -23 0 -37.5 -23 37.4486 1.9626 -23 -7.79669 -36.6805 -23 -3.91982 -37.2946 -23 -5.86629 -37.0383 -23 36.6805 7.79669 -23 37.2946 3.91982 -23 37.0383 5.86629 -23 -9.70571 -36.2222 -23 35.6646 11.5881 -23 36.2222 9.70571 -23 -13.4388 -35.0093 -23 -11.5881 -35.6646 -23 35.0093 13.4388 -23 -17.0246 -33.4128 -23 -15.2526 -34.2579 -23 32.4759 18.75 -23 34.2579 15.2526 -23 33.4128 17.0246 -23 30.3381 22.042 -23 31.4501 20.424 -23 -23.5995 -29.143 -23 -20.424 -31.4501 -23 -22.042 -30.3381 -23 -18.75 -32.4759 -23 -25.0924 -27.8679 -23 29.143 23.5995 -23 25.0924 27.8679 -23 26.5165 26.5165 -23 27.8679 25.0924 -23 23.5995 29.143 -23 -30.3381 -22.042 -23 -27.8679 -25.0924 -23 -29.143 -23.5995 -23 -26.5165 -26.5165 -23 20.424 31.4501 -23 22.042 30.3381 -23 -32.4759 -18.75 -23 -31.4501 -20.424 -23 18.75 32.4759 -23 17.0246 33.4128 -23 -33.4128 -17.0246 -23 13.4388 35.0093 -23 15.2526 34.2579 -23 -36.2222 -9.70571 -23 -35.0093 -13.4388 -23 -35.6646 -11.5881 -23 -34.2579 -15.2526 -23 9.70571 36.2222 -23 11.5881 35.6646 -23 7.79669 36.6805 -23 -37.0383 -5.86629 -23 -36.6805 -7.79669 -23 5.86629 37.0383 -23 -37.2946 -3.91982 -23 1.9626 37.4486 -23 3.91982 37.2946 -23 0 37.5 -23 -37.4486 1.9626 -23 -37.4486 -1.9626 -23 -37.5 0 -23 -3.91982 37.2946 -23 -1.9626 37.4486 -23 -37.0383 5.86629 -23 -37.2946 3.91982 -23 -7.79669 36.6805 -23 -5.86629 37.0383 -23 -36.2222 9.70571 -23 -36.6805 7.79669 -23 -35.0093 13.4388 -23 -35.6646 11.5881 -23 -13.4388 35.0093 -23 -11.5881 35.6646 -23 -9.70571 36.2222 -23 -15.2526 34.2579 -23 -33.4128 17.0246 -23 -34.2579 15.2526 -23 -18.75 32.4759 -23 -17.0246 33.4128 -23 -32.4759 18.75 -23 -20.424 31.4501 -23 -31.4501 20.424 -23 -30.3381 22.042 -23 -29.143 23.5995 -23 -23.5995 29.143 -23 -22.042 30.3381 -23 -26.5165 26.5165 -23 -25.0924 27.8679 -23 -27.8679 25.0924 -23 3.91982 -37.2946 -24 1.9626 -37.4486 -23 3.91982 -37.2946 -23 1.9626 -37.4486 -24 5.86629 -37.0383 -24 5.86629 -37.0383 -23 7.79669 -36.6805 -24 7.79669 -36.6805 -23 37.4486 1.9626 -24 37.5 0 -23 37.4486 1.9626 -23 37.5 0 -24 9.70571 -36.2222 -24 9.70571 -36.2222 -23 37.2946 3.91982 -24 37.2946 3.91982 -23 37.0383 5.86629 -23 11.5881 -35.6646 -24 11.5881 -35.6646 -23 37.0383 5.86629 -24 36.6805 7.79669 -23 13.4388 -35.0093 -24 13.4388 -35.0093 -23 36.6805 7.79669 -24 36.2222 9.70571 -23 15.2526 -34.2579 -24 15.2526 -34.2579 -23 36.2222 9.70571 -24 35.6646 11.5881 -23 17.0246 -33.4128 -24 17.0246 -33.4128 -23 35.6646 11.5881 -24 35.0093 13.4388 -23 18.75 -32.4759 -24 18.75 -32.4759 -23 35.0093 13.4388 -24 34.2579 15.2526 -23 20.424 -31.4501 -24 20.424 -31.4501 -23 34.2579 15.2526 -24 33.4128 17.0246 -23 22.042 -30.3381 -24 22.042 -30.3381 -23 33.4128 17.0246 -24 32.4759 18.75 -23 23.5995 -29.143 -24 23.5995 -29.143 -23 32.4759 18.75 -24 25.0924 -27.8679 -24 25.0924 -27.8679 -23 31.4501 20.424 -24 31.4501 20.424 -23 26.5165 -26.5165 -24 26.5165 -26.5165 -23 30.3381 22.042 -24 30.3381 22.042 -23 27.8679 -25.0924 -24 27.8679 -25.0924 -23 27.8679 -25.0924 -24 27.8679 -25.0924 -23 29.143 -23.5995 -23 29.143 -23.5995 -24 29.143 23.5995 -24 29.143 23.5995 -23 30.3381 -22.042 -24 30.3381 -22.042 -23 31.4501 -20.424 -23 27.8679 25.0924 -24 27.8679 25.0924 -23 31.4501 -20.424 -24 26.5165 26.5165 -24 26.5165 26.5165 -23 32.4759 -18.75 -24 32.4759 -18.75 -23 33.4128 -17.0246 -23 25.0924 27.8679 -24 26.5165 26.5165 -24 26.5165 26.5165 -23 25.0924 27.8679 -23 33.4128 -17.0246 -24 34.2579 -15.2526 -23 23.5995 29.143 -24 23.5995 29.143 -23 34.2579 -15.2526 -24 35.0093 -13.4388 -23 35.0093 -13.4388 -24 35.6646 -11.5881 -23 22.042 30.3381 -24 22.042 30.3381 -23 35.6646 -11.5881 -24 36.2222 -9.70571 -23 20.424 31.4501 -24 20.424 31.4501 -23 36.2222 -9.70571 -24 36.6805 -7.79669 -23 18.75 32.4759 -24 18.75 32.4759 -23 36.6805 -7.79669 -24 37.0383 -5.86629 -23 17.0246 33.4128 -24 17.0246 33.4128 -23 37.0383 -5.86629 -24 37.2946 -3.91982 -23 15.2526 34.2579 -24 15.2526 34.2579 -23 37.2946 -3.91982 -24 37.4486 -1.9626 -24 37.4486 -1.9626 -23 13.4388 35.0093 -24 13.4388 35.0093 -23 11.5881 35.6646 -24 11.5881 35.6646 -23 9.70571 36.2222 -24 9.70571 36.2222 -23 7.79669 36.6805 -24 7.79669 36.6805 -23 5.86629 37.0383 -24 5.86629 37.0383 -23 3.91982 37.2946 -24 3.91982 37.2946 -23 1.9626 37.4486 -24 1.9626 37.4486 -23 0 37.5 -24 0 37.5 -23 -1.9626 37.4486 -24 -1.9626 37.4486 -23 -3.91982 37.2946 -24 -3.91982 37.2946 -23 -5.86629 37.0383 -24 -5.86629 37.0383 -23 -7.79669 36.6805 -24 -7.79669 36.6805 -23 -9.70571 36.2222 -24 -9.70571 36.2222 -23 -11.5881 35.6646 -24 -11.5881 35.6646 -23 -13.4388 35.0093 -24 -13.4388 35.0093 -23 -15.2526 34.2579 -24 -15.2526 34.2579 -23 -17.0246 33.4128 -24 -17.0246 33.4128 -23 -18.75 32.4759 -24 -18.75 32.4759 -23 -20.424 31.4501 -24 -20.424 31.4501 -23 -22.042 30.3381 -24 -22.042 30.3381 -23 -23.5995 29.143 -24 -23.5995 29.143 -23 -25.0924 27.8679 -24 -25.0924 27.8679 -23 -26.5165 26.5165 -24 -26.5165 26.5165 -23 -27.8679 25.0924 -24 -26.5165 26.5165 -24 -26.5165 26.5165 -23 -27.8679 25.0924 -23 -29.143 23.5995 -24 -29.143 23.5995 -23 -30.3381 22.042 -24 -30.3381 22.042 -23 -31.4501 20.424 -24 -31.4501 20.424 -23 -32.4759 18.75 -24 -32.4759 18.75 -23 -33.4128 17.0246 -24 -33.4128 17.0246 -23 -34.2579 15.2526 -24 -34.2579 15.2526 -23 -35.0093 13.4388 -24 -35.0093 13.4388 -23 -35.6646 11.5881 -24 -35.6646 11.5881 -23 -36.2222 9.70571 -24 -36.2222 9.70571 -23 -36.6805 7.79669 -24 -36.6805 7.79669 -23 -37.0383 5.86629 -24 -37.0383 5.86629 -23 -37.2946 3.91982 -24 -37.2946 3.91982 -23 -37.4486 1.9626 -24 -37.4486 1.9626 -23 -37.5 0 -24 -37.5 0 -23 -37.4486 -1.9626 -24 -37.4486 -1.9626 -23 -37.2946 -3.91982 -24 -37.2946 -3.91982 -23 -37.0383 -5.86629 -24 -37.0383 -5.86629 -23 -36.6805 -7.79669 -24 -36.6805 -7.79669 -23 -36.2222 -9.70571 -24 -36.2222 -9.70571 -23 -35.6646 -11.5881 -24 -35.6646 -11.5881 -23 -35.0093 -13.4388 -24 -35.0093 -13.4388 -23 -34.2579 -15.2526 -24 -34.2579 -15.2526 -23 -33.4128 -17.0246 -24 -33.4128 -17.0246 -23 -32.4759 -18.75 -24 -32.4759 -18.75 -23 -31.4501 -20.424 -24 -31.4501 -20.424 -23 -30.3381 -22.042 -24 -30.3381 -22.042 -23 -29.143 -23.5995 -24 -29.143 -23.5995 -23 -27.8679 -25.0924 -24 -27.8679 -25.0924 -23 -26.5165 -26.5165 -24 -26.5165 -26.5165 -23 -25.0924 -27.8679 -24 -25.0924 -27.8679 -23 -23.5995 -29.143 -24 -25.0924 -27.8679 -24 -25.0924 -27.8679 -23 -23.5995 -29.143 -23 -22.042 -30.3381 -24 -22.042 -30.3381 -23 -20.424 -31.4501 -24 -20.424 -31.4501 -23 -18.75 -32.4759 -24 -18.75 -32.4759 -23 -17.0246 -33.4128 -24 -17.0246 -33.4128 -23 -15.2526 -34.2579 -24 -15.2526 -34.2579 -23 -13.4388 -35.0093 -24 -13.4388 -35.0093 -23 -11.5881 -35.6646 -24 -11.5881 -35.6646 -23 -9.70571 -36.2222 -24 -9.70571 -36.2222 -23 -7.79669 -36.6805 -24 -7.79669 -36.6805 -23 -5.86629 -37.0383 -24 -5.86629 -37.0383 -23 -3.91982 -37.2946 -24 -3.91982 -37.2946 -23 -1.9626 -37.4486 -24 -1.9626 -37.4486 -23 0 -37.5 -24 0 -37.5 -23 5.86629 37.0383 -30 7.79669 36.6805 -30 9.70571 36.2222 -30 11.5881 35.6646 -30 37.5 0 -30 37.4486 -1.9626 -30 13.4388 35.0093 -30 15.2526 34.2579 -30 37.2946 -3.91982 -30 37.0383 -5.86629 -30 17.0246 33.4128 -30 18.75 32.4759 -30 36.6805 -7.79669 -30 36.2222 -9.70571 -30 35.6646 -11.5881 -30 20.424 31.4501 -30 35.0093 -13.4388 -30 22.042 30.3381 -30 23.5995 29.143 -30 25.0924 27.8679 -30 34.2579 -15.2526 -30 26.5165 26.5165 -30 26.5165 26.5165 -30 27.8679 25.0924 -30 33.4128 -17.0246 -30 32.4759 -18.75 -30 29.143 23.5995 -30 31.4501 -20.424 -30 30.3381 -22.042 -30 30.3381 22.042 -30 31.4501 20.424 -30 29.143 -23.5995 -30 32.4759 18.75 -30 33.4128 17.0246 -30 27.8679 -25.0924 -30 27.8679 -25.0924 -30 34.2579 15.2526 -30 26.5165 -26.5165 -30 35.0093 13.4388 -30 35.6646 11.5881 -30 25.0924 -27.8679 -30 36.2222 9.70571 -30 23.5995 -29.143 -30 22.042 -30.3381 -30 36.6805 7.79669 -30 20.424 -31.4501 -30 37.0383 5.86629 -30 37.2946 3.91982 -30 18.75 -32.4759 -30 17.0246 -33.4128 -30 37.4486 1.9626 -30 15.2526 -34.2579 -30 13.4388 -35.0093 -30 11.5881 -35.6646 -30 9.70571 -36.2222 -30 7.79669 -36.6805 -30 5.86629 -37.0383 -30 3.91982 -37.2946 -30 1.9626 -37.4486 -30 0 -37.5 -30 -1.9626 -37.4486 -30 -3.91982 -37.2946 -30 -5.86629 -37.0383 -30 -7.79669 -36.6805 -30 -9.70571 -36.2222 -30 -11.5881 -35.6646 -30 -13.4388 -35.0093 -30 -15.2526 -34.2579 -30 -17.0246 -33.4128 -30 -18.75 -32.4759 -30 -20.424 -31.4501 -30 -22.042 -30.3381 -30 -23.5995 -29.143 -30 -25.0924 -27.8679 -30 -25.0924 -27.8679 -30 -26.5165 -26.5165 -30 -27.8679 -25.0924 -30 -29.143 -23.5995 -30 -30.3381 -22.042 -30 -31.4501 -20.424 -30 -32.4759 -18.75 -30 -33.4128 -17.0246 -30 -34.2579 -15.2526 -30 -35.0093 -13.4388 -30 -35.6646 -11.5881 -30 -36.2222 -9.70571 -30 -36.6805 -7.79669 -30 -37.0383 -5.86629 -30 -37.2946 -3.91982 -30 -37.4486 -1.9626 -30 -37.5 0 -30 -37.4486 1.9626 -30 -37.2946 3.91982 -30 -37.0383 5.86629 -30 -36.6805 7.79669 -30 -36.2222 9.70571 -30 -35.6646 11.5881 -30 -35.0093 13.4388 -30 -34.2579 15.2526 -30 -33.4128 17.0246 -30 -32.4759 18.75 -30 -31.4501 20.424 -30 -30.3381 22.042 -30 -29.143 23.5995 -30 -27.8679 25.0924 -30 -26.5165 26.5165 -30 -26.5165 26.5165 -30 -25.0924 27.8679 -30 -23.5995 29.143 -30 -22.042 30.3381 -30 -20.424 31.4501 -30 -18.75 32.4759 -30 -17.0246 33.4128 -30 -15.2526 34.2579 -30 -13.4388 35.0093 -30 -11.5881 35.6646 -30 -9.70571 36.2222 -30 -7.79669 36.6805 -30 -5.86629 37.0383 -30 -3.91982 37.2946 -30 -1.9626 37.4486 -30 0 37.5 -30 1.9626 37.4486 -30 3.91982 37.2946 -30 36.45 -1.91026 -30 36.3 -3.81529 -30 37.2946 -3.91982 -30 37.4486 -1.9626 -30 -1.9626 37.4486 -30 -3.81529 36.3 -30 -1.91026 36.45 -30 -3.91982 37.2946 -30 0 36.5 -30 37.5 0 -30 36.5 0 -30 0 37.5 -30 -25.8094 -25.8094 -30 -26.5165 -26.5165 -30 -25.0924 -27.8679 -30 1.91026 36.45 -30 -24.4233 -27.1248 -30 -23.5995 -29.143 -30 -27.1248 -24.4233 -30 -27.8679 -25.0924 -30 37.4486 1.9626 -30 36.45 1.91026 -30 -29.143 -23.5995 -30 1.9626 37.4486 -30 -22.9702 -28.3658 -30 -22.042 -30.3381 -30 -28.3658 -22.9702 -30 -30.3381 -22.042 -30 3.81529 36.3 -30 37.2946 3.91982 -30 36.3 3.81529 -30 3.91982 37.2946 -30 -21.4542 -29.5291 -30 36.0506 5.70986 -30 -29.5291 -21.4542 -30 37.0383 5.86629 -30 -19.8793 -30.6115 -30 -20.424 -31.4501 -30 -18.75 -32.4759 -30 5.86629 37.0383 -30 5.70986 36.0506 -30 -30.6115 -19.8793 -30 -31.4501 -20.424 -30 35.7024 7.58878 -30 36.6805 7.79669 -30 7.79669 36.6805 -30 7.58878 35.7024 -30 -18.25 -31.6099 -30 -31.6099 -18.25 -30 -32.4759 -18.75 -30 9.4469 35.2563 -30 35.2563 9.4469 -30 9.70571 36.2222 -30 36.2222 9.70571 -30 -16.5707 -32.5217 -30 -17.0246 -33.4128 -30 -15.2526 -34.2579 -30 -32.5217 -16.5707 -30 -33.4128 -17.0246 -30 -34.2579 -15.2526 -30 34.7136 11.2791 -30 11.2791 34.7136 -30 -14.8459 -33.3444 -30 35.6646 11.5881 -30 -33.3444 -14.8459 -30 -35.0093 -13.4388 -30 11.5881 35.6646 -30 -13.0804 -34.0757 -30 35.0093 13.4388 -30 34.0757 13.0804 -30 13.4388 35.0093 -30 13.0804 34.0757 -30 -13.4388 -35.0093 -30 14.8459 33.3444 -30 -34.0757 -13.0804 -30 -11.2791 -34.7136 -30 -11.5881 -35.6646 -30 34.2579 15.2526 -30 32.5217 16.5707 -30 33.3444 14.8459 -30 -34.7136 -11.2791 -30 -35.6646 -11.5881 -30 -9.70571 -36.2222 -30 15.2526 34.2579 -30 -36.2222 -9.70571 -30 -9.4469 -35.2563 -30 -35.2563 -9.4469 -30 17.0246 33.4128 -30 16.5707 32.5217 -30 18.25 31.6099 -30 33.4128 17.0246 -30 31.6099 18.25 -30 -7.79669 -36.6805 -30 -7.58878 -35.7024 -30 -35.7024 -7.58878 -30 -36.6805 -7.79669 -30 18.75 32.4759 -30 -37.0383 -5.86629 -30 -5.70986 -36.0506 -30 32.4759 18.75 -30 30.6115 19.8793 -30 -5.86629 -37.0383 -30 -36.0506 -5.70986 -30 -3.81529 -36.3 -30 -3.91982 -37.2946 -30 -36.3 -3.81529 -30 -37.2946 -3.91982 -30 31.4501 20.424 -30 29.5291 21.4542 -30 20.424 31.4501 -30 19.8793 30.6115 -30 21.4542 29.5291 -30 -1.91026 -36.45 -30 -1.9626 -37.4486 -30 -36.45 -1.91026 -30 -37.4486 -1.9626 -30 22.042 30.3381 -30 0 -37.5 -30 30.3381 22.042 -30 28.3658 22.9702 -30 -37.5 0 -30 23.5995 29.143 -30 22.9702 28.3658 -30 24.4233 27.1248 -30 0 -36.5 -30 29.143 23.5995 -30 25.0924 27.8679 -30 -36.5 0 -30 27.8679 25.0924 -30 25.8094 25.8094 -30 27.1248 24.4233 -30 26.5165 26.5165 -30 -37.4486 1.9626 -30 1.91026 -36.45 -30 1.9626 -37.4486 -30 -36.45 1.91026 -30 3.91982 -37.2946 -30 3.81529 -36.3 -30 -36.3 3.81529 -30 -37.2946 3.91982 -30 5.86629 -37.0383 -30 5.70986 -36.0506 -30 -36.0506 5.70986 -30 -37.0383 5.86629 -30 -36.6805 7.79669 -30 7.58878 -35.7024 -30 7.79669 -36.6805 -30 -35.7024 7.58878 -30 -36.2222 9.70571 -30 9.4469 -35.2563 -30 9.70571 -36.2222 -30 -35.2563 9.4469 -30 11.5881 -35.6646 -30 11.2791 -34.7136 -30 -34.7136 11.2791 -30 -35.6646 11.5881 -30 13.0804 -34.0757 -30 13.4388 -35.0093 -30 -34.0757 13.0804 -30 -35.0093 13.4388 -30 14.8459 -33.3444 -30 15.2526 -34.2579 -30 -33.3444 14.8459 -30 -34.2579 15.2526 -30 17.0246 -33.4128 -30 -33.4128 17.0246 -30 16.5707 -32.5217 -30 -32.5217 16.5707 -30 18.75 -32.4759 -30 -32.4759 18.75 -30 18.25 -31.6099 -30 -31.6099 18.25 -30 20.424 -31.4501 -30 19.8793 -30.6115 -30 -30.6115 19.8793 -30 -31.4501 20.424 -30 -30.3381 22.042 -30 21.4542 -29.5291 -30 22.042 -30.3381 -30 -29.5291 21.4542 -30 22.9702 -28.3658 -30 23.5995 -29.143 -30 -28.3658 22.9702 -30 -29.143 23.5995 -30 25.0924 -27.8679 -30 24.4233 -27.1248 -30 -27.1248 24.4233 -30 -27.8679 25.0924 -30 25.8094 -25.8094 -30 26.5165 -26.5165 -30 -25.8094 25.8094 -30 -26.5165 26.5165 -30 -24.4233 27.1248 -30 27.8679 -25.0924 -30 27.1248 -24.4233 -30 -25.0924 27.8679 -30 -22.9702 28.3658 -30 29.143 -23.5995 -30 28.3658 -22.9702 -30 -23.5995 29.143 -30 29.5291 -21.4542 -30 -21.4542 29.5291 -30 30.3381 -22.042 -30 -22.042 30.3381 -30 30.6115 -19.8793 -30 -19.8793 30.6115 -30 31.4501 -20.424 -30 -20.424 31.4501 -30 31.6099 -18.25 -30 -18.25 31.6099 -30 32.4759 -18.75 -30 -18.75 32.4759 -30 32.5217 -16.5707 -30 33.4128 -17.0246 -30 -17.0246 33.4128 -30 -16.5707 32.5217 -30 33.3444 -14.8459 -30 -14.8459 33.3444 -30 34.2579 -15.2526 -30 -15.2526 34.2579 -30 34.0757 -13.0804 -30 35.0093 -13.4388 -30 -13.4388 35.0093 -30 -13.0804 34.0757 -30 34.7136 -11.2791 -30 -11.2791 34.7136 -30 35.6646 -11.5881 -30 -11.5881 35.6646 -30 35.2563 -9.4469 -30 36.2222 -9.70571 -30 -9.70571 36.2222 -30 -9.4469 35.2563 -30 35.7024 -7.58878 -30 36.6805 -7.79669 -30 -7.79669 36.6805 -30 -7.58878 35.7024 -30 -5.70986 36.0506 -30 37.0383 -5.86629 -30 36.0506 -5.70986 -30 -5.86629 37.0383 -30 7.58878 35.7024 -30 5.70986 36.0506 -30 7.58878 35.7024 -24 5.70986 36.0506 -24 9.4469 35.2563 -30 9.4469 35.2563 -24 11.2791 34.7136 -30 11.2791 34.7136 -24 36.45 -1.91026 -30 36.5 0 -30 36.45 -1.91026 -24 36.5 0 -24 13.0804 34.0757 -30 13.0804 34.0757 -24 36.3 -3.81529 -30 36.3 -3.81529 -24 36.0506 -5.70986 -30 14.8459 33.3444 -30 14.8459 33.3444 -24 35.7024 -7.58878 -30 36.0506 -5.70986 -24 16.5707 32.5217 -30 16.5707 32.5217 -24 18.25 31.6099 -30 35.7024 -7.58878 -24 18.25 31.6099 -24 35.2563 -9.4469 -30 35.2563 -9.4469 -24 34.7136 -11.2791 -30 19.8793 30.6115 -30 19.8793 30.6115 -24 34.7136 -11.2791 -24 21.4542 29.5291 -30 21.4542 29.5291 -24 34.0757 -13.0804 -30 34.0757 -13.0804 -24 33.3444 -14.8459 -30 22.9702 28.3658 -30 22.9702 28.3658 -24 33.3444 -14.8459 -24 24.4233 27.1248 -30 24.4233 27.1248 -24 32.5217 -16.5707 -30 32.5217 -16.5707 -24 25.8094 25.8094 -30 24.4233 27.1248 -30 25.8094 25.8094 -24 24.4233 27.1248 -24 31.6099 -18.25 -30 31.6099 -18.25 -24 30.6115 -19.8793 -30 27.1248 24.4233 -30 27.1248 24.4233 -24 29.5291 -21.4542 -30 30.6115 -19.8793 -24 28.3658 22.9702 -30 28.3658 22.9702 -24 29.5291 21.4542 -30 29.5291 21.4542 -24 29.5291 -21.4542 -24 30.6115 19.8793 -30 30.6115 19.8793 -24 28.3658 -22.9702 -30 28.3658 -22.9702 -24 31.6099 18.25 -30 31.6099 18.25 -24 27.1248 -24.4233 -24 27.1248 -24.4233 -30 32.5217 16.5707 -30 32.5217 16.5707 -24 25.8094 -25.8094 -24 25.8094 -25.8094 -30 33.3444 14.8459 -30 33.3444 14.8459 -24 25.8094 -25.8094 -30 25.8094 -25.8094 -24 24.4233 -27.1248 -24 24.4233 -27.1248 -30 34.0757 13.0804 -30 34.0757 13.0804 -24 22.9702 -28.3658 -24 22.9702 -28.3658 -30 34.7136 11.2791 -30 34.7136 11.2791 -24 21.4542 -29.5291 -24 21.4542 -29.5291 -30 35.2563 9.4469 -30 35.2563 9.4469 -24 35.7024 7.58878 -30 19.8793 -30.6115 -24 19.8793 -30.6115 -30 35.7024 7.58878 -24 18.25 -31.6099 -24 36.0506 5.70986 -24 18.25 -31.6099 -30 36.0506 5.70986 -30 36.3 3.81529 -24 16.5707 -32.5217 -24 16.5707 -32.5217 -30 14.8459 -33.3444 -30 36.3 3.81529 -30 36.45 1.91026 -24 36.45 1.91026 -30 14.8459 -33.3444 -24 13.0804 -34.0757 -24 13.0804 -34.0757 -30 11.2791 -34.7136 -24 11.2791 -34.7136 -30 9.4469 -35.2563 -30 9.4469 -35.2563 -24 7.58878 -35.7024 -30 7.58878 -35.7024 -24 5.70986 -36.0506 -30 5.70986 -36.0506 -24 3.81529 -36.3 -30 3.81529 -36.3 -24 1.91026 -36.45 -30 1.91026 -36.45 -24 0 -36.5 -30 -1.91026 -36.45 -30 0 -36.5 -24 -3.81529 -36.3 -30 -1.91026 -36.45 -24 -3.81529 -36.3 -24 -5.70986 -36.0506 -30 -5.70986 -36.0506 -24 -7.58878 -35.7024 -30 -7.58878 -35.7024 -24 -9.4469 -35.2563 -30 -9.4469 -35.2563 -24 -11.2791 -34.7136 -30 -11.2791 -34.7136 -24 -13.0804 -34.0757 -30 -13.0804 -34.0757 -24 -14.8459 -33.3444 -30 -14.8459 -33.3444 -24 -16.5707 -32.5217 -30 -16.5707 -32.5217 -24 -18.25 -31.6099 -24 -18.25 -31.6099 -30 -19.8793 -30.6115 -24 -19.8793 -30.6115 -30 -21.4542 -29.5291 -24 -21.4542 -29.5291 -30 -22.9702 -28.3658 -24 -22.9702 -28.3658 -30 -24.4233 -27.1248 -24 -24.4233 -27.1248 -30 -25.8094 -25.8094 -30 -25.8094 -25.8094 -24 -27.1248 -24.4233 -30 -25.8094 -25.8094 -30 -25.8094 -25.8094 -24 -27.1248 -24.4233 -24 -28.3658 -22.9702 -24 -28.3658 -22.9702 -30 -29.5291 -21.4542 -30 -29.5291 -21.4542 -24 -30.6115 -19.8793 -24 -30.6115 -19.8793 -30 -31.6099 -18.25 -24 -31.6099 -18.25 -30 -32.5217 -16.5707 -30 -32.5217 -16.5707 -24 -33.3444 -14.8459 -30 -33.3444 -14.8459 -24 -34.0757 -13.0804 -24 -34.0757 -13.0804 -30 -34.7136 -11.2791 -24 -34.7136 -11.2791 -30 -35.2563 -9.4469 -24 -35.2563 -9.4469 -30 -35.7024 -7.58878 -24 -35.7024 -7.58878 -30 -36.0506 -5.70986 -24 -36.0506 -5.70986 -30 -36.3 -3.81529 -24 -36.3 -3.81529 -30 -36.45 -1.91026 -24 -36.45 -1.91026 -30 -36.5 0 -30 -36.5 0 -24 -36.45 1.91026 -30 -36.45 1.91026 -24 -36.3 3.81529 -30 -36.3 3.81529 -24 -36.0506 5.70986 -30 -36.0506 5.70986 -24 -35.7024 7.58878 -30 -35.7024 7.58878 -24 -35.2563 9.4469 -24 -35.2563 9.4469 -30 -34.7136 11.2791 -30 -34.7136 11.2791 -24 -34.0757 13.0804 -24 -34.0757 13.0804 -30 -33.3444 14.8459 -30 -33.3444 14.8459 -24 -32.5217 16.5707 -24 -32.5217 16.5707 -30 -31.6099 18.25 -30 -31.6099 18.25 -24 -30.6115 19.8793 -24 -30.6115 19.8793 -30 -29.5291 21.4542 -30 -29.5291 21.4542 -24 -28.3658 22.9702 -24 -28.3658 22.9702 -30 -27.1248 24.4233 -24 -27.1248 24.4233 -30 -27.1248 24.4233 -30 -27.1248 24.4233 -24 -25.8094 25.8094 -24 -25.8094 25.8094 -30 -24.4233 27.1248 -24 -24.4233 27.1248 -30 -22.9702 28.3658 -30 -22.9702 28.3658 -24 -21.4542 29.5291 -24 -21.4542 29.5291 -30 -19.8793 30.6115 -24 -19.8793 30.6115 -30 -18.25 31.6099 -24 -18.25 31.6099 -30 -16.5707 32.5217 -30 -16.5707 32.5217 -24 -14.8459 33.3444 -30 -14.8459 33.3444 -24 -13.0804 34.0757 -30 -13.0804 34.0757 -24 -11.2791 34.7136 -30 -11.2791 34.7136 -24 -9.4469 35.2563 -30 -9.4469 35.2563 -24 -7.58878 35.7024 -30 -7.58878 35.7024 -24 -5.70986 36.0506 -30 -5.70986 36.0506 -24 -3.81529 36.3 -30 -3.81529 36.3 -24 -1.91026 36.45 -30 -1.91026 36.45 -24 0 36.5 -24 0 36.5 -30 1.91026 36.45 -24 1.91026 36.45 -30 3.81529 36.3 -24 3.81529 36.3 -30 25.8094 -25.8094 -24 27.1248 -24.4233 -24 28.3658 -22.9702 -24 24.4233 -27.1248 -24 22.9702 -28.3658 -24 21.4542 -29.5291 -24 19.8793 -30.6115 -24 29.5291 -21.4542 -24 30.6115 -19.8793 -24 31.6099 -18.25 -24 18.25 -31.6099 -24 16.5707 -32.5217 -24 32.5217 -16.5707 -24 33.3444 -14.8459 -24 14.8459 -33.3444 -24 11.2791 -34.7136 -24 13.0804 -34.0757 -24 34.0757 -13.0804 -24 34.7136 -11.2791 -24 35.2563 -9.4469 -24 9.4469 -35.2563 -24 35.7024 -7.58878 -24 36.0506 -5.70986 -24 36.3 -3.81529 -24 7.58878 -35.7024 -24 3.81529 -36.3 -24 5.70986 -36.0506 -24 36.45 -1.91026 -24 36.5 0 -24 1.91026 -36.45 -24 0 -36.5 -24 -1.91026 -36.45 -24 -3.81529 -36.3 -24 36.45 1.91026 -24 36.3 3.81529 -24 -5.70986 -36.0506 -24 -7.58878 -35.7024 -24 35.7024 7.58878 -24 35.2563 9.4469 -24 34.7136 11.2791 -24 -11.2791 -34.7136 -24 -9.4469 -35.2563 -24 -13.0804 -34.0757 -24 33.3444 14.8459 -24 34.0757 13.0804 -24 36.0506 5.70986 -24 -18.25 -31.6099 -24 -14.8459 -33.3444 -24 -16.5707 -32.5217 -24 32.5217 16.5707 -24 31.6099 18.25 -24 30.6115 19.8793 -24 -19.8793 -30.6115 -24 -21.4542 -29.5291 -24 29.5291 21.4542 -24 28.3658 22.9702 -24 27.1248 24.4233 -24 -22.9702 -28.3658 -24 25.8094 25.8094 -24 -25.8094 -25.8094 -24 -24.4233 -27.1248 -24 24.4233 27.1248 -24 22.9702 28.3658 -24 -27.1248 -24.4233 -24 -28.3658 -22.9702 -24 -29.5291 -21.4542 -24 -30.6115 -19.8793 -24 21.4542 29.5291 -24 19.8793 30.6115 -24 18.25 31.6099 -24 -31.6099 -18.25 -24 16.5707 32.5217 -24 -32.5217 -16.5707 -24 -33.3444 -14.8459 -24 14.8459 33.3444 -24 13.0804 34.0757 -24 11.2791 34.7136 -24 9.4469 35.2563 -24 -34.0757 -13.0804 -24 -35.2563 -9.4469 -24 -34.7136 -11.2791 -24 5.70986 36.0506 -24 7.58878 35.7024 -24 -35.7024 -7.58878 -24 -36.3 -3.81529 -24 -36.0506 -5.70986 -24 3.81529 36.3 -24 1.91026 36.45 -24 -36.45 -1.91026 -24 -36.5 0 -24 0 36.5 -24 -1.91026 36.45 -24 -3.81529 36.3 -24 -36.3 3.81529 -24 -36.45 1.91026 -24 -36.0506 5.70986 -24 -35.7024 7.58878 -24 -7.58878 35.7024 -24 -9.4469 35.2563 -24 -11.2791 34.7136 -24 -13.0804 34.0757 -24 -5.70986 36.0506 -24 -34.7136 11.2791 -24 -35.2563 9.4469 -24 -34.0757 13.0804 -24 -16.5707 32.5217 -24 -14.8459 33.3444 -24 -33.3444 14.8459 -24 -32.5217 16.5707 -24 -31.6099 18.25 -24 -30.6115 19.8793 -24 -18.25 31.6099 -24 -19.8793 30.6115 -24 -21.4542 29.5291 -24 -29.5291 21.4542 -24 -22.9702 28.3658 -24 -28.3658 22.9702 -24 -25.8094 25.8094 -24 -27.1248 24.4233 -24 -24.4233 27.1248 -24 -31.4501 -20.424 -23 -16.9894 -12.3435 -23 -30.3381 -22.042 -23 -17.809 -11.1283 -23 20.424 31.4501 -23 11.743 17.4098 -23 10.5 18.1865 -23 22.042 30.3381 -23 -32.4759 -18.75 -23 -18.5419 -9.858901 -23 18.75 32.4759 -23 -33.4128 -17.0246 -23 -19.1845 -8.54147 -23 17.0246 33.4128 -23 9.20579 18.8747 -23 -34.2579 -15.2526 -23 15.2526 34.2579 -23 7.86674 19.4709 -23 -35.0093 -13.4388 -23 -19.7335 -7.18242 -23 13.4388 35.0093 -23 6.48936 19.9722 -23 -35.6646 -11.5881 -23 -20.1865 -5.78838 -23 11.5881 35.6646 -23 -36.2222 -9.70571 -23 -20.5411 -4.36615 -23 9.70571 36.2222 -23 5.08036 20.3762 -23 15.1061 -14.5878 -23 27.8679 -25.0924 -23 26.5165 -26.5165 -23 14.0517 -15.606 -23 25.0924 -27.8679 -23 23.5995 -29.143 -23 -36.6805 -7.79669 -23 7.79669 36.6805 -23 16.0869 -13.4985 -23 29.143 -23.5995 -23 3.64661 20.681 -23 12.9289 -16.5482 -23 22.042 -30.3381 -23 16.9894 -12.3435 -23 30.3381 -22.042 -23 31.4501 -20.424 -23 -37.0383 -5.86629 -23 -20.7956 -2.92264 -23 11.743 -17.4098 -23 20.424 -31.4501 -23 5.86629 37.0383 -23 2.1951 20.885 -23 -37.2946 -3.91982 -23 17.809 -11.1283 -23 32.4759 -18.75 -23 -20.9488 -1.46489 -23 3.91982 37.2946 -23 10.5 -18.1865 -23 18.75 -32.4759 -23 -37.4486 -1.9626 -23 -21 0 -23 1.9626 37.4486 -23 0.732889 20.9872 -23 17.0246 -33.4128 -23 18.5419 -9.858901 -23 33.4128 -17.0246 -23 -37.5 0 -23 9.20579 -18.8747 -23 0 37.5 -23 -0.732889 20.9872 -23 15.2526 -34.2579 -23 19.1845 -8.54147 -23 34.2579 -15.2526 -23 35.0093 -13.4388 -23 -37.4486 1.9626 -23 -20.9488 1.46489 -23 -1.9626 37.4486 -23 -2.1951 20.885 -23 7.86674 -19.4709 -23 -37.2946 3.91982 -23 13.4388 -35.0093 -23 19.7335 -7.18242 -23 35.6646 -11.5881 -23 -20.7956 2.92264 -23 -3.91982 37.2946 -23 6.48936 -19.9722 -23 -37.0383 5.86629 -23 -20.5411 4.36615 -23 -5.86629 37.0383 -23 -3.64661 20.681 -23 11.5881 -35.6646 -23 9.70571 -36.2222 -23 20.1865 -5.78838 -23 36.2222 -9.70571 -23 5.08036 -20.3762 -23 -36.6805 7.79669 -23 -7.79669 36.6805 -23 -5.08036 20.3762 -23 7.79669 -36.6805 -23 20.5411 -4.36615 -23 36.6805 -7.79669 -23 37.0383 -5.86629 -23 -36.2222 9.70571 -23 -20.1865 5.78838 -23 3.64661 -20.681 -23 -9.70571 36.2222 -23 -6.48936 19.9722 -23 5.86629 -37.0383 -23 -35.6646 11.5881 -23 -19.7335 7.18242 -23 20.7956 -2.92264 -23 37.2946 -3.91982 -23 2.1951 -20.885 -23 -11.5881 35.6646 -23 3.91982 -37.2946 -23 1.9626 -37.4486 -23 -35.0093 13.4388 -23 -19.1845 8.54147 -23 -13.4388 35.0093 -23 20.9488 -1.46489 -23 37.4486 -1.9626 -23 -7.86674 19.4709 -23 0.732889 -20.9872 -23 0 -37.5 -23 -34.2579 15.2526 -23 -15.2526 34.2579 -23 -9.20579 18.8747 -23 21 0 -23 37.4486 1.9626 -23 37.5 0 -23 -33.4128 17.0246 -23 -18.5419 9.858901 -23 -0.732889 -20.9872 -23 -17.0246 33.4128 -23 -10.5 18.1865 -23 -1.9626 -37.4486 -23 20.9488 1.46489 -23 37.2946 3.91982 -23 -32.4759 18.75 -23 -17.809 11.1283 -23 -18.75 32.4759 -23 -31.4501 20.424 -23 -2.1951 -20.885 -23 -16.9894 12.3435 -23 -20.424 31.4501 -23 -11.743 17.4098 -23 -3.91982 -37.2946 -23 -5.86629 -37.0383 -23 20.7956 2.92264 -23 37.0383 5.86629 -23 -30.3381 22.042 -23 -22.042 30.3381 -23 -3.64661 -20.681 -23 -12.9289 16.5482 -23 -29.143 23.5995 -23 -7.79669 -36.6805 -23 -16.0869 13.4985 -23 -23.5995 29.143 -23 -14.0517 15.606 -23 20.5411 4.36615 -23 36.6805 7.79669 -23 36.2222 9.70571 -23 -27.8679 25.0924 -23 -15.1061 14.5878 -23 -25.0924 27.8679 -23 -5.08036 -20.3762 -23 -26.5165 26.5165 -23 -9.70571 -36.2222 -23 20.1865 5.78838 -23 35.6646 11.5881 -23 -6.48936 -19.9722 -23 -11.5881 -35.6646 -23 -13.4388 -35.0093 -23 19.7335 7.18242 -23 35.0093 13.4388 -23 -7.86674 -19.4709 -23 -15.2526 -34.2579 -23 19.1845 8.54147 -23 34.2579 15.2526 -23 33.4128 17.0246 -23 -9.20579 -18.8747 -23 -17.0246 -33.4128 -23 18.5419 9.858901 -23 32.4759 18.75 -23 -10.5 -18.1865 -23 -18.75 -32.4759 -23 -20.424 -31.4501 -23 17.809 11.1283 -23 31.4501 20.424 -23 -11.743 -17.4098 -23 -22.042 -30.3381 -23 16.9894 12.3435 -23 30.3381 22.042 -23 29.143 23.5995 -23 -12.9289 -16.5482 -23 -23.5995 -29.143 -23 16.0869 13.4985 -23 27.8679 25.0924 -23 -14.0517 -15.606 -23 -25.0924 -27.8679 -23 15.1061 14.5878 -23 -26.5165 -26.5165 -23 26.5165 26.5165 -23 -15.1061 -14.5878 -23 14.0517 15.606 -23 -27.8679 -25.0924 -23 -16.0869 -13.4985 -23 25.0924 27.8679 -23 -29.143 -23.5995 -23 23.5995 29.143 -23 12.9289 16.5482 -23 3.91982 -37.2946 -24 1.9626 -37.4486 -23 3.91982 -37.2946 -23 1.9626 -37.4486 -24 5.86629 -37.0383 -24 5.86629 -37.0383 -23 7.79669 -36.6805 -24 7.79669 -36.6805 -23 37.4486 1.9626 -24 37.5 0 -23 37.4486 1.9626 -23 37.5 0 -24 9.70571 -36.2222 -24 9.70571 -36.2222 -23 37.2946 3.91982 -24 37.2946 3.91982 -23 37.0383 5.86629 -23 11.5881 -35.6646 -24 11.5881 -35.6646 -23 37.0383 5.86629 -24 36.6805 7.79669 -23 13.4388 -35.0093 -24 13.4388 -35.0093 -23 36.6805 7.79669 -24 36.2222 9.70571 -23 15.2526 -34.2579 -24 15.2526 -34.2579 -23 36.2222 9.70571 -24 35.6646 11.5881 -23 17.0246 -33.4128 -24 17.0246 -33.4128 -23 35.6646 11.5881 -24 35.0093 13.4388 -23 18.75 -32.4759 -24 18.75 -32.4759 -23 35.0093 13.4388 -24 34.2579 15.2526 -23 20.424 -31.4501 -24 20.424 -31.4501 -23 34.2579 15.2526 -24 33.4128 17.0246 -23 22.042 -30.3381 -24 22.042 -30.3381 -23 33.4128 17.0246 -24 32.4759 18.75 -23 23.5995 -29.143 -24 23.5995 -29.143 -23 32.4759 18.75 -24 25.0924 -27.8679 -24 25.0924 -27.8679 -23 31.4501 20.424 -24 31.4501 20.424 -23 26.5165 -26.5165 -24 26.5165 -26.5165 -23 30.3381 22.042 -24 30.3381 22.042 -23 27.8679 -25.0924 -24 27.8679 -25.0924 -23 27.8679 -25.0924 -24 27.8679 -25.0924 -23 29.143 -23.5995 -23 29.143 -23.5995 -24 29.143 23.5995 -24 29.143 23.5995 -23 30.3381 -22.042 -24 30.3381 -22.042 -23 31.4501 -20.424 -23 27.8679 25.0924 -24 27.8679 25.0924 -23 31.4501 -20.424 -24 26.5165 26.5165 -24 26.5165 26.5165 -23 32.4759 -18.75 -24 32.4759 -18.75 -23 33.4128 -17.0246 -23 25.0924 27.8679 -24 26.5165 26.5165 -24 26.5165 26.5165 -23 25.0924 27.8679 -23 33.4128 -17.0246 -24 34.2579 -15.2526 -23 23.5995 29.143 -24 23.5995 29.143 -23 34.2579 -15.2526 -24 35.0093 -13.4388 -23 35.0093 -13.4388 -24 35.6646 -11.5881 -23 22.042 30.3381 -24 22.042 30.3381 -23 35.6646 -11.5881 -24 36.2222 -9.70571 -23 20.424 31.4501 -24 20.424 31.4501 -23 36.2222 -9.70571 -24 36.6805 -7.79669 -23 18.75 32.4759 -24 18.75 32.4759 -23 36.6805 -7.79669 -24 37.0383 -5.86629 -23 17.0246 33.4128 -24 17.0246 33.4128 -23 37.0383 -5.86629 -24 37.2946 -3.91982 -23 15.2526 34.2579 -24 15.2526 34.2579 -23 37.2946 -3.91982 -24 37.4486 -1.9626 -24 37.4486 -1.9626 -23 13.4388 35.0093 -24 13.4388 35.0093 -23 11.5881 35.6646 -24 11.5881 35.6646 -23 9.70571 36.2222 -24 9.70571 36.2222 -23 7.79669 36.6805 -24 7.79669 36.6805 -23 5.86629 37.0383 -24 5.86629 37.0383 -23 3.91982 37.2946 -24 3.91982 37.2946 -23 1.9626 37.4486 -24 1.9626 37.4486 -23 0 37.5 -24 0 37.5 -23 -1.9626 37.4486 -24 -1.9626 37.4486 -23 -3.91982 37.2946 -24 -3.91982 37.2946 -23 -5.86629 37.0383 -24 -5.86629 37.0383 -23 -7.79669 36.6805 -24 -7.79669 36.6805 -23 -9.70571 36.2222 -24 -9.70571 36.2222 -23 -11.5881 35.6646 -24 -11.5881 35.6646 -23 -13.4388 35.0093 -24 -13.4388 35.0093 -23 -15.2526 34.2579 -24 -15.2526 34.2579 -23 -17.0246 33.4128 -24 -17.0246 33.4128 -23 -18.75 32.4759 -24 -18.75 32.4759 -23 -20.424 31.4501 -24 -20.424 31.4501 -23 -22.042 30.3381 -24 -22.042 30.3381 -23 -23.5995 29.143 -24 -23.5995 29.143 -23 -25.0924 27.8679 -24 -25.0924 27.8679 -23 -26.5165 26.5165 -24 -26.5165 26.5165 -23 -27.8679 25.0924 -24 -26.5165 26.5165 -24 -26.5165 26.5165 -23 -27.8679 25.0924 -23 -29.143 23.5995 -24 -29.143 23.5995 -23 -30.3381 22.042 -24 -30.3381 22.042 -23 -31.4501 20.424 -24 -31.4501 20.424 -23 -32.4759 18.75 -24 -32.4759 18.75 -23 -33.4128 17.0246 -24 -33.4128 17.0246 -23 -34.2579 15.2526 -24 -34.2579 15.2526 -23 -35.0093 13.4388 -24 -35.0093 13.4388 -23 -35.6646 11.5881 -24 -35.6646 11.5881 -23 -36.2222 9.70571 -24 -36.2222 9.70571 -23 -36.6805 7.79669 -24 -36.6805 7.79669 -23 -37.0383 5.86629 -24 -37.0383 5.86629 -23 -37.2946 3.91982 -24 -37.2946 3.91982 -23 -37.4486 1.9626 -24 -37.4486 1.9626 -23 -37.5 0 -24 -37.5 0 -23 -37.4486 -1.9626 -24 -37.4486 -1.9626 -23 -37.2946 -3.91982 -24 -37.2946 -3.91982 -23 -37.0383 -5.86629 -24 -37.0383 -5.86629 -23 -36.6805 -7.79669 -24 -36.6805 -7.79669 -23 -36.2222 -9.70571 -24 -36.2222 -9.70571 -23 -35.6646 -11.5881 -24 -35.6646 -11.5881 -23 -35.0093 -13.4388 -24 -35.0093 -13.4388 -23 -34.2579 -15.2526 -24 -34.2579 -15.2526 -23 -33.4128 -17.0246 -24 -33.4128 -17.0246 -23 -32.4759 -18.75 -24 -32.4759 -18.75 -23 -31.4501 -20.424 -24 -31.4501 -20.424 -23 -30.3381 -22.042 -24 -30.3381 -22.042 -23 -29.143 -23.5995 -24 -29.143 -23.5995 -23 -27.8679 -25.0924 -24 -27.8679 -25.0924 -23 -26.5165 -26.5165 -24 -26.5165 -26.5165 -23 -25.0924 -27.8679 -24 -25.0924 -27.8679 -23 -23.5995 -29.143 -24 -25.0924 -27.8679 -24 -25.0924 -27.8679 -23 -23.5995 -29.143 -23 -22.042 -30.3381 -24 -22.042 -30.3381 -23 -20.424 -31.4501 -24 -20.424 -31.4501 -23 -18.75 -32.4759 -24 -18.75 -32.4759 -23 -17.0246 -33.4128 -24 -17.0246 -33.4128 -23 -15.2526 -34.2579 -24 -15.2526 -34.2579 -23 -13.4388 -35.0093 -24 -13.4388 -35.0093 -23 -11.5881 -35.6646 -24 -11.5881 -35.6646 -23 -9.70571 -36.2222 -24 -9.70571 -36.2222 -23 -7.79669 -36.6805 -24 -7.79669 -36.6805 -23 -5.86629 -37.0383 -24 -5.86629 -37.0383 -23 -3.91982 -37.2946 -24 -3.91982 -37.2946 -23 -1.9626 -37.4486 -24 -1.9626 -37.4486 -23 0 -37.5 -24 0 -37.5 -23 21 0 -23 21 0 -24 20.9488 1.46489 -24 20.9488 1.46489 -23 20.7956 2.92264 -24 20.7956 2.92264 -23 20.5411 4.36615 -24 20.5411 4.36615 -23 20.1865 5.78838 -23 20.1865 5.78838 -24 19.7335 7.18242 -24 19.7335 7.18242 -23 19.1845 8.54147 -23 19.1845 8.54147 -24 18.5419 9.858901 -23 18.5419 9.858901 -24 17.809 11.1283 -23 17.809 11.1283 -24 16.9894 12.3435 -24 16.9894 12.3435 -23 16.0869 13.4985 -23 16.0869 13.4985 -24 15.1061 14.5878 -23 15.1061 14.5878 -24 14.0517 15.606 -23 14.0517 15.606 -24 12.9289 16.5482 -23 14.0517 15.606 -24 12.9289 16.5482 -24 14.0517 15.606 -23 11.743 17.4098 -23 11.743 17.4098 -24 10.5 18.1865 -23 10.5 18.1865 -24 9.20579 18.8747 -23 9.20579 18.8747 -24 7.86674 19.4709 -24 7.86674 19.4709 -23 6.48936 19.9722 -23 6.48936 19.9722 -24 5.08036 20.3762 -23 5.08036 20.3762 -24 3.64661 20.681 -24 3.64661 20.681 -23 2.1951 20.885 -23 2.1951 20.885 -24 0.732889 20.9872 -23 0.732889 20.9872 -24 -0.732889 20.9872 -23 -0.732889 20.9872 -24 -2.1951 20.885 -24 -2.1951 20.885 -23 -3.64661 20.681 -23 -3.64661 20.681 -24 -5.08036 20.3762 -23 -5.08036 20.3762 -24 -6.48936 19.9722 -23 -6.48936 19.9722 -24 -7.86674 19.4709 -23 -7.86674 19.4709 -24 -9.20579 18.8747 -23 -9.20579 18.8747 -24 -10.5 18.1865 -23 -10.5 18.1865 -24 -11.743 17.4098 -24 -11.743 17.4098 -23 -12.9289 16.5482 -23 -12.9289 16.5482 -24 -14.0517 15.606 -23 -14.0517 15.606 -24 -15.1061 14.5878 -23 -15.1061 14.5878 -24 -16.0869 13.4985 -23 -15.1061 14.5878 -24 -16.0869 13.4985 -24 -15.1061 14.5878 -23 -16.9894 12.3435 -23 -16.9894 12.3435 -24 -17.809 11.1283 -23 -17.809 11.1283 -24 -18.5419 9.858901 -24 -18.5419 9.858901 -23 -19.1845 8.54147 -23 -19.1845 8.54147 -24 -19.7335 7.18242 -23 -19.7335 7.18242 -24 -20.1865 5.78838 -23 -20.1865 5.78838 -24 -20.5411 4.36615 -23 -20.5411 4.36615 -24 -20.7956 2.92264 -23 -20.7956 2.92264 -24 -20.9488 1.46489 -24 -20.9488 1.46489 -23 -21 0 -24 -21 0 -23 -20.9488 -1.46489 -23 -20.9488 -1.46489 -24 -20.7956 -2.92264 -23 -20.7956 -2.92264 -24 -20.5411 -4.36615 -23 -20.5411 -4.36615 -24 -20.1865 -5.78838 -23 -20.1865 -5.78838 -24 -19.7335 -7.18242 -23 -19.7335 -7.18242 -24 -19.1845 -8.54147 -23 -19.1845 -8.54147 -24 -18.5419 -9.858901 -23 -18.5419 -9.858901 -24 -17.809 -11.1283 -24 -17.809 -11.1283 -23 -16.9894 -12.3435 -23 -16.9894 -12.3435 -24 -16.0869 -13.4985 -23 -16.0869 -13.4985 -24 -15.1061 -14.5878 -23 -15.1061 -14.5878 -24 -14.0517 -15.606 -23 -15.1061 -14.5878 -23 -15.1061 -14.5878 -24 -14.0517 -15.606 -24 -12.9289 -16.5482 -23 -12.9289 -16.5482 -24 -11.743 -17.4098 -23 -11.743 -17.4098 -24 -10.5 -18.1865 -23 -10.5 -18.1865 -24 -9.20579 -18.8747 -23 -9.20579 -18.8747 -24 -7.86674 -19.4709 -23 -7.86674 -19.4709 -24 -6.48936 -19.9722 -23 -6.48936 -19.9722 -24 -5.08036 -20.3762 -23 -5.08036 -20.3762 -24 -3.64661 -20.681 -23 -3.64661 -20.681 -24 -2.1951 -20.885 -24 -2.1951 -20.885 -23 -0.732889 -20.9872 -23 -0.732889 -20.9872 -24 0.732889 -20.9872 -23 0.732889 -20.9872 -24 2.1951 -20.885 -23 2.1951 -20.885 -24 3.64661 -20.681 -23 3.64661 -20.681 -24 5.08036 -20.3762 -23 5.08036 -20.3762 -24 6.48936 -19.9722 -23 6.48936 -19.9722 -24 7.86674 -19.4709 -23 7.86674 -19.4709 -24 9.20579 -18.8747 -23 9.20579 -18.8747 -24 10.5 -18.1865 -23 10.5 -18.1865 -24 11.743 -17.4098 -23 11.743 -17.4098 -24 12.9289 -16.5482 -23 12.9289 -16.5482 -24 14.0517 -15.606 -23 14.0517 -15.606 -24 15.1061 -14.5878 -23 15.1061 -14.5878 -24 15.1061 -14.5878 -23 15.1061 -14.5878 -24 16.0869 -13.4985 -24 16.0869 -13.4985 -23 16.9894 -12.3435 -23 16.9894 -12.3435 -24 17.809 -11.1283 -23 17.809 -11.1283 -24 18.5419 -9.858901 -23 18.5419 -9.858901 -24 19.1845 -8.54147 -23 19.1845 -8.54147 -24 19.7335 -7.18242 -23 19.7335 -7.18242 -24 20.1865 -5.78838 -23 20.1865 -5.78838 -24 20.5411 -4.36615 -23 20.5411 -4.36615 -24 20.7956 -2.92264 -23 20.7956 -2.92264 -24 20.9488 -1.46489 -24 20.9488 -1.46489 -23 5.86629 37.0383 -30 7.79669 36.6805 -30 9.70571 36.2222 -30 11.5881 35.6646 -30 37.5 0 -30 37.4486 -1.9626 -30 13.4388 35.0093 -30 15.2526 34.2579 -30 37.2946 -3.91982 -30 37.0383 -5.86629 -30 17.0246 33.4128 -30 18.75 32.4759 -30 36.6805 -7.79669 -30 36.2222 -9.70571 -30 35.6646 -11.5881 -30 20.424 31.4501 -30 35.0093 -13.4388 -30 22.042 30.3381 -30 23.5995 29.143 -30 25.0924 27.8679 -30 34.2579 -15.2526 -30 26.5165 26.5165 -30 26.5165 26.5165 -30 27.8679 25.0924 -30 33.4128 -17.0246 -30 32.4759 -18.75 -30 29.143 23.5995 -30 31.4501 -20.424 -30 30.3381 -22.042 -30 30.3381 22.042 -30 31.4501 20.424 -30 29.143 -23.5995 -30 32.4759 18.75 -30 33.4128 17.0246 -30 27.8679 -25.0924 -30 27.8679 -25.0924 -30 34.2579 15.2526 -30 26.5165 -26.5165 -30 35.0093 13.4388 -30 35.6646 11.5881 -30 25.0924 -27.8679 -30 36.2222 9.70571 -30 23.5995 -29.143 -30 22.042 -30.3381 -30 36.6805 7.79669 -30 20.424 -31.4501 -30 37.0383 5.86629 -30 37.2946 3.91982 -30 18.75 -32.4759 -30 17.0246 -33.4128 -30 37.4486 1.9626 -30 15.2526 -34.2579 -30 13.4388 -35.0093 -30 11.5881 -35.6646 -30 9.70571 -36.2222 -30 7.79669 -36.6805 -30 5.86629 -37.0383 -30 3.91982 -37.2946 -30 1.9626 -37.4486 -30 0 -37.5 -30 -1.9626 -37.4486 -30 -3.91982 -37.2946 -30 -5.86629 -37.0383 -30 -7.79669 -36.6805 -30 -9.70571 -36.2222 -30 -11.5881 -35.6646 -30 -13.4388 -35.0093 -30 -15.2526 -34.2579 -30 -17.0246 -33.4128 -30 -18.75 -32.4759 -30 -20.424 -31.4501 -30 -22.042 -30.3381 -30 -23.5995 -29.143 -30 -25.0924 -27.8679 -30 -25.0924 -27.8679 -30 -26.5165 -26.5165 -30 -27.8679 -25.0924 -30 -29.143 -23.5995 -30 -30.3381 -22.042 -30 -31.4501 -20.424 -30 -32.4759 -18.75 -30 -33.4128 -17.0246 -30 -34.2579 -15.2526 -30 -35.0093 -13.4388 -30 -35.6646 -11.5881 -30 -36.2222 -9.70571 -30 -36.6805 -7.79669 -30 -37.0383 -5.86629 -30 -37.2946 -3.91982 -30 -37.4486 -1.9626 -30 -37.5 0 -30 -37.4486 1.9626 -30 -37.2946 3.91982 -30 -37.0383 5.86629 -30 -36.6805 7.79669 -30 -36.2222 9.70571 -30 -35.6646 11.5881 -30 -35.0093 13.4388 -30 -34.2579 15.2526 -30 -33.4128 17.0246 -30 -32.4759 18.75 -30 -31.4501 20.424 -30 -30.3381 22.042 -30 -29.143 23.5995 -30 -27.8679 25.0924 -30 -26.5165 26.5165 -30 -26.5165 26.5165 -30 -25.0924 27.8679 -30 -23.5995 29.143 -30 -22.042 30.3381 -30 -20.424 31.4501 -30 -18.75 32.4759 -30 -17.0246 33.4128 -30 -15.2526 34.2579 -30 -13.4388 35.0093 -30 -11.5881 35.6646 -30 -9.70571 36.2222 -30 -7.79669 36.6805 -30 -5.86629 37.0383 -30 -3.91982 37.2946 -30 -1.9626 37.4486 -30 0 37.5 -30 1.9626 37.4486 -30 3.91982 37.2946 -30 10.5 18.1865 -24 19.8793 30.6115 -24 18.25 31.6099 -24 -30.6115 -19.8793 -24 -17.809 -11.1283 -24 -31.6099 -18.25 -24 -18.5419 -9.858901 -24 9.20579 18.8747 -24 16.5707 32.5217 -24 -32.5217 -16.5707 -24 -19.1845 -8.54147 -24 7.86674 19.4709 -24 14.8459 33.3444 -24 -33.3444 -14.8459 -24 6.48936 19.9722 -24 13.0804 34.0757 -24 -19.7335 -7.18242 -24 -34.0757 -13.0804 -24 11.2791 34.7136 -24 -20.1865 -5.78838 -24 -34.7136 -11.2791 -24 9.4469 35.2563 -24 5.08036 20.3762 -24 -35.2563 -9.4469 -24 -20.5411 -4.36615 -24 25.8094 -25.8094 -24 27.1248 -24.4233 -24 15.1061 -14.5878 -24 3.64661 20.681 -24 7.58878 35.7024 -24 24.4233 -27.1248 -24 14.0517 -15.606 -24 -35.7024 -7.58878 -24 22.9702 -28.3658 -24 28.3658 -22.9702 -24 16.0869 -13.4985 -24 21.4542 -29.5291 -24 12.9289 -16.5482 -24 5.70986 36.0506 -24 2.1951 20.885 -24 -36.0506 -5.70986 -24 29.5291 -21.4542 -24 30.6115 -19.8793 -24 16.9894 -12.3435 -24 -20.7956 -2.92264 -24 3.81529 36.3 -24 19.8793 -30.6115 -24 11.743 -17.4098 -24 -36.3 -3.81529 -24 -20.9488 -1.46489 -24 0.732889 20.9872 -24 1.91026 36.45 -24 31.6099 -18.25 -24 17.809 -11.1283 -24 18.25 -31.6099 -24 10.5 -18.1865 -24 16.5707 -32.5217 -24 -36.45 -1.91026 -24 -21 0 -24 -0.732889 20.9872 -24 0 36.5 -24 32.5217 -16.5707 -24 18.5419 -9.858901 -24 -36.5 0 -24 -2.1951 20.885 -24 -1.91026 36.45 -24 14.8459 -33.3444 -24 9.20579 -18.8747 -24 33.3444 -14.8459 -24 34.0757 -13.0804 -24 19.1845 -8.54147 -24 -20.9488 1.46489 -24 -36.45 1.91026 -24 13.0804 -34.0757 -24 7.86674 -19.4709 -24 -3.81529 36.3 -24 -20.7956 2.92264 -24 -36.3 3.81529 -24 34.7136 -11.2791 -24 19.7335 -7.18242 -24 -3.64661 20.681 -24 -5.70986 36.0506 -24 11.2791 -34.7136 -24 6.48936 -19.9722 -24 9.4469 -35.2563 -24 -36.0506 5.70986 -24 -20.5411 4.36615 -24 -7.58878 35.7024 -24 35.2563 -9.4469 -24 20.1865 -5.78838 -24 -5.08036 20.3762 -24 -35.7024 7.58878 -24 7.58878 -35.7024 -24 5.08036 -20.3762 -24 -6.48936 19.9722 -24 -9.4469 35.2563 -24 35.7024 -7.58878 -24 36.0506 -5.70986 -24 20.5411 -4.36615 -24 -35.2563 9.4469 -24 -20.1865 5.78838 -24 3.64661 -20.681 -24 5.70986 -36.0506 -24 -11.2791 34.7136 -24 36.3 -3.81529 -24 20.7956 -2.92264 -24 -19.7335 7.18242 -24 -34.7136 11.2791 -24 -7.86674 19.4709 -24 -13.0804 34.0757 -24 2.1951 -20.885 -24 3.81529 -36.3 -24 1.91026 -36.45 -24 -19.1845 8.54147 -24 -34.0757 13.0804 -24 -9.20579 18.8747 -24 -14.8459 33.3444 -24 36.45 -1.91026 -24 20.9488 -1.46489 -24 0.732889 -20.9872 -24 0 -36.5 -24 -33.3444 14.8459 -24 -16.5707 32.5217 -24 -10.5 18.1865 -24 36.5 0 -24 21 0 -24 -32.5217 16.5707 -24 36.45 1.91026 -24 -18.5419 9.858901 -24 -18.25 31.6099 -24 -31.6099 18.25 -24 -1.91026 -36.45 -24 -0.732889 -20.9872 -24 -17.809 11.1283 -24 -19.8793 30.6115 -24 -11.743 17.4098 -24 36.3 3.81529 -24 20.9488 1.46489 -24 -30.6115 19.8793 -24 -16.9894 12.3435 -24 -3.81529 -36.3 -24 -2.1951 -20.885 -24 -12.9289 16.5482 -24 -21.4542 29.5291 -24 -5.70986 -36.0506 -24 -29.5291 21.4542 -24 -22.9702 28.3658 -24 -14.0517 15.606 -24 20.7956 2.92264 -24 -28.3658 22.9702 -24 -16.0869 13.4985 -24 36.0506 5.70986 -24 -24.4233 27.1248 -24 -7.58878 -35.7024 -24 -3.64661 -20.681 -24 -27.1248 24.4233 -24 -15.1061 14.5878 -24 -25.8094 25.8094 -24 35.7024 7.58878 -24 35.2563 9.4469 -24 20.5411 4.36615 -24 -9.4469 -35.2563 -24 -5.08036 -20.3762 -24 34.7136 11.2791 -24 20.1865 5.78838 -24 -6.48936 -19.9722 -24 -11.2791 -34.7136 -24 -13.0804 -34.0757 -24 34.0757 13.0804 -24 19.7335 7.18242 -24 -14.8459 -33.3444 -24 -7.86674 -19.4709 -24 33.3444 14.8459 -24 32.5217 16.5707 -24 19.1845 8.54147 -24 -16.5707 -32.5217 -24 -9.20579 -18.8747 -24 31.6099 18.25 -24 18.5419 9.858901 -24 -18.25 -31.6099 -24 -10.5 -18.1865 -24 -19.8793 -30.6115 -24 30.6115 19.8793 -24 17.809 11.1283 -24 -11.743 -17.4098 -24 -21.4542 -29.5291 -24 29.5291 21.4542 -24 28.3658 22.9702 -24 16.9894 12.3435 -24 -12.9289 -16.5482 -24 -22.9702 -28.3658 -24 16.0869 13.4985 -24 27.1248 24.4233 -24 -14.0517 -15.606 -24 -24.4233 -27.1248 -24 15.1061 14.5878 -24 25.8094 25.8094 -24 -25.8094 -25.8094 -24 -15.1061 -14.5878 -24 14.0517 15.606 -24 24.4233 27.1248 -24 -27.1248 -24.4233 -24 -16.0869 -13.4985 -24 22.9702 28.3658 -24 12.9289 16.5482 -24 -28.3658 -22.9702 -24 -16.9894 -12.3435 -24 11.743 17.4098 -24 21.4542 29.5291 -24 -29.5291 -21.4542 -24 36.45 -1.91026 -30 36.3 -3.81529 -30 37.2946 -3.91982 -30 37.4486 -1.9626 -30 -1.9626 37.4486 -30 -3.81529 36.3 -30 -1.91026 36.45 -30 -3.91982 37.2946 -30 36.5 0 -30 0 36.5 -30 37.5 0 -30 0 37.5 -30 36.45 1.91026 -30 -25.8094 -25.8094 -30 -26.5165 -26.5165 -30 -25.0924 -27.8679 -30 -24.4233 -27.1248 -30 -23.5995 -29.143 -30 1.91026 36.45 -30 37.4486 1.9626 -30 -27.1248 -24.4233 -30 -27.8679 -25.0924 -30 -29.143 -23.5995 -30 1.9626 37.4486 -30 -22.9702 -28.3658 -30 -22.042 -30.3381 -30 3.81529 36.3 -30 -28.3658 -22.9702 -30 -30.3381 -22.042 -30 37.2946 3.91982 -30 36.3 3.81529 -30 3.91982 37.2946 -30 36.0506 5.70986 -30 -21.4542 -29.5291 -30 37.0383 5.86629 -30 -29.5291 -21.4542 -30 -19.8793 -30.6115 -30 -20.424 -31.4501 -30 -18.75 -32.4759 -30 5.86629 37.0383 -30 5.70986 36.0506 -30 35.7024 7.58878 -30 -30.6115 -19.8793 -30 -31.4501 -20.424 -30 36.6805 7.79669 -30 7.79669 36.6805 -30 7.58878 35.7024 -30 -18.25 -31.6099 -30 9.4469 35.2563 -30 -31.6099 -18.25 -30 -32.4759 -18.75 -30 35.2563 9.4469 -30 9.70571 36.2222 -30 36.2222 9.70571 -30 -16.5707 -32.5217 -30 -17.0246 -33.4128 -30 -15.2526 -34.2579 -30 34.7136 11.2791 -30 -32.5217 -16.5707 -30 -33.4128 -17.0246 -30 11.2791 34.7136 -30 -34.2579 -15.2526 -30 35.6646 11.5881 -30 -14.8459 -33.3444 -30 11.5881 35.6646 -30 -33.3444 -14.8459 -30 -35.0093 -13.4388 -30 35.0093 13.4388 -30 34.0757 13.0804 -30 -13.0804 -34.0757 -30 13.4388 35.0093 -30 13.0804 34.0757 -30 14.8459 33.3444 -30 -13.4388 -35.0093 -30 -34.0757 -13.0804 -30 -11.2791 -34.7136 -30 -11.5881 -35.6646 -30 34.2579 15.2526 -30 32.5217 16.5707 -30 33.3444 14.8459 -30 -34.7136 -11.2791 -30 -35.6646 -11.5881 -30 -9.70571 -36.2222 -30 15.2526 34.2579 -30 -36.2222 -9.70571 -30 -9.4469 -35.2563 -30 -35.2563 -9.4469 -30 17.0246 33.4128 -30 16.5707 32.5217 -30 18.25 31.6099 -30 33.4128 17.0246 -30 31.6099 18.25 -30 -7.79669 -36.6805 -30 -7.58878 -35.7024 -30 -35.7024 -7.58878 -30 -36.6805 -7.79669 -30 18.75 32.4759 -30 -37.0383 -5.86629 -30 32.4759 18.75 -30 30.6115 19.8793 -30 -5.70986 -36.0506 -30 -5.86629 -37.0383 -30 -36.0506 -5.70986 -30 -3.81529 -36.3 -30 -3.91982 -37.2946 -30 -36.3 -3.81529 -30 -37.2946 -3.91982 -30 31.4501 20.424 -30 29.5291 21.4542 -30 20.424 31.4501 -30 19.8793 30.6115 -30 21.4542 29.5291 -30 -1.91026 -36.45 -30 -1.9626 -37.4486 -30 -36.45 -1.91026 -30 22.042 30.3381 -30 -37.4486 -1.9626 -30 0 -37.5 -30 30.3381 22.042 -30 28.3658 22.9702 -30 23.5995 29.143 -30 22.9702 28.3658 -30 24.4233 27.1248 -30 -37.5 0 -30 0 -36.5 -30 29.143 23.5995 -30 25.0924 27.8679 -30 -36.5 0 -30 27.8679 25.0924 -30 25.8094 25.8094 -30 27.1248 24.4233 -30 26.5165 26.5165 -30 -37.4486 1.9626 -30 1.91026 -36.45 -30 1.9626 -37.4486 -30 -36.45 1.91026 -30 3.91982 -37.2946 -30 3.81529 -36.3 -30 -36.3 3.81529 -30 -37.2946 3.91982 -30 5.86629 -37.0383 -30 5.70986 -36.0506 -30 -36.0506 5.70986 -30 -37.0383 5.86629 -30 -36.6805 7.79669 -30 7.58878 -35.7024 -30 7.79669 -36.6805 -30 -35.7024 7.58878 -30 -36.2222 9.70571 -30 9.4469 -35.2563 -30 9.70571 -36.2222 -30 -35.2563 9.4469 -30 11.5881 -35.6646 -30 11.2791 -34.7136 -30 -34.7136 11.2791 -30 -35.6646 11.5881 -30 13.0804 -34.0757 -30 13.4388 -35.0093 -30 -34.0757 13.0804 -30 -35.0093 13.4388 -30 14.8459 -33.3444 -30 15.2526 -34.2579 -30 -33.3444 14.8459 -30 -34.2579 15.2526 -30 17.0246 -33.4128 -30 -33.4128 17.0246 -30 16.5707 -32.5217 -30 -32.5217 16.5707 -30 18.75 -32.4759 -30 -32.4759 18.75 -30 18.25 -31.6099 -30 -31.6099 18.25 -30 20.424 -31.4501 -30 19.8793 -30.6115 -30 -30.6115 19.8793 -30 -31.4501 20.424 -30 -30.3381 22.042 -30 21.4542 -29.5291 -30 22.042 -30.3381 -30 -29.5291 21.4542 -30 22.9702 -28.3658 -30 23.5995 -29.143 -30 -28.3658 22.9702 -30 -29.143 23.5995 -30 25.0924 -27.8679 -30 24.4233 -27.1248 -30 -27.1248 24.4233 -30 -27.8679 25.0924 -30 25.8094 -25.8094 -30 26.5165 -26.5165 -30 -25.8094 25.8094 -30 -26.5165 26.5165 -30 -24.4233 27.1248 -30 27.8679 -25.0924 -30 27.1248 -24.4233 -30 -25.0924 27.8679 -30 -22.9702 28.3658 -30 29.143 -23.5995 -30 28.3658 -22.9702 -30 -23.5995 29.143 -30 29.5291 -21.4542 -30 -21.4542 29.5291 -30 30.3381 -22.042 -30 -22.042 30.3381 -30 30.6115 -19.8793 -30 -19.8793 30.6115 -30 31.4501 -20.424 -30 -20.424 31.4501 -30 31.6099 -18.25 -30 -18.25 31.6099 -30 32.4759 -18.75 -30 -18.75 32.4759 -30 32.5217 -16.5707 -30 33.4128 -17.0246 -30 -17.0246 33.4128 -30 -16.5707 32.5217 -30 33.3444 -14.8459 -30 -14.8459 33.3444 -30 34.2579 -15.2526 -30 -15.2526 34.2579 -30 34.0757 -13.0804 -30 35.0093 -13.4388 -30 -13.4388 35.0093 -30 -13.0804 34.0757 -30 34.7136 -11.2791 -30 -11.2791 34.7136 -30 35.6646 -11.5881 -30 -11.5881 35.6646 -30 35.2563 -9.4469 -30 36.2222 -9.70571 -30 -9.70571 36.2222 -30 -9.4469 35.2563 -30 35.7024 -7.58878 -30 36.6805 -7.79669 -30 -7.79669 36.6805 -30 -7.58878 35.7024 -30 -5.70986 36.0506 -30 37.0383 -5.86629 -30 36.0506 -5.70986 -30 -5.86629 37.0383 -30 7.58878 35.7024 -30 5.70986 36.0506 -30 7.58878 35.7024 -24 5.70986 36.0506 -24 9.4469 35.2563 -30 9.4469 35.2563 -24 11.2791 34.7136 -30 11.2791 34.7136 -24 36.45 -1.91026 -30 36.5 0 -30 36.45 -1.91026 -24 36.5 0 -24 13.0804 34.0757 -30 13.0804 34.0757 -24 36.3 -3.81529 -30 36.3 -3.81529 -24 36.0506 -5.70986 -30 14.8459 33.3444 -30 14.8459 33.3444 -24 35.7024 -7.58878 -30 36.0506 -5.70986 -24 16.5707 32.5217 -30 16.5707 32.5217 -24 18.25 31.6099 -30 35.7024 -7.58878 -24 18.25 31.6099 -24 35.2563 -9.4469 -30 35.2563 -9.4469 -24 34.7136 -11.2791 -30 19.8793 30.6115 -30 19.8793 30.6115 -24 34.7136 -11.2791 -24 21.4542 29.5291 -30 21.4542 29.5291 -24 34.0757 -13.0804 -30 34.0757 -13.0804 -24 33.3444 -14.8459 -30 22.9702 28.3658 -30 22.9702 28.3658 -24 33.3444 -14.8459 -24 24.4233 27.1248 -30 24.4233 27.1248 -24 32.5217 -16.5707 -30 32.5217 -16.5707 -24 25.8094 25.8094 -30 24.4233 27.1248 -30 25.8094 25.8094 -24 24.4233 27.1248 -24 31.6099 -18.25 -30 31.6099 -18.25 -24 30.6115 -19.8793 -30 27.1248 24.4233 -30 27.1248 24.4233 -24 29.5291 -21.4542 -30 30.6115 -19.8793 -24 28.3658 22.9702 -30 28.3658 22.9702 -24 29.5291 21.4542 -30 29.5291 21.4542 -24 29.5291 -21.4542 -24 30.6115 19.8793 -30 30.6115 19.8793 -24 28.3658 -22.9702 -30 28.3658 -22.9702 -24 31.6099 18.25 -30 31.6099 18.25 -24 27.1248 -24.4233 -24 27.1248 -24.4233 -30 32.5217 16.5707 -30 32.5217 16.5707 -24 25.8094 -25.8094 -24 25.8094 -25.8094 -30 33.3444 14.8459 -30 33.3444 14.8459 -24 25.8094 -25.8094 -30 25.8094 -25.8094 -24 24.4233 -27.1248 -24 24.4233 -27.1248 -30 34.0757 13.0804 -30 34.0757 13.0804 -24 22.9702 -28.3658 -24 22.9702 -28.3658 -30 34.7136 11.2791 -30 34.7136 11.2791 -24 21.4542 -29.5291 -24 21.4542 -29.5291 -30 35.2563 9.4469 -30 35.2563 9.4469 -24 35.7024 7.58878 -30 19.8793 -30.6115 -24 19.8793 -30.6115 -30 35.7024 7.58878 -24 18.25 -31.6099 -24 36.0506 5.70986 -24 18.25 -31.6099 -30 36.0506 5.70986 -30 36.3 3.81529 -24 16.5707 -32.5217 -24 16.5707 -32.5217 -30 14.8459 -33.3444 -30 36.3 3.81529 -30 36.45 1.91026 -24 36.45 1.91026 -30 14.8459 -33.3444 -24 13.0804 -34.0757 -24 13.0804 -34.0757 -30 11.2791 -34.7136 -24 11.2791 -34.7136 -30 9.4469 -35.2563 -30 9.4469 -35.2563 -24 7.58878 -35.7024 -30 7.58878 -35.7024 -24 5.70986 -36.0506 -30 5.70986 -36.0506 -24 3.81529 -36.3 -30 3.81529 -36.3 -24 1.91026 -36.45 -30 1.91026 -36.45 -24 0 -36.5 -30 -1.91026 -36.45 -30 0 -36.5 -24 -3.81529 -36.3 -30 -1.91026 -36.45 -24 -3.81529 -36.3 -24 -5.70986 -36.0506 -30 -5.70986 -36.0506 -24 -7.58878 -35.7024 -30 -7.58878 -35.7024 -24 -9.4469 -35.2563 -30 -9.4469 -35.2563 -24 -11.2791 -34.7136 -30 -11.2791 -34.7136 -24 -13.0804 -34.0757 -30 -13.0804 -34.0757 -24 -14.8459 -33.3444 -30 -14.8459 -33.3444 -24 -16.5707 -32.5217 -30 -16.5707 -32.5217 -24 -18.25 -31.6099 -24 -18.25 -31.6099 -30 -19.8793 -30.6115 -24 -19.8793 -30.6115 -30 -21.4542 -29.5291 -24 -21.4542 -29.5291 -30 -22.9702 -28.3658 -24 -22.9702 -28.3658 -30 -24.4233 -27.1248 -24 -24.4233 -27.1248 -30 -25.8094 -25.8094 -30 -25.8094 -25.8094 -24 -27.1248 -24.4233 -30 -25.8094 -25.8094 -30 -25.8094 -25.8094 -24 -27.1248 -24.4233 -24 -28.3658 -22.9702 -24 -28.3658 -22.9702 -30 -29.5291 -21.4542 -30 -29.5291 -21.4542 -24 -30.6115 -19.8793 -24 -30.6115 -19.8793 -30 -31.6099 -18.25 -24 -31.6099 -18.25 -30 -32.5217 -16.5707 -30 -32.5217 -16.5707 -24 -33.3444 -14.8459 -30 -33.3444 -14.8459 -24 -34.0757 -13.0804 -24 -34.0757 -13.0804 -30 -34.7136 -11.2791 -24 -34.7136 -11.2791 -30 -35.2563 -9.4469 -24 -35.2563 -9.4469 -30 -35.7024 -7.58878 -24 -35.7024 -7.58878 -30 -36.0506 -5.70986 -24 -36.0506 -5.70986 -30 -36.3 -3.81529 -24 -36.3 -3.81529 -30 -36.45 -1.91026 -24 -36.45 -1.91026 -30 -36.5 0 -30 -36.5 0 -24 -36.45 1.91026 -30 -36.45 1.91026 -24 -36.3 3.81529 -30 -36.3 3.81529 -24 -36.0506 5.70986 -30 -36.0506 5.70986 -24 -35.7024 7.58878 -30 -35.7024 7.58878 -24 -35.2563 9.4469 -24 -35.2563 9.4469 -30 -34.7136 11.2791 -30 -34.7136 11.2791 -24 -34.0757 13.0804 -24 -34.0757 13.0804 -30 -33.3444 14.8459 -30 -33.3444 14.8459 -24 -32.5217 16.5707 -24 -32.5217 16.5707 -30 -31.6099 18.25 -30 -31.6099 18.25 -24 -30.6115 19.8793 -24 -30.6115 19.8793 -30 -29.5291 21.4542 -30 -29.5291 21.4542 -24 -28.3658 22.9702 -24 -28.3658 22.9702 -30 -27.1248 24.4233 -24 -27.1248 24.4233 -30 -27.1248 24.4233 -30 -27.1248 24.4233 -24 -25.8094 25.8094 -24 -25.8094 25.8094 -30 -24.4233 27.1248 -24 -24.4233 27.1248 -30 -22.9702 28.3658 -30 -22.9702 28.3658 -24 -21.4542 29.5291 -24 -21.4542 29.5291 -30 -19.8793 30.6115 -24 -19.8793 30.6115 -30 -18.25 31.6099 -24 -18.25 31.6099 -30 -16.5707 32.5217 -30 -16.5707 32.5217 -24 -14.8459 33.3444 -30 -14.8459 33.3444 -24 -13.0804 34.0757 -30 -13.0804 34.0757 -24 -11.2791 34.7136 -30 -11.2791 34.7136 -24 -9.4469 35.2563 -30 -9.4469 35.2563 -24 -7.58878 35.7024 -30 -7.58878 35.7024 -24 -5.70986 36.0506 -30 -5.70986 36.0506 -24 -3.81529 36.3 -30 -3.81529 36.3 -24 -1.91026 36.45 -30 -1.91026 36.45 -24 0 36.5 -24 0 36.5 -30 1.91026 36.45 -24 1.91026 36.45 -30 3.81529 36.3 -24 3.81529 36.3 -30 3.91982 -37.2946 -24 1.9626 -37.4486 -23 3.91982 -37.2946 -23 1.9626 -37.4486 -24 5.86629 -37.0383 -24 5.86629 -37.0383 -23 7.79669 -36.6805 -24 7.79669 -36.6805 -23 37.4486 1.9626 -24 37.5 0 -23 37.4486 1.9626 -23 37.5 0 -24 9.70571 -36.2222 -24 9.70571 -36.2222 -23 37.2946 3.91982 -24 37.2946 3.91982 -23 37.0383 5.86629 -23 11.5881 -35.6646 -24 11.5881 -35.6646 -23 37.0383 5.86629 -24 36.6805 7.79669 -23 13.4388 -35.0093 -24 13.4388 -35.0093 -23 36.6805 7.79669 -24 36.2222 9.70571 -23 15.2526 -34.2579 -24 15.2526 -34.2579 -23 36.2222 9.70571 -24 35.6646 11.5881 -23 17.0246 -33.4128 -24 17.0246 -33.4128 -23 35.6646 11.5881 -24 35.0093 13.4388 -23 18.75 -32.4759 -24 18.75 -32.4759 -23 35.0093 13.4388 -24 34.2579 15.2526 -23 20.424 -31.4501 -24 20.424 -31.4501 -23 34.2579 15.2526 -24 33.4128 17.0246 -23 22.042 -30.3381 -24 22.042 -30.3381 -23 33.4128 17.0246 -24 32.4759 18.75 -23 23.5995 -29.143 -24 23.5995 -29.143 -23 32.4759 18.75 -24 25.0924 -27.8679 -24 25.0924 -27.8679 -23 31.4501 20.424 -24 31.4501 20.424 -23 26.5165 -26.5165 -24 26.5165 -26.5165 -23 30.3381 22.042 -24 30.3381 22.042 -23 27.8679 -25.0924 -24 27.8679 -25.0924 -23 27.8679 -25.0924 -24 27.8679 -25.0924 -23 29.143 -23.5995 -23 29.143 -23.5995 -24 29.143 23.5995 -24 29.143 23.5995 -23 30.3381 -22.042 -24 30.3381 -22.042 -23 31.4501 -20.424 -23 27.8679 25.0924 -24 27.8679 25.0924 -23 31.4501 -20.424 -24 26.5165 26.5165 -24 26.5165 26.5165 -23 32.4759 -18.75 -24 32.4759 -18.75 -23 33.4128 -17.0246 -23 25.0924 27.8679 -24 26.5165 26.5165 -24 26.5165 26.5165 -23 25.0924 27.8679 -23 33.4128 -17.0246 -24 34.2579 -15.2526 -23 23.5995 29.143 -24 23.5995 29.143 -23 34.2579 -15.2526 -24 35.0093 -13.4388 -23 35.0093 -13.4388 -24 35.6646 -11.5881 -23 22.042 30.3381 -24 22.042 30.3381 -23 35.6646 -11.5881 -24 36.2222 -9.70571 -23 20.424 31.4501 -24 20.424 31.4501 -23 36.2222 -9.70571 -24 36.6805 -7.79669 -23 18.75 32.4759 -24 18.75 32.4759 -23 36.6805 -7.79669 -24 37.0383 -5.86629 -23 17.0246 33.4128 -24 17.0246 33.4128 -23 37.0383 -5.86629 -24 37.2946 -3.91982 -23 15.2526 34.2579 -24 15.2526 34.2579 -23 37.2946 -3.91982 -24 37.4486 -1.9626 -24 37.4486 -1.9626 -23 13.4388 35.0093 -24 13.4388 35.0093 -23 11.5881 35.6646 -24 11.5881 35.6646 -23 9.70571 36.2222 -24 9.70571 36.2222 -23 7.79669 36.6805 -24 7.79669 36.6805 -23 5.86629 37.0383 -24 5.86629 37.0383 -23 3.91982 37.2946 -24 3.91982 37.2946 -23 1.9626 37.4486 -24 1.9626 37.4486 -23 0 37.5 -24 0 37.5 -23 -1.9626 37.4486 -24 -1.9626 37.4486 -23 -3.91982 37.2946 -24 -3.91982 37.2946 -23 -5.86629 37.0383 -24 -5.86629 37.0383 -23 -7.79669 36.6805 -24 -7.79669 36.6805 -23 -9.70571 36.2222 -24 -9.70571 36.2222 -23 -11.5881 35.6646 -24 -11.5881 35.6646 -23 -13.4388 35.0093 -24 -13.4388 35.0093 -23 -15.2526 34.2579 -24 -15.2526 34.2579 -23 -17.0246 33.4128 -24 -17.0246 33.4128 -23 -18.75 32.4759 -24 -18.75 32.4759 -23 -20.424 31.4501 -24 -20.424 31.4501 -23 -22.042 30.3381 -24 -22.042 30.3381 -23 -23.5995 29.143 -24 -23.5995 29.143 -23 -25.0924 27.8679 -24 -25.0924 27.8679 -23 -26.5165 26.5165 -24 -26.5165 26.5165 -23 -27.8679 25.0924 -24 -26.5165 26.5165 -24 -26.5165 26.5165 -23 -27.8679 25.0924 -23 -29.143 23.5995 -24 -29.143 23.5995 -23 -30.3381 22.042 -24 -30.3381 22.042 -23 -31.4501 20.424 -24 -31.4501 20.424 -23 -32.4759 18.75 -24 -32.4759 18.75 -23 -33.4128 17.0246 -24 -33.4128 17.0246 -23 -34.2579 15.2526 -24 -34.2579 15.2526 -23 -35.0093 13.4388 -24 -35.0093 13.4388 -23 -35.6646 11.5881 -24 -35.6646 11.5881 -23 -36.2222 9.70571 -24 -36.2222 9.70571 -23 -36.6805 7.79669 -24 -36.6805 7.79669 -23 -37.0383 5.86629 -24 -37.0383 5.86629 -23 -37.2946 3.91982 -24 -37.2946 3.91982 -23 -37.4486 1.9626 -24 -37.4486 1.9626 -23 -37.5 0 -24 -37.5 0 -23 -37.4486 -1.9626 -24 -37.4486 -1.9626 -23 -37.2946 -3.91982 -24 -37.2946 -3.91982 -23 -37.0383 -5.86629 -24 -37.0383 -5.86629 -23 -36.6805 -7.79669 -24 -36.6805 -7.79669 -23 -36.2222 -9.70571 -24 -36.2222 -9.70571 -23 -35.6646 -11.5881 -24 -35.6646 -11.5881 -23 -35.0093 -13.4388 -24 -35.0093 -13.4388 -23 -34.2579 -15.2526 -24 -34.2579 -15.2526 -23 -33.4128 -17.0246 -24 -33.4128 -17.0246 -23 -32.4759 -18.75 -24 -32.4759 -18.75 -23 -31.4501 -20.424 -24 -31.4501 -20.424 -23 -30.3381 -22.042 -24 -30.3381 -22.042 -23 -29.143 -23.5995 -24 -29.143 -23.5995 -23 -27.8679 -25.0924 -24 -27.8679 -25.0924 -23 -26.5165 -26.5165 -24 -26.5165 -26.5165 -23 -25.0924 -27.8679 -24 -25.0924 -27.8679 -23 -23.5995 -29.143 -24 -25.0924 -27.8679 -24 -25.0924 -27.8679 -23 -23.5995 -29.143 -23 -22.042 -30.3381 -24 -22.042 -30.3381 -23 -20.424 -31.4501 -24 -20.424 -31.4501 -23 -18.75 -32.4759 -24 -18.75 -32.4759 -23 -17.0246 -33.4128 -24 -17.0246 -33.4128 -23 -15.2526 -34.2579 -24 -15.2526 -34.2579 -23 -13.4388 -35.0093 -24 -13.4388 -35.0093 -23 -11.5881 -35.6646 -24 -11.5881 -35.6646 -23 -9.70571 -36.2222 -24 -9.70571 -36.2222 -23 -7.79669 -36.6805 -24 -7.79669 -36.6805 -23 -5.86629 -37.0383 -24 -5.86629 -37.0383 -23 -3.91982 -37.2946 -24 -3.91982 -37.2946 -23 -1.9626 -37.4486 -24 -1.9626 -37.4486 -23 0 -37.5 -24 0 -37.5 -23 5.86629 37.0383 -30 7.79669 36.6805 -30 9.70571 36.2222 -30 11.5881 35.6646 -30 37.5 0 -30 37.4486 -1.9626 -30 13.4388 35.0093 -30 15.2526 34.2579 -30 37.2946 -3.91982 -30 37.0383 -5.86629 -30 17.0246 33.4128 -30 18.75 32.4759 -30 36.6805 -7.79669 -30 36.2222 -9.70571 -30 35.6646 -11.5881 -30 20.424 31.4501 -30 35.0093 -13.4388 -30 22.042 30.3381 -30 23.5995 29.143 -30 25.0924 27.8679 -30 34.2579 -15.2526 -30 26.5165 26.5165 -30 26.5165 26.5165 -30 27.8679 25.0924 -30 33.4128 -17.0246 -30 32.4759 -18.75 -30 29.143 23.5995 -30 31.4501 -20.424 -30 30.3381 -22.042 -30 30.3381 22.042 -30 31.4501 20.424 -30 29.143 -23.5995 -30 32.4759 18.75 -30 33.4128 17.0246 -30 27.8679 -25.0924 -30 27.8679 -25.0924 -30 34.2579 15.2526 -30 26.5165 -26.5165 -30 35.0093 13.4388 -30 35.6646 11.5881 -30 25.0924 -27.8679 -30 36.2222 9.70571 -30 23.5995 -29.143 -30 22.042 -30.3381 -30 36.6805 7.79669 -30 20.424 -31.4501 -30 37.0383 5.86629 -30 37.2946 3.91982 -30 18.75 -32.4759 -30 17.0246 -33.4128 -30 37.4486 1.9626 -30 15.2526 -34.2579 -30 13.4388 -35.0093 -30 11.5881 -35.6646 -30 9.70571 -36.2222 -30 7.79669 -36.6805 -30 5.86629 -37.0383 -30 3.91982 -37.2946 -30 1.9626 -37.4486 -30 0 -37.5 -30 -1.9626 -37.4486 -30 -3.91982 -37.2946 -30 -5.86629 -37.0383 -30 -7.79669 -36.6805 -30 -9.70571 -36.2222 -30 -11.5881 -35.6646 -30 -13.4388 -35.0093 -30 -15.2526 -34.2579 -30 -17.0246 -33.4128 -30 -18.75 -32.4759 -30 -20.424 -31.4501 -30 -22.042 -30.3381 -30 -23.5995 -29.143 -30 -25.0924 -27.8679 -30 -25.0924 -27.8679 -30 -26.5165 -26.5165 -30 -27.8679 -25.0924 -30 -29.143 -23.5995 -30 -30.3381 -22.042 -30 -31.4501 -20.424 -30 -32.4759 -18.75 -30 -33.4128 -17.0246 -30 -34.2579 -15.2526 -30 -35.0093 -13.4388 -30 -35.6646 -11.5881 -30 -36.2222 -9.70571 -30 -36.6805 -7.79669 -30 -37.0383 -5.86629 -30 -37.2946 -3.91982 -30 -37.4486 -1.9626 -30 -37.5 0 -30 -37.4486 1.9626 -30 -37.2946 3.91982 -30 -37.0383 5.86629 -30 -36.6805 7.79669 -30 -36.2222 9.70571 -30 -35.6646 11.5881 -30 -35.0093 13.4388 -30 -34.2579 15.2526 -30 -33.4128 17.0246 -30 -32.4759 18.75 -30 -31.4501 20.424 -30 -30.3381 22.042 -30 -29.143 23.5995 -30 -27.8679 25.0924 -30 -26.5165 26.5165 -30 -26.5165 26.5165 -30 -25.0924 27.8679 -30 -23.5995 29.143 -30 -22.042 30.3381 -30 -20.424 31.4501 -30 -18.75 32.4759 -30 -17.0246 33.4128 -30 -15.2526 34.2579 -30 -13.4388 35.0093 -30 -11.5881 35.6646 -30 -9.70571 36.2222 -30 -7.79669 36.6805 -30 -5.86629 37.0383 -30 -3.91982 37.2946 -30 -1.9626 37.4486 -30 0 37.5 -30 1.9626 37.4486 -30 3.91982 37.2946 -30 -36.2222 -9.70571 -23 -28.2138 -8.615671 -23 -35.6646 -11.5881 -23 -28.6747 -6.92914 -23 9.70571 36.2222 -23 11.5881 35.6646 -23 7.77582 28.4567 -23 6.07637 28.8674 -23 -36.6805 -7.79669 -23 -29.0348 -5.21826 -23 7.79669 36.6805 -23 -37.0383 -5.86629 -23 -29.2929 -3.48906 -23 5.86629 37.0383 -23 4.35557 29.1767 -23 -37.2946 -3.91982 -23 -29.4482 -1.7476 -23 3.91982 37.2946 -23 2.61948 29.3835 -23 -37.4486 -1.9626 -23 -29.5 0 -23 1.9626 37.4486 -23 0.874183 29.487 -23 21.1665 -20.5483 -23 27.8679 -25.0924 -23 26.5165 -26.5165 -23 -37.5 0 -23 0 37.5 -23 -0.874183 29.487 -23 19.912 -21.7661 -23 25.0924 -27.8679 -23 22.3466 -19.2582 -23 29.143 -23.5995 -23 18.5876 -22.9075 -23 23.5995 -29.143 -23 22.042 -30.3381 -23 -37.4486 1.9626 -23 -29.4482 1.7476 -23 -1.9626 37.4486 -23 -2.61948 29.3835 -23 23.4482 -17.9006 -23 30.3381 -22.042 -23 17.1979 -23.9684 -23 20.424 -31.4501 -23 24.4675 -16.4801 -23 31.4501 -20.424 -23 -37.2946 3.91982 -23 -29.2929 3.48906 -23 -3.91982 37.2946 -23 -4.35557 29.1767 -23 15.7478 -24.9451 -23 18.75 -32.4759 -23 25.4008 -15.0017 -23 32.4759 -18.75 -23 14.2424 -25.8342 -23 -37.0383 5.86629 -23 17.0246 -33.4128 -23 26.2449 -13.4706 -23 33.4128 -17.0246 -23 34.2579 -15.2526 -23 -29.0348 5.21826 -23 -5.86629 37.0383 -23 -6.07637 28.8674 -23 12.6869 -26.6325 -23 -36.6805 7.79669 -23 -28.6747 6.92914 -23 15.2526 -34.2579 -23 -7.79669 36.6805 -23 26.9968 -11.8921 -23 35.0093 -13.4388 -23 -36.2222 9.70571 -23 11.0869 -27.3373 -23 -28.2138 8.615671 -23 13.4388 -35.0093 -23 -9.70571 36.2222 -23 -7.77582 28.4567 -23 27.6539 -10.2719 -23 35.6646 -11.5881 -23 -35.6646 11.5881 -23 9.44796 -27.9461 -23 -27.6539 10.2719 -23 -11.5881 35.6646 -23 -9.44796 27.9461 -23 11.5881 -35.6646 -23 28.2138 -8.615671 -23 36.2222 -9.70571 -23 -35.0093 13.4388 -23 7.77582 -28.4567 -23 -26.9968 11.8921 -23 9.70571 -36.2222 -23 -13.4388 35.0093 -23 -11.0869 27.3373 -23 28.6747 -6.92914 -23 36.6805 -7.79669 -23 -34.2579 15.2526 -23 6.07637 -28.8674 -23 -26.2449 13.4706 -23 -15.2526 34.2579 -23 -12.6869 26.6325 -23 7.79669 -36.6805 -23 5.86629 -37.0383 -23 29.0348 -5.21826 -23 37.0383 -5.86629 -23 -33.4128 17.0246 -23 4.35557 -29.1767 -23 -17.0246 33.4128 -23 3.91982 -37.2946 -23 -14.2424 25.8342 -23 -32.4759 18.75 -23 29.2929 -3.48906 -23 37.2946 -3.91982 -23 -25.4008 15.0017 -23 -18.75 32.4759 -23 2.61948 -29.3835 -23 -15.7478 24.9451 -23 1.9626 -37.4486 -23 29.4482 -1.7476 -23 37.4486 -1.9626 -23 -31.4501 20.424 -23 -24.4675 16.4801 -23 -20.424 31.4501 -23 -17.1979 23.9684 -23 0.874183 -29.487 -23 -30.3381 22.042 -23 0 -37.5 -23 -23.4482 17.9006 -23 29.5 0 -23 37.4486 1.9626 -23 37.5 0 -23 -22.042 30.3381 -23 -18.5876 22.9075 -23 -29.143 23.5995 -23 -22.3466 19.2582 -23 -0.874183 -29.487 -23 -23.5995 29.143 -23 -1.9626 -37.4486 -23 -27.8679 25.0924 -23 -21.1665 20.5483 -23 29.4482 1.7476 -23 37.2946 3.91982 -23 -25.0924 27.8679 -23 -19.912 21.7661 -23 -2.61948 -29.3835 -23 -26.5165 26.5165 -23 -3.91982 -37.2946 -23 29.2929 3.48906 -23 37.0383 5.86629 -23 -4.35557 -29.1767 -23 -5.86629 -37.0383 -23 29.0348 5.21826 -23 36.6805 7.79669 -23 -6.07637 -28.8674 -23 -7.79669 -36.6805 -23 -9.70571 -36.2222 -23 28.6747 6.92914 -23 36.2222 9.70571 -23 -7.77582 -28.4567 -23 -11.5881 -35.6646 -23 28.2138 8.615671 -23 35.6646 11.5881 -23 -9.44796 -27.9461 -23 -13.4388 -35.0093 -23 27.6539 10.2719 -23 35.0093 13.4388 -23 -11.0869 -27.3373 -23 -15.2526 -34.2579 -23 26.9968 11.8921 -23 34.2579 15.2526 -23 -12.6869 -26.6325 -23 -17.0246 -33.4128 -23 26.2449 13.4706 -23 33.4128 17.0246 -23 32.4759 18.75 -23 -14.2424 -25.8342 -23 -18.75 -32.4759 -23 25.4008 15.0017 -23 31.4501 20.424 -23 -15.7478 -24.9451 -23 -20.424 -31.4501 -23 24.4675 16.4801 -23 30.3381 22.042 -23 -17.1979 -23.9684 -23 -22.042 -30.3381 -23 23.4482 17.9006 -23 29.143 23.5995 -23 -18.5876 -22.9075 -23 -23.5995 -29.143 -23 22.3466 19.2582 -23 -25.0924 -27.8679 -23 27.8679 25.0924 -23 -19.912 -21.7661 -23 21.1665 20.5483 -23 -26.5165 -26.5165 -23 26.5165 26.5165 -23 -21.1665 -20.5483 -23 19.912 21.7661 -23 -27.8679 -25.0924 -23 25.0924 27.8679 -23 -22.3466 -19.2582 -23 18.5876 22.9075 -23 -29.143 -23.5995 -23 23.5995 29.143 -23 -23.4482 -17.9006 -23 -30.3381 -22.042 -23 -24.4675 -16.4801 -23 22.042 30.3381 -23 17.1979 23.9684 -23 -31.4501 -20.424 -23 -25.4008 -15.0017 -23 20.424 31.4501 -23 15.7478 24.9451 -23 -32.4759 -18.75 -23 -26.2449 -13.4706 -23 18.75 32.4759 -23 14.2424 25.8342 -23 -33.4128 -17.0246 -23 17.0246 33.4128 -23 12.6869 26.6325 -23 -34.2579 -15.2526 -23 -26.9968 -11.8921 -23 15.2526 34.2579 -23 11.0869 27.3373 -23 -35.0093 -13.4388 -23 -27.6539 -10.2719 -23 13.4388 35.0093 -23 9.44796 27.9461 -23 36.45 -1.91026 -30 36.3 -3.81529 -30 37.2946 -3.91982 -30 37.4486 -1.9626 -30 -1.9626 37.4486 -30 -3.81529 36.3 -30 -1.91026 36.45 -30 -3.91982 37.2946 -30 36.5 0 -30 0 36.5 -30 37.5 0 -30 0 37.5 -30 36.45 1.91026 -30 -25.8094 -25.8094 -30 -26.5165 -26.5165 -30 -25.0924 -27.8679 -30 -24.4233 -27.1248 -30 -23.5995 -29.143 -30 1.91026 36.45 -30 37.4486 1.9626 -30 -27.1248 -24.4233 -30 -27.8679 -25.0924 -30 -29.143 -23.5995 -30 1.9626 37.4486 -30 -22.9702 -28.3658 -30 -22.042 -30.3381 -30 3.81529 36.3 -30 -28.3658 -22.9702 -30 -30.3381 -22.042 -30 37.2946 3.91982 -30 36.3 3.81529 -30 3.91982 37.2946 -30 36.0506 5.70986 -30 -21.4542 -29.5291 -30 37.0383 5.86629 -30 -29.5291 -21.4542 -30 -19.8793 -30.6115 -30 -20.424 -31.4501 -30 -18.75 -32.4759 -30 5.86629 37.0383 -30 5.70986 36.0506 -30 35.7024 7.58878 -30 -30.6115 -19.8793 -30 -31.4501 -20.424 -30 36.6805 7.79669 -30 7.79669 36.6805 -30 7.58878 35.7024 -30 -18.25 -31.6099 -30 9.4469 35.2563 -30 -31.6099 -18.25 -30 -32.4759 -18.75 -30 35.2563 9.4469 -30 9.70571 36.2222 -30 36.2222 9.70571 -30 -16.5707 -32.5217 -30 -17.0246 -33.4128 -30 -15.2526 -34.2579 -30 34.7136 11.2791 -30 -32.5217 -16.5707 -30 -33.4128 -17.0246 -30 11.2791 34.7136 -30 -34.2579 -15.2526 -30 35.6646 11.5881 -30 -14.8459 -33.3444 -30 11.5881 35.6646 -30 -33.3444 -14.8459 -30 -35.0093 -13.4388 -30 35.0093 13.4388 -30 34.0757 13.0804 -30 -13.0804 -34.0757 -30 13.4388 35.0093 -30 13.0804 34.0757 -30 14.8459 33.3444 -30 -13.4388 -35.0093 -30 -34.0757 -13.0804 -30 -11.2791 -34.7136 -30 -11.5881 -35.6646 -30 34.2579 15.2526 -30 32.5217 16.5707 -30 33.3444 14.8459 -30 -34.7136 -11.2791 -30 -35.6646 -11.5881 -30 -9.70571 -36.2222 -30 15.2526 34.2579 -30 -36.2222 -9.70571 -30 -9.4469 -35.2563 -30 -35.2563 -9.4469 -30 17.0246 33.4128 -30 16.5707 32.5217 -30 18.25 31.6099 -30 33.4128 17.0246 -30 31.6099 18.25 -30 -7.79669 -36.6805 -30 -7.58878 -35.7024 -30 -35.7024 -7.58878 -30 -36.6805 -7.79669 -30 18.75 32.4759 -30 -37.0383 -5.86629 -30 32.4759 18.75 -30 30.6115 19.8793 -30 -5.70986 -36.0506 -30 -5.86629 -37.0383 -30 -36.0506 -5.70986 -30 -3.81529 -36.3 -30 -3.91982 -37.2946 -30 -36.3 -3.81529 -30 -37.2946 -3.91982 -30 31.4501 20.424 -30 29.5291 21.4542 -30 20.424 31.4501 -30 19.8793 30.6115 -30 21.4542 29.5291 -30 -1.91026 -36.45 -30 -1.9626 -37.4486 -30 -36.45 -1.91026 -30 22.042 30.3381 -30 -37.4486 -1.9626 -30 0 -37.5 -30 30.3381 22.042 -30 28.3658 22.9702 -30 23.5995 29.143 -30 22.9702 28.3658 -30 24.4233 27.1248 -30 -37.5 0 -30 0 -36.5 -30 29.143 23.5995 -30 25.0924 27.8679 -30 -36.5 0 -30 27.8679 25.0924 -30 25.8094 25.8094 -30 27.1248 24.4233 -30 26.5165 26.5165 -30 -37.4486 1.9626 -30 1.91026 -36.45 -30 1.9626 -37.4486 -30 -36.45 1.91026 -30 3.91982 -37.2946 -30 3.81529 -36.3 -30 -36.3 3.81529 -30 -37.2946 3.91982 -30 5.86629 -37.0383 -30 5.70986 -36.0506 -30 -36.0506 5.70986 -30 -37.0383 5.86629 -30 -36.6805 7.79669 -30 7.58878 -35.7024 -30 7.79669 -36.6805 -30 -35.7024 7.58878 -30 -36.2222 9.70571 -30 9.4469 -35.2563 -30 9.70571 -36.2222 -30 -35.2563 9.4469 -30 11.5881 -35.6646 -30 11.2791 -34.7136 -30 -34.7136 11.2791 -30 -35.6646 11.5881 -30 13.0804 -34.0757 -30 13.4388 -35.0093 -30 -34.0757 13.0804 -30 -35.0093 13.4388 -30 14.8459 -33.3444 -30 15.2526 -34.2579 -30 -33.3444 14.8459 -30 -34.2579 15.2526 -30 17.0246 -33.4128 -30 -33.4128 17.0246 -30 16.5707 -32.5217 -30 -32.5217 16.5707 -30 18.75 -32.4759 -30 -32.4759 18.75 -30 18.25 -31.6099 -30 -31.6099 18.25 -30 20.424 -31.4501 -30 19.8793 -30.6115 -30 -30.6115 19.8793 -30 -31.4501 20.424 -30 -30.3381 22.042 -30 21.4542 -29.5291 -30 22.042 -30.3381 -30 -29.5291 21.4542 -30 22.9702 -28.3658 -30 23.5995 -29.143 -30 -28.3658 22.9702 -30 -29.143 23.5995 -30 25.0924 -27.8679 -30 24.4233 -27.1248 -30 -27.1248 24.4233 -30 -27.8679 25.0924 -30 25.8094 -25.8094 -30 26.5165 -26.5165 -30 -25.8094 25.8094 -30 -26.5165 26.5165 -30 -24.4233 27.1248 -30 27.8679 -25.0924 -30 27.1248 -24.4233 -30 -25.0924 27.8679 -30 -22.9702 28.3658 -30 29.143 -23.5995 -30 28.3658 -22.9702 -30 -23.5995 29.143 -30 29.5291 -21.4542 -30 -21.4542 29.5291 -30 30.3381 -22.042 -30 -22.042 30.3381 -30 30.6115 -19.8793 -30 -19.8793 30.6115 -30 31.4501 -20.424 -30 -20.424 31.4501 -30 31.6099 -18.25 -30 -18.25 31.6099 -30 32.4759 -18.75 -30 -18.75 32.4759 -30 32.5217 -16.5707 -30 33.4128 -17.0246 -30 -17.0246 33.4128 -30 -16.5707 32.5217 -30 33.3444 -14.8459 -30 -14.8459 33.3444 -30 34.2579 -15.2526 -30 -15.2526 34.2579 -30 34.0757 -13.0804 -30 35.0093 -13.4388 -30 -13.4388 35.0093 -30 -13.0804 34.0757 -30 34.7136 -11.2791 -30 -11.2791 34.7136 -30 35.6646 -11.5881 -30 -11.5881 35.6646 -30 35.2563 -9.4469 -30 36.2222 -9.70571 -30 -9.70571 36.2222 -30 -9.4469 35.2563 -30 35.7024 -7.58878 -30 36.6805 -7.79669 -30 -7.79669 36.6805 -30 -7.58878 35.7024 -30 -5.70986 36.0506 -30 37.0383 -5.86629 -30 36.0506 -5.70986 -30 -5.86629 37.0383 -30 23.4482 -17.9006 -23 22.3466 -19.2582 -23 22.3466 -19.2582 0 24.4675 -16.4801 -23 23.4482 -17.9006 0 24.4675 -16.4801 0 25.4008 -15.0017 0 25.4008 -15.0017 -23 26.2449 -13.4706 0 29.4482 1.7476 -23 29.5 0 0 29.4482 1.7476 0 29.5 0 -23 26.2449 -13.4706 -23 29.2929 3.48906 -23 29.2929 3.48906 0 26.9968 -11.8921 -23 26.9968 -11.8921 0 29.0348 5.21826 -23 29.0348 5.21826 0 27.6539 -10.2719 -23 27.6539 -10.2719 0 28.2138 -8.615671 0 28.2138 -8.615671 -23 28.6747 -6.92914 0 28.6747 6.92914 -23 28.6747 6.92914 0 28.2138 8.615671 -23 28.2138 8.615671 0 28.6747 -6.92914 -23 29.0348 -5.21826 -23 29.0348 -5.21826 0 29.2929 -3.48906 0 27.6539 10.2719 -23 27.6539 10.2719 0 26.9968 11.8921 0 29.2929 -3.48906 -23 29.4482 -1.7476 0 26.9968 11.8921 -23 29.4482 -1.7476 -23 26.2449 13.4706 -23 26.2449 13.4706 0 25.4008 15.0017 0 25.4008 15.0017 -23 24.4675 16.4801 -23 24.4675 16.4801 0 23.4482 17.9006 0 23.4482 17.9006 -23 22.3466 19.2582 -23 22.3466 19.2582 0 21.1665 20.5483 0 21.1665 20.5483 -23 19.912 21.7661 -23 21.1665 20.5483 0 19.912 21.7661 0 18.5876 22.9075 0 21.1665 20.5483 -23 18.5876 22.9075 -23 17.1979 23.9684 0 17.1979 23.9684 -23 15.7478 24.9451 -23 15.7478 24.9451 0 14.2424 25.8342 -23 14.2424 25.8342 0 12.6869 26.6325 -23 12.6869 26.6325 0 11.0869 27.3373 -23 11.0869 27.3373 0 9.44796 27.9461 0 9.44796 27.9461 -23 7.77582 28.4567 -23 7.77582 28.4567 0 6.07637 28.8674 0 6.07637 28.8674 -23 4.35557 29.1767 0 4.35557 29.1767 -23 2.61948 29.3835 -23 2.61948 29.3835 0 0.874183 29.487 -23 0.874183 29.487 0 -0.874183 29.487 -23 -0.874183 29.487 0 -2.61948 29.3835 -23 -2.61948 29.3835 0 -4.35557 29.1767 0 -4.35557 29.1767 -23 -6.07637 28.8674 -23 -6.07637 28.8674 0 -7.77582 28.4567 -23 -7.77582 28.4567 0 -9.44796 27.9461 -23 -9.44796 27.9461 0 -11.0869 27.3373 -23 -11.0869 27.3373 0 -12.6869 26.6325 -23 -12.6869 26.6325 0 -14.2424 25.8342 -23 -14.2424 25.8342 0 -15.7478 24.9451 -23 -15.7478 24.9451 0 -17.1979 23.9684 -23 -17.1979 23.9684 0 -18.5876 22.9075 0 -18.5876 22.9075 -23 -19.912 21.7661 -23 -19.912 21.7661 0 -21.1665 20.5483 -23 -21.1665 20.5483 0 -22.3466 19.2582 -23 -21.1665 20.5483 0 -22.3466 19.2582 0 -23.4482 17.9006 0 -21.1665 20.5483 -23 -23.4482 17.9006 -23 -24.4675 16.4801 -23 -24.4675 16.4801 0 -25.4008 15.0017 -23 -25.4008 15.0017 0 -26.2449 13.4706 -23 -26.2449 13.4706 0 -26.9968 11.8921 -23 -26.9968 11.8921 0 -27.6539 10.2719 0 -27.6539 10.2719 -23 -28.2138 8.615671 -23 -28.2138 8.615671 0 -28.6747 6.92914 -23 -28.6747 6.92914 0 -29.0348 5.21826 -23 -29.0348 5.21826 0 -29.2929 3.48906 0 -29.2929 3.48906 -23 -29.4482 1.7476 -23 -29.4482 1.7476 0 -29.5 0 -23 -29.5 0 0 -29.4482 -1.7476 -23 -29.4482 -1.7476 0 -29.2929 -3.48906 0 -29.2929 -3.48906 -23 -29.0348 -5.21826 -23 -29.0348 -5.21826 0 -28.6747 -6.92914 0 -28.6747 -6.92914 -23 -28.2138 -8.615671 0 -28.2138 -8.615671 -23 -27.6539 -10.2719 -23 -27.6539 -10.2719 0 -26.9968 -11.8921 -23 -26.9968 -11.8921 0 -26.2449 -13.4706 -23 -26.2449 -13.4706 0 -25.4008 -15.0017 0 -25.4008 -15.0017 -23 -24.4675 -16.4801 0 -24.4675 -16.4801 -23 -23.4482 -17.9006 0 -23.4482 -17.9006 -23 -22.3466 -19.2582 -23 -22.3466 -19.2582 0 -21.1665 -20.5483 0 -21.1665 -20.5483 -23 -19.912 -21.7661 -23 -19.912 -21.7661 0 -18.5876 -22.9075 -23 -19.912 -21.7661 0 -18.5876 -22.9075 0 -17.1979 -23.9684 0 -19.912 -21.7661 -23 -17.1979 -23.9684 -23 -15.7478 -24.9451 0 -15.7478 -24.9451 -23 -14.2424 -25.8342 -23 -14.2424 -25.8342 0 -12.6869 -26.6325 0 -12.6869 -26.6325 -23 -11.0869 -27.3373 -23 -11.0869 -27.3373 0 -9.44796 -27.9461 -23 -9.44796 -27.9461 0 -7.77582 -28.4567 0 -7.77582 -28.4567 -23 -6.07637 -28.8674 0 -6.07637 -28.8674 -23 -4.35557 -29.1767 -23 -4.35557 -29.1767 0 -2.61948 -29.3835 -23 -2.61948 -29.3835 0 -0.874183 -29.487 0 -0.874183 -29.487 -23 0.874183 -29.487 0 0.874183 -29.487 -23 2.61948 -29.3835 -23 2.61948 -29.3835 0 4.35557 -29.1767 -23 4.35557 -29.1767 0 6.07637 -28.8674 -23 6.07637 -28.8674 0 7.77582 -28.4567 -23 7.77582 -28.4567 0 9.44796 -27.9461 -23 9.44796 -27.9461 0 11.0869 -27.3373 -23 11.0869 -27.3373 0 12.6869 -26.6325 -23 12.6869 -26.6325 0 14.2424 -25.8342 -23 14.2424 -25.8342 0 15.7478 -24.9451 -23 15.7478 -24.9451 0 17.1979 -23.9684 -23 17.1979 -23.9684 0 18.5876 -22.9075 -23 18.5876 -22.9075 0 19.912 -21.7661 -23 19.912 -21.7661 0 21.1665 -20.5483 -23 21.1665 -20.5483 0 21.1665 -20.5483 -23 21.1665 -20.5483 0 7.58878 35.7024 -30 5.70986 36.0506 -30 7.58878 35.7024 -24 5.70986 36.0506 -24 9.4469 35.2563 -30 9.4469 35.2563 -24 11.2791 34.7136 -30 11.2791 34.7136 -24 36.45 -1.91026 -30 36.5 0 -30 36.45 -1.91026 -24 36.5 0 -24 13.0804 34.0757 -30 13.0804 34.0757 -24 36.3 -3.81529 -30 36.3 -3.81529 -24 36.0506 -5.70986 -30 14.8459 33.3444 -30 14.8459 33.3444 -24 35.7024 -7.58878 -30 36.0506 -5.70986 -24 16.5707 32.5217 -30 16.5707 32.5217 -24 18.25 31.6099 -30 35.7024 -7.58878 -24 18.25 31.6099 -24 35.2563 -9.4469 -30 35.2563 -9.4469 -24 34.7136 -11.2791 -30 19.8793 30.6115 -30 19.8793 30.6115 -24 34.7136 -11.2791 -24 21.4542 29.5291 -30 21.4542 29.5291 -24 34.0757 -13.0804 -30 34.0757 -13.0804 -24 33.3444 -14.8459 -30 22.9702 28.3658 -30 22.9702 28.3658 -24 33.3444 -14.8459 -24 24.4233 27.1248 -30 24.4233 27.1248 -24 32.5217 -16.5707 -30 32.5217 -16.5707 -24 25.8094 25.8094 -30 24.4233 27.1248 -30 25.8094 25.8094 -24 24.4233 27.1248 -24 31.6099 -18.25 -30 31.6099 -18.25 -24 30.6115 -19.8793 -30 27.1248 24.4233 -30 27.1248 24.4233 -24 29.5291 -21.4542 -30 30.6115 -19.8793 -24 28.3658 22.9702 -30 28.3658 22.9702 -24 29.5291 21.4542 -30 29.5291 21.4542 -24 29.5291 -21.4542 -24 30.6115 19.8793 -30 30.6115 19.8793 -24 28.3658 -22.9702 -30 28.3658 -22.9702 -24 31.6099 18.25 -30 31.6099 18.25 -24 27.1248 -24.4233 -24 27.1248 -24.4233 -30 32.5217 16.5707 -30 32.5217 16.5707 -24 25.8094 -25.8094 -24 25.8094 -25.8094 -30 33.3444 14.8459 -30 33.3444 14.8459 -24 25.8094 -25.8094 -30 25.8094 -25.8094 -24 24.4233 -27.1248 -24 24.4233 -27.1248 -30 34.0757 13.0804 -30 34.0757 13.0804 -24 22.9702 -28.3658 -24 22.9702 -28.3658 -30 34.7136 11.2791 -30 34.7136 11.2791 -24 21.4542 -29.5291 -24 21.4542 -29.5291 -30 35.2563 9.4469 -30 35.2563 9.4469 -24 35.7024 7.58878 -30 19.8793 -30.6115 -24 19.8793 -30.6115 -30 35.7024 7.58878 -24 18.25 -31.6099 -24 36.0506 5.70986 -24 18.25 -31.6099 -30 36.0506 5.70986 -30 36.3 3.81529 -24 16.5707 -32.5217 -24 16.5707 -32.5217 -30 14.8459 -33.3444 -30 36.3 3.81529 -30 36.45 1.91026 -24 36.45 1.91026 -30 14.8459 -33.3444 -24 13.0804 -34.0757 -24 13.0804 -34.0757 -30 11.2791 -34.7136 -24 11.2791 -34.7136 -30 9.4469 -35.2563 -30 9.4469 -35.2563 -24 7.58878 -35.7024 -30 7.58878 -35.7024 -24 5.70986 -36.0506 -30 5.70986 -36.0506 -24 3.81529 -36.3 -30 3.81529 -36.3 -24 1.91026 -36.45 -30 1.91026 -36.45 -24 0 -36.5 -30 -1.91026 -36.45 -30 0 -36.5 -24 -3.81529 -36.3 -30 -1.91026 -36.45 -24 -3.81529 -36.3 -24 -5.70986 -36.0506 -30 -5.70986 -36.0506 -24 -7.58878 -35.7024 -30 -7.58878 -35.7024 -24 -9.4469 -35.2563 -30 -9.4469 -35.2563 -24 -11.2791 -34.7136 -30 -11.2791 -34.7136 -24 -13.0804 -34.0757 -30 -13.0804 -34.0757 -24 -14.8459 -33.3444 -30 -14.8459 -33.3444 -24 -16.5707 -32.5217 -30 -16.5707 -32.5217 -24 -18.25 -31.6099 -24 -18.25 -31.6099 -30 -19.8793 -30.6115 -24 -19.8793 -30.6115 -30 -21.4542 -29.5291 -24 -21.4542 -29.5291 -30 -22.9702 -28.3658 -24 -22.9702 -28.3658 -30 -24.4233 -27.1248 -24 -24.4233 -27.1248 -30 -25.8094 -25.8094 -30 -25.8094 -25.8094 -24 -27.1248 -24.4233 -30 -25.8094 -25.8094 -30 -25.8094 -25.8094 -24 -27.1248 -24.4233 -24 -28.3658 -22.9702 -24 -28.3658 -22.9702 -30 -29.5291 -21.4542 -30 -29.5291 -21.4542 -24 -30.6115 -19.8793 -24 -30.6115 -19.8793 -30 -31.6099 -18.25 -24 -31.6099 -18.25 -30 -32.5217 -16.5707 -30 -32.5217 -16.5707 -24 -33.3444 -14.8459 -30 -33.3444 -14.8459 -24 -34.0757 -13.0804 -24 -34.0757 -13.0804 -30 -34.7136 -11.2791 -24 -34.7136 -11.2791 -30 -35.2563 -9.4469 -24 -35.2563 -9.4469 -30 -35.7024 -7.58878 -24 -35.7024 -7.58878 -30 -36.0506 -5.70986 -24 -36.0506 -5.70986 -30 -36.3 -3.81529 -24 -36.3 -3.81529 -30 -36.45 -1.91026 -24 -36.45 -1.91026 -30 -36.5 0 -30 -36.5 0 -24 -36.45 1.91026 -30 -36.45 1.91026 -24 -36.3 3.81529 -30 -36.3 3.81529 -24 -36.0506 5.70986 -30 -36.0506 5.70986 -24 -35.7024 7.58878 -30 -35.7024 7.58878 -24 -35.2563 9.4469 -24 -35.2563 9.4469 -30 -34.7136 11.2791 -30 -34.7136 11.2791 -24 -34.0757 13.0804 -24 -34.0757 13.0804 -30 -33.3444 14.8459 -30 -33.3444 14.8459 -24 -32.5217 16.5707 -24 -32.5217 16.5707 -30 -31.6099 18.25 -30 -31.6099 18.25 -24 -30.6115 19.8793 -24 -30.6115 19.8793 -30 -29.5291 21.4542 -30 -29.5291 21.4542 -24 -28.3658 22.9702 -24 -28.3658 22.9702 -30 -27.1248 24.4233 -24 -27.1248 24.4233 -30 -27.1248 24.4233 -30 -27.1248 24.4233 -24 -25.8094 25.8094 -24 -25.8094 25.8094 -30 -24.4233 27.1248 -24 -24.4233 27.1248 -30 -22.9702 28.3658 -30 -22.9702 28.3658 -24 -21.4542 29.5291 -24 -21.4542 29.5291 -30 -19.8793 30.6115 -24 -19.8793 30.6115 -30 -18.25 31.6099 -24 -18.25 31.6099 -30 -16.5707 32.5217 -30 -16.5707 32.5217 -24 -14.8459 33.3444 -30 -14.8459 33.3444 -24 -13.0804 34.0757 -30 -13.0804 34.0757 -24 -11.2791 34.7136 -30 -11.2791 34.7136 -24 -9.4469 35.2563 -30 -9.4469 35.2563 -24 -7.58878 35.7024 -30 -7.58878 35.7024 -24 -5.70986 36.0506 -30 -5.70986 36.0506 -24 -3.81529 36.3 -30 -3.81529 36.3 -24 -1.91026 36.45 -30 -1.91026 36.45 -24 0 36.5 -24 0 36.5 -30 1.91026 36.45 -24 1.91026 36.45 -30 3.81529 36.3 -24 3.81529 36.3 -30 4.35557 29.1767 0 6.07637 28.8674 0 3.64661 20.681 0 -29.2929 -3.48906 0 -20.9488 -1.46489 0 -20.7956 -2.92264 0 -29.0348 -5.21826 0 2.61948 29.3835 0 2.1951 20.885 0 0.732889 20.9872 0 -29.4482 -1.7476 0 -21 0 0 0.874183 29.487 0 -0.732889 20.9872 0 -29.5 0 0 -0.874183 29.487 0 -29.4482 1.7476 0 15.1061 -14.5878 0 21.1665 -20.5483 0 19.912 -21.7661 0 22.3466 -19.2582 0 -20.9488 1.46489 0 14.0517 -15.606 0 -2.61948 29.3835 0 -2.1951 20.885 0 18.5876 -22.9075 0 -29.2929 3.48906 0 16.0869 -13.4985 0 23.4482 -17.9006 0 -20.7956 2.92264 0 -4.35557 29.1767 0 -3.64661 20.681 0 12.9289 -16.5482 0 17.1979 -23.9684 0 -29.0348 5.21826 0 -20.5411 4.36615 0 16.9894 -12.3435 0 -6.07637 28.8674 0 24.4675 -16.4801 0 -5.08036 20.3762 0 11.743 -17.4098 0 15.7478 -24.9451 0 -28.6747 6.92914 0 -20.1865 5.78838 0 -7.77582 28.4567 0 -6.48936 19.9722 0 17.809 -11.1283 0 25.4008 -15.0017 0 10.5 -18.1865 0 -28.2138 8.615671 0 -19.7335 7.18242 0 -9.44796 27.9461 0 -7.86674 19.4709 0 14.2424 -25.8342 0 18.5419 -9.858901 0 -27.6539 10.2719 0 -19.1845 8.54147 0 26.2449 -13.4706 0 -11.0869 27.3373 0 9.20579 -18.8747 0 -26.9968 11.8921 0 12.6869 -26.6325 0 -12.6869 26.6325 0 -9.20579 18.8747 0 19.1845 -8.54147 0 26.9968 -11.8921 0 27.6539 -10.2719 0 -26.2449 13.4706 0 -18.5419 9.858901 0 7.86674 -19.4709 0 -14.2424 25.8342 0 -10.5 18.1865 0 11.0869 -27.3373 0 9.44796 -27.9461 0 19.7335 -7.18242 0 28.2138 -8.615671 0 -25.4008 15.0017 0 -17.809 11.1283 0 -15.7478 24.9451 0 -11.743 17.4098 0 6.48936 -19.9722 0 -24.4675 16.4801 0 -16.9894 12.3435 0 7.77582 -28.4567 0 -17.1979 23.9684 0 -12.9289 16.5482 0 20.1865 -5.78838 0 28.6747 -6.92914 0 -23.4482 17.9006 0 -16.0869 13.4985 0 -18.5876 22.9075 0 -14.0517 15.606 0 -22.3466 19.2582 0 -15.1061 14.5878 0 -19.912 21.7661 0 5.08036 -20.3762 0 6.07637 -28.8674 0 -21.1665 20.5483 0 20.5411 -4.36615 0 29.0348 -5.21826 0 3.64661 -20.681 0 4.35557 -29.1767 0 20.7956 -2.92264 0 29.2929 -3.48906 0 2.1951 -20.885 0 2.61948 -29.3835 0 20.9488 -1.46489 0 29.4482 -1.7476 0 0.732889 -20.9872 0 0.874183 -29.487 0 21 0 0 29.4482 1.7476 0 29.5 0 0 -0.732889 -20.9872 0 -0.874183 -29.487 0 -2.61948 -29.3835 0 20.9488 1.46489 0 29.2929 3.48906 0 -2.1951 -20.885 0 -4.35557 -29.1767 0 20.7956 2.92264 0 29.0348 5.21826 0 -3.64661 -20.681 0 -6.07637 -28.8674 0 20.5411 4.36615 0 28.6747 6.92914 0 -5.08036 -20.3762 0 -7.77582 -28.4567 0 20.1865 5.78838 0 28.2138 8.615671 0 -6.48936 -19.9722 0 -9.44796 -27.9461 0 19.7335 7.18242 0 27.6539 10.2719 0 -7.86674 -19.4709 0 -11.0869 -27.3373 0 -12.6869 -26.6325 0 19.1845 8.54147 0 26.9968 11.8921 0 26.2449 13.4706 0 -9.20579 -18.8747 0 -14.2424 -25.8342 0 18.5419 9.858901 0 25.4008 15.0017 0 -10.5 -18.1865 0 -15.7478 -24.9451 0 17.809 11.1283 0 24.4675 16.4801 0 -11.743 -17.4098 0 -17.1979 -23.9684 0 16.9894 12.3435 0 23.4482 17.9006 0 -12.9289 -16.5482 0 -18.5876 -22.9075 0 16.0869 13.4985 0 22.3466 19.2582 0 -14.0517 -15.606 0 -19.912 -21.7661 0 15.1061 14.5878 0 21.1665 20.5483 0 -15.1061 -14.5878 0 -21.1665 -20.5483 0 19.912 21.7661 0 14.0517 15.606 0 -22.3466 -19.2582 0 -16.0869 -13.4985 0 18.5876 22.9075 0 12.9289 16.5482 0 -23.4482 -17.9006 0 -16.9894 -12.3435 0 17.1979 23.9684 0 11.743 17.4098 0 -24.4675 -16.4801 0 -17.809 -11.1283 0 15.7478 24.9451 0 10.5 18.1865 0 -25.4008 -15.0017 0 -18.5419 -9.858901 0 14.2424 25.8342 0 9.20579 18.8747 0 -26.2449 -13.4706 0 -19.1845 -8.54147 0 12.6869 26.6325 0 7.86674 19.4709 0 -26.9968 -11.8921 0 11.0869 27.3373 0 -27.6539 -10.2719 0 -19.7335 -7.18242 0 9.44796 27.9461 0 6.48936 19.9722 0 -28.2138 -8.615671 0 -20.1865 -5.78838 0 7.77582 28.4567 0 5.08036 20.3762 0 -28.6747 -6.92914 0 -20.5411 -4.36615 0 10.5 18.1865 -24 19.8793 30.6115 -24 18.25 31.6099 -24 -30.6115 -19.8793 -24 -17.809 -11.1283 -24 -31.6099 -18.25 -24 -18.5419 -9.858901 -24 9.20579 18.8747 -24 16.5707 32.5217 -24 -32.5217 -16.5707 -24 -19.1845 -8.54147 -24 7.86674 19.4709 -24 14.8459 33.3444 -24 -33.3444 -14.8459 -24 6.48936 19.9722 -24 13.0804 34.0757 -24 -19.7335 -7.18242 -24 -34.0757 -13.0804 -24 11.2791 34.7136 -24 -20.1865 -5.78838 -24 -34.7136 -11.2791 -24 9.4469 35.2563 -24 5.08036 20.3762 -24 -35.2563 -9.4469 -24 -20.5411 -4.36615 -24 25.8094 -25.8094 -24 27.1248 -24.4233 -24 15.1061 -14.5878 -24 3.64661 20.681 -24 7.58878 35.7024 -24 24.4233 -27.1248 -24 14.0517 -15.606 -24 -35.7024 -7.58878 -24 22.9702 -28.3658 -24 28.3658 -22.9702 -24 16.0869 -13.4985 -24 21.4542 -29.5291 -24 12.9289 -16.5482 -24 5.70986 36.0506 -24 2.1951 20.885 -24 -36.0506 -5.70986 -24 29.5291 -21.4542 -24 30.6115 -19.8793 -24 16.9894 -12.3435 -24 -20.7956 -2.92264 -24 3.81529 36.3 -24 19.8793 -30.6115 -24 11.743 -17.4098 -24 -36.3 -3.81529 -24 -20.9488 -1.46489 -24 0.732889 20.9872 -24 1.91026 36.45 -24 31.6099 -18.25 -24 17.809 -11.1283 -24 18.25 -31.6099 -24 10.5 -18.1865 -24 16.5707 -32.5217 -24 -36.45 -1.91026 -24 -21 0 -24 -0.732889 20.9872 -24 0 36.5 -24 32.5217 -16.5707 -24 18.5419 -9.858901 -24 -36.5 0 -24 -2.1951 20.885 -24 -1.91026 36.45 -24 14.8459 -33.3444 -24 9.20579 -18.8747 -24 33.3444 -14.8459 -24 34.0757 -13.0804 -24 19.1845 -8.54147 -24 -20.9488 1.46489 -24 -36.45 1.91026 -24 13.0804 -34.0757 -24 7.86674 -19.4709 -24 -3.81529 36.3 -24 -20.7956 2.92264 -24 -36.3 3.81529 -24 34.7136 -11.2791 -24 19.7335 -7.18242 -24 -3.64661 20.681 -24 -5.70986 36.0506 -24 11.2791 -34.7136 -24 6.48936 -19.9722 -24 9.4469 -35.2563 -24 -36.0506 5.70986 -24 -20.5411 4.36615 -24 -7.58878 35.7024 -24 35.2563 -9.4469 -24 20.1865 -5.78838 -24 -5.08036 20.3762 -24 -35.7024 7.58878 -24 7.58878 -35.7024 -24 5.08036 -20.3762 -24 -6.48936 19.9722 -24 -9.4469 35.2563 -24 35.7024 -7.58878 -24 36.0506 -5.70986 -24 20.5411 -4.36615 -24 -35.2563 9.4469 -24 -20.1865 5.78838 -24 3.64661 -20.681 -24 5.70986 -36.0506 -24 -11.2791 34.7136 -24 36.3 -3.81529 -24 20.7956 -2.92264 -24 -19.7335 7.18242 -24 -34.7136 11.2791 -24 -7.86674 19.4709 -24 -13.0804 34.0757 -24 2.1951 -20.885 -24 3.81529 -36.3 -24 1.91026 -36.45 -24 -19.1845 8.54147 -24 -34.0757 13.0804 -24 -9.20579 18.8747 -24 -14.8459 33.3444 -24 36.45 -1.91026 -24 20.9488 -1.46489 -24 0.732889 -20.9872 -24 0 -36.5 -24 -33.3444 14.8459 -24 -16.5707 32.5217 -24 -10.5 18.1865 -24 36.5 0 -24 21 0 -24 -32.5217 16.5707 -24 36.45 1.91026 -24 -18.5419 9.858901 -24 -18.25 31.6099 -24 -31.6099 18.25 -24 -1.91026 -36.45 -24 -0.732889 -20.9872 -24 -17.809 11.1283 -24 -19.8793 30.6115 -24 -11.743 17.4098 -24 36.3 3.81529 -24 20.9488 1.46489 -24 -30.6115 19.8793 -24 -16.9894 12.3435 -24 -3.81529 -36.3 -24 -2.1951 -20.885 -24 -12.9289 16.5482 -24 -21.4542 29.5291 -24 -5.70986 -36.0506 -24 -29.5291 21.4542 -24 -22.9702 28.3658 -24 -14.0517 15.606 -24 20.7956 2.92264 -24 -28.3658 22.9702 -24 -16.0869 13.4985 -24 36.0506 5.70986 -24 -24.4233 27.1248 -24 -7.58878 -35.7024 -24 -3.64661 -20.681 -24 -27.1248 24.4233 -24 -15.1061 14.5878 -24 -25.8094 25.8094 -24 35.7024 7.58878 -24 35.2563 9.4469 -24 20.5411 4.36615 -24 -9.4469 -35.2563 -24 -5.08036 -20.3762 -24 34.7136 11.2791 -24 20.1865 5.78838 -24 -6.48936 -19.9722 -24 -11.2791 -34.7136 -24 -13.0804 -34.0757 -24 34.0757 13.0804 -24 19.7335 7.18242 -24 -14.8459 -33.3444 -24 -7.86674 -19.4709 -24 33.3444 14.8459 -24 32.5217 16.5707 -24 19.1845 8.54147 -24 -16.5707 -32.5217 -24 -9.20579 -18.8747 -24 31.6099 18.25 -24 18.5419 9.858901 -24 -18.25 -31.6099 -24 -10.5 -18.1865 -24 -19.8793 -30.6115 -24 30.6115 19.8793 -24 17.809 11.1283 -24 -11.743 -17.4098 -24 -21.4542 -29.5291 -24 29.5291 21.4542 -24 28.3658 22.9702 -24 16.9894 12.3435 -24 -12.9289 -16.5482 -24 -22.9702 -28.3658 -24 16.0869 13.4985 -24 27.1248 24.4233 -24 -14.0517 -15.606 -24 -24.4233 -27.1248 -24 15.1061 14.5878 -24 25.8094 25.8094 -24 -25.8094 -25.8094 -24 -15.1061 -14.5878 -24 14.0517 15.606 -24 24.4233 27.1248 -24 -27.1248 -24.4233 -24 -16.0869 -13.4985 -24 22.9702 28.3658 -24 12.9289 16.5482 -24 -28.3658 -22.9702 -24 -16.9894 -12.3435 -24 11.743 17.4098 -24 21.4542 29.5291 -24 -29.5291 -21.4542 -24 21 0 0 21 0 -23 20.9488 1.46489 -23 20.9488 1.46489 0 20.7956 2.92264 0 20.7956 2.92264 -23 20.5411 4.36615 0 20.5411 4.36615 -23 20.1865 5.78838 -23 20.1865 5.78838 0 19.7335 7.18242 -23 19.7335 7.18242 0 19.1845 8.54147 -23 19.1845 8.54147 0 18.5419 9.858901 -23 18.5419 9.858901 0 17.809 11.1283 0 17.809 11.1283 -23 16.0869 13.4985 0 16.9894 12.3435 0 16.9894 12.3435 -23 16.0869 13.4985 -23 15.1061 14.5878 0 15.1061 14.5878 -23 14.0517 15.606 0 14.0517 15.606 -23 12.9289 16.5482 0 14.0517 15.606 0 12.9289 16.5482 -23 14.0517 15.606 -23 11.743 17.4098 0 11.743 17.4098 -23 10.5 18.1865 0 10.5 18.1865 -23 9.20579 18.8747 0 9.20579 18.8747 -23 7.86674 19.4709 0 7.86674 19.4709 -23 6.48936 19.9722 0 6.48936 19.9722 -23 5.08036 20.3762 0 5.08036 20.3762 -23 3.64661 20.681 0 3.64661 20.681 -23 2.1951 20.885 0 2.1951 20.885 -23 0.732889 20.9872 0 0.732889 20.9872 -23 -0.732889 20.9872 0 -0.732889 20.9872 -23 -2.1951 20.885 0 -2.1951 20.885 -23 -3.64661 20.681 0 -3.64661 20.681 -23 -5.08036 20.3762 0 -5.08036 20.3762 -23 -6.48936 19.9722 0 -6.48936 19.9722 -23 -7.86674 19.4709 0 -7.86674 19.4709 -23 -9.20579 18.8747 0 -9.20579 18.8747 -23 -10.5 18.1865 -23 -10.5 18.1865 0 -11.743 17.4098 -23 -11.743 17.4098 0 -12.9289 16.5482 0 -12.9289 16.5482 -23 -14.0517 15.606 -23 -14.0517 15.606 0 -15.1061 14.5878 -23 -15.1061 14.5878 0 -16.0869 13.4985 0 -15.1061 14.5878 0 -16.0869 13.4985 -23 -15.1061 14.5878 -23 -16.9894 12.3435 0 -16.9894 12.3435 -23 -17.809 11.1283 0 -17.809 11.1283 -23 -18.5419 9.858901 0 -18.5419 9.858901 -23 -19.1845 8.54147 0 -19.1845 8.54147 -23 -19.7335 7.18242 0 -19.7335 7.18242 -23 -20.1865 5.78838 0 -20.1865 5.78838 -23 -20.5411 4.36615 0 -20.5411 4.36615 -23 -20.7956 2.92264 0 -20.7956 2.92264 -23 -20.9488 1.46489 0 -20.9488 1.46489 -23 -21 0 0 -21 0 -23 -20.9488 -1.46489 0 -20.9488 -1.46489 -23 -20.7956 -2.92264 0 -20.7956 -2.92264 -23 -20.5411 -4.36615 0 -20.5411 -4.36615 -23 -20.1865 -5.78838 0 -20.1865 -5.78838 -23 -19.7335 -7.18242 0 -19.7335 -7.18242 -23 -19.1845 -8.54147 0 -19.1845 -8.54147 -23 -18.5419 -9.858901 0 -18.5419 -9.858901 -23 -17.809 -11.1283 0 -17.809 -11.1283 -23 -16.9894 -12.3435 -23 -16.9894 -12.3435 0 -16.0869 -13.4985 -23 -16.0869 -13.4985 0 -15.1061 -14.5878 -23 -15.1061 -14.5878 0 -15.1061 -14.5878 0 -15.1061 -14.5878 -23 -14.0517 -15.606 -23 -14.0517 -15.606 0 -12.9289 -16.5482 0 -12.9289 -16.5482 -23 -11.743 -17.4098 -23 -11.743 -17.4098 0 -10.5 -18.1865 -23 -10.5 -18.1865 0 -9.20579 -18.8747 -23 -9.20579 -18.8747 0 -7.86674 -19.4709 -23 -7.86674 -19.4709 0 -6.48936 -19.9722 -23 -6.48936 -19.9722 0 -5.08036 -20.3762 -23 -5.08036 -20.3762 0 -3.64661 -20.681 0 -3.64661 -20.681 -23 -2.1951 -20.885 -23 -2.1951 -20.885 0 -0.732889 -20.9872 -23 -0.732889 -20.9872 0 0.732889 -20.9872 -23 0.732889 -20.9872 0 2.1951 -20.885 -23 2.1951 -20.885 0 3.64661 -20.681 0 3.64661 -20.681 -23 5.08036 -20.3762 0 5.08036 -20.3762 -23 6.48936 -19.9722 0 6.48936 -19.9722 -23 7.86674 -19.4709 0 7.86674 -19.4709 -23 9.20579 -18.8747 0 9.20579 -18.8747 -23 10.5 -18.1865 0 10.5 -18.1865 -23 11.743 -17.4098 0 11.743 -17.4098 -23 12.9289 -16.5482 0 12.9289 -16.5482 -23 14.0517 -15.606 0 14.0517 -15.606 -23 15.1061 -14.5878 0 15.1061 -14.5878 -23 15.1061 -14.5878 0 15.1061 -14.5878 -23 16.0869 -13.4985 -23 16.0869 -13.4985 0 16.9894 -12.3435 -23 16.9894 -12.3435 0 17.809 -11.1283 -23 17.809 -11.1283 0 18.5419 -9.858901 -23 18.5419 -9.858901 0 19.1845 -8.54147 -23 19.1845 -8.54147 0 19.7335 -7.18242 0 19.7335 -7.18242 -23 20.1865 -5.78838 -23 20.1865 -5.78838 0 20.5411 -4.36615 -23 20.5411 -4.36615 0 20.7956 -2.92264 -23 20.7956 -2.92264 0 20.9488 -1.46489 -23 20.9488 -1.46489 0 21 0 -24 20.9488 1.46489 -24 20.7956 2.92264 -24 20.5411 4.36615 -24 20.1865 5.78838 -24 19.7335 7.18242 -24 19.1845 8.54147 -24 18.5419 9.858901 -24 17.809 11.1283 -24 16.9894 12.3435 -24 16.0869 13.4985 -24 15.1061 14.5878 -24 14.0517 15.606 -24 14.0517 15.606 -24 12.9289 16.5482 -24 11.743 17.4098 -24 10.5 18.1865 -24 9.20579 18.8747 -24 7.86674 19.4709 -24 6.48936 19.9722 -24 5.08036 20.3762 -24 3.64661 20.681 -24 2.1951 20.885 -24 0.732889 20.9872 -24 -0.732889 20.9872 -24 -2.1951 20.885 -24 -3.64661 20.681 -24 -5.08036 20.3762 -24 -6.48936 19.9722 -24 -7.86674 19.4709 -24 -9.20579 18.8747 -24 -10.5 18.1865 -24 -11.743 17.4098 -24 -12.9289 16.5482 -24 -14.0517 15.606 -24 -15.1061 14.5878 -24 -15.1061 14.5878 -24 -16.0869 13.4985 -24 -16.9894 12.3435 -24 -17.809 11.1283 -24 -18.5419 9.858901 -24 -19.1845 8.54147 -24 -19.7335 7.18242 -24 -20.1865 5.78838 -24 -20.5411 4.36615 -24 -20.7956 2.92264 -24 -20.9488 1.46489 -24 -21 0 -24 -20.9488 -1.46489 -24 -20.7956 -2.92264 -24 -20.5411 -4.36615 -24 -20.1865 -5.78838 -24 -19.7335 -7.18242 -24 -19.1845 -8.54147 -24 -18.5419 -9.858901 -24 -17.809 -11.1283 -24 -16.9894 -12.3435 -24 -16.0869 -13.4985 -24 -15.1061 -14.5878 -24 -15.1061 -14.5878 -24 -14.0517 -15.606 -24 -12.9289 -16.5482 -24 -11.743 -17.4098 -24 -10.5 -18.1865 -24 -9.20579 -18.8747 -24 -7.86674 -19.4709 -24 -6.48936 -19.9722 -24 -5.08036 -20.3762 -24 -3.64661 -20.681 -24 -2.1951 -20.885 -24 -0.732889 -20.9872 -24 0.732889 -20.9872 -24 2.1951 -20.885 -24 3.64661 -20.681 -24 5.08036 -20.3762 -24 6.48936 -19.9722 -24 7.86674 -19.4709 -24 9.20579 -18.8747 -24 10.5 -18.1865 -24 11.743 -17.4098 -24 12.9289 -16.5482 -24 14.0517 -15.606 -24 15.1061 -14.5878 -24 15.1061 -14.5878 -24 16.0869 -13.4985 -24 16.9894 -12.3435 -24 17.809 -11.1283 -24 18.5419 -9.858901 -24 19.1845 -8.54147 -24 19.7335 -7.18242 -24 20.1865 -5.78838 -24 20.5411 -4.36615 -24 20.7956 -2.92264 -24 20.9488 -1.46489 -24</float_array>
          <technique_common>
            <accessor source="#shape0_017-mesh-positions-array" count="10837" stride="3">
              <param name="X" type="float"/>
              <param name="Y" type="float"/>
              <param name="Z" type="float"/>
            </accessor>
          </technique_common>
        </source>
        <source id="shape0_017-mesh-normals">
          <float_array id="shape0_017-mesh-normals-array" count="9594">-0.1822458 0.983253 0 -0.1822459 0.983253 0 -0.2334389 0.9723715 0 -0.9996573 -0.02618032 0 -0.2840194 0.9588186 0 -0.9969186 -0.078444 0 -0.2840196 0.9588186 0 -0.3337764 0.9426523 0 -0.9969188 -0.07844048 0 -0.3827265 0.9238618 0 -0.9914419 -0.1305487 0 -0.4304696 0.9026051 0 -0.9832528 -0.1822473 0 -0.3827269 0.9238616 0 -0.9914425 -0.1305444 0 -0.9832534 -0.1822443 0 -0.4771918 0.8787993 0 -0.5224868 0.8526475 0 -0.9723719 -0.233437 0 -0.4771925 0.8787988 0 -0.9723711 -0.2334406 0 -0.9588189 -0.2840183 0 -0.5224876 0.8526469 0 -0.9588181 -0.2840209 0 -0.5664003 0.8241304 0 -0.5663989 0.8241312 0 -0.9426517 -0.3337782 0 -0.9238614 -0.3827275 0 -0.942653 -0.3337747 0 -0.6087573 0.7933565 0 -0.6494619 0.7603943 0 -0.6087576 0.7933564 0 -0.9238622 -0.3827255 0 -0.6494607 0.7603952 0 -0.9026047 -0.4304704 0 -0.688349 0.7253797 0 -0.9026054 -0.4304689 0 -0.68835 0.7253788 0 -0.8787985 -0.4771932 0 -0.7253788 0.68835 0 -0.8788001 -0.4771903 0 -0.7253797 0.688349 0 -0.8526475 -0.5224868 0 -0.7603944 0.6494617 0 -0.7933557 0.6087585 0 -0.7603951 0.6494609 0 -0.824131 -0.5663993 0 -0.7933565 0.6087573 0 -0.8241306 -0.5663999 0 -0.8241319 0.5663981 0 -0.7933557 -0.6087585 0 -0.8241298 0.5664012 0 -0.7933565 -0.6087573 0 -0.8526475 0.5224868 0 -0.8787985 0.4771932 0 -0.7603961 -0.6494598 0 -0.7603935 -0.6494628 0 -0.8788001 0.4771903 0 -0.7253807 -0.688348 0 -0.7253779 -0.688351 0 -0.9026047 0.4304704 0 -0.9238627 0.3827242 0 -0.9026054 0.4304689 0 -0.68835 -0.7253788 0 -0.688349 -0.7253797 0 -0.9238607 0.3827289 0 -0.6494607 -0.7603952 0 -0.942653 0.3337747 0 -0.6494619 -0.7603943 0 -0.9426517 0.3337782 0 -0.6087585 -0.7933557 0 -0.9588178 0.2840219 0 -0.6087564 -0.7933573 0 -0.9588192 0.2840173 0 -0.9723719 0.233437 0 -0.5663989 -0.8241312 0 -0.9723711 0.2334406 0 -0.5664003 -0.8241304 0 -0.9832535 0.1822435 0 -0.5224876 -0.8526469 0 -0.9832526 0.182248 0 -0.5224868 -0.8526475 0 -0.991442 0.1305482 0 -0.9914424 0.1305449 0 -0.9969189 0.07844012 0 -0.4771918 -0.8787993 0 -0.4771925 -0.8787988 0 -0.9969186 0.0784443 0 -0.9996573 0.02618032 0 -0.4304696 -0.9026051 0 -0.3827265 -0.9238618 0 -0.3827269 -0.9238616 0 -0.3337764 -0.9426523 0 -0.2840194 -0.9588186 0 -0.2840196 -0.9588186 0 -0.2334389 -0.9723715 0 -0.1822459 -0.983253 0 -0.1822458 -0.983253 0 -0.1305464 -0.9914423 0 -0.1305465 -0.9914423 0 -0.07844215 -0.9969187 0 -0.07844215 -0.9969187 0 -0.02618038 -0.9996573 0 0.02618038 -0.9996573 0 0.07844215 -0.9969187 0 0.1305464 -0.9914423 0 0.07844215 -0.9969187 0 0.1305465 -0.9914423 0 0.1822458 -0.983253 0 0.1822459 -0.983253 0 0.2334389 -0.9723715 0 0.2840194 -0.9588186 0 0.2840196 -0.9588186 0 0.3337764 -0.9426523 0 0.3827265 -0.9238618 0 0.3827269 -0.9238616 0 0.4304696 -0.9026051 0 0.4771925 -0.8787988 0 0.4771918 -0.8787993 0 0.5224868 -0.8526475 0 0.5224876 -0.8526469 0 0.5663989 -0.8241312 0 0.5664003 -0.8241304 0 0.6087564 -0.7933573 0 0.6087585 -0.7933557 0 0.6494619 -0.7603943 0 0.6494607 -0.7603952 0 0.68835 -0.7253788 0 0.688349 -0.7253797 0 0.7253797 -0.688349 0 0.7253788 -0.68835 0 0.7603951 -0.6494609 0 0.7603944 -0.6494617 0 0.7933557 -0.6087585 0 0.7933565 -0.6087573 0 0.8241298 -0.5664012 0 0.8241319 -0.5663981 0 0.8526475 -0.5224868 0 0.8787985 -0.4771932 0 0.8788001 -0.4771903 0 0.9026054 -0.4304689 0 0.9026047 -0.4304704 0 0.9238622 -0.3827255 0 0.9238614 -0.3827275 0 0.9426517 -0.3337782 0 0.942653 -0.3337747 0 0.9588192 -0.2840173 0 0.9588178 -0.2840219 0 0.9723719 -0.233437 0 0.9723711 -0.2334406 0 0.9832535 -0.1822435 0 0.9832526 -0.182248 0 0.9914419 -0.1305487 0 0.9914425 -0.1305444 0 0.9969188 -0.07844048 0 0.9969186 -0.078444 0 0.9996573 -0.02618032 0 0.9996573 0.02618032 0 0.9969189 0.07844012 0 0.9914424 0.1305449 0 0.9969186 0.0784443 0 0.9832528 0.1822473 0 0.991442 0.1305482 0 0.9832534 0.1822443 0 0.9723711 0.2334406 0 0.9723719 0.233437 0 0.9588181 0.2840209 0 0.9588189 0.2840183 0 0.942653 0.3337747 0 0.9426517 0.3337782 0 0.9238607 0.3827289 0 0.9238627 0.3827242 0 0.9026054 0.4304689 0 0.9026047 0.4304704 0 0.8788001 0.4771903 0 0.8787985 0.4771932 0 0.8526475 0.5224868 0 0.8241306 0.5663999 0 0.824131 0.5663993 0 0.7933565 0.6087573 0 0.7933557 0.6087585 0 0.7603944 0.6494617 0 0.7603951 0.6494609 0 0.7253807 0.688348 0 0.7253779 0.688351 0 0.68835 0.7253788 0 0.688349 0.7253797 0 0.6494619 0.7603943 0 0.6494607 0.7603952 0 0.6087573 0.7933565 0 0.6087576 0.7933564 0 0.5663989 0.8241312 0 0.5664003 0.8241304 0 0.5224868 0.8526475 0 0.5224876 0.8526469 0 0.4771925 0.8787988 0 0.4771918 0.8787993 0 0.4304696 0.9026051 0 0.3827269 0.9238616 0 0.3827265 0.9238618 0 0.3337764 0.9426523 0 0.2840194 0.9588186 0 0.2840196 0.9588186 0 0.2334389 0.9723715 0 0.1822458 0.983253 0 0.1305465 0.9914423 0 0.1822459 0.983253 0 0.1305464 0.9914423 0 0.07844215 0.9969187 0 0.07844215 0.9969187 0 0.02618038 0.9996573 0 -0.02618038 0.9996573 0 -0.07844215 0.9969187 0 -0.07844215 0.9969187 0 -0.1305465 0.9914423 0 -0.1305464 0.9914423 0 0 0 1 -2.52393e-5 0 1 2.54786e-6 0 1 5.06227e-6 0 1 -2.34195e-6 0 1 2.52379e-5 0 1 -3.98057e-7 0 1 7.24579e-7 0 1 1.35874e-6 0 1 -2.52468e-5 0 1 3.50851e-7 0 1 -2.05126e-7 0 1 0 0 1 -4.16648e-7 0 1 8.50706e-7 0 1 -1.32398e-6 0 1 4.47541e-7 0 1 5.04857e-5 0 1 0 0 1 6.62597e-7 0 1 8.53978e-6 0 1 -5.46992e-6 0 1 1.8905e-5 0 -1 0 0 -1 -3.78193e-5 0 -1 -1.89072e-5 0 -1 -6.31612e-6 0 -1 1.28192e-6 0 -1 -3.78472e-5 0 -1 1.27393e-6 0 -1 -3.78354e-5 0 -1 2.34195e-6 0 -1 3.78396e-5 0 -1 3.98057e-7 0 -1 -1.40454e-7 0 -1 1.81145e-7 0 -1 -2.71747e-6 0 -1 -3.78136e-5 0 -1 -6.40993e-7 0 -1 4.73664e-6 0 -1 -1.26263e-5 0 -1 3.77608e-5 0 -1 0 0 -1 3.7815e-5 0 -1 1.26175e-5 0 -1 1.04527e-6 0 -1 -3.79874e-6 0 -1 3.781e-5 0 -1 -6.31908e-6 0 -1 -4.16648e-7 0 -1 3.78043e-5 0 -1 -1.26212e-5 0 -1 3.15886e-6 0 -1 -2.16855e-7 0 -1 -3.7815e-5 0 -1 2.27269e-7 0 -1 3.78472e-5 0 -1 -1.26088e-5 0 -1 6.32125e-6 0 -1 -1.58486e-6 0 -1 2.52429e-5 0 -1 1.80971e-6 0 -1 0 0 -1 -3.85808e-7 0 -1 -9.47448e-6 0 -1 3.77938e-5 0 -1 -3.55808e-7 0 -1 -5.2543e-7 0 -1 3.78471e-5 0 -1 -1.62301e-6 0 -1 1.64015e-6 0 -1 2.81972e-6 0 -1 2.13494e-6 0 -1 -0.9969189 -0.07844012 0 -0.9914424 -0.1305449 0 -0.9969186 -0.0784443 0 -0.991442 -0.1305482 0 -0.9588178 -0.2840219 0 -0.9588192 -0.2840173 0 -0.7603935 0.6494628 0 -0.7603961 0.6494598 0 -0.824131 0.5663993 0 -0.8241306 0.5663999 0 -0.9588189 0.2840183 0 -0.9588181 0.2840209 0 -0.9914419 0.1305487 0 -0.9914425 0.1305444 0 -0.9969188 0.07844048 0 -0.9969186 0.078444 0 0.6087576 -0.7933564 0 0.6087573 -0.7933565 0 0.9832534 -0.1822443 0 0.9832528 -0.1822473 0 0.991442 -0.1305482 0 0.9914424 -0.1305449 0 0.9914419 0.1305487 0 0.9914425 0.1305444 0 0.9832535 0.1822435 0 0.9832526 0.182248 0 0.7603961 0.6494598 0 0.7603935 0.6494628 0 0.6087585 0.7933557 0 0.6087564 0.7933573 0 -0.1822459 -0.983253 0 -0.2840194 -0.9588186 0 -0.9996573 0.02617907 0 -0.9996573 0.02618163 0 -0.3337764 -0.9426523 0 -0.3827267 -0.9238616 0 -0.9969187 0.07844156 0 -0.9969186 0.07844406 0 -0.991442 0.1305484 0 -0.9914426 0.1305432 0 -0.4304694 -0.9026052 0 -0.4771928 -0.8787986 0 -0.9832537 0.1822428 0 -0.9723708 0.2334419 0 -0.9832527 0.1822476 0 -0.958818 0.2840212 0 -0.5224879 -0.8526467 0 -0.972372 0.233437 0 -0.5224868 -0.8526474 0 -0.9426525 0.3337758 0 -0.5663993 -0.824131 0 -0.6087581 -0.7933559 0 -0.9588195 0.2840164 0 -0.9426516 0.3337782 0 -0.6087577 -0.7933562 0 -0.6494614 -0.7603946 0 -0.9238619 0.3827262 0 -0.923861 0.3827284 0 -0.6494605 -0.7603954 0 -0.6883487 -0.72538 0 -0.7253794 -0.6883493 0 -0.9026056 0.4304686 0 -0.8787994 0.4771915 0 -0.6883496 -0.7253791 0 -0.7603939 -0.6494622 0 -0.8526476 0.5224866 0 -0.8787981 0.4771938 0 -0.7603965 -0.6494592 0 -0.8241312 0.5663989 0 -0.8526463 0.5224888 0 -0.7933559 -0.6087582 0 -0.7933561 -0.6087579 0 -0.8241312 -0.5663989 0 -0.7933559 0.6087582 0 -0.7933561 0.6087579 0 -0.8526476 -0.5224866 0 -0.8787983 -0.4771935 0 -0.8526463 -0.5224888 0 -0.7603965 0.6494592 0 -0.7603939 0.6494622 0 -0.8787992 -0.4771918 0 -0.7253794 0.6883493 0 -0.9026056 -0.4304686 0 -0.923861 -0.3827284 0 -0.6883484 0.7253804 0 -0.9426516 -0.3337782 0 -0.9238619 -0.3827262 0 -0.9588195 -0.2840164 0 -0.6494618 0.7603943 0 -0.6494601 0.7603958 0 -0.9426525 -0.3337758 0 -0.958818 -0.2840212 0 -0.6087577 0.7933562 0 -0.6087581 0.7933559 0 -0.972372 -0.233437 0 -0.9723708 -0.2334419 0 -0.5663993 0.824131 0 -0.9832536 -0.1822426 0 -0.9832527 -0.1822478 0 -0.991442 -0.1305484 0 -0.5224879 0.8526467 0 -0.5224868 0.8526474 0 -0.9914426 -0.1305432 0 -0.9969187 -0.0784415 0 -0.4771928 0.8787986 0 -0.9969186 -0.07844412 0 -0.9996573 -0.02617907 0 -0.9996573 -0.02618163 0 -0.4304694 0.9026052 0 -0.3827267 0.9238616 0 -0.3337764 0.9426523 0 -0.2840194 0.9588186 0 -0.1822459 0.983253 0 -0.1305464 0.9914422 0 -0.1305465 0.9914423 0 -0.07844221 0.9969187 0 0.07844221 0.9969187 0 0.1305465 0.9914423 0 0.1822459 0.983253 0 0.1305464 0.9914422 0 0.2840194 0.9588186 0 0.3337764 0.9426523 0 0.3827267 0.9238616 0 0.4304694 0.9026052 0 0.4771928 0.8787986 0 0.5224868 0.8526474 0 0.5224879 0.8526467 0 0.5663993 0.824131 0 0.6087581 0.7933559 0 0.6087577 0.7933562 0 0.6494605 0.7603954 0 0.6494614 0.7603946 0 0.6883496 0.7253791 0 0.6883487 0.72538 0 0.7253794 0.6883493 0 0.7603939 0.6494622 0 0.7603965 0.6494592 0 0.7933561 0.6087579 0 0.7933559 0.6087582 0 0.8241312 0.5663989 0 0.8526464 0.5224885 0 0.8526474 0.5224869 0 0.8787981 0.4771938 0 0.8787994 0.4771915 0 0.9026056 0.4304686 0 0.9238619 0.3827262 0 0.923861 0.3827284 0 0.9426516 0.3337782 0 0.9426525 0.3337758 0 0.9588195 0.2840164 0 0.958818 0.2840212 0 0.972372 0.233437 0 0.9723708 0.2334419 0 0.9832536 0.1822426 0 0.9832527 0.1822478 0 0.991442 0.1305484 0 0.9914426 0.1305432 0 0.9969187 0.0784415 0 0.9969186 0.07844412 0 0.9996573 0.02617907 0 0.9996573 0.02618163 0 0.9996573 -0.02617907 0 0.9996573 -0.02618163 0 0.9969187 -0.07844156 0 0.9969186 -0.07844406 0 0.991442 -0.1305484 0 0.9914426 -0.1305432 0 0.9832537 -0.1822428 0 0.9723708 -0.2334419 0 0.9832527 -0.1822476 0 0.972372 -0.233437 0 0.958818 -0.2840212 0 0.9588195 -0.2840164 0 0.9426525 -0.3337758 0 0.9426516 -0.3337782 0 0.923861 -0.3827284 0 0.9238619 -0.3827262 0 0.9026056 -0.4304686 0 0.8787994 -0.4771915 0 0.8787981 -0.4771938 0 0.8526474 -0.5224869 0 0.8526464 -0.5224885 0 0.8241312 -0.5663989 0 0.7933561 -0.6087579 0 0.7933559 -0.6087582 0 0.7603965 -0.6494592 0 0.7603939 -0.6494622 0 0.7253794 -0.6883493 0 0.6883484 -0.7253804 0 0.6494618 -0.7603943 0 0.6494601 -0.7603958 0 0.6087581 -0.7933559 0 0.6087577 -0.7933562 0 0.5663993 -0.824131 0 0.5224879 -0.8526467 0 0.5224868 -0.8526474 0 0.4771928 -0.8787986 0 0.4304694 -0.9026052 0 0.3827267 -0.9238616 0 0.3337764 -0.9426523 0 0.2840194 -0.9588186 0 0.1822459 -0.983253 0 0.1305464 -0.9914422 0 0.1305465 -0.9914423 0 0.07844221 -0.9969187 0 -0.07844221 -0.9969187 0 -0.1305464 -0.9914422 0 -0.1305465 -0.9914423 0 8.18037e-7 0 -1 -5.45132e-7 0 -1 2.72414e-7 0 -1 5.45243e-7 0 -1 -2.72323e-7 0 -1 1.94578e-6 0 -1 -4.86434e-7 0 -1 -1.21562e-6 0 -1 4.86507e-7 0 -1 -2.42951e-7 0 -1 2.42979e-7 0 -1 2.72323e-7 0 -1 1.9461e-6 0 -1 2.43085e-7 0 -1 -4.8646e-7 0 -1 1.21552e-7 0 -1 -2.72414e-7 0 -1 1.45913e-6 0 -1 -1.94578e-6 0 -1 -4.86481e-7 0 -1 -4.85794e-7 0 -1 5.45132e-7 0 -1 1.09017e-6 0 -1 9.73108e-7 0 -1 -4.86095e-7 0 -1 1.09082e-6 0 -1 -4.86485e-7 0 -1 -8.18037e-7 0 -1 5.44782e-7 0 -1 -8.17484e-7 0 -1 -4.86349e-7 0 -1 -5.44782e-7 0 -1 -4.86141e-7 0 -1 8.17098e-7 0 -1 4.86095e-7 0 -1 -1.09082e-6 0 -1 -5.44608e-7 0 -1 -4.86013e-7 0 -1 4.85832e-7 0 -1 4.85794e-7 0 -1 -4.86272e-7 0 -1 8.16879e-7 0 -1 -1.09018e-6 0 -1 2.72359e-7 0 -1 1.45933e-6 0 -1 -1.9455e-6 0 -1 9.72922e-7 0 -1 -9.73052e-7 0 -1 2.72652e-7 0 -1 -4.08933e-7 0 -1 2.723e-7 0 -1 9.73052e-7 0 -1 -9.73014e-7 0 -1 -5.45185e-7 0 -1 -5.45243e-7 0 -1 -5.44865e-7 0 -1 1.94499e-6 0 -1 -1.45933e-6 0 -1 4.86272e-7 0 -1 -4.85832e-7 0 -1 4.86013e-7 0 -1 4.86141e-7 0 -1 4.86349e-7 0 -1 4.86485e-7 0 -1 -9.73108e-7 0 -1 4.86481e-7 0 -1 -1.45913e-6 0 -1 -2.43085e-7 0 -1 2.42951e-7 0 -1 9.73014e-7 0 -1 -9.72496e-7 0 -1 -2.72652e-7 0 -1 -2.72359e-7 0 -1 1.9455e-6 0 -1 -8.16879e-7 0 -1 5.44608e-7 0 -1 -8.17098e-7 0 -1 8.17484e-7 0 -1 -9.98393e-7 0 1 -2.99552e-6 0 1 -3.88751e-6 0 1 -9.71877e-7 0 1 9.984e-7 0 1 -3.88735e-6 0 1 -9.98465e-7 0 1 -3.88746e-6 0 1 3.99375e-6 0 1 -3.88741e-6 0 1 9.9852e-7 0 1 3.99412e-6 0 1 -3.99407e-6 0 1 3.88707e-6 0 1 -3.99409e-6 0 1 3.88769e-6 0 1 3.99378e-6 0 1 -3.88758e-6 0 1 3.99368e-6 0 1 -3.88726e-6 0 1 -3.99378e-6 0 1 3.88758e-6 0 1 -3.88769e-6 0 1 3.99407e-6 0 1 9.71891e-7 0 1 -9.98464e-7 0 1 3.8871e-6 0 1 9.98393e-7 0 1 2.91563e-6 0 1 3.99402e-6 0 1 9.985e-7 0 1 3.88735e-6 0 1 -9.984e-7 0 1 9.71833e-7 0 1 -9.71899e-7 0 1 -3.88769e-6 0 1 3.99368e-6 0 1 -3.99382e-6 0 1 -3.99375e-6 0 1 -3.99412e-6 0 1 3.99409e-6 0 1 -7.77452e-6 0 1 3.99378e-6 0 1 -3.9942e-6 0 1 7.77513e-6 0 1 -9.71891e-7 0 1 9.98464e-7 0 1 -3.8871e-6 0 1 0.234904 0.9720186 0 0.1769068 0.9842276 0 0.1769067 0.9842276 0 0.1182823 0.99298 0 -0.9995611 -0.02962779 0 0.05919951 0.9982463 0 -0.999561 -0.02963078 0 0 1 0 -0.9960475 -0.08882248 0 -0.9960472 -0.08882552 0 -0.9890437 -0.1476239 0 -0.05919951 0.9982463 0 -0.9785594 -0.2059649 0 -0.1182823 0.99298 0 -0.9646276 -0.2636165 0 -0.1769067 0.9842276 0 -0.1769068 0.9842276 0 -0.9473325 -0.320252 0 -0.9266871 -0.3758336 0 -0.234904 0.9720186 0 -0.2349042 0.9720185 0 -0.2920445 0.9564048 0 -0.2920448 0.9564048 0 -0.9028088 -0.4300422 0 -0.8757336 -0.4827949 0 -0.3482125 0.9374157 0 -0.4031213 0.9151466 0 -0.4031219 0.9151464 0 -0.8455984 -0.5338197 0 -0.4565925 0.889676 0 -0.8124727 -0.5829994 0 -0.4565912 0.8896766 0 -0.508537 0.8610402 0 -0.5586413 0.8294095 0 -0.7765198 -0.630093 0 -0.5586405 0.8294099 0 -0.7378632 -0.6749503 0 -0.6067955 0.794858 0 -0.737864 -0.6749495 0 -0.6067963 0.7948575 0 -0.6528325 0.7575023 0 -0.6965333 -0.7175245 0 -0.696534 -0.7175238 0 -0.6528325 -0.7575023 0 -0.696534 0.7175238 0 -0.6965333 0.7175245 0 -0.6067963 -0.7948575 0 -0.737864 0.6749495 0 -0.7378632 0.6749503 0 -0.6067955 -0.794858 0 -0.7765198 0.630093 0 -0.5586413 -0.8294095 0 -0.5586405 -0.8294099 0 -0.8124727 0.5829994 0 -0.8455984 0.5338197 0 -0.508537 -0.8610402 0 -0.8757336 0.4827949 0 -0.4565925 -0.889676 0 -0.4565912 -0.8896766 0 -0.4031213 -0.9151466 0 -0.3482125 -0.9374157 0 -0.4031219 -0.9151464 0 -0.9028088 0.4300422 0 -0.9266871 0.3758336 0 -0.9473325 0.320252 0 -0.9646276 0.2636165 0 -0.2920448 -0.9564048 0 -0.2920445 -0.9564048 0 -0.2349042 -0.9720185 0 -0.1769068 -0.9842276 0 -0.234904 -0.9720186 0 -0.9785594 0.2059649 0 -0.9890437 0.1476239 0 -0.1769067 -0.9842276 0 -0.9960475 0.08882248 0 -0.9960472 0.08882552 0 -0.118281 -0.9929687 0.004782855 -0.09641373 -0.9953414 0 -0.999561 0.02963078 0 -0.05486464 -0.9984932 -0.001114785 -0.05486464 -0.9984932 -0.001115083 -0.05486464 -0.9984932 -0.001114964 -0.9995611 0.02962779 0 -0.04879671 -0.9988074 -0.00168097 -0.04879671 -0.9988074 -0.00168085 -0.04879665 -0.9988074 -0.001680791 -0.05919951 -0.998246 -6.65904e-4 -0.04689252 -0.9988983 -0.001873493 -0.04347103 -0.9990547 -2.06371e-4 -0.04347103 -0.9990547 -2.06359e-4 -0.04347103 -0.9990547 -2.06377e-4 -0.04152971 -0.9991374 -1.54203e-4 -0.03765088 -0.999291 -6.54023e-5 -0.03292781 -0.9994578 -1.11403e-6 -0.05710649 -0.9983671 0.00141108 -0.05710643 -0.9983671 0.001410782 -0.05710643 -0.9983671 0.001410841 -0.05053824 -0.9987194 0.002369582 -0.05049115 -0.9987218 0.002378106 -0.05049115 -0.9987218 0.002378046 -0.118279 -0.9929526 -0.007439434 -0.02321135 -0.9997306 -8.56437e-7 0 -0.9999997 -8.12792e-4 -0.002525031 -0.9999967 -5.85829e-4 0.02001905 -0.9997997 -3.00044e-5 -0.04443436 -0.9990124 3.58863e-4 -0.04328525 -0.9990628 3.10252e-4 -0.04338091 -0.9990586 3.15886e-4 -0.04328525 -0.9990628 3.10182e-4 -0.04160678 -0.999134 2.44745e-4 -0.03767389 -0.9992902 1.03445e-4 -0.03292804 -0.9994578 1.75922e-6 -0.02321141 -0.9997306 1.15264e-6 -0.002532362 -0.9999964 9.27933e-4 -0.05919945 -0.9982457 0.001079857 0.03322499 -0.999448 8.27444e-6 0.03897935 -0.9992401 -9.11941e-5 0.03907513 -0.9992363 -9.28822e-5 0.03907513 -0.9992363 -9.28487e-5 0.04287326 -0.9990805 -1.89262e-4 0.05919951 -0.998246 -6.64461e-4 0.04665708 -0.9989092 -0.001884758 0.04665714 -0.9989092 -0.001884758 0.04665708 -0.9989092 -0.001884698 0.04947412 -0.9987741 -0.001618206 0.04947406 -0.9987742 -0.001618027 0.04947406 -0.9987742 -0.001617908 0.05578643 -0.9984422 -0.001026391 0.118281 -0.9929687 0.004782855 0.02002227 -0.9997996 4.73913e-5 0.03264832 -0.9994669 -2.87917e-5 0.03264832 -0.999467 -2.88493e-5 0.03264832 -0.999467 -2.88691e-5 0.03910678 -0.9992351 1.46946e-4 0.03910678 -0.9992351 1.46905e-4 0.03910678 -0.9992351 1.4686e-4 0.04250764 -0.9990962 2.7554e-4 0.04265111 -0.99909 2.83378e-4 0.04250764 -0.9990961 2.75502e-4 0.04431438 -0.9990176 3.57023e-4 0.04431438 -0.9990177 3.56974e-4 0.04431438 -0.9990176 3.57001e-4 0 -0.9999992 0.001289725 0.05919945 -0.9982456 0.001091063 0.05136948 -0.9986773 0.002246201 0.05136948 -0.9986773 0.00224632 0.05136948 -0.9986773 0.00224632 0.05803215 -0.998314 0.001258432 0.118279 -0.9929526 -0.007439911 0.09641373 -0.9953414 0 0.1769067 -0.9842276 0 0.1769068 -0.9842276 0 0.2349042 -0.9720185 0 0.234904 -0.9720186 0 0.2920448 -0.9564048 0 0.2920445 -0.9564048 0 0.3482125 -0.9374157 0 0.4031219 -0.9151464 0 0.4031213 -0.9151466 0 0.4565912 -0.8896766 0 0.4565925 -0.889676 0 0.508537 -0.8610402 0 0.5586405 -0.8294099 0 0.6067955 -0.794858 0 0.5586413 -0.8294095 0 0.6067963 -0.7948575 0 0.6528325 -0.7575023 0 0.6965333 -0.7175245 0 0.696534 -0.7175238 0 0.7378632 -0.6749503 0 0.7765198 -0.630093 0 0.737864 -0.6749495 0 0.8124727 -0.5829994 0 0.8455984 -0.5338197 0 0.8757336 -0.4827949 0 0.9028088 -0.4300422 0 0.9266871 -0.3758336 0 0.9473325 -0.320252 0 0.9646276 -0.2636165 0 0.9785594 -0.2059649 0 0.9890437 -0.1476239 0 0.9960475 -0.08882248 0 0.9960472 -0.08882552 0 0.9995611 -0.02962779 0 0.999561 -0.02963078 0 0.999561 0.02963078 0 0.9995611 0.02962779 0 0.9960472 0.08882552 0 0.9960475 0.08882248 0 0.9890437 0.1476239 0 0.9785594 0.2059649 0 0.9646276 0.2636165 0 0.9473325 0.320252 0 0.9266871 0.3758336 0 0.9028088 0.4300422 0 0.8757336 0.4827949 0 0.8455984 0.5338197 0 0.8124727 0.5829994 0 0.7765198 0.630093 0 0.7378632 0.6749503 0 0.737864 0.6749495 0 0.696534 0.7175238 0 0.6965333 0.7175245 0 0.6528325 0.7575023 0 0.6067963 0.7948575 0 0.5586405 0.8294099 0 0.6067955 0.794858 0 0.5586413 0.8294095 0 0.508537 0.8610402 0 0.4565912 0.8896766 0 0.4565925 0.889676 0 0.4031219 0.9151464 0 0.4031213 0.9151466 0 0.3482125 0.9374157 0 0.2920448 0.9564048 0 0.2920445 0.9564048 0 0.2349042 0.9720185 0 0.1822156 0.9832586 0 0.2334488 0.9723691 0 0.2334489 0.9723691 0 0.2840033 0.9588234 0 0.9996578 -0.02616173 0 0.2840037 0.9588232 0 0.9996576 -0.02616703 0 0.3338196 0.942637 0 0.9969143 -0.07849806 0 0.9914469 -0.1305106 0 0.3826866 0.9238782 0 0.3826861 0.9238784 0 0.9832589 -0.1822143 0 0.9914463 -0.1305159 0 0.4305172 0.9025824 0 0.4771633 0.8788148 0 0.4305162 0.902583 0 0.9832584 -0.1822169 0 0.4771643 0.8788141 0 0.9723693 -0.2334483 0 0.9588231 -0.2840042 0 0.9723687 -0.2334507 0 0.5224846 0.8526487 0 0.5224852 0.8526485 0 0.9588238 -0.2840017 0 0.566407 0.8241257 0 0.5664077 0.8241252 0 0.9426375 -0.3338184 0 0.923878 -0.3826873 0 0.9426366 -0.3338208 0 0.6087716 0.7933456 0 0.923879 -0.3826851 0 0.6494295 0.7604218 0 0.6494273 0.7604238 0 0.9025821 -0.4305177 0 0.9025832 -0.4305156 0 0.6883662 0.7253633 0 0.6883666 0.725363 0 0.878813 -0.4771664 0 0.8526478 -0.522486 0 0.7253627 0.688367 0 0.8788154 -0.477162 0 0.7253637 0.6883659 0 0.8241252 -0.5664079 0 0.7604237 0.6494275 0 0.8526502 -0.5224822 0 0.7933454 0.6087719 0 0.760422 0.6494294 0 0.7933456 0.6087716 0 0.8241254 -0.5664075 0 0.8241252 0.5664079 0 0.7933454 -0.6087719 0 0.7933456 -0.6087716 0 0.8241254 0.5664075 0 0.8526478 0.522486 0 0.7604234 -0.6494278 0 0.7604224 -0.649429 0 0.8526502 0.5224822 0 0.8788152 0.4771623 0 0.7253623 -0.6883673 0 0.8788132 0.4771661 0 0.725364 -0.6883656 0 0.9025832 0.4305156 0 0.9025821 0.4305177 0 0.6883666 -0.725363 0 0.6883662 -0.7253633 0 0.923878 0.3826873 0 0.923879 0.3826851 0 0.6494299 -0.7604215 0 0.6494269 -0.7604241 0 0.9426366 0.3338208 0 0.9426375 0.3338184 0 0.6087716 -0.7933456 0 0.9588231 0.2840042 0 0.9723693 0.2334483 0 0.9588238 0.2840017 0 0.566407 -0.8241257 0 0.5664077 -0.8241252 0 0.9723687 0.2334507 0 0.5224846 -0.8526487 0 0.9832584 0.1822169 0 0.5224852 -0.8526485 0 0.9832589 0.1822143 0 0.9914463 0.1305159 0 0.4771643 -0.8788141 0 0.4771633 -0.8788148 0 0.4305172 -0.9025824 0 0.9914469 0.1305106 0 0.9969143 0.07849806 0 0.9996578 0.02616173 0 0.4305162 -0.902583 0 0.9996576 0.02616703 0 0.3826866 -0.9238782 0 0.3826861 -0.9238784 0 0.3338196 -0.942637 0 0.2840037 -0.9588232 0 0.2840033 -0.9588234 0 0.2334489 -0.9723691 0 0.2334488 -0.9723691 0 0.1822156 -0.9832586 0 0.1305139 -0.9914466 0 0.130514 -0.9914465 0 0.07849675 -0.9969145 0 0.02616506 -0.9996576 0 -0.02616506 -0.9996576 0 -0.07849675 -0.9969145 0 -0.130514 -0.9914465 0 -0.1305139 -0.9914466 0 -0.1822156 -0.9832586 0 -0.2334488 -0.9723691 0 -0.2334489 -0.9723691 0 -0.2840033 -0.9588234 0 -0.2840037 -0.9588232 0 -0.3338196 -0.942637 0 -0.3826866 -0.9238782 0 -0.3826861 -0.9238784 0 -0.4305172 -0.9025824 0 -0.4305162 -0.902583 0 -0.4771633 -0.8788148 0 -0.4771643 -0.8788141 0 -0.5224852 -0.8526485 0 -0.5224846 -0.8526487 0 -0.5664077 -0.8241252 0 -0.566407 -0.8241257 0 -0.6087716 -0.7933456 0 -0.6494273 -0.7604238 0 -0.6494295 -0.7604218 0 -0.6883662 -0.7253633 0 -0.6883666 -0.725363 0 -0.725364 -0.6883656 0 -0.7253623 -0.6883673 0 -0.760422 -0.6494294 0 -0.7604237 -0.6494275 0 -0.7933454 -0.6087719 0 -0.7933456 -0.6087716 0 -0.8241254 -0.5664075 0 -0.8241252 -0.5664079 0 -0.8526502 -0.5224822 0 -0.8526478 -0.522486 0 -0.878813 -0.4771664 0 -0.8788154 -0.477162 0 -0.9025821 -0.4305177 0 -0.9025832 -0.4305156 0 -0.923879 -0.3826851 0 -0.923878 -0.3826873 0 -0.9426375 -0.3338184 0 -0.9426366 -0.3338208 0 -0.9588238 -0.2840017 0 -0.9588231 -0.2840042 0 -0.9723693 -0.2334482 0 -0.9723687 -0.2334508 0 -0.9832584 -0.1822169 0 -0.9832589 -0.1822143 0 -0.9914463 -0.1305159 0 -0.9914469 -0.1305106 0 -0.9969143 -0.07849806 0 -0.9996576 -0.02616703 0 -0.9996576 0.02616703 0 -0.9996578 -0.02616173 0 -0.9996578 0.02616173 0 -0.9969143 0.07849806 0 -0.9914462 0.1305158 0 -0.9914469 0.1305107 0 -0.9832584 0.1822169 0 -0.9832589 0.1822143 0 -0.9723687 0.2334507 0 -0.9723693 0.2334483 0 -0.9588231 0.2840042 0 -0.9588238 0.2840017 0 -0.9426366 0.3338208 0 -0.9426375 0.3338184 0 -0.923878 0.3826873 0 -0.923879 0.3826851 0 -0.9025832 0.4305156 0 -0.9025821 0.4305177 0 -0.8788152 0.4771623 0 -0.8788132 0.4771661 0 -0.8526478 0.522486 0 -0.8526502 0.5224822 0 -0.8241252 0.5664079 0 -0.8241254 0.5664075 0 -0.7933456 0.6087716 0 -0.7933454 0.6087719 0 -0.7604234 0.6494278 0 -0.7604224 0.649429 0 -0.7253623 0.6883673 0 -0.725364 0.6883656 0 -0.6883666 0.725363 0 -0.6883662 0.7253633 0 -0.6494295 0.7604218 0 -0.6494273 0.7604238 0 -0.6087716 0.7933456 0 -0.566407 0.8241257 0 -0.5664077 0.8241252 0 -0.5224846 0.8526487 0 -0.5224852 0.8526485 0 -0.4771633 0.8788148 0 -0.4771643 0.8788141 0 -0.4305162 0.902583 0 -0.4305172 0.9025824 0 -0.3826861 0.9238784 0 -0.3826866 0.9238782 0 -0.3338196 0.942637 0 -0.2840033 0.9588234 0 -0.2840037 0.9588232 0 -0.2334489 0.9723691 0 -0.2334488 0.9723691 0 -0.1822156 0.9832586 0 -0.1305139 0.9914466 0 -0.130514 0.9914465 0 -0.07849675 0.9969145 0 -0.02616506 0.9996576 0 0.02616506 0.9996576 0 0.07849675 0.9969145 0 0.1305139 0.9914466 0 0.130514 0.9914465 0 0 0.3089789 0.9510689 -0.003025293 0.9998403 0.01761126 0 0.06283175 0.9980242 0 0.06283092 0.9980242 0 -0.9921107 -0.1253654 0 -0.1874018 0.9822834 -0.002458453 0.999603 0.02806884 0 -0.1874006 0.9822836 0 -0.425782 0.9048259 -0.00192064 0.9992316 0.03914999 0 -0.929771 -0.3681387 0 -0.9297732 -0.3681328 0 -0.8090539 -0.5877346 0 -0.637396 -0.7705365 0 -0.6373898 0.7705415 0 -0.8090506 -0.587739 0 -0.6373965 0.770536 0 -0.809053 0.587736 0 -0.6373893 -0.770542 0 -0.8090497 0.5877404 0 -0.4257828 -0.9048255 -0.001447379 0.9987464 0.05003756 0 -0.9297713 0.3681377 0 -0.9297736 0.3681319 0 -0.1874006 -0.9822836 0 -0.9921107 0.1253655 0 -0.1874018 -0.9822834 -9.02464e-4 0.9978667 0.06527858 -9.02531e-4 0.9978667 0.06527858 -9.05122e-4 0.997873 0.06518298 0 0.06273239 -0.9980304 0 0.06273323 -0.9980304 0 0.3090684 -0.9510399 0 0.5358499 -0.8443133 -4.16167e-4 0.9965026 0.08356159 0 0.5358469 -0.8443153 0 0.7289484 -0.6845687 0 0.8763164 -0.4817361 0 0.8763107 -0.4817464 -4.68412e-4 0.9685734 -0.2487273 4.69766e-5 0.9943086 -0.1065386 7.6039e-4 0.9685736 -0.2487261 4.15507e-4 0.9966139 -0.08222383 0.001079022 0.9981938 -0.06006765 0.001078903 0.9981938 -0.06006765 0.001077532 0.9981909 -0.06011545 0.00172156 0.9990583 -0.04335641 0.001713097 0.9990521 -0.04349982 0.001713097 0.9990521 -0.04349982 0.002481698 0.9996158 -0.02760851 0.002483844 0.9996171 -0.02756059 0.002481639 0.9996158 -0.02760851 0.003136098 0.999872 -0.01569545 0.003136217 0.9998719 -0.01569545 0.003129541 0.9998704 -0.01579111 -8.93366e-5 0.9946768 -0.1030444 0.003745734 0.999978 -0.005490601 0 0.9695436 -0.2449188 -0.002349674 0.9745169 -0.2243017 -8.93178e-5 0.9946767 0.1030455 -4.16218e-4 0.9965025 -0.08356261 -9.02508e-4 0.9978667 -0.06527858 -9.05165e-4 0.997873 -0.06518298 -9.02516e-4 0.9978667 -0.06527858 -0.002350091 0.9745194 0.224291 7.6047e-4 0.9685737 0.2487258 4.70133e-5 0.9943086 0.1065386 4.15483e-4 0.9966138 0.08222514 0.001080453 0.9981967 0.06001812 0.001080632 0.9981967 0.06001812 0.001080632 0.9981967 0.06001812 0.001713097 0.9990521 0.04349982 0.001713037 0.9990521 0.04349982 0.00172156 0.9990583 0.04335641 0.002481698 0.9996158 0.02760851 0.002483844 0.9996171 0.02756065 0.002481639 0.9996158 0.02760845 0.003129422 0.9998704 0.01579147 0.003136157 0.9998719 0.01569586 0.003136038 0.999872 0.01569581 -0.001473128 0.9987631 -0.04970252 -0.001473128 0.9987631 -0.04970246 -0.001473188 0.9987631 -0.04970252 0.003745555 0.999978 0.005490601 -0.001920461 0.9992316 -0.03914999 0.004104435 0.9999917 0 0 0.9695429 0.2449218 -0.002458453 0.999603 -0.02806943 -4.68414e-4 0.9685735 0.2487271 0 0.8763104 0.4817469 -0.003025472 0.9998403 -0.01761126 0 0.8763162 0.4817365 -0.004104435 0.9999916 0 -0.003725528 0.9999759 -0.005861103 -0.003725528 0.9999759 -0.005861163 -0.003730833 0.9999764 -0.005765438 0 0.7289956 0.6845184 0 0.535775 0.8443609 -0.003725469 0.9999759 0.005861282 -0.003730773 0.9999764 0.005765497 -0.003725588 0.9999759 0.005861222 0 0.535778 0.8443589 -1.03071e-6 0 1 -1.03071e-6 0 1 -2.68424e-6 0 1 2.68523e-6 0 1 -2.0614e-6 0 1 5.15563e-7 0 1 1.03111e-6 0 1 2.06222e-6 0 1 -6.71302e-7 0 1 1.03111e-6 0 1 1.34263e-6 0 1 -2.68522e-6 0 1 2.57672e-7 0 1 -1.34259e-6 0 1 2.06138e-6 0 1 -2.06213e-6 0 1 1.34206e-6 0 1 -2.6852e-6 0 1 1.28888e-7 0 1 2.68533e-6 0 1 2.06222e-6 0 1 2.6852e-6 0 1 -2.06222e-6 0 1 1.34258e-6 0 1 1.67824e-7 0 1 -1.34212e-6 0 1 2.68522e-6 0 1 -2.06138e-6 0 1 2.68523e-6 0 1 -5.15563e-7 0 1 -2.06222e-6 0 1 -2.57672e-7 0 1 2.0614e-6 0 1 -6.7105e-7 0 1 -2.68523e-6 0 1 -2.68522e-6 0 1 2.06138e-6 0 1 -1.28888e-7 0 1 -2.6852e-6 0 1 2.06222e-6 0 1 -2.68515e-6 0 1 1.03071e-6 0 1 -2.06222e-6 0 1 1.03071e-6 0 1 -2.68533e-6 0 1 -1.67824e-7 0 1 2.06213e-6 0 1 2.6852e-6 0 1 -2.68526e-6 0 1 1.03068e-6 0 1 2.68522e-6 0 1 1.3421e-6 0 1 1.3426e-6 0 1 6.7105e-7 0 1 -2.68523e-6 0 1 1.34212e-6 0 1 -1.34258e-6 0 1 -2.68533e-6 0 1 2.06213e-6 0 1 -1.34206e-6 0 1 -1.34263e-6 0 1 -1.3421e-6 0 1 6.71302e-7 0 1 -1.3426e-6 0 1 -1.03111e-6 0 1 -1.03068e-6 0 1 -1.03111e-6 0 1 1.34259e-6 0 1 2.68411e-6 0 1 2.68533e-6 0 1 -2.06213e-6 0 1 0.9993898 0.03493046 0 0.9945229 0.1045203 0 0.9945232 0.1045167 0 0.9848109 0.1736307 0 0.9848119 0.1736254 0 0.9702963 0.2419197 0 0.9702954 0.2419231 0 0.9510472 0.3090457 0 0.9510468 0.3090474 0 0.927206 0.3745516 0 0.9272055 0.3745532 0 0.8987812 0.4383978 0 0.8987818 0.4383962 0 0.8660221 0.5000059 0 0.7879726 0.6157105 0 0.8290579 0.5591627 0 0.8290563 0.5591652 0 0.7431491 0.6691259 0 0.6946505 0.7193474 0 0.6428104 0.7660255 0 0.5877828 0.8090189 0 0.5877836 0.8090183 0 0.5299128 0.8480522 0 0.529912 0.8480527 0 0.4695013 0.8829318 0 0.4067469 0.9135409 0 0.4067465 0.9135411 0 0.3420053 0.9396981 0 0.2756215 0.9612662 0 0.3420056 0.9396979 0 0.2756218 0.9612662 0 0.2079437 0.9781408 0 0.1391745 0.9902679 0 0.2079436 0.9781408 0 0.06972372 0.9975664 0 0.06972372 0.9975664 0 -0.06972372 0.9975664 0 -0.06972372 0.9975664 0 -0.1391745 0.9902679 0 -0.2079436 0.9781408 0 -0.2756218 0.9612662 0 -0.2079437 0.9781408 0 -0.2756215 0.9612662 0 -0.3420056 0.9396979 0 -0.4067469 0.9135409 0 -0.3420053 0.9396981 0 -0.4067465 0.9135411 0 -0.4695013 0.8829318 0 -0.5299128 0.8480522 0 -0.529912 0.8480527 0 -0.5877828 0.8090189 0 -0.5877836 0.8090183 0 -0.6428104 0.7660255 0 -0.6946505 0.7193474 0 -0.7431491 0.6691259 0 -0.7879726 0.6157105 0 -0.8290563 0.5591652 0 -0.8290579 0.5591627 0 -0.8660221 0.5000059 0 -0.8987812 0.4383978 0 -0.8987818 0.4383962 0 -0.927206 0.3745516 0 -0.9272055 0.3745532 0 -0.9510472 0.3090457 0 -0.9510468 0.3090474 0 -0.9702963 0.2419197 0 -0.9848109 0.1736307 0 -0.9702954 0.2419231 0 -0.9848119 0.1736254 0 -0.9945232 0.1045167 0 -0.9945229 0.1045203 0 -0.9993898 0.03493046 0 -0.9993898 -0.03493046 0 -0.9945229 -0.1045203 0 -0.9848119 -0.1736254 0 -0.9945232 -0.1045167 0 -0.9848109 -0.1736307 0 -0.9702954 -0.2419231 0 -0.9702963 -0.2419197 0 -0.9510468 -0.3090474 0 -0.9510472 -0.3090457 0 -0.9272055 -0.3745532 0 -0.927206 -0.3745516 0 -0.8987818 -0.4383962 0 -0.8660221 -0.5000059 0 -0.8987812 -0.4383978 0 -0.8290579 -0.5591627 0 -0.8290563 -0.5591652 0 -0.7879726 -0.6157105 0 -0.7431491 -0.6691259 0 -0.6946505 -0.7193474 0 -0.6428104 -0.7660255 0 -0.5877836 -0.8090183 0 -0.5877828 -0.8090189 0 -0.529912 -0.8480527 0 -0.5299128 -0.8480522 0 -0.4695013 -0.8829318 0 -0.4067465 -0.9135411 0 -0.4067469 -0.9135409 0 -0.3420056 -0.9396979 0 -0.3420053 -0.9396981 0 -0.2756215 -0.9612662 0 -0.2756218 -0.9612662 0 -0.2079436 -0.9781408 0 -0.2079437 -0.9781408 0 -0.1391745 -0.9902679 0 -0.06972372 -0.9975664 0 -0.06972372 -0.9975664 0 0 -1 0 0.06972372 -0.9975664 0 0.06972372 -0.9975664 0 0.1391745 -0.9902679 0 0.2079436 -0.9781408 0 0.2079437 -0.9781408 0 0.2756215 -0.9612662 0 0.2756218 -0.9612662 0 0.3420056 -0.9396979 0 0.3420053 -0.9396981 0 0.4067465 -0.9135411 0 0.4695013 -0.8829318 0 0.4067469 -0.9135409 0 0.529912 -0.8480527 0 0.5299128 -0.8480522 0 0.5877836 -0.8090183 0 0.5877828 -0.8090189 0 0.6428104 -0.7660255 0 0.6946505 -0.7193474 0 0.7431491 -0.6691259 0 0.7879726 -0.6157105 0 0.8290563 -0.5591652 0 0.8290579 -0.5591627 0 0.8660221 -0.5000059 0 0.8987818 -0.4383962 0 0.8987812 -0.4383978 0 0.9272055 -0.3745532 0 0.927206 -0.3745516 0 0.9510468 -0.3090474 0 0.9510472 -0.3090457 0 0.9702954 -0.2419231 0 0.9702963 -0.2419197 0 0.9848109 -0.1736307 0 0.9848119 -0.1736254 0 0.9945229 -0.1045203 0 0.9945232 -0.1045167 0 0.9993898 -0.03493046 0 1 0 0 1 -2.68138e-6 0 1 -1.34835e-7 0 1 1.67807e-7 0 1 -6.42527e-7 0 -1 0 0 -1 7.26741e-7 0 -1 -2.68139e-6 0 -1 1.24503e-6 0 -1 -1.10771e-6 0 -1 7.63043e-6 0 -1 -6.42527e-7 0 0.9993898 0.0349307 0 0.9945232 0.1045168 0 0.9848116 0.1736266 0 0.9945229 0.1045194 0 0.9848111 0.1736291 0 0.9702955 0.2419232 0 0.9510471 0.309046 0 0.9702964 0.2419195 0 0.9510466 0.3090476 0 0.9272058 0.3745524 0 0.8987816 0.4383966 0 0.8987811 0.4383977 0 0.8660227 0.5000048 0 0.8290582 0.5591624 0 0.866022 0.5000059 0 0.8290562 0.5591654 0 0.7879723 0.6157107 0 0.7431493 0.6691256 0 0.7431482 0.6691269 0 0.6946507 0.7193472 0 0.6946501 0.7193479 0 0.6428115 0.7660244 0 0.6428093 0.7660263 0 0.5877825 0.809019 0 0.5299127 0.8480523 0 0.5299121 0.8480527 0 0.4695025 0.8829312 0 0.4067465 0.9135411 0 0.4695004 0.8829323 0 0.4067468 0.913541 0 0.3420055 0.9396981 0 0.2756217 0.9612662 0 0.2079436 0.9781409 0 0.2756216 0.9612663 0 0.2079437 0.9781408 0 0.1391745 0.9902679 0 0.1391745 0.9902679 0 0.06972372 0.9975664 0 -0.06972372 0.9975664 0 -0.1391745 0.9902679 0 -0.1391745 0.9902679 0 -0.2079436 0.9781409 0 -0.2079437 0.9781408 0 -0.2756216 0.9612663 0 -0.2756217 0.9612662 0 -0.3420055 0.9396981 0 -0.4067468 0.913541 0 -0.4067465 0.9135411 0 -0.4695004 0.8829323 0 -0.4695025 0.8829312 0 -0.5299127 0.8480523 0 -0.5299121 0.8480527 0 -0.5877819 0.8090195 0 -0.5877842 0.8090178 0 -0.6428099 0.7660257 0 -0.6428108 0.766025 0 -0.6946507 0.7193472 0 -0.6946501 0.7193479 0 -0.7431482 0.6691269 0 -0.7431493 0.6691256 0 -0.7879723 0.6157107 0 -0.8290562 0.5591654 0 -0.8290582 0.5591624 0 -0.8660227 0.5000048 0 -0.866022 0.5000059 0 -0.8987811 0.4383977 0 -0.8987816 0.4383966 0 -0.9272058 0.3745524 0 -0.9510471 0.309046 0 -0.9510466 0.3090476 0 -0.9702961 0.2419208 0 -0.9702958 0.241922 0 -0.9848116 0.1736266 0 -0.9945229 0.1045194 0 -0.9848111 0.1736291 0 -0.9993898 0.0349307 0 -0.9945232 0.1045168 0 -0.9993898 -0.0349307 0 -0.9945229 -0.1045194 0 -0.9945232 -0.1045168 0 -0.9848111 -0.1736291 0 -0.9848116 -0.1736266 0 -0.9702955 -0.2419232 0 -0.9702964 -0.2419195 0 -0.9510471 -0.309046 0 -0.9510466 -0.3090476 0 -0.9272058 -0.3745524 0 -0.8987811 -0.4383977 0 -0.8660227 -0.5000048 0 -0.8987816 -0.4383966 0 -0.866022 -0.5000059 0 -0.8290575 -0.5591636 0 -0.829057 -0.5591641 0 -0.7879723 -0.6157107 0 -0.7431482 -0.6691269 0 -0.7431493 -0.6691256 0 -0.6946501 -0.7193479 0 -0.6946507 -0.7193472 0 -0.6428093 -0.7660263 0 -0.6428115 -0.7660244 0 -0.5877825 -0.809019 0 -0.5299121 -0.8480527 0 -0.5299127 -0.8480523 0 -0.4695004 -0.8829323 0 -0.4695025 -0.8829312 0 -0.4067465 -0.9135411 0 -0.4067468 -0.913541 0 -0.3420055 -0.9396981 0 -0.2756216 -0.9612663 0 -0.2756217 -0.9612662 0 -0.2079436 -0.9781409 0 -0.2079437 -0.9781408 0 -0.1391745 -0.9902679 0 -0.1391745 -0.9902679 0 -0.06972372 -0.9975664 0 0.06972372 -0.9975664 0 0.1391745 -0.9902679 0 0.1391745 -0.9902679 0 0.2079437 -0.9781408 0 0.2079436 -0.9781409 0 0.2756217 -0.9612662 0 0.2756216 -0.9612663 0 0.3420055 -0.9396981 0 0.4067465 -0.9135411 0 0.4067468 -0.913541 0 0.4695025 -0.8829312 0 0.4695004 -0.8829323 0 0.5299121 -0.8480527 0 0.5299127 -0.8480523 0 0.5877842 -0.8090178 0 0.5877819 -0.8090195 0 0.6428108 -0.766025 0 0.6428099 -0.7660257 0 0.6946501 -0.7193479 0 0.7431493 -0.6691256 0 0.6946507 -0.7193472 0 0.7431482 -0.6691269 0 0.7879723 -0.6157107 0 0.8290562 -0.5591654 0 0.8290582 -0.5591624 0 0.866022 -0.5000059 0 0.8660227 -0.5000048 0 0.8987816 -0.4383966 0 0.8987811 -0.4383977 0 0.9272058 -0.3745524 0 0.9510466 -0.3090476 0 0.9510471 -0.309046 0 0.9702958 -0.241922 0 0.9702961 -0.2419208 0 0.9848111 -0.1736291 0 0.9848116 -0.1736266 0 0.9945229 -0.1045194 0 0.9945232 -0.1045168 0 0.9993898 -0.0349307 0 -0.9876883 0.1564352 0 -0.9955596 0.09413343 0 -0.9955593 0.09413659 0 -0.9995069 0.03140115 0 -0.999507 0.03139799 0 -0.9995069 -0.03140115 0 -0.999507 -0.03139799 0 -0.9955596 -0.09413343 0 -0.9955593 -0.09413659 0 -0.9876883 -0.1564352 0 -0.975924 -0.2181113 0 -0.9759246 -0.2181082 0 -0.9602825 -0.2790296 0 -0.9408888 -0.3387158 0 -0.9602808 -0.2790355 0 -0.94089 -0.3387125 0 -0.9177597 -0.3971363 0 -0.9177595 -0.3971369 0 -0.8909928 -0.4540176 0 -0.8607637 -0.5090048 0 -0.8607642 -0.5090041 0 -0.8270515 -0.5621262 0 -0.8270519 -0.5621255 0 -0.7901714 -0.612886 0 -0.7901711 -0.6128863 0 -0.7500959 -0.6613292 0 -0.7071072 -0.7071064 0 -0.7500978 -0.661327 0 -0.707106 -0.7071076 0 -0.6613291 -0.750096 0 -0.6613279 -0.750097 0 -0.6128863 -0.7901712 0 -0.6128855 -0.7901718 0 -0.562125 -0.8270523 0 -0.5090041 -0.8607642 0 -0.5621255 -0.8270519 0 -0.4540182 -0.8909925 0 -0.5090048 -0.8607637 0 -0.3971366 -0.9177596 0 -0.4540176 -0.8909928 0 -0.3387144 -0.9408892 0 -0.2790322 -0.9602818 0 -0.2181105 -0.9759241 0 -0.1564344 -0.9876884 0 -0.1564344 -0.9876884 0 -0.09413546 -0.9955595 0 -0.09413546 -0.9955594 0 -0.0313996 -0.999507 0 0.0313996 -0.999507 0 0.09413546 -0.9955594 0 0.09413546 -0.9955595 0 0.1564344 -0.9876884 0 0.1564344 -0.9876884 0 0.2181105 -0.9759241 0 0.2790322 -0.9602818 0 0.3387144 -0.9408892 0 0.3971366 -0.9177596 0 0.4540182 -0.8909925 0 0.5090048 -0.8607637 0 0.4540176 -0.8909928 0 0.562125 -0.8270523 0 0.5090041 -0.8607642 0 0.6128863 -0.7901712 0 0.5621255 -0.8270519 0 0.6128855 -0.7901718 0 0.6613283 -0.7500965 0 0.7071056 -0.707108 0 0.6613287 -0.7500963 0 0.7500959 -0.6613292 0 0.7071076 -0.707106 0 0.7901714 -0.612886 0 0.7500978 -0.661327 0 0.8270515 -0.5621262 0 0.7901711 -0.6128863 0 0.8607637 -0.5090048 0 0.8270519 -0.5621255 0 0.8909928 -0.4540176 0 0.8607642 -0.5090041 0 0.9177597 -0.3971363 0 0.9408898 -0.3387129 0 0.9177595 -0.3971369 0 0.9602825 -0.2790296 0 0.940889 -0.3387153 0 0.975924 -0.2181113 0 0.9602808 -0.2790355 0 0.9876883 -0.1564352 0 0.9759246 -0.2181082 0 0.9955596 -0.09413343 0 0.999507 -0.03139799 0 0.9955593 -0.09413659 0 0.9995069 -0.03140115 0 0.9995069 0.03140115 0 0.999507 0.03139799 0 0.9955593 0.09413659 0 0.9955596 0.09413343 0 0.9876883 0.1564352 0 0.9759246 0.2181082 0 0.975924 0.2181113 0 0.9602808 0.2790355 0 0.9602825 0.2790296 0 0.9408888 0.3387158 0 0.94089 0.3387125 0 0.9177597 0.3971363 0 0.9177595 0.3971369 0 0.8909928 0.4540176 0 0.8607637 0.5090048 0 0.8607642 0.5090041 0 0.8270519 0.5621255 0 0.8270515 0.5621262 0 0.7901711 0.6128863 0 0.7901714 0.612886 0 0.7500974 0.6613274 0 0.7500962 0.6613288 0 0.7071076 0.707106 0 0.7071056 0.707108 0 0.6613283 0.7500965 0 0.6613287 0.7500963 0 0.6128855 0.7901718 0 0.6128863 0.7901712 0 0.562125 0.8270523 0 0.5090041 0.8607642 0 0.5621255 0.8270519 0 0.5090048 0.8607637 0 0.4540182 0.8909925 0 0.3971366 0.9177596 0 0.4540176 0.8909928 0 0.3387144 0.9408892 0 0.2790322 0.9602818 0 0.2181105 0.9759241 0 0.1564344 0.9876884 0 0.1564344 0.9876884 0 0.09413546 0.9955594 0 0.09413546 0.9955595 0 0.0313996 0.999507 0 -0.0313996 0.999507 0 -0.09413546 0.9955594 0 -0.09413546 0.9955595 0 -0.1564344 0.9876884 0 -0.1564344 0.9876884 0 -0.2181105 0.9759241 0 -0.2790322 0.9602818 0 -0.3387144 0.9408892 0 -0.3971366 0.9177596 0 -0.4540182 0.8909925 0 -0.4540176 0.8909928 0 -0.5090048 0.8607637 0 -0.5090041 0.8607642 0 -0.562125 0.8270523 0 -0.5621255 0.8270519 0 -0.6128863 0.7901712 0 -0.6128855 0.7901718 0 -0.6613287 0.7500963 0 -0.6613283 0.7500965 0 -0.7071056 0.707108 0 -0.7071076 0.707106 0 -0.7500962 0.6613288 0 -0.7500974 0.6613274 0 -0.7901711 0.6128863 0 -0.7901714 0.612886 0 -0.8270519 0.5621255 0 -0.8270515 0.5621262 0 -0.8607637 0.5090048 0 -0.8607642 0.5090041 0 -0.8909928 0.4540176 0 -0.9177597 0.3971363 0 -0.9177595 0.3971369 0 -0.94089 0.3387125 0 -0.9408888 0.3387158 0 -0.9602825 0.2790296 0 -0.9602808 0.2790355 0 -0.975924 0.2181113 0 -0.9759246 0.2181082 0 -9.47367e-5 0 -1 1.60383e-5 0 -1 -1.75306e-6 0 -1 0 0 -1 -7.97549e-7 0 -1 3.58077e-7 0 -1 9.47367e-5 0 -1 -4.11169e-6 0 -1 -9.45802e-5 0 -1 1.7316e-6 0 -1 -3.16812e-5 0 -1 -7.24673e-7 0 -1 -3.50205e-6 0 -1 1.8281e-6 0 -1 4.74074e-5 0 -1 -9.46372e-5 0 -1 3.4159e-6 0 -1 -3.33951e-6 0 -1 -3.68815e-6 0 -1 4.14743e-6 0 -1 9.47468e-5 0 -1 -7.90344e-7 0 -1 3.21272e-6 0 -1 -1.57967e-5 0 -1 -2.37441e-5 0 -1 -9.52925e-6 0 -1 -4.73149e-5 0 -1 1.27406e-5 0 -1 -9.47469e-5 0 -1 9.13713e-6 0 -1 2.14489e-6 0 -1 4.56008e-6 0 -1 -6.34707e-6 0 -1 -4.73143e-5 0 -1 3.16243e-5 0 -1 8.44856e-7 0 -1 -2.73299e-6 0 -1 1.8797e-7 0 -1 1.10457e-6 0 -1 -7.07034e-6 0 -1 3.15974e-5 0 -1 -1.09634e-6 0 -1 2.89547e-6 0 -1 1.94829e-7 0 -1 -5.09959e-7 0 -1 6.31854e-5 0 -1 9.47367e-5 0 1 -4.00957e-6 0 1 -4.5663e-7 0 1 1.5951e-6 0 1 2.89912e-4 0 1 2.89902e-4 0 1 2.89917e-4 0 1 9.45802e-5 0 1 9.74586e-7 0 1 7.03464e-7 0 1 -3.16812e-5 0 1 -1.8281e-6 0 1 -1.89274e-4 0 1 -2.13493e-6 0 1 -3.19682e-6 0 1 3.33951e-6 0 1 3.34239e-6 0 1 -2.59215e-6 0 1 1.89494e-4 0 1 -3.21272e-6 0 1 3.15936e-5 0 1 -1.58326e-5 0 1 1.00079e-6 0 1 -1.5911e-5 0 1 -1.90585e-5 0 1 -4.7278e-5 0 1 6.32071e-5 0 1 -4.74046e-5 0 1 -9.47468e-5 0 1 -4.73104e-5 0 1 1.82743e-5 0 1 -2.14489e-6 0 1 2.3754e-5 0 1 -8.60796e-6 0 1 1.68971e-6 0 1 3.00752e-6 0 1 -2.38498e-6 0 1 1.41407e-5 0 1 1.09634e-6 0 1 -5.09959e-7 0 1 -6.31854e-5 0 1 -3.99402e-6 0 1 -0.1182823 -0.99298 0 -0.05919951 -0.9982463 0 0.05919951 -0.9982463 0 0.1182823 -0.99298 0 -0.7089315 0.6509793 -0.2713709 -0.7382036 0.624467 -0.25514 -0.7264 0.6144778 -0.3078315 -0.7294718 0.6339324 -0.2569058 -0.7536778 0.5892013 -0.2912245 -0.731336 0.6186566 -0.2870746 -0.7536773 0.5892019 -0.2912248 -0.7460443 0.5832678 -0.3212735 -0.7288995 0.6165927 -0.2975215 -0.706666 0.6487926 -0.2822964 -0.7512034 0.587265 -0.3013525 -0.776248 0.5623935 -0.284873 -0.7133268 0.654985 -0.2493183 -0.7536803 0.5892067 -0.2912069 -0.7737824 0.5606982 -0.2947513 -0.7512078 0.5872679 -0.3013358 -0.7713189 0.5588406 -0.3045725 -0.7951133 0.4983994 -0.3455332 -0.7486636 0.5852831 -0.3113626 -0.7687576 0.5569849 -0.3142926 -0.8031546 0.5033639 -0.3186966 -0.78939 0.5314537 -0.3072791 -0.771286 0.5588892 -0.3045665 -0.7919033 0.5331421 -0.2977395 -0.7978407 0.5000982 -0.3366783 -0.7687575 0.556985 -0.3142925 -0.7919059 0.5331308 -0.2977526 -0.7868304 0.5297133 -0.3167049 -0.7951152 0.4983953 -0.3455344 -0.766135 0.555082 -0.3239153 -0.7788143 0.5242488 -0.3444005 -0.7842341 0.527897 -0.3260399 -0.4191508 -0.8545711 -0.3066287 -0.389764 -0.8836628 -0.2592762 -0.4191485 -0.8545726 -0.3066273 -0.4259032 -0.8683553 -0.2540974 -0.4496333 -0.8338874 -0.3200967 -0.3873097 -0.8780631 -0.281063 -0.4511739 -0.8367902 -0.3102006 -0.4219785 -0.860338 -0.2859241 -0.4233316 -0.8630965 -0.2754174 -0.4526882 -0.8396126 -0.300207 -0.3909543 -0.8863023 -0.2482399 -0.4246367 -0.8657762 -0.2647927 -0.4542028 -0.8423311 -0.2901349 -0.5285041 -0.7759007 -0.3444729 -0.4526945 -0.8396113 -0.3002009 -0.4792672 -0.8161551 -0.3227905 -0.4541685 -0.8423601 -0.2901044 -0.4808738 -0.8189505 -0.3131784 -0.4855418 -0.8268503 -0.2838447 -0.3909116 -0.8863244 -0.248228 -0.4556412 -0.8449987 -0.2799435 -0.4824582 -0.8216634 -0.3034855 -0.5285052 -0.7758995 -0.3444738 -0.5032343 -0.7930411 -0.3432802 -0.4808955 -0.8189302 -0.313198 -0.5049879 -0.7958084 -0.3341798 -0.5320948 -0.781118 -0.3266951 -0.4824605 -0.8216569 -0.3034994 -0.4824568 -0.8216599 -0.3034974 -0.5031957 -0.7930613 -0.3432897 -0.5066804 -0.7985473 -0.3249574 -0.5338099 -0.7836688 -0.3176641 -0.5100405 -0.803779 -0.3062648 -0.5116437 -0.8063111 -0.296788 -0.5060837 0.8225911 -0.2592747 -0.5398264 0.8025116 -0.254092 -0.5312581 0.7897698 -0.3066411 -0.5312573 0.7897696 -0.3066426 -0.5075688 0.8250809 -0.2482245 -0.538221 0.8001199 -0.2648136 -0.564278 0.7729355 -0.2901055 -0.534845 0.7951021 -0.2859258 -0.5643101 0.7729057 -0.2901221 -0.5348457 0.7951015 -0.2859261 -0.5028788 0.8173862 -0.2810568 -0.5605847 0.7677984 -0.3102103 -0.5932621 0.7533084 -0.2838428 -0.5076279 0.8250385 -0.248245 -0.5660663 0.7753813 -0.2799155 -0.5643096 0.7729061 -0.2901222 -0.5894972 0.7485916 -0.3034862 -0.562471 0.7703875 -0.3002159 -0.5875901 0.7460872 -0.313196 -0.5835389 0.7409992 -0.3322689 -0.5028875 0.8173787 -0.2810628 -0.5855991 0.7435595 -0.3227893 -0.5913928 0.7509959 -0.2937003 -0.6352253 0.7039732 -0.3176643 -0.6331829 0.7016764 -0.3266953 -0.6163466 0.7294018 -0.2967993 -0.589531 0.7485515 -0.3035191 -0.6124262 0.7247627 -0.3156791 -0.5875899 0.7460877 -0.3131953 -0.6061697 0.7174317 -0.3432929 -0.6103653 0.7223991 -0.3249521 -0.6289879 0.6969218 -0.3444913 -0.608295 0.7199448 -0.3341507 -0.6061711 0.717431 -0.343292 -0.6341697 -0.7097766 -0.3066692 -0.6136937 -0.7457599 -0.2592728 -0.6341451 -0.7098174 -0.306626 -0.6443673 -0.7212679 -0.2540932 -0.6579194 -0.6816723 -0.3201016 -0.6097772 -0.7410755 -0.281032 -0.6363455 -0.7122122 -0.2963418 -0.638422 -0.7146055 -0.2859306 -0.6624038 -0.6863613 -0.3002157 -0.6404634 -0.716903 -0.2754213 -0.6645643 -0.6886084 -0.2901254 -0.6154952 -0.7480308 -0.2482248 -0.6666726 -0.6907837 -0.2799386 -0.7182214 -0.6045606 -0.3444771 -0.6624081 -0.6863642 -0.3001996 -0.6816747 -0.6565983 -0.3227976 -0.6839582 -0.6588817 -0.3131712 -0.6645683 -0.6886117 -0.2901087 -0.6906021 -0.6652045 -0.2838515 -0.6155794 -0.7479501 -0.2482591 -0.6666753 -0.6907873 -0.2799233 -0.6862236 -0.6610543 -0.3034873 -0.7182732 -0.6044908 -0.3444917 -0.6816776 -0.6566017 -0.3227845 -0.683954 -0.6588779 -0.3131884 -0.698473 -0.6279211 -0.3432939 -0.7033065 -0.6322664 -0.3249604 -0.7230839 -0.6086153 -0.3267065 -0.6862226 -0.6610558 -0.3034864 -0.698512 -0.6278849 -0.3432809 -0.7056796 -0.634329 -0.3156629 -0.7254363 -0.6105926 -0.3176773 -0.7101674 -0.6384355 -0.2967532 -0.7079339 -0.6364277 -0.3062507 -0.2654218 0.9286146 -0.2592802 -0.303319 0.9183849 -0.2541003 -0.2985052 0.9038096 -0.3066317 -0.2985052 0.9038097 -0.3066312 -0.336986 0.9020688 -0.2696525 -0.2662377 0.9313929 -0.2482433 -0.3014841 0.9128292 -0.275409 -0.3359308 0.8993291 -0.2799245 -0.300519 0.9099102 -0.2859228 -0.3348898 0.8964812 -0.2901216 -0.2637456 0.9227375 -0.2810587 -0.2995266 0.9069025 -0.2963306 -0.3337802 0.8935686 -0.3002097 -0.4217796 0.8492281 -0.3176693 -0.3348695 0.8964896 -0.2901188 -0.366916 0.882668 -0.2937178 -0.3337982 0.893562 -0.3002093 -0.3657084 0.8798574 -0.3034937 -0.3620113 0.8709465 -0.3322654 -0.2637454 0.9227374 -0.2810591 -0.3326582 0.8905699 -0.3101998 -0.3645359 0.8769423 -0.3131867 -0.4217879 0.8492223 -0.3176739 -0.4204204 0.8464738 -0.3266941 -0.3657411 0.8798416 -0.3034998 -0.3954659 0.8659163 -0.3062612 -0.396712 0.8686447 -0.2967765 -0.3645011 0.876959 -0.3131803 -0.3901856 0.8543514 -0.3432766 -0.3941899 0.8631208 -0.315653 -0.4175798 0.8408136 -0.3444701 -0.3632993 0.8739703 -0.322784 -0.3901904 0.8543499 -0.3432749 -0.3928881 0.8602539 -0.324965 -0.7896555 -0.5508465 -0.270208 -0.815016 -0.5207477 -0.2541081 -0.8150573 -0.5206872 -0.2540993 -0.7983303 -0.5250726 -0.2949026 -0.8229933 -0.4822374 -0.3002151 -0.8100932 -0.5176002 -0.2753888 -0.8230008 -0.4822214 -0.3002205 -0.8126357 -0.5191432 -0.2647902 -0.7945299 -0.5541623 -0.2482468 -0.825723 -0.4837346 -0.2901424 -0.830619 -0.4468407 -0.3322731 -0.7871249 -0.5490271 -0.2810761 -0.8229981 -0.482241 -0.3001964 -0.8335184 -0.4483934 -0.3227856 -0.8363429 -0.4499471 -0.3131744 -0.8256947 -0.4837999 -0.2901135 -0.8444322 -0.4542815 -0.283836 -0.7944066 -0.5543711 -0.2481754 -0.8283327 -0.4852643 -0.2799708 -0.8391185 -0.451406 -0.3035012 -0.8546907 -0.3883798 -0.3444779 -0.8363515 -0.4499174 -0.313194 -0.8419785 -0.4162074 -0.3432837 -0.8449223 -0.4176599 -0.3341659 -0.8604556 -0.3910047 -0.3266978 -0.8391076 -0.4514337 -0.3034898 -0.8478002 -0.4190887 -0.3249608 -0.8419784 -0.4162074 -0.3432838 -0.8632214 -0.3923878 -0.3176173 -0.8418184 -0.4528584 -0.2937025 -0.8560775 -0.4231051 -0.2968392 -0.8506446 -0.4204192 -0.3156765 -0.00506246 0.9627856 -0.2702189 -0.04431593 0.9661614 -0.2541027 -0.0436114 0.9508342 -0.3066145 -0.08110368 0.9595414 -0.2696342 -0.03149318 0.9662059 -0.2558407 -0.08063668 0.9535903 -0.2901089 -0.04390567 0.9572502 -0.2859099 -0.04390579 0.9572497 -0.2859113 -0.08063846 0.9535897 -0.2901105 -0.005079984 0.9596726 -0.281074 -0.08010202 0.9472876 -0.3102095 -0.1770883 0.9315111 -0.3176897 -0.08063608 0.9535833 -0.2901323 -0.1152179 0.9489189 -0.2937306 -0.1147767 0.9458954 -0.3034933 -0.08037555 0.9504809 -0.3002097 -0.08037209 0.950482 -0.3002075 -0.1136701 0.9363074 -0.3322763 -0.005081534 0.9596729 -0.2810733 -0.1140917 0.9395667 -0.3227965 -0.177063 0.9315215 -0.3176738 -0.1764941 0.9284985 -0.3267115 -0.1471921 0.9405006 -0.306257 -0.1148499 0.9458852 -0.3034975 -0.1476564 0.9434668 -0.2967628 -0.1143994 0.9427823 -0.3131684 -0.1144795 0.942763 -0.313197 -0.1452353 0.927928 -0.3433021 -0.1467288 0.9374661 -0.3156394 -0.1753226 0.9222759 -0.3444842 -0.1458014 0.9311617 -0.3341858 -0.1452955 0.9279232 -0.34329 -0.908977 -0.3174129 -0.2702038 -0.9106151 -0.2770218 -0.3066582 -0.9252864 -0.2815683 -0.2540953 -0.925312 -0.2814928 -0.2540857 -0.9060422 -0.3163766 -0.2810577 -0.9167674 -0.2788934 -0.2859303 -0.9194892 -0.2414528 -0.3102262 -0.9196944 -0.2798661 -0.2753858 -0.9225755 -0.2423607 -0.300193 -0.9145193 -0.3194522 -0.2482034 -0.9225506 -0.2806527 -0.2648291 -0.925592 -0.2431527 -0.290097 -0.920363 -0.2062462 -0.3322569 -0.9060395 -0.3163779 -0.2810651 -0.9235759 -0.2069348 -0.3227779 -0.922581 -0.242265 -0.3002536 -0.9225679 -0.2423583 -0.3002183 -0.929775 -0.2083273 -0.3035098 -0.9356724 -0.2096717 -0.2838225 -0.9145725 -0.3192532 -0.2482629 -0.9285243 -0.243923 -0.2799007 -0.9297838 -0.2082517 -0.3035351 -0.9277721 -0.1434745 -0.3444618 -0.9309385 -0.1439129 -0.3356228 -0.9230502 -0.1736253 -0.3432677 -0.9267168 -0.2076392 -0.3131803 -0.9262675 -0.1742305 -0.334174 -0.9297824 -0.208329 -0.3034861 -0.9384877 -0.1765396 -0.2967742 -0.9294282 -0.1748357 -0.3249552 -0.9370681 -0.144834 -0.3176894 -0.9327726 -0.2089236 -0.2937455 -0.9384857 -0.1765284 -0.2967869 -0.9325206 -0.1754069 -0.3156546 0.2548504 0.9284572 -0.2702196 0.2179617 0.9422967 -0.2541055 0.2144809 0.9273462 -0.3066384 0.1807272 0.9458491 -0.2696428 0.2303261 0.9388793 -0.255843 0.2166434 0.9366037 -0.2753893 0.1796312 0.9399887 -0.2900927 0.1789709 0.9369261 -0.3002313 0.2159302 0.9336057 -0.2859277 0.1777881 0.9305532 -0.3200973 0.2540588 0.9254577 -0.2810379 0.1784478 0.9337776 -0.3101871 0.08070087 0.944745 -0.3177173 0.1801992 0.9429578 -0.2799267 0.1795543 0.9399883 -0.2901421 0.1446364 0.9417922 -0.3034929 0.144087 0.9386915 -0.3132047 0.07997286 0.93538 -0.3444834 0.1784455 0.9337762 -0.3101921 0.144161 0.9386901 -0.313175 0.08084684 0.9447579 -0.3176418 0.0805273 0.9416925 -0.3266964 0.144636 0.9417929 -0.3034906 0.1119279 0.9453454 -0.3062589 0.1122795 0.9483156 -0.2968012 0.1115671 0.9422867 -0.3156717 0.1440871 0.938692 -0.3132031 0.1104344 0.9327225 -0.3432681 0.0799728 0.9353795 -0.3444846 0.1436727 0.9355111 -0.3227652 0.1112692 0.9391645 -0.3249452 0.110504 0.932708 -0.343285 -0.9609042 -0.06043803 -0.2702046 -0.9669455 -0.02147442 -0.2540774 -0.966941 -0.02155381 -0.2540881 -0.9472585 0.01544314 -0.3200981 -0.954927 -0.03390783 -0.294898 -0.9537467 0.01551842 -0.300211 -0.961085 -0.02134424 -0.2754272 -0.953746 0.01551842 -0.300213 -0.9640727 -0.02148985 -0.2647678 -0.9667896 -0.06077718 -0.2482418 -0.956862 0.01556909 -0.2901253 -0.9320656 0.112191 -0.3444806 -0.9537467 0.01551848 -0.300211 -0.9451649 0.04985022 -0.3227669 -0.9483628 0.05009579 -0.313207 -0.9568681 0.01556926 -0.2901053 -0.9575386 0.05054789 -0.2838394 -0.9667897 -0.06077533 -0.2482421 -0.9598963 0.0156185 -0.27992 -0.9515161 0.0501905 -0.3034768 -0.9320698 0.1121635 -0.3444783 -0.9352495 0.1125559 -0.3356181 -0.9356687 0.08174765 -0.3432806 -0.9483759 0.0500223 -0.3131791 -0.9389426 0.08203369 -0.3341519 -0.9514972 0.05025863 -0.3035249 -0.9513133 0.08318674 -0.2967878 -0.9421284 0.08238369 -0.3249728 -0.9414074 0.1132982 -0.3176722 -0.9545711 0.05035012 -0.2936986 -0.9513132 0.08318698 -0.296788 -0.9452603 0.08265781 -0.3156752 0.4639983 0.848613 -0.2540898 0.4958615 0.8252887 -0.2702221 0.464059 0.8485767 -0.2541 0.4566931 0.8351073 -0.306639 0.4989919 0.8303022 -0.2482043 0.461189 0.8434736 -0.2754217 0.4279021 0.8593849 -0.2799243 0.459777 0.8407494 -0.2859119 0.4264927 0.8567026 -0.2901116 0.4222447 0.848088 -0.3200882 0.4942828 0.8226172 -0.2810437 0.4582567 0.8379681 -0.2963282 0.425103 0.8539096 -0.3002098 0.3958106 0.8733702 -0.2838287 0.4988678 0.8303653 -0.2482431 0.4279062 0.8593885 -0.2799067 0.4264895 0.8566977 -0.2901309 0.3933119 0.8678693 -0.3034941 0.4250995 0.853904 -0.3002305 0.3919516 0.8650266 -0.3132141 0.329268 0.879151 -0.344494 0.3907201 0.8620735 -0.3227495 0.3327025 0.8879225 -0.3176519 0.3639544 0.8828647 -0.296795 0.3628119 0.8800982 -0.3062592 0.3933113 0.8678696 -0.3034941 0.3304742 0.8821197 -0.3356364 0.3919537 0.8650326 -0.3131946 0.3639495 0.8828665 -0.2967956 0.3616376 0.8772549 -0.3156618 0.329317 0.8791359 -0.3444859 0.3907186 0.8620702 -0.3227598 0.3579874 0.8683302 -0.3432894 0.3604668 0.874343 -0.3249432 -0.9445191 0.2016441 -0.2592752 -0.9220144 0.236349 -0.3066409 -0.9368851 0.2401737 -0.2540922 -0.9079815 0.2703893 -0.3200926 -0.9286818 0.2249264 -0.2948873 -0.9142008 0.2722392 -0.3002046 -0.9312178 0.2387074 -0.2754131 -0.914205 0.2722299 -0.3002004 -0.9340954 0.2394586 -0.2648123 -0.9473602 0.2022213 -0.2482245 -0.917188 0.2731273 -0.2901168 -0.8673085 0.3593464 -0.3444505 -0.9111272 0.2713216 -0.3102127 -0.914202 0.2722299 -0.3002092 -0.8996977 0.3040568 -0.3131989 -0.9171873 0.2731277 -0.2901186 -0.9026888 0.3050285 -0.3034975 -0.9084025 0.3069834 -0.2838422 -0.9473569 0.202235 -0.2482259 -0.9055849 0.3060163 -0.2937174 -0.867271 0.3594249 -0.344463 -0.8966514 0.3030287 -0.3227846 -0.8789222 0.3311505 -0.3432714 -0.8849964 0.3334377 -0.3249629 -0.8731116 0.3618726 -0.326687 -0.9026883 0.3050298 -0.3034974 -0.8789123 0.3311893 -0.3432593 -0.8849767 0.3334764 -0.3249765 -0.8759469 0.3630471 -0.3176695 -0.9055868 0.3060165 -0.2937117 -0.893607 0.3367256 -0.296787 -0.8879241 0.3345837 -0.3156653 0.6757609 0.691942 -0.2540935 0.7001081 0.6609305 -0.2702212 0.6757564 0.6919467 -0.2540926 0.6650789 0.6809311 -0.3065989 0.7043989 0.6649839 -0.2482312 0.6716697 0.6877522 -0.2754212 0.6438014 0.712146 -0.2799427 0.6695181 0.6855605 -0.2859237 0.6418188 0.7098599 -0.2901167 0.6978176 0.6588233 -0.2810741 0.6673505 0.6832565 -0.2963175 0.6397278 0.7075513 -0.300199 0.6167235 0.7342274 -0.2838352 0.7044206 0.6649637 -0.2482239 0.6147992 0.7319511 -0.2937167 0.6417712 0.7098996 -0.2901247 0.6397317 0.7075482 -0.3001986 0.6128331 0.7296096 -0.303489 0.6066163 0.7222247 -0.3322775 0.6978174 0.6588231 -0.2810748 0.6375772 0.705175 -0.3101993 0.6108107 0.7272036 -0.3131858 0.5598523 0.7652779 -0.3176716 0.5580291 0.7628065 -0.3266955 0.6128308 0.7296045 -0.3035057 0.5886031 0.7519693 -0.2967973 0.5867564 0.74961 -0.3062709 0.5789648 0.7395573 -0.3432996 0.6108121 0.7272028 -0.3131847 0.5849127 0.7471558 -0.3156509 0.5542939 0.7576888 -0.3444792 0.6087417 0.7247378 -0.3227827 0.578922 0.7395972 -0.3432861 0.5829255 0.7447124 -0.3249636 -0.8524473 0.4475689 -0.270214 -0.8240684 0.4763194 -0.3066452 -0.8373807 0.4839706 -0.2540989 -0.8373596 0.4840103 -0.2540926 -0.8013656 0.5053197 -0.3201017 -0.8497056 0.4461101 -0.281045 -0.8296543 0.4795042 -0.2859189 -0.8296294 0.4795373 -0.2859354 -0.8041704 0.5070417 -0.3101915 -0.8095105 0.5104165 -0.290117 -0.8576838 0.4502918 -0.2482255 -0.8348661 0.4825689 -0.2648128 -0.8094879 0.5104444 -0.2901309 -0.7381675 0.5800434 -0.3444684 -0.806878 0.5087471 -0.3002073 -0.7816854 0.5336477 -0.3227821 -0.8095138 0.5104169 -0.2901071 -0.7843192 0.5354888 -0.3132016 -0.7919269 0.5406382 -0.2838349 -0.8576858 0.4502893 -0.2482236 -0.81205 0.5120618 -0.2799422 -0.786939 0.5372354 -0.3034887 -0.7381077 0.5801084 -0.344487 -0.7406502 0.5820513 -0.3356391 -0.7843458 0.535464 -0.3131775 -0.7569904 0.5559842 -0.343289 -0.7596392 0.5579293 -0.3341606 -0.7696595 0.565286 -0.2967762 -0.7869138 0.53726 -0.3035106 -0.7622305 0.5598315 -0.3249515 -0.7455312 0.5858873 -0.3176779 -0.7894636 0.5389609 -0.2937148 -0.7696576 0.5652887 -0.2967762 -0.7647633 0.5616921 -0.3156569 0.8551058 0.4489647 -0.2592777 0.8373596 0.4840103 -0.2540926 0.8240958 0.4762934 -0.3066118 0.8240684 0.4763194 -0.3066452 0.8576837 0.4502918 -0.2482255 0.8348662 0.482569 -0.2648128 0.8323152 0.4810438 -0.2754057 0.8094879 0.5104444 -0.2901309 0.8068734 0.5087519 -0.3002114 0.8013657 0.5053197 -0.3201016 0.8497056 0.4461101 -0.281045 0.8268893 0.4779543 -0.296334 0.8068771 0.5087475 -0.300209 0.7919269 0.5406382 -0.2838349 0.8576856 0.4502894 -0.2482235 0.7894641 0.5389604 -0.2937144 0.8094897 0.5104463 -0.2901225 0.8068732 0.5087529 -0.3002104 0.7869166 0.5372612 -0.3035011 0.7381674 0.5800433 -0.3444688 0.8041682 0.5070388 -0.310202 0.7843431 0.5354618 -0.3131879 0.7455319 0.5858868 -0.3176774 0.7431165 0.5839891 -0.3267028 0.7869362 0.5372338 -0.3034983 0.7672403 0.5635122 -0.306262 0.7696576 0.5652887 -0.2967762 0.7647627 0.5616924 -0.3156579 0.7843228 0.5354901 -0.3131903 0.7569904 0.5559839 -0.3432891 0.7381076 0.5801084 -0.3444873 0.7816885 0.5336495 -0.3227714 0.7622304 0.5598328 -0.3249493 0.7569904 0.5559842 -0.343289 -0.6650789 0.6809311 -0.3065989 -0.7022929 0.6629938 -0.2592759 -0.6650272 0.6809585 -0.3066504 -0.6757609 0.691942 -0.2540935 -0.6353417 0.7027629 -0.3201019 -0.6978176 0.6588233 -0.2810736 -0.669565 0.6855238 -0.2859018 -0.6375787 0.7051743 -0.3101978 -0.6716638 0.6877568 -0.2754241 -0.6397298 0.7075501 -0.3001977 -0.6458157 0.7142949 -0.2696385 -0.7043989 0.6649839 -0.2482311 -0.6737509 0.689884 -0.2648015 -0.6417679 0.7098959 -0.2901409 -0.5542993 0.757685 -0.344479 -0.6375764 0.7051757 -0.3101996 -0.6397317 0.7075482 -0.3001986 -0.6108107 0.7272036 -0.3131858 -0.6417712 0.7098996 -0.2901247 -0.6128331 0.7296096 -0.303489 -0.5598405 0.765284 -0.3176777 -0.6147992 0.7319511 -0.2937167 -0.5542939 0.7576888 -0.3444792 -0.6087417 0.724738 -0.3227824 -0.578922 0.7395972 -0.3432861 -0.5829255 0.7447124 -0.3249636 -0.5580288 0.7628067 -0.3266955 -0.6128293 0.7296058 -0.3035057 -0.6128308 0.7296045 -0.3035057 -0.5789648 0.7395573 -0.3432996 -0.5829765 0.7446811 -0.3249439 -0.5598533 0.7652775 -0.3176711 -0.5886031 0.7519693 -0.2967973 -0.5867564 0.74961 -0.3062709 0.9368851 0.2401737 -0.2540922 0.9415807 0.2010169 -0.2702187 0.936888 0.2401613 -0.2540934 0.9220187 0.236341 -0.3066342 0.9473602 0.2022213 -0.2482245 0.9200902 0.2739921 -0.2799327 0.9312134 0.238719 -0.2754177 0.9282421 0.2379438 -0.2859188 0.9282444 0.2379384 -0.2859157 0.9171913 0.2731201 -0.2901132 0.9079816 0.2703893 -0.3200923 0.9385487 0.2003504 -0.2810447 0.9111319 0.2713239 -0.3101966 0.9084024 0.3069833 -0.2838423 0.9473569 0.202235 -0.2482252 0.9055849 0.3060163 -0.2937174 0.917187 0.273128 -0.290119 0.914202 0.2722299 -0.3002092 0.9026888 0.3050285 -0.3034975 0.8673083 0.3593463 -0.3444511 0.911127 0.271322 -0.3102131 0.8996977 0.3040568 -0.3131989 0.8759469 0.3630471 -0.3176695 0.8731116 0.3618727 -0.3266869 0.9026854 0.305036 -0.3034999 0.893607 0.3367256 -0.2967869 0.890802 0.3356681 -0.3062658 0.887923 0.3345861 -0.3156658 0.8997105 0.3040236 -0.3131943 0.8789119 0.3311892 -0.3432605 0.8672709 0.3594248 -0.3444636 0.8966514 0.3030287 -0.3227846 0.8849964 0.3334377 -0.3249629 0.8789222 0.3311505 -0.3432714 -0.4958615 0.8252887 -0.2702221 -0.464059 0.8485767 -0.2541 -0.4639983 0.848613 -0.2540898 -0.4222447 0.848088 -0.3200882 -0.4695836 0.8321846 -0.2948903 -0.4597758 0.84075 -0.2859122 -0.425103 0.8539096 -0.3002098 -0.461189 0.8434736 -0.2754216 -0.4264927 0.8567026 -0.2901116 -0.4291774 0.8620322 -0.269643 -0.4989919 0.8303022 -0.2482043 -0.4279021 0.8593849 -0.2799243 -0.329268 0.879151 -0.344494 -0.4251007 0.8539035 -0.3002303 -0.3907201 0.8620735 -0.3227495 -0.3919516 0.8650266 -0.3132141 -0.4264908 0.8566973 -0.29013 -0.332705 0.8879243 -0.3176444 -0.427905 0.8593891 -0.2799069 -0.3933119 0.8678693 -0.3034941 -0.329317 0.8791357 -0.3444862 -0.3304742 0.8821195 -0.3356367 -0.3592417 0.8713681 -0.3341603 -0.3920479 0.8650029 -0.3131588 -0.3579875 0.8683304 -0.3432891 -0.393248 0.8678894 -0.3035197 -0.3933113 0.8678694 -0.3034944 -0.3639495 0.8828665 -0.2967956 -0.3604395 0.8743513 -0.3249511 -0.3327024 0.8879223 -0.3176525 -0.3628119 0.8800982 -0.3062592 -0.3639544 0.8828647 -0.296795 0.9639028 -0.06062662 -0.2592606 0.966941 -0.02155381 -0.2540881 0.9515939 -0.02113342 -0.3066308 0.9515935 -0.02113169 -0.3066323 0.9628311 0.01569634 -0.2696481 0.9667895 -0.06077718 -0.2482426 0.9640727 -0.02148985 -0.2647678 0.961085 -0.02134424 -0.2754272 0.956862 0.01556909 -0.2901253 0.958014 -0.02127426 -0.2859314 0.953746 0.01551842 -0.300213 0.9577971 -0.06021189 -0.2810684 0.9505463 0.01546639 -0.3101977 0.9414104 0.1132872 -0.3176673 0.9568689 0.01556926 -0.2901028 0.9545708 0.05035161 -0.2936996 0.9537465 0.01551991 -0.3002112 0.9515033 0.0502603 -0.3035051 0.9418706 0.04972589 -0.3322758 0.9577968 -0.0602042 -0.281071 0.9505465 0.01546639 -0.3101972 0.9483755 0.0500195 -0.3131805 0.9414074 0.1132982 -0.3176722 0.9515094 0.05018872 -0.3034983 0.9483273 0.08292585 -0.3062658 0.9513132 0.08318698 -0.296788 0.9352496 0.1125559 -0.335618 0.9483626 0.05009293 -0.3132081 0.951313 0.08318698 -0.2967886 0.9452605 0.08265757 -0.3156746 0.9320701 0.1121635 -0.3444777 0.9451647 0.04985296 -0.3227668 0.9356687 0.08174765 -0.3432806 0.9421434 0.08231329 -0.3249467 -0.2556449 0.9313526 -0.259284 -0.2145054 0.9273475 -0.3066173 -0.2179604 0.9422974 -0.2541041 -0.2276859 0.9280088 -0.2948881 -0.215951 0.9336037 -0.2859185 -0.1790469 0.9369206 -0.3002033 -0.1795554 0.9399941 -0.2901225 -0.217314 0.939503 -0.2647805 -0.2563193 0.9341662 -0.2482619 -0.1796312 0.9399887 -0.2900927 -0.1431229 0.9322599 -0.3322762 -0.2540166 0.9254612 -0.2810643 -0.1784455 0.9337763 -0.3101922 -0.144161 0.9386901 -0.313175 -0.1795544 0.9399884 -0.2901414 -0.144087 0.9386915 -0.3132047 -0.1454896 0.9477673 -0.2838489 -0.2564764 0.9341355 -0.2482151 -0.1801992 0.9429578 -0.2799267 -0.1446364 0.9417922 -0.3034929 -0.0799728 0.9353796 -0.3444843 -0.08026033 0.9385706 -0.3356243 -0.110504 0.9327082 -0.3432847 -0.1441612 0.9386892 -0.3131778 -0.1108909 0.9359738 -0.33415 -0.1122806 0.9483157 -0.2968004 -0.1445634 0.9417955 -0.3035174 -0.1111973 0.9391635 -0.3249724 -0.08084684 0.9447579 -0.3176418 -0.145102 0.9448242 -0.293688 -0.1122795 0.9483156 -0.2968012 -0.1115655 0.9422872 -0.3156709 0.9089769 -0.3174129 -0.2702037 0.9252864 -0.2815683 -0.2540953 0.9106151 -0.2770218 -0.3066582 0.9313706 -0.2446221 -0.2696457 0.9210346 -0.2936735 -0.2558348 0.9196944 -0.2798661 -0.2753858 0.925592 -0.2431527 -0.290097 0.9225755 -0.2423607 -0.300193 0.9163021 -0.2407028 -0.3200827 0.913735 -0.2779711 -0.2963452 0.906042 -0.3163766 -0.2810584 0.9225889 -0.2422667 -0.3002279 0.93707 -0.1449715 -0.3176214 0.9255864 -0.2431483 -0.2901189 0.9327788 -0.2089254 -0.2937245 0.929775 -0.2083273 -0.3035098 0.9225679 -0.2423583 -0.3002183 0.9277725 -0.1434776 -0.3444597 0.919489 -0.2414527 -0.3102267 0.9267091 -0.2076371 -0.3132044 0.9370681 -0.144834 -0.3176894 0.9340368 -0.1443914 -0.32669 0.9355369 -0.175974 -0.3062744 0.9297897 -0.2082559 -0.3035138 0.9384857 -0.1765284 -0.2967869 0.9267175 -0.2076394 -0.3131784 0.9325199 -0.1754201 -0.3156494 0.9230468 -0.1736378 -0.3432705 0.9294283 -0.174825 -0.3249602 0.9277721 -0.1434745 -0.3444618 0.9235762 -0.2069352 -0.3227769 0.9230502 -0.1736253 -0.3432677 0.005083501 0.9667672 -0.255608 0.06913751 0.9618716 -0.2646192 0.1261847 0.9466872 -0.2964135 0.03757864 0.9572196 -0.2869123 0.1757112 0.9243803 -0.3385952 0.124442 0.9335798 -0.3360698 0.1520092 0.9370176 -0.3144698 0.06821602 0.9491302 -0.3074064 0.8150573 -0.5206872 -0.2540993 0.7896555 -0.5508465 -0.270208 0.815016 -0.5207477 -0.2541081 0.8021197 -0.5124253 -0.3066338 0.8308243 -0.4868623 -0.2696222 0.7945286 -0.5541645 -0.2482464 0.8126357 -0.5191432 -0.2647902 0.8100938 -0.5175996 -0.2753885 0.825723 -0.4837346 -0.2901424 0.8075292 -0.5158824 -0.2859404 0.8230008 -0.4822214 -0.3002205 0.787119 -0.5490351 -0.2810769 0.8202329 -0.4806199 -0.3101974 0.8632702 -0.3922027 -0.3177135 0.8257227 -0.4837344 -0.2901434 0.8418102 -0.4528539 -0.2937331 0.8230051 -0.4822248 -0.3002029 0.8391076 -0.4514344 -0.3034888 0.8306189 -0.4468408 -0.3322732 0.7871264 -0.5490251 -0.2810758 0.8202328 -0.4806203 -0.3101973 0.836354 -0.4499188 -0.3131853 0.8632212 -0.3923879 -0.3176175 0.8604557 -0.3910048 -0.3266978 0.8391185 -0.451406 -0.303501 0.8534038 -0.4217836 -0.3062689 0.8560771 -0.4231055 -0.2968395 0.8363394 -0.4499477 -0.3131828 0.8419785 -0.4162074 -0.3432837 0.8506225 -0.420481 -0.3156535 0.8546907 -0.3883798 -0.3444779 0.8335199 -0.4483938 -0.3227812 0.8478026 -0.4190837 -0.3249611 0.2656907 0.9295551 -0.2556088 0.3260539 0.9075599 -0.2646204 0.3768835 0.8775528 -0.2964122 0.2944045 0.9115961 -0.2869125 0.4185541 0.8427167 -0.3385871 0.3716545 0.8654105 -0.336062 0.3991469 0.861272 -0.3144715 0.3217255 0.8955415 -0.3074059 0.6443673 -0.7212679 -0.2540932 0.6117858 -0.7434399 -0.2702135 0.6443686 -0.7212674 -0.2540919 0.6341697 -0.7097766 -0.3066692 0.6154938 -0.7480322 -0.2482242 0.6666726 -0.6907837 -0.2799386 0.6404634 -0.716903 -0.2754211 0.638422 -0.7146055 -0.2859306 0.6645643 -0.6886084 -0.2901254 0.6097769 -0.7410757 -0.281032 0.6363452 -0.7122123 -0.2963418 0.6624038 -0.6863613 -0.3002157 0.6906021 -0.6652045 -0.2838515 0.6155809 -0.7479488 -0.2482597 0.688428 -0.6631771 -0.2937058 0.6645717 -0.6886076 -0.2901107 0.6624042 -0.6863686 -0.3001983 0.6862189 -0.6610602 -0.303485 0.6792863 -0.6543421 -0.332275 0.6098453 -0.7409999 -0.2810837 0.6601808 -0.6840572 -0.3102049 0.6839949 -0.6588332 -0.3131932 0.7254366 -0.6105926 -0.317677 0.6884274 -0.6631776 -0.293706 0.7230839 -0.6086153 -0.3267066 0.7101674 -0.6384355 -0.2967532 0.6862203 -0.6610583 -0.303486 0.7056483 -0.6343744 -0.3156418 0.6985113 -0.6278854 -0.3432812 0.7033355 -0.6322246 -0.3249791 0.7182732 -0.6044908 -0.3444917 0.6816776 -0.6566018 -0.3227844 0.6984726 -0.6279214 -0.3432939 0.7033065 -0.6322664 -0.3249604 0.5060839 0.822591 -0.2592747 0.5312581 0.7897698 -0.3066411 0.5398264 0.8025116 -0.254092 0.5586316 0.7651615 -0.3200916 0.522734 0.799865 -0.2948988 0.5624717 0.7703867 -0.3002165 0.5348448 0.7951022 -0.2859259 0.5365602 0.7976533 -0.275413 0.5643101 0.7729057 -0.2901221 0.5075677 0.8250818 -0.2482239 0.566064 0.775379 -0.2799267 0.6289232 0.6969881 -0.3444756 0.5624709 0.7703875 -0.300216 0.5855991 0.7435595 -0.3227893 0.5875901 0.7460872 -0.313196 0.5643097 0.7729061 -0.2901222 0.5932621 0.7533084 -0.2838428 0.5076267 0.8250395 -0.2482444 0.5660665 0.7753812 -0.2799156 0.5894972 0.7485916 -0.3034862 0.6289877 0.696922 -0.3444914 0.608295 0.7199448 -0.3341507 0.5875902 0.7460876 -0.3131952 0.6061716 0.7174307 -0.3432918 0.6331829 0.7016764 -0.3266953 0.589531 0.7485516 -0.3035192 0.6061697 0.7174317 -0.3432929 0.6103653 0.7223991 -0.3249521 0.6352254 0.7039732 -0.3176642 0.5913928 0.7509959 -0.2937002 0.6163471 0.7294015 -0.2967992 0.6124262 0.7247627 -0.3156791 0.4259032 -0.8683553 -0.2540974 0.3885518 -0.8809146 -0.2702166 0.4259067 -0.8683543 -0.2540951 0.4191508 -0.8545711 -0.3066287 0.390953 -0.886303 -0.2482392 0.4556436 -0.8450001 -0.2799355 0.4233236 -0.863102 -0.2754126 0.4219774 -0.8603387 -0.2859238 0.4541679 -0.8423553 -0.2901192 0.3873097 -0.8780631 -0.281063 0.4205839 -0.8574945 -0.2963317 0.4526936 -0.8396088 -0.3002095 0.4855417 -0.8268503 -0.2838447 0.3909115 -0.8863245 -0.2482281 0.4556412 -0.8449988 -0.2799433 0.4541685 -0.8423601 -0.2901044 0.4824582 -0.8216634 -0.3034855 0.4526945 -0.8396113 -0.3002009 0.4808738 -0.8189505 -0.3131784 0.4775828 -0.8133332 -0.332271 0.4792672 -0.8161551 -0.3227905 0.3873272 -0.8780521 -0.2810736 0.53381 -0.7836687 -0.317664 0.484008 -0.824302 -0.2937046 0.5320948 -0.781118 -0.3266952 0.5116432 -0.8063114 -0.2967882 0.4824605 -0.8216569 -0.3034994 0.5083919 -0.801181 -0.3156687 0.4808955 -0.8189302 -0.3131976 0.5031967 -0.7930608 -0.3432894 0.5066804 -0.7985473 -0.3249574 0.528505 -0.7758997 -0.3444737 0.5049879 -0.7958084 -0.3341798 0.5032337 -0.7930414 -0.3432803 0.7070156 0.6535404 -0.270211 0.7246009 0.6172032 -0.3066166 0.7362803 0.6271581 -0.2540948 0.7363198 0.6271147 -0.2540873 0.7443273 0.5861065 -0.3200878 0.704771 0.6513718 -0.2810918 0.7294897 0.6213657 -0.2859187 0.7469183 0.588114 -0.3102178 0.7318264 0.623367 -0.2753974 0.7494329 0.5901027 -0.3002151 0.7113196 0.6575827 -0.2482127 0.7341264 0.6252439 -0.264818 0.7518894 0.5920252 -0.2901185 0.79365 0.5014474 -0.3444853 0.7494365 0.5900968 -0.300218 0.7644546 0.5580592 -0.3227679 0.7518844 0.5920341 -0.2901132 0.767081 0.5599008 -0.3132057 0.7744703 0.565363 -0.2838317 0.7113233 0.6575781 -0.2482146 0.754267 0.5939003 -0.2799355 0.7695891 0.5618097 -0.303484 0.7936568 0.5014353 -0.3444871 0.7963377 0.5031801 -0.3356428 0.7772485 0.5272914 -0.3432908 0.7670552 0.5599576 -0.3131678 0.7799679 0.5291349 -0.3341654 0.7670856 0.5599041 -0.3131886 0.7902394 0.5361695 -0.2967221 0.785198 0.5327559 -0.3156508 0.8016136 0.5064356 -0.3177087 0.7720573 0.5636115 -0.2937171 0.7902488 0.5361355 -0.2967588 0.7852163 0.5327203 -0.3156654 0.1365088 -0.9530729 -0.2702175 0.1758798 -0.9510536 -0.2540932 0.1730863 -0.9359565 -0.3066376 0.1631448 -0.9528548 -0.2558352 0.2101495 -0.9336263 -0.2901367 0.1742549 -0.9422723 -0.2859338 0.2101329 -0.9336321 -0.2901298 0.2080157 -0.9242651 -0.3200995 0.17368 -0.9391613 -0.2963297 0.1360603 -0.9499994 -0.2810493 0.2093915 -0.9306086 -0.3002049 0.2444698 -0.9271858 -0.2838329 0.1373194 -0.9589206 -0.2482231 0.21015 -0.9336253 -0.2901392 0.2437713 -0.9242802 -0.2937376 0.2094504 -0.9305937 -0.3002098 0.2429017 -0.9213535 -0.3034906 0.299677 -0.8896735 -0.3444921 0.2086893 -0.9274879 -0.3101857 0.2421227 -0.9183135 -0.3131725 0.3026395 -0.8986047 -0.3176773 0.2751401 -0.9144553 -0.2967653 0.2429903 -0.9213272 -0.3034993 0.2742759 -0.9115808 -0.306257 0.300663 -0.8927245 -0.335626 0.2421019 -0.9183142 -0.3131863 0.2421209 -0.9183065 -0.3131943 0.2752197 -0.9144021 -0.2968552 0.2734757 -0.9086074 -0.315664 0.2995969 -0.8897061 -0.3444776 0.270612 -0.8994034 -0.3432822 0.2715567 -0.9025432 -0.3341748 0.864237 0.398835 -0.3066353 0.8597787 0.4399516 -0.2592745 0.864238 0.398834 -0.306634 0.8781768 0.405268 -0.2540934 0.8543415 0.4371525 -0.2810668 0.8671943 0.400199 -0.2963356 0.8700723 0.4015278 -0.2859192 0.8808453 0.3660332 -0.3002189 0.872859 0.402817 -0.2754194 0.8837006 0.3672994 -0.2901113 0.8892275 0.3695502 -0.2696428 0.8623585 0.4412705 -0.2482304 0.8865214 0.3683919 -0.2799417 0.8835715 0.3300008 -0.3322665 0.8543455 0.437142 -0.2810712 0.8866541 0.3311454 -0.3227807 0.8808386 0.3660333 -0.3002385 0.8837048 0.3672983 -0.2900997 0.8896759 0.3322247 -0.3132153 0.9085165 0.2713904 -0.3177186 0.8865199 0.36839 -0.2799488 0.8926122 0.3333735 -0.3034892 0.8994808 0.2688432 -0.3444676 0.9025623 0.2697027 -0.3356216 0.8896691 0.3322686 -0.3131875 0.8937849 0.2991283 -0.334172 0.8906766 0.2980908 -0.3432741 0.8968372 0.3001309 -0.3249683 0.8926198 0.3333251 -0.3035199 0.9055836 0.3030574 -0.2967738 0.908499 0.2715336 -0.3176464 0.8954838 0.3344392 -0.2936993 0.8998277 0.3010846 -0.3156872 0.9055851 0.3030078 -0.2968199 -0.08718007 -0.9632411 -0.2540991 -0.1256586 -0.9545605 -0.2702301 -0.08718723 -0.9632404 -0.2540992 -0.08587688 -0.9479565 -0.3066001 -0.04980462 -0.9616673 -0.2696581 -0.1264412 -0.960413 -0.2482326 -0.08665269 -0.9574142 -0.2754077 -0.04973274 -0.9587346 -0.2799189 -0.08638113 -0.9543511 -0.2859236 -0.04949718 -0.9557087 -0.2901226 -0.04902952 -0.9461145 -0.3200992 -0.1252513 -0.9514833 -0.2810546 -0.08617055 -0.9511969 -0.2963093 -0.04941266 -0.9525986 -0.3001902 0.04910314 -0.9469124 -0.3177198 -0.04957574 -0.9557074 -0.2901132 -0.01467591 -0.9557812 -0.2937123 -0.01462739 -0.9527186 -0.3035016 -0.04933577 -0.9525929 -0.3002213 0.04855108 -0.9375336 -0.3444904 -0.04924678 -0.9493982 -0.3101904 -0.01458078 -0.9495829 -0.3131769 0.04895973 -0.9469472 -0.3176382 -0.01467603 -0.9557876 -0.2936915 0.04885697 -0.943863 -0.3267044 0.0182749 -0.9547721 -0.296777 0.01815873 -0.9487025 -0.3156481 -0.01457929 -0.949583 -0.3131766 0.01797413 -0.9390568 -0.3432922 0.01815879 -0.9487023 -0.315649 0.04854112 -0.9375346 -0.3444889 -0.01453131 -0.9463645 -0.3227741 0.01809853 -0.9455556 -0.3249571 0.01797413 -0.9390572 -0.3432908 0.9436387 0.1911079 -0.2702292 0.954958 0.1532894 -0.2540818 0.9549404 0.1533796 -0.254094 0.9413465 0.164065 -0.2948718 0.9469344 0.1148921 -0.3001922 0.9491679 0.1523602 -0.2754392 0.9469339 0.114883 -0.3001967 0.9521052 0.152924 -0.2647829 0.949429 0.192249 -0.2482435 0.950024 0.1152576 -0.2901211 0.9398365 0.07940971 -0.3322675 0.940601 0.19037 -0.281121 0.9469283 0.1148915 -0.3002115 0.9431107 0.07965993 -0.3227951 0.9463186 0.0799309 -0.3131968 0.9500251 0.1152579 -0.2901173 0.955469 0.08072048 -0.2838367 0.9494304 0.1922436 -0.2482424 0.9530338 0.1156256 -0.279924 0.9494496 0.0801956 -0.303503 0.9386533 0.01613819 -0.3444846 0.9463176 0.07993108 -0.3131996 0.9380642 0.04680734 -0.343285 0.9413504 0.04696851 -0.3341458 0.9449886 0.01628601 -0.3266977 0.949449 0.0801984 -0.3035044 0.9380745 0.0467301 -0.3432678 0.9445505 0.04705274 -0.3249779 0.9480628 0.01636993 -0.3176621 0.9525011 0.08045625 -0.2937152 0.953756 0.04751491 -0.2968029 0.9476939 0.04721015 -0.3156701 -0.3437557 -0.9040293 -0.2540928 -0.3785028 -0.8852774 -0.2702217 -0.3438267 -0.9039996 -0.2541024 -0.3383677 -0.8896546 -0.3066304 -0.3074034 -0.9125751 -0.2696477 -0.3808937 -0.89068 -0.2482124 -0.3427286 -0.9013307 -0.2648397 -0.3417498 -0.8985391 -0.275381 -0.3055813 -0.9069073 -0.2900675 -0.3406535 -0.8956631 -0.2859075 -0.3044898 -0.9039686 -0.3002113 -0.3773162 -0.8824128 -0.2810341 -0.3034879 -0.900928 -0.3101997 -0.208248 -0.9250467 -0.3176814 -0.3055781 -0.9068989 -0.2900973 -0.2719954 -0.916385 -0.2936958 -0.3044873 -0.9039627 -0.3002316 -0.2710301 -0.9134646 -0.3035216 -0.2683647 -0.9042021 -0.3322634 -0.3771647 -0.8824509 -0.2811176 -0.3774521 -0.8823782 -0.2809605 -0.3775752 -0.882347 -0.280893 -0.3034871 -0.9009212 -0.3102205 -0.2701595 -0.9104481 -0.3132065 -0.2082463 -0.9250484 -0.3176775 -0.2719956 -0.9163857 -0.2936932 -0.2075781 -0.9220495 -0.3267049 -0.2399936 -0.9243051 -0.2967547 -0.27103 -0.9134644 -0.3035223 -0.2384664 -0.9184206 -0.3156542 -0.2701616 -0.9104539 -0.3131876 -0.2360262 -0.909086 -0.343299 -0.2376608 -0.9153846 -0.324944 -0.2061802 -0.9158741 -0.3444772 -0.2367992 -0.9122779 -0.3341785 -0.2359756 -0.9091049 -0.3432841 0.9632091 -0.07074475 -0.2592748 0.9456565 -0.1081952 -0.3066392 0.9609109 -0.1099399 -0.2540933 0.9364082 -0.1438195 -0.320087 0.9506964 -0.09598314 -0.2948958 0.9428092 -0.1448463 -0.3002173 0.9520426 -0.108927 -0.2859192 0.9550979 -0.1092747 -0.2754037 0.9458955 -0.1453073 -0.2901165 0.951808 -0.1461627 -0.2696255 0.9660929 -0.07100653 -0.248239 0.9488896 -0.1457789 -0.2799237 0.9082142 -0.2376513 -0.3444838 0.9428092 -0.1448464 -0.3002173 0.9296386 -0.1777149 -0.3227841 0.9328165 -0.1782627 -0.3131711 0.94589 -0.145308 -0.2901344 0.9173026 -0.2400515 -0.3176971 0.9488832 -0.1457777 -0.2799458 0.9358742 -0.1789217 -0.3035239 0.9082239 -0.2376232 -0.3444774 0.9327983 -0.1783212 -0.3131912 0.9158952 -0.2080683 -0.3432836 0.9190886 -0.2087948 -0.3341871 0.9143489 -0.2392371 -0.3266982 0.9359022 -0.1788524 -0.3034781 0.9222556 -0.2094265 -0.3249388 0.9159058 -0.2079846 -0.3433061 0.917289 -0.2400802 -0.3177142 0.9388808 -0.1794971 -0.2937408 0.9312433 -0.2114828 -0.2967509 0.9253169 -0.2101373 -0.3156437 -0.6032782 -0.7503578 -0.2702198 -0.5749047 -0.7777701 -0.2540836 -0.5658364 -0.76539 -0.3066062 -0.5421789 -0.7958208 -0.2696505 -0.5849586 -0.7696576 -0.2558334 -0.5388352 -0.7908746 -0.2901276 -0.5695927 -0.7705856 -0.2859408 -0.5388134 -0.7908868 -0.2901352 -0.5334075 -0.7829506 -0.3201016 -0.6013004 -0.7479544 -0.281073 -0.5677717 -0.7680037 -0.2963201 -0.5371177 -0.7882804 -0.3001978 -0.4499718 -0.8346127 -0.3177221 -0.5388323 -0.7908767 -0.2901273 -0.5090663 -0.8090595 -0.2937251 -0.5074888 -0.806443 -0.3034878 -0.5370637 -0.7883142 -0.3002057 -0.4456143 -0.8262935 -0.3444806 -0.5353122 -0.7856357 -0.3101895 -0.5057646 -0.8038169 -0.3131784 -0.4500904 -0.8345717 -0.3176613 -0.5090705 -0.809064 -0.2937052 -0.4804173 -0.8253059 -0.296765 -0.5074927 -0.8064492 -0.3034651 -0.4773616 -0.820058 -0.3156434 -0.4471249 -0.8291135 -0.3356341 -0.4804016 -0.8253085 -0.2967832 -0.4757623 -0.8173406 -0.3249689 -0.4456219 -0.8262905 -0.3444784 -0.5040488 -0.8010893 -0.3227862 -0.4725024 -0.8117251 -0.3432838 -0.4757694 -0.8173375 -0.3249661 0.8814145 -0.359285 -0.3066313 0.9084116 -0.327966 -0.259281 0.8814147 -0.3592851 -0.306631 0.8956251 -0.3650867 -0.2541009 0.8628889 -0.3911073 -0.3200905 0.9026604 -0.3258963 -0.2810623 0.8844306 -0.3605144 -0.2963307 0.887366 -0.361711 -0.2859138 0.8687809 -0.3938157 -0.300215 0.8902082 -0.3628779 -0.275407 0.8716399 -0.3950701 -0.2901096 0.9111261 -0.3289753 -0.2482426 0.8743962 -0.3963255 -0.2799239 0.8104653 -0.4737992 -0.3444712 0.8687777 -0.3938149 -0.3002255 0.8472312 -0.4219085 -0.3227888 0.8716372 -0.395069 -0.2901194 0.8501289 -0.4233139 -0.3131873 0.8583425 -0.427416 -0.283838 0.9111258 -0.3289763 -0.2482426 0.8529216 -0.4247423 -0.3035109 0.8104199 -0.4738669 -0.344485 0.8472341 -0.4219107 -0.3227781 0.8132072 -0.4754422 -0.3356323 0.8258402 -0.4473716 -0.3432877 0.8501291 -0.4233147 -0.3131856 0.8315547 -0.4504665 -0.3249567 0.8529238 -0.4247441 -0.3035022 0.8396386 -0.4548872 -0.2967909 0.8343025 -0.4519955 -0.3156573 0.8185364 -0.4786081 -0.317699 0.8370221 -0.4534284 -0.3062624 0.8396639 -0.4548609 -0.2967593 -0.7865689 -0.5621158 -0.2556079 -0.7455998 -0.6116025 -0.2646194 -0.7600117 -0.5831466 -0.2869188 -0.7002648 -0.6494334 -0.2964214 -0.6905859 -0.6404296 -0.3360673 -0.6534762 -0.6769962 -0.3385925 -0.7357372 -0.6034863 -0.3074007 -0.6774773 -0.6649329 -0.3144662 0.7829849 -0.5585201 -0.2738434 0.7341382 -0.6011161 -0.3157542 0.7645828 -0.5855796 -0.2692766 0.6931666 -0.6416858 -0.3282675 0.7026628 -0.6505026 -0.2882906 0.6577072 -0.6801778 -0.3236967 0.7442615 -0.6094059 -0.2733118 0.6743186 -0.6606668 -0.3298696 -0.8953106 -0.3658614 -0.254095 -0.9053022 -0.3277336 -0.2702197 -0.8953078 -0.3658673 -0.2540965 -0.8810994 -0.3600554 -0.3066338 -0.9108423 -0.3297636 -0.2482387 -0.89265 -0.3647735 -0.2647951 -0.8898904 -0.3636522 -0.2754126 -0.8712819 -0.3958488 -0.2901239 -0.8870489 -0.3624867 -0.2859158 -0.8684609 -0.3945336 -0.3001982 -0.8625385 -0.3918738 -0.3200975 -0.9023873 -0.3266642 -0.2810475 -0.8655319 -0.393229 -0.3102024 -0.85798 -0.428148 -0.2838306 -0.9108465 -0.3297539 -0.2482361 -0.8552912 -0.4268553 -0.2937205 -0.871282 -0.3958482 -0.2901242 -0.8684592 -0.3945316 -0.3002062 -0.852569 -0.4254603 -0.3034958 -0.8100625 -0.4744883 -0.34447 -0.8655292 -0.3932285 -0.3102104 -0.8497434 -0.4240794 -0.3131979 -0.8181419 -0.4792916 -0.3176846 -0.8525514 -0.4254879 -0.3035066 -0.8366156 -0.4541742 -0.3062684 -0.8392522 -0.4556064 -0.2967807 -0.8127937 -0.4761473 -0.3356339 -0.8339127 -0.4527139 -0.3156576 -0.8497582 -0.4240576 -0.3131873 -0.839247 -0.455612 -0.2967868 -0.8100317 -0.4745348 -0.3444787 -0.846867 -0.4226432 -0.3227834 -0.8254426 -0.4481088 -0.3432827 -0.8311504 -0.4512073 -0.3249631 0.5664729 -0.7649067 -0.3066371 0.6058182 -0.7521688 -0.2592808 0.5664795 -0.7649033 -0.3066334 0.575613 -0.7772408 -0.2540996 0.5340973 -0.7824813 -0.3200991 0.6020098 -0.7473953 -0.2810416 0.5359455 -0.7851981 -0.3102037 0.5703018 -0.7700721 -0.2859109 0.5721303 -0.7725378 -0.2754134 0.5378123 -0.7878135 -0.30018 0.6075982 -0.7544524 -0.2482459 0.5739014 -0.7749333 -0.2647935 0.5395036 -0.7904183 -0.2901291 0.4462617 -0.8259371 -0.3444976 0.5359449 -0.7851979 -0.3102055 0.5378088 -0.7878084 -0.3001995 0.5064949 -0.8033543 -0.3131849 0.5395044 -0.7904165 -0.2901324 0.5081797 -0.8060072 -0.3034895 0.5113884 -0.8111249 -0.283828 0.5097218 -0.8086438 -0.293733 0.60759 -0.7544581 -0.2482489 0.4463768 -0.8258835 -0.3444769 0.4478521 -0.8287221 -0.3356313 0.4732179 -0.8113089 -0.3432827 0.5064941 -0.803355 -0.3131845 0.4748682 -0.8141397 -0.3341806 0.506505 -0.8033502 -0.313179 0.5080901 -0.806059 -0.3035019 0.4810732 -0.8248959 -0.2968428 0.4780234 -0.8196673 -0.3156567 0.4508066 -0.8341789 -0.3176777 0.479641 -0.8222835 -0.3062586 0.4811528 -0.8248767 -0.2967666 -0.9591295 -0.07128936 -0.2738401 -0.9394624 -0.1330613 -0.3157614 -0.9254837 -0.1889901 -0.3282725 -0.9574357 -0.1039654 -0.2692734 -0.9151355 -0.2402969 -0.3237042 -0.9381815 -0.1915894 -0.2882864 -0.919215 -0.215004 -0.3298743 -0.9524223 -0.1348841 -0.2733095 0.3788717 -0.884008 -0.273836 0.3149897 -0.8950304 -0.3157566 0.3490933 -0.8975679 -0.2692693 0.2589104 -0.9084078 -0.3282692 0.2624775 -0.92087 -0.2882778 0.2086211 -0.9228726 -0.3237027 0.319349 -0.90737 -0.2733056 0.2329395 -0.9148356 -0.3298713 -0.942804 0.1900843 -0.2738407 -0.94053 0.1253108 -0.3157541 -0.9421575 0.06765949 -0.3282706 -0.9499893 0.1581525 -0.2692735 -0.9460359 0.01548659 -0.3236918 -0.9550834 0.06857687 -0.2882931 -0.9431371 0.0409708 -0.3298695 -0.9534974 0.1270764 -0.2733026 0.1263472 -0.9534397 -0.2738415 0.06186944 -0.9468213 -0.3157558 0.0940079 -0.9584642 -0.2692747 0.004249572 -0.9445743 -0.3282704 0.004326343 -0.9575355 -0.2882832 -0.04806482 -0.9449374 -0.3237022 0.06273782 -0.9598783 -0.2733088 -0.02247726 -0.9437585 -0.3298708 -0.8565744 0.4373626 -0.2738507 -0.8718528 0.374404 -0.3157446 -0.8889843 0.3192887 -0.3282709 -0.8721191 0.4085302 -0.2692796 -0.9067841 0.2701151 -0.3236979 -0.9011733 0.3236926 -0.2882878 -0.8971273 0.2938508 -0.3298702 -0.8838784 0.3795537 -0.2733095 -0.1362394 -0.9571336 -0.2556053 -0.1990401 -0.9435892 -0.2646177 -0.253501 -0.9208018 -0.2964143 -0.1671389 -0.9432641 -0.2869102 -0.2995396 -0.8919826 -0.3385899 -0.2499793 -0.9080588 -0.3360649 -0.2777793 -0.9077145 -0.3144727 -0.1964011 -0.9310888 -0.3074094 -2.91563e-6 0 1 4.60038e-6 0 1 -2.52166e-6 0 1 -1.33848e-5 0 1 3.52311e-7 0 1 -3.99345e-5 0 1 9.9996e-6 0 1 -1.04977e-6 0 1 1.07134e-5 0 1 2.17623e-6 0 1 2.1757e-7 0 1 -1.13446e-6 0 1 3.94637e-7 0 1 -6.71768e-7 0 1 1.97773e-6 0 1 -2.19145e-7 0 1 0 0 1 -1.86343e-6 0 1 1.65353e-6 0 1 2.55429e-7 0 1 -3.62758e-7 0 1 -4.92463e-7 0 1 2.66857e-7 0 1 1.43425e-6 0 1 1.79804e-6 0 1 4.72986e-7 0 -1 3.15335e-7 0 -1 4.72817e-7 0 -1 -1.88477e-6 0 -1 1.57658e-7 0 -1 1.41891e-6 0 -1 -9.42435e-7 0 -1 4.72819e-7 0 -1 -1.88559e-6 0 -1 3.15325e-7 0 -1 9.45967e-7 0 -1 -3.15208e-7 0 -1 -3.15322e-7 0 -1 -6.30642e-7 0 -1 7.0708e-7 0 -1 0 0 -1 -5.89005e-7 0 -1 7.07052e-7 0 -1 6.30419e-7 0 -1 -1.06066e-6 0 -1 2.5226e-6 0 -1 2.35599e-7 0 -1 -8.24914e-7 0 -1 -1.57661e-6 0 -1 2.52157e-6 0 -1 4.71381e-7 0 -1 4.71375e-7 0 -1 -1.17798e-6 0 -1 -1.8848e-6 0 -1 3.1532e-7 0 -1 7.06766e-7 0 -1 2.5225e-6 0 -1 -1.4142e-6 0 -1 7.06826e-7 0 -1 -2.356e-7 0 -1 -3.1532e-7 0 -1 0 0 -1 -2.3569e-7 0 -1 1.8848e-6 0 -1 2.35691e-7 0 -1 1.57661e-6 0 -1 7.06813e-7 0 -1 -2.35598e-7 0 -1 6.30415e-7 0 -1 -2.35695e-7 0 -1 -6.30419e-7 0 -1 -7.07077e-7 0 -1 6.30642e-7 0 -1 7.07073e-7 0 -1 -2.35691e-7 0 -1 -2.52257e-6 0 -1 -1.178e-6 0 -1 7.068e-7 0 -1 -9.45967e-7 0 -1 4.71382e-7 0 -1 -4.72819e-7 0 -1 0 0 -1 -1.41891e-6 0 -1 -4.71382e-7 0 -1 1.88559e-6 0 -1 -3.15335e-7 0 -1 -7.068e-7 0 -1 1.178e-6 0 -1 1.88477e-6 0 -1 2.52257e-6 0 -1 -1.41838e-6 0 -1 -7.07073e-7 0 -1 6.30634e-7 0 -1 1.88562e-6 0 -1 -1.41896e-6 0 -1 -9.42736e-7 0 -1 4.72812e-7 0 -1 -9.42774e-7 0 -1 3.1532e-7 0 -1 7.07077e-7 0 -1 6.30645e-7 0 -1 2.35598e-7 0 -1 -7.06813e-7 0 -1 2.3569e-7 0 -1 1.4142e-6 0 -1 1.17798e-6 0 -1 -7.06766e-7 0 -1 -2.5225e-6 0 -1 8.24914e-7 0 -1 1.06066e-6 0 -1 -2.52157e-6 0 -1 -2.5226e-6 0 -1 0 0 -1 9.42774e-7 0 -1 -9.42408e-7 0 -1 1.41896e-6 0 -1 1.41838e-6 0 -1 -1.88562e-6 0 -1</float_array>
          <technique_common>
            <accessor source="#shape0_017-mesh-normals-array" count="3198" stride="3">
              <param name="X" type="float"/>
              <param name="Y" type="float"/>
              <param name="Z" type="float"/>
            </accessor>
          </technique_common>
        </source>
        <vertices id="shape0_017-mesh-vertices">
          <input semantic="POSITION" source="#shape0_017-mesh-positions"/>
        </vertices>
        <triangles material="R3MPerception-Metallic-material" count="11956">
          <input semantic="VERTEX" source="#shape0_017-mesh-vertices" offset="0"/>
          <input semantic="NORMAL" source="#shape0_017-mesh-normals" offset="1"/>
          <p>0 0 1 0 2 0 0 1 3 1 1 1 4 2 2 2 5 2 4 2 0 2 2 2 6 3 7 3 8 3 9 4 5 4 10 4 6 3 8 3 11 3 6 5 11 5 12 5 9 6 4 6 5 6 13 7 10 7 14 7 15 8 6 8 12 8 13 7 9 7 10 7 16 9 14 9 17 9 18 10 12 10 19 10 16 11 17 11 20 11 18 12 19 12 21 12 16 13 13 13 14 13 18 14 15 14 12 14 22 11 16 11 20 11 23 15 18 15 21 15 24 16 20 16 25 16 24 17 25 17 26 17 27 18 21 18 28 18 24 19 22 19 20 19 27 20 23 20 21 20 29 21 28 21 30 21 31 22 24 22 26 22 29 23 27 23 28 23 32 24 26 24 33 24 32 25 31 25 26 25 34 26 30 26 35 26 34 27 35 27 36 27 34 28 29 28 30 28 37 29 33 29 38 29 37 30 38 30 39 30 37 31 32 31 33 31 40 32 34 32 36 32 41 33 37 33 39 33 42 34 36 34 43 34 44 35 39 35 45 35 42 36 40 36 36 36 44 37 41 37 39 37 46 38 43 38 47 38 48 39 45 39 49 39 46 40 42 40 43 40 48 41 44 41 45 41 50 42 47 42 51 42 52 43 53 43 54 43 52 44 54 44 55 44 50 42 46 42 47 42 52 45 56 45 53 45 57 46 51 46 58 46 59 47 52 47 55 47 57 48 50 48 51 48 60 49 55 49 61 49 62 50 58 50 63 50 60 51 59 51 55 51 62 52 57 52 58 52 64 53 61 53 65 53 64 54 65 54 66 54 67 55 62 55 63 55 64 53 60 53 61 53 67 56 63 56 68 56 69 57 64 57 66 57 70 58 67 58 68 58 70 59 68 59 71 59 72 60 66 60 73 60 72 61 73 61 74 61 72 62 69 62 66 62 75 63 76 63 77 63 75 64 77 64 78 64 79 65 72 65 74 65 80 66 75 66 78 66 81 67 74 67 82 67 80 68 78 68 83 68 81 69 79 69 74 69 84 70 80 70 83 70 85 71 82 71 86 71 84 72 83 72 87 72 85 73 81 73 82 73 88 74 85 74 86 74 89 75 84 75 87 75 88 76 86 76 90 76 89 77 87 77 91 77 88 78 90 78 92 78 89 79 91 79 93 79 94 80 88 80 92 80 95 81 89 81 93 81 96 82 94 82 92 82 96 83 92 83 97 83 96 84 97 84 98 84 99 85 95 85 93 85 99 86 93 86 100 86 101 87 96 87 98 87 7 88 101 88 98 88 7 88 98 88 8 88 102 89 99 89 100 89 102 89 100 89 103 89 104 90 102 90 103 90 104 91 103 91 105 91 106 92 104 92 105 92 106 92 105 92 107 92 106 93 107 93 108 93 109 94 106 94 108 94 110 95 108 95 111 95 110 95 109 95 108 95 112 96 111 96 113 96 112 97 110 97 111 97 114 98 113 98 115 98 114 99 112 99 113 99 116 100 115 100 117 100 116 101 114 101 115 101 118 102 117 102 119 102 118 102 116 102 117 102 120 103 119 103 121 103 120 103 118 103 119 103 122 104 121 104 123 104 122 105 123 105 124 105 122 106 120 106 121 106 125 107 122 107 124 107 126 108 124 108 127 108 126 109 125 109 124 109 128 110 127 110 129 110 128 110 126 110 127 110 130 111 129 111 131 111 130 112 128 112 129 112 132 113 131 113 133 113 132 113 130 113 131 113 134 114 133 114 135 114 134 115 132 115 133 115 136 116 135 116 137 116 136 116 134 116 135 116 138 117 136 117 137 117 138 118 137 118 139 118 138 119 139 119 140 119 141 120 138 120 140 120 142 121 141 121 140 121 142 122 140 122 143 122 142 123 143 123 144 123 145 124 142 124 144 124 145 125 144 125 146 125 147 126 145 126 146 126 148 127 147 127 146 127 148 128 146 128 149 128 150 129 151 129 152 129 150 130 152 130 153 130 154 131 150 131 153 131 154 132 153 132 155 132 156 133 154 133 155 133 156 134 155 134 157 134 158 135 156 135 157 135 158 136 157 136 159 136 160 137 158 137 159 137 160 137 159 137 161 137 162 138 160 138 161 138 162 139 161 139 163 139 164 140 162 140 163 140 164 141 163 141 165 141 166 142 164 142 165 142 166 143 165 143 167 143 168 144 166 144 167 144 168 145 167 145 169 145 170 146 168 146 169 146 170 147 169 147 171 147 172 148 170 148 171 148 172 149 171 149 173 149 172 150 173 150 174 150 175 151 172 151 174 151 175 152 174 152 176 152 177 153 175 153 176 153 178 154 177 154 176 154 178 155 176 155 179 155 178 156 179 156 180 156 181 156 178 156 180 156 182 157 180 157 183 157 182 157 181 157 180 157 184 158 183 158 185 158 184 159 185 159 186 159 184 160 182 160 183 160 187 161 186 161 188 161 187 162 184 162 186 162 189 163 187 163 188 163 190 164 189 164 188 164 190 165 188 165 191 165 192 166 190 166 191 166 192 167 191 167 193 167 194 168 192 168 193 168 194 169 193 169 195 169 196 170 194 170 195 170 196 171 195 171 197 171 198 172 196 172 197 172 198 173 197 173 199 173 200 174 198 174 199 174 200 175 199 175 201 175 202 176 200 176 201 176 202 176 201 176 203 176 204 177 202 177 203 177 204 178 203 178 205 178 204 179 205 179 206 179 207 180 204 180 206 180 207 181 206 181 208 181 209 182 207 182 208 182 210 183 209 183 208 183 210 184 208 184 211 184 212 185 210 185 211 185 212 186 211 186 213 186 214 187 215 187 216 187 217 188 214 188 216 188 217 189 216 189 218 189 219 190 217 190 218 190 220 191 219 191 218 191 220 192 218 192 221 192 222 193 221 193 223 193 222 194 220 194 221 194 224 195 223 195 225 195 224 196 222 196 223 196 226 197 225 197 227 197 226 197 224 197 225 197 228 198 227 198 229 198 228 199 226 199 227 199 230 200 229 200 231 200 230 201 231 201 232 201 230 200 228 200 229 200 233 202 230 202 232 202 234 203 232 203 235 203 234 204 235 204 236 204 234 203 233 203 232 203 237 205 236 205 238 205 237 206 234 206 236 206 239 207 237 207 238 207 240 208 238 208 241 208 240 209 239 209 238 209 242 210 240 210 241 210 242 210 241 210 243 210 244 211 242 211 243 211 244 211 243 211 245 211 244 212 245 212 246 212 247 213 244 213 246 213 3 214 246 214 1 214 3 215 247 215 246 215 248 216 249 216 250 216 251 216 248 216 252 216 253 216 254 216 255 216 256 216 252 216 257 216 248 216 250 216 257 216 252 216 248 216 257 216 250 216 253 216 258 216 253 216 255 216 258 216 257 216 250 216 258 216 259 216 260 216 261 216 260 216 257 216 261 216 258 216 262 216 263 216 262 216 264 216 263 216 263 216 265 216 266 216 263 217 266 217 267 217 268 216 269 216 270 216 269 216 271 216 270 216 270 216 271 216 272 216 267 216 273 216 274 216 258 218 263 218 274 218 263 219 267 219 274 219 272 216 271 216 275 216 271 216 261 216 275 216 274 216 276 216 277 216 278 216 275 216 279 216 258 220 274 220 280 220 274 221 277 221 280 221 281 216 282 216 283 216 282 216 279 216 283 216 280 216 284 216 285 216 284 216 286 216 285 216 257 222 258 222 285 222 275 216 261 216 285 216 261 223 257 223 285 223 258 224 280 224 285 224 283 216 279 216 287 216 279 216 275 216 287 216 285 216 288 216 289 216 290 216 287 216 291 216 285 225 289 225 292 225 275 216 285 216 292 216 287 216 275 216 293 216 291 216 287 216 293 216 294 216 291 216 293 216 292 216 295 216 296 216 295 216 297 216 296 216 275 226 292 226 296 226 293 227 275 227 296 227 293 228 296 228 298 228 296 216 299 216 298 216 300 216 301 216 302 216 301 216 303 216 302 216 298 216 304 216 305 216 293 216 298 216 305 216 302 216 303 216 305 216 303 216 293 216 305 216 306 216 307 216 308 216 304 216 306 216 309 216 305 229 304 229 309 229 306 216 308 216 309 216 305 216 309 216 310 216 311 216 312 216 310 216 312 216 313 216 310 216 313 216 305 216 310 216 309 216 314 216 315 216 310 230 309 230 316 230 309 216 315 216 316 216 317 216 310 216 316 216 316 231 315 231 318 231 316 232 318 232 319 232 320 216 316 216 319 216 319 216 321 216 322 216 323 216 324 216 325 216 324 216 326 216 325 216 326 216 320 216 325 216 322 216 327 216 328 216 322 216 328 216 329 216 330 216 325 216 331 216 319 216 322 216 332 216 322 216 329 216 332 216 331 233 325 233 333 233 332 216 334 216 335 216 332 216 335 216 336 216 337 216 338 216 339 216 332 216 336 216 340 216 336 216 341 216 340 216 338 216 333 216 340 216 320 234 319 234 340 234 325 235 320 235 340 235 319 216 332 216 340 216 333 216 325 216 340 216 339 216 338 216 342 216 343 216 339 216 342 216 340 216 344 216 345 216 342 216 338 216 346 216 338 216 340 216 346 216 340 216 345 216 346 216 347 216 342 216 346 216 346 216 345 216 348 216 349 216 346 216 348 216 350 216 351 216 352 216 348 216 345 216 353 216 350 216 352 216 353 216 345 216 350 216 353 216 354 216 348 216 355 216 348 216 353 216 356 216 355 216 348 216 356 216 353 216 357 216 356 216 358 216 355 216 356 216 358 216 356 216 359 216 360 236 358 236 359 236 360 237 359 237 361 237 361 216 359 216 362 216 359 216 363 216 364 216 364 216 365 216 366 216 367 216 362 216 366 216 359 216 364 216 366 216 362 216 359 216 366 216 368 238 369 238 370 238 371 239 370 239 372 239 373 240 374 240 375 240 376 241 371 241 377 241 376 239 368 239 370 239 376 239 370 239 371 239 378 242 375 242 368 242 378 239 373 239 375 239 378 243 368 243 376 243 379 239 380 239 381 239 379 239 376 239 380 239 382 239 383 239 378 239 382 239 384 239 383 239 385 244 386 244 382 244 387 239 385 239 382 239 388 239 389 239 390 239 388 239 391 239 389 239 392 239 391 239 388 239 393 239 394 239 387 239 393 245 382 245 378 245 393 239 387 239 382 239 395 239 391 239 392 239 395 239 379 239 391 239 396 246 397 246 393 246 398 239 395 239 399 239 400 247 393 247 378 247 400 239 396 239 393 239 401 239 402 239 403 239 401 239 398 239 402 239 404 248 405 248 400 248 404 239 406 239 405 239 404 249 378 249 376 249 404 250 379 250 395 250 404 251 376 251 379 251 404 252 400 252 378 252 407 239 398 239 401 239 407 239 395 239 398 239 408 253 409 253 404 253 410 239 407 239 411 239 412 239 408 239 404 239 412 239 404 239 395 239 413 254 395 254 407 254 413 255 407 255 410 255 413 239 410 239 414 239 415 256 416 256 412 256 415 257 417 257 416 257 415 239 412 239 395 239 415 258 395 258 413 258 418 239 415 239 413 239 418 259 419 259 415 259 420 239 421 239 422 239 420 260 423 260 421 260 424 261 425 261 418 261 424 239 418 239 413 239 424 239 423 239 420 239 424 262 413 262 423 262 426 263 427 263 428 263 429 264 428 264 425 264 429 265 425 265 424 265 429 239 426 239 428 239 430 239 429 239 424 239 430 266 431 266 432 266 430 267 433 267 431 267 430 268 424 268 433 268 434 239 435 239 429 239 436 239 429 239 430 239 436 269 434 269 429 269 436 270 430 270 437 270 438 239 434 239 436 239 439 239 438 239 436 239 439 271 436 271 440 271 441 239 442 239 439 239 443 272 444 272 445 272 443 273 446 273 444 273 443 274 440 274 446 274 447 239 448 239 441 239 449 239 447 239 441 239 450 239 443 239 451 239 452 275 441 275 439 275 452 239 449 239 441 239 453 276 443 276 450 276 454 239 455 239 452 239 456 239 454 239 452 239 457 239 458 239 459 239 460 239 456 239 452 239 460 239 461 239 456 239 460 277 453 277 458 277 460 239 439 239 440 239 460 278 440 278 443 278 460 239 452 239 439 239 460 279 443 279 453 279 462 280 458 280 457 280 462 281 457 281 463 281 464 239 465 239 460 239 466 239 458 239 462 239 466 282 460 282 458 282 466 283 464 283 460 283 466 239 462 239 467 239 468 239 464 239 466 239 468 284 466 284 469 284 470 239 471 239 472 239 473 239 464 239 468 239 473 239 470 239 472 239 473 239 472 239 464 239 474 239 468 239 475 239 476 285 473 285 468 285 476 286 468 286 474 286 476 239 477 239 473 239 476 287 474 287 478 287 479 239 476 239 478 239 479 288 478 288 480 288 481 239 479 239 480 239 482 239 479 239 481 239 483 239 484 239 479 239 485 239 486 239 483 239 485 239 482 239 487 239 485 239 483 239 479 239 485 239 479 239 482 239 488 213 489 213 490 213 488 212 491 212 489 212 492 214 490 214 493 214 492 215 488 215 490 215 494 0 493 0 495 0 494 1 492 1 493 1 496 3 497 3 498 3 496 3 499 3 497 3 500 2 495 2 501 2 500 2 494 2 495 2 502 289 498 289 503 289 502 290 503 290 504 290 502 291 496 291 498 291 505 4 501 4 506 4 505 6 500 6 501 6 507 12 504 12 508 12 507 292 502 292 504 292 509 7 506 7 510 7 509 7 505 7 506 7 511 20 508 20 512 20 511 15 507 15 508 15 513 9 510 9 514 9 513 13 509 13 510 13 515 293 512 293 516 293 515 18 511 18 512 18 517 11 514 11 518 11 517 11 513 11 514 11 519 28 516 28 520 28 519 294 515 294 516 294 521 16 518 16 522 16 521 19 517 19 518 19 523 27 520 27 524 27 523 26 519 26 520 26 525 22 522 22 526 22 525 17 521 17 522 17 527 34 524 34 528 34 527 32 523 32 524 32 529 24 526 24 530 24 529 25 525 25 526 25 531 40 528 40 532 40 531 36 527 36 528 36 533 29 530 29 534 29 533 31 529 31 530 31 535 38 531 38 532 38 536 30 534 30 537 30 536 33 533 33 534 33 538 42 532 42 539 42 540 35 537 35 541 35 538 42 535 42 532 42 540 37 536 37 537 37 542 46 539 46 543 46 544 39 541 39 545 39 546 295 547 295 548 295 542 48 538 48 539 48 544 41 540 41 541 41 549 296 546 296 548 296 550 50 543 50 551 50 550 52 542 52 543 52 552 47 548 47 553 47 552 297 553 297 554 297 555 55 550 55 551 55 555 56 551 56 556 56 552 44 549 44 548 44 557 298 552 298 554 298 558 58 555 58 556 58 558 59 556 59 559 59 560 53 554 53 561 53 560 54 561 54 562 54 560 53 557 53 554 53 563 63 564 63 565 63 563 64 565 64 566 64 567 60 562 60 568 60 567 57 560 57 562 57 569 66 563 66 566 66 569 68 566 68 570 68 571 61 568 61 572 61 571 62 567 62 568 62 573 69 572 69 574 69 575 70 569 70 570 70 575 72 570 72 576 72 573 65 571 65 572 65 577 299 574 299 578 299 579 75 575 75 576 75 579 77 576 77 580 77 577 67 573 67 574 67 581 300 577 300 578 300 581 74 578 74 582 74 583 79 579 79 580 79 583 81 580 81 584 81 585 76 581 76 582 76 585 78 582 78 586 78 587 85 583 85 584 85 587 86 584 86 588 86 589 80 585 80 586 80 589 301 586 301 590 301 591 89 587 89 588 89 591 89 588 89 592 89 593 302 589 302 590 302 594 303 593 303 590 303 594 304 590 304 595 304 596 90 591 90 592 90 596 91 592 91 597 91 499 88 594 88 595 88 499 88 595 88 497 88 598 92 596 92 597 92 598 92 597 92 599 92 600 94 599 94 601 94 600 93 598 93 599 93 602 95 601 95 603 95 602 95 600 95 601 95 604 96 603 96 605 96 604 97 602 97 603 97 606 98 605 98 607 98 606 99 604 99 605 99 608 100 607 100 609 100 608 101 606 101 607 101 610 102 609 102 611 102 610 102 608 102 609 102 612 103 611 103 613 103 612 103 610 103 611 103 614 104 613 104 615 104 614 106 612 106 613 106 616 107 615 107 617 107 616 105 614 105 615 105 618 108 617 108 619 108 618 109 616 109 617 109 620 110 619 110 621 110 620 110 618 110 619 110 622 111 621 111 623 111 622 112 620 112 621 112 624 113 623 113 625 113 624 113 622 113 623 113 626 114 625 114 627 114 626 115 624 115 625 115 628 116 627 116 629 116 628 116 626 116 627 116 630 117 628 117 629 117 630 118 629 118 631 118 632 119 630 119 631 119 632 120 631 120 633 120 634 121 632 121 633 121 634 122 633 122 635 122 636 305 634 305 635 305 636 306 635 306 637 306 638 126 636 126 637 126 638 125 637 125 639 125 640 127 638 127 639 127 640 128 639 128 641 128 642 129 643 129 644 129 642 130 644 130 645 130 646 131 642 131 645 131 646 132 645 132 647 132 648 133 646 133 647 133 648 134 647 134 649 134 650 135 648 135 649 135 650 136 649 136 651 136 652 137 650 137 651 137 652 137 651 137 653 137 654 138 652 138 653 138 654 139 653 139 655 139 656 140 654 140 655 140 656 141 655 141 657 141 658 142 656 142 657 142 658 143 657 143 659 143 660 144 658 144 659 144 660 145 659 145 661 145 662 146 660 146 661 146 662 147 661 147 663 147 664 148 662 148 663 148 664 149 663 149 665 149 666 307 664 307 665 307 666 308 665 308 667 308 668 309 666 309 667 309 668 310 667 310 669 310 670 154 668 154 669 154 670 155 669 155 671 155 672 156 671 156 673 156 672 156 670 156 671 156 674 157 673 157 675 157 674 157 672 157 673 157 676 158 675 158 677 158 676 160 674 160 675 160 678 311 677 311 679 311 678 312 676 312 677 312 680 313 679 313 681 313 680 314 678 314 679 314 682 164 680 164 681 164 682 165 681 165 683 165 684 166 682 166 683 166 684 167 683 167 685 167 686 168 684 168 685 168 686 169 685 169 687 169 688 170 686 170 687 170 688 171 687 171 689 171 690 172 688 172 689 172 690 173 689 173 691 173 692 174 690 174 691 174 692 175 691 175 693 175 694 176 692 176 693 176 694 176 693 176 695 176 696 177 694 177 695 177 696 178 695 178 697 178 698 179 696 179 697 179 698 180 697 180 699 180 700 315 698 315 699 315 700 316 699 316 701 316 702 183 700 183 701 183 702 184 701 184 703 184 704 185 702 185 703 185 704 186 703 186 705 186 706 188 707 188 708 188 706 187 708 187 709 187 710 317 706 317 709 317 710 318 709 318 711 318 712 191 710 191 711 191 712 192 711 192 713 192 714 194 712 194 713 194 714 193 713 193 715 193 716 195 715 195 717 195 716 196 714 196 715 196 718 197 717 197 719 197 718 197 716 197 717 197 720 198 719 198 721 198 720 199 718 199 719 199 722 200 721 200 723 200 722 200 720 200 721 200 724 202 723 202 725 202 724 201 722 201 723 201 726 203 725 203 727 203 726 203 724 203 725 203 728 206 727 206 729 206 728 204 726 204 727 204 730 207 729 207 731 207 730 205 728 205 729 205 732 208 731 208 733 208 732 209 730 209 731 209 734 210 732 210 733 210 734 210 733 210 735 210 491 211 734 211 735 211 491 211 735 211 489 211 602 97 736 97 737 97 602 95 737 95 738 95 602 319 604 319 736 319 600 95 602 95 738 95 598 320 738 320 739 320 598 94 600 94 738 94 594 321 740 321 741 321 594 322 499 322 740 322 596 323 739 323 742 323 596 324 742 324 743 324 596 323 598 323 739 323 593 325 741 325 744 325 593 326 594 326 741 326 591 324 596 324 743 324 589 327 744 327 745 327 589 328 593 328 744 328 587 329 743 329 746 329 587 330 746 330 747 330 587 329 591 329 743 329 585 331 745 331 748 331 585 332 748 332 749 332 583 85 587 85 747 85 585 333 589 333 745 333 581 334 749 334 750 334 579 335 747 335 751 335 581 336 585 336 749 336 579 337 583 337 747 337 577 338 750 338 752 338 575 339 751 339 753 339 575 340 753 340 754 340 577 341 581 341 750 341 575 339 579 339 751 339 573 342 577 342 752 342 569 343 575 343 754 343 563 344 754 344 755 344 571 345 752 345 756 345 571 346 573 346 752 346 563 347 569 347 754 347 564 348 755 348 757 348 558 349 758 349 759 349 567 350 756 350 760 350 567 351 760 351 761 351 564 352 563 352 755 352 567 350 571 350 756 350 555 353 759 353 762 353 560 354 761 354 763 354 555 349 558 349 759 349 560 355 567 355 761 355 550 356 555 356 762 356 557 357 763 357 764 357 557 358 560 358 763 358 542 359 762 359 765 359 542 360 550 360 762 360 552 357 557 357 764 357 538 361 765 361 766 361 538 361 542 361 765 361 549 362 764 362 767 362 549 363 552 363 764 363 535 364 766 364 768 364 535 365 768 365 769 365 535 366 538 366 766 366 546 367 549 367 767 367 546 368 767 368 770 368 531 369 535 369 769 369 540 370 544 370 771 370 527 371 769 371 772 371 540 370 771 370 773 370 527 371 531 371 769 371 523 372 772 372 774 372 536 373 540 373 773 373 523 374 774 374 775 374 536 37 773 37 776 37 523 375 527 375 772 375 519 376 775 376 777 376 533 377 536 377 776 377 533 378 776 378 778 378 519 379 523 379 775 379 515 380 519 380 777 380 529 381 533 381 778 381 529 382 778 382 779 382 511 383 515 383 777 383 511 384 777 384 780 384 525 385 529 385 779 385 525 385 779 385 781 385 507 386 511 386 780 386 507 387 780 387 782 387 507 388 782 388 783 388 521 389 525 389 781 389 521 390 781 390 784 390 502 391 507 391 783 391 517 16 521 16 784 16 496 392 502 392 783 392 517 393 784 393 785 393 496 394 783 394 786 394 496 395 786 395 740 395 499 396 496 396 740 396 513 397 517 397 785 397 513 397 785 397 787 397 509 398 513 398 787 398 509 398 787 398 788 398 505 399 509 399 788 399 505 399 788 399 789 399 500 6 789 6 790 6 500 400 505 400 789 400 494 2 790 2 791 2 494 2 500 2 790 2 494 0 791 0 792 0 492 401 494 401 792 401 488 402 792 402 793 402 488 403 492 403 792 403 491 404 793 404 794 404 491 213 488 213 793 213 734 211 794 211 795 211 734 211 491 211 794 211 732 210 795 210 796 210 732 405 796 405 797 405 732 210 734 210 795 210 730 209 732 209 797 209 728 406 797 406 798 406 728 407 798 407 799 407 728 408 730 408 797 408 726 204 728 204 799 204 724 203 799 203 800 203 724 203 726 203 799 203 722 409 800 409 801 409 722 410 801 410 802 410 722 202 724 202 800 202 720 410 722 410 802 410 718 411 802 411 803 411 718 411 720 411 802 411 716 412 803 412 804 412 716 412 718 412 803 412 714 413 716 413 804 413 714 196 804 196 805 196 712 414 714 414 805 414 712 415 805 415 806 415 710 416 712 416 806 416 710 416 806 416 807 416 710 417 807 417 808 417 706 418 710 418 808 418 707 419 706 419 808 419 707 420 808 420 809 420 702 421 704 421 810 421 702 422 810 422 811 422 700 423 702 423 811 423 700 423 811 423 812 423 700 424 812 424 813 424 698 425 700 425 813 425 696 426 698 426 813 426 696 427 813 427 814 427 694 428 696 428 814 428 694 428 814 428 815 428 694 429 815 429 816 429 692 430 694 430 816 430 690 431 692 431 816 431 690 432 816 432 817 432 688 433 690 433 817 433 688 433 817 433 818 433 686 434 688 434 818 434 686 435 818 435 819 435 684 436 686 436 819 436 684 437 819 437 820 437 682 438 684 438 820 438 682 439 820 439 821 439 682 440 821 440 822 440 680 441 682 441 822 441 678 442 680 442 822 442 678 443 822 443 823 443 676 444 678 444 823 444 676 445 823 445 824 445 674 446 676 446 824 446 674 447 824 447 825 447 674 448 825 448 826 448 672 449 674 449 826 449 670 450 826 450 827 450 670 451 672 451 826 451 668 452 827 452 828 452 668 453 670 453 827 453 666 454 828 454 829 454 666 455 668 455 828 455 664 456 829 456 830 456 664 457 830 457 831 457 664 458 666 458 829 458 662 459 664 459 831 459 660 460 662 460 831 460 660 461 831 461 832 461 658 462 660 462 832 462 658 463 832 463 833 463 656 464 658 464 833 464 656 465 833 465 834 465 654 466 656 466 834 466 654 466 834 466 835 466 654 467 835 467 836 467 652 468 654 468 836 468 650 469 652 469 836 469 650 470 836 470 837 470 648 471 650 471 837 471 648 471 837 471 838 471 646 472 648 472 838 472 646 473 838 473 839 473 646 474 839 474 840 474 642 475 646 475 840 475 643 476 642 476 840 476 643 476 840 476 841 476 638 477 640 477 842 477 638 127 842 127 843 127 636 478 638 478 843 478 636 479 843 479 844 479 636 480 844 480 845 480 634 481 636 481 845 481 634 482 845 482 846 482 632 482 634 482 846 482 630 483 632 483 846 483 630 484 846 484 847 484 628 485 847 485 848 485 628 486 848 486 849 486 628 118 630 118 847 118 626 486 628 486 849 486 624 487 849 487 850 487 624 487 626 487 849 487 622 488 850 488 851 488 622 488 624 488 850 488 620 112 851 112 852 112 620 110 852 110 853 110 620 489 622 489 851 489 618 108 853 108 854 108 618 110 620 110 853 110 616 490 618 490 854 490 614 491 854 491 855 491 614 492 616 492 854 492 612 493 855 493 856 493 612 103 856 103 857 103 612 104 614 104 855 104 610 103 612 103 857 103 608 102 857 102 858 102 608 102 610 102 857 102 606 101 858 101 859 101 606 494 608 494 858 494 606 495 859 495 736 495 604 496 606 496 736 496 860 239 861 239 862 239 860 239 863 239 861 239 864 239 865 239 866 239 864 497 866 497 867 497 868 239 863 239 860 239 868 239 869 239 863 239 870 239 864 239 867 239 871 239 869 239 868 239 871 239 872 239 869 239 873 239 870 239 867 239 873 498 867 498 874 498 875 239 872 239 871 239 875 239 876 239 872 239 877 499 874 499 878 499 877 239 873 239 874 239 879 239 876 239 875 239 879 500 880 500 876 500 881 501 878 501 882 501 881 502 877 502 878 502 883 503 884 503 885 503 886 239 880 239 879 239 887 239 882 239 888 239 887 239 881 239 882 239 889 504 885 504 890 504 889 239 883 239 885 239 891 505 892 505 884 505 891 239 884 239 883 239 893 506 894 506 895 506 896 500 897 500 880 500 893 507 890 507 894 507 896 239 880 239 886 239 898 508 888 508 899 508 893 239 889 239 890 239 898 509 887 509 888 509 900 239 901 239 892 239 900 239 892 239 891 239 902 510 895 510 903 510 902 239 893 239 895 239 904 511 905 511 901 511 906 239 907 239 897 239 906 512 897 512 896 512 904 239 901 239 900 239 908 513 899 513 909 513 910 514 903 514 911 514 910 239 902 239 903 239 908 515 898 515 899 515 912 239 913 239 905 239 912 239 905 239 904 239 914 239 910 239 911 239 915 239 907 239 906 239 914 516 911 516 916 516 917 239 918 239 913 239 917 517 919 517 918 517 915 239 920 239 907 239 921 239 908 239 909 239 921 518 909 518 922 518 917 519 913 519 912 519 923 239 914 239 916 239 924 239 920 239 915 239 924 239 925 239 920 239 923 520 916 520 926 520 927 239 921 239 922 239 928 521 929 521 919 521 928 522 919 522 917 522 930 239 925 239 924 239 931 239 923 239 926 239 930 239 932 239 925 239 931 523 926 523 933 523 934 239 927 239 922 239 934 524 922 524 935 524 936 239 937 239 929 239 936 239 929 239 928 239 938 239 932 239 930 239 939 239 931 239 933 239 938 525 940 525 932 525 941 239 934 239 935 239 941 526 935 526 942 526 939 527 933 527 943 527 944 239 945 239 937 239 944 528 937 528 936 528 946 239 940 239 938 239 947 239 939 239 943 239 946 239 948 239 940 239 947 529 943 529 949 529 950 530 942 530 951 530 952 239 945 239 944 239 952 239 953 239 945 239 950 239 941 239 942 239 954 531 948 531 946 531 955 239 947 239 949 239 954 532 956 532 948 532 957 239 950 239 951 239 957 533 951 533 958 533 955 534 959 534 960 534 955 535 949 535 959 535 961 239 962 239 953 239 961 239 953 239 952 239 963 536 956 536 954 536 964 239 955 239 960 239 965 239 957 239 958 239 964 537 960 537 966 537 965 538 958 538 967 538 968 239 956 239 963 239 969 239 970 239 962 239 969 239 962 239 961 239 968 539 971 539 956 539 972 239 965 239 967 239 973 239 964 239 966 239 972 540 967 540 974 540 973 541 966 541 975 541 976 239 977 239 970 239 978 239 971 239 968 239 976 239 970 239 969 239 978 239 979 239 971 239 980 239 974 239 981 239 982 239 973 239 975 239 980 542 972 542 974 542 983 543 979 543 978 543 982 544 975 544 984 544 983 239 985 239 979 239 986 239 987 239 988 239 986 239 988 239 977 239 989 545 981 545 990 545 986 546 977 546 976 546 989 239 980 239 981 239 991 547 992 547 985 547 991 239 985 239 983 239 993 239 982 239 984 239 994 239 989 239 990 239 993 548 984 548 995 548 996 239 997 239 992 239 998 239 999 239 987 239 996 549 992 549 991 549 1000 550 990 550 1001 550 998 551 987 551 986 551 1000 239 994 239 990 239 1002 239 993 239 995 239 1003 552 1001 552 997 552 1003 553 1000 553 1001 553 1003 239 997 239 996 239 1002 554 995 554 1004 554 1005 239 1006 239 999 239 1005 239 999 239 998 239 1007 239 1002 239 1004 239 1007 555 1004 555 1008 555 1009 239 1010 239 1006 239 1009 239 1006 239 1005 239 1011 239 1007 239 1008 239 1011 556 1012 556 1013 556 1011 557 1008 557 1012 557 1014 239 1015 239 1010 239 1014 239 1010 239 1009 239 1016 239 1011 239 1013 239 1016 558 1013 558 1017 558 1018 239 1019 239 1015 239 1018 239 1015 239 1014 239 1020 559 1017 559 1021 559 1020 239 1016 239 1017 239 1022 239 1023 239 1019 239 1022 239 1019 239 1018 239 1024 560 1021 560 1025 560 1024 239 1020 239 1021 239 1026 521 1027 521 1023 521 1026 239 1023 239 1022 239 1028 561 1025 561 1029 561 1028 239 1024 239 1025 239 1030 522 1027 522 1026 522 1030 517 1031 517 1027 517 1030 239 1032 239 1031 239 1033 562 1029 562 1034 562 1033 239 1028 239 1029 239 1035 239 1036 239 1032 239 1035 519 1032 519 1030 519 1037 239 1033 239 1034 239 1037 563 1034 563 1038 563 1039 511 1040 511 1036 511 1039 239 1036 239 1035 239 1041 239 1037 239 1038 239 1041 564 1038 564 1042 564 1043 239 1040 239 1039 239 1044 239 1040 239 1043 239 1045 239 1041 239 1042 239 1045 565 1042 565 1046 565 1047 239 1044 239 1043 239 1048 239 1045 239 1046 239 1049 566 1044 566 1047 566 1050 239 1045 239 1048 239 1051 239 1049 239 1047 239 1052 553 1050 553 1048 553 1053 239 1049 239 1051 239 1054 239 1050 239 1052 239 1055 239 1053 239 1051 239 1056 239 1054 239 1052 239 1057 567 1053 567 1055 567 1058 239 1054 239 1056 239 1059 239 1057 239 1055 239 1060 239 1058 239 1056 239 1061 239 1057 239 1059 239 1062 239 1058 239 1060 239 1063 239 1062 239 1060 239 1063 239 1064 239 1062 239 1065 568 1059 568 1066 568 1065 239 1061 239 1059 239 1067 239 1064 239 1063 239 1067 239 1068 239 1064 239 1069 239 1066 239 1070 239 1069 239 1065 239 1066 239 1071 539 1072 539 1068 539 1071 239 1068 239 1067 239 1073 569 1070 569 1074 569 1073 570 1069 570 1070 570 1075 239 1072 239 1071 239 1076 571 1074 571 1077 571 1076 239 1073 239 1074 239 1078 239 1072 239 1075 239 1078 532 1079 532 1072 532 1080 572 1077 572 1081 572 1080 239 1076 239 1077 239 1082 239 1079 239 1078 239 1082 239 1083 239 1079 239 1084 239 1080 239 1081 239 1084 573 1081 573 1085 573 862 239 1083 239 1082 239 862 525 861 525 1083 525 865 239 1084 239 1085 239 865 574 1085 574 866 574 1086 575 1087 575 1088 575 1089 216 1086 216 1088 216 1090 216 1091 216 1092 216 1090 216 1093 216 1091 216 1094 576 1086 576 1089 576 1095 216 1090 216 1092 216 1096 216 1094 216 1089 216 1097 216 1090 216 1095 216 1098 216 1094 216 1096 216 1099 216 1100 216 1101 216 1102 216 1101 216 1103 216 1104 216 1097 216 1095 216 1102 216 1099 216 1101 216 1105 577 1098 577 1096 577 1106 216 1107 216 1100 216 1106 216 1108 216 1107 216 1109 216 1097 216 1104 216 1106 216 1100 216 1099 216 1110 216 1103 216 1111 216 1110 216 1102 216 1103 216 1112 216 1109 216 1104 216 1113 216 1114 216 1108 216 1113 216 1108 216 1106 216 1115 578 1098 578 1105 578 1115 216 1116 216 1098 216 1117 216 1109 216 1112 216 1118 579 1116 579 1115 579 1119 216 1110 216 1111 216 1120 580 1118 580 1115 580 1121 216 1114 216 1113 216 1122 216 1123 216 1124 216 1125 216 1112 216 1126 216 1122 216 1111 216 1123 216 1125 216 1117 216 1112 216 1122 216 1119 216 1111 216 1127 581 1118 581 1120 581 1128 582 1129 582 1114 582 1128 583 1114 583 1121 583 1130 216 1127 216 1120 216 1131 216 1126 216 1132 216 1131 216 1125 216 1126 216 1133 216 1122 216 1124 216 1134 216 1131 216 1132 216 1135 584 1136 584 1129 584 1137 585 1127 585 1130 585 1135 586 1129 586 1128 586 1138 216 1131 216 1134 216 1139 216 1137 216 1130 216 1140 216 1141 216 1142 216 1140 216 1124 216 1141 216 1140 216 1133 216 1124 216 1143 587 1137 587 1139 587 1144 588 1145 588 1136 588 1146 216 1138 216 1134 216 1144 216 1147 216 1145 216 1144 589 1136 589 1135 589 1148 590 1143 590 1139 590 1149 216 1140 216 1142 216 1150 216 1138 216 1146 216 1151 216 1152 216 1147 216 1151 216 1147 216 1144 216 1153 591 1154 591 1143 591 1155 216 1149 216 1142 216 1153 592 1143 592 1148 592 1156 216 1146 216 1157 216 1156 216 1157 216 1158 216 1156 216 1150 216 1146 216 1155 216 1142 216 1159 216 1160 593 1152 593 1151 593 1161 216 1155 216 1159 216 1161 216 1159 216 1162 216 1163 216 1164 216 1165 216 1163 216 1165 216 1154 216 1163 594 1154 594 1153 594 1166 595 1152 595 1160 595 1166 596 1167 596 1152 596 1168 216 1161 216 1162 216 1169 216 1156 216 1158 216 1170 597 1167 597 1166 597 1171 216 1161 216 1168 216 1172 598 1170 598 1166 598 1173 216 1158 216 1174 216 1173 216 1174 216 1175 216 1173 216 1169 216 1158 216 1176 216 1177 216 1164 216 1178 216 1171 216 1168 216 1176 216 1164 216 1163 216 1179 216 1171 216 1178 216 1180 216 1170 216 1172 216 1180 216 1181 216 1170 216 1182 216 1173 216 1175 216 1183 599 1181 599 1180 599 1184 216 1185 216 1177 216 1186 216 1179 216 1178 216 1184 216 1177 216 1176 216 1186 216 1178 216 1187 216 1188 216 1183 216 1180 216 1189 216 1187 216 1190 216 1189 216 1186 216 1187 216 1191 600 1183 600 1188 600 1191 601 1192 601 1183 601 1193 216 1194 216 1185 216 1193 216 1185 216 1184 216 1195 216 1175 216 1196 216 1195 216 1196 216 1197 216 1195 216 1182 216 1175 216 1198 216 1189 216 1190 216 1198 216 1190 216 1199 216 1200 602 1192 602 1191 602 1201 216 1195 216 1197 216 1200 216 1202 216 1192 216 1203 216 1198 216 1199 216 1204 216 1205 216 1194 216 1204 216 1194 216 1193 216 1206 216 1197 216 1207 216 1206 216 1207 216 1208 216 1209 603 1202 603 1200 603 1206 216 1201 216 1197 216 1210 216 1198 216 1203 216 1211 216 1205 216 1204 216 1212 216 1206 216 1208 216 1213 216 1209 216 1200 216 1214 216 1215 216 1216 216 1214 216 1216 216 1205 216 1214 216 1205 216 1211 216 1217 216 1212 216 1208 216 1217 216 1215 216 1214 216 1217 216 1208 216 1215 216 1218 216 1209 216 1213 216 1219 216 1203 216 1220 216 1219 216 1210 216 1203 216 1221 604 1218 604 1213 604 1222 216 1219 216 1220 216 1223 216 1219 216 1222 216 1224 216 1225 216 1218 216 1224 605 1218 605 1221 605 1226 216 1223 216 1222 216 1227 216 1223 216 1226 216 1228 606 1229 606 1225 606 1228 607 1225 607 1224 607 1230 608 1229 608 1228 608 1231 216 1226 216 1232 216 1231 216 1227 216 1226 216 1233 216 1230 216 1228 216 1234 609 1230 609 1233 609 1235 216 1232 216 1236 216 1235 216 1231 216 1232 216 1237 216 1234 216 1233 216 1238 216 1235 216 1236 216 1239 216 1235 216 1238 216 1240 610 1241 610 1234 610 1240 598 1234 598 1237 598 1242 216 1239 216 1238 216 1242 216 1238 216 1243 216 1244 216 1241 216 1240 216 1244 216 1245 216 1241 216 1246 216 1242 216 1243 216 1246 216 1243 216 1247 216 1248 611 1245 611 1244 611 1248 216 1249 216 1245 216 1250 216 1246 216 1247 216 1251 216 1249 216 1248 216 1252 216 1246 216 1250 216 1253 216 1251 216 1248 216 1254 216 1252 216 1250 216 1255 588 1251 588 1253 588 1256 216 1252 216 1254 216 1257 216 1255 216 1253 216 1258 216 1256 216 1254 216 1259 216 1256 216 1258 216 1260 216 1255 216 1257 216 1260 216 1261 216 1255 216 1262 582 1261 582 1260 582 1263 216 1258 216 1264 216 1263 216 1259 216 1258 216 1265 216 1262 216 1260 216 1266 216 1264 216 1267 216 1266 216 1263 216 1264 216 1268 216 1262 216 1265 216 1268 216 1269 216 1262 216 1270 216 1266 216 1267 216 1271 216 1266 216 1270 216 1272 216 1269 216 1268 216 1272 216 1273 216 1269 216 1274 216 1270 216 1275 216 1274 216 1271 216 1270 216 1276 216 1277 216 1273 216 1276 216 1273 216 1272 216 1278 216 1277 216 1276 216 1279 216 1280 216 1274 216 1279 216 1274 216 1275 216 1281 216 1277 216 1278 216 1282 216 1281 216 1278 216 1283 216 1284 216 1280 216 1283 216 1280 216 1279 216 1285 216 1281 216 1282 216 1286 612 1284 612 1283 612 1287 216 1285 216 1282 216 1288 216 1286 216 1283 216 1289 216 1285 216 1287 216 1290 613 1286 613 1288 613 1291 216 1289 216 1287 216 1292 216 1290 216 1288 216 1293 216 1289 216 1291 216 1294 614 1290 614 1292 614 1295 216 1293 216 1291 216 1296 216 1294 216 1292 216 1297 216 1293 216 1295 216 1298 615 1294 615 1296 615 1299 216 1298 216 1296 216 1300 216 1297 216 1295 216 1300 216 1295 216 1301 216 1302 216 1298 216 1299 216 1303 216 1300 216 1301 216 1304 216 1302 216 1299 216 1305 216 1300 216 1303 216 1306 216 1302 216 1304 216 1307 616 1306 616 1304 616 1308 216 1303 216 1309 216 1308 216 1305 216 1303 216 1310 617 1306 617 1307 617 1311 216 1308 216 1309 216 1312 216 1310 216 1307 216 1313 216 1308 216 1311 216 1314 618 1310 618 1312 618 1315 619 1314 619 1312 619 1316 216 1311 216 1317 216 1316 216 1313 216 1311 216 1318 216 1314 216 1315 216 1319 216 1318 216 1315 216 1320 216 1317 216 1321 216 1320 216 1316 216 1317 216 1322 216 1320 216 1321 216 1323 216 1324 216 1318 216 1323 620 1318 620 1319 620 1325 216 1320 216 1322 216 1087 621 1324 621 1323 621 1091 216 1325 216 1322 216 1088 622 1087 622 1323 622 1093 216 1325 216 1091 216 1326 623 1327 623 1328 623 1329 624 1326 624 1328 624 1329 625 1328 625 1330 625 1331 626 1329 626 1330 626 1331 626 1330 626 1332 626 1333 627 1334 627 1335 627 1331 628 1332 628 1336 628 1333 629 1337 629 1334 629 1338 628 1331 628 1336 628 1338 630 1336 630 1339 630 1340 631 1335 631 1341 631 1340 632 1333 632 1335 632 1342 630 1338 630 1339 630 1343 633 1341 633 1344 633 1343 633 1340 633 1341 633 1345 634 1342 634 1339 634 1345 634 1339 634 1346 634 1347 635 1344 635 1348 635 1347 635 1343 635 1344 635 1349 636 1345 636 1346 636 1349 636 1346 636 1350 636 1351 637 1348 637 1352 637 1353 638 1349 638 1350 638 1351 637 1347 637 1348 637 1353 639 1350 639 1354 639 1355 640 1352 640 1356 640 1355 641 1356 641 1357 641 1358 642 1353 642 1354 642 1355 640 1351 640 1352 640 1358 643 1354 643 1359 643 1360 644 1358 644 1359 644 1361 641 1355 641 1357 641 1360 645 1359 645 1362 645 1363 646 1357 646 1364 646 1363 647 1364 647 1365 647 1366 648 1360 648 1362 648 1363 646 1361 646 1357 646 1366 648 1362 648 1367 648 1368 649 1366 649 1367 649 1369 647 1363 647 1365 647 1368 650 1367 650 1370 650 1371 651 1365 651 1372 651 1373 652 1368 652 1370 652 1371 653 1372 653 1374 653 1373 654 1370 654 1375 654 1371 651 1369 651 1365 651 1376 655 1373 655 1375 655 1376 655 1375 655 1377 655 1378 653 1371 653 1374 653 1379 656 1376 656 1377 656 1380 657 1374 657 1381 657 1379 658 1377 658 1382 658 1380 659 1381 659 1383 659 1380 657 1378 657 1374 657 1384 660 1379 660 1382 660 1385 661 1380 661 1383 661 1384 662 1382 662 1386 662 1387 663 1384 663 1386 663 1388 664 1389 664 1390 664 1387 663 1386 663 1391 663 1388 665 1390 665 1392 665 1388 666 1392 666 1393 666 1394 667 1387 667 1391 667 1394 668 1391 668 1395 668 1396 666 1388 666 1393 666 1396 669 1393 669 1397 669 1398 670 1399 670 1400 670 1398 671 1400 671 1401 671 1402 672 1396 672 1397 672 1403 673 1398 673 1401 673 1403 673 1401 673 1404 673 1405 674 1397 674 1406 674 1405 675 1402 675 1397 675 1407 676 1403 676 1404 676 1407 676 1404 676 1408 676 1407 677 1408 677 1409 677 1410 678 1406 678 1411 678 1410 678 1405 678 1406 678 1412 679 1409 679 1413 679 1412 677 1407 677 1409 677 1414 680 1411 680 1415 680 1416 679 1412 679 1413 679 1414 681 1410 681 1411 681 1417 682 1415 682 1418 682 1417 683 1418 683 1419 683 1417 684 1414 684 1415 684 1420 685 1416 685 1413 685 1420 685 1413 685 1421 685 1422 686 1421 686 1423 686 1422 687 1423 687 1424 687 1425 683 1417 683 1419 683 1422 686 1420 686 1421 686 1426 688 1424 688 1427 688 1428 689 1425 689 1419 689 1428 690 1419 690 1429 690 1426 687 1422 687 1424 687 1428 691 1429 691 1430 691 1431 688 1426 688 1427 688 1432 692 1430 692 1433 692 1432 693 1428 693 1430 693 1434 694 1427 694 1435 694 1434 695 1435 695 1436 695 1434 694 1431 694 1427 694 1437 696 1432 696 1433 696 1438 697 1436 697 1439 697 1438 695 1434 695 1436 695 1440 698 1438 698 1439 698 1441 699 1433 699 1442 699 1441 700 1437 700 1433 700 1337 701 1439 701 1334 701 1441 702 1442 703 1443 704 1337 705 1440 705 1439 705 1444 706 1443 707 1442 708 1445 709 1442 709 1446 709 1445 710 1444 710 1442 710 1447 711 1445 712 1446 713 1448 714 1447 714 1446 714 1449 715 1448 715 1446 715 1450 716 1449 716 1446 716 1451 717 1441 718 1452 719 1451 720 1452 721 1453 722 1451 723 1437 723 1441 723 1454 724 1450 724 1446 724 1455 725 1446 725 1456 725 1455 726 1454 726 1446 726 1457 727 1455 727 1456 727 1458 728 1453 728 1459 728 1458 729 1459 730 1460 731 1458 732 1460 732 1461 732 1458 733 1461 733 1462 733 1458 734 1462 734 1463 734 1458 735 1463 735 1464 735 1458 736 1464 736 1465 736 1458 737 1451 737 1453 737 1466 738 1457 738 1456 738 1467 739 1466 740 1456 741 1468 742 1467 742 1456 742 1468 743 1456 743 1469 743 1470 744 1468 745 1469 746 1471 747 1470 748 1469 749 1472 750 1471 750 1469 750 1473 751 1472 751 1469 751 1474 752 1465 752 1475 752 1474 753 1475 754 1476 755 1474 756 1476 757 1477 758 1474 759 1477 760 1478 761 1474 762 1478 763 1479 764 1474 765 1458 765 1465 765 1480 766 1474 766 1479 766 1480 767 1479 768 1481 769 1480 770 1481 770 1472 770 1482 771 1480 771 1472 771 1482 772 1472 772 1473 772 1483 773 1482 773 1473 773 1483 774 1473 774 1484 774 1485 775 1484 775 1486 775 1485 776 1483 776 1484 776 1487 777 1486 777 1488 777 1487 778 1485 778 1486 778 1489 779 1488 779 1490 779 1489 779 1487 779 1488 779 1491 780 1490 780 1492 780 1491 781 1489 781 1490 781 1493 782 1492 782 1494 782 1493 783 1491 783 1492 783 1495 784 1494 784 1496 784 1495 784 1493 784 1494 784 1497 785 1496 785 1498 785 1497 786 1498 786 1499 786 1497 787 1495 787 1496 787 1500 788 1497 788 1499 788 1501 789 1499 789 1502 789 1501 789 1500 789 1499 789 1503 790 1502 790 1504 790 1503 791 1501 791 1502 791 1505 792 1506 792 1507 792 1505 793 1507 793 1508 793 1505 794 1509 794 1506 794 1510 793 1505 793 1508 793 1511 795 1508 795 1512 795 1511 795 1510 795 1508 795 1513 796 1512 796 1514 796 1513 796 1511 796 1512 796 1515 797 1514 797 1516 797 1515 797 1513 797 1514 797 1517 798 1516 798 1518 798 1517 799 1518 799 1519 799 1517 798 1515 798 1516 798 1520 799 1517 799 1519 799 1521 800 1520 800 1519 800 1521 800 1519 800 1522 800 1523 801 1521 801 1522 801 1523 801 1522 801 1524 801 1525 802 1523 802 1524 802 1525 802 1524 802 1526 802 1525 803 1526 803 1527 803 1528 803 1525 803 1527 803 1529 804 1528 804 1527 804 1529 805 1527 805 1530 805 1531 806 1529 806 1530 806 1531 807 1530 807 1532 807 1533 808 1531 808 1532 808 1533 809 1532 809 1534 809 1533 810 1534 810 1535 810 1536 811 1533 811 1535 811 1537 812 1536 812 1535 812 1537 812 1535 812 1538 812 1537 813 1538 813 1539 813 1540 813 1537 813 1539 813 1540 814 1539 814 1541 814 1542 814 1540 814 1541 814 1543 815 1542 815 1541 815 1543 815 1541 815 1544 815 1545 816 1543 816 1544 816 1545 816 1544 816 1546 816 1547 817 1545 817 1546 817 1547 817 1546 817 1548 817 1547 818 1548 818 1549 818 1550 818 1547 818 1549 818 1550 819 1549 819 1551 819 1552 820 1551 820 1553 820 1552 819 1550 819 1551 819 1554 820 1552 820 1553 820 1555 821 1554 821 1553 821 1555 821 1553 821 1556 821 1555 822 1556 822 1557 822 1558 823 1555 823 1557 823 1559 824 1557 824 1560 824 1559 825 1558 825 1557 825 1561 826 1562 826 1563 826 1561 827 1563 827 1564 827 1561 826 1565 826 1562 826 1566 828 1564 828 1567 828 1566 829 1561 829 1564 829 1568 830 1566 830 1567 830 1569 831 1567 831 1570 831 1569 832 1570 832 1571 832 1569 831 1568 831 1567 831 1572 833 1569 833 1571 833 1573 834 1572 834 1571 834 1573 835 1571 835 1574 835 1575 836 1573 836 1574 836 1575 836 1574 836 1576 836 1575 837 1576 837 1577 837 1327 838 1575 838 1577 838 1327 839 1577 839 1328 839 1578 840 1579 840 1580 840 1579 840 1581 840 1580 840 1582 841 1578 841 1583 841 1578 842 1580 842 1583 842 1584 843 1582 843 1585 843 1586 844 1587 844 1588 844 1582 845 1583 845 1585 845 1587 846 1589 846 1588 846 1590 847 1584 847 1591 847 1592 848 1586 848 1593 848 1584 847 1585 847 1591 847 1594 849 1592 849 1593 849 1586 848 1588 848 1593 848 1595 850 1590 850 1596 850 1590 851 1591 851 1596 851 1597 852 1594 852 1598 852 1594 853 1593 853 1598 853 1599 854 1595 854 1600 854 1601 855 1599 855 1600 855 1595 856 1596 856 1600 856 1597 857 1598 857 1602 857 1601 858 1600 858 1603 858 1604 859 1597 859 1605 859 1606 860 1604 860 1605 860 1597 861 1602 861 1605 861 1607 862 1601 862 1608 862 1601 863 1603 863 1608 863 1606 864 1605 864 1609 864 1610 865 1607 865 1611 865 1607 866 1608 866 1611 866 1612 867 1606 867 1613 867 1614 868 1612 868 1613 868 1606 869 1609 869 1613 869 1615 870 1610 870 1616 870 1610 870 1611 870 1616 870 1614 871 1613 871 1617 871 1618 872 1615 872 1619 872 1615 873 1616 873 1619 873 1620 874 1614 874 1621 874 1614 875 1617 875 1621 875 1622 876 1623 876 1624 876 1623 877 1625 877 1624 877 1626 878 1620 878 1627 878 1628 879 1626 879 1627 879 1629 880 1622 880 1630 880 1620 881 1621 881 1627 881 1622 882 1624 882 1630 882 1631 883 1628 883 1632 883 1633 884 1629 884 1634 884 1628 885 1627 885 1632 885 1635 886 1633 886 1634 886 1629 887 1630 887 1634 887 1635 888 1634 888 1636 888 1631 889 1632 889 1637 889 1638 890 1635 890 1639 890 1640 891 1631 891 1641 891 1631 892 1637 892 1641 892 1635 893 1636 893 1639 893 1642 894 1638 894 1643 894 1640 895 1641 895 1644 895 1645 896 1640 896 1644 896 1638 897 1639 897 1643 897 1646 898 1642 898 1647 898 1645 899 1644 899 1648 899 1642 900 1643 900 1647 900 1649 901 1645 901 1648 901 1650 902 1646 902 1651 902 1646 903 1647 903 1651 903 1652 904 1653 904 1654 904 1655 905 1652 905 1654 905 1656 906 1650 906 1657 906 1650 907 1651 907 1657 907 1655 908 1654 908 1658 908 1659 909 1655 909 1658 909 1660 910 1656 910 1661 910 1656 911 1657 911 1661 911 1659 912 1658 912 1662 912 1663 912 1659 912 1662 912 1664 913 1660 913 1665 913 1666 914 1664 914 1665 914 1660 915 1661 915 1665 915 1663 916 1662 916 1667 916 1668 917 1663 917 1667 917 1666 918 1665 918 1669 918 1668 919 1667 919 1670 919 1666 920 1669 920 1671 920 1672 921 1668 921 1670 921 1673 922 1666 922 1671 922 1673 923 1671 923 1674 923 1672 924 1670 924 1675 924 1676 925 1672 925 1675 925 1677 926 1676 926 1675 926 1678 927 1673 927 1674 927 1678 928 1674 928 1679 928 1680 928 1678 928 1679 928 1587 929 1680 929 1679 929 1677 930 1675 930 1681 930 1587 931 1679 931 1589 931 1677 932 1681 932 1682 932 1683 933 1677 933 1682 933 1683 934 1682 934 1684 934 1685 934 1683 934 1684 934 1686 935 1685 935 1687 935 1685 936 1684 936 1687 936 1688 937 1686 937 1689 937 1686 938 1687 938 1689 938 1690 939 1688 939 1691 939 1688 939 1689 939 1691 939 1692 940 1690 940 1693 940 1690 941 1691 941 1693 941 1694 942 1692 942 1695 942 1696 943 1694 943 1695 943 1692 942 1693 942 1695 942 1697 944 1696 944 1698 944 1696 943 1695 943 1698 943 1699 945 1697 945 1700 945 1697 944 1698 944 1700 944 1699 945 1700 945 1701 945 1702 946 1699 946 1703 946 1699 947 1701 947 1703 947 1704 948 1702 948 1705 948 1702 948 1703 948 1705 948 1706 949 1704 949 1707 949 1704 950 1705 950 1707 950 1708 951 1706 951 1709 951 1706 952 1707 952 1709 952 1710 953 1708 953 1711 953 1708 953 1709 953 1711 953 1712 954 1710 954 1713 954 1710 955 1711 955 1713 955 1714 956 1712 956 1715 956 1712 957 1713 957 1715 957 1714 958 1715 958 1716 958 1717 959 1714 959 1716 959 1717 960 1716 960 1718 960 1719 961 1717 961 1718 961 1719 962 1718 962 1720 962 1721 963 1719 963 1720 963 1721 964 1720 964 1722 964 1723 964 1721 964 1722 964 1723 965 1722 965 1724 965 1725 966 1723 966 1724 966 1726 967 1725 967 1724 967 1726 968 1724 968 1727 968 1728 969 1729 969 1730 969 1728 970 1730 970 1731 970 1728 971 1731 971 1732 971 1733 972 1728 972 1732 972 1734 973 1733 973 1732 973 1734 974 1732 974 1735 974 1734 975 1735 975 1736 975 1737 976 1734 976 1736 976 1737 977 1736 977 1738 977 1739 978 1737 978 1738 978 1740 979 1739 979 1738 979 1740 980 1738 980 1741 980 1742 981 1740 981 1741 981 1742 982 1741 982 1743 982 1742 983 1743 983 1744 983 1745 984 1742 984 1744 984 1745 985 1744 985 1746 985 1747 986 1745 986 1746 986 1747 987 1746 987 1748 987 1749 988 1747 988 1748 988 1749 989 1748 989 1750 989 1751 990 1749 990 1750 990 1751 991 1750 991 1752 991 1753 992 1751 992 1752 992 1753 993 1752 993 1754 993 1755 994 1753 994 1754 994 1755 995 1754 995 1756 995 1757 995 1755 995 1756 995 1758 996 1757 996 1759 996 1760 997 1758 997 1759 997 1757 998 1756 998 1759 998 1760 999 1759 999 1761 999 1762 1000 1760 1000 1761 1000 1762 1000 1761 1000 1763 1000 1764 1001 1762 1001 1765 1001 1762 1002 1763 1002 1765 1002 1766 1003 1764 1003 1767 1003 1764 1004 1765 1004 1767 1004 1766 1005 1767 1005 1768 1005 1769 1006 1766 1006 1768 1006 1770 1007 1769 1007 1768 1007 1770 1008 1768 1008 1771 1008 1770 1009 1771 1009 1772 1009 1773 1010 1770 1010 1772 1010 1774 1011 1773 1011 1772 1011 1774 1012 1772 1012 1775 1012 1774 1013 1775 1013 1776 1013 1777 1014 1774 1014 1776 1014 1778 1015 1777 1015 1776 1015 1778 1016 1776 1016 1779 1016 1778 1017 1779 1017 1780 1017 1781 1018 1778 1018 1780 1018 1782 1019 1781 1019 1780 1019 1782 1020 1780 1020 1783 1020 1782 1021 1783 1021 1784 1021 1785 1022 1782 1022 1784 1022 1785 1023 1784 1023 1786 1023 1787 1024 1785 1024 1786 1024 1788 1025 1789 1025 1790 1025 1791 1026 1788 1026 1790 1026 1791 1027 1790 1027 1792 1027 1793 1028 1791 1028 1792 1028 1794 1029 1793 1029 1792 1029 1794 1030 1792 1030 1795 1030 1794 1031 1795 1031 1796 1031 1797 1031 1794 1031 1796 1031 1797 1032 1796 1032 1798 1032 1799 1033 1797 1033 1798 1033 1799 1034 1798 1034 1800 1034 1801 1035 1799 1035 1800 1035 1802 1036 1801 1036 1803 1036 1801 1037 1800 1037 1803 1037 1804 1038 1802 1038 1805 1038 1802 1039 1803 1039 1805 1039 1806 1040 1804 1040 1807 1040 1804 1041 1805 1041 1807 1041 1808 1042 1806 1042 1809 1042 1810 1043 1808 1043 1809 1043 1806 1042 1807 1042 1809 1042 1810 1044 1809 1044 1811 1044 1812 1045 1810 1045 1813 1045 1810 1046 1811 1046 1813 1046 1814 1047 1812 1047 1815 1047 1812 1047 1813 1047 1815 1047 1816 1048 1814 1048 1817 1048 1814 1049 1815 1049 1817 1049 1818 1050 1816 1050 1819 1050 1816 1050 1817 1050 1819 1050 1818 1051 1819 1051 1820 1051 1821 1051 1818 1051 1820 1051 1821 1052 1820 1052 1822 1052 1823 1052 1821 1052 1822 1052 1823 1053 1822 1053 1824 1053 1825 1053 1823 1053 1824 1053 1579 1054 1825 1054 1824 1054 1579 1055 1824 1055 1581 1055 1826 239 1827 239 1828 239 1829 239 1830 239 1831 239 1829 239 1831 239 1832 239 1833 239 1834 239 1835 239 1833 239 1826 239 1834 239 1836 239 1837 239 1830 239 1836 239 1830 239 1829 239 1838 239 1835 239 1839 239 1838 239 1833 239 1835 239 1840 239 1837 239 1836 239 1841 239 1838 239 1839 239 1842 239 1837 239 1840 239 1843 239 1844 239 1845 239 1843 239 1846 239 1844 239 1842 239 1847 239 1837 239 1848 239 1843 239 1845 239 1849 239 1841 239 1839 239 1849 239 1839 239 1850 239 1848 239 1845 239 1851 239 1852 239 1847 239 1842 239 1853 239 1846 239 1843 239 1853 239 1854 239 1846 239 1852 239 1855 239 1847 239 1856 239 1849 239 1850 239 1856 239 1850 239 1857 239 1858 239 1848 239 1851 239 1858 239 1851 239 1859 239 1860 239 1855 239 1852 239 1860 239 1861 239 1855 239 1862 239 1854 239 1853 239 1863 239 1856 239 1857 239 1862 239 1864 239 1854 239 1863 239 1857 239 1865 239 1866 239 1858 239 1859 239 1866 239 1859 239 1867 239 1868 239 1861 239 1860 239 1868 239 1869 239 1861 239 1870 239 1863 239 1865 239 1870 239 1865 239 1871 239 1872 239 1864 239 1862 239 1872 239 1873 239 1864 239 1874 239 1866 239 1867 239 1875 239 1876 239 1869 239 1875 239 1869 239 1868 239 1877 239 1870 239 1871 239 1877 239 1871 239 1878 239 1874 239 1867 239 1879 239 1880 239 1873 239 1872 239 1881 239 1882 239 1876 239 1881 239 1876 239 1875 239 1880 239 1883 239 1873 239 1884 239 1877 239 1878 239 1885 239 1874 239 1879 239 1886 239 1882 239 1881 239 1885 239 1879 239 1887 239 1888 239 1878 239 1889 239 1890 239 1883 239 1880 239 1890 239 1891 239 1883 239 1888 239 1884 239 1878 239 1890 239 1892 239 1891 239 1893 239 1894 239 1882 239 1895 239 1885 239 1887 239 1893 239 1882 239 1886 239 1896 239 1889 239 1897 239 1895 239 1898 239 1899 239 1895 239 1887 239 1898 239 1900 239 1901 239 1892 239 1896 239 1888 239 1889 239 1902 239 1903 239 1894 239 1900 239 1892 239 1890 239 1902 239 1894 239 1893 239 1904 239 1897 239 1905 239 1904 239 1896 239 1897 239 1906 239 1895 239 1899 239 1907 239 1908 239 1903 239 1907 239 1903 239 1902 239 1906 239 1899 239 1909 239 1910 239 1905 239 1911 239 1912 239 1913 239 1901 239 1910 239 1904 239 1905 239 1914 239 1915 239 1908 239 1912 239 1901 239 1900 239 1914 239 1908 239 1907 239 1916 239 1911 239 1917 239 1916 239 1910 239 1911 239 1918 239 1919 239 1915 239 1918 239 1915 239 1914 239 1920 239 1916 239 1917 239 1920 239 1917 239 1919 239 1921 239 1909 239 1922 239 1921 239 1906 239 1909 239 1923 239 1920 239 1919 239 1923 239 1919 239 1918 239 1924 239 1925 239 1913 239 1924 239 1913 239 1912 239 1926 239 1922 239 1927 239 1926 239 1921 239 1922 239 1928 239 1929 239 1925 239 1928 239 1925 239 1924 239 1930 239 1926 239 1927 239 1930 239 1927 239 1931 239 1932 239 1933 239 1929 239 1932 239 1929 239 1928 239 1934 239 1930 239 1931 239 1934 239 1931 239 1935 239 1936 239 1937 239 1938 239 1936 239 1938 239 1933 239 1936 239 1933 239 1932 239 1939 239 1934 239 1935 239 1939 239 1940 239 1941 239 1939 239 1935 239 1940 239 1942 239 1943 239 1937 239 1942 239 1937 239 1936 239 1944 239 1939 239 1941 239 1944 239 1941 239 1945 239 1946 239 1947 239 1943 239 1946 239 1943 239 1942 239 1948 239 1944 239 1945 239 1948 239 1945 239 1949 239 1950 239 1951 239 1947 239 1950 239 1947 239 1946 239 1952 239 1948 239 1949 239 1952 239 1949 239 1953 239 1954 239 1955 239 1951 239 1954 239 1951 239 1950 239 1956 239 1952 239 1953 239 1956 239 1953 239 1957 239 1958 239 1959 239 1955 239 1958 239 1955 239 1954 239 1960 239 1956 239 1957 239 1960 239 1961 239 1962 239 1960 239 1957 239 1961 239 1963 239 1964 239 1959 239 1963 239 1965 239 1964 239 1963 239 1959 239 1958 239 1966 239 1960 239 1962 239 1966 239 1962 239 1967 239 1968 239 1969 239 1965 239 1968 239 1965 239 1963 239 1970 239 1966 239 1967 239 1970 239 1967 239 1971 239 1972 239 1973 239 1969 239 1972 239 1969 239 1968 239 1974 239 1970 239 1971 239 1974 239 1971 239 1975 239 1976 239 1977 239 1973 239 1976 239 1973 239 1972 239 1978 239 1975 239 1979 239 1978 239 1974 239 1975 239 1980 239 1981 239 1977 239 1980 239 1977 239 1976 239 1982 239 1979 239 1983 239 1982 239 1978 239 1979 239 1984 239 1985 239 1981 239 1984 239 1981 239 1980 239 1986 239 1982 239 1983 239 1987 239 1986 239 1983 239 1988 239 1984 239 1989 239 1988 239 1985 239 1984 239 1990 239 1991 239 1986 239 1990 239 1986 239 1987 239 1992 239 1988 239 1989 239 1992 239 1989 239 1993 239 1994 239 1995 239 1991 239 1994 239 1991 239 1990 239 1996 239 1992 239 1993 239 1996 239 1993 239 1997 239 1998 239 1995 239 1994 239 1998 239 1999 239 1995 239 2000 239 1997 239 2001 239 2000 239 1996 239 1997 239 2002 239 1999 239 1998 239 2002 239 2003 239 1999 239 2004 239 2001 239 2005 239 2004 239 2000 239 2001 239 2006 239 2003 239 2002 239 2006 239 2007 239 2003 239 2008 239 2005 239 2009 239 2008 239 2004 239 2005 239 2010 239 2007 239 2006 239 2011 239 2008 239 2009 239 2012 239 2007 239 2010 239 2012 239 2013 239 2007 239 2014 239 2009 239 2015 239 2014 239 2011 239 2009 239 2016 239 2017 239 2013 239 2016 239 2013 239 2012 239 2018 239 2015 239 2019 239 2018 239 2014 239 2015 239 2020 239 2021 239 2017 239 2020 239 2017 239 2016 239 1827 239 2019 239 1828 239 1827 239 2018 239 2019 239 1832 239 2021 239 2020 239 1832 239 1831 239 2021 239 1826 239 1828 239 1834 239 2022 1056 2023 1056 2024 1056 2025 1056 2022 1056 2024 1056 2026 1057 2027 1057 2028 1057 2025 1058 2024 1058 2029 1058 2030 1059 2025 1059 2029 1059 2031 1060 2032 1060 2033 1060 2030 1061 2029 1061 2034 1061 2031 1060 2035 1060 2032 1060 2036 1062 2026 1062 2028 1062 2037 1063 2030 1063 2034 1063 2037 1064 2034 1064 2038 1064 2039 1065 2036 1065 2028 1065 2040 1066 2033 1066 2041 1066 2040 1067 2031 1067 2033 1067 2042 1064 2037 1064 2038 1064 2043 1068 2041 1068 2044 1068 2045 1069 2046 1069 2047 1069 2048 1070 2042 1070 2038 1070 2043 1071 2040 1071 2041 1071 2048 1072 2038 1072 2049 1072 2050 1073 2051 1073 2052 1073 2053 1074 2045 1074 2047 1074 2054 1075 2050 1075 2052 1075 2053 1076 2047 1076 2055 1076 2056 1077 2039 1077 2028 1077 2054 1078 2052 1078 2057 1078 2058 1076 2053 1076 2055 1076 2059 1079 2054 1079 2057 1079 2058 1080 2055 1080 2060 1080 2035 1081 2059 1081 2057 1081 2035 1081 2057 1081 2032 1081 2061 1082 2058 1082 2060 1082 2062 1083 2056 1084 2028 1085 2063 1086 2061 1086 2060 1086 2063 1087 2060 1087 2064 1087 2063 1088 2064 1088 2065 1088 2066 1088 2063 1088 2065 1088 2067 1089 2066 1089 2065 1089 2068 1090 2062 1090 2028 1090 2067 1091 2065 1091 2069 1091 2070 1092 2071 1092 2072 1092 2073 1092 2070 1092 2072 1092 2073 1093 2072 1093 2074 1093 2075 1094 2073 1094 2074 1094 2076 1095 2075 1095 2077 1095 2076 1096 2077 1096 2078 1096 2079 1097 2074 1097 2080 1097 2076 1098 2078 1098 2081 1098 2076 1099 2081 1100 2082 1101 2076 1102 2082 1103 2083 1104 2076 1105 2083 1106 2084 1107 2076 1108 2084 1109 2085 1110 2086 1111 2079 1111 2080 1111 2076 1112 2085 1112 2087 1112 2077 1113 2075 1113 2074 1113 2077 1114 2074 1114 2079 1114 2088 1115 2068 1115 2028 1115 2089 1116 2086 1116 2080 1116 2090 1117 2089 1118 2080 1119 2091 1120 2092 1120 2088 1120 2091 1121 2088 1121 2028 1121 2093 1122 2094 1122 2092 1122 2093 1123 2095 1123 2094 1123 2093 1124 2096 1125 2095 1126 2093 1127 2097 1128 2096 1129 2093 1130 2098 1131 2097 1132 2093 1133 2099 1134 2098 1135 2100 1136 2090 1137 2080 1138 2093 1139 2087 1139 2099 1139 2101 1140 2100 1140 2080 1140 2093 1141 2076 1141 2087 1141 2102 1142 2092 1142 2091 1142 2103 1143 2101 1143 2080 1143 2102 1144 2093 1144 2092 1144 2102 1145 2091 1145 2104 1145 2105 1146 2103 1146 2080 1146 2106 1147 2102 1147 2104 1147 2107 1148 2080 1148 2028 1148 2107 1149 2105 1150 2080 1151 2108 1152 2106 1152 2104 1152 2108 1152 2104 1152 2109 1152 2110 1153 2111 1153 2023 1153 2027 1154 2107 1155 2028 1156 2022 1157 2110 1157 2023 1157 2112 1158 2113 1158 2114 1158 2115 216 2116 216 2117 216 2116 216 2118 216 2117 216 2119 216 2112 216 2120 216 2112 1159 2114 1159 2120 1159 2117 216 2118 216 2121 216 2118 216 2122 216 2121 216 2123 1160 2119 1160 2124 1160 2119 216 2120 216 2124 216 2121 216 2122 216 2125 216 2126 1161 2123 1161 2127 1161 2123 216 2124 216 2127 216 2122 216 2128 216 2129 216 2125 216 2122 216 2129 216 2126 216 2127 216 2130 216 2128 216 2131 216 2132 216 2129 216 2128 216 2132 216 2126 1162 2130 1162 2133 1162 2134 216 2126 216 2133 216 2132 1163 2131 1163 2135 1163 2131 216 2136 216 2135 216 2137 1164 2138 1164 2139 1164 2140 216 2134 216 2141 216 2134 1165 2133 1165 2141 1165 2142 216 2137 216 2143 216 2135 216 2136 216 2144 216 2145 216 2142 216 2143 216 2137 1166 2139 1166 2143 1166 2138 1167 2146 1167 2147 1167 2139 216 2138 216 2147 216 2148 216 2145 216 2149 216 2145 1168 2143 1168 2149 1168 2140 216 2141 216 2150 216 2151 1169 2140 1169 2150 1169 2144 1170 2136 1170 2152 1170 2153 216 2154 216 2155 216 2146 216 2153 216 2155 216 2147 1171 2146 1171 2155 1171 2136 216 2156 216 2152 216 2151 1172 2150 1172 2157 1172 2158 1173 2148 1173 2159 1173 2148 1174 2149 1174 2159 1174 2152 216 2156 216 2160 216 2156 216 2161 216 2160 216 2162 1175 2151 1175 2163 1175 2154 216 2164 216 2165 216 2155 216 2154 216 2165 216 2151 216 2157 216 2163 216 2166 216 2158 216 2167 216 2168 216 2166 216 2167 216 2160 1176 2161 1176 2169 1176 2161 216 2170 216 2169 216 2158 1177 2159 1177 2167 1177 2171 216 2162 216 2172 216 2162 1178 2163 1178 2172 1178 2164 216 2173 216 2174 216 2165 216 2164 216 2174 216 2169 216 2170 216 2175 216 2176 1179 2171 1179 2177 1179 2178 216 2168 216 2179 216 2171 1180 2172 1180 2177 1180 2168 1181 2167 1181 2179 1181 2180 216 2181 216 2182 216 2173 216 2180 216 2182 216 2170 1182 2183 1182 2184 1182 2175 216 2170 216 2184 216 2174 216 2173 216 2182 216 2185 216 2178 216 2186 216 2176 216 2177 216 2187 216 2178 1183 2179 1183 2186 1183 2183 216 2188 216 2189 216 2184 216 2183 216 2189 216 2181 216 2190 216 2191 216 2192 1184 2176 1184 2193 1184 2182 216 2181 216 2191 216 2194 216 2185 216 2195 216 2196 1162 2194 1162 2195 1162 2176 1185 2187 1185 2193 1185 2185 1186 2186 1186 2195 1186 2189 216 2188 216 2197 216 2188 216 2198 216 2197 216 2192 216 2193 216 2199 216 2190 1187 2200 1187 2201 1187 2202 216 2192 216 2199 216 2191 216 2190 216 2201 216 2197 216 2198 216 2203 216 2204 1165 2196 1165 2205 1165 2196 216 2195 216 2205 216 2206 216 2202 216 2207 216 2202 1188 2199 1188 2207 1188 2208 1189 2209 1189 2210 1189 2200 216 2208 216 2210 216 2203 216 2198 216 2211 216 2198 216 2212 216 2211 216 2201 216 2200 216 2210 216 2204 216 2205 216 2213 216 2214 216 2204 216 2213 216 2206 1190 2207 1190 2215 1190 2209 216 2216 216 2217 216 2210 216 2209 216 2217 216 2212 1191 2218 1191 2219 1191 2211 216 2212 216 2219 216 2220 1192 2206 1192 2221 1192 2206 216 2215 216 2221 216 2214 1193 2213 1193 2222 1193 2223 1194 2214 1194 2222 1194 2224 216 2223 216 2222 216 2218 216 2225 216 2226 216 2219 216 2218 216 2226 216 2227 216 2220 216 2228 216 2216 1195 2229 1195 2230 1195 2220 216 2221 216 2228 216 2217 216 2216 216 2230 216 2224 1196 2222 1196 2231 1196 2232 1197 2224 1197 2231 1197 2226 216 2225 216 2233 216 2227 216 2228 216 2234 216 2235 1198 2227 1198 2234 1198 2229 216 2236 216 2237 216 2233 216 2225 216 2238 216 2236 216 2239 216 2237 216 2230 216 2229 216 2237 216 2225 216 2240 216 2238 216 2235 1199 2234 1199 2241 1199 2238 216 2240 216 2242 216 2243 1200 2232 1200 2244 1200 2240 216 2245 216 2242 216 2232 216 2231 216 2244 216 2235 1201 2241 1201 2246 1201 2247 1202 2235 1202 2246 1202 2239 216 2248 216 2249 216 2237 1203 2239 1203 2249 1203 2242 216 2245 216 2250 216 2245 216 2251 216 2250 216 2252 216 2243 216 2253 216 2254 216 2247 216 2255 216 2256 1185 2252 1185 2253 1185 2247 1204 2246 1204 2255 1204 2243 1205 2244 1205 2253 1205 2250 216 2251 216 2257 216 2254 216 2255 216 2258 216 2259 1206 2254 1206 2258 1206 2249 216 2248 216 2260 216 2257 216 2251 216 2261 216 2251 216 2262 216 2261 216 2248 216 2263 216 2260 216 2259 1207 2258 1207 2264 1207 2265 216 2256 216 2266 216 2261 216 2262 216 2267 216 2256 1208 2253 1208 2266 1208 2262 1209 2268 1209 2267 1209 2259 216 2264 216 2269 216 2267 216 2268 216 2269 216 2268 1210 2259 1210 2269 1210 2270 216 2271 216 2272 216 2263 216 2270 216 2272 216 2260 216 2263 216 2272 216 2273 1188 2265 1188 2274 1188 2265 216 2266 216 2274 216 2271 216 2275 216 2276 216 2272 216 2271 216 2276 216 2273 216 2274 216 2277 216 2278 1190 2273 1190 2277 1190 2279 216 2278 216 2277 216 2275 216 2280 216 2281 216 2276 1211 2275 1211 2281 1211 2282 216 2279 216 2283 216 2279 1212 2277 1212 2283 1212 2284 216 2285 216 2286 216 2280 216 2284 216 2286 216 2281 216 2280 216 2286 216 2287 216 2282 216 2288 216 2282 1213 2283 1213 2288 1213 2285 216 2289 216 2290 216 2286 216 2285 216 2290 216 2291 216 2287 216 2292 216 2293 216 2291 216 2292 216 2287 1214 2288 1214 2292 1214 2289 216 2294 216 2295 216 2290 216 2289 216 2295 216 2293 1215 2292 1215 2296 1215 2297 1216 2293 1216 2296 1216 2298 216 2299 216 2300 216 2294 216 2298 216 2300 216 2295 216 2294 216 2300 216 2297 1217 2296 1217 2301 1217 2302 216 2297 216 2301 216 2300 216 2299 216 2303 216 2299 216 2304 216 2303 216 2302 1218 2301 1218 2305 1218 2306 216 2302 216 2305 216 2303 1219 2304 1219 2307 1219 2307 1164 2304 1164 2308 1164 2306 216 2305 216 2309 216 2309 1220 2305 1220 2310 1220 2307 1221 2308 1221 2311 1221 2311 216 2308 216 2312 216 2309 1222 2310 1222 2313 1222 2310 216 2314 216 2313 216 2311 1223 2312 1223 2315 1223 2316 216 2311 216 2315 216 2313 1224 2314 1224 2317 1224 2314 1225 2318 1225 2317 1225 2319 1226 2316 1226 2320 1226 2316 216 2315 216 2320 216 2317 216 2318 216 2321 216 2112 1227 2319 1227 2113 1227 2319 1228 2320 1228 2113 1228 2321 216 2318 216 2115 216 2318 216 2116 216 2115 216 2322 1229 2323 1229 2324 1229 2325 1229 2322 1229 2324 1229 2326 1230 2325 1230 2327 1230 2325 1231 2324 1231 2327 1231 2328 1232 2326 1232 2329 1232 2326 1233 2327 1233 2329 1233 2328 1234 2329 1234 2330 1234 2331 1235 2328 1235 2330 1235 2331 1236 2330 1236 2332 1236 2333 1237 2331 1237 2332 1237 2333 1238 2332 1238 2334 1238 2335 1239 2333 1239 2334 1239 2335 1240 2334 1240 2336 1240 2337 1241 2335 1241 2336 1241 2338 1242 2337 1242 2336 1242 2338 1242 2336 1242 2339 1242 2340 1243 2341 1243 2342 1243 2338 1244 2339 1244 2342 1244 2341 1245 2338 1245 2342 1245 2340 1243 2342 1243 2343 1243 2344 1246 2340 1246 2345 1246 2346 1247 2344 1247 2345 1247 2340 1246 2343 1246 2345 1246 2346 1247 2345 1247 2347 1247 2348 1248 2349 1248 2350 1248 2349 1248 2351 1248 2350 1248 2352 1249 2348 1249 2353 1249 2348 1250 2350 1250 2353 1250 2354 1251 2352 1251 2355 1251 2352 1252 2353 1252 2355 1252 2356 1253 2354 1253 2357 1253 2354 1253 2355 1253 2357 1253 2358 1254 2356 1254 2359 1254 2356 1255 2357 1255 2359 1255 2360 1256 2358 1256 2361 1256 2362 1257 2360 1257 2361 1257 2358 1258 2359 1258 2361 1258 2362 1259 2361 1259 2363 1259 2364 1260 2362 1260 2365 1260 2366 1261 2364 1261 2365 1261 2362 1262 2363 1262 2365 1262 2366 1261 2365 1261 2367 1261 2368 1263 2366 1263 2369 1263 2366 1264 2367 1264 2369 1264 2370 630 2368 630 2371 630 2372 1265 2370 1265 2371 1265 2368 630 2369 630 2371 630 2372 1266 2371 1266 2373 1266 2374 1267 2372 1267 2375 1267 2372 1267 2373 1267 2375 1267 2376 1268 2374 1268 2377 1268 2378 1269 2376 1269 2377 1269 2374 1270 2375 1270 2377 1270 2378 1271 2377 1271 2379 1271 2380 1272 2378 1272 2381 1272 2382 1273 2380 1273 2381 1273 2378 1274 2379 1274 2381 1274 2382 1275 2381 1275 2383 1275 2382 1276 2383 1276 2384 1276 2385 1276 2382 1276 2384 1276 2385 1277 2384 1277 2386 1277 2387 1278 2385 1278 2386 1278 2388 1279 2387 1279 2386 1279 2388 1280 2386 1280 2389 1280 2388 1281 2389 1281 2390 1281 2391 1281 2388 1281 2390 1281 2391 1282 2390 1282 2392 1282 2393 1282 2391 1282 2392 1282 2394 1283 2395 1283 2396 1283 2395 1283 2397 1283 2396 1283 2398 1284 2394 1284 2399 1284 2394 1284 2396 1284 2399 1284 2400 1285 2398 1285 2399 1285 2400 1286 2399 1286 2401 1286 2402 1287 2400 1287 2403 1287 2400 1287 2401 1287 2403 1287 2404 1288 2402 1288 2405 1288 2402 1289 2403 1289 2405 1289 2406 1290 2404 1290 2407 1290 2404 1291 2405 1291 2407 1291 2408 1292 2406 1292 2409 1292 2406 1293 2407 1293 2409 1293 2410 1294 2408 1294 2411 1294 2412 1295 2410 1295 2411 1295 2408 1296 2409 1296 2411 1296 2412 1297 2411 1297 2413 1297 2414 1298 2412 1298 2415 1298 2412 1299 2413 1299 2415 1299 2416 1300 2414 1300 2417 1300 2414 1300 2415 1300 2417 1300 2418 1301 2416 1301 2419 1301 2416 1301 2417 1301 2419 1301 2420 1302 2418 1302 2421 1302 2422 1303 2420 1303 2421 1303 2418 1304 2419 1304 2421 1304 2422 1305 2421 1305 2423 1305 2424 1306 2422 1306 2425 1306 2422 1307 2423 1307 2425 1307 2426 1308 2424 1308 2427 1308 2424 1309 2425 1309 2427 1309 2428 1310 2426 1310 2429 1310 2426 1311 2427 1311 2429 1311 2430 1312 2428 1312 2431 1312 2432 1313 2430 1313 2431 1313 2428 1314 2429 1314 2431 1314 2432 1313 2431 1313 2433 1313 2432 1315 2433 1315 2434 1315 2435 1316 2432 1316 2434 1316 2435 1317 2434 1317 2436 1317 2437 1317 2435 1317 2436 1317 2437 1318 2436 1318 2438 1318 2439 1318 2437 1318 2438 1318 2440 1319 2441 1319 2442 1319 2443 1319 2440 1319 2442 1319 2444 1320 2443 1320 2442 1320 2444 1320 2442 1320 2445 1320 2444 1321 2445 1321 2446 1321 2447 1322 2444 1322 2446 1322 2447 1323 2446 1323 2448 1323 2449 1324 2447 1324 2448 1324 2449 1325 2448 1325 2450 1325 2451 1325 2449 1325 2450 1325 2451 1326 2450 1326 2452 1326 2453 1327 2451 1327 2452 1327 2453 1328 2452 1328 2454 1328 2455 1329 2453 1329 2454 1329 2455 1330 2454 1330 2456 1330 2457 1331 2455 1331 2456 1331 2458 1332 2457 1332 2456 1332 2458 1333 2456 1333 2459 1333 2458 1334 2459 1334 2460 1334 2461 1334 2458 1334 2460 1334 2461 1335 2460 1335 2462 1335 2463 1336 2461 1336 2462 1336 2463 1337 2462 1337 2464 1337 2465 1337 2463 1337 2464 1337 2465 1338 2464 1338 2466 1338 2467 1339 2465 1339 2466 1339 2468 1340 2467 1340 2469 1340 2467 1340 2466 1340 2469 1340 2470 1341 2468 1341 2471 1341 2468 1342 2469 1342 2471 1342 2472 1343 2470 1343 2473 1343 2470 1344 2471 1344 2473 1344 2474 1345 2472 1345 2475 1345 2472 1346 2473 1346 2475 1346 2476 1347 2474 1347 2477 1347 2478 1348 2476 1348 2477 1348 2474 1349 2475 1349 2477 1349 2478 1348 2477 1348 2479 1348 2480 1350 2478 1350 2481 1350 2478 1351 2479 1351 2481 1351 2482 1352 2480 1352 2483 1352 2480 1353 2481 1353 2483 1353 2484 1354 2482 1354 2485 1354 2482 1354 2483 1354 2485 1354 2486 1355 2484 1355 2487 1355 2484 1355 2485 1355 2487 1355 2488 1356 2489 1356 2490 1356 2491 1356 2488 1356 2490 1356 2491 1357 2490 1357 2492 1357 2493 1357 2491 1357 2492 1357 2493 1358 2492 1358 2494 1358 2495 1359 2493 1359 2494 1359 2495 1360 2494 1360 2496 1360 2497 1360 2495 1360 2496 1360 2497 1361 2496 1361 2498 1361 2499 1362 2497 1362 2498 1362 2500 1363 2499 1363 2498 1363 2500 1364 2498 1364 2501 1364 2500 1365 2501 1365 2502 1365 2503 1366 2500 1366 2502 1366 2503 1367 2502 1367 2504 1367 2505 1368 2503 1368 2504 1368 2505 1369 2504 1369 2506 1369 2507 1370 2505 1370 2506 1370 2507 1371 2506 1371 2508 1371 2509 1372 2507 1372 2508 1372 2509 1373 2508 1373 2323 1373 2322 1373 2509 1373 2323 1373 2510 1374 2511 1374 2512 1374 2511 1374 2513 1374 2514 1374 2511 1374 2514 1374 2515 1374 2516 1374 2517 1374 2518 1374 2517 1374 2512 1374 2518 1374 2512 1374 2511 1374 2518 1374 2511 1375 2515 1375 2518 1375 2516 1374 2518 1374 2519 1374 2518 1374 2520 1374 2521 1374 2519 1376 2518 1376 2521 1376 2522 1374 2519 1374 2523 1374 2523 1374 2519 1374 2524 1374 2521 1374 2525 1374 2526 1374 2519 1377 2521 1377 2527 1377 2521 1374 2526 1374 2527 1374 2528 1374 2524 1374 2529 1374 2524 1374 2519 1374 2529 1374 2519 1374 2527 1374 2529 1374 2530 1374 2529 1374 2531 1374 2527 1374 2532 1374 2533 1374 2532 1374 2534 1374 2533 1374 2529 1378 2527 1378 2533 1378 2531 1374 2529 1374 2533 1374 2535 1379 2536 1379 2537 1379 2538 1379 2539 1379 2536 1379 2540 1379 2538 1379 2536 1379 2541 1379 2542 1379 2543 1379 2541 1379 2535 1379 2542 1379 2541 1380 2536 1380 2535 1380 2541 1381 2540 1381 2536 1381 2544 1382 2541 1382 2543 1382 2545 1379 2546 1379 2541 1379 2545 1379 2541 1379 2544 1379 2547 1379 2544 1379 2548 1379 2549 1379 2544 1379 2547 1379 2550 1379 2551 1379 2545 1379 2552 1379 2545 1379 2544 1379 2552 1379 2550 1379 2545 1379 2553 1379 2549 1379 2554 1379 2553 1383 2544 1383 2549 1383 2553 1379 2552 1379 2544 1379 2555 1384 2553 1384 2556 1384 2557 1379 2558 1379 2552 1379 2557 1379 2559 1379 2558 1379 2557 1385 2552 1385 2553 1385 2557 1379 2553 1379 2555 1379 2323 1386 2560 1386 2561 1386 2324 1387 2561 1387 2562 1387 2324 1386 2323 1386 2561 1386 2327 1388 2562 1388 2563 1388 2327 1389 2324 1389 2562 1389 2329 1390 2327 1390 2563 1390 2330 1391 2563 1391 2564 1391 2330 1392 2564 1392 2565 1392 2330 1393 2329 1393 2563 1393 2332 1394 2330 1394 2565 1394 2334 1395 2332 1395 2565 1395 2334 1395 2565 1395 2566 1395 2336 1396 2334 1396 2566 1396 2336 1397 2566 1397 2567 1397 2339 1398 2567 1398 2568 1398 2339 1399 2568 1399 2569 1399 2339 1400 2336 1400 2567 1400 2342 1401 2339 1401 2569 1401 2343 1402 2569 1402 2570 1402 2343 1402 2342 1402 2569 1402 2345 1403 2570 1403 2571 1403 2345 1404 2343 1404 2570 1404 2347 1405 2571 1405 2572 1405 2347 1406 2345 1406 2571 1406 2350 1407 2573 1407 2574 1407 2350 1408 2351 1408 2573 1408 2353 1250 2574 1250 2575 1250 2353 1409 2350 1409 2574 1409 2355 1410 2575 1410 2576 1410 2355 1411 2353 1411 2575 1411 2357 1412 2576 1412 2577 1412 2357 1413 2577 1413 2578 1413 2357 1414 2355 1414 2576 1414 2359 1415 2357 1415 2578 1415 2361 1256 2578 1256 2579 1256 2361 1416 2359 1416 2578 1416 2363 1417 2579 1417 2580 1417 2363 1418 2580 1418 2581 1418 2363 1419 2361 1419 2579 1419 2365 1420 2363 1420 2581 1420 2367 1421 2581 1421 2582 1421 2367 1422 2365 1422 2581 1422 2369 1423 2582 1423 2583 1423 2369 1263 2367 1263 2582 1263 2371 630 2583 630 2584 630 2371 1424 2584 1424 2585 1424 2371 630 2369 630 2583 630 2373 1265 2371 1265 2585 1265 2375 1425 2585 1425 2586 1425 2375 1426 2373 1426 2585 1426 2377 1427 2586 1427 2587 1427 2377 1428 2375 1428 2586 1428 2379 1429 2587 1429 2588 1429 2379 1430 2377 1430 2587 1430 2381 1431 2588 1431 2589 1431 2381 1274 2379 1274 2588 1274 2383 1432 2381 1432 2589 1432 2383 1433 2589 1433 2590 1433 2384 1434 2383 1434 2590 1434 2384 1435 2590 1435 2591 1435 2384 1436 2591 1436 2592 1436 2386 1437 2384 1437 2592 1437 2389 1438 2386 1438 2592 1438 2389 1439 2592 1439 2593 1439 2390 1440 2389 1440 2593 1440 2390 1441 2593 1441 2594 1441 2392 1442 2390 1442 2594 1442 2392 1443 2594 1443 2595 1443 2396 1444 2397 1444 2596 1444 2396 1445 2596 1445 2597 1445 2399 1446 2396 1446 2597 1446 2399 1446 2597 1446 2598 1446 2401 1447 2399 1447 2598 1447 2401 1448 2598 1448 2599 1448 2401 1449 2599 1449 2600 1449 2403 1450 2401 1450 2600 1450 2405 1451 2600 1451 2601 1451 2405 1452 2403 1452 2600 1452 2407 1453 2601 1453 2602 1453 2407 1453 2405 1453 2601 1453 2409 1454 2602 1454 2603 1454 2409 1455 2407 1455 2602 1455 2411 1456 2603 1456 2604 1456 2411 1457 2409 1457 2603 1457 2413 1458 2604 1458 2605 1458 2413 1459 2605 1459 2606 1459 2413 1460 2411 1460 2604 1460 2415 1461 2606 1461 2607 1461 2415 1462 2413 1462 2606 1462 2417 1461 2415 1461 2607 1461 2419 1463 2607 1463 2608 1463 2419 1463 2417 1463 2607 1463 2421 1464 2608 1464 2609 1464 2421 1465 2419 1465 2608 1465 2423 1466 2609 1466 2610 1466 2423 1467 2421 1467 2609 1467 2425 1468 2610 1468 2611 1468 2425 1469 2423 1469 2610 1469 2427 1470 2611 1470 2612 1470 2427 1471 2425 1471 2611 1471 2429 1472 2612 1472 2613 1472 2429 1472 2427 1472 2612 1472 2431 1473 2613 1473 2614 1473 2431 1474 2614 1474 2615 1474 2431 1475 2429 1475 2613 1475 2433 1476 2431 1476 2615 1476 2434 1477 2433 1477 2615 1477 2434 1478 2615 1478 2616 1478 2436 1479 2434 1479 2616 1479 2436 1479 2616 1479 2617 1479 2438 1480 2436 1480 2617 1480 2438 1481 2617 1481 2618 1481 2442 1482 2441 1482 2619 1482 2442 1483 2619 1483 2620 1483 2445 1484 2442 1484 2620 1484 2445 1485 2620 1485 2621 1485 2446 1486 2445 1486 2621 1486 2446 1321 2621 1321 2622 1321 2448 1487 2446 1487 2622 1487 2448 1488 2622 1488 2623 1488 2450 1489 2448 1489 2623 1489 2450 1490 2623 1490 2624 1490 2452 1491 2450 1491 2624 1491 2452 1492 2624 1492 2625 1492 2454 1493 2452 1493 2625 1493 2454 1329 2625 1329 2626 1329 2456 1494 2454 1494 2626 1494 2456 1495 2626 1495 2627 1495 2459 1496 2456 1496 2627 1496 2459 1497 2627 1497 2628 1497 2459 1498 2628 1498 2629 1498 2460 1499 2459 1499 2629 1499 2462 1336 2460 1336 2629 1336 2462 1500 2629 1500 2630 1500 2464 1337 2462 1337 2630 1337 2464 1337 2630 1337 2631 1337 2466 1501 2464 1501 2631 1501 2466 1338 2631 1338 2632 1338 2469 1502 2466 1502 2632 1502 2469 1503 2632 1503 2633 1503 2471 1504 2469 1504 2633 1504 2471 1505 2633 1505 2634 1505 2473 1506 2471 1506 2634 1506 2473 1507 2634 1507 2635 1507 2475 1346 2473 1346 2635 1346 2475 1508 2635 1508 2636 1508 2477 1509 2636 1509 2637 1509 2477 1510 2475 1510 2636 1510 2479 1511 2637 1511 2638 1511 2479 1512 2477 1512 2637 1512 2481 1513 2638 1513 2639 1513 2481 1514 2479 1514 2638 1514 2483 1515 2639 1515 2640 1515 2483 1516 2481 1516 2639 1516 2485 1517 2640 1517 2641 1517 2485 1518 2483 1518 2640 1518 2487 1519 2641 1519 2642 1519 2489 1520 2643 1520 2644 1520 2487 1521 2485 1521 2641 1521 2490 1522 2489 1522 2644 1522 2492 1523 2490 1523 2644 1523 2492 1523 2644 1523 2645 1523 2494 1524 2492 1524 2645 1524 2494 1525 2645 1525 2646 1525 2496 1526 2494 1526 2646 1526 2496 1527 2646 1527 2647 1527 2498 1528 2496 1528 2647 1528 2498 1529 2647 1529 2648 1529 2501 1530 2498 1530 2648 1530 2501 1530 2648 1530 2649 1530 2502 1531 2501 1531 2649 1531 2502 1532 2649 1532 2650 1532 2504 1533 2502 1533 2650 1533 2504 1534 2650 1534 2651 1534 2506 1535 2504 1535 2651 1535 2506 1536 2651 1536 2652 1536 2506 1537 2652 1537 2653 1537 2508 1538 2506 1538 2653 1538 2508 1539 2653 1539 2560 1539 2323 1539 2508 1539 2560 1539 2654 1540 2655 1540 2656 1540 2657 1540 2654 1540 2656 1540 2658 1541 2657 1541 2656 1541 2658 1542 2656 1542 2659 1542 2660 1543 2658 1543 2661 1543 2658 1544 2659 1544 2661 1544 2660 1545 2661 1545 2662 1545 2663 1546 2660 1546 2662 1546 2664 1547 2663 1547 2665 1547 2663 1548 2662 1548 2665 1548 2666 1549 2664 1549 2667 1549 2664 1549 2665 1549 2667 1549 2668 1550 2666 1550 2669 1550 2666 1551 2667 1551 2669 1551 2670 1552 2668 1552 2671 1552 2672 1553 2670 1553 2671 1553 2668 1554 2669 1554 2671 1554 2672 1555 2671 1555 2673 1555 2674 1556 2672 1556 2675 1556 2672 1557 2673 1557 2675 1557 2676 1558 2674 1558 2677 1558 2678 1559 2676 1559 2677 1559 2674 1558 2675 1558 2677 1558 2678 1560 2677 1560 2679 1560 2680 1561 2678 1561 2681 1561 2678 1562 2679 1562 2681 1562 2682 1563 2680 1563 2683 1563 2680 1564 2681 1564 2683 1564 2684 1565 2682 1565 2685 1565 2686 1566 2684 1566 2685 1566 2682 1567 2683 1567 2685 1567 2686 1568 2685 1568 2687 1568 2688 1569 2689 1569 2690 1569 2689 1570 2691 1570 2690 1570 2692 1571 2688 1571 2693 1571 2688 1572 2690 1572 2693 1572 2694 1573 2692 1573 2695 1573 2696 1574 2694 1574 2695 1574 2692 1575 2693 1575 2695 1575 2697 1576 2696 1576 2698 1576 2696 1577 2695 1577 2698 1577 2699 1578 2697 1578 2700 1578 2697 1579 2698 1579 2700 1579 2699 1578 2700 1578 2701 1578 2702 1580 2699 1580 2703 1580 2704 1581 2702 1581 2703 1581 2699 1580 2701 1580 2703 1580 2705 1582 2704 1582 2706 1582 2704 1581 2703 1581 2706 1581 2707 1583 2705 1583 2708 1583 2705 1582 2706 1582 2708 1582 2707 1584 2708 1584 2709 1584 2707 1585 2709 1585 2710 1585 2711 1586 2707 1586 2710 1586 2712 1587 2711 1587 2710 1587 2712 1587 2710 1587 2713 1587 2714 1588 2712 1588 2713 1588 2714 1588 2713 1588 2715 1588 2716 1589 2714 1589 2715 1589 2716 1590 2715 1590 2717 1590 2716 1591 2717 1591 2718 1591 2719 1592 2716 1592 2718 1592 2720 1593 2719 1593 2718 1593 2720 1593 2718 1593 2721 1593 2722 1594 2720 1594 2721 1594 2722 1594 2721 1594 2723 1594 2724 1595 2722 1595 2723 1595 2724 1595 2723 1595 2725 1595 2726 1596 2724 1596 2725 1596 2727 1597 2726 1597 2728 1597 2726 1596 2725 1596 2728 1596 2729 1598 2727 1598 2730 1598 2727 1599 2728 1599 2730 1599 2731 1600 2729 1600 2732 1600 2729 1601 2730 1601 2732 1601 2733 1602 2731 1602 2734 1602 2731 1603 2732 1603 2734 1603 2733 1604 2734 1604 2735 1604 2736 1605 2733 1605 2737 1605 2738 1606 2736 1606 2737 1606 2733 1607 2735 1607 2737 1607 2739 1608 2740 1608 2741 1608 2738 1609 2737 1609 2742 1609 2743 1610 2739 1610 2744 1610 2739 1611 2741 1611 2744 1611 2745 1612 2743 1612 2746 1612 2743 1613 2744 1613 2746 1613 2747 1614 2745 1614 2748 1614 2745 1615 2746 1615 2748 1615 2749 1616 2747 1616 2750 1616 2747 1617 2748 1617 2750 1617 2749 1616 2750 1616 2751 1616 2752 1618 2749 1618 2753 1618 2754 1619 2752 1619 2753 1619 2749 1620 2751 1620 2753 1620 2755 1621 2754 1621 2756 1621 2754 1622 2753 1622 2756 1622 2757 1623 2755 1623 2758 1623 2755 1624 2756 1624 2758 1624 2759 1625 2757 1625 2760 1625 2757 1626 2758 1626 2760 1626 2761 1627 2759 1627 2762 1627 2759 1625 2760 1625 2762 1625 2763 1628 2761 1628 2764 1628 2761 1629 2762 1629 2764 1629 2763 1630 2764 1630 2765 1630 2766 1631 2763 1631 2765 1631 2766 1632 2765 1632 2767 1632 2766 1633 2767 1633 2768 1633 2769 1634 2766 1634 2768 1634 2770 1635 2769 1635 2768 1635 2770 1635 2768 1635 2771 1635 2772 1636 2770 1636 2771 1636 2772 1637 2771 1637 2773 1637 2774 1638 2772 1638 2773 1638 2774 1639 2773 1639 2775 1639 2776 1640 2774 1640 2775 1640 2776 1641 2775 1641 2777 1641 2778 1642 2776 1642 2777 1642 2778 1643 2777 1643 2779 1643 2780 1644 2778 1644 2779 1644 2780 1644 2779 1644 2781 1644 2782 1645 2780 1645 2781 1645 2782 1646 2781 1646 2783 1646 2782 1647 2783 1647 2784 1647 2785 1648 2782 1648 2784 1648 2785 1649 2784 1649 2786 1649 2787 1650 2785 1650 2786 1650 2788 1651 2787 1651 2786 1651 2788 1652 2786 1652 2789 1652 2788 1653 2789 1653 2790 1653 2791 1654 2788 1654 2790 1654 2792 1655 2793 1655 2794 1655 2792 1656 2794 1656 2795 1656 2792 1657 2795 1657 2796 1657 2797 1658 2792 1658 2796 1658 2798 1659 2797 1659 2799 1659 2800 1660 2798 1660 2799 1660 2797 1661 2796 1661 2799 1661 2800 1662 2799 1662 2801 1662 2802 1663 2800 1663 2803 1663 2804 1664 2802 1664 2803 1664 2800 1665 2801 1665 2803 1665 2804 1664 2803 1664 2805 1664 2806 1666 2804 1666 2807 1666 2804 1666 2805 1666 2807 1666 2808 1667 2806 1667 2809 1667 2806 1667 2807 1667 2809 1667 2810 1668 2808 1668 2811 1668 2812 1669 2810 1669 2811 1669 2808 1668 2809 1668 2811 1668 2812 1670 2811 1670 2813 1670 2814 1671 2812 1671 2815 1671 2812 1672 2813 1672 2815 1672 2814 1673 2815 1673 2816 1673 2817 1673 2814 1673 2816 1673 2818 1674 2817 1674 2816 1674 2818 1674 2816 1674 2819 1674 2818 1675 2819 1675 2820 1675 2821 1676 2818 1676 2820 1676 2822 1677 2821 1677 2820 1677 2822 1678 2820 1678 2823 1678 2822 1679 2823 1679 2824 1679 2825 1679 2822 1679 2824 1679 2825 1680 2824 1680 2826 1680 2827 1680 2825 1680 2826 1680 2827 1681 2826 1681 2828 1681 2829 1681 2827 1681 2828 1681 2829 1682 2828 1682 2830 1682 2831 1682 2829 1682 2830 1682 2832 1683 2831 1683 2830 1683 2832 1684 2830 1684 2833 1684 2832 1685 2833 1685 2834 1685 2835 1686 2832 1686 2834 1686 2836 1687 2835 1687 2834 1687 2836 1688 2834 1688 2837 1688 2836 1689 2837 1689 2838 1689 2839 1690 2836 1690 2838 1690 2839 1691 2838 1691 2840 1691 2841 1692 2839 1692 2840 1692 2842 1693 2841 1693 2840 1693 2842 1694 2840 1694 2843 1694 2844 1695 2845 1695 2846 1695 2847 1696 2844 1696 2846 1696 2847 1697 2846 1697 2848 1697 2849 1698 2847 1698 2848 1698 2849 1699 2848 1699 2850 1699 2851 1700 2849 1700 2850 1700 2852 1701 2851 1701 2850 1701 2852 1702 2850 1702 2853 1702 2852 1703 2853 1703 2854 1703 2855 1703 2852 1703 2854 1703 2856 1704 2855 1704 2854 1704 2856 1705 2854 1705 2857 1705 2856 1706 2857 1706 2858 1706 2859 1707 2856 1707 2858 1707 2859 1708 2858 1708 2860 1708 2861 1709 2859 1709 2860 1709 2861 1710 2860 1710 2655 1710 2654 1711 2861 1711 2655 1711 2862 1712 2863 1712 2864 1712 2862 1713 2864 1713 2865 1713 2866 239 2865 239 2867 239 2868 1714 2869 1714 2870 1714 2866 239 2862 239 2865 239 2866 239 2867 239 2871 239 2872 239 2873 239 2874 239 2868 1715 2875 1715 2876 1715 2868 1716 2876 1716 2877 1716 2868 1717 2870 1717 2875 1717 2868 1718 2877 1718 2878 1718 2879 1719 2862 1719 2866 1719 2880 239 2873 239 2872 239 2881 1720 2882 1720 2862 1720 2881 239 2862 239 2879 239 2883 239 2884 239 2869 239 2883 239 2885 239 2884 239 2883 1721 2869 1721 2868 1721 2886 1722 2873 1722 2880 1722 2883 1723 2868 1723 2887 1723 2888 1724 2889 1724 2881 1724 2888 239 2879 239 2890 239 2888 1725 2881 1725 2879 1725 2891 1726 2892 1726 2893 1726 2894 1727 2887 1727 2895 1727 2896 1728 2889 1728 2888 1728 2894 239 2883 239 2887 239 2897 239 2898 239 2883 239 2899 1729 2896 1729 2888 1729 2897 1730 2883 1730 2894 1730 2900 1731 2897 1731 2894 1731 2901 239 2896 239 2899 239 2902 1732 2894 1732 2903 1732 2904 1733 2905 1733 2896 1733 2904 1734 2896 1734 2901 1734 2906 239 2902 239 2907 239 2908 239 2909 239 2891 239 2908 239 2910 239 2909 239 2911 239 2912 239 2913 239 2911 239 2914 239 2912 239 2911 239 2886 239 2914 239 2915 239 2916 239 2917 239 2918 239 2919 239 2900 239 2918 239 2920 239 2919 239 2918 239 2921 239 2920 239 2922 1735 2923 1735 2876 1735 2865 239 2908 239 2891 239 2922 239 2924 239 2923 239 2925 239 2906 239 2926 239 2925 239 2900 239 2894 239 2925 239 2894 239 2902 239 2925 1736 2902 1736 2906 1736 2927 1737 2886 1737 2911 1737 2928 239 2916 239 2915 239 2929 239 2900 239 2925 239 2928 1738 2915 1738 2930 1738 2931 1739 2886 1739 2927 1739 2932 239 2933 239 2918 239 2932 239 2934 239 2933 239 2935 239 2936 239 2922 239 2935 239 2937 239 2936 239 2938 239 2916 239 2928 239 2939 239 2940 239 2865 239 2939 1740 2941 1740 2940 1740 2942 239 2943 239 2932 239 2938 239 2928 239 2944 239 2938 1741 2904 1741 2916 1741 2938 239 2905 239 2904 239 2942 1742 2918 1742 2900 1742 2945 1743 2922 1743 2876 1743 2942 239 2900 239 2929 239 2942 1744 2932 1744 2918 1744 2945 239 2935 239 2922 239 2946 239 2931 239 2947 239 2948 1745 2949 1745 2950 1745 2948 1746 2929 1746 2949 1746 2948 239 2942 239 2929 239 2875 239 2945 239 2876 239 2951 1747 2873 1747 2886 1747 2951 1748 2891 1748 2893 1748 2952 1749 2953 1749 2905 1749 2951 239 2886 239 2931 239 2951 239 2931 239 2946 239 2951 1750 2893 1750 2873 1750 2952 239 2938 239 2954 239 2952 239 2905 239 2938 239 2864 1751 2939 1751 2865 1751 2864 1752 2955 1752 2939 1752 2864 239 2956 239 2955 239 2957 239 2952 239 2958 239 2870 239 2959 239 2875 239 2867 1753 2865 1753 2891 1753 2870 239 2960 239 2959 239 2867 1754 2891 1754 2951 1754 2867 239 2951 239 2961 239 2877 1755 2876 1755 2953 1755 2877 1756 2953 1756 2952 1756 2877 1757 2952 1757 2957 1757 2962 1758 2963 1758 2964 1758 2965 1759 2962 1759 2964 1759 2966 216 2965 216 2967 216 2968 216 2969 216 2970 216 2965 216 2964 216 2967 216 2971 216 2966 216 2967 216 2972 216 2973 216 2974 216 2975 1760 2976 1760 2970 1760 2977 1761 2975 1761 2970 1761 2976 216 2968 216 2970 216 2978 1762 2977 1763 2970 1764 2967 216 2964 216 2979 216 2974 216 2973 216 2980 216 2964 1765 2981 1765 2982 1765 2979 1766 2964 1766 2982 1766 2969 216 2983 216 2984 216 2983 216 2985 216 2984 216 2970 1767 2969 1767 2984 1767 2980 1768 2973 1768 2986 1768 2987 216 2970 216 2984 216 2982 216 2988 216 2989 216 2990 216 2979 216 2989 216 2979 1769 2982 1769 2989 1769 2991 216 2992 216 2993 216 2994 1770 2987 1770 2995 1770 2989 1771 2988 1771 2996 1771 2987 1772 2984 1772 2995 1772 2984 216 2997 216 2998 216 2989 1773 2996 1773 2999 1773 2995 1774 2984 1774 2998 1774 2995 1775 2998 1775 3000 1775 2999 216 2996 216 3001 216 3002 1776 2995 1776 3003 1776 2996 216 3004 216 3005 216 3001 1777 2996 1777 3005 1777 3006 216 3003 216 3007 216 2993 216 3008 216 3009 216 3008 216 3010 216 3009 216 3011 216 3012 216 3013 216 3012 216 3014 216 3013 216 3014 216 2986 216 3013 216 3015 216 3016 216 3017 216 3000 216 3018 216 3019 216 3018 216 3020 216 3019 216 3020 216 3021 216 3019 216 2975 1778 3022 1778 3023 1778 2993 1779 3009 1779 2965 1779 3022 216 3024 216 3023 216 3025 216 3007 216 3026 216 2995 1780 3000 1780 3026 1780 3003 1781 2995 1781 3026 1781 3007 216 3003 216 3026 216 3013 1782 2986 1782 3027 1782 3017 216 3016 216 3028 216 3026 216 3000 216 3029 216 3030 216 3017 216 3028 216 3027 216 2986 216 3031 216 3019 216 3032 216 3033 216 3032 1783 3034 1783 3033 1783 3023 1784 3035 1784 3036 1784 3035 1785 3037 1785 3036 1785 3028 216 3016 216 3038 216 2965 216 3039 216 3040 216 3039 1786 3041 1786 3040 1786 3033 1787 3042 1787 3043 1787 3044 216 3028 216 3038 216 3016 1788 3005 1788 3038 1788 3005 216 3004 216 3038 216 3000 1789 3019 1789 3043 1789 2975 216 3023 216 3045 216 3029 216 3000 216 3043 216 3019 216 3033 216 3043 216 3023 216 3036 216 3045 216 3046 216 3031 216 3047 216 3048 216 3049 216 3050 216 3049 216 3029 216 3050 216 3029 1790 3043 1790 3050 1790 2975 1791 3045 1791 2976 1791 2986 1792 2973 1792 3051 1792 2991 216 2993 216 3051 216 3004 1793 3052 1793 3053 1793 3031 1794 2986 1794 3051 1794 3047 216 3031 216 3051 216 2973 216 2991 216 3051 216 3054 216 3038 216 3053 216 3038 216 3004 216 3053 216 2965 1795 3040 1795 2962 1795 3040 216 3055 216 2962 216 3055 216 3056 216 2962 216 3057 216 3053 216 3058 216 2976 216 3059 216 2968 216 2993 1796 2965 1796 2966 1796 3059 216 3060 216 2968 216 3051 216 2993 216 2966 216 3061 216 3051 216 2966 216 3052 216 2975 216 2977 216 3053 1797 3052 1797 2977 1797 3058 1798 3053 1798 2977 1798 3062 213 3063 213 3064 213 3062 212 3065 212 3063 212 3066 214 3064 214 3067 214 3066 215 3062 215 3064 215 3068 0 3067 0 3069 0 3068 1 3066 1 3067 1 3070 3 3071 3 3072 3 3070 3 3073 3 3071 3 3074 2 3069 2 3075 2 3074 2 3068 2 3069 2 3076 289 3072 289 3077 289 3076 290 3077 290 3078 290 3076 291 3070 291 3072 291 3079 4 3075 4 3080 4 3079 6 3074 6 3075 6 3081 12 3078 12 3082 12 3081 292 3076 292 3078 292 3083 7 3080 7 3084 7 3083 7 3079 7 3080 7 3085 20 3082 20 3086 20 3085 15 3081 15 3082 15 3087 9 3084 9 3088 9 3087 13 3083 13 3084 13 3089 293 3086 293 3090 293 3089 18 3085 18 3086 18 3091 11 3088 11 3092 11 3091 11 3087 11 3088 11 3093 28 3090 28 3094 28 3093 294 3089 294 3090 294 3095 16 3092 16 3096 16 3095 19 3091 19 3092 19 3097 27 3094 27 3098 27 3097 26 3093 26 3094 26 3099 22 3096 22 3100 22 3099 17 3095 17 3096 17 3101 34 3098 34 3102 34 3101 32 3097 32 3098 32 3103 24 3100 24 3104 24 3103 25 3099 25 3100 25 3105 40 3102 40 3106 40 3105 36 3101 36 3102 36 3107 29 3104 29 3108 29 3107 31 3103 31 3104 31 3109 38 3105 38 3106 38 3110 30 3108 30 3111 30 3110 33 3107 33 3108 33 3112 42 3106 42 3113 42 3114 35 3111 35 3115 35 3112 42 3109 42 3106 42 3114 37 3110 37 3111 37 3116 46 3113 46 3117 46 3118 39 3115 39 3119 39 3120 295 3121 295 3122 295 3116 48 3112 48 3113 48 3118 41 3114 41 3115 41 3123 296 3120 296 3122 296 3124 50 3117 50 3125 50 3124 52 3116 52 3117 52 3126 47 3122 47 3127 47 3126 297 3127 297 3128 297 3129 55 3124 55 3125 55 3129 56 3125 56 3130 56 3126 44 3123 44 3122 44 3131 298 3126 298 3128 298 3132 58 3129 58 3130 58 3132 59 3130 59 3133 59 3134 53 3128 53 3135 53 3134 54 3135 54 3136 54 3134 53 3131 53 3128 53 3137 63 3138 63 3139 63 3137 64 3139 64 3140 64 3141 60 3136 60 3142 60 3141 57 3134 57 3136 57 3143 66 3137 66 3140 66 3143 68 3140 68 3144 68 3145 61 3142 61 3146 61 3145 62 3141 62 3142 62 3147 69 3146 69 3148 69 3149 70 3143 70 3144 70 3149 72 3144 72 3150 72 3147 65 3145 65 3146 65 3151 299 3148 299 3152 299 3153 75 3149 75 3150 75 3153 77 3150 77 3154 77 3151 67 3147 67 3148 67 3155 300 3151 300 3152 300 3155 74 3152 74 3156 74 3157 79 3153 79 3154 79 3157 81 3154 81 3158 81 3159 76 3155 76 3156 76 3159 78 3156 78 3160 78 3161 85 3157 85 3158 85 3161 86 3158 86 3162 86 3163 80 3159 80 3160 80 3163 301 3160 301 3164 301 3165 89 3161 89 3162 89 3165 89 3162 89 3166 89 3167 302 3163 302 3164 302 3168 303 3167 303 3164 303 3168 304 3164 304 3169 304 3170 90 3165 90 3166 90 3170 91 3166 91 3171 91 3073 88 3168 88 3169 88 3073 88 3169 88 3071 88 3172 92 3170 92 3171 92 3172 92 3171 92 3173 92 3174 94 3173 94 3175 94 3174 93 3172 93 3173 93 3176 95 3175 95 3177 95 3176 95 3174 95 3175 95 3178 96 3177 96 3179 96 3178 97 3176 97 3177 97 3180 98 3179 98 3181 98 3180 99 3178 99 3179 99 3182 100 3181 100 3183 100 3182 101 3180 101 3181 101 3184 102 3183 102 3185 102 3184 102 3182 102 3183 102 3186 103 3185 103 3187 103 3186 103 3184 103 3185 103 3188 104 3187 104 3189 104 3188 106 3186 106 3187 106 3190 107 3189 107 3191 107 3190 105 3188 105 3189 105 3192 108 3191 108 3193 108 3192 109 3190 109 3191 109 3194 110 3193 110 3195 110 3194 110 3192 110 3193 110 3196 111 3195 111 3197 111 3196 112 3194 112 3195 112 3198 113 3197 113 3199 113 3198 113 3196 113 3197 113 3200 114 3199 114 3201 114 3200 115 3198 115 3199 115 3202 116 3201 116 3203 116 3202 116 3200 116 3201 116 3204 117 3202 117 3203 117 3204 118 3203 118 3205 118 3206 119 3204 119 3205 119 3206 120 3205 120 3207 120 3208 121 3206 121 3207 121 3208 122 3207 122 3209 122 3210 305 3208 305 3209 305 3210 306 3209 306 3211 306 3212 126 3210 126 3211 126 3212 125 3211 125 3213 125 3214 127 3212 127 3213 127 3214 128 3213 128 3215 128 3216 129 3217 129 3218 129 3216 130 3218 130 3219 130 3220 131 3216 131 3219 131 3220 132 3219 132 3221 132 3222 133 3220 133 3221 133 3222 134 3221 134 3223 134 3224 135 3222 135 3223 135 3224 136 3223 136 3225 136 3226 137 3224 137 3225 137 3226 137 3225 137 3227 137 3228 138 3226 138 3227 138 3228 139 3227 139 3229 139 3230 140 3228 140 3229 140 3230 141 3229 141 3231 141 3232 142 3230 142 3231 142 3232 143 3231 143 3233 143 3234 144 3232 144 3233 144 3234 145 3233 145 3235 145 3236 146 3234 146 3235 146 3236 147 3235 147 3237 147 3238 148 3236 148 3237 148 3238 149 3237 149 3239 149 3240 307 3238 307 3239 307 3240 308 3239 308 3241 308 3242 309 3240 309 3241 309 3242 310 3241 310 3243 310 3244 154 3242 154 3243 154 3244 155 3243 155 3245 155 3246 156 3245 156 3247 156 3246 156 3244 156 3245 156 3248 157 3247 157 3249 157 3248 157 3246 157 3247 157 3250 158 3249 158 3251 158 3250 160 3248 160 3249 160 3252 311 3251 311 3253 311 3252 312 3250 312 3251 312 3254 313 3253 313 3255 313 3254 314 3252 314 3253 314 3256 164 3254 164 3255 164 3256 165 3255 165 3257 165 3258 166 3256 166 3257 166 3258 167 3257 167 3259 167 3260 168 3258 168 3259 168 3260 169 3259 169 3261 169 3262 170 3260 170 3261 170 3262 171 3261 171 3263 171 3264 172 3262 172 3263 172 3264 173 3263 173 3265 173 3266 174 3264 174 3265 174 3266 175 3265 175 3267 175 3268 176 3266 176 3267 176 3268 176 3267 176 3269 176 3270 177 3268 177 3269 177 3270 178 3269 178 3271 178 3272 179 3270 179 3271 179 3272 180 3271 180 3273 180 3274 315 3272 315 3273 315 3274 316 3273 316 3275 316 3276 183 3274 183 3275 183 3276 184 3275 184 3277 184 3278 185 3276 185 3277 185 3278 186 3277 186 3279 186 3280 188 3281 188 3282 188 3280 187 3282 187 3283 187 3284 317 3280 317 3283 317 3284 318 3283 318 3285 318 3286 191 3284 191 3285 191 3286 192 3285 192 3287 192 3288 194 3286 194 3287 194 3288 193 3287 193 3289 193 3290 195 3289 195 3291 195 3290 196 3288 196 3289 196 3292 197 3291 197 3293 197 3292 197 3290 197 3291 197 3294 198 3293 198 3295 198 3294 199 3292 199 3293 199 3296 200 3295 200 3297 200 3296 200 3294 200 3295 200 3298 202 3297 202 3299 202 3298 201 3296 201 3297 201 3300 203 3299 203 3301 203 3300 203 3298 203 3299 203 3302 206 3301 206 3303 206 3302 204 3300 204 3301 204 3304 207 3303 207 3305 207 3304 205 3302 205 3303 205 3306 208 3305 208 3307 208 3306 209 3304 209 3305 209 3308 210 3306 210 3307 210 3308 210 3307 210 3309 210 3065 211 3308 211 3309 211 3065 211 3309 211 3063 211 3176 97 3310 97 3311 97 3176 95 3311 95 3312 95 3176 319 3178 319 3310 319 3174 95 3176 95 3312 95 3172 320 3312 320 3313 320 3172 94 3174 94 3312 94 3168 321 3314 321 3315 321 3168 322 3073 322 3314 322 3170 323 3313 323 3316 323 3170 324 3316 324 3317 324 3170 323 3172 323 3313 323 3167 325 3315 325 3318 325 3167 326 3168 326 3315 326 3165 324 3170 324 3317 324 3163 327 3318 327 3319 327 3163 328 3167 328 3318 328 3161 329 3317 329 3320 329 3161 330 3320 330 3321 330 3161 329 3165 329 3317 329 3159 331 3319 331 3322 331 3159 332 3322 332 3323 332 3157 85 3161 85 3321 85 3159 333 3163 333 3319 333 3155 334 3323 334 3324 334 3153 335 3321 335 3325 335 3155 336 3159 336 3323 336 3153 337 3157 337 3321 337 3151 338 3324 338 3326 338 3149 339 3325 339 3327 339 3149 340 3327 340 3328 340 3151 341 3155 341 3324 341 3149 339 3153 339 3325 339 3147 342 3151 342 3326 342 3143 343 3149 343 3328 343 3137 344 3328 344 3329 344 3145 345 3326 345 3330 345 3145 346 3147 346 3326 346 3137 347 3143 347 3328 347 3138 348 3329 348 3331 348 3132 349 3332 349 3333 349 3141 350 3330 350 3334 350 3141 351 3334 351 3335 351 3138 352 3137 352 3329 352 3141 350 3145 350 3330 350 3129 353 3333 353 3336 353 3134 354 3335 354 3337 354 3129 349 3132 349 3333 349 3134 355 3141 355 3335 355 3124 356 3129 356 3336 356 3131 357 3337 357 3338 357 3131 358 3134 358 3337 358 3116 359 3336 359 3339 359 3116 360 3124 360 3336 360 3126 357 3131 357 3338 357 3112 361 3339 361 3340 361 3112 361 3116 361 3339 361 3123 362 3338 362 3341 362 3123 363 3126 363 3338 363 3109 364 3340 364 3342 364 3109 365 3342 365 3343 365 3109 366 3112 366 3340 366 3120 367 3123 367 3341 367 3120 368 3341 368 3344 368 3105 369 3109 369 3343 369 3114 370 3118 370 3345 370 3101 371 3343 371 3346 371 3114 370 3345 370 3347 370 3101 371 3105 371 3343 371 3097 372 3346 372 3348 372 3110 373 3114 373 3347 373 3097 374 3348 374 3349 374 3110 37 3347 37 3350 37 3097 375 3101 375 3346 375 3093 376 3349 376 3351 376 3107 377 3110 377 3350 377 3107 378 3350 378 3352 378 3093 379 3097 379 3349 379 3089 380 3093 380 3351 380 3103 381 3107 381 3352 381 3103 382 3352 382 3353 382 3085 383 3089 383 3351 383 3085 384 3351 384 3354 384 3099 385 3103 385 3353 385 3099 385 3353 385 3355 385 3081 386 3085 386 3354 386 3081 387 3354 387 3356 387 3081 388 3356 388 3357 388 3095 389 3099 389 3355 389 3095 390 3355 390 3358 390 3076 391 3081 391 3357 391 3091 16 3095 16 3358 16 3070 392 3076 392 3357 392 3091 393 3358 393 3359 393 3070 394 3357 394 3360 394 3070 395 3360 395 3314 395 3073 396 3070 396 3314 396 3087 397 3091 397 3359 397 3087 397 3359 397 3361 397 3083 398 3087 398 3361 398 3083 398 3361 398 3362 398 3079 399 3083 399 3362 399 3079 399 3362 399 3363 399 3074 6 3363 6 3364 6 3074 400 3079 400 3363 400 3068 2 3364 2 3365 2 3068 2 3074 2 3364 2 3068 0 3365 0 3366 0 3066 401 3068 401 3366 401 3062 402 3366 402 3367 402 3062 403 3066 403 3366 403 3065 404 3367 404 3368 404 3065 213 3062 213 3367 213 3308 211 3368 211 3369 211 3308 211 3065 211 3368 211 3306 210 3369 210 3370 210 3306 405 3370 405 3371 405 3306 210 3308 210 3369 210 3304 209 3306 209 3371 209 3302 406 3371 406 3372 406 3302 407 3372 407 3373 407 3302 408 3304 408 3371 408 3300 204 3302 204 3373 204 3298 203 3373 203 3374 203 3298 203 3300 203 3373 203 3296 409 3374 409 3375 409 3296 410 3375 410 3376 410 3296 202 3298 202 3374 202 3294 410 3296 410 3376 410 3292 411 3376 411 3377 411 3292 411 3294 411 3376 411 3290 412 3377 412 3378 412 3290 412 3292 412 3377 412 3288 413 3290 413 3378 413 3288 196 3378 196 3379 196 3286 414 3288 414 3379 414 3286 415 3379 415 3380 415 3284 416 3286 416 3380 416 3284 416 3380 416 3381 416 3284 417 3381 417 3382 417 3280 418 3284 418 3382 418 3281 419 3280 419 3382 419 3281 420 3382 420 3383 420 3276 421 3278 421 3384 421 3276 422 3384 422 3385 422 3274 423 3276 423 3385 423 3274 423 3385 423 3386 423 3274 424 3386 424 3387 424 3272 425 3274 425 3387 425 3270 426 3272 426 3387 426 3270 427 3387 427 3388 427 3268 428 3270 428 3388 428 3268 428 3388 428 3389 428 3268 429 3389 429 3390 429 3266 430 3268 430 3390 430 3264 431 3266 431 3390 431 3264 432 3390 432 3391 432 3262 433 3264 433 3391 433 3262 433 3391 433 3392 433 3260 434 3262 434 3392 434 3260 435 3392 435 3393 435 3258 436 3260 436 3393 436 3258 437 3393 437 3394 437 3256 438 3258 438 3394 438 3256 439 3394 439 3395 439 3256 440 3395 440 3396 440 3254 441 3256 441 3396 441 3252 442 3254 442 3396 442 3252 443 3396 443 3397 443 3250 444 3252 444 3397 444 3250 445 3397 445 3398 445 3248 446 3250 446 3398 446 3248 447 3398 447 3399 447 3248 448 3399 448 3400 448 3246 449 3248 449 3400 449 3244 450 3400 450 3401 450 3244 451 3246 451 3400 451 3242 452 3401 452 3402 452 3242 453 3244 453 3401 453 3240 454 3402 454 3403 454 3240 455 3242 455 3402 455 3238 456 3403 456 3404 456 3238 457 3404 457 3405 457 3238 458 3240 458 3403 458 3236 459 3238 459 3405 459 3234 460 3236 460 3405 460 3234 461 3405 461 3406 461 3232 462 3234 462 3406 462 3232 463 3406 463 3407 463 3230 464 3232 464 3407 464 3230 465 3407 465 3408 465 3228 466 3230 466 3408 466 3228 466 3408 466 3409 466 3228 467 3409 467 3410 467 3226 468 3228 468 3410 468 3224 469 3226 469 3410 469 3224 470 3410 470 3411 470 3222 471 3224 471 3411 471 3222 471 3411 471 3412 471 3220 472 3222 472 3412 472 3220 473 3412 473 3413 473 3220 474 3413 474 3414 474 3216 475 3220 475 3414 475 3217 476 3216 476 3414 476 3217 476 3414 476 3415 476 3212 477 3214 477 3416 477 3212 127 3416 127 3417 127 3210 478 3212 478 3417 478 3210 479 3417 479 3418 479 3210 480 3418 480 3419 480 3208 481 3210 481 3419 481 3208 482 3419 482 3420 482 3206 482 3208 482 3420 482 3204 483 3206 483 3420 483 3204 484 3420 484 3421 484 3202 485 3421 485 3422 485 3202 486 3422 486 3423 486 3202 118 3204 118 3421 118 3200 486 3202 486 3423 486 3198 487 3423 487 3424 487 3198 487 3200 487 3423 487 3196 488 3424 488 3425 488 3196 488 3198 488 3424 488 3194 112 3425 112 3426 112 3194 110 3426 110 3427 110 3194 489 3196 489 3425 489 3192 108 3427 108 3428 108 3192 110 3194 110 3427 110 3190 490 3192 490 3428 490 3188 491 3428 491 3429 491 3188 492 3190 492 3428 492 3186 493 3429 493 3430 493 3186 103 3430 103 3431 103 3186 104 3188 104 3429 104 3184 103 3186 103 3431 103 3182 102 3431 102 3432 102 3182 102 3184 102 3431 102 3180 101 3432 101 3433 101 3180 494 3182 494 3432 494 3180 495 3433 495 3310 495 3178 496 3180 496 3310 496 3434 239 3435 239 3436 239 3434 239 3437 239 3435 239 3438 239 3439 239 3440 239 3438 497 3440 497 3441 497 3442 239 3437 239 3434 239 3442 239 3443 239 3437 239 3444 239 3438 239 3441 239 3445 239 3443 239 3442 239 3445 239 3446 239 3443 239 3447 239 3444 239 3441 239 3447 498 3441 498 3448 498 3449 239 3446 239 3445 239 3449 239 3450 239 3446 239 3451 499 3448 499 3452 499 3451 239 3447 239 3448 239 3453 239 3450 239 3449 239 3453 500 3454 500 3450 500 3455 501 3452 501 3456 501 3455 502 3451 502 3452 502 3457 503 3458 503 3459 503 3460 239 3454 239 3453 239 3461 239 3456 239 3462 239 3461 239 3455 239 3456 239 3463 504 3459 504 3464 504 3463 239 3457 239 3459 239 3465 505 3466 505 3458 505 3465 239 3458 239 3457 239 3467 506 3468 506 3469 506 3470 500 3471 500 3454 500 3467 507 3464 507 3468 507 3470 239 3454 239 3460 239 3472 508 3462 508 3473 508 3467 239 3463 239 3464 239 3472 509 3461 509 3462 509 3474 239 3475 239 3466 239 3474 239 3466 239 3465 239 3476 510 3469 510 3477 510 3476 239 3467 239 3469 239 3478 511 3479 511 3475 511 3480 239 3481 239 3471 239 3480 512 3471 512 3470 512 3478 239 3475 239 3474 239 3482 513 3473 513 3483 513 3484 514 3477 514 3485 514 3484 239 3476 239 3477 239 3482 515 3472 515 3473 515 3486 239 3487 239 3479 239 3486 239 3479 239 3478 239 3488 239 3484 239 3485 239 3489 239 3481 239 3480 239 3488 516 3485 516 3490 516 3491 239 3492 239 3487 239 3491 517 3493 517 3492 517 3489 239 3494 239 3481 239 3495 239 3482 239 3483 239 3495 518 3483 518 3496 518 3491 519 3487 519 3486 519 3497 239 3488 239 3490 239 3498 239 3494 239 3489 239 3498 239 3499 239 3494 239 3497 520 3490 520 3500 520 3501 239 3495 239 3496 239 3502 521 3503 521 3493 521 3502 522 3493 522 3491 522 3504 239 3499 239 3498 239 3505 239 3497 239 3500 239 3504 239 3506 239 3499 239 3505 523 3500 523 3507 523 3508 239 3501 239 3496 239 3508 524 3496 524 3509 524 3510 239 3511 239 3503 239 3510 239 3503 239 3502 239 3512 239 3506 239 3504 239 3513 239 3505 239 3507 239 3512 525 3514 525 3506 525 3515 239 3508 239 3509 239 3515 526 3509 526 3516 526 3513 527 3507 527 3517 527 3518 239 3519 239 3511 239 3518 528 3511 528 3510 528 3520 239 3514 239 3512 239 3521 239 3513 239 3517 239 3520 239 3522 239 3514 239 3521 529 3517 529 3523 529 3524 530 3516 530 3525 530 3526 239 3519 239 3518 239 3526 239 3527 239 3519 239 3524 239 3515 239 3516 239 3528 531 3522 531 3520 531 3529 239 3521 239 3523 239 3528 532 3530 532 3522 532 3531 239 3524 239 3525 239 3531 533 3525 533 3532 533 3529 534 3533 534 3534 534 3529 535 3523 535 3533 535 3535 239 3536 239 3527 239 3535 239 3527 239 3526 239 3537 536 3530 536 3528 536 3538 239 3529 239 3534 239 3539 239 3531 239 3532 239 3538 537 3534 537 3540 537 3539 538 3532 538 3541 538 3542 239 3530 239 3537 239 3543 239 3544 239 3536 239 3543 239 3536 239 3535 239 3542 539 3545 539 3530 539 3546 239 3539 239 3541 239 3547 239 3538 239 3540 239 3546 540 3541 540 3548 540 3547 541 3540 541 3549 541 3550 239 3551 239 3544 239 3552 239 3545 239 3542 239 3550 239 3544 239 3543 239 3552 239 3553 239 3545 239 3554 239 3548 239 3555 239 3556 239 3547 239 3549 239 3554 542 3546 542 3548 542 3557 543 3553 543 3552 543 3556 544 3549 544 3558 544 3557 239 3559 239 3553 239 3560 239 3561 239 3562 239 3560 239 3562 239 3551 239 3563 545 3555 545 3564 545 3560 546 3551 546 3550 546 3563 239 3554 239 3555 239 3565 547 3566 547 3559 547 3565 239 3559 239 3557 239 3567 239 3556 239 3558 239 3568 239 3563 239 3564 239 3567 548 3558 548 3569 548 3570 239 3571 239 3566 239 3572 239 3573 239 3561 239 3570 549 3566 549 3565 549 3574 550 3564 550 3575 550 3572 551 3561 551 3560 551 3574 239 3568 239 3564 239 3576 239 3567 239 3569 239 3577 552 3575 552 3571 552 3577 553 3574 553 3575 553 3577 239 3571 239 3570 239 3576 554 3569 554 3578 554 3579 239 3580 239 3573 239 3579 239 3573 239 3572 239 3581 239 3576 239 3578 239 3581 555 3578 555 3582 555 3583 239 3584 239 3580 239 3583 239 3580 239 3579 239 3585 239 3581 239 3582 239 3585 556 3586 556 3587 556 3585 557 3582 557 3586 557 3588 239 3589 239 3584 239 3588 239 3584 239 3583 239 3590 239 3585 239 3587 239 3590 558 3587 558 3591 558 3592 239 3593 239 3589 239 3592 239 3589 239 3588 239 3594 559 3591 559 3595 559 3594 239 3590 239 3591 239 3596 239 3597 239 3593 239 3596 239 3593 239 3592 239 3598 560 3595 560 3599 560 3598 239 3594 239 3595 239 3600 521 3601 521 3597 521 3600 239 3597 239 3596 239 3602 561 3599 561 3603 561 3602 239 3598 239 3599 239 3604 522 3601 522 3600 522 3604 517 3605 517 3601 517 3604 239 3606 239 3605 239 3607 562 3603 562 3608 562 3607 239 3602 239 3603 239 3609 239 3610 239 3606 239 3609 519 3606 519 3604 519 3611 239 3607 239 3608 239 3611 563 3608 563 3612 563 3613 511 3614 511 3610 511 3613 239 3610 239 3609 239 3615 239 3611 239 3612 239 3615 564 3612 564 3616 564 3617 239 3614 239 3613 239 3618 239 3614 239 3617 239 3619 239 3615 239 3616 239 3619 565 3616 565 3620 565 3621 239 3618 239 3617 239 3622 239 3619 239 3620 239 3623 566 3618 566 3621 566 3624 239 3619 239 3622 239 3625 239 3623 239 3621 239 3626 553 3624 553 3622 553 3627 239 3623 239 3625 239 3628 239 3624 239 3626 239 3629 239 3627 239 3625 239 3630 239 3628 239 3626 239 3631 567 3627 567 3629 567 3632 239 3628 239 3630 239 3633 239 3631 239 3629 239 3634 239 3632 239 3630 239 3635 239 3631 239 3633 239 3636 239 3632 239 3634 239 3637 239 3636 239 3634 239 3637 239 3638 239 3636 239 3639 568 3633 568 3640 568 3639 239 3635 239 3633 239 3641 239 3638 239 3637 239 3641 239 3642 239 3638 239 3643 239 3640 239 3644 239 3643 239 3639 239 3640 239 3645 539 3646 539 3642 539 3645 239 3642 239 3641 239 3647 569 3644 569 3648 569 3647 570 3643 570 3644 570 3649 239 3646 239 3645 239 3650 571 3648 571 3651 571 3650 239 3647 239 3648 239 3652 239 3646 239 3649 239 3652 532 3653 532 3646 532 3654 572 3651 572 3655 572 3654 239 3650 239 3651 239 3656 239 3653 239 3652 239 3656 239 3657 239 3653 239 3658 239 3654 239 3655 239 3658 573 3655 573 3659 573 3436 239 3657 239 3656 239 3436 525 3435 525 3657 525 3439 239 3658 239 3659 239 3439 574 3659 574 3440 574 3660 575 3661 575 3662 575 3663 216 3660 216 3662 216 3664 216 3665 216 3666 216 3664 216 3667 216 3665 216 3668 576 3660 576 3663 576 3669 216 3664 216 3666 216 3670 216 3668 216 3663 216 3671 216 3664 216 3669 216 3672 216 3673 216 3674 216 3675 216 3671 216 3669 216 3676 216 3674 216 3677 216 3676 216 3672 216 3674 216 3678 216 3668 216 3670 216 3678 1799 3679 1799 3668 1799 3680 216 3681 216 3673 216 3680 216 3682 216 3681 216 3683 216 3671 216 3675 216 3680 216 3673 216 3672 216 3684 216 3677 216 3685 216 3684 216 3676 216 3677 216 3686 216 3687 216 3682 216 3688 216 3683 216 3675 216 3686 216 3682 216 3680 216 3689 216 3690 216 3679 216 3689 578 3679 578 3678 578 3691 216 3683 216 3688 216 3692 579 3690 579 3689 579 3693 216 3684 216 3685 216 3694 216 3687 216 3686 216 3695 580 3692 580 3689 580 3696 216 3697 216 3698 216 3696 216 3685 216 3697 216 3699 216 3688 216 3700 216 3696 216 3693 216 3685 216 3699 216 3691 216 3688 216 3701 582 3702 582 3687 582 3701 583 3687 583 3694 583 3703 581 3692 581 3695 581 3704 216 3703 216 3695 216 3705 216 3700 216 3706 216 3705 216 3699 216 3700 216 3707 216 3696 216 3698 216 3708 584 3709 584 3702 584 3710 216 3705 216 3706 216 3708 586 3702 586 3701 586 3711 585 3703 585 3704 585 3712 216 3705 216 3710 216 3713 216 3711 216 3704 216 3714 216 3715 216 3716 216 3714 216 3698 216 3715 216 3714 216 3707 216 3698 216 3717 588 3718 588 3709 588 3719 587 3711 587 3713 587 3717 216 3720 216 3718 216 3721 216 3712 216 3710 216 3717 589 3709 589 3708 589 3722 590 3719 590 3713 590 3723 216 3714 216 3716 216 3724 216 3712 216 3721 216 3725 216 3726 216 3720 216 3725 216 3720 216 3717 216 3727 216 3723 216 3716 216 3728 591 3729 591 3719 591 3728 592 3719 592 3722 592 3730 216 3721 216 3731 216 3730 216 3731 216 3732 216 3727 216 3716 216 3733 216 3730 216 3724 216 3721 216 3734 593 3726 593 3725 593 3735 216 3727 216 3733 216 3735 216 3733 216 3736 216 3737 216 3738 216 3739 216 3737 216 3739 216 3729 216 3737 594 3729 594 3728 594 3740 595 3726 595 3734 595 3740 596 3741 596 3726 596 3742 216 3735 216 3736 216 3743 216 3730 216 3732 216 3744 597 3741 597 3740 597 3745 216 3735 216 3742 216 3746 598 3744 598 3740 598 3747 216 3732 216 3748 216 3747 216 3748 216 3749 216 3747 216 3743 216 3732 216 3750 216 3751 216 3738 216 3752 216 3745 216 3742 216 3750 216 3738 216 3737 216 3753 216 3745 216 3752 216 3754 216 3744 216 3746 216 3754 216 3755 216 3744 216 3756 216 3747 216 3749 216 3757 599 3755 599 3754 599 3758 216 3759 216 3751 216 3760 216 3753 216 3752 216 3760 216 3752 216 3761 216 3758 216 3751 216 3750 216 3762 216 3757 216 3754 216 3763 216 3761 216 3764 216 3763 216 3760 216 3761 216 3765 600 3757 600 3762 600 3765 601 3766 601 3757 601 3767 216 3768 216 3759 216 3767 216 3759 216 3758 216 3769 216 3749 216 3770 216 3769 216 3770 216 3771 216 3772 216 3763 216 3764 216 3769 216 3756 216 3749 216 3772 216 3764 216 3773 216 3774 602 3766 602 3765 602 3775 216 3769 216 3771 216 3774 216 3776 216 3766 216 3777 216 3772 216 3773 216 3778 216 3779 216 3768 216 3778 216 3768 216 3767 216 3780 603 3776 603 3774 603 3781 216 3771 216 3782 216 3781 216 3782 216 3783 216 3781 216 3775 216 3771 216 3784 216 3772 216 3777 216 3785 216 3779 216 3778 216 3786 216 3781 216 3783 216 3787 216 3780 216 3774 216 3788 216 3789 216 3790 216 3788 216 3790 216 3779 216 3788 216 3779 216 3785 216 3791 216 3786 216 3783 216 3791 216 3789 216 3788 216 3792 216 3780 216 3787 216 3791 216 3783 216 3789 216 3793 216 3777 216 3794 216 3793 216 3784 216 3777 216 3795 604 3792 604 3787 604 3796 216 3793 216 3794 216 3797 216 3793 216 3796 216 3798 216 3799 216 3792 216 3798 605 3792 605 3795 605 3800 216 3797 216 3796 216 3801 216 3797 216 3800 216 3802 606 3803 606 3799 606 3802 607 3799 607 3798 607 3804 608 3803 608 3802 608 3805 216 3800 216 3806 216 3805 216 3801 216 3800 216 3807 216 3804 216 3802 216 3808 609 3804 609 3807 609 3809 216 3806 216 3810 216 3809 216 3805 216 3806 216 3811 216 3808 216 3807 216 3812 216 3809 216 3810 216 3813 216 3809 216 3812 216 3814 610 3815 610 3808 610 3814 598 3808 598 3811 598 3816 216 3813 216 3812 216 3816 216 3812 216 3817 216 3818 216 3815 216 3814 216 3818 216 3819 216 3815 216 3820 216 3816 216 3817 216 3820 216 3817 216 3821 216 3822 611 3819 611 3818 611 3822 216 3823 216 3819 216 3824 216 3820 216 3821 216 3825 216 3823 216 3822 216 3826 216 3820 216 3824 216 3827 216 3825 216 3822 216 3828 216 3826 216 3824 216 3829 588 3825 588 3827 588 3830 216 3826 216 3828 216 3831 216 3829 216 3827 216 3832 216 3830 216 3828 216 3833 216 3830 216 3832 216 3834 216 3829 216 3831 216 3834 216 3835 216 3829 216 3836 582 3835 582 3834 582 3837 216 3832 216 3838 216 3837 216 3833 216 3832 216 3839 216 3836 216 3834 216 3840 216 3838 216 3841 216 3840 216 3837 216 3838 216 3842 216 3836 216 3839 216 3842 216 3843 216 3836 216 3844 216 3840 216 3841 216 3845 216 3840 216 3844 216 3846 216 3843 216 3842 216 3846 216 3847 216 3843 216 3848 216 3844 216 3849 216 3848 216 3845 216 3844 216 3850 216 3851 216 3847 216 3850 216 3847 216 3846 216 3852 216 3851 216 3850 216 3853 216 3854 216 3848 216 3853 216 3848 216 3849 216 3855 216 3851 216 3852 216 3856 216 3855 216 3852 216 3857 216 3858 216 3854 216 3857 216 3854 216 3853 216 3859 216 3855 216 3856 216 3860 612 3858 612 3857 612 3861 216 3859 216 3856 216 3862 216 3860 216 3857 216 3863 216 3859 216 3861 216 3864 613 3860 613 3862 613 3865 216 3863 216 3861 216 3866 216 3864 216 3862 216 3867 216 3863 216 3865 216 3868 614 3864 614 3866 614 3869 216 3867 216 3865 216 3870 216 3868 216 3866 216 3871 216 3867 216 3869 216 3872 615 3868 615 3870 615 3873 216 3872 216 3870 216 3874 216 3871 216 3869 216 3874 216 3869 216 3875 216 3876 216 3872 216 3873 216 3877 216 3874 216 3875 216 3878 216 3876 216 3873 216 3879 216 3874 216 3877 216 3880 216 3876 216 3878 216 3881 616 3880 616 3878 616 3882 216 3877 216 3883 216 3882 216 3879 216 3877 216 3884 617 3880 617 3881 617 3885 216 3882 216 3883 216 3886 216 3884 216 3881 216 3887 216 3882 216 3885 216 3888 618 3884 618 3886 618 3889 619 3888 619 3886 619 3890 216 3885 216 3891 216 3890 216 3887 216 3885 216 3892 216 3888 216 3889 216 3893 216 3892 216 3889 216 3894 216 3891 216 3895 216 3894 216 3890 216 3891 216 3896 216 3894 216 3895 216 3897 216 3898 216 3892 216 3897 620 3892 620 3893 620 3899 216 3894 216 3896 216 3661 621 3898 621 3897 621 3665 216 3899 216 3896 216 3662 622 3661 622 3897 622 3667 216 3899 216 3665 216 3900 673 3901 673 3902 673 3903 676 3904 676 3905 676 3903 677 3905 677 3906 677 3903 676 3900 676 3904 676 3907 679 3906 679 3908 679 3907 677 3903 677 3906 677 3909 627 3910 627 3911 627 3909 629 3912 629 3910 629 3913 679 3907 679 3908 679 3914 631 3911 631 3915 631 3916 685 3908 685 3917 685 3914 632 3909 632 3911 632 3916 685 3913 685 3908 685 3918 633 3915 633 3919 633 3920 686 3917 686 3921 686 3920 687 3921 687 3922 687 3918 633 3914 633 3915 633 3920 686 3916 686 3917 686 3923 688 3922 688 3924 688 3925 635 3919 635 3926 635 3923 687 3920 687 3922 687 3925 635 3918 635 3919 635 3927 637 3926 637 3928 637 3929 688 3923 688 3924 688 3927 637 3925 637 3926 637 3930 694 3924 694 3931 694 3930 695 3931 695 3932 695 3930 694 3929 694 3924 694 3933 640 3928 640 3934 640 3933 641 3934 641 3935 641 3933 640 3927 640 3928 640 3936 695 3930 695 3932 695 3936 697 3932 697 3937 697 3938 641 3933 641 3935 641 3939 698 3936 698 3937 698 3912 701 3937 701 3910 701 3912 705 3939 705 3937 705 3940 646 3935 646 3941 646 3940 647 3941 647 3942 647 3940 646 3938 646 3935 646 3943 647 3940 647 3942 647 3944 651 3942 651 3945 651 3944 653 3945 653 3946 653 3944 651 3943 651 3942 651 3947 653 3944 653 3946 653 3948 657 3946 657 3949 657 3948 659 3949 659 3950 659 3948 657 3947 657 3946 657 3951 661 3948 661 3950 661 3952 665 3953 665 3954 665 3952 666 3954 666 3955 666 3952 664 3956 664 3953 664 3957 669 3955 669 3958 669 3957 666 3952 666 3955 666 3959 672 3957 672 3958 672 3960 674 3958 674 3961 674 3960 675 3959 675 3958 675 3962 678 3961 678 3963 678 3962 678 3960 678 3961 678 3964 680 3963 680 3965 680 3964 681 3962 681 3963 681 3966 682 3965 682 3967 682 3966 683 3967 683 3968 683 3966 684 3964 684 3965 684 3969 683 3966 683 3968 683 3970 689 3969 689 3968 689 3970 690 3968 690 3971 690 3970 691 3971 691 3972 691 3973 693 3970 693 3972 693 3973 692 3972 692 3974 692 3975 696 3973 696 3974 696 3976 1800 3975 1800 3974 1800 3976 1800 3974 1800 3977 1800 3978 1801 3976 1801 3977 1801 3978 1801 3977 1801 3979 1801 3980 1337 3978 1337 3979 1337 3980 1337 3979 1337 3981 1337 3982 1802 3980 1802 3981 1802 3982 1802 3981 1802 3983 1802 3982 1803 3983 1803 3984 1803 3985 1803 3982 1803 3984 1803 3986 773 3985 773 3984 773 3986 774 3984 774 3987 774 3988 775 3987 775 3989 775 3988 776 3986 776 3987 776 3990 777 3989 777 3991 777 3990 778 3988 778 3989 778 3992 779 3991 779 3993 779 3992 779 3990 779 3991 779 3994 780 3993 780 3995 780 3994 781 3992 781 3993 781 3996 782 3995 782 3997 782 3996 783 3994 783 3995 783 3998 784 3997 784 3999 784 3998 784 3996 784 3997 784 4000 785 3999 785 4001 785 4000 786 4001 786 4002 786 4000 787 3998 787 3999 787 4003 788 4000 788 4002 788 4004 789 4002 789 4005 789 4004 789 4003 789 4002 789 4006 790 4005 790 4007 790 4006 791 4004 791 4005 791 4008 792 4009 792 4010 792 4008 793 4010 793 4011 793 4008 794 4012 794 4009 794 4013 793 4008 793 4011 793 4014 795 4011 795 4015 795 4014 795 4013 795 4011 795 4016 796 4015 796 4017 796 4016 796 4014 796 4015 796 4018 797 4017 797 4019 797 4018 797 4016 797 4017 797 4020 798 4019 798 4021 798 4020 799 4021 799 4022 799 4020 798 4018 798 4019 798 4023 799 4020 799 4022 799 4024 800 4023 800 4022 800 4024 800 4022 800 4025 800 4026 801 4024 801 4025 801 4026 801 4025 801 4027 801 4028 802 4026 802 4027 802 4028 802 4027 802 4029 802 4028 803 4029 803 4030 803 4031 803 4028 803 4030 803 4032 804 4031 804 4030 804 4032 805 4030 805 4033 805 4034 806 4032 806 4033 806 4034 807 4033 807 4035 807 4036 808 4034 808 4035 808 4036 809 4035 809 4037 809 4036 810 4037 810 4038 810 4039 811 4036 811 4038 811 4040 812 4039 812 4038 812 4040 812 4038 812 4041 812 4040 813 4041 813 4042 813 4043 813 4040 813 4042 813 4043 814 4042 814 4044 814 4045 814 4043 814 4044 814 4046 815 4045 815 4044 815 4046 815 4044 815 4047 815 4048 816 4046 816 4047 816 4048 816 4047 816 4049 816 4050 817 4048 817 4049 817 4050 817 4049 817 4051 817 4050 818 4051 818 4052 818 4053 818 4050 818 4052 818 4053 819 4052 819 4054 819 4055 820 4054 820 4056 820 4055 819 4053 819 4054 819 4057 820 4055 820 4056 820 4058 821 4057 821 4056 821 4058 821 4056 821 4059 821 4058 822 4059 822 4060 822 4061 823 4058 823 4060 823 4062 824 4060 824 4063 824 4062 825 4061 825 4060 825 4064 826 4065 826 4066 826 4064 827 4066 827 4067 827 4064 826 4068 826 4065 826 4069 828 4067 828 4070 828 4069 829 4064 829 4067 829 4071 830 4069 830 4070 830 4072 831 4070 831 4073 831 4072 832 4073 832 4074 832 4072 831 4071 831 4070 831 4075 833 4072 833 4074 833 4076 834 4075 834 4074 834 4076 835 4074 835 4077 835 4078 836 4076 836 4077 836 4078 836 4077 836 4079 836 4078 837 4079 837 4080 837 4081 838 4078 838 4080 838 4081 839 4080 839 4082 839 4083 623 4081 623 4082 623 4084 624 4083 624 4082 624 4084 625 4082 625 4085 625 4086 626 4084 626 4085 626 4086 626 4085 626 4087 626 4086 628 4087 628 4088 628 4089 628 4086 628 4088 628 4089 630 4088 630 4090 630 4091 630 4089 630 4090 630 4092 634 4091 634 4090 634 4092 634 4090 634 4093 634 4094 636 4092 636 4093 636 4094 636 4093 636 4095 636 4096 638 4094 638 4095 638 4096 639 4095 639 4097 639 4098 642 4096 642 4097 642 4098 643 4097 643 4099 643 4100 644 4098 644 4099 644 4100 645 4099 645 4101 645 4102 648 4100 648 4101 648 4102 648 4101 648 4103 648 4104 649 4102 649 4103 649 4104 650 4103 650 4105 650 4106 652 4104 652 4105 652 4106 654 4105 654 4107 654 4108 655 4106 655 4107 655 4108 655 4107 655 4109 655 4110 656 4108 656 4109 656 4110 658 4109 658 4111 658 4112 660 4110 660 4111 660 4112 662 4111 662 4113 662 4114 663 4112 663 4113 663 4114 663 4113 663 4115 663 4116 667 4114 667 4115 667 4116 668 4115 668 4117 668 3901 670 4118 670 4119 670 3901 671 4119 671 3902 671 3900 673 3902 673 3904 673 4120 840 4121 840 4122 840 4121 840 4123 840 4122 840 4124 841 4120 841 4125 841 4120 842 4122 842 4125 842 4126 843 4124 843 4127 843 4128 844 4129 844 4130 844 4124 845 4125 845 4127 845 4129 846 4131 846 4130 846 4132 847 4126 847 4133 847 4134 848 4128 848 4135 848 4126 847 4127 847 4133 847 4136 849 4134 849 4135 849 4128 848 4130 848 4135 848 4137 850 4132 850 4138 850 4132 851 4133 851 4138 851 4139 852 4136 852 4140 852 4136 853 4135 853 4140 853 4141 854 4137 854 4142 854 4143 855 4141 855 4142 855 4137 856 4138 856 4142 856 4139 857 4140 857 4144 857 4143 858 4142 858 4145 858 4146 859 4139 859 4147 859 4148 860 4146 860 4147 860 4139 861 4144 861 4147 861 4149 862 4143 862 4150 862 4143 863 4145 863 4150 863 4148 864 4147 864 4151 864 4152 865 4149 865 4153 865 4149 866 4150 866 4153 866 4154 867 4148 867 4155 867 4156 868 4154 868 4155 868 4148 869 4151 869 4155 869 4157 870 4152 870 4158 870 4152 870 4153 870 4158 870 4156 871 4155 871 4159 871 4160 872 4157 872 4161 872 4157 873 4158 873 4161 873 4162 874 4156 874 4163 874 4156 875 4159 875 4163 875 4164 876 4165 876 4166 876 4165 877 4167 877 4166 877 4168 878 4162 878 4169 878 4170 879 4168 879 4169 879 4171 880 4164 880 4172 880 4162 881 4163 881 4169 881 4164 882 4166 882 4172 882 4173 883 4170 883 4174 883 4175 884 4171 884 4176 884 4170 885 4169 885 4174 885 4177 886 4175 886 4176 886 4171 887 4172 887 4176 887 4177 888 4176 888 4178 888 4173 889 4174 889 4179 889 4180 890 4177 890 4181 890 4182 891 4173 891 4183 891 4173 892 4179 892 4183 892 4177 893 4178 893 4181 893 4184 894 4180 894 4185 894 4182 895 4183 895 4186 895 4187 896 4182 896 4186 896 4180 897 4181 897 4185 897 4188 898 4184 898 4189 898 4187 899 4186 899 4190 899 4184 900 4185 900 4189 900 4191 901 4187 901 4190 901 4192 902 4188 902 4193 902 4188 903 4189 903 4193 903 4194 904 4195 904 4196 904 4197 905 4194 905 4196 905 4198 906 4192 906 4199 906 4192 907 4193 907 4199 907 4197 908 4196 908 4200 908 4201 909 4197 909 4200 909 4202 910 4198 910 4203 910 4198 911 4199 911 4203 911 4201 912 4200 912 4204 912 4205 912 4201 912 4204 912 4206 913 4202 913 4207 913 4208 914 4206 914 4207 914 4202 915 4203 915 4207 915 4205 916 4204 916 4209 916 4210 917 4205 917 4209 917 4208 918 4207 918 4211 918 4210 919 4209 919 4212 919 4208 920 4211 920 4213 920 4214 921 4210 921 4212 921 4215 922 4208 922 4213 922 4215 923 4213 923 4216 923 4214 924 4212 924 4217 924 4218 925 4214 925 4217 925 4219 926 4218 926 4217 926 4220 927 4215 927 4216 927 4220 928 4216 928 4221 928 4222 928 4220 928 4221 928 4129 929 4222 929 4221 929 4219 930 4217 930 4223 930 4129 931 4221 931 4131 931 4219 932 4223 932 4224 932 4225 933 4219 933 4224 933 4225 934 4224 934 4226 934 4227 934 4225 934 4226 934 4228 935 4227 935 4229 935 4227 936 4226 936 4229 936 4230 937 4228 937 4231 937 4228 938 4229 938 4231 938 4232 939 4230 939 4233 939 4230 939 4231 939 4233 939 4234 940 4232 940 4235 940 4232 941 4233 941 4235 941 4236 942 4234 942 4237 942 4238 943 4236 943 4237 943 4234 942 4235 942 4237 942 4239 944 4238 944 4240 944 4238 943 4237 943 4240 943 4241 945 4239 945 4242 945 4239 944 4240 944 4242 944 4241 945 4242 945 4243 945 4244 946 4241 946 4245 946 4241 947 4243 947 4245 947 4246 948 4244 948 4247 948 4244 948 4245 948 4247 948 4248 949 4246 949 4249 949 4246 950 4247 950 4249 950 4250 951 4248 951 4251 951 4248 952 4249 952 4251 952 4252 953 4250 953 4253 953 4250 953 4251 953 4253 953 4254 954 4252 954 4255 954 4252 955 4253 955 4255 955 4256 956 4254 956 4257 956 4254 957 4255 957 4257 957 4256 958 4257 958 4258 958 4259 959 4256 959 4258 959 4259 960 4258 960 4260 960 4261 961 4259 961 4260 961 4261 962 4260 962 4262 962 4263 963 4261 963 4262 963 4263 964 4262 964 4264 964 4265 964 4263 964 4264 964 4265 965 4264 965 4266 965 4267 966 4265 966 4266 966 4268 967 4267 967 4266 967 4268 968 4266 968 4269 968 4270 969 4271 969 4272 969 4270 970 4272 970 4273 970 4270 971 4273 971 4274 971 4275 972 4270 972 4274 972 4276 973 4275 973 4274 973 4276 974 4274 974 4277 974 4276 975 4277 975 4278 975 4279 976 4276 976 4278 976 4279 977 4278 977 4280 977 4281 978 4279 978 4280 978 4282 979 4281 979 4280 979 4282 980 4280 980 4283 980 4284 981 4282 981 4283 981 4284 982 4283 982 4285 982 4284 983 4285 983 4286 983 4287 984 4284 984 4286 984 4287 985 4286 985 4288 985 4289 986 4287 986 4288 986 4289 987 4288 987 4290 987 4291 988 4289 988 4290 988 4291 989 4290 989 4292 989 4293 990 4291 990 4292 990 4293 991 4292 991 4294 991 4295 992 4293 992 4294 992 4295 993 4294 993 4296 993 4297 994 4295 994 4296 994 4297 995 4296 995 4298 995 4299 995 4297 995 4298 995 4300 996 4299 996 4301 996 4302 997 4300 997 4301 997 4299 998 4298 998 4301 998 4302 999 4301 999 4303 999 4304 1000 4302 1000 4303 1000 4304 1000 4303 1000 4305 1000 4306 1001 4304 1001 4307 1001 4304 1002 4305 1002 4307 1002 4308 1003 4306 1003 4309 1003 4306 1004 4307 1004 4309 1004 4308 1005 4309 1005 4310 1005 4311 1006 4308 1006 4310 1006 4312 1007 4311 1007 4310 1007 4312 1008 4310 1008 4313 1008 4312 1009 4313 1009 4314 1009 4315 1010 4312 1010 4314 1010 4316 1011 4315 1011 4314 1011 4316 1012 4314 1012 4317 1012 4316 1013 4317 1013 4318 1013 4319 1014 4316 1014 4318 1014 4320 1015 4319 1015 4318 1015 4320 1016 4318 1016 4321 1016 4320 1017 4321 1017 4322 1017 4323 1018 4320 1018 4322 1018 4324 1019 4323 1019 4322 1019 4324 1020 4322 1020 4325 1020 4324 1021 4325 1021 4326 1021 4327 1022 4324 1022 4326 1022 4327 1023 4326 1023 4328 1023 4329 1024 4327 1024 4328 1024 4330 1025 4331 1025 4332 1025 4333 1026 4330 1026 4332 1026 4333 1027 4332 1027 4334 1027 4335 1028 4333 1028 4334 1028 4336 1029 4335 1029 4334 1029 4336 1030 4334 1030 4337 1030 4336 1031 4337 1031 4338 1031 4339 1031 4336 1031 4338 1031 4339 1032 4338 1032 4340 1032 4341 1033 4339 1033 4340 1033 4341 1034 4340 1034 4342 1034 4343 1035 4341 1035 4342 1035 4344 1036 4343 1036 4345 1036 4343 1037 4342 1037 4345 1037 4346 1038 4344 1038 4347 1038 4344 1039 4345 1039 4347 1039 4348 1040 4346 1040 4349 1040 4346 1041 4347 1041 4349 1041 4350 1042 4348 1042 4351 1042 4352 1043 4350 1043 4351 1043 4348 1042 4349 1042 4351 1042 4352 1044 4351 1044 4353 1044 4354 1045 4352 1045 4355 1045 4352 1046 4353 1046 4355 1046 4356 1047 4354 1047 4357 1047 4354 1047 4355 1047 4357 1047 4358 1048 4356 1048 4359 1048 4356 1049 4357 1049 4359 1049 4360 1050 4358 1050 4361 1050 4358 1050 4359 1050 4361 1050 4360 1051 4361 1051 4362 1051 4363 1051 4360 1051 4362 1051 4363 1052 4362 1052 4364 1052 4365 1052 4363 1052 4364 1052 4365 1053 4364 1053 4366 1053 4367 1053 4365 1053 4366 1053 4121 1054 4367 1054 4366 1054 4121 1055 4366 1055 4123 1055 4368 239 4369 239 4370 239 4368 239 4370 239 4371 239 4372 239 4373 239 4374 239 4372 239 4375 239 4373 239 4376 239 4377 239 4369 239 4376 239 4369 239 4368 239 4378 239 4374 239 4379 239 4378 239 4372 239 4374 239 4380 239 4377 239 4376 239 4381 239 4378 239 4379 239 4382 239 4377 239 4380 239 4383 239 4384 239 4385 239 4383 239 4386 239 4384 239 4382 239 4387 239 4377 239 4388 239 4381 239 4379 239 4389 239 4383 239 4385 239 4388 239 4379 239 4390 239 4389 239 4385 239 4391 239 4392 239 4387 239 4382 239 4393 239 4386 239 4383 239 4393 239 4394 239 4386 239 4392 239 4395 239 4387 239 4396 239 4388 239 4390 239 4396 239 4390 239 4397 239 4398 239 4389 239 4391 239 4399 239 4395 239 4392 239 4398 239 4391 239 4400 239 4399 239 4401 239 4395 239 4402 239 4396 239 4397 239 4403 239 4394 239 4393 239 4402 239 4397 239 4404 239 4403 239 4405 239 4394 239 4406 239 4398 239 4400 239 4407 239 4401 239 4399 239 4407 239 4408 239 4401 239 4406 239 4400 239 4409 239 4410 239 4402 239 4404 239 4410 239 4404 239 4411 239 4412 239 4405 239 4403 239 4412 239 4413 239 4405 239 4414 239 4406 239 4409 239 4415 239 4416 239 4408 239 4415 239 4408 239 4407 239 4417 239 4410 239 4411 239 4417 239 4411 239 4418 239 4414 239 4409 239 4419 239 4420 239 4421 239 4416 239 4422 239 4413 239 4412 239 4420 239 4416 239 4415 239 4422 239 4423 239 4413 239 4424 239 4417 239 4418 239 4425 239 4414 239 4419 239 4426 239 4421 239 4420 239 4425 239 4419 239 4427 239 4428 239 4418 239 4429 239 4430 239 4423 239 4422 239 4428 239 4424 239 4418 239 4430 239 4431 239 4423 239 4430 239 4432 239 4431 239 4433 239 4434 239 4421 239 4433 239 4421 239 4426 239 4435 239 4425 239 4427 239 4436 239 4429 239 4437 239 4435 239 4438 239 4439 239 4435 239 4427 239 4438 239 4440 239 4441 239 4432 239 4436 239 4428 239 4429 239 4442 239 4443 239 4434 239 4442 239 4434 239 4433 239 4440 239 4432 239 4430 239 4444 239 4437 239 4445 239 4444 239 4436 239 4437 239 4446 239 4435 239 4439 239 4447 239 4448 239 4443 239 4447 239 4443 239 4442 239 4449 239 4445 239 4450 239 4446 239 4439 239 4451 239 4452 239 4453 239 4441 239 4449 239 4444 239 4445 239 4454 239 4455 239 4448 239 4454 239 4448 239 4447 239 4452 239 4441 239 4440 239 4456 239 4450 239 4457 239 4456 239 4449 239 4450 239 4458 239 4459 239 4455 239 4458 239 4455 239 4454 239 4460 239 4456 239 4457 239 4460 239 4457 239 4459 239 4461 239 4451 239 4462 239 4463 239 4460 239 4459 239 4461 239 4446 239 4451 239 4463 239 4459 239 4458 239 4464 239 4465 239 4453 239 4464 239 4453 239 4452 239 4466 239 4462 239 4467 239 4466 239 4461 239 4462 239 4468 239 4469 239 4465 239 4468 239 4465 239 4464 239 4470 239 4466 239 4467 239 4470 239 4467 239 4471 239 4472 239 4473 239 4469 239 4472 239 4469 239 4468 239 4474 239 4470 239 4471 239 4474 239 4471 239 4475 239 4476 239 4477 239 4478 239 4476 239 4478 239 4473 239 4476 239 4473 239 4472 239 4479 239 4474 239 4475 239 4479 239 4480 239 4481 239 4479 239 4475 239 4480 239 4482 239 4483 239 4477 239 4482 239 4477 239 4476 239 4484 239 4479 239 4481 239 4484 239 4481 239 4485 239 4486 239 4487 239 4483 239 4486 239 4483 239 4482 239 4488 239 4484 239 4485 239 4488 239 4485 239 4489 239 4490 239 4491 239 4487 239 4490 239 4487 239 4486 239 4492 239 4488 239 4489 239 4492 239 4489 239 4493 239 4494 239 4495 239 4491 239 4494 239 4491 239 4490 239 4496 239 4492 239 4493 239 4496 239 4493 239 4497 239 4498 239 4499 239 4495 239 4498 239 4495 239 4494 239 4500 239 4496 239 4497 239 4500 239 4501 239 4502 239 4500 239 4497 239 4501 239 4503 239 4504 239 4499 239 4503 239 4505 239 4504 239 4503 239 4499 239 4498 239 4506 239 4500 239 4502 239 4506 239 4502 239 4507 239 4508 239 4509 239 4505 239 4508 239 4505 239 4503 239 4510 239 4506 239 4507 239 4510 239 4507 239 4511 239 4512 239 4513 239 4509 239 4512 239 4509 239 4508 239 4514 239 4510 239 4511 239 4514 239 4511 239 4515 239 4516 239 4517 239 4513 239 4516 239 4513 239 4512 239 4518 239 4515 239 4519 239 4518 239 4514 239 4515 239 4520 239 4521 239 4517 239 4520 239 4517 239 4516 239 4522 239 4519 239 4523 239 4522 239 4518 239 4519 239 4524 239 4525 239 4521 239 4524 239 4521 239 4520 239 4526 239 4522 239 4523 239 4527 239 4526 239 4523 239 4528 239 4524 239 4529 239 4528 239 4525 239 4524 239 4530 239 4531 239 4526 239 4530 239 4526 239 4527 239 4532 239 4528 239 4529 239 4532 239 4529 239 4533 239 4534 239 4535 239 4531 239 4534 239 4531 239 4530 239 4536 239 4532 239 4533 239 4536 239 4533 239 4537 239 4538 239 4535 239 4534 239 4538 239 4539 239 4535 239 4540 239 4537 239 4541 239 4540 239 4536 239 4537 239 4542 239 4539 239 4538 239 4542 239 4543 239 4539 239 4544 239 4541 239 4545 239 4544 239 4540 239 4541 239 4546 239 4543 239 4542 239 4546 239 4547 239 4543 239 4548 239 4545 239 4549 239 4548 239 4544 239 4545 239 4550 239 4547 239 4546 239 4551 239 4548 239 4549 239 4552 239 4547 239 4550 239 4552 239 4553 239 4547 239 4554 239 4549 239 4555 239 4554 239 4551 239 4549 239 4556 239 4557 239 4553 239 4556 239 4553 239 4552 239 4558 239 4555 239 4559 239 4558 239 4554 239 4555 239 4560 239 4561 239 4557 239 4560 239 4557 239 4556 239 4562 239 4559 239 4563 239 4562 239 4558 239 4559 239 4371 239 4561 239 4560 239 4371 239 4370 239 4561 239 4375 239 4563 239 4373 239 4375 239 4562 239 4563 239 4564 1158 4565 1158 4566 1158 4567 216 4568 216 4569 216 4568 216 4570 216 4569 216 4571 216 4564 216 4572 216 4564 1159 4566 1159 4572 1159 4569 216 4570 216 4573 216 4570 216 4574 216 4573 216 4575 1160 4571 1160 4576 1160 4571 216 4572 216 4576 216 4573 216 4574 216 4577 216 4578 1161 4575 1161 4579 1161 4575 216 4576 216 4579 216 4574 216 4580 216 4581 216 4577 216 4574 216 4581 216 4578 216 4579 216 4582 216 4580 216 4583 216 4584 216 4581 216 4580 216 4584 216 4578 1162 4582 1162 4585 1162 4586 216 4578 216 4585 216 4584 1163 4583 1163 4587 1163 4583 216 4588 216 4587 216 4589 1164 4590 1164 4591 1164 4592 216 4586 216 4593 216 4586 1165 4585 1165 4593 1165 4594 216 4589 216 4595 216 4587 216 4588 216 4596 216 4597 216 4594 216 4595 216 4589 1166 4591 1166 4595 1166 4590 1167 4598 1167 4599 1167 4591 216 4590 216 4599 216 4600 216 4597 216 4601 216 4597 1168 4595 1168 4601 1168 4592 216 4593 216 4602 216 4603 1169 4592 1169 4602 1169 4596 1170 4588 1170 4604 1170 4605 216 4606 216 4607 216 4598 216 4605 216 4607 216 4599 1171 4598 1171 4607 1171 4588 216 4608 216 4604 216 4603 1172 4602 1172 4609 1172 4610 1173 4600 1173 4611 1173 4600 1174 4601 1174 4611 1174 4604 216 4608 216 4612 216 4608 216 4613 216 4612 216 4614 1175 4603 1175 4615 1175 4606 216 4616 216 4617 216 4607 216 4606 216 4617 216 4603 216 4609 216 4615 216 4618 216 4610 216 4619 216 4620 216 4618 216 4619 216 4612 1176 4613 1176 4621 1176 4613 216 4622 216 4621 216 4610 1177 4611 1177 4619 1177 4623 216 4614 216 4624 216 4614 1178 4615 1178 4624 1178 4616 216 4625 216 4626 216 4617 216 4616 216 4626 216 4621 216 4622 216 4627 216 4628 1179 4623 1179 4629 1179 4630 216 4620 216 4631 216 4623 1180 4624 1180 4629 1180 4620 1181 4619 1181 4631 1181 4632 216 4633 216 4634 216 4625 216 4632 216 4634 216 4622 1182 4635 1182 4636 1182 4627 216 4622 216 4636 216 4626 216 4625 216 4634 216 4637 216 4630 216 4638 216 4628 216 4629 216 4639 216 4630 1183 4631 1183 4638 1183 4635 216 4640 216 4641 216 4636 216 4635 216 4641 216 4633 216 4642 216 4643 216 4644 1184 4628 1184 4645 1184 4634 216 4633 216 4643 216 4646 216 4637 216 4647 216 4648 1162 4646 1162 4647 1162 4628 1185 4639 1185 4645 1185 4637 1186 4638 1186 4647 1186 4641 216 4640 216 4649 216 4640 216 4650 216 4649 216 4644 216 4645 216 4651 216 4642 1187 4652 1187 4653 1187 4654 216 4644 216 4651 216 4643 216 4642 216 4653 216 4649 216 4650 216 4655 216 4656 1165 4648 1165 4657 1165 4648 216 4647 216 4657 216 4658 216 4654 216 4659 216 4654 1188 4651 1188 4659 1188 4660 1189 4661 1189 4662 1189 4652 216 4660 216 4662 216 4655 216 4650 216 4663 216 4650 216 4664 216 4663 216 4653 216 4652 216 4662 216 4656 216 4657 216 4665 216 4666 216 4656 216 4665 216 4658 1190 4659 1190 4667 1190 4661 216 4668 216 4669 216 4662 216 4661 216 4669 216 4664 1191 4670 1191 4671 1191 4663 216 4664 216 4671 216 4672 1192 4658 1192 4673 1192 4658 216 4667 216 4673 216 4666 1193 4665 1193 4674 1193 4675 1194 4666 1194 4674 1194 4676 216 4675 216 4674 216 4670 216 4677 216 4678 216 4671 216 4670 216 4678 216 4679 216 4672 216 4680 216 4668 1195 4681 1195 4682 1195 4672 216 4673 216 4680 216 4669 216 4668 216 4682 216 4676 1196 4674 1196 4683 1196 4684 1197 4676 1197 4683 1197 4678 216 4677 216 4685 216 4679 216 4680 216 4686 216 4687 1198 4679 1198 4686 1198 4681 216 4688 216 4689 216 4685 216 4677 216 4690 216 4688 216 4691 216 4689 216 4682 216 4681 216 4689 216 4677 216 4692 216 4690 216 4687 1199 4686 1199 4693 1199 4690 216 4692 216 4694 216 4695 1200 4684 1200 4696 1200 4692 216 4697 216 4694 216 4684 216 4683 216 4696 216 4687 1201 4693 1201 4698 1201 4699 1202 4687 1202 4698 1202 4691 216 4700 216 4701 216 4689 1203 4691 1203 4701 1203 4694 216 4697 216 4702 216 4697 216 4703 216 4702 216 4704 216 4695 216 4705 216 4706 216 4699 216 4707 216 4708 1185 4704 1185 4705 1185 4699 1204 4698 1204 4707 1204 4695 1205 4696 1205 4705 1205 4702 216 4703 216 4709 216 4706 216 4707 216 4710 216 4711 1206 4706 1206 4710 1206 4701 216 4700 216 4712 216 4709 216 4703 216 4713 216 4703 216 4714 216 4713 216 4700 216 4715 216 4712 216 4711 1207 4710 1207 4716 1207 4717 216 4708 216 4718 216 4713 216 4714 216 4719 216 4708 1208 4705 1208 4718 1208 4714 1209 4720 1209 4719 1209 4711 216 4716 216 4721 216 4719 216 4720 216 4721 216 4720 1210 4711 1210 4721 1210 4722 216 4723 216 4724 216 4715 216 4722 216 4724 216 4712 216 4715 216 4724 216 4725 1188 4717 1188 4726 1188 4717 216 4718 216 4726 216 4723 216 4727 216 4728 216 4724 216 4723 216 4728 216 4725 216 4726 216 4729 216 4730 1190 4725 1190 4729 1190 4731 216 4730 216 4729 216 4727 216 4732 216 4733 216 4728 1211 4727 1211 4733 1211 4734 216 4731 216 4735 216 4731 1212 4729 1212 4735 1212 4736 216 4737 216 4738 216 4732 216 4736 216 4738 216 4733 216 4732 216 4738 216 4739 216 4734 216 4740 216 4734 1213 4735 1213 4740 1213 4737 216 4741 216 4742 216 4738 216 4737 216 4742 216 4743 216 4739 216 4744 216 4745 216 4743 216 4744 216 4739 1214 4740 1214 4744 1214 4741 216 4746 216 4747 216 4742 216 4741 216 4747 216 4745 1215 4744 1215 4748 1215 4749 1216 4745 1216 4748 1216 4750 216 4751 216 4752 216 4746 216 4750 216 4752 216 4747 216 4746 216 4752 216 4749 1217 4748 1217 4753 1217 4754 216 4749 216 4753 216 4752 216 4751 216 4755 216 4751 216 4756 216 4755 216 4754 1218 4753 1218 4757 1218 4758 216 4754 216 4757 216 4755 1219 4756 1219 4759 1219 4759 1164 4756 1164 4760 1164 4758 216 4757 216 4761 216 4761 1220 4757 1220 4762 1220 4759 1221 4760 1221 4763 1221 4763 216 4760 216 4764 216 4761 1222 4762 1222 4765 1222 4762 216 4766 216 4765 216 4763 1223 4764 1223 4767 1223 4768 216 4763 216 4767 216 4765 1224 4766 1224 4769 1224 4766 1225 4770 1225 4769 1225 4771 1226 4768 1226 4772 1226 4768 216 4767 216 4772 216 4769 216 4770 216 4773 216 4564 1227 4771 1227 4565 1227 4771 1228 4772 1228 4565 1228 4773 216 4770 216 4567 216 4770 216 4568 216 4567 216 4774 1229 4775 1229 4776 1229 4777 1229 4774 1229 4776 1229 4778 1230 4777 1230 4779 1230 4777 1231 4776 1231 4779 1231 4780 1232 4778 1232 4781 1232 4778 1233 4779 1233 4781 1233 4780 1234 4781 1234 4782 1234 4783 1235 4780 1235 4782 1235 4783 1236 4782 1236 4784 1236 4785 1237 4783 1237 4784 1237 4785 1238 4784 1238 4786 1238 4787 1239 4785 1239 4786 1239 4787 1240 4786 1240 4788 1240 4789 1241 4787 1241 4788 1241 4790 1242 4789 1242 4788 1242 4790 1242 4788 1242 4791 1242 4792 1243 4793 1243 4794 1243 4790 1244 4791 1244 4794 1244 4793 1245 4790 1245 4794 1245 4792 1243 4794 1243 4795 1243 4796 1246 4792 1246 4797 1246 4798 1247 4796 1247 4797 1247 4792 1246 4795 1246 4797 1246 4798 1247 4797 1247 4799 1247 4800 1248 4801 1248 4802 1248 4801 1248 4803 1248 4802 1248 4804 1249 4800 1249 4805 1249 4800 1250 4802 1250 4805 1250 4806 1251 4804 1251 4807 1251 4804 1252 4805 1252 4807 1252 4808 1253 4806 1253 4809 1253 4806 1253 4807 1253 4809 1253 4810 1254 4808 1254 4811 1254 4808 1255 4809 1255 4811 1255 4812 1256 4810 1256 4813 1256 4814 1257 4812 1257 4813 1257 4810 1258 4811 1258 4813 1258 4814 1259 4813 1259 4815 1259 4816 1260 4814 1260 4817 1260 4818 1261 4816 1261 4817 1261 4814 1262 4815 1262 4817 1262 4818 1261 4817 1261 4819 1261 4820 1263 4818 1263 4821 1263 4818 1264 4819 1264 4821 1264 4822 630 4820 630 4823 630 4824 1265 4822 1265 4823 1265 4820 630 4821 630 4823 630 4824 1266 4823 1266 4825 1266 4826 1267 4824 1267 4827 1267 4824 1267 4825 1267 4827 1267 4828 1268 4826 1268 4829 1268 4830 1269 4828 1269 4829 1269 4826 1270 4827 1270 4829 1270 4830 1271 4829 1271 4831 1271 4832 1272 4830 1272 4833 1272 4834 1273 4832 1273 4833 1273 4830 1274 4831 1274 4833 1274 4834 1275 4833 1275 4835 1275 4834 1276 4835 1276 4836 1276 4837 1276 4834 1276 4836 1276 4837 1277 4836 1277 4838 1277 4839 1278 4837 1278 4838 1278 4840 1279 4839 1279 4838 1279 4840 1280 4838 1280 4841 1280 4840 1281 4841 1281 4842 1281 4843 1281 4840 1281 4842 1281 4843 1282 4842 1282 4844 1282 4845 1282 4843 1282 4844 1282 4846 1283 4847 1283 4848 1283 4847 1283 4849 1283 4848 1283 4850 1284 4846 1284 4851 1284 4846 1284 4848 1284 4851 1284 4852 1285 4850 1285 4851 1285 4852 1286 4851 1286 4853 1286 4854 1287 4852 1287 4855 1287 4852 1287 4853 1287 4855 1287 4856 1288 4854 1288 4857 1288 4854 1289 4855 1289 4857 1289 4858 1290 4856 1290 4859 1290 4856 1291 4857 1291 4859 1291 4860 1292 4858 1292 4861 1292 4858 1293 4859 1293 4861 1293 4862 1294 4860 1294 4863 1294 4864 1295 4862 1295 4863 1295 4860 1296 4861 1296 4863 1296 4864 1297 4863 1297 4865 1297 4866 1298 4864 1298 4867 1298 4864 1299 4865 1299 4867 1299 4868 1300 4866 1300 4869 1300 4866 1300 4867 1300 4869 1300 4870 1301 4868 1301 4871 1301 4868 1301 4869 1301 4871 1301 4872 1302 4870 1302 4873 1302 4874 1303 4872 1303 4873 1303 4870 1304 4871 1304 4873 1304 4874 1305 4873 1305 4875 1305 4876 1306 4874 1306 4877 1306 4874 1307 4875 1307 4877 1307 4878 1308 4876 1308 4879 1308 4876 1309 4877 1309 4879 1309 4880 1310 4878 1310 4881 1310 4878 1311 4879 1311 4881 1311 4882 1312 4880 1312 4883 1312 4884 1313 4882 1313 4883 1313 4880 1314 4881 1314 4883 1314 4884 1313 4883 1313 4885 1313 4884 1315 4885 1315 4886 1315 4887 1316 4884 1316 4886 1316 4887 1317 4886 1317 4888 1317 4889 1317 4887 1317 4888 1317 4889 1318 4888 1318 4890 1318 4891 1318 4889 1318 4890 1318 4892 1319 4893 1319 4894 1319 4895 1319 4892 1319 4894 1319 4896 1320 4895 1320 4894 1320 4896 1320 4894 1320 4897 1320 4896 1321 4897 1321 4898 1321 4899 1322 4896 1322 4898 1322 4899 1323 4898 1323 4900 1323 4901 1324 4899 1324 4900 1324 4901 1325 4900 1325 4902 1325 4903 1325 4901 1325 4902 1325 4903 1326 4902 1326 4904 1326 4905 1327 4903 1327 4904 1327 4905 1328 4904 1328 4906 1328 4907 1329 4905 1329 4906 1329 4907 1330 4906 1330 4908 1330 4909 1331 4907 1331 4908 1331 4910 1332 4909 1332 4908 1332 4910 1333 4908 1333 4911 1333 4910 1334 4911 1334 4912 1334 4913 1334 4910 1334 4912 1334 4913 1335 4912 1335 4914 1335 4915 1336 4913 1336 4914 1336 4915 1337 4914 1337 4916 1337 4917 1337 4915 1337 4916 1337 4917 1338 4916 1338 4918 1338 4919 1339 4917 1339 4918 1339 4920 1340 4919 1340 4921 1340 4919 1340 4918 1340 4921 1340 4922 1341 4920 1341 4923 1341 4920 1342 4921 1342 4923 1342 4924 1343 4922 1343 4925 1343 4922 1344 4923 1344 4925 1344 4926 1345 4924 1345 4927 1345 4924 1346 4925 1346 4927 1346 4928 1347 4926 1347 4929 1347 4930 1348 4928 1348 4929 1348 4926 1349 4927 1349 4929 1349 4930 1348 4929 1348 4931 1348 4932 1350 4930 1350 4933 1350 4930 1351 4931 1351 4933 1351 4934 1352 4932 1352 4935 1352 4932 1353 4933 1353 4935 1353 4936 1354 4934 1354 4937 1354 4934 1354 4935 1354 4937 1354 4938 1355 4936 1355 4939 1355 4936 1355 4937 1355 4939 1355 4940 1356 4941 1356 4942 1356 4943 1356 4940 1356 4942 1356 4943 1357 4942 1357 4944 1357 4945 1357 4943 1357 4944 1357 4945 1358 4944 1358 4946 1358 4947 1359 4945 1359 4946 1359 4947 1360 4946 1360 4948 1360 4949 1360 4947 1360 4948 1360 4949 1361 4948 1361 4950 1361 4951 1362 4949 1362 4950 1362 4952 1363 4951 1363 4950 1363 4952 1364 4950 1364 4953 1364 4952 1365 4953 1365 4954 1365 4955 1366 4952 1366 4954 1366 4955 1367 4954 1367 4956 1367 4957 1368 4955 1368 4956 1368 4957 1369 4956 1369 4958 1369 4959 1370 4957 1370 4958 1370 4959 1371 4958 1371 4960 1371 4961 1372 4959 1372 4960 1372 4961 1373 4960 1373 4775 1373 4774 1373 4961 1373 4775 1373 4775 1386 4962 1386 4963 1386 4776 1387 4963 1387 4964 1387 4776 1386 4775 1386 4963 1386 4779 1388 4964 1388 4965 1388 4779 1389 4776 1389 4964 1389 4781 1390 4779 1390 4965 1390 4782 1391 4965 1391 4966 1391 4782 1392 4966 1392 4967 1392 4782 1393 4781 1393 4965 1393 4784 1394 4782 1394 4967 1394 4786 1395 4784 1395 4967 1395 4786 1395 4967 1395 4968 1395 4788 1396 4786 1396 4968 1396 4788 1397 4968 1397 4969 1397 4791 1398 4969 1398 4970 1398 4791 1399 4970 1399 4971 1399 4791 1400 4788 1400 4969 1400 4794 1401 4791 1401 4971 1401 4795 1402 4971 1402 4972 1402 4795 1402 4794 1402 4971 1402 4797 1403 4972 1403 4973 1403 4797 1404 4795 1404 4972 1404 4799 1405 4973 1405 4974 1405 4799 1406 4797 1406 4973 1406 4802 1407 4975 1407 4976 1407 4802 1408 4803 1408 4975 1408 4805 1250 4976 1250 4977 1250 4805 1409 4802 1409 4976 1409 4807 1410 4977 1410 4978 1410 4807 1411 4805 1411 4977 1411 4809 1412 4978 1412 4979 1412 4809 1413 4979 1413 4980 1413 4809 1414 4807 1414 4978 1414 4811 1415 4809 1415 4980 1415 4813 1256 4980 1256 4981 1256 4813 1416 4811 1416 4980 1416 4815 1417 4981 1417 4982 1417 4815 1418 4982 1418 4983 1418 4815 1419 4813 1419 4981 1419 4817 1420 4815 1420 4983 1420 4819 1421 4983 1421 4984 1421 4819 1422 4817 1422 4983 1422 4821 1423 4984 1423 4985 1423 4821 1263 4819 1263 4984 1263 4823 630 4985 630 4986 630 4823 1424 4986 1424 4987 1424 4823 630 4821 630 4985 630 4825 1265 4823 1265 4987 1265 4827 1425 4987 1425 4988 1425 4827 1426 4825 1426 4987 1426 4829 1427 4988 1427 4989 1427 4829 1428 4827 1428 4988 1428 4831 1429 4989 1429 4990 1429 4831 1430 4829 1430 4989 1430 4833 1431 4990 1431 4991 1431 4833 1274 4831 1274 4990 1274 4835 1432 4833 1432 4991 1432 4835 1433 4991 1433 4992 1433 4836 1434 4835 1434 4992 1434 4836 1435 4992 1435 4993 1435 4836 1436 4993 1436 4994 1436 4838 1437 4836 1437 4994 1437 4841 1438 4838 1438 4994 1438 4841 1439 4994 1439 4995 1439 4842 1440 4841 1440 4995 1440 4842 1441 4995 1441 4996 1441 4844 1442 4842 1442 4996 1442 4844 1443 4996 1443 4997 1443 4848 1444 4849 1444 4998 1444 4848 1445 4998 1445 4999 1445 4851 1446 4848 1446 4999 1446 4851 1446 4999 1446 5000 1446 4853 1447 4851 1447 5000 1447 4853 1448 5000 1448 5001 1448 4853 1449 5001 1449 5002 1449 4855 1450 4853 1450 5002 1450 4857 1451 5002 1451 5003 1451 4857 1452 4855 1452 5002 1452 4859 1453 5003 1453 5004 1453 4859 1453 4857 1453 5003 1453 4861 1454 5004 1454 5005 1454 4861 1455 4859 1455 5004 1455 4863 1456 5005 1456 5006 1456 4863 1457 4861 1457 5005 1457 4865 1458 5006 1458 5007 1458 4865 1459 5007 1459 5008 1459 4865 1460 4863 1460 5006 1460 4867 1461 5008 1461 5009 1461 4867 1462 4865 1462 5008 1462 4869 1461 4867 1461 5009 1461 4871 1463 5009 1463 5010 1463 4871 1463 4869 1463 5009 1463 4873 1464 5010 1464 5011 1464 4873 1465 4871 1465 5010 1465 4875 1466 5011 1466 5012 1466 4875 1467 4873 1467 5011 1467 4877 1468 5012 1468 5013 1468 4877 1469 4875 1469 5012 1469 4879 1470 5013 1470 5014 1470 4879 1471 4877 1471 5013 1471 4881 1472 5014 1472 5015 1472 4881 1472 4879 1472 5014 1472 4883 1473 5015 1473 5016 1473 4883 1474 5016 1474 5017 1474 4883 1475 4881 1475 5015 1475 4885 1476 4883 1476 5017 1476 4886 1477 4885 1477 5017 1477 4886 1478 5017 1478 5018 1478 4888 1479 4886 1479 5018 1479 4888 1479 5018 1479 5019 1479 4890 1480 4888 1480 5019 1480 4890 1481 5019 1481 5020 1481 4894 1482 4893 1482 5021 1482 4894 1483 5021 1483 5022 1483 4897 1484 4894 1484 5022 1484 4897 1485 5022 1485 5023 1485 4898 1486 4897 1486 5023 1486 4898 1321 5023 1321 5024 1321 4900 1487 4898 1487 5024 1487 4900 1488 5024 1488 5025 1488 4902 1489 4900 1489 5025 1489 4902 1490 5025 1490 5026 1490 4904 1491 4902 1491 5026 1491 4904 1492 5026 1492 5027 1492 4906 1493 4904 1493 5027 1493 4906 1329 5027 1329 5028 1329 4908 1494 4906 1494 5028 1494 4908 1495 5028 1495 5029 1495 4911 1496 4908 1496 5029 1496 4911 1497 5029 1497 5030 1497 4911 1498 5030 1498 5031 1498 4912 1499 4911 1499 5031 1499 4914 1336 4912 1336 5031 1336 4914 1500 5031 1500 5032 1500 4916 1337 4914 1337 5032 1337 4916 1337 5032 1337 5033 1337 4918 1501 4916 1501 5033 1501 4918 1338 5033 1338 5034 1338 4921 1502 4918 1502 5034 1502 4921 1503 5034 1503 5035 1503 4923 1504 4921 1504 5035 1504 4923 1505 5035 1505 5036 1505 4925 1506 4923 1506 5036 1506 4925 1507 5036 1507 5037 1507 4927 1346 4925 1346 5037 1346 4927 1508 5037 1508 5038 1508 4929 1509 5038 1509 5039 1509 4929 1510 4927 1510 5038 1510 4931 1511 5039 1511 5040 1511 4931 1512 4929 1512 5039 1512 4933 1513 5040 1513 5041 1513 4933 1514 4931 1514 5040 1514 4935 1515 5041 1515 5042 1515 4935 1516 4933 1516 5041 1516 4937 1517 5042 1517 5043 1517 4937 1518 4935 1518 5042 1518 4939 1519 5043 1519 5044 1519 4941 1520 5045 1520 5046 1520 4939 1521 4937 1521 5043 1521 4942 1522 4941 1522 5046 1522 4944 1523 4942 1523 5046 1523 4944 1523 5046 1523 5047 1523 4946 1524 4944 1524 5047 1524 4946 1525 5047 1525 5048 1525 4948 1526 4946 1526 5048 1526 4948 1527 5048 1527 5049 1527 4950 1528 4948 1528 5049 1528 4950 1529 5049 1529 5050 1529 4953 1530 4950 1530 5050 1530 4953 1530 5050 1530 5051 1530 4954 1531 4953 1531 5051 1531 4954 1532 5051 1532 5052 1532 4956 1533 4954 1533 5052 1533 4956 1534 5052 1534 5053 1534 4958 1535 4956 1535 5053 1535 4958 1536 5053 1536 5054 1536 4958 1537 5054 1537 5055 1537 4960 1538 4958 1538 5055 1538 4960 1539 5055 1539 4962 1539 4775 1539 4960 1539 4962 1539 5056 1804 5057 1804 5058 1804 5057 1805 5059 1805 5058 1805 5056 1806 5058 1806 5060 1806 5059 1807 5057 1807 5061 1807 5059 1808 5061 1808 5062 1808 5058 1809 5059 1809 5063 1809 5059 1810 5062 1810 5063 1810 5064 1811 5056 1811 5065 1811 5060 1812 5058 1812 5065 1812 5056 1813 5060 1813 5065 1813 5058 1814 5063 1814 5065 1814 5057 1815 5066 1815 5067 1815 5061 1816 5057 1816 5067 1816 5062 1817 5061 1817 5068 1817 5061 1818 5067 1818 5068 1818 5063 1819 5062 1819 5069 1819 5062 1820 5068 1820 5069 1820 5064 1821 5065 1821 5070 1821 5065 1822 5063 1822 5070 1822 5063 1823 5069 1823 5070 1823 5067 1824 5066 1824 5071 1824 5067 1825 5071 1825 5072 1825 5068 1826 5067 1826 5072 1826 5071 1827 5066 1827 5072 1827 5066 1828 5064 1828 5073 1828 5069 1829 5068 1829 5073 1829 5072 1830 5066 1830 5073 1830 5068 1831 5072 1831 5073 1831 5064 1832 5070 1832 5074 1832 5070 1833 5069 1833 5074 1833 5073 1834 5064 1834 5074 1834 5069 1835 5073 1835 5074 1835 5075 1836 5076 1836 5077 1836 5078 1837 5075 1837 5079 1837 5075 1838 5077 1838 5079 1838 5078 1839 5079 1839 5080 1839 5075 1840 5081 1840 5082 1840 5076 1841 5075 1841 5082 1841 5076 1842 5082 1842 5083 1842 5077 1843 5076 1843 5083 1843 5079 1844 5077 1844 5084 1844 5077 1845 5083 1845 5084 1845 5078 1846 5080 1846 5085 1846 5080 1847 5079 1847 5085 1847 5079 1848 5084 1848 5085 1848 5082 1849 5081 1849 5086 1849 5083 1850 5082 1850 5087 1850 5082 1851 5086 1851 5087 1851 5084 1852 5083 1852 5088 1852 5083 1853 5087 1853 5088 1853 5089 1854 5078 1854 5090 1854 5078 1855 5085 1855 5090 1855 5085 1856 5084 1856 5090 1856 5084 1857 5088 1857 5090 1857 5086 1858 5081 1858 5091 1858 5091 1859 5081 1859 5092 1859 5087 1860 5086 1860 5092 1860 5086 1861 5091 1861 5092 1861 5081 1862 5089 1862 5093 1862 5088 1863 5087 1863 5093 1863 5090 1864 5088 1864 5093 1864 5092 1865 5081 1865 5093 1865 5087 1866 5092 1866 5093 1866 5089 1867 5090 1867 5094 1867 5090 1868 5093 1868 5094 1868 5093 1869 5089 1869 5094 1869 5095 1870 5096 1870 5097 1870 5096 1871 5098 1871 5097 1871 5095 1872 5097 1872 5099 1872 5095 1873 5099 1873 5100 1873 5098 1874 5096 1874 5101 1874 5097 1875 5098 1875 5101 1875 5097 1876 5101 1876 5102 1876 5099 1877 5097 1877 5103 1877 5097 1878 5102 1878 5103 1878 5100 1879 5099 1879 5103 1879 5095 1880 5100 1880 5104 1880 5100 1881 5103 1881 5104 1881 5096 1882 5105 1882 5106 1882 5101 1883 5096 1883 5106 1883 5102 1884 5101 1884 5106 1884 5103 1885 5102 1885 5107 1885 5102 1886 5106 1886 5107 1886 5104 1887 5103 1887 5108 1887 5103 1888 5107 1888 5108 1888 5109 1889 5095 1889 5110 1889 5095 1890 5104 1890 5110 1890 5104 1891 5108 1891 5110 1891 5107 1892 5106 1892 5111 1892 5106 1893 5105 1893 5111 1893 5105 1894 5109 1894 5112 1894 5111 1895 5105 1895 5112 1895 5108 1896 5107 1896 5112 1896 5107 1897 5111 1897 5112 1897 5110 1898 5108 1898 5113 1898 5112 1899 5109 1899 5113 1899 5108 1900 5112 1900 5113 1900 5109 1901 5110 1901 5114 1901 5110 1902 5113 1902 5114 1902 5113 1903 5109 1903 5114 1903 5115 1904 5116 1904 5117 1904 5118 1905 5115 1905 5119 1905 5115 1906 5117 1906 5119 1906 5118 1907 5119 1907 5120 1907 5115 1908 5121 1908 5122 1908 5116 1909 5115 1909 5122 1909 5117 1910 5116 1910 5122 1910 5119 1911 5117 1911 5123 1911 5117 1912 5122 1912 5123 1912 5120 1913 5119 1913 5124 1913 5119 1914 5123 1914 5124 1914 5118 1915 5120 1915 5125 1915 5120 1916 5124 1916 5125 1916 5126 1917 5127 1917 5128 1917 5123 1918 5122 1918 5129 1918 5126 1919 5128 1919 5130 1919 5131 1920 5130 1920 5132 1920 5124 1921 5123 1921 5133 1921 5134 1922 5135 1922 5136 1922 5118 1923 5125 1923 5137 1923 5125 1924 5124 1924 5137 1924 5138 1925 5132 1925 5136 1925 5128 1926 5127 1926 5139 1926 5130 1927 5128 1927 5139 1927 5132 1928 5130 1928 5140 1928 5139 1929 5127 1929 5140 1929 5130 1930 5139 1930 5140 1930 5127 1931 5134 1931 5141 1931 5136 1932 5132 1932 5141 1932 5140 1933 5127 1933 5141 1933 5132 1934 5140 1934 5141 1934 5134 1935 5136 1935 5142 1935 5141 1936 5134 1936 5142 1936 5136 1937 5141 1937 5142 1937 5143 1938 5144 1938 5145 1938 5144 1939 5146 1939 5145 1939 5143 1940 5145 1940 5147 1940 5143 1941 5147 1941 5148 1941 5144 1942 5149 1942 5150 1942 5146 1943 5144 1943 5150 1943 5145 1944 5146 1944 5151 1944 5146 1945 5150 1945 5151 1945 5147 1946 5145 1946 5152 1946 5145 1947 5151 1947 5152 1947 5143 1948 5148 1948 5153 1948 5148 1949 5147 1949 5153 1949 5147 1950 5152 1950 5153 1950 5150 1951 5149 1951 5154 1951 5151 1952 5150 1952 5155 1952 5150 1953 5154 1953 5155 1953 5152 1954 5151 1954 5156 1954 5151 1955 5155 1955 5156 1955 5157 1956 5143 1956 5158 1956 5143 1957 5153 1957 5158 1957 5153 1958 5152 1958 5158 1958 5152 1959 5156 1959 5158 1959 5154 1960 5149 1960 5159 1960 5149 1961 5157 1961 5160 1961 5155 1962 5154 1962 5160 1962 5154 1963 5159 1963 5160 1963 5159 1964 5149 1964 5160 1964 5156 1965 5155 1965 5161 1965 5160 1966 5157 1966 5161 1966 5155 1967 5160 1967 5161 1967 5157 1968 5158 1968 5162 1968 5158 1969 5156 1969 5162 1969 5161 1970 5157 1970 5162 1970 5156 1971 5161 1971 5162 1971 5163 1972 5164 1972 5165 1972 5163 1973 5165 1973 5166 1973 5163 1974 5166 1974 5167 1974 5165 1975 5164 1975 5168 1975 5165 1976 5168 1976 5169 1976 5166 1977 5165 1977 5170 1977 5165 1978 5169 1978 5170 1978 5167 1979 5166 1979 5171 1979 5163 1980 5167 1980 5171 1980 5166 1981 5170 1981 5171 1981 5164 1982 5172 1982 5173 1982 5168 1983 5164 1983 5173 1983 5169 1984 5168 1984 5174 1984 5168 1985 5173 1985 5174 1985 5169 1986 5174 1986 5175 1986 5170 1987 5169 1987 5175 1987 5176 1988 5163 1988 5177 1988 5163 1989 5171 1989 5177 1989 5171 1990 5170 1990 5177 1990 5170 1991 5175 1991 5177 1991 5173 1992 5172 1992 5178 1992 5174 1993 5173 1993 5179 1993 5178 1994 5172 1994 5179 1994 5173 1995 5178 1995 5179 1995 5172 1996 5176 1996 5180 1996 5175 1997 5174 1997 5180 1997 5174 1998 5179 1998 5180 1998 5179 1999 5172 1999 5180 1999 5176 2000 5177 2000 5181 2000 5177 2001 5175 2001 5181 2001 5180 2002 5176 2002 5181 2002 5175 2003 5180 2003 5181 2003 5182 2004 5183 2004 5184 2004 5183 2005 5185 2005 5184 2005 5182 2006 5184 2006 5186 2006 5183 2007 5187 2007 5188 2007 5185 2008 5183 2008 5188 2008 5185 2009 5188 2009 5189 2009 5186 2010 5184 2010 5190 2010 5184 2011 5185 2011 5190 2011 5185 2012 5189 2012 5190 2012 5182 2013 5186 2013 5191 2013 5186 2014 5190 2014 5191 2014 5188 2015 5187 2015 5192 2015 5189 2016 5188 2016 5193 2016 5188 2017 5192 2017 5193 2017 5189 2018 5193 2018 5194 2018 5190 2019 5189 2019 5194 2019 5191 2020 5190 2020 5194 2020 5195 2021 5182 2021 5196 2021 5182 2022 5191 2022 5196 2022 5191 2023 5194 2023 5196 2023 5192 2024 5187 2024 5197 2024 5187 2025 5195 2025 5198 2025 5192 2026 5197 2026 5198 2026 5193 2027 5192 2027 5198 2027 5197 2028 5187 2028 5198 2028 5194 2029 5193 2029 5199 2029 5196 2030 5194 2030 5199 2030 5198 2031 5195 2031 5199 2031 5193 2032 5198 2032 5199 2032 5195 2033 5196 2033 5200 2033 5196 2034 5199 2034 5200 2034 5199 2035 5195 2035 5200 2035 5201 2036 5202 2036 5203 2036 5202 2037 5204 2037 5203 2037 5201 2038 5203 2038 5205 2038 5201 2039 5205 2039 5206 2039 5204 2040 5202 2040 5207 2040 5203 2041 5204 2041 5208 2041 5204 2042 5207 2042 5208 2042 5205 2043 5203 2043 5209 2043 5203 2044 5208 2044 5209 2044 5201 2045 5206 2045 5210 2045 5206 2046 5205 2046 5210 2046 5205 2047 5209 2047 5210 2047 5202 2048 5211 2048 5212 2048 5207 2049 5202 2049 5212 2049 5207 2050 5212 2050 5213 2050 5208 2051 5207 2051 5213 2051 5209 2052 5208 2052 5213 2052 5209 2053 5213 2053 5214 2053 5215 2054 5201 2054 5216 2054 5201 2055 5210 2055 5216 2055 5210 2056 5209 2056 5216 2056 5209 2057 5214 2057 5216 2057 5212 2058 5211 2058 5217 2058 5211 2059 5215 2059 5218 2059 5217 2060 5211 2060 5218 2060 5213 2061 5212 2061 5218 2061 5212 2062 5217 2062 5218 2062 5214 2063 5213 2063 5219 2063 5218 2064 5215 2064 5219 2064 5213 2065 5218 2065 5219 2065 5215 2066 5216 2066 5220 2066 5216 2067 5214 2067 5220 2067 5219 2068 5215 2068 5220 2068 5214 2069 5219 2069 5220 2069 5221 2070 5222 2070 5223 2070 5222 2071 5224 2071 5223 2071 5221 2072 5223 2072 5225 2072 5222 2073 5226 2073 5227 2073 5224 2074 5222 2074 5227 2074 5223 2075 5224 2075 5228 2075 5224 2076 5227 2076 5228 2076 5223 2077 5228 2077 5229 2077 5225 2078 5223 2078 5229 2078 5230 2079 5221 2079 5231 2079 5221 2080 5225 2080 5231 2080 5225 2081 5229 2081 5231 2081 5227 2082 5226 2082 5232 2082 5228 2083 5227 2083 5232 2083 5229 2084 5228 2084 5233 2084 5228 2085 5232 2085 5233 2085 5229 2086 5233 2086 5234 2086 5230 2087 5231 2087 5235 2087 5231 2088 5229 2088 5235 2088 5229 2089 5234 2089 5235 2089 5232 2090 5226 2090 5236 2090 5226 2091 5230 2091 5237 2091 5233 2092 5232 2092 5237 2092 5232 2093 5236 2093 5237 2093 5236 2094 5226 2094 5237 2094 5233 2095 5237 2095 5238 2095 5234 2096 5233 2096 5238 2096 5237 2097 5230 2097 5238 2097 5230 2098 5235 2098 5239 2098 5235 2099 5234 2099 5239 2099 5234 2100 5238 2100 5239 2100 5238 2101 5230 2101 5239 2101 5240 2102 5241 2102 5242 2102 5240 2103 5242 2103 5243 2103 5240 2104 5243 2104 5244 2104 5241 2105 5245 2105 5246 2105 5242 2106 5241 2106 5246 2106 5242 2107 5246 2107 5247 2107 5243 2108 5242 2108 5248 2108 5242 2109 5247 2109 5248 2109 5244 2110 5243 2110 5249 2110 5240 2111 5244 2111 5249 2111 5243 2112 5248 2112 5249 2112 5246 2113 5245 2113 5250 2113 5247 2114 5246 2114 5251 2114 5246 2115 5250 2115 5251 2115 5247 2116 5251 2116 5252 2116 5248 2117 5247 2117 5252 2117 5253 2118 5240 2118 5254 2118 5240 2119 5249 2119 5254 2119 5249 2120 5248 2120 5254 2120 5248 2121 5252 2121 5254 2121 5250 2122 5245 2122 5255 2122 5245 2123 5253 2123 5256 2123 5255 2124 5245 2124 5256 2124 5251 2125 5250 2125 5256 2125 5250 2126 5255 2126 5256 2126 5252 2127 5251 2127 5257 2127 5256 2128 5253 2128 5257 2128 5251 2129 5256 2129 5257 2129 5253 2130 5254 2130 5258 2130 5254 2131 5252 2131 5258 2131 5257 2132 5253 2132 5258 2132 5252 2133 5257 2133 5258 2133 5259 2134 5260 2134 5261 2134 5262 2135 5259 2135 5263 2135 5259 2136 5261 2136 5263 2136 5262 2137 5263 2137 5264 2137 5260 2138 5259 2138 5265 2138 5261 2139 5260 2139 5266 2139 5260 2140 5265 2140 5266 2140 5263 2141 5261 2141 5267 2141 5261 2142 5266 2142 5267 2142 5268 2143 5262 2143 5269 2143 5262 2144 5264 2144 5269 2144 5264 2145 5263 2145 5269 2145 5263 2146 5267 2146 5269 2146 5259 2147 5270 2147 5271 2147 5265 2148 5259 2148 5271 2148 5266 2149 5265 2149 5271 2149 5267 2150 5266 2150 5272 2150 5266 2151 5271 2151 5272 2151 5269 2152 5267 2152 5273 2152 5267 2153 5272 2153 5273 2153 5268 2154 5269 2154 5274 2154 5269 2155 5273 2155 5274 2155 5271 2156 5270 2156 5275 2156 5275 2157 5270 2157 5276 2157 5271 2158 5275 2158 5276 2158 5272 2159 5271 2159 5276 2159 5270 2160 5268 2160 5277 2160 5273 2161 5272 2161 5277 2161 5276 2162 5270 2162 5277 2162 5272 2163 5276 2163 5277 2163 5268 2164 5274 2164 5278 2164 5274 2165 5273 2165 5278 2165 5277 2166 5268 2166 5278 2166 5273 2167 5277 2167 5278 2167 5279 2168 5280 2168 5281 2168 5280 2169 5282 2169 5281 2169 5279 2170 5281 2170 5283 2170 5280 2171 5284 2171 5285 2171 5282 2172 5280 2172 5285 2172 5282 2173 5285 2173 5286 2173 5281 2174 5282 2174 5287 2174 5282 2175 5286 2175 5287 2175 5283 2176 5281 2176 5288 2176 5279 2177 5283 2177 5288 2177 5281 2178 5287 2178 5288 2178 5285 2179 5284 2179 5289 2179 5286 2180 5285 2180 5289 2180 5287 2181 5286 2181 5290 2181 5286 2182 5289 2182 5290 2182 5288 2183 5287 2183 5291 2183 5287 2184 5290 2184 5291 2184 5292 2185 5279 2185 5293 2185 5279 2186 5288 2186 5293 2186 5288 2187 5291 2187 5293 2187 5289 2188 5284 2188 5294 2188 5290 2189 5289 2189 5294 2189 5294 2190 5284 2190 5295 2190 5290 2191 5294 2191 5295 2191 5284 2192 5292 2192 5296 2192 5291 2193 5290 2193 5296 2193 5295 2194 5284 2194 5296 2194 5290 2195 5295 2195 5296 2195 5292 2196 5293 2196 5297 2196 5293 2197 5291 2197 5297 2197 5296 2198 5292 2198 5297 2198 5291 2199 5296 2199 5297 2199 5298 2200 5299 2200 5300 2200 5301 2201 5298 2201 5302 2201 5298 2202 5300 2202 5302 2202 5301 2203 5302 2203 5303 2203 5299 2204 5298 2204 5304 2204 5300 2205 5299 2205 5305 2205 5306 2206 5307 2206 5308 2206 5302 2207 5300 2207 5309 2207 5310 2208 5308 2208 5311 2208 5301 2209 5303 2209 5312 2209 5303 2210 5302 2210 5312 2210 5313 2211 5311 2211 5314 2211 5315 2212 5316 2212 5317 2212 5304 2213 5298 2213 5318 2213 5307 2214 5317 2214 5319 2214 5308 2215 5307 2215 5319 2215 5311 2216 5308 2216 5320 2216 5308 2217 5319 2217 5320 2217 5321 2218 5322 2218 5323 2218 5301 2219 5312 2219 5324 2219 5314 2220 5311 2220 5323 2220 5311 2221 5320 2221 5323 2221 5317 2222 5316 2222 5325 2222 5316 2223 5321 2223 5326 2223 5319 2224 5317 2224 5326 2224 5325 2225 5316 2225 5326 2225 5317 2226 5325 2226 5326 2226 5326 2227 5321 2227 5327 2227 5320 2228 5319 2228 5327 2228 5319 2229 5326 2229 5327 2229 5321 2230 5323 2230 5328 2230 5323 2231 5320 2231 5328 2231 5327 2232 5321 2232 5328 2232 5320 2233 5327 2233 5328 2233 5329 2234 5330 2234 5331 2234 5330 2235 5332 2235 5331 2235 5329 2236 5331 2236 5333 2236 5329 2237 5333 2237 5334 2237 5330 2238 5335 2238 5336 2238 5332 2239 5330 2239 5336 2239 5333 2240 5331 2240 5337 2240 5331 2241 5332 2241 5337 2241 5332 2242 5336 2242 5337 2242 5333 2243 5337 2243 5338 2243 5329 2244 5334 2244 5339 2244 5334 2245 5333 2245 5339 2245 5333 2246 5338 2246 5339 2246 5336 2247 5335 2247 5340 2247 5337 2248 5336 2248 5341 2248 5336 2249 5340 2249 5341 2249 5338 2250 5337 2250 5342 2250 5337 2251 5341 2251 5342 2251 5343 2252 5329 2252 5344 2252 5329 2253 5339 2253 5344 2253 5339 2254 5338 2254 5344 2254 5338 2255 5342 2255 5344 2255 5340 2256 5335 2256 5345 2256 5335 2257 5343 2257 5346 2257 5341 2258 5340 2258 5346 2258 5345 2259 5335 2259 5346 2259 5340 2260 5345 2260 5346 2260 5346 2261 5343 2261 5347 2261 5342 2262 5341 2262 5347 2262 5341 2263 5346 2263 5347 2263 5343 2264 5344 2264 5348 2264 5344 2265 5342 2265 5348 2265 5347 2266 5343 2266 5348 2266 5342 2267 5347 2267 5348 2267 5349 2268 5350 2268 5351 2268 5350 2269 5352 2269 5351 2269 5349 2270 5351 2270 5353 2270 5349 2271 5353 2271 5354 2271 5352 2272 5350 2272 5355 2272 5351 2273 5352 2273 5355 2273 5353 2274 5351 2274 5356 2274 5351 2275 5355 2275 5356 2275 5353 2276 5356 2276 5357 2276 5358 2277 5349 2277 5359 2277 5349 2278 5354 2278 5359 2278 5354 2279 5353 2279 5359 2279 5353 2280 5357 2280 5359 2280 5350 2281 5360 2281 5361 2281 5355 2282 5350 2282 5361 2282 5355 2283 5361 2283 5362 2283 5356 2284 5355 2284 5362 2284 5357 2285 5356 2285 5363 2285 5356 2286 5362 2286 5363 2286 5358 2287 5359 2287 5364 2287 5359 2288 5357 2288 5364 2288 5357 2289 5363 2289 5364 2289 5361 2290 5360 2290 5365 2290 5360 2291 5358 2291 5366 2291 5362 2292 5361 2292 5366 2292 5361 2293 5365 2293 5366 2293 5365 2294 5360 2294 5366 2294 5362 2295 5366 2295 5367 2295 5363 2296 5362 2296 5367 2296 5366 2297 5358 2297 5367 2297 5358 2298 5364 2298 5368 2298 5364 2299 5363 2299 5368 2299 5363 2300 5367 2300 5368 2300 5367 2301 5358 2301 5368 2301 5369 2302 5370 2302 5371 2302 5372 2303 5369 2303 5373 2303 5369 2304 5371 2304 5373 2304 5372 2305 5373 2305 5374 2305 5369 2306 5375 2306 5376 2306 5370 2307 5369 2307 5376 2307 5371 2308 5370 2308 5377 2308 5370 2309 5376 2309 5377 2309 5373 2310 5371 2310 5378 2310 5371 2311 5377 2311 5378 2311 5379 2312 5372 2312 5380 2312 5372 2313 5374 2313 5380 2313 5374 2314 5373 2314 5380 2314 5373 2315 5378 2315 5380 2315 5376 2316 5375 2316 5381 2316 5377 2317 5376 2317 5381 2317 5378 2318 5377 2318 5382 2318 5377 2319 5381 2319 5382 2319 5380 2320 5378 2320 5383 2320 5378 2321 5382 2321 5383 2321 5379 2322 5380 2322 5384 2322 5380 2323 5383 2323 5384 2323 5381 2324 5375 2324 5385 2324 5382 2325 5381 2325 5385 2325 5385 2326 5375 2326 5386 2326 5382 2327 5385 2327 5386 2327 5375 2328 5379 2328 5387 2328 5383 2329 5382 2329 5387 2329 5384 2330 5383 2330 5387 2330 5386 2331 5375 2331 5387 2331 5382 2332 5386 2332 5387 2332 5379 2333 5384 2333 5388 2333 5387 2334 5379 2334 5388 2334 5384 2335 5387 2335 5388 2335 5389 2336 5390 2336 5391 2336 5392 2337 5389 2337 5393 2337 5389 2338 5391 2338 5393 2338 5392 2339 5393 2339 5394 2339 5390 2340 5389 2340 5395 2340 5390 2341 5395 2341 5396 2341 5391 2342 5390 2342 5396 2342 5393 2343 5391 2343 5397 2343 5394 2344 5393 2344 5397 2344 5391 2345 5396 2345 5397 2345 5398 2346 5392 2346 5399 2346 5392 2347 5394 2347 5399 2347 5394 2348 5397 2348 5399 2348 5389 2349 5400 2349 5401 2349 5395 2350 5389 2350 5401 2350 5395 2351 5401 2351 5402 2351 5396 2352 5395 2352 5402 2352 5397 2353 5396 2353 5403 2353 5396 2354 5402 2354 5403 2354 5398 2355 5399 2355 5404 2355 5399 2356 5397 2356 5404 2356 5397 2357 5403 2357 5404 2357 5401 2358 5400 2358 5405 2358 5400 2359 5398 2359 5406 2359 5402 2360 5401 2360 5406 2360 5405 2361 5400 2361 5406 2361 5401 2362 5405 2362 5406 2362 5402 2363 5406 2363 5407 2363 5403 2364 5402 2364 5407 2364 5406 2365 5398 2365 5407 2365 5398 2366 5404 2366 5408 2366 5404 2367 5403 2367 5408 2367 5403 2368 5407 2368 5408 2368 5407 2369 5398 2369 5408 2369 5409 2370 5410 2370 5411 2370 5409 2371 5411 2371 5412 2371 5409 2372 5412 2372 5413 2372 5410 2373 5414 2373 5415 2373 5411 2374 5410 2374 5415 2374 5412 2375 5411 2375 5416 2375 5411 2376 5415 2376 5416 2376 5413 2377 5412 2377 5417 2377 5412 2378 5416 2378 5417 2378 5418 2379 5409 2379 5419 2379 5409 2380 5413 2380 5419 2380 5413 2381 5417 2381 5419 2381 5415 2382 5414 2382 5420 2382 5416 2383 5415 2383 5421 2383 5415 2384 5420 2384 5421 2384 5416 2385 5421 2385 5422 2385 5417 2386 5416 2386 5422 2386 5418 2387 5419 2387 5423 2387 5419 2388 5417 2388 5423 2388 5417 2389 5422 2389 5423 2389 5420 2390 5414 2390 5424 2390 5414 2391 5418 2391 5425 2391 5420 2392 5424 2392 5425 2392 5421 2393 5420 2393 5425 2393 5424 2394 5414 2394 5425 2394 5422 2395 5421 2395 5426 2395 5423 2396 5422 2396 5426 2396 5425 2397 5418 2397 5426 2397 5421 2398 5425 2398 5426 2398 5418 2399 5423 2399 5427 2399 5423 2400 5426 2400 5427 2400 5426 2401 5418 2401 5427 2401 5428 2402 5429 2402 5430 2402 5429 2403 5431 2403 5430 2403 5428 2404 5430 2404 5432 2404 5428 2405 5432 2405 5433 2405 5429 2406 5434 2406 5435 2406 5431 2407 5429 2407 5435 2407 5430 2408 5431 2408 5435 2408 5432 2409 5430 2409 5436 2409 5430 2410 5435 2410 5436 2410 5433 2411 5432 2411 5437 2411 5432 2412 5436 2412 5437 2412 5428 2413 5433 2413 5438 2413 5433 2414 5437 2414 5438 2414 5435 2415 5434 2415 5439 2415 5436 2416 5435 2416 5440 2416 5435 2417 5439 2417 5440 2417 5437 2418 5436 2418 5441 2418 5436 2419 5440 2419 5441 2419 5442 2420 5428 2420 5443 2420 5428 2421 5438 2421 5443 2421 5438 2422 5437 2422 5443 2422 5437 2423 5441 2423 5443 2423 5439 2424 5434 2424 5444 2424 5440 2425 5439 2425 5445 2425 5439 2426 5444 2426 5445 2426 5444 2427 5434 2427 5445 2427 5434 2428 5442 2428 5446 2428 5441 2429 5440 2429 5446 2429 5445 2430 5434 2430 5446 2430 5440 2431 5445 2431 5446 2431 5442 2432 5443 2432 5447 2432 5443 2433 5441 2433 5447 2433 5446 2434 5442 2434 5447 2434 5441 2435 5446 2435 5447 2435 5448 2436 5449 2436 5450 2436 5449 2437 5451 2437 5450 2437 5448 2438 5450 2438 5452 2438 5451 2439 5449 2439 5453 2439 5450 2440 5451 2440 5454 2440 5451 2441 5453 2441 5454 2441 5450 2442 5454 2442 5455 2442 5452 2443 5450 2443 5456 2443 5448 2444 5452 2444 5456 2444 5450 2445 5455 2445 5456 2445 5449 2446 5457 2446 5458 2446 5453 2447 5449 2447 5458 2447 5454 2448 5453 2448 5458 2448 5454 2449 5458 2449 5459 2449 5455 2450 5454 2450 5460 2450 5454 2451 5459 2451 5460 2451 5461 2452 5448 2452 5462 2452 5448 2453 5456 2453 5462 2453 5456 2454 5455 2454 5462 2454 5455 2455 5460 2455 5462 2455 5458 2456 5457 2456 5463 2456 5457 2457 5461 2457 5464 2457 5463 2458 5457 2458 5464 2458 5459 2459 5458 2459 5464 2459 5458 2460 5463 2460 5464 2460 5464 2461 5461 2461 5465 2461 5460 2462 5459 2462 5465 2462 5459 2463 5464 2463 5465 2463 5461 2464 5462 2464 5466 2464 5462 2465 5460 2465 5466 2465 5465 2466 5461 2466 5466 2466 5460 2467 5465 2467 5466 2467 5467 2468 5468 2468 5469 2468 5468 2469 5470 2469 5469 2469 5467 2470 5469 2470 5471 2470 5468 2471 5472 2471 5473 2471 5470 2472 5468 2472 5473 2472 5469 2473 5470 2473 5474 2473 5470 2474 5473 2474 5474 2474 5469 2475 5474 2475 5475 2475 5476 2476 5467 2476 5477 2476 5471 2477 5469 2477 5477 2477 5467 2478 5471 2478 5477 2478 5469 2479 5475 2479 5477 2479 5473 2480 5472 2480 5478 2480 5474 2481 5473 2481 5479 2481 5473 2482 5478 2482 5479 2482 5474 2483 5479 2483 5480 2483 5475 2484 5474 2484 5480 2484 5476 2485 5477 2485 5481 2485 5477 2486 5475 2486 5481 2486 5475 2487 5480 2487 5481 2487 5478 2488 5472 2488 5482 2488 5472 2489 5476 2489 5483 2489 5478 2490 5482 2490 5483 2490 5479 2491 5478 2491 5483 2491 5482 2492 5472 2492 5483 2492 5480 2493 5479 2493 5484 2493 5479 2494 5483 2494 5484 2494 5483 2495 5476 2495 5484 2495 5480 2496 5484 2496 5485 2496 5476 2497 5481 2497 5485 2497 5481 2498 5480 2498 5485 2498 5484 2499 5476 2499 5485 2499 5486 2500 5487 2500 5488 2500 5489 2501 5486 2501 5488 2501 5489 2502 5488 2502 5490 2502 5488 2503 5487 2503 5490 2503 5491 2504 5489 2504 5492 2504 5487 2505 5491 2505 5492 2505 5489 2506 5490 2506 5492 2506 5490 2507 5487 2507 5492 2507 5493 2508 5494 2508 5495 2508 5496 2509 5493 2509 5497 2509 5493 2510 5495 2510 5497 2510 5496 2511 5497 2511 5498 2511 5493 2512 5499 2512 5500 2512 5494 2513 5493 2513 5500 2513 5495 2514 5494 2514 5500 2514 5497 2515 5495 2515 5501 2515 5495 2516 5500 2516 5501 2516 5498 2517 5497 2517 5502 2517 5497 2518 5501 2518 5502 2518 5496 2519 5498 2519 5503 2519 5498 2520 5502 2520 5503 2520 5500 2521 5499 2521 5504 2521 5501 2522 5500 2522 5505 2522 5500 2523 5504 2523 5505 2523 5502 2524 5501 2524 5506 2524 5501 2525 5505 2525 5506 2525 5507 2526 5496 2526 5508 2526 5496 2527 5503 2527 5508 2527 5503 2528 5502 2528 5508 2528 5502 2529 5506 2529 5508 2529 5504 2530 5499 2530 5509 2530 5499 2531 5507 2531 5510 2531 5505 2532 5504 2532 5510 2532 5504 2533 5509 2533 5510 2533 5509 2534 5499 2534 5510 2534 5506 2535 5505 2535 5511 2535 5510 2536 5507 2536 5511 2536 5505 2537 5510 2537 5511 2537 5507 2538 5508 2538 5512 2538 5508 2539 5506 2539 5512 2539 5511 2536 5507 2536 5512 2536 5506 2540 5511 2540 5512 2540 5513 2541 5514 2541 5515 2541 5516 2542 5513 2542 5515 2542 5516 2543 5515 2543 5517 2543 5515 2544 5514 2544 5517 2544 5518 2545 5516 2545 5519 2545 5514 2546 5518 2546 5519 2546 5516 2547 5517 2547 5519 2547 5517 2548 5514 2548 5519 2548 5520 2549 5521 2549 5522 2549 5523 2550 5520 2550 5524 2550 5520 2551 5522 2551 5524 2551 5523 2552 5524 2552 5525 2552 5521 2553 5520 2553 5526 2553 5521 2554 5526 2554 5527 2554 5522 2555 5521 2555 5527 2555 5524 2556 5522 2556 5528 2556 5522 2557 5527 2557 5528 2557 5523 2558 5525 2558 5529 2558 5525 2559 5524 2559 5529 2559 5524 2560 5528 2560 5529 2560 5520 2561 5530 2561 5531 2561 5526 2562 5520 2562 5531 2562 5526 2563 5531 2563 5532 2563 5527 2564 5526 2564 5532 2564 5528 2565 5527 2565 5533 2565 5527 2566 5532 2566 5533 2566 5534 2567 5523 2567 5535 2567 5523 2568 5529 2568 5535 2568 5529 2569 5528 2569 5535 2569 5528 2570 5533 2570 5535 2570 5536 2571 5537 2571 5538 2571 5532 2572 5531 2572 5539 2572 5537 2573 5540 2573 5541 2573 5538 2574 5537 2574 5541 2574 5533 2575 5532 2575 5542 2575 5543 2576 5538 2576 5541 2576 5541 2577 5540 2577 5544 2577 5545 2578 5541 2578 5544 2578 5540 2579 5546 2579 5547 2579 5535 2580 5533 2580 5548 2580 5544 2581 5540 2581 5547 2581 5545 2582 5544 2582 5547 2582 5549 2583 5550 2583 5551 2583 5550 2584 5552 2584 5551 2584 5549 2585 5551 2585 5553 2585 5550 2586 5554 2586 5555 2586 5552 2587 5550 2587 5555 2587 5552 2588 5555 2588 5556 2588 5551 2589 5552 2589 5556 2589 5553 2590 5551 2590 5557 2590 5551 2591 5556 2591 5557 2591 5549 2592 5553 2592 5558 2592 5553 2593 5557 2593 5558 2593 5555 2594 5554 2594 5559 2594 5556 2595 5555 2595 5560 2595 5555 2596 5559 2596 5560 2596 5556 2597 5560 2597 5561 2597 5557 2598 5556 2598 5561 2598 5562 2599 5549 2599 5563 2599 5549 2600 5558 2600 5563 2600 5558 2601 5557 2601 5563 2601 5557 2602 5561 2602 5563 2602 5559 2603 5554 2603 5564 2603 5559 2604 5564 2604 5565 2604 5560 2605 5559 2605 5565 2605 5564 2606 5554 2606 5565 2606 5554 2607 5562 2607 5566 2607 5561 2608 5560 2608 5566 2608 5565 2609 5554 2609 5566 2609 5560 2610 5565 2610 5566 2610 5562 2611 5563 2611 5567 2611 5563 2612 5561 2612 5567 2612 5566 2613 5562 2613 5567 2613 5561 2614 5566 2614 5567 2614 5568 2615 5569 2615 5570 2615 5571 2616 5568 2616 5572 2616 5568 2617 5570 2617 5572 2617 5571 2618 5572 2618 5573 2618 5569 2619 5568 2619 5574 2619 5569 2620 5574 2620 5575 2620 5570 2621 5569 2621 5575 2621 5572 2622 5570 2622 5576 2622 5570 2623 5575 2623 5576 2623 5571 2624 5573 2624 5577 2624 5573 2625 5572 2625 5577 2625 5572 2626 5576 2626 5577 2626 5568 2627 5578 2627 5579 2627 5574 2628 5568 2628 5579 2628 5575 2629 5574 2629 5579 2629 5576 2630 5575 2630 5580 2630 5575 2631 5579 2631 5580 2631 5577 2632 5576 2632 5581 2632 5576 2633 5580 2633 5581 2633 5582 2634 5571 2634 5583 2634 5577 2635 5581 2635 5583 2635 5571 2636 5577 2636 5583 2636 5579 2637 5578 2637 5584 2637 5580 2638 5579 2638 5584 2638 5578 2639 5582 2639 5585 2639 5584 2640 5578 2640 5585 2640 5581 2641 5580 2641 5585 2641 5580 2642 5584 2642 5585 2642 5583 2643 5581 2643 5586 2643 5585 2644 5582 2644 5586 2644 5581 2645 5585 2645 5586 2645 5582 2646 5583 2646 5587 2646 5583 2647 5586 2647 5587 2647 5586 2648 5582 2648 5587 2648 5588 2649 5589 2649 5590 2649 5589 2650 5591 2650 5590 2650 5588 2651 5590 2651 5592 2651 5588 2652 5592 2652 5593 2652 5589 2653 5594 2653 5595 2653 5591 2654 5589 2654 5595 2654 5590 2655 5591 2655 5596 2655 5591 2656 5595 2656 5596 2656 5592 2657 5590 2657 5597 2657 5590 2658 5596 2658 5597 2658 5588 2659 5593 2659 5598 2659 5593 2660 5592 2660 5598 2660 5592 2661 5597 2661 5598 2661 5595 2662 5594 2662 5599 2662 5596 2663 5595 2663 5600 2663 5595 2664 5599 2664 5600 2664 5597 2665 5596 2665 5601 2665 5596 2666 5600 2666 5601 2666 5602 2667 5588 2667 5603 2667 5588 2668 5598 2668 5603 2668 5598 2669 5597 2669 5603 2669 5597 2670 5601 2670 5603 2670 5599 2671 5594 2671 5604 2671 5594 2672 5602 2672 5605 2672 5604 2673 5594 2673 5605 2673 5600 2674 5599 2674 5605 2674 5599 2675 5604 2675 5605 2675 5601 2676 5600 2676 5605 2676 5605 2677 5602 2677 5606 2677 5601 2678 5605 2678 5606 2678 5602 2679 5603 2679 5607 2679 5603 2680 5601 2680 5607 2680 5606 2681 5602 2681 5607 2681 5601 2682 5606 2682 5607 2682 5608 2683 5609 2683 5610 2683 5609 2684 5611 2684 5610 2684 5608 2685 5610 2685 5612 2685 5611 2686 5609 2686 5613 2686 5611 2687 5613 2687 5614 2687 5610 2688 5611 2688 5615 2688 5611 2689 5614 2689 5615 2689 5616 2690 5608 2690 5617 2690 5612 2691 5610 2691 5617 2691 5608 2692 5612 2692 5617 2692 5610 2693 5615 2693 5617 2693 5609 2694 5618 2694 5619 2694 5613 2695 5609 2695 5619 2695 5614 2696 5613 2696 5620 2696 5613 2697 5619 2697 5620 2697 5615 2698 5614 2698 5621 2698 5614 2699 5620 2699 5621 2699 5616 2700 5617 2700 5622 2700 5617 2701 5615 2701 5622 2701 5615 2702 5621 2702 5622 2702 5619 2703 5618 2703 5623 2703 5623 2704 5618 2704 5624 2704 5620 2705 5619 2705 5624 2705 5619 2706 5623 2706 5624 2706 5618 2707 5616 2707 5625 2707 5621 2708 5620 2708 5625 2708 5622 2709 5621 2709 5625 2709 5624 2710 5618 2710 5625 2710 5620 2711 5624 2711 5625 2711 5616 2712 5622 2712 5626 2712 5625 2713 5616 2713 5626 2713 5622 2714 5625 2714 5626 2714 5627 2715 5628 2715 5629 2715 5630 2716 5627 2716 5631 2716 5627 2717 5629 2717 5631 2717 5630 2718 5631 2718 5632 2718 5628 2719 5627 2719 5633 2719 5629 2720 5628 2720 5633 2720 5631 2721 5629 2721 5634 2721 5629 2722 5633 2722 5634 2722 5632 2723 5631 2723 5635 2723 5631 2724 5634 2724 5635 2724 5636 2725 5630 2725 5637 2725 5630 2726 5632 2726 5637 2726 5632 2727 5635 2727 5637 2727 5627 2728 5638 2728 5639 2728 5633 2729 5627 2729 5639 2729 5633 2730 5639 2730 5640 2730 5634 2731 5633 2731 5640 2731 5635 2732 5634 2732 5641 2732 5634 2733 5640 2733 5641 2733 5636 2734 5637 2734 5642 2734 5637 2735 5635 2735 5642 2735 5635 2736 5641 2736 5642 2736 5639 2737 5638 2737 5643 2737 5638 2738 5636 2738 5644 2738 5640 2739 5639 2739 5644 2739 5639 2740 5643 2740 5644 2740 5643 2741 5638 2741 5644 2741 5640 2742 5644 2742 5645 2742 5641 2743 5640 2743 5645 2743 5644 2744 5636 2744 5645 2744 5636 2745 5642 2745 5646 2745 5642 2746 5641 2746 5646 2746 5641 2747 5645 2747 5646 2747 5645 2748 5636 2748 5646 2748 5647 2749 5648 2749 5649 2749 5650 2750 5647 2750 5651 2750 5647 2751 5649 2751 5651 2751 5650 2752 5651 2752 5652 2752 5647 2753 5653 2753 5654 2753 5648 2754 5647 2754 5654 2754 5649 2755 5648 2755 5655 2755 5648 2756 5654 2756 5655 2756 5651 2757 5649 2757 5656 2757 5649 2758 5655 2758 5656 2758 5657 2759 5650 2759 5658 2759 5650 2760 5652 2760 5658 2760 5652 2761 5651 2761 5658 2761 5651 2762 5656 2762 5658 2762 5654 2763 5653 2763 5659 2763 5655 2764 5654 2764 5660 2764 5654 2765 5659 2765 5660 2765 5655 2766 5660 2766 5661 2766 5656 2767 5655 2767 5661 2767 5657 2768 5658 2768 5662 2768 5658 2769 5656 2769 5662 2769 5656 2770 5661 2770 5662 2770 5659 2771 5653 2771 5663 2771 5660 2772 5659 2772 5663 2772 5653 2773 5657 2773 5664 2773 5663 2774 5653 2774 5664 2774 5660 2775 5663 2775 5664 2775 5661 2776 5660 2776 5665 2776 5664 2777 5657 2777 5665 2777 5660 2778 5664 2778 5665 2778 5657 2779 5662 2779 5666 2779 5662 2780 5661 2780 5666 2780 5661 2781 5665 2781 5666 2781 5665 2782 5657 2782 5666 2782 5667 2783 5668 2783 5669 2783 5667 2784 5669 2784 5670 2784 5667 2785 5670 2785 5671 2785 5669 2786 5668 2786 5672 2786 5669 2787 5672 2787 5673 2787 5670 2788 5669 2788 5674 2788 5669 2789 5673 2789 5674 2789 5671 2790 5670 2790 5675 2790 5667 2791 5671 2791 5675 2791 5670 2792 5674 2792 5675 2792 5668 2793 5676 2793 5677 2793 5672 2794 5668 2794 5677 2794 5673 2795 5672 2795 5678 2795 5672 2796 5677 2796 5678 2796 5673 2797 5678 2797 5679 2797 5674 2798 5673 2798 5679 2798 5680 2799 5667 2799 5681 2799 5667 2800 5675 2800 5681 2800 5675 2801 5674 2801 5681 2801 5674 2802 5679 2802 5681 2802 5677 2803 5676 2803 5682 2803 5678 2804 5677 2804 5683 2804 5682 2805 5676 2805 5683 2805 5677 2806 5682 2806 5683 2806 5676 2807 5680 2807 5684 2807 5679 2808 5678 2808 5684 2808 5683 2809 5676 2809 5684 2809 5678 2810 5683 2810 5684 2810 5680 2811 5681 2811 5685 2811 5681 2812 5679 2812 5685 2812 5684 2813 5680 2813 5685 2813 5679 2814 5684 2814 5685 2814 5686 2815 5687 2815 5688 2815 5689 2816 5686 2816 5690 2816 5686 2817 5688 2817 5690 2817 5689 2818 5690 2818 5691 2818 5686 2819 5692 2819 5693 2819 5687 2820 5686 2820 5693 2820 5688 2821 5687 2821 5693 2821 5690 2822 5688 2822 5694 2822 5688 2823 5693 2823 5694 2823 5691 2824 5690 2824 5695 2824 5690 2825 5694 2825 5695 2825 5689 2826 5691 2826 5696 2826 5691 2827 5695 2827 5696 2827 5693 2828 5692 2828 5697 2828 5694 2829 5693 2829 5698 2829 5693 2830 5697 2830 5698 2830 5695 2831 5694 2831 5699 2831 5694 2832 5698 2832 5699 2832 5700 2833 5689 2833 5701 2833 5689 2834 5696 2835 5701 2836 5696 2837 5695 2837 5701 2837 5695 2838 5699 2838 5701 2838 5697 2839 5692 2839 5702 2839 5698 2840 5697 2840 5702 2840 5692 2841 5700 2841 5703 2841 5702 2842 5692 2842 5703 2842 5699 2843 5698 2843 5703 2843 5698 2844 5702 2844 5703 2844 5701 2845 5699 2845 5704 2845 5703 2846 5700 2846 5704 2846 5699 2847 5703 2847 5704 2847 5700 2848 5701 2848 5705 2848 5701 2849 5704 2849 5705 2849 5704 2850 5700 2850 5705 2850 5706 2851 5707 2851 5708 2851 5707 2852 5709 2852 5708 2852 5706 2853 5708 2853 5710 2853 5707 2854 5711 2854 5712 2854 5709 2855 5707 2855 5712 2855 5709 2856 5712 2856 5713 2856 5708 2857 5709 2857 5713 2857 5710 2858 5708 2858 5714 2858 5708 2859 5713 2859 5714 2859 5715 2860 5706 2860 5716 2860 5706 2861 5710 2861 5716 2861 5710 2862 5714 2862 5716 2862 5712 2863 5711 2863 5717 2863 5713 2864 5712 2864 5718 2864 5712 2865 5717 2865 5718 2865 5713 2866 5718 2866 5719 2866 5714 2867 5713 2867 5719 2867 5715 2868 5716 2868 5720 2868 5716 2869 5714 2869 5720 2869 5714 2870 5719 2870 5720 2870 5717 2871 5711 2871 5721 2871 5718 2872 5717 2872 5722 2872 5721 2873 5711 2873 5722 2873 5717 2874 5721 2874 5722 2874 5711 2875 5715 2875 5723 2875 5719 2876 5718 2876 5723 2876 5718 2877 5722 2877 5723 2877 5722 2878 5711 2878 5723 2878 5715 2879 5720 2879 5724 2879 5720 2880 5719 2880 5724 2880 5723 2881 5715 2881 5724 2881 5719 2882 5723 2882 5724 2882 5725 2883 5726 2883 5727 2883 5726 2884 5728 2884 5727 2884 5725 2885 5727 2885 5729 2885 5726 2886 5730 2886 5731 2886 5728 2887 5726 2887 5731 2887 5728 2888 5731 2888 5732 2888 5727 2889 5728 2889 5733 2889 5728 2890 5732 2890 5733 2890 5734 2891 5725 2891 5735 2891 5725 2892 5729 2892 5735 2892 5729 2893 5727 2893 5735 2893 5727 2894 5733 2894 5735 2894 5731 2895 5730 2895 5736 2895 5732 2896 5731 2896 5737 2896 5731 2897 5736 2897 5737 2897 5732 2898 5737 2898 5738 2898 5733 2899 5732 2899 5738 2899 5734 2900 5735 2900 5739 2900 5735 2901 5733 2901 5739 2901 5733 2902 5738 2902 5739 2902 5736 2903 5730 2903 5740 2903 5737 2904 5736 2904 5740 2904 5740 2905 5730 2905 5741 2905 5738 2906 5737 2906 5741 2906 5737 2907 5740 2907 5741 2907 5730 2908 5734 2908 5742 2908 5741 2909 5730 2909 5742 2909 5738 2910 5741 2910 5742 2910 5734 2911 5739 2911 5743 2911 5739 2912 5738 2912 5743 2912 5742 2913 5734 2913 5743 2913 5738 2914 5742 2914 5743 2914 5744 2915 5745 2915 5746 2915 5747 2916 5744 2916 5748 2916 5744 2917 5746 2917 5748 2917 5747 2918 5748 2918 5749 2918 5744 2919 5750 2919 5751 2919 5745 2920 5744 2920 5751 2920 5746 2921 5745 2921 5751 2921 5748 2922 5746 2922 5752 2922 5746 2923 5751 2923 5752 2923 5749 2924 5748 2924 5753 2924 5748 2925 5752 2925 5753 2925 5747 2926 5749 2926 5754 2926 5749 2927 5753 2927 5754 2927 5751 2928 5750 2928 5755 2928 5752 2929 5751 2929 5756 2929 5751 2930 5755 2930 5756 2930 5753 2931 5752 2931 5757 2931 5752 2932 5756 2932 5757 2932 5758 2933 5747 2933 5759 2933 5747 2934 5754 2934 5759 2934 5754 2927 5753 2927 5759 2927 5753 2935 5757 2935 5759 2935 5755 2936 5750 2936 5760 2936 5756 2937 5755 2937 5760 2937 5750 2938 5758 2938 5761 2938 5760 2939 5750 2939 5761 2939 5757 2940 5756 2940 5761 2940 5756 2941 5760 2941 5761 2941 5759 2942 5757 2942 5762 2942 5761 2943 5758 2943 5762 2943 5757 2944 5761 2944 5762 2944 5758 2945 5759 2945 5763 2945 5759 2946 5762 2946 5763 2946 5762 2947 5758 2947 5763 2947 5764 2948 5765 2948 5766 2948 5765 2949 5767 2949 5766 2949 5764 2950 5766 2950 5768 2950 5766 2951 5767 2951 5768 2951 5769 2952 5764 2952 5770 2952 5771 2953 5772 2953 5773 2953 5764 2954 5768 2954 5770 2954 5768 2955 5767 2955 5770 2955 5774 2956 5775 2956 5776 2956 5775 2957 5777 2957 5776 2957 5774 2958 5776 2958 5778 2958 5776 2959 5777 2959 5778 2959 5779 2960 5774 2960 5780 2960 5781 2961 5782 2961 5783 2961 5774 2962 5778 2962 5780 2962 5784 2963 5781 2963 5783 2963 5785 2964 5786 2964 5787 2964 5788 2965 5785 2965 5789 2965 5785 2966 5787 2966 5789 2966 5788 2967 5789 2967 5790 2967 5786 2968 5785 2968 5791 2968 5787 2969 5786 2969 5791 2969 5789 2970 5787 2970 5792 2970 5787 2971 5791 2971 5792 2971 5790 2972 5789 2972 5793 2972 5789 2973 5792 2973 5793 2973 5794 2974 5788 2974 5795 2974 5788 2975 5790 2975 5795 2975 5790 2976 5793 2976 5795 2976 5785 2977 5796 2977 5797 2977 5791 2978 5785 2978 5797 2978 5791 2979 5797 2979 5798 2979 5792 2980 5791 2980 5798 2980 5793 2981 5792 2981 5799 2981 5792 2982 5798 2982 5799 2982 5794 2983 5795 2983 5800 2983 5795 2984 5793 2984 5800 2984 5793 2985 5799 2985 5800 2985 5797 2986 5796 2986 5801 2986 5798 2987 5797 2987 5802 2987 5797 2988 5801 2988 5802 2988 5801 2989 5796 2989 5802 2989 5796 2990 5794 2990 5803 2990 5798 2991 5802 2991 5803 2991 5799 2992 5798 2992 5803 2992 5802 2993 5796 2993 5803 2993 5794 2994 5800 2994 5804 2994 5800 2995 5799 2995 5804 2995 5803 2996 5794 2996 5804 2996 5799 2997 5803 2997 5804 2997 5805 2998 5806 2998 5807 2998 5808 2999 5805 2999 5809 2999 5805 3000 5807 3000 5809 3000 5808 3001 5809 3001 5810 3001 5805 3002 5811 3002 5812 3002 5806 3003 5805 3003 5812 3003 5806 3004 5812 3004 5813 3004 5807 3005 5806 3005 5813 3005 5809 3006 5807 3006 5814 3006 5807 3007 5813 3007 5814 3007 5808 3008 5810 3008 5815 3008 5810 3009 5809 3009 5815 3009 5809 3010 5814 3010 5815 3010 5812 3011 5811 3011 5816 3011 5813 3012 5812 3012 5816 3012 5814 3013 5813 3013 5817 3013 5813 3014 5816 3014 5817 3014 5815 3015 5814 3015 5818 3015 5814 3016 5817 3016 5818 3016 5819 3017 5808 3017 5820 3017 5815 3018 5818 3018 5820 3018 5808 3019 5815 3019 5820 3019 5816 3020 5811 3020 5821 3020 5811 3021 5819 3021 5822 3021 5821 3022 5811 3022 5822 3022 5817 3023 5816 3023 5822 3023 5816 3024 5821 3024 5822 3024 5818 3025 5817 3025 5822 3025 5820 3026 5818 3026 5823 3026 5822 3027 5819 3027 5823 3027 5818 3028 5822 3028 5823 3028 5819 3029 5820 3029 5824 3029 5820 3030 5823 3030 5824 3030 5823 3031 5819 3031 5824 3031 5825 3032 5826 3032 5827 3032 5828 3033 5825 3033 5827 3033 5828 3034 5827 3034 5829 3034 5827 3035 5826 3035 5829 3035 5830 3036 5828 3036 5831 3036 5826 3037 5830 3037 5831 3037 5828 3038 5829 3038 5831 3038 5829 3039 5826 3039 5831 3039 5832 3040 5833 3040 5834 3040 5833 3041 5835 3041 5834 3041 5832 3042 5834 3042 5836 3042 5834 3043 5835 3043 5836 3043 5837 3044 5832 3044 5838 3044 5835 3045 5837 3045 5838 3045 5832 3046 5836 3046 5838 3046 5836 3047 5835 3047 5838 3047 5839 3048 5840 3048 5841 3048 5842 3049 5839 3049 5841 3049 5842 3050 5841 3050 5843 3050 5841 3051 5840 3051 5843 3051 5844 3052 5842 3052 5845 3052 5840 3053 5844 3053 5845 3053 5842 3054 5843 3054 5845 3054 5843 3055 5840 3055 5845 3055 5846 3056 5847 3056 5848 3056 5847 3057 5849 3057 5848 3057 5846 3058 5848 3058 5850 3058 5848 3059 5849 3059 5850 3059 5851 3060 5846 3060 5852 3060 5849 3061 5851 3061 5852 3061 5846 3062 5850 3062 5852 3062 5850 3063 5849 3063 5852 3063 5853 3064 5854 3064 5855 3064 5856 3065 5853 3065 5855 3065 5856 3066 5855 3066 5857 3066 5855 3067 5854 3067 5857 3067 5858 3068 5856 3068 5859 3068 5854 3069 5858 3069 5859 3069 5856 3070 5857 3070 5859 3070 5857 3071 5854 3071 5859 3071 5860 3072 5861 3072 5862 3072 5863 3073 5860 3073 5862 3073 5863 3074 5862 3074 5864 3074 5862 3075 5861 3075 5864 3075 5865 3076 5863 3076 5866 3076 5861 3077 5865 3077 5866 3077 5863 3078 5864 3078 5866 3078 5864 3079 5861 3079 5866 3079 5867 1540 5868 1540 5869 1540 5870 1540 5867 1540 5869 1540 5871 1541 5870 1541 5869 1541 5871 1542 5869 1542 5872 1542 5873 1543 5871 1543 5874 1543 5871 1544 5872 1544 5874 1544 5873 1545 5874 1545 5875 1545 5876 1546 5873 1546 5875 1546 5877 1547 5876 1547 5878 1547 5876 1548 5875 1548 5878 1548 5879 1549 5877 1549 5880 1549 5877 1549 5878 1549 5880 1549 5881 1550 5879 1550 5882 1550 5879 1551 5880 1551 5882 1551 5883 1552 5881 1552 5884 1552 5885 1553 5883 1553 5884 1553 5881 1554 5882 1554 5884 1554 5885 1555 5884 1555 5886 1555 5887 1556 5885 1556 5888 1556 5885 1557 5886 1557 5888 1557 5889 1558 5887 1558 5890 1558 5891 1559 5889 1559 5890 1559 5887 1558 5888 1558 5890 1558 5891 1560 5890 1560 5892 1560 5893 1561 5891 1561 5894 1561 5891 1562 5892 1562 5894 1562 5895 1563 5893 1563 5896 1563 5893 1564 5894 1564 5896 1564 5897 1565 5895 1565 5898 1565 5899 1566 5897 1566 5898 1566 5895 1567 5896 1567 5898 1567 5899 1568 5898 1568 5900 1568 5901 1569 5902 1569 5903 1569 5902 1570 5904 1570 5903 1570 5905 1571 5901 1571 5906 1571 5901 1572 5903 1572 5906 1572 5907 1573 5905 1573 5908 1573 5909 1574 5907 1574 5908 1574 5905 1575 5906 1575 5908 1575 5910 1576 5909 1576 5911 1576 5909 1577 5908 1577 5911 1577 5912 1578 5910 1578 5913 1578 5910 1579 5911 1579 5913 1579 5912 1578 5913 1578 5914 1578 5915 1580 5912 1580 5916 1580 5917 1581 5915 1581 5916 1581 5912 1580 5914 1580 5916 1580 5918 1582 5917 1582 5919 1582 5917 1581 5916 1581 5919 1581 5920 1583 5918 1583 5921 1583 5918 1582 5919 1582 5921 1582 5920 1584 5921 1584 5922 1584 5920 1585 5922 1585 5923 1585 5924 1586 5920 1586 5923 1586 5925 1587 5924 1587 5923 1587 5925 1587 5923 1587 5926 1587 5927 1588 5925 1588 5926 1588 5927 1588 5926 1588 5928 1588 5929 1589 5927 1589 5928 1589 5929 1590 5928 1590 5930 1590 5929 1591 5930 1591 5931 1591 5932 1592 5929 1592 5931 1592 5933 1593 5932 1593 5931 1593 5933 1593 5931 1593 5934 1593 5935 1594 5933 1594 5934 1594 5935 1594 5934 1594 5936 1594 5937 1595 5935 1595 5936 1595 5937 1595 5936 1595 5938 1595 5939 1596 5937 1596 5938 1596 5940 1597 5939 1597 5941 1597 5939 1596 5938 1596 5941 1596 5942 1598 5940 1598 5943 1598 5940 1599 5941 1599 5943 1599 5944 1600 5942 1600 5945 1600 5942 1601 5943 1601 5945 1601 5946 1602 5944 1602 5947 1602 5944 1603 5945 1603 5947 1603 5946 1604 5947 1604 5948 1604 5949 1605 5946 1605 5950 1605 5951 1606 5949 1606 5950 1606 5946 1607 5948 1607 5950 1607 5952 1608 5953 1608 5954 1608 5951 1609 5950 1609 5955 1609 5956 1610 5952 1610 5957 1610 5952 1611 5954 1611 5957 1611 5958 1612 5956 1612 5959 1612 5956 1613 5957 1613 5959 1613 5960 1614 5958 1614 5961 1614 5958 1615 5959 1615 5961 1615 5962 1616 5960 1616 5963 1616 5960 1617 5961 1617 5963 1617 5962 1616 5963 1616 5964 1616 5965 1618 5962 1618 5966 1618 5967 1619 5965 1619 5966 1619 5962 1620 5964 1620 5966 1620 5968 1621 5967 1621 5969 1621 5967 1622 5966 1622 5969 1622 5970 1623 5968 1623 5971 1623 5968 1624 5969 1624 5971 1624 5972 1625 5970 1625 5973 1625 5970 1626 5971 1626 5973 1626 5974 1627 5972 1627 5975 1627 5972 1625 5973 1625 5975 1625 5976 1628 5974 1628 5977 1628 5974 1629 5975 1629 5977 1629 5976 1630 5977 1630 5978 1630 5979 1631 5976 1631 5978 1631 5979 1632 5978 1632 5980 1632 5979 1633 5980 1633 5981 1633 5982 1634 5979 1634 5981 1634 5983 1635 5982 1635 5981 1635 5983 1635 5981 1635 5984 1635 5985 1636 5983 1636 5984 1636 5985 1637 5984 1637 5986 1637 5987 1638 5985 1638 5986 1638 5987 1639 5986 1639 5988 1639 5989 1640 5987 1640 5988 1640 5989 1641 5988 1641 5990 1641 5991 1642 5989 1642 5990 1642 5991 1643 5990 1643 5992 1643 5993 1644 5991 1644 5992 1644 5993 1644 5992 1644 5994 1644 5995 1645 5993 1645 5994 1645 5995 1646 5994 1646 5996 1646 5995 1647 5996 1647 5997 1647 5998 1648 5995 1648 5997 1648 5998 1649 5997 1649 5999 1649 6000 1650 5998 1650 5999 1650 6001 1651 6000 1651 5999 1651 6001 1652 5999 1652 6002 1652 6001 1653 6002 1653 6003 1653 6004 1654 6001 1654 6003 1654 6005 1655 6006 1655 6007 1655 6005 1656 6007 1656 6008 1656 6005 1657 6008 1657 6009 1657 6010 1658 6005 1658 6009 1658 6011 1659 6010 1659 6012 1659 6013 1660 6011 1660 6012 1660 6010 1661 6009 1661 6012 1661 6013 1662 6012 1662 6014 1662 6015 1663 6013 1663 6016 1663 6017 1664 6015 1664 6016 1664 6013 1665 6014 1665 6016 1665 6017 1664 6016 1664 6018 1664 6019 1666 6017 1666 6020 1666 6017 1666 6018 1666 6020 1666 6021 1667 6019 1667 6022 1667 6019 1667 6020 1667 6022 1667 6023 1668 6021 1668 6024 1668 6025 1669 6023 1669 6024 1669 6021 1668 6022 1668 6024 1668 6025 1670 6024 1670 6026 1670 6027 1671 6025 1671 6028 1671 6025 1672 6026 1672 6028 1672 6027 1673 6028 1673 6029 1673 6030 1673 6027 1673 6029 1673 6031 1674 6030 1674 6029 1674 6031 1674 6029 1674 6032 1674 6031 1675 6032 1675 6033 1675 6034 1676 6031 1676 6033 1676 6035 1677 6034 1677 6033 1677 6035 1678 6033 1678 6036 1678 6035 1679 6036 1679 6037 1679 6038 1679 6035 1679 6037 1679 6038 1680 6037 1680 6039 1680 6040 1680 6038 1680 6039 1680 6040 1681 6039 1681 6041 1681 6042 1681 6040 1681 6041 1681 6042 1682 6041 1682 6043 1682 6044 1682 6042 1682 6043 1682 6045 1683 6044 1683 6043 1683 6045 1684 6043 1684 6046 1684 6045 1685 6046 1685 6047 1685 6048 1686 6045 1686 6047 1686 6049 1687 6048 1687 6047 1687 6049 1688 6047 1688 6050 1688 6049 1689 6050 1689 6051 1689 6052 1690 6049 1690 6051 1690 6052 1691 6051 1691 6053 1691 6054 1692 6052 1692 6053 1692 6055 1693 6054 1693 6053 1693 6055 1694 6053 1694 6056 1694 6057 1695 6058 1695 6059 1695 6060 1696 6057 1696 6059 1696 6060 1697 6059 1697 6061 1697 6062 1698 6060 1698 6061 1698 6062 1699 6061 1699 6063 1699 6064 1700 6062 1700 6063 1700 6065 1701 6064 1701 6063 1701 6065 1702 6063 1702 6066 1702 6065 1703 6066 1703 6067 1703 6068 1703 6065 1703 6067 1703 6069 1704 6068 1704 6067 1704 6069 1705 6067 1705 6070 1705 6069 1706 6070 1706 6071 1706 6072 1707 6069 1707 6071 1707 6072 1708 6071 1708 6073 1708 6074 1709 6072 1709 6073 1709 6074 1710 6073 1710 5868 1710 5867 1711 6074 1711 5868 1711 6075 1712 6076 1712 6077 1712 6075 1713 6077 1713 6078 1713 6079 239 6078 239 6080 239 6081 1714 6082 1714 6083 1714 6079 239 6075 239 6078 239 6079 239 6080 239 6084 239 6085 239 6086 239 6087 239 6081 1715 6088 1715 6089 1715 6081 1716 6089 1716 6090 1716 6081 1717 6083 1717 6088 1717 6081 1718 6090 1718 6091 1718 6092 1719 6075 1719 6079 1719 6093 239 6086 239 6085 239 6094 1720 6095 1720 6075 1720 6094 239 6075 239 6092 239 6096 239 6097 239 6082 239 6096 239 6098 239 6097 239 6096 1721 6082 1721 6081 1721 6099 1722 6086 1722 6093 1722 6096 1723 6081 1723 6100 1723 6101 1724 6102 1724 6094 1724 6101 239 6092 239 6103 239 6101 1725 6094 1725 6092 1725 6104 1726 6105 1726 6106 1726 6107 1727 6100 1727 6108 1727 6109 1728 6102 1728 6101 1728 6107 239 6096 239 6100 239 6110 239 6111 239 6096 239 6112 1729 6109 1729 6101 1729 6110 1730 6096 1730 6107 1730 6113 1731 6110 1731 6107 1731 6114 239 6109 239 6112 239 6115 1732 6107 1732 6116 1732 6117 1733 6118 1733 6109 1733 6117 1734 6109 1734 6114 1734 6119 239 6115 239 6120 239 6121 239 6122 239 6104 239 6121 239 6123 239 6122 239 6124 239 6125 239 6126 239 6124 239 6127 239 6125 239 6124 239 6099 239 6127 239 6128 239 6129 239 6130 239 6131 239 6132 239 6113 239 6131 239 6133 239 6132 239 6131 239 6134 239 6133 239 6135 1735 6136 1735 6089 1735 6078 239 6121 239 6104 239 6135 239 6137 239 6136 239 6138 239 6119 239 6139 239 6138 239 6113 239 6107 239 6138 239 6107 239 6115 239 6138 1736 6115 1736 6119 1736 6140 1737 6099 1737 6124 1737 6141 239 6129 239 6128 239 6142 239 6113 239 6138 239 6141 1738 6128 1738 6143 1738 6144 1739 6099 1739 6140 1739 6145 239 6146 239 6131 239 6145 239 6147 239 6146 239 6148 239 6149 239 6135 239 6148 239 6150 239 6149 239 6151 239 6129 239 6141 239 6152 239 6153 239 6078 239 6152 1740 6154 1740 6153 1740 6155 239 6156 239 6145 239 6151 239 6141 239 6157 239 6151 1741 6117 1741 6129 1741 6151 239 6118 239 6117 239 6155 1742 6131 1742 6113 1742 6158 1743 6135 1743 6089 1743 6155 239 6113 239 6142 239 6155 1744 6145 1744 6131 1744 6158 239 6148 239 6135 239 6159 239 6144 239 6160 239 6161 1745 6162 1745 6163 1745 6161 1746 6142 1746 6162 1746 6161 239 6155 239 6142 239 6088 239 6158 239 6089 239 6164 1747 6086 1747 6099 1747 6164 1748 6104 1748 6106 1748 6165 1749 6166 1749 6118 1749 6164 239 6099 239 6144 239 6164 239 6144 239 6159 239 6164 1750 6106 1750 6086 1750 6165 239 6151 239 6167 239 6165 239 6118 239 6151 239 6077 1751 6152 1751 6078 1751 6077 1752 6168 1752 6152 1752 6077 239 6169 239 6168 239 6170 239 6165 239 6171 239 6083 239 6172 239 6088 239 6080 1753 6078 1753 6104 1753 6083 239 6173 239 6172 239 6080 1754 6104 1754 6164 1754 6080 239 6164 239 6174 239 6090 1755 6089 1755 6166 1755 6090 1756 6166 1756 6165 1756 6090 1757 6165 1757 6170 1757 6175 1758 6176 1758 6177 1758 6178 1759 6175 1759 6177 1759 6179 216 6178 216 6180 216 6181 216 6182 216 6183 216 6178 216 6177 216 6180 216 6184 216 6179 216 6180 216 6185 216 6186 216 6187 216 6188 1760 6189 1760 6183 1760 6190 1761 6188 1761 6183 1761 6189 216 6181 216 6183 216 6191 1762 6190 1763 6183 1764 6180 216 6177 216 6192 216 6187 216 6186 216 6193 216 6177 1765 6194 1765 6195 1765 6192 1766 6177 1766 6195 1766 6182 216 6196 216 6197 216 6196 216 6198 216 6197 216 6183 1767 6182 1767 6197 1767 6193 1768 6186 1768 6199 1768 6200 216 6183 216 6197 216 6195 216 6201 216 6202 216 6203 216 6192 216 6202 216 6192 1769 6195 1769 6202 1769 6204 216 6205 216 6206 216 6207 1770 6200 1770 6208 1770 6202 1771 6201 1771 6209 1771 6200 1772 6197 1772 6208 1772 6197 216 6210 216 6211 216 6202 1773 6209 1773 6212 1773 6208 1774 6197 1774 6211 1774 6208 1775 6211 1775 6213 1775 6212 216 6209 216 6214 216 6215 1776 6208 1776 6216 1776 6209 216 6217 216 6218 216 6214 1777 6209 1777 6218 1777 6219 216 6216 216 6220 216 6206 216 6221 216 6222 216 6221 216 6223 216 6222 216 6224 216 6225 216 6226 216 6225 216 6227 216 6226 216 6227 216 6199 216 6226 216 6228 216 6229 216 6230 216 6213 216 6231 216 6232 216 6231 216 6233 216 6232 216 6233 216 6234 216 6232 216 6188 1778 6235 1778 6236 1778 6206 1779 6222 1779 6178 1779 6235 216 6237 216 6236 216 6238 216 6220 216 6239 216 6208 1780 6213 1780 6239 1780 6216 1781 6208 1781 6239 1781 6220 216 6216 216 6239 216 6226 1782 6199 1782 6240 1782 6230 216 6229 216 6241 216 6239 216 6213 216 6242 216 6243 216 6230 216 6241 216 6240 216 6199 216 6244 216 6232 216 6245 216 6246 216 6245 1783 6247 1783 6246 1783 6236 1784 6248 1784 6249 1784 6248 1785 6250 1785 6249 1785 6241 216 6229 216 6251 216 6178 216 6252 216 6253 216 6252 1786 6254 1786 6253 1786 6246 1787 6255 1787 6256 1787 6257 216 6241 216 6251 216 6229 1788 6218 1788 6251 1788 6218 216 6217 216 6251 216 6213 1789 6232 1789 6256 1789 6188 216 6236 216 6258 216 6242 216 6213 216 6256 216 6232 216 6246 216 6256 216 6236 216 6249 216 6258 216 6259 216 6244 216 6260 216 6261 216 6262 216 6263 216 6262 216 6242 216 6263 216 6242 1790 6256 1790 6263 1790 6188 1791 6258 1791 6189 1791 6199 1792 6186 1792 6264 1792 6204 216 6206 216 6264 216 6217 1793 6265 1793 6266 1793 6244 1794 6199 1794 6264 1794 6260 216 6244 216 6264 216 6186 216 6204 216 6264 216 6267 216 6251 216 6266 216 6251 216 6217 216 6266 216 6178 1795 6253 1795 6175 1795 6253 216 6268 216 6175 216 6268 216 6269 216 6175 216 6270 216 6266 216 6271 216 6189 216 6272 216 6181 216 6206 1796 6178 1796 6179 1796 6272 216 6273 216 6181 216 6264 216 6206 216 6179 216 6274 216 6264 216 6179 216 6265 216 6188 216 6190 216 6266 1797 6265 1797 6190 1797 6271 1798 6266 1798 6190 1798 6275 238 6276 238 6277 238 6278 239 6277 239 6279 239 6280 240 6281 240 6282 240 6283 241 6278 241 6284 241 6283 239 6275 239 6277 239 6283 239 6277 239 6278 239 6285 242 6282 242 6275 242 6285 239 6280 239 6282 239 6285 243 6275 243 6283 243 6286 239 6287 239 6288 239 6286 239 6283 239 6287 239 6289 239 6290 239 6285 239 6289 239 6291 239 6290 239 6292 244 6293 244 6289 244 6294 239 6292 239 6289 239 6295 239 6296 239 6297 239 6295 239 6298 239 6296 239 6299 239 6298 239 6295 239 6300 239 6301 239 6294 239 6300 245 6289 245 6285 245 6300 239 6294 239 6289 239 6302 239 6298 239 6299 239 6302 239 6286 239 6298 239 6303 246 6304 246 6300 246 6305 239 6302 239 6306 239 6307 247 6300 247 6285 247 6307 239 6303 239 6300 239 6308 239 6309 239 6310 239 6308 239 6305 239 6309 239 6311 248 6312 248 6307 248 6311 239 6313 239 6312 239 6311 249 6285 249 6283 249 6311 250 6286 250 6302 250 6311 251 6283 251 6286 251 6311 252 6307 252 6285 252 6314 239 6305 239 6308 239 6314 239 6302 239 6305 239 6315 253 6316 253 6311 253 6317 239 6314 239 6318 239 6319 239 6315 239 6311 239 6319 239 6311 239 6302 239 6320 254 6302 254 6314 254 6320 255 6314 255 6317 255 6320 239 6317 239 6321 239 6322 256 6323 256 6319 256 6322 257 6324 257 6323 257 6322 239 6319 239 6302 239 6322 258 6302 258 6320 258 6325 239 6322 239 6320 239 6325 259 6326 259 6322 259 6327 239 6328 239 6329 239 6327 260 6330 260 6328 260 6331 261 6332 261 6325 261 6331 239 6325 239 6320 239 6331 239 6330 239 6327 239 6331 262 6320 262 6330 262 6333 263 6334 263 6335 263 6336 264 6335 264 6332 264 6336 265 6332 265 6331 265 6336 239 6333 239 6335 239 6337 239 6336 239 6331 239 6337 266 6338 266 6339 266 6337 267 6340 267 6338 267 6337 268 6331 268 6340 268 6341 239 6342 239 6336 239 6343 239 6336 239 6337 239 6343 269 6341 269 6336 269 6343 270 6337 270 6344 270 6345 239 6341 239 6343 239 6346 239 6345 239 6343 239 6346 271 6343 271 6347 271 6348 239 6349 239 6346 239 6350 272 6351 272 6352 272 6350 273 6353 273 6351 273 6350 274 6347 274 6353 274 6354 239 6355 239 6348 239 6356 239 6354 239 6348 239 6357 239 6350 239 6358 239 6359 275 6348 275 6346 275 6359 239 6356 239 6348 239 6360 276 6350 276 6357 276 6361 239 6362 239 6359 239 6363 239 6361 239 6359 239 6364 239 6365 239 6366 239 6367 239 6363 239 6359 239 6367 239 6368 239 6363 239 6367 277 6360 277 6365 277 6367 239 6346 239 6347 239 6367 278 6347 278 6350 278 6367 239 6359 239 6346 239 6367 279 6350 279 6360 279 6369 280 6365 280 6364 280 6369 281 6364 281 6370 281 6371 239 6372 239 6367 239 6373 239 6365 239 6369 239 6373 282 6367 282 6365 282 6373 283 6371 283 6367 283 6373 239 6369 239 6374 239 6375 239 6371 239 6373 239 6375 284 6373 284 6376 284 6377 239 6378 239 6379 239 6380 239 6371 239 6375 239 6380 239 6377 239 6379 239 6380 239 6379 239 6371 239 6381 239 6375 239 6382 239 6383 285 6380 285 6375 285 6383 286 6375 286 6381 286 6383 239 6384 239 6380 239 6383 287 6381 287 6385 287 6386 239 6383 239 6385 239 6386 288 6385 288 6387 288 6388 239 6386 239 6387 239 6389 239 6386 239 6388 239 6390 239 6391 239 6386 239 6392 239 6393 239 6390 239 6392 239 6389 239 6394 239 6392 239 6390 239 6386 239 6392 239 6386 239 6389 239 6395 213 6396 213 6397 213 6395 212 6398 212 6396 212 6399 214 6397 214 6400 214 6399 215 6395 215 6397 215 6401 0 6400 0 6402 0 6401 1 6399 1 6400 1 6403 3 6404 3 6405 3 6403 3 6406 3 6404 3 6407 2 6402 2 6408 2 6407 2 6401 2 6402 2 6409 289 6405 289 6410 289 6409 290 6410 290 6411 290 6409 291 6403 291 6405 291 6412 4 6408 4 6413 4 6412 6 6407 6 6408 6 6414 12 6411 12 6415 12 6414 292 6409 292 6411 292 6416 7 6413 7 6417 7 6416 7 6412 7 6413 7 6418 20 6415 20 6419 20 6418 15 6414 15 6415 15 6420 9 6417 9 6421 9 6420 13 6416 13 6417 13 6422 293 6419 293 6423 293 6422 18 6418 18 6419 18 6424 11 6421 11 6425 11 6424 11 6420 11 6421 11 6426 28 6423 28 6427 28 6426 294 6422 294 6423 294 6428 16 6425 16 6429 16 6428 19 6424 19 6425 19 6430 27 6427 27 6431 27 6430 26 6426 26 6427 26 6432 22 6429 22 6433 22 6432 17 6428 17 6429 17 6434 34 6431 34 6435 34 6434 32 6430 32 6431 32 6436 24 6433 24 6437 24 6436 25 6432 25 6433 25 6438 40 6435 40 6439 40 6438 36 6434 36 6435 36 6440 29 6437 29 6441 29 6440 31 6436 31 6437 31 6442 38 6438 38 6439 38 6443 30 6441 30 6444 30 6443 33 6440 33 6441 33 6445 42 6439 42 6446 42 6447 35 6444 35 6448 35 6445 42 6442 42 6439 42 6447 37 6443 37 6444 37 6449 46 6446 46 6450 46 6451 39 6448 39 6452 39 6453 295 6454 295 6455 295 6449 48 6445 48 6446 48 6451 41 6447 41 6448 41 6456 296 6453 296 6455 296 6457 50 6450 50 6458 50 6457 52 6449 52 6450 52 6459 47 6455 47 6460 47 6459 297 6460 297 6461 297 6462 55 6457 55 6458 55 6462 56 6458 56 6463 56 6459 44 6456 44 6455 44 6464 298 6459 298 6461 298 6465 58 6462 58 6463 58 6465 59 6463 59 6466 59 6467 53 6461 53 6468 53 6467 54 6468 54 6469 54 6467 53 6464 53 6461 53 6470 63 6471 63 6472 63 6470 64 6472 64 6473 64 6474 60 6469 60 6475 60 6474 57 6467 57 6469 57 6476 66 6470 66 6473 66 6476 68 6473 68 6477 68 6478 61 6475 61 6479 61 6478 62 6474 62 6475 62 6480 69 6479 69 6481 69 6482 70 6476 70 6477 70 6482 72 6477 72 6483 72 6480 65 6478 65 6479 65 6484 299 6481 299 6485 299 6486 75 6482 75 6483 75 6486 77 6483 77 6487 77 6484 67 6480 67 6481 67 6488 300 6484 300 6485 300 6488 74 6485 74 6489 74 6490 79 6486 79 6487 79 6490 81 6487 81 6491 81 6492 76 6488 76 6489 76 6492 78 6489 78 6493 78 6494 85 6490 85 6491 85 6494 86 6491 86 6495 86 6496 80 6492 80 6493 80 6496 301 6493 301 6497 301 6498 89 6494 89 6495 89 6498 89 6495 89 6499 89 6500 302 6496 302 6497 302 6501 303 6500 303 6497 303 6501 304 6497 304 6502 304 6503 90 6498 90 6499 90 6503 91 6499 91 6504 91 6406 88 6501 88 6502 88 6406 88 6502 88 6404 88 6505 92 6503 92 6504 92 6505 92 6504 92 6506 92 6507 94 6506 94 6508 94 6507 93 6505 93 6506 93 6509 95 6508 95 6510 95 6509 95 6507 95 6508 95 6511 96 6510 96 6512 96 6511 97 6509 97 6510 97 6513 98 6512 98 6514 98 6513 99 6511 99 6512 99 6515 100 6514 100 6516 100 6515 101 6513 101 6514 101 6517 102 6516 102 6518 102 6517 102 6515 102 6516 102 6519 103 6518 103 6520 103 6519 103 6517 103 6518 103 6521 104 6520 104 6522 104 6521 106 6519 106 6520 106 6523 107 6522 107 6524 107 6523 105 6521 105 6522 105 6525 108 6524 108 6526 108 6525 109 6523 109 6524 109 6527 110 6526 110 6528 110 6527 110 6525 110 6526 110 6529 111 6528 111 6530 111 6529 112 6527 112 6528 112 6531 113 6530 113 6532 113 6531 113 6529 113 6530 113 6533 114 6532 114 6534 114 6533 115 6531 115 6532 115 6535 116 6534 116 6536 116 6535 116 6533 116 6534 116 6537 117 6535 117 6536 117 6537 118 6536 118 6538 118 6539 119 6537 119 6538 119 6539 120 6538 120 6540 120 6541 121 6539 121 6540 121 6541 122 6540 122 6542 122 6543 305 6541 305 6542 305 6543 306 6542 306 6544 306 6545 126 6543 126 6544 126 6545 125 6544 125 6546 125 6547 127 6545 127 6546 127 6547 128 6546 128 6548 128 6549 129 6550 129 6551 129 6549 130 6551 130 6552 130 6553 131 6549 131 6552 131 6553 132 6552 132 6554 132 6555 133 6553 133 6554 133 6555 134 6554 134 6556 134 6557 135 6555 135 6556 135 6557 136 6556 136 6558 136 6559 137 6557 137 6558 137 6559 137 6558 137 6560 137 6561 138 6559 138 6560 138 6561 139 6560 139 6562 139 6563 140 6561 140 6562 140 6563 141 6562 141 6564 141 6565 142 6563 142 6564 142 6565 143 6564 143 6566 143 6567 144 6565 144 6566 144 6567 145 6566 145 6568 145 6569 146 6567 146 6568 146 6569 147 6568 147 6570 147 6571 148 6569 148 6570 148 6571 149 6570 149 6572 149 6573 307 6571 307 6572 307 6573 308 6572 308 6574 308 6575 309 6573 309 6574 309 6575 310 6574 310 6576 310 6577 154 6575 154 6576 154 6577 155 6576 155 6578 155 6579 156 6578 156 6580 156 6579 156 6577 156 6578 156 6581 157 6580 157 6582 157 6581 157 6579 157 6580 157 6583 158 6582 158 6584 158 6583 160 6581 160 6582 160 6585 311 6584 311 6586 311 6585 312 6583 312 6584 312 6587 313 6586 313 6588 313 6587 314 6585 314 6586 314 6589 164 6587 164 6588 164 6589 165 6588 165 6590 165 6591 166 6589 166 6590 166 6591 167 6590 167 6592 167 6593 168 6591 168 6592 168 6593 169 6592 169 6594 169 6595 170 6593 170 6594 170 6595 171 6594 171 6596 171 6597 172 6595 172 6596 172 6597 173 6596 173 6598 173 6599 174 6597 174 6598 174 6599 175 6598 175 6600 175 6601 176 6599 176 6600 176 6601 176 6600 176 6602 176 6603 177 6601 177 6602 177 6603 178 6602 178 6604 178 6605 179 6603 179 6604 179 6605 180 6604 180 6606 180 6607 315 6605 315 6606 315 6607 316 6606 316 6608 316 6609 183 6607 183 6608 183 6609 184 6608 184 6610 184 6611 185 6609 185 6610 185 6611 186 6610 186 6612 186 6613 188 6614 188 6615 188 6613 187 6615 187 6616 187 6617 317 6613 317 6616 317 6617 318 6616 318 6618 318 6619 191 6617 191 6618 191 6619 192 6618 192 6620 192 6621 194 6619 194 6620 194 6621 193 6620 193 6622 193 6623 195 6622 195 6624 195 6623 196 6621 196 6622 196 6625 197 6624 197 6626 197 6625 197 6623 197 6624 197 6627 198 6626 198 6628 198 6627 199 6625 199 6626 199 6629 200 6628 200 6630 200 6629 200 6627 200 6628 200 6631 202 6630 202 6632 202 6631 201 6629 201 6630 201 6633 203 6632 203 6634 203 6633 203 6631 203 6632 203 6635 206 6634 206 6636 206 6635 204 6633 204 6634 204 6637 207 6636 207 6638 207 6637 205 6635 205 6636 205 6639 208 6638 208 6640 208 6639 209 6637 209 6638 209 6641 210 6639 210 6640 210 6641 210 6640 210 6642 210 6398 211 6641 211 6642 211 6398 211 6642 211 6396 211 6509 97 6643 97 6644 97 6509 95 6644 95 6645 95 6509 319 6511 319 6643 319 6507 95 6509 95 6645 95 6505 320 6645 320 6646 320 6505 94 6507 94 6645 94 6501 321 6647 321 6648 321 6501 322 6406 322 6647 322 6503 323 6646 323 6649 323 6503 324 6649 324 6650 324 6503 323 6505 323 6646 323 6500 325 6648 325 6651 325 6500 326 6501 326 6648 326 6498 324 6503 324 6650 324 6496 327 6651 327 6652 327 6496 328 6500 328 6651 328 6494 329 6650 329 6653 329 6494 330 6653 330 6654 330 6494 329 6498 329 6650 329 6492 331 6652 331 6655 331 6492 332 6655 332 6656 332 6490 85 6494 85 6654 85 6492 333 6496 333 6652 333 6488 334 6656 334 6657 334 6486 335 6654 335 6658 335 6488 336 6492 336 6656 336 6486 337 6490 337 6654 337 6484 338 6657 338 6659 338 6482 339 6658 339 6660 339 6482 340 6660 340 6661 340 6484 341 6488 341 6657 341 6482 339 6486 339 6658 339 6480 342 6484 342 6659 342 6476 343 6482 343 6661 343 6470 344 6661 344 6662 344 6478 345 6659 345 6663 345 6478 346 6480 346 6659 346 6470 347 6476 347 6661 347 6471 348 6662 348 6664 348 6465 349 6665 349 6666 349 6474 350 6663 350 6667 350 6474 351 6667 351 6668 351 6471 352 6470 352 6662 352 6474 350 6478 350 6663 350 6462 353 6666 353 6669 353 6467 354 6668 354 6670 354 6462 349 6465 349 6666 349 6467 355 6474 355 6668 355 6457 356 6462 356 6669 356 6464 357 6670 357 6671 357 6464 358 6467 358 6670 358 6449 359 6669 359 6672 359 6449 360 6457 360 6669 360 6459 357 6464 357 6671 357 6445 361 6672 361 6673 361 6445 361 6449 361 6672 361 6456 362 6671 362 6674 362 6456 363 6459 363 6671 363 6442 364 6673 364 6675 364 6442 365 6675 365 6676 365 6442 366 6445 366 6673 366 6453 367 6456 367 6674 367 6453 368 6674 368 6677 368 6438 369 6442 369 6676 369 6447 370 6451 370 6678 370 6434 371 6676 371 6679 371 6447 370 6678 370 6680 370 6434 371 6438 371 6676 371 6430 372 6679 372 6681 372 6443 373 6447 373 6680 373 6430 374 6681 374 6682 374 6443 37 6680 37 6683 37 6430 375 6434 375 6679 375 6426 376 6682 376 6684 376 6440 377 6443 377 6683 377 6440 378 6683 378 6685 378 6426 379 6430 379 6682 379 6422 380 6426 380 6684 380 6436 381 6440 381 6685 381 6436 382 6685 382 6686 382 6418 383 6422 383 6684 383 6418 384 6684 384 6687 384 6432 385 6436 385 6686 385 6432 385 6686 385 6688 385 6414 386 6418 386 6687 386 6414 387 6687 387 6689 387 6414 388 6689 388 6690 388 6428 389 6432 389 6688 389 6428 390 6688 390 6691 390 6409 391 6414 391 6690 391 6424 16 6428 16 6691 16 6403 392 6409 392 6690 392 6424 393 6691 393 6692 393 6403 394 6690 394 6693 394 6403 395 6693 395 6647 395 6406 396 6403 396 6647 396 6420 397 6424 397 6692 397 6420 397 6692 397 6694 397 6416 398 6420 398 6694 398 6416 398 6694 398 6695 398 6412 399 6416 399 6695 399 6412 399 6695 399 6696 399 6407 6 6696 6 6697 6 6407 400 6412 400 6696 400 6401 2 6697 2 6698 2 6401 2 6407 2 6697 2 6401 0 6698 0 6699 0 6399 401 6401 401 6699 401 6395 402 6699 402 6700 402 6395 403 6399 403 6699 403 6398 404 6700 404 6701 404 6398 213 6395 213 6700 213 6641 211 6701 211 6702 211 6641 211 6398 211 6701 211 6639 210 6702 210 6703 210 6639 405 6703 405 6704 405 6639 210 6641 210 6702 210 6637 209 6639 209 6704 209 6635 406 6704 406 6705 406 6635 407 6705 407 6706 407 6635 408 6637 408 6704 408 6633 204 6635 204 6706 204 6631 203 6706 203 6707 203 6631 203 6633 203 6706 203 6629 409 6707 409 6708 409 6629 410 6708 410 6709 410 6629 202 6631 202 6707 202 6627 410 6629 410 6709 410 6625 411 6709 411 6710 411 6625 411 6627 411 6709 411 6623 412 6710 412 6711 412 6623 412 6625 412 6710 412 6621 413 6623 413 6711 413 6621 196 6711 196 6712 196 6619 414 6621 414 6712 414 6619 415 6712 415 6713 415 6617 416 6619 416 6713 416 6617 416 6713 416 6714 416 6617 417 6714 417 6715 417 6613 418 6617 418 6715 418 6614 419 6613 419 6715 419 6614 420 6715 420 6716 420 6609 421 6611 421 6717 421 6609 422 6717 422 6718 422 6607 423 6609 423 6718 423 6607 423 6718 423 6719 423 6607 424 6719 424 6720 424 6605 425 6607 425 6720 425 6603 426 6605 426 6720 426 6603 427 6720 427 6721 427 6601 428 6603 428 6721 428 6601 428 6721 428 6722 428 6601 429 6722 429 6723 429 6599 430 6601 430 6723 430 6597 431 6599 431 6723 431 6597 432 6723 432 6724 432 6595 433 6597 433 6724 433 6595 433 6724 433 6725 433 6593 434 6595 434 6725 434 6593 435 6725 435 6726 435 6591 436 6593 436 6726 436 6591 437 6726 437 6727 437 6589 438 6591 438 6727 438 6589 439 6727 439 6728 439 6589 440 6728 440 6729 440 6587 441 6589 441 6729 441 6585 442 6587 442 6729 442 6585 443 6729 443 6730 443 6583 444 6585 444 6730 444 6583 445 6730 445 6731 445 6581 446 6583 446 6731 446 6581 447 6731 447 6732 447 6581 448 6732 448 6733 448 6579 449 6581 449 6733 449 6577 450 6733 450 6734 450 6577 451 6579 451 6733 451 6575 452 6734 452 6735 452 6575 453 6577 453 6734 453 6573 454 6735 454 6736 454 6573 455 6575 455 6735 455 6571 456 6736 456 6737 456 6571 457 6737 457 6738 457 6571 458 6573 458 6736 458 6569 459 6571 459 6738 459 6567 460 6569 460 6738 460 6567 461 6738 461 6739 461 6565 462 6567 462 6739 462 6565 463 6739 463 6740 463 6563 464 6565 464 6740 464 6563 465 6740 465 6741 465 6561 466 6563 466 6741 466 6561 466 6741 466 6742 466 6561 467 6742 467 6743 467 6559 468 6561 468 6743 468 6557 469 6559 469 6743 469 6557 470 6743 470 6744 470 6555 471 6557 471 6744 471 6555 471 6744 471 6745 471 6553 472 6555 472 6745 472 6553 473 6745 473 6746 473 6553 474 6746 474 6747 474 6549 475 6553 475 6747 475 6550 476 6549 476 6747 476 6550 476 6747 476 6748 476 6545 477 6547 477 6749 477 6545 127 6749 127 6750 127 6543 478 6545 478 6750 478 6543 479 6750 479 6751 479 6543 480 6751 480 6752 480 6541 481 6543 481 6752 481 6541 482 6752 482 6753 482 6539 482 6541 482 6753 482 6537 483 6539 483 6753 483 6537 484 6753 484 6754 484 6535 485 6754 485 6755 485 6535 486 6755 486 6756 486 6535 118 6537 118 6754 118 6533 486 6535 486 6756 486 6531 487 6756 487 6757 487 6531 487 6533 487 6756 487 6529 488 6757 488 6758 488 6529 488 6531 488 6757 488 6527 112 6758 112 6759 112 6527 110 6759 110 6760 110 6527 489 6529 489 6758 489 6525 108 6760 108 6761 108 6525 110 6527 110 6760 110 6523 490 6525 490 6761 490 6521 491 6761 491 6762 491 6521 492 6523 492 6761 492 6519 493 6762 493 6763 493 6519 103 6763 103 6764 103 6519 104 6521 104 6762 104 6517 103 6519 103 6764 103 6515 102 6764 102 6765 102 6515 102 6517 102 6764 102 6513 101 6765 101 6766 101 6513 494 6515 494 6765 494 6513 495 6766 495 6643 495 6511 496 6513 496 6643 496 6767 575 6768 575 6769 575 6770 216 6767 216 6769 216 6771 216 6772 216 6773 216 6771 216 6774 216 6772 216 6775 216 6771 216 6773 216 6776 216 6777 216 6767 216 6776 3080 6767 3080 6770 3080 6778 216 6771 216 6775 216 6779 216 6780 216 6781 216 6782 216 6778 216 6775 216 6783 216 6781 216 6784 216 6783 216 6779 216 6781 216 6785 216 6786 216 6780 216 6787 1799 6788 1799 6777 1799 6785 216 6789 216 6786 216 6787 216 6777 216 6776 216 6785 216 6780 216 6779 216 6790 216 6778 216 6782 216 6791 216 6784 216 6792 216 6791 216 6783 216 6784 216 6793 216 6794 216 6789 216 6793 216 6789 216 6785 216 6795 216 6790 216 6782 216 6796 216 6797 216 6788 216 6796 578 6788 578 6787 578 6798 216 6790 216 6795 216 6799 216 6791 216 6792 216 6800 579 6797 579 6796 579 6801 216 6794 216 6793 216 6802 580 6800 580 6796 580 6803 216 6804 216 6805 216 6803 216 6792 216 6804 216 6803 216 6799 216 6792 216 6806 216 6798 216 6795 216 6806 216 6795 216 6807 216 6808 582 6809 582 6794 582 6810 581 6800 581 6802 581 6808 583 6794 583 6801 583 6811 216 6810 216 6802 216 6812 216 6807 216 6813 216 6812 216 6806 216 6807 216 6814 216 6803 216 6805 216 6815 584 6816 584 6809 584 6817 216 6812 216 6813 216 6815 586 6809 586 6808 586 6818 585 6810 585 6811 585 6819 216 6812 216 6817 216 6820 216 6818 216 6811 216 6821 216 6822 216 6823 216 6821 216 6805 216 6822 216 6821 216 6814 216 6805 216 6824 588 6825 588 6816 588 6824 216 6826 216 6825 216 6827 587 6818 587 6820 587 6828 216 6819 216 6817 216 6824 589 6816 589 6815 589 6829 216 6821 216 6823 216 6830 590 6827 590 6820 590 6831 216 6832 216 6826 216 6833 216 6819 216 6828 216 6831 216 6826 216 6824 216 6834 216 6829 216 6823 216 6835 591 6836 591 6827 591 6835 592 6827 592 6830 592 6837 216 6828 216 6838 216 6834 216 6823 216 6839 216 6837 216 6838 216 6840 216 6837 216 6833 216 6828 216 6841 593 6832 593 6831 593 6842 216 6834 216 6839 216 6842 216 6839 216 6843 216 6844 216 6845 216 6846 216 6844 216 6846 216 6836 216 6847 595 6832 595 6841 595 6847 596 6848 596 6832 596 6844 594 6836 594 6835 594 6849 216 6842 216 6843 216 6850 216 6837 216 6840 216 6851 597 6848 597 6847 597 6852 216 6842 216 6849 216 6853 598 6851 598 6847 598 6854 216 6840 216 6855 216 6854 216 6855 216 6856 216 6854 216 6850 216 6840 216 6857 216 6858 216 6845 216 6859 216 6852 216 6849 216 6857 216 6845 216 6844 216 6860 216 6852 216 6859 216 6861 216 6851 216 6853 216 6861 216 6862 216 6851 216 6863 216 6854 216 6856 216 6864 599 6862 599 6861 599 6865 216 6860 216 6859 216 6866 216 6867 216 6858 216 6865 216 6859 216 6868 216 6866 216 6858 216 6857 216 6869 216 6864 216 6861 216 6870 216 6868 216 6871 216 6870 216 6865 216 6868 216 6872 600 6864 600 6869 600 6872 601 6873 601 6864 601 6874 216 6875 216 6867 216 6874 216 6867 216 6866 216 6876 216 6856 216 6877 216 6876 216 6877 216 6878 216 6879 216 6870 216 6871 216 6879 216 6871 216 6880 216 6876 216 6863 216 6856 216 6881 602 6873 602 6872 602 6881 216 6882 216 6873 216 6883 216 6876 216 6878 216 6884 216 6879 216 6880 216 6885 216 6886 216 6875 216 6885 216 6875 216 6874 216 6887 603 6882 603 6881 603 6888 216 6878 216 6889 216 6888 216 6889 216 6890 216 6891 216 6879 216 6884 216 6888 216 6883 216 6878 216 6892 216 6886 216 6885 216 6893 216 6888 216 6890 216 6894 216 6887 216 6881 216 6895 216 6896 216 6897 216 6895 216 6897 216 6886 216 6895 216 6886 216 6892 216 6898 216 6893 216 6890 216 6898 216 6896 216 6895 216 6899 216 6887 216 6894 216 6898 216 6890 216 6896 216 6900 216 6884 216 6901 216 6900 216 6891 216 6884 216 6902 604 6899 604 6894 604 6903 216 6900 216 6901 216 6904 216 6900 216 6903 216 6905 216 6906 216 6899 216 6905 605 6899 605 6902 605 6907 216 6904 216 6903 216 6908 216 6904 216 6907 216 6909 606 6910 606 6906 606 6909 607 6906 607 6905 607 6911 608 6910 608 6909 608 6912 216 6907 216 6913 216 6912 216 6908 216 6907 216 6914 216 6911 216 6909 216 6915 609 6911 609 6914 609 6916 216 6913 216 6917 216 6916 216 6912 216 6913 216 6918 216 6915 216 6914 216 6919 216 6916 216 6917 216 6920 216 6916 216 6919 216 6921 610 6922 610 6915 610 6921 598 6915 598 6918 598 6923 216 6920 216 6919 216 6923 216 6919 216 6924 216 6925 216 6922 216 6921 216 6925 216 6926 216 6922 216 6927 216 6923 216 6924 216 6927 216 6924 216 6928 216 6929 611 6926 611 6925 611 6929 216 6930 216 6926 216 6931 216 6927 216 6928 216 6932 216 6930 216 6929 216 6933 216 6927 216 6931 216 6934 216 6932 216 6929 216 6935 216 6933 216 6931 216 6936 588 6932 588 6934 588 6937 216 6933 216 6935 216 6938 216 6936 216 6934 216 6939 216 6937 216 6935 216 6940 216 6937 216 6939 216 6941 216 6936 216 6938 216 6941 216 6942 216 6936 216 6943 582 6942 582 6941 582 6944 216 6939 216 6945 216 6944 216 6940 216 6939 216 6946 216 6943 216 6941 216 6947 216 6945 216 6948 216 6947 216 6944 216 6945 216 6949 216 6943 216 6946 216 6949 216 6950 216 6943 216 6951 216 6947 216 6948 216 6952 216 6947 216 6951 216 6953 216 6950 216 6949 216 6953 216 6954 216 6950 216 6955 216 6951 216 6956 216 6955 216 6952 216 6951 216 6957 216 6958 216 6954 216 6957 216 6954 216 6953 216 6959 216 6958 216 6957 216 6960 216 6961 216 6955 216 6960 216 6955 216 6956 216 6962 216 6958 216 6959 216 6963 216 6962 216 6959 216 6964 216 6965 216 6961 216 6964 216 6961 216 6960 216 6966 216 6962 216 6963 216 6967 612 6965 612 6964 612 6968 216 6966 216 6963 216 6969 216 6967 216 6964 216 6970 216 6966 216 6968 216 6971 613 6967 613 6969 613 6972 216 6970 216 6968 216 6973 216 6971 216 6969 216 6974 216 6970 216 6972 216 6975 614 6971 614 6973 614 6976 216 6974 216 6972 216 6977 216 6975 216 6973 216 6978 216 6974 216 6976 216 6979 615 6975 615 6977 615 6980 216 6979 216 6977 216 6981 216 6978 216 6976 216 6981 216 6976 216 6982 216 6983 216 6979 216 6980 216 6984 216 6981 216 6982 216 6985 216 6983 216 6980 216 6986 216 6981 216 6984 216 6987 216 6983 216 6985 216 6988 616 6987 616 6985 616 6989 216 6984 216 6990 216 6989 216 6986 216 6984 216 6991 617 6987 617 6988 617 6992 216 6989 216 6990 216 6993 216 6991 216 6988 216 6994 216 6989 216 6992 216 6995 618 6991 618 6993 618 6996 619 6995 619 6993 619 6997 216 6992 216 6998 216 6997 216 6994 216 6992 216 6999 216 6995 216 6996 216 7000 216 6999 216 6996 216 7001 216 6998 216 7002 216 7001 216 6997 216 6998 216 7003 216 7001 216 7002 216 7004 216 7005 216 6999 216 7004 620 6999 620 7000 620 7006 216 7001 216 7003 216 6768 621 7005 621 7004 621 6772 216 7006 216 7003 216 6769 622 6768 622 7004 622 6774 216 7006 216 6772 216 7007 840 7008 840 7009 840 7008 840 7010 840 7009 840 7011 841 7007 841 7012 841 7007 842 7009 842 7012 842 7013 843 7011 843 7014 843 7015 844 7016 844 7017 844 7011 845 7012 845 7014 845 7016 846 7018 846 7017 846 7019 847 7013 847 7020 847 7021 848 7015 848 7022 848 7013 847 7014 847 7020 847 7023 849 7021 849 7022 849 7015 848 7017 848 7022 848 7024 850 7019 850 7025 850 7019 851 7020 851 7025 851 7026 852 7023 852 7027 852 7023 853 7022 853 7027 853 7028 854 7024 854 7029 854 7030 855 7028 855 7029 855 7024 856 7025 856 7029 856 7026 857 7027 857 7031 857 7030 858 7029 858 7032 858 7033 859 7026 859 7034 859 7035 860 7033 860 7034 860 7026 861 7031 861 7034 861 7036 862 7030 862 7037 862 7030 863 7032 863 7037 863 7035 864 7034 864 7038 864 7039 865 7036 865 7040 865 7036 866 7037 866 7040 866 7041 867 7035 867 7042 867 7043 868 7041 868 7042 868 7035 869 7038 869 7042 869 7044 870 7039 870 7045 870 7039 870 7040 870 7045 870 7043 871 7042 871 7046 871 7047 872 7044 872 7048 872 7044 873 7045 873 7048 873 7049 874 7043 874 7050 874 7043 875 7046 875 7050 875 7051 876 7052 876 7053 876 7052 877 7054 877 7053 877 7055 878 7049 878 7056 878 7057 879 7055 879 7056 879 7058 880 7051 880 7059 880 7049 881 7050 881 7056 881 7051 882 7053 882 7059 882 7060 883 7057 883 7061 883 7062 884 7058 884 7063 884 7057 885 7056 885 7061 885 7064 886 7062 886 7063 886 7058 887 7059 887 7063 887 7064 888 7063 888 7065 888 7060 889 7061 889 7066 889 7067 890 7064 890 7068 890 7069 891 7060 891 7070 891 7060 892 7066 892 7070 892 7064 893 7065 893 7068 893 7071 894 7067 894 7072 894 7069 895 7070 895 7073 895 7074 896 7069 896 7073 896 7067 897 7068 897 7072 897 7075 898 7071 898 7076 898 7074 899 7073 899 7077 899 7071 900 7072 900 7076 900 7078 901 7074 901 7077 901 7079 902 7075 902 7080 902 7075 903 7076 903 7080 903 7081 904 7082 904 7083 904 7084 905 7081 905 7083 905 7085 906 7079 906 7086 906 7079 907 7080 907 7086 907 7084 908 7083 908 7087 908 7088 909 7084 909 7087 909 7089 910 7085 910 7090 910 7085 911 7086 911 7090 911 7088 912 7087 912 7091 912 7092 912 7088 912 7091 912 7093 913 7089 913 7094 913 7095 914 7093 914 7094 914 7089 915 7090 915 7094 915 7092 916 7091 916 7096 916 7097 917 7092 917 7096 917 7095 918 7094 918 7098 918 7097 919 7096 919 7099 919 7095 920 7098 920 7100 920 7101 921 7097 921 7099 921 7102 922 7095 922 7100 922 7102 923 7100 923 7103 923 7101 924 7099 924 7104 924 7105 925 7101 925 7104 925 7106 926 7105 926 7104 926 7107 927 7102 927 7103 927 7107 928 7103 928 7108 928 7109 928 7107 928 7108 928 7016 929 7109 929 7108 929 7106 930 7104 930 7110 930 7016 931 7108 931 7018 931 7106 932 7110 932 7111 932 7112 933 7106 933 7111 933 7112 934 7111 934 7113 934 7114 934 7112 934 7113 934 7115 935 7114 935 7116 935 7114 936 7113 936 7116 936 7117 937 7115 937 7118 937 7115 938 7116 938 7118 938 7119 939 7117 939 7120 939 7117 939 7118 939 7120 939 7121 940 7119 940 7122 940 7119 941 7120 941 7122 941 7123 942 7121 942 7124 942 7125 943 7123 943 7124 943 7121 942 7122 942 7124 942 7126 944 7125 944 7127 944 7125 943 7124 943 7127 943 7128 945 7126 945 7129 945 7126 944 7127 944 7129 944 7128 945 7129 945 7130 945 7131 946 7128 946 7132 946 7128 947 7130 947 7132 947 7133 948 7131 948 7134 948 7131 948 7132 948 7134 948 7135 949 7133 949 7136 949 7133 950 7134 950 7136 950 7137 951 7135 951 7138 951 7135 952 7136 952 7138 952 7139 953 7137 953 7140 953 7137 953 7138 953 7140 953 7141 954 7139 954 7142 954 7139 955 7140 955 7142 955 7143 956 7141 956 7144 956 7141 957 7142 957 7144 957 7143 958 7144 958 7145 958 7146 959 7143 959 7145 959 7146 960 7145 960 7147 960 7148 961 7146 961 7147 961 7148 962 7147 962 7149 962 7150 963 7148 963 7149 963 7150 964 7149 964 7151 964 7152 964 7150 964 7151 964 7152 965 7151 965 7153 965 7154 966 7152 966 7153 966 7155 967 7154 967 7153 967 7155 968 7153 968 7156 968 7157 969 7158 969 7159 969 7157 970 7159 970 7160 970 7157 971 7160 971 7161 971 7162 972 7157 972 7161 972 7163 973 7162 973 7161 973 7163 974 7161 974 7164 974 7163 975 7164 975 7165 975 7166 976 7163 976 7165 976 7166 977 7165 977 7167 977 7168 978 7166 978 7167 978 7169 979 7168 979 7167 979 7169 980 7167 980 7170 980 7171 981 7169 981 7170 981 7171 982 7170 982 7172 982 7171 983 7172 983 7173 983 7174 984 7171 984 7173 984 7174 985 7173 985 7175 985 7176 986 7174 986 7175 986 7176 987 7175 987 7177 987 7178 988 7176 988 7177 988 7178 989 7177 989 7179 989 7180 990 7178 990 7179 990 7180 991 7179 991 7181 991 7182 992 7180 992 7181 992 7182 993 7181 993 7183 993 7184 994 7182 994 7183 994 7184 995 7183 995 7185 995 7186 995 7184 995 7185 995 7187 996 7186 996 7188 996 7189 997 7187 997 7188 997 7186 998 7185 998 7188 998 7189 999 7188 999 7190 999 7191 1000 7189 1000 7190 1000 7191 1000 7190 1000 7192 1000 7193 1001 7191 1001 7194 1001 7191 1002 7192 1002 7194 1002 7195 1003 7193 1003 7196 1003 7193 1004 7194 1004 7196 1004 7195 1005 7196 1005 7197 1005 7198 1006 7195 1006 7197 1006 7199 1007 7198 1007 7197 1007 7199 1008 7197 1008 7200 1008 7199 1009 7200 1009 7201 1009 7202 1010 7199 1010 7201 1010 7203 1011 7202 1011 7201 1011 7203 1012 7201 1012 7204 1012 7203 1013 7204 1013 7205 1013 7206 1014 7203 1014 7205 1014 7207 1015 7206 1015 7205 1015 7207 1016 7205 1016 7208 1016 7207 1017 7208 1017 7209 1017 7210 1018 7207 1018 7209 1018 7211 1019 7210 1019 7209 1019 7211 1020 7209 1020 7212 1020 7211 1021 7212 1021 7213 1021 7214 1022 7211 1022 7213 1022 7214 1023 7213 1023 7215 1023 7216 1024 7214 1024 7215 1024 7217 1025 7218 1025 7219 1025 7220 1026 7217 1026 7219 1026 7220 1027 7219 1027 7221 1027 7222 1028 7220 1028 7221 1028 7223 1029 7222 1029 7221 1029 7223 1030 7221 1030 7224 1030 7223 1031 7224 1031 7225 1031 7226 1031 7223 1031 7225 1031 7226 1032 7225 1032 7227 1032 7228 1033 7226 1033 7227 1033 7228 1034 7227 1034 7229 1034 7230 1035 7228 1035 7229 1035 7231 1036 7230 1036 7232 1036 7230 1037 7229 1037 7232 1037 7233 1038 7231 1038 7234 1038 7231 1039 7232 1039 7234 1039 7235 1040 7233 1040 7236 1040 7233 1041 7234 1041 7236 1041 7237 1042 7235 1042 7238 1042 7239 1043 7237 1043 7238 1043 7235 1042 7236 1042 7238 1042 7239 1044 7238 1044 7240 1044 7241 1045 7239 1045 7242 1045 7239 1046 7240 1046 7242 1046 7243 1047 7241 1047 7244 1047 7241 1047 7242 1047 7244 1047 7245 1048 7243 1048 7246 1048 7243 1049 7244 1049 7246 1049 7247 1050 7245 1050 7248 1050 7245 1050 7246 1050 7248 1050 7247 1051 7248 1051 7249 1051 7250 1051 7247 1051 7249 1051 7250 1052 7249 1052 7251 1052 7252 1052 7250 1052 7251 1052 7252 1053 7251 1053 7253 1053 7254 1053 7252 1053 7253 1053 7008 1054 7254 1054 7253 1054 7008 1055 7253 1055 7010 1055 7255 216 7256 216 7257 216 7258 216 7255 216 7257 216 7259 216 7258 216 7257 216 7260 216 7259 216 7261 216 7262 216 7263 216 7264 216 7259 216 7257 216 7265 216 7261 216 7259 216 7265 216 7265 216 7257 216 7266 216 7264 216 7267 216 7268 216 7269 216 7266 216 7270 216 7271 216 7269 216 7270 216 7272 216 7273 216 7274 216 7268 216 7272 216 7274 216 7257 216 7262 216 7274 216 7264 216 7268 216 7274 216 7262 3081 7264 3081 7274 3081 7266 216 7257 216 7274 216 7270 216 7266 216 7274 216 7275 216 7270 216 7276 216 7270 3082 7274 3082 7276 3082 7276 216 7277 216 7278 216 7279 216 7275 216 7280 216 7281 216 7279 216 7280 216 7275 216 7276 216 7280 216 7278 216 7282 216 7283 216 7284 216 7280 216 7285 216 7286 216 7285 216 7287 216 7285 216 7280 216 7287 216 7283 216 7288 216 7289 216 7276 3083 7278 3083 7289 3083 7278 216 7283 216 7289 216 7280 3084 7276 3084 7289 3084 7287 216 7280 216 7289 216 7290 216 7287 216 7291 216 7292 3085 7293 3085 7294 3085 7295 216 7296 216 7297 216 7292 3086 7294 3086 7298 3086 7297 3087 7296 3087 7298 3087 7294 216 7299 216 7298 216 7300 216 7292 216 7298 216 7289 3088 7300 3088 7298 3088 7296 3089 7291 3089 7298 3089 7287 3090 7289 3090 7298 3090 7291 3091 7287 3091 7298 3091 7297 216 7298 216 7301 216 7302 216 7297 216 7301 216 7303 216 7302 216 7301 216 7304 216 7305 216 7306 216 7298 216 7304 216 7306 216 7301 3092 7298 3092 7306 3092 7301 216 7306 216 7307 216 7307 216 7306 216 7308 216 7306 216 7309 216 7310 216 7306 216 7310 216 7311 216 7308 3093 7306 3093 7311 3093 7312 216 7308 216 7311 216 7312 3094 7311 3094 7313 3094 7312 216 7313 216 7314 216 7315 216 7312 216 7314 216 7313 216 7316 216 7317 216 7314 3095 7313 3095 7317 3095 7318 216 7314 216 7319 216 7314 216 7317 216 7319 216 7320 216 7319 216 7321 216 7319 216 7317 216 7321 216 7322 216 7323 216 7324 216 7317 216 7322 216 7324 216 7321 3096 7317 3096 7324 3096 7321 3097 7324 3097 7325 3097 7325 3098 7324 3098 7326 3098 7327 216 7325 216 7328 216 7325 216 7326 216 7328 216 7326 216 7329 216 7328 216 7329 216 7330 216 7331 216 7329 216 7331 216 7332 216 7333 216 7328 216 7334 216 7335 216 7333 216 7334 216 7329 216 7332 216 7336 216 7332 216 7337 216 7336 216 7338 216 7334 216 7339 216 7340 216 7338 216 7339 216 7328 216 7329 216 7339 216 7334 216 7328 216 7339 216 7329 3099 7336 3099 7339 3099 7336 216 7341 216 7342 216 7339 3100 7336 3100 7342 3100 7343 216 7339 216 7344 216 7345 216 7346 216 7347 216 7342 216 7345 216 7347 216 7339 216 7342 216 7347 216 7344 216 7339 216 7348 216 7339 3101 7347 3101 7348 3101 7349 216 7344 216 7348 216 7350 216 7348 216 7351 216 7352 216 7353 216 7354 216 7348 3102 7347 3102 7355 3102 7351 216 7348 216 7355 216 7352 216 7354 216 7355 216 7356 216 7352 216 7355 216 7347 216 7356 216 7355 216 7357 216 7358 216 7359 216 7351 216 7355 216 7360 216 7359 216 7358 216 7360 216 7358 216 7351 216 7360 216 7355 216 7361 216 7360 216 7362 216 7359 216 7363 216 7359 3103 7360 3103 7364 3103 7363 216 7359 216 7364 216 7364 216 7360 216 7365 216 7366 216 7367 216 7368 216 7360 216 7366 216 7368 216 7365 216 7360 216 7369 216 7369 3104 7360 3104 7370 3104 7360 216 7368 216 7370 216 7369 216 7370 216 7371 216 7371 216 7370 216 7372 216 7373 216 7371 216 7372 216 7370 216 7374 216 7372 216 7375 239 7376 239 7377 239 7375 3105 7378 3105 7376 3105 7379 3106 7380 3106 7381 3106 7379 239 7382 239 7380 239 7383 239 7378 239 7375 239 7383 3107 7384 3107 7378 3107 7385 3108 7379 3108 7381 3108 7386 239 7384 239 7383 239 7386 3109 7387 3109 7384 3109 7388 3110 7381 3110 7389 3110 7388 239 7385 239 7381 239 7390 3111 7387 3111 7386 3111 7391 3112 7389 3112 7392 3112 7391 3113 7388 3113 7389 3113 7393 3114 7394 3114 7387 3114 7393 239 7387 239 7390 239 7395 3115 7392 3115 7396 3115 7395 239 7391 239 7392 239 7397 3116 7398 3116 7394 3116 7397 239 7394 239 7393 239 7399 239 7395 239 7396 239 7400 239 7398 239 7397 239 7400 3117 7401 3117 7398 3117 7402 3118 7396 3118 7403 3118 7404 3119 7405 3119 7406 3119 7402 239 7399 239 7396 239 7407 3120 7408 3120 7409 3120 7407 3121 7406 3121 7408 3121 7407 239 7404 239 7406 239 7410 239 7401 239 7400 239 7411 239 7402 239 7403 239 7412 3122 7413 3122 7405 3122 7411 3123 7403 3123 7414 3123 7412 239 7405 239 7404 239 7415 3124 7409 3124 7416 3124 7415 3125 7407 3125 7409 3125 7417 239 7418 239 7413 239 7417 3126 7419 3126 7418 3126 7420 239 7401 239 7410 239 7417 239 7413 239 7412 239 7420 239 7421 239 7401 239 7422 3127 7416 3127 7423 3127 7424 3128 7414 3128 7425 3128 7422 3129 7415 3129 7416 3129 7424 239 7411 239 7414 239 7426 3130 7421 3130 7420 3130 7427 3131 7428 3131 7419 3131 7426 239 7429 239 7421 239 7430 239 7424 239 7425 239 7427 239 7419 239 7417 239 7431 3132 7423 3132 7432 3132 7431 239 7422 239 7423 239 7433 239 7429 239 7426 239 7433 239 7434 239 7429 239 7435 3133 7430 3133 7425 3133 7435 3134 7425 3134 7436 3134 7431 3135 7432 3135 7437 3135 7438 239 7439 239 7428 239 7438 239 7428 239 7427 239 7440 239 7434 239 7433 239 7441 3136 7431 3136 7437 3136 7442 239 7436 239 7443 239 7442 239 7435 239 7436 239 7441 3137 7437 3137 7444 3137 7445 3138 7446 3138 7439 3138 7445 3139 7447 3139 7446 3139 7448 239 7449 239 7434 239 7448 239 7434 239 7440 239 7445 239 7439 239 7438 239 7450 3140 7443 3140 7451 3140 7450 239 7442 239 7443 239 7452 239 7441 239 7444 239 7453 3141 7449 3141 7448 3141 7452 3142 7444 3142 7454 3142 7455 239 7456 239 7447 239 7455 239 7447 239 7445 239 7453 239 7457 239 7449 239 7458 3143 7450 3143 7451 3143 7459 239 7452 239 7454 239 7460 239 7461 239 7457 239 7460 3144 7457 3144 7453 3144 7462 3145 7451 3145 7463 3145 7459 3146 7464 3146 7465 3146 7459 3147 7454 3147 7464 3147 7462 239 7458 239 7451 239 7466 3148 7456 3148 7455 3148 7466 3149 7467 3149 7456 3149 7468 239 7459 239 7465 239 7469 239 7461 239 7460 239 7470 3150 7463 3150 7471 3150 7468 3151 7465 3151 7472 3151 7470 239 7462 239 7463 239 7473 239 7467 239 7466 239 7473 239 7474 239 7467 239 7473 239 7475 239 7474 239 7476 3117 7477 3117 7461 3117 7478 239 7468 239 7472 239 7476 239 7461 239 7469 239 7479 3152 7471 3152 7480 3152 7479 239 7470 239 7471 239 7478 3153 7472 3153 7481 3153 7482 3116 7483 3116 7477 3116 7482 239 7477 239 7476 239 7484 3154 7485 3154 7475 3154 7484 239 7475 239 7473 239 7486 3155 7478 3155 7481 3155 7487 239 7479 239 7480 239 7486 3156 7488 3156 7489 3156 7486 3157 7481 3157 7488 3157 7490 3114 7491 3114 7483 3114 7490 239 7483 239 7482 239 7492 239 7487 239 7480 239 7493 239 7494 239 7485 239 7492 3158 7480 3158 7495 3158 7493 239 7485 239 7484 239 7496 239 7486 239 7489 239 7496 3159 7489 3159 7497 3159 7498 239 7491 239 7490 239 7499 239 7492 239 7495 239 7499 3160 7495 3160 7500 3160 7501 239 7502 239 7503 239 7501 239 7503 239 7494 239 7501 3161 7494 3161 7493 3161 7504 3109 7505 3109 7491 3109 7506 239 7496 239 7497 239 7504 3111 7491 3111 7498 3111 7507 3162 7500 3162 7508 3162 7506 3163 7497 3163 7509 3163 7507 3164 7499 3164 7500 3164 7510 239 7511 239 7502 239 7512 239 7505 239 7504 239 7512 3107 7513 3107 7505 3107 7510 239 7502 239 7501 239 7514 239 7507 239 7508 239 7515 239 7513 239 7512 239 7516 239 7506 239 7509 239 7515 3105 7517 3105 7513 3105 7518 3165 7508 3165 7519 3165 7516 3166 7520 3166 7521 3166 7516 3167 7509 3167 7520 3167 7522 3154 7523 3154 7511 3154 7518 3168 7514 3168 7508 3168 7524 239 7517 239 7515 239 7525 239 7518 239 7519 239 7522 239 7511 239 7510 239 7526 3169 7516 3169 7521 3169 7525 3170 7519 3170 7527 3170 7528 239 7517 239 7524 239 7526 3171 7521 3171 7529 3171 7528 3172 7530 3172 7517 3172 7531 3173 7525 3173 7527 3173 7531 3174 7527 3174 7532 3174 7533 239 7534 239 7523 239 7533 239 7535 239 7534 239 7536 3175 7530 3175 7528 3175 7536 3176 7537 3176 7530 3176 7533 239 7523 239 7522 239 7538 239 7531 239 7532 239 7539 239 7526 239 7529 239 7540 3177 7537 3177 7536 3177 7540 239 7538 239 7532 239 7540 3178 7532 3178 7537 3178 7539 3179 7529 3179 7541 3179 7542 3149 7543 3149 7535 3149 7542 3180 7535 3180 7533 3180 7544 239 7539 239 7541 239 7544 3181 7545 3181 7546 3181 7544 3182 7541 3182 7545 3182 7547 239 7548 239 7543 239 7547 239 7543 239 7542 239 7549 239 7544 239 7546 239 7549 3183 7546 3183 7550 3183 7551 3139 7552 3139 7548 3139 7551 3138 7553 3138 7552 3138 7551 239 7548 239 7547 239 7554 3184 7550 3184 7555 3184 7554 239 7549 239 7550 239 7556 239 7557 239 7553 239 7556 239 7553 239 7551 239 7558 3185 7559 3185 7560 3185 7558 3186 7555 3186 7559 3186 7558 3187 7554 3187 7555 3187 7561 3131 7562 3131 7557 3131 7561 239 7557 239 7556 239 7563 3188 7560 3188 7564 3188 7563 239 7558 239 7560 239 7565 3126 7566 3126 7562 3126 7565 239 7567 239 7566 239 7565 239 7562 239 7561 239 7568 3189 7564 3189 7569 3189 7568 3190 7563 3190 7564 3190 7570 239 7567 239 7565 239 7570 3122 7571 3122 7567 3122 7572 3191 7568 3191 7569 3191 7572 3192 7569 3192 7573 3192 7574 239 7571 239 7570 239 7575 239 7572 239 7573 239 7576 3193 7571 3193 7574 3193 7577 239 7572 239 7575 239 7578 239 7576 239 7574 239 7579 239 7577 239 7575 239 7579 3176 7580 3176 7577 3176 7581 3194 7576 3194 7578 3194 7582 239 7580 239 7579 239 7582 3172 7376 3172 7580 3172 7583 3195 7578 3195 7584 3195 7583 239 7581 239 7578 239 7377 239 7376 239 7582 239 7382 3196 7584 3196 7380 3196 7382 3197 7583 3197 7584 3197 7585 213 7586 213 7587 213 7585 212 7588 212 7586 212 7589 214 7587 214 7590 214 7589 215 7585 215 7587 215 7591 0 7590 0 7592 0 7591 1 7589 1 7590 1 7593 3 7594 3 7595 3 7593 3 7596 3 7594 3 7597 2 7592 2 7598 2 7597 2 7591 2 7592 2 7599 289 7595 289 7600 289 7599 290 7600 290 7601 290 7599 291 7593 291 7595 291 7602 4 7598 4 7603 4 7602 6 7597 6 7598 6 7604 12 7601 12 7605 12 7604 292 7599 292 7601 292 7606 7 7603 7 7607 7 7606 7 7602 7 7603 7 7608 20 7605 20 7609 20 7608 15 7604 15 7605 15 7610 9 7607 9 7611 9 7610 13 7606 13 7607 13 7612 293 7609 293 7613 293 7612 18 7608 18 7609 18 7614 11 7611 11 7615 11 7614 11 7610 11 7611 11 7616 28 7613 28 7617 28 7616 294 7612 294 7613 294 7618 16 7615 16 7619 16 7618 19 7614 19 7615 19 7620 27 7617 27 7621 27 7620 26 7616 26 7617 26 7622 22 7619 22 7623 22 7622 17 7618 17 7619 17 7624 34 7621 34 7625 34 7624 32 7620 32 7621 32 7626 24 7623 24 7627 24 7626 25 7622 25 7623 25 7628 40 7625 40 7629 40 7628 36 7624 36 7625 36 7630 29 7627 29 7631 29 7630 31 7626 31 7627 31 7632 38 7628 38 7629 38 7633 30 7631 30 7634 30 7633 33 7630 33 7631 33 7635 42 7629 42 7636 42 7637 35 7634 35 7638 35 7635 42 7632 42 7629 42 7637 37 7633 37 7634 37 7639 46 7636 46 7640 46 7641 39 7638 39 7642 39 7643 295 7644 295 7645 295 7639 48 7635 48 7636 48 7641 41 7637 41 7638 41 7646 296 7643 296 7645 296 7647 50 7640 50 7648 50 7647 52 7639 52 7640 52 7649 47 7645 47 7650 47 7649 297 7650 297 7651 297 7652 55 7647 55 7648 55 7652 56 7648 56 7653 56 7649 44 7646 44 7645 44 7654 298 7649 298 7651 298 7655 58 7652 58 7653 58 7655 59 7653 59 7656 59 7657 53 7651 53 7658 53 7657 54 7658 54 7659 54 7657 53 7654 53 7651 53 7660 63 7661 63 7662 63 7660 64 7662 64 7663 64 7664 60 7659 60 7665 60 7664 57 7657 57 7659 57 7666 66 7660 66 7663 66 7666 68 7663 68 7667 68 7668 61 7665 61 7669 61 7668 62 7664 62 7665 62 7670 69 7669 69 7671 69 7672 70 7666 70 7667 70 7672 72 7667 72 7673 72 7670 65 7668 65 7669 65 7674 299 7671 299 7675 299 7676 75 7672 75 7673 75 7676 77 7673 77 7677 77 7674 67 7670 67 7671 67 7678 300 7674 300 7675 300 7678 74 7675 74 7679 74 7680 79 7676 79 7677 79 7680 81 7677 81 7681 81 7682 76 7678 76 7679 76 7682 78 7679 78 7683 78 7684 85 7680 85 7681 85 7684 86 7681 86 7685 86 7686 80 7682 80 7683 80 7686 301 7683 301 7687 301 7688 89 7684 89 7685 89 7688 89 7685 89 7689 89 7690 302 7686 302 7687 302 7691 303 7690 303 7687 303 7691 304 7687 304 7692 304 7693 90 7688 90 7689 90 7693 91 7689 91 7694 91 7596 88 7691 88 7692 88 7596 88 7692 88 7594 88 7695 92 7693 92 7694 92 7695 92 7694 92 7696 92 7697 94 7696 94 7698 94 7697 93 7695 93 7696 93 7699 95 7698 95 7700 95 7699 95 7697 95 7698 95 7701 96 7700 96 7702 96 7701 97 7699 97 7700 97 7703 98 7702 98 7704 98 7703 99 7701 99 7702 99 7705 100 7704 100 7706 100 7705 101 7703 101 7704 101 7707 102 7706 102 7708 102 7707 102 7705 102 7706 102 7709 103 7708 103 7710 103 7709 103 7707 103 7708 103 7711 104 7710 104 7712 104 7711 106 7709 106 7710 106 7713 107 7712 107 7714 107 7713 105 7711 105 7712 105 7715 108 7714 108 7716 108 7715 109 7713 109 7714 109 7717 110 7716 110 7718 110 7717 110 7715 110 7716 110 7719 111 7718 111 7720 111 7719 112 7717 112 7718 112 7721 113 7720 113 7722 113 7721 113 7719 113 7720 113 7723 114 7722 114 7724 114 7723 115 7721 115 7722 115 7725 116 7724 116 7726 116 7725 116 7723 116 7724 116 7727 117 7725 117 7726 117 7727 118 7726 118 7728 118 7729 119 7727 119 7728 119 7729 120 7728 120 7730 120 7731 121 7729 121 7730 121 7731 122 7730 122 7732 122 7733 305 7731 305 7732 305 7733 306 7732 306 7734 306 7735 126 7733 126 7734 126 7735 125 7734 125 7736 125 7737 127 7735 127 7736 127 7737 128 7736 128 7738 128 7739 129 7740 129 7741 129 7739 130 7741 130 7742 130 7743 131 7739 131 7742 131 7743 132 7742 132 7744 132 7745 133 7743 133 7744 133 7745 134 7744 134 7746 134 7747 135 7745 135 7746 135 7747 136 7746 136 7748 136 7749 137 7747 137 7748 137 7749 137 7748 137 7750 137 7751 138 7749 138 7750 138 7751 139 7750 139 7752 139 7753 140 7751 140 7752 140 7753 141 7752 141 7754 141 7755 142 7753 142 7754 142 7755 143 7754 143 7756 143 7757 144 7755 144 7756 144 7757 145 7756 145 7758 145 7759 146 7757 146 7758 146 7759 147 7758 147 7760 147 7761 148 7759 148 7760 148 7761 149 7760 149 7762 149 7763 307 7761 307 7762 307 7763 308 7762 308 7764 308 7765 309 7763 309 7764 309 7765 310 7764 310 7766 310 7767 154 7765 154 7766 154 7767 155 7766 155 7768 155 7769 156 7768 156 7770 156 7769 156 7767 156 7768 156 7771 157 7770 157 7772 157 7771 157 7769 157 7770 157 7773 158 7772 158 7774 158 7773 160 7771 160 7772 160 7775 311 7774 311 7776 311 7775 312 7773 312 7774 312 7777 313 7776 313 7778 313 7777 314 7775 314 7776 314 7779 164 7777 164 7778 164 7779 165 7778 165 7780 165 7781 166 7779 166 7780 166 7781 167 7780 167 7782 167 7783 168 7781 168 7782 168 7783 169 7782 169 7784 169 7785 170 7783 170 7784 170 7785 171 7784 171 7786 171 7787 172 7785 172 7786 172 7787 173 7786 173 7788 173 7789 174 7787 174 7788 174 7789 175 7788 175 7790 175 7791 176 7789 176 7790 176 7791 176 7790 176 7792 176 7793 177 7791 177 7792 177 7793 178 7792 178 7794 178 7795 179 7793 179 7794 179 7795 180 7794 180 7796 180 7797 315 7795 315 7796 315 7797 316 7796 316 7798 316 7799 183 7797 183 7798 183 7799 184 7798 184 7800 184 7801 185 7799 185 7800 185 7801 186 7800 186 7802 186 7803 188 7804 188 7805 188 7803 187 7805 187 7806 187 7807 317 7803 317 7806 317 7807 318 7806 318 7808 318 7809 191 7807 191 7808 191 7809 192 7808 192 7810 192 7811 194 7809 194 7810 194 7811 193 7810 193 7812 193 7813 195 7812 195 7814 195 7813 196 7811 196 7812 196 7815 197 7814 197 7816 197 7815 197 7813 197 7814 197 7817 198 7816 198 7818 198 7817 199 7815 199 7816 199 7819 200 7818 200 7820 200 7819 200 7817 200 7818 200 7821 202 7820 202 7822 202 7821 201 7819 201 7820 201 7823 203 7822 203 7824 203 7823 203 7821 203 7822 203 7825 206 7824 206 7826 206 7825 204 7823 204 7824 204 7827 207 7826 207 7828 207 7827 205 7825 205 7826 205 7829 208 7828 208 7830 208 7829 209 7827 209 7828 209 7831 210 7829 210 7830 210 7831 210 7830 210 7832 210 7588 211 7831 211 7832 211 7588 211 7832 211 7586 211 7833 1386 7834 1386 7835 1386 7836 1387 7835 1387 7837 1387 7836 1386 7833 1386 7835 1386 7838 1388 7837 1388 7839 1388 7838 1389 7836 1389 7837 1389 7840 1390 7838 1390 7839 1390 7841 1391 7839 1391 7842 1391 7841 1392 7842 1392 7843 1392 7841 1393 7840 1393 7839 1393 7844 1394 7841 1394 7843 1394 7845 1395 7844 1395 7843 1395 7845 1395 7843 1395 7846 1395 7847 1396 7845 1396 7846 1396 7847 1397 7846 1397 7848 1397 7849 1400 7847 1400 7848 1400 7849 1398 7848 1398 7850 1398 7849 1399 7850 1399 7851 1399 7852 1401 7849 1401 7851 1401 7853 1402 7851 1402 7854 1402 7853 1402 7852 1402 7851 1402 7855 1403 7854 1403 7856 1403 7855 1404 7853 1404 7854 1404 7857 1405 7856 1405 7858 1405 7857 1406 7855 1406 7856 1406 7859 1407 7860 1407 7861 1407 7859 1408 7862 1408 7860 1408 7863 1250 7861 1250 7864 1250 7863 1409 7859 1409 7861 1409 7865 1410 7864 1410 7866 1410 7865 1411 7863 1411 7864 1411 7867 1412 7866 1412 7868 1412 7867 1413 7868 1413 7869 1413 7867 1414 7865 1414 7866 1414 7870 1415 7867 1415 7869 1415 7871 1256 7869 1256 7872 1256 7871 1416 7870 1416 7869 1416 7873 1417 7872 1417 7874 1417 7873 1418 7874 1418 7875 1418 7873 1419 7871 1419 7872 1419 7876 1420 7873 1420 7875 1420 7877 1421 7875 1421 7878 1421 7877 1422 7876 1422 7875 1422 7879 1423 7878 1423 7880 1423 7879 1263 7877 1263 7878 1263 7881 630 7880 630 7882 630 7881 1424 7882 1424 7883 1424 7881 630 7879 630 7880 630 7884 1265 7881 1265 7883 1265 7885 1425 7883 1425 7886 1425 7885 1426 7884 1426 7883 1426 7887 1427 7886 1427 7888 1427 7887 1428 7885 1428 7886 1428 7889 1429 7888 1429 7890 1429 7889 1430 7887 1430 7888 1430 7891 1431 7890 1431 7892 1431 7891 1274 7889 1274 7890 1274 7893 1432 7891 1432 7892 1432 7893 1433 7892 1433 7894 1433 7895 1434 7893 1434 7894 1434 7895 1435 7894 1435 7896 1435 7895 1436 7896 1436 7897 1436 7898 1437 7895 1437 7897 1437 7899 1438 7898 1438 7897 1438 7899 1439 7897 1439 7900 1439 7901 1440 7899 1440 7900 1440 7901 1441 7900 1441 7902 1441 7903 1442 7901 1442 7902 1442 7903 1443 7902 1443 7904 1443 7905 1445 7906 1445 7907 1445 7905 1444 7908 1444 7906 1444 7909 1446 7907 1446 7910 1446 7909 1446 7905 1446 7907 1446 7911 1448 7910 1448 7912 1448 7911 1449 7912 1449 7913 1449 7911 1447 7909 1447 7910 1447 7914 1450 7911 1450 7913 1450 7915 1451 7913 1451 7916 1451 7915 1452 7914 1452 7913 1452 7917 1453 7916 1453 7918 1453 7917 1453 7915 1453 7916 1453 7919 1454 7918 1454 7920 1454 7919 1455 7917 1455 7918 1455 7921 1456 7920 1456 7922 1456 7921 1457 7919 1457 7920 1457 7923 1458 7922 1458 7924 1458 7923 1459 7924 1459 7925 1459 7923 1460 7921 1460 7922 1460 7926 1461 7925 1461 7927 1461 7926 1462 7923 1462 7925 1462 7928 1461 7926 1461 7927 1461 7929 1463 7927 1463 7930 1463 7929 1463 7928 1463 7927 1463 7931 1464 7930 1464 7932 1464 7931 1465 7929 1465 7930 1465 7933 1466 7932 1466 7934 1466 7933 1467 7931 1467 7932 1467 7935 1468 7934 1468 7936 1468 7935 1469 7933 1469 7934 1469 7937 1470 7936 1470 7938 1470 7937 1471 7935 1471 7936 1471 7939 1472 7938 1472 7940 1472 7939 1472 7937 1472 7938 1472 7941 1473 7940 1473 7942 1473 7941 1474 7942 1474 7943 1474 7941 1475 7939 1475 7940 1475 7944 1476 7941 1476 7943 1476 7945 1477 7944 1477 7943 1477 7945 1478 7943 1478 7946 1478 7947 1479 7945 1479 7946 1479 7947 1479 7946 1479 7948 1479 7949 1480 7947 1480 7948 1480 7949 1481 7948 1481 7950 1481 7951 1482 7952 1482 7953 1482 7951 1483 7953 1483 7954 1483 7955 1484 7951 1484 7954 1484 7955 1485 7954 1485 7956 1485 7957 1486 7955 1486 7956 1486 7957 1321 7956 1321 7958 1321 7959 1487 7957 1487 7958 1487 7959 1488 7958 1488 7960 1488 7961 1489 7959 1489 7960 1489 7961 1490 7960 1490 7962 1490 7963 1491 7961 1491 7962 1491 7963 1492 7962 1492 7964 1492 7965 1493 7963 1493 7964 1493 7965 1329 7964 1329 7966 1329 7967 1494 7965 1494 7966 1494 7967 1495 7966 1495 7968 1495 7969 1496 7967 1496 7968 1496 7969 1497 7968 1497 7970 1497 7969 1498 7970 1498 7971 1498 7972 1499 7969 1499 7971 1499 7973 1336 7972 1336 7971 1336 7973 1500 7971 1500 7974 1500 7975 1337 7973 1337 7974 1337 7975 1337 7974 1337 7976 1337 7977 1501 7975 1501 7976 1501 7977 1338 7976 1338 7978 1338 7979 1503 7978 1503 7980 1503 7979 1502 7977 1502 7978 1502 7981 1505 7980 1505 7982 1505 7981 1504 7979 1504 7980 1504 7983 1507 7982 1507 7984 1507 7983 1506 7981 1506 7982 1506 7985 1508 7984 1508 7986 1508 7985 1346 7983 1346 7984 1346 7987 1509 7986 1509 7988 1509 7987 1510 7985 1510 7986 1510 7989 1511 7988 1511 7990 1511 7989 1512 7987 1512 7988 1512 7991 1513 7990 1513 7992 1513 7991 1514 7989 1514 7990 1514 7993 1515 7992 1515 7994 1515 7993 1516 7991 1516 7992 1516 7995 1517 7994 1517 7996 1517 7995 1518 7993 1518 7994 1518 7997 1519 7996 1519 7998 1519 7999 1520 8000 1520 8001 1520 7997 1521 7995 1521 7996 1521 8002 1522 7999 1522 8001 1522 8003 1523 8002 1523 8001 1523 8003 1523 8001 1523 8004 1523 8005 1524 8003 1524 8004 1524 8005 1525 8004 1525 8006 1525 8007 1526 8005 1526 8006 1526 8007 1527 8006 1527 8008 1527 8009 1528 8007 1528 8008 1528 8009 1529 8008 1529 8010 1529 8011 1530 8009 1530 8010 1530 8011 1530 8010 1530 8012 1530 8013 1531 8011 1531 8012 1531 8013 1532 8012 1532 8014 1532 8015 1533 8013 1533 8014 1533 8015 1534 8014 1534 8016 1534 8017 1535 8015 1535 8016 1535 8017 1536 8016 1536 8018 1536 8017 1537 8018 1537 8019 1537 8020 1538 8017 1538 8019 1538 8020 1539 8019 1539 7834 1539 7833 1539 8020 1539 7834 1539 7699 97 8021 97 8022 97 7699 95 8022 95 8023 95 7699 319 7701 319 8021 319 7697 95 7699 95 8023 95 7695 320 8023 320 8024 320 7695 94 7697 94 8023 94 7691 321 8025 321 8026 321 7691 322 7596 322 8025 322 7693 323 8024 323 8027 323 7693 324 8027 324 8028 324 7693 323 7695 323 8024 323 7690 325 8026 325 8029 325 7690 326 7691 326 8026 326 7688 324 7693 324 8028 324 7686 327 8029 327 8030 327 7686 328 7690 328 8029 328 7684 329 8028 329 8031 329 7684 330 8031 330 8032 330 7684 329 7688 329 8028 329 7682 331 8030 331 8033 331 7682 332 8033 332 8034 332 7680 85 7684 85 8032 85 7682 333 7686 333 8030 333 7678 334 8034 334 8035 334 7676 335 8032 335 8036 335 7678 336 7682 336 8034 336 7676 337 7680 337 8032 337 7674 338 8035 338 8037 338 7672 339 8036 339 8038 339 7672 340 8038 340 8039 340 7674 341 7678 341 8035 341 7672 339 7676 339 8036 339 7670 342 7674 342 8037 342 7666 343 7672 343 8039 343 7660 344 8039 344 8040 344 7668 345 8037 345 8041 345 7668 346 7670 346 8037 346 7660 347 7666 347 8039 347 7661 348 8040 348 8042 348 7655 349 8043 349 8044 349 7664 350 8041 350 8045 350 7664 351 8045 351 8046 351 7661 352 7660 352 8040 352 7664 350 7668 350 8041 350 7652 353 8044 353 8047 353 7657 354 8046 354 8048 354 7652 349 7655 349 8044 349 7657 355 7664 355 8046 355 7647 356 7652 356 8047 356 7654 357 8048 357 8049 357 7654 358 7657 358 8048 358 7639 359 8047 359 8050 359 7639 360 7647 360 8047 360 7649 357 7654 357 8049 357 7635 361 8050 361 8051 361 7635 361 7639 361 8050 361 7646 362 8049 362 8052 362 7646 363 7649 363 8049 363 7632 364 8051 364 8053 364 7632 365 8053 365 8054 365 7632 366 7635 366 8051 366 7643 367 7646 367 8052 367 7643 368 8052 368 8055 368 7628 369 7632 369 8054 369 7637 370 7641 370 8056 370 7624 371 8054 371 8057 371 7637 370 8056 370 8058 370 7624 371 7628 371 8054 371 7620 372 8057 372 8059 372 7633 373 7637 373 8058 373 7620 374 8059 374 8060 374 7633 37 8058 37 8061 37 7620 375 7624 375 8057 375 7616 376 8060 376 8062 376 7630 377 7633 377 8061 377 7630 378 8061 378 8063 378 7616 379 7620 379 8060 379 7612 380 7616 380 8062 380 7626 381 7630 381 8063 381 7626 382 8063 382 8064 382 7608 383 7612 383 8062 383 7608 384 8062 384 8065 384 7622 385 7626 385 8064 385 7622 385 8064 385 8066 385 7604 386 7608 386 8065 386 7604 387 8065 387 8067 387 7604 388 8067 388 8068 388 7618 389 7622 389 8066 389 7618 390 8066 390 8069 390 7599 391 7604 391 8068 391 7614 16 7618 16 8069 16 7593 392 7599 392 8068 392 7614 393 8069 393 8070 393 7593 394 8068 394 8071 394 7593 395 8071 395 8025 395 7596 396 7593 396 8025 396 7610 397 7614 397 8070 397 7610 397 8070 397 8072 397 7606 398 7610 398 8072 398 7606 398 8072 398 8073 398 7602 399 7606 399 8073 399 7602 399 8073 399 8074 399 7597 6 8074 6 8075 6 7597 400 7602 400 8074 400 7591 2 8075 2 8076 2 7591 2 7597 2 8075 2 7591 0 8076 0 8077 0 7589 401 7591 401 8077 401 7585 402 8077 402 8078 402 7585 403 7589 403 8077 403 7588 404 8078 404 8079 404 7588 213 7585 213 8078 213 7831 211 8079 211 8080 211 7831 211 7588 211 8079 211 7829 210 8080 210 8081 210 7829 405 8081 405 8082 405 7829 210 7831 210 8080 210 7827 209 7829 209 8082 209 7825 406 8082 406 8083 406 7825 407 8083 407 8084 407 7825 408 7827 408 8082 408 7823 204 7825 204 8084 204 7821 203 8084 203 8085 203 7821 203 7823 203 8084 203 7819 409 8085 409 8086 409 7819 410 8086 410 8087 410 7819 202 7821 202 8085 202 7817 410 7819 410 8087 410 7815 411 8087 411 8088 411 7815 411 7817 411 8087 411 7813 412 8088 412 8089 412 7813 412 7815 412 8088 412 7811 413 7813 413 8089 413 7811 196 8089 196 8090 196 7809 414 7811 414 8090 414 7809 415 8090 415 8091 415 7807 416 7809 416 8091 416 7807 416 8091 416 8092 416 7807 417 8092 417 8093 417 7803 418 7807 418 8093 418 7804 419 7803 419 8093 419 7804 420 8093 420 8094 420 7799 421 7801 421 8095 421 7799 422 8095 422 8096 422 7797 423 7799 423 8096 423 7797 423 8096 423 8097 423 7797 424 8097 424 8098 424 7795 425 7797 425 8098 425 7793 426 7795 426 8098 426 7793 427 8098 427 8099 427 7791 428 7793 428 8099 428 7791 428 8099 428 8100 428 7791 429 8100 429 8101 429 7789 430 7791 430 8101 430 7787 431 7789 431 8101 431 7787 432 8101 432 8102 432 7785 433 7787 433 8102 433 7785 433 8102 433 8103 433 7783 434 7785 434 8103 434 7783 435 8103 435 8104 435 7781 436 7783 436 8104 436 7781 437 8104 437 8105 437 7779 438 7781 438 8105 438 7779 439 8105 439 8106 439 7779 440 8106 440 8107 440 7777 441 7779 441 8107 441 7775 442 7777 442 8107 442 7775 443 8107 443 8108 443 7773 444 7775 444 8108 444 7773 445 8108 445 8109 445 7771 446 7773 446 8109 446 7771 447 8109 447 8110 447 7771 448 8110 448 8111 448 7769 449 7771 449 8111 449 7767 450 8111 450 8112 450 7767 451 7769 451 8111 451 7765 452 8112 452 8113 452 7765 453 7767 453 8112 453 7763 454 8113 454 8114 454 7763 455 7765 455 8113 455 7761 456 8114 456 8115 456 7761 457 8115 457 8116 457 7761 458 7763 458 8114 458 7759 459 7761 459 8116 459 7757 460 7759 460 8116 460 7757 461 8116 461 8117 461 7755 462 7757 462 8117 462 7755 463 8117 463 8118 463 7753 464 7755 464 8118 464 7753 465 8118 465 8119 465 7751 466 7753 466 8119 466 7751 466 8119 466 8120 466 7751 467 8120 467 8121 467 7749 468 7751 468 8121 468 7747 469 7749 469 8121 469 7747 470 8121 470 8122 470 7745 471 7747 471 8122 471 7745 471 8122 471 8123 471 7743 472 7745 472 8123 472 7743 473 8123 473 8124 473 7743 474 8124 474 8125 474 7739 475 7743 475 8125 475 7740 476 7739 476 8125 476 7740 476 8125 476 8126 476 7735 477 7737 477 8127 477 7735 127 8127 127 8128 127 7733 478 7735 478 8128 478 7733 479 8128 479 8129 479 7733 480 8129 480 8130 480 7731 481 7733 481 8130 481 7731 482 8130 482 8131 482 7729 482 7731 482 8131 482 7727 483 7729 483 8131 483 7727 484 8131 484 8132 484 7725 485 8132 485 8133 485 7725 486 8133 486 8134 486 7725 118 7727 118 8132 118 7723 486 7725 486 8134 486 7721 487 8134 487 8135 487 7721 487 7723 487 8134 487 7719 488 8135 488 8136 488 7719 488 7721 488 8135 488 7717 112 8136 112 8137 112 7717 110 8137 110 8138 110 7717 489 7719 489 8136 489 7715 108 8138 108 8139 108 7715 110 7717 110 8138 110 7713 490 7715 490 8139 490 7711 491 8139 491 8140 491 7711 492 7713 492 8139 492 7709 493 8140 493 8141 493 7709 103 8141 103 8142 103 7709 104 7711 104 8140 104 7707 103 7709 103 8142 103 7705 102 8142 102 8143 102 7705 102 7707 102 8142 102 7703 101 8143 101 8144 101 7703 494 7705 494 8143 494 7703 495 8144 495 8021 495 7701 496 7703 496 8021 496 8145 1158 8146 1158 8147 1158 8148 216 8149 216 8150 216 8149 216 8151 216 8150 216 8152 216 8145 216 8153 216 8145 1159 8147 1159 8153 1159 8150 216 8151 216 8154 216 8151 216 8155 216 8154 216 8156 1160 8152 1160 8157 1160 8152 216 8153 216 8157 216 8154 216 8155 216 8158 216 8159 1161 8156 1161 8160 1161 8156 216 8157 216 8160 216 8155 216 8161 216 8162 216 8158 216 8155 216 8162 216 8159 216 8160 216 8163 216 8161 216 8164 216 8165 216 8162 216 8161 216 8165 216 8159 1162 8163 1162 8166 1162 8167 216 8159 216 8166 216 8165 1163 8164 1163 8168 1163 8164 216 8169 216 8168 216 8170 1164 8171 1164 8172 1164 8173 216 8167 216 8174 216 8167 1165 8166 1165 8174 1165 8175 216 8170 216 8176 216 8168 216 8169 216 8177 216 8178 216 8175 216 8176 216 8170 1166 8172 1166 8176 1166 8171 1167 8179 1167 8180 1167 8172 216 8171 216 8180 216 8181 216 8178 216 8182 216 8178 1168 8176 1168 8182 1168 8173 216 8174 216 8183 216 8184 1169 8173 1169 8183 1169 8177 1170 8169 1170 8185 1170 8186 216 8187 216 8188 216 8179 216 8186 216 8188 216 8180 1171 8179 1171 8188 1171 8169 216 8189 216 8185 216 8184 1172 8183 1172 8190 1172 8191 1173 8181 1173 8192 1173 8181 1174 8182 1174 8192 1174 8185 216 8189 216 8193 216 8189 216 8194 216 8193 216 8195 1175 8184 1175 8196 1175 8187 216 8197 216 8198 216 8188 216 8187 216 8198 216 8184 216 8190 216 8196 216 8199 216 8191 216 8200 216 8201 216 8199 216 8200 216 8193 1176 8194 1176 8202 1176 8194 216 8203 216 8202 216 8191 1177 8192 1177 8200 1177 8204 216 8195 216 8205 216 8195 1178 8196 1178 8205 1178 8197 216 8206 216 8207 216 8198 216 8197 216 8207 216 8202 216 8203 216 8208 216 8209 1179 8204 1179 8210 1179 8211 216 8201 216 8212 216 8204 1180 8205 1180 8210 1180 8201 1181 8200 1181 8212 1181 8213 216 8214 216 8215 216 8206 216 8213 216 8215 216 8203 1182 8216 1182 8217 1182 8208 216 8203 216 8217 216 8207 216 8206 216 8215 216 8218 216 8211 216 8219 216 8209 216 8210 216 8220 216 8211 1183 8212 1183 8219 1183 8216 216 8221 216 8222 216 8217 216 8216 216 8222 216 8214 216 8223 216 8224 216 8225 1184 8209 1184 8226 1184 8215 216 8214 216 8224 216 8227 216 8218 216 8228 216 8229 1162 8227 1162 8228 1162 8209 1185 8220 1185 8226 1185 8218 1186 8219 1186 8228 1186 8222 216 8221 216 8230 216 8221 216 8231 216 8230 216 8225 216 8226 216 8232 216 8223 1187 8233 1187 8234 1187 8235 216 8225 216 8232 216 8224 216 8223 216 8234 216 8230 216 8231 216 8236 216 8237 1165 8229 1165 8238 1165 8229 216 8228 216 8238 216 8239 216 8235 216 8240 216 8235 1188 8232 1188 8240 1188 8241 1189 8242 1189 8243 1189 8233 216 8241 216 8243 216 8236 216 8231 216 8244 216 8231 216 8245 216 8244 216 8234 216 8233 216 8243 216 8237 216 8238 216 8246 216 8247 216 8237 216 8246 216 8239 1190 8240 1190 8248 1190 8242 216 8249 216 8250 216 8243 216 8242 216 8250 216 8245 1191 8251 1191 8252 1191 8244 216 8245 216 8252 216 8253 1192 8239 1192 8254 1192 8239 216 8248 216 8254 216 8247 1193 8246 1193 8255 1193 8256 1194 8247 1194 8255 1194 8257 216 8256 216 8255 216 8251 216 8258 216 8259 216 8252 216 8251 216 8259 216 8260 216 8253 216 8261 216 8249 1195 8262 1195 8263 1195 8253 216 8254 216 8261 216 8250 216 8249 216 8263 216 8257 1196 8255 1196 8264 1196 8265 1197 8257 1197 8264 1197 8259 216 8258 216 8266 216 8260 216 8261 216 8267 216 8268 1198 8260 1198 8267 1198 8262 216 8269 216 8270 216 8266 216 8258 216 8271 216 8269 216 8272 216 8270 216 8263 216 8262 216 8270 216 8258 216 8273 216 8271 216 8268 1199 8267 1199 8274 1199 8271 216 8273 216 8275 216 8276 1200 8265 1200 8277 1200 8273 216 8278 216 8275 216 8265 216 8264 216 8277 216 8268 1201 8274 1201 8279 1201 8280 1202 8268 1202 8279 1202 8272 216 8281 216 8282 216 8270 1203 8272 1203 8282 1203 8275 216 8278 216 8283 216 8278 216 8284 216 8283 216 8285 216 8276 216 8286 216 8287 216 8280 216 8288 216 8289 1185 8285 1185 8286 1185 8280 1204 8279 1204 8288 1204 8276 1205 8277 1205 8286 1205 8283 216 8284 216 8290 216 8287 216 8288 216 8291 216 8292 1206 8287 1206 8291 1206 8282 216 8281 216 8293 216 8290 216 8284 216 8294 216 8284 216 8295 216 8294 216 8281 216 8296 216 8293 216 8292 1207 8291 1207 8297 1207 8298 216 8289 216 8299 216 8294 216 8295 216 8300 216 8289 1208 8286 1208 8299 1208 8295 1209 8301 1209 8300 1209 8292 216 8297 216 8302 216 8300 216 8301 216 8302 216 8301 1210 8292 1210 8302 1210 8303 216 8304 216 8305 216 8296 216 8303 216 8305 216 8293 216 8296 216 8305 216 8306 1188 8298 1188 8307 1188 8298 216 8299 216 8307 216 8304 216 8308 216 8309 216 8305 216 8304 216 8309 216 8306 216 8307 216 8310 216 8311 1190 8306 1190 8310 1190 8312 216 8311 216 8310 216 8308 216 8313 216 8314 216 8309 1211 8308 1211 8314 1211 8315 216 8312 216 8316 216 8312 1212 8310 1212 8316 1212 8317 216 8318 216 8319 216 8313 216 8317 216 8319 216 8314 216 8313 216 8319 216 8320 216 8315 216 8321 216 8315 1213 8316 1213 8321 1213 8318 216 8322 216 8323 216 8319 216 8318 216 8323 216 8324 216 8320 216 8325 216 8326 216 8324 216 8325 216 8320 1214 8321 1214 8325 1214 8322 216 8327 216 8328 216 8323 216 8322 216 8328 216 8326 1215 8325 1215 8329 1215 8330 1216 8326 1216 8329 1216 8331 216 8332 216 8333 216 8327 216 8331 216 8333 216 8328 216 8327 216 8333 216 8330 1217 8329 1217 8334 1217 8335 216 8330 216 8334 216 8333 216 8332 216 8336 216 8332 216 8337 216 8336 216 8335 1218 8334 1218 8338 1218 8339 216 8335 216 8338 216 8336 1219 8337 1219 8340 1219 8340 1164 8337 1164 8341 1164 8339 216 8338 216 8342 216 8342 1220 8338 1220 8343 1220 8340 1221 8341 1221 8344 1221 8344 216 8341 216 8345 216 8342 1222 8343 1222 8346 1222 8343 216 8347 216 8346 216 8344 1223 8345 1223 8348 1223 8349 216 8344 216 8348 216 8346 1224 8347 1224 8350 1224 8347 1225 8351 1225 8350 1225 8352 1226 8349 1226 8353 1226 8349 216 8348 216 8353 216 8350 216 8351 216 8354 216 8145 1227 8352 1227 8146 1227 8352 1228 8353 1228 8146 1228 8354 216 8351 216 8148 216 8351 216 8149 216 8148 216 8355 575 8356 575 8357 575 8358 216 8355 216 8357 216 8359 216 8360 216 8361 216 8359 216 8362 216 8360 216 8363 576 8355 576 8358 576 8364 216 8359 216 8361 216 8365 216 8363 216 8358 216 8366 216 8359 216 8364 216 8367 216 8363 216 8365 216 8368 216 8369 216 8370 216 8371 216 8370 216 8372 216 8373 216 8366 216 8364 216 8371 216 8368 216 8370 216 8374 577 8367 577 8365 577 8375 216 8376 216 8369 216 8375 216 8377 216 8376 216 8378 216 8366 216 8373 216 8375 216 8369 216 8368 216 8379 216 8372 216 8380 216 8379 216 8371 216 8372 216 8381 216 8378 216 8373 216 8382 216 8383 216 8377 216 8382 216 8377 216 8375 216 8384 578 8367 578 8374 578 8384 216 8385 216 8367 216 8386 216 8378 216 8381 216 8387 579 8385 579 8384 579 8388 216 8379 216 8380 216 8389 580 8387 580 8384 580 8390 216 8383 216 8382 216 8391 216 8392 216 8393 216 8394 216 8381 216 8395 216 8391 216 8380 216 8392 216 8394 216 8386 216 8381 216 8391 216 8388 216 8380 216 8396 581 8387 581 8389 581 8397 582 8398 582 8383 582 8397 583 8383 583 8390 583 8399 216 8396 216 8389 216 8400 216 8395 216 8401 216 8400 216 8394 216 8395 216 8402 216 8391 216 8393 216 8403 216 8400 216 8401 216 8404 584 8405 584 8398 584 8406 585 8396 585 8399 585 8404 586 8398 586 8397 586 8407 216 8400 216 8403 216 8408 216 8406 216 8399 216 8409 216 8410 216 8411 216 8409 216 8393 216 8410 216 8409 216 8402 216 8393 216 8412 587 8406 587 8408 587 8413 588 8414 588 8405 588 8415 216 8407 216 8403 216 8413 216 8416 216 8414 216 8413 589 8405 589 8404 589 8417 590 8412 590 8408 590 8418 216 8409 216 8411 216 8419 216 8407 216 8415 216 8420 216 8421 216 8416 216 8420 216 8416 216 8413 216 8422 591 8423 591 8412 591 8424 216 8418 216 8411 216 8422 592 8412 592 8417 592 8425 216 8415 216 8426 216 8425 216 8426 216 8427 216 8425 216 8419 216 8415 216 8424 216 8411 216 8428 216 8429 593 8421 593 8420 593 8430 216 8424 216 8428 216 8430 216 8428 216 8431 216 8432 216 8433 216 8434 216 8432 216 8434 216 8423 216 8432 594 8423 594 8422 594 8435 595 8421 595 8429 595 8435 596 8436 596 8421 596 8437 216 8430 216 8431 216 8438 216 8425 216 8427 216 8439 597 8436 597 8435 597 8440 216 8430 216 8437 216 8441 598 8439 598 8435 598 8442 216 8427 216 8443 216 8442 216 8443 216 8444 216 8442 216 8438 216 8427 216 8445 216 8446 216 8433 216 8447 216 8440 216 8437 216 8445 216 8433 216 8432 216 8448 216 8440 216 8447 216 8449 216 8439 216 8441 216 8449 216 8450 216 8439 216 8451 216 8442 216 8444 216 8452 599 8450 599 8449 599 8453 216 8454 216 8446 216 8455 216 8448 216 8447 216 8453 216 8446 216 8445 216 8455 216 8447 216 8456 216 8457 216 8452 216 8449 216 8458 216 8456 216 8459 216 8458 216 8455 216 8456 216 8460 600 8452 600 8457 600 8460 601 8461 601 8452 601 8462 216 8463 216 8454 216 8462 216 8454 216 8453 216 8464 216 8444 216 8465 216 8464 216 8465 216 8466 216 8464 216 8451 216 8444 216 8467 216 8458 216 8459 216 8467 216 8459 216 8468 216 8469 602 8461 602 8460 602 8470 216 8464 216 8466 216 8469 216 8471 216 8461 216 8472 216 8467 216 8468 216 8473 216 8474 216 8463 216 8473 216 8463 216 8462 216 8475 216 8466 216 8476 216 8475 216 8476 216 8477 216 8478 603 8471 603 8469 603 8475 216 8470 216 8466 216 8479 216 8467 216 8472 216 8480 216 8474 216 8473 216 8481 216 8475 216 8477 216 8482 216 8478 216 8469 216 8483 216 8484 216 8485 216 8483 216 8485 216 8474 216 8483 216 8474 216 8480 216 8486 216 8481 216 8477 216 8486 216 8484 216 8483 216 8486 216 8477 216 8484 216 8487 216 8478 216 8482 216 8488 216 8472 216 8489 216 8488 216 8479 216 8472 216 8490 604 8487 604 8482 604 8491 216 8488 216 8489 216 8492 216 8488 216 8491 216 8493 216 8494 216 8487 216 8493 605 8487 605 8490 605 8495 216 8492 216 8491 216 8496 216 8492 216 8495 216 8497 606 8498 606 8494 606 8497 607 8494 607 8493 607 8499 608 8498 608 8497 608 8500 216 8495 216 8501 216 8500 216 8496 216 8495 216 8502 216 8499 216 8497 216 8503 609 8499 609 8502 609 8504 216 8501 216 8505 216 8504 216 8500 216 8501 216 8506 216 8503 216 8502 216 8507 216 8504 216 8505 216 8508 216 8504 216 8507 216 8509 610 8510 610 8503 610 8509 598 8503 598 8506 598 8511 216 8508 216 8507 216 8511 216 8507 216 8512 216 8513 216 8510 216 8509 216 8513 216 8514 216 8510 216 8515 216 8511 216 8512 216 8515 216 8512 216 8516 216 8517 611 8514 611 8513 611 8517 216 8518 216 8514 216 8519 216 8515 216 8516 216 8520 216 8518 216 8517 216 8521 216 8515 216 8519 216 8522 216 8520 216 8517 216 8523 216 8521 216 8519 216 8524 588 8520 588 8522 588 8525 216 8521 216 8523 216 8526 216 8524 216 8522 216 8527 216 8525 216 8523 216 8528 216 8525 216 8527 216 8529 216 8524 216 8526 216 8529 216 8530 216 8524 216 8531 582 8530 582 8529 582 8532 216 8527 216 8533 216 8532 216 8528 216 8527 216 8534 216 8531 216 8529 216 8535 216 8533 216 8536 216 8535 216 8532 216 8533 216 8537 216 8531 216 8534 216 8537 216 8538 216 8531 216 8539 216 8535 216 8536 216 8540 216 8535 216 8539 216 8541 216 8538 216 8537 216 8541 216 8542 216 8538 216 8543 216 8539 216 8544 216 8543 216 8540 216 8539 216 8545 216 8546 216 8542 216 8545 216 8542 216 8541 216 8547 216 8546 216 8545 216 8548 216 8549 216 8543 216 8548 216 8543 216 8544 216 8550 216 8546 216 8547 216 8551 216 8550 216 8547 216 8552 216 8553 216 8549 216 8552 216 8549 216 8548 216 8554 216 8550 216 8551 216 8555 612 8553 612 8552 612 8556 216 8554 216 8551 216 8557 216 8555 216 8552 216 8558 216 8554 216 8556 216 8559 613 8555 613 8557 613 8560 216 8558 216 8556 216 8561 216 8559 216 8557 216 8562 216 8558 216 8560 216 8563 614 8559 614 8561 614 8564 216 8562 216 8560 216 8565 216 8563 216 8561 216 8566 216 8562 216 8564 216 8567 615 8563 615 8565 615 8568 216 8567 216 8565 216 8569 216 8566 216 8564 216 8569 216 8564 216 8570 216 8571 216 8567 216 8568 216 8572 216 8569 216 8570 216 8573 216 8571 216 8568 216 8574 216 8569 216 8572 216 8575 216 8571 216 8573 216 8576 616 8575 616 8573 616 8577 216 8572 216 8578 216 8577 216 8574 216 8572 216 8579 617 8575 617 8576 617 8580 216 8577 216 8578 216 8581 216 8579 216 8576 216 8582 216 8577 216 8580 216 8583 618 8579 618 8581 618 8584 619 8583 619 8581 619 8585 216 8580 216 8586 216 8585 216 8582 216 8580 216 8587 216 8583 216 8584 216 8588 216 8587 216 8584 216 8589 216 8586 216 8590 216 8589 216 8585 216 8586 216 8591 216 8589 216 8590 216 8592 216 8593 216 8587 216 8592 620 8587 620 8588 620 8594 216 8589 216 8591 216 8356 621 8593 621 8592 621 8360 216 8594 216 8591 216 8357 622 8356 622 8592 622 8362 216 8594 216 8360 216 8595 840 8596 840 8597 840 8596 840 8598 840 8597 840 8599 841 8595 841 8600 841 8595 842 8597 842 8600 842 8601 843 8599 843 8602 843 8603 844 8604 844 8605 844 8599 845 8600 845 8602 845 8604 846 8606 846 8605 846 8607 847 8601 847 8608 847 8609 848 8603 848 8610 848 8601 847 8602 847 8608 847 8611 849 8609 849 8610 849 8603 848 8605 848 8610 848 8612 850 8607 850 8613 850 8607 851 8608 851 8613 851 8614 852 8611 852 8615 852 8611 853 8610 853 8615 853 8616 854 8612 854 8617 854 8618 855 8616 855 8617 855 8612 856 8613 856 8617 856 8614 857 8615 857 8619 857 8618 858 8617 858 8620 858 8621 859 8614 859 8622 859 8623 860 8621 860 8622 860 8614 861 8619 861 8622 861 8624 862 8618 862 8625 862 8618 863 8620 863 8625 863 8623 864 8622 864 8626 864 8627 865 8624 865 8628 865 8624 866 8625 866 8628 866 8629 867 8623 867 8630 867 8631 868 8629 868 8630 868 8623 869 8626 869 8630 869 8632 870 8627 870 8633 870 8627 870 8628 870 8633 870 8631 871 8630 871 8634 871 8635 872 8632 872 8636 872 8632 873 8633 873 8636 873 8637 874 8631 874 8638 874 8631 875 8634 875 8638 875 8639 876 8640 876 8641 876 8640 877 8642 877 8641 877 8643 878 8637 878 8644 878 8645 879 8643 879 8644 879 8646 880 8639 880 8647 880 8637 881 8638 881 8644 881 8639 882 8641 882 8647 882 8648 883 8645 883 8649 883 8650 884 8646 884 8651 884 8645 885 8644 885 8649 885 8652 886 8650 886 8651 886 8646 887 8647 887 8651 887 8652 888 8651 888 8653 888 8648 889 8649 889 8654 889 8655 890 8652 890 8656 890 8657 891 8648 891 8658 891 8648 892 8654 892 8658 892 8652 893 8653 893 8656 893 8659 894 8655 894 8660 894 8657 895 8658 895 8661 895 8662 896 8657 896 8661 896 8655 897 8656 897 8660 897 8663 898 8659 898 8664 898 8662 899 8661 899 8665 899 8659 900 8660 900 8664 900 8666 901 8662 901 8665 901 8667 902 8663 902 8668 902 8663 903 8664 903 8668 903 8669 904 8670 904 8671 904 8672 905 8669 905 8671 905 8673 906 8667 906 8674 906 8667 907 8668 907 8674 907 8672 908 8671 908 8675 908 8676 909 8672 909 8675 909 8677 910 8673 910 8678 910 8673 911 8674 911 8678 911 8676 912 8675 912 8679 912 8680 912 8676 912 8679 912 8681 913 8677 913 8682 913 8683 914 8681 914 8682 914 8677 915 8678 915 8682 915 8680 916 8679 916 8684 916 8685 917 8680 917 8684 917 8683 918 8682 918 8686 918 8685 919 8684 919 8687 919 8683 920 8686 920 8688 920 8689 921 8685 921 8687 921 8690 922 8683 922 8688 922 8690 923 8688 923 8691 923 8689 924 8687 924 8692 924 8693 925 8689 925 8692 925 8694 926 8693 926 8692 926 8695 927 8690 927 8691 927 8695 928 8691 928 8696 928 8697 928 8695 928 8696 928 8604 929 8697 929 8696 929 8694 930 8692 930 8698 930 8604 931 8696 931 8606 931 8694 932 8698 932 8699 932 8700 933 8694 933 8699 933 8700 934 8699 934 8701 934 8702 934 8700 934 8701 934 8703 935 8702 935 8704 935 8702 936 8701 936 8704 936 8705 937 8703 937 8706 937 8703 938 8704 938 8706 938 8707 939 8705 939 8708 939 8705 939 8706 939 8708 939 8709 940 8707 940 8710 940 8707 941 8708 941 8710 941 8711 942 8709 942 8712 942 8713 943 8711 943 8712 943 8709 942 8710 942 8712 942 8714 944 8713 944 8715 944 8713 943 8712 943 8715 943 8716 945 8714 945 8717 945 8714 944 8715 944 8717 944 8716 945 8717 945 8718 945 8719 946 8716 946 8720 946 8716 947 8718 947 8720 947 8721 948 8719 948 8722 948 8719 948 8720 948 8722 948 8723 949 8721 949 8724 949 8721 950 8722 950 8724 950 8725 951 8723 951 8726 951 8723 952 8724 952 8726 952 8727 953 8725 953 8728 953 8725 953 8726 953 8728 953 8729 954 8727 954 8730 954 8727 955 8728 955 8730 955 8731 956 8729 956 8732 956 8729 957 8730 957 8732 957 8731 958 8732 958 8733 958 8734 959 8731 959 8733 959 8734 960 8733 960 8735 960 8736 961 8734 961 8735 961 8736 962 8735 962 8737 962 8738 963 8736 963 8737 963 8738 964 8737 964 8739 964 8740 964 8738 964 8739 964 8740 965 8739 965 8741 965 8742 966 8740 966 8741 966 8743 967 8742 967 8741 967 8743 968 8741 968 8744 968 8745 969 8746 969 8747 969 8745 970 8747 970 8748 970 8745 971 8748 971 8749 971 8750 972 8745 972 8749 972 8751 973 8750 973 8749 973 8751 974 8749 974 8752 974 8751 975 8752 975 8753 975 8754 976 8751 976 8753 976 8754 977 8753 977 8755 977 8756 978 8754 978 8755 978 8757 979 8756 979 8755 979 8757 980 8755 980 8758 980 8759 981 8757 981 8758 981 8759 982 8758 982 8760 982 8759 983 8760 983 8761 983 8762 984 8759 984 8761 984 8762 985 8761 985 8763 985 8764 986 8762 986 8763 986 8764 987 8763 987 8765 987 8766 988 8764 988 8765 988 8766 989 8765 989 8767 989 8768 990 8766 990 8767 990 8768 991 8767 991 8769 991 8770 992 8768 992 8769 992 8770 993 8769 993 8771 993 8772 994 8770 994 8771 994 8772 995 8771 995 8773 995 8774 995 8772 995 8773 995 8775 996 8774 996 8776 996 8777 997 8775 997 8776 997 8774 998 8773 998 8776 998 8777 999 8776 999 8778 999 8779 1000 8777 1000 8778 1000 8779 1000 8778 1000 8780 1000 8781 1001 8779 1001 8782 1001 8779 1002 8780 1002 8782 1002 8783 1003 8781 1003 8784 1003 8781 1004 8782 1004 8784 1004 8783 1005 8784 1005 8785 1005 8786 1006 8783 1006 8785 1006 8787 1007 8786 1007 8785 1007 8787 1008 8785 1008 8788 1008 8787 1009 8788 1009 8789 1009 8790 1010 8787 1010 8789 1010 8791 1011 8790 1011 8789 1011 8791 1012 8789 1012 8792 1012 8791 1013 8792 1013 8793 1013 8794 1014 8791 1014 8793 1014 8795 1015 8794 1015 8793 1015 8795 1016 8793 1016 8796 1016 8795 1017 8796 1017 8797 1017 8798 1018 8795 1018 8797 1018 8799 1019 8798 1019 8797 1019 8799 1020 8797 1020 8800 1020 8799 1021 8800 1021 8801 1021 8802 1022 8799 1022 8801 1022 8802 1023 8801 1023 8803 1023 8804 1024 8802 1024 8803 1024 8805 1025 8806 1025 8807 1025 8808 1026 8805 1026 8807 1026 8808 1027 8807 1027 8809 1027 8810 1028 8808 1028 8809 1028 8811 1029 8810 1029 8809 1029 8811 1030 8809 1030 8812 1030 8811 1031 8812 1031 8813 1031 8814 1031 8811 1031 8813 1031 8814 1032 8813 1032 8815 1032 8816 1033 8814 1033 8815 1033 8816 1034 8815 1034 8817 1034 8818 1035 8816 1035 8817 1035 8819 1036 8818 1036 8820 1036 8818 1037 8817 1037 8820 1037 8821 1038 8819 1038 8822 1038 8819 1039 8820 1039 8822 1039 8823 1040 8821 1040 8824 1040 8821 1041 8822 1041 8824 1041 8825 1042 8823 1042 8826 1042 8827 1043 8825 1043 8826 1043 8823 1042 8824 1042 8826 1042 8827 1044 8826 1044 8828 1044 8829 1045 8827 1045 8830 1045 8827 1046 8828 1046 8830 1046 8831 1047 8829 1047 8832 1047 8829 1047 8830 1047 8832 1047 8833 1048 8831 1048 8834 1048 8831 1049 8832 1049 8834 1049 8835 1050 8833 1050 8836 1050 8833 1050 8834 1050 8836 1050 8835 1051 8836 1051 8837 1051 8838 1051 8835 1051 8837 1051 8838 1052 8837 1052 8839 1052 8840 1052 8838 1052 8839 1052 8840 1053 8839 1053 8841 1053 8842 1053 8840 1053 8841 1053 8596 1054 8842 1054 8841 1054 8596 1055 8841 1055 8598 1055 8843 213 8844 213 8845 213 8843 212 8846 212 8844 212 8847 214 8845 214 8848 214 8847 215 8843 215 8845 215 8849 0 8848 0 8850 0 8849 1 8847 1 8848 1 8851 3 8852 3 8853 3 8851 3 8854 3 8852 3 8855 2 8850 2 8856 2 8855 2 8849 2 8850 2 8857 289 8853 289 8858 289 8857 290 8858 290 8859 290 8857 291 8851 291 8853 291 8860 4 8856 4 8861 4 8860 6 8855 6 8856 6 8862 12 8859 12 8863 12 8862 292 8857 292 8859 292 8864 7 8861 7 8865 7 8864 7 8860 7 8861 7 8866 20 8863 20 8867 20 8866 15 8862 15 8863 15 8868 9 8865 9 8869 9 8868 13 8864 13 8865 13 8870 293 8867 293 8871 293 8870 18 8866 18 8867 18 8872 11 8869 11 8873 11 8872 11 8868 11 8869 11 8874 28 8871 28 8875 28 8874 294 8870 294 8871 294 8876 16 8873 16 8877 16 8876 19 8872 19 8873 19 8878 27 8875 27 8879 27 8878 26 8874 26 8875 26 8880 22 8877 22 8881 22 8880 17 8876 17 8877 17 8882 34 8879 34 8883 34 8882 32 8878 32 8879 32 8884 24 8881 24 8885 24 8884 25 8880 25 8881 25 8886 40 8883 40 8887 40 8886 36 8882 36 8883 36 8888 29 8885 29 8889 29 8888 31 8884 31 8885 31 8890 38 8886 38 8887 38 8891 30 8889 30 8892 30 8891 33 8888 33 8889 33 8893 42 8887 42 8894 42 8895 35 8892 35 8896 35 8893 42 8890 42 8887 42 8895 37 8891 37 8892 37 8897 46 8894 46 8898 46 8899 39 8896 39 8900 39 8901 295 8902 295 8903 295 8897 48 8893 48 8894 48 8899 41 8895 41 8896 41 8904 296 8901 296 8903 296 8905 50 8898 50 8906 50 8905 52 8897 52 8898 52 8907 47 8903 47 8908 47 8907 297 8908 297 8909 297 8910 55 8905 55 8906 55 8910 56 8906 56 8911 56 8907 44 8904 44 8903 44 8912 298 8907 298 8909 298 8913 58 8910 58 8911 58 8913 59 8911 59 8914 59 8915 53 8909 53 8916 53 8915 54 8916 54 8917 54 8915 53 8912 53 8909 53 8918 63 8919 63 8920 63 8918 64 8920 64 8921 64 8922 60 8917 60 8923 60 8922 57 8915 57 8917 57 8924 66 8918 66 8921 66 8924 68 8921 68 8925 68 8926 61 8923 61 8927 61 8926 62 8922 62 8923 62 8928 69 8927 69 8929 69 8930 70 8924 70 8925 70 8930 72 8925 72 8931 72 8928 65 8926 65 8927 65 8932 299 8929 299 8933 299 8934 75 8930 75 8931 75 8934 77 8931 77 8935 77 8932 67 8928 67 8929 67 8936 300 8932 300 8933 300 8936 74 8933 74 8937 74 8938 79 8934 79 8935 79 8938 81 8935 81 8939 81 8940 76 8936 76 8937 76 8940 78 8937 78 8941 78 8942 85 8938 85 8939 85 8942 86 8939 86 8943 86 8944 80 8940 80 8941 80 8944 301 8941 301 8945 301 8946 89 8942 89 8943 89 8946 89 8943 89 8947 89 8948 302 8944 302 8945 302 8949 303 8948 303 8945 303 8949 304 8945 304 8950 304 8951 90 8946 90 8947 90 8951 91 8947 91 8952 91 8854 88 8949 88 8950 88 8854 88 8950 88 8852 88 8953 92 8951 92 8952 92 8953 92 8952 92 8954 92 8955 94 8954 94 8956 94 8955 93 8953 93 8954 93 8957 95 8956 95 8958 95 8957 95 8955 95 8956 95 8959 96 8958 96 8960 96 8959 97 8957 97 8958 97 8961 98 8960 98 8962 98 8961 99 8959 99 8960 99 8963 100 8962 100 8964 100 8963 101 8961 101 8962 101 8965 102 8964 102 8966 102 8965 102 8963 102 8964 102 8967 103 8966 103 8968 103 8967 103 8965 103 8966 103 8969 104 8968 104 8970 104 8969 106 8967 106 8968 106 8971 107 8970 107 8972 107 8971 105 8969 105 8970 105 8973 108 8972 108 8974 108 8973 109 8971 109 8972 109 8975 110 8974 110 8976 110 8975 110 8973 110 8974 110 8977 111 8976 111 8978 111 8977 112 8975 112 8976 112 8979 113 8978 113 8980 113 8979 113 8977 113 8978 113 8981 114 8980 114 8982 114 8981 115 8979 115 8980 115 8983 116 8982 116 8984 116 8983 116 8981 116 8982 116 8985 117 8983 117 8984 117 8985 118 8984 118 8986 118 8987 119 8985 119 8986 119 8987 120 8986 120 8988 120 8989 121 8987 121 8988 121 8989 122 8988 122 8990 122 8991 305 8989 305 8990 305 8991 306 8990 306 8992 306 8993 126 8991 126 8992 126 8993 125 8992 125 8994 125 8995 127 8993 127 8994 127 8995 128 8994 128 8996 128 8997 129 8998 129 8999 129 8997 130 8999 130 9000 130 9001 131 8997 131 9000 131 9001 132 9000 132 9002 132 9003 133 9001 133 9002 133 9003 134 9002 134 9004 134 9005 135 9003 135 9004 135 9005 136 9004 136 9006 136 9007 137 9005 137 9006 137 9007 137 9006 137 9008 137 9009 138 9007 138 9008 138 9009 139 9008 139 9010 139 9011 140 9009 140 9010 140 9011 141 9010 141 9012 141 9013 142 9011 142 9012 142 9013 143 9012 143 9014 143 9015 144 9013 144 9014 144 9015 145 9014 145 9016 145 9017 146 9015 146 9016 146 9017 147 9016 147 9018 147 9019 148 9017 148 9018 148 9019 149 9018 149 9020 149 9021 307 9019 307 9020 307 9021 308 9020 308 9022 308 9023 309 9021 309 9022 309 9023 310 9022 310 9024 310 9025 154 9023 154 9024 154 9025 155 9024 155 9026 155 9027 156 9026 156 9028 156 9027 156 9025 156 9026 156 9029 157 9028 157 9030 157 9029 157 9027 157 9028 157 9031 158 9030 158 9032 158 9031 160 9029 160 9030 160 9033 311 9032 311 9034 311 9033 312 9031 312 9032 312 9035 313 9034 313 9036 313 9035 314 9033 314 9034 314 9037 164 9035 164 9036 164 9037 165 9036 165 9038 165 9039 166 9037 166 9038 166 9039 167 9038 167 9040 167 9041 168 9039 168 9040 168 9041 169 9040 169 9042 169 9043 170 9041 170 9042 170 9043 171 9042 171 9044 171 9045 172 9043 172 9044 172 9045 173 9044 173 9046 173 9047 174 9045 174 9046 174 9047 175 9046 175 9048 175 9049 176 9047 176 9048 176 9049 176 9048 176 9050 176 9051 177 9049 177 9050 177 9051 178 9050 178 9052 178 9053 179 9051 179 9052 179 9053 180 9052 180 9054 180 9055 315 9053 315 9054 315 9055 316 9054 316 9056 316 9057 183 9055 183 9056 183 9057 184 9056 184 9058 184 9059 185 9057 185 9058 185 9059 186 9058 186 9060 186 9061 188 9062 188 9063 188 9061 187 9063 187 9064 187 9065 317 9061 317 9064 317 9065 318 9064 318 9066 318 9067 191 9065 191 9066 191 9067 192 9066 192 9068 192 9069 194 9067 194 9068 194 9069 193 9068 193 9070 193 9071 195 9070 195 9072 195 9071 196 9069 196 9070 196 9073 197 9072 197 9074 197 9073 197 9071 197 9072 197 9075 198 9074 198 9076 198 9075 199 9073 199 9074 199 9077 200 9076 200 9078 200 9077 200 9075 200 9076 200 9079 202 9078 202 9080 202 9079 201 9077 201 9078 201 9081 203 9080 203 9082 203 9081 203 9079 203 9080 203 9083 206 9082 206 9084 206 9083 204 9081 204 9082 204 9085 207 9084 207 9086 207 9085 205 9083 205 9084 205 9087 208 9086 208 9088 208 9087 209 9085 209 9086 209 9089 210 9087 210 9088 210 9089 210 9088 210 9090 210 8846 211 9089 211 9090 211 8846 211 9090 211 8844 211 8957 97 9091 97 9092 97 8957 95 9092 95 9093 95 8957 319 8959 319 9091 319 8955 95 8957 95 9093 95 8953 320 9093 320 9094 320 8953 94 8955 94 9093 94 8949 321 9095 321 9096 321 8949 322 8854 322 9095 322 8951 323 9094 323 9097 323 8951 324 9097 324 9098 324 8951 323 8953 323 9094 323 8948 325 9096 325 9099 325 8948 326 8949 326 9096 326 8946 324 8951 324 9098 324 8944 327 9099 327 9100 327 8944 328 8948 328 9099 328 8942 329 9098 329 9101 329 8942 330 9101 330 9102 330 8942 329 8946 329 9098 329 8940 331 9100 331 9103 331 8940 332 9103 332 9104 332 8938 85 8942 85 9102 85 8940 333 8944 333 9100 333 8936 334 9104 334 9105 334 8934 335 9102 335 9106 335 8936 336 8940 336 9104 336 8934 337 8938 337 9102 337 8932 338 9105 338 9107 338 8930 339 9106 339 9108 339 8930 340 9108 340 9109 340 8932 341 8936 341 9105 341 8930 339 8934 339 9106 339 8928 342 8932 342 9107 342 8924 343 8930 343 9109 343 8918 344 9109 344 9110 344 8926 345 9107 345 9111 345 8926 346 8928 346 9107 346 8918 347 8924 347 9109 347 8919 348 9110 348 9112 348 8913 349 9113 349 9114 349 8922 350 9111 350 9115 350 8922 351 9115 351 9116 351 8919 352 8918 352 9110 352 8922 350 8926 350 9111 350 8910 353 9114 353 9117 353 8915 354 9116 354 9118 354 8910 349 8913 349 9114 349 8915 355 8922 355 9116 355 8905 356 8910 356 9117 356 8912 357 9118 357 9119 357 8912 358 8915 358 9118 358 8897 359 9117 359 9120 359 8897 360 8905 360 9117 360 8907 357 8912 357 9119 357 8893 361 9120 361 9121 361 8893 361 8897 361 9120 361 8904 362 9119 362 9122 362 8904 363 8907 363 9119 363 8890 364 9121 364 9123 364 8890 365 9123 365 9124 365 8890 366 8893 366 9121 366 8901 367 8904 367 9122 367 8901 368 9122 368 9125 368 8886 369 8890 369 9124 369 8895 370 8899 370 9126 370 8882 371 9124 371 9127 371 8895 370 9126 370 9128 370 8882 371 8886 371 9124 371 8878 372 9127 372 9129 372 8891 373 8895 373 9128 373 8878 374 9129 374 9130 374 8891 37 9128 37 9131 37 8878 375 8882 375 9127 375 8874 376 9130 376 9132 376 8888 377 8891 377 9131 377 8888 378 9131 378 9133 378 8874 379 8878 379 9130 379 8870 380 8874 380 9132 380 8884 381 8888 381 9133 381 8884 382 9133 382 9134 382 8866 383 8870 383 9132 383 8866 384 9132 384 9135 384 8880 385 8884 385 9134 385 8880 385 9134 385 9136 385 8862 386 8866 386 9135 386 8862 387 9135 387 9137 387 8862 388 9137 388 9138 388 8876 389 8880 389 9136 389 8876 390 9136 390 9139 390 8857 391 8862 391 9138 391 8872 16 8876 16 9139 16 8851 392 8857 392 9138 392 8872 393 9139 393 9140 393 8851 394 9138 394 9141 394 8851 395 9141 395 9095 395 8854 396 8851 396 9095 396 8868 397 8872 397 9140 397 8868 397 9140 397 9142 397 8864 398 8868 398 9142 398 8864 398 9142 398 9143 398 8860 399 8864 399 9143 399 8860 399 9143 399 9144 399 8855 6 9144 6 9145 6 8855 400 8860 400 9144 400 8849 2 9145 2 9146 2 8849 2 8855 2 9145 2 8849 0 9146 0 9147 0 8847 401 8849 401 9147 401 8843 402 9147 402 9148 402 8843 403 8847 403 9147 403 8846 404 9148 404 9149 404 8846 213 8843 213 9148 213 9089 211 9149 211 9150 211 9089 211 8846 211 9149 211 9087 210 9150 210 9151 210 9087 405 9151 405 9152 405 9087 210 9089 210 9150 210 9085 209 9087 209 9152 209 9083 406 9152 406 9153 406 9083 407 9153 407 9154 407 9083 408 9085 408 9152 408 9081 204 9083 204 9154 204 9079 203 9154 203 9155 203 9079 203 9081 203 9154 203 9077 409 9155 409 9156 409 9077 410 9156 410 9157 410 9077 202 9079 202 9155 202 9075 410 9077 410 9157 410 9073 411 9157 411 9158 411 9073 411 9075 411 9157 411 9071 412 9158 412 9159 412 9071 412 9073 412 9158 412 9069 413 9071 413 9159 413 9069 196 9159 196 9160 196 9067 414 9069 414 9160 414 9067 415 9160 415 9161 415 9065 416 9067 416 9161 416 9065 416 9161 416 9162 416 9065 417 9162 417 9163 417 9061 418 9065 418 9163 418 9062 419 9061 419 9163 419 9062 420 9163 420 9164 420 9057 421 9059 421 9165 421 9057 422 9165 422 9166 422 9055 423 9057 423 9166 423 9055 423 9166 423 9167 423 9055 424 9167 424 9168 424 9053 425 9055 425 9168 425 9051 426 9053 426 9168 426 9051 427 9168 427 9169 427 9049 428 9051 428 9169 428 9049 428 9169 428 9170 428 9049 429 9170 429 9171 429 9047 430 9049 430 9171 430 9045 431 9047 431 9171 431 9045 432 9171 432 9172 432 9043 433 9045 433 9172 433 9043 433 9172 433 9173 433 9041 434 9043 434 9173 434 9041 435 9173 435 9174 435 9039 436 9041 436 9174 436 9039 437 9174 437 9175 437 9037 438 9039 438 9175 438 9037 439 9175 439 9176 439 9037 440 9176 440 9177 440 9035 441 9037 441 9177 441 9033 442 9035 442 9177 442 9033 443 9177 443 9178 443 9031 444 9033 444 9178 444 9031 445 9178 445 9179 445 9029 446 9031 446 9179 446 9029 447 9179 447 9180 447 9029 448 9180 448 9181 448 9027 449 9029 449 9181 449 9025 450 9181 450 9182 450 9025 451 9027 451 9181 451 9023 452 9182 452 9183 452 9023 453 9025 453 9182 453 9021 454 9183 454 9184 454 9021 455 9023 455 9183 455 9019 456 9184 456 9185 456 9019 457 9185 457 9186 457 9019 458 9021 458 9184 458 9017 459 9019 459 9186 459 9015 460 9017 460 9186 460 9015 461 9186 461 9187 461 9013 462 9015 462 9187 462 9013 463 9187 463 9188 463 9011 464 9013 464 9188 464 9011 465 9188 465 9189 465 9009 466 9011 466 9189 466 9009 466 9189 466 9190 466 9009 467 9190 467 9191 467 9007 468 9009 468 9191 468 9005 469 9007 469 9191 469 9005 470 9191 470 9192 470 9003 471 9005 471 9192 471 9003 471 9192 471 9193 471 9001 472 9003 472 9193 472 9001 473 9193 473 9194 473 9001 474 9194 474 9195 474 8997 475 9001 475 9195 475 8998 476 8997 476 9195 476 8998 476 9195 476 9196 476 8993 477 8995 477 9197 477 8993 127 9197 127 9198 127 8991 478 8993 478 9198 478 8991 479 9198 479 9199 479 8991 480 9199 480 9200 480 8989 481 8991 481 9200 481 8989 482 9200 482 9201 482 8987 482 8989 482 9201 482 8985 483 8987 483 9201 483 8985 484 9201 484 9202 484 8983 485 9202 485 9203 485 8983 486 9203 486 9204 486 8983 118 8985 118 9202 118 8981 486 8983 486 9204 486 8979 487 9204 487 9205 487 8979 487 8981 487 9204 487 8977 488 9205 488 9206 488 8977 488 8979 488 9205 488 8975 112 9206 112 9207 112 8975 110 9207 110 9208 110 8975 489 8977 489 9206 489 8973 108 9208 108 9209 108 8973 110 8975 110 9208 110 8971 490 8973 490 9209 490 8969 491 9209 491 9210 491 8969 492 8971 492 9209 492 8967 493 9210 493 9211 493 8967 103 9211 103 9212 103 8967 104 8969 104 9210 104 8965 103 8967 103 9212 103 8963 102 9212 102 9213 102 8963 102 8965 102 9212 102 8961 101 9213 101 9214 101 8961 494 8963 494 9213 494 8961 495 9214 495 9091 495 8959 496 8961 496 9091 496 9215 239 9216 239 9217 239 9215 239 9218 239 9216 239 9219 239 9220 239 9221 239 9219 497 9221 497 9222 497 9223 239 9218 239 9215 239 9223 239 9224 239 9218 239 9225 239 9219 239 9222 239 9226 239 9224 239 9223 239 9226 239 9227 239 9224 239 9228 239 9225 239 9222 239 9228 498 9222 498 9229 498 9230 239 9227 239 9226 239 9230 239 9231 239 9227 239 9232 499 9229 499 9233 499 9232 239 9228 239 9229 239 9234 239 9231 239 9230 239 9234 500 9235 500 9231 500 9236 501 9233 501 9237 501 9236 502 9232 502 9233 502 9238 503 9239 503 9240 503 9241 239 9235 239 9234 239 9242 239 9237 239 9243 239 9242 239 9236 239 9237 239 9244 504 9240 504 9245 504 9244 239 9238 239 9240 239 9246 505 9247 505 9239 505 9246 239 9239 239 9238 239 9248 506 9249 506 9250 506 9251 500 9252 500 9235 500 9248 507 9245 507 9249 507 9251 239 9235 239 9241 239 9253 508 9243 508 9254 508 9248 239 9244 239 9245 239 9253 509 9242 509 9243 509 9255 239 9256 239 9247 239 9255 239 9247 239 9246 239 9257 510 9250 510 9258 510 9257 239 9248 239 9250 239 9259 511 9260 511 9256 511 9261 239 9262 239 9252 239 9261 512 9252 512 9251 512 9259 239 9256 239 9255 239 9263 513 9254 513 9264 513 9265 514 9258 514 9266 514 9265 239 9257 239 9258 239 9263 515 9253 515 9254 515 9267 239 9268 239 9260 239 9267 239 9260 239 9259 239 9269 239 9265 239 9266 239 9270 239 9262 239 9261 239 9269 516 9266 516 9271 516 9272 239 9273 239 9268 239 9272 517 9274 517 9273 517 9270 239 9275 239 9262 239 9276 239 9263 239 9264 239 9276 518 9264 518 9277 518 9272 519 9268 519 9267 519 9278 239 9269 239 9271 239 9279 239 9275 239 9270 239 9279 239 9280 239 9275 239 9278 520 9271 520 9281 520 9282 239 9276 239 9277 239 9283 521 9284 521 9274 521 9283 522 9274 522 9272 522 9285 239 9280 239 9279 239 9286 239 9278 239 9281 239 9285 239 9287 239 9280 239 9286 523 9281 523 9288 523 9289 239 9282 239 9277 239 9289 524 9277 524 9290 524 9291 239 9292 239 9284 239 9291 239 9284 239 9283 239 9293 239 9287 239 9285 239 9294 239 9286 239 9288 239 9293 525 9295 525 9287 525 9296 239 9289 239 9290 239 9296 526 9290 526 9297 526 9294 527 9288 527 9298 527 9299 239 9300 239 9292 239 9299 528 9292 528 9291 528 9301 239 9295 239 9293 239 9302 239 9294 239 9298 239 9301 239 9303 239 9295 239 9302 529 9298 529 9304 529 9305 530 9297 530 9306 530 9307 239 9300 239 9299 239 9307 239 9308 239 9300 239 9305 239 9296 239 9297 239 9309 531 9303 531 9301 531 9310 239 9302 239 9304 239 9309 532 9311 532 9303 532 9312 239 9305 239 9306 239 9312 533 9306 533 9313 533 9310 534 9314 534 9315 534 9310 535 9304 535 9314 535 9316 239 9317 239 9308 239 9316 239 9308 239 9307 239 9318 536 9311 536 9309 536 9319 239 9310 239 9315 239 9320 239 9312 239 9313 239 9319 537 9315 537 9321 537 9320 538 9313 538 9322 538 9323 239 9311 239 9318 239 9324 239 9325 239 9317 239 9324 239 9317 239 9316 239 9323 539 9326 539 9311 539 9327 239 9320 239 9322 239 9328 239 9319 239 9321 239 9327 540 9322 540 9329 540 9328 541 9321 541 9330 541 9331 239 9332 239 9325 239 9333 239 9326 239 9323 239 9331 239 9325 239 9324 239 9333 239 9334 239 9326 239 9335 239 9329 239 9336 239 9337 239 9328 239 9330 239 9335 542 9327 542 9329 542 9338 543 9334 543 9333 543 9337 544 9330 544 9339 544 9338 239 9340 239 9334 239 9341 239 9342 239 9343 239 9341 239 9343 239 9332 239 9344 545 9336 545 9345 545 9341 546 9332 546 9331 546 9344 239 9335 239 9336 239 9346 547 9347 547 9340 547 9346 239 9340 239 9338 239 9348 239 9337 239 9339 239 9349 239 9344 239 9345 239 9348 548 9339 548 9350 548 9351 239 9352 239 9347 239 9353 239 9354 239 9342 239 9351 549 9347 549 9346 549 9355 550 9345 550 9356 550 9353 551 9342 551 9341 551 9355 239 9349 239 9345 239 9357 239 9348 239 9350 239 9358 552 9356 552 9352 552 9358 553 9355 553 9356 553 9358 239 9352 239 9351 239 9357 554 9350 554 9359 554 9360 239 9361 239 9354 239 9360 239 9354 239 9353 239 9362 239 9357 239 9359 239 9362 555 9359 555 9363 555 9364 239 9365 239 9361 239 9364 239 9361 239 9360 239 9366 239 9362 239 9363 239 9366 556 9367 556 9368 556 9366 557 9363 557 9367 557 9369 239 9370 239 9365 239 9369 239 9365 239 9364 239 9371 239 9366 239 9368 239 9371 558 9368 558 9372 558 9373 239 9374 239 9370 239 9373 239 9370 239 9369 239 9375 559 9372 559 9376 559 9375 239 9371 239 9372 239 9377 239 9378 239 9374 239 9377 239 9374 239 9373 239 9379 560 9376 560 9380 560 9379 239 9375 239 9376 239 9381 521 9382 521 9378 521 9381 239 9378 239 9377 239 9383 561 9380 561 9384 561 9383 239 9379 239 9380 239 9385 522 9382 522 9381 522 9385 517 9386 517 9382 517 9385 239 9387 239 9386 239 9388 562 9384 562 9389 562 9388 239 9383 239 9384 239 9390 239 9391 239 9387 239 9390 519 9387 519 9385 519 9392 239 9388 239 9389 239 9392 563 9389 563 9393 563 9394 511 9395 511 9391 511 9394 239 9391 239 9390 239 9396 239 9392 239 9393 239 9396 564 9393 564 9397 564 9398 239 9395 239 9394 239 9399 239 9395 239 9398 239 9400 239 9396 239 9397 239 9400 565 9397 565 9401 565 9402 239 9399 239 9398 239 9403 239 9400 239 9401 239 9404 566 9399 566 9402 566 9405 239 9400 239 9403 239 9406 239 9404 239 9402 239 9407 553 9405 553 9403 553 9408 239 9404 239 9406 239 9409 239 9405 239 9407 239 9410 239 9408 239 9406 239 9411 239 9409 239 9407 239 9412 567 9408 567 9410 567 9413 239 9409 239 9411 239 9414 239 9412 239 9410 239 9415 239 9413 239 9411 239 9416 239 9412 239 9414 239 9417 239 9413 239 9415 239 9418 239 9417 239 9415 239 9418 239 9419 239 9417 239 9420 568 9414 568 9421 568 9420 239 9416 239 9414 239 9422 239 9419 239 9418 239 9422 239 9423 239 9419 239 9424 239 9421 239 9425 239 9424 239 9420 239 9421 239 9426 539 9427 539 9423 539 9426 239 9423 239 9422 239 9428 569 9425 569 9429 569 9428 570 9424 570 9425 570 9430 239 9427 239 9426 239 9431 571 9429 571 9432 571 9431 239 9428 239 9429 239 9433 239 9427 239 9430 239 9433 532 9434 532 9427 532 9435 572 9432 572 9436 572 9435 239 9431 239 9432 239 9437 239 9434 239 9433 239 9437 239 9438 239 9434 239 9439 239 9435 239 9436 239 9439 573 9436 573 9440 573 9217 239 9438 239 9437 239 9217 525 9216 525 9438 525 9220 239 9439 239 9440 239 9220 574 9440 574 9221 574 9441 575 9442 575 9443 575 9444 216 9441 216 9443 216 9445 216 9446 216 9447 216 9445 216 9448 216 9446 216 9449 576 9441 576 9444 576 9450 216 9445 216 9447 216 9451 216 9449 216 9444 216 9452 216 9445 216 9450 216 9453 216 9449 216 9451 216 9454 216 9455 216 9456 216 9457 216 9456 216 9458 216 9459 216 9452 216 9450 216 9457 216 9454 216 9456 216 9460 577 9453 577 9451 577 9461 216 9462 216 9455 216 9461 216 9463 216 9462 216 9464 216 9452 216 9459 216 9461 216 9455 216 9454 216 9465 216 9458 216 9466 216 9465 216 9457 216 9458 216 9467 216 9464 216 9459 216 9468 216 9469 216 9463 216 9468 216 9463 216 9461 216 9470 578 9453 578 9460 578 9470 216 9471 216 9453 216 9472 216 9464 216 9467 216 9473 579 9471 579 9470 579 9474 216 9465 216 9466 216 9475 580 9473 580 9470 580 9476 216 9469 216 9468 216 9477 216 9478 216 9479 216 9480 216 9467 216 9481 216 9477 216 9466 216 9478 216 9480 216 9472 216 9467 216 9477 216 9474 216 9466 216 9482 581 9473 581 9475 581 9483 582 9484 582 9469 582 9483 583 9469 583 9476 583 9485 216 9482 216 9475 216 9486 216 9481 216 9487 216 9486 216 9480 216 9481 216 9488 216 9477 216 9479 216 9489 216 9486 216 9487 216 9490 584 9491 584 9484 584 9492 585 9482 585 9485 585 9490 586 9484 586 9483 586 9493 216 9486 216 9489 216 9494 216 9492 216 9485 216 9495 216 9496 216 9497 216 9495 216 9479 216 9496 216 9495 216 9488 216 9479 216 9498 587 9492 587 9494 587 9499 588 9500 588 9491 588 9501 216 9493 216 9489 216 9499 216 9502 216 9500 216 9499 589 9491 589 9490 589 9503 590 9498 590 9494 590 9504 216 9495 216 9497 216 9505 216 9493 216 9501 216 9506 216 9507 216 9502 216 9506 216 9502 216 9499 216 9508 591 9509 591 9498 591 9510 216 9504 216 9497 216 9508 592 9498 592 9503 592 9511 216 9501 216 9512 216 9511 216 9512 216 9513 216 9511 216 9505 216 9501 216 9510 216 9497 216 9514 216 9515 593 9507 593 9506 593 9516 216 9510 216 9514 216 9516 216 9514 216 9517 216 9518 216 9519 216 9520 216 9518 216 9520 216 9509 216 9518 594 9509 594 9508 594 9521 595 9507 595 9515 595 9521 596 9522 596 9507 596 9523 216 9516 216 9517 216 9524 216 9511 216 9513 216 9525 597 9522 597 9521 597 9526 216 9516 216 9523 216 9527 598 9525 598 9521 598 9528 216 9513 216 9529 216 9528 216 9529 216 9530 216 9528 216 9524 216 9513 216 9531 216 9532 216 9519 216 9533 216 9526 216 9523 216 9531 216 9519 216 9518 216 9534 216 9526 216 9533 216 9535 216 9525 216 9527 216 9535 216 9536 216 9525 216 9537 216 9528 216 9530 216 9538 599 9536 599 9535 599 9539 216 9540 216 9532 216 9541 216 9534 216 9533 216 9539 216 9532 216 9531 216 9541 216 9533 216 9542 216 9543 216 9538 216 9535 216 9544 216 9542 216 9545 216 9544 216 9541 216 9542 216 9546 600 9538 600 9543 600 9546 601 9547 601 9538 601 9548 216 9549 216 9540 216 9548 216 9540 216 9539 216 9550 216 9530 216 9551 216 9550 216 9551 216 9552 216 9550 216 9537 216 9530 216 9553 216 9544 216 9545 216 9553 216 9545 216 9554 216 9555 602 9547 602 9546 602 9556 216 9550 216 9552 216 9555 216 9557 216 9547 216 9558 216 9553 216 9554 216 9559 216 9560 216 9549 216 9559 216 9549 216 9548 216 9561 216 9552 216 9562 216 9561 216 9562 216 9563 216 9564 603 9557 603 9555 603 9561 216 9556 216 9552 216 9565 216 9553 216 9558 216 9566 216 9560 216 9559 216 9567 216 9561 216 9563 216 9568 216 9564 216 9555 216 9569 216 9570 216 9571 216 9569 216 9571 216 9560 216 9569 216 9560 216 9566 216 9572 216 9567 216 9563 216 9572 216 9570 216 9569 216 9572 216 9563 216 9570 216 9573 216 9564 216 9568 216 9574 216 9558 216 9575 216 9574 216 9565 216 9558 216 9576 604 9573 604 9568 604 9577 216 9574 216 9575 216 9578 216 9574 216 9577 216 9579 216 9580 216 9573 216 9579 605 9573 605 9576 605 9581 216 9578 216 9577 216 9582 216 9578 216 9581 216 9583 606 9584 606 9580 606 9583 607 9580 607 9579 607 9585 608 9584 608 9583 608 9586 216 9581 216 9587 216 9586 216 9582 216 9581 216 9588 216 9585 216 9583 216 9589 609 9585 609 9588 609 9590 216 9587 216 9591 216 9590 216 9586 216 9587 216 9592 216 9589 216 9588 216 9593 216 9590 216 9591 216 9594 216 9590 216 9593 216 9595 610 9596 610 9589 610 9595 598 9589 598 9592 598 9597 216 9594 216 9593 216 9597 216 9593 216 9598 216 9599 216 9596 216 9595 216 9599 216 9600 216 9596 216 9601 216 9597 216 9598 216 9601 216 9598 216 9602 216 9603 611 9600 611 9599 611 9603 216 9604 216 9600 216 9605 216 9601 216 9602 216 9606 216 9604 216 9603 216 9607 216 9601 216 9605 216 9608 216 9606 216 9603 216 9609 216 9607 216 9605 216 9610 588 9606 588 9608 588 9611 216 9607 216 9609 216 9612 216 9610 216 9608 216 9613 216 9611 216 9609 216 9614 216 9611 216 9613 216 9615 216 9610 216 9612 216 9615 216 9616 216 9610 216 9617 582 9616 582 9615 582 9618 216 9613 216 9619 216 9618 216 9614 216 9613 216 9620 216 9617 216 9615 216 9621 216 9619 216 9622 216 9621 216 9618 216 9619 216 9623 216 9617 216 9620 216 9623 216 9624 216 9617 216 9625 216 9621 216 9622 216 9626 216 9621 216 9625 216 9627 216 9624 216 9623 216 9627 216 9628 216 9624 216 9629 216 9625 216 9630 216 9629 216 9626 216 9625 216 9631 216 9632 216 9628 216 9631 216 9628 216 9627 216 9633 216 9632 216 9631 216 9634 216 9635 216 9629 216 9634 216 9629 216 9630 216 9636 216 9632 216 9633 216 9637 216 9636 216 9633 216 9638 216 9639 216 9635 216 9638 216 9635 216 9634 216 9640 216 9636 216 9637 216 9641 612 9639 612 9638 612 9642 216 9640 216 9637 216 9643 216 9641 216 9638 216 9644 216 9640 216 9642 216 9645 613 9641 613 9643 613 9646 216 9644 216 9642 216 9647 216 9645 216 9643 216 9648 216 9644 216 9646 216 9649 614 9645 614 9647 614 9650 216 9648 216 9646 216 9651 216 9649 216 9647 216 9652 216 9648 216 9650 216 9653 615 9649 615 9651 615 9654 216 9653 216 9651 216 9655 216 9652 216 9650 216 9655 216 9650 216 9656 216 9657 216 9653 216 9654 216 9658 216 9655 216 9656 216 9659 216 9657 216 9654 216 9660 216 9655 216 9658 216 9661 216 9657 216 9659 216 9662 616 9661 616 9659 616 9663 216 9658 216 9664 216 9663 216 9660 216 9658 216 9665 617 9661 617 9662 617 9666 216 9663 216 9664 216 9667 216 9665 216 9662 216 9668 216 9663 216 9666 216 9669 618 9665 618 9667 618 9670 619 9669 619 9667 619 9671 216 9666 216 9672 216 9671 216 9668 216 9666 216 9673 216 9669 216 9670 216 9674 216 9673 216 9670 216 9675 216 9672 216 9676 216 9675 216 9671 216 9672 216 9677 216 9675 216 9676 216 9678 216 9679 216 9673 216 9678 620 9673 620 9674 620 9680 216 9675 216 9677 216 9442 621 9679 621 9678 621 9446 216 9680 216 9677 216 9443 622 9442 622 9678 622 9448 216 9680 216 9446 216 9681 673 9682 673 9683 673 9684 676 9685 676 9686 676 9684 677 9686 677 9687 677 9684 676 9681 676 9685 676 9688 679 9687 679 9689 679 9688 677 9684 677 9687 677 9690 627 9691 627 9692 627 9690 629 9693 629 9691 629 9694 679 9688 679 9689 679 9695 631 9692 631 9696 631 9697 685 9689 685 9698 685 9695 632 9690 632 9692 632 9697 685 9694 685 9689 685 9699 633 9696 633 9700 633 9701 686 9698 686 9702 686 9701 687 9702 687 9703 687 9699 633 9695 633 9696 633 9701 686 9697 686 9698 686 9704 688 9703 688 9705 688 9706 635 9700 635 9707 635 9704 687 9701 687 9703 687 9706 635 9699 635 9700 635 9708 637 9707 637 9709 637 9710 688 9704 688 9705 688 9708 637 9706 637 9707 637 9711 694 9705 694 9712 694 9711 695 9712 695 9713 695 9711 694 9710 694 9705 694 9714 640 9709 640 9715 640 9714 641 9715 641 9716 641 9714 640 9708 640 9709 640 9717 695 9711 695 9713 695 9717 697 9713 697 9718 697 9719 641 9714 641 9716 641 9720 698 9717 698 9718 698 9693 701 9718 701 9691 701 9693 705 9720 705 9718 705 9721 646 9716 646 9722 646 9721 647 9722 647 9723 647 9721 646 9719 646 9716 646 9724 647 9721 647 9723 647 9725 651 9723 651 9726 651 9725 653 9726 653 9727 653 9725 651 9724 651 9723 651 9728 653 9725 653 9727 653 9729 657 9727 657 9730 657 9729 659 9730 659 9731 659 9729 657 9728 657 9727 657 9732 661 9729 661 9731 661 9733 665 9734 665 9735 665 9733 666 9735 666 9736 666 9733 664 9737 664 9734 664 9738 669 9736 669 9739 669 9738 666 9733 666 9736 666 9740 672 9738 672 9739 672 9741 674 9739 674 9742 674 9741 675 9740 675 9739 675 9743 678 9742 678 9744 678 9743 678 9741 678 9742 678 9745 680 9744 680 9746 680 9745 681 9743 681 9744 681 9747 682 9746 682 9748 682 9747 683 9748 683 9749 683 9747 684 9745 684 9746 684 9750 683 9747 683 9749 683 9751 689 9750 689 9749 689 9751 690 9749 690 9752 690 9751 691 9752 691 9753 691 9754 693 9751 693 9753 693 9754 692 9753 692 9755 692 9756 696 9754 696 9755 696 9757 1800 9756 1800 9755 1800 9757 1800 9755 1800 9758 1800 9759 1801 9757 1801 9758 1801 9759 1801 9758 1801 9760 1801 9761 1337 9759 1337 9760 1337 9761 1337 9760 1337 9762 1337 9763 1802 9761 1802 9762 1802 9763 1802 9762 1802 9764 1802 9763 1803 9764 1803 9765 1803 9766 1803 9763 1803 9765 1803 9767 773 9766 773 9765 773 9767 774 9765 774 9768 774 9769 775 9768 775 9770 775 9769 776 9767 776 9768 776 9771 777 9770 777 9772 777 9771 778 9769 778 9770 778 9773 779 9772 779 9774 779 9773 779 9771 779 9772 779 9775 780 9774 780 9776 780 9775 781 9773 781 9774 781 9777 782 9776 782 9778 782 9777 783 9775 783 9776 783 9779 784 9778 784 9780 784 9779 784 9777 784 9778 784 9781 785 9780 785 9782 785 9781 786 9782 786 9783 786 9781 787 9779 787 9780 787 9784 788 9781 788 9783 788 9785 789 9783 789 9786 789 9785 789 9784 789 9783 789 9787 790 9786 790 9788 790 9787 791 9785 791 9786 791 9789 792 9790 792 9791 792 9789 793 9791 793 9792 793 9789 794 9793 794 9790 794 9794 793 9789 793 9792 793 9795 795 9792 795 9796 795 9795 795 9794 795 9792 795 9797 796 9796 796 9798 796 9797 796 9795 796 9796 796 9799 797 9798 797 9800 797 9799 797 9797 797 9798 797 9801 798 9800 798 9802 798 9801 799 9802 799 9803 799 9801 798 9799 798 9800 798 9804 799 9801 799 9803 799 9805 800 9804 800 9803 800 9805 800 9803 800 9806 800 9807 801 9805 801 9806 801 9807 801 9806 801 9808 801 9809 802 9807 802 9808 802 9809 802 9808 802 9810 802 9809 803 9810 803 9811 803 9812 803 9809 803 9811 803 9813 804 9812 804 9811 804 9813 805 9811 805 9814 805 9815 806 9813 806 9814 806 9815 807 9814 807 9816 807 9817 808 9815 808 9816 808 9817 809 9816 809 9818 809 9817 810 9818 810 9819 810 9820 811 9817 811 9819 811 9821 812 9820 812 9819 812 9821 812 9819 812 9822 812 9821 813 9822 813 9823 813 9824 813 9821 813 9823 813 9824 814 9823 814 9825 814 9826 814 9824 814 9825 814 9827 815 9826 815 9825 815 9827 815 9825 815 9828 815 9829 816 9827 816 9828 816 9829 816 9828 816 9830 816 9831 817 9829 817 9830 817 9831 817 9830 817 9832 817 9831 818 9832 818 9833 818 9834 818 9831 818 9833 818 9834 819 9833 819 9835 819 9836 820 9835 820 9837 820 9836 819 9834 819 9835 819 9838 820 9836 820 9837 820 9839 821 9838 821 9837 821 9839 821 9837 821 9840 821 9839 822 9840 822 9841 822 9842 823 9839 823 9841 823 9843 824 9841 824 9844 824 9843 825 9842 825 9841 825 9845 826 9846 826 9847 826 9845 827 9847 827 9848 827 9845 826 9849 826 9846 826 9850 828 9848 828 9851 828 9850 829 9845 829 9848 829 9852 830 9850 830 9851 830 9853 831 9851 831 9854 831 9853 832 9854 832 9855 832 9853 831 9852 831 9851 831 9856 833 9853 833 9855 833 9857 834 9856 834 9855 834 9857 835 9855 835 9858 835 9859 836 9857 836 9858 836 9859 836 9858 836 9860 836 9859 837 9860 837 9861 837 9862 838 9859 838 9861 838 9862 839 9861 839 9863 839 9864 623 9862 623 9863 623 9865 624 9864 624 9863 624 9865 625 9863 625 9866 625 9867 626 9865 626 9866 626 9867 626 9866 626 9868 626 9867 628 9868 628 9869 628 9870 628 9867 628 9869 628 9870 630 9869 630 9871 630 9872 630 9870 630 9871 630 9873 634 9872 634 9871 634 9873 634 9871 634 9874 634 9875 636 9873 636 9874 636 9875 636 9874 636 9876 636 9877 638 9875 638 9876 638 9877 639 9876 639 9878 639 9879 642 9877 642 9878 642 9879 643 9878 643 9880 643 9881 644 9879 644 9880 644 9881 645 9880 645 9882 645 9883 648 9881 648 9882 648 9883 648 9882 648 9884 648 9885 649 9883 649 9884 649 9885 650 9884 650 9886 650 9887 652 9885 652 9886 652 9887 654 9886 654 9888 654 9889 655 9887 655 9888 655 9889 655 9888 655 9890 655 9891 656 9889 656 9890 656 9891 658 9890 658 9892 658 9893 660 9891 660 9892 660 9893 662 9892 662 9894 662 9895 663 9893 663 9894 663 9895 663 9894 663 9896 663 9897 667 9895 667 9896 667 9897 668 9896 668 9898 668 9682 670 9899 670 9900 670 9682 671 9900 671 9683 671 9681 673 9683 673 9685 673 9901 840 9902 840 9903 840 9902 840 9904 840 9903 840 9905 841 9901 841 9906 841 9901 842 9903 842 9906 842 9907 843 9905 843 9908 843 9909 844 9910 844 9911 844 9905 845 9906 845 9908 845 9910 846 9912 846 9911 846 9913 847 9907 847 9914 847 9915 848 9909 848 9916 848 9907 847 9908 847 9914 847 9917 849 9915 849 9916 849 9909 848 9911 848 9916 848 9918 850 9913 850 9919 850 9913 851 9914 851 9919 851 9920 852 9917 852 9921 852 9917 853 9916 853 9921 853 9922 854 9918 854 9923 854 9924 855 9922 855 9923 855 9918 856 9919 856 9923 856 9920 857 9921 857 9925 857 9924 858 9923 858 9926 858 9927 859 9920 859 9928 859 9929 860 9927 860 9928 860 9920 861 9925 861 9928 861 9930 862 9924 862 9931 862 9924 863 9926 863 9931 863 9929 864 9928 864 9932 864 9933 865 9930 865 9934 865 9930 866 9931 866 9934 866 9935 867 9929 867 9936 867 9937 868 9935 868 9936 868 9929 869 9932 869 9936 869 9938 870 9933 870 9939 870 9933 870 9934 870 9939 870 9937 871 9936 871 9940 871 9941 872 9938 872 9942 872 9938 873 9939 873 9942 873 9943 874 9937 874 9944 874 9937 875 9940 875 9944 875 9945 876 9946 876 9947 876 9946 877 9948 877 9947 877 9949 878 9943 878 9950 878 9951 879 9949 879 9950 879 9952 880 9945 880 9953 880 9943 881 9944 881 9950 881 9945 882 9947 882 9953 882 9954 883 9951 883 9955 883 9956 884 9952 884 9957 884 9951 885 9950 885 9955 885 9958 886 9956 886 9957 886 9952 887 9953 887 9957 887 9958 888 9957 888 9959 888 9954 889 9955 889 9960 889 9961 890 9958 890 9962 890 9963 891 9954 891 9964 891 9954 892 9960 892 9964 892 9958 893 9959 893 9962 893 9965 894 9961 894 9966 894 9963 895 9964 895 9967 895 9968 896 9963 896 9967 896 9961 897 9962 897 9966 897 9969 898 9965 898 9970 898 9968 899 9967 899 9971 899 9965 900 9966 900 9970 900 9972 901 9968 901 9971 901 9973 902 9969 902 9974 902 9969 903 9970 903 9974 903 9975 904 9976 904 9977 904 9978 905 9975 905 9977 905 9979 906 9973 906 9980 906 9973 907 9974 907 9980 907 9978 908 9977 908 9981 908 9982 909 9978 909 9981 909 9983 910 9979 910 9984 910 9979 911 9980 911 9984 911 9982 912 9981 912 9985 912 9986 912 9982 912 9985 912 9987 913 9983 913 9988 913 9989 914 9987 914 9988 914 9983 915 9984 915 9988 915 9986 916 9985 916 9990 916 9991 917 9986 917 9990 917 9989 918 9988 918 9992 918 9991 919 9990 919 9993 919 9989 920 9992 920 9994 920 9995 921 9991 921 9993 921 9996 922 9989 922 9994 922 9996 923 9994 923 9997 923 9995 924 9993 924 9998 924 9999 925 9995 925 9998 925 10000 926 9999 926 9998 926 10001 927 9996 927 9997 927 10001 928 9997 928 10002 928 10003 928 10001 928 10002 928 9910 929 10003 929 10002 929 10000 930 9998 930 10004 930 9910 931 10002 931 9912 931 10000 932 10004 932 10005 932 10006 933 10000 933 10005 933 10006 934 10005 934 10007 934 10008 934 10006 934 10007 934 10009 935 10008 935 10010 935 10008 936 10007 936 10010 936 10011 937 10009 937 10012 937 10009 938 10010 938 10012 938 10013 939 10011 939 10014 939 10011 939 10012 939 10014 939 10015 940 10013 940 10016 940 10013 941 10014 941 10016 941 10017 942 10015 942 10018 942 10019 943 10017 943 10018 943 10015 942 10016 942 10018 942 10020 944 10019 944 10021 944 10019 943 10018 943 10021 943 10022 945 10020 945 10023 945 10020 944 10021 944 10023 944 10022 945 10023 945 10024 945 10025 946 10022 946 10026 946 10022 947 10024 947 10026 947 10027 948 10025 948 10028 948 10025 948 10026 948 10028 948 10029 949 10027 949 10030 949 10027 950 10028 950 10030 950 10031 951 10029 951 10032 951 10029 952 10030 952 10032 952 10033 953 10031 953 10034 953 10031 953 10032 953 10034 953 10035 954 10033 954 10036 954 10033 955 10034 955 10036 955 10037 956 10035 956 10038 956 10035 957 10036 957 10038 957 10037 958 10038 958 10039 958 10040 959 10037 959 10039 959 10040 960 10039 960 10041 960 10042 961 10040 961 10041 961 10042 962 10041 962 10043 962 10044 963 10042 963 10043 963 10044 964 10043 964 10045 964 10046 964 10044 964 10045 964 10046 965 10045 965 10047 965 10048 966 10046 966 10047 966 10049 967 10048 967 10047 967 10049 968 10047 968 10050 968 10051 969 10052 969 10053 969 10051 970 10053 970 10054 970 10051 971 10054 971 10055 971 10056 972 10051 972 10055 972 10057 973 10056 973 10055 973 10057 974 10055 974 10058 974 10057 975 10058 975 10059 975 10060 976 10057 976 10059 976 10060 977 10059 977 10061 977 10062 978 10060 978 10061 978 10063 979 10062 979 10061 979 10063 980 10061 980 10064 980 10065 981 10063 981 10064 981 10065 982 10064 982 10066 982 10065 983 10066 983 10067 983 10068 984 10065 984 10067 984 10068 985 10067 985 10069 985 10070 986 10068 986 10069 986 10070 987 10069 987 10071 987 10072 988 10070 988 10071 988 10072 989 10071 989 10073 989 10074 990 10072 990 10073 990 10074 991 10073 991 10075 991 10076 992 10074 992 10075 992 10076 993 10075 993 10077 993 10078 994 10076 994 10077 994 10078 995 10077 995 10079 995 10080 995 10078 995 10079 995 10081 996 10080 996 10082 996 10083 997 10081 997 10082 997 10080 998 10079 998 10082 998 10083 999 10082 999 10084 999 10085 1000 10083 1000 10084 1000 10085 1000 10084 1000 10086 1000 10087 1001 10085 1001 10088 1001 10085 1002 10086 1002 10088 1002 10089 1003 10087 1003 10090 1003 10087 1004 10088 1004 10090 1004 10089 1005 10090 1005 10091 1005 10092 1006 10089 1006 10091 1006 10093 1007 10092 1007 10091 1007 10093 1008 10091 1008 10094 1008 10093 1009 10094 1009 10095 1009 10096 1010 10093 1010 10095 1010 10097 1011 10096 1011 10095 1011 10097 1012 10095 1012 10098 1012 10097 1013 10098 1013 10099 1013 10100 1014 10097 1014 10099 1014 10101 1015 10100 1015 10099 1015 10101 1016 10099 1016 10102 1016 10101 1017 10102 1017 10103 1017 10104 1018 10101 1018 10103 1018 10105 1019 10104 1019 10103 1019 10105 1020 10103 1020 10106 1020 10105 1021 10106 1021 10107 1021 10108 1022 10105 1022 10107 1022 10108 1023 10107 1023 10109 1023 10110 1024 10108 1024 10109 1024 10111 1025 10112 1025 10113 1025 10114 1026 10111 1026 10113 1026 10114 1027 10113 1027 10115 1027 10116 1028 10114 1028 10115 1028 10117 1029 10116 1029 10115 1029 10117 1030 10115 1030 10118 1030 10117 1031 10118 1031 10119 1031 10120 1031 10117 1031 10119 1031 10120 1032 10119 1032 10121 1032 10122 1033 10120 1033 10121 1033 10122 1034 10121 1034 10123 1034 10124 1035 10122 1035 10123 1035 10125 1036 10124 1036 10126 1036 10124 1037 10123 1037 10126 1037 10127 1038 10125 1038 10128 1038 10125 1039 10126 1039 10128 1039 10129 1040 10127 1040 10130 1040 10127 1041 10128 1041 10130 1041 10131 1042 10129 1042 10132 1042 10133 1043 10131 1043 10132 1043 10129 1042 10130 1042 10132 1042 10133 1044 10132 1044 10134 1044 10135 1045 10133 1045 10136 1045 10133 1046 10134 1046 10136 1046 10137 1047 10135 1047 10138 1047 10135 1047 10136 1047 10138 1047 10139 1048 10137 1048 10140 1048 10137 1049 10138 1049 10140 1049 10141 1050 10139 1050 10142 1050 10139 1050 10140 1050 10142 1050 10141 1051 10142 1051 10143 1051 10144 1051 10141 1051 10143 1051 10144 1052 10143 1052 10145 1052 10146 1052 10144 1052 10145 1052 10146 1053 10145 1053 10147 1053 10148 1053 10146 1053 10147 1053 9902 1054 10148 1054 10147 1054 9902 1055 10147 1055 9904 1055 10149 239 10150 239 10151 239 10152 239 10153 239 10154 239 10152 239 10154 239 10155 239 10156 239 10157 239 10158 239 10156 239 10149 239 10157 239 10159 239 10160 239 10153 239 10159 239 10153 239 10152 239 10161 239 10158 239 10162 239 10161 239 10156 239 10158 239 10163 239 10160 239 10159 239 10164 239 10161 239 10162 239 10165 239 10160 239 10163 239 10166 239 10167 239 10168 239 10166 239 10169 239 10167 239 10165 239 10170 239 10160 239 10171 239 10166 239 10168 239 10172 239 10164 239 10162 239 10172 239 10162 239 10173 239 10171 239 10168 239 10174 239 10175 239 10170 239 10165 239 10176 239 10169 239 10166 239 10176 239 10177 239 10169 239 10175 239 10178 239 10170 239 10179 239 10172 239 10173 239 10179 239 10173 239 10180 239 10181 239 10171 239 10174 239 10181 239 10174 239 10182 239 10183 239 10178 239 10175 239 10183 239 10184 239 10178 239 10185 239 10177 239 10176 239 10186 239 10179 239 10180 239 10185 239 10187 239 10177 239 10186 239 10180 239 10188 239 10189 239 10181 239 10182 239 10189 239 10182 239 10190 239 10191 239 10184 239 10183 239 10191 239 10192 239 10184 239 10193 239 10186 239 10188 239 10193 239 10188 239 10194 239 10195 239 10187 239 10185 239 10195 239 10196 239 10187 239 10197 239 10189 239 10190 239 10198 239 10199 239 10192 239 10198 239 10192 239 10191 239 10200 239 10193 239 10194 239 10200 239 10194 239 10201 239 10197 239 10190 239 10202 239 10203 239 10196 239 10195 239 10204 239 10205 239 10199 239 10204 239 10199 239 10198 239 10203 239 10206 239 10196 239 10207 239 10200 239 10201 239 10208 239 10197 239 10202 239 10209 239 10205 239 10204 239 10208 239 10202 239 10210 239 10211 239 10201 239 10212 239 10213 239 10206 239 10203 239 10213 239 10214 239 10206 239 10211 239 10207 239 10201 239 10213 239 10215 239 10214 239 10216 239 10217 239 10205 239 10218 239 10208 239 10210 239 10216 239 10205 239 10209 239 10219 239 10212 239 10220 239 10218 239 10221 239 10222 239 10218 239 10210 239 10221 239 10223 239 10224 239 10215 239 10219 239 10211 239 10212 239 10225 239 10226 239 10217 239 10223 239 10215 239 10213 239 10225 239 10217 239 10216 239 10227 239 10220 239 10228 239 10227 239 10219 239 10220 239 10229 239 10218 239 10222 239 10230 239 10231 239 10226 239 10230 239 10226 239 10225 239 10229 239 10222 239 10232 239 10233 239 10228 239 10234 239 10235 239 10236 239 10224 239 10233 239 10227 239 10228 239 10237 239 10238 239 10231 239 10235 239 10224 239 10223 239 10237 239 10231 239 10230 239 10239 239 10234 239 10240 239 10239 239 10233 239 10234 239 10241 239 10242 239 10238 239 10241 239 10238 239 10237 239 10243 239 10239 239 10240 239 10243 239 10240 239 10242 239 10244 239 10232 239 10245 239 10244 239 10229 239 10232 239 10246 239 10243 239 10242 239 10246 239 10242 239 10241 239 10247 239 10248 239 10236 239 10247 239 10236 239 10235 239 10249 239 10245 239 10250 239 10249 239 10244 239 10245 239 10251 239 10252 239 10248 239 10251 239 10248 239 10247 239 10253 239 10249 239 10250 239 10253 239 10250 239 10254 239 10255 239 10256 239 10252 239 10255 239 10252 239 10251 239 10257 239 10253 239 10254 239 10257 239 10254 239 10258 239 10259 239 10260 239 10261 239 10259 239 10261 239 10256 239 10259 239 10256 239 10255 239 10262 239 10257 239 10258 239 10262 239 10263 239 10264 239 10262 239 10258 239 10263 239 10265 239 10266 239 10260 239 10265 239 10260 239 10259 239 10267 239 10262 239 10264 239 10267 239 10264 239 10268 239 10269 239 10270 239 10266 239 10269 239 10266 239 10265 239 10271 239 10267 239 10268 239 10271 239 10268 239 10272 239 10273 239 10274 239 10270 239 10273 239 10270 239 10269 239 10275 239 10271 239 10272 239 10275 239 10272 239 10276 239 10277 239 10278 239 10274 239 10277 239 10274 239 10273 239 10279 239 10275 239 10276 239 10279 239 10276 239 10280 239 10281 239 10282 239 10278 239 10281 239 10278 239 10277 239 10283 239 10279 239 10280 239 10283 239 10284 239 10285 239 10283 239 10280 239 10284 239 10286 239 10287 239 10282 239 10286 239 10288 239 10287 239 10286 239 10282 239 10281 239 10289 239 10283 239 10285 239 10289 239 10285 239 10290 239 10291 239 10292 239 10288 239 10291 239 10288 239 10286 239 10293 239 10289 239 10290 239 10293 239 10290 239 10294 239 10295 239 10296 239 10292 239 10295 239 10292 239 10291 239 10297 239 10293 239 10294 239 10297 239 10294 239 10298 239 10299 239 10300 239 10296 239 10299 239 10296 239 10295 239 10301 239 10298 239 10302 239 10301 239 10297 239 10298 239 10303 239 10304 239 10300 239 10303 239 10300 239 10299 239 10305 239 10302 239 10306 239 10305 239 10301 239 10302 239 10307 239 10308 239 10304 239 10307 239 10304 239 10303 239 10309 239 10305 239 10306 239 10310 239 10309 239 10306 239 10311 239 10307 239 10312 239 10311 239 10308 239 10307 239 10313 239 10314 239 10309 239 10313 239 10309 239 10310 239 10315 239 10311 239 10312 239 10315 239 10312 239 10316 239 10317 239 10318 239 10314 239 10317 239 10314 239 10313 239 10319 239 10315 239 10316 239 10319 239 10316 239 10320 239 10321 239 10318 239 10317 239 10321 239 10322 239 10318 239 10323 239 10320 239 10324 239 10323 239 10319 239 10320 239 10325 239 10322 239 10321 239 10325 239 10326 239 10322 239 10327 239 10324 239 10328 239 10327 239 10323 239 10324 239 10329 239 10326 239 10325 239 10329 239 10330 239 10326 239 10331 239 10328 239 10332 239 10331 239 10327 239 10328 239 10333 239 10330 239 10329 239 10334 239 10331 239 10332 239 10335 239 10330 239 10333 239 10335 239 10336 239 10330 239 10337 239 10332 239 10338 239 10337 239 10334 239 10332 239 10339 239 10340 239 10336 239 10339 239 10336 239 10335 239 10341 239 10338 239 10342 239 10341 239 10337 239 10338 239 10343 239 10344 239 10340 239 10343 239 10340 239 10339 239 10150 239 10342 239 10151 239 10150 239 10341 239 10342 239 10155 239 10344 239 10343 239 10155 239 10154 239 10344 239 10149 239 10151 239 10157 239 10345 1158 10346 1158 10347 1158 10348 216 10349 216 10350 216 10349 216 10351 216 10350 216 10352 216 10345 216 10353 216 10345 1159 10347 1159 10353 1159 10350 216 10351 216 10354 216 10351 216 10355 216 10354 216 10356 1160 10352 1160 10357 1160 10352 216 10353 216 10357 216 10354 216 10355 216 10358 216 10359 1161 10356 1161 10360 1161 10356 216 10357 216 10360 216 10355 216 10361 216 10362 216 10358 216 10355 216 10362 216 10359 216 10360 216 10363 216 10361 216 10364 216 10365 216 10362 216 10361 216 10365 216 10359 1162 10363 1162 10366 1162 10367 216 10359 216 10366 216 10365 1163 10364 1163 10368 1163 10364 216 10369 216 10368 216 10370 1164 10371 1164 10372 1164 10373 216 10367 216 10374 216 10367 1165 10366 1165 10374 1165 10375 216 10370 216 10376 216 10368 216 10369 216 10377 216 10378 216 10375 216 10376 216 10370 1166 10372 1166 10376 1166 10371 1167 10379 1167 10380 1167 10372 216 10371 216 10380 216 10381 216 10378 216 10382 216 10378 1168 10376 1168 10382 1168 10373 216 10374 216 10383 216 10384 1169 10373 1169 10383 1169 10377 1170 10369 1170 10385 1170 10386 216 10387 216 10388 216 10379 216 10386 216 10388 216 10380 1171 10379 1171 10388 1171 10369 216 10389 216 10385 216 10384 1172 10383 1172 10390 1172 10391 1173 10381 1173 10392 1173 10381 1174 10382 1174 10392 1174 10385 216 10389 216 10393 216 10389 216 10394 216 10393 216 10395 1175 10384 1175 10396 1175 10387 216 10397 216 10398 216 10388 216 10387 216 10398 216 10384 216 10390 216 10396 216 10399 216 10391 216 10400 216 10401 216 10399 216 10400 216 10393 1176 10394 1176 10402 1176 10394 216 10403 216 10402 216 10391 1177 10392 1177 10400 1177 10404 216 10395 216 10405 216 10395 1178 10396 1178 10405 1178 10397 216 10406 216 10407 216 10398 216 10397 216 10407 216 10402 216 10403 216 10408 216 10409 1179 10404 1179 10410 1179 10411 216 10401 216 10412 216 10404 1180 10405 1180 10410 1180 10401 1181 10400 1181 10412 1181 10413 216 10414 216 10415 216 10406 216 10413 216 10415 216 10403 1182 10416 1182 10417 1182 10408 216 10403 216 10417 216 10407 216 10406 216 10415 216 10418 216 10411 216 10419 216 10409 216 10410 216 10420 216 10411 1183 10412 1183 10419 1183 10416 216 10421 216 10422 216 10417 216 10416 216 10422 216 10414 216 10423 216 10424 216 10425 1184 10409 1184 10426 1184 10415 216 10414 216 10424 216 10427 216 10418 216 10428 216 10429 1162 10427 1162 10428 1162 10409 1185 10420 1185 10426 1185 10418 1186 10419 1186 10428 1186 10422 216 10421 216 10430 216 10421 216 10431 216 10430 216 10425 216 10426 216 10432 216 10423 1187 10433 1187 10434 1187 10435 216 10425 216 10432 216 10424 216 10423 216 10434 216 10430 216 10431 216 10436 216 10437 1165 10429 1165 10438 1165 10429 216 10428 216 10438 216 10439 216 10435 216 10440 216 10435 1188 10432 1188 10440 1188 10441 1189 10442 1189 10443 1189 10433 216 10441 216 10443 216 10436 216 10431 216 10444 216 10431 216 10445 216 10444 216 10434 216 10433 216 10443 216 10437 216 10438 216 10446 216 10447 216 10437 216 10446 216 10439 1190 10440 1190 10448 1190 10442 216 10449 216 10450 216 10443 216 10442 216 10450 216 10445 1191 10451 1191 10452 1191 10444 216 10445 216 10452 216 10453 1192 10439 1192 10454 1192 10439 216 10448 216 10454 216 10447 1193 10446 1193 10455 1193 10456 1194 10447 1194 10455 1194 10457 216 10456 216 10455 216 10451 216 10458 216 10459 216 10452 216 10451 216 10459 216 10460 216 10453 216 10461 216 10449 1195 10462 1195 10463 1195 10453 216 10454 216 10461 216 10450 216 10449 216 10463 216 10457 1196 10455 1196 10464 1196 10465 1197 10457 1197 10464 1197 10459 216 10458 216 10466 216 10460 216 10461 216 10467 216 10468 1198 10460 1198 10467 1198 10462 216 10469 216 10470 216 10466 216 10458 216 10471 216 10469 216 10472 216 10470 216 10463 216 10462 216 10470 216 10458 216 10473 216 10471 216 10468 1199 10467 1199 10474 1199 10471 216 10473 216 10475 216 10476 1200 10465 1200 10477 1200 10473 216 10478 216 10475 216 10465 216 10464 216 10477 216 10468 1201 10474 1201 10479 1201 10480 1202 10468 1202 10479 1202 10472 216 10481 216 10482 216 10470 1203 10472 1203 10482 1203 10475 216 10478 216 10483 216 10478 216 10484 216 10483 216 10485 216 10476 216 10486 216 10487 216 10480 216 10488 216 10489 1185 10485 1185 10486 1185 10480 1204 10479 1204 10488 1204 10476 1205 10477 1205 10486 1205 10483 216 10484 216 10490 216 10487 216 10488 216 10491 216 10492 1206 10487 1206 10491 1206 10482 216 10481 216 10493 216 10490 216 10484 216 10494 216 10484 216 10495 216 10494 216 10481 216 10496 216 10493 216 10492 1207 10491 1207 10497 1207 10498 216 10489 216 10499 216 10494 216 10495 216 10500 216 10489 1208 10486 1208 10499 1208 10495 1209 10501 1209 10500 1209 10492 216 10497 216 10502 216 10500 216 10501 216 10502 216 10501 1210 10492 1210 10502 1210 10503 216 10504 216 10505 216 10496 216 10503 216 10505 216 10493 216 10496 216 10505 216 10506 1188 10498 1188 10507 1188 10498 216 10499 216 10507 216 10504 216 10508 216 10509 216 10505 216 10504 216 10509 216 10506 216 10507 216 10510 216 10511 1190 10506 1190 10510 1190 10512 216 10511 216 10510 216 10508 216 10513 216 10514 216 10509 1211 10508 1211 10514 1211 10515 216 10512 216 10516 216 10512 1212 10510 1212 10516 1212 10517 216 10518 216 10519 216 10513 216 10517 216 10519 216 10514 216 10513 216 10519 216 10520 216 10515 216 10521 216 10515 1213 10516 1213 10521 1213 10518 216 10522 216 10523 216 10519 216 10518 216 10523 216 10524 216 10520 216 10525 216 10526 216 10524 216 10525 216 10520 1214 10521 1214 10525 1214 10522 216 10527 216 10528 216 10523 216 10522 216 10528 216 10526 1215 10525 1215 10529 1215 10530 1216 10526 1216 10529 1216 10531 216 10532 216 10533 216 10527 216 10531 216 10533 216 10528 216 10527 216 10533 216 10530 1217 10529 1217 10534 1217 10535 216 10530 216 10534 216 10533 216 10532 216 10536 216 10532 216 10537 216 10536 216 10535 1218 10534 1218 10538 1218 10539 216 10535 216 10538 216 10536 1219 10537 1219 10540 1219 10540 1164 10537 1164 10541 1164 10539 216 10538 216 10542 216 10542 1220 10538 1220 10543 1220 10540 1221 10541 1221 10544 1221 10544 216 10541 216 10545 216 10542 1222 10543 1222 10546 1222 10543 216 10547 216 10546 216 10544 1223 10545 1223 10548 1223 10549 216 10544 216 10548 216 10546 1224 10547 1224 10550 1224 10547 1225 10551 1225 10550 1225 10552 1226 10549 1226 10553 1226 10549 216 10548 216 10553 216 10550 216 10551 216 10554 216 10345 1227 10552 1227 10346 1227 10552 1228 10553 1228 10346 1228 10554 216 10551 216 10348 216 10551 216 10349 216 10348 216 10555 1229 10556 1229 10557 1229 10558 1229 10555 1229 10557 1229 10559 1230 10558 1230 10560 1230 10558 1231 10557 1231 10560 1231 10561 1232 10559 1232 10562 1232 10559 1233 10560 1233 10562 1233 10561 1234 10562 1234 10563 1234 10564 1235 10561 1235 10563 1235 10564 1236 10563 1236 10565 1236 10566 1237 10564 1237 10565 1237 10566 1238 10565 1238 10567 1238 10568 1239 10566 1239 10567 1239 10568 1240 10567 1240 10569 1240 10570 1241 10568 1241 10569 1241 10571 1242 10570 1242 10569 1242 10571 1242 10569 1242 10572 1242 10573 1243 10574 1243 10575 1243 10571 1244 10572 1244 10575 1244 10574 1245 10571 1245 10575 1245 10573 1243 10575 1243 10576 1243 10577 1246 10573 1246 10578 1246 10579 1247 10577 1247 10578 1247 10573 1246 10576 1246 10578 1246 10579 1247 10578 1247 10580 1247 10581 1248 10582 1248 10583 1248 10582 1248 10584 1248 10583 1248 10585 1249 10581 1249 10586 1249 10581 1250 10583 1250 10586 1250 10587 1251 10585 1251 10588 1251 10585 1252 10586 1252 10588 1252 10589 1253 10587 1253 10590 1253 10587 1253 10588 1253 10590 1253 10591 1254 10589 1254 10592 1254 10589 1255 10590 1255 10592 1255 10593 1256 10591 1256 10594 1256 10595 1257 10593 1257 10594 1257 10591 1258 10592 1258 10594 1258 10595 1259 10594 1259 10596 1259 10597 1260 10595 1260 10598 1260 10599 1261 10597 1261 10598 1261 10595 1262 10596 1262 10598 1262 10599 1261 10598 1261 10600 1261 10601 1263 10599 1263 10602 1263 10599 1264 10600 1264 10602 1264 10603 630 10601 630 10604 630 10605 1265 10603 1265 10604 1265 10601 630 10602 630 10604 630 10605 1266 10604 1266 10606 1266 10607 1267 10605 1267 10608 1267 10605 1267 10606 1267 10608 1267 10609 1268 10607 1268 10610 1268 10611 1269 10609 1269 10610 1269 10607 1270 10608 1270 10610 1270 10611 1271 10610 1271 10612 1271 10613 1272 10611 1272 10614 1272 10615 1273 10613 1273 10614 1273 10611 1274 10612 1274 10614 1274 10615 1275 10614 1275 10616 1275 10615 1276 10616 1276 10617 1276 10618 1276 10615 1276 10617 1276 10618 1277 10617 1277 10619 1277 10620 1278 10618 1278 10619 1278 10621 1279 10620 1279 10619 1279 10621 1280 10619 1280 10622 1280 10621 1281 10622 1281 10623 1281 10624 1281 10621 1281 10623 1281 10624 1282 10623 1282 10625 1282 10626 1282 10624 1282 10625 1282 10627 1283 10628 1283 10629 1283 10628 1283 10630 1283 10629 1283 10631 1284 10627 1284 10632 1284 10627 1284 10629 1284 10632 1284 10633 1285 10631 1285 10632 1285 10633 1286 10632 1286 10634 1286 10635 1287 10633 1287 10636 1287 10633 1287 10634 1287 10636 1287 10637 1288 10635 1288 10638 1288 10635 1289 10636 1289 10638 1289 10639 1290 10637 1290 10640 1290 10637 1291 10638 1291 10640 1291 10641 1292 10639 1292 10642 1292 10639 1293 10640 1293 10642 1293 10643 1294 10641 1294 10644 1294 10645 1295 10643 1295 10644 1295 10641 1296 10642 1296 10644 1296 10645 1297 10644 1297 10646 1297 10647 1298 10645 1298 10648 1298 10645 1299 10646 1299 10648 1299 10649 1300 10647 1300 10650 1300 10647 1300 10648 1300 10650 1300 10651 1301 10649 1301 10652 1301 10649 1301 10650 1301 10652 1301 10653 1302 10651 1302 10654 1302 10655 1303 10653 1303 10654 1303 10651 1304 10652 1304 10654 1304 10655 1305 10654 1305 10656 1305 10657 1306 10655 1306 10658 1306 10655 1307 10656 1307 10658 1307 10659 1308 10657 1308 10660 1308 10657 1309 10658 1309 10660 1309 10661 1310 10659 1310 10662 1310 10659 1311 10660 1311 10662 1311 10663 1312 10661 1312 10664 1312 10665 1313 10663 1313 10664 1313 10661 1314 10662 1314 10664 1314 10665 1313 10664 1313 10666 1313 10665 1315 10666 1315 10667 1315 10668 1316 10665 1316 10667 1316 10668 1317 10667 1317 10669 1317 10670 1317 10668 1317 10669 1317 10670 1318 10669 1318 10671 1318 10672 1318 10670 1318 10671 1318 10673 1319 10674 1319 10675 1319 10676 1319 10673 1319 10675 1319 10677 1320 10676 1320 10675 1320 10677 1320 10675 1320 10678 1320 10677 1321 10678 1321 10679 1321 10680 1322 10677 1322 10679 1322 10680 1323 10679 1323 10681 1323 10682 1324 10680 1324 10681 1324 10682 1325 10681 1325 10683 1325 10684 1325 10682 1325 10683 1325 10684 1326 10683 1326 10685 1326 10686 1327 10684 1327 10685 1327 10686 1328 10685 1328 10687 1328 10688 1329 10686 1329 10687 1329 10688 1330 10687 1330 10689 1330 10690 1331 10688 1331 10689 1331 10691 1332 10690 1332 10689 1332 10691 1333 10689 1333 10692 1333 10691 1334 10692 1334 10693 1334 10694 1334 10691 1334 10693 1334 10694 1335 10693 1335 10695 1335 10696 1336 10694 1336 10695 1336 10696 1337 10695 1337 10697 1337 10698 1337 10696 1337 10697 1337 10698 1338 10697 1338 10699 1338 10700 1339 10698 1339 10699 1339 10701 1340 10700 1340 10702 1340 10700 1340 10699 1340 10702 1340 10703 1341 10701 1341 10704 1341 10701 1342 10702 1342 10704 1342 10705 1343 10703 1343 10706 1343 10703 1344 10704 1344 10706 1344 10707 1345 10705 1345 10708 1345 10705 1346 10706 1346 10708 1346 10709 1347 10707 1347 10710 1347 10711 1348 10709 1348 10710 1348 10707 1349 10708 1349 10710 1349 10711 1348 10710 1348 10712 1348 10713 1350 10711 1350 10714 1350 10711 1351 10712 1351 10714 1351 10715 1352 10713 1352 10716 1352 10713 1353 10714 1353 10716 1353 10717 1354 10715 1354 10718 1354 10715 1354 10716 1354 10718 1354 10719 1355 10717 1355 10720 1355 10717 1355 10718 1355 10720 1355 10721 1356 10722 1356 10723 1356 10724 1356 10721 1356 10723 1356 10724 1357 10723 1357 10725 1357 10726 1357 10724 1357 10725 1357 10726 1358 10725 1358 10727 1358 10728 1359 10726 1359 10727 1359 10728 1360 10727 1360 10729 1360 10730 1360 10728 1360 10729 1360 10730 1361 10729 1361 10731 1361 10732 1362 10730 1362 10731 1362 10733 1363 10732 1363 10731 1363 10733 1364 10731 1364 10734 1364 10733 1365 10734 1365 10735 1365 10736 1366 10733 1366 10735 1366 10736 1367 10735 1367 10737 1367 10738 1368 10736 1368 10737 1368 10738 1369 10737 1369 10739 1369 10740 1370 10738 1370 10739 1370 10740 1371 10739 1371 10741 1371 10742 1372 10740 1372 10741 1372 10742 1373 10741 1373 10556 1373 10555 1373 10742 1373 10556 1373 10556 1386 10743 1386 10744 1386 10557 1387 10744 1387 10745 1387 10557 1386 10556 1386 10744 1386 10560 1388 10745 1388 10746 1388 10560 1389 10557 1389 10745 1389 10562 1390 10560 1390 10746 1390 10563 1391 10746 1391 10747 1391 10563 1392 10747 1392 10748 1392 10563 1393 10562 1393 10746 1393 10565 1394 10563 1394 10748 1394 10567 1395 10565 1395 10748 1395 10567 1395 10748 1395 10749 1395 10569 1396 10567 1396 10749 1396 10569 1397 10749 1397 10750 1397 10572 1398 10750 1398 10751 1398 10572 1399 10751 1399 10752 1399 10572 1400 10569 1400 10750 1400 10575 1401 10572 1401 10752 1401 10576 1402 10752 1402 10753 1402 10576 1402 10575 1402 10752 1402 10578 1403 10753 1403 10754 1403 10578 1404 10576 1404 10753 1404 10580 1405 10754 1405 10755 1405 10580 1406 10578 1406 10754 1406 10583 1407 10756 1407 10757 1407 10583 1408 10584 1408 10756 1408 10586 1250 10757 1250 10758 1250 10586 1409 10583 1409 10757 1409 10588 1410 10758 1410 10759 1410 10588 1411 10586 1411 10758 1411 10590 1412 10759 1412 10760 1412 10590 1413 10760 1413 10761 1413 10590 1414 10588 1414 10759 1414 10592 1415 10590 1415 10761 1415 10594 1256 10761 1256 10762 1256 10594 1416 10592 1416 10761 1416 10596 1417 10762 1417 10763 1417 10596 1418 10763 1418 10764 1418 10596 1419 10594 1419 10762 1419 10598 1420 10596 1420 10764 1420 10600 1421 10764 1421 10765 1421 10600 1422 10598 1422 10764 1422 10602 1423 10765 1423 10766 1423 10602 1263 10600 1263 10765 1263 10604 630 10766 630 10767 630 10604 1424 10767 1424 10768 1424 10604 630 10602 630 10766 630 10606 1265 10604 1265 10768 1265 10608 1425 10768 1425 10769 1425 10608 1426 10606 1426 10768 1426 10610 1427 10769 1427 10770 1427 10610 1428 10608 1428 10769 1428 10612 1429 10770 1429 10771 1429 10612 1430 10610 1430 10770 1430 10614 1431 10771 1431 10772 1431 10614 1274 10612 1274 10771 1274 10616 1432 10614 1432 10772 1432 10616 1433 10772 1433 10773 1433 10617 1434 10616 1434 10773 1434 10617 1435 10773 1435 10774 1435 10617 1436 10774 1436 10775 1436 10619 1437 10617 1437 10775 1437 10622 1438 10619 1438 10775 1438 10622 1439 10775 1439 10776 1439 10623 1440 10622 1440 10776 1440 10623 1441 10776 1441 10777 1441 10625 1442 10623 1442 10777 1442 10625 1443 10777 1443 10778 1443 10629 1444 10630 1444 10779 1444 10629 1445 10779 1445 10780 1445 10632 1446 10629 1446 10780 1446 10632 1446 10780 1446 10781 1446 10634 1447 10632 1447 10781 1447 10634 1448 10781 1448 10782 1448 10634 1449 10782 1449 10783 1449 10636 1450 10634 1450 10783 1450 10638 1451 10783 1451 10784 1451 10638 1452 10636 1452 10783 1452 10640 1453 10784 1453 10785 1453 10640 1453 10638 1453 10784 1453 10642 1454 10785 1454 10786 1454 10642 1455 10640 1455 10785 1455 10644 1456 10786 1456 10787 1456 10644 1457 10642 1457 10786 1457 10646 1458 10787 1458 10788 1458 10646 1459 10788 1459 10789 1459 10646 1460 10644 1460 10787 1460 10648 1461 10789 1461 10790 1461 10648 1462 10646 1462 10789 1462 10650 1461 10648 1461 10790 1461 10652 1463 10790 1463 10791 1463 10652 1463 10650 1463 10790 1463 10654 1464 10791 1464 10792 1464 10654 1465 10652 1465 10791 1465 10656 1466 10792 1466 10793 1466 10656 1467 10654 1467 10792 1467 10658 1468 10793 1468 10794 1468 10658 1469 10656 1469 10793 1469 10660 1470 10794 1470 10795 1470 10660 1471 10658 1471 10794 1471 10662 1472 10795 1472 10796 1472 10662 1472 10660 1472 10795 1472 10664 1473 10796 1473 10797 1473 10664 1474 10797 1474 10798 1474 10664 1475 10662 1475 10796 1475 10666 1476 10664 1476 10798 1476 10667 1477 10666 1477 10798 1477 10667 1478 10798 1478 10799 1478 10669 1479 10667 1479 10799 1479 10669 1479 10799 1479 10800 1479 10671 1480 10669 1480 10800 1480 10671 1481 10800 1481 10801 1481 10675 1482 10674 1482 10802 1482 10675 1483 10802 1483 10803 1483 10678 1484 10675 1484 10803 1484 10678 1485 10803 1485 10804 1485 10679 1486 10678 1486 10804 1486 10679 1321 10804 1321 10805 1321 10681 1487 10679 1487 10805 1487 10681 1488 10805 1488 10806 1488 10683 1489 10681 1489 10806 1489 10683 1490 10806 1490 10807 1490 10685 1491 10683 1491 10807 1491 10685 1492 10807 1492 10808 1492 10687 1493 10685 1493 10808 1493 10687 1329 10808 1329 10809 1329 10689 1494 10687 1494 10809 1494 10689 1495 10809 1495 10810 1495 10692 1496 10689 1496 10810 1496 10692 1497 10810 1497 10811 1497 10692 1498 10811 1498 10812 1498 10693 1499 10692 1499 10812 1499 10695 1336 10693 1336 10812 1336 10695 1500 10812 1500 10813 1500 10697 1337 10695 1337 10813 1337 10697 1337 10813 1337 10814 1337 10699 1501 10697 1501 10814 1501 10699 1338 10814 1338 10815 1338 10702 1502 10699 1502 10815 1502 10702 1503 10815 1503 10816 1503 10704 1504 10702 1504 10816 1504 10704 1505 10816 1505 10817 1505 10706 1506 10704 1506 10817 1506 10706 1507 10817 1507 10818 1507 10708 1346 10706 1346 10818 1346 10708 1508 10818 1508 10819 1508 10710 1509 10819 1509 10820 1509 10710 1510 10708 1510 10819 1510 10712 1511 10820 1511 10821 1511 10712 1512 10710 1512 10820 1512 10714 1513 10821 1513 10822 1513 10714 1514 10712 1514 10821 1514 10716 1515 10822 1515 10823 1515 10716 1516 10714 1516 10822 1516 10718 1517 10823 1517 10824 1517 10718 1518 10716 1518 10823 1518 10720 1519 10824 1519 10825 1519 10722 1520 10826 1520 10827 1520 10720 1521 10718 1521 10824 1521 10723 1522 10722 1522 10827 1522 10725 1523 10723 1523 10827 1523 10725 1523 10827 1523 10828 1523 10727 1524 10725 1524 10828 1524 10727 1525 10828 1525 10829 1525 10729 1526 10727 1526 10829 1526 10729 1527 10829 1527 10830 1527 10731 1528 10729 1528 10830 1528 10731 1529 10830 1529 10831 1529 10734 1530 10731 1530 10831 1530 10734 1530 10831 1530 10832 1530 10735 1531 10734 1531 10832 1531 10735 1532 10832 1532 10833 1532 10737 1533 10735 1533 10833 1533 10737 1534 10833 1534 10834 1534 10739 1535 10737 1535 10834 1535 10739 1536 10834 1536 10835 1536 10739 1537 10835 1537 10836 1537 10741 1538 10739 1538 10836 1538 10741 1539 10836 1539 10743 1539 10556 1539 10741 1539 10743 1539</p>
        </triangles>
      </mesh>
    </geometry>
  </library_geometries>
  <library_visual_scenes>
    <visual_scene id="Scene" name="Scene">
      <node id="node" name="node" type="NODE">
        <matrix sid="transform">0.001 0 0 0 0 -0.001 8.74228e-11 0 0 -8.74228e-11 -0.001 0 0 0 0 1</matrix>
        <instance_geometry url="#shape0_017-mesh" name="node">
          <bind_material>
            <technique_common>
              <instance_material symbol="R3MPerception-Metallic-material" target="#R3MPerception-Metallic-material"/>
            </technique_common>
          </bind_material>
        </instance_geometry>
      </node>
    </visual_scene>
  </library_visual_scenes>
  <scene>
    <instance_visual_scene url="#Scene"/>
  </scene>
</COLLADA>