ply
format ascii 1.0
comment Created by Blender 3.6.5 - www.blender.org
element vertex 1905
property float x
property float y
property float z
property float nx
property float ny
property float nz
property float s
property float t
element face 3302
property list uchar uint vertex_indices
end_header
-0.199479 -0.500000 0.014432 -0.713189 -0.699070 0.051596 0.005477 0.000000
-0.199479 -0.444444 0.014432 -0.997393 0.000000 0.072158 0.005477 0.039684
-0.200000 -0.500000 0.000000 -0.715052 -0.699071 -0.000000 0.000000 0.000000
-0.200000 -0.444444 0.000000 -1.000000 0.000000 0.000000 0.000000 0.039684
-0.200000 -0.500000 0.000000 -0.715052 -0.699071 -0.000000 0.435218 0.000000
-0.200000 -0.444444 0.000000 -1.000000 0.000000 0.000000 0.435218 0.039684
-0.199479 -0.500000 -0.014432 -0.713189 -0.699070 -0.051596 0.429741 0.000000
-0.199479 -0.444444 -0.014432 -0.997393 -0.000000 -0.072158 0.429741 0.039684
-0.197917 -0.500000 -0.028788 -0.707606 -0.699071 -0.102924 0.423647 0.000000
-0.197917 -0.444444 -0.028788 -0.989586 -0.000000 -0.143940 0.423647 0.039684
-0.195324 -0.500000 -0.042994 -0.698335 -0.699071 -0.153715 0.416969 0.000000
-0.195324 -0.444444 -0.042994 -0.976620 -0.000000 -0.214971 0.416969 0.039684
-0.191713 -0.500000 -0.056976 -0.685423 -0.699071 -0.203704 0.409741 0.000000
-0.191713 -0.444444 -0.056976 -0.958563 -0.000000 -0.284880 0.409741 0.039684
-0.187102 -0.500000 -0.070661 -0.668938 -0.699070 -0.252632 0.402001 0.000000
-0.187102 -0.444444 -0.070661 -0.935508 -0.000000 -0.353305 0.402001 0.039684
-0.181515 -0.500000 -0.083978 -0.648964 -0.699071 -0.300243 0.393789 0.000000
-0.181515 -0.444444 -0.083978 -0.907575 -0.000000 -0.419889 0.393789 0.039684
-0.174982 -0.500000 -0.096857 -0.625608 -0.699070 -0.346288 0.385148 0.000000
-0.174982 -0.444444 -0.096857 -0.874911 -0.000000 -0.484284 0.385148 0.039684
-0.167537 -0.500000 -0.109230 -0.598989 -0.699071 -0.390528 0.376123 0.000000
-0.167537 -0.444444 -0.109230 -0.837686 -0.000000 -0.546153 0.376123 0.039684
-0.159219 -0.500000 -0.121035 -0.569248 -0.699071 -0.432731 0.366761 0.000000
-0.159219 -0.444444 -0.121035 -0.796093 -0.000000 -0.605174 0.366761 0.039684
-0.150070 -0.500000 -0.132208 -0.536540 -0.699070 -0.472679 0.357111 0.000000
-0.150070 -0.444444 -0.132208 -0.750350 -0.000000 -0.661041 0.357111 0.039684
-0.140139 -0.500000 -0.142692 -0.501034 -0.699071 -0.510162 0.347223 0.000000
-0.140139 -0.444444 -0.142692 -0.700695 -0.000000 -0.713461 0.347223 0.039684
-0.129477 -0.500000 -0.152432 -0.462916 -0.699071 -0.544986 0.337148 0.000000
-0.129477 -0.444444 -0.152432 -0.647387 -0.000000 -0.762162 0.337148 0.039684
-0.118141 -0.500000 -0.161378 -0.422384 -0.699071 -0.576968 0.326940 0.000000
-0.118141 -0.444444 -0.161378 -0.590703 -0.000000 -0.806889 0.326940 0.039684
-0.106188 -0.500000 -0.169482 -0.379649 -0.699071 -0.605942 0.316652 0.000000
-0.106188 -0.444444 -0.169482 -0.530939 -0.000000 -0.847410 0.316652 0.039684
-0.093682 -0.500000 -0.176702 -0.334936 -0.699071 -0.631758 0.306336 0.000000
-0.093682 -0.444444 -0.176702 -0.468408 -0.000000 -0.883512 0.306336 0.039684
-0.080687 -0.500000 -0.183002 -0.288478 -0.699071 -0.654279 0.296048 0.000000
-0.080687 -0.444444 -0.183002 -0.403436 -0.000000 -0.915008 0.296048 0.039684
-0.067272 -0.500000 -0.188347 -0.240514 -0.699071 -0.673389 0.285840 0.000000
-0.067272 -0.444444 -0.188347 -0.336359 -0.000000 -0.941734 0.285840 0.039684
-0.053506 -0.500000 -0.192710 -0.191297 -0.699071 -0.688989 0.275765 0.000000
-0.053506 -0.444444 -0.192710 -0.267528 -0.000000 -0.963550 0.275765 0.039684
-0.039461 -0.500000 -0.196068 -0.141082 -0.699071 -0.700996 0.265877 0.000000
-0.039461 -0.444445 -0.196068 -0.197304 -0.000000 -0.980343 0.265877 0.039684
-0.025210 -0.500000 -0.198405 -0.090132 -0.699071 -0.709349 0.256227 0.000000
-0.025210 -0.444445 -0.198405 -0.126050 -0.000000 -0.992024 0.256227 0.039684
-0.010828 -0.500000 -0.199707 -0.038712 -0.699071 -0.714004 0.246865 0.000000
-0.010828 -0.444445 -0.199707 -0.054139 -0.000000 -0.998533 0.246865 0.039684
0.003611 -0.500000 -0.199967 0.012910 -0.699071 -0.714936 0.237840 0.000000
0.003611 -0.444445 -0.199967 0.018054 -0.000000 -0.999837 0.237840 0.039684
0.018031 -0.500000 -0.199186 0.064464 -0.699070 -0.712141 0.229199 0.000000
0.018031 -0.444445 -0.199186 0.090153 -0.000000 -0.995928 0.229199 0.039684
0.018031 -0.500000 -0.199186 0.064464 -0.699070 -0.712141 0.804003 0.000000
0.018031 -0.444445 -0.199186 0.090153 -0.000000 -0.995928 0.804003 0.039684
0.032356 -0.500000 -0.197365 0.115683 -0.699071 -0.705633 0.795790 0.000000
0.032356 -0.444445 -0.197365 0.161783 -0.000000 -0.986826 0.795790 0.039684
0.046513 -0.500000 -0.194516 0.166298 -0.699071 -0.695446 0.787149 0.000000
0.046513 -0.444445 -0.194516 0.232567 -0.000000 -0.972580 0.787149 0.039684
0.060428 -0.500000 -0.190653 0.216046 -0.699071 -0.681633 0.778124 0.000000
0.060428 -0.444444 -0.190653 0.302140 -0.000000 -0.953264 0.778124 0.039684
0.074028 -0.500000 -0.185795 0.264668 -0.699071 -0.664267 0.768762 0.000000
0.074028 -0.444444 -0.185795 0.370138 -0.000000 -0.928977 0.768762 0.039684
0.087241 -0.500000 -0.179969 0.311911 -0.699070 -0.643438 0.759112 0.000000
0.087241 -0.444444 -0.179969 0.436207 -0.000000 -0.899846 0.759112 0.039684
0.100000 -0.500000 -0.173205 0.357526 -0.699071 -0.619253 0.749224 0.000000
0.100000 -0.444444 -0.173205 0.500000 -0.000000 -0.866025 0.749224 0.039684
0.112237 -0.500000 -0.165538 0.401278 -0.699071 -0.591841 0.739150 0.000000
0.112237 -0.444444 -0.165538 0.561187 -0.000000 -0.827689 0.739150 0.039684
0.123890 -0.500000 -0.157007 0.442938 -0.699071 -0.561343 0.728942 0.000000
0.123890 -0.444444 -0.157007 0.619449 -0.000000 -0.785037 0.728942 0.039684
0.134896 -0.500000 -0.147659 0.482289 -0.699070 -0.527918 0.718653 0.000000
0.134896 -0.444444 -0.147659 0.674480 -0.000000 -0.738293 0.718653 0.039684
0.145199 -0.500000 -0.137540 0.519125 -0.699071 -0.491741 0.708338 0.000000
0.145199 -0.444444 -0.137540 0.725995 -0.000000 -0.687700 0.708338 0.039684
0.154745 -0.500000 -0.126704 0.553254 -0.699071 -0.453001 0.698049 0.000000
0.154745 -0.444444 -0.126704 0.773726 -0.000000 -0.633521 0.698049 0.039684
0.163484 -0.500000 -0.115208 0.584500 -0.699071 -0.411898 0.687841 0.000000
0.163484 -0.444444 -0.115208 0.817422 -0.000000 -0.576039 0.687841 0.039684
0.171371 -0.500000 -0.103111 0.612698 -0.699071 -0.368648 0.677767 0.000000
0.171371 -0.444444 -0.103111 0.856857 -0.000000 -0.515553 0.677767 0.039684
0.178365 -0.500000 -0.090476 0.637701 -0.699071 -0.323476 0.667879 0.000000
0.178365 -0.444444 -0.090476 0.891825 -0.000000 -0.452381 0.667879 0.039684
0.184429 -0.500000 -0.077370 0.659381 -0.699070 -0.276618 0.658229 0.000000
0.184429 -0.444444 -0.077370 0.922143 -0.000000 -0.386850 0.658229 0.039684
0.189531 -0.500000 -0.063860 0.677622 -0.699071 -0.228318 0.648866 0.000000
0.189531 -0.444444 -0.063860 0.947653 -0.000000 -0.319302 0.648866 0.039684
0.193645 -0.500000 -0.050018 0.692330 -0.699070 -0.178827 0.639841 0.000000
0.193645 -0.444444 -0.050018 0.968223 -0.000000 -0.250089 0.639841 0.039684
0.196749 -0.500000 -0.035914 0.703429 -0.699071 -0.128403 0.631200 0.000000
0.196749 -0.444444 -0.035914 0.983745 -0.000000 -0.179572 0.631200 0.039684
0.196749 -0.500000 -0.035914 0.703429 -0.699071 -0.128403 0.631200 0.000000
0.196749 -0.444444 -0.035914 0.983745 -0.000000 -0.179572 0.631200 0.039684
0.198828 -0.500000 -0.021624 0.710861 -0.699070 -0.077310 0.622988 0.000000
0.198828 -0.444444 -0.021624 0.994138 -0.000000 -0.108118 0.622988 0.039684
0.199870 -0.500000 -0.007220 0.714586 -0.699071 -0.025815 0.614347 0.000000
0.199870 -0.444444 -0.007220 0.999348 -0.000000 -0.036102 0.614347 0.039684
0.199870 -0.500000 0.007221 0.714586 -0.699071 0.025815 0.605322 0.000000
0.199870 -0.444444 0.007221 0.999348 0.000000 0.036102 0.605322 0.039684
0.198828 -0.500000 0.021624 0.710861 -0.699070 0.077310 0.595960 0.000000
0.198828 -0.444444 0.021624 0.994138 0.000000 0.108118 0.595960 0.039684
0.196749 -0.500000 0.035914 0.703429 -0.699071 0.128403 0.586310 0.000000
0.196749 -0.444444 0.035914 0.983745 0.000000 0.179572 0.586310 0.039684
0.193645 -0.500000 0.050018 0.692331 -0.699070 0.178827 0.576422 0.000000
0.193645 -0.444444 0.050018 0.968223 0.000000 0.250089 0.576422 0.039684
0.189531 -0.500000 0.063860 0.677622 -0.699071 0.228317 0.566347 0.000000
0.189531 -0.444444 0.063860 0.947653 0.000000 0.319302 0.566347 0.039684
0.184429 -0.500000 0.077370 0.659381 -0.699070 0.276618 0.556139 0.000000
0.184429 -0.444444 0.077370 0.922143 0.000000 0.386850 0.556139 0.039684
0.178365 -0.500000 0.090476 0.637701 -0.699071 0.323476 0.545851 0.000000
0.178365 -0.444444 0.090476 0.891825 0.000000 0.452381 0.545851 0.039684
0.171371 -0.500000 0.103111 0.612698 -0.699070 0.368648 0.535535 0.000000
0.171371 -0.444444 0.103111 0.856857 0.000000 0.515553 0.535535 0.039684
0.163484 -0.500000 0.115208 0.584500 -0.699071 0.411898 0.525247 0.000000
0.163484 -0.444444 0.115208 0.817422 0.000000 0.576039 0.525247 0.039684
0.154745 -0.500000 0.126704 0.553255 -0.699070 0.453001 0.515039 0.000000
0.154745 -0.444444 0.126704 0.773725 0.000000 0.633521 0.515039 0.039684
0.145199 -0.500000 0.137540 0.519125 -0.699071 0.491741 0.504964 0.000000
0.145199 -0.444444 0.137540 0.725995 0.000000 0.687700 0.504964 0.039684
0.134896 -0.500000 0.147659 0.482289 -0.699070 0.527918 0.495076 0.000000
0.134896 -0.444444 0.147659 0.674481 0.000000 0.738292 0.495076 0.039684
0.123890 -0.500000 0.157008 0.442938 -0.699070 0.561343 0.485426 0.000000
0.123890 -0.444444 0.157008 0.619449 0.000000 0.785037 0.485426 0.039684
0.112237 -0.500000 0.165538 0.401278 -0.699070 0.591842 0.476064 0.000000
0.112237 -0.444444 0.165538 0.561187 0.000000 0.827689 0.476064 0.039684
0.100000 -0.500000 0.173205 0.357526 -0.699070 0.619254 0.467039 0.000000
0.100000 -0.444444 0.173205 0.500000 0.000000 0.866025 0.467039 0.039684
0.087241 -0.500000 0.179969 0.311911 -0.699070 0.643438 0.458398 0.000000
0.087241 -0.444444 0.179969 0.436207 0.000000 0.899847 0.458398 0.039684
0.074028 -0.500000 0.185795 0.264668 -0.699070 0.664268 0.450186 0.000000
0.074028 -0.444444 0.185795 0.370138 0.000000 0.928977 0.450186 0.039684
0.060428 -0.500000 0.190653 0.216046 -0.699071 0.681634 0.442446 0.000000
0.060428 -0.444444 0.190653 0.302140 0.000000 0.953264 0.442446 0.039684
0.046513 -0.500000 0.194516 0.166298 -0.699071 0.695446 0.435218 0.000000
0.046513 -0.444444 0.194516 0.232567 0.000000 0.972580 0.435218 0.039684
0.046513 -0.500000 0.194516 0.166298 -0.699071 0.695446 0.221971 0.000000
0.046513 -0.444444 0.194516 0.232567 0.000000 0.972580 0.221971 0.039684
0.032356 -0.500000 0.197365 0.115683 -0.699071 0.705633 0.214231 0.000000
0.032356 -0.444444 0.197365 0.161783 0.000000 0.986826 0.214231 0.039684
0.018031 -0.500000 0.199186 0.064464 -0.699070 0.712141 0.206019 0.000000
0.018031 -0.444444 0.199186 0.090153 0.000000 0.995928 0.206019 0.039684
0.003611 -0.500000 0.199967 0.012910 -0.699071 0.714936 0.197378 0.000000
0.003611 -0.444444 0.199967 0.018054 0.000000 0.999837 0.197378 0.039684
-0.010828 -0.500000 0.199707 -0.038712 -0.699070 0.714004 0.188353 0.000000
-0.010828 -0.444444 0.199707 -0.054139 0.000000 0.998533 0.188353 0.039684
-0.025210 -0.500000 0.198405 -0.090132 -0.699070 0.709350 0.178990 0.000000
-0.025210 -0.444444 0.198405 -0.126050 0.000000 0.992024 0.178990 0.039684
-0.039461 -0.500000 0.196069 -0.141082 -0.699071 0.700997 0.169340 0.000000
-0.039461 -0.444444 0.196069 -0.197303 0.000000 0.980342 0.169340 0.039684
-0.053506 -0.500000 0.192710 -0.191297 -0.699070 0.688989 0.159452 0.000000
-0.053506 -0.444444 0.192710 -0.267528 0.000000 0.963550 0.159452 0.039684
-0.067272 -0.500000 0.188347 -0.240514 -0.699070 0.673390 0.149378 0.000000
-0.067272 -0.444444 0.188347 -0.336359 0.000000 0.941734 0.149378 0.039684
-0.080687 -0.500000 0.183002 -0.288478 -0.699071 0.654279 0.139170 0.000000
-0.080687 -0.444444 0.183002 -0.403436 0.000000 0.915008 0.139170 0.039684
-0.093682 -0.500000 0.176702 -0.334936 -0.699071 0.631758 0.128881 0.000000
-0.093682 -0.444444 0.176702 -0.468408 0.000000 0.883512 0.128881 0.039684
-0.106188 -0.500000 0.169482 -0.379650 -0.699070 0.605943 0.118566 0.000000
-0.106188 -0.444444 0.169482 -0.530939 0.000000 0.847410 0.118566 0.039684
-0.118141 -0.500000 0.161378 -0.422384 -0.699071 0.576968 0.108277 0.000000
-0.118141 -0.444444 0.161378 -0.590703 0.000000 0.806889 0.108277 0.039684
-0.129477 -0.500000 0.152432 -0.462916 -0.699070 0.544986 0.098069 0.000000
-0.129477 -0.444444 0.152432 -0.647387 0.000000 0.762162 0.098069 0.039684
-0.140139 -0.500000 0.142692 -0.501034 -0.699071 0.510162 0.087995 0.000000
-0.140139 -0.444444 0.142692 -0.700695 0.000000 0.713461 0.087995 0.039684
-0.150070 -0.500000 0.132208 -0.536540 -0.699070 0.472679 0.078107 0.000000
-0.150070 -0.444444 0.132208 -0.750350 0.000000 0.661041 0.078107 0.039684
-0.159219 -0.500000 0.121035 -0.569249 -0.699071 0.432731 0.068457 0.000000
-0.159219 -0.444444 0.121035 -0.796093 0.000000 0.605174 0.068457 0.039684
-0.167537 -0.500000 0.109231 -0.598989 -0.699070 0.390528 0.059095 0.000000
-0.167537 -0.444444 0.109231 -0.837685 0.000000 0.546153 0.059095 0.039684
-0.174982 -0.500000 0.096857 -0.625608 -0.699070 0.346288 0.050070 0.000000
-0.174982 -0.444444 0.096857 -0.874911 0.000000 0.484284 0.050070 0.039684
-0.181515 -0.500000 0.083978 -0.648964 -0.699071 0.300243 0.041429 0.000000
-0.181515 -0.444444 0.083978 -0.907575 0.000000 0.419889 0.041429 0.039684
-0.187102 -0.500000 0.070661 -0.668937 -0.699071 0.252632 0.033217 0.000000
-0.187102 -0.444444 0.070661 -0.935508 0.000000 0.353305 0.033217 0.039684
-0.191713 -0.500000 0.056976 -0.685423 -0.699070 0.203704 0.025476 0.000000
-0.191713 -0.444444 0.056976 -0.958563 0.000000 0.284880 0.025476 0.039684
-0.195324 -0.500000 0.042994 -0.698336 -0.699069 0.153716 0.018248 0.000000
-0.195324 -0.444444 0.042994 -0.976620 0.000000 0.214971 0.018248 0.039684
-0.197917 -0.500000 0.028788 -0.707606 -0.699071 0.102924 0.011570 0.000000
-0.197917 -0.444444 0.028788 -0.989586 0.000000 0.143940 0.011570 0.039684
-0.199479 0.500000 -0.014432 -0.713189 0.699070 -0.051596 0.429741 0.714319
-0.199479 0.444444 -0.014432 -0.997393 -0.000000 -0.072158 0.429741 0.674635
-0.200000 0.500000 -0.000000 -0.715052 0.699071 0.000000 0.435218 0.714319
-0.200000 0.444444 -0.000000 -1.000000 -0.000000 0.000000 0.435218 0.674635
-0.200000 0.500000 -0.000000 -0.715052 0.699071 0.000000 0.000000 0.714319
-0.200000 0.444444 -0.000000 -1.000000 -0.000000 0.000000 0.000000 0.674635
-0.199479 0.500000 0.014432 -0.713189 0.699070 0.051596 0.005477 0.714319
-0.199479 0.444444 0.014432 -0.997393 0.000000 0.072158 0.005477 0.674635
-0.197917 0.500000 0.028788 -0.707606 0.699071 0.102924 0.011570 0.714319
-0.197917 0.444444 0.028788 -0.989586 0.000000 0.143940 0.011570 0.674635
-0.195324 0.500000 0.042994 -0.698333 0.699073 0.153715 0.018248 0.714319
-0.195324 0.444444 0.042994 -0.976620 0.000000 0.214971 0.018248 0.674635
-0.191713 0.500000 0.056976 -0.685423 0.699070 0.203704 0.025476 0.714319
-0.191713 0.444444 0.056976 -0.958563 0.000000 0.284880 0.025476 0.674635
-0.187102 0.500000 0.070661 -0.668937 0.699071 0.252632 0.033217 0.714319
-0.187102 0.444444 0.070661 -0.935508 0.000000 0.353305 0.033217 0.674635
-0.181515 0.500000 0.083978 -0.648964 0.699071 0.300243 0.041429 0.714319
-0.181515 0.444444 0.083978 -0.907575 0.000000 0.419889 0.041429 0.674635
-0.174982 0.500000 0.096857 -0.625608 0.699070 0.346288 0.050070 0.714319
-0.174982 0.444444 0.096857 -0.874911 0.000000 0.484284 0.050070 0.674635
-0.167537 0.500000 0.109230 -0.598989 0.699071 0.390528 0.059095 0.714319
-0.167537 0.444444 0.109230 -0.837686 0.000000 0.546153 0.059095 0.674635
-0.159219 0.500000 0.121035 -0.569249 0.699070 0.432732 0.068457 0.714319
-0.159219 0.444444 0.121035 -0.796093 0.000000 0.605174 0.068457 0.674635
-0.150070 0.500000 0.132208 -0.536540 0.699071 0.472679 0.078107 0.714319
-0.150070 0.444444 0.132208 -0.750350 0.000000 0.661041 0.078107 0.674635
-0.140139 0.500000 0.142692 -0.501034 0.699071 0.510162 0.087995 0.714319
-0.140139 0.444444 0.142692 -0.700695 0.000000 0.713461 0.087995 0.674635
-0.129477 0.500000 0.152432 -0.462916 0.699071 0.544986 0.098069 0.714319
-0.129477 0.444444 0.152432 -0.647387 0.000000 0.762162 0.098069 0.674635
-0.118141 0.500000 0.161378 -0.422384 0.699070 0.576968 0.108277 0.714319
-0.118141 0.444444 0.161378 -0.590703 0.000000 0.806889 0.108277 0.674635
-0.106188 0.500000 0.169482 -0.379650 0.699070 0.605943 0.118566 0.714319
-0.106188 0.444444 0.169482 -0.530939 0.000000 0.847410 0.118566 0.674635
-0.093682 0.500000 0.176702 -0.334936 0.699071 0.631758 0.128881 0.714319
-0.093682 0.444444 0.176702 -0.468408 0.000000 0.883512 0.128881 0.674635
-0.080687 0.500000 0.183002 -0.288478 0.699071 0.654279 0.139170 0.714319
-0.080687 0.444444 0.183002 -0.403436 0.000000 0.915008 0.139170 0.674635
-0.067272 0.500000 0.188347 -0.240514 0.699070 0.673389 0.149378 0.714319
-0.067272 0.444444 0.188347 -0.336359 0.000000 0.941734 0.149378 0.674635
-0.053506 0.500000 0.192710 -0.191297 0.699071 0.688989 0.159452 0.714319
-0.053506 0.444444 0.192710 -0.267528 0.000000 0.963550 0.159452 0.674635
-0.039461 0.500000 0.196068 -0.141082 0.699071 0.700996 0.169340 0.714319
-0.039461 0.444445 0.196068 -0.197304 0.000000 0.980342 0.169340 0.674635
-0.025210 0.500000 0.198405 -0.090132 0.699071 0.709349 0.178990 0.714319
-0.025210 0.444445 0.198405 -0.126050 0.000000 0.992024 0.178990 0.674635
-0.010828 0.500000 0.199707 -0.038712 0.699071 0.714004 0.188353 0.714319
-0.010828 0.444445 0.199707 -0.054139 0.000000 0.998533 0.188353 0.674635
0.003611 0.500000 0.199967 0.012910 0.699071 0.714936 0.197378 0.714319
0.003611 0.444445 0.199967 0.018054 0.000000 0.999837 0.197378 0.674635
0.018031 0.500000 0.199186 0.064464 0.699070 0.712141 0.206019 0.714319
0.018031 0.444445 0.199186 0.090153 0.000000 0.995928 0.206019 0.674635
0.032356 0.500000 0.197365 0.115683 0.699071 0.705633 0.214231 0.714319
0.032356 0.444445 0.197365 0.161783 0.000000 0.986826 0.214231 0.674635
0.046513 0.500000 0.194516 0.166298 0.699071 0.695446 0.221971 0.714319
0.046513 0.444445 0.194516 0.232567 0.000000 0.972580 0.221971 0.674635
0.046513 0.500000 0.194516 0.166298 0.699071 0.695446 0.435218 0.714319
0.046513 0.444445 0.194516 0.232567 0.000000 0.972580 0.435218 0.674635
0.060428 0.500000 0.190653 0.216046 0.699071 0.681634 0.442446 0.714319
0.060428 0.444444 0.190653 0.302140 0.000000 0.953264 0.442446 0.674635
0.074028 0.500000 0.185795 0.264668 0.699070 0.664268 0.450186 0.714319
0.074028 0.444444 0.185795 0.370138 0.000000 0.928977 0.450186 0.674635
0.087241 0.500000 0.179969 0.311911 0.699070 0.643438 0.458398 0.714319
0.087241 0.444444 0.179969 0.436207 0.000000 0.899846 0.458398 0.674635
0.100000 0.500000 0.173205 0.357526 0.699071 0.619254 0.467039 0.714319
0.100000 0.444444 0.173205 0.500000 0.000000 0.866025 0.467039 0.674635
0.112237 0.500000 0.165538 0.401278 0.699070 0.591841 0.476064 0.714319
0.112237 0.444444 0.165538 0.561187 0.000000 0.827689 0.476064 0.674635
0.123890 0.500000 0.157007 0.442938 0.699070 0.561343 0.485426 0.714319
0.123890 0.444444 0.157007 0.619449 0.000000 0.785037 0.485426 0.674635
0.134896 0.500000 0.147659 0.482289 0.699071 0.527918 0.495076 0.714319
0.134896 0.444444 0.147659 0.674480 0.000000 0.738293 0.495076 0.674635
0.145199 0.500000 0.137540 0.519125 0.699071 0.491741 0.504964 0.714319
0.145199 0.444444 0.137540 0.725995 0.000000 0.687700 0.504964 0.674635
0.154745 0.500000 0.126704 0.553254 0.699070 0.453001 0.515039 0.714319
0.154745 0.444444 0.126704 0.773726 0.000000 0.633521 0.515039 0.674635
0.163484 0.500000 0.115208 0.584500 0.699071 0.411898 0.525247 0.714319
0.163484 0.444444 0.115208 0.817422 0.000000 0.576039 0.525247 0.674635
0.171371 0.500000 0.103111 0.612698 0.699070 0.368648 0.535535 0.714319
0.171371 0.444444 0.103111 0.856857 0.000000 0.515553 0.535535 0.674635
0.178365 0.500000 0.090476 0.637701 0.699071 0.323476 0.545851 0.714319
0.178365 0.444444 0.090476 0.891825 0.000000 0.452381 0.545851 0.674635
0.184429 0.500000 0.077370 0.659381 0.699070 0.276618 0.556139 0.714319
0.184429 0.444444 0.077370 0.922143 0.000000 0.386850 0.556139 0.674635
0.189531 0.500000 0.063860 0.677622 0.699071 0.228317 0.566347 0.714319
0.189531 0.444444 0.063860 0.947653 0.000000 0.319302 0.566347 0.674635
0.193645 0.500000 0.050018 0.692331 0.699070 0.178827 0.576422 0.714319
0.193645 0.444444 0.050018 0.968223 0.000000 0.250089 0.576422 0.674635
0.196749 0.500000 0.035914 0.703429 0.699071 0.128403 0.586310 0.714319
0.196749 0.444444 0.035914 0.983745 0.000000 0.179572 0.586310 0.674635
0.198828 0.500000 0.021624 0.710861 0.699070 0.077310 0.595960 0.714319
0.198828 0.444444 0.021624 0.994138 0.000000 0.108118 0.595960 0.674635
0.199870 0.500000 0.007220 0.714586 0.699071 0.025815 0.605322 0.714319
0.199870 0.444444 0.007220 0.999348 0.000000 0.036102 0.605322 0.674635
0.199870 0.500000 -0.007221 0.714586 0.699071 -0.025815 0.614347 0.714319
0.199870 0.444444 -0.007221 0.999348 -0.000000 -0.036102 0.614347 0.674635
0.198828 0.500000 -0.021624 0.710861 0.699070 -0.077310 0.622988 0.714319
0.198828 0.444444 -0.021624 0.994138 -0.000000 -0.108118 0.622988 0.674635
0.196749 0.500000 -0.035914 0.703429 0.699071 -0.128403 0.631200 0.714319
0.196749 0.444444 -0.035914 0.983745 -0.000000 -0.179572 0.631200 0.674635
0.196749 0.500000 -0.035914 0.703429 0.699071 -0.128403 0.631200 0.714319
0.196749 0.444444 -0.035914 0.983745 -0.000000 -0.179572 0.631200 0.674635
0.193645 0.500000 -0.050018 0.692330 0.699071 -0.178827 0.639841 0.714319
0.193645 0.444444 -0.050018 0.968223 -0.000000 -0.250089 0.639841 0.674635
0.189531 0.500000 -0.063860 0.677622 0.699071 -0.228317 0.648866 0.714319
0.189531 0.444444 -0.063860 0.947653 -0.000000 -0.319302 0.648866 0.674635
0.184429 0.500000 -0.077370 0.659381 0.699070 -0.276618 0.658229 0.714319
0.184429 0.444444 -0.077370 0.922143 -0.000000 -0.386850 0.658229 0.674635
0.178365 0.500000 -0.090476 0.637701 0.699071 -0.323476 0.667879 0.714319
0.178365 0.444444 -0.090476 0.891825 -0.000000 -0.452381 0.667879 0.674635
0.171371 0.500000 -0.103111 0.612698 0.699071 -0.368648 0.677767 0.714319
0.171371 0.444444 -0.103111 0.856857 -0.000000 -0.515553 0.677767 0.674635
0.163484 0.500000 -0.115208 0.584500 0.699071 -0.411898 0.687841 0.714319
0.163484 0.444444 -0.115208 0.817422 -0.000000 -0.576039 0.687841 0.674635
0.154745 0.500000 -0.126704 0.553254 0.699071 -0.453001 0.698049 0.714319
0.154745 0.444444 -0.126704 0.773725 -0.000000 -0.633521 0.698049 0.674635
0.145199 0.500000 -0.137540 0.519125 0.699071 -0.491741 0.708338 0.714319
0.145199 0.444444 -0.137540 0.725995 -0.000000 -0.687700 0.708338 0.674635
0.134896 0.500000 -0.147659 0.482290 0.699070 -0.527918 0.718653 0.714319
0.134896 0.444444 -0.147659 0.674481 -0.000000 -0.738292 0.718653 0.674635
0.123890 0.500000 -0.157008 0.442938 0.699071 -0.561343 0.728942 0.714319
0.123890 0.444444 -0.157008 0.619449 -0.000000 -0.785037 0.728942 0.674635
0.112237 0.500000 -0.165538 0.401278 0.699071 -0.591841 0.739150 0.714319
0.112237 0.444444 -0.165538 0.561187 -0.000000 -0.827689 0.739150 0.674635
0.100000 0.500000 -0.173205 0.357526 0.699071 -0.619254 0.749224 0.714319
0.100000 0.444444 -0.173205 0.500000 -0.000000 -0.866025 0.749224 0.674635
0.087241 0.500000 -0.179969 0.311911 0.699070 -0.643438 0.759112 0.714319
0.087241 0.444444 -0.179969 0.436207 -0.000000 -0.899847 0.759112 0.674635
0.074028 0.500000 -0.185795 0.264668 0.699071 -0.664267 0.768762 0.714319
0.074028 0.444444 -0.185795 0.370138 -0.000000 -0.928977 0.768762 0.674635
0.060428 0.500000 -0.190653 0.216046 0.699071 -0.681634 0.778124 0.714319
0.060428 0.444444 -0.190653 0.302140 -0.000000 -0.953264 0.778124 0.674635
0.046513 0.500000 -0.194516 0.166298 0.699071 -0.695446 0.787149 0.714319
0.046513 0.444444 -0.194516 0.232567 -0.000000 -0.972580 0.787149 0.674635
0.032356 0.500000 -0.197365 0.115683 0.699071 -0.705633 0.795790 0.714319
0.032356 0.444444 -0.197365 0.161783 -0.000000 -0.986826 0.795790 0.674635
0.018031 0.500000 -0.199186 0.064464 0.699070 -0.712142 0.804003 0.714319
0.018031 0.444444 -0.199186 0.090153 -0.000000 -0.995928 0.804003 0.674635
0.018031 0.500000 -0.199186 0.064464 0.699070 -0.712142 0.229199 0.714319
0.018031 0.444444 -0.199186 0.090153 -0.000000 -0.995928 0.229199 0.674635
0.003611 0.500000 -0.199967 0.012910 0.699070 -0.714936 0.237840 0.714319
0.003611 0.444444 -0.199967 0.018054 -0.000000 -0.999837 0.237840 0.674635
-0.010828 0.500000 -0.199707 -0.038712 0.699070 -0.714004 0.246865 0.714319
-0.010828 0.444444 -0.199707 -0.054139 -0.000000 -0.998533 0.246865 0.674635
-0.025210 0.500000 -0.198405 -0.090132 0.699070 -0.709350 0.256227 0.714319
-0.025210 0.444444 -0.198405 -0.126050 -0.000000 -0.992024 0.256227 0.674635
-0.039461 0.500000 -0.196069 -0.141082 0.699071 -0.700997 0.265877 0.714319
-0.039461 0.444444 -0.196069 -0.197303 -0.000000 -0.980342 0.265877 0.674635
-0.053506 0.500000 -0.192710 -0.191297 0.699071 -0.688989 0.275765 0.714319
-0.053506 0.444444 -0.192710 -0.267528 -0.000000 -0.963550 0.275765 0.674635
-0.067272 0.500000 -0.188347 -0.240514 0.699071 -0.673389 0.285840 0.714319
-0.067272 0.444444 -0.188347 -0.336359 -0.000000 -0.941734 0.285840 0.674635
-0.080687 0.500000 -0.183002 -0.288478 0.699071 -0.654279 0.296048 0.714319
-0.080687 0.444444 -0.183002 -0.403436 -0.000000 -0.915008 0.296048 0.674635
-0.093682 0.500000 -0.176702 -0.334936 0.699070 -0.631758 0.306336 0.714319
-0.093682 0.444444 -0.176702 -0.468408 -0.000000 -0.883512 0.306336 0.674635
-0.106188 0.500000 -0.169482 -0.379649 0.699071 -0.605943 0.316652 0.714319
-0.106188 0.444444 -0.169482 -0.530939 -0.000000 -0.847410 0.316652 0.674635
-0.118141 0.500000 -0.161378 -0.422384 0.699071 -0.576968 0.326940 0.714319
-0.118141 0.444444 -0.161378 -0.590703 -0.000000 -0.806889 0.326940 0.674635
-0.129477 0.500000 -0.152432 -0.462916 0.699071 -0.544986 0.337148 0.714319
-0.129477 0.444444 -0.152432 -0.647387 -0.000000 -0.762162 0.337148 0.674635
-0.140139 0.500000 -0.142692 -0.501034 0.699071 -0.510162 0.347223 0.714319
-0.140139 0.444444 -0.142692 -0.700695 -0.000000 -0.713461 0.347223 0.674635
-0.150070 0.500000 -0.132208 -0.536540 0.699070 -0.472679 0.357111 0.714319
-0.150070 0.444444 -0.132208 -0.750350 -0.000000 -0.661041 0.357111 0.674635
-0.159219 0.500000 -0.121035 -0.569248 0.699071 -0.432731 0.366761 0.714319
-0.159219 0.444444 -0.121035 -0.796093 -0.000000 -0.605174 0.366761 0.674635
-0.167537 0.500000 -0.109231 -0.598989 0.699071 -0.390528 0.376123 0.714319
-0.167537 0.444444 -0.109231 -0.837685 -0.000000 -0.546153 0.376123 0.674635
-0.174982 0.500000 -0.096857 -0.625608 0.699070 -0.346288 0.385148 0.714319
-0.174982 0.444444 -0.096857 -0.874911 -0.000000 -0.484284 0.385148 0.674635
-0.181515 0.500000 -0.083978 -0.648964 0.699071 -0.300243 0.393789 0.714319
-0.181515 0.444444 -0.083978 -0.907575 -0.000000 -0.419889 0.393789 0.674635
-0.187102 0.500000 -0.070661 -0.668938 0.699070 -0.252632 0.402001 0.714319
-0.187102 0.444444 -0.070661 -0.935508 -0.000000 -0.353305 0.402001 0.674635
-0.191713 0.500000 -0.056976 -0.685423 0.699071 -0.203704 0.409741 0.714319
-0.191713 0.444444 -0.056976 -0.958563 -0.000000 -0.284880 0.409741 0.674635
-0.195324 0.500000 -0.042994 -0.698335 0.699071 -0.153715 0.416969 0.714319
-0.195324 0.444444 -0.042994 -0.976620 -0.000000 -0.214971 0.416969 0.674635
-0.197917 0.500000 -0.028788 -0.707606 0.699071 -0.102924 0.423647 0.714319
-0.197917 0.444444 -0.028788 -0.989586 -0.000000 -0.143940 0.423647 0.674635
-0.200000 -0.388889 0.000000 -1.000000 0.000000 0.000000 0.435218 0.079369
-0.199479 -0.388889 -0.014432 -0.997393 -0.000000 -0.072158 0.429741 0.079369
-0.197917 -0.388889 -0.028788 -0.989586 -0.000000 -0.143940 0.423647 0.079369
-0.195324 -0.388889 -0.042994 -0.976620 -0.000000 -0.214971 0.416969 0.079369
-0.191713 -0.388889 -0.056976 -0.958563 -0.000000 -0.284880 0.409741 0.079369
-0.187102 -0.388889 -0.070661 -0.935508 -0.000000 -0.353305 0.402001 0.079369
-0.181515 -0.388889 -0.083978 -0.907575 -0.000000 -0.419889 0.393789 0.079369
-0.174982 -0.388889 -0.096857 -0.874911 -0.000000 -0.484284 0.385148 0.079369
-0.167537 -0.388889 -0.109230 -0.837685 -0.000000 -0.546153 0.376123 0.079369
-0.159219 -0.388889 -0.121035 -0.796093 -0.000000 -0.605174 0.366761 0.079369
-0.150070 -0.388889 -0.132208 -0.750350 -0.000000 -0.661041 0.357111 0.079369
-0.140139 -0.388889 -0.142692 -0.700695 0.000000 -0.713461 0.347223 0.079369
-0.129477 -0.388889 -0.152432 -0.647387 0.000000 -0.762162 0.337148 0.079369
-0.118141 -0.388889 -0.161378 -0.590703 0.000000 -0.806889 0.326940 0.079369
-0.106188 -0.388889 -0.169482 -0.530939 0.000000 -0.847410 0.316652 0.079369
-0.093682 -0.388889 -0.176702 -0.468408 0.000000 -0.883512 0.306336 0.079369
-0.080687 -0.388889 -0.183002 -0.403436 0.000000 -0.915008 0.296048 0.079369
-0.067272 -0.388889 -0.188347 -0.336359 0.000000 -0.941734 0.285840 0.079369
-0.053506 -0.388889 -0.192710 -0.267528 0.000000 -0.963550 0.275765 0.079369
-0.039461 -0.388889 -0.196068 -0.197304 0.000000 -0.980342 0.265877 0.079369
-0.025210 -0.388889 -0.198405 -0.126050 0.000000 -0.992024 0.256227 0.079369
-0.010828 -0.388889 -0.199707 -0.054139 0.000000 -0.998533 0.246865 0.079369
0.003611 -0.388889 -0.199967 0.018054 0.000000 -0.999837 0.237840 0.079369
0.018031 -0.388889 -0.199186 0.090153 0.000000 -0.995928 0.229199 0.079369
0.018031 -0.388889 -0.199186 0.090153 0.000000 -0.995928 0.804003 0.079369
0.032356 -0.388889 -0.197365 0.161783 0.000000 -0.986826 0.795790 0.079369
0.046513 -0.388889 -0.194516 0.232567 0.000000 -0.972580 0.787149 0.079369
0.060428 -0.388889 -0.190653 0.302140 0.000000 -0.953264 0.778124 0.079369
0.074028 -0.388889 -0.185795 0.370138 0.000000 -0.928977 0.768762 0.079369
0.087241 -0.388889 -0.179969 0.436207 0.000000 -0.899847 0.759112 0.079369
0.100000 -0.388889 -0.173205 0.500000 0.000000 -0.866025 0.749224 0.079369
0.112237 -0.388889 -0.165538 0.561187 0.000000 -0.827689 0.739150 0.079369
0.123890 -0.388889 -0.157007 0.619449 0.000000 -0.785037 0.728942 0.079369
0.134896 -0.388889 -0.147659 0.674480 0.000000 -0.738293 0.718653 0.079369
0.145199 -0.388889 -0.137540 0.725995 0.000000 -0.687700 0.708338 0.079369
0.154745 -0.388889 -0.126704 0.773726 -0.000000 -0.633521 0.698049 0.079369
0.163484 -0.388889 -0.115208 0.817422 -0.000000 -0.576039 0.687841 0.079369
0.171371 -0.388889 -0.103111 0.856857 -0.000000 -0.515553 0.677767 0.079369
0.178365 -0.388889 -0.090476 0.891825 -0.000000 -0.452381 0.667879 0.079369
0.184429 -0.388889 -0.077370 0.922143 -0.000000 -0.386850 0.658229 0.079369
0.189531 -0.388889 -0.063860 0.947653 -0.000000 -0.319302 0.648866 0.079369
0.193645 -0.388889 -0.050018 0.968223 -0.000000 -0.250089 0.639841 0.079369
0.196749 -0.388889 -0.035914 0.983745 -0.000000 -0.179572 0.631200 0.079369
0.196749 -0.388889 -0.035914 0.983745 -0.000000 -0.179572 0.631200 0.079369
0.198828 -0.388889 -0.021624 0.994138 -0.000000 -0.108118 0.622988 0.079369
0.199870 -0.388889 -0.007220 0.999348 -0.000000 -0.036102 0.614347 0.079369
0.199870 -0.388889 0.007221 0.999348 0.000000 0.036102 0.605322 0.079369
0.198828 -0.388889 0.021624 0.994138 0.000000 0.108118 0.595960 0.079369
0.196749 -0.388889 0.035914 0.983745 0.000000 0.179572 0.586310 0.079369
0.193645 -0.388889 0.050018 0.968223 0.000000 0.250089 0.576422 0.079369
0.189531 -0.388889 0.063860 0.947653 0.000000 0.319302 0.566347 0.079369
0.184429 -0.388889 0.077370 0.922143 0.000000 0.386850 0.556139 0.079369
0.178365 -0.388889 0.090476 0.891825 0.000000 0.452381 0.545851 0.079369
0.171371 -0.388889 0.103111 0.856857 0.000000 0.515553 0.535535 0.079369
0.163484 -0.388889 0.115208 0.817422 0.000000 0.576039 0.525247 0.079369
0.154745 -0.388889 0.126704 0.773725 0.000000 0.633521 0.515039 0.079369
0.145199 -0.388889 0.137540 0.725995 0.000000 0.687700 0.504964 0.079369
0.134896 -0.388889 0.147659 0.674481 0.000000 0.738292 0.495076 0.079369
0.123890 -0.388889 0.157008 0.619449 0.000000 0.785037 0.485426 0.079369
0.112237 -0.388889 0.165538 0.561187 0.000000 0.827689 0.476064 0.079369
0.100000 -0.388889 0.173205 0.500000 0.000000 0.866025 0.467039 0.079369
0.087241 -0.388889 0.179969 0.436207 0.000000 0.899846 0.458398 0.079369
0.074028 -0.388889 0.185795 0.370138 0.000000 0.928977 0.450186 0.079369
0.060428 -0.388889 0.190653 0.302140 0.000000 0.953264 0.442446 0.079369
0.046513 -0.388889 0.194516 0.232567 0.000000 0.972580 0.435218 0.079369
0.046513 -0.388889 0.194516 0.232567 0.000000 0.972580 0.221971 0.079369
0.032356 -0.388889 0.197365 0.161783 0.000000 0.986826 0.214231 0.079369
0.018031 -0.388889 0.199186 0.090153 0.000000 0.995928 0.206019 0.079369
0.003611 -0.388889 0.199967 0.018054 0.000000 0.999837 0.197378 0.079369
-0.010828 -0.388889 0.199707 -0.054139 0.000000 0.998533 0.188353 0.079369
-0.025210 -0.388889 0.198405 -0.126050 0.000000 0.992024 0.178990 0.079369
-0.039461 -0.388889 0.196069 -0.197304 0.000000 0.980343 0.169340 0.079369
-0.053506 -0.388889 0.192710 -0.267528 0.000000 0.963550 0.159452 0.079369
-0.067272 -0.388889 0.188347 -0.336359 0.000000 0.941734 0.149378 0.079369
-0.080687 -0.388889 0.183002 -0.403436 0.000000 0.915008 0.139170 0.079369
-0.093682 -0.388889 0.176702 -0.468408 0.000000 0.883512 0.128881 0.079369
-0.106188 -0.388889 0.169482 -0.530939 0.000000 0.847410 0.118566 0.079369
-0.118141 -0.388889 0.161378 -0.590703 0.000000 0.806889 0.108277 0.079369
-0.129477 -0.388889 0.152432 -0.647387 0.000000 0.762162 0.098069 0.079369
-0.140139 -0.388889 0.142692 -0.700695 0.000000 0.713461 0.087995 0.079369
-0.150070 -0.388889 0.132208 -0.750350 0.000000 0.661041 0.078107 0.079369
-0.159219 -0.388889 0.121035 -0.796093 0.000000 0.605174 0.068457 0.079369
-0.167537 -0.388889 0.109231 -0.837685 0.000000 0.546153 0.059095 0.079369
-0.174982 -0.388889 0.096857 -0.874911 0.000000 0.484284 0.050070 0.079369
-0.181515 -0.388889 0.083978 -0.907575 0.000000 0.419889 0.041429 0.079369
-0.187102 -0.388889 0.070661 -0.935508 0.000000 0.353305 0.033217 0.079369
-0.191713 -0.388889 0.056976 -0.958563 0.000000 0.284880 0.025476 0.079369
-0.195324 -0.388889 0.042994 -0.976620 0.000000 0.214971 0.018248 0.079369
-0.197917 -0.388889 0.028788 -0.989587 0.000000 0.143940 0.011570 0.079369
-0.199479 -0.388889 0.014432 -0.997393 0.000000 0.072158 0.005477 0.079369
-0.200000 -0.388889 0.000000 -1.000000 0.000000 0.000000 0.000000 0.079369
-0.200000 -0.333333 0.000000 -1.000000 0.000000 -0.000000 0.435218 0.119053
-0.199479 -0.333333 -0.014432 -0.997393 -0.000000 -0.072158 0.429741 0.119053
-0.197917 -0.333333 -0.028788 -0.989586 -0.000000 -0.143940 0.423647 0.119053
-0.195324 -0.333333 -0.042994 -0.976620 -0.000000 -0.214971 0.416969 0.119053
-0.191713 -0.333333 -0.056976 -0.958563 -0.000000 -0.284880 0.409741 0.119053
-0.187102 -0.333333 -0.070661 -0.935508 -0.000000 -0.353305 0.402001 0.119053
-0.181515 -0.333333 -0.083978 -0.907575 -0.000000 -0.419889 0.393789 0.119053
-0.174982 -0.333333 -0.096857 -0.874911 -0.000000 -0.484284 0.385148 0.119053
-0.167537 -0.333333 -0.109230 -0.837685 -0.000000 -0.546153 0.376123 0.119053
-0.159219 -0.333333 -0.121035 -0.796093 -0.000000 -0.605174 0.366761 0.119053
-0.150070 -0.333333 -0.132208 -0.750350 -0.000000 -0.661041 0.357111 0.119053
-0.140139 -0.333333 -0.142692 -0.700695 -0.000000 -0.713461 0.347223 0.119053
-0.129477 -0.333333 -0.152432 -0.647387 -0.000000 -0.762162 0.337148 0.119053
-0.118141 -0.333333 -0.161378 -0.590703 -0.000000 -0.806889 0.326940 0.119053
-0.106188 -0.333333 -0.169482 -0.530939 -0.000000 -0.847410 0.316652 0.119053
-0.093682 -0.333333 -0.176702 -0.468408 -0.000000 -0.883512 0.306336 0.119053
-0.080687 -0.333333 -0.183002 -0.403436 -0.000000 -0.915008 0.296048 0.119053
-0.067272 -0.333333 -0.188347 -0.336359 -0.000000 -0.941734 0.285840 0.119053
-0.053506 -0.333333 -0.192710 -0.267528 -0.000000 -0.963550 0.275765 0.119053
-0.039461 -0.333333 -0.196068 -0.197303 -0.000000 -0.980342 0.265877 0.119053
-0.025210 -0.333333 -0.198405 -0.126050 -0.000000 -0.992024 0.256227 0.119053
-0.010828 -0.333333 -0.199707 -0.054139 -0.000000 -0.998533 0.246865 0.119053
0.003611 -0.333333 -0.199967 0.018054 -0.000000 -0.999837 0.237840 0.119053
0.018031 -0.333333 -0.199186 0.090153 -0.000000 -0.995928 0.229199 0.119053
0.018031 -0.333333 -0.199186 0.090153 -0.000000 -0.995928 0.804003 0.119053
0.032356 -0.333333 -0.197365 0.161783 -0.000000 -0.986826 0.795790 0.119053
0.046513 -0.333333 -0.194516 0.232567 -0.000000 -0.972580 0.787149 0.119053
0.060428 -0.333333 -0.190653 0.302140 -0.000000 -0.953264 0.778124 0.119053
0.074028 -0.333333 -0.185795 0.370138 -0.000000 -0.928977 0.768762 0.119053
0.087241 -0.333333 -0.179969 0.436207 -0.000000 -0.899846 0.759112 0.119053
0.100000 -0.333333 -0.173205 0.500000 -0.000000 -0.866025 0.749224 0.119053
0.112237 -0.333333 -0.165538 0.561187 -0.000000 -0.827689 0.739150 0.119053
0.123890 -0.333333 -0.157007 0.619449 -0.000000 -0.785037 0.728942 0.119053
0.134896 -0.333333 -0.147659 0.674480 -0.000000 -0.738293 0.718653 0.119053
0.145199 -0.333333 -0.137540 0.725995 -0.000000 -0.687700 0.708338 0.119053
0.154745 -0.333333 -0.126704 0.773725 -0.000000 -0.633521 0.698049 0.119053
0.163484 -0.333333 -0.115208 0.817422 -0.000000 -0.576039 0.687841 0.119053
0.171371 -0.333333 -0.103111 0.856857 -0.000000 -0.515553 0.677767 0.119053
0.178365 -0.333333 -0.090476 0.891825 -0.000000 -0.452381 0.667879 0.119053
0.184429 -0.333333 -0.077370 0.922143 -0.000000 -0.386850 0.658229 0.119053
0.189531 -0.333333 -0.063860 0.947653 -0.000000 -0.319302 0.648866 0.119053
0.193645 -0.333333 -0.050018 0.968223 -0.000000 -0.250089 0.639841 0.119053
0.196749 -0.333333 -0.035914 0.983745 -0.000000 -0.179572 0.631200 0.119053
0.196749 -0.333333 -0.035914 0.983745 -0.000000 -0.179572 0.631200 0.119053
0.198828 -0.333333 -0.021624 0.994138 -0.000000 -0.108118 0.622988 0.119053
0.199870 -0.333333 -0.007220 0.999348 -0.000000 -0.036102 0.614347 0.119053
0.199870 -0.333333 0.007221 0.999348 0.000000 0.036102 0.605322 0.119053
0.198828 -0.333333 0.021624 0.994138 0.000000 0.108118 0.595960 0.119053
0.196749 -0.333333 0.035914 0.983745 0.000000 0.179572 0.586310 0.119053
0.193645 -0.333333 0.050018 0.968223 0.000000 0.250089 0.576422 0.119053
0.189531 -0.333333 0.063860 0.947653 0.000000 0.319302 0.566347 0.119053
0.184429 -0.333333 0.077370 0.922143 0.000000 0.386850 0.556139 0.119053
0.178365 -0.333333 0.090476 0.891825 0.000000 0.452381 0.545851 0.119053
0.171371 -0.333333 0.103111 0.856858 0.000000 0.515553 0.535535 0.119053
0.163484 -0.333333 0.115208 0.817422 0.000000 0.576039 0.525247 0.119053
0.154745 -0.333333 0.126704 0.773725 0.000000 0.633521 0.515039 0.119053
0.145199 -0.333333 0.137540 0.725995 0.000000 0.687700 0.504964 0.119053
0.134896 -0.333333 0.147659 0.674481 0.000000 0.738292 0.495076 0.119053
0.123890 -0.333333 0.157008 0.619449 0.000000 0.785037 0.485426 0.119053
0.112237 -0.333333 0.165538 0.561187 0.000000 0.827689 0.476064 0.119053
0.100000 -0.333333 0.173205 0.500000 0.000000 0.866025 0.467039 0.119053
0.087241 -0.333333 0.179969 0.436207 0.000000 0.899846 0.458398 0.119053
0.074028 -0.333333 0.185795 0.370138 0.000000 0.928977 0.450186 0.119053
0.060428 -0.333333 0.190653 0.302140 0.000000 0.953264 0.442446 0.119053
0.046513 -0.333333 0.194516 0.232567 0.000000 0.972580 0.435218 0.119053
0.046513 -0.333333 0.194516 0.232567 0.000000 0.972580 0.221971 0.119053
0.032356 -0.333333 0.197365 0.161783 0.000000 0.986826 0.214231 0.119053
0.018031 -0.333333 0.199186 0.090153 0.000000 0.995928 0.206019 0.119053
0.003611 -0.333333 0.199967 0.018054 0.000000 0.999837 0.197378 0.119053
-0.010828 -0.333333 0.199707 -0.054139 0.000000 0.998533 0.188353 0.119053
-0.025210 -0.333333 0.198405 -0.126050 0.000000 0.992024 0.178990 0.119053
-0.039461 -0.333333 0.196069 -0.197303 0.000000 0.980342 0.169340 0.119053
-0.053506 -0.333333 0.192710 -0.267528 0.000000 0.963550 0.159452 0.119053
-0.067272 -0.333333 0.188347 -0.336359 0.000000 0.941734 0.149378 0.119053
-0.080687 -0.333333 0.183002 -0.403436 0.000000 0.915008 0.139170 0.119053
-0.093682 -0.333333 0.176702 -0.468408 0.000000 0.883512 0.128881 0.119053
-0.106188 -0.333333 0.169482 -0.530939 0.000000 0.847410 0.118566 0.119053
-0.118141 -0.333333 0.161378 -0.590703 0.000000 0.806889 0.108277 0.119053
-0.129477 -0.333333 0.152432 -0.647387 0.000000 0.762162 0.098069 0.119053
-0.140139 -0.333333 0.142692 -0.700695 0.000000 0.713461 0.087995 0.119053
-0.150070 -0.333333 0.132208 -0.750350 0.000000 0.661041 0.078107 0.119053
-0.159219 -0.333333 0.121035 -0.796093 0.000000 0.605174 0.068457 0.119053
-0.167537 -0.333333 0.109231 -0.837685 0.000000 0.546153 0.059095 0.119053
-0.174982 -0.333333 0.096857 -0.874911 0.000000 0.484284 0.050070 0.119053
-0.181515 -0.333333 0.083978 -0.907575 0.000000 0.419889 0.041429 0.119053
-0.187102 -0.333333 0.070661 -0.935508 0.000000 0.353305 0.033217 0.119053
-0.191713 -0.333333 0.056976 -0.958563 0.000000 0.284880 0.025476 0.119053
-0.195324 -0.333333 0.042994 -0.976620 0.000000 0.214971 0.018248 0.119053
-0.197917 -0.333333 0.028788 -0.989586 0.000000 0.143940 0.011570 0.119053
-0.199479 -0.333333 0.014432 -0.997393 0.000000 0.072158 0.005477 0.119053
-0.200000 -0.333333 0.000000 -1.000000 0.000000 -0.000000 0.000000 0.119053
-0.200000 -0.277778 0.000000 -1.000000 -0.000000 -0.000000 0.435218 0.158738
-0.199479 -0.277778 -0.014432 -0.997393 -0.000000 -0.072158 0.429741 0.158738
-0.197917 -0.277778 -0.028788 -0.989587 -0.000000 -0.143940 0.423647 0.158738
-0.195324 -0.277778 -0.042994 -0.976620 -0.000000 -0.214971 0.416969 0.158738
-0.191713 -0.277778 -0.056976 -0.958563 -0.000000 -0.284880 0.409741 0.158738
-0.187102 -0.277778 -0.070661 -0.935508 -0.000000 -0.353305 0.402001 0.158738
-0.181515 -0.277778 -0.083978 -0.907575 -0.000000 -0.419889 0.393789 0.158738
-0.174982 -0.277778 -0.096857 -0.874911 -0.000000 -0.484284 0.385148 0.158738
-0.167537 -0.277778 -0.109230 -0.837686 -0.000000 -0.546153 0.376123 0.158738
-0.159219 -0.277778 -0.121035 -0.796093 -0.000000 -0.605174 0.366761 0.158738
-0.150070 -0.277778 -0.132208 -0.750350 -0.000000 -0.661041 0.357111 0.158738
-0.140139 -0.277778 -0.142692 -0.700695 -0.000000 -0.713461 0.347223 0.158738
-0.129477 -0.277778 -0.152432 -0.647387 -0.000000 -0.762162 0.337148 0.158738
-0.118141 -0.277778 -0.161378 -0.590703 -0.000000 -0.806889 0.326940 0.158738
-0.106188 -0.277778 -0.169482 -0.530939 -0.000000 -0.847410 0.316652 0.158738
-0.093682 -0.277778 -0.176702 -0.468408 -0.000000 -0.883512 0.306336 0.158738
-0.080687 -0.277778 -0.183002 -0.403436 -0.000000 -0.915008 0.296048 0.158738
-0.067272 -0.277778 -0.188347 -0.336359 -0.000000 -0.941734 0.285840 0.158738
-0.053506 -0.277778 -0.192710 -0.267528 -0.000000 -0.963550 0.275765 0.158738
-0.039461 -0.277778 -0.196068 -0.197304 -0.000000 -0.980342 0.265877 0.158738
-0.025210 -0.277778 -0.198405 -0.126050 -0.000000 -0.992024 0.256227 0.158738
-0.010828 -0.277778 -0.199707 -0.054139 -0.000000 -0.998533 0.246865 0.158738
0.003611 -0.277778 -0.199967 0.018054 -0.000000 -0.999837 0.237840 0.158738
0.018031 -0.277778 -0.199186 0.090153 -0.000000 -0.995928 0.229199 0.158738
0.018031 -0.277778 -0.199186 0.090153 -0.000000 -0.995928 0.804003 0.158738
0.032356 -0.277778 -0.197365 0.161783 -0.000000 -0.986826 0.795790 0.158738
0.046513 -0.277778 -0.194516 0.232567 -0.000000 -0.972580 0.787149 0.158738
0.060428 -0.277778 -0.190653 0.302140 -0.000000 -0.953264 0.778124 0.158738
0.074028 -0.277778 -0.185795 0.370138 -0.000000 -0.928977 0.768762 0.158738
0.087241 -0.277778 -0.179969 0.436206 -0.000000 -0.899846 0.759112 0.158738
0.100000 -0.277778 -0.173205 0.500000 -0.000000 -0.866025 0.749224 0.158738
0.112237 -0.277778 -0.165538 0.561187 -0.000000 -0.827689 0.739150 0.158738
0.123890 -0.277778 -0.157007 0.619449 -0.000000 -0.785037 0.728942 0.158738
0.134896 -0.277778 -0.147659 0.674480 -0.000000 -0.738293 0.718653 0.158738
0.145199 -0.277778 -0.137540 0.725995 -0.000000 -0.687700 0.708338 0.158738
0.154745 -0.277778 -0.126704 0.773726 -0.000000 -0.633521 0.698049 0.158738
0.163484 -0.277778 -0.115208 0.817422 -0.000000 -0.576039 0.687841 0.158738
0.171371 -0.277778 -0.103111 0.856858 -0.000000 -0.515553 0.677767 0.158738
0.178365 -0.277778 -0.090476 0.891825 -0.000000 -0.452381 0.667879 0.158738
0.184429 -0.277778 -0.077370 0.922143 -0.000000 -0.386850 0.658229 0.158738
0.189531 -0.277778 -0.063860 0.947653 -0.000000 -0.319302 0.648866 0.158738
0.193645 -0.277778 -0.050018 0.968223 -0.000000 -0.250089 0.639841 0.158738
0.196749 -0.277778 -0.035914 0.983745 -0.000000 -0.179572 0.631200 0.158738
0.196749 -0.277778 -0.035914 0.983745 -0.000000 -0.179572 0.631200 0.158738
0.198828 -0.277778 -0.021624 0.994138 -0.000000 -0.108118 0.622988 0.158738
0.199870 -0.277778 -0.007220 0.999348 -0.000000 -0.036102 0.614347 0.158738
0.199870 -0.277778 0.007221 0.999348 0.000000 0.036102 0.605322 0.158738
0.198828 -0.277778 0.021624 0.994138 0.000000 0.108118 0.595960 0.158738
0.196749 -0.277778 0.035914 0.983745 0.000000 0.179572 0.586310 0.158738
0.193645 -0.277778 0.050018 0.968223 0.000000 0.250089 0.576422 0.158738
0.189531 -0.277778 0.063860 0.947653 0.000000 0.319302 0.566347 0.158738
0.184429 -0.277778 0.077370 0.922143 0.000000 0.386850 0.556139 0.158738
0.178365 -0.277778 0.090476 0.891825 0.000000 0.452381 0.545851 0.158738
0.171371 -0.277778 0.103111 0.856858 0.000000 0.515553 0.535535 0.158738
0.163484 -0.277778 0.115208 0.817422 0.000000 0.576039 0.525247 0.158738
0.154745 -0.277778 0.126704 0.773725 0.000000 0.633521 0.515039 0.158738
0.145199 -0.277778 0.137540 0.725995 0.000000 0.687700 0.504964 0.158738
0.134896 -0.277778 0.147659 0.674481 0.000000 0.738292 0.495076 0.158738
0.123890 -0.277778 0.157008 0.619449 0.000000 0.785037 0.485426 0.158738
0.112237 -0.277778 0.165538 0.561187 0.000000 0.827689 0.476064 0.158738
0.100000 -0.277778 0.173205 0.500000 0.000000 0.866025 0.467039 0.158738
0.087241 -0.277778 0.179969 0.436206 0.000000 0.899846 0.458398 0.158738
0.074028 -0.277778 0.185795 0.370138 0.000000 0.928977 0.450186 0.158738
0.060428 -0.277778 0.190653 0.302140 0.000000 0.953264 0.442446 0.158738
0.046513 -0.277778 0.194516 0.232567 0.000000 0.972580 0.435218 0.158738
0.046513 -0.277778 0.194516 0.232567 0.000000 0.972580 0.221971 0.158738
0.032356 -0.277778 0.197365 0.161783 0.000000 0.986826 0.214231 0.158738
0.018031 -0.277778 0.199186 0.090153 0.000000 0.995928 0.206019 0.158738
0.003611 -0.277778 0.199967 0.018054 0.000000 0.999837 0.197378 0.158738
-0.010828 -0.277778 0.199707 -0.054139 0.000000 0.998533 0.188353 0.158738
-0.025210 -0.277778 0.198405 -0.126050 0.000000 0.992024 0.178990 0.158738
-0.039461 -0.277778 0.196069 -0.197303 0.000000 0.980342 0.169340 0.158738
-0.053506 -0.277778 0.192710 -0.267528 0.000000 0.963550 0.159452 0.158738
-0.067272 -0.277778 0.188347 -0.336359 0.000000 0.941734 0.149378 0.158738
-0.080687 -0.277778 0.183002 -0.403436 0.000000 0.915008 0.139170 0.158738
-0.093682 -0.277778 0.176702 -0.468408 0.000000 0.883512 0.128881 0.158738
-0.106188 -0.277778 0.169482 -0.530939 0.000000 0.847410 0.118566 0.158738
-0.118141 -0.277778 0.161378 -0.590703 0.000000 0.806889 0.108277 0.158738
-0.129477 -0.277778 0.152432 -0.647387 0.000000 0.762162 0.098069 0.158738
-0.140139 -0.277778 0.142692 -0.700695 0.000000 0.713461 0.087995 0.158738
-0.150070 -0.277778 0.132208 -0.750350 0.000000 0.661041 0.078107 0.158738
-0.159219 -0.277778 0.121035 -0.796093 0.000000 0.605174 0.068457 0.158738
-0.167537 -0.277778 0.109231 -0.837685 0.000000 0.546153 0.059095 0.158738
-0.174982 -0.277778 0.096857 -0.874911 0.000000 0.484284 0.050070 0.158738
-0.181515 -0.277778 0.083978 -0.907575 0.000000 0.419889 0.041429 0.158738
-0.187102 -0.277778 0.070661 -0.935508 0.000000 0.353305 0.033217 0.158738
-0.191713 -0.277778 0.056976 -0.958563 0.000000 0.284880 0.025476 0.158738
-0.195324 -0.277778 0.042994 -0.976620 0.000000 0.214971 0.018248 0.158738
-0.197917 -0.277778 0.028788 -0.989586 0.000000 0.143940 0.011570 0.158738
-0.199479 -0.277778 0.014432 -0.997393 0.000000 0.072158 0.005477 0.158738
-0.200000 -0.277778 0.000000 -1.000000 -0.000000 -0.000000 0.000000 0.158738
-0.200000 -0.222222 0.000000 -1.000000 -0.000000 0.000000 0.435218 0.198422
-0.199479 -0.222222 -0.014432 -0.997393 -0.000000 -0.072158 0.429741 0.198422
-0.197917 -0.222222 -0.028788 -0.989586 -0.000000 -0.143940 0.423647 0.198422
-0.195324 -0.222222 -0.042994 -0.976620 -0.000000 -0.214971 0.416969 0.198422
-0.191713 -0.222222 -0.056976 -0.958563 -0.000000 -0.284880 0.409741 0.198422
-0.187102 -0.222222 -0.070661 -0.935508 -0.000000 -0.353305 0.402001 0.198422
-0.181515 -0.222222 -0.083978 -0.907575 -0.000000 -0.419889 0.393789 0.198422
-0.174982 -0.222222 -0.096857 -0.874911 -0.000000 -0.484284 0.385148 0.198422
-0.167537 -0.222222 -0.109230 -0.837685 -0.000000 -0.546153 0.376123 0.198422
-0.159219 -0.222222 -0.121035 -0.796093 -0.000000 -0.605174 0.366761 0.198422
-0.150070 -0.222222 -0.132208 -0.750350 0.000000 -0.661041 0.357111 0.198422
-0.140139 -0.222222 -0.142692 -0.700695 0.000000 -0.713461 0.347223 0.198422
-0.129477 -0.222222 -0.152432 -0.647387 0.000000 -0.762162 0.337148 0.198422
-0.118141 -0.222222 -0.161378 -0.590703 0.000000 -0.806889 0.326940 0.198422
-0.106188 -0.222222 -0.169482 -0.530939 0.000000 -0.847410 0.316652 0.198422
-0.093682 -0.222222 -0.176702 -0.468408 0.000000 -0.883512 0.306336 0.198422
-0.080687 -0.222222 -0.183002 -0.403436 0.000000 -0.915008 0.296048 0.198422
-0.067272 -0.222222 -0.188347 -0.336359 0.000000 -0.941734 0.285840 0.198422
-0.053506 -0.222222 -0.192710 -0.267528 0.000000 -0.963550 0.275765 0.198422
-0.039461 -0.222222 -0.196068 -0.197303 0.000000 -0.980342 0.265877 0.198422
-0.025210 -0.222222 -0.198405 -0.126050 0.000000 -0.992024 0.256227 0.198422
-0.010828 -0.222222 -0.199707 -0.054139 0.000000 -0.998533 0.246865 0.198422
0.003611 -0.222222 -0.199967 0.018054 0.000000 -0.999837 0.237840 0.198422
0.018031 -0.222222 -0.199186 0.090153 0.000000 -0.995928 0.229199 0.198422
0.018031 -0.222222 -0.199186 0.090153 0.000000 -0.995928 0.804003 0.198422
0.032356 -0.222222 -0.197365 0.161783 0.000000 -0.986826 0.795790 0.198422
0.046513 -0.222222 -0.194516 0.232567 0.000000 -0.972580 0.787149 0.198422
0.060428 -0.222222 -0.190653 0.302140 0.000000 -0.953264 0.778124 0.198422
0.074028 -0.222222 -0.185795 0.370138 0.000000 -0.928977 0.768762 0.198422
0.087241 -0.222222 -0.179969 0.436207 0.000000 -0.899846 0.759112 0.198422
0.100000 -0.222222 -0.173205 0.500000 0.000000 -0.866025 0.749224 0.198422
0.112237 -0.222222 -0.165538 0.561187 0.000000 -0.827689 0.739150 0.198422
0.123890 -0.222222 -0.157007 0.619449 0.000000 -0.785037 0.728942 0.198422
0.134896 -0.222222 -0.147659 0.674480 0.000000 -0.738293 0.718653 0.198422
0.145199 -0.222222 -0.137540 0.725995 0.000000 -0.687700 0.708338 0.198422
0.154745 -0.222222 -0.126704 0.773726 -0.000000 -0.633521 0.698049 0.198422
0.163484 -0.222222 -0.115208 0.817422 -0.000000 -0.576039 0.687841 0.198422
0.171371 -0.222222 -0.103111 0.856857 -0.000000 -0.515553 0.677767 0.198422
0.178365 -0.222222 -0.090476 0.891825 -0.000000 -0.452381 0.667879 0.198422
0.184429 -0.222222 -0.077370 0.922143 -0.000000 -0.386850 0.658229 0.198422
0.189531 -0.222222 -0.063860 0.947653 -0.000000 -0.319302 0.648866 0.198422
0.193645 -0.222222 -0.050018 0.968223 -0.000000 -0.250089 0.639841 0.198422
0.196749 -0.222222 -0.035914 0.983745 -0.000000 -0.179572 0.631200 0.198422
0.196749 -0.222222 -0.035914 0.983745 -0.000000 -0.179572 0.631200 0.198422
0.198828 -0.222222 -0.021624 0.994138 -0.000000 -0.108118 0.622988 0.198422
0.199870 -0.222222 -0.007220 0.999348 -0.000000 -0.036102 0.614347 0.198422
0.199870 -0.222222 0.007221 0.999348 0.000000 0.036102 0.605322 0.198422
0.198828 -0.222222 0.021624 0.994138 0.000000 0.108118 0.595960 0.198422
0.196749 -0.222222 0.035914 0.983745 0.000000 0.179572 0.586310 0.198422
0.193645 -0.222222 0.050018 0.968223 0.000000 0.250089 0.576422 0.198422
0.189531 -0.222222 0.063860 0.947653 0.000000 0.319302 0.566347 0.198422
0.184429 -0.222222 0.077370 0.922143 0.000000 0.386850 0.556139 0.198422
0.178365 -0.222222 0.090476 0.891825 0.000000 0.452381 0.545851 0.198422
0.171371 -0.222222 0.103111 0.856857 0.000000 0.515553 0.535535 0.198422
0.163484 -0.222222 0.115208 0.817422 0.000000 0.576039 0.525247 0.198422
0.154745 -0.222222 0.126704 0.773725 0.000000 0.633521 0.515039 0.198422
0.145199 -0.222222 0.137540 0.725995 0.000000 0.687700 0.504964 0.198422
0.134896 -0.222222 0.147659 0.674481 0.000000 0.738292 0.495076 0.198422
0.123890 -0.222222 0.157008 0.619449 0.000000 0.785037 0.485426 0.198422
0.112237 -0.222222 0.165538 0.561187 0.000000 0.827689 0.476064 0.198422
0.100000 -0.222222 0.173205 0.500000 0.000000 0.866025 0.467039 0.198422
0.087241 -0.222222 0.179969 0.436206 0.000000 0.899846 0.458398 0.198422
0.074028 -0.222222 0.185795 0.370138 0.000000 0.928977 0.450186 0.198422
0.060428 -0.222222 0.190653 0.302140 0.000000 0.953264 0.442446 0.198422
0.046513 -0.222222 0.194516 0.232567 0.000000 0.972580 0.435218 0.198422
0.046513 -0.222222 0.194516 0.232567 0.000000 0.972580 0.221971 0.198422
0.032356 -0.222222 0.197365 0.161783 0.000000 0.986826 0.214231 0.198422
0.018031 -0.222222 0.199186 0.090153 0.000000 0.995928 0.206019 0.198422
0.003611 -0.222222 0.199967 0.018054 0.000000 0.999837 0.197378 0.198422
-0.010828 -0.222222 0.199707 -0.054139 0.000000 0.998533 0.188353 0.198422
-0.025210 -0.222222 0.198405 -0.126050 0.000000 0.992024 0.178990 0.198422
-0.039461 -0.222222 0.196069 -0.197304 0.000000 0.980342 0.169340 0.198422
-0.053506 -0.222222 0.192710 -0.267528 0.000000 0.963550 0.159452 0.198422
-0.067272 -0.222222 0.188347 -0.336359 0.000000 0.941734 0.149378 0.198422
-0.080687 -0.222222 0.183002 -0.403436 0.000000 0.915008 0.139170 0.198422
-0.093682 -0.222222 0.176702 -0.468408 0.000000 0.883512 0.128881 0.198422
-0.106188 -0.222222 0.169482 -0.530939 0.000000 0.847410 0.118566 0.198422
-0.118141 -0.222222 0.161378 -0.590703 0.000000 0.806889 0.108277 0.198422
-0.129477 -0.222222 0.152432 -0.647387 0.000000 0.762162 0.098069 0.198422
-0.140139 -0.222222 0.142692 -0.700695 0.000000 0.713461 0.087995 0.198422
-0.150070 -0.222222 0.132208 -0.750350 0.000000 0.661041 0.078107 0.198422
-0.159219 -0.222222 0.121035 -0.796093 0.000000 0.605174 0.068457 0.198422
-0.167537 -0.222222 0.109230 -0.837685 0.000000 0.546153 0.059095 0.198422
-0.174982 -0.222222 0.096857 -0.874911 0.000000 0.484284 0.050070 0.198422
-0.181515 -0.222222 0.083978 -0.907575 0.000000 0.419889 0.041429 0.198422
-0.187102 -0.222222 0.070661 -0.935508 0.000000 0.353305 0.033217 0.198422
-0.191713 -0.222222 0.056976 -0.958563 0.000000 0.284880 0.025476 0.198422
-0.195324 -0.222222 0.042994 -0.976620 0.000000 0.214971 0.018248 0.198422
-0.197917 -0.222222 0.028788 -0.989586 0.000000 0.143940 0.011570 0.198422
-0.199479 -0.222222 0.014432 -0.997393 0.000000 0.072158 0.005477 0.198422
-0.200000 -0.222222 0.000000 -1.000000 -0.000000 0.000000 0.000000 0.198422
-0.200000 -0.166667 0.000000 -1.000000 0.000000 0.000000 0.435218 0.238106
-0.199479 -0.166667 -0.014432 -0.997393 -0.000000 -0.072158 0.429741 0.238106
-0.197917 -0.166667 -0.028788 -0.989586 -0.000000 -0.143940 0.423647 0.238106
-0.195324 -0.166667 -0.042994 -0.976620 -0.000000 -0.214971 0.416969 0.238106
-0.191713 -0.166667 -0.056976 -0.958563 -0.000000 -0.284880 0.409741 0.238106
-0.187102 -0.166667 -0.070661 -0.935508 -0.000000 -0.353305 0.402001 0.238106
-0.181515 -0.166667 -0.083978 -0.907575 -0.000000 -0.419889 0.393789 0.238106
-0.174982 -0.166667 -0.096857 -0.874911 -0.000000 -0.484284 0.385148 0.238106
-0.167537 -0.166667 -0.109230 -0.837685 -0.000000 -0.546153 0.376123 0.238106
-0.159219 -0.166667 -0.121035 -0.796093 -0.000000 -0.605174 0.366761 0.238106
-0.150070 -0.166667 -0.132208 -0.750350 0.000000 -0.661041 0.357111 0.238106
-0.140139 -0.166667 -0.142692 -0.700695 0.000000 -0.713461 0.347223 0.238106
-0.129477 -0.166667 -0.152432 -0.647387 0.000000 -0.762162 0.337148 0.238106
-0.118141 -0.166667 -0.161378 -0.590703 0.000000 -0.806889 0.326940 0.238106
-0.106188 -0.166667 -0.169482 -0.530939 0.000000 -0.847410 0.316652 0.238106
-0.093682 -0.166667 -0.176702 -0.468408 0.000000 -0.883512 0.306336 0.238106
-0.080687 -0.166667 -0.183002 -0.403436 0.000000 -0.915008 0.296048 0.238106
-0.067272 -0.166667 -0.188347 -0.336359 0.000000 -0.941734 0.285840 0.238106
-0.053506 -0.166667 -0.192710 -0.267528 0.000000 -0.963550 0.275765 0.238106
-0.039461 -0.166667 -0.196068 -0.197303 0.000000 -0.980342 0.265877 0.238106
-0.025210 -0.166667 -0.198405 -0.126050 0.000000 -0.992024 0.256227 0.238106
-0.010828 -0.166667 -0.199707 -0.054139 0.000000 -0.998533 0.246865 0.238106
0.003611 -0.166667 -0.199967 0.018054 0.000000 -0.999837 0.237840 0.238106
0.018031 -0.166667 -0.199186 0.090153 0.000000 -0.995928 0.229199 0.238106
0.018031 -0.166667 -0.199186 0.090153 0.000000 -0.995928 0.804003 0.238106
0.032356 -0.166667 -0.197365 0.161783 0.000000 -0.986826 0.795790 0.238106
0.046513 -0.166667 -0.194516 0.232567 0.000000 -0.972580 0.787149 0.238106
0.060428 -0.166667 -0.190653 0.302140 0.000000 -0.953264 0.778124 0.238106
0.074028 -0.166667 -0.185795 0.370138 0.000000 -0.928977 0.768762 0.238106
0.087241 -0.166667 -0.179969 0.436207 0.000000 -0.899847 0.759112 0.238106
0.100000 -0.166667 -0.173205 0.500000 0.000000 -0.866025 0.749224 0.238106
0.112237 -0.166667 -0.165538 0.561187 0.000000 -0.827689 0.739150 0.238106
0.123890 -0.166667 -0.157007 0.619449 0.000000 -0.785037 0.728942 0.238106
0.134896 -0.166667 -0.147659 0.674480 0.000000 -0.738293 0.718653 0.238106
0.145199 -0.166667 -0.137540 0.725995 0.000000 -0.687700 0.708338 0.238106
0.154745 -0.166667 -0.126704 0.773726 0.000000 -0.633521 0.698049 0.238106
0.163484 -0.166667 -0.115208 0.817422 -0.000000 -0.576039 0.687841 0.238106
0.171371 -0.166667 -0.103111 0.856858 -0.000000 -0.515553 0.677767 0.238106
0.178365 -0.166667 -0.090476 0.891825 -0.000000 -0.452381 0.667879 0.238106
0.184429 -0.166667 -0.077370 0.922143 -0.000000 -0.386850 0.658229 0.238106
0.189531 -0.166667 -0.063860 0.947653 -0.000000 -0.319302 0.648866 0.238106
0.193645 -0.166667 -0.050018 0.968223 -0.000000 -0.250089 0.639841 0.238106
0.196749 -0.166667 -0.035914 0.983745 -0.000000 -0.179572 0.631200 0.238106
0.196749 -0.166667 -0.035914 0.983745 -0.000000 -0.179572 0.631200 0.238106
0.198828 -0.166667 -0.021624 0.994138 -0.000000 -0.108118 0.622988 0.238106
0.199870 -0.166667 -0.007220 0.999348 -0.000000 -0.036102 0.614347 0.238106
0.199870 -0.166667 0.007220 0.999348 0.000000 0.036102 0.605322 0.238106
0.198828 -0.166667 0.021624 0.994138 0.000000 0.108118 0.595960 0.238106
0.196749 -0.166667 0.035914 0.983745 0.000000 0.179572 0.586310 0.238106
0.193645 -0.166667 0.050018 0.968223 0.000000 0.250089 0.576422 0.238106
0.189531 -0.166667 0.063860 0.947653 0.000000 0.319302 0.566347 0.238106
0.184429 -0.166667 0.077370 0.922143 0.000000 0.386850 0.556139 0.238106
0.178365 -0.166667 0.090476 0.891825 0.000000 0.452381 0.545851 0.238106
0.171371 -0.166667 0.103111 0.856857 0.000000 0.515553 0.535535 0.238106
0.163484 -0.166667 0.115208 0.817422 0.000000 0.576039 0.525247 0.238106
0.154745 -0.166667 0.126704 0.773725 0.000000 0.633521 0.515039 0.238106
0.145199 -0.166667 0.137540 0.725995 0.000000 0.687700 0.504964 0.238106
0.134896 -0.166667 0.147659 0.674481 0.000000 0.738292 0.495076 0.238106
0.123890 -0.166667 0.157008 0.619449 0.000000 0.785037 0.485426 0.238106
0.112237 -0.166667 0.165538 0.561187 0.000000 0.827689 0.476064 0.238106
0.100000 -0.166667 0.173205 0.500000 0.000000 0.866025 0.467039 0.238106
0.087241 -0.166667 0.179969 0.436207 0.000000 0.899846 0.458398 0.238106
0.074028 -0.166667 0.185795 0.370138 0.000000 0.928977 0.450186 0.238106
0.060428 -0.166667 0.190653 0.302140 0.000000 0.953264 0.442446 0.238106
0.046513 -0.166667 0.194516 0.232567 0.000000 0.972580 0.435218 0.238106
0.046513 -0.166667 0.194516 0.232567 0.000000 0.972580 0.221971 0.238106
0.032356 -0.166667 0.197365 0.161783 0.000000 0.986826 0.214231 0.238106
0.018031 -0.166667 0.199186 0.090153 0.000000 0.995928 0.206019 0.238106
0.003611 -0.166667 0.199967 0.018054 0.000000 0.999837 0.197378 0.238106
-0.010828 -0.166667 0.199707 -0.054139 0.000000 0.998533 0.188353 0.238106
-0.025210 -0.166667 0.198405 -0.126050 0.000000 0.992024 0.178990 0.238106
-0.039461 -0.166667 0.196069 -0.197303 0.000000 0.980342 0.169340 0.238106
-0.053506 -0.166667 0.192710 -0.267528 0.000000 0.963550 0.159452 0.238106
-0.067272 -0.166667 0.188347 -0.336359 0.000000 0.941734 0.149378 0.238106
-0.080687 -0.166667 0.183002 -0.403436 0.000000 0.915008 0.139170 0.238106
-0.093682 -0.166667 0.176702 -0.468408 0.000000 0.883512 0.128881 0.238106
-0.106188 -0.166667 0.169482 -0.530939 0.000000 0.847410 0.118566 0.238106
-0.118141 -0.166667 0.161378 -0.590703 0.000000 0.806889 0.108277 0.238106
-0.129477 -0.166667 0.152432 -0.647387 0.000000 0.762162 0.098069 0.238106
-0.140139 -0.166667 0.142692 -0.700695 0.000000 0.713461 0.087995 0.238106
-0.150070 -0.166667 0.132208 -0.750350 0.000000 0.661041 0.078107 0.238106
-0.159219 -0.166667 0.121035 -0.796093 0.000000 0.605174 0.068457 0.238106
-0.167537 -0.166667 0.109230 -0.837685 0.000000 0.546153 0.059095 0.238106
-0.174982 -0.166667 0.096857 -0.874911 0.000000 0.484284 0.050070 0.238106
-0.181515 -0.166667 0.083978 -0.907575 0.000000 0.419889 0.041429 0.238106
-0.187102 -0.166667 0.070661 -0.935508 0.000000 0.353305 0.033217 0.238106
-0.191713 -0.166667 0.056976 -0.958563 0.000000 0.284880 0.025476 0.238106
-0.195324 -0.166667 0.042994 -0.976620 0.000000 0.214971 0.018248 0.238106
-0.197917 -0.166667 0.028788 -0.989586 0.000000 0.143940 0.011570 0.238106
-0.199479 -0.166667 0.014432 -0.997393 0.000000 0.072158 0.005477 0.238106
-0.200000 -0.166667 0.000000 -1.000000 0.000000 0.000000 0.000000 0.238106
-0.200000 -0.111111 0.000000 -1.000000 -0.000000 0.000000 0.435218 0.277791
-0.199479 -0.111111 -0.014432 -0.997393 -0.000000 -0.072158 0.429741 0.277791
-0.197917 -0.111111 -0.028788 -0.989586 -0.000000 -0.143940 0.423647 0.277791
-0.195324 -0.111111 -0.042994 -0.976620 -0.000000 -0.214971 0.416969 0.277791
-0.191713 -0.111111 -0.056976 -0.958563 -0.000000 -0.284880 0.409741 0.277791
-0.187102 -0.111111 -0.070661 -0.935508 -0.000000 -0.353305 0.402001 0.277791
-0.181515 -0.111111 -0.083978 -0.907575 -0.000000 -0.419889 0.393789 0.277791
-0.174982 -0.111111 -0.096857 -0.874911 -0.000000 -0.484284 0.385148 0.277791
-0.167537 -0.111111 -0.109230 -0.837685 -0.000000 -0.546153 0.376123 0.277791
-0.159219 -0.111111 -0.121035 -0.796093 0.000000 -0.605174 0.366761 0.277791
-0.150070 -0.111111 -0.132208 -0.750350 -0.000000 -0.661041 0.357111 0.277791
-0.140139 -0.111111 -0.142692 -0.700695 -0.000000 -0.713461 0.347223 0.277791
-0.129477 -0.111111 -0.152432 -0.647387 -0.000000 -0.762162 0.337148 0.277791
-0.118141 -0.111111 -0.161378 -0.590703 -0.000000 -0.806889 0.326940 0.277791
-0.106188 -0.111111 -0.169482 -0.530939 -0.000000 -0.847410 0.316652 0.277791
-0.093682 -0.111111 -0.176702 -0.468408 -0.000000 -0.883512 0.306336 0.277791
-0.080687 -0.111111 -0.183002 -0.403436 -0.000000 -0.915008 0.296048 0.277791
-0.067272 -0.111111 -0.188347 -0.336359 -0.000000 -0.941734 0.285840 0.277791
-0.053506 -0.111111 -0.192710 -0.267528 -0.000000 -0.963550 0.275765 0.277791
-0.039461 -0.111111 -0.196068 -0.197304 -0.000000 -0.980342 0.265877 0.277791
-0.025210 -0.111111 -0.198405 -0.126050 -0.000000 -0.992024 0.256227 0.277791
-0.010828 -0.111111 -0.199707 -0.054139 -0.000000 -0.998533 0.246865 0.277791
0.003611 -0.111111 -0.199967 0.018054 -0.000000 -0.999837 0.237840 0.277791
0.018031 -0.111111 -0.199186 0.090153 -0.000000 -0.995928 0.229199 0.277791
0.018031 -0.111111 -0.199186 0.090153 -0.000000 -0.995928 0.804003 0.277791
0.032356 -0.111111 -0.197365 0.161783 -0.000000 -0.986826 0.795790 0.277791
0.046513 -0.111111 -0.194516 0.232567 -0.000000 -0.972580 0.787149 0.277791
0.060428 -0.111111 -0.190653 0.302140 -0.000000 -0.953264 0.778124 0.277791
0.074028 -0.111111 -0.185795 0.370138 -0.000000 -0.928977 0.768762 0.277791
0.087241 -0.111111 -0.179969 0.436207 -0.000000 -0.899847 0.759112 0.277791
0.100000 -0.111111 -0.173205 0.500000 -0.000000 -0.866025 0.749224 0.277791
0.112237 -0.111111 -0.165538 0.561187 -0.000000 -0.827689 0.739150 0.277791
0.123890 -0.111111 -0.157007 0.619448 -0.000000 -0.785037 0.728942 0.277791
0.134896 -0.111111 -0.147659 0.674480 -0.000000 -0.738293 0.718653 0.277791
0.145199 -0.111111 -0.137540 0.725995 -0.000000 -0.687700 0.708338 0.277791
0.154745 -0.111111 -0.126704 0.773725 -0.000000 -0.633521 0.698049 0.277791
0.163484 -0.111111 -0.115208 0.817422 -0.000000 -0.576039 0.687841 0.277791
0.171371 -0.111111 -0.103111 0.856857 -0.000000 -0.515553 0.677767 0.277791
0.178365 -0.111111 -0.090476 0.891825 -0.000000 -0.452381 0.667879 0.277791
0.184429 -0.111111 -0.077370 0.922143 -0.000000 -0.386850 0.658229 0.277791
0.189531 -0.111111 -0.063860 0.947653 -0.000000 -0.319302 0.648866 0.277791
0.193645 -0.111111 -0.050018 0.968223 -0.000000 -0.250089 0.639841 0.277791
0.196749 -0.111111 -0.035914 0.983745 -0.000000 -0.179572 0.631200 0.277791
0.196749 -0.111111 -0.035914 0.983745 -0.000000 -0.179572 0.631200 0.277791
0.198828 -0.111111 -0.021624 0.994138 -0.000000 -0.108118 0.622988 0.277791
0.199870 -0.111111 -0.007220 0.999348 -0.000000 -0.036102 0.614347 0.277791
0.199870 -0.111111 0.007220 0.999348 0.000000 0.036102 0.605322 0.277791
0.198828 -0.111111 0.021624 0.994138 0.000000 0.108118 0.595960 0.277791
0.196749 -0.111111 0.035914 0.983745 0.000000 0.179572 0.586310 0.277791
0.193645 -0.111111 0.050018 0.968223 0.000000 0.250089 0.576422 0.277791
0.189531 -0.111111 0.063860 0.947653 0.000000 0.319302 0.566347 0.277791
0.184429 -0.111111 0.077370 0.922143 0.000000 0.386850 0.556139 0.277791
0.178365 -0.111111 0.090476 0.891825 0.000000 0.452381 0.545851 0.277791
0.171371 -0.111111 0.103111 0.856857 0.000000 0.515553 0.535535 0.277791
0.163484 -0.111111 0.115208 0.817422 0.000000 0.576039 0.525247 0.277791
0.154745 -0.111111 0.126704 0.773725 0.000000 0.633521 0.515039 0.277791
0.145199 -0.111111 0.137540 0.725995 0.000000 0.687700 0.504964 0.277791
0.134896 -0.111111 0.147659 0.674481 0.000000 0.738292 0.495076 0.277791
0.123890 -0.111111 0.157008 0.619449 0.000000 0.785037 0.485426 0.277791
0.112237 -0.111111 0.165538 0.561187 0.000000 0.827689 0.476064 0.277791
0.100000 -0.111111 0.173205 0.500000 0.000000 0.866025 0.467039 0.277791
0.087241 -0.111111 0.179969 0.436206 0.000000 0.899846 0.458398 0.277791
0.074028 -0.111111 0.185795 0.370138 0.000000 0.928977 0.450186 0.277791
0.060428 -0.111111 0.190653 0.302140 0.000000 0.953264 0.442446 0.277791
0.060428 -0.166667 0.190653 0.302140 0.000000 0.953264 0.229199 0.238106
0.060428 -0.111111 0.190653 0.302140 0.000000 0.953264 0.229199 0.277791
0.046513 -0.111111 0.194516 0.232567 0.000000 0.972580 0.221971 0.277791
0.032356 -0.111111 0.197365 0.161783 0.000000 0.986826 0.214231 0.277791
0.018031 -0.111111 0.199186 0.090153 0.000000 0.995928 0.206019 0.277791
0.003611 -0.111111 0.199967 0.018054 0.000000 0.999837 0.197378 0.277791
-0.010828 -0.111111 0.199707 -0.054139 0.000000 0.998533 0.188353 0.277791
-0.025210 -0.111111 0.198405 -0.126050 0.000000 0.992024 0.178990 0.277791
-0.039461 -0.111111 0.196069 -0.197303 0.000000 0.980342 0.169340 0.277791
-0.053506 -0.111111 0.192710 -0.267528 0.000000 0.963550 0.159452 0.277791
-0.067272 -0.111111 0.188347 -0.336359 0.000000 0.941734 0.149378 0.277791
-0.080687 -0.111111 0.183002 -0.403436 0.000000 0.915008 0.139170 0.277791
-0.093682 -0.111111 0.176702 -0.468408 0.000000 0.883512 0.128881 0.277791
-0.106188 -0.111111 0.169482 -0.530939 0.000000 0.847410 0.118566 0.277791
-0.118141 -0.111111 0.161378 -0.590703 0.000000 0.806889 0.108277 0.277791
-0.129477 -0.111111 0.152432 -0.647387 0.000000 0.762162 0.098069 0.277791
-0.140139 -0.111111 0.142692 -0.700695 0.000000 0.713461 0.087995 0.277791
-0.150070 -0.111111 0.132208 -0.750350 0.000000 0.661041 0.078107 0.277791
-0.159219 -0.111111 0.121035 -0.796093 0.000000 0.605174 0.068457 0.277791
-0.167537 -0.111111 0.109230 -0.837685 0.000000 0.546153 0.059095 0.277791
-0.174982 -0.111111 0.096857 -0.874911 0.000000 0.484284 0.050070 0.277791
-0.181515 -0.111111 0.083978 -0.907575 0.000000 0.419889 0.041429 0.277791
-0.187102 -0.111111 0.070661 -0.935508 0.000000 0.353305 0.033217 0.277791
-0.191713 -0.111111 0.056976 -0.958563 0.000000 0.284880 0.025476 0.277791
-0.195324 -0.111111 0.042994 -0.976620 0.000000 0.214971 0.018248 0.277791
-0.197917 -0.111111 0.028788 -0.989587 0.000000 0.143940 0.011570 0.277791
-0.199479 -0.111111 0.014432 -0.997393 0.000000 0.072158 0.005477 0.277791
-0.200000 -0.111111 0.000000 -1.000000 -0.000000 0.000000 0.000000 0.277791
-0.200000 -0.055556 0.000000 -1.000000 0.000000 0.000000 0.435218 0.317475
-0.199479 -0.055556 -0.014432 -0.997393 -0.000000 -0.072158 0.429741 0.317475
-0.197917 -0.055556 -0.028788 -0.989586 -0.000000 -0.143940 0.423647 0.317475
-0.195324 -0.055556 -0.042994 -0.976621 -0.000000 -0.214971 0.416969 0.317475
-0.191713 -0.055556 -0.056976 -0.958563 -0.000000 -0.284880 0.409741 0.317475
-0.187102 -0.055556 -0.070661 -0.935508 -0.000000 -0.353305 0.402001 0.317475
-0.181515 -0.055556 -0.083978 -0.907575 -0.000000 -0.419889 0.393789 0.317475
-0.174982 -0.055556 -0.096857 -0.874911 -0.000000 -0.484284 0.385148 0.317475
-0.167537 -0.055556 -0.109230 -0.837685 -0.000000 -0.546153 0.376123 0.317475
-0.159219 -0.055556 -0.121035 -0.796093 -0.000000 -0.605174 0.366761 0.317475
-0.150070 -0.055556 -0.132208 -0.750350 -0.000000 -0.661041 0.357111 0.317475
-0.140139 -0.055556 -0.142692 -0.700695 -0.000000 -0.713461 0.347223 0.317475
-0.129477 -0.055556 -0.152432 -0.647387 -0.000000 -0.762162 0.337148 0.317475
-0.118141 -0.055556 -0.161378 -0.590703 -0.000000 -0.806889 0.326940 0.317475
-0.106188 -0.055556 -0.169482 -0.530939 -0.000000 -0.847410 0.316652 0.317475
-0.093682 -0.055556 -0.176702 -0.468408 -0.000000 -0.883512 0.306336 0.317475
-0.080687 -0.055556 -0.183002 -0.403436 -0.000000 -0.915008 0.296048 0.317475
-0.067272 -0.055556 -0.188347 -0.336359 -0.000000 -0.941734 0.285840 0.317475
-0.053506 -0.055556 -0.192710 -0.267528 -0.000000 -0.963550 0.275765 0.317475
-0.039461 -0.055556 -0.196069 -0.197304 -0.000000 -0.980342 0.265877 0.317475
-0.025210 -0.055556 -0.198405 -0.126050 -0.000000 -0.992024 0.256227 0.317475
-0.010828 -0.055556 -0.199707 -0.054139 -0.000000 -0.998533 0.246865 0.317475
0.003611 -0.055556 -0.199967 0.018054 -0.000000 -0.999837 0.237840 0.317475
0.018031 -0.055556 -0.199186 0.090153 -0.000000 -0.995928 0.229199 0.317475
0.018031 -0.055556 -0.199186 0.090153 -0.000000 -0.995928 0.804003 0.317475
0.032356 -0.055556 -0.197365 0.161783 -0.000000 -0.986826 0.795790 0.317475
0.046513 -0.055556 -0.194516 0.232567 -0.000000 -0.972580 0.787149 0.317475
0.060428 -0.055556 -0.190653 0.302140 -0.000000 -0.953264 0.778124 0.317475
0.074028 -0.055556 -0.185795 0.370138 -0.000000 -0.928977 0.768762 0.317475
0.087241 -0.055556 -0.179969 0.436207 -0.000000 -0.899846 0.759112 0.317475
0.100000 -0.055556 -0.173205 0.500000 -0.000000 -0.866025 0.749224 0.317475
0.112237 -0.055556 -0.165538 0.561187 -0.000000 -0.827689 0.739150 0.317475
0.123890 -0.055556 -0.157008 0.619448 -0.000000 -0.785037 0.728942 0.317475
0.134896 -0.055556 -0.147659 0.674481 -0.000000 -0.738292 0.718653 0.317475
0.145199 -0.055556 -0.137540 0.725995 -0.000000 -0.687700 0.708338 0.317475
0.154745 -0.055556 -0.126704 0.773725 -0.000000 -0.633521 0.698049 0.317475
0.163484 -0.055556 -0.115208 0.817422 -0.000000 -0.576039 0.687841 0.317475
0.171371 -0.055556 -0.103111 0.856857 -0.000000 -0.515553 0.677767 0.317475
0.178365 -0.055556 -0.090476 0.891825 -0.000000 -0.452381 0.667879 0.317475
0.184429 -0.055556 -0.077370 0.922143 -0.000000 -0.386850 0.658229 0.317475
0.189531 -0.055556 -0.063860 0.947653 -0.000000 -0.319302 0.648866 0.317475
0.193645 -0.055556 -0.050018 0.968223 -0.000000 -0.250089 0.639841 0.317475
0.196749 -0.055556 -0.035914 0.983745 -0.000000 -0.179572 0.631200 0.317475
0.196749 -0.055556 -0.035914 0.983745 -0.000000 -0.179572 0.631200 0.317475
0.198828 -0.055556 -0.021624 0.994138 -0.000000 -0.108118 0.622988 0.317475
0.199870 -0.055556 -0.007220 0.999348 -0.000000 -0.036102 0.614347 0.317475
0.199870 -0.055556 0.007220 0.999348 0.000000 0.036102 0.605322 0.317475
0.198828 -0.055556 0.021624 0.994138 0.000000 0.108118 0.595960 0.317475
0.196749 -0.055556 0.035914 0.983745 0.000000 0.179572 0.586310 0.317475
0.193645 -0.055556 0.050018 0.968223 0.000000 0.250089 0.576422 0.317475
0.189531 -0.055556 0.063860 0.947653 0.000000 0.319302 0.566347 0.317475
0.184429 -0.055556 0.077370 0.922143 0.000000 0.386850 0.556139 0.317475
0.178365 -0.055556 0.090476 0.891825 0.000000 0.452381 0.545851 0.317475
0.171371 -0.055556 0.103111 0.856857 0.000000 0.515553 0.535535 0.317475
0.163484 -0.055556 0.115208 0.817422 0.000000 0.576039 0.525247 0.317475
0.154745 -0.055556 0.126704 0.773725 0.000000 0.633521 0.515039 0.317475
0.145199 -0.055556 0.137540 0.725995 0.000000 0.687700 0.504964 0.317475
0.134896 -0.055556 0.147659 0.674481 0.000000 0.738292 0.495076 0.317475
0.123890 -0.055556 0.157008 0.619448 0.000000 0.785037 0.485426 0.317475
0.112237 -0.055556 0.165538 0.561187 0.000000 0.827689 0.476064 0.317475
0.100000 -0.055556 0.173205 0.500000 0.000000 0.866025 0.467039 0.317475
0.087241 -0.055556 0.179969 0.436207 0.000000 0.899847 0.458398 0.317475
0.074028 -0.055556 0.185795 0.370138 0.000000 0.928977 0.450186 0.317475
0.060428 -0.055556 0.190653 0.302140 0.000000 0.953264 0.442446 0.317475
0.060428 -0.055556 0.190653 0.302140 0.000000 0.953264 0.229199 0.317475
0.046513 -0.055556 0.194516 0.232567 0.000000 0.972580 0.221971 0.317475
0.032356 -0.055556 0.197365 0.161783 0.000000 0.986826 0.214231 0.317475
0.018031 -0.055556 0.199186 0.090153 0.000000 0.995928 0.206019 0.317475
0.003611 -0.055556 0.199967 0.018054 0.000000 0.999837 0.197378 0.317475
-0.010828 -0.055556 0.199707 -0.054139 0.000000 0.998533 0.188353 0.317475
-0.025210 -0.055556 0.198405 -0.126050 0.000000 0.992024 0.178990 0.317475
-0.039461 -0.055556 0.196069 -0.197303 0.000000 0.980342 0.169340 0.317475
-0.053506 -0.055556 0.192710 -0.267528 0.000000 0.963550 0.159452 0.317475
-0.067272 -0.055556 0.188347 -0.336359 0.000000 0.941734 0.149378 0.317475
-0.080687 -0.055556 0.183002 -0.403436 0.000000 0.915008 0.139170 0.317475
-0.093682 -0.055556 0.176702 -0.468408 0.000000 0.883512 0.128881 0.317475
-0.106188 -0.055556 0.169482 -0.530939 0.000000 0.847410 0.118566 0.317475
-0.118141 -0.055556 0.161378 -0.590703 0.000000 0.806889 0.108277 0.317475
-0.129477 -0.055556 0.152432 -0.647387 0.000000 0.762162 0.098069 0.317475
-0.140139 -0.055556 0.142692 -0.700695 0.000000 0.713461 0.087995 0.317475
-0.150070 -0.055556 0.132208 -0.750350 0.000000 0.661041 0.078107 0.317475
-0.159219 -0.055556 0.121035 -0.796093 0.000000 0.605174 0.068457 0.317475
-0.167537 -0.055556 0.109230 -0.837685 0.000000 0.546153 0.059095 0.317475
-0.174982 -0.055556 0.096857 -0.874911 0.000000 0.484284 0.050070 0.317475
-0.181515 -0.055556 0.083978 -0.907575 0.000000 0.419889 0.041429 0.317475
-0.187102 -0.055556 0.070661 -0.935508 0.000000 0.353305 0.033217 0.317475
-0.191713 -0.055556 0.056976 -0.958563 0.000000 0.284880 0.025476 0.317475
-0.195324 -0.055556 0.042994 -0.976620 0.000000 0.214971 0.018248 0.317475
-0.197917 -0.055556 0.028788 -0.989586 0.000000 0.143940 0.011570 0.317475
-0.199479 -0.055556 0.014432 -0.997393 0.000000 0.072158 0.005477 0.317475
-0.200000 -0.055556 0.000000 -1.000000 0.000000 0.000000 0.000000 0.317475
-0.200000 -0.000000 -0.000000 -1.000000 0.000000 -0.000000 0.435218 0.357159
-0.199479 -0.000000 -0.014432 -0.997393 -0.000000 -0.072158 0.429741 0.357159
-0.197917 -0.000000 -0.028788 -0.989586 -0.000000 -0.143940 0.423647 0.357159
-0.195324 -0.000000 -0.042994 -0.976621 -0.000000 -0.214971 0.416969 0.357159
-0.191713 -0.000000 -0.056976 -0.958563 -0.000000 -0.284880 0.409741 0.357159
-0.187102 -0.000000 -0.070661 -0.935508 -0.000000 -0.353305 0.402001 0.357159
-0.181515 -0.000000 -0.083978 -0.907575 -0.000000 -0.419889 0.393789 0.357159
-0.174982 -0.000000 -0.096857 -0.874911 -0.000000 -0.484284 0.385148 0.357159
-0.167537 -0.000000 -0.109230 -0.837685 -0.000000 -0.546153 0.376123 0.357159
-0.159219 -0.000000 -0.121035 -0.796093 -0.000000 -0.605174 0.366761 0.357159
-0.150070 -0.000000 -0.132208 -0.750350 -0.000000 -0.661041 0.357111 0.357159
-0.140139 -0.000000 -0.142692 -0.700695 0.000000 -0.713461 0.347223 0.357159
-0.129477 -0.000000 -0.152432 -0.647387 0.000000 -0.762162 0.337148 0.357159
-0.118141 -0.000000 -0.161378 -0.590703 0.000000 -0.806889 0.326940 0.357159
-0.106188 -0.000000 -0.169482 -0.530939 0.000000 -0.847410 0.316652 0.357159
-0.093682 -0.000000 -0.176702 -0.468408 0.000000 -0.883512 0.306336 0.357159
-0.080687 -0.000000 -0.183002 -0.403436 0.000000 -0.915008 0.296048 0.357159
-0.067272 -0.000000 -0.188347 -0.336359 0.000000 -0.941734 0.285840 0.357159
-0.053506 -0.000000 -0.192710 -0.267528 0.000000 -0.963550 0.275765 0.357159
-0.039461 -0.000000 -0.196069 -0.197304 0.000000 -0.980342 0.265877 0.357159
-0.025210 -0.000000 -0.198405 -0.126050 0.000000 -0.992024 0.256227 0.357159
-0.010828 -0.000000 -0.199707 -0.054139 0.000000 -0.998533 0.246865 0.357159
0.003611 -0.000000 -0.199967 0.018054 0.000000 -0.999837 0.237840 0.357159
0.018031 -0.000000 -0.199186 0.090153 0.000000 -0.995928 0.229199 0.357159
0.018031 -0.000000 -0.199186 0.090153 0.000000 -0.995928 0.804003 0.357159
0.032356 -0.000000 -0.197365 0.161783 0.000000 -0.986826 0.795790 0.357159
0.046513 -0.000000 -0.194516 0.232567 0.000000 -0.972580 0.787149 0.357159
0.060428 -0.000000 -0.190653 0.302140 0.000000 -0.953264 0.778124 0.357159
0.074028 -0.000000 -0.185795 0.370138 0.000000 -0.928977 0.768762 0.357159
0.087241 -0.000000 -0.179969 0.436207 0.000000 -0.899847 0.759112 0.357159
0.100000 -0.000000 -0.173205 0.500000 0.000000 -0.866025 0.749224 0.357159
0.112237 -0.000000 -0.165538 0.561187 0.000000 -0.827689 0.739150 0.357159
0.123890 -0.000000 -0.157008 0.619449 0.000000 -0.785037 0.728942 0.357159
0.134896 -0.000000 -0.147659 0.674481 0.000000 -0.738292 0.718653 0.357159
0.145199 -0.000000 -0.137540 0.725995 0.000000 -0.687700 0.708338 0.357159
0.154745 -0.000000 -0.126704 0.773725 -0.000000 -0.633521 0.698049 0.357159
0.163484 -0.000000 -0.115208 0.817422 -0.000000 -0.576039 0.687841 0.357159
0.171371 -0.000000 -0.103111 0.856857 -0.000000 -0.515553 0.677767 0.357159
0.178365 -0.000000 -0.090476 0.891825 -0.000000 -0.452381 0.667879 0.357159
0.184429 -0.000000 -0.077370 0.922143 -0.000000 -0.386850 0.658229 0.357159
0.189531 -0.000000 -0.063860 0.947653 -0.000000 -0.319302 0.648866 0.357159
0.193645 -0.000000 -0.050018 0.968223 -0.000000 -0.250089 0.639841 0.357159
0.196749 -0.000000 -0.035914 0.983745 -0.000000 -0.179572 0.631200 0.357159
0.196749 -0.000000 -0.035914 0.983745 -0.000000 -0.179572 0.631200 0.357159
0.198828 -0.000000 -0.021624 0.994138 -0.000000 -0.108118 0.622988 0.357159
0.199870 -0.000000 -0.007220 0.999348 -0.000000 -0.036102 0.614347 0.357159
0.199870 0.000000 0.007220 0.999348 0.000000 0.036102 0.605322 0.357159
0.198828 0.000000 0.021624 0.994138 0.000000 0.108118 0.595960 0.357159
0.196749 0.000000 0.035914 0.983745 0.000000 0.179572 0.586310 0.357159
0.193645 0.000000 0.050018 0.968223 0.000000 0.250089 0.576422 0.357159
0.189531 0.000000 0.063860 0.947653 0.000000 0.319302 0.566347 0.357159
0.184429 0.000000 0.077370 0.922143 0.000000 0.386850 0.556139 0.357159
0.178365 0.000000 0.090476 0.891825 0.000000 0.452381 0.545851 0.357159
0.171371 0.000000 0.103111 0.856857 0.000000 0.515553 0.535535 0.357159
0.163484 0.000000 0.115208 0.817422 0.000000 0.576039 0.525247 0.357159
0.154745 0.000000 0.126704 0.773725 0.000000 0.633521 0.515039 0.357159
0.145199 0.000000 0.137540 0.725995 0.000000 0.687700 0.504964 0.357159
0.134896 0.000000 0.147659 0.674481 0.000000 0.738292 0.495076 0.357159
0.123890 0.000000 0.157008 0.619448 0.000000 0.785037 0.485426 0.357159
0.112237 0.000000 0.165538 0.561187 0.000000 0.827689 0.476064 0.357159
0.100000 0.000000 0.173205 0.500000 0.000000 0.866025 0.467039 0.357159
0.087241 0.000000 0.179969 0.436207 0.000000 0.899846 0.458398 0.357159
0.074028 0.000000 0.185795 0.370138 0.000000 0.928977 0.450186 0.357159
0.060428 0.000000 0.190653 0.302140 0.000000 0.953264 0.442446 0.357159
0.060428 0.000000 0.190653 0.302140 0.000000 0.953264 0.229199 0.357159
0.046513 0.000000 0.194516 0.232567 0.000000 0.972580 0.221971 0.357159
0.032356 0.000000 0.197365 0.161783 0.000000 0.986826 0.214231 0.357159
0.018031 0.000000 0.199186 0.090153 0.000000 0.995928 0.206019 0.357159
0.003611 0.000000 0.199967 0.018054 0.000000 0.999837 0.197378 0.357159
-0.010828 0.000000 0.199707 -0.054139 0.000000 0.998533 0.188353 0.357159
-0.025210 0.000000 0.198405 -0.126050 0.000000 0.992024 0.178990 0.357159
-0.039461 0.000000 0.196069 -0.197304 0.000000 0.980342 0.169340 0.357159
-0.053506 0.000000 0.192710 -0.267528 0.000000 0.963550 0.159452 0.357159
-0.067272 0.000000 0.188347 -0.336359 0.000000 0.941734 0.149378 0.357159
-0.080687 0.000000 0.183002 -0.403436 0.000000 0.915008 0.139170 0.357159
-0.093682 0.000000 0.176702 -0.468408 0.000000 0.883512 0.128881 0.357159
-0.106188 0.000000 0.169482 -0.530939 0.000000 0.847410 0.118566 0.357159
-0.118141 0.000000 0.161378 -0.590703 0.000000 0.806889 0.108277 0.357159
-0.129477 0.000000 0.152432 -0.647387 0.000000 0.762162 0.098069 0.357159
-0.140139 0.000000 0.142692 -0.700695 0.000000 0.713461 0.087995 0.357159
-0.150070 0.000000 0.132208 -0.750350 0.000000 0.661041 0.078107 0.357159
-0.159219 0.000000 0.121035 -0.796093 0.000000 0.605174 0.068457 0.357159
-0.167537 0.000000 0.109230 -0.837685 0.000000 0.546153 0.059095 0.357159
-0.174982 0.000000 0.096857 -0.874911 0.000000 0.484284 0.050070 0.357159
-0.181515 0.000000 0.083978 -0.907575 0.000000 0.419889 0.041429 0.357159
-0.187102 0.000000 0.070661 -0.935508 0.000000 0.353305 0.033217 0.357159
-0.191713 0.000000 0.056976 -0.958563 0.000000 0.284880 0.025476 0.357159
-0.195324 0.000000 0.042994 -0.976621 0.000000 0.214971 0.018248 0.357159
-0.197917 0.000000 0.028788 -0.989586 0.000000 0.143940 0.011570 0.357159
-0.199479 0.000000 0.014432 -0.997393 0.000000 0.072158 0.005477 0.357159
-0.200000 -0.000000 -0.000000 -1.000000 0.000000 -0.000000 0.000000 0.357159
-0.200000 0.055556 -0.000000 -1.000000 -0.000000 -0.000000 0.435218 0.396844
-0.199479 0.055556 -0.014432 -0.997393 -0.000000 -0.072158 0.429741 0.396844
-0.197917 0.055556 -0.028788 -0.989586 -0.000000 -0.143940 0.423647 0.396844
-0.195324 0.055556 -0.042994 -0.976620 -0.000000 -0.214971 0.416969 0.396844
-0.191713 0.055556 -0.056976 -0.958563 -0.000000 -0.284880 0.409741 0.396844
-0.187102 0.055556 -0.070661 -0.935508 -0.000000 -0.353305 0.402001 0.396844
-0.181515 0.055556 -0.083978 -0.907575 -0.000000 -0.419889 0.393789 0.396844
-0.174982 0.055556 -0.096857 -0.874911 -0.000000 -0.484284 0.385148 0.396844
-0.167537 0.055556 -0.109230 -0.837685 -0.000000 -0.546153 0.376123 0.396844
-0.159219 0.055556 -0.121035 -0.796093 -0.000000 -0.605174 0.366761 0.396844
-0.150070 0.055556 -0.132208 -0.750350 -0.000000 -0.661041 0.357111 0.396844
-0.140139 0.055556 -0.142692 -0.700695 -0.000000 -0.713461 0.347223 0.396844
-0.129477 0.055556 -0.152432 -0.647387 -0.000000 -0.762162 0.337148 0.396844
-0.118141 0.055556 -0.161378 -0.590703 -0.000000 -0.806889 0.326940 0.396844
-0.106188 0.055556 -0.169482 -0.530939 -0.000000 -0.847410 0.316652 0.396844
-0.093682 0.055556 -0.176702 -0.468408 -0.000000 -0.883512 0.306336 0.396844
-0.080687 0.055556 -0.183002 -0.403436 -0.000000 -0.915008 0.296048 0.396844
-0.067272 0.055556 -0.188347 -0.336359 -0.000000 -0.941734 0.285840 0.396844
-0.053506 0.055556 -0.192710 -0.267528 -0.000000 -0.963550 0.275765 0.396844
-0.039461 0.055556 -0.196069 -0.197303 -0.000000 -0.980342 0.265877 0.396844
-0.025210 0.055556 -0.198405 -0.126050 -0.000000 -0.992024 0.256227 0.396844
-0.010828 0.055556 -0.199707 -0.054139 -0.000000 -0.998533 0.246865 0.396844
0.003611 0.055556 -0.199967 0.018054 -0.000000 -0.999837 0.237840 0.396844
0.018031 0.055556 -0.199186 0.090153 -0.000000 -0.995928 0.229199 0.396844
0.018031 0.055556 -0.199186 0.090153 -0.000000 -0.995928 0.804003 0.396844
0.032356 0.055556 -0.197365 0.161783 -0.000000 -0.986826 0.795790 0.396844
0.046513 0.055556 -0.194516 0.232567 -0.000000 -0.972580 0.787149 0.396844
0.060428 0.055556 -0.190653 0.302140 -0.000000 -0.953264 0.778124 0.396844
0.074028 0.055556 -0.185795 0.370138 -0.000000 -0.928977 0.768762 0.396844
0.087241 0.055556 -0.179969 0.436207 -0.000000 -0.899847 0.759112 0.396844
0.100000 0.055556 -0.173205 0.500000 -0.000000 -0.866025 0.749224 0.396844
0.112237 0.055556 -0.165538 0.561187 -0.000000 -0.827689 0.739150 0.396844
0.123890 0.055556 -0.157008 0.619449 -0.000000 -0.785037 0.728942 0.396844
0.134896 0.055556 -0.147659 0.674481 -0.000000 -0.738292 0.718653 0.396844
0.145199 0.055556 -0.137540 0.725995 -0.000000 -0.687700 0.708338 0.396844
0.154745 0.055556 -0.126704 0.773725 -0.000000 -0.633521 0.698049 0.396844
0.163484 0.055556 -0.115208 0.817422 -0.000000 -0.576039 0.687841 0.396844
0.171371 0.055556 -0.103111 0.856857 -0.000000 -0.515553 0.677767 0.396844
0.178365 0.055556 -0.090476 0.891825 -0.000000 -0.452381 0.667879 0.396844
0.184429 0.055556 -0.077370 0.922143 -0.000000 -0.386850 0.658229 0.396844
0.189531 0.055556 -0.063860 0.947653 -0.000000 -0.319302 0.648866 0.396844
0.193645 0.055556 -0.050018 0.968223 -0.000000 -0.250089 0.639841 0.396844
0.196749 0.055556 -0.035914 0.983745 -0.000000 -0.179572 0.631200 0.396844
0.196749 0.055556 -0.035914 0.983745 -0.000000 -0.179572 0.631200 0.396844
0.198828 0.055556 -0.021624 0.994138 -0.000000 -0.108118 0.622988 0.396844
0.199870 0.055556 -0.007220 0.999348 -0.000000 -0.036102 0.614347 0.396844
0.199870 0.055556 0.007220 0.999348 0.000000 0.036102 0.605322 0.396844
0.198828 0.055556 0.021624 0.994138 0.000000 0.108118 0.595960 0.396844
0.196749 0.055556 0.035914 0.983745 0.000000 0.179572 0.586310 0.396844
0.193645 0.055556 0.050018 0.968223 0.000000 0.250089 0.576422 0.396844
0.189531 0.055556 0.063860 0.947653 0.000000 0.319302 0.566347 0.396844
0.184429 0.055556 0.077370 0.922143 0.000000 0.386850 0.556139 0.396844
0.178365 0.055556 0.090476 0.891825 0.000000 0.452381 0.545851 0.396844
0.171371 0.055556 0.103111 0.856857 0.000000 0.515553 0.535535 0.396844
0.163484 0.055556 0.115208 0.817422 0.000000 0.576039 0.525247 0.396844
0.154745 0.055556 0.126704 0.773725 0.000000 0.633521 0.515039 0.396844
0.145199 0.055556 0.137540 0.725995 0.000000 0.687700 0.504964 0.396844
0.134896 0.055556 0.147659 0.674481 0.000000 0.738292 0.495076 0.396844
0.123890 0.055556 0.157008 0.619448 0.000000 0.785037 0.485426 0.396844
0.112237 0.055556 0.165538 0.561187 0.000000 0.827689 0.476064 0.396844
0.100000 0.055556 0.173205 0.500000 0.000000 0.866025 0.467039 0.396844
0.087241 0.055556 0.179969 0.436207 0.000000 0.899847 0.458398 0.396844
0.074028 0.055556 0.185795 0.370138 0.000000 0.928977 0.450186 0.396844
0.060428 0.055556 0.190653 0.302140 0.000000 0.953264 0.442446 0.396844
0.060428 0.055556 0.190653 0.302140 0.000000 0.953264 0.229199 0.396844
0.046513 0.055556 0.194516 0.232567 0.000000 0.972580 0.221971 0.396844
0.032356 0.055556 0.197365 0.161783 0.000000 0.986826 0.214231 0.396844
0.018031 0.055556 0.199186 0.090153 0.000000 0.995928 0.206019 0.396844
0.003611 0.055556 0.199967 0.018054 0.000000 0.999837 0.197378 0.396844
-0.010828 0.055556 0.199707 -0.054139 0.000000 0.998533 0.188353 0.396844
-0.025210 0.055556 0.198405 -0.126050 0.000000 0.992024 0.178990 0.396844
-0.039461 0.055556 0.196069 -0.197304 0.000000 0.980342 0.169340 0.396844
-0.053506 0.055556 0.192710 -0.267528 0.000000 0.963550 0.159452 0.396844
-0.067272 0.055556 0.188347 -0.336359 0.000000 0.941734 0.149378 0.396844
-0.080687 0.055556 0.183002 -0.403436 0.000000 0.915008 0.139170 0.396844
-0.093682 0.055556 0.176702 -0.468408 0.000000 0.883512 0.128881 0.396844
-0.106188 0.055556 0.169482 -0.530939 0.000000 0.847410 0.118566 0.396844
-0.118141 0.055556 0.161378 -0.590703 0.000000 0.806889 0.108277 0.396844
-0.129477 0.055556 0.152432 -0.647387 0.000000 0.762162 0.098069 0.396844
-0.140139 0.055556 0.142692 -0.700695 0.000000 0.713461 0.087995 0.396844
-0.150070 0.055556 0.132208 -0.750350 0.000000 0.661041 0.078107 0.396844
-0.159219 0.055556 0.121035 -0.796093 0.000000 0.605174 0.068457 0.396844
-0.167537 0.055556 0.109230 -0.837685 0.000000 0.546153 0.059095 0.396844
-0.174982 0.055556 0.096857 -0.874911 0.000000 0.484284 0.050070 0.396844
-0.181515 0.055556 0.083978 -0.907575 0.000000 0.419889 0.041429 0.396844
-0.187102 0.055556 0.070661 -0.935508 0.000000 0.353305 0.033217 0.396844
-0.191713 0.055556 0.056976 -0.958563 0.000000 0.284880 0.025476 0.396844
-0.195324 0.055556 0.042994 -0.976620 0.000000 0.214971 0.018248 0.396844
-0.197917 0.055556 0.028788 -0.989586 0.000000 0.143940 0.011570 0.396844
-0.199479 0.055556 0.014432 -0.997393 0.000000 0.072158 0.005477 0.396844
-0.200000 0.055556 -0.000000 -1.000000 -0.000000 -0.000000 0.000000 0.396844
-0.200000 0.111111 -0.000000 -1.000000 0.000000 -0.000000 0.435218 0.436528
-0.199479 0.111111 -0.014432 -0.997393 -0.000000 -0.072158 0.429741 0.436528
-0.197917 0.111111 -0.028788 -0.989587 -0.000000 -0.143940 0.423647 0.436528
-0.195324 0.111111 -0.042994 -0.976620 -0.000000 -0.214971 0.416969 0.436528
-0.191713 0.111111 -0.056976 -0.958563 -0.000000 -0.284880 0.409741 0.436528
-0.187102 0.111111 -0.070661 -0.935508 -0.000000 -0.353305 0.402001 0.436528
-0.181515 0.111111 -0.083978 -0.907575 -0.000000 -0.419889 0.393789 0.436528
-0.174982 0.111111 -0.096857 -0.874911 -0.000000 -0.484284 0.385148 0.436528
-0.167537 0.111111 -0.109230 -0.837685 -0.000000 -0.546153 0.376123 0.436528
-0.159219 0.111111 -0.121035 -0.796093 -0.000000 -0.605174 0.366761 0.436528
-0.150070 0.111111 -0.132208 -0.750350 -0.000000 -0.661041 0.357111 0.436528
-0.140139 0.111111 -0.142692 -0.700695 -0.000000 -0.713461 0.347223 0.436528
-0.129477 0.111111 -0.152432 -0.647387 -0.000000 -0.762162 0.337148 0.436528
-0.118141 0.111111 -0.161378 -0.590703 -0.000000 -0.806889 0.326940 0.436528
-0.106188 0.111111 -0.169482 -0.530939 -0.000000 -0.847410 0.316652 0.436528
-0.093682 0.111111 -0.176702 -0.468408 -0.000000 -0.883512 0.306336 0.436528
-0.080687 0.111111 -0.183002 -0.403436 -0.000000 -0.915008 0.296048 0.436528
-0.067272 0.111111 -0.188347 -0.336359 -0.000000 -0.941734 0.285840 0.436528
-0.053506 0.111111 -0.192710 -0.267528 -0.000000 -0.963550 0.275765 0.436528
-0.039461 0.111111 -0.196069 -0.197304 -0.000000 -0.980342 0.265877 0.436528
-0.025210 0.111111 -0.198405 -0.126050 -0.000000 -0.992024 0.256227 0.436528
-0.010828 0.111111 -0.199707 -0.054139 -0.000000 -0.998533 0.246865 0.436528
0.003611 0.111111 -0.199967 0.018054 -0.000000 -0.999837 0.237840 0.436528
0.018031 0.111111 -0.199186 0.090153 -0.000000 -0.995928 0.229199 0.436528
0.018031 0.111111 -0.199186 0.090153 -0.000000 -0.995928 0.804003 0.436528
0.032356 0.111111 -0.197365 0.161783 -0.000000 -0.986826 0.795790 0.436528
0.046513 0.111111 -0.194516 0.232567 -0.000000 -0.972580 0.787149 0.436528
0.060428 0.111111 -0.190653 0.302140 -0.000000 -0.953264 0.778124 0.436528
0.074028 0.111111 -0.185795 0.370138 -0.000000 -0.928977 0.768762 0.436528
0.087241 0.111111 -0.179969 0.436207 -0.000000 -0.899847 0.759112 0.436528
0.100000 0.111111 -0.173205 0.500000 -0.000000 -0.866025 0.749224 0.436528
0.112237 0.111111 -0.165538 0.561187 -0.000000 -0.827689 0.739150 0.436528
0.123890 0.111111 -0.157008 0.619449 -0.000000 -0.785037 0.728942 0.436528
0.134896 0.111111 -0.147659 0.674481 -0.000000 -0.738292 0.718653 0.436528
0.145199 0.111111 -0.137540 0.725995 -0.000000 -0.687700 0.708338 0.436528
0.154745 0.111111 -0.126704 0.773725 -0.000000 -0.633521 0.698049 0.436528
0.163484 0.111111 -0.115208 0.817422 -0.000000 -0.576039 0.687841 0.436528
0.171371 0.111111 -0.103111 0.856858 -0.000000 -0.515553 0.677767 0.436528
0.178365 0.111111 -0.090476 0.891825 -0.000000 -0.452381 0.667879 0.436528
0.184429 0.111111 -0.077370 0.922143 -0.000000 -0.386850 0.658229 0.436528
0.189531 0.111111 -0.063860 0.947653 -0.000000 -0.319302 0.648866 0.436528
0.193645 0.111111 -0.050018 0.968223 -0.000000 -0.250089 0.639841 0.436528
0.196749 0.111111 -0.035914 0.983745 -0.000000 -0.179572 0.631200 0.436528
0.196749 0.111111 -0.035914 0.983745 -0.000000 -0.179572 0.631200 0.436528
0.198828 0.111111 -0.021624 0.994138 -0.000000 -0.108118 0.622988 0.436528
0.199870 0.111111 -0.007220 0.999348 -0.000000 -0.036102 0.614347 0.436528
0.199870 0.111111 0.007220 0.999348 0.000000 0.036102 0.605322 0.436528
0.198828 0.111111 0.021624 0.994138 0.000000 0.108118 0.595960 0.436528
0.196749 0.111111 0.035914 0.983745 0.000000 0.179572 0.586310 0.436528
0.193645 0.111111 0.050018 0.968223 0.000000 0.250089 0.576422 0.436528
0.189531 0.111111 0.063860 0.947653 0.000000 0.319302 0.566347 0.436528
0.184429 0.111111 0.077370 0.922143 0.000000 0.386850 0.556139 0.436528
0.178365 0.111111 0.090476 0.891825 0.000000 0.452381 0.545851 0.436528
0.171371 0.111111 0.103111 0.856857 0.000000 0.515553 0.535535 0.436528
0.163484 0.111111 0.115208 0.817422 0.000000 0.576039 0.525247 0.436528
0.154745 0.111111 0.126704 0.773725 0.000000 0.633521 0.515039 0.436528
0.145199 0.111111 0.137540 0.725995 0.000000 0.687700 0.504964 0.436528
0.134896 0.111111 0.147659 0.674480 0.000000 0.738293 0.495076 0.436528
0.123890 0.111111 0.157007 0.619449 0.000000 0.785037 0.485426 0.436528
0.112237 0.111111 0.165538 0.561187 0.000000 0.827689 0.476064 0.436528
0.100000 0.111111 0.173205 0.500000 0.000000 0.866025 0.467039 0.436528
0.087241 0.111111 0.179969 0.436207 0.000000 0.899847 0.458398 0.436528
0.074028 0.111111 0.185795 0.370138 0.000000 0.928977 0.450186 0.436528
0.060428 0.111111 0.190653 0.302140 0.000000 0.953264 0.442446 0.436528
0.060428 0.111111 0.190653 0.302140 0.000000 0.953264 0.229199 0.436528
0.046513 0.111111 0.194516 0.232567 0.000000 0.972580 0.221971 0.436528
0.032356 0.111111 0.197365 0.161783 0.000000 0.986826 0.214231 0.436528
0.018031 0.111111 0.199186 0.090153 0.000000 0.995928 0.206019 0.436528
0.003611 0.111111 0.199967 0.018054 0.000000 0.999837 0.197378 0.436528
-0.010828 0.111111 0.199707 -0.054139 0.000000 0.998533 0.188353 0.436528
-0.025210 0.111111 0.198405 -0.126050 0.000000 0.992024 0.178990 0.436528
-0.039461 0.111111 0.196068 -0.197304 0.000000 0.980342 0.169340 0.436528
-0.053506 0.111111 0.192710 -0.267528 0.000000 0.963550 0.159452 0.436528
-0.067272 0.111111 0.188347 -0.336359 0.000000 0.941734 0.149378 0.436528
-0.080687 0.111111 0.183002 -0.403436 0.000000 0.915008 0.139170 0.436528
-0.093682 0.111111 0.176702 -0.468408 0.000000 0.883512 0.128881 0.436528
-0.106188 0.111111 0.169482 -0.530939 0.000000 0.847410 0.118566 0.436528
-0.118141 0.111111 0.161378 -0.590703 0.000000 0.806889 0.108277 0.436528
-0.129477 0.111111 0.152432 -0.647387 0.000000 0.762162 0.098069 0.436528
-0.140139 0.111111 0.142692 -0.700695 0.000000 0.713461 0.087995 0.436528
-0.150070 0.111111 0.132208 -0.750350 0.000000 0.661041 0.078107 0.436528
-0.159219 0.111111 0.121035 -0.796093 0.000000 0.605174 0.068457 0.436528
-0.167537 0.111111 0.109230 -0.837685 0.000000 0.546153 0.059095 0.436528
-0.174982 0.111111 0.096857 -0.874911 0.000000 0.484284 0.050070 0.436528
-0.181515 0.111111 0.083978 -0.907575 0.000000 0.419889 0.041429 0.436528
-0.187102 0.111111 0.070661 -0.935508 0.000000 0.353305 0.033217 0.436528
-0.191713 0.111111 0.056976 -0.958563 0.000000 0.284880 0.025476 0.436528
-0.195324 0.111111 0.042994 -0.976620 0.000000 0.214971 0.018248 0.436528
-0.197917 0.111111 0.028788 -0.989586 0.000000 0.143940 0.011570 0.436528
-0.199479 0.111111 0.014432 -0.997393 0.000000 0.072158 0.005477 0.436528
-0.200000 0.111111 -0.000000 -1.000000 0.000000 -0.000000 0.000000 0.436528
-0.200000 0.166667 -0.000000 -1.000000 0.000000 0.000000 0.435218 0.476213
-0.199479 0.166667 -0.014432 -0.997393 -0.000000 -0.072158 0.429741 0.476213
-0.197917 0.166667 -0.028788 -0.989586 -0.000000 -0.143940 0.423647 0.476213
-0.195324 0.166667 -0.042994 -0.976620 -0.000000 -0.214971 0.416969 0.476213
-0.191713 0.166667 -0.056976 -0.958563 -0.000000 -0.284880 0.409741 0.476213
-0.187102 0.166667 -0.070661 -0.935508 -0.000000 -0.353305 0.402001 0.476213
-0.181515 0.166667 -0.083978 -0.907575 -0.000000 -0.419889 0.393789 0.476213
-0.174982 0.166667 -0.096857 -0.874911 -0.000000 -0.484284 0.385148 0.476213
-0.167537 0.166667 -0.109230 -0.837685 -0.000000 -0.546153 0.376123 0.476213
-0.159219 0.166667 -0.121035 -0.796093 -0.000000 -0.605174 0.366761 0.476213
-0.150070 0.166667 -0.132208 -0.750350 0.000000 -0.661041 0.357111 0.476213
-0.140139 0.166667 -0.142692 -0.700695 0.000000 -0.713461 0.347223 0.476213
-0.129477 0.166667 -0.152432 -0.647387 0.000000 -0.762162 0.337148 0.476213
-0.118141 0.166667 -0.161378 -0.590703 0.000000 -0.806889 0.326940 0.476213
-0.106188 0.166667 -0.169482 -0.530939 0.000000 -0.847410 0.316652 0.476213
-0.093682 0.166667 -0.176702 -0.468408 0.000000 -0.883512 0.306336 0.476213
-0.080687 0.166667 -0.183002 -0.403436 0.000000 -0.915008 0.296048 0.476213
-0.067272 0.166667 -0.188347 -0.336359 0.000000 -0.941734 0.285840 0.476213
-0.053506 0.166667 -0.192710 -0.267528 0.000000 -0.963550 0.275765 0.476213
-0.039461 0.166667 -0.196069 -0.197304 0.000000 -0.980343 0.265877 0.476213
-0.025210 0.166667 -0.198405 -0.126050 0.000000 -0.992024 0.256227 0.476213
-0.010828 0.166667 -0.199707 -0.054139 0.000000 -0.998533 0.246865 0.476213
0.003611 0.166667 -0.199967 0.018054 0.000000 -0.999837 0.237840 0.476213
0.018031 0.166667 -0.199186 0.090153 0.000000 -0.995928 0.229199 0.476213
0.018031 0.166667 -0.199186 0.090153 0.000000 -0.995928 0.804003 0.476213
0.032356 0.166667 -0.197365 0.161783 0.000000 -0.986826 0.795790 0.476213
0.046513 0.166667 -0.194516 0.232567 0.000000 -0.972580 0.787149 0.476213
0.060428 0.166667 -0.190653 0.302140 0.000000 -0.953264 0.778124 0.476213
0.074028 0.166667 -0.185795 0.370138 0.000000 -0.928977 0.768762 0.476213
0.087241 0.166667 -0.179969 0.436207 0.000000 -0.899847 0.759112 0.476213
0.100000 0.166667 -0.173205 0.500000 0.000000 -0.866025 0.749224 0.476213
0.112237 0.166667 -0.165538 0.561187 0.000000 -0.827689 0.739150 0.476213
0.123890 0.166667 -0.157008 0.619449 0.000000 -0.785037 0.728942 0.476213
0.134896 0.166667 -0.147659 0.674481 0.000000 -0.738292 0.718653 0.476213
0.145199 0.166667 -0.137540 0.725995 0.000000 -0.687700 0.708338 0.476213
0.154745 0.166667 -0.126704 0.773725 -0.000000 -0.633521 0.698049 0.476213
0.163484 0.166667 -0.115208 0.817422 -0.000000 -0.576039 0.687841 0.476213
0.171371 0.166667 -0.103111 0.856857 -0.000000 -0.515553 0.677767 0.476213
0.178365 0.166667 -0.090476 0.891825 -0.000000 -0.452381 0.667879 0.476213
0.184429 0.166667 -0.077370 0.922143 -0.000000 -0.386850 0.658229 0.476213
0.189531 0.166667 -0.063860 0.947653 -0.000000 -0.319302 0.648866 0.476213
0.193645 0.166667 -0.050018 0.968223 -0.000000 -0.250089 0.639841 0.476213
0.196749 0.166667 -0.035914 0.983745 -0.000000 -0.179572 0.631200 0.476213
0.196749 0.166667 -0.035914 0.983745 -0.000000 -0.179572 0.631200 0.476213
0.198828 0.166667 -0.021624 0.994138 -0.000000 -0.108118 0.622988 0.476213
0.199870 0.166667 -0.007220 0.999348 -0.000000 -0.036102 0.614347 0.476213
0.199870 0.166667 0.007220 0.999348 0.000000 0.036102 0.605322 0.476213
0.198828 0.166667 0.021624 0.994138 0.000000 0.108118 0.595960 0.476213
0.196749 0.166667 0.035914 0.983745 0.000000 0.179572 0.586310 0.476213
0.193645 0.166667 0.050018 0.968223 0.000000 0.250089 0.576422 0.476213
0.189531 0.166667 0.063860 0.947653 0.000000 0.319302 0.566347 0.476213
0.184429 0.166667 0.077370 0.922143 0.000000 0.386850 0.556139 0.476213
0.178365 0.166667 0.090476 0.891825 0.000000 0.452381 0.545851 0.476213
0.171371 0.166667 0.103111 0.856857 0.000000 0.515553 0.535535 0.476213
0.163484 0.166667 0.115208 0.817422 0.000000 0.576039 0.525247 0.476213
0.154745 0.166667 0.126704 0.773726 0.000000 0.633521 0.515039 0.476213
0.145199 0.166667 0.137540 0.725995 0.000000 0.687700 0.504964 0.476213
0.134896 0.166667 0.147659 0.674480 0.000000 0.738293 0.495076 0.476213
0.123890 0.166667 0.157007 0.619449 0.000000 0.785037 0.485426 0.476213
0.112237 0.166667 0.165538 0.561187 0.000000 0.827689 0.476064 0.476213
0.100000 0.166667 0.173205 0.500000 0.000000 0.866025 0.467039 0.476213
0.087241 0.166667 0.179969 0.436207 0.000000 0.899846 0.458398 0.476213
0.074028 0.166667 0.185795 0.370138 0.000000 0.928977 0.450186 0.476213
0.060428 0.166667 0.190653 0.302140 0.000000 0.953264 0.442446 0.476213
0.060428 0.166667 0.190653 0.302140 0.000000 0.953264 0.229199 0.476213
0.046513 0.166667 0.194516 0.232567 0.000000 0.972580 0.221971 0.476213
0.032356 0.166667 0.197365 0.161783 0.000000 0.986826 0.214231 0.476213
0.018031 0.166667 0.199186 0.090153 0.000000 0.995928 0.206019 0.476213
0.003611 0.166667 0.199967 0.018054 0.000000 0.999837 0.197378 0.476213
-0.010828 0.166667 0.199707 -0.054139 0.000000 0.998533 0.188353 0.476213
-0.025210 0.166667 0.198405 -0.126050 0.000000 0.992024 0.178990 0.476213
-0.039461 0.166667 0.196068 -0.197303 0.000000 0.980342 0.169340 0.476213
-0.053506 0.166667 0.192710 -0.267528 0.000000 0.963550 0.159452 0.476213
-0.067272 0.166667 0.188347 -0.336359 0.000000 0.941734 0.149378 0.476213
-0.080687 0.166667 0.183002 -0.403436 0.000000 0.915008 0.139170 0.476213
-0.093682 0.166667 0.176702 -0.468408 0.000000 0.883512 0.128881 0.476213
-0.106188 0.166667 0.169482 -0.530939 0.000000 0.847410 0.118566 0.476213
-0.118141 0.166667 0.161378 -0.590703 0.000000 0.806889 0.108277 0.476213
-0.129477 0.166667 0.152432 -0.647387 0.000000 0.762162 0.098069 0.476213
-0.140139 0.166667 0.142692 -0.700695 0.000000 0.713461 0.087995 0.476213
-0.150070 0.166667 0.132208 -0.750350 0.000000 0.661041 0.078107 0.476213
-0.159219 0.166667 0.121035 -0.796093 0.000000 0.605174 0.068457 0.476213
-0.167537 0.166667 0.109230 -0.837686 0.000000 0.546153 0.059095 0.476213
-0.174982 0.166667 0.096857 -0.874911 0.000000 0.484284 0.050070 0.476213
-0.181515 0.166667 0.083978 -0.907575 0.000000 0.419889 0.041429 0.476213
-0.187102 0.166667 0.070661 -0.935508 0.000000 0.353305 0.033217 0.476213
-0.191713 0.166667 0.056976 -0.958563 0.000000 0.284880 0.025476 0.476213
-0.195324 0.166667 0.042994 -0.976620 0.000000 0.214971 0.018248 0.476213
-0.197917 0.166667 0.028788 -0.989586 0.000000 0.143940 0.011570 0.476213
-0.199479 0.166667 0.014432 -0.997393 0.000000 0.072158 0.005477 0.476213
-0.200000 0.166667 -0.000000 -1.000000 0.000000 0.000000 0.000000 0.476213
-0.200000 0.222222 -0.000000 -1.000000 -0.000000 -0.000000 0.435218 0.515897
-0.199479 0.222222 -0.014432 -0.997393 -0.000000 -0.072158 0.429741 0.515897
-0.197917 0.222222 -0.028788 -0.989587 -0.000000 -0.143940 0.423647 0.515897
-0.195324 0.222222 -0.042994 -0.976620 -0.000000 -0.214971 0.416969 0.515897
-0.191713 0.222222 -0.056976 -0.958563 -0.000000 -0.284880 0.409741 0.515897
-0.187102 0.222222 -0.070661 -0.935508 -0.000000 -0.353305 0.402001 0.515897
-0.181515 0.222222 -0.083978 -0.907575 -0.000000 -0.419889 0.393789 0.515897
-0.174982 0.222222 -0.096857 -0.874911 -0.000000 -0.484284 0.385148 0.515897
-0.167537 0.222222 -0.109230 -0.837685 -0.000000 -0.546153 0.376123 0.515897
-0.159219 0.222222 -0.121035 -0.796093 -0.000000 -0.605174 0.366761 0.515897
-0.150070 0.222222 -0.132208 -0.750350 -0.000000 -0.661041 0.357111 0.515897
-0.140139 0.222222 -0.142692 -0.700695 0.000000 -0.713461 0.347223 0.515897
-0.129477 0.222222 -0.152432 -0.647387 0.000000 -0.762162 0.337148 0.515897
-0.118141 0.222222 -0.161378 -0.590703 0.000000 -0.806889 0.326940 0.515897
-0.106188 0.222222 -0.169482 -0.530939 0.000000 -0.847410 0.316652 0.515897
-0.093682 0.222222 -0.176702 -0.468408 0.000000 -0.883512 0.306336 0.515897
-0.080687 0.222222 -0.183002 -0.403436 0.000000 -0.915008 0.296048 0.515897
-0.067272 0.222222 -0.188347 -0.336359 0.000000 -0.941734 0.285840 0.515897
-0.053506 0.222222 -0.192710 -0.267528 0.000000 -0.963550 0.275765 0.515897
-0.039461 0.222222 -0.196069 -0.197304 0.000000 -0.980342 0.265877 0.515897
-0.025210 0.222222 -0.198405 -0.126050 0.000000 -0.992024 0.256227 0.515897
-0.010828 0.222222 -0.199707 -0.054139 0.000000 -0.998533 0.246865 0.515897
0.003611 0.222222 -0.199967 0.018054 0.000000 -0.999837 0.237840 0.515897
0.018031 0.222222 -0.199186 0.090153 0.000000 -0.995928 0.229199 0.515897
0.018031 0.222222 -0.199186 0.090153 0.000000 -0.995928 0.804003 0.515897
0.032356 0.222222 -0.197365 0.161783 0.000000 -0.986826 0.795790 0.515897
0.046513 0.222222 -0.194516 0.232567 0.000000 -0.972580 0.787149 0.515897
0.060428 0.222222 -0.190653 0.302140 0.000000 -0.953264 0.778124 0.515897
0.074028 0.222222 -0.185795 0.370138 0.000000 -0.928977 0.768762 0.515897
0.087241 0.222222 -0.179969 0.436207 0.000000 -0.899846 0.759112 0.515897
0.100000 0.222222 -0.173205 0.500000 0.000000 -0.866025 0.749224 0.515897
0.112237 0.222222 -0.165538 0.561187 0.000000 -0.827689 0.739150 0.515897
0.123890 0.222222 -0.157008 0.619449 0.000000 -0.785037 0.728942 0.515897
0.134896 0.222222 -0.147659 0.674481 0.000000 -0.738292 0.718653 0.515897
0.145199 0.222222 -0.137540 0.725995 0.000000 -0.687700 0.708338 0.515897
0.154745 0.222222 -0.126704 0.773725 0.000000 -0.633521 0.698049 0.515897
0.163484 0.222222 -0.115208 0.817422 -0.000000 -0.576039 0.687841 0.515897
0.171371 0.222222 -0.103111 0.856857 -0.000000 -0.515553 0.677767 0.515897
0.178365 0.222222 -0.090476 0.891825 -0.000000 -0.452381 0.667879 0.515897
0.184429 0.222222 -0.077370 0.922143 -0.000000 -0.386850 0.658229 0.515897
0.189531 0.222222 -0.063860 0.947653 -0.000000 -0.319302 0.648866 0.515897
0.193645 0.222222 -0.050018 0.968223 -0.000000 -0.250089 0.639841 0.515897
0.196749 0.222222 -0.035914 0.983745 -0.000000 -0.179572 0.631200 0.515897
0.196749 0.222222 -0.035914 0.983745 -0.000000 -0.179572 0.631200 0.515897
0.198828 0.222222 -0.021624 0.994138 -0.000000 -0.108118 0.622988 0.515897
0.199870 0.222222 -0.007221 0.999348 -0.000000 -0.036102 0.614347 0.515897
0.199870 0.222222 0.007220 0.999348 0.000000 0.036102 0.605322 0.515897
0.198828 0.222222 0.021624 0.994138 0.000000 0.108118 0.595960 0.515897
0.196749 0.222222 0.035914 0.983745 0.000000 0.179572 0.586310 0.515897
0.193645 0.222222 0.050018 0.968223 0.000000 0.250089 0.576422 0.515897
0.189531 0.222222 0.063860 0.947653 0.000000 0.319302 0.566347 0.515897
0.184429 0.222222 0.077370 0.922143 0.000000 0.386850 0.556139 0.515897
0.178365 0.222222 0.090476 0.891825 0.000000 0.452381 0.545851 0.515897
0.171371 0.222222 0.103111 0.856857 0.000000 0.515553 0.535535 0.515897
0.163484 0.222222 0.115208 0.817422 0.000000 0.576039 0.525247 0.515897
0.154745 0.222222 0.126704 0.773726 0.000000 0.633521 0.515039 0.515897
0.145199 0.222222 0.137540 0.725995 0.000000 0.687700 0.504964 0.515897
0.134896 0.222222 0.147659 0.674480 0.000000 0.738293 0.495076 0.515897
0.123890 0.222222 0.157007 0.619449 0.000000 0.785037 0.485426 0.515897
0.112237 0.222222 0.165538 0.561187 0.000000 0.827689 0.476064 0.515897
0.100000 0.222222 0.173205 0.500000 0.000000 0.866025 0.467039 0.515897
0.087241 0.222222 0.179969 0.436207 0.000000 0.899847 0.458398 0.515897
0.074028 0.222222 0.185795 0.370138 0.000000 0.928977 0.450186 0.515897
0.060428 0.222222 0.190653 0.302140 0.000000 0.953264 0.442446 0.515897
0.046513 0.166667 0.194516 0.232567 0.000000 0.972580 0.435218 0.476213
0.046513 0.222222 0.194516 0.232567 0.000000 0.972580 0.435218 0.515897
0.046513 0.222222 0.194516 0.232567 0.000000 0.972580 0.221971 0.515897
0.032356 0.222222 0.197365 0.161783 0.000000 0.986826 0.214231 0.515897
0.018031 0.222222 0.199186 0.090153 0.000000 0.995928 0.206019 0.515897
0.003611 0.222222 0.199967 0.018054 0.000000 0.999837 0.197378 0.515897
-0.010828 0.222222 0.199707 -0.054139 0.000000 0.998533 0.188353 0.515897
-0.025210 0.222222 0.198405 -0.126050 0.000000 0.992024 0.178990 0.515897
-0.039461 0.222222 0.196068 -0.197303 0.000000 0.980342 0.169340 0.515897
-0.053506 0.222222 0.192710 -0.267528 0.000000 0.963550 0.159452 0.515897
-0.067272 0.222222 0.188347 -0.336359 0.000000 0.941734 0.149378 0.515897
-0.080687 0.222222 0.183002 -0.403436 0.000000 0.915008 0.139170 0.515897
-0.093682 0.222222 0.176702 -0.468408 0.000000 0.883512 0.128881 0.515897
-0.106188 0.222222 0.169482 -0.530939 0.000000 0.847410 0.118566 0.515897
-0.118141 0.222222 0.161378 -0.590703 0.000000 0.806889 0.108277 0.515897
-0.129477 0.222222 0.152432 -0.647387 0.000000 0.762162 0.098069 0.515897
-0.140139 0.222222 0.142692 -0.700695 0.000000 0.713461 0.087995 0.515897
-0.150070 0.222222 0.132208 -0.750350 0.000000 0.661041 0.078107 0.515897
-0.159219 0.222222 0.121035 -0.796093 0.000000 0.605174 0.068457 0.515897
-0.167537 0.222222 0.109230 -0.837685 0.000000 0.546153 0.059095 0.515897
-0.174982 0.222222 0.096857 -0.874911 0.000000 0.484284 0.050070 0.515897
-0.181515 0.222222 0.083978 -0.907575 0.000000 0.419889 0.041429 0.515897
-0.187102 0.222222 0.070661 -0.935508 0.000000 0.353305 0.033217 0.515897
-0.191713 0.222222 0.056976 -0.958563 0.000000 0.284880 0.025476 0.515897
-0.195324 0.222222 0.042994 -0.976620 0.000000 0.214971 0.018248 0.515897
-0.197917 0.222222 0.028788 -0.989586 0.000000 0.143940 0.011570 0.515897
-0.199479 0.222222 0.014432 -0.997393 0.000000 0.072158 0.005477 0.515897
-0.200000 0.222222 -0.000000 -1.000000 -0.000000 -0.000000 0.000000 0.515897
-0.200000 0.277778 -0.000000 -1.000000 0.000000 0.000000 0.435218 0.555581
-0.199479 0.277778 -0.014432 -0.997393 -0.000000 -0.072158 0.429741 0.555581
-0.197917 0.277778 -0.028788 -0.989586 -0.000000 -0.143940 0.423647 0.555581
-0.195324 0.277778 -0.042994 -0.976620 -0.000000 -0.214971 0.416969 0.555581
-0.191713 0.277778 -0.056976 -0.958563 -0.000000 -0.284880 0.409741 0.555581
-0.187102 0.277778 -0.070661 -0.935508 -0.000000 -0.353305 0.402001 0.555581
-0.181515 0.277778 -0.083978 -0.907575 -0.000000 -0.419889 0.393789 0.555581
-0.174982 0.277778 -0.096857 -0.874911 -0.000000 -0.484284 0.385148 0.555581
-0.167537 0.277778 -0.109231 -0.837685 -0.000000 -0.546153 0.376123 0.555581
-0.159219 0.277778 -0.121035 -0.796093 -0.000000 -0.605174 0.366761 0.555581
-0.150070 0.277778 -0.132208 -0.750350 -0.000000 -0.661041 0.357111 0.555581
-0.140139 0.277778 -0.142692 -0.700695 -0.000000 -0.713461 0.347223 0.555581
-0.129477 0.277778 -0.152432 -0.647387 -0.000000 -0.762162 0.337148 0.555581
-0.118141 0.277778 -0.161378 -0.590703 -0.000000 -0.806889 0.326940 0.555581
-0.106188 0.277778 -0.169482 -0.530939 -0.000000 -0.847410 0.316652 0.555581
-0.093682 0.277778 -0.176702 -0.468408 -0.000000 -0.883512 0.306336 0.555581
-0.080687 0.277778 -0.183002 -0.403436 -0.000000 -0.915008 0.296048 0.555581
-0.067272 0.277778 -0.188347 -0.336359 -0.000000 -0.941734 0.285840 0.555581
-0.053506 0.277778 -0.192710 -0.267528 -0.000000 -0.963550 0.275765 0.555581
-0.039461 0.277778 -0.196069 -0.197303 -0.000000 -0.980342 0.265877 0.555581
-0.025210 0.277778 -0.198405 -0.126050 -0.000000 -0.992024 0.256227 0.555581
-0.010828 0.277778 -0.199707 -0.054139 -0.000000 -0.998533 0.246865 0.555581
0.003611 0.277778 -0.199967 0.018054 -0.000000 -0.999837 0.237840 0.555581
0.018031 0.277778 -0.199186 0.090153 -0.000000 -0.995928 0.229199 0.555581
0.018031 0.277778 -0.199186 0.090153 -0.000000 -0.995928 0.804003 0.555581
0.032356 0.277778 -0.197365 0.161783 -0.000000 -0.986826 0.795790 0.555581
0.046513 0.277778 -0.194516 0.232567 -0.000000 -0.972580 0.787149 0.555581
0.060428 0.277778 -0.190653 0.302140 -0.000000 -0.953264 0.778124 0.555581
0.074028 0.277778 -0.185795 0.370138 -0.000000 -0.928977 0.768762 0.555581
0.087241 0.277778 -0.179969 0.436206 -0.000000 -0.899846 0.759112 0.555581
0.100000 0.277778 -0.173205 0.500000 -0.000000 -0.866025 0.749224 0.555581
0.112237 0.277778 -0.165538 0.561187 -0.000000 -0.827689 0.739150 0.555581
0.123890 0.277778 -0.157008 0.619449 -0.000000 -0.785037 0.728942 0.555581
0.134896 0.277778 -0.147659 0.674481 -0.000000 -0.738292 0.718653 0.555581
0.145199 0.277778 -0.137540 0.725995 -0.000000 -0.687700 0.708338 0.555581
0.154745 0.277778 -0.126704 0.773725 -0.000000 -0.633521 0.698049 0.555581
0.163484 0.277778 -0.115208 0.817422 -0.000000 -0.576039 0.687841 0.555581
0.171371 0.277778 -0.103111 0.856857 -0.000000 -0.515553 0.677767 0.555581
0.178365 0.277778 -0.090476 0.891825 -0.000000 -0.452381 0.667879 0.555581
0.184429 0.277778 -0.077370 0.922143 -0.000000 -0.386850 0.658229 0.555581
0.189531 0.277778 -0.063860 0.947653 -0.000000 -0.319302 0.648866 0.555581
0.193645 0.277778 -0.050018 0.968223 -0.000000 -0.250089 0.639841 0.555581
0.196749 0.277778 -0.035914 0.983745 -0.000000 -0.179572 0.631200 0.555581
0.196749 0.277778 -0.035914 0.983745 -0.000000 -0.179572 0.631200 0.555581
0.198828 0.277778 -0.021624 0.994138 -0.000000 -0.108118 0.622988 0.555581
0.199870 0.277778 -0.007221 0.999348 -0.000000 -0.036102 0.614347 0.555581
0.199870 0.277778 0.007220 0.999348 0.000000 0.036102 0.605322 0.555581
0.198828 0.277778 0.021624 0.994138 0.000000 0.108118 0.595960 0.555581
0.196749 0.277778 0.035914 0.983745 0.000000 0.179572 0.586310 0.555581
0.193645 0.277778 0.050018 0.968223 0.000000 0.250089 0.576422 0.555581
0.189531 0.277778 0.063860 0.947653 0.000000 0.319302 0.566347 0.555581
0.184429 0.277778 0.077370 0.922143 0.000000 0.386850 0.556139 0.555581
0.178365 0.277778 0.090476 0.891825 0.000000 0.452381 0.545851 0.555581
0.171371 0.277778 0.103111 0.856858 0.000000 0.515553 0.535535 0.555581
0.163484 0.277778 0.115208 0.817422 0.000000 0.576039 0.525247 0.555581
0.154745 0.277778 0.126704 0.773726 0.000000 0.633521 0.515039 0.555581
0.145199 0.277778 0.137540 0.725995 0.000000 0.687700 0.504964 0.555581
0.134896 0.277778 0.147659 0.674480 0.000000 0.738293 0.495076 0.555581
0.123890 0.277778 0.157007 0.619448 0.000000 0.785037 0.485426 0.555581
0.112237 0.277778 0.165538 0.561187 0.000000 0.827689 0.476064 0.555581
0.100000 0.277778 0.173205 0.500000 0.000000 0.866025 0.467039 0.555581
0.087241 0.277778 0.179969 0.436207 0.000000 0.899846 0.458398 0.555581
0.074028 0.277778 0.185795 0.370138 0.000000 0.928977 0.450186 0.555581
0.060428 0.277778 0.190653 0.302140 0.000000 0.953264 0.442446 0.555581
0.046513 0.277778 0.194516 0.232567 0.000000 0.972580 0.435218 0.555581
0.046513 0.277778 0.194516 0.232567 0.000000 0.972580 0.221971 0.555581
0.032356 0.277778 0.197365 0.161783 0.000000 0.986826 0.214231 0.555581
0.018031 0.277778 0.199186 0.090153 0.000000 0.995928 0.206019 0.555581
0.003611 0.277778 0.199967 0.018054 0.000000 0.999837 0.197378 0.555581
-0.010828 0.277778 0.199707 -0.054139 0.000000 0.998533 0.188353 0.555581
-0.025210 0.277778 0.198405 -0.126050 0.000000 0.992024 0.178990 0.555581
-0.039461 0.277778 0.196068 -0.197303 0.000000 0.980342 0.169340 0.555581
-0.053506 0.277778 0.192710 -0.267528 0.000000 0.963550 0.159452 0.555581
-0.067272 0.277778 0.188347 -0.336359 0.000000 0.941734 0.149378 0.555581
-0.080687 0.277778 0.183002 -0.403436 0.000000 0.915008 0.139170 0.555581
-0.093682 0.277778 0.176702 -0.468408 0.000000 0.883512 0.128881 0.555581
-0.106188 0.277778 0.169482 -0.530939 0.000000 0.847410 0.118566 0.555581
-0.118141 0.277778 0.161378 -0.590703 0.000000 0.806889 0.108277 0.555581
-0.129477 0.277778 0.152432 -0.647387 0.000000 0.762162 0.098069 0.555581
-0.140139 0.277778 0.142692 -0.700695 0.000000 0.713461 0.087995 0.555581
-0.150070 0.277778 0.132208 -0.750350 0.000000 0.661041 0.078107 0.555581
-0.159219 0.277778 0.121035 -0.796093 0.000000 0.605174 0.068457 0.555581
-0.167537 0.277778 0.109230 -0.837686 0.000000 0.546153 0.059095 0.555581
-0.174982 0.277778 0.096857 -0.874911 0.000000 0.484284 0.050070 0.555581
-0.181515 0.277778 0.083978 -0.907575 0.000000 0.419889 0.041429 0.555581
-0.187102 0.277778 0.070661 -0.935508 0.000000 0.353305 0.033217 0.555581
-0.191713 0.277778 0.056976 -0.958563 0.000000 0.284880 0.025476 0.555581
-0.195324 0.277778 0.042994 -0.976620 0.000000 0.214971 0.018248 0.555581
-0.197917 0.277778 0.028788 -0.989587 0.000000 0.143940 0.011570 0.555581
-0.199479 0.277778 0.014432 -0.997393 0.000000 0.072158 0.005477 0.555581
-0.200000 0.277778 -0.000000 -1.000000 0.000000 0.000000 0.000000 0.555581
-0.200000 0.333333 -0.000000 -1.000000 -0.000000 0.000000 0.435218 0.595266
-0.199479 0.333333 -0.014432 -0.997393 -0.000000 -0.072158 0.429741 0.595266
-0.197917 0.333333 -0.028788 -0.989586 -0.000000 -0.143940 0.423647 0.595266
-0.195324 0.333333 -0.042994 -0.976620 -0.000000 -0.214971 0.416969 0.595266
-0.191713 0.333333 -0.056976 -0.958563 -0.000000 -0.284880 0.409741 0.595266
-0.187102 0.333333 -0.070661 -0.935508 -0.000000 -0.353305 0.402001 0.595266
-0.181515 0.333333 -0.083978 -0.907575 -0.000000 -0.419889 0.393789 0.595266
-0.174982 0.333333 -0.096857 -0.874911 -0.000000 -0.484284 0.385148 0.595266
-0.167537 0.333333 -0.109231 -0.837685 -0.000000 -0.546153 0.376123 0.595266
-0.159219 0.333333 -0.121035 -0.796093 -0.000000 -0.605174 0.366761 0.595266
-0.150070 0.333333 -0.132208 -0.750350 -0.000000 -0.661041 0.357111 0.595266
-0.140139 0.333333 -0.142692 -0.700695 -0.000000 -0.713461 0.347223 0.595266
-0.129477 0.333333 -0.152432 -0.647387 -0.000000 -0.762162 0.337148 0.595266
-0.118141 0.333333 -0.161378 -0.590703 -0.000000 -0.806889 0.326940 0.595266
-0.106188 0.333333 -0.169482 -0.530939 -0.000000 -0.847410 0.316652 0.595266
-0.093682 0.333333 -0.176702 -0.468408 -0.000000 -0.883512 0.306336 0.595266
-0.080687 0.333333 -0.183002 -0.403436 -0.000000 -0.915008 0.296048 0.595266
-0.067272 0.333333 -0.188347 -0.336359 -0.000000 -0.941734 0.285840 0.595266
-0.053506 0.333333 -0.192710 -0.267528 -0.000000 -0.963550 0.275765 0.595266
-0.039461 0.333333 -0.196069 -0.197303 -0.000000 -0.980342 0.265877 0.595266
-0.025210 0.333333 -0.198405 -0.126050 -0.000000 -0.992024 0.256227 0.595266
-0.010828 0.333333 -0.199707 -0.054139 -0.000000 -0.998533 0.246865 0.595266
0.003611 0.333333 -0.199967 0.018054 -0.000000 -0.999837 0.237840 0.595266
0.018031 0.333333 -0.199186 0.090153 -0.000000 -0.995928 0.229199 0.595266
0.018031 0.333333 -0.199186 0.090153 -0.000000 -0.995928 0.804003 0.595266
0.032356 0.333333 -0.197365 0.161783 -0.000000 -0.986826 0.795790 0.595266
0.046513 0.333333 -0.194516 0.232567 -0.000000 -0.972580 0.787149 0.595266
0.060428 0.333333 -0.190653 0.302140 -0.000000 -0.953264 0.778124 0.595266
0.074028 0.333333 -0.185795 0.370138 -0.000000 -0.928977 0.768762 0.595266
0.087241 0.333333 -0.179969 0.436206 -0.000000 -0.899846 0.759112 0.595266
0.100000 0.333333 -0.173205 0.500000 -0.000000 -0.866025 0.749224 0.595266
0.112237 0.333333 -0.165538 0.561187 -0.000000 -0.827689 0.739150 0.595266
0.123890 0.333333 -0.157008 0.619449 -0.000000 -0.785037 0.728942 0.595266
0.134896 0.333333 -0.147659 0.674481 -0.000000 -0.738292 0.718653 0.595266
0.145199 0.333333 -0.137540 0.725995 -0.000000 -0.687700 0.708338 0.595266
0.154745 0.333333 -0.126704 0.773725 -0.000000 -0.633521 0.698049 0.595266
0.163484 0.333333 -0.115208 0.817422 -0.000000 -0.576039 0.687841 0.595266
0.171371 0.333333 -0.103111 0.856857 -0.000000 -0.515553 0.677767 0.595266
0.178365 0.333333 -0.090476 0.891825 -0.000000 -0.452381 0.667879 0.595266
0.184429 0.333333 -0.077370 0.922143 -0.000000 -0.386850 0.658229 0.595266
0.189531 0.333333 -0.063860 0.947653 -0.000000 -0.319302 0.648866 0.595266
0.193645 0.333333 -0.050018 0.968223 -0.000000 -0.250089 0.639841 0.595266
0.196749 0.333333 -0.035914 0.983745 -0.000000 -0.179572 0.631200 0.595266
0.196749 0.333333 -0.035914 0.983745 -0.000000 -0.179572 0.631200 0.595266
0.198828 0.333333 -0.021624 0.994138 -0.000000 -0.108118 0.622988 0.595266
0.199870 0.333333 -0.007221 0.999348 -0.000000 -0.036102 0.614347 0.595266
0.199870 0.333333 0.007220 0.999348 0.000000 0.036102 0.605322 0.595266
0.198828 0.333333 0.021624 0.994138 0.000000 0.108118 0.595960 0.595266
0.196749 0.333333 0.035914 0.983745 0.000000 0.179572 0.586310 0.595266
0.193645 0.333333 0.050018 0.968223 0.000000 0.250089 0.576422 0.595266
0.189531 0.333333 0.063860 0.947653 0.000000 0.319302 0.566347 0.595266
0.184429 0.333333 0.077370 0.922143 0.000000 0.386850 0.556139 0.595266
0.178365 0.333333 0.090476 0.891825 0.000000 0.452381 0.545851 0.595266
0.171371 0.333333 0.103111 0.856857 0.000000 0.515553 0.535535 0.595266
0.163484 0.333333 0.115208 0.817422 0.000000 0.576039 0.525247 0.595266
0.154745 0.333333 0.126704 0.773725 0.000000 0.633521 0.515039 0.595266
0.145199 0.333333 0.137540 0.725995 0.000000 0.687700 0.504964 0.595266
0.134896 0.333333 0.147659 0.674480 0.000000 0.738293 0.495076 0.595266
0.123890 0.333333 0.157007 0.619449 0.000000 0.785037 0.485426 0.595266
0.112237 0.333333 0.165538 0.561187 0.000000 0.827689 0.476064 0.595266
0.100000 0.333333 0.173205 0.500000 0.000000 0.866025 0.467039 0.595266
0.087241 0.333333 0.179969 0.436206 0.000000 0.899846 0.458398 0.595266
0.074028 0.333333 0.185795 0.370138 0.000000 0.928977 0.450186 0.595266
0.060428 0.333333 0.190653 0.302140 0.000000 0.953264 0.442446 0.595266
0.046513 0.333333 0.194516 0.232567 0.000000 0.972580 0.435218 0.595266
0.046513 0.333333 0.194516 0.232567 0.000000 0.972580 0.221971 0.595266
0.032356 0.333333 0.197365 0.161783 0.000000 0.986826 0.214231 0.595266
0.018031 0.333333 0.199186 0.090153 0.000000 0.995928 0.206019 0.595266
0.003611 0.333333 0.199967 0.018054 0.000000 0.999837 0.197378 0.595266
-0.010828 0.333333 0.199707 -0.054139 0.000000 0.998533 0.188353 0.595266
-0.025210 0.333333 0.198405 -0.126050 0.000000 0.992024 0.178990 0.595266
-0.039461 0.333333 0.196068 -0.197303 0.000000 0.980342 0.169340 0.595266
-0.053506 0.333333 0.192710 -0.267528 0.000000 0.963550 0.159452 0.595266
-0.067272 0.333333 0.188347 -0.336359 0.000000 0.941734 0.149378 0.595266
-0.080687 0.333333 0.183002 -0.403436 0.000000 0.915008 0.139170 0.595266
-0.093682 0.333333 0.176702 -0.468408 0.000000 0.883512 0.128881 0.595266
-0.106188 0.333333 0.169482 -0.530939 0.000000 0.847410 0.118566 0.595266
-0.118141 0.333333 0.161378 -0.590703 0.000000 0.806889 0.108277 0.595266
-0.129477 0.333333 0.152432 -0.647387 0.000000 0.762162 0.098069 0.595266
-0.140139 0.333333 0.142692 -0.700695 0.000000 0.713461 0.087995 0.595266
-0.150070 0.333333 0.132208 -0.750350 0.000000 0.661041 0.078107 0.595266
-0.159219 0.333333 0.121035 -0.796093 0.000000 0.605174 0.068457 0.595266
-0.167537 0.333333 0.109230 -0.837685 0.000000 0.546153 0.059095 0.595266
-0.174982 0.333333 0.096857 -0.874911 0.000000 0.484284 0.050070 0.595266
-0.181515 0.333333 0.083978 -0.907575 0.000000 0.419889 0.041429 0.595266
-0.187102 0.333333 0.070661 -0.935508 0.000000 0.353305 0.033217 0.595266
-0.191713 0.333333 0.056976 -0.958563 0.000000 0.284880 0.025476 0.595266
-0.195324 0.333333 0.042994 -0.976620 0.000000 0.214971 0.018248 0.595266
-0.197917 0.333333 0.028788 -0.989586 0.000000 0.143940 0.011570 0.595266
-0.199479 0.333333 0.014432 -0.997393 0.000000 0.072158 0.005477 0.595266
-0.200000 0.333333 -0.000000 -1.000000 -0.000000 0.000000 0.000000 0.595266
-0.200000 0.388889 -0.000000 -1.000000 0.000000 0.000000 0.435218 0.634950
-0.199479 0.388889 -0.014432 -0.997393 -0.000000 -0.072158 0.429741 0.634950
-0.197917 0.388889 -0.028788 -0.989587 -0.000000 -0.143940 0.423647 0.634950
-0.195324 0.388889 -0.042994 -0.976620 -0.000000 -0.214971 0.416969 0.634950
-0.191713 0.388889 -0.056976 -0.958563 -0.000000 -0.284880 0.409741 0.634950
-0.187102 0.388889 -0.070661 -0.935508 -0.000000 -0.353305 0.402001 0.634950
-0.181515 0.388889 -0.083978 -0.907575 -0.000000 -0.419889 0.393789 0.634950
-0.174982 0.388889 -0.096857 -0.874911 -0.000000 -0.484284 0.385148 0.634950
-0.167537 0.388889 -0.109231 -0.837685 -0.000000 -0.546153 0.376123 0.634950
-0.159219 0.388889 -0.121035 -0.796093 -0.000000 -0.605174 0.366761 0.634950
-0.150070 0.388889 -0.132208 -0.750350 -0.000000 -0.661041 0.357111 0.634950
-0.140139 0.388889 -0.142692 -0.700695 0.000000 -0.713461 0.347223 0.634950
-0.129477 0.388889 -0.152432 -0.647387 0.000000 -0.762162 0.337148 0.634950
-0.118141 0.388889 -0.161378 -0.590703 0.000000 -0.806889 0.326940 0.634950
-0.106188 0.388889 -0.169482 -0.530939 0.000000 -0.847410 0.316652 0.634950
-0.093682 0.388889 -0.176702 -0.468408 0.000000 -0.883512 0.306336 0.634950
-0.080687 0.388889 -0.183002 -0.403436 0.000000 -0.915008 0.296048 0.634950
-0.067272 0.388889 -0.188347 -0.336359 0.000000 -0.941734 0.285840 0.634950
-0.053506 0.388889 -0.192710 -0.267528 0.000000 -0.963550 0.275765 0.634950
-0.039461 0.388889 -0.196069 -0.197303 0.000000 -0.980342 0.265877 0.634950
-0.025210 0.388889 -0.198405 -0.126050 0.000000 -0.992024 0.256227 0.634950
-0.010828 0.388889 -0.199707 -0.054139 0.000000 -0.998533 0.246865 0.634950
0.003611 0.388889 -0.199967 0.018054 0.000000 -0.999837 0.237840 0.634950
0.018031 0.388889 -0.199186 0.090153 0.000000 -0.995928 0.229199 0.634950
0.018031 0.388889 -0.199186 0.090153 0.000000 -0.995928 0.804003 0.634950
0.032356 0.388889 -0.197365 0.161783 0.000000 -0.986826 0.795790 0.634950
0.046513 0.388889 -0.194516 0.232567 0.000000 -0.972580 0.787149 0.634950
0.060428 0.388889 -0.190653 0.302140 0.000000 -0.953264 0.778124 0.634950
0.074028 0.388889 -0.185795 0.370138 0.000000 -0.928977 0.768762 0.634950
0.087241 0.388889 -0.179969 0.436207 0.000000 -0.899846 0.759112 0.634950
0.100000 0.388889 -0.173205 0.500000 0.000000 -0.866025 0.749224 0.634950
0.112237 0.388889 -0.165538 0.561187 0.000000 -0.827689 0.739150 0.634950
0.123890 0.388889 -0.157008 0.619449 0.000000 -0.785037 0.728942 0.634950
0.134896 0.388889 -0.147659 0.674481 0.000000 -0.738292 0.718653 0.634950
0.145199 0.388889 -0.137540 0.725995 0.000000 -0.687700 0.708338 0.634950
0.154745 0.388889 -0.126704 0.773725 -0.000000 -0.633521 0.698049 0.634950
0.163484 0.388889 -0.115208 0.817422 -0.000000 -0.576039 0.687841 0.634950
0.171371 0.388889 -0.103111 0.856857 -0.000000 -0.515553 0.677767 0.634950
0.178365 0.388889 -0.090476 0.891825 -0.000000 -0.452381 0.667879 0.634950
0.184429 0.388889 -0.077370 0.922143 -0.000000 -0.386850 0.658229 0.634950
0.189531 0.388889 -0.063860 0.947653 -0.000000 -0.319302 0.648866 0.634950
0.193645 0.388889 -0.050018 0.968223 -0.000000 -0.250089 0.639841 0.634950
0.196749 0.388889 -0.035914 0.983745 -0.000000 -0.179572 0.631200 0.634950
0.196749 0.388889 -0.035914 0.983745 -0.000000 -0.179572 0.631200 0.634950
0.198828 0.388889 -0.021624 0.994138 -0.000000 -0.108118 0.622988 0.634950
0.199870 0.388889 -0.007221 0.999348 -0.000000 -0.036102 0.614347 0.634950
0.199870 0.388889 0.007220 0.999348 0.000000 0.036102 0.605322 0.634950
0.198828 0.388889 0.021624 0.994138 0.000000 0.108118 0.595960 0.634950
0.196749 0.388889 0.035914 0.983745 0.000000 0.179572 0.586310 0.634950
0.193645 0.388889 0.050018 0.968223 0.000000 0.250089 0.576422 0.634950
0.189531 0.388889 0.063860 0.947653 0.000000 0.319302 0.566347 0.634950
0.184429 0.388889 0.077370 0.922143 0.000000 0.386850 0.556139 0.634950
0.178365 0.388889 0.090476 0.891825 0.000000 0.452381 0.545851 0.634950
0.171371 0.388889 0.103111 0.856857 0.000000 0.515553 0.535535 0.634950
0.163484 0.388889 0.115208 0.817422 0.000000 0.576039 0.525247 0.634950
0.154745 0.388889 0.126704 0.773726 0.000000 0.633521 0.515039 0.634950
0.145199 0.388889 0.137540 0.725995 0.000000 0.687700 0.504964 0.634950
0.134896 0.388889 0.147659 0.674480 0.000000 0.738293 0.495076 0.634950
0.123890 0.388889 0.157007 0.619449 0.000000 0.785037 0.485426 0.634950
0.112237 0.388889 0.165538 0.561187 0.000000 0.827689 0.476064 0.634950
0.100000 0.388889 0.173205 0.500000 0.000000 0.866025 0.467039 0.634950
0.087241 0.388889 0.179969 0.436207 0.000000 0.899846 0.458398 0.634950
0.074028 0.388889 0.185795 0.370138 0.000000 0.928977 0.450186 0.634950
0.060428 0.388889 0.190653 0.302140 0.000000 0.953264 0.442446 0.634950
0.046513 0.388889 0.194516 0.232567 0.000000 0.972580 0.435218 0.634950
0.046513 0.388889 0.194516 0.232567 0.000000 0.972580 0.221971 0.634950
0.032356 0.388889 0.197365 0.161783 0.000000 0.986826 0.214231 0.634950
0.018031 0.388889 0.199186 0.090153 0.000000 0.995928 0.206019 0.634950
0.003611 0.388889 0.199967 0.018054 0.000000 0.999837 0.197378 0.634950
-0.010828 0.388889 0.199707 -0.054139 0.000000 0.998533 0.188353 0.634950
-0.025210 0.388889 0.198405 -0.126050 0.000000 0.992024 0.178990 0.634950
-0.039461 0.388889 0.196068 -0.197304 0.000000 0.980342 0.169340 0.634950
-0.053506 0.388889 0.192710 -0.267528 0.000000 0.963550 0.159452 0.634950
-0.067272 0.388889 0.188347 -0.336359 0.000000 0.941734 0.149378 0.634950
-0.080687 0.388889 0.183002 -0.403436 0.000000 0.915008 0.139170 0.634950
-0.093682 0.388889 0.176702 -0.468408 0.000000 0.883512 0.128881 0.634950
-0.106188 0.388889 0.169482 -0.530939 0.000000 0.847410 0.118566 0.634950
-0.118141 0.388889 0.161378 -0.590703 0.000000 0.806889 0.108277 0.634950
-0.129477 0.388889 0.152432 -0.647387 0.000000 0.762162 0.098069 0.634950
-0.140139 0.388889 0.142692 -0.700695 0.000000 0.713461 0.087995 0.634950
-0.150070 0.388889 0.132208 -0.750350 0.000000 0.661041 0.078107 0.634950
-0.159219 0.388889 0.121035 -0.796093 0.000000 0.605174 0.068457 0.634950
-0.167537 0.388889 0.109230 -0.837685 0.000000 0.546153 0.059095 0.634950
-0.174982 0.388889 0.096857 -0.874911 0.000000 0.484284 0.050070 0.634950
-0.181515 0.388889 0.083978 -0.907575 0.000000 0.419889 0.041429 0.634950
-0.187102 0.388889 0.070661 -0.935508 0.000000 0.353305 0.033217 0.634950
-0.191713 0.388889 0.056976 -0.958563 0.000000 0.284880 0.025476 0.634950
-0.195324 0.388889 0.042994 -0.976620 0.000000 0.214971 0.018248 0.634950
-0.197917 0.388889 0.028788 -0.989586 0.000000 0.143940 0.011570 0.634950
-0.199479 0.388889 0.014432 -0.997393 0.000000 0.072158 0.005477 0.634950
-0.200000 0.388889 -0.000000 -1.000000 0.000000 0.000000 0.000000 0.634950
-0.199479 -0.500000 -0.014432 -0.713189 -0.699070 -0.051596 0.458406 0.779134
0.199870 -0.500000 -0.007220 0.714586 -0.699071 -0.025815 0.705491 0.921788
-0.200000 -0.500000 0.000000 -0.715052 -0.699071 -0.000000 0.453088 0.787973
0.199870 -0.500000 0.007221 0.714586 -0.699071 0.025815 0.700495 0.930813
-0.199479 -0.500000 0.014432 -0.713189 -0.699070 0.051596 0.448422 0.797173
0.198828 -0.500000 0.021624 0.710861 -0.699070 0.077310 0.694862 0.939454
-0.197917 -0.500000 0.028788 -0.707606 -0.699071 0.102924 0.444431 0.806685
0.196749 -0.500000 0.035914 0.703429 -0.699071 0.128403 0.688619 0.947667
-0.195324 -0.500000 0.042994 -0.698336 -0.699069 0.153716 0.441138 0.816460
0.193645 -0.500000 0.050018 0.692331 -0.699070 0.178827 0.681800 0.955407
0.189531 -0.500000 0.063860 0.677622 -0.699071 0.228317 0.674440 0.962635
0.198828 -0.500000 -0.021624 0.710861 -0.699070 -0.077310 0.709822 0.912426
-0.197917 -0.500000 -0.028788 -0.707606 -0.699071 -0.102924 0.464349 0.770702
0.196749 -0.500000 -0.035914 0.703429 -0.699071 -0.128403 0.713467 0.902776
-0.195324 -0.500000 -0.042994 -0.698335 -0.699071 -0.153715 0.470884 0.762721
0.193645 -0.500000 -0.050018 0.692330 -0.699070 -0.178827 0.716406 0.892888
-0.191713 -0.500000 -0.056976 -0.685423 -0.699071 -0.203704 0.477978 0.755232
0.189531 -0.500000 -0.063860 0.677622 -0.699071 -0.228318 0.718623 0.882814
-0.187102 -0.500000 -0.070661 -0.668938 -0.699070 -0.252632 0.485593 0.748274
0.184429 -0.500000 -0.077370 0.659381 -0.699070 -0.276618 0.720108 0.872606
-0.181515 -0.500000 -0.083978 -0.648964 -0.699071 -0.300243 0.493691 0.741884
0.178365 -0.500000 -0.090476 0.637701 -0.699071 -0.323476 0.720852 0.862317
-0.174982 -0.500000 -0.096857 -0.625608 -0.699070 -0.346288 0.502229 0.736095
0.171371 -0.500000 -0.103111 0.612698 -0.699071 -0.368648 0.720852 0.852002
-0.167537 -0.500000 -0.109230 -0.598989 -0.699071 -0.390528 0.511163 0.730938
0.163484 -0.500000 -0.115208 0.584500 -0.699071 -0.411898 0.720108 0.841713
-0.159219 -0.500000 -0.121035 -0.569248 -0.699071 -0.432731 0.520445 0.726438
0.154745 -0.500000 -0.126704 0.553254 -0.699071 -0.453001 0.718623 0.831505
-0.150070 -0.500000 -0.132208 -0.536540 -0.699070 -0.472679 0.530028 0.722620
0.145199 -0.500000 -0.137540 0.519125 -0.699071 -0.491741 0.716406 0.821431
-0.140139 -0.500000 -0.142692 -0.501034 -0.699071 -0.510162 0.539861 0.719503
0.134896 -0.500000 -0.147659 0.482289 -0.699070 -0.527918 0.713467 0.811543
-0.129477 -0.500000 -0.152432 -0.462916 -0.699071 -0.544986 0.549894 0.717104
0.123890 -0.500000 -0.157007 0.442938 -0.699071 -0.561343 0.709822 0.801893
-0.118141 -0.500000 -0.161378 -0.422384 -0.699071 -0.576968 0.560073 0.715435
0.112237 -0.500000 -0.165538 0.401278 -0.699071 -0.591841 0.705491 0.792531
-0.106188 -0.500000 -0.169482 -0.379649 -0.699071 -0.605942 0.570347 0.714505
0.100000 -0.500000 -0.173205 0.357526 -0.699071 -0.619253 0.700495 0.783505
-0.093682 -0.500000 -0.176702 -0.334936 -0.699071 -0.631758 0.580661 0.714319
0.087241 -0.500000 -0.179969 0.311911 -0.699070 -0.643438 0.694862 0.774864
-0.080687 -0.500000 -0.183002 -0.288478 -0.699071 -0.654279 0.590961 0.714877
0.074028 -0.500000 -0.185795 0.264668 -0.699071 -0.664267 0.688619 0.766652
-0.067272 -0.500000 -0.188347 -0.240514 -0.699071 -0.673389 0.601194 0.716178
0.060428 -0.500000 -0.190653 0.216046 -0.699071 -0.681633 0.681800 0.758912
-0.053506 -0.500000 -0.192710 -0.191297 -0.699071 -0.688989 0.611307 0.718213
0.046513 -0.500000 -0.194516 0.166298 -0.699071 -0.695446 0.674440 0.751684
-0.039461 -0.500000 -0.196068 -0.141082 -0.699071 -0.700996 0.621246 0.720973
0.032356 -0.500000 -0.197365 0.115683 -0.699071 -0.705633 0.666578 0.745006
-0.025210 -0.500000 -0.198405 -0.090132 -0.699071 -0.709349 0.630961 0.724442
0.018031 -0.500000 -0.199186 0.064464 -0.699070 -0.712141 0.658255 0.738913
-0.010828 -0.500000 -0.199707 -0.038712 -0.699071 -0.714004 0.640400 0.728604
0.003611 -0.500000 -0.199967 0.012910 -0.699071 -0.714936 0.649513 0.733436
0.184429 -0.500000 0.077370 0.659381 -0.699070 0.276618 0.666578 0.969313
0.178365 -0.500000 0.090476 0.637701 -0.699071 0.323476 0.658255 0.975406
0.171371 -0.500000 0.103111 0.612698 -0.699070 0.368648 0.649513 0.980883
0.163484 -0.500000 0.115208 0.584500 -0.699071 0.411898 0.640400 0.985715
0.154745 -0.500000 0.126704 0.553255 -0.699070 0.453001 0.630961 0.989877
0.145199 -0.500000 0.137540 0.519125 -0.699071 0.491741 0.621247 0.993346
0.134896 -0.500000 0.147659 0.482289 -0.699070 0.527918 0.611307 0.996106
0.123890 -0.500000 0.157008 0.442938 -0.699070 0.561343 0.601194 0.998141
0.112237 -0.500000 0.165538 0.401278 -0.699070 0.591842 0.590961 0.999442
0.100000 -0.500000 0.173205 0.357526 -0.699070 0.619254 0.580661 1.000000
0.087241 -0.500000 0.179969 0.311911 -0.699070 0.643438 0.570347 0.999814
0.074028 -0.500000 0.185795 0.264668 -0.699070 0.664268 0.560074 0.998884
0.060428 -0.500000 0.190653 0.216046 -0.699071 0.681634 0.549894 0.997215
0.046513 -0.500000 0.194516 0.166298 -0.699071 0.695446 0.539862 0.994816
0.032356 -0.500000 0.197365 0.115683 -0.699071 0.705633 0.530028 0.991699
0.018031 -0.500000 0.199186 0.064464 -0.699070 0.712141 0.520445 0.987881
0.003611 -0.500000 0.199967 0.012910 -0.699071 0.714936 0.511163 0.983381
-0.010828 -0.500000 0.199707 -0.038712 -0.699070 0.714004 0.502230 0.978224
-0.025210 -0.500000 0.198405 -0.090132 -0.699070 0.709350 0.493692 0.972435
-0.039461 -0.500000 0.196069 -0.141082 -0.699071 0.700997 0.485594 0.966045
-0.053506 -0.500000 0.192710 -0.191297 -0.699070 0.688989 0.477978 0.959087
-0.067272 -0.500000 0.188347 -0.240514 -0.699070 0.673390 0.470884 0.951598
-0.080687 -0.500000 0.183002 -0.288478 -0.699071 0.654279 0.464349 0.943617
-0.093682 -0.500000 0.176702 -0.334936 -0.699071 0.631758 0.458407 0.935185
-0.106188 -0.500000 0.169482 -0.379650 -0.699070 0.605943 0.453088 0.926346
-0.118141 -0.500000 0.161378 -0.422384 -0.699071 0.576968 0.448422 0.917147
-0.129477 -0.500000 0.152432 -0.462916 -0.699070 0.544986 0.444431 0.907634
-0.140139 -0.500000 0.142692 -0.501034 -0.699071 0.510162 0.441138 0.897859
-0.150070 -0.500000 0.132208 -0.536540 -0.699070 0.472679 0.438558 0.887871
-0.159219 -0.500000 0.121035 -0.569249 -0.699071 0.432731 0.436705 0.877723
-0.167537 -0.500000 0.109231 -0.598989 -0.699070 0.390528 0.435590 0.867468
-0.174982 -0.500000 0.096857 -0.625608 -0.699070 0.346288 0.435218 0.857160
-0.181515 -0.500000 0.083978 -0.648964 -0.699071 0.300243 0.435590 0.846851
-0.187102 -0.500000 0.070661 -0.668937 -0.699071 0.252632 0.436705 0.836596
-0.191713 -0.500000 0.056976 -0.685423 -0.699070 0.203704 0.438558 0.826448
-0.199479 0.500000 0.014432 -0.713189 0.699070 0.051596 0.305327 0.999441
0.199870 0.500000 0.007220 0.714586 0.699071 0.025815 0.264260 0.717104
-0.200000 0.500000 -0.000000 -0.715052 0.699071 0.000000 0.315560 0.998141
0.199870 0.500000 -0.007221 0.714586 0.699071 -0.025815 0.274439 0.715435
-0.199479 0.500000 -0.014432 -0.713189 0.699070 -0.051596 0.325673 0.996106
0.198828 0.500000 -0.021624 0.710861 0.699070 -0.077310 0.284713 0.714505
-0.197917 0.500000 -0.028788 -0.707606 0.699071 -0.102924 0.335612 0.993346
0.196749 0.500000 -0.035914 0.703429 0.699071 -0.128403 0.295026 0.714319
-0.195324 0.500000 -0.042994 -0.698335 0.699071 -0.153715 0.345327 0.989877
0.193645 0.500000 -0.050018 0.692330 0.699071 -0.178827 0.305327 0.714877
-0.191713 0.500000 -0.056976 -0.685423 0.699071 -0.203704 0.354765 0.985715
0.189531 0.500000 -0.063860 0.677622 0.699071 -0.228317 0.315560 0.716178
-0.187102 0.500000 -0.070661 -0.668938 0.699070 -0.252632 0.363879 0.980883
0.184429 0.500000 -0.077370 0.659381 0.699070 -0.276618 0.325672 0.718213
-0.181515 0.500000 -0.083978 -0.648964 0.699071 -0.300243 0.372620 0.975406
0.178365 0.500000 -0.090476 0.637701 0.699071 -0.323476 0.335612 0.720973
-0.174982 0.500000 -0.096857 -0.625608 0.699070 -0.346288 0.380944 0.969313
0.171371 0.500000 -0.103111 0.612698 0.699071 -0.368648 0.345326 0.724442
-0.167537 0.500000 -0.109231 -0.598989 0.699071 -0.390528 0.388806 0.962635
0.163484 0.500000 -0.115208 0.584500 0.699071 -0.411898 0.354765 0.728604
-0.159219 0.500000 -0.121035 -0.569248 0.699071 -0.432731 0.396166 0.955407
0.154745 0.500000 -0.126704 0.553254 0.699071 -0.453001 0.363879 0.733436
-0.150070 0.500000 -0.132208 -0.536540 0.699070 -0.472679 0.402985 0.947667
0.145199 0.500000 -0.137540 0.519125 0.699071 -0.491741 0.372620 0.738913
-0.140139 0.500000 -0.142692 -0.501034 0.699071 -0.510162 0.409227 0.939454
0.134896 0.500000 -0.147659 0.482290 0.699070 -0.527918 0.380944 0.745006
-0.129477 0.500000 -0.152432 -0.462916 0.699071 -0.544986 0.414861 0.930813
0.123890 0.500000 -0.157008 0.442938 0.699071 -0.561343 0.388806 0.751684
-0.118141 0.500000 -0.161378 -0.422384 0.699071 -0.576968 0.419857 0.921788
0.112237 0.500000 -0.165538 0.401278 0.699071 -0.591841 0.396165 0.758912
-0.106188 0.500000 -0.169482 -0.379649 0.699071 -0.605943 0.424188 0.912426
0.100000 0.500000 -0.173205 0.357526 0.699071 -0.619254 0.402984 0.766652
-0.093682 0.500000 -0.176702 -0.334936 0.699070 -0.631758 0.427832 0.902776
0.087241 0.500000 -0.179969 0.311911 0.699070 -0.643438 0.409227 0.774864
-0.080687 0.500000 -0.183002 -0.288478 0.699071 -0.654279 0.430771 0.892888
0.074028 0.500000 -0.185795 0.264668 0.699071 -0.664267 0.414861 0.783505
-0.067272 0.500000 -0.188347 -0.240514 0.699071 -0.673389 0.432989 0.882814
0.060428 0.500000 -0.190653 0.216046 0.699071 -0.681634 0.419857 0.792530
-0.053506 0.500000 -0.192710 -0.191297 0.699071 -0.688989 0.434473 0.872606
0.046513 0.500000 -0.194516 0.166298 0.699071 -0.695446 0.424188 0.801893
-0.039461 0.500000 -0.196069 -0.141082 0.699071 -0.700997 0.435218 0.862317
0.032356 0.500000 -0.197365 0.115683 0.699071 -0.705633 0.427832 0.811543
-0.025210 0.500000 -0.198405 -0.090132 0.699070 -0.709350 0.435218 0.852002
0.018031 0.500000 -0.199186 0.064464 0.699070 -0.712142 0.430771 0.821431
-0.010828 0.500000 -0.199707 -0.038712 0.699070 -0.714004 0.434473 0.841713
0.003611 0.500000 -0.199967 0.012910 0.699070 -0.714936 0.432989 0.831505
0.198828 0.500000 0.021624 0.710861 0.699070 0.077310 0.254227 0.719503
-0.197917 0.500000 0.028788 -0.707606 0.699071 0.102924 0.295026 1.000000
0.196749 0.500000 0.035914 0.703429 0.699071 0.128403 0.244394 0.722620
-0.195324 0.500000 0.042994 -0.698333 0.699073 0.153715 0.284713 0.999814
0.193645 0.500000 0.050018 0.692331 0.699070 0.178827 0.234811 0.726438
0.189531 0.500000 0.063860 0.677622 0.699071 0.228317 0.225528 0.730938
0.184429 0.500000 0.077370 0.659381 0.699070 0.276618 0.216595 0.736095
0.178365 0.500000 0.090476 0.637701 0.699071 0.323476 0.208057 0.741884
0.171371 0.500000 0.103111 0.612698 0.699070 0.368648 0.199959 0.748274
0.163484 0.500000 0.115208 0.584500 0.699071 0.411898 0.192343 0.755232
0.154745 0.500000 0.126704 0.553254 0.699070 0.453001 0.185249 0.762721
0.145199 0.500000 0.137540 0.519125 0.699071 0.491741 0.178714 0.770702
0.134896 0.500000 0.147659 0.482289 0.699071 0.527918 0.172772 0.779134
0.123890 0.500000 0.157007 0.442938 0.699070 0.561343 0.167454 0.787973
0.112237 0.500000 0.165538 0.401278 0.699070 0.591841 0.162787 0.797173
0.100000 0.500000 0.173205 0.357526 0.699071 0.619254 0.158797 0.806685
0.087241 0.500000 0.179969 0.311911 0.699070 0.643438 0.155503 0.816460
0.074028 0.500000 0.185795 0.264668 0.699070 0.664268 0.152923 0.826448
0.060428 0.500000 0.190653 0.216046 0.699071 0.681634 0.151071 0.836596
0.046513 0.500000 0.194516 0.166298 0.699071 0.695446 0.149956 0.846851
0.032356 0.500000 0.197365 0.115683 0.699071 0.705633 0.149583 0.857159
0.018031 0.500000 0.199186 0.064464 0.699070 0.712141 0.149956 0.867468
0.003611 0.500000 0.199967 0.012910 0.699071 0.714936 0.151071 0.877723
-0.010828 0.500000 0.199707 -0.038712 0.699071 0.714004 0.152923 0.887871
-0.025210 0.500000 0.198405 -0.090132 0.699071 0.709349 0.155503 0.897859
-0.039461 0.500000 0.196068 -0.141082 0.699071 0.700996 0.158797 0.907634
-0.053506 0.500000 0.192710 -0.191297 0.699071 0.688989 0.162787 0.917146
-0.067272 0.500000 0.188347 -0.240514 0.699070 0.673389 0.167454 0.926346
-0.080687 0.500000 0.183002 -0.288478 0.699071 0.654279 0.172772 0.935185
-0.093682 0.500000 0.176702 -0.334936 0.699071 0.631758 0.178714 0.943617
-0.106188 0.500000 0.169482 -0.379650 0.699070 0.605943 0.185249 0.951598
-0.118141 0.500000 0.161378 -0.422384 0.699070 0.576968 0.192343 0.959087
-0.129477 0.500000 0.152432 -0.462916 0.699071 0.544986 0.199959 0.966045
-0.140139 0.500000 0.142692 -0.501034 0.699071 0.510162 0.208057 0.972435
-0.150070 0.500000 0.132208 -0.536540 0.699071 0.472679 0.216595 0.978224
-0.159219 0.500000 0.121035 -0.569249 0.699070 0.432732 0.225529 0.983381
-0.167537 0.500000 0.109230 -0.598989 0.699071 0.390528 0.234811 0.987881
-0.174982 0.500000 0.096857 -0.625608 0.699070 0.346288 0.244394 0.991699
-0.181515 0.500000 0.083978 -0.648964 0.699071 0.300243 0.254227 0.994816
-0.187102 0.500000 0.070661 -0.668937 0.699071 0.252632 0.264260 0.997215
-0.191713 0.500000 0.056976 -0.685423 0.699070 0.203704 0.274439 0.998884
3 0 1 2
3 2 1 3
3 4 5 6
3 6 5 7
3 6 7 8
3 8 7 9
3 8 9 10
3 10 9 11
3 10 11 12
3 12 11 13
3 12 13 14
3 14 13 15
3 14 15 16
3 16 15 17
3 16 17 18
3 18 17 19
3 18 19 20
3 20 19 21
3 20 21 22
3 22 21 23
3 22 23 24
3 24 23 25
3 24 25 26
3 26 25 27
3 26 27 28
3 28 27 29
3 28 29 30
3 30 29 31
3 30 31 32
3 32 31 33
3 32 33 34
3 34 33 35
3 34 35 36
3 36 35 37
3 36 37 38
3 38 37 39
3 38 39 40
3 40 39 41
3 40 41 42
3 42 41 43
3 42 43 44
3 44 43 45
3 44 45 46
3 46 45 47
3 46 47 48
3 48 47 49
3 48 49 50
3 50 49 51
3 52 53 54
3 54 53 55
3 54 55 56
3 56 55 57
3 56 57 58
3 58 57 59
3 58 59 60
3 60 59 61
3 60 61 62
3 62 61 63
3 62 63 64
3 64 63 65
3 64 65 66
3 66 65 67
3 66 67 68
3 68 67 69
3 68 69 70
3 70 69 71
3 70 71 72
3 72 71 73
3 72 73 74
3 74 73 75
3 74 75 76
3 76 75 77
3 76 77 78
3 78 77 79
3 78 79 80
3 80 79 81
3 80 81 82
3 82 81 83
3 82 83 84
3 84 83 85
3 84 85 86
3 86 85 87
3 86 87 88
3 88 87 89
3 90 91 92
3 92 91 93
3 92 93 94
3 94 93 95
3 94 95 96
3 96 95 97
3 96 97 98
3 98 97 99
3 98 99 100
3 100 99 101
3 100 101 102
3 102 101 103
3 102 103 104
3 104 103 105
3 104 105 106
3 106 105 107
3 106 107 108
3 108 107 109
3 108 109 110
3 110 109 111
3 110 111 112
3 112 111 113
3 112 113 114
3 114 113 115
3 114 115 116
3 116 115 117
3 116 117 118
3 118 117 119
3 118 119 120
3 120 119 121
3 120 121 122
3 122 121 123
3 122 123 124
3 124 123 125
3 124 125 126
3 126 125 127
3 126 127 128
3 128 127 129
3 128 129 130
3 130 129 131
3 130 131 132
3 132 131 133
3 134 135 136
3 136 135 137
3 136 137 138
3 138 137 139
3 138 139 140
3 140 139 141
3 140 141 142
3 142 141 143
3 142 143 144
3 144 143 145
3 144 145 146
3 146 145 147
3 146 147 148
3 148 147 149
3 148 149 150
3 150 149 151
3 150 151 152
3 152 151 153
3 152 153 154
3 154 153 155
3 154 155 156
3 156 155 157
3 156 157 158
3 158 157 159
3 158 159 160
3 160 159 161
3 160 161 162
3 162 161 163
3 162 163 164
3 164 163 165
3 164 165 166
3 166 165 167
3 166 167 168
3 168 167 169
3 168 169 170
3 170 169 171
3 170 171 172
3 172 171 173
3 172 173 174
3 174 173 175
3 174 175 176
3 176 175 177
3 176 177 178
3 178 177 179
3 178 179 180
3 180 179 181
3 180 181 0
3 0 181 1
3 182 183 184
3 184 183 185
3 186 187 188
3 188 187 189
3 188 189 190
3 190 189 191
3 190 191 192
3 192 191 193
3 192 193 194
3 194 193 195
3 194 195 196
3 196 195 197
3 196 197 198
3 198 197 199
3 198 199 200
3 200 199 201
3 200 201 202
3 202 201 203
3 202 203 204
3 204 203 205
3 204 205 206
3 206 205 207
3 206 207 208
3 208 207 209
3 208 209 210
3 210 209 211
3 210 211 212
3 212 211 213
3 212 213 214
3 214 213 215
3 214 215 216
3 216 215 217
3 216 217 218
3 218 217 219
3 218 219 220
3 220 219 221
3 220 221 222
3 222 221 223
3 222 223 224
3 224 223 225
3 224 225 226
3 226 225 227
3 226 227 228
3 228 227 229
3 228 229 230
3 230 229 231
3 230 231 232
3 232 231 233
3 232 233 234
3 234 233 235
3 234 235 236
3 236 235 237
3 238 239 240
3 240 239 241
3 240 241 242
3 242 241 243
3 242 243 244
3 244 243 245
3 244 245 246
3 246 245 247
3 246 247 248
3 248 247 249
3 248 249 250
3 250 249 251
3 250 251 252
3 252 251 253
3 252 253 254
3 254 253 255
3 254 255 256
3 256 255 257
3 256 257 258
3 258 257 259
3 258 259 260
3 260 259 261
3 260 261 262
3 262 261 263
3 262 263 264
3 264 263 265
3 264 265 266
3 266 265 267
3 266 267 268
3 268 267 269
3 268 269 270
3 270 269 271
3 270 271 272
3 272 271 273
3 272 273 274
3 274 273 275
3 274 275 276
3 276 275 277
3 276 277 278
3 278 277 279
3 278 279 280
3 280 279 281
3 282 283 284
3 284 283 285
3 284 285 286
3 286 285 287
3 286 287 288
3 288 287 289
3 288 289 290
3 290 289 291
3 290 291 292
3 292 291 293
3 292 293 294
3 294 293 295
3 294 295 296
3 296 295 297
3 296 297 298
3 298 297 299
3 298 299 300
3 300 299 301
3 300 301 302
3 302 301 303
3 302 303 304
3 304 303 305
3 304 305 306
3 306 305 307
3 306 307 308
3 308 307 309
3 308 309 310
3 310 309 311
3 310 311 312
3 312 311 313
3 312 313 314
3 314 313 315
3 314 315 316
3 316 315 317
3 316 317 318
3 318 317 319
3 320 321 322
3 322 321 323
3 322 323 324
3 324 323 325
3 324 325 326
3 326 325 327
3 326 327 328
3 328 327 329
3 328 329 330
3 330 329 331
3 330 331 332
3 332 331 333
3 332 333 334
3 334 333 335
3 334 335 336
3 336 335 337
3 336 337 338
3 338 337 339
3 338 339 340
3 340 339 341
3 340 341 342
3 342 341 343
3 342 343 344
3 344 343 345
3 344 345 346
3 346 345 347
3 346 347 348
3 348 347 349
3 348 349 350
3 350 349 351
3 350 351 352
3 352 351 353
3 352 353 354
3 354 353 355
3 354 355 356
3 356 355 357
3 356 357 358
3 358 357 359
3 358 359 360
3 360 359 361
3 360 361 362
3 362 361 363
3 362 363 182
3 182 363 183
3 5 364 7
3 7 364 365
3 7 365 9
3 9 365 366
3 9 366 11
3 11 366 367
3 11 367 13
3 13 367 368
3 13 368 15
3 15 368 369
3 15 369 17
3 17 369 370
3 17 370 19
3 19 370 371
3 19 371 21
3 21 371 372
3 21 372 23
3 23 372 373
3 23 373 25
3 25 373 374
3 25 374 27
3 27 374 375
3 27 375 29
3 29 375 376
3 29 376 31
3 31 376 377
3 31 377 33
3 33 377 378
3 33 378 35
3 35 378 379
3 35 379 37
3 37 379 380
3 37 380 39
3 39 380 381
3 39 381 41
3 41 381 382
3 41 382 43
3 43 382 383
3 43 383 45
3 45 383 384
3 45 384 47
3 47 384 385
3 47 385 49
3 49 385 386
3 49 386 51
3 51 386 387
3 53 388 55
3 55 388 389
3 55 389 57
3 57 389 390
3 57 390 59
3 59 390 391
3 59 391 61
3 61 391 392
3 61 392 63
3 63 392 393
3 63 393 65
3 65 393 394
3 65 394 67
3 67 394 395
3 67 395 69
3 69 395 396
3 69 396 71
3 71 396 397
3 71 397 73
3 73 397 398
3 73 398 75
3 75 398 399
3 75 399 77
3 77 399 400
3 77 400 79
3 79 400 401
3 79 401 81
3 81 401 402
3 81 402 83
3 83 402 403
3 83 403 85
3 85 403 404
3 85 404 87
3 87 404 405
3 87 405 89
3 89 405 406
3 91 407 93
3 93 407 408
3 93 408 95
3 95 408 409
3 95 409 97
3 97 409 410
3 97 410 99
3 99 410 411
3 99 411 101
3 101 411 412
3 101 412 103
3 103 412 413
3 103 413 105
3 105 413 414
3 105 414 107
3 107 414 415
3 107 415 109
3 109 415 416
3 109 416 111
3 111 416 417
3 111 417 113
3 113 417 418
3 113 418 115
3 115 418 419
3 115 419 117
3 117 419 420
3 117 420 119
3 119 420 421
3 119 421 121
3 121 421 422
3 121 422 123
3 123 422 423
3 123 423 125
3 125 423 424
3 125 424 127
3 127 424 425
3 127 425 129
3 129 425 426
3 129 426 131
3 131 426 427
3 131 427 133
3 133 427 428
3 135 429 137
3 137 429 430
3 137 430 139
3 139 430 431
3 139 431 141
3 141 431 432
3 141 432 143
3 143 432 433
3 143 433 145
3 145 433 434
3 145 434 147
3 147 434 435
3 147 435 149
3 149 435 436
3 149 436 151
3 151 436 437
3 151 437 153
3 153 437 438
3 153 438 155
3 155 438 439
3 155 439 157
3 157 439 440
3 157 440 159
3 159 440 441
3 159 441 161
3 161 441 442
3 161 442 163
3 163 442 443
3 163 443 165
3 165 443 444
3 165 444 167
3 167 444 445
3 167 445 169
3 169 445 446
3 169 446 171
3 171 446 447
3 171 447 173
3 173 447 448
3 173 448 175
3 175 448 449
3 175 449 177
3 177 449 450
3 177 450 179
3 179 450 451
3 179 451 181
3 181 451 452
3 181 452 1
3 1 452 453
3 1 453 3
3 3 453 454
3 364 455 365
3 365 455 456
3 365 456 366
3 366 456 457
3 366 457 367
3 367 457 458
3 367 458 368
3 368 458 459
3 368 459 369
3 369 459 460
3 369 460 370
3 370 460 461
3 370 461 371
3 371 461 462
3 371 462 372
3 372 462 463
3 372 463 373
3 373 463 464
3 373 464 374
3 374 464 465
3 374 465 375
3 375 465 466
3 375 466 376
3 376 466 467
3 376 467 377
3 377 467 468
3 377 468 378
3 378 468 469
3 378 469 379
3 379 469 470
3 379 470 380
3 380 470 471
3 380 471 381
3 381 471 472
3 381 472 382
3 382 472 473
3 382 473 383
3 383 473 474
3 383 474 384
3 384 474 475
3 384 475 385
3 385 475 476
3 385 476 386
3 386 476 477
3 386 477 387
3 387 477 478
3 388 479 389
3 389 479 480
3 389 480 390
3 390 480 481
3 390 481 391
3 391 481 482
3 391 482 392
3 392 482 483
3 392 483 393
3 393 483 484
3 393 484 394
3 394 484 485
3 394 485 395
3 395 485 486
3 395 486 396
3 396 486 487
3 396 487 397
3 397 487 488
3 397 488 398
3 398 488 489
3 398 489 399
3 399 489 490
3 399 490 400
3 400 490 491
3 400 491 401
3 401 491 492
3 401 492 402
3 402 492 493
3 402 493 403
3 403 493 494
3 403 494 404
3 404 494 495
3 404 495 405
3 405 495 496
3 405 496 406
3 406 496 497
3 407 498 408
3 408 498 499
3 408 499 409
3 409 499 500
3 409 500 410
3 410 500 501
3 410 501 411
3 411 501 502
3 411 502 412
3 412 502 503
3 412 503 413
3 413 503 504
3 413 504 414
3 414 504 505
3 414 505 415
3 415 505 506
3 415 506 416
3 416 506 507
3 416 507 417
3 417 507 508
3 417 508 418
3 418 508 509
3 418 509 419
3 419 509 510
3 419 510 420
3 420 510 511
3 420 511 421
3 421 511 512
3 421 512 422
3 422 512 513
3 422 513 423
3 423 513 514
3 423 514 424
3 424 514 515
3 424 515 425
3 425 515 516
3 425 516 426
3 426 516 517
3 426 517 427
3 427 517 518
3 427 518 428
3 428 518 519
3 429 520 430
3 430 520 521
3 430 521 431
3 431 521 522
3 431 522 432
3 432 522 523
3 432 523 433
3 433 523 524
3 433 524 434
3 434 524 525
3 434 525 435
3 435 525 526
3 435 526 436
3 436 526 527
3 436 527 437
3 437 527 528
3 437 528 438
3 438 528 529
3 438 529 439
3 439 529 530
3 439 530 440
3 440 530 531
3 440 531 441
3 441 531 532
3 441 532 442
3 442 532 533
3 442 533 443
3 443 533 534
3 443 534 444
3 444 534 535
3 444 535 445
3 445 535 536
3 445 536 446
3 446 536 537
3 446 537 447
3 447 537 538
3 447 538 448
3 448 538 539
3 448 539 449
3 449 539 540
3 449 540 450
3 450 540 541
3 450 541 451
3 451 541 542
3 451 542 452
3 452 542 543
3 452 543 453
3 453 543 544
3 453 544 454
3 454 544 545
3 455 546 456
3 456 546 547
3 456 547 457
3 457 547 548
3 457 548 458
3 458 548 549
3 458 549 459
3 459 549 550
3 459 550 460
3 460 550 551
3 460 551 461
3 461 551 552
3 461 552 462
3 462 552 553
3 462 553 463
3 463 553 554
3 463 554 464
3 464 554 555
3 464 555 465
3 465 555 556
3 465 556 466
3 466 556 557
3 466 557 467
3 467 557 558
3 467 558 468
3 468 558 559
3 468 559 469
3 469 559 560
3 469 560 470
3 470 560 561
3 470 561 471
3 471 561 562
3 471 562 472
3 472 562 563
3 472 563 473
3 473 563 564
3 473 564 474
3 474 564 565
3 474 565 475
3 475 565 566
3 475 566 476
3 476 566 567
3 476 567 477
3 477 567 568
3 477 568 478
3 478 568 569
3 479 570 480
3 480 570 571
3 480 571 481
3 481 571 572
3 481 572 482
3 482 572 573
3 482 573 483
3 483 573 574
3 483 574 484
3 484 574 575
3 484 575 485
3 485 575 576
3 485 576 486
3 486 576 577
3 486 577 487
3 487 577 578
3 487 578 488
3 488 578 579
3 488 579 489
3 489 579 580
3 489 580 490
3 490 580 581
3 490 581 491
3 491 581 582
3 491 582 492
3 492 582 583
3 492 583 493
3 493 583 584
3 493 584 494
3 494 584 585
3 494 585 495
3 495 585 586
3 495 586 496
3 496 586 587
3 496 587 497
3 497 587 588
3 498 589 499
3 499 589 590
3 499 590 500
3 500 590 591
3 500 591 501
3 501 591 592
3 501 592 502
3 502 592 593
3 502 593 503
3 503 593 594
3 503 594 504
3 504 594 595
3 504 595 505
3 505 595 596
3 505 596 506
3 506 596 597
3 506 597 507
3 507 597 598
3 507 598 508
3 508 598 599
3 508 599 509
3 509 599 600
3 509 600 510
3 510 600 601
3 510 601 511
3 511 601 602
3 511 602 512
3 512 602 603
3 512 603 513
3 513 603 604
3 513 604 514
3 514 604 605
3 514 605 515
3 515 605 606
3 515 606 516
3 516 606 607
3 516 607 517
3 517 607 608
3 517 608 518
3 518 608 609
3 518 609 519
3 519 609 610
3 520 611 521
3 521 611 612
3 521 612 522
3 522 612 613
3 522 613 523
3 523 613 614
3 523 614 524
3 524 614 615
3 524 615 525
3 525 615 616
3 525 616 526
3 526 616 617
3 526 617 527
3 527 617 618
3 527 618 528
3 528 618 619
3 528 619 529
3 529 619 620
3 529 620 530
3 530 620 621
3 530 621 531
3 531 621 622
3 531 622 532
3 532 622 623
3 532 623 533
3 533 623 624
3 533 624 534
3 534 624 625
3 534 625 535
3 535 625 626
3 535 626 536
3 536 626 627
3 536 627 537
3 537 627 628
3 537 628 538
3 538 628 629
3 538 629 539
3 539 629 630
3 539 630 540
3 540 630 631
3 540 631 541
3 541 631 632
3 541 632 542
3 542 632 633
3 542 633 543
3 543 633 634
3 543 634 544
3 544 634 635
3 544 635 545
3 545 635 636
3 546 637 547
3 547 637 638
3 547 638 548
3 548 638 639
3 548 639 549
3 549 639 640
3 549 640 550
3 550 640 641
3 550 641 551
3 551 641 642
3 551 642 552
3 552 642 643
3 552 643 553
3 553 643 644
3 553 644 554
3 554 644 645
3 554 645 555
3 555 645 646
3 555 646 556
3 556 646 647
3 556 647 557
3 557 647 648
3 557 648 558
3 558 648 649
3 558 649 559
3 559 649 650
3 559 650 560
3 560 650 651
3 560 651 561
3 561 651 652
3 561 652 562
3 562 652 653
3 562 653 563
3 563 653 654
3 563 654 564
3 564 654 655
3 564 655 565
3 565 655 656
3 565 656 566
3 566 656 657
3 566 657 567
3 567 657 658
3 567 658 568
3 568 658 659
3 568 659 569
3 569 659 660
3 570 661 571
3 571 661 662
3 571 662 572
3 572 662 663
3 572 663 573
3 573 663 664
3 573 664 574
3 574 664 665
3 574 665 575
3 575 665 666
3 575 666 576
3 576 666 667
3 576 667 577
3 577 667 668
3 577 668 578
3 578 668 669
3 578 669 579
3 579 669 670
3 579 670 580
3 580 670 671
3 580 671 581
3 581 671 672
3 581 672 582
3 582 672 673
3 582 673 583
3 583 673 674
3 583 674 584
3 584 674 675
3 584 675 585
3 585 675 676
3 585 676 586
3 586 676 677
3 586 677 587
3 587 677 678
3 587 678 588
3 588 678 679
3 589 680 590
3 590 680 681
3 590 681 591
3 591 681 682
3 591 682 592
3 592 682 683
3 592 683 593
3 593 683 684
3 593 684 594
3 594 684 685
3 594 685 595
3 595 685 686
3 595 686 596
3 596 686 687
3 596 687 597
3 597 687 688
3 597 688 598
3 598 688 689
3 598 689 599
3 599 689 690
3 599 690 600
3 600 690 691
3 600 691 601
3 601 691 692
3 601 692 602
3 602 692 693
3 602 693 603
3 603 693 694
3 603 694 604
3 604 694 695
3 604 695 605
3 605 695 696
3 605 696 606
3 606 696 697
3 606 697 607
3 607 697 698
3 607 698 608
3 608 698 699
3 608 699 609
3 609 699 700
3 609 700 610
3 610 700 701
3 611 702 612
3 612 702 703
3 612 703 613
3 613 703 704
3 613 704 614
3 614 704 705
3 614 705 615
3 615 705 706
3 615 706 616
3 616 706 707
3 616 707 617
3 617 707 708
3 617 708 618
3 618 708 709
3 618 709 619
3 619 709 710
3 619 710 620
3 620 710 711
3 620 711 621
3 621 711 712
3 621 712 622
3 622 712 713
3 622 713 623
3 623 713 714
3 623 714 624
3 624 714 715
3 624 715 625
3 625 715 716
3 625 716 626
3 626 716 717
3 626 717 627
3 627 717 718
3 627 718 628
3 628 718 719
3 628 719 629
3 629 719 720
3 629 720 630
3 630 720 721
3 630 721 631
3 631 721 722
3 631 722 632
3 632 722 723
3 632 723 633
3 633 723 724
3 633 724 634
3 634 724 725
3 634 725 635
3 635 725 726
3 635 726 636
3 636 726 727
3 637 728 638
3 638 728 729
3 638 729 639
3 639 729 730
3 639 730 640
3 640 730 731
3 640 731 641
3 641 731 732
3 641 732 642
3 642 732 733
3 642 733 643
3 643 733 734
3 643 734 644
3 644 734 735
3 644 735 645
3 645 735 736
3 645 736 646
3 646 736 737
3 646 737 647
3 647 737 738
3 647 738 648
3 648 738 739
3 648 739 649
3 649 739 740
3 649 740 650
3 650 740 741
3 650 741 651
3 651 741 742
3 651 742 652
3 652 742 743
3 652 743 653
3 653 743 744
3 653 744 654
3 654 744 745
3 654 745 655
3 655 745 746
3 655 746 656
3 656 746 747
3 656 747 657
3 657 747 748
3 657 748 658
3 658 748 749
3 658 749 659
3 659 749 750
3 659 750 660
3 660 750 751
3 661 752 662
3 662 752 753
3 662 753 663
3 663 753 754
3 663 754 664
3 664 754 755
3 664 755 665
3 665 755 756
3 665 756 666
3 666 756 757
3 666 757 667
3 667 757 758
3 667 758 668
3 668 758 759
3 668 759 669
3 669 759 760
3 669 760 670
3 670 760 761
3 670 761 671
3 671 761 762
3 671 762 672
3 672 762 763
3 672 763 673
3 673 763 764
3 673 764 674
3 674 764 765
3 674 765 675
3 675 765 766
3 675 766 676
3 676 766 767
3 676 767 677
3 677 767 768
3 677 768 678
3 678 768 769
3 678 769 679
3 679 769 770
3 680 771 681
3 681 771 772
3 681 772 682
3 682 772 773
3 682 773 683
3 683 773 774
3 683 774 684
3 684 774 775
3 684 775 685
3 685 775 776
3 685 776 686
3 686 776 777
3 686 777 687
3 687 777 778
3 687 778 688
3 688 778 779
3 688 779 689
3 689 779 780
3 689 780 690
3 690 780 781
3 690 781 691
3 691 781 782
3 691 782 692
3 692 782 783
3 692 783 693
3 693 783 784
3 693 784 694
3 694 784 785
3 694 785 695
3 695 785 786
3 695 786 696
3 696 786 787
3 696 787 697
3 697 787 788
3 697 788 698
3 698 788 789
3 698 789 699
3 699 789 790
3 699 790 700
3 700 790 791
3 700 791 701
3 701 791 792
3 702 793 703
3 703 793 794
3 703 794 704
3 704 794 795
3 704 795 705
3 705 795 796
3 705 796 706
3 706 796 797
3 706 797 707
3 707 797 798
3 707 798 708
3 708 798 799
3 708 799 709
3 709 799 800
3 709 800 710
3 710 800 801
3 710 801 711
3 711 801 802
3 711 802 712
3 712 802 803
3 712 803 713
3 713 803 804
3 713 804 714
3 714 804 805
3 714 805 715
3 715 805 806
3 715 806 716
3 716 806 807
3 716 807 717
3 717 807 808
3 717 808 718
3 718 808 809
3 718 809 719
3 719 809 810
3 719 810 720
3 720 810 811
3 720 811 721
3 721 811 812
3 721 812 722
3 722 812 813
3 722 813 723
3 723 813 814
3 723 814 724
3 724 814 815
3 724 815 725
3 725 815 816
3 725 816 726
3 726 816 817
3 726 817 727
3 727 817 818
3 728 819 729
3 729 819 820
3 729 820 730
3 730 820 821
3 730 821 731
3 731 821 822
3 731 822 732
3 732 822 823
3 732 823 733
3 733 823 824
3 733 824 734
3 734 824 825
3 734 825 735
3 735 825 826
3 735 826 736
3 736 826 827
3 736 827 737
3 737 827 828
3 737 828 738
3 738 828 829
3 738 829 739
3 739 829 830
3 739 830 740
3 740 830 831
3 740 831 741
3 741 831 832
3 741 832 742
3 742 832 833
3 742 833 743
3 743 833 834
3 743 834 744
3 744 834 835
3 744 835 745
3 745 835 836
3 745 836 746
3 746 836 837
3 746 837 747
3 747 837 838
3 747 838 748
3 748 838 839
3 748 839 749
3 749 839 840
3 749 840 750
3 750 840 841
3 750 841 751
3 751 841 842
3 752 843 753
3 753 843 844
3 753 844 754
3 754 844 845
3 754 845 755
3 755 845 846
3 755 846 756
3 756 846 847
3 756 847 757
3 757 847 848
3 757 848 758
3 758 848 849
3 758 849 759
3 759 849 850
3 759 850 760
3 760 850 851
3 760 851 761
3 761 851 852
3 761 852 762
3 762 852 853
3 762 853 763
3 763 853 854
3 763 854 764
3 764 854 855
3 764 855 765
3 765 855 856
3 765 856 766
3 766 856 857
3 766 857 767
3 767 857 858
3 767 858 768
3 768 858 859
3 768 859 769
3 769 859 860
3 769 860 770
3 770 860 861
3 771 862 772
3 772 862 863
3 772 863 773
3 773 863 864
3 773 864 774
3 774 864 865
3 774 865 775
3 775 865 866
3 775 866 776
3 776 866 867
3 776 867 777
3 777 867 868
3 777 868 778
3 778 868 869
3 778 869 779
3 779 869 870
3 779 870 780
3 780 870 871
3 780 871 781
3 781 871 872
3 781 872 782
3 782 872 873
3 782 873 783
3 783 873 874
3 783 874 784
3 784 874 875
3 784 875 785
3 785 875 876
3 785 876 786
3 786 876 877
3 786 877 787
3 787 877 878
3 787 878 788
3 788 878 879
3 788 879 789
3 789 879 880
3 789 880 790
3 790 880 881
3 790 881 791
3 791 881 882
3 883 884 793
3 793 884 885
3 793 885 794
3 794 885 886
3 794 886 795
3 795 886 887
3 795 887 796
3 796 887 888
3 796 888 797
3 797 888 889
3 797 889 798
3 798 889 890
3 798 890 799
3 799 890 891
3 799 891 800
3 800 891 892
3 800 892 801
3 801 892 893
3 801 893 802
3 802 893 894
3 802 894 803
3 803 894 895
3 803 895 804
3 804 895 896
3 804 896 805
3 805 896 897
3 805 897 806
3 806 897 898
3 806 898 807
3 807 898 899
3 807 899 808
3 808 899 900
3 808 900 809
3 809 900 901
3 809 901 810
3 810 901 902
3 810 902 811
3 811 902 903
3 811 903 812
3 812 903 904
3 812 904 813
3 813 904 905
3 813 905 814
3 814 905 906
3 814 906 815
3 815 906 907
3 815 907 816
3 816 907 908
3 816 908 817
3 817 908 909
3 817 909 818
3 818 909 910
3 819 911 820
3 820 911 912
3 820 912 821
3 821 912 913
3 821 913 822
3 822 913 914
3 822 914 823
3 823 914 915
3 823 915 824
3 824 915 916
3 824 916 825
3 825 916 917
3 825 917 826
3 826 917 918
3 826 918 827
3 827 918 919
3 827 919 828
3 828 919 920
3 828 920 829
3 829 920 921
3 829 921 830
3 830 921 922
3 830 922 831
3 831 922 923
3 831 923 832
3 832 923 924
3 832 924 833
3 833 924 925
3 833 925 834
3 834 925 926
3 834 926 835
3 835 926 927
3 835 927 836
3 836 927 928
3 836 928 837
3 837 928 929
3 837 929 838
3 838 929 930
3 838 930 839
3 839 930 931
3 839 931 840
3 840 931 932
3 840 932 841
3 841 932 933
3 841 933 842
3 842 933 934
3 843 935 844
3 844 935 936
3 844 936 845
3 845 936 937
3 845 937 846
3 846 937 938
3 846 938 847
3 847 938 939
3 847 939 848
3 848 939 940
3 848 940 849
3 849 940 941
3 849 941 850
3 850 941 942
3 850 942 851
3 851 942 943
3 851 943 852
3 852 943 944
3 852 944 853
3 853 944 945
3 853 945 854
3 854 945 946
3 854 946 855
3 855 946 947
3 855 947 856
3 856 947 948
3 856 948 857
3 857 948 949
3 857 949 858
3 858 949 950
3 858 950 859
3 859 950 951
3 859 951 860
3 860 951 952
3 860 952 861
3 861 952 953
3 862 954 863
3 863 954 955
3 863 955 864
3 864 955 956
3 864 956 865
3 865 956 957
3 865 957 866
3 866 957 958
3 866 958 867
3 867 958 959
3 867 959 868
3 868 959 960
3 868 960 869
3 869 960 961
3 869 961 870
3 870 961 962
3 870 962 871
3 871 962 963
3 871 963 872
3 872 963 964
3 872 964 873
3 873 964 965
3 873 965 874
3 874 965 966
3 874 966 875
3 875 966 967
3 875 967 876
3 876 967 968
3 876 968 877
3 877 968 969
3 877 969 878
3 878 969 970
3 878 970 879
3 879 970 971
3 879 971 880
3 880 971 972
3 880 972 881
3 881 972 973
3 881 973 882
3 882 973 974
3 884 975 885
3 885 975 976
3 885 976 886
3 886 976 977
3 886 977 887
3 887 977 978
3 887 978 888
3 888 978 979
3 888 979 889
3 889 979 980
3 889 980 890
3 890 980 981
3 890 981 891
3 891 981 982
3 891 982 892
3 892 982 983
3 892 983 893
3 893 983 984
3 893 984 894
3 894 984 985
3 894 985 895
3 895 985 986
3 895 986 896
3 896 986 987
3 896 987 897
3 897 987 988
3 897 988 898
3 898 988 989
3 898 989 899
3 899 989 990
3 899 990 900
3 900 990 991
3 900 991 901
3 901 991 992
3 901 992 902
3 902 992 993
3 902 993 903
3 903 993 994
3 903 994 904
3 904 994 995
3 904 995 905
3 905 995 996
3 905 996 906
3 906 996 997
3 906 997 907
3 907 997 998
3 907 998 908
3 908 998 999
3 908 999 909
3 909 999 1000
3 909 1000 910
3 910 1000 1001
3 911 1002 912
3 912 1002 1003
3 912 1003 913
3 913 1003 1004
3 913 1004 914
3 914 1004 1005
3 914 1005 915
3 915 1005 1006
3 915 1006 916
3 916 1006 1007
3 916 1007 917
3 917 1007 1008
3 917 1008 918
3 918 1008 1009
3 918 1009 919
3 919 1009 1010
3 919 1010 920
3 920 1010 1011
3 920 1011 921
3 921 1011 1012
3 921 1012 922
3 922 1012 1013
3 922 1013 923
3 923 1013 1014
3 923 1014 924
3 924 1014 1015
3 924 1015 925
3 925 1015 1016
3 925 1016 926
3 926 1016 1017
3 926 1017 927
3 927 1017 1018
3 927 1018 928
3 928 1018 1019
3 928 1019 929
3 929 1019 1020
3 929 1020 930
3 930 1020 1021
3 930 1021 931
3 931 1021 1022
3 931 1022 932
3 932 1022 1023
3 932 1023 933
3 933 1023 1024
3 933 1024 934
3 934 1024 1025
3 935 1026 936
3 936 1026 1027
3 936 1027 937
3 937 1027 1028
3 937 1028 938
3 938 1028 1029
3 938 1029 939
3 939 1029 1030
3 939 1030 940
3 940 1030 1031
3 940 1031 941
3 941 1031 1032
3 941 1032 942
3 942 1032 1033
3 942 1033 943
3 943 1033 1034
3 943 1034 944
3 944 1034 1035
3 944 1035 945
3 945 1035 1036
3 945 1036 946
3 946 1036 1037
3 946 1037 947
3 947 1037 1038
3 947 1038 948
3 948 1038 1039
3 948 1039 949
3 949 1039 1040
3 949 1040 950
3 950 1040 1041
3 950 1041 951
3 951 1041 1042
3 951 1042 952
3 952 1042 1043
3 952 1043 953
3 953 1043 1044
3 954 1045 955
3 955 1045 1046
3 955 1046 956
3 956 1046 1047
3 956 1047 957
3 957 1047 1048
3 957 1048 958
3 958 1048 1049
3 958 1049 959
3 959 1049 1050
3 959 1050 960
3 960 1050 1051
3 960 1051 961
3 961 1051 1052
3 961 1052 962
3 962 1052 1053
3 962 1053 963
3 963 1053 1054
3 963 1054 964
3 964 1054 1055
3 964 1055 965
3 965 1055 1056
3 965 1056 966
3 966 1056 1057
3 966 1057 967
3 967 1057 1058
3 967 1058 968
3 968 1058 1059
3 968 1059 969
3 969 1059 1060
3 969 1060 970
3 970 1060 1061
3 970 1061 971
3 971 1061 1062
3 971 1062 972
3 972 1062 1063
3 972 1063 973
3 973 1063 1064
3 973 1064 974
3 974 1064 1065
3 975 1066 976
3 976 1066 1067
3 976 1067 977
3 977 1067 1068
3 977 1068 978
3 978 1068 1069
3 978 1069 979
3 979 1069 1070
3 979 1070 980
3 980 1070 1071
3 980 1071 981
3 981 1071 1072
3 981 1072 982
3 982 1072 1073
3 982 1073 983
3 983 1073 1074
3 983 1074 984
3 984 1074 1075
3 984 1075 985
3 985 1075 1076
3 985 1076 986
3 986 1076 1077
3 986 1077 987
3 987 1077 1078
3 987 1078 988
3 988 1078 1079
3 988 1079 989
3 989 1079 1080
3 989 1080 990
3 990 1080 1081
3 990 1081 991
3 991 1081 1082
3 991 1082 992
3 992 1082 1083
3 992 1083 993
3 993 1083 1084
3 993 1084 994
3 994 1084 1085
3 994 1085 995
3 995 1085 1086
3 995 1086 996
3 996 1086 1087
3 996 1087 997
3 997 1087 1088
3 997 1088 998
3 998 1088 1089
3 998 1089 999
3 999 1089 1090
3 999 1090 1000
3 1000 1090 1091
3 1000 1091 1001
3 1001 1091 1092
3 1002 1093 1003
3 1003 1093 1094
3 1003 1094 1004
3 1004 1094 1095
3 1004 1095 1005
3 1005 1095 1096
3 1005 1096 1006
3 1006 1096 1097
3 1006 1097 1007
3 1007 1097 1098
3 1007 1098 1008
3 1008 1098 1099
3 1008 1099 1009
3 1009 1099 1100
3 1009 1100 1010
3 1010 1100 1101
3 1010 1101 1011
3 1011 1101 1102
3 1011 1102 1012
3 1012 1102 1103
3 1012 1103 1013
3 1013 1103 1104
3 1013 1104 1014
3 1014 1104 1105
3 1014 1105 1015
3 1015 1105 1106
3 1015 1106 1016
3 1016 1106 1107
3 1016 1107 1017
3 1017 1107 1108
3 1017 1108 1018
3 1018 1108 1109
3 1018 1109 1019
3 1019 1109 1110
3 1019 1110 1020
3 1020 1110 1111
3 1020 1111 1021
3 1021 1111 1112
3 1021 1112 1022
3 1022 1112 1113
3 1022 1113 1023
3 1023 1113 1114
3 1023 1114 1024
3 1024 1114 1115
3 1024 1115 1025
3 1025 1115 1116
3 1026 1117 1027
3 1027 1117 1118
3 1027 1118 1028
3 1028 1118 1119
3 1028 1119 1029
3 1029 1119 1120
3 1029 1120 1030
3 1030 1120 1121
3 1030 1121 1031
3 1031 1121 1122
3 1031 1122 1032
3 1032 1122 1123
3 1032 1123 1033
3 1033 1123 1124
3 1033 1124 1034
3 1034 1124 1125
3 1034 1125 1035
3 1035 1125 1126
3 1035 1126 1036
3 1036 1126 1127
3 1036 1127 1037
3 1037 1127 1128
3 1037 1128 1038
3 1038 1128 1129
3 1038 1129 1039
3 1039 1129 1130
3 1039 1130 1040
3 1040 1130 1131
3 1040 1131 1041
3 1041 1131 1132
3 1041 1132 1042
3 1042 1132 1133
3 1042 1133 1043
3 1043 1133 1134
3 1043 1134 1044
3 1044 1134 1135
3 1045 1136 1046
3 1046 1136 1137
3 1046 1137 1047
3 1047 1137 1138
3 1047 1138 1048
3 1048 1138 1139
3 1048 1139 1049
3 1049 1139 1140
3 1049 1140 1050
3 1050 1140 1141
3 1050 1141 1051
3 1051 1141 1142
3 1051 1142 1052
3 1052 1142 1143
3 1052 1143 1053
3 1053 1143 1144
3 1053 1144 1054
3 1054 1144 1145
3 1054 1145 1055
3 1055 1145 1146
3 1055 1146 1056
3 1056 1146 1147
3 1056 1147 1057
3 1057 1147 1148
3 1057 1148 1058
3 1058 1148 1149
3 1058 1149 1059
3 1059 1149 1150
3 1059 1150 1060
3 1060 1150 1151
3 1060 1151 1061
3 1061 1151 1152
3 1061 1152 1062
3 1062 1152 1153
3 1062 1153 1063
3 1063 1153 1154
3 1063 1154 1064
3 1064 1154 1155
3 1064 1155 1065
3 1065 1155 1156
3 1066 1157 1067
3 1067 1157 1158
3 1067 1158 1068
3 1068 1158 1159
3 1068 1159 1069
3 1069 1159 1160
3 1069 1160 1070
3 1070 1160 1161
3 1070 1161 1071
3 1071 1161 1162
3 1071 1162 1072
3 1072 1162 1163
3 1072 1163 1073
3 1073 1163 1164
3 1073 1164 1074
3 1074 1164 1165
3 1074 1165 1075
3 1075 1165 1166
3 1075 1166 1076
3 1076 1166 1167
3 1076 1167 1077
3 1077 1167 1168
3 1077 1168 1078
3 1078 1168 1169
3 1078 1169 1079
3 1079 1169 1170
3 1079 1170 1080
3 1080 1170 1171
3 1080 1171 1081
3 1081 1171 1172
3 1081 1172 1082
3 1082 1172 1173
3 1082 1173 1083
3 1083 1173 1174
3 1083 1174 1084
3 1084 1174 1175
3 1084 1175 1085
3 1085 1175 1176
3 1085 1176 1086
3 1086 1176 1177
3 1086 1177 1087
3 1087 1177 1178
3 1087 1178 1088
3 1088 1178 1179
3 1088 1179 1089
3 1089 1179 1180
3 1089 1180 1090
3 1090 1180 1181
3 1090 1181 1091
3 1091 1181 1182
3 1091 1182 1092
3 1092 1182 1183
3 1093 1184 1094
3 1094 1184 1185
3 1094 1185 1095
3 1095 1185 1186
3 1095 1186 1096
3 1096 1186 1187
3 1096 1187 1097
3 1097 1187 1188
3 1097 1188 1098
3 1098 1188 1189
3 1098 1189 1099
3 1099 1189 1190
3 1099 1190 1100
3 1100 1190 1191
3 1100 1191 1101
3 1101 1191 1192
3 1101 1192 1102
3 1102 1192 1193
3 1102 1193 1103
3 1103 1193 1194
3 1103 1194 1104
3 1104 1194 1195
3 1104 1195 1105
3 1105 1195 1196
3 1105 1196 1106
3 1106 1196 1197
3 1106 1197 1107
3 1107 1197 1198
3 1107 1198 1108
3 1108 1198 1199
3 1108 1199 1109
3 1109 1199 1200
3 1109 1200 1110
3 1110 1200 1201
3 1110 1201 1111
3 1111 1201 1202
3 1111 1202 1112
3 1112 1202 1203
3 1112 1203 1113
3 1113 1203 1204
3 1113 1204 1114
3 1114 1204 1205
3 1114 1205 1115
3 1115 1205 1206
3 1115 1206 1116
3 1116 1206 1207
3 1117 1208 1118
3 1118 1208 1209
3 1118 1209 1119
3 1119 1209 1210
3 1119 1210 1120
3 1120 1210 1211
3 1120 1211 1121
3 1121 1211 1212
3 1121 1212 1122
3 1122 1212 1213
3 1122 1213 1123
3 1123 1213 1214
3 1123 1214 1124
3 1124 1214 1215
3 1124 1215 1125
3 1125 1215 1216
3 1125 1216 1126
3 1126 1216 1217
3 1126 1217 1127
3 1127 1217 1218
3 1127 1218 1128
3 1128 1218 1219
3 1128 1219 1129
3 1129 1219 1220
3 1129 1220 1130
3 1130 1220 1221
3 1130 1221 1131
3 1131 1221 1222
3 1131 1222 1132
3 1132 1222 1223
3 1132 1223 1133
3 1133 1223 1224
3 1133 1224 1134
3 1134 1224 1225
3 1134 1225 1135
3 1135 1225 1226
3 1136 1227 1137
3 1137 1227 1228
3 1137 1228 1138
3 1138 1228 1229
3 1138 1229 1139
3 1139 1229 1230
3 1139 1230 1140
3 1140 1230 1231
3 1140 1231 1141
3 1141 1231 1232
3 1141 1232 1142
3 1142 1232 1233
3 1142 1233 1143
3 1143 1233 1234
3 1143 1234 1144
3 1144 1234 1235
3 1144 1235 1145
3 1145 1235 1236
3 1145 1236 1146
3 1146 1236 1237
3 1146 1237 1147
3 1147 1237 1238
3 1147 1238 1148
3 1148 1238 1239
3 1148 1239 1149
3 1149 1239 1240
3 1149 1240 1150
3 1150 1240 1241
3 1150 1241 1151
3 1151 1241 1242
3 1151 1242 1152
3 1152 1242 1243
3 1152 1243 1153
3 1153 1243 1244
3 1153 1244 1154
3 1154 1244 1245
3 1154 1245 1155
3 1155 1245 1246
3 1155 1246 1156
3 1156 1246 1247
3 1157 1248 1158
3 1158 1248 1249
3 1158 1249 1159
3 1159 1249 1250
3 1159 1250 1160
3 1160 1250 1251
3 1160 1251 1161
3 1161 1251 1252
3 1161 1252 1162
3 1162 1252 1253
3 1162 1253 1163
3 1163 1253 1254
3 1163 1254 1164
3 1164 1254 1255
3 1164 1255 1165
3 1165 1255 1256
3 1165 1256 1166
3 1166 1256 1257
3 1166 1257 1167
3 1167 1257 1258
3 1167 1258 1168
3 1168 1258 1259
3 1168 1259 1169
3 1169 1259 1260
3 1169 1260 1170
3 1170 1260 1261
3 1170 1261 1171
3 1171 1261 1262
3 1171 1262 1172
3 1172 1262 1263
3 1172 1263 1173
3 1173 1263 1264
3 1173 1264 1174
3 1174 1264 1265
3 1174 1265 1175
3 1175 1265 1266
3 1175 1266 1176
3 1176 1266 1267
3 1176 1267 1177
3 1177 1267 1268
3 1177 1268 1178
3 1178 1268 1269
3 1178 1269 1179
3 1179 1269 1270
3 1179 1270 1180
3 1180 1270 1271
3 1180 1271 1181
3 1181 1271 1272
3 1181 1272 1182
3 1182 1272 1273
3 1182 1273 1183
3 1183 1273 1274
3 1184 1275 1185
3 1185 1275 1276
3 1185 1276 1186
3 1186 1276 1277
3 1186 1277 1187
3 1187 1277 1278
3 1187 1278 1188
3 1188 1278 1279
3 1188 1279 1189
3 1189 1279 1280
3 1189 1280 1190
3 1190 1280 1281
3 1190 1281 1191
3 1191 1281 1282
3 1191 1282 1192
3 1192 1282 1283
3 1192 1283 1193
3 1193 1283 1284
3 1193 1284 1194
3 1194 1284 1285
3 1194 1285 1195
3 1195 1285 1286
3 1195 1286 1196
3 1196 1286 1287
3 1196 1287 1197
3 1197 1287 1288
3 1197 1288 1198
3 1198 1288 1289
3 1198 1289 1199
3 1199 1289 1290
3 1199 1290 1200
3 1200 1290 1291
3 1200 1291 1201
3 1201 1291 1292
3 1201 1292 1202
3 1202 1292 1293
3 1202 1293 1203
3 1203 1293 1294
3 1203 1294 1204
3 1204 1294 1295
3 1204 1295 1205
3 1205 1295 1296
3 1205 1296 1206
3 1206 1296 1297
3 1206 1297 1207
3 1207 1297 1298
3 1208 1299 1209
3 1209 1299 1300
3 1209 1300 1210
3 1210 1300 1301
3 1210 1301 1211
3 1211 1301 1302
3 1211 1302 1212
3 1212 1302 1303
3 1212 1303 1213
3 1213 1303 1304
3 1213 1304 1214
3 1214 1304 1305
3 1214 1305 1215
3 1215 1305 1306
3 1215 1306 1216
3 1216 1306 1307
3 1216 1307 1217
3 1217 1307 1308
3 1217 1308 1218
3 1218 1308 1309
3 1218 1309 1219
3 1219 1309 1310
3 1219 1310 1220
3 1220 1310 1311
3 1220 1311 1221
3 1221 1311 1312
3 1221 1312 1222
3 1222 1312 1313
3 1222 1313 1223
3 1223 1313 1314
3 1223 1314 1224
3 1224 1314 1315
3 1224 1315 1225
3 1225 1315 1316
3 1225 1316 1226
3 1226 1316 1317
3 1227 1318 1228
3 1228 1318 1319
3 1228 1319 1229
3 1229 1319 1320
3 1229 1320 1230
3 1230 1320 1321
3 1230 1321 1231
3 1231 1321 1322
3 1231 1322 1232
3 1232 1322 1323
3 1232 1323 1233
3 1233 1323 1324
3 1233 1324 1234
3 1234 1324 1325
3 1234 1325 1235
3 1235 1325 1326
3 1235 1326 1236
3 1236 1326 1327
3 1236 1327 1237
3 1237 1327 1328
3 1237 1328 1238
3 1238 1328 1329
3 1238 1329 1239
3 1239 1329 1330
3 1239 1330 1240
3 1240 1330 1331
3 1240 1331 1241
3 1241 1331 1332
3 1241 1332 1242
3 1242 1332 1333
3 1242 1333 1243
3 1243 1333 1334
3 1243 1334 1244
3 1244 1334 1335
3 1244 1335 1245
3 1245 1335 1336
3 1245 1336 1246
3 1246 1336 1337
3 1246 1337 1247
3 1247 1337 1338
3 1248 1339 1249
3 1249 1339 1340
3 1249 1340 1250
3 1250 1340 1341
3 1250 1341 1251
3 1251 1341 1342
3 1251 1342 1252
3 1252 1342 1343
3 1252 1343 1253
3 1253 1343 1344
3 1253 1344 1254
3 1254 1344 1345
3 1254 1345 1255
3 1255 1345 1346
3 1255 1346 1256
3 1256 1346 1347
3 1256 1347 1257
3 1257 1347 1348
3 1257 1348 1258
3 1258 1348 1349
3 1258 1349 1259
3 1259 1349 1350
3 1259 1350 1260
3 1260 1350 1351
3 1260 1351 1261
3 1261 1351 1352
3 1261 1352 1262
3 1262 1352 1353
3 1262 1353 1263
3 1263 1353 1354
3 1263 1354 1264
3 1264 1354 1355
3 1264 1355 1265
3 1265 1355 1356
3 1265 1356 1266
3 1266 1356 1357
3 1266 1357 1267
3 1267 1357 1358
3 1267 1358 1268
3 1268 1358 1359
3 1268 1359 1269
3 1269 1359 1360
3 1269 1360 1270
3 1270 1360 1361
3 1270 1361 1271
3 1271 1361 1362
3 1271 1362 1272
3 1272 1362 1363
3 1272 1363 1273
3 1273 1363 1364
3 1273 1364 1274
3 1274 1364 1365
3 1275 1366 1276
3 1276 1366 1367
3 1276 1367 1277
3 1277 1367 1368
3 1277 1368 1278
3 1278 1368 1369
3 1278 1369 1279
3 1279 1369 1370
3 1279 1370 1280
3 1280 1370 1371
3 1280 1371 1281
3 1281 1371 1372
3 1281 1372 1282
3 1282 1372 1373
3 1282 1373 1283
3 1283 1373 1374
3 1283 1374 1284
3 1284 1374 1375
3 1284 1375 1285
3 1285 1375 1376
3 1285 1376 1286
3 1286 1376 1377
3 1286 1377 1287
3 1287 1377 1378
3 1287 1378 1288
3 1288 1378 1379
3 1288 1379 1289
3 1289 1379 1380
3 1289 1380 1290
3 1290 1380 1381
3 1290 1381 1291
3 1291 1381 1382
3 1291 1382 1292
3 1292 1382 1383
3 1292 1383 1293
3 1293 1383 1384
3 1293 1384 1294
3 1294 1384 1385
3 1294 1385 1295
3 1295 1385 1386
3 1295 1386 1296
3 1296 1386 1387
3 1296 1387 1297
3 1297 1387 1388
3 1297 1388 1298
3 1298 1388 1389
3 1299 1390 1300
3 1300 1390 1391
3 1300 1391 1301
3 1301 1391 1392
3 1301 1392 1302
3 1302 1392 1393
3 1302 1393 1303
3 1303 1393 1394
3 1303 1394 1304
3 1304 1394 1395
3 1304 1395 1305
3 1305 1395 1396
3 1305 1396 1306
3 1306 1396 1397
3 1306 1397 1307
3 1307 1397 1398
3 1307 1398 1308
3 1308 1398 1399
3 1308 1399 1309
3 1309 1399 1400
3 1309 1400 1310
3 1310 1400 1401
3 1310 1401 1311
3 1311 1401 1402
3 1311 1402 1312
3 1312 1402 1403
3 1312 1403 1313
3 1313 1403 1404
3 1313 1404 1314
3 1314 1404 1405
3 1314 1405 1315
3 1315 1405 1406
3 1315 1406 1316
3 1316 1406 1407
3 1316 1407 1317
3 1317 1407 1408
3 1318 1409 1319
3 1319 1409 1410
3 1319 1410 1320
3 1320 1410 1411
3 1320 1411 1321
3 1321 1411 1412
3 1321 1412 1322
3 1322 1412 1413
3 1322 1413 1323
3 1323 1413 1414
3 1323 1414 1324
3 1324 1414 1415
3 1324 1415 1325
3 1325 1415 1416
3 1325 1416 1326
3 1326 1416 1417
3 1326 1417 1327
3 1327 1417 1418
3 1327 1418 1328
3 1328 1418 1419
3 1328 1419 1329
3 1329 1419 1420
3 1329 1420 1330
3 1330 1420 1421
3 1330 1421 1331
3 1331 1421 1422
3 1331 1422 1332
3 1332 1422 1423
3 1332 1423 1333
3 1333 1423 1424
3 1333 1424 1334
3 1334 1424 1425
3 1334 1425 1335
3 1335 1425 1426
3 1335 1426 1336
3 1336 1426 1427
3 1336 1427 1337
3 1337 1427 1428
3 1337 1428 1338
3 1338 1428 1429
3 1338 1429 1430
3 1430 1429 1431
3 1340 1432 1341
3 1341 1432 1433
3 1341 1433 1342
3 1342 1433 1434
3 1342 1434 1343
3 1343 1434 1435
3 1343 1435 1344
3 1344 1435 1436
3 1344 1436 1345
3 1345 1436 1437
3 1345 1437 1346
3 1346 1437 1438
3 1346 1438 1347
3 1347 1438 1439
3 1347 1439 1348
3 1348 1439 1440
3 1348 1440 1349
3 1349 1440 1441
3 1349 1441 1350
3 1350 1441 1442
3 1350 1442 1351
3 1351 1442 1443
3 1351 1443 1352
3 1352 1443 1444
3 1352 1444 1353
3 1353 1444 1445
3 1353 1445 1354
3 1354 1445 1446
3 1354 1446 1355
3 1355 1446 1447
3 1355 1447 1356
3 1356 1447 1448
3 1356 1448 1357
3 1357 1448 1449
3 1357 1449 1358
3 1358 1449 1450
3 1358 1450 1359
3 1359 1450 1451
3 1359 1451 1360
3 1360 1451 1452
3 1360 1452 1361
3 1361 1452 1453
3 1361 1453 1362
3 1362 1453 1454
3 1362 1454 1363
3 1363 1454 1455
3 1363 1455 1364
3 1364 1455 1456
3 1364 1456 1365
3 1365 1456 1457
3 1366 1458 1367
3 1367 1458 1459
3 1367 1459 1368
3 1368 1459 1460
3 1368 1460 1369
3 1369 1460 1461
3 1369 1461 1370
3 1370 1461 1462
3 1370 1462 1371
3 1371 1462 1463
3 1371 1463 1372
3 1372 1463 1464
3 1372 1464 1373
3 1373 1464 1465
3 1373 1465 1374
3 1374 1465 1466
3 1374 1466 1375
3 1375 1466 1467
3 1375 1467 1376
3 1376 1467 1468
3 1376 1468 1377
3 1377 1468 1469
3 1377 1469 1378
3 1378 1469 1470
3 1378 1470 1379
3 1379 1470 1471
3 1379 1471 1380
3 1380 1471 1472
3 1380 1472 1381
3 1381 1472 1473
3 1381 1473 1382
3 1382 1473 1474
3 1382 1474 1383
3 1383 1474 1475
3 1383 1475 1384
3 1384 1475 1476
3 1384 1476 1385
3 1385 1476 1477
3 1385 1477 1386
3 1386 1477 1478
3 1386 1478 1387
3 1387 1478 1479
3 1387 1479 1388
3 1388 1479 1480
3 1388 1480 1389
3 1389 1480 1481
3 1390 1482 1391
3 1391 1482 1483
3 1391 1483 1392
3 1392 1483 1484
3 1392 1484 1393
3 1393 1484 1485
3 1393 1485 1394
3 1394 1485 1486
3 1394 1486 1395
3 1395 1486 1487
3 1395 1487 1396
3 1396 1487 1488
3 1396 1488 1397
3 1397 1488 1489
3 1397 1489 1398
3 1398 1489 1490
3 1398 1490 1399
3 1399 1490 1491
3 1399 1491 1400
3 1400 1491 1492
3 1400 1492 1401
3 1401 1492 1493
3 1401 1493 1402
3 1402 1493 1494
3 1402 1494 1403
3 1403 1494 1495
3 1403 1495 1404
3 1404 1495 1496
3 1404 1496 1405
3 1405 1496 1497
3 1405 1497 1406
3 1406 1497 1498
3 1406 1498 1407
3 1407 1498 1499
3 1407 1499 1408
3 1408 1499 1500
3 1409 1501 1410
3 1410 1501 1502
3 1410 1502 1411
3 1411 1502 1503
3 1411 1503 1412
3 1412 1503 1504
3 1412 1504 1413
3 1413 1504 1505
3 1413 1505 1414
3 1414 1505 1506
3 1414 1506 1415
3 1415 1506 1507
3 1415 1507 1416
3 1416 1507 1508
3 1416 1508 1417
3 1417 1508 1509
3 1417 1509 1418
3 1418 1509 1510
3 1418 1510 1419
3 1419 1510 1511
3 1419 1511 1420
3 1420 1511 1512
3 1420 1512 1421
3 1421 1512 1513
3 1421 1513 1422
3 1422 1513 1514
3 1422 1514 1423
3 1423 1514 1515
3 1423 1515 1424
3 1424 1515 1516
3 1424 1516 1425
3 1425 1516 1517
3 1425 1517 1426
3 1426 1517 1518
3 1426 1518 1427
3 1427 1518 1519
3 1427 1519 1428
3 1428 1519 1520
3 1428 1520 1429
3 1429 1520 1521
3 1429 1521 1431
3 1431 1521 1522
3 1432 1523 1433
3 1433 1523 1524
3 1433 1524 1434
3 1434 1524 1525
3 1434 1525 1435
3 1435 1525 1526
3 1435 1526 1436
3 1436 1526 1527
3 1436 1527 1437
3 1437 1527 1528
3 1437 1528 1438
3 1438 1528 1529
3 1438 1529 1439
3 1439 1529 1530
3 1439 1530 1440
3 1440 1530 1531
3 1440 1531 1441
3 1441 1531 1532
3 1441 1532 1442
3 1442 1532 1533
3 1442 1533 1443
3 1443 1533 1534
3 1443 1534 1444
3 1444 1534 1535
3 1444 1535 1445
3 1445 1535 1536
3 1445 1536 1446
3 1446 1536 1537
3 1446 1537 1447
3 1447 1537 1538
3 1447 1538 1448
3 1448 1538 1539
3 1448 1539 1449
3 1449 1539 1540
3 1449 1540 1450
3 1450 1540 1541
3 1450 1541 1451
3 1451 1541 1542
3 1451 1542 1452
3 1452 1542 1543
3 1452 1543 1453
3 1453 1543 1544
3 1453 1544 1454
3 1454 1544 1545
3 1454 1545 1455
3 1455 1545 1546
3 1455 1546 1456
3 1456 1546 1547
3 1456 1547 1457
3 1457 1547 1548
3 1458 1549 1459
3 1459 1549 1550
3 1459 1550 1460
3 1460 1550 1551
3 1460 1551 1461
3 1461 1551 1552
3 1461 1552 1462
3 1462 1552 1553
3 1462 1553 1463
3 1463 1553 1554
3 1463 1554 1464
3 1464 1554 1555
3 1464 1555 1465
3 1465 1555 1556
3 1465 1556 1466
3 1466 1556 1557
3 1466 1557 1467
3 1467 1557 1558
3 1467 1558 1468
3 1468 1558 1559
3 1468 1559 1469
3 1469 1559 1560
3 1469 1560 1470
3 1470 1560 1561
3 1470 1561 1471
3 1471 1561 1562
3 1471 1562 1472
3 1472 1562 1563
3 1472 1563 1473
3 1473 1563 1564
3 1473 1564 1474
3 1474 1564 1565
3 1474 1565 1475
3 1475 1565 1566
3 1475 1566 1476
3 1476 1566 1567
3 1476 1567 1477
3 1477 1567 1568
3 1477 1568 1478
3 1478 1568 1569
3 1478 1569 1479
3 1479 1569 1570
3 1479 1570 1480
3 1480 1570 1571
3 1480 1571 1481
3 1481 1571 1572
3 1482 1573 1483
3 1483 1573 1574
3 1483 1574 1484
3 1484 1574 1575
3 1484 1575 1485
3 1485 1575 1576
3 1485 1576 1486
3 1486 1576 1577
3 1486 1577 1487
3 1487 1577 1578
3 1487 1578 1488
3 1488 1578 1579
3 1488 1579 1489
3 1489 1579 1580
3 1489 1580 1490
3 1490 1580 1581
3 1490 1581 1491
3 1491 1581 1582
3 1491 1582 1492
3 1492 1582 1583
3 1492 1583 1493
3 1493 1583 1584
3 1493 1584 1494
3 1494 1584 1585
3 1494 1585 1495
3 1495 1585 1586
3 1495 1586 1496
3 1496 1586 1587
3 1496 1587 1497
3 1497 1587 1588
3 1497 1588 1498
3 1498 1588 1589
3 1498 1589 1499
3 1499 1589 1590
3 1499 1590 1500
3 1500 1590 1591
3 1501 1592 1502
3 1502 1592 1593
3 1502 1593 1503
3 1503 1593 1594
3 1503 1594 1504
3 1504 1594 1595
3 1504 1595 1505
3 1505 1595 1596
3 1505 1596 1506
3 1506 1596 1597
3 1506 1597 1507
3 1507 1597 1598
3 1507 1598 1508
3 1508 1598 1599
3 1508 1599 1509
3 1509 1599 1600
3 1509 1600 1510
3 1510 1600 1601
3 1510 1601 1511
3 1511 1601 1602
3 1511 1602 1512
3 1512 1602 1603
3 1512 1603 1513
3 1513 1603 1604
3 1513 1604 1514
3 1514 1604 1605
3 1514 1605 1515
3 1515 1605 1606
3 1515 1606 1516
3 1516 1606 1607
3 1516 1607 1517
3 1517 1607 1608
3 1517 1608 1518
3 1518 1608 1609
3 1518 1609 1519
3 1519 1609 1610
3 1519 1610 1520
3 1520 1610 1611
3 1520 1611 1521
3 1521 1611 1612
3 1521 1612 1522
3 1522 1612 1613
3 1523 1614 1524
3 1524 1614 1615
3 1524 1615 1525
3 1525 1615 1616
3 1525 1616 1526
3 1526 1616 1617
3 1526 1617 1527
3 1527 1617 1618
3 1527 1618 1528
3 1528 1618 1619
3 1528 1619 1529
3 1529 1619 1620
3 1529 1620 1530
3 1530 1620 1621
3 1530 1621 1531
3 1531 1621 1622
3 1531 1622 1532
3 1532 1622 1623
3 1532 1623 1533
3 1533 1623 1624
3 1533 1624 1534
3 1534 1624 1625
3 1534 1625 1535
3 1535 1625 1626
3 1535 1626 1536
3 1536 1626 1627
3 1536 1627 1537
3 1537 1627 1628
3 1537 1628 1538
3 1538 1628 1629
3 1538 1629 1539
3 1539 1629 1630
3 1539 1630 1540
3 1540 1630 1631
3 1540 1631 1541
3 1541 1631 1632
3 1541 1632 1542
3 1542 1632 1633
3 1542 1633 1543
3 1543 1633 1634
3 1543 1634 1544
3 1544 1634 1635
3 1544 1635 1545
3 1545 1635 1636
3 1545 1636 1546
3 1546 1636 1637
3 1546 1637 1547
3 1547 1637 1638
3 1547 1638 1548
3 1548 1638 1639
3 1549 1640 1550
3 1550 1640 1641
3 1550 1641 1551
3 1551 1641 1642
3 1551 1642 1552
3 1552 1642 1643
3 1552 1643 1553
3 1553 1643 1644
3 1553 1644 1554
3 1554 1644 1645
3 1554 1645 1555
3 1555 1645 1646
3 1555 1646 1556
3 1556 1646 1647
3 1556 1647 1557
3 1557 1647 1648
3 1557 1648 1558
3 1558 1648 1649
3 1558 1649 1559
3 1559 1649 1650
3 1559 1650 1560
3 1560 1650 1651
3 1560 1651 1561
3 1561 1651 1652
3 1561 1652 1562
3 1562 1652 1653
3 1562 1653 1563
3 1563 1653 1654
3 1563 1654 1564
3 1564 1654 1655
3 1564 1655 1565
3 1565 1655 1656
3 1565 1656 1566
3 1566 1656 1657
3 1566 1657 1567
3 1567 1657 1658
3 1567 1658 1568
3 1568 1658 1659
3 1568 1659 1569
3 1569 1659 1660
3 1569 1660 1570
3 1570 1660 1661
3 1570 1661 1571
3 1571 1661 1662
3 1571 1662 1572
3 1572 1662 1663
3 1573 1664 1574
3 1574 1664 1665
3 1574 1665 1575
3 1575 1665 1666
3 1575 1666 1576
3 1576 1666 1667
3 1576 1667 1577
3 1577 1667 1668
3 1577 1668 1578
3 1578 1668 1669
3 1578 1669 1579
3 1579 1669 1670
3 1579 1670 1580
3 1580 1670 1671
3 1580 1671 1581
3 1581 1671 1672
3 1581 1672 1582
3 1582 1672 1673
3 1582 1673 1583
3 1583 1673 1674
3 1583 1674 1584
3 1584 1674 1675
3 1584 1675 1585
3 1585 1675 1676
3 1585 1676 1586
3 1586 1676 1677
3 1586 1677 1587
3 1587 1677 1678
3 1587 1678 1588
3 1588 1678 1679
3 1588 1679 1589
3 1589 1679 1680
3 1589 1680 1590
3 1590 1680 1681
3 1590 1681 1591
3 1591 1681 1682
3 1592 1683 1593
3 1593 1683 1684
3 1593 1684 1594
3 1594 1684 1685
3 1594 1685 1595
3 1595 1685 1686
3 1595 1686 1596
3 1596 1686 1687
3 1596 1687 1597
3 1597 1687 1688
3 1597 1688 1598
3 1598 1688 1689
3 1598 1689 1599
3 1599 1689 1690
3 1599 1690 1600
3 1600 1690 1691
3 1600 1691 1601
3 1601 1691 1692
3 1601 1692 1602
3 1602 1692 1693
3 1602 1693 1603
3 1603 1693 1694
3 1603 1694 1604
3 1604 1694 1695
3 1604 1695 1605
3 1605 1695 1696
3 1605 1696 1606
3 1606 1696 1697
3 1606 1697 1607
3 1607 1697 1698
3 1607 1698 1608
3 1608 1698 1699
3 1608 1699 1609
3 1609 1699 1700
3 1609 1700 1610
3 1610 1700 1701
3 1610 1701 1611
3 1611 1701 1702
3 1611 1702 1612
3 1612 1702 1703
3 1612 1703 1613
3 1613 1703 1704
3 1614 1705 1615
3 1615 1705 1706
3 1615 1706 1616
3 1616 1706 1707
3 1616 1707 1617
3 1617 1707 1708
3 1617 1708 1618
3 1618 1708 1709
3 1618 1709 1619
3 1619 1709 1710
3 1619 1710 1620
3 1620 1710 1711
3 1620 1711 1621
3 1621 1711 1712
3 1621 1712 1622
3 1622 1712 1713
3 1622 1713 1623
3 1623 1713 1714
3 1623 1714 1624
3 1624 1714 1715
3 1624 1715 1625
3 1625 1715 1716
3 1625 1716 1626
3 1626 1716 1717
3 1626 1717 1627
3 1627 1717 1718
3 1627 1718 1628
3 1628 1718 1719
3 1628 1719 1629
3 1629 1719 1720
3 1629 1720 1630
3 1630 1720 1721
3 1630 1721 1631
3 1631 1721 1722
3 1631 1722 1632
3 1632 1722 1723
3 1632 1723 1633
3 1633 1723 1724
3 1633 1724 1634
3 1634 1724 1725
3 1634 1725 1635
3 1635 1725 1726
3 1635 1726 1636
3 1636 1726 1727
3 1636 1727 1637
3 1637 1727 1728
3 1637 1728 1638
3 1638 1728 1729
3 1638 1729 1639
3 1639 1729 1730
3 1640 185 1641
3 1641 185 183
3 1641 183 1642
3 1642 183 363
3 1642 363 1643
3 1643 363 361
3 1643 361 1644
3 1644 361 359
3 1644 359 1645
3 1645 359 357
3 1645 357 1646
3 1646 357 355
3 1646 355 1647
3 1647 355 353
3 1647 353 1648
3 1648 353 351
3 1648 351 1649
3 1649 351 349
3 1649 349 1650
3 1650 349 347
3 1650 347 1651
3 1651 347 345
3 1651 345 1652
3 1652 345 343
3 1652 343 1653
3 1653 343 341
3 1653 341 1654
3 1654 341 339
3 1654 339 1655
3 1655 339 337
3 1655 337 1656
3 1656 337 335
3 1656 335 1657
3 1657 335 333
3 1657 333 1658
3 1658 333 331
3 1658 331 1659
3 1659 331 329
3 1659 329 1660
3 1660 329 327
3 1660 327 1661
3 1661 327 325
3 1661 325 1662
3 1662 325 323
3 1662 323 1663
3 1663 323 321
3 1664 319 1665
3 1665 319 317
3 1665 317 1666
3 1666 317 315
3 1666 315 1667
3 1667 315 313
3 1667 313 1668
3 1668 313 311
3 1668 311 1669
3 1669 311 309
3 1669 309 1670
3 1670 309 307
3 1670 307 1671
3 1671 307 305
3 1671 305 1672
3 1672 305 303
3 1672 303 1673
3 1673 303 301
3 1673 301 1674
3 1674 301 299
3 1674 299 1675
3 1675 299 297
3 1675 297 1676
3 1676 297 295
3 1676 295 1677
3 1677 295 293
3 1677 293 1678
3 1678 293 291
3 1678 291 1679
3 1679 291 289
3 1679 289 1680
3 1680 289 287
3 1680 287 1681
3 1681 287 285
3 1681 285 1682
3 1682 285 283
3 1683 281 1684
3 1684 281 279
3 1684 279 1685
3 1685 279 277
3 1685 277 1686
3 1686 277 275
3 1686 275 1687
3 1687 275 273
3 1687 273 1688
3 1688 273 271
3 1688 271 1689
3 1689 271 269
3 1689 269 1690
3 1690 269 267
3 1690 267 1691
3 1691 267 265
3 1691 265 1692
3 1692 265 263
3 1692 263 1693
3 1693 263 261
3 1693 261 1694
3 1694 261 259
3 1694 259 1695
3 1695 259 257
3 1695 257 1696
3 1696 257 255
3 1696 255 1697
3 1697 255 253
3 1697 253 1698
3 1698 253 251
3 1698 251 1699
3 1699 251 249
3 1699 249 1700
3 1700 249 247
3 1700 247 1701
3 1701 247 245
3 1701 245 1702
3 1702 245 243
3 1702 243 1703
3 1703 243 241
3 1703 241 1704
3 1704 241 239
3 1705 237 1706
3 1706 237 235
3 1706 235 1707
3 1707 235 233
3 1707 233 1708
3 1708 233 231
3 1708 231 1709
3 1709 231 229
3 1709 229 1710
3 1710 229 227
3 1710 227 1711
3 1711 227 225
3 1711 225 1712
3 1712 225 223
3 1712 223 1713
3 1713 223 221
3 1713 221 1714
3 1714 221 219
3 1714 219 1715
3 1715 219 217
3 1715 217 1716
3 1716 217 215
3 1716 215 1717
3 1717 215 213
3 1717 213 1718
3 1718 213 211
3 1718 211 1719
3 1719 211 209
3 1719 209 1720
3 1720 209 207
3 1720 207 1721
3 1721 207 205
3 1721 205 1722
3 1722 205 203
3 1722 203 1723
3 1723 203 201
3 1723 201 1724
3 1724 201 199
3 1724 199 1725
3 1725 199 197
3 1725 197 1726
3 1726 197 195
3 1726 195 1727
3 1727 195 193
3 1727 193 1728
3 1728 193 191
3 1728 191 1729
3 1729 191 189
3 1729 189 1730
3 1730 189 187
3 1731 1732 1733
3 1733 1732 1734
3 1733 1734 1735
3 1735 1734 1736
3 1735 1736 1737
3 1737 1736 1738
3 1737 1738 1739
3 1739 1738 1740
3 1739 1740 1741
3 1732 1731 1742
3 1742 1731 1743
3 1742 1743 1744
3 1744 1743 1745
3 1744 1745 1746
3 1746 1745 1747
3 1746 1747 1748
3 1748 1747 1749
3 1748 1749 1750
3 1750 1749 1751
3 1750 1751 1752
3 1752 1751 1753
3 1752 1753 1754
3 1754 1753 1755
3 1754 1755 1756
3 1756 1755 1757
3 1756 1757 1758
3 1758 1757 1759
3 1758 1759 1760
3 1760 1759 1761
3 1760 1761 1762
3 1762 1761 1763
3 1762 1763 1764
3 1764 1763 1765
3 1764 1765 1766
3 1766 1765 1767
3 1766 1767 1768
3 1768 1767 1769
3 1768 1769 1770
3 1770 1769 1771
3 1770 1771 1772
3 1772 1771 1773
3 1772 1773 1774
3 1774 1773 1775
3 1774 1775 1776
3 1776 1775 1777
3 1776 1777 1778
3 1778 1777 1779
3 1778 1779 1780
3 1780 1779 1781
3 1780 1781 1782
3 1741 1783 1739
3 1739 1783 1784
3 1739 1784 1785
3 1785 1786 1739
3 1739 1786 1787
3 1739 1787 1788
3 1788 1789 1739
3 1739 1789 1790
3 1739 1790 1791
3 1791 1792 1739
3 1739 1792 1793
3 1739 1793 1794
3 1794 1795 1739
3 1739 1795 1796
3 1739 1796 1797
3 1797 1798 1739
3 1739 1798 1799
3 1739 1799 1800
3 1800 1801 1739
3 1739 1801 1802
3 1739 1802 1803
3 1803 1804 1739
3 1739 1804 1805
3 1739 1805 1806
3 1806 1807 1739
3 1739 1807 1808
3 1739 1808 1809
3 1809 1810 1739
3 1739 1810 1811
3 1739 1811 1812
3 1812 1813 1739
3 1739 1813 1814
3 1739 1814 1815
3 1815 1816 1739
3 1739 1816 1817
3 1818 1819 1820
3 1820 1819 1821
3 1820 1821 1822
3 1822 1821 1823
3 1822 1823 1824
3 1824 1823 1825
3 1824 1825 1826
3 1826 1825 1827
3 1826 1827 1828
3 1828 1827 1829
3 1828 1829 1830
3 1830 1829 1831
3 1830 1831 1832
3 1832 1831 1833
3 1832 1833 1834
3 1834 1833 1835
3 1834 1835 1836
3 1836 1835 1837
3 1836 1837 1838
3 1838 1837 1839
3 1838 1839 1840
3 1840 1839 1841
3 1840 1841 1842
3 1842 1841 1843
3 1842 1843 1844
3 1844 1843 1845
3 1844 1845 1846
3 1846 1845 1847
3 1846 1847 1848
3 1848 1847 1849
3 1848 1849 1850
3 1850 1849 1851
3 1850 1851 1852
3 1852 1851 1853
3 1852 1853 1854
3 1854 1853 1855
3 1854 1855 1856
3 1856 1855 1857
3 1856 1857 1858
3 1858 1857 1859
3 1858 1859 1860
3 1860 1859 1861
3 1860 1861 1862
3 1862 1861 1863
3 1819 1818 1864
3 1864 1818 1865
3 1864 1865 1866
3 1866 1865 1867
3 1866 1867 1868
3 1868 1867 1869
3 1869 1867 1870
3 1870 1867 1871
3 1871 1867 1872
3 1872 1867 1873
3 1873 1867 1874
3 1874 1867 1875
3 1875 1867 1876
3 1876 1867 1877
3 1877 1867 1878
3 1878 1867 1879
3 1879 1867 1880
3 1880 1867 1881
3 1881 1867 1882
3 1882 1867 1883
3 1883 1867 1884
3 1884 1867 1885
3 1885 1867 1886
3 1886 1867 1887
3 1887 1867 1888
3 1888 1867 1889
3 1889 1867 1890
3 1890 1867 1891
3 1891 1867 1892
3 1892 1867 1893
3 1893 1867 1894
3 1894 1867 1895
3 1895 1867 1896
3 1896 1867 1897
3 1897 1867 1898
3 1898 1867 1899
3 1899 1867 1900
3 1900 1867 1901
3 1901 1867 1902
3 1902 1867 1903
3 1903 1867 1904
