ply
format ascii 1.0
comment Created by Blender 3.6.5 - www.blender.org
element vertex 2952
property float x
property float y
property float z
property float nx
property float ny
property float nz
property float s
property float t
element face 2970
property list uchar uint vertex_indices
end_header
43.436810 2.046421 -8.435884 -0.085901 0.929323 0.359139 0.209736 0.225953
46.258770 2.492879 -7.999994 -0.143337 0.989674 0.000000 0.207507 0.211499
46.258770 2.492879 -8.935025 -0.073243 0.973320 0.217449 0.212280 0.211499
43.436810 2.046421 8.435896 -0.084894 0.927674 -0.363612 0.123620 0.225953
46.258770 2.492879 8.935036 -0.071849 0.973347 -0.217794 0.121069 0.211499
39.731552 1.460221 -8.112114 -0.092332 0.854634 0.510955 0.208088 0.244930
39.731552 1.460221 8.112127 -0.090870 0.849337 -0.519971 0.125278 0.244930
35.558434 0.799999 -7.999994 -0.103035 0.755459 0.647044 0.207521 0.266304
35.558434 0.799999 8.000007 -0.103015 0.744861 -0.659220 0.125855 0.266304
7.786751 -3.593709 8.000007 -0.131593 0.687204 -0.714447 0.125892 0.408543
7.786751 -3.593709 -7.999994 -0.131593 0.687204 0.714447 0.207557 0.408543
47.555023 2.663344 -7.999994 -0.105859 0.994380 -0.001314 0.207506 0.204865
48.072041 2.712205 9.413938 -0.037753 0.995574 -0.086059 0.118623 0.202220
48.858410 2.765812 -7.999994 -0.048109 0.998822 -0.006388 0.207505 0.198201
50.165382 2.799999 10.000008 -0.008540 0.999944 -0.006277 0.115631 0.191528
50.165382 2.799999 -7.999994 -0.015429 0.999879 -0.002128 0.207505 0.191528
39.731552 1.460221 8.112127 -0.090870 0.849337 -0.519971 0.144815 0.470041
35.558434 0.799999 8.000007 -0.103015 0.744861 -0.659220 0.132152 0.487503
35.558434 1.317635 8.068153 0.000721 0.257384 -0.966309 0.130276 0.485626
43.436810 2.046421 8.435896 -0.084894 0.927674 -0.363612 0.156028 0.454498
35.558434 1.800001 8.267956 -0.001227 0.500166 -0.865929 0.128510 0.483854
35.558434 2.214212 8.585793 -0.000690 0.707257 -0.706956 0.122852 0.266134
35.558434 2.214212 8.585793 -0.000690 0.707257 -0.706956 0.126974 0.482307
35.558434 2.532050 9.000005 0.000069 0.866171 -0.499748 0.120735 0.266095
35.558434 2.731852 9.482367 0.000464 0.965917 -0.258851 0.118271 0.266071
35.558434 2.799999 10.000008 0.000205 0.997850 -0.065535 0.115628 0.266063
48.097260 2.714310 -9.420844 -0.036987 0.995853 0.083115 0.214758 0.202091
50.165382 2.799999 -9.999994 -0.008553 0.999943 0.006427 0.217714 0.191528
2.200000 0.000000 8.000007 -0.197367 -0.081752 -0.976915 0.014664 0.610801
5.255133 -4.519731 8.000007 -0.358388 0.591930 -0.721926 0.041993 0.616066
4.514005 -5.036622 8.000007 -0.431650 0.540833 -0.721927 0.041183 0.620604
6.056663 -4.102610 8.000007 -0.279155 0.633162 -0.721927 0.043381 0.611669
6.905250 -3.792212 8.000007 -0.195269 0.663846 -0.721927 0.045323 0.607487
0.000000 -2.200000 8.000007 0.081752 0.197367 -0.976915 0.014661 0.626673
3.261164 -6.333757 8.000007 -0.555497 0.412607 -0.721927 0.041342 0.629802
2.770323 -7.092383 8.000007 -0.604019 0.337615 -0.721926 0.042307 0.634309
3.845639 -5.644675 8.000007 -0.497721 0.480725 -0.721926 0.040965 0.625208
-0.799999 -2.200000 8.000007 -0.068112 0.004661 -0.997667 0.011775 0.629561
2.100550 -8.766770 8.000007 -0.670228 0.172098 -0.721926 0.045930 0.642762
1.932777 -9.654630 8.000007 -0.691359 0.107650 -0.714447 0.048528 0.646568
2.381288 -7.907923 8.000007 -0.642475 0.256997 -0.721927 0.043845 0.638653
-0.799999 -31.911310 8.000007 -0.767427 0.078955 -0.636257 0.118956 0.736661
0.000000 -2.000000 8.000007 0.690330 -0.045188 -0.722082 0.013940 0.625952
2.200000 0.799999 8.000007 -0.004661 0.068112 -0.997667 0.011778 0.607918
7.786751 -3.593709 8.000007 -0.131593 0.687204 -0.714447 0.047788 0.603589
-0.697777 -1.423545 8.000007 -0.068411 0.018331 -0.997489 0.009343 0.626393
0.068150 -1.482364 8.000007 0.652271 -0.174729 -0.737572 0.012319 0.623840
1.423545 0.697777 8.000007 -0.018331 0.068411 -0.997489 0.009345 0.611089
-0.398073 -0.700001 8.000007 -0.061335 0.035412 -0.997489 0.007814 0.622703
0.267949 -1.000002 8.000007 0.584897 -0.337629 -0.737497 0.011299 0.621380
0.700001 0.398073 8.000007 -0.035412 0.061335 -0.997489 0.007815 0.614781
1.482364 -0.068150 8.000007 0.174729 -0.652271 -0.737572 0.012320 0.613638
1.000002 -0.267949 8.000007 0.337629 -0.584897 -0.737497 0.011300 0.616099
0.078682 -0.078682 8.000007 -0.050080 0.050080 -0.997489 0.007293 0.618742
0.585787 -0.585787 8.000007 0.477577 -0.477577 -0.737456 0.010952 0.618740
2.000000 0.000000 8.000007 0.045188 -0.690330 -0.722082 0.013942 0.611523
2.200000 1.317635 -8.068144 -0.017759 0.263760 0.964425 0.187222 0.632577
35.558434 0.799999 -7.999994 -0.103035 0.755459 0.647044 0.309478 0.751109
39.731552 1.460221 -8.112114 -0.092332 0.854634 0.510955 0.322142 0.768570
2.200000 0.799999 -7.999994 -0.004661 0.068115 0.997667 0.189098 0.630700
2.200000 1.800001 -8.267944 -0.033489 0.503737 0.863208 0.185458 0.634348
43.436810 2.046421 -8.435884 -0.085901 0.929323 0.359139 0.333359 0.784109
2.200000 2.214212 -8.585785 -0.046713 0.709020 0.703639 0.210490 0.436352
2.200000 2.214212 -8.585785 -0.046713 0.709020 0.703639 0.183925 0.635891
2.200000 2.532050 -8.999994 -0.056726 0.865954 0.496897 0.212601 0.436314
48.200001 2.799999 -9.999994 0.000040 0.997306 0.073358 0.217713 0.201557
2.200000 2.731852 -9.482354 -0.062959 0.964369 0.256960 0.215061 0.436290
2.200000 2.799999 -9.999994 -0.064971 0.995750 0.065269 0.217703 0.436282
1.932777 -9.654630 -7.999994 -0.691359 0.107650 0.714447 0.459110 0.398852
1.932777 -9.654630 8.000007 -0.691359 0.107650 -0.714447 0.540776 0.398852
2.100550 -8.766770 8.000007 -0.670228 0.172098 -0.721926 0.540776 0.403404
2.100550 -8.766770 -7.999994 -0.670228 0.172098 0.721926 0.459110 0.403404
2.381288 -7.907923 8.000007 -0.642475 0.256997 -0.721927 0.540776 0.407824
2.381288 -7.907923 -7.999994 -0.642475 0.256997 0.721927 0.459110 0.407824
2.770323 -7.092383 8.000007 -0.604019 0.337615 -0.721926 0.540776 0.412038
2.770323 -7.092383 -7.999994 -0.604019 0.337615 0.721926 0.459110 0.412038
3.261164 -6.333757 8.000007 -0.555497 0.412607 -0.721927 0.540776 0.415975
3.261164 -6.333757 -7.999994 -0.555497 0.412607 0.721927 0.459110 0.415975
3.845639 -5.644675 -7.999994 -0.497721 0.480725 0.721926 0.459110 0.419569
3.845639 -5.644675 8.000007 -0.497721 0.480725 -0.721926 0.540776 0.419569
3.845639 -5.644675 -7.999994 -0.497721 0.480725 0.721926 0.207576 0.428900
3.845639 -5.644675 8.000007 -0.497721 0.480725 -0.721926 0.125910 0.428900
4.514005 -5.036622 8.000007 -0.431650 0.540833 -0.721927 0.125905 0.425416
4.514005 -5.036622 -7.999994 -0.431650 0.540833 0.721927 0.207571 0.425416
5.255133 -4.519731 8.000007 -0.358388 0.591930 -0.721926 0.125900 0.421572
5.255133 -4.519731 -7.999994 -0.358388 0.591930 0.721926 0.207566 0.421572
6.056663 -4.102610 8.000007 -0.279155 0.633162 -0.721927 0.125896 0.417432
6.056663 -4.102610 -7.999994 -0.279155 0.633162 0.721927 0.207562 0.417432
6.905250 -3.792212 8.000007 -0.195269 0.663846 -0.721927 0.125893 0.413065
6.905250 -3.792212 -7.999994 -0.195269 0.663846 0.721927 0.207559 0.413065
4.514005 -5.036622 -7.999994 -0.431650 0.540833 0.721927 0.218505 0.618010
5.255133 -4.519731 -7.999994 -0.358388 0.591930 0.721926 0.219314 0.622548
2.200000 0.000000 -7.999994 -0.197367 -0.081752 0.976915 0.191984 0.627816
6.056663 -4.102610 -7.999994 -0.279155 0.633162 0.721927 0.220702 0.626945
6.905250 -3.792212 -7.999994 -0.195269 0.663846 0.721927 0.222645 0.631127
2.770323 -7.092383 -7.999994 -0.604019 0.337615 0.721926 0.219628 0.604304
3.261164 -6.333757 -7.999994 -0.555497 0.412607 0.721927 0.218663 0.608811
0.000000 -2.200000 -7.999994 0.081752 0.197367 0.976915 0.191982 0.611943
3.845639 -5.644675 -7.999994 -0.497721 0.480725 0.721926 0.218286 0.613405
-0.799999 -31.911310 -7.999994 -0.767431 0.078954 0.636252 0.296280 0.501936
1.932777 -9.654630 -7.999994 -0.691359 0.107650 0.714447 0.225849 0.592043
-0.799999 -2.200000 -7.999994 -0.068115 0.004661 0.997667 0.189095 0.609055
2.100550 -8.766770 -7.999994 -0.670228 0.172098 0.721926 0.223252 0.595850
2.381288 -7.907923 -7.999994 -0.642475 0.256997 0.721927 0.221167 0.599959
0.000000 -2.000000 -7.999994 0.690330 -0.045188 0.722082 0.191260 0.612664
7.786751 -3.593709 -7.999994 -0.131593 0.687204 0.714447 0.225110 0.635025
0.068150 -1.482364 -7.999994 0.652271 -0.174729 0.737572 0.189639 0.614776
-0.697777 -1.423545 -7.999994 -0.068414 0.018331 0.997489 0.186663 0.612224
1.423545 0.697777 -7.999994 -0.018332 0.068414 0.997488 0.186665 0.627529
0.267949 -1.000002 -7.999994 0.584897 -0.337629 0.737497 0.188620 0.617237
-0.398073 -0.700001 -7.999994 -0.061338 0.035414 0.997489 0.185134 0.615914
1.000002 -0.267949 -7.999994 0.337629 -0.584897 0.737497 0.188620 0.622518
1.482364 -0.068150 -7.999994 0.174729 -0.652271 0.737572 0.189640 0.624980
0.700001 0.398073 -7.999994 -0.035414 0.061338 0.997489 0.185135 0.623837
0.585787 -0.585787 -7.999994 0.477577 -0.477577 0.737456 0.188272 0.619877
0.078682 -0.078682 -7.999994 -0.050082 0.050082 0.997489 0.184613 0.619875
2.000000 0.000000 -7.999994 0.045188 -0.690330 0.722082 0.191262 0.627094
79.209656 2.799999 -19.038004 0.126764 0.736434 -0.664526 0.263851 0.043324
78.649414 2.799999 -19.220034 0.288044 0.736438 -0.612119 0.264780 0.046182
75.685936 2.799999 -5.606605 -0.042477 0.736436 0.675173 0.195295 0.061304
28.852060 2.799999 -25.032354 0.431222 0.736434 0.521260 0.294436 0.300284
13.609191 2.799999 -24.758303 -0.362490 0.736433 0.571198 0.293033 0.378064
14.063081 2.799999 -24.382820 -0.493151 0.736437 0.463101 0.291117 0.375748
77.318535 2.799999 -21.051844 0.671174 0.736435 -0.084788 0.274130 0.052974
64.726173 2.799999 -23.435293 -0.655251 0.736438 -0.168240 0.286292 0.117229
64.509315 2.799999 -22.887592 -0.592829 0.736434 -0.325914 0.283497 0.118335
77.152046 2.799999 23.132236 0.431226 0.736438 -0.521252 0.048609 0.053823
64.509315 2.799999 25.151848 -0.592829 0.736434 -0.325913 0.038298 0.118335
64.163071 2.799999 25.628416 -0.493149 0.736437 -0.463102 0.035865 0.120102
77.465027 2.799999 -20.481285 0.628999 0.736437 -0.249040 0.271217 0.052226
81.904305 2.799999 32.655926 0.279194 0.630265 0.724443 0.000000 0.029574
79.797554 2.799999 -19.001015 -0.042475 0.736435 -0.675173 0.263663 0.040324
77.003242 2.799999 -5.355315 -0.209053 0.736436 0.643397 0.194013 0.054582
10.448810 2.799999 24.155436 0.547309 0.736436 -0.397637 0.043371 0.394190
2.200000 2.799999 30.550005 -0.184425 0.980869 0.062316 0.010731 0.436282
10.852050 2.799999 24.584846 0.431222 0.736436 -0.521257 0.041180 0.392133
11.349421 2.799999 24.900486 0.288042 0.736435 -0.612123 0.039569 0.389595
2.200000 2.799999 30.674303 -0.056198 0.717558 0.694228 0.010096 0.436282
78.216675 2.799999 -4.784314 -0.362493 0.736435 0.571193 0.191098 0.048391
76.748817 2.799999 22.702826 0.547311 0.736432 -0.397641 0.050801 0.055881
64.726173 2.799999 24.604143 -0.655252 0.736438 -0.168239 0.041093 0.117229
10.165032 2.799999 23.639235 0.629004 0.736433 -0.249041 0.046006 0.395638
77.318535 2.799999 -21.640913 0.671174 0.736435 0.084787 0.277136 0.052974
64.799995 2.799999 -24.019712 -0.676511 0.736433 -0.000000 0.289275 0.116852
77.649414 2.799999 23.447876 0.288041 0.736436 -0.612123 0.046998 0.051285
11.909651 2.799999 25.082516 0.126764 0.736436 -0.664525 0.038640 0.386736
80.376205 2.799999 -19.111395 -0.209052 0.736437 -0.643395 0.264226 0.037371
76.465027 2.799999 22.186625 0.628999 0.736437 -0.249040 0.053435 0.057329
64.799995 2.799999 24.019724 -0.676511 0.736432 -0.000000 0.044076 0.116852
10.018531 2.799999 23.068676 0.671171 0.736437 -0.084793 0.048918 0.396386
12.497561 2.799999 25.119503 -0.042479 0.736435 -0.675173 0.038451 0.383736
79.249977 2.799999 -3.929485 -0.493154 0.736435 0.463100 0.186736 0.043118
10.018531 2.799999 22.479614 0.671171 0.736437 0.084793 0.051925 0.396386
77.465027 2.799999 -22.211475 0.628998 0.736438 0.249040 0.280049 0.052226
13.076192 2.799999 25.009123 -0.209052 0.736435 -0.643398 0.039015 0.380783
64.726173 2.799999 -24.604134 -0.655251 0.736439 0.168240 0.292258 0.117229
78.209656 2.799999 23.629906 0.126759 0.736436 -0.664526 0.046069 0.048426
29.349421 2.799999 -25.347990 0.288046 0.736434 0.612122 0.296047 0.297746
2.200000 2.799999 -30.674303 -0.583814 0.578667 -0.569479 0.323227 0.436282
13.076192 2.799999 -25.009115 -0.209055 0.736435 0.643397 0.294313 0.380783
80.909195 2.799999 -19.362206 -0.362494 0.736434 -0.571194 0.265506 0.034651
77.748817 2.799999 -22.727674 0.547305 0.736434 0.397645 0.282683 0.050778
76.318535 2.799999 21.616066 0.671174 0.736435 -0.084788 0.056347 0.058076
64.726173 2.799999 23.435305 -0.655251 0.736438 0.168240 0.047059 0.117229
64.509315 2.799999 -25.151834 -0.592828 0.736434 0.325915 0.295054 0.118335
81.363083 2.799999 -19.737694 -0.493154 0.736436 -0.463099 0.267423 0.032335
80.038231 2.799999 -2.844544 -0.592828 0.736435 0.325913 0.181198 0.039096
78.797562 2.799999 23.666887 -0.042482 0.736434 -0.675174 0.045880 0.045426
78.152061 2.799999 -23.157085 0.431227 0.736434 0.521257 0.284875 0.048720
76.318535 2.799999 21.026997 0.671174 0.736435 0.084787 0.059354 0.058076
64.509315 2.799999 22.887604 -0.592829 0.736434 0.325914 0.049855 0.118335
81.709328 2.799999 -20.214266 -0.592831 0.736435 -0.325907 0.269856 0.030569
80.531921 2.799999 -1.597654 -0.655252 0.736437 0.168242 0.174834 0.036577
29.909651 2.799999 -25.530024 0.126766 0.736436 0.664524 0.296976 0.294887
79.376190 2.799999 23.556507 -0.209050 0.736434 -0.643400 0.046444 0.042474
2.200000 2.799999 10.000008 -0.064971 0.995750 -0.065268 0.115620 0.436282
10.165032 2.799999 21.909056 0.629005 0.736432 0.249039 0.054837 0.395638
10.448810 2.799999 21.392847 0.547309 0.736437 0.397635 0.057472 0.394190
10.852050 2.799999 20.963436 0.431222 0.736436 0.521257 0.059664 0.392133
11.349421 2.799999 20.647797 0.288042 0.736435 0.612123 0.061275 0.389595
11.909651 2.799999 20.465767 0.126767 0.736435 0.664525 0.062204 0.386736
12.497561 2.799999 20.428776 -0.042482 0.736438 0.675170 0.062393 0.383736
76.465027 2.799999 20.456434 0.628998 0.736438 0.249040 0.062266 0.057329
64.163071 2.799999 22.411036 -0.493149 0.736437 0.463102 0.052287 0.120102
13.076192 2.799999 20.539165 -0.209059 0.736434 0.643397 0.061830 0.380783
79.909187 2.799999 23.305704 -0.362486 0.736436 -0.571197 0.047724 0.039754
81.904305 2.799999 -32.655903 0.279189 0.630265 -0.724445 0.333359 0.029574
78.649414 2.799999 -23.472725 0.288044 0.736438 0.612119 0.286486 0.046182
28.852060 2.799999 25.032366 0.431223 0.736434 -0.521260 0.038899 0.300284
14.063081 2.799999 24.382824 -0.493153 0.736435 -0.463102 0.042211 0.375748
13.609191 2.799999 24.758314 -0.362490 0.736435 -0.571195 0.040295 0.378064
79.209656 2.799999 -23.654755 0.126763 0.736435 0.664526 0.287416 0.043324
79.797554 2.799999 -23.691742 -0.042475 0.736434 0.675174 0.287605 0.040324
80.376205 2.799999 -23.581364 -0.209052 0.736438 0.643395 0.287041 0.037371
76.748817 2.799999 19.940237 0.547311 0.736432 0.397642 0.064901 0.055881
63.709183 2.799999 22.035557 -0.362494 0.736432 0.571197 0.054203 0.122418
80.909195 2.799999 -23.330551 -0.362494 0.736434 0.571195 0.285761 0.034651
28.448811 2.799999 24.602955 0.547304 0.736436 -0.397643 0.041091 0.302341
62.009659 2.799999 -26.328089 0.126766 0.736435 0.664525 0.301057 0.131090
62.597557 2.799999 -26.365078 -0.042479 0.736436 0.675172 0.301246 0.128090
63.176186 2.799999 -26.254696 -0.209055 0.736435 0.643396 0.300682 0.125138
63.709183 2.799999 -26.003883 -0.362491 0.736434 0.571196 0.299402 0.122418
64.163071 2.799999 -25.628399 -0.493151 0.736436 0.463103 0.297486 0.120102
14.409321 2.799999 23.906267 -0.592828 0.736436 -0.325911 0.044644 0.373981
87.699997 2.799999 -27.141392 0.715053 0.628223 -0.306650 0.305214 -0.000000
82.000000 2.799999 -21.346384 -0.676508 0.736435 0.000001 0.275634 0.029085
81.926170 2.799999 -20.761953 -0.655255 0.736435 -0.168239 0.272651 0.029462
29.349421 2.799999 25.348005 0.288045 0.736436 -0.612121 0.037289 0.297746
81.363083 2.799999 -22.955065 -0.493151 0.736435 0.463104 0.283845 0.032335
80.699997 2.799999 -0.267154 -0.676509 0.736434 -0.000000 0.168043 0.035719
81.709328 2.799999 -22.478504 -0.592828 0.736437 0.325907 0.281412 0.030569
81.926170 2.799999 -21.930805 -0.655256 0.736434 0.168238 0.278617 0.029462
87.699997 2.799999 27.141405 0.715054 0.628223 0.306650 0.028148 -0.000000
28.165022 2.799999 24.086746 0.629001 0.736436 -0.249039 0.043726 0.303790
45.152050 2.799999 -14.713995 0.431222 0.736436 -0.521258 0.241773 0.217110
44.748810 2.799999 -15.143404 0.547308 0.736437 -0.397635 0.243965 0.219167
14.626171 2.799999 23.358566 -0.655254 0.736435 -0.168241 0.047440 0.372874
30.497562 2.799999 -20.876286 -0.042477 0.736435 -0.675173 0.273223 0.291887
29.909651 2.799999 -20.913275 0.126765 0.736435 -0.664525 0.273412 0.294887
29.349421 2.799999 -21.095304 0.288045 0.736436 -0.612121 0.274341 0.297746
13.076192 2.799999 -20.539156 -0.209052 0.736435 -0.643398 0.271498 0.380783
13.609191 2.799999 -20.789965 -0.362487 0.736434 -0.571199 0.272778 0.378064
30.497562 2.799999 -25.567011 -0.042479 0.736435 0.675173 0.297165 0.291887
31.076193 2.799999 -25.456631 -0.209053 0.736437 0.643395 0.296602 0.288935
29.909651 2.799999 25.530035 0.126767 0.736435 -0.664525 0.036360 0.294887
61.449421 2.799999 -26.146057 0.288045 0.736436 0.612121 0.300127 0.133949
28.018530 2.799999 23.516195 0.671174 0.736435 -0.084789 0.046638 0.304537
14.700001 2.799999 22.774147 -0.676508 0.736436 -0.000000 0.050422 0.372498
30.497562 2.799999 25.567026 -0.042483 0.736438 -0.675169 0.036171 0.291887
28.018530 2.799999 22.927126 0.671174 0.736435 0.084787 0.049645 0.304537
14.626171 2.799999 22.189728 -0.655255 0.736435 0.168240 0.053405 0.372874
28.165022 2.799999 22.356564 0.628999 0.736437 0.249040 0.052557 0.303790
14.409321 2.799999 21.642023 -0.592831 0.736435 0.325907 0.056201 0.373981
28.448811 2.799999 21.840366 0.547303 0.736435 0.397646 0.055192 0.302341
14.063081 2.799999 21.165455 -0.493149 0.736439 0.463101 0.058633 0.375748
28.852060 2.799999 21.410955 0.431224 0.736434 0.521260 0.057384 0.300284
13.609191 2.799999 20.789976 -0.362488 0.736434 0.571199 0.060550 0.378064
31.076193 2.799999 -20.986664 -0.209052 0.736436 -0.643396 0.273786 0.288935
45.649422 2.799999 -14.398355 0.288043 0.736435 -0.612123 0.240162 0.214572
29.349421 2.799999 21.095316 0.288045 0.736436 0.612121 0.058995 0.297746
44.465031 2.799999 -15.659616 0.629005 0.736432 -0.249040 0.246600 0.220615
31.609192 2.799999 -21.237476 -0.362491 0.736434 -0.571196 0.275067 0.286215
46.209652 2.799999 -14.216324 0.126760 0.736438 -0.664523 0.239233 0.211713
44.318531 2.799999 -16.230164 0.671171 0.736437 -0.084793 0.249512 0.221363
32.063084 2.799999 -21.612965 -0.493152 0.736437 -0.463101 0.276983 0.283899
81.000000 2.799999 21.321526 -0.676511 0.736432 -0.000000 0.057852 0.034188
80.926178 2.799999 21.905945 -0.655256 0.736436 -0.168233 0.054869 0.034565
80.709335 2.799999 22.453646 -0.592827 0.736438 -0.325908 0.052073 0.035671
80.363083 2.799999 22.930214 -0.493150 0.736435 -0.463105 0.049641 0.037438
80.709335 2.799999 20.189405 -0.592825 0.736439 0.325909 0.063630 0.035671
80.926178 2.799999 20.737106 -0.655256 0.736436 0.168233 0.060835 0.034565
29.909651 2.799999 20.913286 0.126768 0.736434 0.664526 0.059924 0.294887
30.497562 2.799999 20.876293 -0.042477 0.736437 0.675171 0.060113 0.291887
31.076193 2.799999 20.986675 -0.209055 0.736435 0.643396 0.059550 0.288935
31.609192 2.799999 21.237488 -0.362491 0.736434 0.571196 0.058270 0.286215
32.063084 2.799999 21.612974 -0.493151 0.736437 0.463101 0.056353 0.283899
46.797562 2.799999 -14.179345 -0.042483 0.736433 -0.675175 0.239045 0.208713
45.152050 2.799999 18.335415 0.431222 0.736436 -0.521257 0.073085 0.217110
32.700001 2.799999 23.221655 -0.676508 0.736435 0.000001 0.048142 0.280649
32.626171 2.799999 23.806086 -0.655253 0.736436 -0.168242 0.045159 0.281026
44.318531 2.799999 -16.819235 0.671172 0.736436 0.084791 0.252518 0.221363
32.409321 2.799999 -22.089523 -0.592829 0.736435 -0.325909 0.279416 0.282132
47.376190 2.799999 -14.289723 -0.209050 0.736435 -0.643399 0.239608 0.205761
44.748810 2.799999 17.906004 0.547308 0.736435 -0.397639 0.075277 0.219167
32.626171 2.799999 22.637236 -0.655254 0.736435 0.168241 0.051125 0.281026
45.649422 2.799999 18.651054 0.288042 0.736435 -0.612123 0.071474 0.214572
32.409321 2.799999 24.353775 -0.592833 0.736432 -0.325909 0.042364 0.282132
44.465031 2.799999 -17.389795 0.629002 0.736434 0.249041 0.255431 0.220615
32.626171 2.799999 -22.637224 -0.655254 0.736435 -0.168241 0.282211 0.281026
44.465031 2.799999 17.389807 0.629002 0.736434 -0.249041 0.077912 0.220615
47.909199 2.799999 -14.540534 -0.362490 0.736437 -0.571194 0.240888 0.203041
32.409321 2.799999 22.089535 -0.592830 0.736435 0.325909 0.053921 0.282132
46.209652 2.799999 18.833084 0.126767 0.736435 -0.664525 0.070545 0.211713
32.063084 2.799999 24.830347 -0.493149 0.736440 -0.463098 0.039931 0.283899
44.748810 2.799999 -17.905993 0.547308 0.736435 0.397639 0.258065 0.219167
32.700001 2.799999 -23.221647 -0.676508 0.736436 0.000000 0.285194 0.280649
44.318531 2.799999 16.819244 0.671172 0.736436 -0.084791 0.080824 0.221363
48.363071 2.799999 -14.916014 -0.493155 0.736435 -0.463101 0.242805 0.200725
46.797562 2.799999 18.870075 -0.042477 0.736437 -0.675172 0.070357 0.208713
45.152050 2.799999 -18.335403 0.431223 0.736436 0.521257 0.260257 0.217110
44.318531 2.799999 16.230175 0.671171 0.736437 0.084793 0.083830 0.221363
32.626171 2.799999 -23.806067 -0.655254 0.736435 0.168241 0.288177 0.281026
48.709320 2.799999 -15.392585 -0.592829 0.736435 -0.325910 0.245238 0.198958
44.465031 2.799999 15.659625 0.629005 0.736432 0.249040 0.086743 0.220615
45.649422 2.799999 -18.651045 0.288043 0.736435 0.612123 0.261868 0.214572
32.409321 2.799999 -24.353769 -0.592830 0.736435 0.325908 0.290973 0.282132
44.748810 2.799999 15.143414 0.547309 0.736437 0.397635 0.089377 0.219167
48.926170 2.799999 -15.940285 -0.655254 0.736435 -0.168243 0.248033 0.197851
46.209652 2.799999 -18.833075 0.126767 0.736435 0.664525 0.262798 0.211713
32.063084 2.799999 -24.830332 -0.493151 0.736438 0.463100 0.293405 0.283899
45.152050 2.799999 14.714005 0.431222 0.736436 0.521257 0.091569 0.217110
46.797562 2.799999 -18.870066 -0.042477 0.736436 0.675172 0.262987 0.208713
45.649422 2.799999 14.398364 0.288042 0.736435 0.612123 0.093180 0.214572
10.448810 2.799999 -21.392836 0.547309 0.736437 -0.397635 0.275855 0.394190
10.852050 2.799999 -20.963425 0.431222 0.736436 -0.521257 0.273663 0.392133
11.349421 2.799999 -20.647785 0.288042 0.736435 -0.612123 0.272052 0.389595
10.165032 2.799999 -21.909044 0.629005 0.736432 -0.249040 0.278490 0.395638
11.909651 2.799999 -20.465755 0.126760 0.736437 -0.664524 0.271123 0.386736
71.939781 2.799999 3.855085 0.431224 0.736435 -0.521258 0.147001 0.080420
62.597557 2.799999 21.674366 -0.042472 0.736434 0.675175 0.056047 0.128090
63.176186 2.799999 21.784737 -0.209052 0.736439 0.643393 0.055484 0.125138
10.018531 2.799999 -22.479595 0.671171 0.736437 -0.084794 0.281402 0.396386
2.200000 2.799999 -30.549994 -0.329602 0.902697 -0.276588 0.322592 0.436282
71.021767 2.799999 2.877494 0.547307 0.736435 -0.397643 0.151990 0.085104
12.497561 2.799999 -20.428776 -0.042484 0.736434 -0.675174 0.270935 0.383736
73.072075 2.799999 4.573664 0.288043 0.736436 -0.612122 0.143333 0.074642
77.152046 2.799999 19.510826 0.431226 0.736438 0.521252 0.067093 0.053823
10.018531 2.799999 -23.068666 0.671171 0.736437 0.084792 0.284408 0.396386
70.375694 2.799999 1.702307 0.629000 0.736436 -0.249039 0.157988 0.088401
74.347511 2.799999 4.988076 0.126765 0.736435 -0.664525 0.141218 0.068134
77.649414 2.799999 19.195187 0.288041 0.736436 0.612123 0.068704 0.051285
70.042191 2.799999 0.403376 0.671174 0.736435 -0.084788 0.164618 0.090103
10.165032 2.799999 -23.639227 0.629003 0.736433 0.249040 0.287321 0.395638
75.685936 2.799999 5.072286 -0.042477 0.736436 -0.675173 0.140789 0.061304
78.209656 2.799999 19.013157 0.126765 0.736434 0.664527 0.069633 0.048426
10.448810 2.799999 -24.155428 0.547309 0.736436 0.397637 0.289955 0.394190
60.952065 2.799999 25.830435 0.431225 0.736433 -0.521259 0.034833 0.136487
31.609192 2.799999 25.205826 -0.362487 0.736433 -0.571200 0.038015 0.286215
70.042191 2.799999 -0.937695 0.671174 0.736435 0.084788 0.171463 0.090103
77.003242 2.799999 4.820997 -0.209053 0.736435 -0.643397 0.142072 0.054582
78.797562 2.799999 18.976166 -0.042477 0.736436 0.675172 0.069822 0.045426
79.376190 2.799999 19.086546 -0.209053 0.736435 0.643398 0.069259 0.042474
60.548809 2.799999 25.401016 0.547304 0.736436 -0.397644 0.037025 0.138545
70.375694 2.799999 -2.236625 0.628999 0.736437 0.249040 0.178093 0.088401
78.216675 2.799999 4.249996 -0.362493 0.736436 -0.571192 0.144986 0.048391
79.909187 2.799999 19.337355 -0.362489 0.736435 0.571196 0.067979 0.039754
61.449421 2.799999 26.146074 0.288040 0.736438 -0.612121 0.033222 0.133949
31.076193 2.799999 25.456635 -0.209059 0.736433 -0.643398 0.036734 0.288935
71.021767 2.799999 -3.411805 0.547308 0.736434 0.397643 0.184091 0.085104
60.265022 2.799999 24.884815 0.629000 0.736436 -0.249039 0.039660 0.139993
79.249977 2.799999 3.395164 -0.493155 0.736435 -0.463101 0.149350 0.043118
47.376190 2.799999 18.759695 -0.209050 0.736434 -0.643399 0.070920 0.205761
80.363083 2.799999 19.712845 -0.493149 0.736435 0.463107 0.066063 0.037438
10.852050 2.799999 -24.584839 0.431221 0.736437 0.521257 0.292147 0.392133
62.009659 2.799999 26.328096 0.126759 0.736436 -0.664526 0.032293 0.131090
80.038231 2.799999 2.310226 -0.592828 0.736435 -0.325913 0.154888 0.039096
60.118530 2.799999 24.314257 0.671174 0.736435 -0.084788 0.042572 0.140740
47.909199 2.799999 18.508886 -0.362492 0.736439 -0.571190 0.072200 0.203041
11.349421 2.799999 -24.900476 0.288042 0.736435 0.612123 0.293758 0.389595
80.531921 2.799999 1.063334 -0.655252 0.736437 -0.168242 0.161252 0.036577
60.118530 2.799999 23.725195 0.671174 0.736435 0.084788 0.045579 0.140740
48.363071 2.799999 18.133396 -0.493158 0.736432 -0.463102 0.074117 0.200725
11.909651 2.799999 -25.082508 0.126766 0.736436 0.664525 0.294688 0.386736
60.265022 2.799999 23.154636 0.629001 0.736436 0.249037 0.048491 0.139993
48.709320 2.799999 17.656836 -0.592826 0.736437 -0.325913 0.076550 0.198958
60.952065 2.799999 -22.209005 0.431219 0.736434 -0.521263 0.280032 0.136487
48.926170 2.799999 -17.109123 -0.655254 0.736435 0.168243 0.253999 0.197851
49.000004 2.799999 -16.524704 -0.676505 0.736438 0.000000 0.251016 0.197475
12.497561 2.799999 -25.119497 -0.042479 0.736436 0.675172 0.294877 0.383736
60.548809 2.799999 22.638428 0.547302 0.736437 0.397644 0.051126 0.138545
48.926170 2.799999 17.109135 -0.655254 0.736435 -0.168243 0.079345 0.197851
60.548809 2.799999 -22.638416 0.547302 0.736437 -0.397645 0.282224 0.138545
48.709320 2.799999 -17.656824 -0.592826 0.736436 0.325913 0.256795 0.198958
61.449421 2.799999 -21.893375 0.288047 0.736434 -0.612123 0.278421 0.133949
60.265022 2.799999 -23.154621 0.629001 0.736436 -0.249038 0.284859 0.139993
48.363071 2.799999 -18.133385 -0.493158 0.736432 0.463102 0.259227 0.200725
60.952065 2.799999 22.209017 0.431223 0.736432 0.521262 0.053317 0.136487
49.000004 2.799999 16.524715 -0.676506 0.736437 -0.000000 0.082328 0.197475
62.009659 2.799999 -21.711334 0.126765 0.736439 -0.664521 0.277492 0.131090
61.449421 2.799999 21.893377 0.288040 0.736439 0.612120 0.054929 0.133949
48.926170 2.799999 15.940295 -0.655254 0.736435 0.168244 0.085311 0.197851
60.118530 2.799999 -23.725180 0.671174 0.736435 -0.084788 0.287771 0.140740
47.909199 2.799999 -18.508875 -0.362493 0.736439 0.571189 0.261143 0.203041
62.597557 2.799999 -21.674355 -0.042484 0.736435 -0.675173 0.277304 0.128090
71.939781 2.799999 -4.389405 0.431224 0.736436 0.521256 0.189081 0.080420
46.209652 2.799999 14.216335 0.126764 0.736435 0.664525 0.094110 0.211713
46.797562 2.799999 14.179347 -0.042483 0.736437 0.675171 0.094299 0.208713
47.376190 2.799999 14.289735 -0.209055 0.736433 0.643400 0.093735 0.205761
47.909199 2.799999 14.540544 -0.362490 0.736438 0.571192 0.092455 0.203041
48.363071 2.799999 14.916027 -0.493156 0.736434 0.463100 0.090539 0.200725
48.709320 2.799999 15.392596 -0.592828 0.736435 0.325911 0.088106 0.198958
60.118530 2.799999 -24.314245 0.671174 0.736435 0.084787 0.290777 0.140740
47.376190 2.799999 -18.759686 -0.209051 0.736435 0.643399 0.262423 0.205761
62.009659 2.799999 21.711355 0.126761 0.736433 0.664528 0.055858 0.131090
63.176186 2.799999 -21.784737 -0.209054 0.736435 -0.643397 0.277867 0.125138
73.072075 2.799999 -5.107984 0.288043 0.736436 0.612122 0.192749 0.074642
60.265022 2.799999 -24.884808 0.628999 0.736437 0.249038 0.293690 0.139993
63.709183 2.799999 -22.035545 -0.362488 0.736434 -0.571198 0.279147 0.122418
60.548809 2.799999 -25.401009 0.547301 0.736437 0.397646 0.296324 0.138545
63.709183 2.799999 26.003895 -0.362488 0.736434 -0.571198 0.033949 0.122418
63.176186 2.799999 26.254704 -0.209053 0.736435 -0.643398 0.032668 0.125138
62.597557 2.799999 26.365084 -0.042479 0.736436 -0.675173 0.032105 0.128090
60.952065 2.799999 -25.830420 0.431223 0.736432 0.521262 0.298516 0.136487
31.609192 2.799999 -25.205818 -0.362491 0.736433 0.571197 0.295322 0.286215
28.852060 2.799999 -21.410944 0.431224 0.736434 -0.521260 0.275952 0.300284
14.063081 2.799999 -21.165443 -0.493150 0.736439 -0.463100 0.274695 0.375748
28.448811 2.799999 -21.840355 0.547303 0.736436 -0.397646 0.278143 0.302341
14.409321 2.799999 -21.642014 -0.592831 0.736434 -0.325907 0.277128 0.373981
28.165022 2.799999 -22.356554 0.628999 0.736437 -0.249040 0.280778 0.303790
14.626171 2.799999 -22.189716 -0.655254 0.736435 -0.168241 0.279923 0.372874
28.018530 2.799999 -22.927114 0.671174 0.736435 -0.084787 0.283690 0.304537
14.700001 2.799999 -22.774136 -0.676508 0.736436 -0.000000 0.282906 0.372498
28.018530 2.799999 -23.516180 0.671174 0.736435 0.084787 0.286697 0.304537
14.626171 2.799999 -23.358555 -0.655254 0.736435 0.168241 0.285889 0.372874
77.748817 2.799999 -19.965084 0.547305 0.736434 -0.397645 0.268583 0.050778
74.347511 2.799999 -5.522395 0.126765 0.736435 0.664525 0.194865 0.068134
78.152061 2.799999 -19.535673 0.431227 0.736434 -0.521257 0.266391 0.048720
64.163071 2.799999 -22.411024 -0.493149 0.736437 -0.463103 0.281064 0.120102
28.165022 2.799999 -24.086740 0.629000 0.736437 0.249039 0.289609 0.303790
14.409321 2.799999 -23.906256 -0.592830 0.736435 0.325909 0.288685 0.373981
28.448811 2.799999 -24.602942 0.547304 0.736435 0.397645 0.292244 0.302341
2.200000 1.317635 8.068153 -0.017667 0.263816 -0.964411 0.009902 0.606040
2.200000 1.800001 8.267956 -0.033297 0.503745 -0.863211 0.008135 0.604268
2.200000 2.214212 8.585793 -0.046564 0.709000 -0.703669 0.122844 0.436352
2.200000 2.214212 8.585793 -0.046564 0.709000 -0.703669 0.006599 0.602722
2.200000 2.532050 9.000005 -0.056638 0.865956 -0.496902 0.120727 0.436314
2.200000 2.731852 9.482367 -0.062919 0.964365 -0.256985 0.118263 0.436290
-0.921320 0.921320 8.585793 -0.503783 0.503783 -0.701717 -0.000000 0.618649
-0.007104 1.622818 8.585793 -0.356227 0.617005 -0.701717 0.000768 0.612820
-0.628427 0.628427 8.267956 -0.359258 0.359258 -0.861317 0.002155 0.618701
-0.921320 0.921320 8.585793 -0.503783 0.503783 -0.701717 0.122856 0.452435
-0.166025 1.898076 9.000005 -0.434344 0.752306 -0.495360 0.120733 0.448463
-0.007104 1.622818 8.585793 -0.356227 0.617005 -0.701717 0.122849 0.447685
-0.265926 2.071109 9.482367 -0.483319 0.837134 -0.256144 0.118269 0.448952
-1.335531 1.335531 10.000008 -0.705564 0.705564 -0.066029 0.115634 0.454498
-0.299998 2.130125 10.000008 -0.498822 0.864198 -0.065870 0.115626 0.449119
0.923544 2.563801 9.482367 -0.250185 0.933701 -0.256146 0.118264 0.442823
-1.264103 -0.200000 8.267956 -0.440000 0.254035 -0.861317 0.002850 0.623982
-0.287347 0.287347 8.068153 -0.190147 0.190147 -0.963166 0.004643 0.618733
-0.846364 -0.441182 8.068153 -0.232881 0.134453 -0.963166 0.005254 0.623377
-1.146063 1.146063 9.000005 -0.614256 0.614256 -0.495358 0.120740 0.453554
-1.197778 -1.289569 8.068153 -0.259746 0.069598 -0.963166 0.007046 0.627703
-1.317635 -2.200000 8.068153 -0.263743 0.017781 -0.964429 0.009898 0.631418
-1.622818 0.007104 8.585793 -0.617005 0.356227 -0.701717 0.000767 0.624477
-1.287345 1.287345 9.482367 -0.683517 0.683516 -0.256146 0.548342 0.454248
-2.130125 0.299998 10.000008 -0.864198 0.498822 -0.065870 0.550984 0.449097
-1.335531 1.335531 10.000008 -0.705564 0.705564 -0.066029 0.550984 0.454488
-1.287345 1.287345 9.482367 -0.683517 0.683516 -0.256146 0.118276 0.454258
-1.663703 -1.164723 8.267956 -0.490754 0.131497 -0.861318 0.004888 0.628902
-1.800001 -2.200000 8.267956 -0.503826 0.033379 -0.863160 0.008131 0.633126
-2.214212 -2.200000 8.585793 -0.708972 0.046560 -0.703698 0.006594 0.634567
0.905905 2.629627 10.000008 -0.258173 0.963872 -0.065556 0.115622 0.442905
-1.898076 0.166025 9.000005 -0.752306 0.434344 -0.495360 0.545880 0.448445
-0.921320 0.921320 8.585793 -0.503783 0.503783 -0.701717 0.543766 0.452430
-1.622818 0.007104 8.585793 -0.617005 0.356227 -0.701717 0.543766 0.447671
-1.146063 1.146063 9.000005 -0.614256 0.614256 -0.495358 0.545880 0.453546
-2.063803 -1.057517 8.585793 -0.688180 0.184398 -0.701716 0.003016 0.629906
-2.063803 -1.057517 8.585793 -0.688180 0.184398 -0.701716 0.543766 0.442179
-2.214212 -2.200000 8.585793 -0.708972 0.046560 -0.703698 0.543766 0.436330
-2.532050 -2.200000 9.000005 -0.865931 0.056754 -0.496932 0.545880 0.436287
-2.071109 0.265926 9.482367 -0.837133 0.483320 -0.256144 0.548342 0.448931
-2.629627 -0.905905 10.000008 -0.963872 0.258173 -0.065556 0.550984 0.442877
-2.370808 -0.975255 9.000005 -0.839090 0.224834 -0.495357 0.545880 0.442558
-2.563801 -0.923544 9.482367 -0.933701 0.250184 -0.256146 0.548342 0.442796
-2.731852 -2.200000 9.482367 -0.964353 0.063101 -0.256985 0.548342 0.436260
-2.799999 -2.200000 10.000008 -0.995748 0.065061 -0.065209 0.550984 0.436251
1.289569 1.197778 8.068153 -0.069599 0.259746 -0.963166 0.007049 0.609759
1.164723 1.663703 8.267956 -0.131497 0.490754 -0.861318 0.004891 0.608496
0.441182 0.846364 8.068153 -0.134454 0.232881 -0.963166 0.005255 0.614088
1.057517 2.063803 8.585793 -0.184398 0.688180 -0.701716 0.122845 0.442200
1.057517 2.063803 8.585793 -0.184398 0.688180 -0.701716 0.003019 0.607388
0.200000 1.264103 8.267956 -0.254035 0.440000 -0.861317 0.002852 0.613419
0.975255 2.370808 9.000005 -0.224834 0.839090 -0.495357 0.120728 0.442583
-0.799999 -31.911310 8.000007 -0.767427 0.078955 -0.636257 0.540776 0.284923
-0.799999 -31.911310 -7.999994 -0.767431 0.078954 0.636252 0.459110 0.284923
-2.799999 -48.200001 -7.999994 -0.998135 0.061049 -0.000000 0.459110 0.201543
-2.241637 -43.652519 -8.613754 -0.952883 0.065515 0.296179 0.455977 0.224821
-2.618443 -46.721352 -9.167375 -0.983978 0.065042 0.166003 0.453151 0.209112
-2.745632 -47.757229 -9.536843 -0.993214 0.065767 0.095916 0.451266 0.203809
-2.779145 -48.030159 -9.711925 -0.995955 0.065773 0.061222 0.450372 0.202412
-2.791569 -48.131332 -9.816545 -0.997054 0.065612 0.039734 0.449838 0.201894
-2.797011 -48.175682 -9.890744 -0.997568 0.065288 0.024414 0.449459 0.201667
-2.799250 -48.193920 -9.945355 -0.997792 0.065357 0.011832 0.449180 0.201574
-2.799999 -48.200001 -9.999994 -0.999993 0.002172 0.003184 0.448902 0.201543
-1.583423 -38.291790 8.159825 -0.880828 0.069818 -0.468260 0.541592 0.252262
-1.583423 -38.291790 -8.159823 -0.880828 0.069818 0.468261 0.458294 0.252262
-2.241637 -43.652519 8.613756 -0.952884 0.065515 -0.296175 0.543908 0.224821
-2.799999 -48.200001 8.000007 -0.998135 0.061049 0.000000 0.540776 0.201543
-2.618443 -46.721352 9.167386 -0.983978 0.065042 -0.166002 0.546734 0.209112
-2.745632 -47.757229 9.536857 -0.993215 0.065767 -0.095912 0.548620 0.203809
-2.779145 -48.030159 9.711946 -0.995955 0.065771 -0.061227 0.549514 0.202412
-2.791569 -48.131332 9.816555 -0.997054 0.065613 -0.039735 0.550048 0.201894
-2.797011 -48.175682 9.890756 -0.997568 0.065288 -0.024415 0.550426 0.201667
-2.799250 -48.193920 9.945365 -0.997792 0.065358 -0.011832 0.550705 0.201574
-2.799999 -48.200001 10.000008 -0.999993 0.002172 -0.003184 0.550984 0.201543
-1.583423 -38.291790 8.159825 -0.880828 0.069818 -0.468260 0.139125 0.762462
-2.241637 -43.652519 8.613756 -0.952884 0.065515 -0.296175 0.156028 0.784086
14.063081 0.000000 -21.165443 -0.493150 -0.736439 -0.463100 0.941351 0.068834
28.852060 0.000000 -21.410944 0.431224 -0.736434 -0.521260 0.942604 0.144305
32.406471 0.000000 -10.999994 0.035250 -0.923035 -0.383098 0.889466 0.162444
13.609191 0.000000 -20.789965 -0.362487 -0.736434 -0.571199 0.939435 0.066518
14.409321 0.000000 -21.642014 -0.592831 -0.736434 -0.325907 0.943784 0.070601
28.448811 0.000000 -21.840355 0.547303 -0.736436 -0.397646 0.944796 0.142248
28.165022 0.000000 -22.356554 0.628999 -0.736437 -0.249040 0.947431 0.140799
79.909187 0.000000 23.305704 -0.362486 -0.736436 -0.571197 0.714365 0.404860
80.363083 0.000000 22.930214 -0.493150 -0.736435 -0.463105 0.716282 0.407176
87.699997 0.000000 27.141405 0.715054 -0.628223 0.306650 0.694787 0.444618
81.904305 0.000000 32.655926 0.279191 -0.630259 0.724449 0.666640 0.415041
80.709335 0.000000 22.453646 -0.592827 -0.736438 -0.325908 0.718714 0.408943
32.409321 0.000000 22.089535 -0.592830 -0.736435 0.325909 0.720572 0.162459
44.465031 0.000000 17.389807 0.629002 -0.736434 -0.249041 0.744560 0.223981
32.626171 0.000000 22.637236 -0.655254 -0.736435 0.168241 0.717777 0.163565
44.318531 0.000000 16.819244 0.671172 -0.736436 -0.084791 0.747473 0.223234
13.076192 0.000000 -20.539156 -0.209052 -0.736435 -0.643398 0.938155 0.063798
79.376190 0.000000 23.556507 -0.209050 -0.736434 -0.643399 0.713085 0.402140
14.626171 0.000000 -22.189716 -0.655254 -0.736435 -0.168241 0.946579 0.071708
80.926178 0.000000 21.905945 -0.655256 -0.736436 -0.168233 0.721510 0.410050
28.018530 0.000000 -22.927114 0.671174 -0.736435 -0.084787 0.950343 0.140052
78.797562 0.000000 23.666887 -0.042482 -0.736434 -0.675174 0.712521 0.399187
32.063084 0.000000 21.612974 -0.493151 -0.736437 0.463101 0.723005 0.160692
81.000000 0.000000 21.321526 -0.676511 -0.736432 0.000000 0.724492 0.410426
14.700001 0.000000 -22.774136 -0.676508 -0.736436 0.000000 0.949562 0.072085
28.018530 0.000000 -23.516180 0.671174 -0.736435 0.084787 0.953350 0.140052
78.209656 0.000000 23.629906 0.126759 -0.736436 -0.664526 0.712710 0.396187
80.926178 0.000000 20.737106 -0.655256 -0.736436 0.168233 0.727475 0.410050
14.626171 0.000000 -23.358555 -0.655254 -0.736435 0.168241 0.952545 0.071708
77.649414 0.000000 23.447876 0.288041 -0.736436 -0.612123 0.713639 0.393328
28.165022 0.000000 -24.086740 0.629000 -0.736437 0.249039 0.956262 0.140799
2.200000 0.000000 -10.999994 -0.249885 -0.810288 -0.530086 0.889466 0.008295
2.200000 0.000000 -7.999994 -0.197367 -0.081752 0.976915 0.874153 0.008295
2.000000 0.000000 -7.999994 0.045188 -0.690330 0.722082 0.874153 0.007274
80.709335 0.000000 20.189405 -0.592825 -0.736439 0.325909 0.730271 0.408943
11.909651 0.000000 -20.465755 0.126760 -0.736437 -0.664524 0.937780 0.057845
12.497561 0.000000 -20.428776 -0.042484 -0.736434 -0.675174 0.937591 0.060845
77.152046 0.000000 23.132236 0.431226 -0.736437 -0.521252 0.715250 0.390790
11.349421 0.000000 -20.647785 0.288042 -0.736435 -0.612123 0.938709 0.054986
14.409321 0.000000 -23.906256 -0.592830 -0.736435 0.325909 0.955341 0.070601
28.448811 0.000000 -24.602942 0.547304 -0.736435 0.397645 0.958897 0.142248
10.852050 0.000000 -20.963425 0.431222 -0.736436 -0.521257 0.940320 0.052448
14.063081 0.000000 -24.382820 -0.493151 -0.736437 0.463101 0.957773 0.068834
28.852060 0.000000 -25.032354 0.431222 -0.736434 0.521260 0.961088 0.144305
10.448810 0.000000 -21.392836 0.547309 -0.736437 -0.397635 0.942512 0.050390
13.609191 0.000000 -24.758303 -0.362490 -0.736433 0.571198 0.959690 0.066518
29.349421 0.000000 -25.347990 0.288046 -0.736434 0.612122 0.962700 0.146844
81.904305 0.000000 -32.655903 0.279189 -0.630265 -0.724445 1.000000 0.415041
87.699997 0.000000 -27.141392 0.715053 -0.628223 -0.306650 0.971853 0.444618
80.909195 0.000000 -23.330551 -0.362494 -0.736434 0.571195 0.952402 0.409963
78.649414 0.000000 -23.472725 0.288044 -0.736438 0.612119 0.953128 0.398431
78.152061 0.000000 -23.157085 0.431227 -0.736434 0.521257 0.951517 0.395893
10.165032 0.000000 -21.909044 0.629005 -0.736432 -0.249040 0.945147 0.048942
79.209656 0.000000 -23.654755 0.126763 -0.736435 0.664526 0.954057 0.401290
79.797554 0.000000 -23.691742 -0.042475 -0.736434 0.675174 0.954246 0.404290
80.376205 0.000000 -23.581364 -0.209052 -0.736438 0.643395 0.953682 0.407243
13.076192 0.000000 -25.009115 -0.209055 -0.736435 0.643396 0.960970 0.063798
38.496761 0.000000 10.414215 0.043281 -0.979742 0.195529 0.780165 0.193524
53.200005 0.000000 7.000005 0.027566 -0.999506 0.015076 0.797591 0.268558
46.209652 0.000000 14.216335 0.126764 -0.736435 0.664525 0.760758 0.232885
44.318531 0.000000 16.230175 0.671171 -0.736437 0.084793 0.750479 0.223234
44.465031 0.000000 15.659625 0.629005 -0.736432 0.249040 0.753392 0.223981
10.018531 0.000000 -22.479595 0.671169 -0.736439 -0.084793 0.948059 0.048194
44.748810 0.000000 15.143414 0.547309 -0.736437 0.397635 0.756026 0.225430
45.152050 0.000000 14.714005 0.431222 -0.736436 0.521257 0.758218 0.227487
45.649422 0.000000 14.398364 0.288042 -0.736436 0.612123 0.759829 0.230026
64.163071 0.000000 25.628416 -0.493149 -0.736437 -0.463102 0.702510 0.324504
53.200005 0.000000 -6.999994 0.027566 -0.999506 -0.015076 0.869049 0.268558
70.042191 0.000000 -0.937695 0.671174 -0.736435 0.084788 0.838106 0.354507
70.042191 0.000000 0.403376 0.671174 -0.736435 -0.084788 0.831261 0.354507
70.375694 0.000000 -2.236625 0.628999 -0.736437 0.249040 0.844736 0.356209
71.021767 0.000000 -3.411805 0.547308 -0.736434 0.397643 0.850734 0.359506
63.709183 0.000000 26.003895 -0.362488 -0.736434 -0.571198 0.700593 0.322188
64.509315 0.000000 25.151848 -0.592829 -0.736434 -0.325913 0.704942 0.326271
76.748817 0.000000 22.702826 0.547311 -0.736432 -0.397641 0.717442 0.388732
32.406471 0.000000 11.000006 0.035250 -0.923035 0.383097 0.777175 0.162444
29.349421 0.000000 21.095316 0.288045 -0.736436 0.612121 0.725647 0.146844
28.852060 0.000000 21.410955 0.431224 -0.736434 0.521260 0.724036 0.144305
29.909651 0.000000 20.913286 0.126768 -0.736434 0.664526 0.726576 0.149702
30.497562 0.000000 20.876293 -0.042477 -0.736437 0.675171 0.726765 0.152703
31.076193 0.000000 20.986675 -0.209055 -0.736435 0.643396 0.726202 0.155656
31.609192 0.000000 21.237488 -0.362491 -0.736434 0.571196 0.724921 0.158376
63.176186 0.000000 26.254704 -0.209053 -0.736435 -0.643397 0.699313 0.319468
64.726173 0.000000 24.604143 -0.655252 -0.736438 -0.168239 0.707738 0.327378
2.200000 0.000000 -30.619608 -0.307927 -0.901859 -0.303037 0.989606 0.008295
10.018531 0.000000 -23.068666 0.671172 -0.736437 0.084792 0.951066 0.048194
76.465027 0.000000 22.186625 0.628999 -0.736437 -0.249040 0.720077 0.387284
10.165032 0.000000 -23.639227 0.629003 -0.736433 0.249040 0.953978 0.048942
10.448810 0.000000 -24.155428 0.547309 -0.736436 0.397637 0.956613 0.050390
10.852050 0.000000 -24.584839 0.431221 -0.736437 0.521258 0.958804 0.052448
11.349421 0.000000 -24.900476 0.288042 -0.736437 0.612121 0.960415 0.054986
64.163071 0.000000 -22.411024 -0.493149 -0.736437 -0.463103 0.947709 0.324504
77.465027 0.000000 -20.481285 0.628999 -0.736437 -0.249040 0.937859 0.392387
77.748817 0.000000 -19.965084 0.547305 -0.736434 -0.397645 0.935225 0.393835
2.200000 0.000000 -30.674303 -0.583813 -0.578667 -0.569479 0.989886 0.008295
63.709183 0.000000 -22.035545 -0.362488 -0.736434 -0.571198 0.945792 0.322188
62.597557 0.000000 26.365084 -0.042479 -0.736436 -0.675173 0.698750 0.316515
73.072075 0.000000 -5.107984 0.288043 -0.736436 0.612122 0.859392 0.369969
11.909651 0.000000 -25.082508 0.126766 -0.736436 0.664525 0.961344 0.057845
12.497561 0.000000 -25.119497 -0.042479 -0.736436 0.675172 0.961533 0.060845
29.909651 0.000000 -25.530024 0.126766 -0.736436 0.664524 0.963629 0.149702
64.799995 0.000000 24.019724 -0.676511 -0.736432 0.000000 0.710721 0.327755
76.318535 0.000000 21.616066 0.671174 -0.736435 -0.084788 0.722989 0.386536
64.509315 0.000000 -22.887592 -0.592828 -0.736434 -0.325914 0.950141 0.326271
2.000000 0.000000 -30.619608 0.041392 -0.683094 -0.729157 0.989606 0.007274
77.318535 0.000000 -21.051844 0.671174 -0.736435 -0.084788 0.940771 0.391639
2.200000 0.000000 11.000006 -0.249885 -0.810288 0.530086 0.777175 0.008295
12.497561 0.000000 20.428776 -0.042482 -0.736438 0.675170 0.729049 0.060845
13.076192 0.000000 20.539165 -0.209059 -0.736434 0.643397 0.728486 0.063798
2.000000 0.000000 30.619616 0.041395 -0.683095 0.729156 0.677034 0.007274
2.000000 0.000000 8.000007 0.045188 -0.690330 -0.722082 0.792487 0.007274
30.497562 0.000000 -25.567011 -0.042479 -0.736435 0.675173 0.963817 0.152703
63.176186 0.000000 -21.784737 -0.209054 -0.736435 -0.643397 0.944512 0.319468
62.009659 0.000000 26.328096 0.126759 -0.736436 -0.664526 0.698938 0.313515
31.076193 0.000000 -25.456631 -0.209053 -0.736437 0.643395 0.963254 0.155656
62.009659 0.000000 -26.328089 0.126766 -0.736435 0.664525 0.967702 0.313515
71.939781 0.000000 -4.389405 0.431224 -0.736436 0.521256 0.855724 0.364190
61.449421 0.000000 -26.146057 0.288045 -0.736436 0.612121 0.966773 0.310656
64.726173 0.000000 23.435305 -0.655251 -0.736438 0.168240 0.713704 0.327378
76.318535 0.000000 21.026997 0.671175 -0.736435 0.084787 0.725996 0.386536
64.726173 0.000000 -23.435293 -0.655251 -0.736438 -0.168240 0.952937 0.327378
77.318535 0.000000 -21.640913 0.671174 -0.736435 0.084787 0.943778 0.391639
62.597557 0.000000 -21.674355 -0.042484 -0.736434 -0.675174 0.943949 0.316515
64.509315 0.000000 22.887604 -0.592829 -0.736434 0.325914 0.716499 0.326271
76.465027 0.000000 20.456434 0.628998 -0.736438 0.249040 0.728908 0.387284
64.799995 0.000000 -24.019712 -0.676511 -0.736433 -0.000000 0.955920 0.327755
77.465027 0.000000 -22.211475 0.628998 -0.736438 0.249040 0.946690 0.392387
64.163071 0.000000 22.411036 -0.493149 -0.736437 0.463102 0.718931 0.324504
76.748817 0.000000 19.940237 0.547311 -0.736432 0.397642 0.731543 0.388732
62.009659 0.000000 -21.711334 0.126765 -0.736439 -0.664521 0.944138 0.313515
64.726173 0.000000 -24.604134 -0.655251 -0.736439 0.168240 0.958903 0.327378
63.709183 0.000000 22.035557 -0.362494 -0.736432 0.571197 0.720848 0.322188
77.748817 0.000000 -22.727674 0.547305 -0.736434 0.397645 0.949325 0.393835
61.449421 0.000000 -21.893375 0.288047 -0.736434 -0.612123 0.945067 0.310656
64.509315 0.000000 -25.151834 -0.592828 -0.736434 0.325915 0.961698 0.326271
64.163071 0.000000 -25.628399 -0.493151 -0.736436 0.463103 0.964131 0.324504
14.063081 0.000000 24.382824 -0.493153 -0.736435 -0.463102 0.708867 0.068834
28.448811 0.000000 24.602955 0.547304 -0.736436 -0.397643 0.707744 0.142248
28.852060 0.000000 25.032366 0.431223 -0.736434 -0.521260 0.705552 0.144305
13.609191 0.000000 24.758314 -0.362490 -0.736435 -0.571195 0.706951 0.066518
29.349421 0.000000 25.348005 0.288045 -0.736436 -0.612121 0.703941 0.146844
14.409321 0.000000 23.906267 -0.592828 -0.736435 -0.325911 0.711300 0.070601
28.165022 0.000000 24.086746 0.629001 -0.736436 -0.249039 0.710378 0.140799
13.076192 0.000000 25.009123 -0.209052 -0.736435 -0.643398 0.705671 0.063798
14.626171 0.000000 23.358566 -0.655254 -0.736435 -0.168241 0.714095 0.071708
28.018530 0.000000 23.516195 0.671174 -0.736435 -0.084789 0.713291 0.140052
79.249977 0.000000 3.395164 -0.493155 -0.736435 -0.463101 0.815991 0.401496
80.363083 0.000000 19.712845 -0.493149 -0.736435 0.463107 0.732703 0.407176
79.909187 0.000000 19.337355 -0.362489 -0.736435 0.571196 0.734620 0.404860
78.216675 0.000000 4.249996 -0.362493 -0.736436 -0.571192 0.811628 0.396223
63.709183 0.000000 -26.003883 -0.362491 -0.736434 0.571196 0.966047 0.322188
79.376190 0.000000 19.086546 -0.209053 -0.736435 0.643398 0.735900 0.402140
80.038231 0.000000 2.310226 -0.592828 -0.736435 -0.325913 0.821529 0.405518
14.700001 0.000000 22.774147 -0.676508 -0.736436 0.000000 0.717078 0.072085
28.018530 0.000000 22.927126 0.671174 -0.736435 0.084787 0.716297 0.140052
77.003242 0.000000 4.820997 -0.209053 -0.736435 -0.643397 0.808713 0.390030
78.797562 0.000000 18.976166 -0.042477 -0.736436 0.675172 0.736463 0.399187
78.209656 0.000000 19.013157 0.126765 -0.736434 0.664527 0.736275 0.396187
80.531921 0.000000 1.063334 -0.655252 -0.736437 -0.168242 0.827893 0.408038
63.176186 0.000000 -26.254696 -0.209055 -0.736435 0.643396 0.967327 0.319468
14.626171 0.000000 22.189728 -0.655255 -0.736435 0.168240 0.720061 0.071708
75.685936 0.000000 5.072286 -0.042477 -0.736436 -0.675173 0.807431 0.383308
28.165022 0.000000 22.356564 0.628999 -0.736437 0.249040 0.719209 0.140799
77.649414 0.000000 19.195187 0.288041 -0.736436 0.612123 0.735346 0.393328
80.699997 0.000000 -0.267154 -0.676509 -0.736435 -0.000000 0.834684 0.408895
74.347511 0.000000 4.988076 0.126765 -0.736435 -0.664525 0.807860 0.376477
62.597557 0.000000 -26.365078 -0.042479 -0.736436 0.675172 0.967891 0.316515
14.409321 0.000000 21.642023 -0.592831 -0.736435 0.325907 0.722857 0.070601
28.448811 0.000000 21.840366 0.547303 -0.736435 0.397646 0.721844 0.142248
77.152046 0.000000 19.510826 0.431226 -0.736438 0.521252 0.733735 0.390790
73.072075 0.000000 4.573664 0.288043 -0.736436 -0.612122 0.809976 0.369969
63.176186 0.000000 21.784737 -0.209052 -0.736439 0.643393 0.722128 0.319468
71.939781 0.000000 3.855085 0.431224 -0.736435 -0.521258 0.813643 0.364190
14.063081 0.000000 21.165455 -0.493149 -0.736439 0.463101 0.725289 0.068834
62.597557 0.000000 21.674366 -0.042472 -0.736434 0.675175 0.722692 0.316515
71.021767 0.000000 2.877494 0.547306 -0.736435 -0.397643 0.818633 0.359506
13.609191 0.000000 20.789976 -0.362488 -0.736434 0.571199 0.727206 0.066518
47.909199 0.000000 -14.540534 -0.362490 -0.736437 -0.571194 0.907537 0.241558
48.363071 0.000000 -14.916014 -0.493155 -0.736435 -0.463101 0.909453 0.243874
48.709320 0.000000 -15.392585 -0.592829 -0.736435 -0.325910 0.911886 0.245641
47.376190 0.000000 -14.289723 -0.209050 -0.736435 -0.643399 0.906257 0.238838
48.926170 0.000000 -15.940285 -0.655254 -0.736435 -0.168243 0.914681 0.246747
48.363071 0.000000 18.133396 -0.493158 -0.736432 -0.463102 0.740765 0.243874
60.265022 0.000000 23.154636 0.629001 -0.736436 0.249037 0.715136 0.304612
60.118530 0.000000 23.725195 0.671174 -0.736435 0.084788 0.712224 0.303864
47.909199 0.000000 18.508886 -0.362492 -0.736439 -0.571190 0.738849 0.241558
60.118530 0.000000 24.314257 0.671174 -0.736435 -0.084788 0.709217 0.303864
2.200000 0.000000 30.674303 -0.583815 -0.578664 0.569481 0.676755 0.008295
12.497561 0.000000 25.119503 -0.042479 -0.736435 -0.675173 0.705107 0.060845
11.909651 0.000000 25.082516 0.126764 -0.736436 -0.664525 0.705296 0.057845
11.349421 0.000000 24.900486 0.288042 -0.736435 -0.612123 0.706225 0.054986
48.709320 0.000000 17.656836 -0.592826 -0.736437 -0.325913 0.743198 0.245641
60.548809 0.000000 22.638428 0.547302 -0.736437 0.397644 0.717771 0.306060
30.497562 0.000000 25.567026 -0.042483 -0.736438 -0.675169 0.702823 0.152703
29.909651 0.000000 25.530035 0.126767 -0.736435 -0.664525 0.703012 0.149702
47.376190 0.000000 18.759695 -0.209050 -0.736434 -0.643399 0.737568 0.238838
2.200000 0.000000 30.619616 -0.307927 -0.901859 0.303037 0.677034 0.008295
10.852050 0.000000 24.584846 0.431222 -0.736436 -0.521257 0.707836 0.052448
10.448810 0.000000 24.155436 0.547309 -0.736436 -0.397637 0.710028 0.050390
60.265022 0.000000 24.884815 0.629000 -0.736436 -0.249039 0.706305 0.304612
10.165032 0.000000 23.639235 0.629004 -0.736433 -0.249041 0.712663 0.048942
10.018531 0.000000 23.068676 0.671171 -0.736437 -0.084793 0.715575 0.048194
48.926170 0.000000 17.109135 -0.655254 -0.736435 -0.168243 0.745993 0.246747
60.952065 0.000000 22.209017 0.431223 -0.736432 0.521262 0.719963 0.308118
46.797562 0.000000 -14.179345 -0.042483 -0.736433 -0.675175 0.905693 0.235885
46.797562 0.000000 18.870075 -0.042477 -0.736437 -0.675172 0.737005 0.235885
60.548809 0.000000 25.401016 0.547304 -0.736436 -0.397644 0.703670 0.306060
10.018531 0.000000 22.479614 0.671171 -0.736437 0.084793 0.718581 0.048194
49.000004 0.000000 -16.524704 -0.676506 -0.736437 0.000000 0.917664 0.247124
60.952065 0.000000 -22.209005 0.431219 -0.736434 -0.521263 0.946678 0.308118
49.000004 0.000000 16.524715 -0.676506 -0.736437 -0.000000 0.748976 0.247124
61.449421 0.000000 21.893377 0.288040 -0.736439 0.612120 0.721574 0.310656
48.926170 0.000000 15.940295 -0.655254 -0.736435 0.168243 0.751959 0.246747
46.209652 0.000000 -14.216324 0.126760 -0.736438 -0.664523 0.905882 0.232885
48.926170 0.000000 -17.109123 -0.655254 -0.736435 0.168243 0.920647 0.246747
60.548809 0.000000 -22.638416 0.547302 -0.736437 -0.397645 0.948870 0.306060
48.709320 0.000000 -17.656824 -0.592826 -0.736436 0.325913 0.923443 0.245641
60.265022 0.000000 -23.154621 0.629001 -0.736436 -0.249038 0.951504 0.304612
48.363071 0.000000 -18.133385 -0.493158 -0.736432 0.463102 0.925875 0.243874
60.118530 0.000000 -23.725180 0.671174 -0.736435 -0.084788 0.954417 0.303864
81.363083 0.000000 -19.737694 -0.493154 -0.736436 -0.463099 0.934064 0.412279
80.038231 0.000000 -2.844544 -0.592828 -0.736435 0.325913 0.847839 0.405518
79.249977 0.000000 -3.929485 -0.493154 -0.736435 0.463100 0.853377 0.401496
47.909199 0.000000 -18.508875 -0.362493 -0.736439 0.571189 0.927792 0.241558
60.118530 0.000000 -24.314245 0.671174 -0.736435 0.084787 0.957423 0.303864
80.909195 0.000000 -19.362206 -0.362494 -0.736434 -0.571194 0.932147 0.409963
81.709328 0.000000 -20.214266 -0.592831 -0.736435 -0.325907 0.936496 0.414046
80.531921 0.000000 -1.597654 -0.655252 -0.736437 0.168242 0.841475 0.408038
47.376190 0.000000 -18.759686 -0.209051 -0.736435 0.643398 0.929072 0.238838
60.265022 0.000000 -24.884808 0.628999 -0.736437 0.249038 0.960335 0.304612
80.376205 0.000000 -19.111395 -0.209052 -0.736437 -0.643395 0.930867 0.407243
78.216675 0.000000 -4.784314 -0.362493 -0.736435 0.571193 0.857740 0.396223
38.496761 0.000000 -10.414206 0.043281 -0.979742 -0.195529 0.886476 0.193524
45.649422 0.000000 -14.398355 0.288043 -0.736435 -0.612123 0.906811 0.230026
45.152050 0.000000 -14.713995 0.431222 -0.736436 -0.521258 0.908422 0.227487
44.748810 0.000000 -15.143404 0.547308 -0.736437 -0.397635 0.910614 0.225430
44.465031 0.000000 -15.659616 0.629005 -0.736432 -0.249040 0.913249 0.223981
44.318531 0.000000 -16.230164 0.671171 -0.736437 -0.084793 0.916161 0.223234
46.797562 0.000000 -18.870066 -0.042477 -0.736436 0.675172 0.929635 0.235885
60.548809 0.000000 -25.401009 0.547301 -0.736437 0.397646 0.962970 0.306060
79.797554 0.000000 -19.001015 -0.042475 -0.736435 -0.675173 0.930304 0.404290
44.318531 0.000000 -16.819235 0.671172 -0.736437 0.084791 0.919168 0.223234
77.003242 0.000000 -5.355315 -0.209053 -0.736436 0.643397 0.860654 0.390030
81.926170 0.000000 -20.761953 -0.655255 -0.736435 -0.168239 0.939292 0.415153
82.000000 0.000000 -21.346384 -0.676508 -0.736435 0.000001 0.942275 0.415530
70.375694 0.000000 1.702307 0.629000 -0.736437 -0.249039 0.824631 0.356209
10.165032 0.000000 21.909056 0.629005 -0.736432 0.249039 0.721494 0.048942
10.448810 0.000000 21.392847 0.547309 -0.736437 0.397635 0.724128 0.050390
10.852050 0.000000 20.963436 0.431222 -0.736436 0.521257 0.726320 0.052448
11.349421 0.000000 20.647797 0.288042 -0.736435 0.612123 0.727931 0.054986
62.009659 0.000000 21.711355 0.126761 -0.736433 0.664528 0.722503 0.313515
11.909651 0.000000 20.465767 0.126767 -0.736435 0.664525 0.728860 0.057845
46.797562 0.000000 14.179347 -0.042483 -0.736437 0.675171 0.760947 0.235885
47.376190 0.000000 14.289735 -0.209055 -0.736433 0.643400 0.760384 0.238838
47.909199 0.000000 14.540544 -0.362490 -0.736438 0.571192 0.759103 0.241558
48.363071 0.000000 14.916027 -0.493156 -0.736434 0.463100 0.757187 0.243874
48.709320 0.000000 15.392596 -0.592828 -0.736435 0.325911 0.754754 0.245641
32.063084 0.000000 -21.612965 -0.493152 -0.736437 -0.463101 0.943635 0.160692
79.209656 0.000000 -19.038004 0.126764 -0.736434 -0.664526 0.930493 0.401290
75.685936 0.000000 -5.606605 -0.042477 -0.736436 0.675173 0.861937 0.383308
31.609192 0.000000 -21.237476 -0.362491 -0.736434 -0.571196 0.941719 0.158376
32.409321 0.000000 -22.089523 -0.592829 -0.736435 -0.325909 0.946068 0.162459
44.465031 0.000000 -17.389795 0.629002 -0.736434 0.249041 0.922080 0.223981
81.926170 0.000000 -21.930805 -0.655256 -0.736434 0.168238 0.945258 0.415153
31.076193 0.000000 -20.986664 -0.209053 -0.736436 -0.643396 0.940439 0.155656
2.200000 0.000000 8.000007 -0.197367 -0.081752 -0.976915 0.792487 0.008295
78.649414 0.000000 -19.220034 0.288044 -0.736438 -0.612119 0.931422 0.398431
32.626171 0.000000 -22.637224 -0.655254 -0.736435 -0.168241 0.948863 0.163565
44.748810 0.000000 -17.905993 0.547308 -0.736435 0.397639 0.924715 0.225430
74.347511 0.000000 -5.522395 0.126765 -0.736435 0.664525 0.861507 0.376477
81.709328 0.000000 -22.478504 -0.592828 -0.736437 0.325907 0.948053 0.414046
78.152061 0.000000 -19.535673 0.431227 -0.736434 -0.521257 0.933033 0.395893
30.497562 0.000000 -20.876286 -0.042477 -0.736435 -0.675173 0.939875 0.152703
81.363083 0.000000 -22.955065 -0.493151 -0.736435 0.463104 0.950486 0.412279
32.700001 0.000000 -23.221647 -0.676508 -0.736436 0.000000 0.951846 0.163942
45.152050 0.000000 -18.335403 0.431223 -0.736436 0.521257 0.926906 0.227487
29.909651 0.000000 -20.913275 0.126765 -0.736435 -0.664525 0.940064 0.149702
32.626171 0.000000 -23.806067 -0.655254 -0.736435 0.168241 0.954829 0.163565
45.649422 0.000000 -18.651045 0.288043 -0.736435 0.612123 0.928517 0.230026
32.063084 0.000000 24.830347 -0.493149 -0.736440 -0.463098 0.706583 0.160692
60.952065 0.000000 25.830435 0.431225 -0.736433 -0.521259 0.701478 0.308118
46.209652 0.000000 18.833084 0.126767 -0.736435 -0.664525 0.737194 0.232885
29.349421 0.000000 -21.095304 0.288045 -0.736436 -0.612121 0.940993 0.146844
32.409321 0.000000 -24.353769 -0.592830 -0.736435 0.325908 0.957625 0.162459
46.209652 0.000000 -18.833075 0.126767 -0.736435 0.664525 0.929447 0.232885
31.609192 0.000000 25.205826 -0.362487 -0.736433 -0.571200 0.704666 0.158376
61.449421 0.000000 26.146074 0.288040 -0.736438 -0.612121 0.699867 0.310656
32.063084 0.000000 -24.830332 -0.493151 -0.736438 0.463100 0.960057 0.160692
60.952065 0.000000 -25.830420 0.431223 -0.736432 0.521262 0.965162 0.308118
32.409321 0.000000 24.353775 -0.592833 -0.736432 -0.325909 0.709015 0.162459
45.649422 0.000000 18.651054 0.288042 -0.736435 -0.612123 0.738123 0.230026
31.076193 0.000000 25.456635 -0.209059 -0.736433 -0.643398 0.703386 0.155656
31.609192 0.000000 -25.205818 -0.362491 -0.736433 0.571197 0.961974 0.158376
32.626171 0.000000 23.806086 -0.655253 -0.736437 -0.168242 0.711811 0.163565
45.152050 0.000000 18.335415 0.431222 -0.736436 -0.521257 0.739734 0.227487
32.700001 0.000000 23.221655 -0.676508 -0.736435 0.000001 0.714794 0.163942
44.748810 0.000000 17.906004 0.547308 -0.736435 -0.397639 0.741926 0.225430
2.200000 0.000000 8.000007 -0.197367 -0.081752 -0.976915 0.141442 0.814711
0.000000 -2.200000 11.000006 0.810287 0.249885 0.530086 0.129921 0.799398
2.200000 0.000000 11.000006 -0.249885 -0.810288 0.530086 0.141442 0.799398
0.000000 -2.200000 8.000007 0.081752 0.197367 -0.976915 0.129921 0.814711
0.000000 -78.390808 -19.362206 0.736435 -0.362492 -0.571195 0.401116 0.851623
0.000000 -77.936920 -19.737694 0.736436 -0.493154 -0.463099 0.399199 0.849307
0.000000 -74.914070 -5.069785 0.736434 -0.042480 0.675174 0.474066 0.833880
0.000000 -31.014071 -14.906135 0.736436 -0.042477 -0.675173 0.423860 0.609836
0.000000 -26.492783 -10.999994 0.923362 -0.027709 -0.382928 0.443797 0.586761
0.000000 -34.315144 -10.414206 0.980147 -0.034027 -0.195328 0.446787 0.626683
0.000000 -29.696762 -15.157424 0.736436 -0.209053 -0.643397 0.422577 0.603113
0.000000 -77.590675 -20.214266 0.736435 -0.592830 -0.325907 0.396767 0.847540
0.000000 -64.351189 -22.638416 0.736437 0.547308 -0.397636 0.384394 0.779972
0.000000 -63.947945 -22.209005 0.736437 0.431218 -0.521260 0.386585 0.777914
0.000000 -53.200005 7.000005 0.999713 -0.020865 0.011808 0.535672 0.723062
0.000000 -48.834972 15.659625 0.736433 0.629003 0.249041 0.579872 0.700785
0.000000 -48.981472 16.230175 0.736437 0.671171 0.084793 0.582784 0.701533
0.000000 -48.551189 15.143414 0.736436 0.547308 0.397637 0.577237 0.699337
0.000000 -48.147949 14.714005 0.736436 0.431222 0.521257 0.575045 0.697279
0.000000 -47.650578 14.398364 0.736435 0.288043 0.612123 0.573434 0.694740
0.000000 -47.090351 14.216335 0.736436 0.126765 0.664525 0.572505 0.691881
0.000000 -46.502441 14.179347 0.736437 -0.042482 0.675171 0.572316 0.688881
0.000000 -45.923809 14.289735 0.736434 -0.209057 0.643398 0.572879 0.685928
0.000000 -34.315144 10.414215 0.980147 -0.034027 0.195328 0.553098 0.626683
0.000000 -61.190811 22.035557 0.736431 -0.362493 0.571198 0.612415 0.763843
0.000000 -11.090812 24.758314 0.736437 -0.362490 -0.571194 0.626312 0.508157
0.000000 -10.636922 24.382824 0.736435 -0.493153 -0.463102 0.624396 0.505841
0.000000 -2.200000 30.619616 0.901859 0.307927 0.303037 0.656229 0.462783
0.000000 -2.200000 30.674303 0.578669 0.583813 0.569478 0.656508 0.462783
0.000000 -61.723808 21.784737 0.736440 -0.209051 0.643393 0.611135 0.766563
0.000000 -62.302444 21.674366 0.736434 -0.042472 0.675175 0.610572 0.769516
0.000000 -10.290682 23.906267 0.736435 -0.592828 -0.325912 0.621963 0.504074
0.000000 -78.923805 -19.111395 0.736436 -0.209052 -0.643397 0.402396 0.854344
0.000000 -76.252487 -4.985584 0.736436 0.126765 0.664524 0.474496 0.840711
0.000000 -11.623811 25.009123 0.736435 -0.209052 -0.643398 0.627593 0.510877
0.000000 -26.000000 -20.245584 0.736435 -0.676508 0.000000 0.396607 0.584247
0.000000 -14.681472 -22.479595 0.736437 0.671171 -0.084794 0.385204 0.526482
0.000000 -14.534970 -21.909044 0.736432 0.629004 -0.249041 0.388116 0.525735
0.000000 -77.373833 -20.761953 0.736434 -0.655255 -0.168244 0.393971 0.846433
0.000000 -10.073830 23.358566 0.736436 -0.655253 -0.168241 0.619168 0.502967
0.000000 -64.634964 -23.154621 0.736431 0.629005 -0.249043 0.381759 0.781420
0.000000 -26.168081 -18.915094 0.736435 -0.655254 -0.168241 0.403398 0.585104
0.000000 -32.352493 -14.990345 0.736435 0.126766 -0.664525 0.423430 0.616666
0.000000 -12.202442 25.119503 0.736435 -0.042479 -0.675173 0.628156 0.513831
0.000000 -10.000002 22.774147 0.736435 -0.676509 0.000000 0.616185 0.502590
0.000000 -26.168081 -21.576075 0.736435 -0.655254 0.168241 0.389816 0.585104
0.000000 -2.000000 30.619616 0.683095 -0.041395 0.729156 0.656229 0.461762
0.000000 -79.502449 -19.001015 0.736435 -0.042476 -0.675173 0.402959 0.857297
0.000000 -77.527924 -4.571164 0.736435 0.288045 0.612122 0.476611 0.847220
0.000000 -14.681472 -23.068666 0.736437 0.671172 0.084792 0.382197 0.526482
0.000000 -12.790352 25.082516 0.736436 0.126764 -0.664525 0.627967 0.516831
0.000000 -33.627918 -15.404756 0.736435 0.288042 -0.612123 0.421315 0.623176
0.000000 -77.299995 -21.346384 0.736438 -0.676505 0.000001 0.390988 0.846056
0.000000 -64.781471 -23.725180 0.736438 0.671170 -0.084796 0.378847 0.782168
0.000000 -10.073830 22.189728 0.736436 -0.655254 0.168240 0.613202 0.502967
0.000000 -82.043144 32.659367 0.628227 -0.288783 0.722451 0.666640 0.870263
0.000000 -61.723808 26.254704 0.736435 -0.209052 -0.643398 0.633950 0.766563
0.000000 -32.352493 25.500824 0.736435 0.126766 -0.664526 0.630102 0.616666
0.000000 -62.302444 26.365084 0.736435 -0.042478 -0.675173 0.634514 0.769516
0.000000 -62.890350 26.328096 0.736434 0.126761 -0.664527 0.634325 0.772517
0.000000 -63.450577 26.146074 0.736437 0.288039 -0.612123 0.633396 0.775376
0.000000 -63.947945 25.830435 0.736436 0.431224 -0.521256 0.631785 0.777914
0.000000 -64.351189 25.401016 0.736436 0.547310 -0.397635 0.629593 0.779972
0.000000 -80.090347 -19.038004 0.736434 0.126763 -0.664527 0.402770 0.860297
0.000000 -78.660217 -3.852585 0.736435 0.431222 0.521259 0.480279 0.852998
0.000000 -31.014071 25.585035 0.736436 -0.042477 -0.675173 0.630532 0.609836
0.000000 -77.373833 -21.930805 0.736433 -0.655257 0.168242 0.388005 0.846433
0.000000 -64.781471 -24.314245 0.736438 0.671170 0.084795 0.375840 0.782168
0.000000 -26.661760 -22.822966 0.736436 -0.592828 0.325911 0.383452 0.587624
0.000000 -14.534970 -23.639227 0.736433 0.629003 0.249041 0.379285 0.525735
0.000000 -14.251191 -24.155428 0.736436 0.547308 0.397638 0.376651 0.524286
0.000000 -34.760223 -16.123335 0.736436 0.431222 -0.521257 0.417647 0.628954
0.000000 -80.650597 -19.220034 0.736439 0.288045 -0.612117 0.401841 0.863156
0.000000 -27.450022 -23.907909 0.736435 -0.493153 0.463102 0.377914 0.591647
0.000000 -77.590675 -22.478504 0.736437 -0.592827 0.325907 0.385210 0.847540
0.000000 -64.634964 -24.884808 0.736432 0.629004 0.249043 0.372928 0.781420
0.000000 -13.847951 -24.584839 0.736436 0.431222 0.521257 0.374459 0.522228
0.000000 -2.200000 11.000006 0.810287 0.249885 0.530086 0.556088 0.462783
0.000000 -35.678242 -17.100933 0.736434 0.547307 -0.397642 0.412658 0.633640
0.000000 -11.090812 20.789976 0.736434 -0.362488 0.571199 0.606057 0.508157
0.000000 -11.623811 20.539165 0.736434 -0.209058 0.643397 0.604777 0.510877
0.000000 -10.636922 21.165455 0.736438 -0.493149 0.463101 0.607974 0.505841
0.000000 -10.290682 21.642023 0.736434 -0.592831 0.325908 0.610406 0.504074
0.000000 -81.147942 -19.535673 0.736432 0.431228 -0.521259 0.400230 0.865695
0.000000 -79.578247 -2.874995 0.736436 0.547305 0.397642 0.485269 0.857684
0.000000 -28.483332 -24.762737 0.736435 -0.362491 0.571195 0.373551 0.596920
0.000000 -13.350582 -24.900476 0.736435 0.288043 0.612123 0.372848 0.519690
0.000000 -77.936920 -22.955065 0.736435 -0.493151 0.463104 0.382777 0.849307
0.000000 -64.351189 -25.401009 0.736437 0.547307 0.397637 0.370293 0.779972
0.000000 -12.202442 20.428776 0.736438 -0.042482 0.675170 0.604214 0.513831
0.000000 -81.551193 -19.965084 0.736438 0.547305 -0.397639 0.398039 0.867752
0.000000 -80.224304 -1.699815 0.736436 0.629002 0.249036 0.491267 0.860981
0.000000 -77.936920 22.955076 0.736435 -0.493152 -0.463103 0.617108 0.849307
0.000000 -64.634964 24.884815 0.736431 0.629004 -0.249043 0.626958 0.781420
0.000000 -29.696762 -25.333735 0.736436 -0.209053 0.643397 0.370636 0.603113
0.000000 -2.200000 -30.674303 0.578662 0.583816 -0.569482 0.343377 0.462783
0.000000 -12.790352 -25.082508 0.736436 0.126766 0.664525 0.371919 0.516831
0.000000 -78.390808 23.330564 0.736435 -0.362493 -0.571194 0.619025 0.851623
0.000000 -77.590675 22.478516 0.736437 -0.592828 -0.325907 0.614676 0.847540
0.000000 -64.781471 24.314257 0.736438 0.671170 -0.084796 0.624046 0.782168
0.000000 -2.200000 8.000007 0.081752 0.197367 -0.976915 0.540776 0.462783
0.000000 -2.000000 8.000007 0.690330 -0.045188 -0.722082 0.540776 0.461762
0.000000 -78.923805 23.581377 0.736436 -0.209053 -0.643396 0.620305 0.854344
0.000000 -77.373833 21.930815 0.736432 -0.655257 -0.168242 0.611880 0.846433
0.000000 -64.781471 23.725195 0.736438 0.671170 0.084796 0.621039 0.782168
0.000000 -27.450022 23.907917 0.736435 -0.493153 -0.463103 0.621972 0.591647
0.000000 -14.251191 24.155436 0.736436 0.547308 -0.397638 0.623235 0.524286
0.000000 -13.847951 24.584846 0.736436 0.431223 -0.521257 0.625427 0.522228
0.000000 -28.483332 24.762745 0.736435 -0.362492 -0.571195 0.626335 0.596920
0.000000 -79.502449 23.691757 0.736436 -0.042474 -0.675172 0.620869 0.857297
0.000000 -13.350582 24.900486 0.736435 0.288043 -0.612123 0.627038 0.519690
0.000000 -26.661760 22.822975 0.736436 -0.592827 -0.325911 0.616434 0.587624
0.000000 -77.299995 21.346395 0.736439 -0.676504 0.000000 0.608898 0.846057
0.000000 -14.534970 23.639235 0.736433 0.629003 -0.249041 0.620600 0.525735
0.000000 -64.634964 23.154636 0.736431 0.629006 0.249042 0.618127 0.781420
0.000000 -14.681472 23.068676 0.736437 0.671171 -0.084793 0.617688 0.526482
0.000000 -81.146790 -32.637066 0.643061 -0.221190 -0.733176 0.333359 0.865689
0.000000 -80.090347 -23.654755 0.736434 0.126762 0.664527 0.379206 0.860297
0.000000 -80.650597 -23.472725 0.736439 0.288045 0.612117 0.380135 0.863156
0.000000 -79.502449 -23.691742 0.736435 -0.042476 0.675174 0.379017 0.857297
0.000000 -78.923805 -23.581364 0.736437 -0.209051 0.643396 0.379581 0.854344
0.000000 -29.696762 25.333746 0.736436 -0.209053 -0.643396 0.629249 0.603113
0.000000 -78.390808 -23.330551 0.736434 -0.362492 0.571195 0.380861 0.851623
0.000000 -63.947945 -25.830420 0.736436 0.431221 0.521259 0.368101 0.777914
0.000000 -63.450577 -26.146057 0.736435 0.288044 0.612123 0.366490 0.775376
0.000000 -62.890350 -26.328089 0.736436 0.126767 0.664524 0.365561 0.772517
0.000000 -26.168081 21.576086 0.736435 -0.655254 -0.168241 0.610070 0.585104
0.000000 -62.302444 -26.365078 0.736436 -0.042478 0.675172 0.365372 0.769516
0.000000 -80.090347 23.654764 0.736433 0.126764 -0.664528 0.620680 0.860297
0.000000 -31.014071 -25.585026 0.736436 -0.042478 0.675173 0.369354 0.609836
0.000000 -87.699997 -28.048458 0.616455 -0.698424 -0.363576 0.356780 0.899133
0.000000 -81.834969 -20.481285 0.736433 0.629004 -0.249039 0.395404 0.869201
0.000000 -81.981468 -21.051844 0.736436 0.671172 -0.084792 0.392492 0.869948
0.000000 -14.681472 22.479614 0.736437 0.671171 0.084793 0.614682 0.526482
0.000000 -81.981468 -21.640913 0.736436 0.671172 0.084791 0.389485 0.869948
0.000000 -81.834969 -22.211475 0.736433 0.629004 0.249039 0.386573 0.869201
0.000000 -81.551193 -22.727674 0.736438 0.547304 0.397639 0.383938 0.867752
0.000000 -81.147942 -23.157085 0.736432 0.431228 0.521259 0.381746 0.865695
0.000000 -77.373833 20.761976 0.736432 -0.655258 0.168240 0.605915 0.846433
0.000000 -80.557808 -0.400873 0.736435 0.671174 0.084787 0.497897 0.862683
0.000000 -87.699997 27.002516 0.630264 -0.717282 0.297108 0.637767 0.899133
0.000000 -64.351189 22.638428 0.736438 0.547308 0.397635 0.615492 0.779972
0.000000 -2.200000 -10.999994 0.810288 0.249885 -0.530086 0.443797 0.462783
0.000000 -12.202442 -20.428776 0.736434 -0.042483 -0.675174 0.395672 0.513831
0.000000 -26.000000 20.245594 0.736435 -0.676508 -0.000000 0.603279 0.584247
0.000000 -12.790352 -20.465755 0.736437 0.126760 -0.664524 0.395483 0.516831
0.000000 -2.000000 -30.619608 0.683093 -0.041392 -0.729157 0.343657 0.461762
0.000000 -2.000000 -7.999994 0.690330 -0.045188 0.722082 0.459110 0.461762
0.000000 -61.723808 -26.254696 0.736435 -0.209055 0.643397 0.365936 0.766563
0.000000 -80.650597 23.472736 0.736440 0.288044 -0.612117 0.619751 0.863156
0.000000 -32.352493 -25.500818 0.736436 0.126765 0.664525 0.369783 0.616666
0.000000 -26.492783 11.000006 0.923363 -0.027709 0.382928 0.556088 0.586761
0.000000 -12.790352 20.465767 0.736435 0.126767 0.664525 0.604403 0.516831
0.000000 -14.534970 21.909056 0.736432 0.629004 0.249040 0.611769 0.525735
0.000000 -77.590675 20.214266 0.736438 -0.592828 0.325904 0.603119 0.847540
0.000000 -63.947945 22.209017 0.736435 0.431222 0.521258 0.613300 0.777914
0.000000 -26.168081 18.915096 0.736435 -0.655254 0.168241 0.596488 0.585104
0.000000 -14.251191 21.392847 0.736437 0.547309 0.397636 0.609135 0.524286
0.000000 -13.847951 20.963436 0.736436 0.431223 0.521257 0.606943 0.522228
0.000000 -26.661760 17.668205 0.736436 -0.592827 0.325911 0.590124 0.587624
0.000000 -2.200000 -7.999994 0.081752 0.197367 0.976915 0.459110 0.462783
0.000000 -13.350582 20.647797 0.736435 0.288043 0.612123 0.605332 0.519690
0.000000 -45.390812 -14.540534 0.736433 -0.362488 -0.571199 0.425726 0.683208
0.000000 -44.936920 -14.916014 0.736439 -0.493150 -0.463098 0.423810 0.680891
0.000000 -28.483332 15.728446 0.736434 -0.362491 0.571196 0.580223 0.596920
0.000000 -29.696762 15.157444 0.736436 -0.209053 0.643396 0.577308 0.603113
0.000000 -27.450022 16.583265 0.736436 -0.493151 0.463104 0.584586 0.591647
0.000000 -44.590683 -15.392585 0.736433 -0.592833 -0.325907 0.421377 0.679124
0.000000 -31.014071 14.906155 0.736435 -0.042480 0.675174 0.576026 0.609836
0.000000 -45.923809 -14.289723 0.736436 -0.209052 -0.643397 0.427006 0.685928
0.000000 -53.200005 -6.999994 0.999713 -0.020865 -0.011808 0.464214 0.723062
0.000000 -44.373833 -15.940285 0.736435 -0.655254 -0.168243 0.418582 0.678018
0.000000 -36.324310 -18.276115 0.736437 0.629000 -0.249038 0.406659 0.636937
0.000000 -46.502441 -14.179345 0.736433 -0.042483 -0.675175 0.427570 0.688881
0.000000 -81.147942 23.157095 0.736431 0.431228 -0.521259 0.618140 0.865695
0.000000 -81.551193 22.727686 0.736438 0.547304 -0.397640 0.615948 0.867752
0.000000 -81.834969 22.211487 0.736433 0.629004 -0.249039 0.613313 0.869201
0.000000 -81.981468 21.640924 0.736436 0.671172 -0.084791 0.610401 0.869948
0.000000 -34.760223 16.123344 0.736436 0.431222 0.521257 0.582238 0.628954
0.000000 -35.678242 17.100946 0.736434 0.547308 0.397642 0.587228 0.633640
0.000000 -33.627918 15.404766 0.736435 0.288043 0.612123 0.578571 0.623176
0.000000 -32.352493 14.990354 0.736436 0.126763 0.664524 0.576455 0.616666
0.000000 -44.299999 -16.524704 0.736437 -0.676506 0.000000 0.415599 0.677641
0.000000 -81.981468 21.051855 0.736436 0.671172 0.084791 0.607394 0.869948
0.000000 -45.390812 18.508886 0.736435 -0.362490 -0.571195 0.594415 0.683208
0.000000 -44.936920 18.133396 0.736436 -0.493153 -0.463100 0.592498 0.680891
0.000000 -36.657810 20.916124 0.736435 0.671174 -0.084787 0.606701 0.638639
0.000000 -36.324310 22.215055 0.736437 0.629001 -0.249037 0.613331 0.636937
0.000000 -47.090351 -14.216324 0.736438 0.126761 -0.664523 0.427381 0.691881
0.000000 -44.590683 17.656836 0.736435 -0.592830 -0.325909 0.590066 0.679124
0.000000 -36.657810 19.575054 0.736435 0.671174 0.084787 0.599856 0.638639
0.000000 -81.834969 20.481295 0.736433 0.629004 0.249039 0.604482 0.869201
0.000000 -45.923809 18.759695 0.736435 -0.209052 -0.643398 0.595695 0.685928
0.000000 -44.373833 -17.109123 0.736435 -0.655254 0.168243 0.412616 0.678018
0.000000 -36.657810 -19.575045 0.736435 0.671175 -0.084787 0.400029 0.638639
0.000000 -35.678242 23.390247 0.736435 0.547307 -0.397641 0.619330 0.633640
0.000000 -44.373833 17.109135 0.736435 -0.655254 -0.168243 0.587270 0.678018
0.000000 -36.324310 18.276127 0.736437 0.629000 0.249038 0.593226 0.636937
0.000000 -81.551193 19.965096 0.736438 0.547304 0.397639 0.601847 0.867752
0.000000 -46.502441 18.870075 0.736436 -0.042477 -0.675173 0.596258 0.688881
0.000000 -34.760223 24.367846 0.736437 0.431220 -0.521257 0.624319 0.628954
0.000000 -47.650578 -14.398355 0.736435 0.288044 -0.612123 0.426452 0.694740
0.000000 -44.299999 16.524715 0.736437 -0.676506 -0.000000 0.584287 0.677641
0.000000 -44.590683 -17.656824 0.736435 -0.592830 0.325909 0.409820 0.679124
0.000000 -36.657810 -20.916113 0.736435 0.671174 0.084787 0.393184 0.638639
0.000000 -48.147949 -14.713995 0.736436 0.431222 -0.521258 0.424841 0.697279
0.000000 -44.373833 15.940295 0.736435 -0.655254 0.168244 0.581304 0.678018
0.000000 -44.936920 -18.133385 0.736436 -0.493153 0.463100 0.407388 0.680891
0.000000 -44.590683 15.392596 0.736434 -0.592832 0.325907 0.578509 0.679124
0.000000 -48.551189 -15.143404 0.736436 0.547308 -0.397637 0.422649 0.699337
0.000000 -45.390812 -18.508875 0.736435 -0.362491 0.571195 0.405471 0.683208
0.000000 -36.324310 -22.215044 0.736436 0.629001 0.249037 0.386554 0.636937
0.000000 -44.936920 14.916027 0.736439 -0.493151 0.463098 0.576076 0.680891
0.000000 -48.834972 -15.659616 0.736433 0.629003 -0.249041 0.420014 0.700785
0.000000 -45.390812 14.540544 0.736434 -0.362488 0.571198 0.574160 0.683208
0.000000 -45.923809 -18.759686 0.736435 -0.209053 0.643397 0.404191 0.685928
0.000000 -35.678242 -23.390234 0.736435 0.547307 0.397641 0.380556 0.633640
0.000000 -48.981472 -16.230164 0.736437 0.671171 -0.084793 0.417102 0.701533
0.000000 -46.502441 -18.870066 0.736436 -0.042477 0.675172 0.403628 0.688881
0.000000 -34.760223 -24.367830 0.736438 0.431221 0.521257 0.375566 0.628954
0.000000 -11.090812 -20.789965 0.736434 -0.362487 -0.571199 0.393828 0.508157
0.000000 -10.636922 -21.165443 0.736439 -0.493150 -0.463100 0.391912 0.505841
0.000000 -10.290682 -21.642014 0.736434 -0.592831 -0.325908 0.389479 0.504074
0.000000 -11.623811 -20.539156 0.736435 -0.209052 -0.643398 0.395108 0.510877
0.000000 -10.073830 -22.189716 0.736436 -0.655254 -0.168240 0.386684 0.502967
0.000000 -71.350021 3.931986 0.736436 -0.493154 -0.463099 0.520012 0.815691
0.000000 -62.890350 21.711355 0.736434 0.126762 0.664527 0.610760 0.772517
0.000000 -72.383316 4.786806 0.736436 -0.362490 -0.571194 0.524375 0.820964
0.000000 -10.000002 -22.774136 0.736435 -0.676509 0.000000 0.383701 0.502590
0.000000 -63.450577 21.893377 0.736437 0.288039 0.612123 0.611689 0.775376
0.000000 -2.200000 -30.619608 0.901859 0.307928 -0.303037 0.343657 0.462783
0.000000 -70.561768 2.847036 0.736434 -0.592829 -0.325912 0.514474 0.811668
0.000000 -73.596764 5.357804 0.736435 -0.209052 -0.643398 0.527290 0.827157
0.000000 -77.936920 19.737703 0.736437 -0.493148 0.463104 0.600687 0.849307
0.000000 -70.068077 1.600144 0.736436 -0.655253 -0.168244 0.508110 0.809148
0.000000 -10.073830 -23.358555 0.736436 -0.655253 0.168241 0.380718 0.502967
0.000000 -74.914070 5.609097 0.736436 -0.042480 -0.675173 0.528572 0.833880
0.000000 -78.390808 19.362225 0.736432 -0.362494 0.571197 0.598770 0.851623
0.000000 -78.923805 19.111404 0.736438 -0.209056 0.643393 0.597490 0.854344
0.000000 -69.899994 0.269657 0.736436 -0.676507 -0.000000 0.501319 0.808290
0.000000 -10.290682 -23.906256 0.736434 -0.592830 0.325910 0.377922 0.504074
0.000000 -76.252487 5.524894 0.736435 0.126763 -0.664526 0.528143 0.840711
0.000000 -79.502449 19.001024 0.736436 -0.042475 0.675173 0.596926 0.857297
0.000000 -10.636922 -24.382820 0.736437 -0.493150 0.463101 0.375490 0.505841
0.000000 -70.068077 -1.060834 0.736436 -0.655252 0.168244 0.494528 0.809148
0.000000 -60.736919 25.628416 0.736440 -0.493150 -0.463098 0.630754 0.761527
0.000000 -77.527924 5.110486 0.736437 0.288044 -0.612120 0.526027 0.847220
0.000000 -80.090347 19.038015 0.736433 0.126764 0.664527 0.597115 0.860297
0.000000 -61.190811 26.003895 0.736433 -0.362487 -0.571200 0.632670 0.763843
0.000000 -33.627918 25.086416 0.736434 0.288041 -0.612125 0.627987 0.623176
0.000000 -60.390686 25.151848 0.736432 -0.592833 -0.325909 0.628321 0.759760
0.000000 -47.090351 18.833084 0.736435 0.126767 -0.664525 0.596069 0.691881
0.000000 -70.561768 -2.307724 0.736434 -0.592829 0.325912 0.488164 0.811668
0.000000 -78.660217 4.391896 0.736434 0.431224 -0.521259 0.522360 0.852998
0.000000 -80.650597 19.220045 0.736439 0.288045 0.612117 0.598044 0.863156
0.000000 -81.147942 19.535685 0.736432 0.431228 0.521259 0.599655 0.865695
0.000000 -60.173828 24.604143 0.736436 -0.655252 -0.168244 0.625525 0.758653
0.000000 -47.650578 18.651054 0.736435 0.288043 -0.612123 0.595140 0.694740
0.000000 -71.350021 -3.392674 0.736436 -0.493155 0.463099 0.482626 0.815691
0.000000 -79.578247 3.414305 0.736437 0.547305 -0.397642 0.517370 0.857684
0.000000 -80.224304 2.239125 0.736436 0.629002 -0.249037 0.511372 0.860981
0.000000 -11.090812 -24.758303 0.736435 -0.362490 0.571196 0.373573 0.508157
0.000000 -80.557808 0.940194 0.736435 0.671174 -0.084788 0.504742 0.862683
0.000000 -60.099998 24.019724 0.736436 -0.676508 0.000000 0.622543 0.758276
0.000000 -48.147949 18.335415 0.736436 0.431222 -0.521257 0.593529 0.697279
0.000000 -11.623811 -25.009115 0.736435 -0.209055 0.643396 0.372293 0.510877
0.000000 -60.173828 23.435305 0.736437 -0.655252 0.168245 0.619560 0.758653
0.000000 -48.551189 17.906004 0.736435 0.547308 -0.397641 0.591337 0.699337
0.000000 -60.736919 -22.411024 0.736440 -0.493150 -0.463098 0.385554 0.761527
0.000000 -48.834972 -17.389795 0.736435 0.629001 0.249042 0.411183 0.700785
0.000000 -48.981472 -16.819235 0.736437 0.671172 0.084791 0.414095 0.701533
0.000000 -12.202442 -25.119497 0.736436 -0.042479 0.675172 0.371730 0.513831
0.000000 -61.190811 -22.035545 0.736434 -0.362487 -0.571199 0.387471 0.763843
0.000000 -13.350582 -20.647785 0.736435 0.288043 -0.612123 0.394554 0.519690
0.000000 -13.847951 -20.963425 0.736436 0.431223 -0.521257 0.392943 0.522228
0.000000 -60.390686 -22.887592 0.736432 -0.592833 -0.325910 0.383122 0.759760
0.000000 -48.551189 -17.905993 0.736435 0.547308 0.397641 0.408548 0.699337
0.000000 -60.390686 22.887604 0.736432 -0.592833 0.325910 0.616764 0.759760
0.000000 -48.834972 17.389807 0.736435 0.629001 -0.249042 0.588703 0.700785
0.000000 -61.723808 -21.784737 0.736435 -0.209053 -0.643397 0.388751 0.766563
0.000000 -60.173828 -23.435293 0.736437 -0.655252 -0.168245 0.380326 0.758653
0.000000 -48.147949 -18.335403 0.736436 0.431223 0.521257 0.406357 0.697279
0.000000 -62.302444 -21.674355 0.736434 -0.042484 -0.675174 0.389314 0.769516
0.000000 -60.099998 -24.019712 0.736436 -0.676508 -0.000000 0.377343 0.758276
0.000000 -47.650578 -18.651045 0.736435 0.288044 0.612123 0.404746 0.694740
0.000000 -60.736919 22.411036 0.736440 -0.493150 0.463098 0.614332 0.761527
0.000000 -48.981472 16.819244 0.736436 0.671172 -0.084791 0.585790 0.701533
0.000000 -62.890350 -21.711334 0.736440 0.126766 -0.664520 0.389125 0.772517
0.000000 -72.383316 -4.247494 0.736436 -0.362491 0.571194 0.478263 0.820964
0.000000 -60.173828 -24.604134 0.736437 -0.655252 0.168244 0.374360 0.758653
0.000000 -47.090351 -18.833075 0.736435 0.126767 0.664525 0.403816 0.691881
0.000000 -63.450577 -21.893375 0.736431 0.288047 -0.612126 0.388196 0.775376
0.000000 -73.596764 -4.818495 0.736435 -0.209051 0.643398 0.475349 0.827157
0.000000 -60.390686 -25.151834 0.736432 -0.592832 0.325911 0.371565 0.759760
0.000000 -60.736919 -25.628399 0.736439 -0.493152 0.463098 0.369132 0.761527
0.000000 -61.190811 -26.003883 0.736434 -0.362490 0.571197 0.367216 0.763843
0.000000 -33.627918 -25.086407 0.736435 0.288042 0.612123 0.371899 0.623176
0.000000 -28.483332 -15.728425 0.736435 -0.362492 -0.571194 0.419663 0.596920
0.000000 -27.450022 -16.583254 0.736436 -0.493153 -0.463101 0.415300 0.591647
0.000000 -26.661760 -17.668205 0.736435 -0.592829 -0.325910 0.409762 0.587624
0.000000 -14.251191 -21.392836 0.736437 0.547309 -0.397636 0.390751 0.524286
0.055261 -1.533110 30.620995 0.650069 -0.160753 0.742677 0.656236 0.459375
0.068150 -1.482364 8.000007 0.652271 -0.174729 -0.737572 0.540776 0.459115
0.217989 -1.092020 30.625032 0.604058 -0.302399 0.737339 0.656257 0.457111
0.267949 -1.000002 8.000007 0.584897 -0.337629 -0.737497 0.540776 0.456638
0.381965 -0.824429 30.629116 0.544504 -0.409537 0.731979 0.656278 0.455732
0.585787 -0.585787 8.000007 0.477577 -0.477577 -0.737456 0.540776 0.454498
0.585787 -0.585787 30.634190 0.479472 -0.479472 0.734992 0.656304 0.454498
0.824429 -0.381965 30.629116 0.409537 -0.544504 0.731979 0.676985 0.001238
0.585787 -0.585787 8.000007 0.477577 -0.477577 -0.737456 0.792487 0.000000
1.000002 -0.267949 8.000007 0.337629 -0.584897 -0.737497 0.792487 0.002145
0.585787 -0.585787 30.634190 0.479472 -0.479472 0.734992 0.676959 0.000000
1.092020 -0.217989 30.625032 0.302399 -0.604058 0.737339 0.677006 0.002619
1.482364 -0.068150 8.000007 0.174729 -0.652271 -0.737572 0.792487 0.004626
1.533110 -0.055261 30.620995 0.160753 -0.650069 0.742677 0.677027 0.004886
-0.287347 0.287347 -8.068144 -0.190148 0.190148 0.963165 0.181963 0.619884
-0.846364 -0.441182 -8.068144 -0.232882 0.134454 0.963166 0.182574 0.615240
-0.628427 0.628427 -8.267944 -0.359258 0.359258 0.861317 0.179477 0.619914
0.200000 1.264103 -8.267944 -0.254034 0.440000 0.861317 0.180174 0.625196
-0.921320 0.921320 -8.585785 -0.503783 0.503784 0.701715 0.177325 0.619963
-0.007104 1.622818 -8.585785 -0.356229 0.617006 0.701716 0.178093 0.625792
-0.299998 2.130125 -9.999994 -0.498822 0.864198 0.065871 0.217709 0.449119
-1.335531 1.335531 -9.999994 -0.705720 0.705437 0.065720 0.217716 0.454498
-0.265926 2.071109 -9.482354 -0.483319 0.837134 0.256145 0.215067 0.448952
0.923544 2.563801 -9.482354 -0.250185 0.933700 0.256147 0.215063 0.442823
-0.166025 1.898076 -8.999994 -0.434343 0.752305 0.495362 0.212607 0.448463
-1.264103 -0.200000 -8.267944 -0.440001 0.254035 0.861316 0.180172 0.614633
-0.007104 1.622818 -8.585785 -0.356229 0.617006 0.701716 0.210495 0.447685
-1.146063 1.146063 -8.999994 -0.614255 0.614255 0.495360 0.212614 0.453554
-0.921320 0.921320 -8.585785 -0.503783 0.503784 0.701715 0.210502 0.452435
-1.197778 -1.289569 -8.068144 -0.259747 0.069598 0.963165 0.184366 0.610913
-1.317635 -2.200000 -8.068144 -0.263744 0.017781 0.964429 0.187218 0.607198
-1.622818 0.007104 -8.585785 -0.617004 0.356228 0.701717 0.178091 0.614135
-1.335531 1.335531 -9.999994 -0.705720 0.705437 0.065720 0.448902 0.454488
-2.130125 0.299998 -9.999994 -0.864116 0.499005 0.065554 0.448902 0.449097
-1.287345 1.287345 -9.482354 -0.683517 0.683516 0.256147 0.451544 0.454248
-1.287345 1.287345 -9.482354 -0.683517 0.683516 0.256147 0.215074 0.454258
0.905905 2.629627 -9.999994 -0.258173 0.963872 0.065556 0.217704 0.442905
-1.800001 -2.200000 -8.267944 -0.503827 0.033379 0.863159 0.185453 0.605488
-1.663703 -1.164723 -8.267944 -0.490755 0.131497 0.861318 0.182210 0.609713
-2.214212 -2.200000 -8.585785 -0.708973 0.046560 0.703697 0.183919 0.604043
-0.921320 0.921320 -8.585785 -0.503783 0.503784 0.701715 0.456120 0.452430
-1.146063 1.146063 -8.999994 -0.614255 0.614255 0.495360 0.454006 0.453546
-1.898076 0.166025 -8.999994 -0.752305 0.434344 0.495361 0.454006 0.448445
-1.622818 0.007104 -8.585785 -0.617004 0.356228 0.701717 0.456120 0.447671
-2.063803 -1.057517 -8.585785 -0.688180 0.184398 0.701716 0.180341 0.608705
-2.532050 -2.200000 -8.999994 -0.865930 0.056754 0.496934 0.454006 0.436287
-2.214212 -2.200000 -8.585785 -0.708973 0.046560 0.703697 0.456120 0.436330
-2.063803 -1.057517 -8.585785 -0.688180 0.184398 0.701716 0.456120 0.442179
-2.071109 0.265926 -9.482354 -0.837133 0.483320 0.256145 0.451544 0.448931
-2.629627 -0.905905 -9.999994 -0.963800 0.258361 0.065873 0.448902 0.442877
-2.370808 -0.975255 -8.999994 -0.839089 0.224833 0.495358 0.454006 0.442558
-2.731852 -2.200000 -9.482354 -0.964353 0.063101 0.256985 0.451544 0.436260
-2.563801 -0.923544 -9.482354 -0.933701 0.250184 0.256147 0.451544 0.442796
-2.799999 -2.200000 -9.999994 -0.995741 0.064860 0.065516 0.448902 0.436251
1.289569 1.197778 -8.068144 -0.069599 0.259747 0.963165 0.184369 0.628859
1.164723 1.663703 -8.267944 -0.131497 0.490755 0.861318 0.182213 0.630119
0.441182 0.846364 -8.068144 -0.134454 0.232882 0.963166 0.182576 0.624529
1.057517 2.063803 -8.585785 -0.184398 0.688181 0.701715 0.180344 0.631225
0.975255 2.370808 -8.999994 -0.224833 0.839089 0.495358 0.212602 0.442583
1.057517 2.063803 -8.585785 -0.184398 0.688181 0.701715 0.210491 0.442200
-1.583423 -38.291790 -8.159823 -0.880828 0.069818 0.468261 0.316451 0.476130
-2.241637 -43.652519 -8.613754 -0.952883 0.065515 0.296179 0.333359 0.454498
2.200000 0.000000 -7.999994 -0.197367 -0.081752 0.976915 0.141442 0.784086
0.000000 -2.200000 -10.999994 0.810288 0.249885 -0.530086 0.129921 0.799398
0.000000 -2.200000 -7.999994 0.081752 0.197367 0.976915 0.129921 0.784086
2.200000 0.000000 -10.999994 -0.249885 -0.810288 -0.530086 0.141442 0.799398
0.055261 -1.533110 -30.620981 0.650072 -0.160756 -0.742673 0.343650 0.459375
0.068150 -1.482364 -7.999994 0.652271 -0.174729 0.737572 0.459110 0.459115
0.217989 -1.092020 -30.625029 0.604056 -0.302397 -0.737342 0.343629 0.457111
0.267949 -1.000002 -7.999994 0.584897 -0.337629 0.737497 0.459110 0.456638
0.381965 -0.824429 -30.629105 0.544515 -0.409526 -0.731978 0.343608 0.455732
0.585787 -0.585787 -7.999994 0.477577 -0.477577 0.737456 0.874153 0.000000
0.585787 -0.585787 -30.634172 0.479475 -0.479475 -0.734988 0.989681 0.000000
0.824429 -0.381965 -30.629105 0.409526 -0.544515 -0.731978 0.989655 0.001238
0.585787 -0.585787 -7.999994 0.477577 -0.477577 0.737456 0.459110 0.454498
0.585787 -0.585787 -30.634172 0.479475 -0.479475 -0.734988 0.343582 0.454498
1.000002 -0.267949 -7.999994 0.337629 -0.584897 0.737497 0.874153 0.002145
1.092020 -0.217989 -30.625029 0.302397 -0.604056 -0.737342 0.989634 0.002619
1.482364 -0.068150 -7.999994 0.174729 -0.652271 0.737572 0.874153 0.004626
1.533110 -0.055261 -30.620981 0.160756 -0.650072 -0.742673 0.989614 0.004886
-2.738442 -1.417831 -30.551525 -0.723668 0.111922 -0.681013 0.344004 0.440250
-2.799999 -2.200000 -30.549994 -0.904446 0.318085 -0.284252 0.344012 0.436251
-2.555281 -0.654917 -30.556080 -0.696779 0.236170 -0.677290 0.343981 0.444168
-2.063200 0.412490 -30.568314 -0.634094 0.379313 -0.673829 0.343918 0.449680
-1.335531 1.335531 -30.586403 -0.526061 0.506323 -0.683298 0.343826 0.454488
-0.738926 1.845084 -30.573734 -0.422005 0.596658 -0.682577 0.322722 0.451393
-1.335531 1.335531 -30.586403 -0.526061 0.506323 -0.683298 0.322791 0.454498
-0.069954 2.255034 -30.563543 -0.314723 0.664598 -0.677686 0.322666 0.447930
1.032773 2.661850 -30.553431 -0.169071 0.720279 -0.672766 0.322611 0.442254
2.200000 2.799999 -30.549994 -0.329602 0.902697 -0.276588 0.171567 0.468785
2.200000 2.799999 -30.674303 -0.583814 0.578667 -0.569479 0.170933 0.468785
2.200000 0.000000 -30.619608 -0.307927 -0.901859 -0.303037 0.171212 0.454498
2.200000 0.000000 -30.674303 -0.583813 -0.578667 -0.569479 0.170933 0.454498
81.904305 0.000000 -32.655903 0.279189 -0.630265 -0.724445 0.697361 0.474364
2.200000 0.000000 -30.674303 -0.583813 -0.578667 -0.569479 0.696245 0.881128
81.904305 2.799999 -32.655903 0.279189 0.630265 -0.724445 0.683082 0.474343
2.200000 2.799999 -30.674303 -0.583814 0.578667 -0.569479 0.681966 0.881106
87.699997 0.000000 -27.141392 0.715053 -0.628223 -0.306650 0.696245 0.444639
87.699997 2.799999 -27.141392 0.715053 0.628223 -0.306650 0.681966 0.444618
87.699997 0.000000 -27.141392 0.715053 -0.628223 -0.306650 0.170318 0.731565
87.699997 2.799999 27.141405 0.715054 0.628223 0.306650 0.156028 0.454498
87.699997 0.000000 27.141405 0.715054 -0.628223 0.306650 0.170318 0.454498
87.699997 2.799999 -27.141392 0.715053 0.628223 -0.306650 0.156028 0.731565
87.699997 2.799999 27.141405 0.715054 0.628223 0.306650 0.666640 0.886682
81.904305 2.799999 32.655926 0.279194 0.630265 0.724443 0.667685 0.856961
87.699997 0.000000 27.141405 0.715054 -0.628223 0.306650 0.680921 0.886661
81.904305 0.000000 32.655926 0.279191 -0.630259 0.724449 0.681966 0.856941
2.200000 0.000000 30.674303 -0.583815 -0.578664 0.569481 0.680921 0.450175
2.200000 2.645303 30.674303 -0.580978 -0.215871 0.784771 0.667429 0.450195
2.200000 2.799999 30.674303 -0.056198 0.717558 0.694228 0.666640 0.450196
1.107190 2.679113 30.647146 -0.997929 -0.063021 0.012904 0.667243 0.444618
1.107190 2.679113 30.647146 -0.997929 -0.063021 0.012904 0.010236 0.441872
-2.799999 -2.200000 30.550005 -0.902696 0.329604 0.276588 0.655874 0.436251
-2.661850 -1.032773 30.553432 -0.720279 0.169074 0.672764 0.655891 0.442225
-2.255034 0.069954 30.563543 -0.664601 0.314722 0.677684 0.655943 0.447906
-1.845084 0.738926 30.573742 -0.596661 0.422000 0.682577 0.655995 0.451375
-1.335531 1.335531 30.586416 -0.513493 0.513493 0.687495 0.656060 0.454488
-0.738926 1.845084 30.573742 -0.422000 0.596661 0.682577 0.010618 0.451393
-1.335531 1.335531 30.586416 -0.513493 0.513493 0.687495 0.010558 0.454498
-0.069954 2.255034 30.563543 -0.314722 0.664601 0.677684 0.010666 0.447930
1.032773 2.661850 30.553432 -0.169074 0.720279 0.672764 0.010714 0.442254
79.797554 2.799999 -23.691742 -0.042475 0.736434 0.675174 0.000089 0.851001
79.797554 0.000000 -23.691742 -0.042475 -0.736434 0.675174 0.014370 0.851001
80.376205 0.000000 -23.581364 -0.209052 -0.736438 0.643395 0.014393 0.853952
80.376205 2.799999 -23.581364 -0.209052 0.736438 0.643395 0.000112 0.853952
80.909195 2.799999 -23.330551 -0.362494 0.736434 0.571195 0.000162 0.856666
80.909195 0.000000 -23.330551 -0.362494 -0.736434 0.571195 0.014443 0.856666
81.926170 2.799999 -20.761953 -0.655255 0.736435 -0.168239 0.191687 0.826527
82.000000 2.799999 -21.346384 -0.676508 0.736435 0.000001 0.191697 0.829510
81.926170 0.000000 -20.761953 -0.655255 -0.736435 -0.168239 0.177401 0.826527
81.363083 0.000000 -22.955065 -0.493151 -0.736435 0.463104 0.014518 0.858973
82.000000 0.000000 -21.346384 -0.676508 -0.736435 0.000001 0.177410 0.829510
81.363083 2.799999 -22.955065 -0.493151 0.736435 0.463104 0.000237 0.858973
81.709328 2.799999 -20.214266 -0.592831 0.736435 -0.325907 0.191658 0.823731
81.709328 0.000000 -20.214266 -0.592831 -0.736435 -0.325907 0.177371 0.823731
81.709328 2.799999 -22.478504 -0.592828 0.736437 0.325907 0.191658 0.835288
81.363083 2.799999 -22.955065 -0.493151 0.736435 0.463104 0.191611 0.837721
81.709328 0.000000 -22.478504 -0.592828 -0.736437 0.325907 0.177371 0.835288
81.363083 0.000000 -22.955065 -0.493151 -0.736435 0.463104 0.177325 0.837721
81.926170 0.000000 -21.930805 -0.655256 -0.736434 0.168238 0.177401 0.832493
81.363083 2.799999 -19.737694 -0.493154 0.736436 -0.463099 0.191611 0.821299
81.363083 0.000000 -19.737694 -0.493154 -0.736436 -0.463099 0.177325 0.821299
80.909195 2.799999 -19.362206 -0.362494 0.736434 -0.571194 0.241111 0.840972
81.363083 2.799999 -19.737694 -0.493154 0.736436 -0.463099 0.241191 0.838665
81.363083 0.000000 -19.737694 -0.493154 -0.736436 -0.463099 0.255470 0.838665
81.926170 2.799999 -21.930805 -0.655256 0.736434 0.168238 0.191687 0.832493
80.909195 0.000000 -19.362206 -0.362494 -0.736434 -0.571194 0.255390 0.840972
80.376205 2.799999 -19.111395 -0.209052 0.736437 -0.643395 0.241057 0.843686
80.376205 0.000000 -19.111395 -0.209052 -0.736437 -0.643395 0.255336 0.843686
79.797554 2.799999 -19.001015 -0.042475 0.736435 -0.675173 0.241033 0.846637
79.797554 0.000000 -19.001015 -0.042475 -0.736435 -0.675173 0.255312 0.846637
79.209656 2.799999 -19.038004 0.126764 0.736434 -0.664526 0.241040 0.849638
79.209656 0.000000 -19.038004 0.126764 -0.736434 -0.664526 0.255320 0.849638
78.649414 2.799999 -19.220034 0.288044 0.736438 -0.612119 0.241078 0.852502
78.649414 0.000000 -19.220034 0.288044 -0.736438 -0.612119 0.255357 0.852502
78.152061 2.799999 -19.535673 0.431227 0.736434 -0.521257 0.241144 0.855049
78.152061 0.000000 -19.535673 0.431227 -0.736434 -0.521257 0.255424 0.855049
77.748817 2.799999 -19.965084 0.547305 0.736434 -0.397645 0.241146 0.822372
78.152061 2.799999 -19.535673 0.431227 0.736434 -0.521257 0.241114 0.820181
77.748817 0.000000 -19.965084 0.547305 -0.736434 -0.397645 0.255436 0.822372
78.152061 0.000000 -19.535673 0.431227 -0.736434 -0.521257 0.255404 0.820181
77.465027 2.799999 -20.481285 0.628999 0.736437 -0.249040 0.241168 0.825007
77.465027 0.000000 -20.481285 0.628999 -0.736437 -0.249040 0.255458 0.825007
77.318535 2.799999 -21.051844 0.671174 0.736435 -0.084788 0.241180 0.827919
77.318535 0.000000 -21.051844 0.671174 -0.736435 -0.084788 0.255470 0.827919
77.318535 0.000000 -21.640913 0.671174 -0.736435 0.084787 0.255470 0.830926
77.318535 2.799999 -21.640913 0.671174 0.736435 0.084787 0.241180 0.830926
77.465027 2.799999 -22.211475 0.628998 0.736438 0.249040 0.241168 0.833838
77.465027 0.000000 -22.211475 0.628998 -0.736438 0.249040 0.255458 0.833838
77.748817 0.000000 -22.727674 0.547305 -0.736434 0.397645 0.255436 0.836473
77.748817 2.799999 -22.727674 0.547305 0.736434 0.397645 0.241146 0.836473
78.152061 2.799999 -23.157085 0.431227 0.736434 0.521257 0.241114 0.838665
78.152061 0.000000 -23.157085 0.431227 -0.736434 0.521257 0.255404 0.838665
78.152061 2.799999 -23.157085 0.431227 0.736434 0.521257 0.000194 0.842589
78.152061 0.000000 -23.157085 0.431227 -0.736434 0.521257 0.014474 0.842589
78.649414 0.000000 -23.472725 0.288044 -0.736438 0.612119 0.014412 0.845135
78.649414 2.799999 -23.472725 0.288044 0.736438 0.612119 0.000132 0.845135
79.209656 0.000000 -23.654755 0.126763 -0.736435 0.664526 0.014377 0.847999
79.209656 2.799999 -23.654755 0.126763 0.736435 0.664526 0.000096 0.847999
62.597557 2.799999 -26.365078 -0.042479 0.736436 0.675172 0.853328 0.502182
62.597557 0.000000 -26.365078 -0.042479 -0.736436 0.675172 0.867609 0.502182
63.176186 0.000000 -26.254696 -0.209055 -0.736435 0.643396 0.867631 0.505133
63.176186 2.799999 -26.254696 -0.209055 0.736435 0.643396 0.853351 0.505133
63.709183 2.799999 -26.003883 -0.362491 0.736434 0.571196 0.853401 0.507847
63.709183 0.000000 -26.003883 -0.362491 -0.736434 0.571196 0.867682 0.507847
64.726173 2.799999 -23.435293 -0.655251 0.736438 -0.168240 0.115628 0.826514
64.799995 2.799999 -24.019712 -0.676511 0.736433 -0.000000 0.115638 0.829497
64.726173 0.000000 -23.435293 -0.655251 -0.736438 -0.168240 0.101342 0.826514
64.163071 0.000000 -25.628399 -0.493151 -0.736436 0.463103 0.867756 0.510155
64.799995 0.000000 -24.019712 -0.676511 -0.736433 -0.000000 0.101351 0.829497
64.163071 2.799999 -25.628399 -0.493151 0.736436 0.463103 0.853476 0.510155
64.509315 2.799999 -22.887592 -0.592829 0.736434 -0.325914 0.115599 0.823718
64.509315 0.000000 -22.887592 -0.592828 -0.736434 -0.325914 0.101312 0.823718
64.509315 2.799999 -25.151834 -0.592828 0.736434 0.325915 0.115599 0.835275
64.163071 2.799999 -25.628399 -0.493151 0.736436 0.463103 0.115552 0.837708
64.509315 0.000000 -25.151834 -0.592828 -0.736434 0.325915 0.101312 0.835275
64.163071 0.000000 -25.628399 -0.493151 -0.736436 0.463103 0.101266 0.837708
64.726173 0.000000 -24.604134 -0.655251 -0.736439 0.168240 0.101342 0.832480
64.163071 2.799999 -22.411024 -0.493149 0.736437 -0.463103 0.115552 0.821286
64.163071 0.000000 -22.411024 -0.493149 -0.736437 -0.463103 0.101266 0.821286
63.709183 2.799999 -22.035545 -0.362488 0.736434 -0.571198 0.220389 0.840974
64.163071 2.799999 -22.411024 -0.493149 0.736437 -0.463103 0.220469 0.838667
64.163071 0.000000 -22.411024 -0.493149 -0.736437 -0.463103 0.234748 0.838667
64.726173 2.799999 -24.604134 -0.655251 0.736439 0.168240 0.115628 0.832480
63.709183 0.000000 -22.035545 -0.362488 -0.736434 -0.571198 0.234668 0.840974
63.176186 2.799999 -21.784737 -0.209054 0.736435 -0.643397 0.220335 0.843688
63.176186 0.000000 -21.784737 -0.209054 -0.736435 -0.643397 0.234615 0.843688
62.597557 2.799999 -21.674355 -0.042484 0.736435 -0.675173 0.220311 0.846639
62.597557 0.000000 -21.674355 -0.042484 -0.736434 -0.675174 0.234591 0.846639
62.009659 2.799999 -21.711334 0.126765 0.736439 -0.664521 0.220319 0.849640
62.009659 0.000000 -21.711334 0.126765 -0.736439 -0.664521 0.234598 0.849640
61.449421 2.799999 -21.893375 0.288047 0.736434 -0.612123 0.220357 0.852505
61.449421 0.000000 -21.893375 0.288047 -0.736434 -0.612123 0.234636 0.852505
60.952065 2.799999 -22.209005 0.431219 0.736434 -0.521263 0.220423 0.855051
60.952065 0.000000 -22.209005 0.431219 -0.736434 -0.521263 0.234702 0.855051
60.548809 2.799999 -22.638416 0.547302 0.736437 -0.397645 0.269890 0.804785
60.952065 2.799999 -22.209005 0.431219 0.736434 -0.521263 0.269858 0.802593
60.548809 0.000000 -22.638416 0.547302 -0.736437 -0.397645 0.284179 0.804785
60.952065 0.000000 -22.209005 0.431219 -0.736434 -0.521263 0.284148 0.802593
60.265022 2.799999 -23.154621 0.629001 0.736436 -0.249038 0.269912 0.807420
60.265022 0.000000 -23.154621 0.629001 -0.736436 -0.249038 0.284202 0.807420
60.118530 2.799999 -23.725180 0.671174 0.736435 -0.084788 0.269924 0.810332
60.118530 0.000000 -23.725180 0.671174 -0.736435 -0.084788 0.284214 0.810332
60.118530 0.000000 -24.314245 0.671174 -0.736435 0.084787 0.284214 0.813339
60.118530 2.799999 -24.314245 0.671174 0.736435 0.084787 0.269924 0.813339
60.265022 2.799999 -24.884808 0.628999 0.736437 0.249038 0.269912 0.816251
60.265022 0.000000 -24.884808 0.628999 -0.736437 0.249038 0.284202 0.816251
60.548809 0.000000 -25.401009 0.547301 -0.736437 0.397646 0.284179 0.818886
60.548809 2.799999 -25.401009 0.547301 0.736437 0.397646 0.269890 0.818886
60.952065 2.799999 -25.830420 0.431223 0.736432 0.521262 0.269858 0.821078
60.952065 0.000000 -25.830420 0.431223 -0.736432 0.521262 0.284148 0.821078
60.952065 2.799999 -25.830420 0.431223 0.736432 0.521262 0.853432 0.493770
60.952065 0.000000 -25.830420 0.431223 -0.736432 0.521262 0.867713 0.493770
61.449421 0.000000 -26.146057 0.288045 -0.736436 0.612121 0.867651 0.496317
61.449421 2.799999 -26.146057 0.288045 0.736436 0.612121 0.853370 0.496317
62.009659 0.000000 -26.328089 0.126766 -0.736435 0.664525 0.867616 0.499181
62.009659 2.799999 -26.328089 0.126766 0.736435 0.664525 0.853335 0.499181
30.497562 2.799999 -25.567011 -0.042479 0.736435 0.675173 0.853328 0.485798
30.497562 0.000000 -25.567011 -0.042479 -0.736435 0.675173 0.867609 0.485798
31.076193 0.000000 -25.456631 -0.209053 -0.736437 0.643395 0.867631 0.488749
31.076193 2.799999 -25.456631 -0.209053 0.736437 0.643395 0.853351 0.488749
31.609192 2.799999 -25.205818 -0.362491 0.736433 0.571197 0.853401 0.491463
31.609192 0.000000 -25.205818 -0.362491 -0.736433 0.571197 0.867682 0.491463
32.626171 2.799999 -22.637224 -0.655254 0.736435 -0.168241 0.156018 0.826700
32.700001 2.799999 -23.221647 -0.676508 0.736436 0.000000 0.156028 0.829683
32.626171 0.000000 -22.637224 -0.655254 -0.736435 -0.168241 0.141732 0.826700
32.063084 0.000000 -24.830332 -0.493151 -0.736438 0.463100 0.867756 0.493770
32.700001 0.000000 -23.221647 -0.676508 -0.736436 0.000000 0.141741 0.829683
32.063084 2.799999 -24.830332 -0.493151 0.736438 0.463100 0.853476 0.493770
32.409321 2.799999 -24.353769 -0.592830 0.736435 0.325908 0.155989 0.835461
32.063084 2.799999 -24.830332 -0.493151 0.736438 0.463100 0.155942 0.837894
32.063084 0.000000 -24.830332 -0.493151 -0.736438 0.463100 0.141656 0.837894
32.409321 0.000000 -24.353769 -0.592830 -0.736435 0.325908 0.141702 0.835461
32.409321 2.799999 -22.089523 -0.592829 0.736435 -0.325909 0.155989 0.823904
32.409321 0.000000 -22.089523 -0.592829 -0.736435 -0.325909 0.141702 0.823904
32.626171 0.000000 -23.806067 -0.655254 -0.736435 0.168241 0.141732 0.832666
32.626171 2.799999 -23.806067 -0.655254 0.736435 0.168241 0.156018 0.832666
32.063084 2.799999 -21.612965 -0.493152 0.736437 -0.463101 0.155942 0.821472
32.063084 0.000000 -21.612965 -0.493152 -0.736437 -0.463101 0.141656 0.821472
31.609192 2.799999 -21.237476 -0.362491 0.736434 -0.571196 0.028890 0.840201
32.063084 2.799999 -21.612965 -0.493152 0.736437 -0.463101 0.028970 0.837894
32.063084 0.000000 -21.612965 -0.493152 -0.736437 -0.463101 0.043249 0.837894
31.609192 0.000000 -21.237476 -0.362491 -0.736434 -0.571196 0.043170 0.840201
31.076193 2.799999 -20.986664 -0.209052 0.736436 -0.643396 0.028837 0.842915
31.076193 0.000000 -20.986664 -0.209053 -0.736436 -0.643396 0.043116 0.842915
30.497562 2.799999 -20.876286 -0.042477 0.736435 -0.675173 0.028813 0.845865
30.497562 0.000000 -20.876286 -0.042477 -0.736435 -0.675173 0.043092 0.845865
29.909651 2.799999 -20.913275 0.126765 0.736435 -0.664525 0.028820 0.848867
29.909651 0.000000 -20.913275 0.126765 -0.736435 -0.664525 0.043099 0.848867
29.349421 2.799999 -21.095304 0.288045 0.736436 -0.612121 0.028858 0.851731
29.349421 0.000000 -21.095304 0.288045 -0.736436 -0.612121 0.043137 0.851731
28.852060 2.799999 -21.410944 0.431224 0.736434 -0.521260 0.028924 0.854278
28.852060 0.000000 -21.410944 0.431224 -0.736434 -0.521260 0.043203 0.854278
28.448811 2.799999 -21.840355 0.547303 0.736436 -0.397646 0.726089 0.817262
28.852060 2.799999 -21.410944 0.431224 0.736434 -0.521260 0.726057 0.815070
28.448811 0.000000 -21.840355 0.547303 -0.736436 -0.397646 0.740379 0.817262
28.852060 0.000000 -21.410944 0.431224 -0.736434 -0.521260 0.740347 0.815070
28.165022 2.799999 -22.356554 0.628999 0.736437 -0.249040 0.726111 0.819897
28.165022 0.000000 -22.356554 0.628999 -0.736437 -0.249040 0.740401 0.819897
28.018530 2.799999 -22.927114 0.671174 0.736435 -0.084787 0.726123 0.822809
28.018530 0.000000 -22.927114 0.671174 -0.736435 -0.084787 0.740413 0.822809
28.018530 0.000000 -23.516180 0.671174 -0.736435 0.084787 0.740413 0.825816
28.018530 2.799999 -23.516180 0.671174 0.736435 0.084787 0.726123 0.825816
28.165022 2.799999 -24.086740 0.629000 0.736437 0.249039 0.726111 0.828728
28.165022 0.000000 -24.086740 0.629000 -0.736437 0.249039 0.740401 0.828728
28.448811 0.000000 -24.602942 0.547304 -0.736435 0.397645 0.740379 0.831363
28.448811 2.799999 -24.602942 0.547304 0.736435 0.397645 0.726089 0.831363
28.852060 2.799999 -25.032354 0.431222 0.736434 0.521260 0.726057 0.833554
28.852060 0.000000 -25.032354 0.431222 -0.736434 0.521260 0.740347 0.833554
28.852060 2.799999 -25.032354 0.431222 0.736434 0.521260 0.853433 0.477386
28.852060 0.000000 -25.032354 0.431222 -0.736434 0.521260 0.867713 0.477386
29.349421 0.000000 -25.347990 0.288046 -0.736434 0.612122 0.867651 0.479933
29.349421 2.799999 -25.347990 0.288046 0.736434 0.612122 0.853370 0.479933
29.909651 2.799999 -25.530024 0.126766 0.736436 0.664524 0.853335 0.482797
29.909651 0.000000 -25.530024 0.126766 -0.736436 0.664524 0.867616 0.482797
46.797562 2.799999 -18.870066 -0.042477 0.736436 0.675172 0.156033 0.859046
46.797562 0.000000 -18.870066 -0.042477 -0.736436 0.675172 0.170314 0.859046
47.376190 0.000000 -18.759686 -0.209051 -0.736435 0.643398 0.170336 0.861996
47.376190 2.799999 -18.759686 -0.209051 0.736435 0.643399 0.156055 0.861996
47.909199 2.799999 -18.508875 -0.362493 0.736439 0.571189 0.156106 0.864711
47.909199 0.000000 -18.508875 -0.362493 -0.736439 0.571189 0.170386 0.864711
48.926170 2.799999 -15.940285 -0.655254 0.736435 -0.168243 0.206016 0.826527
49.000004 2.799999 -16.524704 -0.676505 0.736438 0.000000 0.206026 0.829510
48.926170 0.000000 -15.940285 -0.655254 -0.736435 -0.168243 0.191729 0.826527
48.363071 0.000000 -18.133385 -0.493158 -0.736432 0.463102 0.170461 0.867018
49.000004 0.000000 -16.524704 -0.676506 -0.736437 0.000000 0.191739 0.829510
48.363071 2.799999 -18.133385 -0.493158 0.736432 0.463102 0.156180 0.867018
48.709320 2.799999 -15.392585 -0.592829 0.736435 -0.325910 0.205987 0.823731
48.709320 0.000000 -15.392585 -0.592829 -0.736435 -0.325910 0.191700 0.823731
48.709320 2.799999 -17.656824 -0.592826 0.736436 0.325913 0.205987 0.835288
48.363071 2.799999 -18.133385 -0.493158 0.736432 0.463102 0.205940 0.837721
48.709320 0.000000 -17.656824 -0.592826 -0.736436 0.325913 0.191700 0.835288
48.363071 0.000000 -18.133385 -0.493158 -0.736432 0.463102 0.191654 0.837721
48.926170 0.000000 -17.109123 -0.655254 -0.736435 0.168243 0.191729 0.832493
48.363071 2.799999 -14.916014 -0.493155 0.736435 -0.463101 0.205940 0.821299
48.363071 0.000000 -14.916014 -0.493155 -0.736435 -0.463101 0.191654 0.821299
47.909199 2.799999 -14.540534 -0.362490 0.736437 -0.571194 0.072643 0.840153
48.363071 2.799999 -14.916014 -0.493155 0.736435 -0.463101 0.072723 0.837846
48.363071 0.000000 -14.916014 -0.493155 -0.736435 -0.463101 0.087003 0.837846
48.926170 2.799999 -17.109123 -0.655254 0.736435 0.168243 0.206016 0.832493
47.909199 0.000000 -14.540534 -0.362490 -0.736437 -0.571194 0.086923 0.840153
47.376190 2.799999 -14.289723 -0.209050 0.736435 -0.643399 0.072590 0.842867
47.376190 0.000000 -14.289723 -0.209050 -0.736435 -0.643399 0.086869 0.842867
46.797562 2.799999 -14.179345 -0.042483 0.736433 -0.675175 0.072566 0.845817
46.797562 0.000000 -14.179345 -0.042483 -0.736433 -0.675175 0.086845 0.845817
46.209652 2.799999 -14.216324 0.126760 0.736438 -0.664523 0.072573 0.848819
46.209652 0.000000 -14.216324 0.126760 -0.736438 -0.664523 0.086852 0.848819
45.649422 2.799999 -14.398355 0.288043 0.736435 -0.612123 0.072611 0.851683
45.649422 0.000000 -14.398355 0.288043 -0.736435 -0.612123 0.086890 0.851683
45.152050 2.799999 -14.713995 0.431222 0.736436 -0.521258 0.072677 0.854230
45.152050 0.000000 -14.713995 0.431222 -0.736436 -0.521258 0.086957 0.854230
44.748810 2.799999 -15.143404 0.547308 0.736437 -0.397635 0.284278 0.823269
45.152050 2.799999 -14.713995 0.431222 0.736436 -0.521258 0.284246 0.821078
44.748810 0.000000 -15.143404 0.547308 -0.736437 -0.397635 0.298567 0.823269
45.152050 0.000000 -14.713995 0.431222 -0.736436 -0.521258 0.298535 0.821078
44.465031 2.799999 -15.659616 0.629005 0.736432 -0.249040 0.284300 0.825904
44.465031 0.000000 -15.659616 0.629005 -0.736432 -0.249040 0.298590 0.825904
44.318531 2.799999 -16.230164 0.671171 0.736437 -0.084793 0.284312 0.828816
44.318531 0.000000 -16.230164 0.671171 -0.736437 -0.084793 0.298601 0.828816
44.318531 0.000000 -16.819235 0.671172 -0.736437 0.084791 0.298601 0.831823
44.318531 2.799999 -16.819235 0.671172 0.736436 0.084791 0.284312 0.831823
44.465031 2.799999 -17.389795 0.629002 0.736434 0.249041 0.284300 0.834735
44.465031 0.000000 -17.389795 0.629002 -0.736434 0.249041 0.298590 0.834735
44.748810 0.000000 -17.905993 0.547308 -0.736435 0.397639 0.298567 0.837370
44.748810 2.799999 -17.905993 0.547308 0.736435 0.397639 0.284278 0.837370
45.152050 2.799999 -18.335403 0.431223 0.736436 0.521257 0.284246 0.839562
45.152050 0.000000 -18.335403 0.431223 -0.736436 0.521257 0.298535 0.839562
45.152050 2.799999 -18.335403 0.431223 0.736436 0.521257 0.156137 0.850634
45.152050 0.000000 -18.335403 0.431223 -0.736436 0.521257 0.170418 0.850634
45.649422 0.000000 -18.651045 0.288043 -0.736435 0.612123 0.170356 0.853180
45.649422 2.799999 -18.651045 0.288043 0.736435 0.612123 0.156075 0.853180
46.209652 0.000000 -18.833075 0.126767 -0.736435 0.664525 0.170321 0.856044
46.209652 2.799999 -18.833075 0.126767 0.736435 0.664525 0.156040 0.856044
62.597557 2.799999 21.674366 -0.042472 0.736434 0.675175 0.853328 0.518567
62.597557 0.000000 21.674366 -0.042472 -0.736434 0.675175 0.867609 0.518567
63.176186 0.000000 21.784737 -0.209052 -0.736439 0.643393 0.867631 0.521517
63.176186 2.799999 21.784737 -0.209052 0.736439 0.643393 0.853351 0.521517
63.709183 2.799999 22.035557 -0.362494 0.736432 0.571197 0.853401 0.524231
64.726173 2.799999 24.604143 -0.655252 0.736438 -0.168239 0.327384 0.826306
64.799995 2.799999 24.019724 -0.676511 0.736432 -0.000000 0.327393 0.829289
64.799995 0.000000 24.019724 -0.676511 -0.736432 0.000000 0.313107 0.829289
63.709183 0.000000 22.035557 -0.362494 -0.736432 0.571197 0.867682 0.524231
64.509315 2.799999 25.151848 -0.592829 0.736434 -0.325913 0.327354 0.823511
64.726173 0.000000 24.604143 -0.655252 -0.736438 -0.168239 0.313097 0.826306
64.163071 0.000000 22.411036 -0.493149 -0.736437 0.463102 0.867756 0.526539
64.163071 2.799999 22.411036 -0.493149 0.736437 0.463102 0.853476 0.526539
64.163071 2.799999 25.628416 -0.493149 0.736437 -0.463102 0.327308 0.821078
64.509315 0.000000 25.151848 -0.592829 -0.736434 -0.325913 0.313068 0.823511
64.509315 2.799999 22.887604 -0.592829 0.736434 0.325914 0.327354 0.835068
64.163071 2.799999 22.411036 -0.493149 0.736437 0.463102 0.327308 0.837500
64.509315 0.000000 22.887604 -0.592829 -0.736434 0.325914 0.313068 0.835068
64.163071 0.000000 22.411036 -0.493149 -0.736437 0.463102 0.313021 0.837500
64.726173 0.000000 23.435305 -0.655251 -0.736438 0.168240 0.313097 0.832272
64.163071 0.000000 25.628416 -0.493149 -0.736437 -0.463102 0.313021 0.821078
64.726173 2.799999 23.435305 -0.655251 0.736438 0.168240 0.327384 0.832272
63.709183 2.799999 26.003895 -0.362488 0.736434 -0.571198 0.043424 0.840201
64.163071 2.799999 25.628416 -0.493149 0.736437 -0.463102 0.043504 0.837894
63.709183 0.000000 26.003895 -0.362488 -0.736434 -0.571198 0.057703 0.840201
64.163071 0.000000 25.628416 -0.493149 -0.736437 -0.463102 0.057783 0.837894
63.176186 2.799999 26.254704 -0.209053 0.736435 -0.643398 0.043370 0.842915
63.176186 0.000000 26.254704 -0.209053 -0.736435 -0.643397 0.057649 0.842915
62.597557 2.799999 26.365084 -0.042479 0.736436 -0.675173 0.043346 0.845865
62.597557 0.000000 26.365084 -0.042479 -0.736436 -0.675173 0.057625 0.845865
62.009659 2.799999 26.328096 0.126759 0.736436 -0.664526 0.043353 0.848867
62.009659 0.000000 26.328096 0.126759 -0.736436 -0.664526 0.057632 0.848867
61.449421 2.799999 26.146074 0.288040 0.736438 -0.612121 0.043391 0.851731
61.449421 0.000000 26.146074 0.288040 -0.736438 -0.612121 0.057670 0.851731
60.952065 2.799999 25.830435 0.431225 0.736433 -0.521259 0.043457 0.854278
60.952065 0.000000 25.830435 0.431225 -0.736433 -0.521259 0.057737 0.854278
60.548809 2.799999 25.401016 0.547304 0.736436 -0.397644 0.284277 0.804785
60.952065 2.799999 25.830435 0.431225 0.736433 -0.521259 0.284246 0.802594
60.548809 0.000000 25.401016 0.547304 -0.736436 -0.397644 0.298567 0.804785
60.952065 0.000000 25.830435 0.431225 -0.736433 -0.521259 0.298535 0.802594
60.265022 2.799999 24.884815 0.629000 0.736436 -0.249039 0.284300 0.807420
60.265022 0.000000 24.884815 0.629000 -0.736436 -0.249039 0.298590 0.807420
60.118530 2.799999 24.314257 0.671174 0.736435 -0.084788 0.284312 0.810332
60.118530 0.000000 24.314257 0.671174 -0.736435 -0.084788 0.298601 0.810332
60.118530 0.000000 23.725195 0.671174 -0.736435 0.084788 0.298601 0.813339
60.118530 2.799999 23.725195 0.671174 0.736435 0.084788 0.284312 0.813339
60.265022 0.000000 23.154636 0.629001 -0.736436 0.249037 0.298590 0.816251
60.265022 2.799999 23.154636 0.629001 0.736436 0.249037 0.284300 0.816251
60.548809 0.000000 22.638428 0.547302 -0.736437 0.397644 0.298567 0.818886
60.548809 2.799999 22.638428 0.547302 0.736437 0.397644 0.284277 0.818886
60.952065 0.000000 22.209017 0.431223 -0.736432 0.521262 0.298535 0.821078
60.952065 2.799999 22.209017 0.431223 0.736432 0.521262 0.284246 0.821078
60.952065 2.799999 22.209017 0.431223 0.736432 0.521262 0.853432 0.510155
60.952065 0.000000 22.209017 0.431223 -0.736432 0.521262 0.867713 0.510155
61.449421 0.000000 21.893377 0.288040 -0.736439 0.612120 0.867651 0.512701
61.449421 2.799999 21.893377 0.288040 0.736439 0.612120 0.853370 0.512701
62.009659 0.000000 21.711355 0.126761 -0.736433 0.664528 0.867616 0.515565
62.009659 2.799999 21.711355 0.126761 0.736433 0.664528 0.853335 0.515565
78.797562 2.799999 18.976166 -0.042477 0.736436 0.675172 0.726057 0.858388
78.797562 0.000000 18.976166 -0.042477 -0.736436 0.675172 0.740338 0.858388
79.376190 0.000000 19.086546 -0.209053 -0.736435 0.643398 0.740360 0.861339
79.376190 2.799999 19.086546 -0.209053 0.736435 0.643398 0.726079 0.861339
79.909187 2.799999 19.337355 -0.362489 0.736435 0.571196 0.726130 0.864053
80.926178 2.799999 21.905945 -0.655256 0.736436 -0.168233 0.072360 0.826654
81.000000 2.799999 21.321526 -0.676511 0.736432 -0.000000 0.072369 0.829637
81.000000 0.000000 21.321526 -0.676511 -0.736432 0.000000 0.058083 0.829637
79.909187 0.000000 19.337355 -0.362489 -0.736435 0.571196 0.740410 0.864053
80.709335 2.799999 22.453646 -0.592827 0.736438 -0.325908 0.072330 0.823859
80.926178 0.000000 21.905945 -0.655256 -0.736436 -0.168233 0.058073 0.826654
80.363083 0.000000 19.712845 -0.493149 -0.736435 0.463107 0.740485 0.866361
80.363083 2.799999 19.712845 -0.493149 0.736435 0.463107 0.726204 0.866361
80.363083 2.799999 22.930214 -0.493150 0.736435 -0.463105 0.072284 0.821426
80.709335 0.000000 22.453646 -0.592827 -0.736438 -0.325908 0.058044 0.823859
80.709335 2.799999 20.189405 -0.592825 0.736439 0.325909 0.072330 0.835416
80.363083 2.799999 19.712845 -0.493149 0.736435 0.463107 0.072284 0.837848
80.709335 0.000000 20.189405 -0.592825 -0.736439 0.325909 0.058044 0.835416
80.363083 0.000000 19.712845 -0.493149 -0.736435 0.463107 0.057997 0.837848
80.926178 0.000000 20.737106 -0.655256 -0.736436 0.168233 0.058073 0.832620
80.363083 0.000000 22.930214 -0.493150 -0.736435 -0.463105 0.057997 0.821426
80.926178 2.799999 20.737106 -0.655256 0.736436 0.168233 0.072360 0.832620
79.909187 2.799999 23.305704 -0.362486 0.736436 -0.571197 0.101190 0.840015
80.363083 2.799999 22.930214 -0.493150 0.736435 -0.463105 0.101269 0.837708
79.909187 0.000000 23.305704 -0.362486 -0.736436 -0.571197 0.115469 0.840015
80.363083 0.000000 22.930214 -0.493150 -0.736435 -0.463105 0.115549 0.837708
79.376190 2.799999 23.556507 -0.209050 0.736434 -0.643400 0.101136 0.842729
79.376190 0.000000 23.556507 -0.209050 -0.736434 -0.643399 0.115415 0.842729
78.797562 2.799999 23.666887 -0.042482 0.736434 -0.675174 0.101112 0.845679
78.797562 0.000000 23.666887 -0.042482 -0.736434 -0.675174 0.115391 0.845679
78.209656 2.799999 23.629906 0.126759 0.736436 -0.664526 0.101119 0.848681
78.209656 0.000000 23.629906 0.126759 -0.736436 -0.664526 0.115398 0.848681
77.649414 2.799999 23.447876 0.288041 0.736436 -0.612123 0.101157 0.851545
77.649414 0.000000 23.447876 0.288041 -0.736436 -0.612123 0.115436 0.851545
77.152046 2.799999 23.132236 0.431226 0.736438 -0.521252 0.101223 0.854092
77.152046 0.000000 23.132236 0.431226 -0.736437 -0.521252 0.115503 0.854092
76.748817 2.799999 22.702826 0.547311 0.736432 -0.397641 0.269922 0.823269
77.152046 2.799999 23.132236 0.431226 0.736438 -0.521252 0.269890 0.821078
76.748817 0.000000 22.702826 0.547311 -0.736432 -0.397641 0.284211 0.823269
77.152046 0.000000 23.132236 0.431226 -0.736437 -0.521252 0.284179 0.821078
76.465027 2.799999 22.186625 0.628999 0.736437 -0.249040 0.269944 0.825904
76.465027 0.000000 22.186625 0.628999 -0.736437 -0.249040 0.284234 0.825904
76.318535 2.799999 21.616066 0.671174 0.736435 -0.084788 0.269956 0.828816
76.318535 0.000000 21.616066 0.671174 -0.736435 -0.084788 0.284246 0.828816
76.318535 0.000000 21.026997 0.671175 -0.736435 0.084787 0.284246 0.831823
76.318535 2.799999 21.026997 0.671174 0.736435 0.084787 0.269956 0.831823
76.465027 0.000000 20.456434 0.628998 -0.736438 0.249040 0.284234 0.834735
76.465027 2.799999 20.456434 0.628998 0.736438 0.249040 0.269944 0.834735
76.748817 0.000000 19.940237 0.547311 -0.736432 0.397642 0.284211 0.837370
76.748817 2.799999 19.940237 0.547311 0.736432 0.397642 0.269922 0.837370
77.152046 0.000000 19.510826 0.431226 -0.736438 0.521252 0.284179 0.839562
77.152046 2.799999 19.510826 0.431226 0.736438 0.521252 0.269890 0.839562
77.152046 2.799999 19.510826 0.431226 0.736438 0.521252 0.726161 0.849976
77.152046 0.000000 19.510826 0.431226 -0.736438 0.521252 0.740442 0.849976
77.649414 0.000000 19.195187 0.288041 -0.736436 0.612123 0.740380 0.852523
77.649414 2.799999 19.195187 0.288041 0.736436 0.612123 0.726099 0.852523
78.209656 0.000000 19.013157 0.126765 -0.736434 0.664527 0.740345 0.855387
78.209656 2.799999 19.013157 0.126765 0.736434 0.664527 0.726064 0.855387
30.497562 2.799999 20.876293 -0.042477 0.736437 0.675171 0.853328 0.469414
30.497562 0.000000 20.876293 -0.042477 -0.736437 0.675171 0.867609 0.469414
31.076193 0.000000 20.986675 -0.209055 -0.736435 0.643396 0.867631 0.472365
31.076193 2.799999 20.986675 -0.209055 0.736435 0.643396 0.853351 0.472365
31.609192 2.799999 21.237488 -0.362491 0.736434 0.571196 0.853401 0.475079
32.626171 2.799999 23.806086 -0.655253 0.736436 -0.168242 0.129956 0.826514
32.700001 2.799999 23.221655 -0.676508 0.736435 0.000001 0.129966 0.829497
32.700001 0.000000 23.221655 -0.676508 -0.736435 0.000001 0.115679 0.829497
31.609192 0.000000 21.237488 -0.362491 -0.736434 0.571196 0.867682 0.475079
32.409321 2.799999 24.353775 -0.592833 0.736432 -0.325909 0.129927 0.823719
32.626171 0.000000 23.806086 -0.655253 -0.736437 -0.168242 0.115669 0.826514
32.063084 0.000000 21.612974 -0.493151 -0.736437 0.463101 0.867756 0.477386
32.063084 2.799999 21.612974 -0.493151 0.736437 0.463101 0.853476 0.477386
32.063084 2.799999 24.830347 -0.493149 0.736440 -0.463098 0.129880 0.821286
32.409321 0.000000 24.353775 -0.592833 -0.736432 -0.325909 0.115640 0.823719
32.409321 2.799999 22.089535 -0.592830 0.736435 0.325909 0.129927 0.835275
32.063084 2.799999 21.612974 -0.493151 0.736437 0.463101 0.129880 0.837708
32.409321 0.000000 22.089535 -0.592830 -0.736435 0.325909 0.115640 0.835275
32.063084 0.000000 21.612974 -0.493151 -0.736437 0.463101 0.115593 0.837708
32.626171 0.000000 22.637236 -0.655254 -0.736435 0.168241 0.115669 0.832480
32.063084 0.000000 24.830347 -0.493149 -0.736440 -0.463098 0.115593 0.821286
32.626171 2.799999 22.637236 -0.655254 0.736435 0.168241 0.129956 0.832480
31.609192 2.799999 25.205826 -0.362487 0.736433 -0.571200 0.141669 0.840201
32.063084 2.799999 24.830347 -0.493149 0.736440 -0.463098 0.141749 0.837894
31.609192 0.000000 25.205826 -0.362487 -0.736433 -0.571200 0.155948 0.840201
32.063084 0.000000 24.830347 -0.493149 -0.736440 -0.463098 0.156028 0.837894
31.076193 2.799999 25.456635 -0.209059 0.736433 -0.643398 0.141615 0.842915
31.076193 0.000000 25.456635 -0.209059 -0.736433 -0.643398 0.155895 0.842915
30.497562 2.799999 25.567026 -0.042483 0.736438 -0.675169 0.141591 0.845865
30.497562 0.000000 25.567026 -0.042483 -0.736438 -0.675169 0.155871 0.845865
29.909651 2.799999 25.530035 0.126767 0.736435 -0.664525 0.141598 0.848867
29.909651 0.000000 25.530035 0.126767 -0.736435 -0.664525 0.155878 0.848867
29.349421 2.799999 25.348005 0.288045 0.736436 -0.612121 0.141636 0.851731
29.349421 0.000000 25.348005 0.288045 -0.736436 -0.612121 0.155916 0.851731
28.852060 2.799999 25.032366 0.431223 0.736434 -0.521260 0.141703 0.854278
28.852060 0.000000 25.032366 0.431223 -0.736434 -0.521260 0.155982 0.854278
28.448811 2.799999 24.602955 0.547304 0.736436 -0.397643 0.156060 0.817919
28.852060 2.799999 25.032366 0.431223 0.736434 -0.521260 0.156028 0.815728
28.448811 0.000000 24.602955 0.547304 -0.736436 -0.397643 0.170350 0.817919
28.852060 0.000000 25.032366 0.431223 -0.736434 -0.521260 0.170318 0.815728
28.165022 2.799999 24.086746 0.629001 0.736436 -0.249039 0.156083 0.820554
28.165022 0.000000 24.086746 0.629001 -0.736436 -0.249039 0.170372 0.820554
28.018530 2.799999 23.516195 0.671174 0.736435 -0.084789 0.156094 0.823466
28.018530 0.000000 23.516195 0.671174 -0.736435 -0.084789 0.170384 0.823466
28.018530 0.000000 22.927126 0.671174 -0.736435 0.084787 0.170384 0.826473
28.018530 2.799999 22.927126 0.671174 0.736435 0.084787 0.156094 0.826473
28.165022 0.000000 22.356564 0.628999 -0.736437 0.249040 0.170372 0.829385
28.165022 2.799999 22.356564 0.628999 0.736437 0.249040 0.156083 0.829385
28.448811 0.000000 21.840366 0.547303 -0.736435 0.397646 0.170350 0.832020
28.448811 2.799999 21.840366 0.547303 0.736435 0.397646 0.156060 0.832020
28.852060 0.000000 21.410955 0.431224 -0.736434 0.521260 0.170318 0.834212
28.852060 2.799999 21.410955 0.431224 0.736434 0.521260 0.156028 0.834212
28.852060 2.799999 21.410955 0.431224 0.736434 0.521260 0.853432 0.461002
28.852060 0.000000 21.410955 0.431224 -0.736434 0.521260 0.867713 0.461002
29.349421 0.000000 21.095316 0.288045 -0.736436 0.612121 0.867651 0.463548
29.349421 2.799999 21.095316 0.288045 0.736436 0.612121 0.853370 0.463548
29.909651 0.000000 20.913286 0.126768 -0.736434 0.664526 0.867616 0.466412
29.909651 2.799999 20.913286 0.126768 0.736434 0.664526 0.853335 0.466412
46.797562 2.799999 14.179347 -0.042483 0.736437 0.675171 0.853328 0.453030
46.797562 0.000000 14.179347 -0.042483 -0.736437 0.675171 0.867609 0.453030
47.376190 0.000000 14.289735 -0.209055 -0.736433 0.643400 0.867631 0.455980
47.376190 2.799999 14.289735 -0.209055 0.736433 0.643400 0.853351 0.455980
47.909199 2.799999 14.540544 -0.362490 0.736438 0.571192 0.853401 0.458695
47.909199 0.000000 14.540544 -0.362490 -0.736438 0.571192 0.867682 0.458695
48.926170 2.799999 17.109135 -0.655254 0.736435 -0.168243 0.086928 0.826652
49.000004 2.799999 16.524715 -0.676506 0.736437 -0.000000 0.086938 0.829635
48.926170 0.000000 17.109135 -0.655254 -0.736435 -0.168243 0.072642 0.826652
48.709320 2.799999 17.656836 -0.592826 0.736437 -0.325913 0.086899 0.823856
48.363071 0.000000 14.916027 -0.493156 -0.736434 0.463100 0.867756 0.461002
49.000004 0.000000 16.524715 -0.676506 -0.736437 -0.000000 0.072652 0.829635
48.363071 2.799999 14.916027 -0.493156 0.736434 0.463100 0.853476 0.461002
48.363071 2.799999 18.133396 -0.493158 0.736432 -0.463102 0.086852 0.821424
48.709320 0.000000 17.656836 -0.592826 -0.736437 -0.325913 0.072612 0.823856
48.709320 2.799999 15.392596 -0.592828 0.736435 0.325911 0.086899 0.835413
48.363071 2.799999 14.916027 -0.493156 0.736434 0.463100 0.086852 0.837846
48.709320 0.000000 15.392596 -0.592828 -0.736435 0.325911 0.072612 0.835413
48.363071 0.000000 14.916027 -0.493156 -0.736434 0.463100 0.072566 0.837846
48.926170 0.000000 15.940295 -0.655254 -0.736435 0.168243 0.072642 0.832618
48.363071 0.000000 18.133396 -0.493158 -0.736432 -0.463102 0.072566 0.821424
48.926170 2.799999 15.940295 -0.655254 0.736435 0.168244 0.086928 0.832618
47.909199 2.799999 18.508886 -0.362492 0.736439 -0.571190 0.058075 0.840155
48.363071 2.799999 18.133396 -0.493158 0.736432 -0.463102 0.058155 0.837848
47.909199 0.000000 18.508886 -0.362492 -0.736439 -0.571190 0.072354 0.840155
48.363071 0.000000 18.133396 -0.493158 -0.736432 -0.463102 0.072434 0.837848
47.376190 2.799999 18.759695 -0.209050 0.736434 -0.643399 0.058021 0.842869
47.376190 0.000000 18.759695 -0.209050 -0.736434 -0.643399 0.072300 0.842869
46.797562 2.799999 18.870075 -0.042477 0.736437 -0.675172 0.057997 0.845820
46.797562 0.000000 18.870075 -0.042477 -0.736437 -0.675172 0.072276 0.845820
46.209652 2.799999 18.833084 0.126767 0.736435 -0.664525 0.058004 0.848821
46.209652 0.000000 18.833084 0.126767 -0.736435 -0.664525 0.072284 0.848821
45.649422 2.799999 18.651054 0.288042 0.736435 -0.612123 0.058042 0.851685
45.649422 0.000000 18.651054 0.288042 -0.736435 -0.612123 0.072322 0.851685
45.152050 2.799999 18.335415 0.431222 0.736436 -0.521257 0.058109 0.854232
45.152050 0.000000 18.335415 0.431222 -0.736436 -0.521257 0.072388 0.854232
44.748810 2.799999 17.906004 0.547308 0.736435 -0.397639 0.255566 0.823269
45.152050 2.799999 18.335415 0.431222 0.736436 -0.521257 0.255534 0.821078
44.748810 0.000000 17.906004 0.547308 -0.736435 -0.397639 0.269855 0.823269
45.152050 0.000000 18.335415 0.431222 -0.736436 -0.521257 0.269823 0.821078
44.465031 2.799999 17.389807 0.629002 0.736434 -0.249041 0.255588 0.825904
44.465031 0.000000 17.389807 0.629002 -0.736434 -0.249041 0.269878 0.825904
44.318531 2.799999 16.819244 0.671172 0.736436 -0.084791 0.255600 0.828816
44.318531 0.000000 16.819244 0.671172 -0.736436 -0.084791 0.269890 0.828816
44.318531 0.000000 16.230175 0.671171 -0.736437 0.084793 0.269890 0.831823
44.318531 2.799999 16.230175 0.671171 0.736437 0.084793 0.255600 0.831823
44.465031 0.000000 15.659625 0.629005 -0.736432 0.249040 0.269878 0.834735
44.465031 2.799999 15.659625 0.629005 0.736432 0.249040 0.255588 0.834735
44.748810 0.000000 15.143414 0.547309 -0.736437 0.397635 0.269855 0.837370
44.748810 2.799999 15.143414 0.547309 0.736437 0.397635 0.255566 0.837370
45.152050 0.000000 14.714005 0.431222 -0.736436 0.521257 0.269823 0.839562
45.152050 2.799999 14.714005 0.431222 0.736436 0.521257 0.255534 0.839562
45.152050 2.799999 14.714005 0.431222 0.736436 0.521257 0.853432 0.444618
45.152050 0.000000 14.714005 0.431222 -0.736436 0.521257 0.867713 0.444618
45.649422 0.000000 14.398364 0.288042 -0.736436 0.612123 0.867651 0.447164
45.649422 2.799999 14.398364 0.288042 0.736435 0.612123 0.853370 0.447164
46.209652 0.000000 14.216335 0.126764 -0.736435 0.664525 0.867616 0.450028
46.209652 2.799999 14.216335 0.126764 0.736435 0.664525 0.853335 0.450028
75.685936 2.799999 -5.606605 -0.042477 0.736436 0.675173 0.072369 0.803236
75.685936 0.000000 -5.606605 -0.042477 -0.736436 0.675173 0.086650 0.803274
77.003242 0.000000 -5.355315 -0.209053 -0.736436 0.643397 0.086684 0.809991
77.003242 2.799999 -5.355315 -0.209053 0.736436 0.643397 0.072403 0.809954
78.216675 2.799999 -4.784314 -0.362493 0.736435 0.571193 0.072501 0.816133
78.216675 0.000000 -4.784314 -0.362493 -0.736435 0.571193 0.086782 0.816171
80.531921 2.799999 1.063334 -0.655252 0.736437 -0.168242 0.028899 0.795988
80.699997 2.799999 -0.267154 -0.676509 0.736434 -0.000000 0.028922 0.802779
80.531921 0.000000 1.063334 -0.655252 -0.736437 -0.168242 0.014613 0.795988
79.249977 0.000000 -3.929485 -0.493154 -0.736435 0.463100 0.086938 0.821424
80.699997 0.000000 -0.267154 -0.676509 -0.736435 -0.000000 0.014635 0.802779
79.249977 2.799999 -3.929485 -0.493154 0.736435 0.463100 0.072657 0.821386
80.038231 2.799999 -2.844544 -0.592828 0.736435 0.325913 0.028833 0.815934
79.249977 2.799999 -3.929485 -0.493154 0.736435 0.463100 0.028727 0.821472
80.038231 0.000000 -2.844544 -0.592828 -0.736435 0.325913 0.014546 0.815934
80.038231 2.799999 2.310226 -0.592828 0.736435 -0.325913 0.028833 0.789624
80.038231 0.000000 2.310226 -0.592828 -0.736435 -0.325913 0.014546 0.789624
79.249977 0.000000 -3.929485 -0.493154 -0.736435 0.463100 0.014440 0.821472
80.531921 0.000000 -1.597654 -0.655252 -0.736437 0.168242 0.014613 0.809570
80.531921 2.799999 -1.597654 -0.655252 0.736437 0.168242 0.028899 0.809570
79.249977 2.799999 3.395164 -0.493155 0.736435 -0.463101 0.028727 0.784086
79.249977 0.000000 3.395164 -0.493155 -0.736435 -0.463101 0.014440 0.784086
78.216675 2.799999 4.249996 -0.362493 0.736436 -0.571192 0.057923 0.789379
79.249977 2.799999 3.395164 -0.493155 0.736435 -0.463101 0.058090 0.784126
78.216675 0.000000 4.249996 -0.362493 -0.736436 -0.571192 0.072202 0.789339
77.003242 2.799999 4.820997 -0.209053 0.736435 -0.643397 0.057818 0.795558
79.249977 0.000000 3.395164 -0.493155 -0.736435 -0.463101 0.072369 0.784086
77.003242 0.000000 4.820997 -0.209053 -0.736435 -0.643397 0.072098 0.795518
75.685936 2.799999 5.072286 -0.042477 0.736436 -0.675173 0.057783 0.802275
75.685936 0.000000 5.072286 -0.042477 -0.736436 -0.675173 0.072062 0.802235
74.347511 2.799999 4.988076 0.126765 0.736435 -0.664525 0.057818 0.809109
74.347511 0.000000 4.988076 0.126765 -0.736435 -0.664525 0.072098 0.809068
73.072075 2.799999 4.573664 0.288043 0.736436 -0.612122 0.057923 0.815629
73.072075 0.000000 4.573664 0.288043 -0.736436 -0.612122 0.072202 0.815589
71.939781 2.799999 3.855085 0.431224 0.736435 -0.521258 0.058090 0.821426
71.021767 2.799999 2.877494 0.547307 0.736435 -0.397643 0.000073 0.789076
71.939781 2.799999 3.855085 0.431224 0.736435 -0.521258 0.000000 0.784086
71.939781 0.000000 3.855085 0.431224 -0.736435 -0.521258 0.014290 0.784086
71.939781 0.000000 3.855085 0.431224 -0.736435 -0.521258 0.072369 0.821386
71.021767 0.000000 2.877494 0.547306 -0.736435 -0.397643 0.014363 0.789076
70.375694 2.799999 1.702307 0.629000 0.736436 -0.249039 0.000124 0.795074
70.375694 0.000000 1.702307 0.629000 -0.736437 -0.249039 0.014414 0.795074
70.042191 2.799999 0.403376 0.671174 0.736435 -0.084788 0.000151 0.801704
70.042191 0.000000 0.403376 0.671174 -0.736435 -0.084788 0.014440 0.801704
70.042191 0.000000 -0.937695 0.671174 -0.736435 0.084788 0.014440 0.808549
70.042191 2.799999 -0.937695 0.671174 0.736435 0.084788 0.000151 0.808549
70.375694 2.799999 -2.236625 0.628999 0.736437 0.249040 0.000124 0.815179
70.375694 0.000000 -2.236625 0.628999 -0.736437 0.249040 0.014414 0.815179
71.021767 0.000000 -3.411805 0.547308 -0.736434 0.397643 0.014363 0.821177
71.021767 2.799999 -3.411805 0.547308 0.736434 0.397643 0.000073 0.821177
71.939781 2.799999 -4.389405 0.431224 0.736436 0.521256 0.000000 0.826167
71.939781 0.000000 -4.389405 0.431224 -0.736436 0.521256 0.014290 0.826167
71.939781 2.799999 -4.389405 0.431224 0.736436 0.521256 0.072657 0.784086
71.939781 0.000000 -4.389405 0.431224 -0.736436 0.521256 0.086938 0.784123
73.072075 0.000000 -5.107984 0.288043 -0.736436 0.612122 0.086782 0.789920
73.072075 2.799999 -5.107984 0.288043 0.736436 0.612122 0.072501 0.789883
74.347511 2.799999 -5.522395 0.126765 0.736435 0.664525 0.072403 0.796403
74.347511 0.000000 -5.522395 0.126765 -0.736435 0.664525 0.086684 0.796440
12.497561 2.799999 -25.119497 -0.042479 0.736436 0.675172 0.269745 0.847974
12.497561 0.000000 -25.119497 -0.042479 -0.736436 0.675172 0.284026 0.847974
13.076192 0.000000 -25.009115 -0.209055 -0.736435 0.643396 0.284048 0.850924
13.076192 2.799999 -25.009115 -0.209055 0.736435 0.643397 0.269767 0.850924
13.609191 2.799999 -24.758303 -0.362490 0.736433 0.571198 0.269818 0.853639
13.609191 0.000000 -24.758303 -0.362490 -0.736433 0.571198 0.284098 0.853639
14.626171 2.799999 -22.189716 -0.655254 0.736435 -0.168241 0.312996 0.826306
14.700001 2.799999 -22.774136 -0.676508 0.736436 -0.000000 0.313006 0.829289
14.626171 0.000000 -22.189716 -0.655254 -0.736435 -0.168241 0.298709 0.826306
14.063081 0.000000 -24.382820 -0.493151 -0.736437 0.463101 0.284173 0.855946
14.700001 0.000000 -22.774136 -0.676508 -0.736436 0.000000 0.298719 0.829289
14.063081 2.799999 -24.382820 -0.493151 0.736437 0.463101 0.269892 0.855946
14.409321 2.799999 -23.906256 -0.592830 0.736435 0.325909 0.312967 0.835068
14.063081 2.799999 -24.382820 -0.493151 0.736437 0.463101 0.312920 0.837500
14.063081 0.000000 -24.382820 -0.493151 -0.736437 0.463101 0.298633 0.837500
14.409321 0.000000 -23.906256 -0.592830 -0.736435 0.325909 0.298680 0.835068
14.409321 2.799999 -21.642014 -0.592831 0.736434 -0.325907 0.312967 0.823511
14.409321 0.000000 -21.642014 -0.592831 -0.736434 -0.325907 0.298680 0.823511
14.626171 0.000000 -23.358555 -0.655254 -0.736435 0.168241 0.298709 0.832272
14.626171 2.799999 -23.358555 -0.655254 0.736435 0.168241 0.312996 0.832272
14.063081 2.799999 -21.165443 -0.493150 0.736439 -0.463100 0.312920 0.821078
14.063081 0.000000 -21.165443 -0.493150 -0.736439 -0.463100 0.298633 0.821078
13.609191 2.799999 -20.789965 -0.362487 0.736434 -0.571199 0.191796 0.840028
14.063081 2.799999 -21.165443 -0.493150 0.736439 -0.463100 0.191876 0.837721
14.063081 0.000000 -21.165443 -0.493150 -0.736439 -0.463100 0.206155 0.837721
13.609191 0.000000 -20.789965 -0.362487 -0.736434 -0.571199 0.206075 0.840028
13.076192 2.799999 -20.539156 -0.209052 0.736435 -0.643398 0.191742 0.842742
13.076192 0.000000 -20.539156 -0.209052 -0.736435 -0.643398 0.206021 0.842742
12.497561 2.799999 -20.428776 -0.042484 0.736434 -0.675174 0.191718 0.845692
12.497561 0.000000 -20.428776 -0.042484 -0.736434 -0.675174 0.205997 0.845692
11.909651 2.799999 -20.465755 0.126760 0.736437 -0.664524 0.191725 0.848694
11.909651 0.000000 -20.465755 0.126760 -0.736437 -0.664524 0.206005 0.848694
11.349421 2.799999 -20.647785 0.288042 0.736435 -0.612123 0.191763 0.851558
11.349421 0.000000 -20.647785 0.288042 -0.736435 -0.612123 0.206043 0.851558
10.852050 2.799999 -20.963425 0.431222 0.736436 -0.521257 0.191830 0.854105
10.852050 0.000000 -20.963425 0.431222 -0.736436 -0.521257 0.206109 0.854105
10.448810 2.799999 -21.392836 0.547309 0.736437 -0.397635 0.255502 0.804785
10.852050 2.799999 -20.963425 0.431222 0.736436 -0.521257 0.255470 0.802594
10.448810 0.000000 -21.392836 0.547309 -0.736437 -0.397635 0.269792 0.804785
10.852050 0.000000 -20.963425 0.431222 -0.736436 -0.521257 0.269760 0.802594
10.165032 2.799999 -21.909044 0.629005 0.736432 -0.249040 0.255524 0.807420
10.165032 0.000000 -21.909044 0.629005 -0.736432 -0.249040 0.269814 0.807420
10.018531 2.799999 -22.479595 0.671171 0.736437 -0.084794 0.255536 0.810332
10.018531 0.000000 -22.479595 0.671169 -0.736439 -0.084793 0.269826 0.810332
10.018531 0.000000 -23.068666 0.671172 -0.736437 0.084792 0.269826 0.813339
10.018531 2.799999 -23.068666 0.671171 0.736437 0.084792 0.255536 0.813339
10.165032 2.799999 -23.639227 0.629003 0.736433 0.249040 0.255524 0.816251
10.165032 0.000000 -23.639227 0.629003 -0.736433 0.249040 0.269814 0.816251
10.448810 0.000000 -24.155428 0.547309 -0.736436 0.397637 0.269792 0.818886
10.448810 2.799999 -24.155428 0.547309 0.736436 0.397637 0.255502 0.818886
10.852050 2.799999 -24.584839 0.431221 0.736437 0.521257 0.255470 0.821078
10.852050 0.000000 -24.584839 0.431221 -0.736437 0.521258 0.269760 0.821078
10.852050 2.799999 -24.584839 0.431221 0.736437 0.521257 0.269849 0.839562
10.852050 0.000000 -24.584839 0.431221 -0.736437 0.521258 0.284130 0.839562
11.349421 0.000000 -24.900476 0.288042 -0.736437 0.612121 0.284068 0.842108
11.349421 2.799999 -24.900476 0.288042 0.736435 0.612123 0.269787 0.842108
11.909651 2.799999 -25.082508 0.126766 0.736436 0.664525 0.269752 0.844972
11.909651 0.000000 -25.082508 0.126766 -0.736436 0.664525 0.284033 0.844972
12.497561 2.799999 20.428776 -0.042482 0.736438 0.675170 0.284173 0.847974
12.497561 0.000000 20.428776 -0.042482 -0.736438 0.675170 0.298454 0.847974
13.076192 0.000000 20.539165 -0.209059 -0.736434 0.643397 0.298476 0.850924
13.076192 2.799999 20.539165 -0.209059 0.736434 0.643397 0.284196 0.850924
13.609191 2.799999 20.789976 -0.362488 0.736434 0.571199 0.284246 0.853639
14.626171 2.799999 23.358566 -0.655254 0.736435 -0.168241 0.028803 0.826700
14.700001 2.799999 22.774147 -0.676508 0.736436 -0.000000 0.028813 0.829683
14.700001 0.000000 22.774147 -0.676508 -0.736436 0.000000 0.014526 0.829683
13.609191 0.000000 20.789976 -0.362488 -0.736434 0.571199 0.298527 0.853639
14.409321 2.799999 23.906267 -0.592828 0.736436 -0.325911 0.028774 0.823904
14.626171 0.000000 23.358566 -0.655254 -0.736435 -0.168241 0.014516 0.826700
14.063081 0.000000 21.165455 -0.493149 -0.736439 0.463101 0.298601 0.855946
14.063081 2.799999 21.165455 -0.493149 0.736439 0.463101 0.284321 0.855946
14.063081 2.799999 24.382824 -0.493153 0.736435 -0.463102 0.028727 0.821472
14.409321 0.000000 23.906267 -0.592828 -0.736435 -0.325911 0.014487 0.823904
14.409321 2.799999 21.642023 -0.592831 0.736435 0.325907 0.028774 0.835461
14.063081 2.799999 21.165455 -0.493149 0.736439 0.463101 0.028727 0.837894
14.409321 0.000000 21.642023 -0.592831 -0.736435 0.325907 0.014487 0.835461
14.063081 0.000000 21.165455 -0.493149 -0.736439 0.463101 0.014440 0.837894
14.626171 0.000000 22.189728 -0.655255 -0.736435 0.168240 0.014516 0.832666
14.063081 0.000000 24.382824 -0.493153 -0.736435 -0.463102 0.014440 0.821472
14.626171 2.799999 22.189728 -0.655255 0.736435 0.168240 0.028803 0.832666
13.609191 2.799999 24.758314 -0.362490 0.736435 -0.571195 0.177359 0.840028
14.063081 2.799999 24.382824 -0.493153 0.736435 -0.463102 0.177439 0.837721
13.609191 0.000000 24.758314 -0.362490 -0.736435 -0.571195 0.191638 0.840028
14.063081 0.000000 24.382824 -0.493153 -0.736435 -0.463102 0.191718 0.837721
13.076192 2.799999 25.009123 -0.209052 0.736435 -0.643398 0.177305 0.842742
13.076192 0.000000 25.009123 -0.209052 -0.736435 -0.643398 0.191585 0.842742
12.497561 2.799999 25.119503 -0.042479 0.736435 -0.675173 0.177281 0.845692
12.497561 0.000000 25.119503 -0.042479 -0.736435 -0.675173 0.191561 0.845692
11.909651 2.799999 25.082516 0.126764 0.736436 -0.664525 0.177289 0.848694
11.909651 0.000000 25.082516 0.126764 -0.736436 -0.664525 0.191568 0.848694
11.349421 2.799999 24.900486 0.288042 0.736435 -0.612123 0.177327 0.851558
11.349421 0.000000 24.900486 0.288042 -0.736435 -0.612123 0.191606 0.851558
10.852050 2.799999 24.584846 0.431222 0.736436 -0.521257 0.177393 0.854105
10.852050 0.000000 24.584846 0.431222 -0.736436 -0.521257 0.191672 0.854105
10.448810 2.799999 24.155436 0.547309 0.736436 -0.397637 0.220343 0.822375
10.852050 2.799999 24.584846 0.431222 0.736436 -0.521257 0.220311 0.820183
10.448810 0.000000 24.155436 0.547309 -0.736436 -0.397637 0.234633 0.822375
10.852050 0.000000 24.584846 0.431222 -0.736436 -0.521257 0.234601 0.820183
10.165032 2.799999 23.639235 0.629004 0.736433 -0.249041 0.220366 0.825010
10.165032 0.000000 23.639235 0.629004 -0.736433 -0.249041 0.234656 0.825010
10.018531 2.799999 23.068676 0.671171 0.736437 -0.084793 0.220378 0.827922
10.018531 0.000000 23.068676 0.671171 -0.736437 -0.084793 0.234667 0.827922
10.018531 0.000000 22.479614 0.671171 -0.736437 0.084793 0.234667 0.830928
10.018531 2.799999 22.479614 0.671171 0.736437 0.084793 0.220378 0.830928
10.165032 0.000000 21.909056 0.629005 -0.736432 0.249039 0.234656 0.833841
10.165032 2.799999 21.909056 0.629005 0.736432 0.249039 0.220366 0.833841
10.448810 0.000000 21.392847 0.547309 -0.736437 0.397635 0.234633 0.836475
10.448810 2.799999 21.392847 0.547309 0.736437 0.397635 0.220343 0.836475
10.852050 0.000000 20.963436 0.431222 -0.736436 0.521257 0.234601 0.838667
10.852050 2.799999 20.963436 0.431222 0.736436 0.521257 0.220311 0.838667
10.852050 2.799999 20.963436 0.431222 0.736436 0.521257 0.284278 0.839562
10.852050 0.000000 20.963436 0.431222 -0.736436 0.521257 0.298558 0.839562
11.349421 0.000000 20.647797 0.288042 -0.736435 0.612123 0.298496 0.842108
11.349421 2.799999 20.647797 0.288042 0.736435 0.612123 0.284216 0.842108
11.909651 0.000000 20.465767 0.126767 -0.736435 0.664525 0.298461 0.844972
11.909651 2.799999 20.465767 0.126767 0.736435 0.664525 0.284180 0.844972
-2.799999 -36.324310 18.276127 -0.736437 0.629000 0.249038 0.593226 0.262137
-2.799999 -44.373833 17.109135 -0.736435 -0.655254 -0.168243 0.587270 0.221065
-2.799999 -36.657810 19.575054 -0.736435 0.671174 0.084787 0.599856 0.260435
-2.799999 -44.299999 16.524715 -0.736437 -0.676506 -0.000000 0.584287 0.221442
-2.799999 -13.350582 -20.647785 -0.736436 0.288043 -0.612123 0.394554 0.379357
-2.799999 -13.847951 -20.963425 -0.736436 0.431223 -0.521257 0.392943 0.376819
-2.799999 -26.661760 -17.668205 -0.736436 -0.592828 -0.325910 0.409762 0.311439
-2.799999 -27.450022 -16.583254 -0.736435 -0.493153 -0.463101 0.415300 0.307417
-2.799999 -44.373833 15.940295 -0.736435 -0.655254 0.168244 0.581304 0.221065
-2.799999 -81.551193 22.727686 -0.736438 0.547304 -0.397640 0.615948 0.031373
-2.799999 -87.699997 27.002516 -0.630264 -0.717282 0.297108 0.637767 -0.000000
-2.799999 -81.147942 23.157095 -0.736431 0.431228 -0.521259 0.618140 0.033431
-2.799999 -14.534970 -21.909044 -0.736432 0.629004 -0.249041 0.388116 0.373314
-2.799999 -26.000000 -20.245584 -0.736435 -0.676508 0.000000 0.396607 0.314815
-2.799999 -26.168081 -18.915094 -0.736435 -0.655254 -0.168241 0.403398 0.313957
-2.799999 -80.650597 23.472736 -0.736440 0.288044 -0.612117 0.619751 0.035968
-2.799999 -82.043144 32.659367 -0.628226 -0.288783 0.722451 0.666640 0.028863
-2.799999 -14.251191 -21.392836 -0.736437 0.547309 -0.397636 0.390751 0.374762
-2.799999 -35.678242 17.100946 -0.736434 0.547308 0.397642 0.587228 0.265433
-2.799999 -44.590683 15.392596 -0.736434 -0.592832 0.325907 0.578508 0.219959
-2.799999 -81.834969 22.211487 -0.736433 0.629004 -0.249039 0.613313 0.029925
-2.799999 -12.790352 -20.465755 -0.736437 0.126760 -0.664524 0.395483 0.382215
-2.799999 -80.090347 23.654764 -0.736433 0.126764 -0.664528 0.620680 0.038827
-2.799999 -14.681472 -22.479595 -0.736437 0.671171 -0.084794 0.385204 0.372566
-2.799999 -81.981468 21.640924 -0.736436 0.671172 -0.084791 0.610401 0.029178
-2.799999 -34.760223 16.123344 -0.736437 0.431222 0.521257 0.582238 0.270117
-2.799999 -44.936920 14.916027 -0.736438 -0.493152 0.463099 0.576076 0.218192
-2.799999 -79.502449 23.691757 -0.736436 -0.042474 -0.675172 0.620868 0.041827
-2.799999 -26.168081 -21.576075 -0.736435 -0.655254 0.168241 0.389816 0.313957
-2.799999 -28.483332 -15.728425 -0.736435 -0.362492 -0.571194 0.419663 0.302144
-2.799999 -81.981468 21.051855 -0.736436 0.671172 0.084791 0.607394 0.029178
-2.799999 -78.923805 23.581377 -0.736436 -0.209053 -0.643396 0.620305 0.044779
-2.799999 -33.627918 15.404766 -0.736435 0.288043 0.612123 0.578571 0.275895
-2.799999 -81.146790 -32.637066 -0.643062 -0.221190 -0.733175 0.333359 0.033437
-2.799999 -87.699997 -28.048458 -0.616453 -0.698425 -0.363577 0.356780 -0.000000
-2.799999 -80.650597 -23.472725 -0.736439 0.288045 0.612117 0.380135 0.035968
-2.799999 -12.202442 -20.428776 -0.736434 -0.042483 -0.675174 0.395672 0.385215
-2.799999 -80.090347 -23.654755 -0.736434 0.126762 0.664527 0.379206 0.038827
-2.799999 -81.834969 20.481295 -0.736433 0.629004 0.249039 0.604482 0.029925
-2.799999 -79.502449 -23.691742 -0.736435 -0.042476 0.675174 0.379017 0.041827
-2.799999 -78.923805 -23.581364 -0.736437 -0.209051 0.643396 0.379581 0.044779
-2.799999 -14.681472 -23.068666 -0.736437 0.671172 0.084792 0.382197 0.372566
-2.799999 -78.390808 -23.330551 -0.736434 -0.362492 0.571195 0.380861 0.047499
-2.799999 -78.390808 23.330564 -0.736435 -0.362493 -0.571194 0.619025 0.047499
-2.799999 -26.661760 -22.822966 -0.736436 -0.592828 0.325911 0.383451 0.311439
-2.799999 -11.623811 -20.539156 -0.736435 -0.209052 -0.643398 0.395108 0.388167
-2.799999 -81.551193 19.965096 -0.736438 0.547304 0.397639 0.601847 0.031373
-2.799999 -14.534970 -23.639227 -0.736433 0.629003 0.249041 0.379285 0.373314
-2.799999 -11.090812 -20.789965 -0.736434 -0.362487 -0.571199 0.393828 0.390887
-2.799999 -14.251191 -24.155428 -0.736436 0.547308 0.397638 0.376650 0.374762
-2.799999 -27.450022 -23.907909 -0.736435 -0.493153 0.463102 0.377914 0.307417
-2.799999 -10.636922 -21.165443 -0.736439 -0.493150 -0.463100 0.391912 0.393203
-2.799999 -13.847951 -24.584839 -0.736436 0.431222 0.521257 0.374459 0.376819
-2.799999 -28.483332 -24.762737 -0.736435 -0.362491 0.571195 0.373551 0.302144
-2.799999 -10.290682 -21.642014 -0.736434 -0.592831 -0.325908 0.389479 0.394970
-2.799999 -13.350582 -24.900476 -0.736435 0.288043 0.612123 0.372848 0.379357
-2.799999 -29.696762 -25.333735 -0.736436 -0.209053 0.643397 0.370636 0.295953
-2.799999 -10.073830 -22.189716 -0.736436 -0.655254 -0.168240 0.386684 0.396076
-2.799999 -12.790352 -25.082508 -0.736436 0.126766 0.664525 0.371918 0.382215
-2.799999 -63.947945 -22.209005 -0.736437 0.431218 -0.521260 0.386585 0.121191
-2.799999 -77.590675 -20.214266 -0.736435 -0.592831 -0.325907 0.396767 0.051581
-2.799999 -77.936920 -19.737694 -0.736436 -0.493154 -0.463099 0.399199 0.049815
-2.799999 -73.596764 -4.818495 -0.736435 -0.209051 0.643397 0.475349 0.071960
-2.799999 -64.351189 -22.638416 -0.736437 0.547308 -0.397636 0.384393 0.119134
-2.799999 -77.373833 -20.761953 -0.736434 -0.655255 -0.168244 0.393971 0.052688
-2.799999 -63.450577 -21.893375 -0.736431 0.288047 -0.612126 0.388196 0.123729
-2.799999 -72.383316 -4.247494 -0.736436 -0.362491 0.571194 0.478263 0.078151
-2.799999 -64.634964 -23.154621 -0.736431 0.629005 -0.249043 0.381759 0.117686
-2.799999 -77.299995 -21.346384 -0.736438 -0.676505 0.000001 0.390988 0.053064
-2.799999 -64.351189 25.401016 -0.736436 0.547310 -0.397635 0.629593 0.119134
-2.799999 -63.947945 25.830435 -0.736436 0.431224 -0.521256 0.631784 0.121191
-2.799999 -11.090812 -24.758303 -0.736434 -0.362490 0.571197 0.373573 0.390887
-2.799999 -10.636922 -24.382820 -0.736437 -0.493150 0.463101 0.375490 0.393203
-2.799999 -77.936920 22.955076 -0.736435 -0.493152 -0.463103 0.617108 0.049815
-2.799999 -10.290682 -23.906256 -0.736434 -0.592830 0.325910 0.377922 0.394970
-2.799999 -10.073830 -23.358555 -0.736436 -0.655253 0.168241 0.380718 0.396076
-2.799999 -10.000002 -22.774136 -0.736435 -0.676509 -0.000000 0.383701 0.396453
-2.799999 -62.890350 -21.711334 -0.736440 0.126766 -0.664520 0.389125 0.126587
-2.799999 -71.350021 -3.392674 -0.736436 -0.493154 0.463099 0.482626 0.083423
-2.799999 -63.450577 26.146074 -0.736437 0.288039 -0.612123 0.633396 0.123729
-2.799999 -64.634964 24.884815 -0.736431 0.629004 -0.249043 0.626958 0.117686
-2.799999 -2.200000 -30.674303 -0.578668 0.583813 -0.569478 0.343377 0.436251
-2.799999 -12.202442 -25.119497 -0.736436 -0.042479 0.675172 0.371730 0.385215
-2.799999 -11.623811 -25.009115 -0.736435 -0.209055 0.643396 0.372293 0.388167
-2.799999 -64.781471 -23.725180 -0.736438 0.671170 -0.084796 0.378846 0.116938
-2.799999 -31.014071 -25.585026 -0.736436 -0.042478 0.675173 0.369354 0.289232
-2.799999 -77.590675 22.478516 -0.736437 -0.592828 -0.325907 0.614676 0.051581
-2.799999 -77.373833 -21.930805 -0.736432 -0.655257 0.168242 0.388005 0.052688
-2.799999 -32.352493 -25.500818 -0.736433 0.126766 0.664527 0.369783 0.282402
-2.799999 -62.302444 -26.365078 -0.736436 -0.042478 0.675172 0.365372 0.129587
-2.799999 -61.723808 -26.254696 -0.736435 -0.209055 0.643396 0.365936 0.132540
-2.799999 -45.390812 -14.540534 -0.736433 -0.362488 -0.571199 0.425726 0.215876
-2.799999 -62.890350 26.328096 -0.736434 0.126761 -0.664527 0.634325 0.126588
-2.799999 -44.936920 -14.916014 -0.736439 -0.493151 -0.463099 0.423810 0.218192
-2.799999 -32.352493 -14.990345 -0.736435 0.126766 -0.664525 0.423430 0.282402
-2.799999 -62.302444 -21.674355 -0.736434 -0.042484 -0.675174 0.389314 0.129587
-2.799999 -70.561768 -2.307724 -0.736434 -0.592829 0.325912 0.488164 0.087445
-2.799999 -33.627918 -15.404756 -0.736435 0.288042 -0.612123 0.421315 0.275895
-2.799999 -31.014071 -14.906135 -0.736436 -0.042477 -0.675173 0.423860 0.289232
-2.799999 -64.781471 24.314257 -0.736438 0.671170 -0.084796 0.624046 0.116938
-2.799999 -29.696762 -15.157424 -0.736436 -0.209053 -0.643396 0.422577 0.295953
-2.799999 -45.390812 14.540544 -0.736434 -0.362488 0.571198 0.574160 0.215876
-2.799999 -64.781471 -24.314245 -0.736438 0.671170 0.084795 0.375840 0.116938
-2.799999 -32.352493 14.990354 -0.736436 0.126763 0.664524 0.576455 0.282402
-2.799999 -31.014071 14.906155 -0.736435 -0.042480 0.675173 0.576026 0.289232
-2.799999 -29.696762 15.157444 -0.736436 -0.209053 0.643396 0.577308 0.295953
-2.799999 -77.373833 21.930815 -0.736432 -0.655257 -0.168242 0.611880 0.052688
-2.799999 -28.483332 15.728446 -0.736434 -0.362491 0.571196 0.580223 0.302144
-2.799999 -77.590675 -22.478504 -0.736437 -0.592827 0.325907 0.385210 0.051581
-2.799999 -69.899994 0.269657 -0.736436 -0.676507 -0.000000 0.501319 0.090822
-2.799999 -62.302444 26.365084 -0.736435 -0.042478 -0.675173 0.634513 0.129587
-2.799999 -70.068077 -1.060834 -0.736436 -0.655253 0.168244 0.494528 0.089964
-2.799999 -64.781471 23.725195 -0.736438 0.671170 0.084796 0.621039 0.116938
-2.799999 -77.299995 21.346395 -0.736439 -0.676504 0.000000 0.608897 0.053064
-2.799999 -64.634964 -24.884808 -0.736432 0.629004 0.249043 0.372928 0.117686
-2.799999 -61.723808 26.254704 -0.736435 -0.209052 -0.643398 0.633950 0.132540
-2.799999 -77.936920 -22.955065 -0.736435 -0.493151 0.463104 0.382777 0.049815
-2.799999 -64.634964 23.154636 -0.736431 0.629006 0.249042 0.618127 0.117686
-2.799999 -64.351189 -25.401009 -0.736437 0.547307 0.397637 0.370293 0.119134
-2.799999 -77.373833 20.761976 -0.736432 -0.655258 0.168240 0.605914 0.052688
-2.799999 -64.351189 22.638428 -0.736438 0.547308 0.397635 0.615492 0.119134
-2.799999 -13.847951 24.584846 -0.736436 0.431223 -0.521257 0.625427 0.376819
-2.799999 -27.450022 23.907917 -0.736435 -0.493153 -0.463103 0.621972 0.307417
-2.799999 -28.483332 24.762745 -0.736435 -0.362492 -0.571195 0.626335 0.302144
-2.799999 -77.590675 20.214266 -0.736438 -0.592829 0.325904 0.603119 0.051581
-2.799999 -63.947945 22.209017 -0.736435 0.431222 0.521258 0.613300 0.121191
-2.799999 -14.251191 24.155436 -0.736436 0.547308 -0.397638 0.623235 0.374762
-2.799999 -26.661760 22.822975 -0.736436 -0.592827 -0.325911 0.616434 0.311439
-2.799999 -13.350582 24.900486 -0.736435 0.288043 -0.612123 0.627038 0.379357
-2.799999 -29.696762 25.333746 -0.736436 -0.209053 -0.643396 0.629249 0.295953
-2.799999 -61.723808 -21.784737 -0.736435 -0.209053 -0.643398 0.388751 0.132540
-2.799999 -14.534970 23.639235 -0.736433 0.629003 -0.249041 0.620600 0.373314
-2.799999 -63.947945 -25.830420 -0.736436 0.431221 0.521259 0.368101 0.121191
-2.799999 -12.790352 25.082516 -0.736436 0.126764 -0.664525 0.627967 0.382215
-2.799999 -14.681472 23.068676 -0.736437 0.671171 -0.084793 0.617688 0.372566
-2.799999 -26.168081 21.576086 -0.736435 -0.655254 -0.168241 0.610070 0.313957
-2.799999 -78.660217 4.391896 -0.736434 0.431224 -0.521259 0.522360 0.046124
-2.799999 -81.147942 19.535685 -0.736432 0.431228 0.521259 0.599655 0.033431
-2.799999 -80.650597 19.220045 -0.736439 0.288045 0.612117 0.598044 0.035968
-2.799999 -80.090347 19.038015 -0.736433 0.126764 0.664527 0.597115 0.038827
-2.799999 -79.578247 3.414305 -0.736437 0.547305 -0.397642 0.517370 0.041440
-2.799999 -77.527924 5.110486 -0.736437 0.288044 -0.612120 0.526027 0.051901
-2.799999 -79.502449 19.001024 -0.736436 -0.042475 0.675173 0.596926 0.041827
-2.799999 -63.450577 -26.146057 -0.736435 0.288044 0.612123 0.366490 0.123729
-2.799999 -14.681472 22.479614 -0.736437 0.671171 0.084793 0.614681 0.372566
-2.799999 -26.000000 20.245594 -0.736435 -0.676508 -0.000000 0.603279 0.314815
-2.799999 -80.224304 2.239125 -0.736436 0.629002 -0.249037 0.511372 0.038144
-2.799999 -76.252487 5.524894 -0.736435 0.126763 -0.664526 0.528143 0.058409
-2.799999 -78.923805 19.111404 -0.736438 -0.209056 0.643393 0.597490 0.044779
-2.799999 -62.890350 -26.328089 -0.736436 0.126767 0.664524 0.365561 0.126587
-2.799999 -14.534970 21.909056 -0.736432 0.629004 0.249040 0.611769 0.373314
-2.799999 -26.168081 18.915096 -0.736435 -0.655254 0.168241 0.596488 0.313957
-2.799999 -80.557808 0.940194 -0.736435 0.671174 -0.084788 0.504742 0.036442
-2.799999 -74.914070 5.609097 -0.736436 -0.042480 -0.675173 0.528572 0.065238
-2.799999 -78.390808 19.362225 -0.736432 -0.362494 0.571197 0.598770 0.047499
-2.799999 -77.936920 19.737703 -0.736437 -0.493148 0.463104 0.600686 0.049815
-2.799999 -80.557808 -0.400873 -0.736435 0.671174 0.084787 0.497897 0.036442
-2.799999 -73.596764 5.357804 -0.736435 -0.209052 -0.643398 0.527290 0.071960
-2.799999 -63.450577 21.893377 -0.736437 0.288039 0.612123 0.611689 0.123729
-2.799999 -14.251191 21.392847 -0.736436 0.547309 0.397636 0.609134 0.374762
-2.799999 -72.383316 4.786806 -0.736436 -0.362490 -0.571194 0.524375 0.078151
-2.799999 -62.890350 21.711355 -0.736434 0.126762 0.664527 0.610760 0.126588
-2.799999 -71.350021 3.931986 -0.736436 -0.493155 -0.463099 0.520012 0.083423
-2.799999 -62.302444 21.674366 -0.736434 -0.042472 0.675175 0.610571 0.129587
-2.799999 -13.847951 20.963436 -0.736436 0.431223 0.521257 0.606943 0.376819
-2.799999 -26.661760 17.668205 -0.736436 -0.592827 0.325911 0.590123 0.311439
-2.799999 -70.561768 2.847036 -0.736434 -0.592829 -0.325912 0.514474 0.087445
-2.799999 -13.350582 20.647797 -0.736435 0.288043 0.612123 0.605332 0.379357
-2.799999 -27.450022 16.583265 -0.736435 -0.493151 0.463104 0.584586 0.307417
-2.799999 -48.551189 -15.143404 -0.736436 0.547308 -0.397637 0.422649 0.199751
-2.799999 -48.147949 -14.713995 -0.736436 0.431222 -0.521258 0.424841 0.201808
-2.799999 -12.790352 20.465767 -0.736435 0.126767 0.664525 0.604403 0.382215
-2.799999 -47.650578 -14.398355 -0.736435 0.288044 -0.612123 0.426452 0.204346
-2.799999 -48.834972 -15.659616 -0.736433 0.629003 -0.249041 0.420014 0.198303
-2.799999 -2.200000 30.674303 -0.578669 0.583813 0.569478 0.656508 0.436251
-2.799999 -31.014071 25.585035 -0.736436 -0.042477 -0.675173 0.630532 0.289232
-2.799999 -48.147949 18.335415 -0.736436 0.431222 -0.521257 0.593529 0.201808
-2.799999 -60.173828 23.435305 -0.736437 -0.655252 0.168244 0.619559 0.140448
-2.799999 -60.099998 24.019724 -0.736436 -0.676508 0.000000 0.622542 0.140825
-2.799999 -11.090812 24.758314 -0.736436 -0.362490 -0.571194 0.626312 0.390887
-2.799999 -11.623811 25.009123 -0.736435 -0.209052 -0.643398 0.627592 0.388167
-2.799999 -12.202442 25.119503 -0.736435 -0.042479 -0.675173 0.628156 0.385215
-2.799999 -48.551189 17.906004 -0.736435 0.547307 -0.397641 0.591337 0.199751
-2.799999 -60.390686 22.887604 -0.736432 -0.592833 0.325910 0.616764 0.139342
-2.799999 -47.650578 18.651054 -0.736435 0.288043 -0.612123 0.595140 0.204346
-2.799999 -60.173828 24.604143 -0.736436 -0.655252 -0.168244 0.625525 0.140448
-2.799999 -47.090351 -14.216324 -0.736438 0.126761 -0.664523 0.427381 0.207205
-2.799999 -48.981472 -16.230164 -0.736437 0.671171 -0.084793 0.417102 0.197555
-2.799999 -48.834972 17.389807 -0.736435 0.629001 -0.249042 0.588702 0.198303
-2.799999 -61.190811 -22.035545 -0.736434 -0.362487 -0.571199 0.387471 0.135259
-2.799999 -60.736919 22.411036 -0.736440 -0.493150 0.463098 0.614331 0.137575
-2.799999 -10.000002 22.774147 -0.736435 -0.676509 0.000000 0.616185 0.396453
-2.799999 -10.073830 23.358566 -0.736436 -0.655253 -0.168241 0.619168 0.396076
-2.799999 -47.090351 18.833084 -0.736435 0.126767 -0.664525 0.596069 0.207205
-2.799999 -60.390686 25.151848 -0.736432 -0.592833 -0.325909 0.628321 0.139342
-2.799999 -10.290682 23.906267 -0.736435 -0.592828 -0.325912 0.621963 0.394970
-2.799999 -10.636922 24.382824 -0.736435 -0.493153 -0.463102 0.624396 0.393203
-2.799999 -48.981472 16.819244 -0.736436 0.671172 -0.084791 0.585790 0.197555
-2.799999 -61.190811 22.035557 -0.736431 -0.362493 0.571198 0.612415 0.135259
-2.799999 -46.502441 -14.179345 -0.736433 -0.042483 -0.675175 0.427570 0.210204
-2.799999 -46.502441 18.870075 -0.736436 -0.042477 -0.675173 0.596258 0.210204
-2.799999 -60.736919 25.628416 -0.736440 -0.493150 -0.463098 0.630753 0.137575
-2.799999 -10.073830 22.189728 -0.736436 -0.655254 0.168240 0.613202 0.396076
-2.799999 -48.981472 -16.819235 -0.736437 0.671172 0.084791 0.414095 0.197555
-2.799999 -48.981472 16.230175 -0.736437 0.671171 0.084793 0.582784 0.197555
-2.799999 -61.723808 21.784737 -0.736439 -0.209051 0.643394 0.611135 0.132540
-2.799999 -60.736919 -22.411024 -0.736440 -0.493150 -0.463098 0.385554 0.137575
-2.799999 -48.834972 15.659625 -0.736433 0.629003 0.249041 0.579871 0.198303
-2.799999 -45.923809 -14.289723 -0.736436 -0.209052 -0.643397 0.427006 0.213157
-2.799999 -48.834972 -17.389795 -0.736435 0.629001 0.249042 0.411183 0.198303
-2.799999 -60.390686 -22.887592 -0.736432 -0.592833 -0.325910 0.383122 0.139342
-2.799999 -48.551189 -17.905993 -0.736435 0.547308 0.397641 0.408548 0.199751
-2.799999 -60.173828 -23.435293 -0.736437 -0.655252 -0.168244 0.380326 0.140448
-2.799999 -81.147942 -19.535673 -0.736432 0.431228 -0.521259 0.400230 0.033431
-2.799999 -79.578247 -2.874995 -0.736436 0.547305 0.397642 0.485268 0.041440
-2.799999 -78.660217 -3.852585 -0.736435 0.431222 0.521259 0.480279 0.046124
-2.799999 -81.551193 -19.965084 -0.736438 0.547305 -0.397639 0.398039 0.031373
-2.799999 -80.224304 -1.699815 -0.736436 0.629001 0.249036 0.491267 0.038144
-2.799999 -48.147949 -18.335403 -0.736436 0.431223 0.521257 0.406357 0.201808
-2.799999 -60.099998 -24.019712 -0.736435 -0.676508 -0.000000 0.377343 0.140825
-2.799999 -80.650597 -19.220034 -0.736439 0.288045 -0.612117 0.401841 0.035968
-2.799999 -47.650578 -18.651045 -0.736435 0.288044 0.612123 0.404746 0.204346
-2.799999 -60.173828 -24.604134 -0.736437 -0.655252 0.168244 0.374360 0.140448
-2.799999 -81.834969 -20.481285 -0.736433 0.629004 -0.249039 0.395404 0.029925
-2.799999 -47.090351 -18.833075 -0.736435 0.126767 0.664525 0.403816 0.207205
-2.799999 -60.390686 -25.151834 -0.736432 -0.592832 0.325911 0.371565 0.139342
-2.799999 -80.090347 -19.038004 -0.736434 0.126763 -0.664527 0.402770 0.038827
-2.799999 -77.527924 -4.571164 -0.736435 0.288045 0.612122 0.476611 0.051901
-2.799999 -46.502441 -18.870066 -0.736436 -0.042477 0.675172 0.403628 0.210204
-2.799999 -60.736919 -25.628399 -0.736439 -0.493152 0.463098 0.369132 0.137575
-2.799999 -79.502449 -19.001015 -0.736435 -0.042476 -0.675173 0.402959 0.041827
-2.799999 -76.252487 -4.985584 -0.736436 0.126765 0.664524 0.474496 0.058409
-2.799999 -34.760223 -16.123335 -0.736436 0.431222 -0.521257 0.417647 0.270117
-2.799999 -44.590683 -15.392585 -0.736433 -0.592833 -0.325907 0.421377 0.219959
-2.799999 -35.678242 -17.100933 -0.736434 0.547307 -0.397642 0.412657 0.265433
-2.799999 -44.373833 -15.940285 -0.736435 -0.655254 -0.168243 0.418582 0.221065
-2.799999 -78.923805 -19.111395 -0.736436 -0.209052 -0.643397 0.402396 0.044779
-2.799999 -74.914070 -5.069785 -0.736434 -0.042480 0.675174 0.474066 0.065238
-2.799999 -81.981468 -21.051844 -0.736436 0.671172 -0.084792 0.392492 0.029178
-2.799999 -81.981468 -21.640913 -0.736436 0.671172 0.084791 0.389485 0.029178
-2.799999 -36.324310 -18.276115 -0.736437 0.629000 -0.249038 0.406659 0.262137
-2.799999 -44.299999 -16.524704 -0.736437 -0.676506 0.000000 0.415599 0.221442
-2.799999 -81.834969 -22.211475 -0.736433 0.629004 0.249039 0.386573 0.029925
-2.799999 -34.760223 24.367846 -0.736437 0.431220 -0.521257 0.624319 0.270117
-2.799999 -44.373833 -17.109123 -0.736435 -0.655254 0.168243 0.412616 0.221065
-2.799999 -61.190811 26.003895 -0.736433 -0.362487 -0.571200 0.632670 0.135259
-2.799999 -35.678242 23.390247 -0.736435 0.547307 -0.397641 0.619330 0.265433
-2.799999 -45.923809 18.759695 -0.736435 -0.209052 -0.643398 0.595695 0.213157
-2.799999 -36.657810 -19.575045 -0.736435 0.671175 -0.084787 0.400029 0.260435
-2.799999 -44.590683 -17.656824 -0.736435 -0.592830 0.325909 0.409820 0.219959
-2.799999 -78.390808 -19.362206 -0.736435 -0.362492 -0.571195 0.401116 0.047499
-2.799999 -81.551193 -22.727674 -0.736438 0.547304 0.397639 0.383938 0.031373
-2.799999 -33.627918 25.086416 -0.736434 0.288041 -0.612125 0.627987 0.275895
-2.799999 -36.657810 -20.916113 -0.736435 0.671174 0.084787 0.393184 0.260435
-2.799999 -45.390812 -18.508875 -0.736435 -0.362491 0.571195 0.405471 0.215876
-2.799999 -44.936920 -18.133385 -0.736436 -0.493153 0.463100 0.407388 0.218192
-2.799999 -36.324310 22.215055 -0.736437 0.629001 -0.249037 0.613331 0.262137
-2.799999 -45.390812 18.508886 -0.736435 -0.362490 -0.571195 0.594414 0.215876
-2.799999 -48.551189 15.143414 -0.736436 0.547308 0.397637 0.577237 0.199751
-2.799999 -48.147949 14.714005 -0.736436 0.431222 0.521257 0.575045 0.201808
-2.799999 -47.650578 14.398364 -0.736435 0.288043 0.612123 0.573434 0.204346
-2.799999 -47.090351 14.216335 -0.736435 0.126765 0.664525 0.572505 0.207205
-2.799999 -46.502441 14.179347 -0.736437 -0.042482 0.675171 0.572316 0.210204
-2.799999 -36.324310 -22.215044 -0.736436 0.629001 0.249037 0.386554 0.262137
-2.799999 -45.923809 -18.759686 -0.736435 -0.209053 0.643397 0.404191 0.213157
-2.799999 -45.923809 14.289735 -0.736434 -0.209057 0.643398 0.572879 0.213157
-2.799999 -81.147942 -23.157085 -0.736432 0.431228 0.521259 0.381746 0.033431
-2.799999 -32.352493 25.500824 -0.736435 0.126766 -0.664526 0.630102 0.282402
-2.799999 -35.678242 -23.390234 -0.736435 0.547307 0.397641 0.380556 0.265433
-2.799999 -36.657810 20.916124 -0.736435 0.671174 -0.084787 0.606701 0.260435
-2.799999 -44.590683 17.656836 -0.736435 -0.592830 -0.325909 0.590065 0.219959
-2.799999 -44.936920 18.133396 -0.736436 -0.493153 -0.463100 0.592498 0.218192
-2.799999 -12.202442 20.428776 -0.736438 -0.042482 0.675170 0.604214 0.385215
-2.799999 -11.623811 20.539165 -0.736434 -0.209058 0.643397 0.604777 0.388167
-2.799999 -11.090812 20.789976 -0.736434 -0.362488 0.571199 0.606057 0.390887
-2.799999 -10.636922 21.165455 -0.736438 -0.493149 0.463101 0.607974 0.393203
-2.799999 -10.290682 21.642023 -0.736434 -0.592831 0.325908 0.610406 0.394970
-2.799999 -34.760223 -24.367830 -0.736438 0.431221 0.521257 0.375566 0.270117
-2.799999 -61.190811 -26.003883 -0.736434 -0.362490 0.571197 0.367216 0.135259
-2.799999 -33.627918 -25.086407 -0.736435 0.288042 0.612123 0.371899 0.275895
-2.799999 -70.068077 1.600144 -0.736436 -0.655253 -0.168244 0.508110 0.089964
32.598843 -1.990728 7.000005 0.094336 -0.976238 0.195091 0.797591 0.163232
32.462811 -0.583071 10.414215 0.079974 -0.827615 0.555569 0.780165 0.162675
11.375603 -2.097454 11.000006 0.069191 -0.355603 0.932073 0.782678 0.603794
12.660722 -1.908068 11.000006 0.045588 -0.374772 0.925996 0.786780 0.609002
2.200000 0.000000 11.000006 -0.249885 -0.810288 0.530086 0.741296 0.579392
10.115791 -2.414148 11.000006 0.111342 -0.353187 0.928904 0.779115 0.598203
8.893881 -2.854988 11.000006 0.136382 -0.336907 0.931608 0.776128 0.592285
7.722072 -3.415570 11.000006 0.179100 -0.318354 0.930900 0.773747 0.586099
6.612048 -4.090302 11.000006 0.200450 -0.305905 0.930721 0.771994 0.579706
5.574904 -4.872441 11.000006 0.235981 -0.276213 0.931675 0.770889 0.573171
4.620999 -5.754180 11.000006 0.262762 -0.261468 0.928758 0.770441 0.566559
0.000000 -2.200000 11.000006 0.810287 0.249885 0.530086 0.740846 0.563525
3.759850 -6.726716 11.000006 0.283578 -0.225348 0.932095 0.770655 0.559936
3.000058 -7.780340 11.000006 0.312571 -0.202023 0.928163 0.771530 0.553367
2.349209 -8.904531 11.000006 0.321433 -0.167257 0.932044 0.773056 0.546919
1.813799 -10.088060 11.000006 0.345565 -0.131981 0.929067 0.775218 0.540656
1.399178 -11.319112 11.000006 0.352387 -0.104029 0.930055 0.777995 0.534641
1.109485 -12.585402 11.000006 0.360721 -0.061306 0.930657 0.781358 0.528933
0.947613 -13.874272 11.000006 0.375661 -0.037567 0.925995 0.785275 0.523589
32.406471 0.000000 11.000006 0.035250 -0.923035 0.383097 0.853328 0.685311
0.000000 -26.492783 11.000006 0.923363 -0.027709 0.382928 0.825983 0.473509
2.200000 2.799999 30.550005 -0.184425 0.980869 0.062316 0.227780 0.820183
2.000000 0.000000 30.619616 0.041395 -0.683095 0.729156 0.237169 0.809357
2.200000 0.000000 30.619616 -0.307927 -0.901859 0.303037 0.237891 0.810079
1.032773 2.661850 30.553432 -0.169074 0.720279 0.672764 0.224067 0.815471
1.533110 -0.055261 30.620995 0.160753 -0.650069 0.742677 0.235684 0.807472
-0.069954 2.255034 30.563543 -0.314722 0.664601 0.677684 0.221557 0.810022
1.092020 -0.217989 30.625032 0.302399 -0.604058 0.737339 0.234680 0.805292
-0.738926 1.845084 30.573742 -0.422000 0.596661 0.682577 0.220624 0.806127
0.824429 -0.381965 30.629116 0.409537 -0.544504 0.731979 0.234307 0.803734
-1.335531 1.335531 30.586416 -0.513493 0.513493 0.687495 0.220311 0.802135
0.585787 -0.585787 30.634190 0.479472 -0.479472 0.734992 0.234182 0.802137
2.200000 0.000000 30.619616 -0.307927 -0.901859 0.303037 0.170318 0.454505
2.200000 0.000000 30.674303 -0.583815 -0.578664 0.569481 0.170597 0.454498
2.200000 2.645303 30.674303 -0.580978 -0.215871 0.784771 0.170933 0.467992
2.200000 2.799999 30.550005 -0.184425 0.980869 0.062316 0.170318 0.468796
2.200000 0.000000 -30.619608 -0.307927 -0.901859 -0.303037 0.255470 0.794212
2.000000 0.000000 -30.619608 0.041392 -0.683094 -0.729157 0.254748 0.794934
2.200000 2.799999 -30.549994 -0.329602 0.902697 -0.276588 0.245358 0.784109
1.533110 -0.055261 -30.620981 0.160756 -0.650072 -0.742673 0.253263 0.796819
1.032773 2.661850 -30.553431 -0.169071 0.720279 -0.672766 0.241646 0.788821
1.092020 -0.217989 -30.625029 0.302397 -0.604056 -0.737342 0.252260 0.798999
-0.069954 2.255034 -30.563543 -0.314723 0.664598 -0.677686 0.239136 0.794270
0.824429 -0.381965 -30.629105 0.409526 -0.544515 -0.731978 0.251886 0.800556
-0.738926 1.845084 -30.573734 -0.422005 0.596658 -0.682577 0.238203 0.798165
0.585787 -0.585787 -30.634172 0.479475 -0.479475 -0.734988 0.251761 0.802153
-1.335531 1.335531 -30.586403 -0.526061 0.506323 -0.683298 0.237891 0.802157
2.200000 0.000000 -10.999994 -0.249885 -0.810288 -0.530086 0.741295 0.791237
12.660722 -1.908068 -10.999994 0.045588 -0.374771 -0.925996 0.786777 0.761623
11.375603 -2.097454 -10.999994 0.069190 -0.355602 -0.932073 0.782675 0.766831
10.115791 -2.414148 -10.999994 0.111342 -0.353186 -0.928904 0.779113 0.772422
8.893881 -2.854988 -10.999994 0.136382 -0.336906 -0.931608 0.776126 0.778341
7.722072 -3.415570 -10.999994 0.179099 -0.318354 -0.930900 0.773745 0.784527
6.612048 -4.090302 -10.999994 0.200450 -0.305905 -0.930721 0.771993 0.790919
5.574904 -4.872441 -10.999994 0.235981 -0.276213 -0.931676 0.770887 0.797454
0.000000 -2.200000 -10.999994 0.810288 0.249885 -0.530086 0.740846 0.807103
4.620999 -5.754180 -10.999994 0.262761 -0.261467 -0.928758 0.770440 0.804065
3.759850 -6.726716 -10.999994 0.283577 -0.225347 -0.932096 0.770654 0.810688
3.000058 -7.780340 -10.999994 0.312571 -0.202022 -0.928163 0.771529 0.817256
2.349209 -8.904531 -10.999994 0.321432 -0.167256 -0.932045 0.773055 0.823703
1.813799 -10.088060 -10.999994 0.345564 -0.131981 -0.929067 0.775217 0.829966
1.399178 -11.319112 -10.999994 0.352386 -0.104028 -0.930055 0.777994 0.835980
1.109485 -12.585402 -10.999994 0.360720 -0.061306 -0.930657 0.781357 0.841688
0.947613 -13.874272 -10.999994 0.375661 -0.037567 -0.925996 0.785274 0.847030
32.406471 0.000000 -10.999994 0.035250 -0.923035 -0.383098 0.853321 0.685311
0.000000 -26.492783 -10.999994 0.923362 -0.027709 -0.382928 0.825981 0.897102
32.462811 -0.583071 -10.414206 0.079974 -0.827615 -0.555570 0.886476 0.162675
32.598843 -1.990728 -6.999994 0.094336 -0.976238 -0.195091 0.869049 0.163232
12.853091 -3.898796 -6.999994 0.140510 -0.970373 -0.196551 0.869049 0.062279
12.853091 -3.898796 7.000005 0.140510 -0.970373 0.196552 0.797591 0.062279
2.941996 -14.024051 -6.999994 0.975044 -0.104722 -0.195763 0.464214 0.522894
2.941996 -14.024051 7.000005 0.975044 -0.104722 0.195763 0.535672 0.522894
1.994386 -26.642551 7.000005 0.978031 -0.073447 0.195090 0.535672 0.587368
1.994386 -26.642551 -6.999994 0.978031 -0.073447 -0.195090 0.464214 0.587368
0.584144 -26.536652 -10.414206 0.829135 -0.062266 -0.555570 0.446787 0.586939
0.000000 -34.315144 -10.414206 0.980147 -0.034027 -0.195328 0.853321 0.925982
0.584144 -26.536652 -10.414206 0.829135 -0.062266 -0.555570 0.828227 0.895116
0.000000 -2.200000 -30.619608 0.901859 0.307928 -0.303037 0.255470 0.810084
-2.799999 -2.200000 -30.549994 -0.904446 0.318085 -0.284252 0.245358 0.820181
0.000000 -2.000000 -30.619608 0.683093 -0.041392 -0.729157 0.254748 0.809363
-2.738442 -1.417831 -30.551525 -0.723668 0.111922 -0.681013 0.242759 0.817140
-2.555281 -0.654917 -30.556080 -0.696779 0.236170 -0.677290 0.240668 0.813730
0.055261 -1.533110 -30.620981 0.650072 -0.160756 -0.742673 0.253263 0.807481
-2.063200 0.412490 -30.568314 -0.634094 0.379313 -0.673829 0.238593 0.808108
0.217989 -1.092020 -30.625029 0.604056 -0.302397 -0.737342 0.252259 0.805304
0.381965 -0.824429 -30.629105 0.544515 -0.409526 -0.731978 0.251886 0.803749
-2.799999 -2.200000 -30.674303 -0.578668 0.583813 -0.569478 0.176690 0.454498
-2.799999 -2.200000 -30.549994 -0.904446 0.318085 -0.284252 0.177325 0.454498
0.000000 -2.200000 -30.619608 0.901859 0.307928 -0.303037 0.176969 0.468786
0.000000 -2.200000 -30.674303 0.578662 0.583816 -0.569482 0.176690 0.468786
0.000000 -81.146790 -32.637066 0.643061 -0.221190 -0.733176 0.711652 0.847646
-2.799999 -81.146790 -32.637066 -0.643062 -0.221190 -0.733175 0.697361 0.847641
0.000000 -2.200000 -30.674303 0.578662 0.583816 -0.569482 0.711766 0.444623
-2.799999 -2.200000 -30.674303 -0.578668 0.583813 -0.569478 0.697474 0.444618
-2.799999 -87.699997 -28.048458 -0.616453 -0.698425 -0.363577 0.697474 0.880090
0.000000 -87.699997 -28.048458 0.616455 -0.698424 -0.363576 0.711766 0.880095
-2.799999 -87.699997 -28.048458 -0.616453 -0.698425 -0.363577 0.740346 0.754504
0.000000 -87.699997 27.002516 0.630264 -0.717282 0.297108 0.726557 0.473492
-2.799999 -87.699997 27.002516 -0.630264 -0.717282 0.297108 0.740846 0.473517
0.000000 -87.699997 -28.048458 0.616455 -0.698424 -0.363576 0.726057 0.754479
-2.799999 -82.043144 32.659367 -0.628226 -0.288783 0.722451 0.740346 0.444643
0.000000 -82.043144 32.659367 0.628227 -0.288783 0.722451 0.726057 0.444618
-2.799999 -2.200000 30.674303 -0.578669 0.583813 0.569478 0.711765 0.852234
0.000000 -82.043144 32.659367 0.628227 -0.288783 0.722451 0.726057 0.444618
0.000000 -2.200000 30.674303 0.578669 0.583813 0.569478 0.726057 0.852233
-2.799999 -82.043144 32.659367 -0.628226 -0.288783 0.722451 0.711765 0.444619
-2.799999 -2.200000 30.550005 -0.902696 0.329604 0.276588 0.176690 0.468786
-2.799999 -2.200000 30.674303 -0.578669 0.583813 0.569478 0.176055 0.468786
0.000000 -2.200000 30.619616 0.901859 0.307927 0.303037 0.176335 0.454498
0.000000 -2.200000 30.674303 0.578669 0.583813 0.569478 0.176056 0.454498
0.000000 -2.200000 30.619616 0.901859 0.307927 0.303037 0.237891 0.794206
0.000000 -2.000000 30.619616 0.683095 -0.041395 0.729156 0.237169 0.794927
-2.799999 -2.200000 30.550005 -0.902696 0.329604 0.276588 0.227780 0.784109
0.055261 -1.533110 30.620995 0.650069 -0.160753 0.742677 0.235684 0.796809
-2.661850 -1.032773 30.553432 -0.720279 0.169074 0.672764 0.224067 0.788814
0.217989 -1.092020 30.625032 0.604058 -0.302399 0.737339 0.234680 0.798986
-2.255034 0.069954 30.563543 -0.664601 0.314722 0.677684 0.221557 0.794257
0.381965 -0.824429 30.629116 0.544504 -0.409537 0.731979 0.234307 0.800542
-1.845084 0.738926 30.573742 -0.596661 0.422000 0.682577 0.220624 0.798146
0.000000 -34.315144 10.414215 0.980147 -0.034027 0.195328 0.853328 0.444618
0.584144 -26.536652 10.414215 0.829135 -0.062266 0.555570 0.828234 0.475489
0.584144 -26.536652 10.414215 0.829135 -0.062266 0.555570 0.553098 0.586939
-2.799999 -74.914070 -5.069785 -0.736434 -0.042480 0.675174 0.115630 0.803441
0.000000 -74.914070 -5.069785 0.736434 -0.042480 0.675174 0.129921 0.803433
0.000000 -73.596764 -4.818495 0.736435 -0.209051 0.643398 0.129917 0.810102
-2.799999 -73.596764 -4.818495 -0.736435 -0.209051 0.643397 0.115625 0.810109
0.000000 -72.383316 -4.247494 0.736436 -0.362491 0.571194 0.129904 0.816178
-2.799999 -72.383316 -4.247494 -0.736436 -0.362491 0.571194 0.115613 0.816185
-2.799999 -70.068077 1.600144 -0.736436 -0.655253 -0.168244 0.043227 0.795988
-2.799999 -69.899994 0.269657 -0.736436 -0.676507 -0.000000 0.043211 0.802779
0.000000 -70.068077 1.600144 0.736436 -0.655253 -0.168244 0.028938 0.795988
0.000000 -69.899994 0.269657 0.736436 -0.676507 -0.000000 0.028922 0.802779
0.000000 -71.350021 -3.392674 0.736436 -0.493155 0.463099 0.129885 0.821279
-2.799999 -71.350021 -3.392674 -0.736436 -0.493154 0.463099 0.115593 0.821286
-2.799999 -70.561768 -2.307724 -0.736434 -0.592829 0.325912 0.043276 0.815934
-2.799999 -71.350021 -3.392674 -0.736436 -0.493154 0.463099 0.043352 0.821472
0.000000 -71.350021 -3.392674 0.736436 -0.493155 0.463099 0.029063 0.821472
-2.799999 -70.561768 2.847036 -0.736434 -0.592829 -0.325912 0.043276 0.789624
0.000000 -70.561768 2.847036 0.736434 -0.592829 -0.325912 0.028987 0.789624
-2.799999 -71.350021 3.931986 -0.736436 -0.493155 -0.463099 0.043352 0.784086
0.000000 -70.561768 -2.307724 0.736434 -0.592829 0.325912 0.028987 0.815934
0.000000 -71.350021 3.931986 0.736436 -0.493154 -0.463099 0.029063 0.784086
0.000000 -70.068077 -1.060834 0.736436 -0.655252 0.168244 0.028938 0.809570
-2.799999 -70.068077 -1.060834 -0.736436 -0.655253 0.168244 0.043227 0.809570
-2.799999 -72.383316 4.786806 -0.736436 -0.362490 -0.571194 0.191674 0.789197
-2.799999 -71.350021 3.931986 -0.736436 -0.493155 -0.463099 0.191654 0.784109
0.000000 -72.383316 4.786806 0.736436 -0.362490 -0.571194 0.205965 0.789205
-2.799999 -73.596764 5.357804 -0.736435 -0.209052 -0.643398 0.191687 0.795265
0.000000 -71.350021 3.931986 0.736436 -0.493154 -0.463099 0.205945 0.784116
0.000000 -73.596764 5.357804 0.736435 -0.209052 -0.643398 0.205978 0.795272
-2.799999 -74.914070 5.609097 -0.736436 -0.042480 -0.675173 0.191691 0.801930
0.000000 -74.914070 5.609097 0.736436 -0.042480 -0.675173 0.205983 0.801937
-2.799999 -76.252487 5.524894 -0.736435 0.126763 -0.664526 0.191687 0.808773
0.000000 -76.252487 5.524894 0.736435 0.126763 -0.664526 0.205978 0.808781
-2.799999 -77.527924 5.110486 -0.736437 0.288044 -0.612120 0.191674 0.815365
0.000000 -77.527924 5.110486 0.736437 0.288044 -0.612120 0.205965 0.815373
-2.799999 -78.660217 4.391896 -0.736434 0.431224 -0.521259 0.191654 0.821292
0.000000 -78.660217 4.391896 0.736434 0.431224 -0.521259 0.205945 0.821299
-2.799999 -79.578247 3.414305 -0.736437 0.547305 -0.397642 0.156146 0.778645
-2.799999 -78.660217 4.391896 -0.736434 0.431224 -0.521259 0.156256 0.773646
0.000000 -79.578247 3.414305 0.736437 0.547305 -0.397642 0.170433 0.778645
0.000000 -78.660217 4.391896 0.736434 0.431224 -0.521259 0.170544 0.773647
-2.799999 -80.224304 2.239125 -0.736436 0.629002 -0.249037 0.156068 0.784649
0.000000 -80.224304 2.239125 0.736436 0.629002 -0.249037 0.170356 0.784650
0.000000 -80.557808 0.940194 0.736435 0.671174 -0.084788 0.170316 0.791283
-2.799999 -80.557808 0.940194 -0.736435 0.671174 -0.084788 0.156028 0.791282
0.000000 -80.557808 -0.400873 0.736435 0.671174 0.084787 0.170316 0.798128
-2.799999 -80.557808 -0.400873 -0.736435 0.671174 0.084787 0.156028 0.798127
0.000000 -80.224304 -1.699815 0.736436 0.629002 0.249036 0.170356 0.804755
-2.799999 -80.224304 -1.699815 -0.736436 0.629001 0.249036 0.156068 0.804754
-2.799999 -79.578247 -2.874995 -0.736436 0.547305 0.397642 0.156146 0.810746
0.000000 -79.578247 -2.874995 0.736436 0.547305 0.397642 0.170433 0.810747
0.000000 -78.660217 -3.852585 0.736435 0.431222 0.521259 0.170544 0.815728
-2.799999 -78.660217 -3.852585 -0.736435 0.431222 0.521259 0.156256 0.815727
-2.799999 -78.660217 -3.852585 -0.736435 0.431222 0.521259 0.115593 0.784093
0.000000 -78.660217 -3.852585 0.736435 0.431222 0.521259 0.129885 0.784086
0.000000 -77.527924 -4.571164 0.736435 0.288045 0.612122 0.129904 0.790003
-2.799999 -77.527924 -4.571164 -0.736435 0.288045 0.612122 0.115613 0.790010
0.000000 -76.252487 -4.985584 0.736436 0.126765 0.664524 0.129917 0.796591
-2.799999 -76.252487 -4.985584 -0.736436 0.126765 0.664524 0.115625 0.796598
-2.799999 -62.302444 21.674366 -0.736434 -0.042472 0.675175 0.853348 0.633060
0.000000 -62.302444 21.674366 0.736434 -0.042472 0.675175 0.867639 0.633060
0.000000 -61.723808 21.784737 0.736440 -0.209051 0.643393 0.867636 0.635989
-2.799999 -61.723808 21.784737 -0.736439 -0.209051 0.643394 0.853345 0.635989
0.000000 -61.190811 22.035557 0.736431 -0.362493 0.571198 0.867629 0.638658
-2.799999 -61.190811 22.035557 -0.736431 -0.362493 0.571198 0.853338 0.638658
-2.799999 -60.736919 22.411036 -0.736440 -0.493150 0.463098 0.853328 0.640899
-2.799999 -60.173828 24.604143 -0.736436 -0.655252 -0.168244 0.057728 0.826700
-2.799999 -60.099998 24.019724 -0.736436 -0.676508 0.000000 0.057721 0.829683
0.000000 -60.173828 24.604143 0.736436 -0.655252 -0.168244 0.043439 0.826700
0.000000 -60.736919 22.411036 0.736440 -0.493150 0.463098 0.867619 0.640899
0.000000 -60.099998 24.019724 0.736436 -0.676508 0.000000 0.043432 0.829683
-2.799999 -60.736919 22.411036 -0.736440 -0.493150 0.463098 0.057783 0.837894
0.000000 -60.736919 22.411036 0.736440 -0.493150 0.463098 0.043494 0.837894
0.000000 -60.390686 22.887604 0.736432 -0.592833 0.325910 0.043460 0.835461
-2.799999 -60.390686 25.151848 -0.736432 -0.592833 -0.325909 0.057749 0.823904
0.000000 -60.390686 25.151848 0.736432 -0.592833 -0.325909 0.043460 0.823904
-2.799999 -60.390686 22.887604 -0.736432 -0.592833 0.325910 0.057749 0.835461
-2.799999 -60.173828 23.435305 -0.736437 -0.655252 0.168244 0.057728 0.832666
0.000000 -60.173828 23.435305 0.736437 -0.655252 0.168245 0.043439 0.832666
-2.799999 -60.736919 25.628416 -0.736440 -0.493150 -0.463098 0.057783 0.821472
0.000000 -60.736919 25.628416 0.736440 -0.493150 -0.463098 0.043494 0.821472
-2.799999 -61.190811 26.003895 -0.736433 -0.362487 -0.571200 0.853338 0.757462
-2.799999 -60.736919 25.628416 -0.736440 -0.493150 -0.463098 0.853328 0.755227
0.000000 -61.190811 26.003895 0.736433 -0.362487 -0.571200 0.867630 0.757462
-2.799999 -61.723808 26.254704 -0.736435 -0.209052 -0.643398 0.853345 0.760127
0.000000 -60.736919 25.628416 0.736440 -0.493150 -0.463098 0.867619 0.755227
-2.799999 -62.302444 26.365084 -0.736435 -0.042478 -0.675173 0.853349 0.763055
0.000000 -61.723808 26.254704 0.736435 -0.209052 -0.643398 0.867637 0.760127
0.000000 -62.302444 26.365084 0.736435 -0.042478 -0.675173 0.867640 0.763055
-2.799999 -62.890350 26.328096 -0.736434 0.126761 -0.664527 0.853348 0.766061
0.000000 -62.890350 26.328096 0.736434 0.126761 -0.664527 0.867640 0.766061
-2.799999 -63.450577 26.146074 -0.736437 0.288039 -0.612123 0.853344 0.768956
0.000000 -63.450577 26.146074 0.736437 0.288039 -0.612123 0.867636 0.768956
-2.799999 -63.947945 25.830435 -0.736436 0.431224 -0.521256 0.853337 0.771560
0.000000 -63.947945 25.830435 0.736436 0.431224 -0.521256 0.867628 0.771560
-2.799999 -64.351189 25.401016 -0.736436 0.547310 -0.397635 0.255522 0.786304
-2.799999 -63.947945 25.830435 -0.736436 0.431224 -0.521256 0.255570 0.784109
0.000000 -63.947945 25.830435 0.736436 0.431224 -0.521256 0.269858 0.784109
0.000000 -64.351189 25.401016 0.736436 0.547310 -0.397635 0.269809 0.786305
-2.799999 -64.634964 24.884815 -0.736431 0.629004 -0.249043 0.255487 0.788942
0.000000 -64.634964 24.884815 0.736431 0.629004 -0.249043 0.269775 0.788943
-2.799999 -64.781471 24.314257 -0.736438 0.671170 -0.084796 0.255470 0.791856
0.000000 -64.781471 24.314257 0.736438 0.671170 -0.084796 0.269757 0.791856
-2.799999 -64.781471 23.725195 -0.736438 0.671170 0.084796 0.255470 0.794862
0.000000 -64.781471 23.725195 0.736438 0.671170 0.084796 0.269757 0.794863
0.000000 -64.634964 23.154636 0.736431 0.629006 0.249042 0.269775 0.797774
-2.799999 -64.634964 23.154636 -0.736431 0.629006 0.249042 0.255487 0.797773
0.000000 -64.351189 22.638428 0.736438 0.547308 0.397635 0.269809 0.800406
-2.799999 -64.351189 22.638428 -0.736438 0.547308 0.397635 0.255522 0.800405
-2.799999 -63.947945 22.209017 -0.736435 0.431222 0.521258 0.255570 0.802593
0.000000 -63.947945 22.209017 0.736435 0.431222 0.521258 0.269858 0.802593
-2.799999 -63.947945 22.209017 -0.736435 0.431222 0.521258 0.853336 0.624561
0.000000 -63.947945 22.209017 0.736435 0.431222 0.521258 0.867628 0.624562
0.000000 -63.450577 21.893377 0.736437 0.288039 0.612123 0.867635 0.627161
-2.799999 -63.450577 21.893377 -0.736437 0.288039 0.612123 0.853344 0.627161
0.000000 -62.890350 21.711355 0.736434 0.126762 0.664527 0.867639 0.630054
-2.799999 -62.890350 21.711355 -0.736434 0.126762 0.664527 0.853348 0.630054
-2.799999 -79.502449 19.001024 -0.736436 -0.042475 0.675173 0.853348 0.551374
0.000000 -79.502449 19.001024 0.736436 -0.042475 0.675173 0.867639 0.551374
0.000000 -78.923805 19.111404 0.736438 -0.209056 0.643393 0.867636 0.554304
-2.799999 -78.923805 19.111404 -0.736438 -0.209056 0.643393 0.853345 0.554304
0.000000 -78.390808 19.362225 0.736432 -0.362494 0.571197 0.867629 0.556973
-2.799999 -78.390808 19.362225 -0.736432 -0.362494 0.571197 0.853338 0.556973
-2.799999 -77.936920 19.737703 -0.736437 -0.493148 0.463104 0.853328 0.559213
-2.799999 -77.373833 21.930815 -0.736432 -0.655257 -0.168242 0.740353 0.838782
-2.799999 -77.299995 21.346395 -0.736439 -0.676504 0.000000 0.740346 0.841765
0.000000 -77.373833 21.930815 0.736432 -0.655257 -0.168242 0.726064 0.838782
0.000000 -77.936920 19.737703 0.736437 -0.493148 0.463104 0.867619 0.559213
0.000000 -77.299995 21.346395 0.736439 -0.676504 0.000000 0.726057 0.841765
-2.799999 -77.936920 19.737703 -0.736437 -0.493148 0.463104 0.740408 0.849976
0.000000 -77.936920 19.737703 0.736437 -0.493148 0.463104 0.726119 0.849976
0.000000 -77.590675 20.214266 0.736438 -0.592828 0.325904 0.726085 0.847544
-2.799999 -77.590675 22.478516 -0.736437 -0.592828 -0.325907 0.740374 0.835987
0.000000 -77.590675 22.478516 0.736437 -0.592828 -0.325907 0.726085 0.835987
-2.799999 -77.590675 20.214266 -0.736438 -0.592829 0.325904 0.740374 0.847544
-2.799999 -77.373833 20.761976 -0.736432 -0.655258 0.168240 0.740353 0.844748
0.000000 -77.373833 20.761976 0.736432 -0.655258 0.168240 0.726064 0.844748
-2.799999 -77.936920 22.955076 -0.736435 -0.493152 -0.463103 0.740408 0.833554
0.000000 -77.936920 22.955076 0.736435 -0.493152 -0.463103 0.726119 0.833554
-2.799999 -78.390808 23.330564 -0.736435 -0.362493 -0.571194 0.853338 0.741130
-2.799999 -77.936920 22.955076 -0.736435 -0.493152 -0.463103 0.853328 0.738894
0.000000 -78.390808 23.330564 0.736435 -0.362493 -0.571194 0.867630 0.741130
-2.799999 -78.923805 23.581377 -0.736436 -0.209053 -0.643396 0.853345 0.743795
0.000000 -77.936920 22.955076 0.736435 -0.493152 -0.463103 0.867619 0.738894
-2.799999 -79.502449 23.691757 -0.736436 -0.042474 -0.675172 0.853349 0.746722
0.000000 -78.923805 23.581377 0.736436 -0.209053 -0.643396 0.867637 0.743795
0.000000 -79.502449 23.691757 0.736436 -0.042474 -0.675172 0.867640 0.746722
-2.799999 -80.090347 23.654764 -0.736433 0.126764 -0.664528 0.853348 0.749728
0.000000 -80.090347 23.654764 0.736433 0.126764 -0.664528 0.867640 0.749728
-2.799999 -80.650597 23.472736 -0.736440 0.288044 -0.612117 0.853344 0.752624
0.000000 -80.650597 23.472736 0.736440 0.288044 -0.612117 0.867636 0.752624
-2.799999 -81.147942 23.157095 -0.736431 0.431228 -0.521259 0.853337 0.755227
0.000000 -81.147942 23.157095 0.736431 0.431228 -0.521259 0.867628 0.755227
-2.799999 -81.551193 22.727686 -0.736438 0.547304 -0.397640 0.298685 0.804789
-2.799999 -81.147942 23.157095 -0.736431 0.431228 -0.521259 0.298734 0.802593
0.000000 -81.147942 23.157095 0.736431 0.431228 -0.521259 0.313021 0.802594
0.000000 -81.551193 22.727686 0.736438 0.547304 -0.397640 0.312973 0.804790
-2.799999 -81.834969 22.211487 -0.736433 0.629004 -0.249039 0.298651 0.807427
0.000000 -81.834969 22.211487 0.736433 0.629004 -0.249039 0.312939 0.807427
-2.799999 -81.981468 21.640924 -0.736436 0.671172 -0.084791 0.298633 0.810340
0.000000 -81.981468 21.640924 0.736436 0.671172 -0.084791 0.312921 0.810341
-2.799999 -81.981468 21.051855 -0.736436 0.671172 0.084791 0.298633 0.813347
0.000000 -81.981468 21.051855 0.736436 0.671172 0.084791 0.312921 0.813348
0.000000 -81.834969 20.481295 0.736433 0.629004 0.249039 0.312939 0.816258
-2.799999 -81.834969 20.481295 -0.736433 0.629004 0.249039 0.298651 0.816258
0.000000 -81.551193 19.965096 0.736438 0.547304 0.397639 0.312973 0.818890
-2.799999 -81.551193 19.965096 -0.736438 0.547304 0.397639 0.298685 0.818890
-2.799999 -81.147942 19.535685 -0.736432 0.431228 0.521259 0.298734 0.821078
0.000000 -81.147942 19.535685 0.736432 0.431228 0.521259 0.313021 0.821078
-2.799999 -81.147942 19.535685 -0.736432 0.431228 0.521259 0.853336 0.542876
0.000000 -81.147942 19.535685 0.736432 0.431228 0.521259 0.867627 0.542876
0.000000 -80.650597 19.220045 0.736439 0.288045 0.612117 0.867635 0.545475
-2.799999 -80.650597 19.220045 -0.736439 0.288045 0.612117 0.853343 0.545475
0.000000 -80.090347 19.038015 0.736433 0.126764 0.664527 0.867639 0.548369
-2.799999 -80.090347 19.038015 -0.736433 0.126764 0.664527 0.853347 0.548369
-2.799999 -79.502449 -23.691742 -0.736435 -0.042476 0.675174 0.853348 0.567712
0.000000 -79.502449 -23.691742 0.736435 -0.042476 0.675174 0.867639 0.567712
0.000000 -78.923805 -23.581364 0.736437 -0.209051 0.643396 0.867636 0.570641
-2.799999 -78.923805 -23.581364 -0.736437 -0.209051 0.643396 0.853345 0.570641
0.000000 -78.390808 -23.330551 0.736434 -0.362492 0.571195 0.867629 0.573310
-2.799999 -78.390808 -23.330551 -0.736434 -0.362492 0.571195 0.853338 0.573310
-2.799999 -77.936920 -22.955065 -0.736435 -0.493151 0.463104 0.853328 0.575550
-2.799999 -77.373833 -20.761953 -0.736434 -0.655255 -0.168244 0.170324 0.839440
-2.799999 -77.299995 -21.346384 -0.736438 -0.676505 0.000001 0.170317 0.842423
0.000000 -77.373833 -20.761953 0.736434 -0.655255 -0.168244 0.156035 0.839440
0.000000 -77.936920 -22.955065 0.736435 -0.493151 0.463104 0.867619 0.575550
0.000000 -77.299995 -21.346384 0.736438 -0.676505 0.000001 0.156028 0.842423
-2.799999 -77.936920 -22.955065 -0.736435 -0.493151 0.463104 0.170379 0.850634
0.000000 -77.936920 -22.955065 0.736435 -0.493151 0.463104 0.156090 0.850634
0.000000 -77.590675 -22.478504 0.736437 -0.592827 0.325907 0.156056 0.848201
-2.799999 -77.590675 -20.214266 -0.736435 -0.592831 -0.325907 0.170345 0.836644
0.000000 -77.590675 -20.214266 0.736435 -0.592830 -0.325907 0.156056 0.836644
-2.799999 -77.590675 -22.478504 -0.736437 -0.592827 0.325907 0.170345 0.848201
-2.799999 -77.373833 -21.930805 -0.736432 -0.655257 0.168242 0.170324 0.845406
0.000000 -77.373833 -21.930805 0.736433 -0.655257 0.168242 0.156035 0.845406
-2.799999 -77.936920 -19.737694 -0.736436 -0.493154 -0.463099 0.170379 0.834212
0.000000 -77.936920 -19.737694 0.736436 -0.493154 -0.463099 0.156090 0.834212
-2.799999 -78.390808 -19.362206 -0.736435 -0.362492 -0.571195 0.853338 0.692132
-2.799999 -77.936920 -19.737694 -0.736436 -0.493154 -0.463099 0.853328 0.689897
0.000000 -78.390808 -19.362206 0.736435 -0.362492 -0.571195 0.867630 0.692132
-2.799999 -78.923805 -19.111395 -0.736436 -0.209052 -0.643397 0.853345 0.694797
0.000000 -77.936920 -19.737694 0.736436 -0.493154 -0.463099 0.867619 0.689897
-2.799999 -79.502449 -19.001015 -0.736435 -0.042476 -0.675173 0.853349 0.697725
0.000000 -78.923805 -19.111395 0.736436 -0.209052 -0.643397 0.867637 0.694797
0.000000 -79.502449 -19.001015 0.736435 -0.042476 -0.675173 0.867640 0.697725
-2.799999 -80.090347 -19.038004 -0.736434 0.126763 -0.664527 0.853348 0.700731
0.000000 -80.090347 -19.038004 0.736434 0.126763 -0.664527 0.867640 0.700731
-2.799999 -80.650597 -19.220034 -0.736439 0.288045 -0.612117 0.853344 0.703626
0.000000 -80.650597 -19.220034 0.736439 0.288045 -0.612117 0.867636 0.703626
-2.799999 -81.147942 -19.535673 -0.736432 0.431228 -0.521259 0.853337 0.706229
0.000000 -81.147942 -19.535673 0.736432 0.431228 -0.521259 0.867628 0.706229
-2.799999 -81.551193 -19.965084 -0.736438 0.547305 -0.397639 0.304635 0.786304
-2.799999 -81.147942 -19.535673 -0.736432 0.431228 -0.521259 0.304684 0.784109
0.000000 -81.147942 -19.535673 0.736432 0.431228 -0.521259 0.318971 0.784109
0.000000 -81.551193 -19.965084 0.736438 0.547305 -0.397639 0.318923 0.786305
-2.799999 -81.834969 -20.481285 -0.736433 0.629004 -0.249039 0.304601 0.788942
0.000000 -81.834969 -20.481285 0.736433 0.629004 -0.249039 0.318889 0.788942
-2.799999 -81.981468 -21.051844 -0.736436 0.671172 -0.084792 0.304583 0.791855
0.000000 -81.981468 -21.051844 0.736436 0.671172 -0.084792 0.318871 0.791856
-2.799999 -81.981468 -21.640913 -0.736436 0.671172 0.084791 0.304583 0.794862
0.000000 -81.981468 -21.640913 0.736436 0.671172 0.084791 0.318871 0.794863
0.000000 -81.834969 -22.211475 0.736433 0.629004 0.249039 0.318889 0.797774
-2.799999 -81.834969 -22.211475 -0.736433 0.629004 0.249039 0.304601 0.797773
0.000000 -81.551193 -22.727674 0.736438 0.547304 0.397639 0.318923 0.800406
-2.799999 -81.551193 -22.727674 -0.736438 0.547304 0.397639 0.304635 0.800405
-2.799999 -81.147942 -23.157085 -0.736432 0.431228 0.521259 0.304684 0.802593
0.000000 -81.147942 -23.157085 0.736432 0.431228 0.521259 0.318971 0.802593
-2.799999 -81.147942 -23.157085 -0.736432 0.431228 0.521259 0.853336 0.559213
0.000000 -81.147942 -23.157085 0.736432 0.431228 0.521259 0.867628 0.559213
0.000000 -80.650597 -23.472725 0.736439 0.288045 0.612117 0.867635 0.561812
-2.799999 -80.650597 -23.472725 -0.736439 0.288045 0.612117 0.853344 0.561812
0.000000 -80.090347 -23.654755 0.736434 0.126762 0.664527 0.867639 0.564706
-2.799999 -80.090347 -23.654755 -0.736434 0.126762 0.664527 0.853348 0.564706
-2.799999 -62.302444 -26.365078 -0.736436 -0.042478 0.675172 0.853348 0.616723
0.000000 -62.302444 -26.365078 0.736436 -0.042478 0.675172 0.867639 0.616723
0.000000 -61.723808 -26.254696 0.736435 -0.209055 0.643397 0.867636 0.619652
-2.799999 -61.723808 -26.254696 -0.736435 -0.209055 0.643396 0.853345 0.619652
0.000000 -61.190811 -26.003883 0.736434 -0.362490 0.571197 0.867629 0.622321
-2.799999 -61.190811 -26.003883 -0.736434 -0.362490 0.571197 0.853338 0.622321
-2.799999 -60.736919 -25.628399 -0.736439 -0.493152 0.463098 0.853328 0.624562
-2.799999 -60.173828 -23.435293 -0.736437 -0.655252 -0.168244 0.014385 0.831395
-2.799999 -60.099998 -24.019712 -0.736435 -0.676508 -0.000000 0.014378 0.834378
0.000000 -60.173828 -23.435293 0.736437 -0.655252 -0.168245 0.000097 0.831395
0.000000 -60.736919 -25.628399 0.736439 -0.493152 0.463098 0.867620 0.624562
0.000000 -60.099998 -24.019712 0.736436 -0.676508 -0.000000 0.000089 0.834378
-2.799999 -60.736919 -25.628399 -0.736439 -0.493152 0.463098 0.014440 0.842589
0.000000 -60.736919 -25.628399 0.736439 -0.493152 0.463098 0.000151 0.842589
0.000000 -60.390686 -25.151834 0.736432 -0.592832 0.325911 0.000118 0.840156
-2.799999 -60.390686 -22.887592 -0.736432 -0.592833 -0.325910 0.014407 0.828599
0.000000 -60.390686 -22.887592 0.736432 -0.592833 -0.325910 0.000118 0.828599
-2.799999 -60.390686 -25.151834 -0.736432 -0.592832 0.325911 0.014407 0.840156
-2.799999 -60.173828 -24.604134 -0.736437 -0.655252 0.168244 0.014385 0.837361
0.000000 -60.173828 -24.604134 0.736437 -0.655252 0.168244 0.000097 0.837361
-2.799999 -60.736919 -22.411024 -0.736440 -0.493150 -0.463098 0.014440 0.826167
0.000000 -60.736919 -22.411024 0.736440 -0.493150 -0.463098 0.000151 0.826167
-2.799999 -61.190811 -22.035545 -0.736434 -0.362487 -0.571199 0.853338 0.708464
-2.799999 -60.736919 -22.411024 -0.736440 -0.493150 -0.463098 0.853328 0.706229
0.000000 -61.190811 -22.035545 0.736434 -0.362487 -0.571199 0.867630 0.708464
-2.799999 -61.723808 -21.784737 -0.736435 -0.209053 -0.643398 0.853345 0.711130
0.000000 -60.736919 -22.411024 0.736440 -0.493150 -0.463098 0.867619 0.706229
-2.799999 -62.302444 -21.674355 -0.736434 -0.042484 -0.675174 0.853349 0.714057
0.000000 -61.723808 -21.784737 0.736435 -0.209053 -0.643397 0.867637 0.711130
0.000000 -62.302444 -21.674355 0.736434 -0.042484 -0.675174 0.867640 0.714057
-2.799999 -62.890350 -21.711334 -0.736440 0.126766 -0.664520 0.853348 0.717063
0.000000 -62.890350 -21.711334 0.736440 0.126766 -0.664520 0.867640 0.717063
-2.799999 -63.450577 -21.893375 -0.736431 0.288047 -0.612126 0.853344 0.719959
0.000000 -63.450577 -21.893375 0.736431 0.288047 -0.612126 0.867636 0.719959
-2.799999 -63.947945 -22.209005 -0.736437 0.431218 -0.521260 0.853337 0.722562
0.000000 -63.947945 -22.209005 0.736437 0.431218 -0.521260 0.867628 0.722562
-2.799999 -64.351189 -22.638416 -0.736437 0.547308 -0.397636 0.284297 0.786304
-2.799999 -63.947945 -22.209005 -0.736437 0.431218 -0.521260 0.284346 0.784109
0.000000 -63.947945 -22.209005 0.736437 0.431218 -0.521260 0.298633 0.784109
0.000000 -64.351189 -22.638416 0.736437 0.547308 -0.397636 0.298585 0.786305
-2.799999 -64.634964 -23.154621 -0.736431 0.629005 -0.249043 0.284263 0.788942
0.000000 -64.634964 -23.154621 0.736431 0.629005 -0.249043 0.298551 0.788942
-2.799999 -64.781471 -23.725180 -0.736438 0.671170 -0.084796 0.284246 0.791855
0.000000 -64.781471 -23.725180 0.736438 0.671170 -0.084796 0.298533 0.791856
-2.799999 -64.781471 -24.314245 -0.736438 0.671170 0.084795 0.284246 0.794862
0.000000 -64.781471 -24.314245 0.736438 0.671170 0.084795 0.298533 0.794863
0.000000 -64.634964 -24.884808 0.736432 0.629004 0.249043 0.298551 0.797774
-2.799999 -64.634964 -24.884808 -0.736432 0.629004 0.249043 0.284263 0.797773
0.000000 -64.351189 -25.401009 0.736437 0.547307 0.397637 0.298585 0.800406
-2.799999 -64.351189 -25.401009 -0.736437 0.547307 0.397637 0.284297 0.800405
-2.799999 -63.947945 -25.830420 -0.736436 0.431221 0.521259 0.284346 0.802593
0.000000 -63.947945 -25.830420 0.736436 0.431221 0.521259 0.298633 0.802593
-2.799999 -63.947945 -25.830420 -0.736436 0.431221 0.521259 0.853336 0.608224
0.000000 -63.947945 -25.830420 0.736436 0.431221 0.521259 0.867628 0.608225
0.000000 -63.450577 -26.146057 0.736435 0.288044 0.612123 0.867635 0.610824
-2.799999 -63.450577 -26.146057 -0.736435 0.288044 0.612123 0.853344 0.610824
0.000000 -62.890350 -26.328089 0.736436 0.126767 0.664524 0.867639 0.613717
-2.799999 -62.890350 -26.328089 -0.736436 0.126767 0.664524 0.853348 0.613717
-2.799999 -31.014071 -25.585026 -0.736436 -0.042478 0.675173 0.086974 0.803441
0.000000 -31.014071 -25.585026 0.736436 -0.042478 0.675173 0.101266 0.803434
0.000000 -29.696762 -25.333735 0.736436 -0.209053 0.643397 0.101262 0.810102
-2.799999 -29.696762 -25.333735 -0.736436 -0.209053 0.643397 0.086970 0.810109
0.000000 -28.483332 -24.762737 0.736435 -0.362491 0.571195 0.101249 0.816178
-2.799999 -28.483332 -24.762737 -0.736435 -0.362491 0.571195 0.086958 0.816185
-2.799999 -26.168081 -18.915094 -0.736435 -0.655254 -0.168241 0.155903 0.795988
-2.799999 -26.000000 -20.245584 -0.736435 -0.676508 0.000000 0.155887 0.802779
0.000000 -26.168081 -18.915094 0.736435 -0.655254 -0.168241 0.141614 0.795988
0.000000 -26.000000 -20.245584 0.736435 -0.676508 0.000000 0.141598 0.802779
0.000000 -27.450022 -23.907909 0.736435 -0.493153 0.463102 0.101230 0.821279
-2.799999 -27.450022 -23.907909 -0.736435 -0.493153 0.463102 0.086938 0.821286
-2.799999 -26.661760 -22.822966 -0.736436 -0.592828 0.325911 0.155951 0.815934
-2.799999 -27.450022 -23.907909 -0.736435 -0.493153 0.463102 0.156028 0.821472
0.000000 -27.450022 -23.907909 0.736435 -0.493153 0.463102 0.141739 0.821472
-2.799999 -26.661760 -17.668205 -0.736436 -0.592828 -0.325910 0.155951 0.789624
0.000000 -26.661760 -17.668205 0.736435 -0.592829 -0.325910 0.141662 0.789624
-2.799999 -27.450022 -16.583254 -0.736435 -0.493153 -0.463101 0.156028 0.784086
0.000000 -26.661760 -22.822966 0.736436 -0.592828 0.325911 0.141662 0.815934
0.000000 -27.450022 -16.583254 0.736436 -0.493153 -0.463101 0.141739 0.784086
0.000000 -26.168081 -21.576075 0.736435 -0.655254 0.168241 0.141614 0.809570
-2.799999 -26.168081 -21.576075 -0.736435 -0.655254 0.168241 0.155903 0.809570
-2.799999 -28.483332 -15.728425 -0.736435 -0.362492 -0.571194 0.206003 0.789198
-2.799999 -27.450022 -16.583254 -0.736435 -0.493153 -0.463101 0.205983 0.784109
0.000000 -28.483332 -15.728425 0.736435 -0.362492 -0.571194 0.220294 0.789205
-2.799999 -29.696762 -15.157424 -0.736436 -0.209053 -0.643396 0.206016 0.795265
0.000000 -27.450022 -16.583254 0.736436 -0.493153 -0.463101 0.220274 0.784116
0.000000 -29.696762 -15.157424 0.736436 -0.209053 -0.643397 0.220307 0.795272
-2.799999 -31.014071 -14.906135 -0.736436 -0.042477 -0.675173 0.206020 0.801930
0.000000 -31.014071 -14.906135 0.736436 -0.042477 -0.675173 0.220311 0.801937
-2.799999 -32.352493 -14.990345 -0.736435 0.126766 -0.664525 0.206016 0.808773
0.000000 -32.352493 -14.990345 0.736435 0.126766 -0.664525 0.220307 0.808781
-2.799999 -33.627918 -15.404756 -0.736435 0.288042 -0.612123 0.206003 0.815365
0.000000 -33.627918 -15.404756 0.736435 0.288042 -0.612123 0.220294 0.815373
-2.799999 -34.760223 -16.123335 -0.736436 0.431222 -0.521257 0.205983 0.821292
0.000000 -34.760223 -16.123335 0.736436 0.431222 -0.521257 0.220274 0.821299
-2.799999 -35.678242 -17.100933 -0.736434 0.547307 -0.397642 0.726175 0.759503
-2.799999 -34.760223 -16.123335 -0.736436 0.431222 -0.521257 0.726285 0.754504
0.000000 -35.678242 -17.100933 0.736434 0.547307 -0.397642 0.740462 0.759503
0.000000 -34.760223 -16.123335 0.736436 0.431222 -0.521257 0.740573 0.754505
-2.799999 -36.324310 -18.276115 -0.736437 0.629000 -0.249038 0.726097 0.765507
0.000000 -36.324310 -18.276115 0.736437 0.629000 -0.249038 0.740385 0.765508
0.000000 -36.657810 -19.575045 0.736435 0.671175 -0.084787 0.740345 0.772141
-2.799999 -36.657810 -19.575045 -0.736435 0.671175 -0.084787 0.726057 0.772140
0.000000 -36.657810 -20.916113 0.736435 0.671174 0.084787 0.740345 0.778986
-2.799999 -36.657810 -20.916113 -0.736435 0.671174 0.084787 0.726057 0.778985
0.000000 -36.324310 -22.215044 0.736436 0.629001 0.249037 0.740385 0.785613
-2.799999 -36.324310 -22.215044 -0.736436 0.629001 0.249037 0.726097 0.785612
-2.799999 -35.678242 -23.390234 -0.736435 0.547307 0.397641 0.726175 0.791604
0.000000 -35.678242 -23.390234 0.736435 0.547307 0.397641 0.740462 0.791605
0.000000 -34.760223 -24.367830 0.736438 0.431221 0.521257 0.740573 0.796586
-2.799999 -34.760223 -24.367830 -0.736438 0.431221 0.521257 0.726285 0.796585
-2.799999 -34.760223 -24.367830 -0.736438 0.431221 0.521257 0.086938 0.784093
0.000000 -34.760223 -24.367830 0.736438 0.431221 0.521257 0.101230 0.784086
0.000000 -33.627918 -25.086407 0.736435 0.288042 0.612123 0.101249 0.790003
-2.799999 -33.627918 -25.086407 -0.736435 0.288042 0.612123 0.086958 0.790011
0.000000 -32.352493 -25.500818 0.736436 0.126765 0.664525 0.101262 0.796591
-2.799999 -32.352493 -25.500818 -0.736433 0.126766 0.664527 0.086970 0.796598
-2.799999 -31.014071 14.906155 -0.736435 -0.042480 0.675173 0.101302 0.803441
0.000000 -31.014071 14.906155 0.736435 -0.042480 0.675174 0.115593 0.803434
0.000000 -29.696762 15.157444 0.736436 -0.209053 0.643396 0.115589 0.810102
-2.799999 -29.696762 15.157444 -0.736436 -0.209053 0.643396 0.101298 0.810109
0.000000 -28.483332 15.728446 0.736434 -0.362491 0.571196 0.115577 0.816178
-2.799999 -28.483332 15.728446 -0.736434 -0.362491 0.571196 0.101285 0.816185
-2.799999 -26.168081 21.576086 -0.736435 -0.655254 -0.168241 0.057658 0.795988
-2.799999 -26.000000 20.245594 -0.736435 -0.676508 -0.000000 0.057641 0.802779
0.000000 -26.168081 21.576086 0.736435 -0.655254 -0.168241 0.043369 0.795988
0.000000 -26.000000 20.245594 0.736435 -0.676508 -0.000000 0.043352 0.802779
0.000000 -27.450022 16.583265 0.736436 -0.493151 0.463104 0.115557 0.821279
-2.799999 -27.450022 16.583265 -0.736435 -0.493151 0.463104 0.101266 0.821286
-2.799999 -26.661760 17.668205 -0.736436 -0.592827 0.325911 0.057706 0.815934
-2.799999 -27.450022 16.583265 -0.736435 -0.493151 0.463104 0.057783 0.821472
0.000000 -27.450022 16.583265 0.736436 -0.493151 0.463104 0.043494 0.821472
-2.799999 -26.661760 22.822975 -0.736436 -0.592827 -0.325911 0.057706 0.789624
0.000000 -26.661760 22.822975 0.736436 -0.592827 -0.325911 0.043417 0.789624
-2.799999 -27.450022 23.907917 -0.736435 -0.493153 -0.463103 0.057783 0.784086
0.000000 -26.661760 17.668205 0.736436 -0.592827 0.325911 0.043417 0.815934
0.000000 -27.450022 23.907917 0.736435 -0.493153 -0.463103 0.043494 0.784086
0.000000 -26.168081 18.915096 0.736435 -0.655254 0.168241 0.043369 0.809570
-2.799999 -26.168081 18.915096 -0.736435 -0.655254 0.168241 0.057658 0.809570
-2.799999 -28.483332 24.762745 -0.736435 -0.362492 -0.571195 0.177345 0.789198
-2.799999 -27.450022 23.907917 -0.736435 -0.493153 -0.463103 0.177325 0.784109
0.000000 -28.483332 24.762745 0.736435 -0.362492 -0.571195 0.191637 0.789205
-2.799999 -29.696762 25.333746 -0.736436 -0.209053 -0.643396 0.177358 0.795265
0.000000 -27.450022 23.907917 0.736435 -0.493153 -0.463103 0.191616 0.784116
0.000000 -29.696762 25.333746 0.736436 -0.209053 -0.643396 0.191649 0.795272
-2.799999 -31.014071 25.585035 -0.736436 -0.042477 -0.675173 0.177362 0.801930
0.000000 -31.014071 25.585035 0.736436 -0.042477 -0.675173 0.191654 0.801937
-2.799999 -32.352493 25.500824 -0.736435 0.126766 -0.664526 0.177358 0.808773
0.000000 -32.352493 25.500824 0.736435 0.126766 -0.664526 0.191649 0.808781
-2.799999 -33.627918 25.086416 -0.736434 0.288041 -0.612125 0.177345 0.815365
0.000000 -33.627918 25.086416 0.736434 0.288041 -0.612125 0.191637 0.815373
-2.799999 -34.760223 24.367846 -0.736437 0.431220 -0.521257 0.177325 0.821292
0.000000 -34.760223 24.367846 0.736437 0.431220 -0.521257 0.191616 0.821299
-2.799999 -35.678242 23.390247 -0.736435 0.547307 -0.397641 0.156146 0.736563
-2.799999 -34.760223 24.367846 -0.736437 0.431220 -0.521257 0.156256 0.731565
0.000000 -35.678242 23.390247 0.736435 0.547307 -0.397641 0.170433 0.736564
0.000000 -34.760223 24.367846 0.736437 0.431220 -0.521257 0.170544 0.731565
-2.799999 -36.324310 22.215055 -0.736437 0.629001 -0.249037 0.156068 0.742568
0.000000 -36.324310 22.215055 0.736437 0.629001 -0.249037 0.170356 0.742568
0.000000 -36.657810 20.916124 0.736435 0.671174 -0.084787 0.170316 0.749202
-2.799999 -36.657810 20.916124 -0.736435 0.671174 -0.084787 0.156028 0.749201
0.000000 -36.657810 19.575054 0.736435 0.671174 0.084787 0.170316 0.756047
-2.799999 -36.657810 19.575054 -0.736435 0.671174 0.084787 0.156028 0.756046
0.000000 -36.324310 18.276127 0.736437 0.629000 0.249038 0.170356 0.762673
-2.799999 -36.324310 18.276127 -0.736437 0.629000 0.249038 0.156068 0.762673
-2.799999 -35.678242 17.100946 -0.736434 0.547308 0.397642 0.156146 0.768665
0.000000 -35.678242 17.100946 0.736434 0.547308 0.397642 0.170433 0.768665
0.000000 -34.760223 16.123344 0.736436 0.431222 0.521257 0.170544 0.773646
-2.799999 -34.760223 16.123344 -0.736437 0.431222 0.521257 0.156256 0.773646
-2.799999 -34.760223 16.123344 -0.736437 0.431222 0.521257 0.101266 0.784093
0.000000 -34.760223 16.123344 0.736436 0.431222 0.521257 0.115557 0.784086
0.000000 -33.627918 15.404766 0.736435 0.288043 0.612123 0.115577 0.790003
-2.799999 -33.627918 15.404766 -0.736435 0.288043 0.612123 0.101285 0.790011
0.000000 -32.352493 14.990354 0.736436 0.126763 0.664524 0.115589 0.796591
-2.799999 -32.352493 14.990354 -0.736436 0.126763 0.664524 0.101298 0.796598
-2.799999 -46.502441 14.179347 -0.736437 -0.042482 0.675171 0.086958 0.829785
0.000000 -46.502441 14.179347 0.736437 -0.042482 0.675171 0.101249 0.829785
0.000000 -45.923809 14.289735 0.736434 -0.209057 0.643398 0.101246 0.832714
-2.799999 -45.923809 14.289735 -0.736434 -0.209057 0.643398 0.086955 0.832714
0.000000 -45.390812 14.540544 0.736434 -0.362488 0.571198 0.101239 0.835383
-2.799999 -45.390812 14.540544 -0.736434 -0.362488 0.571198 0.086948 0.835383
-2.799999 -44.936920 14.916027 -0.736438 -0.493152 0.463099 0.086938 0.837623
-2.799999 -44.373833 17.109135 -0.736435 -0.655254 -0.168243 0.312930 0.842728
-2.799999 -44.299999 16.524715 -0.736437 -0.676506 -0.000000 0.312922 0.845711
0.000000 -44.373833 17.109135 0.736435 -0.655254 -0.168243 0.298641 0.842728
0.000000 -44.936920 14.916027 0.736439 -0.493151 0.463098 0.101230 0.837623
0.000000 -44.299999 16.524715 0.736437 -0.676506 -0.000000 0.298633 0.845711
-2.799999 -44.936920 14.916027 -0.736438 -0.493152 0.463099 0.312984 0.853922
0.000000 -44.936920 14.916027 0.736439 -0.493151 0.463098 0.298695 0.853922
0.000000 -44.590683 15.392596 0.736434 -0.592832 0.325907 0.298662 0.851489
-2.799999 -44.590683 17.656836 -0.736435 -0.592830 -0.325909 0.312951 0.839933
0.000000 -44.590683 17.656836 0.736435 -0.592830 -0.325909 0.298662 0.839933
-2.799999 -44.590683 15.392596 -0.736434 -0.592832 0.325907 0.312951 0.851489
-2.799999 -44.373833 15.940295 -0.736435 -0.655254 0.168244 0.312930 0.848694
0.000000 -44.373833 15.940295 0.736435 -0.655254 0.168244 0.298641 0.848694
-2.799999 -44.936920 18.133396 -0.736436 -0.493153 -0.463100 0.312984 0.837500
0.000000 -44.936920 18.133396 0.736436 -0.493153 -0.463100 0.298695 0.837500
-2.799999 -45.390812 18.508886 -0.736435 -0.362490 -0.571195 0.853338 0.659467
-2.799999 -44.936920 18.133396 -0.736436 -0.493153 -0.463100 0.853328 0.657231
0.000000 -45.390812 18.508886 0.736435 -0.362490 -0.571195 0.867630 0.659467
-2.799999 -45.923809 18.759695 -0.736435 -0.209052 -0.643398 0.853345 0.662132
0.000000 -44.936920 18.133396 0.736436 -0.493153 -0.463100 0.867619 0.657231
-2.799999 -46.502441 18.870075 -0.736436 -0.042477 -0.675173 0.853349 0.665059
0.000000 -45.923809 18.759695 0.736435 -0.209052 -0.643398 0.867637 0.662132
0.000000 -46.502441 18.870075 0.736436 -0.042477 -0.675173 0.867640 0.665059
-2.799999 -47.090351 18.833084 -0.736435 0.126767 -0.664525 0.853348 0.668065
0.000000 -47.090351 18.833084 0.736435 0.126767 -0.664525 0.867640 0.668065
-2.799999 -47.650578 18.651054 -0.736435 0.288043 -0.612123 0.853344 0.670961
0.000000 -47.650578 18.651054 0.736435 0.288043 -0.612123 0.867636 0.670961
-2.799999 -48.147949 18.335415 -0.736436 0.431222 -0.521257 0.853337 0.673564
0.000000 -48.147949 18.335415 0.736436 0.431222 -0.521257 0.867628 0.673564
-2.799999 -48.551189 17.906004 -0.736435 0.547307 -0.397641 0.726109 0.798781
-2.799999 -48.147949 18.335415 -0.736436 0.431222 -0.521257 0.726157 0.796586
0.000000 -48.147949 18.335415 0.736436 0.431222 -0.521257 0.740445 0.796586
0.000000 -48.551189 17.906004 0.736435 0.547308 -0.397641 0.740396 0.798782
-2.799999 -48.834972 17.389807 -0.736435 0.629001 -0.249042 0.726075 0.801419
0.000000 -48.834972 17.389807 0.736435 0.629001 -0.249042 0.740362 0.801419
-2.799999 -48.981472 16.819244 -0.736436 0.671172 -0.084791 0.726057 0.804332
0.000000 -48.981472 16.819244 0.736436 0.671172 -0.084791 0.740344 0.804333
-2.799999 -48.981472 16.230175 -0.736437 0.671171 0.084793 0.726057 0.807339
0.000000 -48.981472 16.230175 0.736437 0.671171 0.084793 0.740344 0.807340
0.000000 -48.834972 15.659625 0.736433 0.629003 0.249041 0.740362 0.810250
-2.799999 -48.834972 15.659625 -0.736433 0.629003 0.249041 0.726075 0.810250
0.000000 -48.551189 15.143414 0.736436 0.547308 0.397637 0.740396 0.812882
-2.799999 -48.551189 15.143414 -0.736436 0.547308 0.397637 0.726109 0.812882
-2.799999 -48.147949 14.714005 -0.736436 0.431222 0.521257 0.726157 0.815070
0.000000 -48.147949 14.714005 0.736436 0.431222 0.521257 0.740445 0.815070
-2.799999 -48.147949 14.714005 -0.736436 0.431222 0.521257 0.086946 0.821286
0.000000 -48.147949 14.714005 0.736436 0.431222 0.521257 0.101238 0.821286
0.000000 -47.650578 14.398364 0.736435 0.288043 0.612123 0.101245 0.823885
-2.799999 -47.650578 14.398364 -0.736435 0.288043 0.612123 0.086954 0.823885
0.000000 -47.090351 14.216335 0.736436 0.126765 0.664525 0.101249 0.826779
-2.799999 -47.090351 14.216335 -0.736435 0.126765 0.664525 0.086958 0.826779
-2.799999 -46.502441 -18.870066 -0.736436 -0.042477 0.675172 0.853348 0.535037
0.000000 -46.502441 -18.870066 0.736436 -0.042477 0.675172 0.867639 0.535037
0.000000 -45.923809 -18.759686 0.736435 -0.209053 0.643397 0.867636 0.537967
-2.799999 -45.923809 -18.759686 -0.736435 -0.209053 0.643397 0.853345 0.537967
0.000000 -45.390812 -18.508875 0.736435 -0.362491 0.571195 0.867629 0.540635
-2.799999 -45.390812 -18.508875 -0.736435 -0.362491 0.571195 0.853338 0.540635
-2.799999 -44.936920 -18.133385 -0.736436 -0.493153 0.463100 0.853328 0.542876
-2.799999 -44.373833 -15.940285 -0.736435 -0.655254 -0.168243 0.327302 0.842728
-2.799999 -44.299999 -16.524704 -0.736437 -0.676506 0.000000 0.327295 0.845711
0.000000 -44.373833 -15.940285 0.736435 -0.655254 -0.168243 0.313013 0.842728
0.000000 -44.936920 -18.133385 0.736436 -0.493153 0.463100 0.867620 0.542876
0.000000 -44.299999 -16.524704 0.736437 -0.676506 0.000000 0.313006 0.845711
-2.799999 -44.936920 -18.133385 -0.736436 -0.493153 0.463100 0.327357 0.853922
0.000000 -44.936920 -18.133385 0.736436 -0.493153 0.463100 0.313068 0.853922
0.000000 -44.590683 -17.656824 0.736435 -0.592830 0.325909 0.313034 0.851489
-2.799999 -44.590683 -15.392585 -0.736433 -0.592833 -0.325907 0.327323 0.839933
0.000000 -44.590683 -15.392585 0.736433 -0.592833 -0.325907 0.313034 0.839933
-2.799999 -44.590683 -17.656824 -0.736435 -0.592830 0.325909 0.327323 0.851489
-2.799999 -44.373833 -17.109123 -0.736435 -0.655254 0.168243 0.327302 0.848694
0.000000 -44.373833 -17.109123 0.736435 -0.655254 0.168243 0.313013 0.848694
-2.799999 -44.936920 -14.916014 -0.736439 -0.493151 -0.463099 0.327357 0.837500
0.000000 -44.936920 -14.916014 0.736439 -0.493150 -0.463098 0.313068 0.837500
-2.799999 -45.390812 -14.540534 -0.736433 -0.362488 -0.571199 0.853338 0.724797
-2.799999 -44.936920 -14.916014 -0.736439 -0.493151 -0.463099 0.853328 0.722562
0.000000 -45.390812 -14.540534 0.736433 -0.362488 -0.571199 0.867630 0.724797
-2.799999 -45.923809 -14.289723 -0.736436 -0.209052 -0.643397 0.853345 0.727462
0.000000 -44.936920 -14.916014 0.736439 -0.493150 -0.463098 0.867619 0.722562
-2.799999 -46.502441 -14.179345 -0.736433 -0.042483 -0.675175 0.853349 0.730390
0.000000 -45.923809 -14.289723 0.736436 -0.209052 -0.643397 0.867637 0.727462
0.000000 -46.502441 -14.179345 0.736433 -0.042483 -0.675175 0.867640 0.730390
-2.799999 -47.090351 -14.216324 -0.736438 0.126761 -0.664523 0.853348 0.733396
0.000000 -47.090351 -14.216324 0.736438 0.126761 -0.664523 0.867640 0.733396
-2.799999 -47.650578 -14.398355 -0.736435 0.288044 -0.612123 0.853344 0.736291
0.000000 -47.650578 -14.398355 0.736435 0.288044 -0.612123 0.867636 0.736291
-2.799999 -48.147949 -14.713995 -0.736436 0.431222 -0.521258 0.853337 0.738895
0.000000 -48.147949 -14.713995 0.736436 0.431222 -0.521258 0.867628 0.738895
-2.799999 -48.551189 -15.143404 -0.736436 0.547308 -0.397637 0.313073 0.804789
-2.799999 -48.147949 -14.713995 -0.736436 0.431222 -0.521258 0.313121 0.802593
0.000000 -48.147949 -14.713995 0.736436 0.431222 -0.521258 0.327409 0.802594
0.000000 -48.551189 -15.143404 0.736436 0.547308 -0.397637 0.327361 0.804790
-2.799999 -48.834972 -15.659616 -0.736433 0.629003 -0.249041 0.313039 0.807427
0.000000 -48.834972 -15.659616 0.736433 0.629003 -0.249041 0.327326 0.807427
-2.799999 -48.981472 -16.230164 -0.736437 0.671171 -0.084793 0.313021 0.810340
0.000000 -48.981472 -16.230164 0.736437 0.671171 -0.084793 0.327309 0.810341
-2.799999 -48.981472 -16.819235 -0.736437 0.671172 0.084791 0.313021 0.813347
0.000000 -48.981472 -16.819235 0.736437 0.671172 0.084791 0.327309 0.813347
0.000000 -48.834972 -17.389795 0.736435 0.629001 0.249042 0.327326 0.816258
-2.799999 -48.834972 -17.389795 -0.736435 0.629001 0.249042 0.313039 0.816258
0.000000 -48.551189 -17.905993 0.736435 0.547308 0.397641 0.327361 0.818890
-2.799999 -48.551189 -17.905993 -0.736435 0.547308 0.397641 0.313073 0.818890
-2.799999 -48.147949 -18.335403 -0.736436 0.431223 0.521257 0.313121 0.821078
0.000000 -48.147949 -18.335403 0.736436 0.431223 0.521257 0.327409 0.821078
-2.799999 -48.147949 -18.335403 -0.736436 0.431223 0.521257 0.853336 0.526539
0.000000 -48.147949 -18.335403 0.736436 0.431223 0.521257 0.867628 0.526539
0.000000 -47.650578 -18.651045 0.736435 0.288044 0.612123 0.867635 0.529138
-2.799999 -47.650578 -18.651045 -0.736435 0.288044 0.612123 0.853344 0.529138
0.000000 -47.090351 -18.833075 0.736435 0.126767 0.664525 0.867639 0.532031
-2.799999 -47.090351 -18.833075 -0.736435 0.126767 0.664525 0.853348 0.532031
-2.799999 -12.202442 -25.119497 -0.736436 -0.042479 0.675172 0.853348 0.600386
0.000000 -12.202442 -25.119497 0.736436 -0.042479 0.675172 0.867639 0.600386
0.000000 -11.623811 -25.009115 0.736435 -0.209055 0.643396 0.867636 0.603315
-2.799999 -11.623811 -25.009115 -0.736435 -0.209055 0.643396 0.853345 0.603315
0.000000 -11.090812 -24.758303 0.736435 -0.362490 0.571196 0.867629 0.605984
-2.799999 -11.090812 -24.758303 -0.736434 -0.362490 0.571197 0.853338 0.605984
-2.799999 -10.636922 -24.382820 -0.736437 -0.493150 0.463101 0.853328 0.608224
-2.799999 -10.073830 -22.189716 -0.736436 -0.655254 -0.168240 0.043109 0.826700
-2.799999 -10.000002 -22.774136 -0.736435 -0.676509 -0.000000 0.043102 0.829683
0.000000 -10.073830 -22.189716 0.736436 -0.655254 -0.168240 0.028820 0.826700
0.000000 -10.636922 -24.382820 0.736437 -0.493150 0.463101 0.867619 0.608224
0.000000 -10.000002 -22.774136 0.736435 -0.676509 0.000000 0.028813 0.829683
-2.799999 -10.636922 -24.382820 -0.736437 -0.493150 0.463101 0.043164 0.837894
0.000000 -10.636922 -24.382820 0.736437 -0.493150 0.463101 0.028875 0.837894
0.000000 -10.290682 -23.906256 0.736434 -0.592830 0.325910 0.028841 0.835461
-2.799999 -10.290682 -21.642014 -0.736434 -0.592831 -0.325908 0.043130 0.823904
0.000000 -10.290682 -21.642014 0.736434 -0.592831 -0.325908 0.028841 0.823904
-2.799999 -10.290682 -23.906256 -0.736434 -0.592830 0.325910 0.043130 0.835461
-2.799999 -10.073830 -23.358555 -0.736436 -0.655253 0.168241 0.043109 0.832666
0.000000 -10.073830 -23.358555 0.736436 -0.655253 0.168241 0.028820 0.832666
-2.799999 -10.636922 -21.165443 -0.736439 -0.493150 -0.463100 0.043164 0.821472
0.000000 -10.636922 -21.165443 0.736439 -0.493150 -0.463100 0.028875 0.821472
-2.799999 -11.090812 -20.789965 -0.736434 -0.362487 -0.571199 0.853338 0.675799
-2.799999 -10.636922 -21.165443 -0.736439 -0.493150 -0.463100 0.853328 0.673564
0.000000 -11.090812 -20.789965 0.736434 -0.362487 -0.571199 0.867630 0.675799
-2.799999 -11.623811 -20.539156 -0.736435 -0.209052 -0.643398 0.853345 0.678464
0.000000 -10.636922 -21.165443 0.736439 -0.493150 -0.463100 0.867619 0.673564
-2.799999 -12.202442 -20.428776 -0.736434 -0.042483 -0.675174 0.853349 0.681392
0.000000 -11.623811 -20.539156 0.736435 -0.209052 -0.643398 0.867637 0.678464
0.000000 -12.202442 -20.428776 0.736434 -0.042483 -0.675174 0.867640 0.681392
-2.799999 -12.790352 -20.465755 -0.736437 0.126760 -0.664524 0.853348 0.684398
0.000000 -12.790352 -20.465755 0.736437 0.126760 -0.664524 0.867640 0.684398
-2.799999 -13.350582 -20.647785 -0.736436 0.288043 -0.612123 0.853344 0.687293
0.000000 -13.350582 -20.647785 0.736435 0.288043 -0.612123 0.867636 0.687293
-2.799999 -13.847951 -20.963425 -0.736436 0.431223 -0.521257 0.853337 0.689897
0.000000 -13.847951 -20.963425 0.736436 0.431223 -0.521257 0.867628 0.689897
-2.799999 -14.251191 -21.392836 -0.736437 0.547309 -0.397636 0.269909 0.786304
-2.799999 -13.847951 -20.963425 -0.736436 0.431223 -0.521257 0.269958 0.784109
0.000000 -13.847951 -20.963425 0.736436 0.431223 -0.521257 0.284245 0.784109
0.000000 -14.251191 -21.392836 0.736437 0.547309 -0.397636 0.284197 0.786305
-2.799999 -14.534970 -21.909044 -0.736432 0.629004 -0.249041 0.269875 0.788942
0.000000 -14.534970 -21.909044 0.736432 0.629004 -0.249041 0.284163 0.788943
-2.799999 -14.681472 -22.479595 -0.736437 0.671171 -0.084794 0.269858 0.791856
0.000000 -14.681472 -22.479595 0.736437 0.671171 -0.084794 0.284145 0.791856
-2.799999 -14.681472 -23.068666 -0.736437 0.671172 0.084792 0.269858 0.794862
0.000000 -14.681472 -23.068666 0.736437 0.671172 0.084792 0.284145 0.794863
0.000000 -14.534970 -23.639227 0.736433 0.629003 0.249041 0.284163 0.797774
-2.799999 -14.534970 -23.639227 -0.736433 0.629003 0.249041 0.269875 0.797773
0.000000 -14.251191 -24.155428 0.736436 0.547308 0.397638 0.284197 0.800406
-2.799999 -14.251191 -24.155428 -0.736436 0.547308 0.397638 0.269909 0.800405
-2.799999 -13.847951 -24.584839 -0.736436 0.431222 0.521257 0.269958 0.802593
0.000000 -13.847951 -24.584839 0.736436 0.431222 0.521257 0.284245 0.802594
-2.799999 -13.847951 -24.584839 -0.736436 0.431222 0.521257 0.853336 0.591887
0.000000 -13.847951 -24.584839 0.736436 0.431222 0.521257 0.867628 0.591887
0.000000 -13.350582 -24.900476 0.736435 0.288043 0.612123 0.867635 0.594486
-2.799999 -13.350582 -24.900476 -0.736435 0.288043 0.612123 0.853344 0.594486
0.000000 -12.790352 -25.082508 0.736436 0.126766 0.664525 0.867639 0.597380
-2.799999 -12.790352 -25.082508 -0.736436 0.126766 0.664525 0.853348 0.597380
-2.799999 -12.202442 20.428776 -0.736438 -0.042482 0.675170 0.853348 0.584049
0.000000 -12.202442 20.428776 0.736438 -0.042482 0.675170 0.867639 0.584049
0.000000 -11.623811 20.539165 0.736434 -0.209058 0.643397 0.867636 0.586978
-2.799999 -11.623811 20.539165 -0.736434 -0.209058 0.643397 0.853345 0.586978
0.000000 -11.090812 20.789976 0.736434 -0.362488 0.571199 0.867629 0.589647
-2.799999 -11.090812 20.789976 -0.736434 -0.362488 0.571199 0.853338 0.589647
-2.799999 -10.636922 21.165455 -0.736438 -0.493149 0.463101 0.853328 0.591887
-2.799999 -10.073830 23.358566 -0.736436 -0.655253 -0.168241 0.129845 0.842936
-2.799999 -10.000002 22.774147 -0.736435 -0.676509 0.000000 0.129838 0.845919
0.000000 -10.073830 23.358566 0.736436 -0.655253 -0.168241 0.115556 0.842936
0.000000 -10.636922 21.165455 0.736438 -0.493149 0.463101 0.867620 0.591887
0.000000 -10.000002 22.774147 0.736435 -0.676509 0.000000 0.115549 0.845919
-2.799999 -10.636922 21.165455 -0.736438 -0.493149 0.463101 0.129900 0.854130
0.000000 -10.636922 21.165455 0.736438 -0.493149 0.463101 0.115611 0.854130
0.000000 -10.290682 21.642023 0.736434 -0.592831 0.325908 0.115577 0.851697
-2.799999 -10.290682 23.906267 -0.736435 -0.592828 -0.325912 0.129866 0.840140
0.000000 -10.290682 23.906267 0.736435 -0.592828 -0.325912 0.115577 0.840140
-2.799999 -10.290682 21.642023 -0.736434 -0.592831 0.325908 0.129866 0.851697
-2.799999 -10.073830 22.189728 -0.736436 -0.655254 0.168240 0.129845 0.848902
0.000000 -10.073830 22.189728 0.736436 -0.655254 0.168240 0.115556 0.848902
-2.799999 -10.636922 24.382824 -0.736435 -0.493153 -0.463102 0.129900 0.837708
0.000000 -10.636922 24.382824 0.736435 -0.493153 -0.463102 0.115611 0.837708
-2.799999 -11.090812 24.758314 -0.736436 -0.362490 -0.571194 0.853338 0.643134
-2.799999 -10.636922 24.382824 -0.736435 -0.493153 -0.463102 0.853328 0.640899
0.000000 -11.090812 24.758314 0.736437 -0.362490 -0.571194 0.867630 0.643134
-2.799999 -11.623811 25.009123 -0.736435 -0.209052 -0.643398 0.853345 0.645799
0.000000 -10.636922 24.382824 0.736435 -0.493153 -0.463102 0.867619 0.640899
-2.799999 -12.202442 25.119503 -0.736435 -0.042479 -0.675173 0.853349 0.648727
0.000000 -11.623811 25.009123 0.736435 -0.209052 -0.643398 0.867637 0.645799
0.000000 -12.202442 25.119503 0.736435 -0.042479 -0.675173 0.867640 0.648727
-2.799999 -12.790352 25.082516 -0.736436 0.126764 -0.664525 0.853348 0.651733
0.000000 -12.790352 25.082516 0.736436 0.126764 -0.664525 0.867640 0.651733
-2.799999 -13.350582 24.900486 -0.736435 0.288043 -0.612123 0.853344 0.654628
0.000000 -13.350582 24.900486 0.736435 0.288043 -0.612123 0.867636 0.654628
-2.799999 -13.847951 24.584846 -0.736436 0.431223 -0.521257 0.853337 0.657231
0.000000 -13.847951 24.584846 0.736436 0.431223 -0.521257 0.867628 0.657231
-2.799999 -14.251191 24.155436 -0.736436 0.547308 -0.397638 0.319023 0.786304
-2.799999 -13.847951 24.584846 -0.736436 0.431223 -0.521257 0.319072 0.784109
0.000000 -13.847951 24.584846 0.736436 0.431223 -0.521257 0.333359 0.784109
0.000000 -14.251191 24.155436 0.736436 0.547308 -0.397638 0.333311 0.786305
-2.799999 -14.534970 23.639235 -0.736433 0.629003 -0.249041 0.318989 0.788942
0.000000 -14.534970 23.639235 0.736433 0.629003 -0.249041 0.333276 0.788942
-2.799999 -14.681472 23.068676 -0.736437 0.671171 -0.084793 0.318971 0.791855
0.000000 -14.681472 23.068676 0.736437 0.671171 -0.084793 0.333259 0.791856
-2.799999 -14.681472 22.479614 -0.736437 0.671171 0.084793 0.318971 0.794862
0.000000 -14.681472 22.479614 0.736437 0.671171 0.084793 0.333259 0.794863
0.000000 -14.534970 21.909056 0.736432 0.629004 0.249040 0.333276 0.797773
-2.799999 -14.534970 21.909056 -0.736432 0.629004 0.249040 0.318989 0.797773
0.000000 -14.251191 21.392847 0.736437 0.547309 0.397636 0.333311 0.800406
-2.799999 -14.251191 21.392847 -0.736436 0.547309 0.397636 0.319023 0.800405
-2.799999 -13.847951 20.963436 -0.736436 0.431223 0.521257 0.319072 0.802593
0.000000 -13.847951 20.963436 0.736436 0.431223 0.521257 0.333359 0.802593
-2.799999 -13.847951 20.963436 -0.736436 0.431223 0.521257 0.853336 0.575550
0.000000 -13.847951 20.963436 0.736436 0.431223 0.521257 0.867628 0.575550
0.000000 -13.350582 20.647797 0.736435 0.288043 0.612123 0.867635 0.578149
-2.799999 -13.350582 20.647797 -0.736435 0.288043 0.612123 0.853344 0.578149
0.000000 -12.790352 20.465767 0.736435 0.126767 0.664525 0.867639 0.581043
-2.799999 -12.790352 20.465767 -0.736435 0.126767 0.664525 0.853348 0.581043
1.107190 2.679113 30.647146 -0.997929 -0.063021 0.012904 0.172138 0.460076
2.200000 2.799999 30.550005 -0.184425 0.980869 0.062316 0.171567 0.454498
2.200000 2.645303 30.674303 -0.580978 -0.215871 0.784771 0.172330 0.454498
12.717061 -2.491139 10.414215 0.111825 -0.820022 0.561302 0.780165 0.061722
12.660722 -1.908068 11.000006 0.045588 -0.374772 0.925996 0.777175 0.061492
11.375603 -2.097454 11.000006 0.069191 -0.355603 0.932073 0.777175 0.054915
12.717061 -2.491139 10.414215 0.111825 -0.820022 0.561302 0.176055 0.465857
11.375603 -2.097454 11.000006 0.069191 -0.355603 0.932073 0.172927 0.459463
10.529969 -2.902891 10.414215 0.224158 -0.792587 0.567061 0.176055 0.454498
10.529969 -2.902891 10.414215 0.224158 -0.792587 0.567061 0.175917 0.492252
11.375603 -2.097454 11.000006 0.069191 -0.355603 0.932073 0.172927 0.496646
10.115791 -2.414148 11.000006 0.111342 -0.353187 0.928904 0.172927 0.490186
8.451521 -3.698554 10.414215 0.362572 -0.740298 0.566128 0.777375 0.587702
10.529969 -2.902891 10.414215 0.224158 -0.792587 0.567061 0.782295 0.597939
6.548654 -4.852451 10.414215 0.488334 -0.664548 0.565603 0.774361 0.576754
4.882377 -6.327543 10.414215 0.599436 -0.566467 0.565501 0.773351 0.565445
3.506243 -8.076433 10.414215 0.691221 -0.450172 0.565296 0.774376 0.554139
2.464451 -10.042932 10.414215 0.760503 -0.321687 0.564050 0.777404 0.543199
1.841552 -11.942871 10.414215 0.803576 -0.193383 0.562910 0.781752 0.533975
1.841552 -11.942871 10.414215 0.803576 -0.193383 0.562910 0.175917 0.480553
1.399178 -11.319112 11.000006 0.352387 -0.104029 0.930055 0.172927 0.483701
1.109485 -12.585402 11.000006 0.360721 -0.061306 0.930657 0.172927 0.477215
1.531754 -13.918141 10.414215 0.823916 -0.090868 0.559379 0.787526 0.525569
12.717061 -2.491139 -10.414206 0.111825 -0.820021 -0.561302 0.886476 0.061722
12.660722 -1.908068 -10.999994 0.045588 -0.374771 -0.925996 0.889466 0.061492
11.375603 -2.097454 -10.999994 0.069190 -0.355602 -0.932073 0.889466 0.054915
10.115791 -2.414148 -10.999994 0.111342 -0.353186 -0.928904 0.172927 0.503106
11.375603 -2.097454 -10.999994 0.069190 -0.355602 -0.932073 0.172927 0.496646
10.529969 -2.902891 -10.414206 0.224158 -0.792587 -0.567062 0.175917 0.501040
11.375603 -2.097454 -10.999994 0.069190 -0.355602 -0.932073 0.172927 0.472253
12.717061 -2.491139 -10.414206 0.111825 -0.820021 -0.561302 0.176047 0.465857
10.529969 -2.902891 -10.414206 0.224158 -0.792587 -0.567062 0.176047 0.477215
10.529969 -2.902891 -10.414206 0.224158 -0.792587 -0.567062 0.782287 0.772680
8.451521 -3.698554 -10.414206 0.362572 -0.740297 -0.566129 0.777368 0.782917
6.548654 -4.852451 -10.414206 0.488333 -0.664547 -0.565604 0.774354 0.793864
4.882377 -6.327543 -10.414206 0.599436 -0.566467 -0.565502 0.773344 0.805173
3.506243 -8.076433 -10.414206 0.691221 -0.450171 -0.565296 0.774370 0.816478
2.464451 -10.042932 -10.414206 0.760503 -0.321687 -0.564050 0.777398 0.827416
1.109485 -12.585402 -10.999994 0.360720 -0.061306 -0.930657 0.172927 0.490186
1.399178 -11.319112 -10.999994 0.352386 -0.104028 -0.930055 0.172927 0.483701
1.841552 -11.942871 -10.414206 0.803576 -0.193383 -0.562911 0.175917 0.486849
1.841552 -11.942871 -10.414206 0.803576 -0.193383 -0.562911 0.781746 0.836640
1.531754 -13.918141 -10.414206 0.823916 -0.090868 -0.559379 0.787520 0.845044
3.136136 -12.634201 -6.999994 0.960479 -0.196430 -0.197218 0.464214 0.515785
3.136136 -12.634201 7.000005 0.960479 -0.196430 0.197218 0.535672 0.515785
3.505651 -11.280380 -6.999994 0.922136 -0.331188 -0.199946 0.464214 0.508847
3.505651 -11.280380 7.000005 0.922136 -0.331188 0.199946 0.535672 0.508847
4.370443 -9.372789 -6.999994 0.849533 -0.487559 -0.201446 0.464214 0.499043
4.370443 -9.372789 7.000005 0.849533 -0.487559 0.201446 0.535672 0.499043
5.581114 -7.663712 -6.999994 0.741766 -0.639827 -0.201010 0.464214 0.490224
5.581114 -7.663712 7.000005 0.741766 -0.639827 0.201010 0.797591 0.024802
5.581114 -7.663712 -6.999994 0.741766 -0.639827 -0.201010 0.869049 0.024802
7.093772 -6.215073 -6.999994 0.607074 -0.768950 -0.200443 0.869049 0.032662
5.581114 -7.663712 7.000005 0.741766 -0.639827 0.201010 0.535672 0.490224
7.093772 -6.215073 7.000005 0.607074 -0.768950 0.200443 0.797591 0.032662
8.853592 -5.079403 -6.999994 0.450312 -0.870243 -0.199741 0.869049 0.041754
8.853592 -5.079403 7.000005 0.450312 -0.870243 0.199741 0.797591 0.041754
10.796889 -4.297834 -6.999994 0.277136 -0.940019 -0.198898 0.869049 0.051747
10.796889 -4.297834 7.000005 0.277136 -0.940019 0.198899 0.797591 0.051747
1.531754 -13.918141 10.414215 0.823916 -0.090868 0.559379 0.553098 0.522465
1.531754 -13.918141 -10.414206 0.823916 -0.090868 -0.559379 0.446787 0.522465
10.529969 -2.902891 10.414215 0.224158 -0.792587 0.567061 0.780165 0.050521
8.451521 -3.698554 10.414215 0.362572 -0.740298 0.566128 0.780165 0.039837
6.548654 -4.852451 10.414215 0.488334 -0.664548 0.565603 0.780165 0.030014
4.882377 -6.327543 10.414215 0.599436 -0.566467 0.565501 0.780165 0.021366
3.506243 -8.076433 10.414215 0.691221 -0.450172 0.565296 0.553098 0.492495
4.882377 -6.327543 10.414215 0.599436 -0.566467 0.565501 0.553098 0.483461
2.464451 -10.042932 10.414215 0.760503 -0.321687 0.564050 0.553098 0.502614
1.841552 -11.942871 10.414215 0.803576 -0.193383 0.562910 0.553098 0.512360
10.529969 -2.902891 -10.414206 0.224158 -0.792587 -0.567062 0.886476 0.050521
8.451521 -3.698554 -10.414206 0.362572 -0.740297 -0.566129 0.886476 0.039837
6.548654 -4.852451 -10.414206 0.488333 -0.664547 -0.565604 0.886476 0.030014
4.882377 -6.327543 -10.414206 0.599436 -0.566467 -0.565502 0.886476 0.021366
3.506243 -8.076433 -10.414206 0.691221 -0.450171 -0.565296 0.446787 0.492495
4.882377 -6.327543 -10.414206 0.599436 -0.566467 -0.565502 0.446787 0.483461
2.464451 -10.042932 -10.414206 0.760503 -0.321687 -0.564050 0.446787 0.502614
1.841552 -11.942871 -10.414206 0.803576 -0.193383 -0.562911 0.446787 0.512360
3 0 1 2
3 3 4 1
3 3 0 5
3 3 1 0
3 6 5 7
3 6 3 5
3 8 6 7
3 9 7 10
3 9 8 7
3 11 1 4
3 11 4 12
3 13 12 14
3 13 11 12
3 15 13 14
3 16 17 18
3 19 16 20
3 16 18 20
3 4 3 21
3 19 20 22
3 4 21 23
3 12 4 24
3 4 23 24
3 14 12 25
3 12 24 25
3 2 1 11
3 26 11 13
3 26 13 15
3 26 2 11
3 27 26 15
3 28 29 30
3 28 31 29
3 28 32 31
3 33 34 35
3 33 36 34
3 33 30 36
3 33 28 30
3 37 38 39
3 37 40 38
3 37 35 40
3 37 39 41
3 37 42 33
3 37 33 35
3 43 44 32
3 43 32 28
3 45 46 42
3 45 42 37
3 47 43 28
3 48 49 46
3 48 46 45
3 50 51 52
3 50 47 51
3 53 52 54
3 53 54 49
3 53 49 48
3 53 50 52
3 43 17 44
3 28 55 47
3 47 55 51
3 56 57 58
3 56 59 57
3 60 58 61
3 60 56 58
3 62 0 2
3 63 60 61
3 64 2 26
3 64 62 2
3 65 26 27
3 66 64 26
3 66 26 65
3 67 66 65
3 68 69 70
3 71 70 72
3 71 68 70
3 73 72 74
3 73 71 72
3 75 74 76
3 75 73 74
3 77 75 76
3 78 76 79
3 80 81 82
3 78 77 76
3 83 82 84
3 83 80 82
3 85 84 86
3 85 83 84
3 87 86 88
3 87 85 86
3 89 87 88
3 10 88 9
3 10 89 88
3 90 91 92
3 91 93 92
3 93 94 92
3 95 96 97
3 96 98 97
3 98 90 97
3 90 92 97
3 99 100 101
3 100 102 101
3 102 103 101
3 103 95 101
3 97 104 101
3 95 97 101
3 94 105 59
3 92 94 59
3 104 106 107
3 101 104 107
3 92 59 108
3 106 109 110
3 107 106 110
3 111 112 113
3 112 108 113
3 114 111 115
3 109 114 115
3 110 109 115
3 111 113 115
3 105 57 59
3 108 116 92
3 112 116 108
3 117 118 119
3 120 121 122
3 123 124 125
3 126 127 128
3 123 125 129
3 126 128 130
3 131 117 132
3 133 134 135
3 136 134 137
3 131 132 138
3 139 140 127
3 136 135 134
3 141 134 133
3 142 124 123
3 142 143 124
3 139 127 126
3 144 126 130
3 145 136 137
3 146 131 138
3 147 148 140
3 149 134 141
3 150 145 137
3 146 138 151
3 152 134 149
3 147 140 139
3 153 143 142
3 154 150 137
3 153 155 143
3 156 144 130
3 157 158 159
3 157 159 121
3 157 121 120
3 160 146 151
3 161 155 153
3 162 163 148
3 161 164 155
3 162 148 147
3 165 160 151
3 165 151 166
3 167 156 130
3 168 164 161
3 169 170 163
3 171 166 172
3 169 163 162
3 171 165 166
3 173 158 157
3 174 167 130
3 175 134 152
3 175 152 176
3 175 176 177
3 175 177 178
3 175 178 179
3 175 179 180
3 175 180 181
3 182 183 170
3 182 170 169
3 184 175 181
3 185 174 130
3 186 168 187
3 188 189 190
3 186 187 191
3 186 191 192
3 186 192 193
3 194 195 183
3 186 193 196
3 186 164 168
3 194 183 182
3 197 189 188
3 186 198 199
3 186 199 200
3 186 200 201
3 186 201 202
3 197 203 189
3 186 202 164
3 204 205 206
3 204 206 171
3 204 186 196
3 207 154 137
3 207 188 190
3 204 196 208
3 204 172 209
3 207 190 154
3 204 208 210
3 204 210 211
3 204 211 205
3 204 171 172
3 204 209 212
3 213 203 197
3 67 65 214
3 67 214 215
3 213 216 203
3 67 215 217
3 67 217 218
3 67 218 219
3 67 219 220
3 220 219 221
3 186 158 222
3 186 222 223
3 224 207 137
3 186 223 198
3 198 223 225
3 222 158 173
3 226 216 213
3 226 227 216
3 228 224 137
3 229 227 226
3 229 230 227
3 231 230 229
3 231 232 230
3 233 232 231
3 233 234 232
3 235 234 233
3 235 236 234
3 215 237 217
3 238 214 65
3 239 236 235
3 240 237 215
3 240 241 237
3 242 238 65
3 243 241 240
3 243 244 241
3 212 245 246
3 212 246 247
3 212 247 248
3 212 248 185
3 212 249 250
3 212 250 245
3 25 175 184
3 212 185 130
3 25 236 239
3 25 239 251
3 25 251 252
3 25 184 236
3 25 252 253
3 25 253 254
3 25 254 255
3 256 242 65
3 257 258 259
3 260 244 243
3 260 261 244
3 262 256 65
3 263 264 258
3 263 258 257
3 265 257 259
3 265 259 266
3 267 261 260
3 267 268 261
3 269 264 263
3 270 65 27
3 269 271 264
3 270 262 65
3 272 265 266
3 272 266 273
3 274 268 267
3 274 275 268
3 276 271 269
3 277 270 27
3 276 25 255
3 276 255 271
3 278 272 273
3 279 275 274
3 280 25 276
3 279 281 275
3 282 277 27
3 283 25 280
3 284 285 281
3 284 281 279
3 286 25 283
3 287 282 27
3 288 289 285
3 288 285 284
3 290 25 286
3 291 289 288
3 292 25 290
3 293 67 294
3 295 294 67
3 296 67 293
3 297 295 67
3 298 299 300
3 301 67 296
3 302 67 301
3 303 14 299
3 303 299 298
3 304 297 67
3 305 195 194
3 305 300 195
3 305 298 300
3 305 194 306
3 307 302 301
3 308 14 303
3 309 305 306
3 309 306 310
3 220 304 67
3 311 15 14
3 312 302 307
3 311 14 308
3 313 309 310
3 313 310 314
3 315 302 312
3 316 273 317
3 318 15 311
3 319 314 320
3 319 320 321
3 322 278 273
3 319 313 314
3 322 273 316
3 323 15 318
3 324 319 321
3 324 321 325
3 326 317 327
3 326 316 317
3 328 27 15
3 329 278 322
3 328 15 323
3 330 324 325
3 329 331 278
3 330 325 332
3 333 302 315
3 334 326 327
3 334 327 228
3 335 249 212
3 336 331 329
3 335 330 332
3 335 332 249
3 336 337 331
3 338 158 302
3 338 302 333
3 339 335 212
3 340 341 337
3 340 337 336
3 209 339 212
3 342 158 338
3 343 341 340
3 343 344 341
3 345 346 347
3 348 158 342
3 349 344 343
3 349 350 344
3 351 352 346
3 351 346 345
3 159 158 348
3 353 345 347
3 353 347 287
3 353 287 27
3 354 355 352
3 354 352 351
3 356 350 349
3 356 357 350
3 358 353 27
3 359 360 357
3 361 362 355
3 361 355 354
3 359 357 356
3 363 328 364
3 14 292 365
3 14 365 366
3 14 366 367
3 14 360 359
3 14 367 368
3 14 368 369
3 14 369 370
3 14 370 360
3 363 358 27
3 363 27 328
3 14 25 292
3 371 372 362
3 371 362 361
3 373 14 359
3 374 363 364
3 374 364 375
3 299 14 373
3 376 291 372
3 376 372 371
3 377 374 375
3 378 289 291
3 378 291 376
3 130 128 379
3 130 379 380
3 130 380 381
3 130 381 334
3 382 289 378
3 382 383 289
3 130 228 137
3 130 334 228
3 225 223 383
3 384 385 221
3 225 383 382
3 386 385 384
3 386 387 385
3 219 384 221
3 388 387 386
3 388 389 387
3 390 391 389
3 390 389 388
3 392 393 391
3 392 391 390
3 394 395 396
3 394 375 395
3 394 397 377
3 398 393 392
3 398 399 393
3 394 377 375
3 118 396 395
3 118 395 119
3 129 125 397
3 400 399 398
3 400 122 399
3 129 397 394
3 117 119 132
3 120 122 400
3 18 17 43
3 20 18 401
3 18 43 401
3 22 20 402
3 20 401 402
3 23 21 403
3 22 402 404
3 24 23 405
3 23 403 405
3 24 405 406
3 25 24 175
3 24 406 175
3 407 408 409
3 410 411 412
3 413 414 415
3 413 415 416
3 413 416 411
3 417 409 418
3 417 418 419
3 420 411 410
3 420 413 411
3 421 48 45
3 421 45 422
3 421 419 48
3 423 407 409
3 423 409 417
3 424 425 426
3 427 414 413
3 427 413 420
3 428 422 429
3 428 429 430
3 428 421 422
3 428 417 419
3 431 175 406
3 428 419 421
3 432 433 434
3 432 435 433
3 436 417 428
3 437 438 439
3 436 428 430
3 436 423 417
3 440 424 435
3 440 441 425
3 440 425 424
3 440 435 432
3 442 434 437
3 442 432 434
3 422 45 37
3 442 437 439
3 443 441 440
3 443 440 432
3 443 432 442
3 443 442 439
3 443 439 444
3 443 444 441
3 445 441 444
3 446 401 43
3 446 402 401
3 446 43 47
3 447 404 402
3 447 402 446
3 448 47 50
3 448 50 53
3 448 446 47
3 448 447 446
3 449 405 403
3 450 404 447
3 451 447 448
3 451 450 447
3 452 406 405
3 452 405 449
3 418 451 448
3 418 448 53
3 408 450 451
3 412 452 449
3 416 415 431
3 416 431 406
3 416 406 452
3 409 408 451
3 409 451 418
3 411 452 412
3 411 416 452
3 419 53 48
3 419 418 53
3 453 69 68
3 453 68 454
3 455 456 457
3 455 457 458
3 455 458 459
3 455 459 460
3 455 460 461
3 455 461 462
3 455 462 463
3 464 454 465
3 464 453 454
3 466 465 456
3 466 456 455
3 466 464 465
3 467 468 466
3 467 466 455
3 469 468 467
3 470 469 467
3 471 470 467
3 472 471 467
3 473 472 467
3 474 473 467
3 422 37 41
3 429 422 475
3 422 41 475
3 430 429 476
3 439 438 466
3 429 475 476
3 444 439 468
3 439 466 468
3 444 468 469
3 445 444 470
3 444 469 470
3 445 470 471
3 445 471 472
3 445 472 473
3 445 473 474
3 477 478 479
3 480 477 479
3 481 482 477
3 481 483 482
3 484 485 486
3 484 486 487
3 488 486 485
3 489 490 491
3 489 492 490
3 493 480 479
3 494 484 487
3 495 483 481
3 496 486 488
3 495 497 483
3 498 494 487
3 499 492 489
3 500 486 496
3 501 502 497
3 503 498 487
3 501 497 495
3 504 486 500
3 505 502 501
3 506 503 487
3 505 507 502
3 508 509 510
3 511 486 504
3 508 512 513
3 514 506 487
3 515 512 508
3 516 507 505
3 516 517 507
3 518 515 508
3 519 517 516
3 519 520 517
3 521 518 508
3 522 520 519
3 522 523 520
3 524 525 526
3 524 527 528
3 529 521 508
3 524 530 527
3 524 531 530
3 524 532 531
3 524 526 532
3 533 523 522
3 534 535 536
3 534 537 492
3 534 538 537
3 539 529 508
3 534 540 538
3 534 492 499
3 534 541 540
3 534 542 541
3 534 536 542
3 543 514 487
3 544 545 546
3 544 547 545
3 544 548 547
3 549 543 487
3 550 514 543
3 550 551 514
3 544 546 535
3 552 553 554
3 552 555 553
3 552 556 555
3 552 557 556
3 552 558 557
3 552 499 558
3 559 549 487
3 552 534 499
3 560 551 550
3 561 562 539
3 560 563 551
3 561 564 562
3 561 565 564
3 561 566 565
3 561 567 566
3 568 569 570
3 571 523 533
3 572 568 570
3 573 559 487
3 571 567 561
3 572 570 574
3 571 575 567
3 571 576 575
3 571 577 523
3 571 533 576
3 578 579 563
3 580 569 568
3 578 563 560
3 581 539 508
3 581 561 539
3 580 582 569
3 583 552 584
3 584 552 585
3 586 587 583
3 571 524 588
3 571 588 577
3 589 572 574
3 590 573 487
3 588 524 591
3 591 524 592
3 589 574 593
3 591 592 594
3 510 581 508
3 479 508 513
3 595 596 579
3 479 513 493
3 597 582 580
3 595 579 578
3 597 598 582
3 599 589 593
3 599 593 548
3 600 601 596
3 599 548 544
3 600 596 595
3 602 598 597
3 602 603 598
3 604 605 601
3 606 599 544
3 604 601 600
3 607 603 602
3 608 605 604
3 607 609 603
3 610 606 544
3 611 609 607
3 611 524 528
3 611 528 609
3 612 524 611
3 613 614 615
3 616 615 617
3 616 613 615
3 618 619 614
3 618 614 613
3 620 616 617
3 621 619 618
3 621 622 619
3 623 624 625
3 626 623 625
3 627 524 612
3 626 625 628
3 629 624 623
3 629 486 511
3 629 511 624
3 630 631 622
3 632 626 628
3 630 622 621
3 632 633 634
3 632 628 633
3 635 486 629
3 636 524 627
3 637 631 630
3 638 632 634
3 637 639 631
3 638 634 640
3 641 486 635
3 642 638 640
3 643 524 636
3 644 645 639
3 642 640 646
3 644 639 637
3 647 642 646
3 647 605 608
3 592 524 643
3 647 608 648
3 647 646 605
3 649 647 648
3 650 552 554
3 650 554 645
3 650 645 644
3 649 648 651
3 652 649 651
3 653 552 650
3 585 552 653
3 654 655 544
3 656 544 655
3 657 654 544
3 658 544 656
3 659 660 661
3 658 610 544
3 662 661 663
3 662 659 661
3 664 665 620
3 664 666 665
3 664 667 666
3 668 669 660
3 664 620 617
3 664 670 487
3 668 660 659
3 664 671 670
3 672 662 663
3 664 617 671
3 673 674 667
3 673 675 674
3 672 663 676
3 673 677 675
3 673 678 677
3 673 667 664
3 679 680 669
3 681 657 544
3 679 669 668
3 682 676 683
3 684 673 586
3 682 672 676
3 684 678 673
3 685 610 658
3 685 686 610
3 687 688 680
3 687 680 679
3 689 688 687
3 690 681 544
3 691 692 686
3 691 686 685
3 693 694 692
3 693 692 691
3 695 696 694
3 695 694 693
3 697 698 699
3 700 701 696
3 702 697 699
3 700 696 695
3 703 698 697
3 703 704 698
3 705 706 701
3 707 702 699
3 705 701 700
3 707 699 708
3 709 710 690
3 709 711 710
3 709 712 711
3 709 713 712
3 709 714 713
3 709 690 544
3 715 716 706
3 715 706 705
3 717 707 708
3 718 714 709
3 717 708 719
3 525 486 641
3 525 704 703
3 525 641 704
3 525 720 721
3 525 703 720
3 535 722 652
3 535 546 722
3 583 723 684
3 583 724 723
3 583 725 724
3 583 726 725
3 535 727 688
3 583 728 726
3 535 651 727
3 583 584 728
3 535 729 536
3 535 688 689
3 535 730 729
3 583 684 586
3 535 731 730
3 535 732 731
3 535 733 732
3 535 689 733
3 535 652 651
3 734 709 479
3 734 718 709
3 735 719 736
3 735 717 719
3 737 734 479
3 738 739 718
3 738 718 734
3 740 525 721
3 741 737 479
3 587 742 583
3 743 735 736
3 744 745 739
3 743 736 746
3 747 525 740
3 744 739 738
3 748 743 746
3 749 741 479
3 750 525 747
3 751 752 745
3 751 745 744
3 570 746 574
3 570 748 746
3 526 525 750
3 753 749 479
3 754 755 752
3 754 752 751
3 756 683 757
3 756 758 682
3 759 753 479
3 756 682 683
3 760 761 755
3 760 755 754
3 762 757 763
3 762 756 757
3 478 759 479
3 764 765 716
3 764 715 761
3 764 716 715
3 766 767 758
3 764 761 760
3 766 758 756
3 768 762 763
3 768 763 590
3 769 765 764
3 769 594 765
3 770 767 766
3 770 771 767
3 591 594 769
3 670 590 487
3 670 768 590
3 772 773 771
3 772 771 770
3 491 490 773
3 491 773 772
3 477 482 478
3 774 775 776
3 774 777 775
3 778 779 780
3 781 782 783
3 781 784 782
3 785 786 787
3 788 789 790
3 788 791 789
3 788 792 791
3 788 793 792
3 788 794 793
3 788 795 794
3 788 796 795
3 785 787 779
3 788 797 796
3 788 790 798
3 799 800 801
3 799 801 802
3 788 803 804
3 805 801 800
3 788 798 803
3 806 780 807
3 806 778 780
3 808 799 802
3 809 810 811
3 812 786 785
3 813 801 805
3 812 814 786
3 809 811 815
3 816 781 783
3 817 808 802
3 818 801 813
3 819 810 809
3 818 820 801
3 821 807 822
3 821 806 807
3 819 823 810
3 824 817 802
3 825 816 783
3 826 814 812
3 826 827 814
3 828 820 818
3 829 830 831
3 829 832 830
3 829 833 832
3 829 834 833
3 829 835 834
3 829 836 835
3 837 821 822
3 837 822 838
3 829 839 802
3 829 831 839
3 840 841 827
3 840 827 826
3 842 823 819
3 842 843 823
3 842 844 843
3 845 825 783
3 846 837 838
3 847 844 842
3 848 849 841
3 847 850 844
3 848 841 840
3 851 820 828
3 852 845 783
3 851 853 854
3 851 855 853
3 851 856 855
3 857 838 858
3 851 828 856
3 857 846 838
3 859 850 847
3 859 860 850
3 861 862 849
3 863 851 854
3 861 849 848
3 864 858 865
3 866 867 836
3 864 857 858
3 868 860 859
3 868 869 870
3 868 870 860
3 871 866 836
3 871 836 829
3 872 867 866
3 872 873 867
3 874 875 851
3 876 871 829
3 877 873 872
3 877 878 873
3 879 880 881
3 882 879 881
3 883 876 829
3 882 881 884
3 885 880 879
3 886 878 877
3 885 887 880
3 886 888 878
3 885 889 887
3 890 891 892
3 890 893 891
3 890 894 893
3 895 824 802
3 890 896 894
3 890 861 896
3 895 882 884
3 890 897 862
3 895 884 824
3 890 898 897
3 890 899 898
3 900 889 885
3 890 901 899
3 902 883 829
3 890 862 861
3 903 869 868
3 904 905 864
3 904 906 905
3 900 907 889
3 904 908 906
3 904 909 908
3 904 910 909
3 904 911 910
3 912 888 886
3 904 892 911
3 904 865 913
3 839 895 802
3 904 864 865
3 904 913 914
3 904 890 892
3 912 915 888
3 916 782 917
3 918 907 900
3 917 782 919
3 920 921 916
3 890 869 901
3 901 869 922
3 923 902 829
3 922 869 924
3 924 869 903
3 875 820 851
3 925 851 863
3 925 863 926
3 918 927 907
3 928 915 912
3 928 929 915
3 930 927 918
3 930 931 927
3 930 932 931
3 933 932 930
3 916 921 934
3 925 932 933
3 925 935 932
3 925 926 935
3 936 937 783
3 925 938 939
3 925 940 938
3 941 852 783
3 925 933 940
3 941 783 937
3 942 925 939
3 943 783 944
3 943 936 783
3 945 852 941
3 945 946 852
3 947 943 944
3 914 923 829
3 914 948 923
3 914 949 948
3 797 925 942
3 914 950 949
3 914 951 950
3 797 952 953
3 797 954 952
3 797 955 954
3 797 942 955
3 956 946 945
3 957 951 914
3 958 959 960
3 958 960 961
3 962 947 944
3 963 960 959
3 963 964 960
3 965 957 914
3 966 958 961
3 967 968 946
3 966 961 969
3 967 946 956
3 970 964 963
3 970 971 964
3 972 965 914
3 973 966 969
3 973 969 974
3 975 962 944
3 976 971 970
3 977 978 968
3 977 968 967
3 979 975 944
3 980 971 976
3 980 953 971
3 981 978 977
3 982 797 953
3 983 979 944
3 982 953 980
3 984 978 981
3 984 985 978
3 986 797 982
3 987 983 944
3 988 797 986
3 989 990 985
3 989 985 984
3 991 987 944
3 992 990 989
3 796 797 988
3 992 993 990
3 994 995 916
3 996 916 995
3 997 994 916
3 998 916 996
3 920 916 998
3 999 788 804
3 999 804 1000
3 917 997 916
3 1001 999 1000
3 1002 920 998
3 1001 1000 1003
3 1004 920 1002
3 1005 788 999
3 1006 1001 1003
3 1006 929 928
3 1006 1003 929
3 1006 928 1007
3 1008 788 1005
3 1009 1004 1002
3 1010 1006 1007
3 1010 1011 1012
3 1010 1007 1011
3 1013 944 788
3 1014 1004 1009
3 1013 788 1008
3 1015 1010 1012
3 1015 1012 1016
3 1017 1004 1014
3 1018 944 1013
3 1019 973 974
3 1020 1015 1016
3 1020 1016 1021
3 1022 1019 974
3 1022 974 1023
3 1024 1025 973
3 1026 944 1018
3 1027 1020 1021
3 1024 973 1019
3 1027 1028 1029
3 830 1022 1023
3 1027 1021 1028
3 830 1023 831
3 1030 1031 1025
3 1032 944 1026
3 1030 1025 1024
3 1033 1027 1029
3 1033 1029 972
3 1034 972 914
3 1034 1033 972
3 1035 869 1004
3 1035 1004 1017
3 1036 1034 914
3 1037 1038 1031
3 1037 1031 1030
3 913 1036 914
3 1039 869 1035
3 1040 1041 1038
3 1040 1038 1037
3 1042 1043 1044
3 1045 869 1039
3 1046 991 944
3 1046 1042 1044
3 1046 1044 991
3 782 1047 919
3 782 1048 1047
3 1049 1050 1043
3 1051 1052 1041
3 1049 1043 1042
3 1051 1041 1040
3 1053 1046 944
3 1054 1055 1050
3 870 869 1045
3 1054 1050 1049
3 1056 1053 944
3 1057 1058 1055
3 1057 1055 1054
3 1059 1060 1052
3 1061 1032 1062
3 1061 944 1032
3 1059 1052 1051
3 1061 1056 944
3 1063 1064 1058
3 1063 1058 1057
3 798 790 1060
3 1065 1061 1062
3 1065 1062 1066
3 1067 1064 1063
3 798 1060 1059
3 1067 992 1064
3 787 1065 1066
3 1068 992 1067
3 1068 993 992
3 1069 993 1068
3 1069 1070 993
3 922 1070 1069
3 922 924 1070
3 1071 1072 782
3 1073 782 1072
3 1073 1048 782
3 779 787 1066
3 784 1071 782
3 779 1066 780
3 815 1048 1073
3 815 1074 1048
3 815 811 1074
3 1075 820 875
3 1075 875 1076
3 1077 1076 1078
3 1077 1075 1076
3 1079 1078 1080
3 1079 1077 1078
3 1081 1079 1080
3 1082 1083 1084
3 1082 1085 1083
3 1086 1084 1087
3 1086 1082 1084
3 1088 1087 587
3 1088 1086 1087
3 586 1088 587
3 115 1089 1090
3 1091 1092 1093
3 1092 1094 1093
3 1095 1096 1097
3 1098 1095 1097
3 1099 1098 1097
3 1089 1091 1100
3 1090 1089 1100
3 1101 1099 1102
3 1103 1101 1102
3 107 1090 1104
3 1105 107 1104
3 1090 1100 1104
3 1091 1093 1106
3 1100 1091 1106
3 1107 1108 1109
3 1097 1096 1110
3 1099 1097 1110
3 1102 1099 1110
3 66 67 1111
3 1112 1105 1113
3 1114 1112 1113
3 1105 1104 1113
3 1104 1100 1113
3 1100 1106 1113
3 1115 1116 1117
3 1118 1115 1117
3 1113 1106 1119
3 1120 1121 1122
3 1114 1113 1119
3 1118 1117 1122
3 1116 1109 1123
3 1108 1124 1123
3 1109 1108 1123
3 1117 1116 1123
3 1120 1122 1125
3 1122 1117 1125
3 101 107 1105
3 1117 1123 1125
3 1126 1120 1125
3 1123 1124 1127
3 1125 1123 1127
3 1126 1125 1127
3 1124 1126 1127
3 1126 1124 1128
3 59 56 1129
3 56 60 1129
3 108 59 1129
3 113 108 1129
3 1129 60 1130
3 113 1129 1131
3 1129 1130 1131
3 60 63 1132
3 1130 60 1132
3 1131 1130 1092
3 1130 1132 1092
3 62 64 1133
3 1134 62 1133
3 115 113 1089
3 113 1131 1089
3 1092 1132 1094
3 1134 1133 1101
3 64 66 1098
3 1111 1095 1098
3 66 1111 1098
3 1133 64 1098
3 1131 1092 1091
3 1089 1131 1091
3 1133 1098 1099
3 1101 1133 1099
3 110 115 1090
3 107 110 1090
3 99 101 1105
3 1135 1105 1112
3 1135 99 1105
3 1136 1112 1114
3 456 1121 1120
3 1136 1135 1112
3 457 1120 1126
3 457 456 1120
3 458 457 1126
3 459 1126 1128
3 459 458 1126
3 460 459 1128
3 461 460 1128
3 462 461 1128
3 463 462 1128
3 1137 1138 1139
3 1140 1138 1137
3 921 920 1141
3 1142 1141 1143
3 1142 921 1141
3 1144 1143 1145
3 1144 1142 1143
3 1146 1147 1148
3 1149 1145 1150
3 1149 1144 1145
3 1151 1148 1152
3 1151 1146 1148
3 1153 1152 1154
3 1153 1151 1152
3 510 1154 581
3 510 1153 1154
3 1155 1156 1128
3 1157 1155 1124
3 1155 1128 1124
3 1158 1157 1108
3 1157 1124 1108
3 1159 1158 1107
3 1160 1161 1096
3 1158 1108 1107
3 1162 1160 1095
3 1160 1096 1095
3 1163 1162 1111
3 1162 1095 1111
3 302 1163 67
3 1163 1111 67
3 1164 1165 1166
3 1165 1167 1166
3 1168 1169 1170
3 1169 1171 1170
3 1170 1172 1168
3 1170 1173 1172
3 1174 1175 1176
3 1174 1177 1175
3 1178 1179 1180
3 1179 1181 1180
3 1182 1181 1183
3 1181 1179 1183
3 1183 1179 1184
3 1183 1184 1185
3 134 1186 137
3 445 1187 1188
3 441 445 1188
3 425 441 1189
3 441 1188 1189
3 426 425 1190
3 425 1189 1190
3 426 1190 1191
3 415 414 1192
3 414 1193 1192
3 431 415 1194
3 415 1192 1194
3 175 431 1195
3 431 1194 1195
3 175 1195 134
3 1196 1197 1198
3 1199 1196 1198
3 1200 1199 1198
3 1200 1198 1201
3 1202 1203 1204
3 1200 1201 1205
3 1203 1206 1204
3 1207 1200 1205
3 1208 1202 1209
3 1210 1211 1212
3 1202 1204 1209
3 1211 1213 1212
3 1210 1212 1214
3 1215 1208 1216
3 1217 1218 1219
3 1220 1210 1214
3 1208 1209 1216
3 1203 1220 1214
3 1203 1214 1206
3 1217 1219 1221
3 1222 1217 1223
3 1217 1221 1223
3 1224 1222 1225
3 1222 1223 1225
3 1226 1224 1227
3 1224 1225 1227
3 1228 1226 1229
3 1226 1227 1229
3 1230 1228 1231
3 1228 1229 1231
3 1232 1233 1234
3 1233 1235 1234
3 1236 1232 1237
3 1238 1236 1237
3 1232 1234 1237
3 1238 1237 1239
3 1238 1239 1240
3 1241 1238 1240
3 1242 1241 1240
3 1242 1240 1243
3 1242 1243 1244
3 1245 1242 1244
3 1246 1245 1244
3 1246 1244 1247
3 1248 1249 1250
3 1251 1248 1250
3 1251 1250 1252
3 1253 1251 1252
3 1196 1253 1252
3 1196 1252 1197
3 1254 1255 1256
3 1257 1254 1256
3 1258 1257 1256
3 1258 1256 1259
3 1260 1261 1262
3 1258 1259 1263
3 1261 1264 1262
3 1265 1258 1263
3 1266 1260 1267
3 1268 1269 1270
3 1260 1262 1267
3 1269 1271 1270
3 1268 1270 1272
3 1273 1266 1274
3 1275 1276 1277
3 1278 1268 1272
3 1266 1267 1274
3 1261 1278 1272
3 1261 1272 1264
3 1275 1277 1279
3 1280 1275 1281
3 1275 1279 1281
3 1282 1280 1283
3 1280 1281 1283
3 1284 1282 1285
3 1282 1283 1285
3 1286 1284 1287
3 1284 1285 1287
3 1288 1286 1289
3 1286 1287 1289
3 1290 1291 1292
3 1291 1293 1292
3 1294 1290 1295
3 1296 1294 1295
3 1290 1292 1295
3 1296 1295 1297
3 1296 1297 1298
3 1299 1296 1298
3 1300 1299 1298
3 1300 1298 1301
3 1300 1301 1302
3 1303 1300 1302
3 1304 1303 1302
3 1304 1302 1305
3 1306 1307 1308
3 1309 1306 1308
3 1309 1308 1310
3 1311 1309 1310
3 1254 1311 1310
3 1254 1310 1255
3 1312 1313 1314
3 1315 1312 1314
3 1316 1315 1314
3 1316 1314 1317
3 1318 1319 1320
3 1316 1317 1321
3 1319 1322 1320
3 1323 1316 1321
3 1324 1325 1326
3 1324 1326 1327
3 1328 1318 1329
3 1318 1320 1329
3 1324 1327 1330
3 1331 1324 1330
3 1332 1328 1333
3 1319 1331 1330
3 1334 1335 1336
3 1328 1329 1333
3 1319 1330 1322
3 1334 1336 1337
3 1338 1334 1339
3 1334 1337 1339
3 1340 1338 1341
3 1338 1339 1341
3 1342 1340 1343
3 1340 1341 1343
3 1344 1342 1345
3 1342 1343 1345
3 1346 1344 1347
3 1344 1345 1347
3 1348 1349 1350
3 1349 1351 1350
3 1352 1348 1353
3 1354 1352 1353
3 1348 1350 1353
3 1354 1353 1355
3 1354 1355 1356
3 1357 1354 1356
3 1358 1357 1356
3 1358 1356 1359
3 1358 1359 1360
3 1361 1358 1360
3 1362 1361 1360
3 1362 1360 1363
3 1364 1365 1366
3 1367 1364 1366
3 1368 1367 1366
3 1368 1366 1369
3 1312 1368 1369
3 1312 1369 1313
3 1370 1371 1372
3 1373 1370 1372
3 1374 1373 1372
3 1374 1372 1375
3 1376 1377 1378
3 1374 1375 1379
3 1377 1380 1378
3 1381 1374 1379
3 1382 1376 1383
3 1384 1385 1386
3 1376 1378 1383
3 1385 1387 1386
3 1384 1386 1388
3 1389 1382 1390
3 1391 1392 1393
3 1394 1384 1388
3 1382 1383 1390
3 1377 1394 1388
3 1377 1388 1380
3 1391 1393 1395
3 1396 1391 1397
3 1391 1395 1397
3 1398 1396 1399
3 1396 1397 1399
3 1400 1398 1401
3 1398 1399 1401
3 1402 1400 1403
3 1400 1401 1403
3 1404 1402 1405
3 1402 1403 1405
3 1406 1407 1408
3 1407 1409 1408
3 1410 1406 1411
3 1412 1410 1411
3 1406 1408 1411
3 1412 1411 1413
3 1412 1413 1414
3 1415 1412 1414
3 1416 1415 1414
3 1416 1414 1417
3 1416 1417 1418
3 1419 1416 1418
3 1420 1419 1418
3 1420 1418 1421
3 1422 1423 1424
3 1425 1422 1424
3 1425 1424 1426
3 1427 1425 1426
3 1370 1427 1426
3 1370 1426 1371
3 1428 1429 1430
3 1431 1428 1430
3 1432 1431 1430
3 1433 1434 1435
3 1432 1430 1436
3 1437 1433 1438
3 1432 1436 1439
3 1433 1435 1438
3 1440 1432 1439
3 1441 1437 1442
3 1437 1438 1442
3 1443 1444 1445
3 1444 1446 1445
3 1443 1445 1447
3 1441 1442 1448
3 1449 1443 1447
3 1434 1449 1447
3 1450 1451 1452
3 1434 1447 1435
3 1451 1453 1452
3 1454 1450 1455
3 1450 1452 1455
3 1456 1454 1457
3 1458 1456 1457
3 1454 1455 1457
3 1458 1457 1459
3 1460 1458 1461
3 1462 1460 1461
3 1458 1459 1461
3 1462 1461 1463
3 1464 1465 1466
3 1465 1467 1466
3 1468 1464 1469
3 1470 1468 1469
3 1464 1466 1469
3 1470 1469 1471
3 1470 1471 1472
3 1473 1470 1472
3 1473 1472 1474
3 1475 1473 1474
3 1475 1474 1476
3 1477 1475 1476
3 1477 1476 1478
3 1479 1477 1478
3 1480 1481 1482
3 1483 1480 1482
3 1483 1482 1484
3 1485 1483 1484
3 1485 1484 1429
3 1428 1485 1429
3 1486 1487 1488
3 1489 1486 1488
3 1490 1489 1488
3 1491 1492 1493
3 1490 1488 1494
3 1495 1491 1496
3 1490 1494 1497
3 1491 1493 1496
3 1498 1490 1497
3 1499 1495 1500
3 1495 1496 1500
3 1501 1502 1503
3 1502 1504 1503
3 1501 1503 1505
3 1499 1500 1506
3 1507 1501 1505
3 1492 1507 1505
3 1508 1509 1510
3 1492 1505 1493
3 1509 1511 1510
3 1512 1508 1513
3 1508 1510 1513
3 1514 1512 1515
3 1516 1514 1515
3 1512 1513 1515
3 1516 1515 1517
3 1518 1516 1519
3 1520 1518 1519
3 1516 1517 1519
3 1520 1519 1521
3 1522 1523 1524
3 1523 1525 1524
3 1526 1522 1527
3 1528 1526 1527
3 1522 1524 1527
3 1528 1527 1529
3 1528 1529 1530
3 1531 1528 1530
3 1531 1530 1532
3 1533 1531 1532
3 1533 1532 1534
3 1535 1533 1534
3 1535 1534 1536
3 1537 1535 1536
3 1538 1539 1540
3 1541 1538 1540
3 1541 1540 1542
3 1543 1541 1542
3 1543 1542 1487
3 1486 1543 1487
3 1544 1545 1546
3 1547 1544 1546
3 1548 1547 1546
3 1549 1550 1551
3 1548 1546 1552
3 1553 1549 1554
3 1548 1552 1555
3 1549 1551 1554
3 1556 1548 1555
3 1557 1553 1558
3 1553 1554 1558
3 1559 1560 1561
3 1560 1562 1561
3 1559 1561 1563
3 1557 1558 1564
3 1565 1559 1563
3 1550 1565 1563
3 1566 1567 1568
3 1550 1563 1551
3 1567 1569 1568
3 1570 1566 1571
3 1566 1568 1571
3 1572 1570 1573
3 1574 1572 1573
3 1570 1571 1573
3 1574 1573 1575
3 1576 1574 1577
3 1578 1576 1577
3 1574 1575 1577
3 1578 1577 1579
3 1580 1581 1582
3 1581 1583 1582
3 1584 1580 1585
3 1586 1584 1585
3 1580 1582 1585
3 1586 1585 1587
3 1586 1587 1588
3 1589 1586 1588
3 1589 1588 1590
3 1591 1589 1590
3 1591 1590 1592
3 1593 1591 1592
3 1593 1592 1594
3 1595 1593 1594
3 1596 1597 1598
3 1599 1596 1598
3 1599 1598 1600
3 1601 1599 1600
3 1601 1600 1545
3 1544 1601 1545
3 1602 1603 1604
3 1605 1602 1604
3 1606 1605 1604
3 1606 1604 1607
3 1608 1609 1610
3 1611 1608 1610
3 1606 1607 1612
3 1609 1613 1610
3 1614 1606 1612
3 1615 1611 1616
3 1611 1610 1616
3 1617 1618 1619
3 1618 1620 1619
3 1617 1619 1621
3 1615 1616 1622
3 1623 1617 1621
3 1609 1623 1621
3 1624 1625 1626
3 1609 1621 1613
3 1625 1627 1626
3 1628 1624 1629
3 1624 1626 1629
3 1630 1628 1631
3 1632 1630 1631
3 1628 1629 1631
3 1632 1631 1633
3 1634 1632 1635
3 1636 1634 1635
3 1632 1633 1635
3 1636 1635 1637
3 1638 1639 1640
3 1639 1641 1640
3 1642 1638 1643
3 1644 1642 1643
3 1638 1640 1643
3 1644 1643 1645
3 1644 1645 1646
3 1647 1644 1646
3 1647 1646 1648
3 1649 1647 1648
3 1649 1648 1650
3 1651 1649 1650
3 1651 1650 1652
3 1653 1651 1652
3 1654 1655 1656
3 1657 1654 1656
3 1657 1656 1658
3 1659 1657 1658
3 1659 1658 1603
3 1602 1659 1603
3 1660 1661 1662
3 1663 1660 1662
3 1664 1663 1662
3 1664 1662 1665
3 1666 1667 1668
3 1664 1665 1669
3 1667 1670 1668
3 1671 1664 1669
3 1672 1673 1674
3 1675 1666 1676
3 1673 1677 1674
3 1666 1668 1676
3 1672 1674 1678
3 1679 1672 1678
3 1680 1675 1681
3 1667 1679 1678
3 1675 1676 1681
3 1667 1678 1670
3 1682 1683 1684
3 1685 1682 1684
3 1683 1686 1684
3 1685 1684 1687
3 1688 1685 1689
3 1690 1688 1689
3 1685 1687 1689
3 1690 1689 1691
3 1692 1690 1693
3 1694 1692 1693
3 1690 1691 1693
3 1695 1696 1697
3 1694 1693 1698
3 1695 1697 1699
3 1700 1695 1701
3 1702 1700 1701
3 1695 1699 1701
3 1702 1701 1703
3 1702 1703 1704
3 1705 1702 1704
3 1706 1705 1704
3 1706 1704 1707
3 1706 1707 1708
3 1709 1706 1708
3 1710 1709 1708
3 1710 1708 1711
3 1712 1713 1714
3 1715 1712 1714
3 1716 1715 1714
3 1716 1714 1717
3 1716 1717 1661
3 1660 1716 1661
3 1718 1719 1720
3 1721 1718 1720
3 1722 1721 1720
3 1722 1720 1723
3 1724 1725 1726
3 1722 1723 1727
3 1725 1728 1726
3 1729 1722 1727
3 1730 1731 1732
3 1730 1732 1733
3 1734 1724 1735
3 1724 1726 1735
3 1730 1733 1736
3 1737 1730 1736
3 1738 1734 1739
3 1725 1737 1736
3 1740 1741 1742
3 1734 1735 1739
3 1725 1736 1728
3 1740 1742 1743
3 1744 1740 1745
3 1740 1743 1745
3 1746 1744 1747
3 1744 1745 1747
3 1748 1746 1749
3 1746 1747 1749
3 1750 1748 1751
3 1748 1749 1751
3 1752 1750 1753
3 1750 1751 1753
3 1754 1755 1756
3 1755 1757 1756
3 1758 1754 1759
3 1760 1758 1759
3 1754 1756 1759
3 1760 1759 1761
3 1760 1761 1762
3 1763 1760 1762
3 1764 1763 1762
3 1764 1762 1765
3 1764 1765 1766
3 1767 1764 1766
3 1768 1767 1766
3 1768 1766 1769
3 1770 1771 1772
3 1773 1770 1772
3 1774 1773 1772
3 1774 1772 1775
3 1718 1774 1775
3 1718 1775 1719
3 1776 1777 1778
3 1779 1776 1778
3 1780 1779 1778
3 1781 1782 1783
3 1780 1778 1784
3 1785 1781 1786
3 1780 1784 1787
3 1781 1783 1786
3 1788 1780 1787
3 1789 1785 1790
3 1785 1786 1790
3 1791 1792 1793
3 1792 1794 1793
3 1791 1793 1795
3 1789 1790 1796
3 1797 1791 1795
3 1782 1797 1795
3 1798 1799 1800
3 1782 1795 1783
3 1799 1801 1800
3 1802 1798 1803
3 1798 1800 1803
3 1804 1802 1805
3 1806 1804 1805
3 1802 1803 1805
3 1806 1805 1807
3 1808 1806 1809
3 1810 1808 1809
3 1806 1807 1809
3 1810 1809 1811
3 1812 1813 1814
3 1813 1815 1814
3 1816 1812 1817
3 1818 1816 1817
3 1812 1814 1817
3 1818 1817 1819
3 1818 1819 1820
3 1821 1818 1820
3 1821 1820 1822
3 1823 1821 1822
3 1823 1822 1824
3 1825 1823 1824
3 1825 1824 1826
3 1827 1825 1826
3 1828 1829 1830
3 1831 1828 1830
3 1831 1830 1832
3 1833 1831 1832
3 1833 1832 1777
3 1776 1833 1777
3 1834 1835 1836
3 1834 1837 1835
3 1838 1839 1840
3 1838 1840 1841
3 1834 1842 1837
3 1843 1844 1845
3 1846 1847 1848
3 1849 1844 1850
3 1849 1845 1844
3 1846 1848 1851
3 1852 1853 1842
3 1854 1844 1843
3 1852 1842 1834
3 1855 1838 1841
3 1856 1849 1850
3 1857 1847 1846
3 1858 1844 1854
3 1859 1860 1853
3 1859 1853 1852
3 1861 1856 1850
3 1857 1862 1847
3 1128 1855 1841
3 1128 1841 1863
3 1864 1844 1858
3 1865 1861 1850
3 1866 1860 1859
3 1867 1868 1869
3 1870 1855 1128
3 1867 1869 1871
3 1872 1844 1864
3 1867 1871 1873
3 1867 1873 1874
3 1875 1862 1857
3 1867 1874 1876
3 1877 1865 1850
3 1875 1878 1862
3 1879 1870 1128
3 1880 1844 1872
3 1881 1878 1875
3 1882 1879 1128
3 1883 1878 1881
3 1883 1884 1878
3 1885 1882 1128
3 1886 1884 1883
3 1886 1887 1884
3 1888 1885 1128
3 1889 1887 1886
3 1889 1890 1887
3 1891 1888 1128
3 1892 1890 1889
3 1893 1894 1895
3 1893 1895 1896
3 1897 1894 1893
3 1897 1898 1894
3 1899 1896 1900
3 1899 1893 1896
3 1901 1902 1898
3 1901 1898 1897
3 1903 1877 1850
3 1903 1850 1904
3 1156 1905 1906
3 1903 1907 1877
3 1156 1906 1908
3 1156 1908 1909
3 1156 1909 1910
3 1911 1899 1900
3 1156 1891 1128
3 1911 1900 1912
3 1913 1904 1850
3 1156 1910 1891
3 1914 1907 1903
3 1915 1892 1916
3 1915 1916 1917
3 1918 1902 1901
3 1915 1917 1905
3 1915 1890 1892
3 1915 1905 1156
3 1915 1919 1890
3 1914 1920 1907
3 1918 1921 1902
3 1915 1867 1919
3 1919 1867 1922
3 1922 1867 1923
3 1922 1923 1924
3 463 1128 1925
3 1926 1913 1850
3 1925 1128 1927
3 1927 1128 1928
3 1929 1912 1930
3 1927 1928 1931
3 1928 1128 1932
3 1929 1911 1912
3 1933 1920 1914
3 1932 1128 1934
3 1934 1128 1863
3 445 474 1935
3 445 1935 1860
3 1936 1921 1918
3 445 1860 1937
3 445 1937 1938
3 445 1938 1939
3 1933 1940 1920
3 445 1939 1941
3 1937 1860 1866
3 1936 1942 1921
3 455 1943 467
3 1944 1926 1850
3 455 1930 1945
3 455 1945 1943
3 1946 1940 1933
3 1946 1947 1940
3 1948 1942 1936
3 1949 1944 1850
3 1948 1950 1942
3 1951 1947 1946
3 1952 1950 1948
3 1951 1953 1947
3 1952 1867 1876
3 1952 1876 1950
3 1954 1953 1951
3 1955 1956 1957
3 1954 1958 1953
3 1959 1958 1954
3 1960 1961 1956
3 1960 1956 1955
3 1962 1957 1963
3 1962 1955 1957
3 463 1930 455
3 463 1929 1930
3 463 1964 1929
3 1965 1961 1960
3 1966 1867 1952
3 1967 1962 1963
3 1968 1969 1961
3 1968 1961 1965
3 1970 1971 1972
3 1970 1972 1973
3 1974 1880 1971
3 1974 1971 1970
3 1975 1973 1976
3 1977 1867 1966
3 1975 1970 1973
3 1978 1979 1969
3 1980 1880 1974
3 1980 1844 1880
3 1978 1969 1968
3 1981 1976 1982
3 1983 1867 1977
3 1984 1979 1978
3 1981 1975 1976
3 1984 1985 1979
3 1986 1844 1980
3 1923 1867 1983
3 1987 1981 1982
3 1987 1982 1988
3 1987 1988 1989
3 1990 1844 1986
3 1991 1959 1992
3 1993 1985 1984
3 1991 1958 1959
3 1991 1989 1958
3 1991 1987 1989
3 1994 1992 1995
3 1994 1991 1992
3 1996 1994 1995
3 1996 1995 1997
3 1998 1999 1985
3 1998 1985 1993
3 2000 1996 1997
3 2001 2002 1999
3 2001 1999 1998
3 2003 463 2004
3 2005 2002 2001
3 2006 2004 463
3 2007 1964 463
3 2007 463 2003
3 2008 1963 2009
3 2008 1967 1963
3 2010 2011 2012
3 2008 2013 2014
3 2008 2014 2015
3 2008 2009 1850
3 2008 2015 1967
3 2016 2011 2010
3 2016 2017 2011
3 2018 2010 2012
3 2018 2012 2019
3 2020 2006 463
3 2021 1964 2007
3 2022 2017 2016
3 2021 2023 1964
3 2022 2024 2017
3 1187 2013 2008
3 1187 2025 2026
3 2027 2019 2028
3 1187 2026 2029
3 1187 2029 2030
3 1187 2030 2013
3 2027 2018 2019
3 2031 2024 2022
3 2031 2032 2024
3 2033 2020 463
3 2034 2027 2028
3 2034 2028 2035
3 2036 2025 1187
3 2037 2023 2021
3 2038 2032 2031
3 2038 2039 2032
3 2037 2040 2023
3 2041 2039 2038
3 2042 2033 463
3 2043 2040 2037
3 2043 2044 2040
3 1925 2042 463
3 2045 2044 2043
3 2045 2046 2044
3 2047 2048 2049
3 2050 2051 2048
3 2050 2048 2047
3 2052 2046 2045
3 2052 2053 2046
3 2054 2047 2049
3 2055 2056 2053
3 2055 2053 2052
3 2057 2051 2050
3 2058 2059 2056
3 2058 2056 2055
3 2060 2049 2061
3 2060 2054 2049
3 2062 2063 2059
3 2062 2059 2058
3 2064 2061 2065
3 2064 2060 2061
3 2066 2067 1927
3 2068 2069 2067
3 2070 2065 2071
3 2068 2067 2066
3 2070 2064 2065
3 1931 2066 1927
3 1868 1844 1990
3 1868 1990 2051
3 1868 2057 2072
3 1868 2072 2073
3 1868 2051 2057
3 2074 2069 2068
3 2074 2075 2069
3 2076 1868 2073
3 2077 2034 2035
3 2074 2078 2075
3 2077 2035 2079
3 2080 2081 2034
3 2080 2034 2077
3 2082 2083 2078
3 2082 2078 2074
3 2084 2070 2071
3 2085 1868 2076
3 2086 2077 2079
3 2086 2079 1949
3 2087 2088 2089
3 2087 2089 2083
3 2087 2083 2082
3 2090 2091 2081
3 2090 2081 2080
3 474 2000 1997
3 474 2041 2092
3 474 2092 2093
3 474 2093 2094
3 474 2094 2095
3 474 1997 2039
3 474 2095 2096
3 2097 2098 2088
3 474 2096 2099
3 474 2099 1935
3 2097 2088 2087
3 474 2039 2041
3 1895 2071 1896
3 1895 2084 2071
3 2100 1868 2085
3 2101 2086 1949
3 2101 1949 1850
3 2102 2098 2097
3 2102 2062 2098
3 2103 2091 2090
3 445 2036 1187
3 445 1941 2002
3 2103 2104 2105
3 445 2005 2106
3 2103 2105 2091
3 445 2106 2107
3 445 2107 2108
3 445 2108 2109
3 445 2109 2110
3 445 2110 2036
3 445 2002 2005
3 2111 2112 2063
3 2111 2063 2062
3 2111 2062 2102
3 1869 1868 2100
3 2113 1924 2112
3 2009 2101 1850
3 2113 2112 2111
3 1922 1924 2113
3 1836 1835 2104
3 1836 2104 2103
3 467 2000 474
3 467 1943 2114
3 467 2114 2000
3 1839 1848 1840
3 1851 1848 1839
3 2115 535 534
3 2116 2115 534
3 552 2116 534
3 2117 2118 2119
3 2120 2117 2119
3 2121 2120 2119
3 2122 2121 2119
3 2123 2122 2119
3 2124 2123 2119
3 2125 2124 2126
3 2127 2125 2126
3 2128 2127 2126
3 2129 2128 2126
3 2130 2129 2126
3 2131 2130 2126
3 2132 2131 2126
3 2133 2132 2126
3 2124 2119 2126
3 2118 2134 2119
3 2133 2126 2135
3 2136 2137 2138
3 2139 2140 2137
3 2139 2137 2136
3 2141 2142 2140
3 2141 2140 2139
3 2143 2144 2142
3 2143 2142 2141
3 2145 2146 2144
3 2145 2144 2143
3 2147 2148 2149
3 2150 2147 2149
3 2151 2152 2153
3 2152 2154 2155
3 2153 2152 2155
3 2154 2156 2157
3 2155 2154 2157
3 2156 2158 2159
3 2157 2156 2159
3 2158 2160 2161
3 2159 2158 2161
3 2162 2163 2164
3 2162 2164 2165
3 2162 2165 2166
3 2162 2166 2167
3 2162 2167 2168
3 2162 2168 2169
3 2170 2169 2171
3 2170 2171 2172
3 2170 2172 2173
3 2170 2173 2174
3 2170 2174 2175
3 2170 2175 2176
3 2170 2176 2177
3 2170 2177 2178
3 2170 2162 2169
3 2162 2179 2163
3 2180 2170 2178
3 2181 479 709
3 709 544 2182
3 709 2182 2181
3 2182 535 2115
3 2182 544 535
3 2183 2115 2184
3 2183 2182 2115
3 2185 2186 2187
3 2188 2185 2187
3 788 2188 2187
3 944 2188 788
3 2189 2188 783
3 783 2188 944
3 2190 2180 2191
3 2192 2193 2194
3 2193 2195 2194
3 2195 2196 2197
3 2194 2195 2197
3 2196 2198 2199
3 2197 2196 2199
3 2199 2198 2200
3 2200 2198 2161
3 2200 2161 2160
3 2201 2202 2203
3 2201 2203 2204
3 2205 2206 2207
3 2207 2206 2208
3 2205 2209 2206
3 2205 2210 2209
3 2211 2212 2213
3 2211 2214 2212
3 2212 2215 2213
3 2212 2216 2215
3 2217 2218 2219
3 2217 2220 2218
3 2221 2222 2223
3 2222 2224 2223
3 2225 2226 2227
3 2226 2228 2229
3 2227 2226 2229
3 2228 2230 2231
3 2229 2228 2231
3 2230 2232 2233
3 2231 2230 2233
3 2232 2146 2145
3 2233 2232 2145
3 2234 2235 2135
3 797 2187 2236
3 788 2187 797
3 2237 2238 2239
3 2240 2237 2239
3 2240 2239 2241
3 2242 2240 2241
3 2243 2244 2245
3 2244 2246 2245
3 2242 2241 2247
3 2248 2242 2247
3 2249 2250 2251
3 2252 2243 2253
3 2254 2252 2253
3 2243 2245 2253
3 2249 2251 2255
3 2254 2253 2256
3 2249 2255 2257
3 2258 2249 2257
3 2244 2258 2257
3 2259 2260 2261
3 2262 2259 2261
3 2260 2263 2261
3 2244 2257 2246
3 2262 2261 2264
3 2265 2262 2266
3 2262 2264 2266
3 2267 2265 2268
3 2265 2266 2268
3 2269 2267 2270
3 2267 2268 2270
3 2271 2269 2272
3 2269 2270 2272
3 2273 2274 2275
3 2274 2276 2275
3 2277 2273 2278
3 2273 2275 2278
3 2277 2278 2279
3 2280 2277 2279
3 2280 2279 2281
3 2282 2280 2281
3 2282 2281 2283
3 2284 2282 2283
3 2285 2284 2283
3 2285 2283 2286
3 2285 2286 2287
3 2288 2285 2287
3 2289 2290 2291
3 2292 2289 2291
3 2292 2291 2293
3 2294 2292 2293
3 2294 2293 2238
3 2237 2294 2238
3 2295 2296 2297
3 2298 2295 2297
3 2298 2297 2299
3 2300 2298 2299
3 2301 2300 2299
3 2302 2303 2304
3 2301 2299 2305
3 2303 2306 2304
3 2307 2308 2309
3 2310 2302 2311
3 2312 2307 2309
3 2313 2312 2309
3 2302 2304 2311
3 2303 2313 2314
3 2313 2309 2314
3 2315 2310 2316
3 2310 2311 2316
3 2303 2314 2306
3 2317 2318 2319
3 2320 2317 2319
3 2318 2321 2319
3 2322 2320 2323
3 2320 2319 2323
3 2322 2323 2324
3 2325 2322 2326
3 2322 2324 2326
3 2327 2325 2328
3 2325 2326 2328
3 2329 2327 2330
3 2331 2332 2333
3 2327 2328 2330
3 2331 2333 2334
3 2335 2331 2336
3 2337 2335 2336
3 2331 2334 2336
3 2337 2336 2338
3 2339 2337 2338
3 2339 2338 2340
3 2339 2340 2341
3 2342 2339 2341
3 2342 2341 2343
3 2344 2342 2343
3 2345 2344 2343
3 2345 2343 2346
3 2347 2348 2349
3 2350 2347 2349
3 2350 2349 2351
3 2352 2350 2351
3 2295 2352 2351
3 2295 2351 2296
3 2353 2354 2355
3 2356 2353 2355
3 2356 2355 2357
3 2358 2356 2357
3 2359 2358 2357
3 2360 2361 2362
3 2359 2357 2363
3 2361 2364 2362
3 2365 2366 2367
3 2368 2360 2369
3 2370 2365 2367
3 2371 2370 2367
3 2360 2362 2369
3 2361 2371 2372
3 2371 2367 2372
3 2373 2368 2374
3 2368 2369 2374
3 2361 2372 2364
3 2375 2376 2377
3 2378 2375 2377
3 2376 2379 2377
3 2380 2378 2381
3 2378 2377 2381
3 2380 2381 2382
3 2383 2380 2384
3 2380 2382 2384
3 2385 2383 2386
3 2383 2384 2386
3 2387 2385 2388
3 2389 2390 2391
3 2385 2386 2388
3 2389 2391 2392
3 2393 2389 2394
3 2395 2393 2394
3 2389 2392 2394
3 2395 2394 2396
3 2397 2395 2396
3 2397 2396 2398
3 2397 2398 2399
3 2400 2397 2399
3 2400 2399 2401
3 2402 2400 2401
3 2403 2402 2401
3 2403 2401 2404
3 2405 2406 2407
3 2408 2405 2407
3 2408 2407 2409
3 2410 2408 2409
3 2353 2410 2409
3 2353 2409 2354
3 2411 2412 2413
3 2414 2411 2413
3 2414 2413 2415
3 2416 2414 2415
3 2417 2416 2415
3 2418 2419 2420
3 2417 2415 2421
3 2419 2422 2420
3 2423 2424 2425
3 2426 2418 2427
3 2428 2423 2425
3 2429 2428 2425
3 2418 2420 2427
3 2419 2429 2430
3 2429 2425 2430
3 2431 2426 2432
3 2426 2427 2432
3 2419 2430 2422
3 2433 2434 2435
3 2436 2433 2435
3 2434 2437 2435
3 2438 2436 2439
3 2436 2435 2439
3 2438 2439 2440
3 2441 2438 2442
3 2438 2440 2442
3 2443 2441 2444
3 2441 2442 2444
3 2445 2443 2446
3 2447 2448 2449
3 2443 2444 2446
3 2447 2449 2450
3 2451 2447 2452
3 2453 2451 2452
3 2447 2450 2452
3 2453 2452 2454
3 2455 2453 2454
3 2455 2454 2456
3 2455 2456 2457
3 2458 2455 2457
3 2458 2457 2459
3 2460 2458 2459
3 2461 2460 2459
3 2461 2459 2462
3 2463 2464 2465
3 2466 2463 2465
3 2466 2465 2467
3 2468 2466 2467
3 2411 2468 2467
3 2411 2467 2412
3 2469 2470 2471
3 2472 2469 2471
3 2472 2471 2473
3 2474 2472 2473
3 2475 2474 2473
3 2476 2477 2478
3 2475 2473 2479
3 2477 2480 2478
3 2481 2482 2483
3 2484 2476 2485
3 2486 2481 2483
3 2487 2486 2483
3 2476 2478 2485
3 2477 2487 2488
3 2487 2483 2488
3 2489 2484 2490
3 2484 2485 2490
3 2477 2488 2480
3 2491 2492 2493
3 2494 2491 2493
3 2492 2495 2493
3 2496 2494 2497
3 2494 2493 2497
3 2496 2497 2498
3 2499 2496 2500
3 2496 2498 2500
3 2501 2499 2502
3 2499 2500 2502
3 2503 2501 2504
3 2505 2506 2507
3 2501 2502 2504
3 2505 2507 2508
3 2509 2505 2510
3 2511 2509 2510
3 2505 2508 2510
3 2511 2510 2512
3 2513 2511 2512
3 2513 2512 2514
3 2513 2514 2515
3 2516 2513 2515
3 2516 2515 2517
3 2518 2516 2517
3 2519 2518 2517
3 2519 2517 2520
3 2521 2522 2523
3 2524 2521 2523
3 2524 2523 2525
3 2526 2524 2525
3 2469 2526 2525
3 2469 2525 2470
3 2527 2528 2529
3 2530 2527 2529
3 2530 2529 2531
3 2532 2530 2531
3 2533 2534 2535
3 2534 2536 2535
3 2532 2531 2537
3 2538 2532 2537
3 2539 2540 2541
3 2542 2533 2543
3 2544 2542 2543
3 2533 2535 2543
3 2539 2541 2545
3 2544 2543 2546
3 2539 2545 2547
3 2548 2539 2547
3 2534 2548 2547
3 2549 2550 2551
3 2552 2549 2551
3 2550 2553 2551
3 2534 2547 2536
3 2552 2551 2554
3 2555 2552 2556
3 2552 2554 2556
3 2557 2555 2558
3 2555 2556 2558
3 2559 2557 2560
3 2557 2558 2560
3 2561 2559 2562
3 2559 2560 2562
3 2563 2564 2565
3 2564 2566 2565
3 2567 2563 2568
3 2563 2565 2568
3 2567 2568 2569
3 2570 2567 2569
3 2570 2569 2571
3 2572 2570 2571
3 2572 2571 2573
3 2574 2572 2573
3 2575 2574 2573
3 2575 2573 2576
3 2575 2576 2577
3 2578 2575 2577
3 2579 2580 2581
3 2582 2579 2581
3 2582 2581 2583
3 2584 2582 2583
3 2584 2583 2528
3 2527 2584 2528
3 2585 2586 2587
3 2588 2585 2587
3 2588 2587 2589
3 2590 2588 2589
3 2591 2592 2593
3 2592 2594 2593
3 2590 2589 2595
3 2596 2590 2595
3 2597 2598 2599
3 2600 2591 2601
3 2602 2600 2601
3 2591 2593 2601
3 2597 2599 2603
3 2602 2601 2604
3 2597 2603 2605
3 2606 2597 2605
3 2592 2606 2605
3 2607 2608 2609
3 2610 2607 2609
3 2608 2611 2609
3 2592 2605 2594
3 2610 2609 2612
3 2613 2610 2614
3 2610 2612 2614
3 2615 2613 2616
3 2613 2614 2616
3 2617 2615 2618
3 2615 2616 2618
3 2619 2617 2620
3 2617 2618 2620
3 2621 2622 2623
3 2622 2624 2623
3 2625 2621 2626
3 2621 2623 2626
3 2625 2626 2627
3 2628 2625 2627
3 2628 2627 2629
3 2630 2628 2629
3 2630 2629 2631
3 2632 2630 2631
3 2633 2632 2631
3 2633 2631 2634
3 2633 2634 2635
3 2636 2633 2635
3 2637 2638 2639
3 2640 2637 2639
3 2640 2639 2641
3 2642 2640 2641
3 2642 2641 2586
3 2585 2642 2586
3 2643 2644 2645
3 2646 2643 2645
3 2646 2645 2647
3 2648 2646 2647
3 2649 2648 2647
3 2650 2651 2652
3 2649 2647 2653
3 2651 2654 2652
3 2655 2656 2657
3 2658 2650 2659
3 2660 2655 2657
3 2661 2660 2657
3 2650 2652 2659
3 2651 2661 2662
3 2661 2657 2662
3 2663 2658 2664
3 2658 2659 2664
3 2651 2662 2654
3 2665 2666 2667
3 2668 2665 2667
3 2666 2669 2667
3 2670 2668 2671
3 2668 2667 2671
3 2670 2671 2672
3 2673 2670 2674
3 2670 2672 2674
3 2675 2673 2676
3 2673 2674 2676
3 2677 2675 2678
3 2679 2680 2681
3 2675 2676 2678
3 2679 2681 2682
3 2683 2679 2684
3 2685 2683 2684
3 2679 2682 2684
3 2685 2684 2686
3 2687 2685 2686
3 2687 2686 2688
3 2687 2688 2689
3 2690 2687 2689
3 2690 2689 2691
3 2692 2690 2691
3 2693 2692 2691
3 2693 2691 2694
3 2695 2696 2697
3 2698 2695 2697
3 2698 2697 2699
3 2700 2698 2699
3 2643 2700 2699
3 2643 2699 2644
3 2701 2702 2703
3 2704 2701 2703
3 2704 2703 2705
3 2706 2704 2705
3 2707 2706 2705
3 2708 2709 2710
3 2707 2705 2711
3 2709 2712 2710
3 2713 2714 2715
3 2716 2708 2717
3 2718 2713 2715
3 2719 2718 2715
3 2708 2710 2717
3 2709 2719 2720
3 2719 2715 2720
3 2721 2716 2722
3 2716 2717 2722
3 2709 2720 2712
3 2723 2724 2725
3 2726 2723 2725
3 2724 2727 2725
3 2728 2726 2729
3 2726 2725 2729
3 2728 2729 2730
3 2731 2728 2732
3 2728 2730 2732
3 2733 2731 2734
3 2731 2732 2734
3 2735 2733 2736
3 2737 2738 2739
3 2733 2734 2736
3 2737 2739 2740
3 2741 2737 2742
3 2743 2741 2742
3 2737 2740 2742
3 2743 2742 2744
3 2745 2743 2744
3 2745 2744 2746
3 2745 2746 2747
3 2748 2745 2747
3 2748 2747 2749
3 2750 2748 2749
3 2751 2750 2749
3 2751 2749 2752
3 2753 2754 2755
3 2756 2753 2755
3 2756 2755 2757
3 2758 2756 2757
3 2701 2758 2757
3 2701 2757 2702
3 2759 2760 2761
3 2762 2759 2761
3 2762 2761 2763
3 2764 2762 2763
3 2765 2764 2763
3 2766 2767 2768
3 2765 2763 2769
3 2767 2770 2768
3 2771 2772 2773
3 2774 2766 2775
3 2776 2771 2773
3 2777 2776 2773
3 2766 2768 2775
3 2767 2777 2778
3 2777 2773 2778
3 2779 2774 2780
3 2774 2775 2780
3 2767 2778 2770
3 2781 2782 2783
3 2784 2781 2783
3 2782 2785 2783
3 2786 2784 2787
3 2784 2783 2787
3 2786 2787 2788
3 2789 2786 2790
3 2786 2788 2790
3 2791 2789 2792
3 2789 2790 2792
3 2793 2791 2794
3 2795 2796 2797
3 2791 2792 2794
3 2795 2797 2798
3 2799 2795 2800
3 2801 2799 2800
3 2795 2798 2800
3 2801 2800 2802
3 2803 2801 2802
3 2803 2802 2804
3 2803 2804 2805
3 2806 2803 2805
3 2806 2805 2807
3 2808 2806 2807
3 2809 2808 2807
3 2809 2807 2810
3 2811 2812 2813
3 2814 2811 2813
3 2814 2813 2815
3 2816 2814 2815
3 2759 2816 2815
3 2759 2815 2760
3 2817 2818 2819
3 2820 2817 2819
3 2820 2819 2821
3 2822 2820 2821
3 2823 2822 2821
3 2824 2825 2826
3 2823 2821 2827
3 2825 2828 2826
3 2829 2830 2831
3 2832 2824 2833
3 2834 2829 2831
3 2835 2834 2831
3 2824 2826 2833
3 2825 2835 2836
3 2835 2831 2836
3 2837 2832 2838
3 2832 2833 2838
3 2825 2836 2828
3 2839 2840 2841
3 2842 2839 2841
3 2840 2843 2841
3 2844 2842 2845
3 2842 2841 2845
3 2844 2845 2846
3 2847 2844 2848
3 2844 2846 2848
3 2849 2847 2850
3 2847 2848 2850
3 2851 2849 2852
3 2853 2854 2855
3 2849 2850 2852
3 2853 2855 2856
3 2857 2853 2858
3 2859 2857 2858
3 2853 2856 2858
3 2859 2858 2860
3 2861 2859 2860
3 2861 2860 2862
3 2861 2862 2863
3 2864 2861 2863
3 2864 2863 2865
3 2866 2864 2865
3 2867 2866 2865
3 2867 2865 2868
3 2869 2870 2871
3 2872 2869 2871
3 2872 2871 2873
3 2874 2872 2873
3 2817 2874 2873
3 2817 2873 2818
3 2875 2876 2877
3 2115 2116 2184
3 2184 2116 2878
3 2116 552 2878
3 2878 552 2879
3 2878 2879 2880
3 2881 2882 2883
3 2884 2885 2886
3 2887 2888 2121
3 2888 2120 2121
3 2887 2121 2122
3 2887 2122 2889
3 2889 2122 2123
3 2889 2123 2124
3 2889 2124 2890
3 2890 2124 2125
3 2890 2125 2127
3 2890 2127 2891
3 2891 2127 2128
3 2891 2128 2129
3 2891 2129 2892
3 2892 2129 2130
3 2893 2892 2131
3 2892 2130 2131
3 2894 2895 2896
3 2893 2132 2897
3 2897 2132 2133
3 2897 2133 2235
3 2235 2133 2135
3 479 2181 2898
3 2899 479 2898
3 2899 2898 2900
3 2901 2902 2903
3 2904 2905 2906
3 2165 2907 2166
3 2167 2166 2908
3 2166 2907 2908
3 2168 2167 2909
3 2169 2168 2909
3 2167 2908 2909
3 2171 2169 2910
3 2169 2909 2910
3 2171 2910 2172
3 2173 2172 2911
3 2172 2910 2911
3 2173 2911 2174
3 2175 2174 2912
3 2174 2911 2912
3 2175 2912 2176
3 2913 2914 2915
3 2176 2912 2916
3 2178 2177 2917
3 2177 2916 2917
3 2178 2917 2180
3 2180 2917 2191
3 2183 2181 2182
3 2898 2181 2183
3 2186 2185 2918
3 2919 2918 2920
3 2919 2186 2918
3 2921 2920 2922
3 2921 2919 2920
3 2923 2922 2924
3 2923 2921 2922
3 2925 2926 2927
3 2928 2923 2924
3 2929 2927 2930
3 2929 2925 2927
3 2931 2930 2932
3 2931 2929 2930
3 2933 2932 2183
3 2933 2931 2932
3 2184 2933 2183
3 2186 2934 2236
3 2187 2186 2236
3 2189 2935 2185
3 2189 2185 2188
3 2936 2184 2878
3 2936 2933 2184
3 2937 2931 2933
3 2937 2933 2936
3 2938 2929 2931
3 2938 2931 2937
3 2939 2925 2929
3 2939 2929 2938
3 2940 2923 2928
3 2940 2928 2941
3 2942 2921 2923
3 2942 2923 2940
3 2943 2919 2921
3 2943 2921 2942
3 2934 2186 2919
3 2934 2919 2943
3 2898 2183 2944
3 2183 2932 2944
3 2932 2930 2945
3 2944 2932 2945
3 2930 2927 2946
3 2945 2930 2946
3 2927 2926 2947
3 2946 2927 2947
3 2924 2922 2948
3 2949 2924 2948
3 2922 2920 2950
3 2948 2922 2950
3 2920 2918 2951
3 2950 2920 2951
3 2918 2185 2935
3 2951 2918 2935
