<?xml version="1.0" encoding="utf-8"?>
<COLLADA xmlns="http://www.collada.org/2005/11/COLLADASchema" version="1.4.1" xmlns:xsi="http://www.w3.org/2001/XMLSchema-instance">
  <asset>
    <contributor>
      <author>Blender User</author>
      <authoring_tool>Blender 4.2.0 commit date:2024-07-16, commit time:06:20, hash:a51f293548ad</authoring_tool>
    </contributor>
    <created>2024-07-18T16:56:31</created>
    <modified>2024-07-18T16:56:31</modified>
    <unit name="meter" meter="1"/>
    <up_axis>Z_UP</up_axis>
  </asset>
  <library_effects>
    <effect id="R3MPerception-Metallic-effect">
      <profile_COMMON>
        <technique sid="common">
          <lambert>
            <emission>
              <color sid="emission">0 0 0 1</color>
            </emission>
            <diffuse>
              <color sid="diffuse">0.3 0.3 0.3 1</color>
            </diffuse>
            <reflectivity>
              <float sid="specular">1</float>
            </reflectivity>
            <index_of_refraction>
              <float sid="ior">1.45</float>
            </index_of_refraction>
          </lambert>
        </technique>
      </profile_COMMON>
    </effect>
  </library_effects>
  <library_images/>
  <library_materials>
    <material id="R3MPerception-Metallic-material" name="R3MPerception-Metallic">
      <instance_effect url="#R3MPerception-Metallic-effect"/>
    </material>
  </library_materials>
  <library_geometries>
    <geometry id="shape0-mesh" name="shape0">
      <mesh>
        <source id="shape0-mesh-positions">
          <float_array id="shape0-mesh-positions-array" count="8856">43.4368 2.04642 -8.43588 46.2588 2.49288 -7.99999 46.2588 2.49288 -8.93503 43.4368 2.04642 8.4359 46.2588 2.49288 8.93504 39.7316 1.46022 -8.112111 39.7316 1.46022 8.112131 35.5584 0.799999 -7.99999 35.5584 0.799999 8.00001 7.78675 -3.59371 8.00001 7.78675 -3.59371 -7.99999 47.555 2.66334 -7.99999 48.072 2.7122 9.41394 48.8584 2.76581 -7.99999 50.1654 2.8 10 50.1654 2.8 -7.99999 39.7316 1.46022 8.112131 35.5584 0.799999 8.00001 35.5584 1.31764 8.06815 43.4368 2.04642 8.4359 35.5584 1.8 8.26796 35.5584 2.21421 8.58579 35.5584 2.21421 8.58579 35.5584 2.53205 9 35.5584 2.73185 9.48237 35.5584 2.8 10 48.0973 2.71431 -9.42084 50.1654 2.8 -9.99999 2.2 0 8.00001 5.25513 -4.51973 8.00001 4.51401 -5.03662 8.00001 6.05666 -4.10261 8.00001 6.90525 -3.79221 8.00001 0 -2.2 8.00001 3.26116 -6.33376 8.00001 2.77032 -7.09238 8.00001 3.84564 -5.64467 8.00001 -0.799999 -2.2 8.00001 2.10055 -8.76677 8.00001 1.93278 -9.65463 8.00001 2.38129 -7.90792 8.00001 -0.799999 -31.9113 8.00001 0 -2 8.00001 2.2 0.799999 8.00001 7.78675 -3.59371 8.00001 -0.697777 -1.42355 8.00001 0.06814998 -1.48236 8.00001 1.42355 0.697777 8.00001 -0.398073 -0.700001 8.00001 0.267949 -1 8.00001 0.700001 0.398073 8.00001 1.48236 -0.06814998 8.00001 1 -0.267949 8.00001 0.078682 -0.078682 8.00001 0.585787 -0.585787 8.00001 2 0 8.00001 2.2 1.31764 -8.06814 35.5584 0.799999 -7.99999 39.7316 1.46022 -8.112111 2.2 0.799999 -7.99999 2.2 1.8 -8.26794 43.4368 2.04642 -8.43588 2.2 2.21421 -8.585781 2.2 2.21421 -8.585781 2.2 2.53205 -8.99999 48.2 2.8 -9.99999 2.2 2.73185 -9.48235 2.2 2.8 -9.99999 1.93278 -9.65463 -7.99999 1.93278 -9.65463 8.00001 2.10055 -8.76677 8.00001 2.10055 -8.76677 -7.99999 2.38129 -7.90792 8.00001 2.38129 -7.90792 -7.99999 2.77032 -7.09238 8.00001 2.77032 -7.09238 -7.99999 3.26116 -6.33376 8.00001 3.26116 -6.33376 -7.99999 3.84564 -5.64467 -7.99999 3.84564 -5.64467 8.00001 3.84564 -5.64467 -7.99999 3.84564 -5.64467 8.00001 4.51401 -5.03662 8.00001 4.51401 -5.03662 -7.99999 5.25513 -4.51973 8.00001 5.25513 -4.51973 -7.99999 6.05666 -4.10261 8.00001 6.05666 -4.10261 -7.99999 6.90525 -3.79221 8.00001 6.90525 -3.79221 -7.99999 4.51401 -5.03662 -7.99999 5.25513 -4.51973 -7.99999 2.2 0 -7.99999 6.05666 -4.10261 -7.99999 6.90525 -3.79221 -7.99999 2.77032 -7.09238 -7.99999 3.26116 -6.33376 -7.99999 0 -2.2 -7.99999 3.84564 -5.64467 -7.99999 -0.799999 -31.9113 -7.99999 1.93278 -9.65463 -7.99999 -0.799999 -2.2 -7.99999 2.10055 -8.76677 -7.99999 2.38129 -7.90792 -7.99999 0 -2 -7.99999 7.78675 -3.59371 -7.99999 0.06814998 -1.48236 -7.99999 -0.697777 -1.42355 -7.99999 1.42355 0.697777 -7.99999 0.267949 -1 -7.99999 -0.398073 -0.700001 -7.99999 1 -0.267949 -7.99999 1.48236 -0.06814998 -7.99999 0.700001 0.398073 -7.99999 0.585787 -0.585787 -7.99999 0.078682 -0.078682 -7.99999 2 0 -7.99999 79.2097 2.8 -19.038 78.6494 2.8 -19.22 75.6859 2.8 -5.60661 28.8521 2.8 -25.0324 13.6092 2.8 -24.7583 14.0631 2.8 -24.3828 77.3185 2.8 -21.0518 64.7262 2.8 -23.4353 64.5093 2.8 -22.8876 77.152 2.8 23.1322 64.5093 2.8 25.1518 64.1631 2.8 25.6284 77.46501 2.8 -20.4813 81.9043 2.8 32.6559 79.7976 2.8 -19.001 77.0032 2.8 -5.35532 10.4488 2.8 24.1554 2.2 2.8 30.55 10.852 2.8 24.5848 11.3494 2.8 24.9005 2.2 2.8 30.6743 78.2167 2.8 -4.78431 76.7488 2.8 22.7028 64.7262 2.8 24.6041 10.165 2.8 23.6392 77.3185 2.8 -21.6409 64.80001 2.8 -24.0197 77.6494 2.8 23.4479 11.9097 2.8 25.0825 80.3762 2.8 -19.1114 76.46501 2.8 22.1866 64.80001 2.8 24.0197 10.0185 2.8 23.0687 12.4976 2.8 25.1195 79.25 2.8 -3.92949 10.0185 2.8 22.4796 77.46501 2.8 -22.2115 13.0762 2.8 25.0091 64.7262 2.8 -24.6041 78.2097 2.8 23.6299 29.3494 2.8 -25.348 2.2 2.8 -30.6743 13.0762 2.8 -25.0091 80.9092 2.8 -19.3622 77.7488 2.8 -22.7277 76.3185 2.8 21.6161 64.7262 2.8 23.4353 64.5093 2.8 -25.1518 81.3631 2.8 -19.7377 80.0382 2.8 -2.84454 78.7976 2.8 23.6669 78.1521 2.8 -23.1571 76.3185 2.8 21.027 64.5093 2.8 22.8876 81.7093 2.8 -20.2143 80.5319 2.8 -1.59765 29.9097 2.8 -25.53 79.3762 2.8 23.5565 2.2 2.8 10 10.165 2.8 21.9091 10.4488 2.8 21.3928 10.852 2.8 20.9634 11.3494 2.8 20.6478 11.9097 2.8 20.4658 12.4976 2.8 20.4288 76.46501 2.8 20.4564 64.1631 2.8 22.411 13.0762 2.8 20.5392 79.9092 2.8 23.3057 81.9043 2.8 -32.6559 78.6494 2.8 -23.4727 28.8521 2.8 25.0324 14.0631 2.8 24.3828 13.6092 2.8 24.7583 79.2097 2.8 -23.6548 79.7976 2.8 -23.6917 80.3762 2.8 -23.5814 76.7488 2.8 19.9402 63.7092 2.8 22.0356 80.9092 2.8 -23.3306 28.4488 2.8 24.603 62.0097 2.8 -26.3281 62.5976 2.8 -26.3651 63.1762 2.8 -26.2547 63.7092 2.8 -26.0039 64.1631 2.8 -25.6284 14.4093 2.8 23.9063 87.70001 2.8 -27.1414 82 2.8 -21.3464 81.9262 2.8 -20.762 29.3494 2.8 25.348 81.3631 2.8 -22.9551 80.70001 2.8 -0.267154 81.7093 2.8 -22.4785 81.9262 2.8 -21.9308 87.70001 2.8 27.1414 28.165 2.8 24.0867 45.1521 2.8 -14.714 44.7488 2.8 -15.1434 14.6262 2.8 23.3586 30.4976 2.8 -20.8763 29.9097 2.8 -20.9133 29.3494 2.8 -21.0953 13.0762 2.8 -20.5392 13.6092 2.8 -20.79 30.4976 2.8 -25.567 31.0762 2.8 -25.4566 29.9097 2.8 25.53 61.4494 2.8 -26.1461 28.0185 2.8 23.5162 14.7 2.8 22.7741 30.4976 2.8 25.567 28.0185 2.8 22.9271 14.6262 2.8 22.1897 28.165 2.8 22.3566 14.4093 2.8 21.642 28.4488 2.8 21.8404 14.0631 2.8 21.1655 28.8521 2.8 21.411 13.6092 2.8 20.79 31.0762 2.8 -20.9867 45.6494 2.8 -14.3984 29.3494 2.8 21.0953 44.465 2.8 -15.6596 31.6092 2.8 -21.2375 46.2097 2.8 -14.2163 44.3185 2.8 -16.2302 32.0631 2.8 -21.613 81 2.8 21.3215 80.9262 2.8 21.9059 80.7093 2.8 22.4536 80.3631 2.8 22.9302 80.7093 2.8 20.1894 80.9262 2.8 20.7371 29.9097 2.8 20.9133 30.4976 2.8 20.8763 31.0762 2.8 20.9867 31.6092 2.8 21.2375 32.0631 2.8 21.613 46.7976 2.8 -14.1793 45.1521 2.8 18.3354 32.7 2.8 23.2217 32.6262 2.8 23.8061 44.3185 2.8 -16.8192 32.4093 2.8 -22.0895 47.3762 2.8 -14.2897 44.7488 2.8 17.906 32.6262 2.8 22.6372 45.6494 2.8 18.6511 32.4093 2.8 24.3538 44.465 2.8 -17.3898 32.6262 2.8 -22.6372 44.465 2.8 17.3898 47.9092 2.8 -14.5405 32.4093 2.8 22.0895 46.2097 2.8 18.8331 32.0631 2.8 24.8303 44.7488 2.8 -17.906 32.7 2.8 -23.2216 44.3185 2.8 16.8192 48.3631 2.8 -14.916 46.7976 2.8 18.8701 45.1521 2.8 -18.3354 44.3185 2.8 16.2302 32.6262 2.8 -23.8061 48.7093 2.8 -15.3926 44.465 2.8 15.6596 45.6494 2.8 -18.651 32.4093 2.8 -24.3538 44.7488 2.8 15.1434 48.9262 2.8 -15.9403 46.2097 2.8 -18.8331 32.0631 2.8 -24.8303 45.1521 2.8 14.714 46.7976 2.8 -18.8701 45.6494 2.8 14.3984 10.4488 2.8 -21.3928 10.852 2.8 -20.9634 11.3494 2.8 -20.6478 10.165 2.8 -21.909 11.9097 2.8 -20.4658 71.9398 2.8 3.85508 62.5976 2.8 21.6744 63.1762 2.8 21.7847 10.0185 2.8 -22.4796 2.2 2.8 -30.55 71.0218 2.8 2.87749 12.4976 2.8 -20.4288 73.0721 2.8 4.57366 77.152 2.8 19.5108 10.0185 2.8 -23.0687 70.3757 2.8 1.70231 74.3475 2.8 4.98808 77.6494 2.8 19.1952 70.0422 2.8 0.403376 10.165 2.8 -23.6392 75.6859 2.8 5.07229 78.2097 2.8 19.0132 10.4488 2.8 -24.1554 60.9521 2.8 25.8304 31.6092 2.8 25.2058 70.0422 2.8 -0.937695 77.0032 2.8 4.821 78.7976 2.8 18.9762 79.3762 2.8 19.0865 60.5488 2.8 25.401 70.3757 2.8 -2.23662 78.2167 2.8 4.25 79.9092 2.8 19.3374 61.4494 2.8 26.1461 31.0762 2.8 25.4566 71.0218 2.8 -3.4118 60.265 2.8 24.8848 79.25 2.8 3.39516 47.3762 2.8 18.7597 80.3631 2.8 19.7128 10.852 2.8 -24.5848 62.0097 2.8 26.3281 80.0382 2.8 2.31023 60.1185 2.8 24.3143 47.9092 2.8 18.5089 11.3494 2.8 -24.9005 80.5319 2.8 1.06333 60.1185 2.8 23.7252 48.3631 2.8 18.1334 11.9097 2.8 -25.0825 60.265 2.8 23.1546 48.7093 2.8 17.6568 60.9521 2.8 -22.209 48.9262 2.8 -17.1091 49 2.8 -16.5247 12.4976 2.8 -25.1195 60.5488 2.8 22.6384 48.9262 2.8 17.1091 60.5488 2.8 -22.6384 48.7093 2.8 -17.6568 61.4494 2.8 -21.8934 60.265 2.8 -23.1546 48.3631 2.8 -18.1334 60.9521 2.8 22.209 49 2.8 16.5247 62.0097 2.8 -21.7113 61.4494 2.8 21.8934 48.9262 2.8 15.9403 60.1185 2.8 -23.7252 47.9092 2.8 -18.5089 62.5976 2.8 -21.6744 71.9398 2.8 -4.3894 46.2097 2.8 14.2163 46.7976 2.8 14.1793 47.3762 2.8 14.2897 47.9092 2.8 14.5405 48.3631 2.8 14.916 48.7093 2.8 15.3926 60.1185 2.8 -24.3142 47.3762 2.8 -18.7597 62.0097 2.8 21.7114 63.1762 2.8 -21.7847 73.0721 2.8 -5.10798 60.265 2.8 -24.8848 63.7092 2.8 -22.0355 60.5488 2.8 -25.401 63.7092 2.8 26.0039 63.1762 2.8 26.2547 62.5976 2.8 26.3651 60.9521 2.8 -25.8304 31.6092 2.8 -25.2058 28.8521 2.8 -21.4109 14.0631 2.8 -21.1654 28.4488 2.8 -21.8404 14.4093 2.8 -21.642 28.165 2.8 -22.3566 14.6262 2.8 -22.1897 28.0185 2.8 -22.9271 14.7 2.8 -22.7741 28.0185 2.8 -23.5162 14.6262 2.8 -23.3586 77.7488 2.8 -19.9651 74.3475 2.8 -5.5224 78.1521 2.8 -19.5357 64.1631 2.8 -22.411 28.165 2.8 -24.0867 14.4093 2.8 -23.9063 28.4488 2.8 -24.6029 2.2 1.31764 8.06815 2.2 1.8 8.26796 2.2 2.21421 8.58579 2.2 2.21421 8.58579 2.2 2.53205 9 2.2 2.73185 9.48237 -0.92132 0.92132 8.58579 -0.007103979 1.62282 8.58579 -0.628427 0.628427 8.26796 -0.92132 0.92132 8.58579 -0.166025 1.89808 9 -0.007103979 1.62282 8.58579 -0.265926 2.07111 9.48237 -1.33553 1.33553 10 -0.299998 2.13013 10 0.923544 2.5638 9.48237 -1.2641 -0.2 8.26796 -0.287347 0.287347 8.06815 -0.846364 -0.441182 8.06815 -1.14606 1.14606 9 -1.19778 -1.28957 8.06815 -1.31764 -2.2 8.06815 -1.62282 0.007103979 8.58579 -1.28735 1.28735 9.48237 -2.13013 0.299998 10 -1.33553 1.33553 10 -1.28735 1.28735 9.48237 -1.6637 -1.16472 8.26796 -1.8 -2.2 8.26796 -2.21421 -2.2 8.58579 0.905905 2.62963 10 -1.89808 0.166025 9 -0.92132 0.92132 8.58579 -1.62282 0.007103979 8.58579 -1.14606 1.14606 9 -2.0638 -1.05752 8.58579 -2.0638 -1.05752 8.58579 -2.21421 -2.2 8.58579 -2.53205 -2.2 9 -2.07111 0.265926 9.48237 -2.62963 -0.905905 10 -2.37081 -0.975255 9 -2.5638 -0.923544 9.48237 -2.73185 -2.2 9.48237 -2.8 -2.2 10 1.28957 1.19778 8.06815 1.16472 1.6637 8.26796 0.441182 0.846364 8.06815 1.05752 2.0638 8.58579 1.05752 2.0638 8.58579 0.2 1.2641 8.26796 0.975255 2.37081 9 -0.799999 -31.9113 8.00001 -0.799999 -31.9113 -7.99999 -2.8 -48.2 -7.99999 -2.24164 -43.6525 -8.61375 -2.61844 -46.7214 -9.16737 -2.74563 -47.7572 -9.53684 -2.77915 -48.0302 -9.71192 -2.79157 -48.1313 -9.81654 -2.79701 -48.1757 -9.89074 -2.79925 -48.1939 -9.945361 -2.8 -48.2 -9.99999 -1.58342 -38.2918 8.159831 -1.58342 -38.2918 -8.15982 -2.24164 -43.6525 8.61376 -2.8 -48.2 8.00001 -2.61844 -46.7214 9.16739 -2.74563 -47.7572 9.53686 -2.77915 -48.0302 9.71195 -2.79157 -48.1313 9.81656 -2.79701 -48.1757 9.89076 -2.79925 -48.1939 9.945361 -2.8 -48.2 10 -1.58342 -38.2918 8.159831 -2.24164 -43.6525 8.61376 14.0631 0 -21.1654 28.8521 0 -21.4109 32.4065 0 -11 13.6092 0 -20.79 14.4093 0 -21.642 28.4488 0 -21.8404 28.165 0 -22.3566 79.9092 0 23.3057 80.3631 0 22.9302 87.70001 0 27.1414 81.9043 0 32.6559 80.7093 0 22.4536 32.4093 0 22.0895 44.465 0 17.3898 32.6262 0 22.6372 44.3185 0 16.8192 13.0762 0 -20.5392 79.3762 0 23.5565 14.6262 0 -22.1897 80.9262 0 21.9059 28.0185 0 -22.9271 78.7976 0 23.6669 32.0631 0 21.613 81 0 21.3215 14.7 0 -22.7741 28.0185 0 -23.5162 78.2097 0 23.6299 80.9262 0 20.7371 14.6262 0 -23.3586 77.6494 0 23.4479 28.165 0 -24.0867 2.2 0 -11 2.2 0 -7.99999 2 0 -7.99999 80.7093 0 20.1894 11.9097 0 -20.4658 12.4976 0 -20.4288 77.152 0 23.1322 11.3494 0 -20.6478 14.4093 0 -23.9063 28.4488 0 -24.6029 10.852 0 -20.9634 14.0631 0 -24.3828 28.8521 0 -25.0324 10.4488 0 -21.3928 13.6092 0 -24.7583 29.3494 0 -25.348 81.9043 0 -32.6559 87.70001 0 -27.1414 80.9092 0 -23.3306 78.6494 0 -23.4727 78.1521 0 -23.1571 10.165 0 -21.909 79.2097 0 -23.6548 79.7976 0 -23.6917 80.3762 0 -23.5814 13.0762 0 -25.0091 38.4968 0 10.4142 53.2 0 7 46.2097 0 14.2163 44.3185 0 16.2302 44.465 0 15.6596 10.0185 0 -22.4796 44.7488 0 15.1434 45.1521 0 14.714 45.6494 0 14.3984 64.1631 0 25.6284 53.2 0 -6.99999 70.0422 0 -0.937695 70.0422 0 0.403376 70.3757 0 -2.23662 71.0218 0 -3.4118 63.7092 0 26.0039 64.5093 0 25.1518 76.7488 0 22.7028 32.4065 0 11 29.3494 0 21.0953 28.8521 0 21.411 29.9097 0 20.9133 30.4976 0 20.8763 31.0762 0 20.9867 31.6092 0 21.2375 63.1762 0 26.2547 64.7262 0 24.6041 2.2 0 -30.6196 10.0185 0 -23.0687 76.46501 0 22.1866 10.165 0 -23.6392 10.4488 0 -24.1554 10.852 0 -24.5848 11.3494 0 -24.9005 64.1631 0 -22.411 77.46501 0 -20.4813 77.7488 0 -19.9651 2.2 0 -30.6743 63.7092 0 -22.0355 62.5976 0 26.3651 73.0721 0 -5.10798 11.9097 0 -25.0825 12.4976 0 -25.1195 29.9097 0 -25.53 64.80001 0 24.0197 76.3185 0 21.6161 64.5093 0 -22.8876 2 0 -30.6196 77.3185 0 -21.0518 2.2 0 11 12.4976 0 20.4288 13.0762 0 20.5392 2 0 30.6196 2 0 8.00001 30.4976 0 -25.567 63.1762 0 -21.7847 62.0097 0 26.3281 31.0762 0 -25.4566 62.0097 0 -26.3281 71.9398 0 -4.3894 61.4494 0 -26.1461 64.7262 0 23.4353 76.3185 0 21.027 64.7262 0 -23.4353 77.3185 0 -21.6409 62.5976 0 -21.6744 64.5093 0 22.8876 76.46501 0 20.4564 64.80001 0 -24.0197 77.46501 0 -22.2115 64.1631 0 22.411 76.7488 0 19.9402 62.0097 0 -21.7113 64.7262 0 -24.6041 63.7092 0 22.0356 77.7488 0 -22.7277 61.4494 0 -21.8934 64.5093 0 -25.1518 64.1631 0 -25.6284 14.0631 0 24.3828 28.4488 0 24.603 28.8521 0 25.0324 13.6092 0 24.7583 29.3494 0 25.348 14.4093 0 23.9063 28.165 0 24.0867 13.0762 0 25.0091 14.6262 0 23.3586 28.0185 0 23.5162 79.25 0 3.39516 80.3631 0 19.7128 79.9092 0 19.3374 78.2167 0 4.25 63.7092 0 -26.0039 79.3762 0 19.0865 80.0382 0 2.31023 14.7 0 22.7741 28.0185 0 22.9271 77.0032 0 4.821 78.7976 0 18.9762 78.2097 0 19.0132 80.5319 0 1.06333 63.1762 0 -26.2547 14.6262 0 22.1897 75.6859 0 5.07229 28.165 0 22.3566 77.6494 0 19.1952 80.70001 0 -0.267154 74.3475 0 4.98808 62.5976 0 -26.3651 14.4093 0 21.642 28.4488 0 21.8404 77.152 0 19.5108 73.0721 0 4.57366 63.1762 0 21.7847 71.9398 0 3.85508 14.0631 0 21.1655 62.5976 0 21.6744 71.0218 0 2.87749 13.6092 0 20.79 47.9092 0 -14.5405 48.3631 0 -14.916 48.7093 0 -15.3926 47.3762 0 -14.2897 48.9262 0 -15.9403 48.3631 0 18.1334 60.265 0 23.1546 60.1185 0 23.7252 47.9092 0 18.5089 60.1185 0 24.3143 2.2 0 30.6743 12.4976 0 25.1195 11.9097 0 25.0825 11.3494 0 24.9005 48.7093 0 17.6568 60.5488 0 22.6384 30.4976 0 25.567 29.9097 0 25.53 47.3762 0 18.7597 2.2 0 30.6196 10.852 0 24.5848 10.4488 0 24.1554 60.265 0 24.8848 10.165 0 23.6392 10.0185 0 23.0687 48.9262 0 17.1091 60.9521 0 22.209 46.7976 0 -14.1793 46.7976 0 18.8701 60.5488 0 25.401 10.0185 0 22.4796 49 0 -16.5247 60.9521 0 -22.209 49 0 16.5247 61.4494 0 21.8934 48.9262 0 15.9403 46.2097 0 -14.2163 48.9262 0 -17.1091 60.5488 0 -22.6384 48.7093 0 -17.6568 60.265 0 -23.1546 48.3631 0 -18.1334 60.1185 0 -23.7252 81.3631 0 -19.7377 80.0382 0 -2.84454 79.25 0 -3.92949 47.9092 0 -18.5089 60.1185 0 -24.3142 80.9092 0 -19.3622 81.7093 0 -20.2143 80.5319 0 -1.59765 47.3762 0 -18.7597 60.265 0 -24.8848 80.3762 0 -19.1114 78.2167 0 -4.78431 38.4968 0 -10.4142 45.6494 0 -14.3984 45.1521 0 -14.714 44.7488 0 -15.1434 44.465 0 -15.6596 44.3185 0 -16.2302 46.7976 0 -18.8701 60.5488 0 -25.401 79.7976 0 -19.001 44.3185 0 -16.8192 77.0032 0 -5.35532 81.9262 0 -20.762 82 0 -21.3464 70.3757 0 1.70231 10.165 0 21.9091 10.4488 0 21.3928 10.852 0 20.9634 11.3494 0 20.6478 62.0097 0 21.7114 11.9097 0 20.4658 46.7976 0 14.1793 47.3762 0 14.2897 47.9092 0 14.5405 48.3631 0 14.916 48.7093 0 15.3926 32.0631 0 -21.613 79.2097 0 -19.038 75.6859 0 -5.60661 31.6092 0 -21.2375 32.4093 0 -22.0895 44.465 0 -17.3898 81.9262 0 -21.9308 31.0762 0 -20.9867 2.2 0 8.00001 78.6494 0 -19.22 32.6262 0 -22.6372 44.7488 0 -17.906 74.3475 0 -5.5224 81.7093 0 -22.4785 78.1521 0 -19.5357 30.4976 0 -20.8763 81.3631 0 -22.9551 32.7 0 -23.2216 45.1521 0 -18.3354 29.9097 0 -20.9133 32.6262 0 -23.8061 45.6494 0 -18.651 32.0631 0 24.8303 60.9521 0 25.8304 46.2097 0 18.8331 29.3494 0 -21.0953 32.4093 0 -24.3538 46.2097 0 -18.8331 31.6092 0 25.2058 61.4494 0 26.1461 32.0631 0 -24.8303 60.9521 0 -25.8304 32.4093 0 24.3538 45.6494 0 18.6511 31.0762 0 25.4566 31.6092 0 -25.2058 32.6262 0 23.8061 45.1521 0 18.3354 32.7 0 23.2217 44.7488 0 17.906 2.2 0 8.00001 0 -2.2 11 2.2 0 11 0 -2.2 8.00001 0 -78.3908 -19.3622 0 -77.9369 -19.7377 0 -74.9141 -5.06979 0 -31.0141 -14.9061 0 -26.4928 -11 0 -34.3151 -10.4142 0 -29.6968 -15.1574 0 -77.5907 -20.2143 0 -64.3512 -22.6384 0 -63.9479 -22.209 0 -53.2 7 0 -48.835 15.6596 0 -48.9815 16.2302 0 -48.5512 15.1434 0 -48.1479 14.714 0 -47.6506 14.3984 0 -47.0904 14.2163 0 -46.5024 14.1793 0 -45.9238 14.2897 0 -34.3151 10.4142 0 -61.1908 22.0356 0 -11.0908 24.7583 0 -10.6369 24.3828 0 -2.2 30.6196 0 -2.2 30.6743 0 -61.7238 21.7847 0 -62.3024 21.6744 0 -10.2907 23.9063 0 -78.9238 -19.1114 0 -76.2525 -4.98558 0 -11.6238 25.0091 0 -26 -20.2456 0 -14.6815 -22.4796 0 -14.535 -21.909 0 -77.3738 -20.762 0 -10.0738 23.3586 0 -64.635 -23.1546 0 -26.1681 -18.9151 0 -32.3525 -14.9903 0 -12.2024 25.1195 0 -10 22.7741 0 -26.1681 -21.5761 0 -2 30.6196 0 -79.5024 -19.001 0 -77.5279 -4.57116 0 -14.6815 -23.0687 0 -12.7904 25.0825 0 -33.6279 -15.4048 0 -77.30001 -21.3464 0 -64.7815 -23.7252 0 -10.0738 22.1897 0 -82.0431 32.6594 0 -61.7238 26.2547 0 -32.3525 25.5008 0 -62.3024 26.3651 0 -62.8904 26.3281 0 -63.4506 26.1461 0 -63.9479 25.8304 0 -64.3512 25.401 0 -80.0903 -19.038 0 -78.6602 -3.85259 0 -31.0141 25.585 0 -77.3738 -21.9308 0 -64.7815 -24.3142 0 -26.6618 -22.823 0 -14.535 -23.6392 0 -14.2512 -24.1554 0 -34.7602 -16.1233 0 -80.6506 -19.22 0 -27.45 -23.9079 0 -77.5907 -22.4785 0 -64.635 -24.8848 0 -13.848 -24.5848 0 -2.2 11 0 -35.6782 -17.1009 0 -11.0908 20.79 0 -11.6238 20.5392 0 -10.6369 21.1655 0 -10.2907 21.642 0 -81.1479 -19.5357 0 -79.5782 -2.87499 0 -28.4833 -24.7627 0 -13.3506 -24.9005 0 -77.9369 -22.9551 0 -64.3512 -25.401 0 -12.2024 20.4288 0 -81.5512 -19.9651 0 -80.2243 -1.69982 0 -77.9369 22.9551 0 -64.635 24.8848 0 -29.6968 -25.3337 0 -2.2 -30.6743 0 -12.7904 -25.0825 0 -78.3908 23.3306 0 -77.5907 22.4785 0 -64.7815 24.3143 0 -2.2 8.00001 0 -2 8.00001 0 -78.9238 23.5814 0 -77.3738 21.9308 0 -64.7815 23.7252 0 -27.45 23.9079 0 -14.2512 24.1554 0 -13.848 24.5848 0 -28.4833 24.7627 0 -79.5024 23.6918 0 -13.3506 24.9005 0 -26.6618 22.823 0 -77.30001 21.3464 0 -14.535 23.6392 0 -64.635 23.1546 0 -14.6815 23.0687 0 -81.1468 -32.6371 0 -80.0903 -23.6548 0 -80.6506 -23.4727 0 -79.5024 -23.6917 0 -78.9238 -23.5814 0 -29.6968 25.3337 0 -78.3908 -23.3306 0 -63.9479 -25.8304 0 -63.4506 -26.1461 0 -62.8904 -26.3281 0 -26.1681 21.5761 0 -62.3024 -26.3651 0 -80.0903 23.6548 0 -31.0141 -25.585 0 -87.70001 -28.0485 0 -81.83501 -20.4813 0 -81.9815 -21.0518 0 -14.6815 22.4796 0 -81.9815 -21.6409 0 -81.83501 -22.2115 0 -81.5512 -22.7277 0 -81.1479 -23.1571 0 -77.3738 20.762 0 -80.5578 -0.400873 0 -87.70001 27.0025 0 -64.3512 22.6384 0 -2.2 -11 0 -12.2024 -20.4288 0 -26 20.2456 0 -12.7904 -20.4658 0 -2 -30.6196 0 -2 -7.99999 0 -61.7238 -26.2547 0 -80.6506 23.4727 0 -32.3525 -25.5008 0 -26.4928 11 0 -12.7904 20.4658 0 -14.535 21.9091 0 -77.5907 20.2143 0 -63.9479 22.209 0 -26.1681 18.9151 0 -14.2512 21.3928 0 -13.848 20.9634 0 -26.6618 17.6682 0 -2.2 -7.99999 0 -13.3506 20.6478 0 -45.3908 -14.5405 0 -44.9369 -14.916 0 -28.4833 15.7284 0 -29.6968 15.1574 0 -27.45 16.5833 0 -44.5907 -15.3926 0 -31.0141 14.9062 0 -45.9238 -14.2897 0 -53.2 -6.99999 0 -44.3738 -15.9403 0 -36.3243 -18.2761 0 -46.5024 -14.1793 0 -81.1479 23.1571 0 -81.5512 22.7277 0 -81.83501 22.2115 0 -81.9815 21.6409 0 -34.7602 16.1233 0 -35.6782 17.1009 0 -33.6279 15.4048 0 -32.3525 14.9904 0 -44.3 -16.5247 0 -81.9815 21.0519 0 -45.3908 18.5089 0 -44.9369 18.1334 0 -36.6578 20.9161 0 -36.3243 22.2151 0 -47.0904 -14.2163 0 -44.5907 17.6568 0 -36.6578 19.5751 0 -81.83501 20.4813 0 -45.9238 18.7597 0 -44.3738 -17.1091 0 -36.6578 -19.575 0 -35.6782 23.3902 0 -44.3738 17.1091 0 -36.3243 18.2761 0 -81.5512 19.9651 0 -46.5024 18.8701 0 -34.7602 24.3678 0 -47.6506 -14.3984 0 -44.3 16.5247 0 -44.5907 -17.6568 0 -36.6578 -20.9161 0 -48.1479 -14.714 0 -44.3738 15.9403 0 -44.9369 -18.1334 0 -44.5907 15.3926 0 -48.5512 -15.1434 0 -45.3908 -18.5089 0 -36.3243 -22.215 0 -44.9369 14.916 0 -48.835 -15.6596 0 -45.3908 14.5405 0 -45.9238 -18.7597 0 -35.6782 -23.3902 0 -48.9815 -16.2302 0 -46.5024 -18.8701 0 -34.7602 -24.3678 0 -11.0908 -20.79 0 -10.6369 -21.1654 0 -10.2907 -21.642 0 -11.6238 -20.5392 0 -10.0738 -22.1897 0 -71.35 3.93199 0 -62.8904 21.7114 0 -72.3833 4.78681 0 -10 -22.7741 0 -63.4506 21.8934 0 -2.2 -30.6196 0 -70.5618 2.84704 0 -73.5968 5.3578 0 -77.9369 19.7377 0 -70.0681 1.60014 0 -10.0738 -23.3586 0 -74.9141 5.6091 0 -78.3908 19.3622 0 -78.9238 19.1114 0 -69.9 0.269657 0 -10.2907 -23.9063 0 -76.2525 5.52489 0 -79.5024 19.001 0 -10.6369 -24.3828 0 -70.0681 -1.06083 0 -60.7369 25.6284 0 -77.5279 5.11049 0 -80.0903 19.038 0 -61.1908 26.0039 0 -33.6279 25.0864 0 -60.3907 25.1518 0 -47.0904 18.8331 0 -70.5618 -2.30772 0 -78.6602 4.3919 0 -80.6506 19.22 0 -81.1479 19.5357 0 -60.1738 24.6041 0 -47.6506 18.6511 0 -71.35 -3.39267 0 -79.5782 3.4143 0 -80.2243 2.23913 0 -11.0908 -24.7583 0 -80.5578 0.940194 0 -60.1 24.0197 0 -48.1479 18.3354 0 -11.6238 -25.0091 0 -60.1738 23.4353 0 -48.5512 17.906 0 -60.7369 -22.411 0 -48.835 -17.3898 0 -48.9815 -16.8192 0 -12.2024 -25.1195 0 -61.1908 -22.0355 0 -13.3506 -20.6478 0 -13.848 -20.9634 0 -60.3907 -22.8876 0 -48.5512 -17.906 0 -60.3907 22.8876 0 -48.835 17.3898 0 -61.7238 -21.7847 0 -60.1738 -23.4353 0 -48.1479 -18.3354 0 -62.3024 -21.6744 0 -60.1 -24.0197 0 -47.6506 -18.651 0 -60.7369 22.411 0 -48.9815 16.8192 0 -62.8904 -21.7113 0 -72.3833 -4.24749 0 -60.1738 -24.6041 0 -47.0904 -18.8331 0 -63.4506 -21.8934 0 -73.5968 -4.81849 0 -60.3907 -25.1518 0 -60.7369 -25.6284 0 -61.1908 -26.0039 0 -33.6279 -25.0864 0 -28.4833 -15.7284 0 -27.45 -16.5833 0 -26.6618 -17.6682 0 -14.2512 -21.3928 0.05526095 -1.53311 30.621 0.06814998 -1.48236 8.00001 0.217989 -1.09202 30.625 0.267949 -1 8.00001 0.381965 -0.824429 30.6291 0.585787 -0.585787 8.00001 0.585787 -0.585787 30.6342 0.824429 -0.381965 30.6291 0.585787 -0.585787 8.00001 1 -0.267949 8.00001 0.585787 -0.585787 30.6342 1.09202 -0.217989 30.625 1.48236 -0.06814998 8.00001 1.53311 -0.05526095 30.621 -0.287347 0.287347 -8.06814 -0.846364 -0.441182 -8.06814 -0.628427 0.628427 -8.26794 0.2 1.2641 -8.26794 -0.92132 0.92132 -8.585781 -0.007103979 1.62282 -8.585781 -0.299998 2.13013 -9.99999 -1.33553 1.33553 -9.99999 -0.265926 2.07111 -9.48235 0.923544 2.5638 -9.48235 -0.166025 1.89808 -8.99999 -1.2641 -0.2 -8.26794 -0.007103979 1.62282 -8.585781 -1.14606 1.14606 -8.99999 -0.92132 0.92132 -8.585781 -1.19778 -1.28957 -8.06814 -1.31764 -2.2 -8.06814 -1.62282 0.007103979 -8.585781 -1.33553 1.33553 -9.99999 -2.13013 0.299998 -9.99999 -1.28735 1.28735 -9.48235 -1.28735 1.28735 -9.48235 0.905905 2.62963 -9.99999 -1.8 -2.2 -8.26794 -1.6637 -1.16472 -8.26794 -2.21421 -2.2 -8.585781 -0.92132 0.92132 -8.585781 -1.14606 1.14606 -8.99999 -1.89808 0.166025 -8.99999 -1.62282 0.007103979 -8.585781 -2.0638 -1.05752 -8.585781 -2.53205 -2.2 -8.99999 -2.21421 -2.2 -8.585781 -2.0638 -1.05752 -8.585781 -2.07111 0.265926 -9.48235 -2.62963 -0.905905 -9.99999 -2.37081 -0.975255 -8.99999 -2.73185 -2.2 -9.48235 -2.5638 -0.923544 -9.48235 -2.8 -2.2 -9.99999 1.28957 1.19778 -8.06814 1.16472 1.6637 -8.26794 0.441182 0.846364 -8.06814 1.05752 2.0638 -8.585781 0.975255 2.37081 -8.99999 1.05752 2.0638 -8.585781 -1.58342 -38.2918 -8.15982 -2.24164 -43.6525 -8.61375 2.2 0 -7.99999 0 -2.2 -11 0 -2.2 -7.99999 2.2 0 -11 0.05526095 -1.53311 -30.621 0.06814998 -1.48236 -7.99999 0.217989 -1.09202 -30.625 0.267949 -1 -7.99999 0.381965 -0.824429 -30.6291 0.585787 -0.585787 -7.99999 0.585787 -0.585787 -30.6342 0.824429 -0.381965 -30.6291 0.585787 -0.585787 -7.99999 0.585787 -0.585787 -30.6342 1 -0.267949 -7.99999 1.09202 -0.217989 -30.625 1.48236 -0.06814998 -7.99999 1.53311 -0.05526095 -30.621 -2.73844 -1.41783 -30.5515 -2.8 -2.2 -30.55 -2.55528 -0.654917 -30.5561 -2.0632 0.41249 -30.5683 -1.33553 1.33553 -30.5864 -0.738926 1.84508 -30.5737 -1.33553 1.33553 -30.5864 -0.06995397 2.25503 -30.5635 1.03277 2.66185 -30.5534 2.2 2.8 -30.55 2.2 2.8 -30.6743 2.2 0 -30.6196 2.2 0 -30.6743 81.9043 0 -32.6559 2.2 0 -30.6743 81.9043 2.8 -32.6559 2.2 2.8 -30.6743 87.70001 0 -27.1414 87.70001 2.8 -27.1414 87.70001 0 -27.1414 87.70001 2.8 27.1414 87.70001 0 27.1414 87.70001 2.8 -27.1414 87.70001 2.8 27.1414 81.9043 2.8 32.6559 87.70001 0 27.1414 81.9043 0 32.6559 2.2 0 30.6743 2.2 2.6453 30.6743 2.2 2.8 30.6743 1.10719 2.67911 30.6471 1.10719 2.67911 30.6471 -2.8 -2.2 30.55 -2.66185 -1.03277 30.5534 -2.25503 0.06995397 30.5635 -1.84508 0.738926 30.5737 -1.33553 1.33553 30.5864 -0.738926 1.84508 30.5737 -1.33553 1.33553 30.5864 -0.06995397 2.25503 30.5635 1.03277 2.66185 30.5534 79.7976 2.8 -23.6917 79.7976 0 -23.6917 80.3762 0 -23.5814 80.3762 2.8 -23.5814 80.9092 2.8 -23.3306 80.9092 0 -23.3306 81.9262 2.8 -20.762 82 2.8 -21.3464 81.9262 0 -20.762 81.3631 0 -22.9551 82 0 -21.3464 81.3631 2.8 -22.9551 81.7093 2.8 -20.2143 81.7093 0 -20.2143 81.7093 2.8 -22.4785 81.3631 2.8 -22.9551 81.7093 0 -22.4785 81.3631 0 -22.9551 81.9262 0 -21.9308 81.3631 2.8 -19.7377 81.3631 0 -19.7377 80.9092 2.8 -19.3622 81.3631 2.8 -19.7377 81.3631 0 -19.7377 81.9262 2.8 -21.9308 80.9092 0 -19.3622 80.3762 2.8 -19.1114 80.3762 0 -19.1114 79.7976 2.8 -19.001 79.7976 0 -19.001 79.2097 2.8 -19.038 79.2097 0 -19.038 78.6494 2.8 -19.22 78.6494 0 -19.22 78.1521 2.8 -19.5357 78.1521 0 -19.5357 77.7488 2.8 -19.9651 78.1521 2.8 -19.5357 77.7488 0 -19.9651 78.1521 0 -19.5357 77.46501 2.8 -20.4813 77.46501 0 -20.4813 77.3185 2.8 -21.0518 77.3185 0 -21.0518 77.3185 0 -21.6409 77.3185 2.8 -21.6409 77.46501 2.8 -22.2115 77.46501 0 -22.2115 77.7488 0 -22.7277 77.7488 2.8 -22.7277 78.1521 2.8 -23.1571 78.1521 0 -23.1571 78.1521 2.8 -23.1571 78.1521 0 -23.1571 78.6494 0 -23.4727 78.6494 2.8 -23.4727 79.2097 0 -23.6548 79.2097 2.8 -23.6548 62.5976 2.8 -26.3651 62.5976 0 -26.3651 63.1762 0 -26.2547 63.1762 2.8 -26.2547 63.7092 2.8 -26.0039 63.7092 0 -26.0039 64.7262 2.8 -23.4353 64.80001 2.8 -24.0197 64.7262 0 -23.4353 64.1631 0 -25.6284 64.80001 0 -24.0197 64.1631 2.8 -25.6284 64.5093 2.8 -22.8876 64.5093 0 -22.8876 64.5093 2.8 -25.1518 64.1631 2.8 -25.6284 64.5093 0 -25.1518 64.1631 0 -25.6284 64.7262 0 -24.6041 64.1631 2.8 -22.411 64.1631 0 -22.411 63.7092 2.8 -22.0355 64.1631 2.8 -22.411 64.1631 0 -22.411 64.7262 2.8 -24.6041 63.7092 0 -22.0355 63.1762 2.8 -21.7847 63.1762 0 -21.7847 62.5976 2.8 -21.6744 62.5976 0 -21.6744 62.0097 2.8 -21.7113 62.0097 0 -21.7113 61.4494 2.8 -21.8934 61.4494 0 -21.8934 60.9521 2.8 -22.209 60.9521 0 -22.209 60.5488 2.8 -22.6384 60.9521 2.8 -22.209 60.5488 0 -22.6384 60.9521 0 -22.209 60.265 2.8 -23.1546 60.265 0 -23.1546 60.1185 2.8 -23.7252 60.1185 0 -23.7252 60.1185 0 -24.3142 60.1185 2.8 -24.3142 60.265 2.8 -24.8848 60.265 0 -24.8848 60.5488 0 -25.401 60.5488 2.8 -25.401 60.9521 2.8 -25.8304 60.9521 0 -25.8304 60.9521 2.8 -25.8304 60.9521 0 -25.8304 61.4494 0 -26.1461 61.4494 2.8 -26.1461 62.0097 0 -26.3281 62.0097 2.8 -26.3281 30.4976 2.8 -25.567 30.4976 0 -25.567 31.0762 0 -25.4566 31.0762 2.8 -25.4566 31.6092 2.8 -25.2058 31.6092 0 -25.2058 32.6262 2.8 -22.6372 32.7 2.8 -23.2216 32.6262 0 -22.6372 32.0631 0 -24.8303 32.7 0 -23.2216 32.0631 2.8 -24.8303 32.4093 2.8 -24.3538 32.0631 2.8 -24.8303 32.0631 0 -24.8303 32.4093 0 -24.3538 32.4093 2.8 -22.0895 32.4093 0 -22.0895 32.6262 0 -23.8061 32.6262 2.8 -23.8061 32.0631 2.8 -21.613 32.0631 0 -21.613 31.6092 2.8 -21.2375 32.0631 2.8 -21.613 32.0631 0 -21.613 31.6092 0 -21.2375 31.0762 2.8 -20.9867 31.0762 0 -20.9867 30.4976 2.8 -20.8763 30.4976 0 -20.8763 29.9097 2.8 -20.9133 29.9097 0 -20.9133 29.3494 2.8 -21.0953 29.3494 0 -21.0953 28.8521 2.8 -21.4109 28.8521 0 -21.4109 28.4488 2.8 -21.8404 28.8521 2.8 -21.4109 28.4488 0 -21.8404 28.8521 0 -21.4109 28.165 2.8 -22.3566 28.165 0 -22.3566 28.0185 2.8 -22.9271 28.0185 0 -22.9271 28.0185 0 -23.5162 28.0185 2.8 -23.5162 28.165 2.8 -24.0867 28.165 0 -24.0867 28.4488 0 -24.6029 28.4488 2.8 -24.6029 28.8521 2.8 -25.0324 28.8521 0 -25.0324 28.8521 2.8 -25.0324 28.8521 0 -25.0324 29.3494 0 -25.348 29.3494 2.8 -25.348 29.9097 2.8 -25.53 29.9097 0 -25.53 46.7976 2.8 -18.8701 46.7976 0 -18.8701 47.3762 0 -18.7597 47.3762 2.8 -18.7597 47.9092 2.8 -18.5089 47.9092 0 -18.5089 48.9262 2.8 -15.9403 49 2.8 -16.5247 48.9262 0 -15.9403 48.3631 0 -18.1334 49 0 -16.5247 48.3631 2.8 -18.1334 48.7093 2.8 -15.3926 48.7093 0 -15.3926 48.7093 2.8 -17.6568 48.3631 2.8 -18.1334 48.7093 0 -17.6568 48.3631 0 -18.1334 48.9262 0 -17.1091 48.3631 2.8 -14.916 48.3631 0 -14.916 47.9092 2.8 -14.5405 48.3631 2.8 -14.916 48.3631 0 -14.916 48.9262 2.8 -17.1091 47.9092 0 -14.5405 47.3762 2.8 -14.2897 47.3762 0 -14.2897 46.7976 2.8 -14.1793 46.7976 0 -14.1793 46.2097 2.8 -14.2163 46.2097 0 -14.2163 45.6494 2.8 -14.3984 45.6494 0 -14.3984 45.1521 2.8 -14.714 45.1521 0 -14.714 44.7488 2.8 -15.1434 45.1521 2.8 -14.714 44.7488 0 -15.1434 45.1521 0 -14.714 44.465 2.8 -15.6596 44.465 0 -15.6596 44.3185 2.8 -16.2302 44.3185 0 -16.2302 44.3185 0 -16.8192 44.3185 2.8 -16.8192 44.465 2.8 -17.3898 44.465 0 -17.3898 44.7488 0 -17.906 44.7488 2.8 -17.906 45.1521 2.8 -18.3354 45.1521 0 -18.3354 45.1521 2.8 -18.3354 45.1521 0 -18.3354 45.6494 0 -18.651 45.6494 2.8 -18.651 46.2097 0 -18.8331 46.2097 2.8 -18.8331 62.5976 2.8 21.6744 62.5976 0 21.6744 63.1762 0 21.7847 63.1762 2.8 21.7847 63.7092 2.8 22.0356 64.7262 2.8 24.6041 64.80001 2.8 24.0197 64.80001 0 24.0197 63.7092 0 22.0356 64.5093 2.8 25.1518 64.7262 0 24.6041 64.1631 0 22.411 64.1631 2.8 22.411 64.1631 2.8 25.6284 64.5093 0 25.1518 64.5093 2.8 22.8876 64.1631 2.8 22.411 64.5093 0 22.8876 64.1631 0 22.411 64.7262 0 23.4353 64.1631 0 25.6284 64.7262 2.8 23.4353 63.7092 2.8 26.0039 64.1631 2.8 25.6284 63.7092 0 26.0039 64.1631 0 25.6284 63.1762 2.8 26.2547 63.1762 0 26.2547 62.5976 2.8 26.3651 62.5976 0 26.3651 62.0097 2.8 26.3281 62.0097 0 26.3281 61.4494 2.8 26.1461 61.4494 0 26.1461 60.9521 2.8 25.8304 60.9521 0 25.8304 60.5488 2.8 25.401 60.9521 2.8 25.8304 60.5488 0 25.401 60.9521 0 25.8304 60.265 2.8 24.8848 60.265 0 24.8848 60.1185 2.8 24.3143 60.1185 0 24.3143 60.1185 0 23.7252 60.1185 2.8 23.7252 60.265 0 23.1546 60.265 2.8 23.1546 60.5488 0 22.6384 60.5488 2.8 22.6384 60.9521 0 22.209 60.9521 2.8 22.209 60.9521 2.8 22.209 60.9521 0 22.209 61.4494 0 21.8934 61.4494 2.8 21.8934 62.0097 0 21.7114 62.0097 2.8 21.7114 78.7976 2.8 18.9762 78.7976 0 18.9762 79.3762 0 19.0865 79.3762 2.8 19.0865 79.9092 2.8 19.3374 80.9262 2.8 21.9059 81 2.8 21.3215 81 0 21.3215 79.9092 0 19.3374 80.7093 2.8 22.4536 80.9262 0 21.9059 80.3631 0 19.7128 80.3631 2.8 19.7128 80.3631 2.8 22.9302 80.7093 0 22.4536 80.7093 2.8 20.1894 80.3631 2.8 19.7128 80.7093 0 20.1894 80.3631 0 19.7128 80.9262 0 20.7371 80.3631 0 22.9302 80.9262 2.8 20.7371 79.9092 2.8 23.3057 80.3631 2.8 22.9302 79.9092 0 23.3057 80.3631 0 22.9302 79.3762 2.8 23.5565 79.3762 0 23.5565 78.7976 2.8 23.6669 78.7976 0 23.6669 78.2097 2.8 23.6299 78.2097 0 23.6299 77.6494 2.8 23.4479 77.6494 0 23.4479 77.152 2.8 23.1322 77.152 0 23.1322 76.7488 2.8 22.7028 77.152 2.8 23.1322 76.7488 0 22.7028 77.152 0 23.1322 76.46501 2.8 22.1866 76.46501 0 22.1866 76.3185 2.8 21.6161 76.3185 0 21.6161 76.3185 0 21.027 76.3185 2.8 21.027 76.46501 0 20.4564 76.46501 2.8 20.4564 76.7488 0 19.9402 76.7488 2.8 19.9402 77.152 0 19.5108 77.152 2.8 19.5108 77.152 2.8 19.5108 77.152 0 19.5108 77.6494 0 19.1952 77.6494 2.8 19.1952 78.2097 0 19.0132 78.2097 2.8 19.0132 30.4976 2.8 20.8763 30.4976 0 20.8763 31.0762 0 20.9867 31.0762 2.8 20.9867 31.6092 2.8 21.2375 32.6262 2.8 23.8061 32.7 2.8 23.2217 32.7 0 23.2217 31.6092 0 21.2375 32.4093 2.8 24.3538 32.6262 0 23.8061 32.0631 0 21.613 32.0631 2.8 21.613 32.0631 2.8 24.8303 32.4093 0 24.3538 32.4093 2.8 22.0895 32.0631 2.8 21.613 32.4093 0 22.0895 32.0631 0 21.613 32.6262 0 22.6372 32.0631 0 24.8303 32.6262 2.8 22.6372 31.6092 2.8 25.2058 32.0631 2.8 24.8303 31.6092 0 25.2058 32.0631 0 24.8303 31.0762 2.8 25.4566 31.0762 0 25.4566 30.4976 2.8 25.567 30.4976 0 25.567 29.9097 2.8 25.53 29.9097 0 25.53 29.3494 2.8 25.348 29.3494 0 25.348 28.8521 2.8 25.0324 28.8521 0 25.0324 28.4488 2.8 24.603 28.8521 2.8 25.0324 28.4488 0 24.603 28.8521 0 25.0324 28.165 2.8 24.0867 28.165 0 24.0867 28.0185 2.8 23.5162 28.0185 0 23.5162 28.0185 0 22.9271 28.0185 2.8 22.9271 28.165 0 22.3566 28.165 2.8 22.3566 28.4488 0 21.8404 28.4488 2.8 21.8404 28.8521 0 21.411 28.8521 2.8 21.411 28.8521 2.8 21.411 28.8521 0 21.411 29.3494 0 21.0953 29.3494 2.8 21.0953 29.9097 0 20.9133 29.9097 2.8 20.9133 46.7976 2.8 14.1793 46.7976 0 14.1793 47.3762 0 14.2897 47.3762 2.8 14.2897 47.9092 2.8 14.5405 47.9092 0 14.5405 48.9262 2.8 17.1091 49 2.8 16.5247 48.9262 0 17.1091 48.7093 2.8 17.6568 48.3631 0 14.916 49 0 16.5247 48.3631 2.8 14.916 48.3631 2.8 18.1334 48.7093 0 17.6568 48.7093 2.8 15.3926 48.3631 2.8 14.916 48.7093 0 15.3926 48.3631 0 14.916 48.9262 0 15.9403 48.3631 0 18.1334 48.9262 2.8 15.9403 47.9092 2.8 18.5089 48.3631 2.8 18.1334 47.9092 0 18.5089 48.3631 0 18.1334 47.3762 2.8 18.7597 47.3762 0 18.7597 46.7976 2.8 18.8701 46.7976 0 18.8701 46.2097 2.8 18.8331 46.2097 0 18.8331 45.6494 2.8 18.6511 45.6494 0 18.6511 45.1521 2.8 18.3354 45.1521 0 18.3354 44.7488 2.8 17.906 45.1521 2.8 18.3354 44.7488 0 17.906 45.1521 0 18.3354 44.465 2.8 17.3898 44.465 0 17.3898 44.3185 2.8 16.8192 44.3185 0 16.8192 44.3185 0 16.2302 44.3185 2.8 16.2302 44.465 0 15.6596 44.465 2.8 15.6596 44.7488 0 15.1434 44.7488 2.8 15.1434 45.1521 0 14.714 45.1521 2.8 14.714 45.1521 2.8 14.714 45.1521 0 14.714 45.6494 0 14.3984 45.6494 2.8 14.3984 46.2097 0 14.2163 46.2097 2.8 14.2163 75.6859 2.8 -5.60661 75.6859 0 -5.60661 77.0032 0 -5.35532 77.0032 2.8 -5.35532 78.2167 2.8 -4.78431 78.2167 0 -4.78431 80.5319 2.8 1.06333 80.70001 2.8 -0.267154 80.5319 0 1.06333 79.25 0 -3.92949 80.70001 0 -0.267154 79.25 2.8 -3.92949 80.0382 2.8 -2.84454 79.25 2.8 -3.92949 80.0382 0 -2.84454 80.0382 2.8 2.31023 80.0382 0 2.31023 79.25 0 -3.92949 80.5319 0 -1.59765 80.5319 2.8 -1.59765 79.25 2.8 3.39516 79.25 0 3.39516 78.2167 2.8 4.25 79.25 2.8 3.39516 78.2167 0 4.25 77.0032 2.8 4.821 79.25 0 3.39516 77.0032 0 4.821 75.6859 2.8 5.07229 75.6859 0 5.07229 74.3475 2.8 4.98808 74.3475 0 4.98808 73.0721 2.8 4.57366 73.0721 0 4.57366 71.9398 2.8 3.85508 71.0218 2.8 2.87749 71.9398 2.8 3.85508 71.9398 0 3.85508 71.9398 0 3.85508 71.0218 0 2.87749 70.3757 2.8 1.70231 70.3757 0 1.70231 70.0422 2.8 0.403376 70.0422 0 0.403376 70.0422 0 -0.937695 70.0422 2.8 -0.937695 70.3757 2.8 -2.23662 70.3757 0 -2.23662 71.0218 0 -3.4118 71.0218 2.8 -3.4118 71.9398 2.8 -4.3894 71.9398 0 -4.3894 71.9398 2.8 -4.3894 71.9398 0 -4.3894 73.0721 0 -5.10798 73.0721 2.8 -5.10798 74.3475 2.8 -5.5224 74.3475 0 -5.5224 12.4976 2.8 -25.1195 12.4976 0 -25.1195 13.0762 0 -25.0091 13.0762 2.8 -25.0091 13.6092 2.8 -24.7583 13.6092 0 -24.7583 14.6262 2.8 -22.1897 14.7 2.8 -22.7741 14.6262 0 -22.1897 14.0631 0 -24.3828 14.7 0 -22.7741 14.0631 2.8 -24.3828 14.4093 2.8 -23.9063 14.0631 2.8 -24.3828 14.0631 0 -24.3828 14.4093 0 -23.9063 14.4093 2.8 -21.642 14.4093 0 -21.642 14.6262 0 -23.3586 14.6262 2.8 -23.3586 14.0631 2.8 -21.1654 14.0631 0 -21.1654 13.6092 2.8 -20.79 14.0631 2.8 -21.1654 14.0631 0 -21.1654 13.6092 0 -20.79 13.0762 2.8 -20.5392 13.0762 0 -20.5392 12.4976 2.8 -20.4288 12.4976 0 -20.4288 11.9097 2.8 -20.4658 11.9097 0 -20.4658 11.3494 2.8 -20.6478 11.3494 0 -20.6478 10.852 2.8 -20.9634 10.852 0 -20.9634 10.4488 2.8 -21.3928 10.852 2.8 -20.9634 10.4488 0 -21.3928 10.852 0 -20.9634 10.165 2.8 -21.909 10.165 0 -21.909 10.0185 2.8 -22.4796 10.0185 0 -22.4796 10.0185 0 -23.0687 10.0185 2.8 -23.0687 10.165 2.8 -23.6392 10.165 0 -23.6392 10.4488 0 -24.1554 10.4488 2.8 -24.1554 10.852 2.8 -24.5848 10.852 0 -24.5848 10.852 2.8 -24.5848 10.852 0 -24.5848 11.3494 0 -24.9005 11.3494 2.8 -24.9005 11.9097 2.8 -25.0825 11.9097 0 -25.0825 12.4976 2.8 20.4288 12.4976 0 20.4288 13.0762 0 20.5392 13.0762 2.8 20.5392 13.6092 2.8 20.79 14.6262 2.8 23.3586 14.7 2.8 22.7741 14.7 0 22.7741 13.6092 0 20.79 14.4093 2.8 23.9063 14.6262 0 23.3586 14.0631 0 21.1655 14.0631 2.8 21.1655 14.0631 2.8 24.3828 14.4093 0 23.9063 14.4093 2.8 21.642 14.0631 2.8 21.1655 14.4093 0 21.642 14.0631 0 21.1655 14.6262 0 22.1897 14.0631 0 24.3828 14.6262 2.8 22.1897 13.6092 2.8 24.7583 14.0631 2.8 24.3828 13.6092 0 24.7583 14.0631 0 24.3828 13.0762 2.8 25.0091 13.0762 0 25.0091 12.4976 2.8 25.1195 12.4976 0 25.1195 11.9097 2.8 25.0825 11.9097 0 25.0825 11.3494 2.8 24.9005 11.3494 0 24.9005 10.852 2.8 24.5848 10.852 0 24.5848 10.4488 2.8 24.1554 10.852 2.8 24.5848 10.4488 0 24.1554 10.852 0 24.5848 10.165 2.8 23.6392 10.165 0 23.6392 10.0185 2.8 23.0687 10.0185 0 23.0687 10.0185 0 22.4796 10.0185 2.8 22.4796 10.165 0 21.9091 10.165 2.8 21.9091 10.4488 0 21.3928 10.4488 2.8 21.3928 10.852 0 20.9634 10.852 2.8 20.9634 10.852 2.8 20.9634 10.852 0 20.9634 11.3494 0 20.6478 11.3494 2.8 20.6478 11.9097 0 20.4658 11.9097 2.8 20.4658 -2.8 -36.3243 18.2761 -2.8 -44.3738 17.1091 -2.8 -36.6578 19.5751 -2.8 -44.3 16.5247 -2.8 -13.3506 -20.6478 -2.8 -13.848 -20.9634 -2.8 -26.6618 -17.6682 -2.8 -27.45 -16.5833 -2.8 -44.3738 15.9403 -2.8 -81.5512 22.7277 -2.8 -87.70001 27.0025 -2.8 -81.1479 23.1571 -2.8 -14.535 -21.909 -2.8 -26 -20.2456 -2.8 -26.1681 -18.9151 -2.8 -80.6506 23.4727 -2.8 -82.0431 32.6594 -2.8 -14.2512 -21.3928 -2.8 -35.6782 17.1009 -2.8 -44.5907 15.3926 -2.8 -81.83501 22.2115 -2.8 -12.7904 -20.4658 -2.8 -80.0903 23.6548 -2.8 -14.6815 -22.4796 -2.8 -81.9815 21.6409 -2.8 -34.7602 16.1233 -2.8 -44.9369 14.916 -2.8 -79.5024 23.6918 -2.8 -26.1681 -21.5761 -2.8 -28.4833 -15.7284 -2.8 -81.9815 21.0519 -2.8 -78.9238 23.5814 -2.8 -33.6279 15.4048 -2.8 -81.1468 -32.6371 -2.8 -87.70001 -28.0485 -2.8 -80.6506 -23.4727 -2.8 -12.2024 -20.4288 -2.8 -80.0903 -23.6548 -2.8 -81.83501 20.4813 -2.8 -79.5024 -23.6917 -2.8 -78.9238 -23.5814 -2.8 -14.6815 -23.0687 -2.8 -78.3908 -23.3306 -2.8 -78.3908 23.3306 -2.8 -26.6618 -22.823 -2.8 -11.6238 -20.5392 -2.8 -81.5512 19.9651 -2.8 -14.535 -23.6392 -2.8 -11.0908 -20.79 -2.8 -14.2512 -24.1554 -2.8 -27.45 -23.9079 -2.8 -10.6369 -21.1654 -2.8 -13.848 -24.5848 -2.8 -28.4833 -24.7627 -2.8 -10.2907 -21.642 -2.8 -13.3506 -24.9005 -2.8 -29.6968 -25.3337 -2.8 -10.0738 -22.1897 -2.8 -12.7904 -25.0825 -2.8 -63.9479 -22.209 -2.8 -77.5907 -20.2143 -2.8 -77.9369 -19.7377 -2.8 -73.5968 -4.81849 -2.8 -64.3512 -22.6384 -2.8 -77.3738 -20.762 -2.8 -63.4506 -21.8934 -2.8 -72.3833 -4.24749 -2.8 -64.635 -23.1546 -2.8 -77.30001 -21.3464 -2.8 -64.3512 25.401 -2.8 -63.9479 25.8304 -2.8 -11.0908 -24.7583 -2.8 -10.6369 -24.3828 -2.8 -77.9369 22.9551 -2.8 -10.2907 -23.9063 -2.8 -10.0738 -23.3586 -2.8 -10 -22.7741 -2.8 -62.8904 -21.7113 -2.8 -71.35 -3.39267 -2.8 -63.4506 26.1461 -2.8 -64.635 24.8848 -2.8 -2.2 -30.6743 -2.8 -12.2024 -25.1195 -2.8 -11.6238 -25.0091 -2.8 -64.7815 -23.7252 -2.8 -31.0141 -25.585 -2.8 -77.5907 22.4785 -2.8 -77.3738 -21.9308 -2.8 -32.3525 -25.5008 -2.8 -62.3024 -26.3651 -2.8 -61.7238 -26.2547 -2.8 -45.3908 -14.5405 -2.8 -62.8904 26.3281 -2.8 -44.9369 -14.916 -2.8 -32.3525 -14.9903 -2.8 -62.3024 -21.6744 -2.8 -70.5618 -2.30772 -2.8 -33.6279 -15.4048 -2.8 -31.0141 -14.9061 -2.8 -64.7815 24.3143 -2.8 -29.6968 -15.1574 -2.8 -45.3908 14.5405 -2.8 -64.7815 -24.3142 -2.8 -32.3525 14.9904 -2.8 -31.0141 14.9062 -2.8 -29.6968 15.1574 -2.8 -77.3738 21.9308 -2.8 -28.4833 15.7284 -2.8 -77.5907 -22.4785 -2.8 -69.9 0.269657 -2.8 -62.3024 26.3651 -2.8 -70.0681 -1.06083 -2.8 -64.7815 23.7252 -2.8 -77.30001 21.3464 -2.8 -64.635 -24.8848 -2.8 -61.7238 26.2547 -2.8 -77.9369 -22.9551 -2.8 -64.635 23.1546 -2.8 -64.3512 -25.401 -2.8 -77.3738 20.762 -2.8 -64.3512 22.6384 -2.8 -13.848 24.5848 -2.8 -27.45 23.9079 -2.8 -28.4833 24.7627 -2.8 -77.5907 20.2143 -2.8 -63.9479 22.209 -2.8 -14.2512 24.1554 -2.8 -26.6618 22.823 -2.8 -13.3506 24.9005 -2.8 -29.6968 25.3337 -2.8 -61.7238 -21.7847 -2.8 -14.535 23.6392 -2.8 -63.9479 -25.8304 -2.8 -12.7904 25.0825 -2.8 -14.6815 23.0687 -2.8 -26.1681 21.5761 -2.8 -78.6602 4.3919 -2.8 -81.1479 19.5357 -2.8 -80.6506 19.22 -2.8 -80.0903 19.038 -2.8 -79.5782 3.4143 -2.8 -77.5279 5.11049 -2.8 -79.5024 19.001 -2.8 -63.4506 -26.1461 -2.8 -14.6815 22.4796 -2.8 -26 20.2456 -2.8 -80.2243 2.23913 -2.8 -76.2525 5.52489 -2.8 -78.9238 19.1114 -2.8 -62.8904 -26.3281 -2.8 -14.535 21.9091 -2.8 -26.1681 18.9151 -2.8 -80.5578 0.940194 -2.8 -74.9141 5.6091 -2.8 -78.3908 19.3622 -2.8 -77.9369 19.7377 -2.8 -80.5578 -0.400873 -2.8 -73.5968 5.3578 -2.8 -63.4506 21.8934 -2.8 -14.2512 21.3928 -2.8 -72.3833 4.78681 -2.8 -62.8904 21.7114 -2.8 -71.35 3.93199 -2.8 -62.3024 21.6744 -2.8 -13.848 20.9634 -2.8 -26.6618 17.6682 -2.8 -70.5618 2.84704 -2.8 -13.3506 20.6478 -2.8 -27.45 16.5833 -2.8 -48.5512 -15.1434 -2.8 -48.1479 -14.714 -2.8 -12.7904 20.4658 -2.8 -47.6506 -14.3984 -2.8 -48.835 -15.6596 -2.8 -2.2 30.6743 -2.8 -31.0141 25.585 -2.8 -48.1479 18.3354 -2.8 -60.1738 23.4353 -2.8 -60.1 24.0197 -2.8 -11.0908 24.7583 -2.8 -11.6238 25.0091 -2.8 -12.2024 25.1195 -2.8 -48.5512 17.906 -2.8 -60.3907 22.8876 -2.8 -47.6506 18.6511 -2.8 -60.1738 24.6041 -2.8 -47.0904 -14.2163 -2.8 -48.9815 -16.2302 -2.8 -48.835 17.3898 -2.8 -61.1908 -22.0355 -2.8 -60.7369 22.411 -2.8 -10 22.7741 -2.8 -10.0738 23.3586 -2.8 -47.0904 18.8331 -2.8 -60.3907 25.1518 -2.8 -10.2907 23.9063 -2.8 -10.6369 24.3828 -2.8 -48.9815 16.8192 -2.8 -61.1908 22.0356 -2.8 -46.5024 -14.1793 -2.8 -46.5024 18.8701 -2.8 -60.7369 25.6284 -2.8 -10.0738 22.1897 -2.8 -48.9815 -16.8192 -2.8 -48.9815 16.2302 -2.8 -61.7238 21.7847 -2.8 -60.7369 -22.411 -2.8 -48.835 15.6596 -2.8 -45.9238 -14.2897 -2.8 -48.835 -17.3898 -2.8 -60.3907 -22.8876 -2.8 -48.5512 -17.906 -2.8 -60.1738 -23.4353 -2.8 -81.1479 -19.5357 -2.8 -79.5782 -2.87499 -2.8 -78.6602 -3.85259 -2.8 -81.5512 -19.9651 -2.8 -80.2243 -1.69982 -2.8 -48.1479 -18.3354 -2.8 -60.1 -24.0197 -2.8 -80.6506 -19.22 -2.8 -47.6506 -18.651 -2.8 -60.1738 -24.6041 -2.8 -81.83501 -20.4813 -2.8 -47.0904 -18.8331 -2.8 -60.3907 -25.1518 -2.8 -80.0903 -19.038 -2.8 -77.5279 -4.57116 -2.8 -46.5024 -18.8701 -2.8 -60.7369 -25.6284 -2.8 -79.5024 -19.001 -2.8 -76.2525 -4.98558 -2.8 -34.7602 -16.1233 -2.8 -44.5907 -15.3926 -2.8 -35.6782 -17.1009 -2.8 -44.3738 -15.9403 -2.8 -78.9238 -19.1114 -2.8 -74.9141 -5.06979 -2.8 -81.9815 -21.0518 -2.8 -81.9815 -21.6409 -2.8 -36.3243 -18.2761 -2.8 -44.3 -16.5247 -2.8 -81.83501 -22.2115 -2.8 -34.7602 24.3678 -2.8 -44.3738 -17.1091 -2.8 -61.1908 26.0039 -2.8 -35.6782 23.3902 -2.8 -45.9238 18.7597 -2.8 -36.6578 -19.575 -2.8 -44.5907 -17.6568 -2.8 -78.3908 -19.3622 -2.8 -81.5512 -22.7277 -2.8 -33.6279 25.0864 -2.8 -36.6578 -20.9161 -2.8 -45.3908 -18.5089 -2.8 -44.9369 -18.1334 -2.8 -36.3243 22.2151 -2.8 -45.3908 18.5089 -2.8 -48.5512 15.1434 -2.8 -48.1479 14.714 -2.8 -47.6506 14.3984 -2.8 -47.0904 14.2163 -2.8 -46.5024 14.1793 -2.8 -36.3243 -22.215 -2.8 -45.9238 -18.7597 -2.8 -45.9238 14.2897 -2.8 -81.1479 -23.1571 -2.8 -32.3525 25.5008 -2.8 -35.6782 -23.3902 -2.8 -36.6578 20.9161 -2.8 -44.5907 17.6568 -2.8 -44.9369 18.1334 -2.8 -12.2024 20.4288 -2.8 -11.6238 20.5392 -2.8 -11.0908 20.79 -2.8 -10.6369 21.1655 -2.8 -10.2907 21.642 -2.8 -34.7602 -24.3678 -2.8 -61.1908 -26.0039 -2.8 -33.6279 -25.0864 -2.8 -70.0681 1.60014 32.5988 -1.99073 7 32.4628 -0.583071 10.4142 11.3756 -2.09745 11 12.6607 -1.90807 11 2.2 0 11 10.1158 -2.41415 11 8.89388 -2.85499 11 7.72207 -3.41557 11 6.61205 -4.0903 11 5.5749 -4.87244 11 4.621 -5.75418 11 0 -2.2 11 3.75985 -6.72672 11 3.00006 -7.78034 11 2.34921 -8.90453 11 1.8138 -10.0881 11 1.39918 -11.3191 11 1.10949 -12.5854 11 0.947613 -13.8743 11 32.4065 0 11 0 -26.4928 11 2.2 2.8 30.55 2 0 30.6196 2.2 0 30.6196 1.03277 2.66185 30.5534 1.53311 -0.05526095 30.621 -0.06995397 2.25503 30.5635 1.09202 -0.217989 30.625 -0.738926 1.84508 30.5737 0.824429 -0.381965 30.6291 -1.33553 1.33553 30.5864 0.585787 -0.585787 30.6342 2.2 0 30.6196 2.2 0 30.6743 2.2 2.6453 30.6743 2.2 2.8 30.55 2.2 0 -30.6196 2 0 -30.6196 2.2 2.8 -30.55 1.53311 -0.05526095 -30.621 1.03277 2.66185 -30.5534 1.09202 -0.217989 -30.625 -0.06995397 2.25503 -30.5635 0.824429 -0.381965 -30.6291 -0.738926 1.84508 -30.5737 0.585787 -0.585787 -30.6342 -1.33553 1.33553 -30.5864 2.2 0 -11 12.6607 -1.90807 -11 11.3756 -2.09745 -11 10.1158 -2.41415 -11 8.89388 -2.85499 -11 7.72207 -3.41557 -11 6.61205 -4.0903 -11 5.5749 -4.87244 -11 0 -2.2 -11 4.621 -5.75418 -11 3.75985 -6.72672 -11 3.00006 -7.78034 -11 2.34921 -8.90453 -11 1.8138 -10.0881 -11 1.39918 -11.3191 -11 1.10949 -12.5854 -11 0.947613 -13.8743 -11 32.4065 0 -11 0 -26.4928 -11 32.4628 -0.583071 -10.4142 32.5988 -1.99073 -6.99999 12.8531 -3.8988 -6.99999 12.8531 -3.8988 7 2.942 -14.0241 -6.99999 2.942 -14.0241 7 1.99439 -26.6426 7 1.99439 -26.6426 -6.99999 0.584144 -26.5367 -10.4142 0 -34.3151 -10.4142 0.584144 -26.5367 -10.4142 0 -2.2 -30.6196 -2.8 -2.2 -30.55 0 -2 -30.6196 -2.73844 -1.41783 -30.5515 -2.55528 -0.654917 -30.5561 0.05526095 -1.53311 -30.621 -2.0632 0.41249 -30.5683 0.217989 -1.09202 -30.625 0.381965 -0.824429 -30.6291 -2.8 -2.2 -30.6743 -2.8 -2.2 -30.55 0 -2.2 -30.6196 0 -2.2 -30.6743 0 -81.1468 -32.6371 -2.8 -81.1468 -32.6371 0 -2.2 -30.6743 -2.8 -2.2 -30.6743 -2.8 -87.70001 -28.0485 0 -87.70001 -28.0485 -2.8 -87.70001 -28.0485 0 -87.70001 27.0025 -2.8 -87.70001 27.0025 0 -87.70001 -28.0485 -2.8 -82.0431 32.6594 0 -82.0431 32.6594 -2.8 -2.2 30.6743 0 -82.0431 32.6594 0 -2.2 30.6743 -2.8 -82.0431 32.6594 -2.8 -2.2 30.55 -2.8 -2.2 30.6743 0 -2.2 30.6196 0 -2.2 30.6743 0 -2.2 30.6196 0 -2 30.6196 -2.8 -2.2 30.55 0.05526095 -1.53311 30.621 -2.66185 -1.03277 30.5534 0.217989 -1.09202 30.625 -2.25503 0.06995397 30.5635 0.381965 -0.824429 30.6291 -1.84508 0.738926 30.5737 0 -34.3151 10.4142 0.584144 -26.5367 10.4142 0.584144 -26.5367 10.4142 -2.8 -74.9141 -5.06979 0 -74.9141 -5.06979 0 -73.5968 -4.81849 -2.8 -73.5968 -4.81849 0 -72.3833 -4.24749 -2.8 -72.3833 -4.24749 -2.8 -70.0681 1.60014 -2.8 -69.9 0.269657 0 -70.0681 1.60014 0 -69.9 0.269657 0 -71.35 -3.39267 -2.8 -71.35 -3.39267 -2.8 -70.5618 -2.30772 -2.8 -71.35 -3.39267 0 -71.35 -3.39267 -2.8 -70.5618 2.84704 0 -70.5618 2.84704 -2.8 -71.35 3.93199 0 -70.5618 -2.30772 0 -71.35 3.93199 0 -70.0681 -1.06083 -2.8 -70.0681 -1.06083 -2.8 -72.3833 4.78681 -2.8 -71.35 3.93199 0 -72.3833 4.78681 -2.8 -73.5968 5.3578 0 -71.35 3.93199 0 -73.5968 5.3578 -2.8 -74.9141 5.6091 0 -74.9141 5.6091 -2.8 -76.2525 5.52489 0 -76.2525 5.52489 -2.8 -77.5279 5.11049 0 -77.5279 5.11049 -2.8 -78.6602 4.3919 0 -78.6602 4.3919 -2.8 -79.5782 3.4143 -2.8 -78.6602 4.3919 0 -79.5782 3.4143 0 -78.6602 4.3919 -2.8 -80.2243 2.23913 0 -80.2243 2.23913 0 -80.5578 0.940194 -2.8 -80.5578 0.940194 0 -80.5578 -0.400873 -2.8 -80.5578 -0.400873 0 -80.2243 -1.69982 -2.8 -80.2243 -1.69982 -2.8 -79.5782 -2.87499 0 -79.5782 -2.87499 0 -78.6602 -3.85259 -2.8 -78.6602 -3.85259 -2.8 -78.6602 -3.85259 0 -78.6602 -3.85259 0 -77.5279 -4.57116 -2.8 -77.5279 -4.57116 0 -76.2525 -4.98558 -2.8 -76.2525 -4.98558 -2.8 -62.3024 21.6744 0 -62.3024 21.6744 0 -61.7238 21.7847 -2.8 -61.7238 21.7847 0 -61.1908 22.0356 -2.8 -61.1908 22.0356 -2.8 -60.7369 22.411 -2.8 -60.1738 24.6041 -2.8 -60.1 24.0197 0 -60.1738 24.6041 0 -60.7369 22.411 0 -60.1 24.0197 -2.8 -60.7369 22.411 0 -60.7369 22.411 0 -60.3907 22.8876 -2.8 -60.3907 25.1518 0 -60.3907 25.1518 -2.8 -60.3907 22.8876 -2.8 -60.1738 23.4353 0 -60.1738 23.4353 -2.8 -60.7369 25.6284 0 -60.7369 25.6284 -2.8 -61.1908 26.0039 -2.8 -60.7369 25.6284 0 -61.1908 26.0039 -2.8 -61.7238 26.2547 0 -60.7369 25.6284 -2.8 -62.3024 26.3651 0 -61.7238 26.2547 0 -62.3024 26.3651 -2.8 -62.8904 26.3281 0 -62.8904 26.3281 -2.8 -63.4506 26.1461 0 -63.4506 26.1461 -2.8 -63.9479 25.8304 0 -63.9479 25.8304 -2.8 -64.3512 25.401 -2.8 -63.9479 25.8304 0 -63.9479 25.8304 0 -64.3512 25.401 -2.8 -64.635 24.8848 0 -64.635 24.8848 -2.8 -64.7815 24.3143 0 -64.7815 24.3143 -2.8 -64.7815 23.7252 0 -64.7815 23.7252 0 -64.635 23.1546 -2.8 -64.635 23.1546 0 -64.3512 22.6384 -2.8 -64.3512 22.6384 -2.8 -63.9479 22.209 0 -63.9479 22.209 -2.8 -63.9479 22.209 0 -63.9479 22.209 0 -63.4506 21.8934 -2.8 -63.4506 21.8934 0 -62.8904 21.7114 -2.8 -62.8904 21.7114 -2.8 -79.5024 19.001 0 -79.5024 19.001 0 -78.9238 19.1114 -2.8 -78.9238 19.1114 0 -78.3908 19.3622 -2.8 -78.3908 19.3622 -2.8 -77.9369 19.7377 -2.8 -77.3738 21.9308 -2.8 -77.30001 21.3464 0 -77.3738 21.9308 0 -77.9369 19.7377 0 -77.30001 21.3464 -2.8 -77.9369 19.7377 0 -77.9369 19.7377 0 -77.5907 20.2143 -2.8 -77.5907 22.4785 0 -77.5907 22.4785 -2.8 -77.5907 20.2143 -2.8 -77.3738 20.762 0 -77.3738 20.762 -2.8 -77.9369 22.9551 0 -77.9369 22.9551 -2.8 -78.3908 23.3306 -2.8 -77.9369 22.9551 0 -78.3908 23.3306 -2.8 -78.9238 23.5814 0 -77.9369 22.9551 -2.8 -79.5024 23.6918 0 -78.9238 23.5814 0 -79.5024 23.6918 -2.8 -80.0903 23.6548 0 -80.0903 23.6548 -2.8 -80.6506 23.4727 0 -80.6506 23.4727 -2.8 -81.1479 23.1571 0 -81.1479 23.1571 -2.8 -81.5512 22.7277 -2.8 -81.1479 23.1571 0 -81.1479 23.1571 0 -81.5512 22.7277 -2.8 -81.83501 22.2115 0 -81.83501 22.2115 -2.8 -81.9815 21.6409 0 -81.9815 21.6409 -2.8 -81.9815 21.0519 0 -81.9815 21.0519 0 -81.83501 20.4813 -2.8 -81.83501 20.4813 0 -81.5512 19.9651 -2.8 -81.5512 19.9651 -2.8 -81.1479 19.5357 0 -81.1479 19.5357 -2.8 -81.1479 19.5357 0 -81.1479 19.5357 0 -80.6506 19.22 -2.8 -80.6506 19.22 0 -80.0903 19.038 -2.8 -80.0903 19.038 -2.8 -79.5024 -23.6917 0 -79.5024 -23.6917 0 -78.9238 -23.5814 -2.8 -78.9238 -23.5814 0 -78.3908 -23.3306 -2.8 -78.3908 -23.3306 -2.8 -77.9369 -22.9551 -2.8 -77.3738 -20.762 -2.8 -77.30001 -21.3464 0 -77.3738 -20.762 0 -77.9369 -22.9551 0 -77.30001 -21.3464 -2.8 -77.9369 -22.9551 0 -77.9369 -22.9551 0 -77.5907 -22.4785 -2.8 -77.5907 -20.2143 0 -77.5907 -20.2143 -2.8 -77.5907 -22.4785 -2.8 -77.3738 -21.9308 0 -77.3738 -21.9308 -2.8 -77.9369 -19.7377 0 -77.9369 -19.7377 -2.8 -78.3908 -19.3622 -2.8 -77.9369 -19.7377 0 -78.3908 -19.3622 -2.8 -78.9238 -19.1114 0 -77.9369 -19.7377 -2.8 -79.5024 -19.001 0 -78.9238 -19.1114 0 -79.5024 -19.001 -2.8 -80.0903 -19.038 0 -80.0903 -19.038 -2.8 -80.6506 -19.22 0 -80.6506 -19.22 -2.8 -81.1479 -19.5357 0 -81.1479 -19.5357 -2.8 -81.5512 -19.9651 -2.8 -81.1479 -19.5357 0 -81.1479 -19.5357 0 -81.5512 -19.9651 -2.8 -81.83501 -20.4813 0 -81.83501 -20.4813 -2.8 -81.9815 -21.0518 0 -81.9815 -21.0518 -2.8 -81.9815 -21.6409 0 -81.9815 -21.6409 0 -81.83501 -22.2115 -2.8 -81.83501 -22.2115 0 -81.5512 -22.7277 -2.8 -81.5512 -22.7277 -2.8 -81.1479 -23.1571 0 -81.1479 -23.1571 -2.8 -81.1479 -23.1571 0 -81.1479 -23.1571 0 -80.6506 -23.4727 -2.8 -80.6506 -23.4727 0 -80.0903 -23.6548 -2.8 -80.0903 -23.6548 -2.8 -62.3024 -26.3651 0 -62.3024 -26.3651 0 -61.7238 -26.2547 -2.8 -61.7238 -26.2547 0 -61.1908 -26.0039 -2.8 -61.1908 -26.0039 -2.8 -60.7369 -25.6284 -2.8 -60.1738 -23.4353 -2.8 -60.1 -24.0197 0 -60.1738 -23.4353 0 -60.7369 -25.6284 0 -60.1 -24.0197 -2.8 -60.7369 -25.6284 0 -60.7369 -25.6284 0 -60.3907 -25.1518 -2.8 -60.3907 -22.8876 0 -60.3907 -22.8876 -2.8 -60.3907 -25.1518 -2.8 -60.1738 -24.6041 0 -60.1738 -24.6041 -2.8 -60.7369 -22.411 0 -60.7369 -22.411 -2.8 -61.1908 -22.0355 -2.8 -60.7369 -22.411 0 -61.1908 -22.0355 -2.8 -61.7238 -21.7847 0 -60.7369 -22.411 -2.8 -62.3024 -21.6744 0 -61.7238 -21.7847 0 -62.3024 -21.6744 -2.8 -62.8904 -21.7113 0 -62.8904 -21.7113 -2.8 -63.4506 -21.8934 0 -63.4506 -21.8934 -2.8 -63.9479 -22.209 0 -63.9479 -22.209 -2.8 -64.3512 -22.6384 -2.8 -63.9479 -22.209 0 -63.9479 -22.209 0 -64.3512 -22.6384 -2.8 -64.635 -23.1546 0 -64.635 -23.1546 -2.8 -64.7815 -23.7252 0 -64.7815 -23.7252 -2.8 -64.7815 -24.3142 0 -64.7815 -24.3142 0 -64.635 -24.8848 -2.8 -64.635 -24.8848 0 -64.3512 -25.401 -2.8 -64.3512 -25.401 -2.8 -63.9479 -25.8304 0 -63.9479 -25.8304 -2.8 -63.9479 -25.8304 0 -63.9479 -25.8304 0 -63.4506 -26.1461 -2.8 -63.4506 -26.1461 0 -62.8904 -26.3281 -2.8 -62.8904 -26.3281 -2.8 -31.0141 -25.585 0 -31.0141 -25.585 0 -29.6968 -25.3337 -2.8 -29.6968 -25.3337 0 -28.4833 -24.7627 -2.8 -28.4833 -24.7627 -2.8 -26.1681 -18.9151 -2.8 -26 -20.2456 0 -26.1681 -18.9151 0 -26 -20.2456 0 -27.45 -23.9079 -2.8 -27.45 -23.9079 -2.8 -26.6618 -22.823 -2.8 -27.45 -23.9079 0 -27.45 -23.9079 -2.8 -26.6618 -17.6682 0 -26.6618 -17.6682 -2.8 -27.45 -16.5833 0 -26.6618 -22.823 0 -27.45 -16.5833 0 -26.1681 -21.5761 -2.8 -26.1681 -21.5761 -2.8 -28.4833 -15.7284 -2.8 -27.45 -16.5833 0 -28.4833 -15.7284 -2.8 -29.6968 -15.1574 0 -27.45 -16.5833 0 -29.6968 -15.1574 -2.8 -31.0141 -14.9061 0 -31.0141 -14.9061 -2.8 -32.3525 -14.9903 0 -32.3525 -14.9903 -2.8 -33.6279 -15.4048 0 -33.6279 -15.4048 -2.8 -34.7602 -16.1233 0 -34.7602 -16.1233 -2.8 -35.6782 -17.1009 -2.8 -34.7602 -16.1233 0 -35.6782 -17.1009 0 -34.7602 -16.1233 -2.8 -36.3243 -18.2761 0 -36.3243 -18.2761 0 -36.6578 -19.575 -2.8 -36.6578 -19.575 0 -36.6578 -20.9161 -2.8 -36.6578 -20.9161 0 -36.3243 -22.215 -2.8 -36.3243 -22.215 -2.8 -35.6782 -23.3902 0 -35.6782 -23.3902 0 -34.7602 -24.3678 -2.8 -34.7602 -24.3678 -2.8 -34.7602 -24.3678 0 -34.7602 -24.3678 0 -33.6279 -25.0864 -2.8 -33.6279 -25.0864 0 -32.3525 -25.5008 -2.8 -32.3525 -25.5008 -2.8 -31.0141 14.9062 0 -31.0141 14.9062 0 -29.6968 15.1574 -2.8 -29.6968 15.1574 0 -28.4833 15.7284 -2.8 -28.4833 15.7284 -2.8 -26.1681 21.5761 -2.8 -26 20.2456 0 -26.1681 21.5761 0 -26 20.2456 0 -27.45 16.5833 -2.8 -27.45 16.5833 -2.8 -26.6618 17.6682 -2.8 -27.45 16.5833 0 -27.45 16.5833 -2.8 -26.6618 22.823 0 -26.6618 22.823 -2.8 -27.45 23.9079 0 -26.6618 17.6682 0 -27.45 23.9079 0 -26.1681 18.9151 -2.8 -26.1681 18.9151 -2.8 -28.4833 24.7627 -2.8 -27.45 23.9079 0 -28.4833 24.7627 -2.8 -29.6968 25.3337 0 -27.45 23.9079 0 -29.6968 25.3337 -2.8 -31.0141 25.585 0 -31.0141 25.585 -2.8 -32.3525 25.5008 0 -32.3525 25.5008 -2.8 -33.6279 25.0864 0 -33.6279 25.0864 -2.8 -34.7602 24.3678 0 -34.7602 24.3678 -2.8 -35.6782 23.3902 -2.8 -34.7602 24.3678 0 -35.6782 23.3902 0 -34.7602 24.3678 -2.8 -36.3243 22.2151 0 -36.3243 22.2151 0 -36.6578 20.9161 -2.8 -36.6578 20.9161 0 -36.6578 19.5751 -2.8 -36.6578 19.5751 0 -36.3243 18.2761 -2.8 -36.3243 18.2761 -2.8 -35.6782 17.1009 0 -35.6782 17.1009 0 -34.7602 16.1233 -2.8 -34.7602 16.1233 -2.8 -34.7602 16.1233 0 -34.7602 16.1233 0 -33.6279 15.4048 -2.8 -33.6279 15.4048 0 -32.3525 14.9904 -2.8 -32.3525 14.9904 -2.8 -46.5024 14.1793 0 -46.5024 14.1793 0 -45.9238 14.2897 -2.8 -45.9238 14.2897 0 -45.3908 14.5405 -2.8 -45.3908 14.5405 -2.8 -44.9369 14.916 -2.8 -44.3738 17.1091 -2.8 -44.3 16.5247 0 -44.3738 17.1091 0 -44.9369 14.916 0 -44.3 16.5247 -2.8 -44.9369 14.916 0 -44.9369 14.916 0 -44.5907 15.3926 -2.8 -44.5907 17.6568 0 -44.5907 17.6568 -2.8 -44.5907 15.3926 -2.8 -44.3738 15.9403 0 -44.3738 15.9403 -2.8 -44.9369 18.1334 0 -44.9369 18.1334 -2.8 -45.3908 18.5089 -2.8 -44.9369 18.1334 0 -45.3908 18.5089 -2.8 -45.9238 18.7597 0 -44.9369 18.1334 -2.8 -46.5024 18.8701 0 -45.9238 18.7597 0 -46.5024 18.8701 -2.8 -47.0904 18.8331 0 -47.0904 18.8331 -2.8 -47.6506 18.6511 0 -47.6506 18.6511 -2.8 -48.1479 18.3354 0 -48.1479 18.3354 -2.8 -48.5512 17.906 -2.8 -48.1479 18.3354 0 -48.1479 18.3354 0 -48.5512 17.906 -2.8 -48.835 17.3898 0 -48.835 17.3898 -2.8 -48.9815 16.8192 0 -48.9815 16.8192 -2.8 -48.9815 16.2302 0 -48.9815 16.2302 0 -48.835 15.6596 -2.8 -48.835 15.6596 0 -48.5512 15.1434 -2.8 -48.5512 15.1434 -2.8 -48.1479 14.714 0 -48.1479 14.714 -2.8 -48.1479 14.714 0 -48.1479 14.714 0 -47.6506 14.3984 -2.8 -47.6506 14.3984 0 -47.0904 14.2163 -2.8 -47.0904 14.2163 -2.8 -46.5024 -18.8701 0 -46.5024 -18.8701 0 -45.9238 -18.7597 -2.8 -45.9238 -18.7597 0 -45.3908 -18.5089 -2.8 -45.3908 -18.5089 -2.8 -44.9369 -18.1334 -2.8 -44.3738 -15.9403 -2.8 -44.3 -16.5247 0 -44.3738 -15.9403 0 -44.9369 -18.1334 0 -44.3 -16.5247 -2.8 -44.9369 -18.1334 0 -44.9369 -18.1334 0 -44.5907 -17.6568 -2.8 -44.5907 -15.3926 0 -44.5907 -15.3926 -2.8 -44.5907 -17.6568 -2.8 -44.3738 -17.1091 0 -44.3738 -17.1091 -2.8 -44.9369 -14.916 0 -44.9369 -14.916 -2.8 -45.3908 -14.5405 -2.8 -44.9369 -14.916 0 -45.3908 -14.5405 -2.8 -45.9238 -14.2897 0 -44.9369 -14.916 -2.8 -46.5024 -14.1793 0 -45.9238 -14.2897 0 -46.5024 -14.1793 -2.8 -47.0904 -14.2163 0 -47.0904 -14.2163 -2.8 -47.6506 -14.3984 0 -47.6506 -14.3984 -2.8 -48.1479 -14.714 0 -48.1479 -14.714 -2.8 -48.5512 -15.1434 -2.8 -48.1479 -14.714 0 -48.1479 -14.714 0 -48.5512 -15.1434 -2.8 -48.835 -15.6596 0 -48.835 -15.6596 -2.8 -48.9815 -16.2302 0 -48.9815 -16.2302 -2.8 -48.9815 -16.8192 0 -48.9815 -16.8192 0 -48.835 -17.3898 -2.8 -48.835 -17.3898 0 -48.5512 -17.906 -2.8 -48.5512 -17.906 -2.8 -48.1479 -18.3354 0 -48.1479 -18.3354 -2.8 -48.1479 -18.3354 0 -48.1479 -18.3354 0 -47.6506 -18.651 -2.8 -47.6506 -18.651 0 -47.0904 -18.8331 -2.8 -47.0904 -18.8331 -2.8 -12.2024 -25.1195 0 -12.2024 -25.1195 0 -11.6238 -25.0091 -2.8 -11.6238 -25.0091 0 -11.0908 -24.7583 -2.8 -11.0908 -24.7583 -2.8 -10.6369 -24.3828 -2.8 -10.0738 -22.1897 -2.8 -10 -22.7741 0 -10.0738 -22.1897 0 -10.6369 -24.3828 0 -10 -22.7741 -2.8 -10.6369 -24.3828 0 -10.6369 -24.3828 0 -10.2907 -23.9063 -2.8 -10.2907 -21.642 0 -10.2907 -21.642 -2.8 -10.2907 -23.9063 -2.8 -10.0738 -23.3586 0 -10.0738 -23.3586 -2.8 -10.6369 -21.1654 0 -10.6369 -21.1654 -2.8 -11.0908 -20.79 -2.8 -10.6369 -21.1654 0 -11.0908 -20.79 -2.8 -11.6238 -20.5392 0 -10.6369 -21.1654 -2.8 -12.2024 -20.4288 0 -11.6238 -20.5392 0 -12.2024 -20.4288 -2.8 -12.7904 -20.4658 0 -12.7904 -20.4658 -2.8 -13.3506 -20.6478 0 -13.3506 -20.6478 -2.8 -13.848 -20.9634 0 -13.848 -20.9634 -2.8 -14.2512 -21.3928 -2.8 -13.848 -20.9634 0 -13.848 -20.9634 0 -14.2512 -21.3928 -2.8 -14.535 -21.909 0 -14.535 -21.909 -2.8 -14.6815 -22.4796 0 -14.6815 -22.4796 -2.8 -14.6815 -23.0687 0 -14.6815 -23.0687 0 -14.535 -23.6392 -2.8 -14.535 -23.6392 0 -14.2512 -24.1554 -2.8 -14.2512 -24.1554 -2.8 -13.848 -24.5848 0 -13.848 -24.5848 -2.8 -13.848 -24.5848 0 -13.848 -24.5848 0 -13.3506 -24.9005 -2.8 -13.3506 -24.9005 0 -12.7904 -25.0825 -2.8 -12.7904 -25.0825 -2.8 -12.2024 20.4288 0 -12.2024 20.4288 0 -11.6238 20.5392 -2.8 -11.6238 20.5392 0 -11.0908 20.79 -2.8 -11.0908 20.79 -2.8 -10.6369 21.1655 -2.8 -10.0738 23.3586 -2.8 -10 22.7741 0 -10.0738 23.3586 0 -10.6369 21.1655 0 -10 22.7741 -2.8 -10.6369 21.1655 0 -10.6369 21.1655 0 -10.2907 21.642 -2.8 -10.2907 23.9063 0 -10.2907 23.9063 -2.8 -10.2907 21.642 -2.8 -10.0738 22.1897 0 -10.0738 22.1897 -2.8 -10.6369 24.3828 0 -10.6369 24.3828 -2.8 -11.0908 24.7583 -2.8 -10.6369 24.3828 0 -11.0908 24.7583 -2.8 -11.6238 25.0091 0 -10.6369 24.3828 -2.8 -12.2024 25.1195 0 -11.6238 25.0091 0 -12.2024 25.1195 -2.8 -12.7904 25.0825 0 -12.7904 25.0825 -2.8 -13.3506 24.9005 0 -13.3506 24.9005 -2.8 -13.848 24.5848 0 -13.848 24.5848 -2.8 -14.2512 24.1554 -2.8 -13.848 24.5848 0 -13.848 24.5848 0 -14.2512 24.1554 -2.8 -14.535 23.6392 0 -14.535 23.6392 -2.8 -14.6815 23.0687 0 -14.6815 23.0687 -2.8 -14.6815 22.4796 0 -14.6815 22.4796 0 -14.535 21.9091 -2.8 -14.535 21.9091 0 -14.2512 21.3928 -2.8 -14.2512 21.3928 -2.8 -13.848 20.9634 0 -13.848 20.9634 -2.8 -13.848 20.9634 0 -13.848 20.9634 0 -13.3506 20.6478 -2.8 -13.3506 20.6478 0 -12.7904 20.4658 -2.8 -12.7904 20.4658 1.10719 2.67911 30.6471 2.2 2.8 30.55 2.2 2.6453 30.6743 12.7171 -2.49114 10.4142 12.6607 -1.90807 11 11.3756 -2.09745 11 12.7171 -2.49114 10.4142 11.3756 -2.09745 11 10.53 -2.90289 10.4142 10.53 -2.90289 10.4142 11.3756 -2.09745 11 10.1158 -2.41415 11 8.45152 -3.69855 10.4142 10.53 -2.90289 10.4142 6.54865 -4.85245 10.4142 4.88238 -6.32754 10.4142 3.50624 -8.07643 10.4142 2.46445 -10.0429 10.4142 1.84155 -11.9429 10.4142 1.84155 -11.9429 10.4142 1.39918 -11.3191 11 1.10949 -12.5854 11 1.53175 -13.9181 10.4142 12.7171 -2.49114 -10.4142 12.6607 -1.90807 -11 11.3756 -2.09745 -11 10.1158 -2.41415 -11 11.3756 -2.09745 -11 10.53 -2.90289 -10.4142 11.3756 -2.09745 -11 12.7171 -2.49114 -10.4142 10.53 -2.90289 -10.4142 10.53 -2.90289 -10.4142 8.45152 -3.69855 -10.4142 6.54865 -4.85245 -10.4142 4.88238 -6.32754 -10.4142 3.50624 -8.07643 -10.4142 2.46445 -10.0429 -10.4142 1.10949 -12.5854 -11 1.39918 -11.3191 -11 1.84155 -11.9429 -10.4142 1.84155 -11.9429 -10.4142 1.53175 -13.9181 -10.4142 3.13614 -12.6342 -6.99999 3.13614 -12.6342 7 3.50565 -11.2804 -6.99999 3.50565 -11.2804 7 4.37044 -9.37279 -6.99999 4.37044 -9.37279 7 5.58111 -7.66371 -6.99999 5.58111 -7.66371 7 5.58111 -7.66371 -6.99999 7.09377 -6.21507 -6.99999 5.58111 -7.66371 7 7.09377 -6.21507 7 8.85359 -5.0794 -6.99999 8.85359 -5.0794 7 10.7969 -4.29783 -6.99999 10.7969 -4.29783 7 1.53175 -13.9181 10.4142 1.53175 -13.9181 -10.4142 10.53 -2.90289 10.4142 8.45152 -3.69855 10.4142 6.54865 -4.85245 10.4142 4.88238 -6.32754 10.4142 3.50624 -8.07643 10.4142 4.88238 -6.32754 10.4142 2.46445 -10.0429 10.4142 1.84155 -11.9429 10.4142 10.53 -2.90289 -10.4142 8.45152 -3.69855 -10.4142 6.54865 -4.85245 -10.4142 4.88238 -6.32754 -10.4142 3.50624 -8.07643 -10.4142 4.88238 -6.32754 -10.4142 2.46445 -10.0429 -10.4142 1.84155 -11.9429 -10.4142</float_array>
          <technique_common>
            <accessor source="#shape0-mesh-positions-array" count="2952" stride="3">
              <param name="X" type="float"/>
              <param name="Y" type="float"/>
              <param name="Z" type="float"/>
            </accessor>
          </technique_common>
        </source>
        <source id="shape0-mesh-normals">
          <float_array id="shape0-mesh-normals-array" count="4497">-0.1562634 0.9877154 0 -0.1562634 0.9877154 0 -0.1562662 0.9877151 0 -0.1562634 0.9877154 0 -0.1562617 0.9877157 0 -0.1562659 0.987715 0 -0.1562617 0.9877157 0 -0.1562649 0.9877152 0 -0.1562649 0.9877153 0 -0.1303842 0.9914636 0 -0.1202868 0.9927389 7.85692e-4 -0.0422312 0.9991073 0.001168727 -0.07837587 0.9969238 -4.70317e-4 -0.0261501 0.9996581 0 0.00598973 0.1305077 -0.9914292 0.004468142 0.4616851 -0.8870327 -0.003338694 0.3826972 -0.9238678 0.002849102 0.7372832 -0.6755778 -0.002128839 0.6087548 -0.7933557 -7.91553e-4 0.7933483 -0.6087675 -8.331e-4 0.9103813 -0.4137694 0.001058816 0.923882 -0.3826762 0 0.9889635 -0.1481595 8.43072e-4 0.9914438 -0.1305317 -0.1303849 0.9914635 0 -0.07837468 0.9969069 0.005848765 -0.02614361 0.9994113 -0.02222013 -0.1224708 0.9924097 -0.01114249 -0.04139864 0.9991428 0 -1.16093e-6 0 -1 0 0 -1 4.0768e-7 0 -1 -2.11787e-7 0 -1 1.22703e-6 0 -1 0 0 -1 -1.55618e-6 0 -1 2.2001e-7 0 -1 -1.5845e-6 0 -1 1.53138e-6 0 -1 -1.01342e-6 0 -1 -2.38131e-6 0 -1 -1.25088e-6 0 -1 1.3551e-6 0 -1 3.1272e-6 0 -1 -1.66781e-6 0 -1 1.28449e-6 0 -1 1.28449e-6 0 -1 -1.71266e-6 0 -1 1.48832e-6 0 -1 5.3206e-4 0.1641554 0.9864344 0 0.1305286 0.9914445 7.03841e-4 0.4800642 0.8772332 -3.71364e-4 0.3826826 0.9238799 5.95769e-4 0.7436748 0.6685413 -4.06853e-4 0.6087688 0.7933477 1.96307e-4 0.9096567 0.4153608 -1.92242e-4 0.7933479 0.6087686 0 0.9892306 0.1463654 -1.59777e-4 0.9238795 0.3826837 1.81852e-4 0.9892261 0.1463959 0 0.9914444 0.1305295 -0.9826114 0.1856743 0 -0.9505076 0.3107014 0 -0.9826115 0.1856741 0 -0.9025692 0.4305449 0 -0.9505078 0.3107009 0 -0.8395863 0.5432264 0 -0.9025693 0.4305449 0 -0.8395864 0.5432264 0 -0.7626196 0.6468472 0 -0.6729403 0.7396968 0 -0.7626194 0.6468475 0 -0.5720542 0.8202159 0 -0.67294 0.7396971 0 -0.4616354 0.8870698 0 -0.5720548 0.8202155 0 -0.3435235 0.9391442 0 -0.4616353 0.8870698 0 -0.3435235 0.9391442 0 -0.2196832 0.9755713 0 -0.2196832 0.9755713 0 0 0 1 8.1802e-7 0 1 2.35892e-7 0 1 -3.75858e-7 0 1 2.0749e-6 0 1 -1.5845e-6 0 1 -5.95328e-7 0 1 1.91914e-7 0 1 -1.25088e-6 0 1 1.25088e-6 0 1 1.28449e-6 0 1 -2.56898e-6 0 1 -8.5633e-7 0 1 0 1 0 0 1 -3.66916e-7 0 1 4.01986e-7 0 1 2.90956e-7 0 1 0 0 1 -6.23283e-7 0 1 0 0 1 -7.53218e-7 0 1 -6.12645e-7 0 1 0 0 1 4.5495e-7 0 1 -1.83649e-6 0 1 -4.18253e-7 0 1 0 0 1 5.59409e-7 0 1 0 0 1 1.05164e-6 0 1 -4.39995e-7 0 1 -4.43124e-7 0 1 6.76589e-7 0 1 -1.92529e-6 0 1 -1.23214e-7 0 1 2.93055e-7 0 1 -1.74799e-7 0 1 0 0 1 0 0 1 -2.3697e-7 0 1 7.7895e-7 0 1 1.34719e-7 0 1 3.66916e-7 0 1 -2.09477e-7 0 1 0 0 1 0 0 1 -5.30162e-7 0 1 0 0 1 2.89178e-7 0 1 -3.82228e-7 0 1 4.59819e-7 0 1 -1.20396e-7 0 1 -1.42328e-7 0 1 -5.23495e-7 0 1 0 0 1 1.67126e-7 0 1 -2.19781e-7 0 1 -5.59409e-7 0 1 -3.46739e-7 0 1 4.04369e-7 0 1 0 0 1 0 0 1 1.52346e-7 0 1 2.04634e-7 0 1 -1.44182e-6 0 1 8.11976e-7 0 1 0 0 1 0 0 1 -1.70699e-6 0 1 1.92529e-6 0 1 0 0 1 -2.96769e-6 0 1 3.76793e-6 0 1 1.0016e-6 0 1 -4.86604e-7 0 1 -3.76793e-6 0 1 4.90823e-7 0 1 -9.8465e-7 0 1 -2.10018e-7 0 1 1.2603e-7 0 1 -3.9431e-7 0 1 2.92515e-7 0 1 -7.30961e-7 0 1 6.4299e-7 0 1 -3.49807e-7 0 1 3.12781e-7 0 1 -1.53273e-7 0 1 4.36004e-7 0 1 0 0 1 0 0 1 0 0 1 0 0 1 0 0 1 2.11816e-7 0 1 0 0 1 -1.70785e-7 0 1 1.81071e-7 0 1 -4.4382e-7 0 1 2.0665e-7 0 1 -1.85326e-7 0 1 -6.13297e-7 0 1 2.57655e-7 0 1 -7.97618e-7 0 1 0 0 1 7.97618e-7 0 1 -1.30336e-6 0 1 6.13397e-7 0 1 3.27933e-7 0 1 -2.0665e-7 0 1 4.4374e-7 0 1 -2.57655e-7 0 1 1.30336e-6 0 1 -6.33601e-7 0 1 7.10102e-7 0 1 -4.68889e-7 0 1 -1.89208e-7 0 1 0 0 1 1.49649e-7 0 1 0 0 1 -2.65901e-7 0 1 1.43416e-7 0 1 -1.53331e-7 0 1 0 0 1 -7.78947e-7 0 1 -2.74244e-7 0 1 0 0 1 0 0 1 0 0 1 -1.52275e-6 0 1 1.70433e-6 0 1 -3.36012e-7 0 1 0 0 1 6.23283e-7 0 1 2.96769e-6 0 1 3.64987e-7 0 1 0 0 1 5.03456e-7 0 1 -4.45818e-7 0 1 2.74027e-7 0 1 2.09116e-7 0 1 -6.1582e-7 0 1 2.04854e-7 0 1 -2.04854e-7 0 1 1.83649e-6 0 1 6.62837e-7 0 1 0 0 1 -2.09116e-7 0 1 6.1582e-7 0 1 4.37528e-7 0 1 -6.62837e-7 0 1 4.45818e-7 0 1 0 0 1 2.90389e-7 0 1 -4.27284e-7 0 1 0 0 1 2.3954e-7 0 1 -2.4595e-7 0 1 1.39648e-7 0 1 0 0 1 0 0 1 -5.03456e-7 0 1 -4.37583e-7 0 1 3.45801e-7 0 1 0 0 1 3.36012e-7 0 1 3.3548e-7 0 1 -4.59819e-7 0 1 3.82228e-7 0 1 -2.89178e-7 0 1 2.74244e-7 0 1 0 0 1 1.52275e-6 0 1 3.94416e-7 0 1 -1.70433e-6 0 1 -1.26004e-7 0 1 2.10018e-7 0 1 -4.90823e-7 0 1 9.8465e-7 0 1 4.86604e-7 0 1 0 0 1 -7.29268e-7 0 1 -1.0016e-6 0 1 -2.04634e-7 0 1 0 0 1 2.33467e-7 0 1 0 0 1 2.21145e-7 0 1 1.20396e-7 0 1 0 0 0.1305098 -0.991447 0 0.3826995 -0.9238729 0 0.1305098 -0.991447 0 0.6087561 -0.7933576 0 0.3826997 -0.9238729 0 0.7933491 -0.6087672 0 0.9238823 -0.382677 0 0.7933486 -0.6087676 0 0.9914443 -0.1305313 0 0.9914442 -0.1305312 -0.3725874 0.4855676 -0.7908242 -0.4844878 0.6314018 -0.6054777 -0.6036457 0.7866763 -0.1294306 -0.3794593 0.9161105 -0.129431 -0.3539949 0.8546243 -0.3798751 -0.3058472 0.2346852 -0.9227027 -0.3058489 0.2346842 -0.9227026 -0.4845027 0.6314046 -0.605463 -0.563132 0.7338779 -0.379876 -0.1215984 0.05036729 -0.9913007 -0.1304919 0.01717925 -0.9913006 -0.121598 0.05036765 -0.9913008 -0.4855684 0.3725875 -0.7908237 -0.4855679 0.3725886 -0.7908234 -0.7866809 0.6036446 -0.1294079 -0.6036394 0.7866849 -0.1294084 -0.5631197 0.7338749 -0.3799 -0.3822152 0.0503205 -0.9227023 -0.6068095 0.07988989 -0.7908223 -0.382216 0.05031979 -0.922702 -0.3561676 0.1475293 -0.9227024 -0.129428 0.9831051 -0.129433 -0.3561685 0.1475304 -0.9227019 -0.6314007 0.4844893 -0.6054778 -0.631406 0.4845017 -0.6054623 -0.5654559 0.2342195 -0.7908229 -0.7890551 0.1038812 -0.6054758 -0.6068087 0.07988768 -0.7908232 -0.5654568 0.2342178 -0.7908228 -0.733877 0.5631173 -0.3798995 -0.9161091 0.3794624 -0.1294314 -0.7866817 0.6036387 -0.1294307 -0.7338752 0.563135 -0.3798766 -0.735282 0.3045634 -0.6054763 -0.7352831 0.304561 -0.6054762 -0.1304897 0.01717948 -0.9913009 -0.7890565 0.1038807 -0.6054741 -0.9161081 0.3794627 -0.1294378 -0.8546258 0.3539924 -0.3798738 -0.8546242 0.3539956 -0.3798748 -0.9171249 0.1207413 -0.3798732 -0.9171233 0.1207422 -0.3798767 -0.9831043 0.1294295 -0.1294378 -0.9831051 0.1294272 -0.1294331 -0.01717931 0.1304906 -0.9913008 -0.05031919 0.382215 -0.9227025 -0.01717883 0.1304903 -0.9913008 -0.07989048 0.6068102 -0.7908217 -0.05032074 0.3822168 -0.9227015 -0.05036783 0.1215978 -0.9913007 -0.08012276 0.1044185 -0.9913008 -0.05036818 0.1215972 -0.9913008 -0.147531 0.3561682 -0.9227019 -0.1038814 0.7890564 -0.6054741 -0.07988756 0.6068078 -0.7908238 -0.1475282 0.3561672 -0.9227029 -0.2342182 0.5654562 -0.7908232 -0.1207408 0.9171229 -0.3798782 -0.1038799 0.7890563 -0.6054744 -0.2346841 0.305848 -0.9227029 -0.08012294 0.1044182 -0.9913007 -0.2342198 0.565455 -0.7908235 -0.3045626 0.7352831 -0.6054754 -0.3794643 0.9161074 -0.1294381 -0.1294289 0.9831043 -0.1294379 -0.1207429 0.9171248 -0.3798729 -0.3725876 0.485568 -0.7908238 -0.2346841 0.3058485 -0.9227026 -0.3045623 0.7352817 -0.6054772 -0.3539939 0.8546255 -0.3798732 -0.1044202 0.08012312 -0.9913005 -0.1044175 0.08012253 -0.9913009 -0.9925462 0.1218695 0 -0.9925462 0.1218695 0 -0.9925464 0.121867 -1.29043e-5 -0.9925451 0.1218779 3.23525e-6 -0.9925462 0.1218695 -4.76059e-7 -0.9925396 0.1219236 4.9599e-6 -0.9925759 0.1216275 -6.20936e-6 -0.9925126 0.1221423 0 -0.992491 0.122318 0 -0.992491 0.122318 0 -0.992491 0.122318 0 -0.9925463 0.1218683 0 -0.9925463 0.1218684 0 -0.992546 0.1218708 0 -0.9925463 0.1218688 0 -0.992546 0.1218709 0 -0.9925465 0.1218671 1.29043e-5 -0.9925463 0.1218687 0 -0.9925451 0.1218777 -3.23525e-6 -0.9925462 0.1218699 0 -0.9925395 0.1219246 -4.95991e-6 -0.9925773 0.1216153 6.8993e-6 -0.9925086 0.1221747 0 -0.9924924 0.1223067 0 -0.9924924 0.1223067 0 -0.9924924 0.1223067 0 -0.1305083 0 -0.9914472 -0.3826989 4.71377e-4 -0.9238731 -0.191406 -0.001083672 -0.9815104 -0.6087566 -1.32505e-4 -0.7933571 -0.7933484 1.14205e-4 -0.6087678 -0.562741 -9.00342e-4 -0.8266329 -0.9238826 3.53943e-4 -0.3826759 -0.8253487 -5.21327e-4 -0.5646232 -0.9454518 -1.0366e-4 -0.3257622 -0.9914442 3.69368e-4 -0.1305314 -0.9821838 7.23323e-5 -0.1879227 -0.9930583 2.87472e-4 -0.1176236 -0.9973279 1.08739e-4 -0.07305514 -0.9991601 3.23927e-5 -0.04097807 -0.9999059 0 -0.01372599 0 -1 0 -0.7071068 0.7071068 0 1 0 0 0.9930683 -0.1175393 0 0.9914446 -0.1305288 2.72065e-4 0.9238802 -0.3826816 4.83652e-4 0.9381911 -0.3461177 -2.41946e-4 0.7933521 -0.6087626 7.25895e-4 0.8526474 -0.5224869 -2.42247e-4 0.760402 -0.6494527 0 0.6087627 -0.7933521 7.25892e-4 0.6494526 -0.7604022 0 0.3826817 -0.9238802 4.83654e-4 0.5224869 -0.8526474 -2.42252e-4 0.1305288 -0.9914445 2.72066e-4 0.3461174 -0.9381912 -2.41947e-4 0.1175394 -0.9930682 0 -0.1044332 0.08013409 0.9912983 -0.3725954 0.4855771 0.7908144 -0.3725961 0.4855783 0.7908135 -0.6036459 0.7866765 0.1294283 -0.3794613 0.91611 0.1294286 -0.3539926 0.8546222 0.3798817 -0.3058338 0.2346747 0.92271 -0.3058334 0.2346738 0.9227103 -0.4844965 0.6313953 0.6054776 -0.4844954 0.63141 0.6054633 -0.1216164 0.0503748 0.9912981 -0.1305066 0.01718175 0.9912986 -0.3561482 0.1475235 0.9227108 -0.4855777 0.3725953 0.7908142 -0.4855791 0.372596 0.790813 -0.786682 0.6036437 0.1294053 -0.6036397 0.7866851 0.1294062 -0.563124 0.7338809 0.3798821 -0.5631234 0.733868 0.379908 -0.1294279 0.9831054 0.1294307 -0.3822002 0.0503183 0.9227086 -0.6068227 0.0798915 0.790812 -0.3821977 0.0503174 0.9227096 -0.3561577 0.1475229 0.9227072 -0.5654666 0.2342237 0.790814 -0.6314057 0.4845011 0.6054631 -0.6314001 0.484489 0.6054786 -0.565466 0.2342239 0.7908144 -0.7890562 0.1038807 0.6054743 -0.6068204 0.07988935 0.7908141 -0.7352808 0.3045622 0.6054784 -0.7338744 0.5631161 0.3799062 -0.9161098 0.3794616 0.1294288 -0.7866821 0.6036386 0.1294283 -0.7338737 0.5631328 0.3798828 -0.7890552 0.1038805 0.6054757 -0.7352825 0.3045618 0.6054765 -0.1305105 0.01718193 0.9912981 -0.8546208 0.3539947 0.3798829 -0.9171203 0.1207408 0.3798844 -0.9161084 0.3794627 0.1294354 -0.854624 0.3539916 0.3798787 -0.9171222 0.1207422 0.3798794 -0.9831045 0.1294298 0.1294355 -0.9831054 0.1294274 0.1294306 -0.01718229 0.1305094 0.9912983 -0.05031657 0.3821978 0.9227097 -0.01718109 0.1305092 0.9912983 -0.05037689 0.1216149 0.9912982 -0.05031847 0.3821997 0.9227088 -0.0503742 0.1216152 0.9912983 -0.1475213 0.3561525 0.9227095 -0.07989013 0.6068229 0.790812 -0.07989084 0.6068199 0.7908142 -0.1475248 0.3561511 0.9227095 -0.2342232 0.5654678 0.7908133 -0.1038808 0.7890558 0.6054748 -0.1038807 0.7890553 0.6054755 -0.08013457 0.1044331 0.9912983 -0.0801351 0.1044337 0.9912981 -0.2342234 0.5654668 0.7908141 -0.304563 0.7352823 0.6054762 -0.1207423 0.9171206 0.3798829 -0.3794632 0.9161081 0.1294358 -0.129429 0.9831047 0.1294353 -0.1207403 0.9171218 0.3798809 -0.2346747 0.305834 0.9227098 -0.2346717 0.3058353 0.9227102 -0.3539941 0.8546226 0.3798794 -0.30456 0.7352816 0.6054785 -0.1044341 0.08013468 0.9912982 -0.1216138 0.0503748 0.9912984 -0.1305277 0 0.9914447 -0.382685 4.71254e-4 0.9238787 -0.1914154 -0.001083552 0.9815086 -0.6087689 -1.3247e-4 0.7933475 -0.7933474 1.14216e-4 0.6087692 -0.5627399 -9.00547e-4 0.8266335 -0.9238795 3.53996e-4 0.3826833 -0.8253451 -5.21234e-4 0.5646283 -0.9454513 -1.0366e-4 0.3257636 -0.9914445 3.69401e-4 0.1305288 -0.9821826 7.23238e-5 0.1879292 -0.9930592 2.87476e-4 0.1176151 -0.9973279 1.08722e-4 0.07305538 -0.9991608 3.23684e-5 0.04096233 -0.9999058 0 0.01372915 -0.707107 0.7071067 0 -0.7071068 0.7071068 0 0.9930683 -0.1175393 0 0.9381911 -0.3461176 2.41947e-4 0.9914445 -0.1305288 -2.72065e-4 0.8526474 -0.5224868 2.42247e-4 0.9238802 -0.3826816 -4.83654e-4 0.6494526 -0.7604022 0 0.760402 -0.6494528 0 0.7933521 -0.6087626 -7.25893e-4 0.5224866 -0.8526476 2.42251e-4 0.6087628 -0.7933521 -7.2589e-4 0.3461175 -0.9381912 2.41946e-4 0.3826817 -0.9238802 -4.83654e-4 0.1175393 -0.9930683 0 0.1305288 -0.9914445 -2.72066e-4 -0.9969172 0.07846158 0 -0.9723705 0.2334421 -6.6668e-4 -0.991443 0.1305252 0.001997888 -0.9081465 0.4186524 -6.65453e-4 -0.9238791 0.3826822 0.001330852 -0.7853153 0.6190961 0 -0.6494498 0.7604046 0 -0.7933499 0.6087655 7.47867e-4 -0.5224943 0.8526425 -6.66294e-4 -0.6087643 0.7933487 0.001995682 -0.3461145 0.938192 -6.65639e-4 -0.382682 0.9238792 0.001330375 -0.1175367 0.9930686 0 -0.1305256 0.9914447 7.48576e-4 -1 0 0 -1 0 0 -0.02485418 0 -0.9996911 0.6893128 0 -0.7244639 0.6893128 0 0.7244639 -0.02485418 0 0.9996911 -0.02485418 0 0.9996911 -0.02485418 0 0.9996911 -0.02488654 0 0.9996904 -0.1099485 0.9939374 0 -0.9930686 0.1175366 0 -0.9914447 0.1305257 -7.48555e-4 -0.923879 0.3826822 -0.001330435 -0.9381922 0.3461144 6.65638e-4 -0.7933486 0.6087643 -0.001995682 -0.8526426 0.5224943 6.66313e-4 -0.7604047 0.6494497 0 -0.6087644 0.7933486 -0.001995682 -0.6494497 0.7604047 0 -0.3826821 0.9238792 -0.001330375 -0.5224943 0.8526427 6.66294e-4 -0.1305256 0.9914447 -7.48572e-4 -0.3461144 0.9381922 6.65639e-4 -0.1175367 0.9930686 0 -0.1872597 0 0.9823105 -0.1872686 0 0.9823088 -0.4257662 0 0.9048332 -0.9921205 0 -0.1252878 -0.6374251 0 0.7705124 -0.9921206 0 -0.1252866 -0.6374196 0 0.7705169 -0.929746 0 -0.3682017 -0.8090745 0 0.5877062 -0.9297447 0 -0.3682049 -0.8090729 0 0.5877084 -0.9297447 0 0.3682049 -0.8090761 0 -0.587704 -0.6374223 0 -0.7705146 -0.929746 0 0.3682017 -0.8090745 0 -0.5877062 -0.9921206 0 0.1252866 -0.4257662 0 -0.9048332 -0.1874204 0 -0.9822799 0.06281149 0 -0.9980255 0.0628069 0 -0.9980257 0.3089338 0 -0.9510836 0.5359551 0 -0.8442466 0.5359518 0 -0.8442487 0.7289069 0 -0.6846129 0.7289091 0 -0.6846106 0.8763024 0 -0.4817616 0.9685717 0 -0.2487345 0.8763012 0 -0.4817636 0.9685826 0 0.2486922 0.9685823 0 0.2486933 0.8763024 0 0.4817616 0.8763003 0 0.4817656 0.7289069 0 0.6846129 0.5358331 0 0.8443241 0.3090928 0 0.951032 0.3090844 0 0.9510347 0.06264102 0 0.9980362 0.06265026 0 0.9980356 -0.1874204 0 0.9822799 -0.4257713 0 0.9048308 -0.4257637 0 0.9048344 -0.992119 0 -0.1252994 -0.9297491 0 -0.3681937 -0.9297505 0 0.3681905 -0.8090729 0 -0.5877084 -0.9297491 0 0.3681937 -0.992119 0 0.1252994 -0.6374251 0 -0.7705124 -0.4257599 0 -0.9048362 -0.4257637 0 -0.9048344 -0.1872597 0 -0.9823105 -0.1872642 0 -0.9823096 0.0626406 0 -0.9980362 0.3090947 0 -0.9510313 0.3090905 0 -0.9510326 0.5358331 0 -0.8443241 0.728908 0 -0.6846117 0.7289102 0 -0.6846094 0.8762986 0 -0.4817686 0.9685836 0 -0.2486883 0.8762997 0 -0.4817666 0.9685842 0 -0.2486861 0.9685836 0 0.2486883 0.9685842 0 0.2486861 0.8763007 0 0.4817646 0.8762986 0 0.4817686 0.7289102 0 0.6846094 0.7289058 0 0.684614 0.5359584 0 0.8442444 0.5359518 0 0.8442487 0.3089357 0 0.951083 0.3089441 0 0.9510803 0.06280648 0 0.9980258 -0.1874198 0 0.98228 -0.1874287 0 0.9822782 -0.9921197 0 -0.1252936 -0.6374228 0 0.7705143 -0.9921198 0 -0.125293 -0.6374283 0 0.7705098 -0.8090154 0 0.5877876 -0.9297481 0 -0.3681961 -0.9297475 0 -0.3681977 -0.9297481 0 0.3681961 -0.929747 0 0.3681993 -0.8090138 0 -0.5877897 -0.9921224 0 0.1252723 -0.6374255 0 -0.770512 -0.637431 0 -0.7705075 -0.1874243 0 -0.9822791 -0.1874287 0 -0.9822782 0.0628159 0 -0.9980252 0.06281131 0 -0.9980254 0.3089357 0 -0.951083 0.5358316 0 -0.844325 0.7289919 0 -0.6845223 0.7289898 0 -0.6845246 0.8762969 0 -0.4817716 0.9685741 0 -0.2487254 0.9685741 0 0.2487254 0.8762959 0 0.4817735 0.7289941 0 0.68452 0.5358316 0 0.844325 0.3089274 0 0.9510857 0.0628159 0 0.9980252 -0.1874293 0 0.9822781 -0.1874248 0 0.982279 -0.4257599 0 0.9048362 -0.4257675 0 0.9048326 -0.6374255 0 0.770512 -0.929747 0 -0.3681993 -0.9297475 0 0.3681977 -0.9921198 0 0.125293 -0.9921197 0 0.1252936 -0.6374283 0 -0.7705098 -0.1874248 0 -0.982279 0.06281572 0 -0.9980252 0.06281107 0 -0.9980255 0.3090863 0 -0.9510341 0.9685838 0 -0.2486872 0.9685838 0 0.2486872 0.8762997 0 0.4817666 0.7289123 0 0.6846071 0.3090905 0 0.9510326 0.3090863 0 0.9510341 0.06281572 0 0.9980252 0.06281107 0 0.9980255 -0.1872642 0 0.9823096 -0.4258962 0 0.9047721 -0.4259038 0 0.9047685 -0.6373262 0 0.7705942 -0.6373207 0 0.7705988 -0.9297505 0 -0.3681905 -0.8090761 0 0.587704 -0.6374196 0 -0.7705169 -0.4257713 0 -0.9048308 0.06280648 0 -0.9980258 0.3089441 0 -0.9510803 0.5359584 0 -0.8442444 0.7289058 0 -0.684614 0.8763007 0 -0.4817646 0.9685739 0 -0.2487263 0.9685732 0 -0.2487285 0.728908 0 0.6846117 -0.4259063 0 0.9047673 -0.637318 0 0.770601 -0.9297453 0 0.3682033 -0.9921205 0 0.1252872 -0.6374306 0 -0.7705078 -0.1874293 0 -0.9822781 0.06281608 0 -0.9980252 0.535869 0 -0.8443013 0.3089421 0 -0.9510809 0.5358821 0 -0.8442928 0.7289931 0 -0.6845211 0.728991 0 -0.6845234 0.8763003 0 -0.4817656 0.968582 0 0.2486944 0.8763012 0 0.4817636 0.7289931 0 0.6845211 0.728991 0 0.6845234 0.5357536 0 0.8443744 0.5357568 0 0.8443723 0.308938 0 0.9510823 0.3089338 0 0.9510836 0.06281149 0 0.9980255 -0.1874243 0 0.9822791 -0.637431 0 0.7705075 -0.8090154 0 -0.5877876 -0.8090138 0 0.5877897 -0.9921224 0 0.1252729 -0.6374228 0 -0.7705143 -0.1874198 0 -0.98228 0.3089274 0 -0.9510857 0.7289118 0 -0.6846077 0.7289161 0 -0.6846031 0.8763345 0 -0.4817032 0.8763365 0 -0.4816993 0.8762969 0 0.4817716 0.7289096 0 0.68461 0.7289118 0 0.6846077 0.5359503 0 0.8442496 0.5359569 0 0.8442454 0.06281131 0 0.9980254 -0.4257675 0 -0.9048326 0.7289123 0 -0.6846071 -0.1873829 0 0.982287 -0.1873819 0 0.9822872 -0.4257673 0 0.9048328 -0.4257668 0 0.9048329 -0.9921123 0 -0.1253529 -0.6374233 0 0.7705138 -0.9921122 0 -0.1253529 -0.6374231 0 0.7705141 -0.8090391 0 0.587755 -0.9297726 0 -0.3681345 -0.809039 0 0.5877552 -0.9297726 0 -0.3681345 -0.9297716 0 0.3681371 -0.8090339 0 -0.5877621 -0.9921123 0 0.1253518 -0.6374321 0 -0.7705066 -0.4257611 0 -0.9048357 -0.6374318 0 -0.7705069 -0.1873829 0 -0.982287 0.0627942 0 -0.9980266 -0.1873819 0 -0.9822872 0.06279373 0 -0.9980266 0.3090291 0 -0.9510526 0.535827 0 -0.8443278 0.3090295 0 -0.9510525 0.7289758 0 -0.6845395 0.5358263 0 -0.8443283 0.7289756 0 -0.6845397 0.8762958 0 -0.4817734 0.9685843 0 -0.2486858 0.8762958 0 -0.4817737 0.9685842 0 -0.2486858 0.9685838 0 0.2486875 0.8762958 0 0.4817734 0.8762958 0 0.4817736 0.7289792 0 0.684536 0.5358263 0 0.8443283 0.535827 0 0.8443278 0.3090291 0 0.9510526 0.3090295 0 0.9510525 0.06279373 0 0.9980266 0.0627942 0 0.9980266 -0.4257719 0 0.9048305 -0.4257643 0 0.9048341 -0.9921204 0 -0.1252883 -0.637422 0 0.7705149 -0.6374275 0 0.7705104 -0.8090147 0 0.5877887 -0.8090738 0 -0.5877072 -0.992123 0 0.1252676 -0.6373259 0 -0.7705945 -0.6373231 0 -0.7705967 -0.4257681 0 -0.9048324 -0.4257606 0 -0.9048359 0.3089352 0 -0.9510831 0.5357561 0 -0.8443728 0.7289958 0 -0.6845182 0.728998 0 -0.6845159 0.8762952 0 -0.4817748 0.9685847 0 -0.2486842 0.8762962 0 -0.4817728 0.9685844 0 -0.2486853 0.9685747 0 0.2487232 0.8762952 0 0.4817748 0.7289958 0 0.6845182 0.5358815 0 0.8442934 0.5358749 0 0.8442975 0.3089352 0 0.9510831 0.06280666 0 0.9980257 -0.4257681 0 0.9048324 -0.992123 0 -0.1252676 -0.4257606 0 0.9048359 -0.6374248 0 0.7705127 -0.8090147 0 -0.5877887 -0.8090162 0 0.5877864 -0.9921204 0 0.1252883 -0.637422 0 -0.7705149 -0.6374275 0 -0.7705104 -0.4257719 0 -0.9048305 -0.4257643 0 -0.9048341 0.06280666 0 -0.9980257 0.5358749 0 -0.8442975 0.5358815 0 -0.8442934 0.9685747 0 -0.2487232 0.8763349 0 0.4817025 0.728998 0 0.6845159 0.5357561 0 0.8443728 -1 0 0 -1 0 0 -1 -3.35619e-7 0 -1 0 0 -1 0 0 -1 -1.39128e-7 0 -1 0 0 -1 4.34749e-7 0 -1 -7.06315e-7 0 -1 1.40545e-7 0 -1 0 0 -1 0 0 -1 0 0 -1 0 0 -1 -5.66277e-7 0 -1 7.77216e-7 0 -1 0 0 -1 6.62041e-7 0 -1 2.9659e-7 0 -1 1.59526e-6 0 -1 -4.2857e-7 0 -1 1.55146e-7 0 -1 5.30546e-7 0 -1 0 0 -1 0 0 -1 0 0 -1 0 0 -1 0 0 -1 0 0 -1 0 0 -1 -1.23074e-7 0 -1 0 0 -1 1.43137e-7 0 -1 0 0 -1 0 0 -1 0 0 -1 1.31453e-7 0 -1 0 0 -1 2.32404e-7 0 -1 -4.06005e-7 0 -1 -1.39345e-7 0 -1 0 0 -1 1.79512e-7 0 -1 -2.62411e-7 0 -1 2.62254e-7 0 -1 1.27301e-7 0 -1 0 0 -1 0 0 -1 0 0 -1 0 0 -1 -2.79272e-7 0 -1 0 0 -1 0 0 -1 2.36196e-7 0 -1 1.3549e-7 0 -1 0 0 -1 0 0 -1 0 0 -1 0 0 -1 0 0 -1 0 0 -1 0 0 -1 8.60834e-7 0 -1 0 0 -1 0 0 -1 -1.50925e-7 0 -1 0 0 -1 0 0 -1 5.52271e-7 0 -1 3.76565e-7 0 -1 -2.29737e-7 0 -1 1.84097e-6 0 -1 -4.67084e-7 0 -1 -1.87801e-7 0 -1 0 0 -1 1.40568e-7 0 -1 0 0 -1 4.14437e-7 0 -1 -1.88937e-7 0 -1 -1.59308e-6 0 -1 -2.60845e-7 0 -1 2.78207e-7 0 -1 0 0 -1 -6.42839e-7 0 -1 4.14776e-7 0 -1 2.95034e-7 0 -1 -1.41161e-7 0 -1 0 0 -1 -1.55929e-7 0 -1 3.20552e-7 0 -1 -1.61001e-7 0 -1 2.64151e-7 0 -1 0 0 -1 -1.73288e-7 0 -1 -5.90779e-7 0 -1 -2.53454e-7 0 -1 1.74273e-7 0 -1 2.4188e-7 0 -1 0 0 -1 0 0 -1 1.71467e-7 0 -1 -2.9539e-7 0 -1 -1.11181e-6 0 -1 -1.98338e-7 0 -1 8.20875e-7 0 -1 -1.26203e-6 0 -1 0 0 -1 -6.79333e-7 0 -1 1.30841e-7 0 -1 1.24033e-7 0 -1 -1.38645e-7 0 -1 -4.64002e-7 0 -1 -1.38525e-6 0 -1 7.07737e-7 0 -1 0 0 -1 0 0 -1 0 0 -1 2.96528e-7 0 -1 0 0 -1 8.98657e-7 0 -1 0 0 -1 0 0 -1 2.52486e-7 0 -1 -2.10808e-7 0 -1 3.71848e-7 0 -1 -4.54475e-7 0 -1 -3.65791e-7 0 -1 4.55269e-7 0 -1 2.52489e-7 0 -1 -5.07676e-7 0 -1 4.1693e-7 0 -1 0 0 -1 0 0 -1 0 0 -1 -2.10783e-7 0 -1 -1.80939e-7 0 -1 -1.31891e-7 0 -1 -2.17097e-7 0 -1 3.73421e-7 0 -1 0 0 -1 -2.39913e-7 0 -1 0 0 -1 -1.50235e-7 0 -1 0 0 -1 0 0 0.08886218 -0.9195961 0.3826836 0.08886146 -0.9195956 0.382685 0.06801259 -0.7038391 0.7070961 -5.9239e-7 0 1 2.01975e-6 0 1 -2.06177e-6 0 1 -3.45731e-6 0 1 -2.10244e-7 0 1 0 0.02484911 0.9996912 4.67039e-5 0.02488356 0.9996904 -2.82429e-5 0.0248512 0.9996912 -9.01306e-5 0.02481883 0.999692 -1.43017e-5 0.02486896 0.9996907 4.69815e-5 0.02490079 0.9996899 7.15908e-6 0.02486455 0.9996908 4.71018e-5 0.02493745 0.9996891 2.87099e-5 0.02488529 0.9996904 -1 0 0 0 0.02484911 -0.9996912 4.70717e-5 0.02488356 -0.9996904 -2.82429e-5 0.0248512 -0.9996913 -9.53448e-5 0.02481883 -0.999692 -1.43017e-5 0.02486896 -0.9996908 5.36932e-5 0.02490079 -0.9996899 7.15908e-6 0.02486455 -0.9996908 4.48588e-5 0.02493745 -0.9996891 2.87099e-5 0.02488529 -0.9996904 4.30251e-7 0 -1 -2.96195e-7 0 -1 2.53729e-7 0 -1 2.4793e-7 0 -1 1.51481e-6 0 -1 -1.54633e-6 0 -1 8.98262e-7 0 -1 3.46579e-7 0 -1 -1.72865e-6 0 -1 -1.22613e-6 0 -1 0.06801259 -0.7038391 -0.7070961 0.08886224 -0.9195965 -0.3826827 0.0888614 -0.9195959 -0.3826839 0.09618371 -0.9953636 0 0.09618365 -0.9953636 0 0.09618413 -0.9953636 0 0.9971922 -0.07488602 0 0.9971922 -0.07488602 0 0.9971921 -0.07488644 0 0.9971922 -0.07488644 0 0.9212849 -0.06918686 -0.3826844 0.9212843 -0.06918597 -0.3826861 0.7051265 -0.05295377 -0.7071015 -0.02484911 0 -0.9996912 -0.02485007 3.98584e-5 -0.9996913 -0.02487283 -5.67428e-5 -0.9996907 -0.02487492 -6.17582e-5 -0.9996907 -0.02483177 2.31591e-5 -0.9996917 -0.02482163 9.28051e-5 -0.999692 -0.02487975 -5.59449e-5 -0.9996905 -0.02486413 -5.23989e-6 -0.9996908 -0.02492356 -6.6434e-5 -0.9996894 0 0.0248546 -0.9996911 0 0.0248546 -0.9996911 0 -0.5735763 -0.8191522 0 -0.5735756 -0.8191526 0 -0.7071062 0.7071075 0 -0.7071068 0.7071068 0 0.02485483 0.9996911 0 0.02485483 0.9996911 -0.02484911 0 0.9996912 -0.0248847 -6.05749e-5 0.9996903 -0.02484905 2.86521e-5 0.9996913 -0.02481347 9.12363e-5 0.9996922 -0.02487063 1.89665e-5 0.9996907 -0.02489572 -4.6999e-5 0.9996901 -0.02486342 -6.14884e-6 0.9996908 -0.02492356 -6.6434e-5 0.9996894 -0.02489143 -2.49284e-5 0.9996902 0.7051265 -0.05295377 0.7071015 0.9212845 -0.0691868 0.3826853 0.9212839 -0.06918591 0.3826871 0 -0.1873892 0.9822858 0 -0.1873907 0.9822855 0 -0.4257615 0.9048355 0 -0.4257584 0.9048369 0 -0.9921141 -0.1253386 0 -0.9921121 -0.1253546 0 -0.6374267 0.770511 0 -0.6374228 0.7705143 0 -0.8090416 0.5877513 0 -0.9297726 -0.3681346 0 -0.8090339 -0.5877619 0 -0.8090339 0.5877619 0 -0.8090416 -0.5877513 0 -0.9297716 0.3681371 0 -0.9921141 0.1253383 0 -0.6374267 -0.770511 0 -0.4257523 -0.9048398 0 -0.6374228 -0.7705143 0 -0.9921121 0.1253542 0 -0.4257555 -0.9048384 0 -0.1873892 -0.9822858 0 -0.1873907 -0.9822855 0 0.06279402 -0.9980266 0 0.0627945 -0.9980265 0 0.309014 -0.9510575 0 0.5358359 -0.8443222 0 0.7289824 -0.6845324 0 0.7289702 -0.6845454 0 0.8762924 -0.4817798 0 0.8762959 -0.4817736 0 0.9685826 -0.2486923 0 0.9685846 -0.2486847 0 0.9685851 0.2486827 0 0.9685831 0.2486904 0 0.8762924 0.4817798 0 0.8762959 0.4817735 0 0.7289823 0.6845325 0 0.7289702 0.6845455 0 0.5358254 0.8443288 0 0.3090275 0.9510531 0 0.06279402 0.9980266 0 0.0627945 0.9980265 0 -0.1872597 0.9823105 0 -0.4259008 0.90477 0 -0.4259079 0.9047666 0 -0.6373224 0.7705972 0 -0.9921208 -0.125285 0 -0.6373316 0.7705897 0 -0.809064 0.5877206 0 -0.9297518 -0.3681872 0 -0.8090728 0.5877085 0 -0.9297513 0.3681883 0 -0.9297454 -0.3682032 0 -0.9921208 0.125285 0 -0.9297449 0.3682043 0 -0.809064 -0.5877206 0 -0.8090728 -0.5877085 0 -0.6374205 -0.7705162 0 -0.4257727 -0.9048302 0 -0.6374296 -0.7705086 0 -0.1874222 -0.9822795 0 -0.4257656 -0.9048336 0 0.06279796 -0.9980264 0 0.06279909 -0.9980262 0 0.3089857 -0.9510667 0 0.3089911 -0.951065 0 0.5359571 -0.8442453 0 0.7289005 -0.6846197 0 0.728919 -0.6846001 0 0.8763012 -0.4817638 0 0.9685724 -0.2487318 0 0.8762855 -0.4817922 0 0.9685769 -0.2487145 0 0.9685871 0.2486746 0 0.9685826 0.248692 0 0.8763012 0.4817638 0 0.8762855 0.4817922 0 0.728919 0.6846001 0 0.7289005 0.6846197 0 0.535837 0.8443215 0 0.3089857 0.9510667 0 0.3089911 0.951065 0 0.06279796 0.9980264 0 0.06279909 0.9980262 0 -0.187419 0.9822801 0 -0.1874224 0.9822795 0 -0.4257727 0.9048302 0 -0.4257585 0.904837 0 -0.6374296 0.7705086 0 -0.9921231 -0.1252667 0 -0.6374205 0.7705162 0 -0.8090652 0.587719 0 -0.8090828 0.5876948 0 -0.9297454 0.3682032 0 -0.9921231 0.1252672 0 -0.8090817 -0.5876964 0 -0.9921208 0.1252854 0 -0.4257585 -0.904837 0 -0.1874256 -0.9822789 0 0.06281274 -0.9980254 0 0.06281161 -0.9980254 0 0.3090915 -0.9510324 0 0.3090861 -0.9510341 0 0.5358287 -0.8443268 0 0.7289113 -0.6846082 0 0.535837 -0.8443215 0 0.8762848 -0.4817937 0 0.9685918 -0.2486565 0 0.8762926 -0.4817794 0 0.9685873 -0.2486739 0 0.9685916 0.2486573 0 0.8762934 0.481778 0 0.7289113 0.6846082 0 0.5359487 0.8442506 0 0.5359571 0.8442453 0 0.3089392 0.9510818 0 0.3089338 0.9510836 0 0.06280952 0.9980255 0 0.06280839 0.9980257 0 -0.1872631 0.9823099 0 -0.9921231 -0.1252672 0 -0.9921208 -0.1252854 0 -0.8090817 0.5876964 0 -0.9921231 0.1252667 0 -0.8090652 -0.587719 0 -0.8090828 -0.5876948 0 -0.1874224 -0.9822795 0 -0.187419 -0.9822801 0 0.06280952 -0.9980255 0 0.06280839 -0.9980257 0 0.3089392 -0.9510818 0 0.3089338 -0.9510836 0 0.5359487 -0.8442506 0 0.9685812 -0.2486979 0 0.8762934 -0.481778 0 0.9685767 -0.2487152 0 0.9685873 0.2486739 0 0.9685918 0.2486565 0 0.8762848 0.4817937 0 0.8762926 0.4817794 0 0.5358287 0.8443268 0 0.3090915 0.9510324 0 0.3090861 0.9510341 0 0.06264501 0.9980359 0 0.06264388 0.998036 0 -0.1874222 0.9822795 0 -0.4257656 0.9048336 0 -0.9297513 -0.3681883 0 -0.9297518 0.3681872 0 -0.9297449 -0.3682043 0 -0.6374225 -0.7705145 0 -0.4257701 -0.9048314 0 -0.6374316 -0.7705071 0 -0.1872597 -0.9823105 0 -0.4257629 -0.9048348 0 0.06263023 -0.9980369 0 0.06263142 -0.9980368 6.91759e-7 0.3088188 -0.951121 0 0.309138 -0.9510172 0 0.3088188 -0.951121 0 0.3091434 -0.9510154 0 0.9685826 -0.248692 0 0.9685871 -0.2486746 0 0.9685828 0.2486912 0 -0.1873899 0.9822856 0 -0.4257637 0.9048345 0 -0.4257605 0.9048359 0 -0.9921133 -0.1253451 0 -0.9921127 -0.1253491 0 -0.6374135 0.7705219 0 -0.6374155 0.7705203 0 -0.8090263 0.5877724 0 -0.9297712 -0.3681379 0 -0.8090268 -0.5877718 0 -0.9297726 -0.3681344 0 -0.9297714 0.3681374 0 -0.9297728 0.3681339 0 -0.9921133 0.1253451 0 -0.6374583 -0.7704849 0 -0.42576 -0.9048362 0 -0.6374603 -0.7704833 0 -0.9921127 0.1253491 0 -0.4257631 -0.9048346 0 0.06278681 -0.998027 0 0.06278657 -0.998027 0 0.3090828 -0.9510352 0 0.5357841 -0.8443552 0 0.7289804 -0.6845346 0 0.7289783 -0.6845368 0 0.8762995 -0.4817668 0 0.8762962 -0.481773 0 0.9685829 -0.248691 0 0.9685839 -0.2486872 0 0.9685839 0.2486872 0 0.9685829 0.248691 0 0.8762993 0.4817674 0 0.8762958 0.4817736 0 0.7289804 0.6845346 0 0.7289783 0.6845368 0 0.5358373 0.8443213 0 0.3090152 0.9510571 0 0.06278824 0.998027 0 0.062788 0.9980269 0 -0.1873172 0.9822996 0 -0.4257631 0.9048346 0 -0.42576 0.9048362 0 -0.6374583 0.7704849 0 -0.6374603 0.7704833 0 -0.8090268 0.5877718 0 -0.9297714 -0.3681374 0 -0.8090263 -0.5877724 0 -0.9297728 -0.3681339 0 -0.9297712 0.3681379 0 -0.9297726 0.3681344 0 -0.6374135 -0.7705219 0 -0.4257605 -0.9048359 0 -0.6374155 -0.7705203 0 -0.4257637 -0.9048345 0 -0.1873899 -0.9822856 0 0.06278824 -0.998027 0 0.062788 -0.9980269 0 0.3090152 -0.9510571 0 0.5358373 -0.8443213 0 0.876282 -0.4817985 0 0.8762786 -0.4818049 0 0.9685875 -0.2486732 0 0.9685885 -0.2486694 0 0.9685885 0.2486694 0 0.9685875 0.2486732 0 0.8762995 0.4817668 0 0.8762962 0.481773 0 0.5357841 0.8443552 0 0.06278681 0.998027 0 0.06278657 0.998027 0 -0.1874237 0.9822793 0 -0.4257714 0.9048308 0 -0.4257643 0.9048342 0 -0.637426 0.7705117 0 -0.6374215 0.7705155 0 -0.9921196 -0.1252941 0 -0.8090733 0.5877077 0 -0.9297452 0.3682037 0 -0.9297515 0.3681877 0 -0.8090739 -0.5877069 0 -0.9921196 0.1252941 0 -0.6374251 -0.7705124 0 -0.1874253 -0.982279 0 0.06280231 -0.998026 0 0.06280118 -0.9980261 0 0.3089827 -0.9510677 0 0.3089882 -0.9510659 0 0.7289205 -0.6845984 0 0.876293 0.4817787 0 0.8762852 0.4817929 0 0.7289198 0.6845992 0 0.7289105 0.684609 0 0.3091365 0.9510177 0 0.3091419 0.951016 0 0.06280231 0.998026 0 0.06280118 0.9980261 0 -0.1874253 0.982279 0 -0.4257701 0.9048314 0 -0.4257629 0.9048348 0 -0.6374251 0.7705124 0 -0.8090739 0.5877069 0 -0.9297452 -0.3682037 0 -0.9297515 -0.3681877 0 -0.8090733 -0.5877077 0 -0.637426 -0.7705117 0 -0.4257643 -0.9048342 0 -0.6374215 -0.7705155 0 -0.1874237 -0.9822793 0 -0.4257714 -0.9048308 0 0.3091365 -0.9510177 0 0.3091419 -0.951016 0 0.7289105 -0.684609 0 0.7289198 -0.6845992 0 0.876293 -0.4817787 0 0.8762852 -0.4817929 0 0.7289205 0.6845984 0 0.309135 0.9510182 0 0.3091405 0.9510165 0 -0.187423 0.9822793 0 -0.4257665 0.9048331 0 -0.4257647 0.904834 0 -0.6374262 0.7705115 0 -0.9921202 -0.1252895 0 -0.9921205 -0.1252872 0 -0.8090158 0.587787 0 -0.9297473 -0.3681983 0 -0.8090136 0.5877901 0 -0.9297478 0.3681972 0 -0.9921229 0.1252686 0 -0.809075 -0.5877054 0 -0.8090729 -0.5877085 0 -0.9921232 0.1252663 0 -0.6373262 -0.7705942 0 -0.4257621 -0.9048353 0 -0.6373251 -0.770595 0 -0.1874261 -0.9822787 0 -0.4257638 -0.9048343 0 0.06280201 -0.998026 0 0.3089855 -0.9510669 0 0.5357554 -0.8443732 0 0.7289966 -0.6845173 0 0.5357533 -0.8443747 0 0.728999 -0.6845148 0 0.8762953 -0.4817745 0 0.968586 -0.2486791 0 0.9685757 0.2487187 0 0.8762946 0.4817758 0 0.728999 0.6845148 0 0.7289966 0.6845173 0 0.5358754 0.8442971 0 0.5358734 0.8442984 0 0.3089855 0.9510669 0 0.06280201 0.998026 0 -0.1874261 0.9822787 0 -0.4257638 0.9048343 0 -0.4257621 0.9048353 0 -0.9921229 -0.1252686 0 -0.9921232 -0.1252663 0 -0.8090168 0.5877855 0 -0.9297478 -0.3681972 0 -0.8090147 0.5877885 0 -0.9297473 0.3681983 0 -0.9921202 0.1252895 0 -0.8090158 -0.587787 0 -0.8090136 -0.5877901 0 -0.9921205 0.1252872 0 -0.6374262 -0.7705115 0 -0.4257647 -0.904834 0 -0.187423 -0.9822793 0 -0.4257665 -0.9048331 0 0.5358754 -0.8442971 0 0.5358734 -0.8442984 0 0.8762946 -0.4817758 0 0.9685757 -0.2487187 0 0.9685756 0.2487196 0 0.8763344 0.4817034 0 0.8763324 0.4817069 0 0.5357554 0.8443732 0 0.5357533 0.8443747 2.19874e-5 -0.6263537 -0.7795391 0.08886247 -0.9195955 0.3826847 0.08886241 -0.9195954 0.3826849 0.06801348 -0.7038388 0.7070963 0.06801265 -0.7038337 0.7071015 0.1031543 -0.6999921 0.7066614 0.1254402 -0.6663035 0.7350541 0.1739952 -0.6921349 0.700482 0.2435156 -0.6361299 0.7321468 0.237017 -0.6569622 0.7156981 0.3092766 -0.6464962 0.6974172 0.3560423 -0.5871416 0.7269791 0.3572307 -0.5876927 0.7259501 0.4314076 -0.572065 0.6975882 0.4511818 -0.509657 0.7325878 0.4748145 -0.5136743 0.7146257 0.5339402 -0.4727857 0.7009862 0.5327242 -0.4191821 0.7351811 0.5745424 -0.4143146 0.7058645 0.6116293 -0.3541023 0.7074752 0.5992978 -0.317494 0.734874 0.6506714 -0.2943437 0.6999918 0.6555612 -0.2149206 0.7239121 0.6608121 -0.2225715 0.7167909 0.6984534 -0.1597844 0.69759 0.6763668 -0.1060844 0.7288855 0.7020488 -0.08817249 0.7066493 0.705135 -0.05295282 0.7070932 0.7051261 -0.052953 0.707102 0.06801348 -0.7038388 -0.7070963 0.06801265 -0.7038337 -0.7071015 0.1031543 -0.6999921 -0.7066614 0.173996 -0.6921346 -0.700482 0.1254402 -0.6663035 -0.7350541 0.2370167 -0.6569622 -0.7156981 0.3092766 -0.6464962 -0.6974172 0.2435154 -0.6361297 -0.7321471 0.3572307 -0.5876927 -0.7259501 0.4314076 -0.572065 -0.6975882 0.3560425 -0.5871419 -0.7269789 0.4748158 -0.5136737 -0.7146254 0.4511818 -0.509657 -0.7325876 0.5339409 -0.4727854 -0.7009859 0.5745422 -0.4143145 -0.7058646 0.5327237 -0.4191825 -0.7351813 0.6116293 -0.3541023 -0.7074752 0.6506714 -0.2943437 -0.6999919 0.599298 -0.3174941 -0.7348738 0.6608118 -0.2225714 -0.7167914 0.6984532 -0.1597844 -0.6975902 0.6555603 -0.2149206 -0.7239128 0.7020488 -0.08817249 -0.7066493 0.6763668 -0.1060844 -0.7288855 0.7051346 -0.05295366 -0.7070935 0.7051263 -0.05295217 -0.7071018 0.08886253 -0.919596 -0.3826838 0.08886247 -0.9195959 -0.382684 0.9903854 -0.1383361 0 0.9647113 -0.2633103 0 0.9903854 -0.1383361 0 0.9107807 -0.4128906 0 0.964711 -0.263311 0 0.8160086 -0.57804 0 0.6916585 -0.7222248 0 0.816008 -0.5780406 0 0.5422286 -0.8402311 0 0.6916582 -0.7222251 0 0.3731376 -0.927776 0 0.5422289 -0.8402309 0 0.1905078 -0.9816857 0 0.3731374 -0.9277762 0 0.1905079 -0.9816857 0 0.9212836 -0.06918466 0.3826882 0.9212846 -0.06918561 0.3826854 0.921284 -0.06918466 -0.3826872 0.921285 -0.06918561 -0.3826843 0.1710299 -0.908464 0.3813686 0.1758965 -0.906392 0.3840755 0.3441275 -0.8556448 0.3865855 0.3308418 -0.8642488 0.3789692 0.4995833 -0.7741482 0.3887302 0.4802782 -0.7920168 0.3768852 0.6367382 -0.6648778 0.3905152 0.6144448 -0.6940801 0.375114 0.7507199 -0.5317913 0.391941 0.7289538 -0.5735884 0.3736613 0.8374916 -0.3796663 0.3930157 0.8200504 -0.4344434 0.3725271 0.8897284 -0.2428449 0.3865356 0.8814496 -0.2889761 0.3735498 0.9152671 -0.1278434 0.3820239 0.9153652 -0.1435704 0.3761569 0.1710301 -0.9084643 -0.3813679 0.1758967 -0.9063925 -0.3840745 0.3441277 -0.8556451 -0.3865846 0.3308419 -0.8642493 -0.3789682 0.4995834 -0.7741487 -0.3887292 0.4802784 -0.7920169 -0.3768844 0.6367383 -0.6648783 -0.3905141 0.6144451 -0.6940803 -0.3751131 0.7507202 -0.5317917 -0.3919399 0.7289541 -0.5735886 -0.3736605 0.8374922 -0.3796662 -0.3930146 0.8200508 -0.4344435 -0.3725262 0.889729 -0.242845 -0.3865345 0.8814499 -0.2889764 -0.3735489 0.9152675 -0.1278434 -0.3820227 0.9153658 -0.1435704 -0.3761558</float_array>
          <technique_common>
            <accessor source="#shape0-mesh-normals-array" count="1499" stride="3">
              <param name="X" type="float"/>
              <param name="Y" type="float"/>
              <param name="Z" type="float"/>
            </accessor>
          </technique_common>
        </source>
        <vertices id="shape0-mesh-vertices">
          <input semantic="POSITION" source="#shape0-mesh-positions"/>
        </vertices>
        <triangles material="R3MPerception-Metallic-material" count="2970">
          <input semantic="VERTEX" source="#shape0-mesh-vertices" offset="0"/>
          <input semantic="NORMAL" source="#shape0-mesh-normals" offset="1"/>
          <p>0 0 1 0 2 0 3 1 4 1 1 1 3 2 0 2 5 2 3 3 1 3 0 3 6 4 5 4 7 4 6 5 3 5 5 5 8 6 6 6 7 6 9 7 7 7 10 7 9 8 8 8 7 8 11 9 1 9 4 9 11 10 4 10 12 10 13 11 12 11 14 11 13 12 11 12 12 12 15 13 13 13 14 13 16 14 17 14 18 14 19 15 16 15 20 15 16 16 18 16 20 16 4 17 3 17 21 17 19 18 20 18 22 18 4 19 21 19 23 19 12 20 4 20 24 20 4 21 23 21 24 21 14 22 12 22 25 22 12 23 24 23 25 23 2 24 1 24 11 24 26 25 11 25 13 25 26 26 13 26 15 26 26 27 2 27 11 27 27 28 26 28 15 28 28 29 29 29 30 29 28 30 31 30 29 30 28 31 32 31 31 31 33 32 34 32 35 32 33 33 36 33 34 33 33 34 30 34 36 34 33 34 28 34 30 34 37 35 38 35 39 35 37 36 40 36 38 36 37 37 35 37 40 37 37 34 39 34 41 34 37 34 42 34 33 34 37 34 33 34 35 34 43 38 44 38 32 38 43 39 32 39 28 39 45 40 46 40 42 40 45 34 42 34 37 34 47 34 43 34 28 34 48 41 49 41 46 41 48 42 46 42 45 42 50 43 51 43 52 43 50 44 47 44 51 44 53 45 52 45 54 45 53 46 54 46 49 46 53 34 49 34 48 34 53 47 50 47 52 47 43 34 17 34 44 34 28 34 55 34 47 34 47 48 55 48 51 48 56 49 57 49 58 49 56 50 59 50 57 50 60 51 58 51 61 51 60 52 56 52 58 52 62 53 0 53 2 53 63 54 60 54 61 54 64 55 2 55 26 55 64 56 62 56 2 56 65 57 26 57 27 57 66 58 64 58 26 58 66 59 26 59 65 59 67 60 66 60 65 60 68 61 69 61 70 61 71 62 70 62 72 62 71 63 68 63 70 63 73 64 72 64 74 64 73 65 71 65 72 65 75 66 74 66 76 66 75 67 73 67 74 67 77 68 75 68 76 68 78 69 76 69 79 69 80 70 81 70 82 70 78 71 77 71 76 71 83 72 82 72 84 72 83 73 80 73 82 73 85 74 84 74 86 74 85 75 83 75 84 75 87 76 86 76 88 76 87 77 85 77 86 77 89 78 87 78 88 78 10 79 88 79 9 79 10 80 89 80 88 80 90 81 91 81 92 81 91 81 93 81 92 81 93 81 94 81 92 81 95 81 96 81 97 81 96 82 98 82 97 82 98 81 90 81 97 81 90 83 92 83 97 83 99 84 100 84 101 84 100 85 102 85 101 85 102 81 103 81 101 81 103 86 95 86 101 86 97 81 104 81 101 81 95 81 97 81 101 81 94 81 105 81 59 81 92 81 94 81 59 81 104 87 106 87 107 87 101 81 104 81 107 81 92 88 59 88 108 88 106 89 109 89 110 89 107 81 106 81 110 81 111 90 112 90 113 90 112 81 108 81 113 81 114 91 111 91 115 91 109 92 114 92 115 92 110 81 109 81 115 81 111 93 113 93 115 93 105 81 57 81 59 81 108 81 116 81 92 81 112 81 116 81 108 81 117 94 118 94 119 94 120 95 121 95 122 95 123 96 124 96 125 96 126 97 127 97 128 97 123 94 125 94 129 94 126 94 128 94 130 94 131 98 117 98 132 98 133 99 134 99 135 99 136 94 134 94 137 94 131 100 132 100 138 100 139 101 140 101 127 101 136 94 135 94 134 94 141 94 134 94 133 94 142 94 124 94 123 94 142 102 143 102 124 102 139 94 127 94 126 94 144 94 126 94 130 94 145 94 136 94 137 94 146 103 131 103 138 103 147 104 148 104 140 104 149 94 134 94 141 94 150 94 145 94 137 94 146 94 138 94 151 94 152 94 134 94 149 94 147 94 140 94 139 94 153 94 143 94 142 94 154 105 150 105 137 105 153 106 155 106 143 106 156 94 144 94 130 94 157 107 158 107 159 107 157 108 159 108 121 108 157 94 121 94 120 94 160 109 146 109 151 109 161 110 155 110 153 110 162 111 163 111 148 111 161 112 164 112 155 112 162 94 148 94 147 94 165 94 160 94 151 94 165 94 151 94 166 94 167 94 156 94 130 94 168 94 164 94 161 94 169 113 170 113 163 113 171 94 166 94 172 94 169 94 163 94 162 94 171 94 165 94 166 94 173 114 158 114 157 114 174 94 167 94 130 94 175 94 134 94 152 94 175 115 152 115 176 115 175 94 176 94 177 94 175 116 177 116 178 116 175 117 178 117 179 117 175 118 179 118 180 118 175 119 180 119 181 119 182 120 183 120 170 120 182 94 170 94 169 94 184 121 175 121 181 121 185 94 174 94 130 94 186 122 168 122 187 122 188 123 189 123 190 123 186 124 187 124 191 124 186 125 191 125 192 125 186 126 192 126 193 126 194 127 195 127 183 127 186 128 193 128 196 128 186 94 164 94 168 94 194 94 183 94 182 94 197 94 189 94 188 94 186 94 198 94 199 94 186 129 199 129 200 129 186 130 200 130 201 130 186 131 201 131 202 131 197 132 203 132 189 132 186 133 202 133 164 133 204 134 205 134 206 134 204 94 206 94 171 94 204 94 186 94 196 94 207 135 154 135 137 135 207 94 188 94 190 94 204 136 196 136 208 136 204 137 172 137 209 137 207 138 190 138 154 138 204 139 208 139 210 139 204 94 210 94 211 94 204 140 211 140 205 140 204 141 171 141 172 141 204 94 209 94 212 94 213 94 203 94 197 94 67 142 65 142 214 142 67 143 214 143 215 143 213 144 216 144 203 144 67 94 215 94 217 94 67 145 217 145 218 145 67 146 218 146 219 146 67 147 219 147 220 147 220 94 219 94 221 94 186 148 158 148 222 148 186 149 222 149 223 149 224 150 207 150 137 150 186 151 223 151 198 151 198 152 223 152 225 152 222 153 158 153 173 153 226 154 216 154 213 154 226 155 227 155 216 155 228 156 224 156 137 156 229 94 227 94 226 94 229 157 230 157 227 157 231 158 230 158 229 158 231 159 232 159 230 159 233 94 232 94 231 94 233 160 234 160 232 160 235 94 234 94 233 94 235 161 236 161 234 161 215 162 237 162 217 162 238 94 214 94 65 94 239 94 236 94 235 94 240 94 237 94 215 94 240 163 241 163 237 163 242 94 238 94 65 94 243 94 241 94 240 94 243 164 244 164 241 164 212 165 245 165 246 165 212 94 246 94 247 94 212 166 247 166 248 166 212 167 248 167 185 167 212 94 249 94 250 94 212 168 250 168 245 168 25 169 175 169 184 169 212 170 185 170 130 170 25 171 236 171 239 171 25 172 239 172 251 172 25 173 251 173 252 173 25 174 184 174 236 174 25 175 252 175 253 175 25 176 253 176 254 176 25 177 254 177 255 177 256 94 242 94 65 94 257 178 258 178 259 178 260 94 244 94 243 94 260 179 261 179 244 179 262 180 256 180 65 180 263 181 264 181 258 181 263 94 258 94 257 94 265 94 257 94 259 94 265 182 259 182 266 182 267 94 261 94 260 94 267 183 268 183 261 183 269 94 264 94 263 94 270 184 65 184 27 184 269 185 271 185 264 185 270 94 262 94 65 94 272 94 265 94 266 94 272 186 266 186 273 186 274 94 268 94 267 94 274 187 275 187 268 187 276 94 271 94 269 94 277 188 270 188 27 188 276 94 25 94 255 94 276 189 255 189 271 189 278 94 272 94 273 94 279 94 275 94 274 94 280 94 25 94 276 94 279 190 281 190 275 190 282 94 277 94 27 94 283 94 25 94 280 94 284 191 285 191 281 191 284 94 281 94 279 94 286 94 25 94 283 94 287 94 282 94 27 94 288 192 289 192 285 192 288 94 285 94 284 94 290 193 25 193 286 193 291 94 289 94 288 94 292 194 25 194 290 194 293 195 67 195 294 195 295 94 294 94 67 94 296 94 67 94 293 94 297 94 295 94 67 94 298 196 299 196 300 196 301 94 67 94 296 94 302 94 67 94 301 94 303 197 14 197 299 197 303 198 299 198 298 198 304 94 297 94 67 94 305 199 195 199 194 199 305 200 300 200 195 200 305 201 298 201 300 201 305 202 194 202 306 202 307 94 302 94 301 94 308 94 14 94 303 94 309 94 305 94 306 94 309 203 306 203 310 203 220 204 304 204 67 204 311 94 15 94 14 94 312 94 302 94 307 94 311 94 14 94 308 94 313 94 309 94 310 94 313 94 310 94 314 94 315 94 302 94 312 94 316 205 273 205 317 205 318 94 15 94 311 94 319 206 314 206 320 206 319 207 320 207 321 207 322 94 278 94 273 94 319 94 313 94 314 94 322 94 273 94 316 94 323 94 15 94 318 94 324 94 319 94 321 94 324 208 321 208 325 208 326 209 317 209 327 209 326 210 316 210 317 210 328 94 27 94 15 94 329 94 278 94 322 94 328 94 15 94 323 94 330 94 324 94 325 94 329 211 331 211 278 211 330 212 325 212 332 212 333 213 302 213 315 213 334 214 326 214 327 214 334 215 327 215 228 215 335 94 249 94 212 94 336 94 331 94 329 94 335 94 330 94 332 94 335 216 332 216 249 216 336 217 337 217 331 217 338 94 158 94 302 94 338 94 302 94 333 94 339 94 335 94 212 94 340 218 341 218 337 218 340 94 337 94 336 94 209 219 339 219 212 219 342 94 158 94 338 94 343 94 341 94 340 94 343 220 344 220 341 220 345 221 346 221 347 221 348 94 158 94 342 94 349 94 344 94 343 94 349 222 350 222 344 222 351 223 352 223 346 223 351 94 346 94 345 94 159 224 158 224 348 224 353 94 345 94 347 94 353 225 347 225 287 225 353 226 287 226 27 226 354 227 355 227 352 227 354 94 352 94 351 94 356 94 350 94 349 94 356 228 357 228 350 228 358 229 353 229 27 229 359 230 360 230 357 230 361 231 362 231 355 231 361 94 355 94 354 94 359 94 357 94 356 94 363 232 328 232 364 232 14 233 292 233 365 233 14 94 365 94 366 94 14 234 366 234 367 234 14 235 360 235 359 235 14 236 367 236 368 236 14 237 368 237 369 237 14 238 369 238 370 238 14 239 370 239 360 239 363 94 358 94 27 94 363 94 27 94 328 94 14 240 25 240 292 240 371 241 372 241 362 241 371 94 362 94 361 94 373 242 14 242 359 242 374 243 363 243 364 243 374 244 364 244 375 244 299 94 14 94 373 94 376 245 291 245 372 245 376 94 372 94 371 94 377 246 374 246 375 246 378 94 289 94 291 94 378 94 291 94 376 94 130 247 128 247 379 247 130 248 379 248 380 248 130 249 380 249 381 249 130 94 381 94 334 94 382 94 289 94 378 94 382 250 383 250 289 250 130 251 228 251 137 251 130 94 334 94 228 94 225 252 223 252 383 252 384 253 385 253 221 253 225 254 383 254 382 254 386 94 385 94 384 94 386 255 387 255 385 255 219 94 384 94 221 94 388 94 387 94 386 94 388 256 389 256 387 256 390 257 391 257 389 257 390 258 389 258 388 258 392 259 393 259 391 259 392 94 391 94 390 94 394 94 395 94 396 94 394 260 375 260 395 260 394 261 397 261 377 261 398 262 393 262 392 262 398 263 399 263 393 263 394 264 377 264 375 264 118 265 396 265 395 265 118 266 395 266 119 266 129 267 125 267 397 267 400 94 399 94 398 94 400 268 122 268 399 268 129 94 397 94 394 94 117 269 119 269 132 269 120 94 122 94 400 94 18 270 17 270 43 270 20 271 18 271 401 271 18 272 43 272 401 272 22 273 20 273 402 273 20 274 401 274 402 274 23 275 21 275 403 275 22 273 402 273 404 273 24 276 23 276 405 276 23 277 403 277 405 277 24 276 405 276 406 276 25 278 24 278 175 278 24 279 406 279 175 279 407 280 408 280 409 280 410 281 411 281 412 281 413 282 414 282 415 282 413 283 415 283 416 283 413 284 416 284 411 284 417 285 409 285 418 285 417 286 418 286 419 286 420 287 411 287 410 287 420 288 413 288 411 288 421 289 48 289 45 289 421 290 45 290 422 290 421 291 419 291 48 291 423 292 407 292 409 292 423 293 409 293 417 293 424 294 425 294 426 294 427 295 414 295 413 295 427 296 413 296 420 296 428 297 422 297 429 297 428 298 429 298 430 298 428 299 421 299 422 299 428 300 417 300 419 300 431 301 175 301 406 301 428 302 419 302 421 302 432 303 433 303 434 303 432 304 435 304 433 304 436 305 417 305 428 305 437 306 438 306 439 306 436 307 428 307 430 307 436 308 423 308 417 308 440 309 424 309 435 309 440 310 441 310 425 310 440 311 425 311 424 311 440 312 435 312 432 312 442 313 434 313 437 313 442 314 432 314 434 314 422 315 45 315 37 315 442 316 437 316 439 316 443 317 441 317 440 317 443 318 440 318 432 318 443 319 432 319 442 319 443 320 442 320 439 320 443 321 439 321 444 321 443 322 444 322 441 322 445 323 441 323 444 323 446 324 401 324 43 324 446 325 402 325 401 325 446 326 43 326 47 326 447 327 404 327 402 327 447 328 402 328 446 328 448 329 47 329 50 329 448 330 50 330 53 330 448 331 446 331 47 331 448 332 447 332 446 332 449 333 405 333 403 333 450 334 404 334 447 334 451 335 447 335 448 335 451 336 450 336 447 336 452 337 406 337 405 337 452 338 405 338 449 338 418 339 451 339 448 339 418 340 448 340 53 340 408 341 450 341 451 341 412 342 452 342 449 342 416 343 415 343 431 343 416 344 431 344 406 344 416 345 406 345 452 345 409 346 408 346 451 346 409 347 451 347 418 347 411 348 452 348 412 348 411 349 416 349 452 349 419 350 53 350 48 350 419 351 418 351 53 351 453 352 69 352 68 352 453 353 68 353 454 353 455 354 456 354 457 354 455 355 457 355 458 355 455 356 458 356 459 356 455 357 459 357 460 357 455 358 460 358 461 358 455 359 461 359 462 359 455 360 462 361 463 362 464 363 454 363 465 363 464 364 453 364 454 364 466 365 465 365 456 365 466 366 456 366 455 366 466 367 464 367 465 367 467 368 468 368 466 368 467 369 466 369 455 369 469 370 468 370 467 370 470 371 469 371 467 371 471 372 470 372 467 372 472 373 471 373 467 373 473 374 472 374 467 374 474 375 473 376 467 377 422 378 37 378 41 378 429 379 422 379 475 379 422 380 41 380 475 380 430 381 429 381 476 381 439 382 438 382 466 382 429 383 475 383 476 383 444 384 439 384 468 384 439 385 466 385 468 385 444 386 468 386 469 386 445 387 444 387 470 387 444 388 469 388 470 388 445 389 470 389 471 389 445 390 471 390 472 390 445 391 472 391 473 391 445 392 473 392 474 392 477 393 478 393 479 393 480 393 477 393 479 393 481 393 482 393 477 393 481 393 483 393 482 393 484 393 485 393 486 393 484 393 486 393 487 393 488 393 486 393 485 393 489 393 490 393 491 393 489 393 492 393 490 393 493 393 480 393 479 393 494 393 484 393 487 393 495 393 483 393 481 393 496 393 486 393 488 393 495 393 497 393 483 393 498 393 494 393 487 393 499 393 492 393 489 393 500 393 486 393 496 393 501 393 502 393 497 393 503 393 498 393 487 393 501 393 497 393 495 393 504 393 486 393 500 393 505 393 502 393 501 393 506 393 503 393 487 393 505 393 507 393 502 393 508 393 509 393 510 393 511 393 486 393 504 393 508 393 512 393 513 393 514 393 506 393 487 393 515 393 512 393 508 393 516 393 507 393 505 393 516 393 517 393 507 393 518 393 515 393 508 393 519 393 517 393 516 393 519 393 520 393 517 393 521 393 518 393 508 393 522 393 520 393 519 393 522 393 523 393 520 393 524 393 525 393 526 393 524 393 527 393 528 393 529 393 521 393 508 393 524 393 530 393 527 393 524 393 531 393 530 393 524 393 532 393 531 393 524 393 526 393 532 393 533 393 523 393 522 393 534 393 535 393 536 393 534 393 537 393 492 393 534 393 538 393 537 393 539 393 529 393 508 393 534 393 540 393 538 393 534 393 492 393 499 393 534 393 541 393 540 393 534 393 542 393 541 393 534 393 536 393 542 393 543 393 514 393 487 393 544 393 545 393 546 393 544 393 547 393 545 393 544 393 548 393 547 393 549 393 543 393 487 393 550 393 514 393 543 393 550 393 551 393 514 393 544 393 546 393 535 393 552 393 553 393 554 393 552 393 555 393 553 393 552 393 556 393 555 393 552 393 557 393 556 393 552 393 558 393 557 393 552 393 499 393 558 393 559 393 549 393 487 393 552 393 534 393 499 393 560 393 551 393 550 393 561 393 562 393 539 393 560 393 563 393 551 393 561 393 564 393 562 393 561 393 565 393 564 393 561 393 566 393 565 393 561 393 567 393 566 393 568 393 569 393 570 393 571 393 523 393 533 393 572 393 568 393 570 393 573 393 559 393 487 393 571 393 567 393 561 393 572 393 570 393 574 393 571 393 575 393 567 393 571 393 576 393 575 393 571 393 577 393 523 393 571 393 533 393 576 393 578 393 579 393 563 393 580 393 569 393 568 393 578 393 563 393 560 393 581 393 539 393 508 393 581 393 561 393 539 393 580 393 582 393 569 393 583 393 552 393 584 393 584 393 552 393 585 393 586 393 587 393 583 393 571 393 524 393 588 393 571 393 588 393 577 393 589 393 572 393 574 393 590 393 573 393 487 393 588 393 524 393 591 393 591 393 524 393 592 393 589 393 574 393 593 393 591 393 592 393 594 393 510 393 581 393 508 393 479 393 508 393 513 393 595 393 596 393 579 393 479 393 513 393 493 393 597 393 582 393 580 393 595 393 579 393 578 393 597 393 598 393 582 393 599 393 589 393 593 393 599 393 593 393 548 393 600 393 601 393 596 393 599 393 548 393 544 393 600 393 596 393 595 393 602 393 598 393 597 393 602 393 603 393 598 393 604 393 605 393 601 393 606 393 599 393 544 393 604 393 601 393 600 393 607 393 603 393 602 393 608 393 605 393 604 393 607 393 609 393 603 393 610 393 606 393 544 393 611 393 609 393 607 393 611 393 524 393 528 393 611 393 528 393 609 393 612 393 524 393 611 393 613 393 614 393 615 393 616 393 615 393 617 393 616 393 613 393 615 393 618 393 619 393 614 393 618 393 614 393 613 393 620 393 616 393 617 393 621 393 619 393 618 393 621 393 622 393 619 393 623 393 624 393 625 393 626 393 623 393 625 393 627 393 524 393 612 393 626 393 625 393 628 393 629 393 624 393 623 393 629 393 486 393 511 393 629 393 511 393 624 393 630 393 631 393 622 393 632 393 626 393 628 393 630 393 622 393 621 393 632 393 633 393 634 393 632 393 628 393 633 393 635 393 486 393 629 393 636 393 524 393 627 393 637 393 631 393 630 393 638 393 632 393 634 393 637 393 639 393 631 393 638 393 634 393 640 393 641 393 486 393 635 393 642 393 638 393 640 393 643 393 524 393 636 393 644 393 645 393 639 393 642 393 640 393 646 393 644 393 639 393 637 393 647 393 642 393 646 393 647 393 605 393 608 393 592 393 524 393 643 393 647 393 608 393 648 393 647 393 646 393 605 393 649 393 647 393 648 393 650 393 552 393 554 393 650 393 554 393 645 393 650 393 645 393 644 393 649 393 648 393 651 393 652 393 649 393 651 393 653 393 552 393 650 393 585 393 552 393 653 393 654 393 655 393 544 393 656 393 544 393 655 393 657 393 654 393 544 393 658 393 544 393 656 393 659 393 660 393 661 393 658 393 610 393 544 393 662 393 661 393 663 393 662 393 659 393 661 393 664 393 665 393 620 393 664 393 666 393 665 393 664 393 667 393 666 393 668 393 669 393 660 393 664 393 620 393 617 393 664 393 670 393 487 393 668 393 660 393 659 393 664 393 671 393 670 393 672 393 662 393 663 393 664 393 617 393 671 393 673 393 674 393 667 393 673 393 675 393 674 393 672 393 663 393 676 393 673 393 677 393 675 393 673 393 678 393 677 393 673 393 667 393 664 393 679 393 680 393 669 393 681 393 657 393 544 393 679 393 669 393 668 393 682 393 676 393 683 393 684 393 673 393 586 393 682 393 672 393 676 393 684 393 678 393 673 393 685 393 610 393 658 393 685 393 686 393 610 393 687 393 688 393 680 393 687 393 680 393 679 393 689 393 688 393 687 393 690 393 681 393 544 393 691 393 692 393 686 393 691 393 686 393 685 393 693 393 694 393 692 393 693 393 692 393 691 393 695 393 696 393 694 393 695 393 694 393 693 393 697 393 698 393 699 393 700 393 701 393 696 393 702 393 697 393 699 393 700 393 696 393 695 393 703 393 698 393 697 393 703 393 704 393 698 393 705 393 706 393 701 393 707 393 702 393 699 393 705 393 701 393 700 393 707 393 699 393 708 393 709 393 710 393 690 393 709 393 711 393 710 393 709 393 712 393 711 393 709 393 713 393 712 393 709 393 714 393 713 393 709 393 690 393 544 393 715 393 716 393 706 393 715 393 706 393 705 393 717 393 707 393 708 393 718 393 714 393 709 393 717 393 708 393 719 393 525 393 486 393 641 393 525 393 704 393 703 393 525 393 641 393 704 393 525 393 720 393 721 393 525 393 703 393 720 393 535 393 722 393 652 393 535 393 546 393 722 393 583 393 723 393 684 393 583 393 724 393 723 393 583 393 725 393 724 393 583 393 726 393 725 393 535 393 727 393 688 393 583 393 728 393 726 393 535 393 651 393 727 393 583 393 584 393 728 393 535 393 729 393 536 393 535 393 688 393 689 393 535 393 730 393 729 393 583 393 684 393 586 393 535 393 731 393 730 393 535 393 732 393 731 393 535 393 733 393 732 393 535 393 689 393 733 393 535 393 652 393 651 393 734 393 709 393 479 393 734 393 718 393 709 393 735 393 719 393 736 393 735 393 717 393 719 393 737 393 734 393 479 393 738 393 739 393 718 393 738 393 718 393 734 393 740 393 525 393 721 393 741 393 737 393 479 393 587 393 742 393 583 393 743 393 735 393 736 393 744 393 745 393 739 393 743 393 736 393 746 393 747 393 525 393 740 393 744 393 739 393 738 393 748 393 743 393 746 393 749 393 741 393 479 393 750 393 525 393 747 393 751 393 752 393 745 393 751 393 745 393 744 393 570 393 746 393 574 393 570 393 748 393 746 393 526 393 525 393 750 393 753 393 749 393 479 393 754 393 755 393 752 393 754 393 752 393 751 393 756 393 683 393 757 393 756 393 758 393 682 393 759 393 753 393 479 393 756 393 682 393 683 393 760 393 761 393 755 393 760 393 755 393 754 393 762 393 757 393 763 393 762 393 756 393 757 393 478 393 759 393 479 393 764 393 765 393 716 393 764 393 715 393 761 393 764 393 716 393 715 393 766 393 767 393 758 393 764 393 761 393 760 393 766 393 758 393 756 393 768 393 762 393 763 393 768 393 763 393 590 393 769 393 765 393 764 393 769 393 594 393 765 393 770 393 767 393 766 393 770 393 771 393 767 393 591 393 594 393 769 393 670 393 590 393 487 393 670 393 768 393 590 393 772 393 773 393 771 393 772 393 771 393 770 393 491 393 490 393 773 393 491 393 773 393 772 393 477 393 482 393 478 393 774 394 775 394 776 394 774 394 777 394 775 394 778 395 779 395 780 395 781 395 782 395 783 395 781 395 784 395 782 395 785 395 786 395 787 395 788 395 789 395 790 395 788 395 791 395 789 395 788 395 792 395 791 395 788 395 793 395 792 395 788 395 794 395 793 395 788 395 795 395 794 395 788 395 796 395 795 395 785 395 787 395 779 395 788 395 797 395 796 395 788 395 790 395 798 395 799 395 800 395 801 395 799 395 801 395 802 395 788 395 803 395 804 395 805 395 801 395 800 395 788 395 798 395 803 395 806 395 780 395 807 395 806 395 778 395 780 395 808 395 799 395 802 395 809 395 810 395 811 395 812 395 786 395 785 395 813 395 801 395 805 395 812 395 814 395 786 395 809 395 811 395 815 395 816 395 781 395 783 395 817 395 808 395 802 395 818 395 801 395 813 395 819 395 810 395 809 395 818 395 820 395 801 395 821 395 807 395 822 395 821 395 806 395 807 395 819 395 823 395 810 395 824 395 817 395 802 395 825 395 816 395 783 395 826 395 814 395 812 395 826 395 827 395 814 395 828 395 820 395 818 395 829 395 830 395 831 395 829 395 832 395 830 395 829 395 833 395 832 395 829 395 834 395 833 395 829 395 835 395 834 395 829 395 836 395 835 395 837 395 821 395 822 395 837 395 822 395 838 395 829 395 839 395 802 395 829 395 831 395 839 395 840 395 841 395 827 395 840 395 827 395 826 395 842 395 823 395 819 395 842 395 843 395 823 395 842 395 844 395 843 395 845 395 825 395 783 395 846 395 837 395 838 395 847 395 844 395 842 395 848 395 849 395 841 395 847 395 850 395 844 395 848 395 841 395 840 395 851 395 820 395 828 395 852 395 845 395 783 395 851 395 853 395 854 395 851 395 855 395 853 395 851 395 856 395 855 395 857 395 838 395 858 395 851 395 828 395 856 395 857 395 846 395 838 395 859 395 850 395 847 395 859 395 860 395 850 395 861 395 862 395 849 395 863 395 851 395 854 395 861 395 849 395 848 395 864 395 858 395 865 395 866 395 867 395 836 395 864 395 857 395 858 395 868 395 860 395 859 395 868 395 869 395 870 395 868 395 870 395 860 395 871 395 866 395 836 395 871 395 836 395 829 395 872 395 867 395 866 395 872 395 873 395 867 395 874 395 875 395 851 395 876 395 871 395 829 395 877 395 873 395 872 395 877 395 878 395 873 395 879 395 880 395 881 395 882 395 879 395 881 395 883 395 876 395 829 395 882 395 881 395 884 395 885 395 880 395 879 395 886 395 878 395 877 395 885 395 887 395 880 395 886 395 888 395 878 395 885 395 889 395 887 395 890 395 891 395 892 395 890 395 893 395 891 395 890 395 894 395 893 395 895 395 824 395 802 395 890 395 896 395 894 395 890 395 861 395 896 395 895 395 882 395 884 395 890 395 897 395 862 395 895 395 884 395 824 395 890 395 898 395 897 395 890 395 899 395 898 395 900 395 889 395 885 395 890 395 901 395 899 395 902 395 883 395 829 395 890 395 862 395 861 395 903 395 869 395 868 395 904 395 905 395 864 395 904 395 906 395 905 395 900 395 907 395 889 395 904 395 908 395 906 395 904 395 909 395 908 395 904 395 910 395 909 395 904 395 911 395 910 395 912 395 888 395 886 395 904 395 892 395 911 395 904 395 865 395 913 395 839 395 895 395 802 395 904 395 864 395 865 395 904 395 913 395 914 395 904 395 890 395 892 395 912 395 915 395 888 395 916 395 782 395 917 395 918 395 907 395 900 395 917 395 782 395 919 395 920 395 921 395 916 395 890 395 869 395 901 395 901 395 869 395 922 395 923 395 902 395 829 395 922 395 869 395 924 395 924 395 869 395 903 395 875 395 820 395 851 395 925 395 851 395 863 395 925 395 863 395 926 395 918 395 927 395 907 395 928 395 915 395 912 395 928 395 929 395 915 395 930 395 927 395 918 395 930 395 931 395 927 395 930 395 932 395 931 395 933 395 932 395 930 395 916 395 921 395 934 395 925 395 932 395 933 395 925 395 935 395 932 395 925 395 926 395 935 395 936 395 937 395 783 395 925 395 938 395 939 395 925 395 940 395 938 395 941 395 852 395 783 395 925 395 933 395 940 395 941 395 783 395 937 395 942 395 925 395 939 395 943 395 783 395 944 395 943 395 936 395 783 395 945 395 852 395 941 395 945 395 946 395 852 395 947 395 943 395 944 395 914 395 923 395 829 395 914 395 948 395 923 395 914 395 949 395 948 395 797 395 925 395 942 395 914 395 950 395 949 395 914 395 951 395 950 395 797 395 952 395 953 395 797 395 954 395 952 395 797 395 955 395 954 395 797 395 942 395 955 395 956 395 946 395 945 395 957 395 951 395 914 395 958 395 959 395 960 395 958 395 960 395 961 395 962 395 947 395 944 395 963 395 960 395 959 395 963 395 964 395 960 395 965 395 957 395 914 395 966 395 958 395 961 395 967 395 968 395 946 395 966 395 961 395 969 395 967 395 946 395 956 395 970 395 964 395 963 395 970 395 971 395 964 395 972 395 965 395 914 395 973 395 966 395 969 395 973 395 969 395 974 395 975 395 962 395 944 395 976 395 971 395 970 395 977 395 978 395 968 395 977 395 968 395 967 395 979 395 975 395 944 395 980 395 971 395 976 395 980 395 953 395 971 395 981 395 978 395 977 395 982 395 797 395 953 395 983 395 979 395 944 395 982 395 953 395 980 395 984 395 978 395 981 395 984 395 985 395 978 395 986 395 797 395 982 395 987 395 983 395 944 395 988 395 797 395 986 395 989 395 990 395 985 395 989 395 985 395 984 395 991 395 987 395 944 395 992 395 990 395 989 395 796 395 797 395 988 395 992 395 993 395 990 395 994 395 995 395 916 395 996 395 916 395 995 395 997 395 994 395 916 395 998 395 916 395 996 395 920 395 916 395 998 395 999 395 788 395 804 395 999 395 804 395 1000 395 917 395 997 395 916 395 1001 395 999 395 1000 395 1002 395 920 395 998 395 1001 395 1000 395 1003 395 1004 395 920 395 1002 395 1005 395 788 395 999 395 1006 395 1001 395 1003 395 1006 395 929 395 928 395 1006 395 1003 395 929 395 1006 395 928 395 1007 395 1008 395 788 395 1005 395 1009 395 1004 395 1002 395 1010 395 1006 395 1007 395 1010 395 1011 395 1012 395 1010 395 1007 395 1011 395 1013 395 944 395 788 395 1014 395 1004 395 1009 395 1013 395 788 395 1008 395 1015 395 1010 395 1012 395 1015 395 1012 395 1016 395 1017 395 1004 395 1014 395 1018 395 944 395 1013 395 1019 395 973 395 974 395 1020 395 1015 395 1016 395 1020 395 1016 395 1021 395 1022 395 1019 395 974 395 1022 395 974 395 1023 395 1024 395 1025 395 973 395 1026 395 944 395 1018 395 1027 395 1020 395 1021 395 1024 395 973 395 1019 395 1027 395 1028 395 1029 395 830 395 1022 395 1023 395 1027 395 1021 395 1028 395 830 395 1023 395 831 395 1030 395 1031 395 1025 395 1032 395 944 395 1026 395 1030 395 1025 395 1024 395 1033 395 1027 395 1029 395 1033 395 1029 395 972 395 1034 395 972 395 914 395 1034 395 1033 395 972 395 1035 395 869 395 1004 395 1035 395 1004 395 1017 395 1036 395 1034 395 914 395 1037 395 1038 395 1031 395 1037 395 1031 395 1030 395 913 395 1036 395 914 395 1039 395 869 395 1035 395 1040 395 1041 395 1038 395 1040 395 1038 395 1037 395 1042 395 1043 395 1044 395 1045 395 869 395 1039 395 1046 395 991 395 944 395 1046 395 1042 395 1044 395 1046 395 1044 395 991 395 782 395 1047 395 919 395 782 395 1048 395 1047 395 1049 395 1050 395 1043 395 1051 395 1052 395 1041 395 1049 395 1043 395 1042 395 1051 395 1041 395 1040 395 1053 395 1046 395 944 395 1054 395 1055 395 1050 395 870 395 869 395 1045 395 1054 395 1050 395 1049 395 1056 395 1053 395 944 395 1057 395 1058 395 1055 395 1057 395 1055 395 1054 395 1059 395 1060 395 1052 395 1061 395 1032 395 1062 395 1061 395 944 395 1032 395 1059 395 1052 395 1051 395 1061 395 1056 395 944 395 1063 395 1064 395 1058 395 1063 395 1058 395 1057 395 798 395 790 395 1060 395 1065 395 1061 395 1062 395 1065 395 1062 395 1066 395 1067 395 1064 395 1063 395 798 395 1060 395 1059 395 1067 395 992 395 1064 395 787 395 1065 395 1066 395 1068 395 992 395 1067 395 1068 395 993 395 992 395 1069 395 993 395 1068 395 1069 395 1070 395 993 395 922 395 1070 395 1069 395 922 395 924 395 1070 395 1071 395 1072 395 782 395 1073 395 782 395 1072 395 1073 395 1048 395 782 395 779 395 787 395 1066 395 784 395 1071 395 782 395 779 395 1066 395 780 395 815 395 1048 395 1073 395 815 395 1074 395 1048 395 815 395 811 395 1074 395 1075 396 820 396 875 396 1075 397 875 397 1076 397 1077 398 1076 398 1078 398 1077 399 1075 399 1076 399 1079 400 1078 400 1080 400 1079 401 1077 401 1078 401 1081 402 1079 402 1080 402 1082 403 1083 403 1084 403 1082 404 1085 404 1083 404 1086 405 1084 405 1087 405 1086 406 1082 406 1084 406 1088 407 1087 407 587 407 1088 408 1086 408 1087 408 586 409 1088 409 587 409 115 410 1089 410 1090 410 1091 411 1092 411 1093 411 1092 412 1094 412 1093 412 1095 413 1096 413 1097 413 1098 414 1095 414 1097 414 1099 415 1098 415 1097 415 1089 416 1091 416 1100 416 1090 417 1089 417 1100 417 1101 418 1099 418 1102 418 1103 419 1101 419 1102 419 107 420 1090 420 1104 420 1105 421 107 421 1104 421 1090 422 1100 422 1104 422 1091 423 1093 423 1106 423 1100 424 1091 424 1106 424 1107 425 1108 425 1109 425 1097 426 1096 426 1110 426 1099 427 1097 427 1110 427 1102 428 1099 428 1110 428 66 429 67 429 1111 429 1112 430 1105 430 1113 430 1114 431 1112 431 1113 431 1105 432 1104 432 1113 432 1104 433 1100 433 1113 433 1100 434 1106 434 1113 434 1115 435 1116 435 1117 435 1118 436 1115 436 1117 436 1113 437 1106 437 1119 437 1120 438 1121 438 1122 438 1114 439 1113 439 1119 439 1118 440 1117 440 1122 440 1116 441 1109 441 1123 441 1108 442 1124 442 1123 442 1109 443 1108 443 1123 443 1117 444 1116 444 1123 444 1120 445 1122 445 1125 445 1122 446 1117 446 1125 446 101 447 107 447 1105 447 1117 448 1123 448 1125 448 1126 449 1120 449 1125 449 1123 450 1124 450 1127 450 1125 451 1123 451 1127 451 1126 452 1125 452 1127 452 1124 453 1126 453 1127 453 1126 454 1124 454 1128 454 59 455 56 455 1129 455 56 456 60 456 1129 456 108 457 59 457 1129 457 113 458 108 458 1129 458 1129 459 60 459 1130 459 113 460 1129 460 1131 460 1129 461 1130 461 1131 461 60 462 63 462 1132 462 1130 463 60 463 1132 463 1131 464 1130 464 1092 464 1130 465 1132 465 1092 465 62 466 64 466 1133 466 1134 467 62 467 1133 467 115 468 113 468 1089 468 113 469 1131 469 1089 469 1092 470 1132 470 1094 470 1134 471 1133 471 1101 471 64 472 66 472 1098 472 1111 473 1095 473 1098 473 66 474 1111 474 1098 474 1133 475 64 475 1098 475 1131 476 1092 476 1091 476 1089 477 1131 477 1091 477 1133 478 1098 478 1099 478 1101 479 1133 479 1099 479 110 480 115 480 1090 480 107 481 110 481 1090 481 99 482 101 482 1105 482 1135 483 1105 483 1112 483 1135 484 99 484 1105 484 1136 485 1112 485 1114 485 456 486 1121 486 1120 486 1136 487 1135 487 1112 487 457 488 1120 488 1126 488 457 489 456 489 1120 489 458 490 457 490 1126 490 459 491 1126 491 1128 491 459 492 458 492 1126 492 460 493 459 493 1128 493 461 494 460 494 1128 494 462 495 461 495 1128 495 463 496 462 496 1128 496 1137 497 1138 497 1139 497 1140 498 1138 498 1137 498 921 499 920 499 1141 499 1142 500 1141 500 1143 500 1142 501 921 501 1141 501 1144 502 1143 502 1145 502 1144 503 1142 503 1143 503 1146 504 1147 504 1148 504 1149 505 1145 505 1150 505 1149 506 1144 506 1145 506 1151 507 1148 507 1152 507 1151 508 1146 508 1148 508 1153 509 1152 509 1154 509 1153 510 1151 510 1152 510 510 511 1154 511 581 511 510 512 1153 512 1154 512 1155 513 1156 513 1128 513 1157 514 1155 514 1124 514 1155 515 1128 515 1124 515 1158 516 1157 516 1108 516 1157 517 1124 517 1108 517 1159 518 1158 518 1107 518 1160 519 1161 519 1096 519 1158 520 1108 520 1107 520 1162 521 1160 521 1095 521 1160 522 1096 522 1095 522 1163 523 1162 523 1111 523 1162 524 1095 524 1111 524 302 525 1163 525 67 525 1163 526 1111 526 67 526 1164 527 1165 527 1166 527 1165 528 1167 528 1166 528 1168 529 1169 529 1170 529 1169 529 1171 529 1170 529 1170 530 1172 530 1168 530 1170 530 1173 530 1172 530 1174 395 1175 395 1176 395 1174 395 1177 395 1175 395 1178 531 1179 531 1180 531 1179 531 1181 531 1180 531 1182 532 1181 532 1183 532 1181 533 1179 533 1183 533 1183 534 1179 534 1184 534 1183 535 1184 535 1185 535 134 536 1186 536 137 536 445 537 1187 537 1188 537 441 538 445 538 1188 538 425 539 441 539 1189 539 441 540 1188 540 1189 540 426 541 425 541 1190 541 425 542 1189 542 1190 542 426 543 1190 543 1191 543 415 544 414 544 1192 544 414 545 1193 545 1192 545 431 546 415 546 1194 546 415 547 1192 547 1194 547 175 548 431 548 1195 548 431 549 1194 549 1195 549 175 550 1195 550 134 550 1196 551 1197 551 1198 551 1199 552 1196 552 1198 552 1200 553 1199 553 1198 553 1200 553 1198 553 1201 553 1202 554 1203 554 1204 554 1200 555 1201 555 1205 555 1203 556 1206 556 1204 556 1207 557 1200 557 1205 557 1208 558 1202 558 1209 558 1210 559 1211 559 1212 559 1202 560 1204 560 1209 560 1211 561 1213 561 1212 561 1210 562 1212 562 1214 562 1215 563 1208 563 1216 563 1217 564 1218 564 1219 564 1220 565 1210 565 1214 565 1208 566 1209 566 1216 566 1203 567 1220 567 1214 567 1203 567 1214 567 1206 567 1217 564 1219 564 1221 564 1222 568 1217 568 1223 568 1217 568 1221 568 1223 568 1224 569 1222 569 1225 569 1222 569 1223 569 1225 569 1226 570 1224 570 1227 570 1224 571 1225 571 1227 571 1228 572 1226 572 1229 572 1226 572 1227 572 1229 572 1230 573 1228 573 1231 573 1228 574 1229 574 1231 574 1232 575 1233 575 1234 575 1233 576 1235 576 1234 576 1236 577 1232 577 1237 577 1238 578 1236 578 1237 578 1232 579 1234 579 1237 579 1238 578 1237 578 1239 578 1238 395 1239 395 1240 395 1241 395 1238 395 1240 395 1242 580 1241 580 1240 580 1242 581 1240 581 1243 581 1242 582 1243 582 1244 582 1245 583 1242 583 1244 583 1246 584 1245 584 1244 584 1246 584 1244 584 1247 584 1248 585 1249 585 1250 585 1251 585 1248 585 1250 585 1251 586 1250 586 1252 586 1253 587 1251 587 1252 587 1196 588 1253 588 1252 588 1196 589 1252 589 1197 589 1254 590 1255 590 1256 590 1257 590 1254 590 1256 590 1258 591 1257 591 1256 591 1258 592 1256 592 1259 592 1260 593 1261 593 1262 593 1258 557 1259 557 1263 557 1261 593 1264 593 1262 593 1265 555 1258 555 1263 555 1266 594 1260 594 1267 594 1268 561 1269 561 1270 561 1260 594 1262 594 1267 594 1269 561 1271 561 1270 561 1268 595 1270 595 1272 595 1273 596 1266 596 1274 596 1275 564 1276 564 1277 564 1278 597 1268 597 1272 597 1266 563 1267 563 1274 563 1261 598 1278 598 1272 598 1261 598 1272 598 1264 598 1275 599 1277 599 1279 599 1280 600 1275 600 1281 600 1275 601 1279 601 1281 601 1282 602 1280 602 1283 602 1280 603 1281 603 1283 603 1284 604 1282 604 1285 604 1282 604 1283 604 1285 604 1286 605 1284 605 1287 605 1284 606 1285 606 1287 606 1288 607 1286 607 1289 607 1286 607 1287 607 1289 607 1290 608 1291 608 1292 608 1291 609 1293 609 1292 609 1294 610 1290 610 1295 610 1296 611 1294 611 1295 611 1290 612 1292 612 1295 612 1296 613 1295 613 1297 613 1296 395 1297 395 1298 395 1299 395 1296 395 1298 395 1300 614 1299 614 1298 614 1300 615 1298 615 1301 615 1300 616 1301 616 1302 616 1303 617 1300 617 1302 617 1304 618 1303 618 1302 618 1304 619 1302 619 1305 619 1306 620 1307 620 1308 620 1309 621 1306 621 1308 621 1309 622 1308 622 1310 622 1311 623 1309 623 1310 623 1254 624 1311 624 1310 624 1254 624 1310 624 1255 624 1312 625 1313 625 1314 625 1315 626 1312 626 1314 626 1316 592 1315 592 1314 592 1316 591 1314 591 1317 591 1318 627 1319 627 1320 627 1316 628 1317 628 1321 628 1319 629 1322 629 1320 629 1323 630 1316 630 1321 630 1324 631 1325 631 1326 631 1324 631 1326 631 1327 631 1328 632 1318 632 1329 632 1318 633 1320 633 1329 633 1324 634 1327 634 1330 634 1331 635 1324 635 1330 635 1332 636 1328 636 1333 636 1319 637 1331 637 1330 637 1334 638 1335 638 1336 638 1328 636 1329 636 1333 636 1319 637 1330 637 1322 637 1334 639 1336 639 1337 639 1338 600 1334 600 1339 600 1334 601 1337 601 1339 601 1340 640 1338 640 1341 640 1338 641 1339 641 1341 641 1342 642 1340 642 1343 642 1340 643 1341 643 1343 643 1344 644 1342 644 1345 644 1342 644 1343 644 1345 644 1346 645 1344 645 1347 645 1344 645 1345 645 1347 645 1348 646 1349 646 1350 646 1349 647 1351 647 1350 647 1352 648 1348 648 1353 648 1354 649 1352 649 1353 649 1348 648 1350 648 1353 648 1354 649 1353 649 1355 649 1354 395 1355 395 1356 395 1357 395 1354 395 1356 395 1358 650 1357 650 1356 650 1358 650 1356 650 1359 650 1358 651 1359 651 1360 651 1361 651 1358 651 1360 651 1362 652 1361 652 1360 652 1362 652 1360 652 1363 652 1364 653 1365 653 1366 653 1367 653 1364 653 1366 653 1368 654 1367 654 1366 654 1368 622 1366 622 1369 622 1312 655 1368 655 1369 655 1312 655 1369 655 1313 655 1370 656 1371 656 1372 656 1373 657 1370 657 1372 657 1374 658 1373 658 1372 658 1374 659 1372 659 1375 659 1376 629 1377 629 1378 629 1374 660 1375 660 1379 660 1377 629 1380 629 1378 629 1381 660 1374 660 1379 660 1382 633 1376 633 1383 633 1384 559 1385 559 1386 559 1376 661 1378 661 1383 661 1385 559 1387 559 1386 559 1384 635 1386 635 1388 635 1389 566 1382 566 1390 566 1391 638 1392 638 1393 638 1394 662 1384 662 1388 662 1382 566 1383 566 1390 566 1377 663 1394 663 1388 663 1377 664 1388 664 1380 664 1391 665 1393 665 1395 665 1396 601 1391 601 1397 601 1391 601 1395 601 1397 601 1398 666 1396 666 1399 666 1396 666 1397 666 1399 666 1400 667 1398 667 1401 667 1398 668 1399 668 1401 668 1402 669 1400 669 1403 669 1400 606 1401 606 1403 606 1404 607 1402 607 1405 607 1402 607 1403 607 1405 607 1406 609 1407 609 1408 609 1407 609 1409 609 1408 609 1410 612 1406 612 1411 612 1412 670 1410 670 1411 670 1406 610 1408 610 1411 610 1412 670 1411 670 1413 670 1412 395 1413 395 1414 395 1415 395 1412 395 1414 395 1416 614 1415 614 1414 614 1416 671 1414 671 1417 671 1416 672 1417 672 1418 672 1419 617 1416 617 1418 617 1420 673 1419 673 1418 673 1420 618 1418 618 1421 618 1422 585 1423 585 1424 585 1425 585 1422 585 1424 585 1425 674 1424 674 1426 674 1427 675 1425 675 1426 675 1370 676 1427 676 1426 676 1370 677 1426 677 1371 677 1428 551 1429 551 1430 551 1431 678 1428 678 1430 678 1432 679 1431 679 1430 679 1433 593 1434 593 1435 593 1432 680 1430 680 1436 680 1437 594 1433 594 1438 594 1432 681 1436 681 1439 681 1433 593 1435 593 1438 593 1440 682 1432 682 1439 682 1441 596 1437 596 1442 596 1437 683 1438 683 1442 683 1443 684 1444 684 1445 684 1444 561 1446 561 1445 561 1443 597 1445 597 1447 597 1441 596 1442 596 1448 596 1449 597 1443 597 1447 597 1434 598 1449 598 1447 598 1450 685 1451 685 1452 685 1434 598 1447 598 1435 598 1451 599 1453 599 1452 599 1454 686 1450 686 1455 686 1450 601 1452 601 1455 601 1456 569 1454 569 1457 569 1458 687 1456 687 1457 687 1454 569 1455 569 1457 569 1458 687 1457 687 1459 687 1460 644 1458 644 1461 644 1462 574 1460 574 1461 574 1458 688 1459 688 1461 688 1462 689 1461 689 1463 689 1464 609 1465 609 1466 609 1465 690 1467 690 1466 690 1468 691 1464 691 1469 691 1470 692 1468 692 1469 692 1464 610 1466 610 1469 610 1470 693 1469 693 1471 693 1470 395 1471 395 1472 395 1473 395 1470 395 1472 395 1473 615 1472 615 1474 615 1475 614 1473 614 1474 614 1475 617 1474 617 1476 617 1477 672 1475 672 1476 672 1477 694 1476 694 1478 694 1479 618 1477 618 1478 618 1480 585 1481 585 1482 585 1483 585 1480 585 1482 585 1483 623 1482 623 1484 623 1485 622 1483 622 1484 622 1485 624 1484 624 1429 624 1428 677 1485 677 1429 677 1486 551 1487 551 1488 551 1489 678 1486 678 1488 678 1490 695 1489 695 1488 695 1491 556 1492 556 1493 556 1490 695 1488 695 1494 695 1495 560 1491 560 1496 560 1490 682 1494 682 1497 682 1491 556 1493 556 1496 556 1498 696 1490 696 1497 696 1499 596 1495 596 1500 596 1495 558 1496 558 1500 558 1501 559 1502 559 1503 559 1502 684 1504 684 1503 684 1501 562 1503 562 1505 562 1499 596 1500 596 1506 596 1507 697 1501 697 1505 697 1492 698 1507 698 1505 698 1508 685 1509 685 1510 685 1492 567 1505 567 1493 567 1509 699 1511 699 1510 699 1512 568 1508 568 1513 568 1508 568 1510 568 1513 568 1514 700 1512 700 1515 700 1516 701 1514 701 1515 701 1512 569 1513 569 1515 569 1516 571 1515 571 1517 571 1518 572 1516 572 1519 572 1520 702 1518 702 1519 702 1516 703 1517 703 1519 703 1520 704 1519 704 1521 704 1522 705 1523 705 1524 705 1523 706 1525 706 1524 706 1526 707 1522 707 1527 707 1528 578 1526 578 1527 578 1522 577 1524 577 1527 577 1528 578 1527 578 1529 578 1528 395 1529 395 1530 395 1531 395 1528 395 1530 395 1531 580 1530 580 1532 580 1533 708 1531 708 1532 708 1533 582 1532 582 1534 582 1535 709 1533 709 1534 709 1535 710 1534 710 1536 710 1537 711 1535 711 1536 711 1538 712 1539 712 1540 712 1541 713 1538 713 1540 713 1541 714 1540 714 1542 714 1543 715 1541 715 1542 715 1543 716 1542 716 1487 716 1486 716 1543 716 1487 716 1544 717 1545 717 1546 717 1547 626 1544 626 1546 626 1548 658 1547 658 1546 658 1549 629 1550 629 1551 629 1548 592 1546 592 1552 592 1553 661 1549 661 1554 661 1548 718 1552 718 1555 718 1549 629 1551 629 1554 629 1556 660 1548 660 1555 660 1557 719 1553 719 1558 719 1553 632 1554 632 1558 632 1559 720 1560 720 1561 720 1560 720 1562 720 1561 720 1559 634 1561 634 1563 634 1557 719 1558 719 1564 719 1565 662 1559 662 1563 662 1550 721 1565 721 1563 721 1566 722 1567 722 1568 722 1550 637 1563 637 1551 637 1567 665 1569 665 1568 665 1570 601 1566 601 1571 601 1566 686 1568 686 1571 686 1572 723 1570 723 1573 723 1574 642 1572 642 1573 642 1570 641 1571 641 1573 641 1574 642 1573 642 1575 642 1576 724 1574 724 1577 724 1578 645 1576 645 1577 645 1574 644 1575 644 1577 644 1578 645 1577 645 1579 645 1580 725 1581 725 1582 725 1581 726 1583 726 1582 726 1584 727 1580 727 1585 727 1586 649 1584 649 1585 649 1580 728 1582 728 1585 728 1586 649 1585 649 1587 649 1586 395 1587 395 1588 395 1589 395 1586 395 1588 395 1589 650 1588 650 1590 650 1591 650 1589 650 1590 650 1591 729 1590 729 1592 729 1593 729 1591 729 1592 729 1593 730 1592 730 1594 730 1595 731 1593 731 1594 731 1596 732 1597 732 1598 732 1599 733 1596 733 1598 733 1599 622 1598 622 1600 622 1601 622 1599 622 1600 622 1601 655 1600 655 1545 655 1544 734 1601 734 1545 734 1602 657 1603 657 1604 657 1605 657 1602 657 1604 657 1606 592 1605 592 1604 592 1606 592 1604 592 1607 592 1608 629 1609 629 1610 629 1611 633 1608 633 1610 633 1606 630 1607 630 1612 630 1609 627 1613 627 1610 627 1614 660 1606 660 1612 660 1615 566 1611 566 1616 566 1611 661 1610 661 1616 661 1617 559 1618 559 1619 559 1618 559 1620 559 1619 559 1617 662 1619 662 1621 662 1615 566 1616 566 1622 566 1623 635 1617 635 1621 635 1609 663 1623 663 1621 663 1624 638 1625 638 1626 638 1609 663 1621 663 1613 663 1625 638 1627 638 1626 638 1628 600 1624 600 1629 600 1624 735 1626 735 1629 735 1630 700 1628 700 1631 700 1632 668 1630 668 1631 668 1628 666 1629 666 1631 666 1632 667 1631 667 1633 667 1634 644 1632 644 1635 644 1636 573 1634 573 1635 573 1632 644 1633 644 1635 644 1636 574 1635 574 1637 574 1638 736 1639 736 1640 736 1639 609 1641 609 1640 609 1642 612 1638 612 1643 612 1644 670 1642 670 1643 670 1638 610 1640 610 1643 610 1644 611 1643 611 1645 611 1644 395 1645 395 1646 395 1647 395 1644 395 1646 395 1647 671 1646 671 1648 671 1649 671 1647 671 1648 671 1649 672 1648 672 1650 672 1651 617 1649 617 1650 617 1651 618 1650 618 1652 618 1653 618 1651 618 1652 618 1654 585 1655 585 1656 585 1657 585 1654 585 1656 585 1657 675 1656 675 1658 675 1659 674 1657 674 1658 674 1659 676 1658 676 1603 676 1602 677 1659 677 1603 677 1660 737 1661 737 1662 737 1663 738 1660 738 1662 738 1664 739 1663 739 1662 739 1664 740 1662 740 1665 740 1666 741 1667 741 1668 741 1664 742 1665 742 1669 742 1667 743 1670 743 1668 743 1671 744 1664 744 1669 744 1672 745 1673 745 1674 745 1675 746 1666 746 1676 746 1673 747 1677 747 1674 747 1666 748 1668 748 1676 748 1672 749 1674 749 1678 749 1679 749 1672 749 1678 749 1680 750 1675 750 1681 750 1667 751 1679 751 1678 751 1675 750 1676 750 1681 750 1667 751 1678 751 1670 751 1682 752 1683 752 1684 752 1685 753 1682 753 1684 753 1683 754 1686 754 1684 754 1685 753 1684 753 1687 753 1688 755 1685 755 1689 755 1690 756 1688 756 1689 756 1685 757 1687 757 1689 757 1690 758 1689 758 1691 758 1692 759 1690 759 1693 759 1694 760 1692 760 1693 760 1690 761 1691 761 1693 761 1695 762 1696 762 1697 762 1694 763 1693 763 1698 763 1695 764 1697 764 1699 764 1700 765 1695 765 1701 765 1702 766 1700 766 1701 766 1695 767 1699 767 1701 767 1702 768 1701 768 1703 768 1702 395 1703 395 1704 395 1705 395 1702 395 1704 395 1706 769 1705 769 1704 769 1706 769 1704 769 1707 769 1706 770 1707 770 1708 770 1709 771 1706 771 1708 771 1710 772 1709 772 1708 772 1710 772 1708 772 1711 772 1712 773 1713 773 1714 773 1715 774 1712 774 1714 774 1716 775 1715 775 1714 775 1716 776 1714 776 1717 776 1716 777 1717 777 1661 777 1660 778 1716 778 1661 778 1718 625 1719 625 1720 625 1721 625 1718 625 1720 625 1722 779 1721 779 1720 779 1722 780 1720 780 1723 780 1724 781 1725 781 1726 781 1722 782 1723 782 1727 782 1725 781 1728 781 1726 781 1729 783 1722 783 1727 783 1730 784 1731 784 1732 784 1730 784 1732 784 1733 784 1734 633 1724 633 1735 633 1724 661 1726 661 1735 661 1730 635 1733 635 1736 635 1737 634 1730 634 1736 634 1738 785 1734 785 1739 785 1725 786 1737 786 1736 786 1740 787 1741 787 1742 787 1734 785 1735 785 1739 785 1725 786 1736 786 1728 786 1740 788 1742 788 1743 788 1744 789 1740 789 1745 789 1740 790 1743 790 1745 790 1746 641 1744 641 1747 641 1744 640 1745 640 1747 640 1748 643 1746 643 1749 643 1746 642 1747 642 1749 642 1750 791 1748 791 1751 791 1748 791 1749 791 1751 791 1752 792 1750 792 1753 792 1750 792 1751 792 1753 792 1754 793 1755 793 1756 793 1755 794 1757 794 1756 794 1758 795 1754 795 1759 795 1760 796 1758 796 1759 796 1754 797 1756 797 1759 797 1760 798 1759 798 1761 798 1760 395 1761 395 1762 395 1763 395 1760 395 1762 395 1764 799 1763 799 1762 799 1764 650 1762 650 1765 650 1764 800 1765 800 1766 800 1767 800 1764 800 1766 800 1768 801 1767 801 1766 801 1768 801 1766 801 1769 801 1770 802 1771 802 1772 802 1773 803 1770 803 1772 803 1774 804 1773 804 1772 804 1774 804 1772 804 1775 804 1718 805 1774 805 1775 805 1718 655 1775 655 1719 655 1776 626 1777 626 1778 626 1779 717 1776 717 1778 717 1780 806 1779 806 1778 806 1781 807 1782 807 1783 807 1780 808 1778 808 1784 808 1785 632 1781 632 1786 632 1780 809 1784 809 1787 809 1781 807 1783 807 1786 807 1788 809 1780 809 1787 809 1789 810 1785 810 1790 810 1785 661 1786 661 1790 661 1791 811 1792 811 1793 811 1792 784 1794 784 1793 784 1791 662 1793 662 1795 662 1789 810 1790 810 1796 810 1797 635 1791 635 1795 635 1782 812 1797 812 1795 812 1798 813 1799 813 1800 813 1782 812 1795 812 1783 812 1799 814 1801 814 1800 814 1802 815 1798 815 1803 815 1798 816 1800 816 1803 816 1804 723 1802 723 1805 723 1806 642 1804 642 1805 642 1802 723 1803 723 1805 723 1806 817 1805 817 1807 817 1808 791 1806 791 1809 791 1810 818 1808 818 1809 818 1806 791 1807 791 1809 791 1810 819 1809 819 1811 819 1812 793 1813 793 1814 793 1813 793 1815 793 1814 793 1816 795 1812 795 1817 795 1818 649 1816 649 1817 649 1812 795 1814 795 1817 795 1818 820 1817 820 1819 820 1818 395 1819 395 1820 395 1821 395 1818 395 1820 395 1821 650 1820 650 1822 650 1823 650 1821 650 1822 650 1823 821 1822 821 1824 821 1825 821 1823 821 1824 821 1825 801 1824 801 1826 801 1827 822 1825 822 1826 822 1828 823 1829 823 1830 823 1831 823 1828 823 1830 823 1831 804 1830 804 1832 804 1833 804 1831 804 1832 804 1833 734 1832 734 1777 734 1776 655 1833 655 1777 655 1834 824 1835 824 1836 824 1834 825 1837 825 1835 825 1838 826 1839 826 1840 826 1838 528 1840 528 1841 528 1834 827 1842 827 1837 827 1843 528 1844 528 1845 528 1846 828 1847 828 1848 828 1849 528 1844 528 1850 528 1849 528 1845 528 1844 528 1846 829 1848 829 1851 829 1852 830 1853 830 1842 830 1854 831 1844 831 1843 831 1852 528 1842 528 1834 528 1855 528 1838 528 1841 528 1856 832 1849 832 1850 832 1857 833 1847 833 1846 833 1858 528 1844 528 1854 528 1859 834 1860 834 1853 834 1859 528 1853 528 1852 528 1861 528 1856 528 1850 528 1857 835 1862 835 1847 835 1128 836 1855 836 1841 836 1128 837 1841 837 1863 837 1864 838 1844 838 1858 838 1865 839 1861 839 1850 839 1866 840 1860 840 1859 840 1867 528 1868 528 1869 528 1870 841 1855 841 1128 841 1867 842 1869 842 1871 842 1872 843 1844 843 1864 843 1867 844 1871 844 1873 844 1867 845 1873 845 1874 845 1875 528 1862 528 1857 528 1867 846 1874 846 1876 846 1877 528 1865 528 1850 528 1875 528 1878 528 1862 528 1879 528 1870 528 1128 528 1880 528 1844 528 1872 528 1881 847 1878 847 1875 847 1882 528 1879 528 1128 528 1883 848 1878 848 1881 848 1883 849 1884 849 1878 849 1885 528 1882 528 1128 528 1886 850 1884 850 1883 850 1886 528 1887 528 1884 528 1888 528 1885 528 1128 528 1889 851 1887 851 1886 851 1889 852 1890 852 1887 852 1891 528 1888 528 1128 528 1892 853 1890 853 1889 853 1893 854 1894 854 1895 854 1893 855 1895 855 1896 855 1897 856 1894 856 1893 856 1897 857 1898 857 1894 857 1899 858 1896 858 1900 858 1899 528 1893 528 1896 528 1901 859 1902 859 1898 859 1901 860 1898 860 1897 860 1903 861 1877 861 1850 861 1903 528 1850 528 1904 528 1156 528 1905 528 1906 528 1903 528 1907 528 1877 528 1156 862 1906 862 1908 862 1156 863 1908 863 1909 863 1156 864 1909 864 1910 864 1911 528 1899 528 1900 528 1156 528 1891 528 1128 528 1911 865 1900 865 1912 865 1913 528 1904 528 1850 528 1156 866 1910 866 1891 866 1914 528 1907 528 1903 528 1915 867 1892 867 1916 867 1915 868 1916 868 1917 868 1918 869 1902 869 1901 869 1915 870 1917 870 1905 870 1915 871 1890 871 1892 871 1915 528 1905 528 1156 528 1915 872 1919 872 1890 872 1914 528 1920 528 1907 528 1918 873 1921 873 1902 873 1915 528 1867 528 1919 528 1919 874 1867 874 1922 874 1922 875 1867 875 1923 875 1922 876 1923 876 1924 876 463 528 1128 528 1925 528 1926 528 1913 528 1850 528 1925 528 1128 528 1927 528 1927 528 1128 528 1928 528 1929 877 1912 877 1930 877 1927 528 1928 528 1931 528 1928 528 1128 528 1932 528 1929 528 1911 528 1912 528 1933 878 1920 878 1914 878 1932 528 1128 528 1934 528 1934 528 1128 528 1863 528 445 528 474 528 1935 528 445 879 1935 879 1860 879 1936 528 1921 528 1918 528 445 880 1860 880 1937 880 445 528 1937 528 1938 528 445 881 1938 881 1939 881 1933 882 1940 882 1920 882 445 883 1939 883 1941 883 1937 528 1860 528 1866 528 1936 884 1942 884 1921 884 455 885 1943 885 467 885 1944 886 1926 886 1850 886 455 887 1930 887 1945 887 455 888 1945 888 1943 888 1946 528 1940 528 1933 528 1946 873 1947 873 1940 873 1948 528 1942 528 1936 528 1949 528 1944 528 1850 528 1948 528 1950 528 1942 528 1951 869 1947 869 1946 869 1952 889 1950 889 1948 889 1951 859 1953 859 1947 859 1952 890 1867 890 1876 890 1952 528 1876 528 1950 528 1954 860 1953 860 1951 860 1955 528 1956 528 1957 528 1954 857 1958 857 1953 857 1959 856 1958 856 1954 856 1960 849 1961 849 1956 849 1960 528 1956 528 1955 528 1962 852 1957 852 1963 852 1962 851 1955 851 1957 851 463 891 1930 891 455 891 463 528 1929 528 1930 528 463 892 1964 892 1929 892 1965 528 1961 528 1960 528 1966 893 1867 893 1952 893 1967 853 1962 853 1963 853 1968 528 1969 528 1961 528 1968 528 1961 528 1965 528 1970 894 1971 894 1972 894 1970 528 1972 528 1973 528 1974 895 1880 895 1971 895 1974 896 1971 896 1970 896 1975 897 1973 897 1976 897 1977 528 1867 528 1966 528 1975 528 1970 528 1973 528 1978 835 1979 835 1969 835 1980 528 1880 528 1974 528 1980 898 1844 898 1880 898 1978 528 1969 528 1968 528 1981 528 1976 528 1982 528 1983 528 1867 528 1977 528 1984 899 1979 899 1978 899 1981 528 1975 528 1976 528 1984 900 1985 900 1979 900 1986 528 1844 528 1980 528 1923 528 1867 528 1983 528 1987 901 1981 901 1982 901 1987 902 1982 902 1988 902 1987 528 1988 528 1989 528 1990 903 1844 903 1986 903 1991 904 1959 904 1992 904 1993 905 1985 905 1984 905 1991 906 1958 906 1959 906 1991 907 1989 907 1958 907 1991 528 1987 528 1989 528 1994 908 1992 908 1995 908 1994 909 1991 909 1992 909 1996 528 1994 528 1995 528 1996 910 1995 910 1997 910 1998 911 1999 911 1985 911 1998 912 1985 912 1993 912 2000 913 1996 913 1997 913 2001 528 2002 528 1999 528 2001 826 1999 826 1998 826 2003 528 463 528 2004 528 2005 528 2002 528 2001 528 2006 528 2004 528 463 528 2007 528 1964 528 463 528 2007 528 463 528 2003 528 2008 872 1963 872 2009 872 2008 871 1967 871 1963 871 2010 914 2011 914 2012 914 2008 870 2013 870 2014 870 2008 868 2014 868 2015 868 2008 528 2009 528 1850 528 2008 867 2015 867 1967 867 2016 915 2011 915 2010 915 2016 916 2017 916 2011 916 2018 528 2010 528 2012 528 2018 917 2012 917 2019 917 2020 528 2006 528 463 528 2021 918 1964 918 2007 918 2022 919 2017 919 2016 919 2021 920 2023 920 1964 920 2022 528 2024 528 2017 528 1187 528 2013 528 2008 528 1187 864 2025 864 2026 864 2027 921 2019 921 2028 921 1187 863 2026 863 2029 863 1187 862 2029 862 2030 862 1187 528 2030 528 2013 528 2027 528 2018 528 2019 528 2031 528 2024 528 2022 528 2031 922 2032 922 2024 922 2033 528 2020 528 463 528 2034 528 2027 528 2028 528 2034 528 2028 528 2035 528 2036 528 2025 528 1187 528 2037 528 2023 528 2021 528 2038 528 2032 528 2031 528 2038 923 2039 923 2032 923 2037 924 2040 924 2023 924 2041 925 2039 925 2038 925 2042 528 2033 528 463 528 2043 528 2040 528 2037 528 2043 528 2044 528 2040 528 1925 926 2042 926 463 926 2045 919 2044 919 2043 919 2045 916 2046 916 2044 916 2047 927 2048 927 2049 927 2050 928 2051 928 2048 928 2050 929 2048 929 2047 929 2052 915 2046 915 2045 915 2052 914 2053 914 2046 914 2054 528 2047 528 2049 528 2055 930 2056 930 2053 930 2055 528 2053 528 2052 528 2057 528 2051 528 2050 528 2058 921 2059 921 2056 921 2058 931 2056 931 2055 931 2060 932 2049 932 2061 932 2060 528 2054 528 2049 528 2062 528 2063 528 2059 528 2062 528 2059 528 2058 528 2064 933 2061 933 2065 933 2064 528 2060 528 2061 528 2066 834 2067 834 1927 834 2068 830 2069 830 2067 830 2070 934 2065 934 2071 934 2068 528 2067 528 2066 528 2070 528 2064 528 2065 528 1931 840 2066 840 1927 840 1868 528 1844 528 1990 528 1868 935 1990 935 2051 935 1868 936 2057 936 2072 936 1868 937 2072 937 2073 937 1868 938 2051 938 2057 938 2074 528 2069 528 2068 528 2074 827 2075 827 2069 827 2076 528 1868 528 2073 528 2077 528 2034 528 2035 528 2074 825 2078 825 2075 825 2077 939 2035 939 2079 939 2080 940 2081 940 2034 940 2080 941 2034 941 2077 941 2082 942 2083 942 2078 942 2082 528 2078 528 2074 528 2084 943 2070 943 2071 943 2085 528 1868 528 2076 528 2086 528 2077 528 2079 528 2086 944 2079 944 1949 944 2087 528 2088 528 2089 528 2087 945 2089 945 2083 945 2087 528 2083 528 2082 528 2090 946 2091 946 2081 946 2090 947 2081 947 2080 947 474 528 2000 528 1997 528 474 528 2041 528 2092 528 474 948 2092 948 2093 948 474 949 2093 949 2094 949 474 528 2094 528 2095 528 474 950 1997 950 2039 950 474 951 2095 951 2096 951 2097 952 2098 952 2088 952 474 953 2096 953 2099 953 474 954 2099 954 1935 954 2097 955 2088 955 2087 955 474 956 2039 956 2041 956 1895 957 2071 957 1896 957 1895 528 2084 528 2071 528 2100 528 1868 528 2085 528 2101 528 2086 528 1949 528 2101 528 1949 528 1850 528 2102 958 2098 958 2097 958 2102 940 2062 940 2098 940 2103 959 2091 959 2090 959 445 528 2036 528 1187 528 445 837 1941 837 2002 837 2103 945 2104 945 2105 945 445 960 2005 960 2106 960 2103 528 2105 528 2091 528 445 961 2106 961 2107 961 445 962 2107 962 2108 962 445 528 2108 528 2109 528 445 963 2109 963 2110 963 445 964 2110 964 2036 964 445 965 2002 965 2005 965 2111 939 2112 939 2063 939 2111 528 2063 528 2062 528 2111 941 2062 941 2102 941 1869 528 1868 528 2100 528 2113 944 1924 944 2112 944 2009 528 2101 528 1850 528 2113 528 2112 528 2111 528 1922 528 1924 528 2113 528 1836 966 1835 966 2104 966 1836 528 2104 528 2103 528 467 528 2000 528 474 528 467 967 1943 967 2114 967 467 968 2114 968 2000 968 1839 911 1848 911 1840 911 1851 912 1848 912 1839 912 2115 969 535 969 534 969 2116 970 2115 970 534 970 552 971 2116 971 534 971 2117 81 2118 81 2119 81 2120 81 2117 81 2119 81 2121 972 2120 972 2119 972 2122 81 2121 81 2119 81 2123 81 2122 81 2119 81 2124 81 2123 81 2119 81 2125 81 2124 81 2126 81 2127 973 2125 973 2126 973 2128 974 2127 974 2126 974 2129 81 2128 81 2126 81 2130 81 2129 81 2126 81 2131 81 2130 81 2126 81 2132 975 2131 975 2126 975 2133 81 2132 81 2126 81 2124 976 2119 976 2126 976 2118 81 2134 81 2119 81 2133 81 2126 81 2135 81 2136 977 2137 977 2138 977 2139 978 2140 978 2137 978 2139 979 2137 979 2136 979 2141 980 2142 980 2140 980 2141 981 2140 981 2139 981 2143 982 2144 982 2142 982 2143 983 2142 983 2141 983 2145 984 2146 984 2144 984 2145 985 2144 985 2143 985 2147 528 2148 528 2149 528 2150 986 2147 986 2149 986 2151 987 2152 987 2153 987 2152 988 2154 988 2155 988 2153 989 2152 989 2155 989 2154 990 2156 990 2157 990 2155 991 2154 991 2157 991 2156 992 2158 992 2159 992 2157 993 2156 993 2159 993 2158 994 2160 994 2161 994 2159 995 2158 995 2161 995 2162 996 2163 996 2164 996 2162 34 2164 34 2165 34 2162 997 2165 997 2166 997 2162 34 2166 34 2167 34 2162 998 2167 998 2168 998 2162 999 2168 999 2169 999 2170 34 2169 34 2171 34 2170 1000 2171 1000 2172 1000 2170 1001 2172 1001 2173 1001 2170 34 2173 34 2174 34 2170 1002 2174 1002 2175 1002 2170 1003 2175 1003 2176 1003 2170 1004 2176 1004 2177 1004 2170 1005 2177 1005 2178 1005 2170 34 2162 34 2169 34 2162 34 2179 34 2163 34 2180 34 2170 34 2178 34 2181 1006 479 1006 709 1006 709 1007 544 1007 2182 1007 709 1008 2182 1008 2181 1008 2182 1009 535 1009 2115 1009 2182 1010 544 1010 535 1010 2183 1011 2115 1011 2184 1011 2183 1011 2182 1011 2115 1011 2185 1012 2186 1012 2187 1012 2188 1013 2185 1013 2187 1013 788 1014 2188 1014 2187 1014 944 1015 2188 1015 788 1015 2189 1016 2188 1016 783 1016 783 1017 2188 1017 944 1017 2190 1018 2180 1018 2191 1018 2192 1019 2193 1019 2194 1019 2193 1020 2195 1020 2194 1020 2195 1021 2196 1021 2197 1021 2194 1022 2195 1022 2197 1022 2196 1023 2198 1023 2199 1023 2197 1024 2196 1024 2199 1024 2199 1025 2198 1025 2200 1025 2200 1026 2198 1026 2161 1026 2200 1027 2161 1027 2160 1027 2201 94 2202 94 2203 94 2201 94 2203 94 2204 94 2205 1028 2206 1028 2207 1028 2207 1029 2206 1029 2208 1029 2205 1030 2209 1030 2206 1030 2205 1031 2210 1031 2209 1031 2211 393 2212 393 2213 393 2211 393 2214 393 2212 393 2212 1032 2215 1032 2213 1032 2212 1033 2216 1033 2215 1033 2217 1034 2218 1034 2219 1034 2217 1035 2220 1035 2218 1035 2221 94 2222 94 2223 94 2222 94 2224 94 2223 94 2225 1036 2226 1036 2227 1036 2226 1037 2228 1037 2229 1037 2227 1038 2226 1038 2229 1038 2228 1039 2230 1039 2231 1039 2229 1040 2228 1040 2231 1040 2230 1041 2232 1041 2233 1041 2231 1042 2230 1042 2233 1042 2232 1043 2146 1043 2145 1043 2233 1044 2232 1044 2145 1044 2234 1045 2235 1045 2135 1045 797 1046 2187 1046 2236 1046 788 1047 2187 1047 797 1047 2237 1048 2238 1048 2239 1048 2240 1049 2237 1049 2239 1049 2240 1050 2239 1050 2241 1050 2242 1051 2240 1051 2241 1051 2243 1052 2244 1052 2245 1052 2244 1053 2246 1053 2245 1053 2242 1054 2241 1054 2247 1054 2248 1055 2242 1055 2247 1055 2249 1056 2250 1056 2251 1056 2252 1057 2243 1057 2253 1057 2254 1058 2252 1058 2253 1058 2243 1057 2245 1057 2253 1057 2249 1059 2251 1059 2255 1059 2254 1060 2253 1060 2256 1060 2249 1061 2255 1061 2257 1061 2258 1061 2249 1061 2257 1061 2244 1062 2258 1062 2257 1062 2259 1063 2260 1063 2261 1063 2262 1064 2259 1064 2261 1064 2260 1065 2263 1065 2261 1065 2244 1066 2257 1066 2246 1066 2262 1067 2261 1067 2264 1067 2265 1068 2262 1068 2266 1068 2262 1069 2264 1069 2266 1069 2267 1070 2265 1070 2268 1070 2265 1071 2266 1071 2268 1071 2269 1072 2267 1072 2270 1072 2267 1072 2268 1072 2270 1072 2271 1073 2269 1073 2272 1073 2269 1073 2270 1073 2272 1073 2273 1074 2274 1074 2275 1074 2274 1075 2276 1075 2275 1075 2277 1076 2273 1076 2278 1076 2273 1077 2275 1077 2278 1077 2277 1078 2278 1078 2279 1078 2280 1079 2277 1079 2279 1079 2280 94 2279 94 2281 94 2282 94 2280 94 2281 94 2282 1080 2281 1080 2283 1080 2284 1081 2282 1081 2283 1081 2285 1082 2284 1082 2283 1082 2285 1083 2283 1083 2286 1083 2285 1084 2286 1084 2287 1084 2288 1085 2285 1085 2287 1085 2289 1086 2290 1086 2291 1086 2292 1086 2289 1086 2291 1086 2292 1087 2291 1087 2293 1087 2294 1087 2292 1087 2293 1087 2294 1088 2293 1088 2238 1088 2237 1089 2294 1089 2238 1089 2295 1090 2296 1090 2297 1090 2298 1090 2295 1090 2297 1090 2298 1091 2297 1091 2299 1091 2300 1092 2298 1092 2299 1092 2301 1093 2300 1093 2299 1093 2302 1094 2303 1094 2304 1094 2301 1095 2299 1095 2305 1095 2303 1094 2306 1094 2304 1094 2307 1096 2308 1096 2309 1096 2310 1097 2302 1097 2311 1097 2312 1098 2307 1098 2309 1098 2313 1099 2312 1099 2309 1099 2302 1100 2304 1100 2311 1100 2303 1101 2313 1101 2314 1101 2313 1102 2309 1102 2314 1102 2315 1103 2310 1103 2316 1103 2310 1104 2311 1104 2316 1104 2303 1101 2314 1101 2306 1101 2317 1105 2318 1105 2319 1105 2320 1106 2317 1106 2319 1106 2318 1107 2321 1107 2319 1107 2322 1108 2320 1108 2323 1108 2320 1109 2319 1109 2323 1109 2322 1108 2323 1108 2324 1108 2325 1110 2322 1110 2326 1110 2322 1111 2324 1111 2326 1111 2327 1112 2325 1112 2328 1112 2325 1113 2326 1113 2328 1113 2329 1114 2327 1114 2330 1114 2331 1115 2332 1115 2333 1115 2327 1114 2328 1114 2330 1114 2331 1116 2333 1116 2334 1116 2335 1117 2331 1117 2336 1117 2337 1118 2335 1118 2336 1118 2331 1119 2334 1119 2336 1119 2337 1120 2336 1120 2338 1120 2339 94 2337 94 2338 94 2339 94 2338 94 2340 94 2339 1121 2340 1121 2341 1121 2342 1122 2339 1122 2341 1122 2342 1123 2341 1123 2343 1123 2344 1124 2342 1124 2343 1124 2345 1125 2344 1125 2343 1125 2345 1126 2343 1126 2346 1126 2347 1127 2348 1127 2349 1127 2350 1127 2347 1127 2349 1127 2350 1128 2349 1128 2351 1128 2352 1129 2350 1129 2351 1129 2295 1130 2352 1130 2351 1130 2295 1131 2351 1131 2296 1131 2353 1132 2354 1132 2355 1132 2356 1133 2353 1133 2355 1133 2356 1134 2355 1134 2357 1134 2358 1135 2356 1135 2357 1135 2359 1136 2358 1136 2357 1136 2360 1137 2361 1137 2362 1137 2359 1138 2357 1138 2363 1138 2361 1094 2364 1094 2362 1094 2365 1139 2366 1139 2367 1139 2368 1100 2360 1100 2369 1100 2370 1140 2365 1140 2367 1140 2371 1141 2370 1141 2367 1141 2360 1100 2362 1100 2369 1100 2361 1142 2371 1142 2372 1142 2371 1141 2367 1141 2372 1141 2373 1103 2368 1103 2374 1103 2368 1143 2369 1143 2374 1143 2361 1144 2372 1144 2364 1144 2375 1107 2376 1107 2377 1107 2378 1145 2375 1145 2377 1145 2376 1105 2379 1105 2377 1105 2380 1146 2378 1146 2381 1146 2378 1106 2377 1106 2381 1106 2380 1108 2381 1108 2382 1108 2383 1147 2380 1147 2384 1147 2380 1148 2382 1148 2384 1148 2385 1149 2383 1149 2386 1149 2383 1150 2384 1150 2386 1150 2387 1151 2385 1151 2388 1151 2389 1152 2390 1152 2391 1152 2385 1153 2386 1153 2388 1153 2389 1152 2391 1152 2392 1152 2393 1154 2389 1154 2394 1154 2395 1155 2393 1155 2394 1155 2389 1156 2392 1156 2394 1156 2395 1157 2394 1157 2396 1157 2397 94 2395 94 2396 94 2397 94 2396 94 2398 94 2397 1121 2398 1121 2399 1121 2400 1158 2397 1158 2399 1158 2400 1124 2399 1124 2401 1124 2402 1159 2400 1159 2401 1159 2403 1160 2402 1160 2401 1160 2403 1160 2401 1160 2404 1160 2405 1161 2406 1161 2407 1161 2408 1162 2405 1162 2407 1162 2408 1163 2407 1163 2409 1163 2410 1164 2408 1164 2409 1164 2353 1165 2410 1165 2409 1165 2353 1166 2409 1166 2354 1166 2411 1090 2412 1090 2413 1090 2414 1167 2411 1167 2413 1167 2414 1134 2413 1134 2415 1134 2416 1135 2414 1135 2415 1135 2417 1136 2416 1136 2415 1136 2418 1168 2419 1168 2420 1168 2417 1138 2415 1138 2421 1138 2419 1169 2422 1169 2420 1169 2423 1096 2424 1096 2425 1096 2426 1100 2418 1100 2427 1100 2428 1170 2423 1170 2425 1170 2429 1141 2428 1141 2425 1141 2418 1100 2420 1100 2427 1100 2419 1171 2429 1171 2430 1171 2429 1141 2425 1141 2430 1141 2431 1172 2426 1172 2432 1172 2426 1173 2427 1173 2432 1173 2419 1101 2430 1101 2422 1101 2433 1107 2434 1107 2435 1107 2436 1145 2433 1145 2435 1145 2434 1105 2437 1105 2435 1105 2438 1174 2436 1174 2439 1174 2436 1106 2435 1106 2439 1106 2438 1175 2439 1175 2440 1175 2441 1176 2438 1176 2442 1176 2438 1177 2440 1177 2442 1177 2443 1178 2441 1178 2444 1178 2441 1179 2442 1179 2444 1179 2445 1180 2443 1180 2446 1180 2447 1152 2448 1152 2449 1152 2443 1114 2444 1114 2446 1114 2447 1152 2449 1152 2450 1152 2451 1119 2447 1119 2452 1119 2453 1181 2451 1181 2452 1181 2447 1182 2450 1182 2452 1182 2453 1183 2452 1183 2454 1183 2455 94 2453 94 2454 94 2455 94 2454 94 2456 94 2455 1184 2456 1184 2457 1184 2458 1185 2455 1185 2457 1185 2458 1186 2457 1186 2459 1186 2460 1187 2458 1187 2459 1187 2461 1160 2460 1160 2459 1160 2461 1160 2459 1160 2462 1160 2463 1188 2464 1188 2465 1188 2466 1127 2463 1127 2465 1127 2466 1189 2465 1189 2467 1189 2468 1190 2466 1190 2467 1190 2411 1191 2468 1191 2467 1191 2411 1192 2467 1192 2412 1192 2469 1193 2470 1193 2471 1193 2472 1193 2469 1193 2471 1193 2472 1194 2471 1194 2473 1194 2474 1134 2472 1134 2473 1134 2475 1138 2474 1138 2473 1138 2476 1094 2477 1094 2478 1094 2475 1136 2473 1136 2479 1136 2477 1094 2480 1094 2478 1094 2481 1096 2482 1096 2483 1096 2484 1195 2476 1195 2485 1195 2486 1098 2481 1098 2483 1098 2487 1196 2486 1196 2483 1196 2476 1197 2478 1197 2485 1197 2477 1101 2487 1101 2488 1101 2487 1141 2483 1141 2488 1141 2489 1103 2484 1103 2490 1103 2484 1104 2485 1104 2490 1104 2477 1101 2488 1101 2480 1101 2491 1198 2492 1198 2493 1198 2494 1199 2491 1199 2493 1199 2492 1200 2495 1200 2493 1200 2496 1201 2494 1201 2497 1201 2494 1202 2493 1202 2497 1202 2496 1201 2497 1201 2498 1201 2499 1203 2496 1203 2500 1203 2496 1204 2498 1204 2500 1204 2501 1205 2499 1206 2502 1207 2499 1208 2500 1208 2502 1208 2503 1153 2501 1153 2504 1153 2505 1115 2506 1115 2507 1115 2501 1153 2502 1153 2504 1153 2505 1116 2507 1116 2508 1116 2509 1117 2505 1117 2510 1117 2511 1209 2509 1209 2510 1209 2505 1119 2508 1119 2510 1119 2511 1210 2510 1210 2512 1210 2513 94 2511 94 2512 94 2513 94 2512 94 2514 94 2513 1184 2514 1184 2515 1184 2516 1211 2513 1211 2515 1211 2516 1123 2515 1123 2517 1123 2518 1124 2516 1124 2517 1124 2519 1125 2518 1125 2517 1125 2519 1126 2517 1126 2520 1126 2521 1162 2522 1162 2523 1162 2524 1162 2521 1162 2523 1162 2524 1128 2523 1128 2525 1128 2526 1129 2524 1129 2525 1129 2469 1130 2526 1130 2525 1130 2469 1131 2525 1131 2470 1131 2527 1212 2528 1212 2529 1212 2530 1212 2527 1212 2529 1212 2530 1213 2529 1213 2531 1213 2532 1214 2530 1214 2531 1214 2533 1215 2534 1215 2535 1215 2534 1216 2536 1216 2535 1216 2532 1217 2531 1217 2537 1217 2538 1218 2532 1218 2537 1218 2539 1219 2540 1219 2541 1219 2542 1220 2533 1220 2543 1220 2544 1221 2542 1221 2543 1221 2533 1222 2535 1222 2543 1222 2539 1219 2541 1219 2545 1219 2544 1221 2543 1221 2546 1221 2539 1223 2545 1223 2547 1223 2548 1224 2539 1224 2547 1224 2534 1225 2548 1225 2547 1225 2549 1226 2550 1226 2551 1226 2552 1227 2549 1227 2551 1227 2550 1228 2553 1228 2551 1228 2534 1229 2547 1229 2536 1229 2552 1230 2551 1230 2554 1230 2555 1068 2552 1068 2556 1068 2552 1068 2554 1068 2556 1068 2557 1231 2555 1231 2558 1231 2555 1232 2556 1232 2558 1232 2559 1233 2557 1233 2560 1233 2557 1233 2558 1233 2560 1233 2561 1234 2559 1234 2562 1234 2559 1234 2560 1234 2562 1234 2563 1235 2564 1235 2565 1235 2564 1236 2566 1236 2565 1236 2567 1237 2563 1237 2568 1237 2563 1238 2565 1238 2568 1238 2567 1239 2568 1239 2569 1239 2570 1240 2567 1240 2569 1240 2570 94 2569 94 2571 94 2572 94 2570 94 2571 94 2572 1241 2571 1241 2573 1241 2574 1242 2572 1242 2573 1242 2575 1243 2574 1243 2573 1243 2575 1244 2573 1244 2576 1244 2575 1245 2576 1245 2577 1245 2578 1246 2575 1246 2577 1246 2579 1247 2580 1247 2581 1247 2582 1247 2579 1247 2581 1247 2582 1248 2581 1248 2583 1248 2584 1248 2582 1248 2583 1248 2584 1249 2583 1249 2528 1249 2527 1250 2584 1250 2528 1250 2585 1251 2586 1251 2587 1251 2588 1251 2585 1251 2587 1251 2588 1252 2587 1252 2589 1252 2590 1253 2588 1253 2589 1253 2591 1215 2592 1215 2593 1215 2592 1216 2594 1216 2593 1216 2590 1254 2589 1254 2595 1254 2596 1255 2590 1255 2595 1255 2597 1256 2598 1256 2599 1256 2600 1257 2591 1257 2601 1257 2602 1258 2600 1258 2601 1258 2591 1259 2593 1259 2601 1259 2597 1256 2599 1256 2603 1256 2602 1258 2601 1258 2604 1258 2597 1260 2603 1260 2605 1260 2606 1261 2597 1261 2605 1261 2592 1225 2606 1225 2605 1225 2607 1262 2608 1262 2609 1262 2610 1263 2607 1263 2609 1263 2608 1264 2611 1264 2609 1264 2592 1229 2605 1229 2594 1229 2610 1265 2609 1265 2612 1265 2613 1266 2610 1266 2614 1266 2610 1266 2612 1266 2614 1266 2615 1267 2613 1267 2616 1267 2613 1268 2614 1268 2616 1268 2617 1269 2615 1269 2618 1269 2615 1269 2616 1269 2618 1269 2619 1270 2617 1270 2620 1270 2617 1270 2618 1270 2620 1270 2621 1235 2622 1235 2623 1235 2622 1236 2624 1236 2623 1236 2625 1271 2621 1271 2626 1271 2621 1272 2623 1272 2626 1272 2625 1273 2626 1273 2627 1273 2628 1274 2625 1274 2627 1274 2628 94 2627 94 2629 94 2630 94 2628 94 2629 94 2630 1275 2629 1275 2631 1275 2632 1276 2630 1276 2631 1276 2633 1277 2632 1277 2631 1277 2633 1278 2631 1278 2634 1278 2633 1245 2634 1245 2635 1245 2636 1246 2633 1246 2635 1246 2637 1279 2638 1279 2639 1279 2640 1279 2637 1279 2639 1279 2640 1248 2639 1248 2641 1248 2642 1248 2640 1248 2641 1248 2642 1280 2641 1280 2586 1280 2585 1281 2642 1281 2586 1281 2643 1282 2644 1282 2645 1282 2646 1282 2643 1282 2645 1282 2646 1283 2645 1283 2647 1283 2648 1284 2646 1284 2647 1284 2649 1285 2648 1285 2647 1285 2650 1094 2651 1094 2652 1094 2649 1286 2647 1286 2653 1286 2651 1287 2654 1287 2652 1287 2655 1288 2656 1288 2657 1288 2658 1197 2650 1197 2659 1197 2660 1288 2655 1288 2657 1288 2661 1289 2660 1289 2657 1289 2650 1195 2652 1195 2659 1195 2651 1101 2661 1101 2662 1101 2661 1290 2657 1290 2662 1290 2663 1291 2658 1291 2664 1291 2658 1291 2659 1291 2664 1291 2651 1292 2662 1292 2654 1292 2665 1293 2666 1293 2667 1293 2668 1202 2665 1202 2667 1202 2666 1105 2669 1105 2667 1105 2670 1294 2668 1294 2671 1294 2668 1199 2667 1199 2671 1199 2670 1294 2671 1294 2672 1294 2673 1295 2670 1295 2674 1295 2670 1296 2672 1296 2674 1296 2675 1297 2673 1297 2676 1297 2673 1298 2674 1298 2676 1298 2677 1114 2675 1114 2678 1114 2679 1152 2680 1152 2681 1152 2675 1180 2676 1180 2678 1180 2679 1299 2681 1299 2682 1299 2683 1182 2679 1182 2684 1182 2685 1210 2683 1210 2684 1210 2679 1119 2682 1119 2684 1119 2685 1210 2684 1210 2686 1210 2687 94 2685 94 2686 94 2687 94 2686 94 2688 94 2687 1184 2688 1184 2689 1184 2690 1184 2687 1184 2689 1184 2690 1300 2689 1300 2691 1300 2692 1301 2690 1301 2691 1301 2693 1302 2692 1302 2691 1302 2693 1303 2691 1303 2694 1303 2695 1127 2696 1127 2697 1127 2698 1188 2695 1188 2697 1188 2698 1304 2697 1304 2699 1304 2700 1305 2698 1305 2699 1305 2643 1306 2700 1306 2699 1306 2643 1307 2699 1307 2644 1307 2701 1308 2702 1308 2703 1308 2704 1308 2701 1308 2703 1308 2704 1309 2703 1309 2705 1309 2706 1310 2704 1310 2705 1310 2707 1311 2706 1311 2705 1311 2708 1094 2709 1094 2710 1094 2707 1138 2705 1138 2711 1138 2709 1287 2712 1287 2710 1287 2713 1312 2714 1312 2715 1312 2716 1313 2708 1313 2717 1313 2718 1312 2713 1312 2715 1312 2719 1102 2718 1102 2715 1102 2708 1314 2710 1314 2717 1314 2709 1101 2719 1101 2720 1101 2719 1099 2715 1099 2720 1099 2721 1315 2716 1315 2722 1315 2716 1315 2717 1315 2722 1315 2709 1292 2720 1292 2712 1292 2723 1316 2724 1316 2725 1316 2726 1317 2723 1317 2725 1317 2724 1318 2727 1318 2725 1318 2728 1319 2726 1319 2729 1319 2726 1320 2725 1320 2729 1320 2728 1319 2729 1319 2730 1319 2731 1295 2728 1295 2732 1295 2728 1296 2730 1296 2732 1296 2733 1321 2731 1321 2734 1321 2731 1322 2732 1322 2734 1322 2735 1153 2733 1153 2736 1153 2737 1323 2738 1323 2739 1323 2733 1151 2734 1151 2736 1151 2737 1324 2739 1324 2740 1324 2741 1325 2737 1325 2742 1325 2743 1157 2741 1157 2742 1157 2737 1326 2740 1326 2742 1326 2743 1157 2742 1157 2744 1157 2745 94 2743 94 2744 94 2745 94 2744 94 2746 94 2745 1121 2746 1121 2747 1121 2748 1121 2745 1121 2747 1121 2748 1159 2747 1159 2749 1159 2750 1124 2748 1124 2749 1124 2751 1327 2750 1327 2749 1327 2751 1160 2749 1160 2752 1160 2753 1127 2754 1127 2755 1127 2756 1188 2753 1188 2755 1188 2756 1328 2755 1328 2757 1328 2758 1329 2756 1329 2757 1329 2701 1306 2758 1306 2757 1306 2701 1307 2757 1307 2702 1307 2759 1330 2760 1330 2761 1330 2762 1330 2759 1330 2761 1330 2762 1331 2761 1331 2763 1331 2764 1332 2762 1332 2763 1332 2765 1333 2764 1333 2763 1333 2766 1334 2767 1334 2768 1334 2765 1311 2763 1311 2769 1311 2767 1335 2770 1335 2768 1335 2771 1336 2772 1336 2773 1336 2774 1337 2766 1337 2775 1337 2776 1338 2771 1338 2773 1338 2777 1339 2776 1339 2773 1339 2766 1337 2768 1337 2775 1337 2767 1340 2777 1340 2778 1340 2777 1339 2773 1339 2778 1339 2779 1341 2774 1341 2780 1341 2774 1342 2775 1342 2780 1342 2767 1343 2778 1343 2770 1343 2781 1344 2782 1344 2783 1344 2784 1345 2781 1345 2783 1345 2782 1346 2785 1346 2783 1346 2786 1347 2784 1347 2787 1347 2784 1348 2783 1348 2787 1348 2786 1347 2787 1347 2788 1347 2789 1349 2786 1349 2790 1349 2786 1349 2788 1349 2790 1349 2791 1350 2789 1350 2792 1350 2789 1350 2790 1350 2792 1350 2793 1351 2791 1351 2794 1351 2795 1352 2796 1352 2797 1352 2791 1353 2792 1353 2794 1353 2795 1354 2797 1354 2798 1354 2799 1355 2795 1355 2800 1355 2801 1356 2799 1356 2800 1356 2795 1182 2798 1182 2800 1182 2801 1356 2800 1356 2802 1356 2803 94 2801 94 2802 94 2803 94 2802 94 2804 94 2803 1357 2804 1357 2805 1357 2806 1357 2803 1357 2805 1357 2806 1358 2805 1358 2807 1358 2808 1187 2806 1187 2807 1187 2809 1359 2808 1359 2807 1359 2809 1360 2807 1360 2810 1360 2811 1361 2812 1361 2813 1361 2814 1362 2811 1362 2813 1362 2814 1363 2813 1363 2815 1363 2816 1363 2814 1363 2815 1363 2759 1364 2816 1364 2815 1364 2759 1364 2815 1364 2760 1364 2817 1365 2818 1365 2819 1365 2820 1365 2817 1365 2819 1365 2820 1366 2819 1366 2821 1366 2822 1367 2820 1367 2821 1367 2823 1333 2822 1333 2821 1333 2824 1368 2825 1368 2826 1368 2823 1311 2821 1311 2827 1311 2825 1369 2828 1369 2826 1369 2829 1370 2830 1370 2831 1370 2832 1371 2824 1371 2833 1371 2834 1372 2829 1372 2831 1372 2835 1373 2834 1373 2831 1373 2824 1371 2826 1371 2833 1371 2825 1374 2835 1374 2836 1374 2835 1373 2831 1373 2836 1373 2837 1375 2832 1375 2838 1375 2832 1376 2833 1376 2838 1376 2825 1377 2836 1377 2828 1377 2839 1378 2840 1378 2841 1378 2842 1379 2839 1379 2841 1379 2840 1293 2843 1293 2841 1293 2844 1380 2842 1380 2845 1380 2842 1381 2841 1381 2845 1381 2844 1380 2845 1380 2846 1380 2847 1349 2844 1349 2848 1349 2844 1349 2846 1349 2848 1349 2849 1350 2847 1350 2850 1350 2847 1350 2848 1350 2850 1350 2851 1382 2849 1382 2852 1382 2853 1352 2854 1352 2855 1352 2849 1383 2850 1383 2852 1383 2853 1354 2855 1354 2856 1354 2857 1384 2853 1384 2858 1384 2859 1385 2857 1385 2858 1385 2853 1156 2856 1156 2858 1156 2859 1385 2858 1385 2860 1385 2861 94 2859 94 2860 94 2861 94 2860 94 2862 94 2861 1386 2862 1386 2863 1386 2864 1386 2861 1386 2863 1386 2864 1387 2863 1387 2865 1387 2866 1388 2864 1388 2865 1388 2867 1359 2866 1359 2865 1359 2867 1360 2865 1360 2868 1360 2869 1389 2870 1389 2871 1389 2872 1390 2869 1390 2871 1390 2872 1363 2871 1363 2873 1363 2874 1363 2872 1363 2873 1363 2817 1364 2874 1364 2873 1364 2817 1364 2873 1364 2818 1364 2875 1391 2876 1391 2877 1391 2115 1392 2116 1392 2184 1392 2184 1393 2116 1393 2878 1393 2116 1394 552 1394 2878 1394 2878 1395 552 1395 2879 1395 2878 1396 2879 1396 2880 1396 2881 1397 2882 1397 2883 1397 2884 1398 2885 1398 2886 1398 2887 1399 2888 1399 2121 1399 2888 1400 2120 1400 2121 1400 2887 1401 2121 1401 2122 1401 2887 1402 2122 1402 2889 1402 2889 1403 2122 1403 2123 1403 2889 1404 2123 1404 2124 1404 2889 1405 2124 1405 2890 1405 2890 1406 2124 1406 2125 1406 2890 1407 2125 1407 2127 1407 2890 1408 2127 1408 2891 1408 2891 1409 2127 1409 2128 1409 2891 1410 2128 1410 2129 1410 2891 1411 2129 1411 2892 1411 2892 1412 2129 1412 2130 1412 2893 1413 2892 1413 2131 1413 2892 1414 2130 1414 2131 1414 2894 1415 2895 1415 2896 1415 2893 1416 2132 1416 2897 1416 2897 1417 2132 1417 2133 1417 2897 1418 2133 1418 2235 1418 2235 1419 2133 1419 2135 1419 479 1420 2181 1420 2898 1420 2899 1421 479 1421 2898 1421 2899 1422 2898 1422 2900 1422 2901 1423 2902 1423 2903 1423 2904 1424 2905 1424 2906 1424 2165 1425 2907 1425 2166 1425 2167 1426 2166 1426 2908 1426 2166 1427 2907 1427 2908 1427 2168 1428 2167 1428 2909 1428 2169 1429 2168 1429 2909 1429 2167 1430 2908 1430 2909 1430 2171 1431 2169 1431 2910 1431 2169 1432 2909 1432 2910 1432 2171 1433 2910 1433 2172 1433 2173 1434 2172 1434 2911 1434 2172 1435 2910 1435 2911 1435 2173 1436 2911 1436 2174 1436 2175 1437 2174 1437 2912 1437 2174 1438 2911 1438 2912 1438 2175 1439 2912 1439 2176 1439 2913 1440 2914 1440 2915 1440 2176 1441 2912 1441 2916 1441 2178 1442 2177 1442 2917 1442 2177 1443 2916 1443 2917 1443 2178 1444 2917 1444 2180 1444 2180 1445 2917 1445 2191 1445 2183 1446 2181 1446 2182 1446 2898 1447 2181 1447 2183 1447 2186 1448 2185 1448 2918 1448 2919 1449 2918 1449 2920 1449 2919 1450 2186 1450 2918 1450 2921 1451 2920 1451 2922 1451 2921 1452 2919 1452 2920 1452 2923 1453 2922 1453 2924 1453 2923 1451 2921 1451 2922 1451 2925 1454 2926 1454 2927 1454 2928 1455 2923 1455 2924 1455 2929 1456 2927 1456 2930 1456 2929 1457 2925 1457 2927 1457 2931 1458 2930 1458 2932 1458 2931 1459 2929 1459 2930 1459 2933 1460 2932 1460 2183 1460 2933 1461 2931 1461 2932 1461 2184 1462 2933 1462 2183 1462 2186 1463 2934 1463 2236 1463 2187 1464 2186 1464 2236 1464 2189 1465 2935 1465 2185 1465 2189 1466 2185 1466 2188 1466 2936 1467 2184 1467 2878 1467 2936 1468 2933 1468 2184 1468 2937 1469 2931 1469 2933 1469 2937 1470 2933 1470 2936 1470 2938 1471 2929 1471 2931 1471 2938 1472 2931 1472 2937 1472 2939 1473 2925 1473 2929 1473 2939 1474 2929 1474 2938 1474 2940 1475 2923 1475 2928 1475 2940 1476 2928 1476 2941 1476 2942 1477 2921 1477 2923 1477 2942 1478 2923 1478 2940 1478 2943 1479 2919 1479 2921 1479 2943 1480 2921 1480 2942 1480 2934 1481 2186 1481 2919 1481 2934 1482 2919 1482 2943 1482 2898 1483 2183 1483 2944 1483 2183 1484 2932 1484 2944 1484 2932 1485 2930 1485 2945 1485 2944 1486 2932 1486 2945 1486 2930 1487 2927 1487 2946 1487 2945 1488 2930 1488 2946 1488 2927 1489 2926 1489 2947 1489 2946 1490 2927 1490 2947 1490 2924 1491 2922 1491 2948 1491 2949 1492 2924 1492 2948 1492 2922 1493 2920 1493 2950 1493 2948 1494 2922 1494 2950 1494 2920 1495 2918 1495 2951 1495 2950 1496 2920 1496 2951 1496 2918 1497 2185 1497 2935 1497 2951 1498 2918 1498 2935 1498</p>
        </triangles>
      </mesh>
    </geometry>
  </library_geometries>
  <library_visual_scenes>
    <visual_scene id="Scene" name="Scene">
      <node id="node" name="node" type="NODE">
        <matrix sid="transform">0.001 0 0 0 0 0.001 0 0 0 0 0.001 0 0 0 0 1</matrix>
        <instance_geometry url="#shape0-mesh" name="node">
          <bind_material>
            <technique_common>
              <instance_material symbol="R3MPerception-Metallic-material" target="#R3MPerception-Metallic-material"/>
            </technique_common>
          </bind_material>
        </instance_geometry>
      </node>
    </visual_scene>
  </library_visual_scenes>
  <scene>
    <instance_visual_scene url="#Scene"/>
  </scene>
</COLLADA>