<?xml version="1.0" encoding="utf-8"?>
<COLLADA xmlns="http://www.collada.org/2005/11/COLLADASchema" version="1.4.1" xmlns:xsi="http://www.w3.org/2001/XMLSchema-instance">
  <asset>
    <contributor>
      <author>Blender User</author>
      <authoring_tool>Blender 4.2.0 commit date:2024-07-16, commit time:06:20, hash:a51f293548ad</authoring_tool>
    </contributor>
    <created>2024-07-18T17:08:01</created>
    <modified>2024-07-18T17:08:01</modified>
    <unit name="meter" meter="1"/>
    <up_axis>Z_UP</up_axis>
  </asset>
  <library_effects>
    <effect id="R3MPerception-Metallic-effect">
      <profile_COMMON>
        <technique sid="common">
          <lambert>
            <emission>
              <color sid="emission">0 0 0 1</color>
            </emission>
            <diffuse>
              <color sid="diffuse">0.3 0.3 0.3 1</color>
            </diffuse>
            <reflectivity>
              <float sid="specular">1</float>
            </reflectivity>
            <index_of_refraction>
              <float sid="ior">1.45</float>
            </index_of_refraction>
          </lambert>
        </technique>
      </profile_COMMON>
    </effect>
  </library_effects>
  <library_images/>
  <library_materials>
    <material id="R3MPerception-Metallic-material" name="R3MPerception-Metallic">
      <instance_effect url="#R3MPerception-Metallic-effect"/>
    </material>
  </library_materials>
  <library_geometries>
    <geometry id="shape0_010-mesh" name="shape0.010">
      <mesh>
        <source id="shape0_010-mesh-positions">
          <float_array id="shape0_010-mesh-positions-array" count="29001">-0.14925 -0.08431595 0.08752095 -0.14925 -0.08453196 0.07942098 -0.14925 -0.08977299 0.08375996 -0.14925 -0.08684098 0.01998299 -0.14925 -0.09092795 0.01529598 -0.14925 -0.09221899 0.02352899 -0.08174997 -0.469395 0.01684796 -0.08174997 -0.46456 0.01154297 -0.08174997 -0.460573 0.01757097 7.5e-4 -0.331189 0.079158 7.5e-4 -0.32408 0.07520496 7.5e-4 -0.322959 0.08067798 -0.08174997 -0.407568 0.06725597 -0.08174997 -0.404002 0.06226199 -0.08174997 -0.398779 0.067438 7.5e-4 -0.21477 0.08786499 7.5e-4 -0.2102569 0.09332698 7.5e-4 -0.217671 0.093131 -0.08174997 -0.410731 0.06202399 -0.08174997 -0.416675 0.06425398 -0.08174997 -0.418544 0.058972 -0.14925 -0.046139 0.177776 -0.14925 -0.04108595 0.181405 -0.14925 -0.04226398 0.173114 -0.14925 -0.03592896 0.1878499 -0.14925 -0.03771996 0.19775 -0.14925 -0.03061699 0.1919209 7.5e-4 -0.117665 0.161653 7.5e-4 -0.125568 0.161152 7.5e-4 -0.120387 0.156875 7.5e-4 -0.145696 0.163897 7.5e-4 -0.142466 0.157497 7.5e-4 -0.138279 0.1643289 7.5e-4 -0.281403 0.01277297 7.5e-4 -0.287549 0.01078397 7.5e-4 -0.281435 0.006274998 -0.05092298 -0.405999 -7.5e-4 -0.05826199 -0.402909 -7.5e-4 -0.04948794 -0.400228 -7.5e-4 -0.04433298 -0.409814 -7.5e-4 -0.05115395 -0.41195 -7.5e-4 -0.01595497 -0.353452 0.09168797 -0.015558 -0.348962 0.09471899 -0.015558 -0.348962 0.088656 -0.009937942 -0.04715597 0.19925 -0.01444 -0.04463899 0.19925 -0.01379197 -0.05127495 0.19925 -0.1180649 -0.49925 0.07049798 -0.126877 -0.49925 0.073273 -0.124514 -0.49925 0.06565296 -0.056077 -0.409233 0.09924995 -0.05013799 -0.407296 0.09924995 -0.05847197 -0.403989 0.09924995 7.5e-4 -0.2443979 0.01956695 7.5e-4 -0.250706 0.02429497 7.5e-4 -0.250435 0.016541 -0.136602 -0.487257 -7.5e-4 -0.142152 -0.492688 -7.5e-4 -0.142152 -0.484922 -7.5e-4 -0.05505096 -0.484561 -7.5e-4 -0.06005495 -0.488626 -7.5e-4 -0.06016194 -0.48193 -7.5e-4 -0.08174997 -0.49775 0.07956296 -0.08174997 -0.492373 0.07428395 -0.08174997 -0.487879 0.07893198 -0.125694 -0.370128 0.08562499 -0.1291199 -0.36179 0.08562499 -0.1282629 -0.363876 0.09168601 -0.1325449 -0.353452 0.08562499 -0.1325449 -0.353452 0.07956296 -0.139273 -0.46784 0.09924995 -0.14195 -0.473717 0.09924995 -0.13572 -0.476643 0.09924995 -0.1291199 -0.36179 7.5e-4 -0.129977 -0.359703 0.006814956 -0.125694 -0.370128 0.006812989 -0.14925 -0.01887398 0.088849 -0.14925 -0.02368497 0.08068495 -0.14925 -0.02548795 0.08946299 -0.1325449 -0.353452 0.03712499 -0.1291199 -0.36179 0.03712499 -0.1325449 -0.353452 0.03106296 -0.125694 -0.370128 0.03712499 -0.128262 -0.363877 0.04318797 -0.04021096 -0.28984 0.08562499 -0.04831796 -0.285899 0.08562499 -0.04628896 -0.286886 0.07956296 -0.05642598 -0.281959 0.08562499 -0.05642598 -0.281959 0.09168797 -0.04021096 -0.28984 0.01287496 -0.04831796 -0.285899 0.01287496 -0.04021096 -0.28984 0.006812989 -0.05642598 -0.281959 0.01287496 -0.05034595 -0.284914 0.018938 7.5e-4 -0.486792 0.03971797 7.5e-4 -0.481853 0.04536199 7.5e-4 -0.487226 0.04646098 -0.01031297 -0.432672 0.03053694 -0.01232796 -0.429273 0.03546094 -0.01837497 -0.432672 0.03053694 -0.07931095 -0.09566998 -7.5e-4 -0.08501499 -0.09096997 -7.5e-4 -0.07770395 -0.08911401 -7.5e-4 -0.01595497 -0.353452 0.08562499 -0.01937997 -0.36179 0.08562499 -0.01852297 -0.359703 0.09168601 -0.02280598 -0.370128 0.08562499 -0.02023798 -0.363876 0.07956296 -0.01937997 -0.36179 0.01900798 -0.02109295 -0.365959 0.01590597 -0.02109295 -0.365959 0.02196896 7.5e-4 -0.154851 0.03507995 7.5e-4 -0.151793 0.030218 7.5e-4 -0.147906 0.03500497 -0.02280598 -0.370128 0.06137496 -0.01937997 -0.36179 0.06137496 -0.02023798 -0.363877 0.05531299 -0.01595497 -0.353452 0.06137496 -0.01595497 -0.353452 0.067438 -0.03430098 -0.384017 0.01287496 -0.02855396 -0.377073 0.01287496 -0.03430098 -0.384017 0.006812989 -0.02280598 -0.370128 0.01287496 -0.02711498 -0.375335 0.018938 -0.03430098 -0.384017 0.08562499 -0.02855396 -0.377073 0.08562499 -0.02999097 -0.37881 0.07956296 -0.027116 -0.375335 0.09168601 -0.02855396 -0.377073 0.04924994 -0.02999198 -0.378811 0.05531299 -0.02280598 -0.370128 0.05531299 7.5e-4 -0.106079 0.004802942 7.5e-4 -0.103973 0.01137995 7.5e-4 -0.111434 0.007154941 -0.01642799 -0.1350229 -7.5e-4 -0.02486896 -0.134267 -7.5e-4 -0.021546 -0.129442 -7.5e-4 -0.10829 -0.28984 0.08562499 -0.1001819 -0.285899 0.08562499 -0.10829 -0.28984 0.09168797 -0.09207397 -0.281959 0.08562499 -0.098154 -0.284914 0.07956296 -0.10829 -0.28984 0.01287496 -0.1001819 -0.285899 0.01287496 -0.10829 -0.28984 0.018938 -0.09207397 -0.281959 0.01287496 -0.098154 -0.284914 0.006814956 -0.1001819 -0.285899 0.04924994 -0.102212 -0.286886 0.04318797 -0.09207397 -0.281959 0.04318797 -0.05807697 -0.396322 0.05531299 -0.06241297 -0.39755 0.05228096 -0.06241297 -0.39755 0.05834394 7.5e-4 -0.036255 0.177955 7.5e-4 -0.02904295 0.180637 7.5e-4 -0.03312098 0.184713 -0.08174997 -0.398779 0.08562499 -0.09042298 -0.396322 0.08562499 -0.08608698 -0.39755 0.088656 -0.099096 -0.393864 0.08562499 -0.09259295 -0.395707 0.07956296 -0.099096 -0.393864 0.01287496 -0.09042298 -0.396322 0.01287496 -0.09259295 -0.395707 0.006813943 -0.08174997 -0.398779 0.01287496 -0.08817398 -0.396959 0.018938 7.5e-4 -0.350504 0.01697099 7.5e-4 -0.343586 0.01559799 7.5e-4 -0.342037 0.02249598 -0.08174997 -0.398779 0.06137496 -0.08174997 -0.398779 0.05531299 -0.08608698 -0.39755 0.05834394 -0.06241399 -0.39755 0.003780961 -0.05807697 -0.396322 0.007086992 -0.05807697 -0.396322 7.5e-4 7.5e-4 -0.427359 0.03179198 7.5e-4 -0.425927 0.02645498 7.5e-4 -0.420636 0.02767497 -0.04940396 -0.393864 0.08562499 -0.05807697 -0.396322 0.08562499 -0.04940396 -0.393864 0.09168797 -0.06674998 -0.398779 0.006812989 -0.06674998 -0.398779 0.01287496 -0.06241399 -0.39755 0.009843945 -0.04940396 -0.393864 0.01287496 -0.05807697 -0.396322 0.01287496 -0.05590695 -0.395707 0.018938 -0.05373996 -0.395093 0.05834394 -0.05373996 -0.395093 0.05228096 -0.06674998 -0.398779 7.5e-4 7.5e-4 -0.06817096 0.18143 7.5e-4 -0.07190901 0.175311 7.5e-4 -0.065171 0.175538 -0.06674998 -0.398779 0.06137496 -0.06674998 -0.398779 0.05531299 -0.01516199 -0.344473 0.09168797 -0.01595497 -0.353452 0.01287496 -0.01516199 -0.344473 0.01287496 -0.01595497 -0.353452 0.006812989 -0.01436799 -0.335493 0.01287496 -0.01496297 -0.342226 0.018938 -0.01436799 -0.335493 0.06137496 -0.01516199 -0.344473 0.06137496 -0.01496297 -0.342226 0.067438 -0.01595497 -0.353452 0.06137496 -0.01595497 -0.353452 0.05531299 -0.14925 -0.476824 0.02119296 -0.14925 -0.481786 0.02517098 -0.14925 -0.472803 0.02621698 -0.08608698 -0.39755 0.09471899 -0.09042298 -0.396322 0.09168797 -0.09042298 -0.396322 0.09775 -0.1325449 -0.353452 0.08562499 -0.133339 -0.344473 0.08562499 -0.1325449 -0.353452 0.09168797 -0.134132 -0.335493 0.08562499 -0.1335369 -0.342226 0.07956296 -0.134132 -0.335493 0.02499997 -0.133339 -0.344473 0.02499997 -0.1335369 -0.342224 0.018938 -0.133339 -0.344473 7.5e-4 -0.1335369 -0.342226 0.006813943 -0.1325449 -0.353452 0.006812989 -0.01820898 -0.080747 -7.5e-4 -0.02178597 -0.074786 -7.5e-4 -0.015917 -0.07280796 -7.5e-4 -0.133735 -0.339983 0.04015594 -0.13334 -0.344453 0.03754699 -0.133711 -0.340262 0.03371495 -0.132942 -0.348962 0.04621899 -0.1325449 -0.353452 0.04318797 -0.132942 -0.348962 0.04015594 -0.07424998 -0.27925 0.01287496 -0.06533795 -0.280605 0.01287496 -0.06756699 -0.280266 0.018938 -0.06310796 -0.280943 0.006813943 -0.07424998 -0.27925 0.01287496 -0.083162 -0.280605 0.01287496 -0.08093297 -0.280266 0.006814956 -0.06088197 -0.281282 0.07653099 -0.05642598 -0.281959 0.07956296 -0.06088197 -0.281282 0.08259397 -0.083162 -0.280605 0.08562499 -0.08539199 -0.280943 0.09168601 -0.07424998 -0.27925 0.08562499 -0.08093297 -0.280266 0.07956296 -0.08174997 -0.398779 0.04924994 -0.08608698 -0.39755 0.05228096 -0.06533795 -0.280605 0.04924994 -0.06756895 -0.280265 0.04318797 -0.05642598 -0.281959 0.04318797 -0.09042298 -0.396322 0.05531299 -0.09476 -0.395093 0.05228096 -0.09476 -0.395093 0.05834394 -0.08522599 -0.2140589 -7.5e-4 -0.07922595 -0.207644 -7.5e-4 -0.07967197 -0.2160159 -7.5e-4 -0.07424998 -0.27925 0.04318797 -0.07870596 -0.279927 0.04621899 -0.07870596 -0.279927 0.04015594 -0.09476 -0.395093 0.088656 -0.09476 -0.395093 0.09471899 -0.121431 -0.302183 0.018938 -0.121431 -0.302183 0.01287496 -0.118146 -0.299097 0.01590597 -0.1148599 -0.296012 0.01287496 -0.113216 -0.294468 0.006814956 -0.111575 -0.292926 0.01590597 -0.121431 -0.302183 0.08562499 -0.1148599 -0.296012 0.08562499 -0.116504 -0.297556 0.09168601 -0.1132169 -0.294468 0.07956296 -0.1148599 -0.296012 0.04924994 -0.116505 -0.297557 0.04318797 -0.10829 -0.28984 0.04318797 -0.099096 -0.393864 0.06137496 -0.099096 -0.393864 0.05531299 -0.01627796 -0.326683 0.01287496 -0.01436799 -0.335493 0.006812989 -0.01818698 -0.317873 0.01287496 -0.01675498 -0.324479 0.018938 -0.02870994 -0.277815 -7.5e-4 -0.02225798 -0.280202 -7.5e-4 -0.02916496 -0.284025 -7.5e-4 -0.01627796 -0.326683 0.09775 -0.01675599 -0.324477 0.09168499 -0.01436799 -0.335493 0.09168797 -0.01818698 -0.317873 0.06137496 -0.01627796 -0.326683 0.06137496 -0.01675498 -0.324479 0.067438 -0.01436799 -0.335493 0.05531299 -0.08174997 -0.398779 0.09168797 -0.08174997 -0.398779 0.09775 -0.05374097 -0.395093 0.009843945 -0.05374097 -0.395093 0.003780961 -0.119946 -0.377073 0.08562499 -0.11779 -0.379678 0.09017097 -0.1170729 -0.380545 0.08259397 -0.07378596 7.5e-4 0.025994 -0.08011198 7.5e-4 0.03148895 -0.07513499 7.5e-4 0.03516799 -0.114199 -0.384017 0.01287496 -0.119947 -0.377072 0.01287496 -0.118509 -0.37881 0.018938 -0.125694 -0.370128 0.01287496 -0.121385 -0.375334 0.006813943 -0.01431399 -0.353033 0.09924995 -0.01096796 -0.35823 0.09924995 -0.00583297 -0.354176 0.09924995 7.5e-4 -0.1306419 0.092902 7.5e-4 -0.1386809 0.09326797 7.5e-4 -0.1351439 0.08499395 -0.106647 -0.388941 0.08562499 -0.104758 -0.390172 0.09168601 -0.114199 -0.384017 0.08562499 -0.108536 -0.387709 0.07956296 -0.106647 -0.388941 0.01287496 -0.104758 -0.390172 0.018938 -0.108536 -0.387709 0.006813943 -0.06674998 -0.407575 0.009365975 -0.06674998 -0.398779 0.006812989 -0.06674998 -0.404965 7.5e-4 7.5e-4 -0.476548 0.04301899 7.5e-4 -0.261133 0.07388401 7.5e-4 -0.262055 0.06610798 7.5e-4 -0.255574 0.068125 -0.130313 -0.317873 0.07956296 -0.130313 -0.317873 0.08562499 -0.131268 -0.322278 0.08259397 -0.1322219 -0.326683 0.08562499 -0.1327 -0.328887 0.09168601 -0.133177 -0.331088 0.08259397 -0.134132 -0.335493 0.01287496 -0.1322219 -0.326683 0.01287496 -0.133177 -0.331088 0.01590597 -0.131745 -0.324479 0.006813943 -0.131268 -0.322278 0.01590597 -0.1322219 -0.326683 0.04924994 -0.132701 -0.328889 0.04318797 -0.130313 -0.317873 0.04318797 -0.06674998 -0.413208 0.08442896 -0.06674998 -0.412753 0.07777297 -0.06674998 -0.418681 0.08226299 7.5e-4 -0.123441 0.09009498 7.5e-4 -0.126208 0.083121 -0.125872 -0.310028 0.08562499 -0.126983 -0.311991 0.09168601 -0.124761 -0.308066 0.07956296 -0.121431 -0.302183 0.006812989 -0.123651 -0.306106 0.009843945 -0.14925 -0.1483809 0.1793 -0.14925 -0.146064 0.173954 -0.14925 -0.153181 0.175546 -0.125872 -0.310028 0.04325795 -0.123651 -0.306106 0.04015594 -0.123651 -0.306105 0.04621899 -0.14925 -0.304535 0.06396496 -0.14925 -0.302481 0.05418199 -0.14925 -0.308698 0.05521196 -0.03363996 -0.296012 0.07956296 -0.03692597 -0.292926 0.08259397 -0.03692597 -0.292926 0.07653099 -0.11371 7.5e-4 0.166391 -0.112937 7.5e-4 0.159865 -0.12006 7.5e-4 0.160554 -0.02706897 -0.302183 0.01287496 -0.03363996 -0.296012 0.01287496 -0.03199595 -0.297556 0.006813943 -0.03528398 -0.294468 0.018938 7.5e-4 -0.03310894 0.01475697 7.5e-4 -0.03342294 0.021963 7.5e-4 -0.03872495 0.01818299 -0.1175 -0.02023595 -7.5e-4 -0.120106 -0.01260399 -7.5e-4 -0.112204 -0.016348 -7.5e-4 -0.03612798 -0.069323 -7.5e-4 -0.04333299 -0.06545698 -7.5e-4 -0.03625297 -0.06339401 -7.5e-4 -0.14925 -0.325224 0.01281094 -0.14925 -0.322897 0.005908966 -0.14925 -0.328261 0.006503999 -0.04185199 -0.388941 0.01287496 -0.043742 -0.390172 0.006813943 -0.03996294 -0.387709 0.018938 -0.04185199 -0.388941 0.08562499 -0.043742 -0.390172 0.07956296 -0.03996294 -0.387709 0.09168601 7.5e-4 -0.164273 0.166877 7.5e-4 -0.159947 0.161312 7.5e-4 -0.157989 0.169229 -0.04185295 -0.388941 0.04924994 -0.04374295 -0.390173 0.05531299 -0.03430098 -0.384017 0.05531299 -0.02262794 -0.310028 0.09775 -0.02373999 -0.308064 0.09168499 -0.01818698 -0.317873 0.09168797 -0.02262794 -0.310028 0.01287496 -0.02151697 -0.311991 0.006813943 -0.02373898 -0.308066 0.018938 -0.02706897 -0.302183 0.06137496 -0.02262794 -0.310028 0.06137496 -0.02373898 -0.308065 0.067438 -0.14925 -0.461399 0.07447695 -0.14925 -0.469122 0.07999497 -0.14925 -0.460424 0.08081597 -0.08974397 7.5e-4 0.117226 -0.08429098 7.5e-4 0.123829 -0.080751 7.5e-4 0.1176159 -0.14925 -0.401439 0.08813297 -0.14925 -0.395908 0.08152097 -0.14925 -0.403289 0.08248996 -0.01365697 -0.006348967 -7.5e-4 -0.007870972 -0.008002996 -7.5e-4 -0.01359999 -0.01330995 -7.5e-4 7.5e-4 -0.390257 0.07734596 7.5e-4 -0.383294 0.07902801 7.5e-4 -0.390307 0.08354896 -0.02528995 -0.451719 0.09924995 -0.03149795 -0.456787 0.09924995 -0.02528095 -0.460151 0.09924995 7.5e-4 -0.238138 0.03990596 7.5e-4 -0.236155 0.03484594 7.5e-4 -0.2324219 0.04121696 -0.01433897 -0.481775 0.09924995 -0.02109199 -0.484681 0.09924995 -0.01570898 -0.487232 0.09924995 -0.04940396 -0.393864 0.04924994 -0.04940396 -0.393864 0.05531299 -0.14925 -0.24393 0.03522795 -0.14925 -0.2351599 0.03006899 -0.14925 -0.243453 0.02730095 -0.141849 -0.285441 0.09924995 -0.14775 -0.288078 0.09924995 -0.142035 -0.291629 0.09924995 -0.03164696 -0.49925 0.06425899 -0.02348899 -0.49925 0.06323897 -0.02802097 -0.49925 0.06961297 -0.03554898 -0.49925 0.05752497 -0.03877496 -0.49925 0.06322199 -0.14925 -0.03158199 0.104939 -0.14925 -0.02845895 0.1103129 -0.14925 -0.02520298 0.1037999 -0.14925 -0.02512896 0.115629 -0.14925 -0.02971196 0.122472 -0.14925 -0.02140599 0.121588 7.5e-4 -0.09434795 0.154928 7.5e-4 -0.100311 0.150618 7.5e-4 -0.09362995 0.148591 7.5e-4 -0.1189489 0.140812 7.5e-4 -0.1125 0.143633 7.5e-4 -0.119479 0.1461859 -0.009334981 -0.06534296 -7.5e-4 -0.007211983 -0.07464599 -7.5e-4 -0.02245295 -0.06902098 -7.5e-4 7.5e-4 -0.075585 0.145605 7.5e-4 -0.07744896 0.139418 7.5e-4 -0.06977796 0.141452 -0.01516199 -0.344473 0.07349997 -0.01595497 -0.353452 0.07349997 -0.01550894 -0.348401 0.07804697 -0.06674998 -0.413531 0.06149196 -0.06674998 -0.419598 0.064354 -0.06674998 -0.41296 0.06723397 7.5e-4 -0.04207295 0.116499 7.5e-4 -0.04743599 0.113815 7.5e-4 -0.04000395 0.110297 -0.14925 -0.318608 0.03776198 -0.14925 -0.313867 0.04277199 -0.14925 -0.313213 0.03536796 -0.105912 -0.274268 -7.5e-4 -0.105392 -0.281526 -7.5e-4 -0.110009 -0.278682 -7.5e-4 -0.035685 -0.2413589 -7.5e-4 -0.03957098 -0.248584 -7.5e-4 -0.04136198 -0.242519 -7.5e-4 -0.03312098 -0.261148 -7.5e-4 -0.03645598 -0.25523 -7.5e-4 -0.029226 -0.256309 -7.5e-4 -0.14925 -0.168328 0.04982894 -0.14925 -0.165092 0.05576395 -0.14925 -0.162617 0.04886198 -0.14925 -0.02526795 0.1713809 -0.14925 -0.01862698 0.1774449 -0.14925 -0.01543498 0.168447 7.5e-4 -0.147714 0.07196497 7.5e-4 -0.143499 0.07630199 7.5e-4 -0.15053 0.077968 -0.14925 -0.09110701 0.04962497 -0.14925 -0.08733999 0.05645495 -0.14925 -0.08463495 0.04908496 -0.14925 -0.104076 0.04916495 -0.14925 -0.09746897 0.04930198 -0.14925 -0.101531 0.04286295 -0.14925 -0.08854997 0.125539 -0.14925 -0.095752 0.124121 -0.14925 -0.09071201 0.130462 -0.14775 -0.264781 0.09924995 -0.14925 -0.264199 0.09775 -0.14925 -0.271984 0.09775 -0.04413294 -0.104699 -7.5e-4 -0.03901594 -0.107425 -7.5e-4 -0.04301995 -0.111726 -7.5e-4 -0.130313 -0.317873 0.07349997 -0.130313 -0.317873 0.067438 -0.125872 -0.310028 0.07349997 7.5e-4 -0.19587 0.04238098 7.5e-4 -0.188346 0.04688495 7.5e-4 -0.1942549 0.050354 -0.08174997 -0.474196 0.02334594 -0.08174997 -0.468721 0.02495199 -0.09617298 -0.05703496 -7.5e-4 -0.101556 -0.05222398 -7.5e-4 -0.09176695 -0.052522 -7.5e-4 -0.14775 -0.295844 0.09924995 -0.14925 -0.295339 0.09775 -0.14925 -0.303124 0.09775 -0.14925 -0.130008 0.01306396 -0.14925 -0.124244 0.01308 -0.14925 -0.128563 0.005546987 -7.5e-4 -0.288078 0.09924995 7.5e-4 -0.295339 0.09775 7.5e-4 -0.287554 0.09775 -0.01771396 -0.259729 0.09924995 -0.02257597 -0.267142 0.09924995 -0.01724499 -0.265614 0.09924995 -0.14925 -0.249853 0.01443696 -0.14925 -0.242069 0.01321297 -0.14925 -0.247186 0.007004976 -0.14925 -0.08432197 0.1459749 -0.14925 -0.08119696 0.14041 -0.14925 -0.09014296 0.141983 -0.14925 -0.07369101 0.123669 -0.14925 -0.07541298 0.129016 -0.14925 -0.066298 0.126393 -0.129137 -0.454847 0.09924995 -0.128511 -0.448079 0.09924995 -0.135447 -0.447507 0.09924995 -0.14925 -0.331896 0.05684196 -0.14925 -0.337585 0.05713695 -0.14925 -0.333651 0.06358098 -0.092992 7.5e-4 0.185412 -0.102263 7.5e-4 0.18489 -0.09951597 7.5e-4 0.191594 -0.111699 7.5e-4 0.185396 -0.107731 7.5e-4 0.179265 -0.129836 7.5e-4 0.18489 -0.120562 7.5e-4 0.1853989 -0.123426 7.5e-4 0.179277 -0.117891 7.5e-4 0.191594 -0.138563 7.5e-4 0.185438 -0.1362659 7.5e-4 0.191594 -0.14775 7.5e-4 0.185438 -0.14775 7.5e-4 0.1792809 -0.01912498 7.5e-4 0.19775 -0.009937942 7.5e-4 0.19775 -0.01387596 7.5e-4 0.192475 -0.05695497 7.5e-4 0.1733829 -0.06591397 7.5e-4 0.172803 -0.06223499 7.5e-4 0.179496 -0.07195299 7.5e-4 0.191594 -0.06506299 7.5e-4 0.19775 -0.06276595 7.5e-4 0.191594 -0.09969496 -0.07697397 -7.5e-4 -0.104226 -0.082125 -7.5e-4 -0.10615 -0.074032 -7.5e-4 -0.14775 -0.280313 0.09924995 -0.141847 -0.276486 0.09924995 -0.01916295 7.5e-4 0.111661 -0.009937942 7.5e-4 0.111563 -0.01581496 7.5e-4 0.105423 -7.5e-4 7.5e-4 0.111563 -0.007637977 7.5e-4 0.117719 -0.036107 -0.453724 -7.5e-4 -0.02907598 -0.449221 -7.5e-4 -0.02790296 -0.455307 -7.5e-4 -0.113297 7.5e-4 0.006905972 -0.1201879 7.5e-4 7.5e-4 -0.1201879 7.5e-4 0.006905972 -0.126474 7.5e-4 0.01918196 -0.120545 7.5e-4 0.02485197 -0.12023 7.5e-4 0.01916396 7.5e-4 -0.09309899 0.190997 7.5e-4 -0.09386497 0.180718 7.5e-4 -0.08854299 0.184168 -0.09721899 7.5e-4 0.006905972 -0.101813 7.5e-4 7.5e-4 -0.104109 7.5e-4 0.006905972 -0.14775 -0.389031 -7.5e-4 -0.143671 -0.392536 -7.5e-4 -0.14775 -0.396797 -7.5e-4 -0.138563 7.5e-4 0.02537494 -0.135912 7.5e-4 0.01924198 -0.14775 7.5e-4 0.01921898 -0.04489898 7.5e-4 0.027116 -0.04567396 7.5e-4 0.020253 -0.04995197 7.5e-4 0.02538698 -0.14925 -0.317159 0.09100395 -0.14925 -0.311118 0.08565598 -0.14925 -0.317172 0.083678 -0.128838 7.5e-4 0.160781 -0.124722 7.5e-4 0.154397 -0.14925 -0.08393198 0.19775 -0.14925 -0.08789598 0.1940799 -0.14925 -0.09317398 0.19775 -0.02280598 -0.370128 0.02499997 -0.02280598 -0.370128 0.018938 -0.06674998 -0.485379 0.09775 -0.06674998 -0.479193 0.09775 -0.06674998 -0.480283 0.09227097 -0.01883298 7.5e-4 0.06212997 -0.01147097 7.5e-4 0.06198197 -0.01646196 7.5e-4 0.05602496 -0.007639944 7.5e-4 0.06846898 -0.005343973 7.5e-4 0.05923396 7.5e-4 -0.470851 0.08203095 7.5e-4 -0.467926 0.08782196 7.5e-4 -0.472508 0.09186899 -0.117285 7.5e-4 0.04977595 -0.119089 7.5e-4 0.04376 -0.123275 7.5e-4 0.049959 -0.140878 7.5e-4 0.07117897 -0.135073 7.5e-4 0.06903797 -0.143156 7.5e-4 0.065391 -0.134963 -0.458906 0.09924995 -0.129262 -0.461394 0.09924995 -0.075194 7.5e-4 0.185434 -0.08416098 7.5e-4 0.185442 -0.08114099 7.5e-4 0.191594 -0.08804196 7.5e-4 0.179334 -0.01595497 -0.353452 0.018938 -0.01766794 -0.357621 0.01590597 -0.01766794 -0.357621 0.02196896 -0.129039 -0.03751099 -7.5e-4 -0.135835 -0.03763794 -7.5e-4 -0.133617 -0.03192096 -7.5e-4 -0.14775 7.5e-4 0.160813 -0.138563 7.5e-4 0.160813 -0.140861 7.5e-4 0.1546559 -0.132625 7.5e-4 0.167001 -0.14775 -0.326906 0.09924995 -0.14925 -0.326479 0.09775 -0.14925 -0.334264 0.09775 -0.08829295 -0.27574 -7.5e-4 -0.08330696 -0.273364 -7.5e-4 -0.08332198 -0.279118 -7.5e-4 -7.5e-4 -0.319141 0.09924995 7.5e-4 -0.326479 0.09775 7.5e-4 -0.318694 0.09775 -0.03210395 -0.131852 -7.5e-4 -0.03356796 -0.139046 -7.5e-4 -0.03992795 -0.133173 -7.5e-4 -0.01627796 -0.326683 0.07349997 -0.01436799 -0.335493 0.07956296 -0.01675498 -0.324479 0.07956296 7.5e-4 -0.069763 0.157016 7.5e-4 -0.07273095 0.151323 7.5e-4 -0.06545299 0.153114 7.5e-4 -0.078637 0.133011 7.5e-4 -0.08679997 0.135559 -0.14925 -0.363691 0.06278198 -0.14925 -0.368366 0.06696397 -0.14925 -0.359893 0.068098 -0.14925 -0.373311 0.07168495 -0.14925 -0.381791 0.07126396 -0.14925 -0.377435 0.07738697 -0.01595497 -0.353452 0.02499997 -0.1295689 7.5e-4 0.064556 -0.126863 7.5e-4 0.05667996 -0.134567 7.5e-4 0.05767798 -0.02151399 7.5e-4 0.04406595 -0.01495498 7.5e-4 0.04221898 -0.021474 7.5e-4 0.03718596 -0.09290999 -0.05548197 0.19925 -0.09166097 -0.05008494 0.19925 -0.096928 -0.04894596 0.19925 -0.01431399 -0.353033 -7.5e-4 -0.01095294 -0.358324 -7.5e-4 -0.017681 -0.361568 -7.5e-4 -0.127595 -0.04869395 -7.5e-4 -0.123168 -0.04140299 -7.5e-4 -0.119208 -0.049564 -7.5e-4 7.5e-4 -0.365404 0.09775 -7.5e-4 -0.357969 0.09924995 -7.5e-4 -0.365734 0.09924995 -0.14925 -0.488676 0.03931099 -0.14925 -0.49775 0.04924994 -0.14925 -0.492449 0.04924994 -0.14775 -0.357969 0.09924995 -0.14925 -0.357619 0.09775 -0.14925 -0.365404 0.09775 7.5e-4 -0.3665 0.05394399 7.5e-4 -0.369942 0.06008499 7.5e-4 -0.372896 0.05326896 7.5e-4 -0.486272 0.077268 7.5e-4 -0.491811 0.07656097 7.5e-4 -0.491461 0.07108795 -0.14925 -0.01881897 0.07481998 -0.14925 -0.009769976 0.07482796 -0.14925 -0.01452499 0.06840598 -0.06524997 -0.412296 -7.5e-4 -0.05653595 -0.414287 -7.5e-4 -0.06524997 -0.4184 -7.5e-4 -0.14775 -0.389031 0.09924995 -0.14925 -0.38876 0.09775 -0.14925 -0.396545 0.09775 7.5e-4 -0.148062 0.156468 -7.5e-4 -0.381266 0.09924995 7.5e-4 -0.38876 0.09775 7.5e-4 -0.380975 0.09775 -0.01718997 -0.28385 -7.5e-4 -0.02859795 -0.289991 -7.5e-4 -0.06674998 -0.405476 0.08066397 -0.06674998 -0.405488 0.07448798 -0.14775 -0.427859 0.09924995 -0.14775 -0.420094 0.09924995 -0.14925 -0.427685 0.09775 7.5e-4 -0.471141 0.03179198 7.5e-4 -0.471884 0.02607095 7.5e-4 -0.46627 0.02790796 7.5e-4 -0.427685 0.09775 -7.5e-4 -0.420094 0.09924995 -7.5e-4 -0.427859 0.09924995 7.5e-4 -0.02825397 0.02601498 7.5e-4 -0.02685499 0.03242194 7.5e-4 -0.03254598 0.02984499 -0.14925 -0.45104 0.09775 -0.14925 -0.458825 0.09775 -0.14775 -0.451156 0.09924995 -0.03690999 -0.464654 -7.5e-4 -0.03126299 -0.460022 -7.5e-4 -0.03086799 -0.468295 -7.5e-4 -7.5e-4 -0.451156 0.09924995 7.5e-4 -0.45104 0.09775 -7.5e-4 -0.443391 0.09924995 7.5e-4 -0.01394796 0.06046199 7.5e-4 -0.01459097 0.06590396 7.5e-4 -0.020181 0.06058198 -0.14925 -0.443255 0.09775 -0.14775 -0.443391 0.09924995 -0.137551 -0.427078 0.09924995 -0.143679 -0.423453 0.09924995 -0.141508 -0.431812 0.09924995 -0.14925 -0.412115 0.09775 -0.14925 -0.4199 0.09775 -0.14775 -0.412328 0.09924995 -0.114722 7.5e-4 0.08272898 -0.118477 7.5e-4 0.08908897 -0.110657 7.5e-4 0.086919 -7.5e-4 -0.466688 0.09924995 7.5e-4 -0.46661 0.09775 -7.5e-4 -0.458922 0.09924995 -7.5e-4 -0.412328 0.09924995 -0.006608963 -0.4198 0.09924995 -0.00525397 -0.306671 0.09924995 -7.5e-4 -0.303609 0.09924995 -0.004896998 -0.299936 0.09924995 -0.14775 -0.319141 0.09924995 -0.02429896 7.5e-4 0.173542 -0.02144598 7.5e-4 0.168696 -0.02762699 7.5e-4 0.168573 -0.141476 -0.322004 -7.5e-4 -0.14775 -0.326906 -7.5e-4 -0.14775 -0.319141 -7.5e-4 -0.14925 -0.19362 0.06307798 -0.14925 -0.192739 0.07081198 -0.14925 -0.188122 0.06538599 -7.5e-4 -0.334672 0.09924995 7.5e-4 -0.342049 0.09775 7.5e-4 -0.334264 0.09775 -0.006832957 -0.323057 0.09924995 -7.5e-4 -0.326906 0.09924995 -0.14925 -0.420094 7.5e-4 -0.14925 -0.412328 7.5e-4 -0.14775 -0.420094 -7.5e-4 -0.14925 -0.189809 0.07713496 -0.14925 -0.18599 0.07212495 -0.135489 -0.457306 -7.5e-4 -0.143051 -0.455384 -7.5e-4 -0.135376 -0.449667 -7.5e-4 7.5e-4 -0.317533 0.01227599 7.5e-4 -0.32182 0.006172955 7.5e-4 -0.314055 0.006172955 -0.14925 -0.319141 7.5e-4 -0.14925 -0.326906 7.5e-4 -0.14925 -0.326906 7.5e-4 -0.14925 -0.334672 7.5e-4 -0.14925 -0.11488 0.184399 -0.14925 -0.108651 0.182806 -0.14925 -0.112126 0.177567 7.5e-4 -0.49775 0.04924994 7.5e-4 -0.49245 0.04924994 7.5e-4 -0.49775 0.05531299 -0.010818 -0.458821 -7.5e-4 -0.00566399 -0.4548 -7.5e-4 -0.006035983 -0.464744 -7.5e-4 -7.5e-4 -0.420094 -7.5e-4 -7.5e-4 -0.412328 -7.5e-4 7.5e-4 -0.420094 7.5e-4 -0.1264269 -0.311009 0.01068198 -0.126983 -0.31199 0.018938 7.5e-4 -0.046525 0.04587697 7.5e-4 -0.03985995 0.04446697 7.5e-4 -0.04524999 0.05231499 7.5e-4 -0.442489 0.011343 7.5e-4 -0.446797 0.005874991 7.5e-4 -0.437513 0.00622195 7.5e-4 -0.458922 7.5e-4 -7.5e-4 -0.458922 -7.5e-4 7.5e-4 -0.451156 7.5e-4 -0.04558598 -0.168427 0.180073 -0.05082595 -0.1697919 0.178708 -0.04444396 -0.1726599 0.17584 -7.5e-4 -0.319141 -7.5e-4 7.5e-4 -0.319141 7.5e-4 -7.5e-4 -0.326906 -7.5e-4 -0.14925 -0.443391 7.5e-4 -0.14775 -0.443391 -7.5e-4 -0.14925 -0.451156 7.5e-4 -0.14925 -0.460049 0.01272696 -0.14925 -0.454562 0.005874991 -0.14925 -0.462328 0.005874991 -0.14925 -0.256414 0.09775 -0.14775 -0.257016 0.09924995 -0.007163941 -0.265164 0.09924995 -7.5e-4 -0.264781 0.09924995 -0.007163941 -0.257398 0.09924995 -7.5e-4 -0.272547 0.09924995 7.5e-4 -0.279769 0.09775 7.5e-4 -0.271984 0.09775 7.5e-4 -0.241484 7.5e-4 -7.5e-4 -0.241484 -7.5e-4 7.5e-4 -0.233719 7.5e-4 -0.06674998 -0.475769 0.08004099 -0.06674998 -0.480707 0.08554697 -0.06674998 -0.474749 0.08900195 7.5e-4 -0.25771 0.01372599 7.5e-4 -0.261187 0.006773948 7.5e-4 -0.252904 0.008959949 7.5e-4 -0.272547 7.5e-4 -7.5e-4 -0.272547 -7.5e-4 7.5e-4 -0.264781 7.5e-4 -0.03453099 -0.448621 -7.5e-4 -0.09333997 -0.07316899 -7.5e-4 -0.09808295 -0.06866198 -7.5e-4 -0.08946198 -0.06787598 -7.5e-4 -0.14775 -0.295844 -7.5e-4 -0.14775 -0.288078 -7.5e-4 -0.141725 -0.2948 -7.5e-4 -0.14775 -0.334672 -7.5e-4 -0.140143 -0.32986 -7.5e-4 -0.1408179 -0.335367 -7.5e-4 7.5e-4 -0.09067398 0.009152948 7.5e-4 -0.098365 0.007677972 7.5e-4 -0.09393799 7.5e-4 -0.139782 -0.2302989 -7.5e-4 -0.14775 -0.233719 -7.5e-4 -0.14775 -0.225953 -7.5e-4 -0.14925 -0.233719 7.5e-4 7.5e-4 -0.215224 0.008366942 7.5e-4 -0.213844 0.01451796 7.5e-4 -0.2196519 0.01476895 -0.14925 -0.264781 7.5e-4 -0.14925 -0.257016 7.5e-4 -0.14775 -0.264781 -7.5e-4 -0.14925 -0.264781 7.5e-4 -0.14925 -0.270695 0.007893979 -0.14925 -0.26436 0.009473979 -0.009906947 -0.207113 -7.5e-4 -7.5e-4 -0.202656 -7.5e-4 -7.5e-4 -0.210422 -7.5e-4 -0.14925 -0.176889 0.151329 -0.14925 -0.1834059 0.151028 -0.14925 -0.179491 0.1598449 -0.14775 -0.117234 -7.5e-4 -0.14925 -0.117234 7.5e-4 -0.14775 -0.1094689 -7.5e-4 -0.14124 -0.103996 -7.5e-4 -0.14775 -0.101703 -7.5e-4 -7.5e-4 -0.1094689 -7.5e-4 -7.5e-4 -0.101703 -7.5e-4 7.5e-4 -0.1094689 7.5e-4 -0.14925 -0.129211 0.042885 -0.14925 -0.1252869 0.03602999 -0.14925 -0.13332 0.038194 -0.14925 -0.117853 0.01097095 -0.14925 -0.1139219 0.00526297 -0.14925 -0.122977 0.006122946 -0.14925 -0.335246 0.07088595 -0.14925 -0.341479 0.07180595 -0.14925 -0.336281 0.078413 -0.138379 -0.16162 -7.5e-4 -0.143127 -0.166603 -7.5e-4 -0.143127 -0.158837 -7.5e-4 -0.14775 -0.202656 -7.5e-4 -0.14775 -0.210422 -7.5e-4 -0.14925 -0.202656 7.5e-4 -0.140114 -0.198245 -7.5e-4 -0.14775 -0.194891 -7.5e-4 -0.14925 -0.171594 7.5e-4 -0.14925 -0.163828 7.5e-4 -0.14775 -0.171594 -7.5e-4 -0.14925 -0.171594 7.5e-4 -0.14925 -0.179359 7.5e-4 -0.14925 -0.174735 0.007256984 -0.009460985 7.5e-4 0.176919 -7.5e-4 7.5e-4 0.173125 -0.009249985 7.5e-4 0.167964 -0.06674998 -0.427477 0.028328 -0.06674998 -0.422687 0.02437496 -0.06674998 -0.429659 0.02196198 7.5e-4 -0.474453 0.006812989 7.5e-4 -0.466688 7.5e-4 7.5e-4 -0.465824 0.007365942 7.5e-4 -0.179359 7.5e-4 -7.5e-4 -0.179359 -7.5e-4 7.5e-4 -0.171594 7.5e-4 7.5e-4 -0.194396 0.01290297 7.5e-4 -0.1985549 0.006552994 7.5e-4 -0.1907899 0.006552994 7.5e-4 -0.210422 7.5e-4 7.5e-4 -0.202656 7.5e-4 7.5e-4 -0.278527 0.04889094 7.5e-4 -0.283734 0.05134099 7.5e-4 -0.277797 0.043787 -0.14775 -0.02404695 -7.5e-4 -0.14925 -0.02404695 7.5e-4 -0.14775 -0.01628094 -7.5e-4 -0.136655 -0.01186496 -7.5e-4 -0.14205 -0.01517695 -7.5e-4 -0.14205 -0.005469977 -7.5e-4 7.5e-4 -0.173651 0.150146 7.5e-4 -0.179065 0.145844 7.5e-4 -0.172526 0.1447499 7.5e-4 -0.01238799 0.008421957 7.5e-4 -0.01628094 7.5e-4 7.5e-4 -0.008515954 7.5e-4 -0.14925 -0.04734396 7.5e-4 -0.14925 -0.03957796 7.5e-4 -0.14775 -0.04734396 -7.5e-4 -0.14925 -0.04734396 7.5e-4 -0.14925 -0.05510896 7.5e-4 -0.14925 -0.04947298 0.006574988 -0.114808 -0.39272 0.09924995 -0.11597 -0.400635 0.09924995 -0.110359 -0.396767 0.09924995 -0.01263296 7.5e-4 0.01658296 -0.01407295 7.5e-4 0.02379 -0.006529986 7.5e-4 0.01744997 -0.14925 -0.141769 0.030218 -0.14925 -0.134566 0.02573394 -0.14925 -0.140816 0.02097594 -7.5e-4 -0.03957796 -7.5e-4 7.5e-4 -0.03957796 7.5e-4 -7.5e-4 -0.04734396 -7.5e-4 -0.14775 -0.07840597 -7.5e-4 -0.14925 -0.07840597 7.5e-4 -0.14775 -0.07064098 -7.5e-4 7.5e-4 -0.345798 0.07897597 7.5e-4 -0.343091 0.08341896 7.5e-4 -0.349198 0.08460897 7.5e-4 -0.07840597 7.5e-4 7.5e-4 -0.08617198 7.5e-4 -7.5e-4 -0.07840597 -7.5e-4 7.5e-4 -0.06758195 0.08624899 7.5e-4 -0.07153397 0.093728 7.5e-4 -0.07564896 0.08687996 -0.14925 -0.160613 0.1799049 -0.14925 -0.161632 0.170719 -0.14925 -0.167379 0.179 7.5e-4 -0.132263 0.009952962 7.5e-4 -0.136391 0.005424976 7.5e-4 -0.128626 0.005424976 7.5e-4 -0.148297 7.5e-4 -7.5e-4 -0.148297 -7.5e-4 7.5e-4 -0.140531 7.5e-4 -0.14775 -0.140531 -7.5e-4 -0.14775 -0.148297 -7.5e-4 -0.14925 -0.140531 7.5e-4 -0.13758 -0.130792 -7.5e-4 -0.142801 -0.135515 -7.5e-4 -0.141178 -0.126381 -7.5e-4 -0.01144397 -0.142988 -7.5e-4 -7.5e-4 -0.140531 -7.5e-4 -0.14925 -0.117746 0.122876 -0.14925 -0.119682 0.116114 -0.14925 -0.124072 0.122882 -0.14925 -0.236083 0.011213 -0.14925 -0.2293879 0.01394599 -0.14925 -0.231732 0.006199955 -0.14925 -0.145763 0.007489979 -0.14925 -0.140531 7.5e-4 -0.14925 -0.148297 7.5e-4 -0.14925 -0.482219 7.5e-4 -0.14925 -0.489984 7.5e-4 -0.14925 -0.482219 0.006812989 -0.14775 -0.482219 -7.5e-4 -0.14925 -0.482219 7.5e-4 -0.14775 -0.474453 -7.5e-4 -0.1360509 -0.472159 -7.5e-4 -0.142152 -0.477157 -7.5e-4 -0.142152 -0.469391 -7.5e-4 -0.08620798 7.5e-4 0.073336 -0.07906496 7.5e-4 0.067923 -0.08543896 7.5e-4 0.06655597 7.5e-4 -0.159493 0.04676795 7.5e-4 -0.153465 0.04796195 7.5e-4 -0.157489 0.05341595 7.5e-4 -0.49775 0.04318797 7.5e-4 -0.489965 0.09775 -7.5e-4 -0.482219 0.09924995 -7.5e-4 -0.489984 0.09924995 -7.5e-4 -0.474453 0.09924995 -0.006321966 -0.481684 0.09924995 -7.5e-4 -0.474453 -7.5e-4 7.5e-4 -0.474453 7.5e-4 -7.5e-4 -0.482219 -7.5e-4 -0.07435595 -0.218183 -7.5e-4 -0.06896996 -0.213715 -7.5e-4 -0.06894695 -0.222817 -7.5e-4 7.5e-4 -0.474453 7.5e-4 7.5e-4 -0.482219 7.5e-4 -0.14625 -0.455059 0.07281798 -0.1361719 -0.455059 0.07281798 -0.138187 -0.460868 0.07138597 -7.5e-4 -0.396797 0.09924995 7.5e-4 -0.40433 0.09775 7.5e-4 -0.396545 0.09775 -7.5e-4 -0.350203 0.09924995 -0.007532 -0.347735 0.09924995 -0.103428 -0.01805496 -7.5e-4 -0.104582 -0.02528196 -7.5e-4 -0.110949 -0.02317994 -7.5e-4 -0.138854 -0.362511 0.09924995 -0.14775 -0.365734 0.09924995 -0.14775 -0.350203 0.09924995 -0.14925 -0.149334 0.167309 -0.14775 -0.381266 0.09924995 -0.1396369 -0.298578 0.09924995 -0.14775 -0.303609 0.09924995 -0.14925 -0.295844 7.5e-4 -0.14925 -0.303609 7.5e-4 -7.5e-4 -0.295844 0.09924995 -0.006212949 -0.291165 0.09924995 7.5e-4 -0.310909 0.09775 7.5e-4 -0.303124 0.09775 -0.14925 -0.385204 0.01369297 -0.14925 -0.385583 0.005775988 -0.14925 -0.392278 0.01239699 -7.5e-4 -0.357969 -7.5e-4 -7.5e-4 -0.350203 -7.5e-4 7.5e-4 -0.357969 7.5e-4 -7.5e-4 -0.389031 -7.5e-4 -7.5e-4 -0.381266 -7.5e-4 7.5e-4 -0.389031 7.5e-4 -7.5e-4 -0.396797 -7.5e-4 -0.007899999 -0.390689 -7.5e-4 7.5e-4 -0.349224 0.01083999 7.5e-4 -0.353438 0.005481958 7.5e-4 -0.343654 0.007007956 -0.04025799 7.5e-4 0.05684196 -0.04521399 7.5e-4 0.05410897 -0.04333496 7.5e-4 0.062873 7.5e-4 -0.393307 0.012546 7.5e-4 -0.392476 0.005600988 7.5e-4 -0.38561 0.01200497 7.5e-4 -0.136025 0.101171 7.5e-4 -0.143414 0.09840101 -0.14925 -0.350203 7.5e-4 -0.14775 -0.350203 -7.5e-4 -0.14925 -0.357969 7.5e-4 -0.08174997 -0.455059 0.07281798 -0.08981299 -0.455059 0.07281798 -0.08174997 -0.44925 0.07424998 -0.14925 -0.13731 0.08690595 -0.14925 -0.145126 0.086407 -0.14925 -0.142036 0.09277999 -0.14925 -0.389031 7.5e-4 7.5e-4 -0.303609 7.5e-4 -7.5e-4 -0.303609 -7.5e-4 7.5e-4 -0.295844 7.5e-4 7.5e-4 -0.293094 0.008724987 7.5e-4 -0.295844 7.5e-4 7.5e-4 -0.288078 7.5e-4 -0.008863985 -0.298578 -7.5e-4 -7.5e-4 -0.295844 -7.5e-4 -0.14925 -0.302089 0.007726967 -0.14925 -0.295844 7.5e-4 -0.14925 -0.303609 7.5e-4 -0.03127998 -0.22556 -7.5e-4 -0.03361397 -0.233546 -7.5e-4 -0.03813195 -0.227371 -7.5e-4 -0.03142297 -0.248647 -7.5e-4 7.5e-4 -0.258689 0.08614897 7.5e-4 -0.253715 0.09187495 7.5e-4 -0.2615 0.09187495 7.5e-4 -0.263903 0.08027195 7.5e-4 -0.255551 0.08092796 7.5e-4 -0.146273 0.140441 7.5e-4 -0.148209 0.147674 7.5e-4 -0.152541 0.141997 -0.14775 -0.435625 -7.5e-4 -0.14925 -0.435625 7.5e-4 -0.14925 -0.427859 7.5e-4 7.5e-4 -0.09583097 0.060202 7.5e-4 -0.09739595 0.06775599 7.5e-4 -0.102762 0.06390297 -0.14775 -0.451156 -7.5e-4 -0.14925 -0.458922 7.5e-4 -7.5e-4 -0.435625 -7.5e-4 7.5e-4 -0.435625 7.5e-4 -7.5e-4 -0.443391 -7.5e-4 7.5e-4 -0.427859 7.5e-4 -7.5e-4 -0.342438 -7.5e-4 -7.5e-4 -0.334672 -7.5e-4 7.5e-4 -0.342438 7.5e-4 -0.114199 -0.384017 0.006812989 -0.14775 -0.342438 -7.5e-4 -0.14925 -0.342438 7.5e-4 -0.0345 -0.455059 0.07281798 -0.04256194 -0.455059 0.07281798 -0.0345 -0.44925 0.07424998 -7.5e-4 -0.218188 -7.5e-4 7.5e-4 -0.218188 7.5e-4 -7.5e-4 -0.225953 -7.5e-4 -7.5e-4 -0.2492499 -7.5e-4 7.5e-4 -0.2492499 7.5e-4 -7.5e-4 -0.257016 -7.5e-4 -0.02535694 -0.27953 0.09924995 -0.03281897 -0.27534 0.09924995 -0.03307098 -0.28153 0.09924995 -0.14925 -0.272547 7.5e-4 -0.14775 -0.272547 -7.5e-4 7.5e-4 -0.199095 0.070562 7.5e-4 -0.198272 0.062689 7.5e-4 -0.192736 0.06856596 -0.14925 -0.241484 7.5e-4 7.5e-4 -0.125 7.5e-4 -7.5e-4 -0.125 -7.5e-4 7.5e-4 -0.117234 7.5e-4 -0.03753298 7.5e-4 0.150744 -0.03918898 7.5e-4 0.143153 -0.04403495 7.5e-4 0.149657 -0.14925 -0.09393799 7.5e-4 -0.14775 -0.09393799 -7.5e-4 -0.14925 -0.101703 7.5e-4 -0.02442198 -0.455059 0.07281798 -0.02643799 -0.460868 0.07138597 -0.14925 -0.179359 7.5e-4 -0.14775 -0.179359 -7.5e-4 -0.14925 -0.187125 7.5e-4 -0.14925 -0.350834 0.08629298 -0.14925 -0.344663 0.08541899 -0.14925 -0.348984 0.07971197 -7.5e-4 -0.194891 -7.5e-4 7.5e-4 -0.194891 7.5e-4 -0.14925 -0.178407 0.13852 -0.14925 -0.185447 0.138301 -0.14925 -0.180703 0.144351 -7.5e-4 -0.163828 -7.5e-4 -7.5e-4 -0.156063 -7.5e-4 7.5e-4 -0.163828 7.5e-4 -0.06674998 -0.48595 0.01836299 -0.06674998 -0.490399 0.02177494 -0.06674998 -0.484425 0.02377796 -0.14925 -0.01628094 7.5e-4 -0.14775 -0.008515954 -7.5e-4 -7.5e-4 -0.03181296 -7.5e-4 -7.5e-4 -0.02404695 -7.5e-4 7.5e-4 -0.03181296 7.5e-4 -0.14925 -0.05510896 7.5e-4 -0.14775 -0.05510896 -7.5e-4 -0.14925 -0.06287497 7.5e-4 7.5e-4 -0.06287497 7.5e-4 -7.5e-4 -0.06287497 -7.5e-4 7.5e-4 -0.05510896 7.5e-4 7.5e-4 -0.099424 0.1915 7.5e-4 -0.09317398 0.19775 -7.5e-4 -0.07064098 -7.5e-4 -0.121431 -0.302183 0.05531299 -0.125872 -0.310028 0.04924994 -0.14925 -0.08617198 7.5e-4 -0.14775 -0.132766 -7.5e-4 -0.02280598 -0.370128 0.04924994 -0.02280598 -0.370128 0.04318797 -7.5e-4 -0.132766 -7.5e-4 -0.129985 -0.2034 -7.5e-4 -0.1257759 -0.208263 -7.5e-4 -0.132495 -0.21026 -7.5e-4 -0.14925 -0.48218 0.09775 -0.14775 -0.482219 0.09924995 -0.14775 -0.474453 0.09924995 -0.14775 -0.49775 0.09924995 -0.14775 -0.489984 0.09924995 -0.14925 -0.49775 0.09775 7.5e-4 -0.489984 0.006812989 7.5e-4 -0.49775 7.5e-4 7.5e-4 -0.489984 7.5e-4 7.5e-4 -0.48218 0.09775 -0.14775 -0.49775 -7.5e-4 -0.14925 -0.49775 7.5e-4 -0.14775 -0.489984 -7.5e-4 -0.14925 -0.474453 7.5e-4 -0.14925 -0.466688 7.5e-4 7.5e-4 -0.489984 7.5e-4 7.5e-4 -0.49775 7.5e-4 -7.5e-4 -0.489984 -7.5e-4 -0.1316919 -0.09138298 -7.5e-4 -0.134805 -0.08671498 -7.5e-4 -0.126793 -0.08748 -7.5e-4 7.5e-4 -0.396797 7.5e-4 7.5e-4 -0.404563 7.5e-4 7.5e-4 -0.365734 7.5e-4 -0.14925 -0.3735 7.5e-4 -0.14775 -0.3735 -7.5e-4 -0.14925 -0.381266 7.5e-4 -0.02253496 -0.446983 -7.5e-4 -0.021604 -0.452287 -7.5e-4 -0.14775 -0.365734 -7.5e-4 -7.5e-4 -0.280313 -7.5e-4 7.5e-4 -0.280313 7.5e-4 -7.5e-4 -0.288078 -7.5e-4 -0.08174997 -0.474068 0.05226296 -0.08174997 -0.480817 0.05562597 -0.08174997 -0.479815 0.05002599 -0.14925 -0.296005 0.06656497 -0.14925 -0.301841 0.06998097 -0.14925 -0.293174 0.07336097 -0.14925 -0.256414 0.09775 -0.14925 -0.252308 0.09346801 -0.14925 -0.260098 0.09346896 -0.05878394 -0.128845 -7.5e-4 -0.06396496 -0.12383 -7.5e-4 -0.05597996 -0.122938 -7.5e-4 7.5e-4 -0.274297 0.08616 7.5e-4 -0.269285 0.09187495 7.5e-4 -0.27707 0.09187495 7.5e-4 -0.248629 0.09775 -7.5e-4 -0.2492499 0.09924995 7.5e-4 -0.256414 0.09775 7.5e-4 -7.5e-4 0.136188 7.5e-4 -0.005981981 0.1414819 7.5e-4 -0.009537994 0.135973 -0.136557 -0.284737 -7.5e-4 -0.1355749 -0.277401 -7.5e-4 -0.131233 -0.281199 -7.5e-4 7.5e-4 -0.489459 0.09043198 7.5e-4 -0.48218 0.09775 7.5e-4 -0.489965 0.09775 7.5e-4 -0.474395 0.09775 -0.14925 -0.380975 0.09775 -0.14925 -0.377899 0.09206497 -0.14925 -0.38486 0.09153997 7.5e-4 -0.393594 0.09047698 7.5e-4 -0.396545 0.09775 7.5e-4 -0.401175 0.092233 7.5e-4 -0.349834 0.09775 -7.5e-4 -0.342438 0.09924995 -0.14925 -0.353982 0.092157 -0.14925 -0.346197 0.092157 -0.14925 -0.442159 0.08708095 -0.14925 -0.4467 0.09262496 -0.14925 -0.437396 0.092278 7.5e-4 -0.457691 0.08761197 7.5e-4 -0.454485 0.09262496 7.5e-4 -0.46227 0.09262496 -0.06674998 -0.455059 0.07281798 -0.05868798 -0.455059 0.07281798 -0.06674998 -0.460868 0.07138597 -0.01031297 -0.455233 0.02497696 -0.009305 -0.44925 0.02497696 -0.01635897 -0.44925 0.02497696 -0.103922 -0.455059 0.07281798 -0.105938 -0.460868 0.07138597 -0.111984 -0.455059 0.07281798 -0.05157196 7.5e-4 0.03142899 -0.04910296 7.5e-4 0.03975099 -0.04508095 7.5e-4 0.03329098 7.5e-4 -0.295468 0.05937194 7.5e-4 -0.301524 0.06037396 7.5e-4 -0.300719 0.054425 -0.14925 -0.422493 0.086012 -0.14925 -0.421398 0.09225195 -0.14925 -0.415134 0.08669298 7.5e-4 -0.193541 0.1462489 7.5e-4 -0.186284 0.146467 7.5e-4 -0.187291 0.152499 7.5e-4 -0.412115 0.09775 -7.5e-4 -0.404563 0.09924995 7.5e-4 -0.4199 0.09775 7.5e-4 -0.427685 0.09775 7.5e-4 -0.420308 0.09193199 -0.14925 -0.07953399 0.02210497 -0.14925 -0.07574898 0.01524299 -0.14925 -0.08317399 0.01541799 -0.06674998 -0.41227 0.04524499 -0.06674998 -0.412563 0.03899097 -0.06674998 -0.418917 0.04408496 -0.128109 -0.455059 0.07281798 -0.130125 -0.460868 0.07138597 -0.08174997 -0.398779 0.03712499 -0.08174997 -0.40723 0.03588795 -0.08174997 -0.398779 0.03106296 -0.08174997 -0.427654 0.01535898 -0.08174997 -0.425809 0.008196949 -0.08174997 -0.419621 0.014274 -0.08174997 -0.430384 0.02309 -0.08174997 -0.434773 0.01574498 -0.14925 -0.277649 0.05810797 -0.14925 -0.284772 0.056288 -0.14925 -0.281645 0.064049 7.5e-4 -0.243342 0.08647197 7.5e-4 -0.24819 0.08068799 7.5e-4 -0.240531 0.08076298 -0.133309 -0.156534 -7.5e-4 -0.133424 -0.1644189 -7.5e-4 -0.106938 -0.189477 -7.5e-4 -0.114568 -0.18703 -7.5e-4 -0.107648 -0.182133 -7.5e-4 -0.1046169 -0.197794 -7.5e-4 -0.099303 -0.192867 -7.5e-4 -0.06674998 -0.435893 7.5e-4 -0.06674998 -0.434644 0.006806969 -0.06674998 -0.429707 7.5e-4 7.5e-4 -0.337974 0.01324498 -0.07342499 -0.192699 -7.5e-4 -0.081173 -0.192779 -7.5e-4 -0.07911199 -0.185854 -7.5e-4 7.5e-4 -0.48233 0.01368999 7.5e-4 -0.475437 0.01463198 7.5e-4 -0.479926 0.01860398 7.5e-4 -0.463914 0.01310294 7.5e-4 -0.470149 0.01137495 -7.5e-4 7.5e-4 0.1485 -0.007074952 7.5e-4 0.148605 -7.5e-4 7.5e-4 0.1546559 7.5e-4 -0.03985095 0.091946 7.5e-4 -0.04269999 0.08478295 7.5e-4 -0.03605699 0.08674496 -0.125694 -0.370128 0.04924994 -0.125694 -0.370128 0.05531299 -0.119946 -0.377073 0.04924994 -0.14925 -0.1174049 0.06632095 -0.14925 -0.1228229 0.06238895 -0.14925 -0.121972 0.06968796 -0.04108297 -0.05795699 -7.5e-4 -0.04831099 -0.09618097 -7.5e-4 -0.05351895 -0.09785795 -7.5e-4 -0.04912894 -0.09020698 -7.5e-4 -0.125694 -0.370128 0.02499997 -0.125694 -0.370128 0.03106296 -0.119946 -0.377073 0.02499997 7.5e-4 -0.357287 0.04318195 7.5e-4 -0.364784 0.04324299 7.5e-4 -0.361421 0.03903698 -0.14925 -0.05402696 0.113444 -0.14925 -0.04696899 0.113562 -0.14925 -0.04893898 0.107469 -0.08174997 -0.413055 0.07725697 -0.08174997 -0.417375 0.08350396 -0.08174997 -0.419296 0.07867199 7.5e-4 -0.230102 0.02201098 7.5e-4 -0.223282 0.02015 7.5e-4 -0.225951 0.02723097 -0.14925 -0.293994 0.02760595 -0.14925 -0.287571 0.02740395 -0.14925 -0.290303 0.02219498 7.5e-4 -0.042548 0.166989 7.5e-4 -0.04428297 0.160853 7.5e-4 -0.03728497 0.163733 7.5e-4 -0.05055296 0.141635 7.5e-4 -0.04858398 0.1481389 7.5e-4 -0.05571597 0.145472 7.5e-4 -0.278567 0.08151495 7.5e-4 -0.275161 0.07352298 7.5e-4 -0.272101 0.08022797 -0.14925 -0.104695 0.02898699 -0.14925 -0.109047 0.02342599 -0.14925 -0.111944 0.03136599 -0.14925 -0.118353 0.051826 -0.14925 -0.116379 0.04540497 -0.14925 -0.123519 0.04719996 -0.092372 -0.457877 -7.5e-4 -0.08786296 -0.452183 -7.5e-4 -0.08324998 -0.455023 -7.5e-4 -0.03299999 -0.49775 -7.5e-4 -0.03894996 -0.490526 -7.5e-4 -0.03294998 -0.490285 -7.5e-4 -0.14925 -0.359048 0.075378 -0.14925 -0.353568 0.07401496 7.5e-4 -0.1303859 0.171774 7.5e-4 -0.134307 0.177554 7.5e-4 -0.137171 0.170716 -0.08174997 -0.475344 0.08023899 -0.08174997 -0.469952 0.077232 -0.08174997 -0.469873 0.08369797 -0.129999 -0.21206 0.13644 -0.129081 -0.217076 0.131424 -0.1231549 -0.216285 0.132215 7.5e-4 -0.195564 0.02824199 7.5e-4 -0.201478 0.024414 7.5e-4 -0.192713 0.02178198 7.5e-4 -0.174681 0.02809596 7.5e-4 -0.180648 0.024405 7.5e-4 -0.172995 0.02201199 -0.09210497 -0.114268 -7.5e-4 -0.096529 -0.108846 -7.5e-4 -0.08795797 -0.107965 -7.5e-4 -0.01031297 -0.465828 0.03053694 -0.009305 -0.460531 0.02775698 -0.01635897 -0.460531 0.02775698 7.5e-4 -0.187472 0.07138299 7.5e-4 -0.185394 0.06467396 -7.5e-4 7.5e-4 0.013062 -7.5e-4 7.5e-4 0.006905972 -0.006166994 7.5e-4 0.01187098 -0.14925 -0.410604 0.01975399 -0.14925 -0.409434 0.02868598 -0.14925 -0.403248 0.022798 -0.14925 -0.190155 0.01555699 -0.14925 -0.18386 0.01461195 -0.14925 -0.188484 0.008087992 -0.14925 -0.1627939 0.01378798 -0.14925 -0.170123 0.01378995 -0.14925 -0.165948 0.02029395 -0.05807697 -0.396322 0.04924994 -0.04940396 -0.393864 0.04318797 -0.06031197 -0.396955 0.04318797 7.5e-4 -0.184568 0.08819496 7.5e-4 -0.1888099 0.08307796 7.5e-4 -0.181098 0.08377796 -0.14925 -0.36864 0.02674096 -0.14925 -0.375241 0.02744197 -0.14925 -0.370113 0.033279 -0.14925 -0.128009 0.157414 -0.14925 -0.134862 0.152731 -0.14925 -0.1358979 0.159391 7.5e-4 -0.100495 0.07537496 7.5e-4 -0.10541 0.07178497 7.5e-4 -0.396028 0.02421295 7.5e-4 -0.394998 0.01829898 7.5e-4 -0.389943 0.02520298 7.5e-4 -0.132091 0.02037096 7.5e-4 -0.138547 0.02065098 7.5e-4 -0.135801 0.01495498 7.5e-4 -0.115621 0.10138 7.5e-4 -0.10737 0.101815 7.5e-4 -0.110694 0.10732 -0.14925 -0.07631599 0.06246399 -0.14925 -0.06765198 0.06413996 -0.14925 -0.07256495 0.05771797 -0.01344096 -0.250308 -7.5e-4 -0.01115494 -0.242071 -7.5e-4 -0.006881952 -0.250076 -7.5e-4 -0.09585899 -0.455059 0.07281798 -0.09787499 -0.460868 0.07138597 7.5e-4 -0.05026996 0.08779096 7.5e-4 -0.04913699 0.08084696 -0.01635897 -0.455059 0.07281798 -0.01837497 -0.460868 0.07138597 -0.03395795 -0.02484095 -7.5e-4 -0.03545898 -0.01782298 -7.5e-4 -0.029302 -0.01829195 -7.5e-4 -0.14925 -0.104375 0.117157 -0.14925 -0.10585 0.110784 -0.14925 -0.112121 0.115661 -0.02262794 -0.310028 0.08562499 -0.03248399 -0.44925 0.02497696 -0.02442198 -0.44925 0.02497696 -0.02643799 -0.443267 0.02497696 -0.14925 -0.16886 0.149486 -0.14925 -0.171497 0.15749 -0.14925 -0.164382 0.1551949 -0.06674998 -0.44925 0.02497696 -0.05868798 -0.44925 0.02497696 -0.06674998 -0.443267 0.02497696 -0.114 -0.44925 0.02497696 -0.105938 -0.44925 0.02497696 -0.114 -0.443267 0.02497696 -0.08174997 -0.473007 7.5e-4 -0.08174997 -0.477398 0.008196949 -0.08174997 -0.479193 7.5e-4 -0.124078 -0.44925 0.02497696 -0.122063 -0.455233 0.02497696 -0.06674998 -0.46304 0.007153987 -0.06674998 -0.471348 0.008750975 -0.06674998 -0.465593 0.01298397 -0.1321409 -0.44925 0.02497696 -0.130125 -0.455233 0.02497696 -0.04062497 -0.224336 0.124164 -0.04054796 -0.229441 0.119059 -0.03461897 -0.22799 0.12051 -0.04457795 -0.44925 0.02497696 -0.05264097 -0.44925 0.02497696 -0.05062496 -0.455233 0.02497696 -0.05545997 -0.186669 0.161831 -0.06227594 -0.186533 0.161967 -0.06041496 -0.190392 0.1581079 7.5e-4 -0.163751 0.09538996 7.5e-4 -0.157271 0.09546899 7.5e-4 -0.163614 0.102312 -0.08174997 -0.472625 0.04038494 -0.08174997 -0.469227 0.03546094 -0.08981299 -0.472625 0.04038494 -0.138563 7.5e-4 0.013062 -0.14775 7.5e-4 0.111563 -0.142576 7.5e-4 0.1086789 -0.14775 7.5e-4 0.105406 -0.08174997 -0.429273 0.03546094 -0.09182798 -0.429273 0.03546094 -0.08981299 -0.432672 0.03053694 7.5e-4 -0.02119797 0.008886992 7.5e-4 -0.02404695 7.5e-4 -0.0345 -0.472625 0.04038494 -0.0345 -0.469227 0.03546094 -0.04256296 -0.472625 0.04038494 -0.05920296 -0.49925 0.09168797 -0.05345398 -0.49925 0.092045 -0.05718797 -0.49925 0.09775 -0.0345 -0.429273 0.03546094 -0.04256194 -0.429273 0.03546094 -0.0345 -0.432672 0.03053694 -0.009906947 -0.191581 -7.5e-4 -0.01713699 -0.1928009 -7.5e-4 -0.01759397 -0.186393 -7.5e-4 -0.14925 -0.160363 0.147872 -0.14925 -0.150389 0.152272 -0.14925 -0.154888 0.14327 -0.107651 -0.49925 0.08781796 -0.10391 -0.49925 0.09320396 -0.111972 -0.49925 0.09320396 -0.107438 -0.49925 7.5e-4 -0.107438 -0.49775 -7.5e-4 -0.099375 -0.49925 7.5e-4 -0.01031297 -0.469227 0.03546094 -0.01031297 -0.472625 0.04038494 -0.002249956 -0.469227 0.03546094 -0.14775 -0.272547 0.09924995 7.5e-4 -0.46627 0.07059198 7.5e-4 -0.466341 0.07663697 7.5e-4 -0.471212 0.07275199 -0.02643799 -0.429273 0.03546094 -0.0345 -0.425875 0.04038494 -0.06674998 -0.429273 0.03546094 -0.05868798 -0.429273 0.03546094 -0.06674998 -0.425875 0.04038494 -0.14925 -0.25686 0.01222997 -0.14925 -0.262158 0.016541 -0.14925 -0.256226 0.01924794 -0.107438 -0.49775 0.09924995 -0.107438 -0.49925 0.09775 -0.099375 -0.49775 0.09924995 -0.09327596 -0.490993 0.09924995 -0.091313 -0.49775 0.09924995 -0.114 -0.469227 0.03546094 -0.103922 -0.469227 0.03546094 -0.105938 -0.465828 0.03053694 -0.08174997 -0.437893 0.022394 -0.08174997 -0.443267 0.02497696 -0.08174997 -0.444298 0.01826798 -0.129088 -0.452449 -7.5e-4 -0.123513 -0.454563 -7.5e-4 -0.129021 -0.459983 -7.5e-4 -0.122063 -0.472625 0.04038494 -0.114 -0.472625 0.04038494 -0.122063 -0.469227 0.03546094 -0.104394 7.5e-4 0.08508598 -0.098073 7.5e-4 0.08283895 -0.102414 7.5e-4 0.078444 -0.04106295 -0.49925 0.09775 -0.04106295 -0.49775 0.09924995 -0.04912495 -0.49925 0.09775 -0.114 -0.429273 0.03546094 -0.105938 -0.429273 0.03546094 -0.114 -0.425875 0.04038494 -0.14925 -0.320885 0.07778298 -0.14925 -0.313358 0.079499 -0.114199 -0.384017 0.04924994 -0.114199 -0.384017 0.05531299 -0.106647 -0.388941 0.04924994 -0.04912495 -0.49775 -7.5e-4 -0.04106295 -0.49775 -7.5e-4 -0.04912495 -0.49925 7.5e-4 -0.124078 -0.429273 0.03546094 -0.122063 -0.432672 0.03053694 -0.1321409 -0.429273 0.03546094 -0.130125 -0.432672 0.03053694 -0.14925 -0.28284 0.09200996 -0.14925 -0.277128 0.08683395 -0.14925 -0.28282 0.08315896 -0.03770995 -0.49925 0.011931 -0.04441499 -0.49925 0.005530953 -0.03397697 -0.49925 0.005983948 -0.04308396 -0.1498799 -7.5e-4 -0.03749096 -0.154162 -7.5e-4 -0.04270195 -0.157813 -7.5e-4 -0.09585899 -0.469227 0.03546094 -0.09787499 -0.465828 0.03053694 -0.14925 -0.03151899 0.1530719 -0.14925 -0.03865599 0.157382 -0.14925 -0.03194099 0.1610119 -0.099891 -0.429273 0.03546094 -0.09787499 -0.432672 0.03053694 -0.14925 -0.287686 0.05000996 -0.14925 -0.278116 0.05129295 -0.138563 7.5e-4 0.06231194 -0.140101 -0.481235 0.09924995 -0.02039098 -0.429273 0.03546094 -0.135262 -0.109013 -7.5e-4 -0.127731 -0.1069599 -7.5e-4 -0.129076 -0.114179 -7.5e-4 -0.02442198 -0.469227 0.03546094 -0.01635897 -0.469227 0.03546094 -0.01837497 -0.465828 0.03053694 -7.5e-4 7.5e-4 0.03153097 -7.5e-4 7.5e-4 0.02537494 -0.01046198 7.5e-4 0.03030496 -0.1321409 -0.460531 0.02775698 -0.138187 -0.460531 0.02775698 -0.138187 -0.465828 0.03053694 -0.08086895 -0.113319 -7.5e-4 -0.08663797 -0.117347 -7.5e-4 7.5e-4 -0.02243596 0.1560699 7.5e-4 -0.03001099 0.152402 7.5e-4 -0.02456295 0.146925 -0.08174997 -0.460531 0.02775698 -0.09182798 -0.460531 0.02775698 -0.08981299 -0.465828 0.03053694 7.5e-4 -0.303106 0.07384496 7.5e-4 -0.29589 0.07910495 7.5e-4 -0.301606 0.08177399 7.5e-4 -0.1412709 0.123225 7.5e-4 -0.144719 0.117406 7.5e-4 -0.138033 0.11721 -0.04391795 -0.482293 0.09924995 -0.04484999 -0.490419 0.09924995 -0.03823494 -0.485265 0.09924995 -0.14925 -0.3058 0.08050298 -0.14925 -0.302187 0.08573698 -0.14925 -0.296478 0.07980597 7.5e-4 -0.136112 0.140945 7.5e-4 -0.14095 0.138342 7.5e-4 -0.13602 0.135047 -0.047333 7.5e-4 0.143509 -0.04334795 7.5e-4 0.1380929 -0.04942095 7.5e-4 0.136966 -0.14351 -0.353514 0.09924995 -0.14925 -0.069045 0.112995 -0.14925 -0.07224595 0.10492 -0.14925 -0.07718497 0.109966 -0.142952 -0.493425 0.09924995 -0.141739 -0.48695 0.09924995 -0.116016 -0.460531 0.02775698 -0.124078 -0.460531 0.02775698 -0.122063 -0.465828 0.03053694 -0.022906 -0.412252 -7.5e-4 -0.030303 -0.414181 -7.5e-4 -0.02967995 -0.407965 -7.5e-4 -0.02111899 -0.492104 -7.5e-4 -0.01687496 -0.49775 -7.5e-4 -0.02493798 -0.49775 -7.5e-4 -0.14925 -0.09993696 0.142131 -0.14925 -0.10439 0.136757 -0.14925 -0.108748 0.142321 -0.103922 -0.460531 0.02775698 -0.09787499 -0.460531 0.02775698 -0.09787499 -0.455233 0.02497696 -0.121816 -0.238822 0.109678 -0.1289319 -0.2413139 0.107186 -0.1201879 -0.243 0.1055 -0.05667197 -0.460531 0.02775698 -0.05062496 -0.460531 0.02775698 -0.02442198 -0.460531 0.02775698 -0.01837497 -0.455233 0.02497696 -0.01687496 -0.49925 7.5e-4 -0.02493798 -0.49925 7.5e-4 7.5e-4 -0.04222095 0.06899797 7.5e-4 -0.03777098 0.074449 7.5e-4 -0.04284697 0.07767397 -0.138187 -0.426554 0.05785799 -0.138187 -0.428675 0.063452 -0.14625 -0.426554 0.05785799 -0.114199 -0.384017 0.02499997 -0.114199 -0.384017 0.03106296 -0.106647 -0.388941 0.02499997 -0.08174997 -0.426554 0.05785799 -0.08981299 -0.426554 0.05785799 -0.08174997 -0.424432 0.05226296 -0.122954 -0.233258 -7.5e-4 -0.119019 -0.239334 -7.5e-4 -0.126203 -0.238122 -7.5e-4 -0.08174997 -0.471946 0.05785799 -0.08981299 -0.471946 0.05785799 -0.08174997 -0.469825 0.063452 -0.0345 -0.469825 0.063452 -0.0345 -0.471946 0.05785799 -0.04256296 -0.469825 0.063452 -0.13409 -0.492688 -7.5e-4 -0.1316249 -0.49775 0.09924995 -0.123563 -0.49775 0.09924995 -0.125229 -0.491845 0.09924995 7.5e-4 -0.357834 0.06064397 7.5e-4 -0.35944 0.05513799 7.5e-4 -0.351458 0.05445897 -0.1316249 -0.49925 7.5e-4 -0.139688 -0.49925 7.5e-4 -0.1316249 -0.49775 -7.5e-4 -0.1316249 -0.49925 0.09775 -0.114453 -0.433761 0.09924995 -0.114153 -0.425092 0.09924995 -0.121802 -0.428274 0.09924995 -0.08324998 -0.49775 -7.5e-4 -0.08324998 -0.49925 7.5e-4 -0.091313 -0.49775 -7.5e-4 -0.099375 -0.49925 0.09775 -0.13077 -0.01458197 0.19925 -0.136571 -0.01361495 0.19925 -0.136727 -0.01996397 0.19925 -0.06524997 -0.49775 0.09924995 -0.06524997 -0.49925 0.09775 -0.05718797 -0.49775 0.09924995 -0.132053 -0.483158 0.09924995 -0.128397 -0.478225 0.09924995 -0.008812963 -0.49925 7.5e-4 -0.008812963 -0.49775 -7.5e-4 -0.01687496 -0.49775 0.09924995 -0.02493798 -0.49775 0.09924995 -0.01687496 -0.49925 0.09775 7.5e-4 -0.299605 0.092785 7.5e-4 -0.303221 0.08842498 7.5e-4 -0.296085 0.08781999 -0.1155 -0.49775 -7.5e-4 -0.1155 -0.49925 7.5e-4 -0.123563 -0.49775 -7.5e-4 -0.007925987 -0.135812 -7.5e-4 -0.139688 -0.49925 0.09775 -0.14925 -0.262568 0.02386295 -0.14925 -0.268941 0.021622 -0.14925 -0.459494 0.01822596 -0.14925 -0.453866 0.01700997 -0.08174997 -0.455059 0.07281798 -0.08174997 -0.44925 0.07424998 -0.08174997 -0.458097 0.07806497 -0.14925 -0.08688497 0.03389096 -0.14925 -0.08215796 0.04125899 -0.14925 -0.08005595 0.033167 -0.140223 -0.49925 0.052293 -0.139954 -0.49925 0.04466599 -0.133556 -0.49925 0.04851496 -0.132543 -0.49925 0.06142497 -0.132385 -0.49925 0.06823295 -0.117991 -0.440771 0.09924995 -0.117715 -0.447118 0.09924995 -0.112253 -0.441273 0.09924995 -0.06674998 -0.458792 0.01926696 -0.06674998 -0.45243 0.01436698 -0.06674998 -0.458447 0.01254898 7.5e-4 -0.222739 0.008019983 7.5e-4 -0.228798 0.005292952 7.5e-4 -0.225953 7.5e-4 -0.113508 -0.110433 -7.5e-4 -0.111697 -0.117846 -7.5e-4 -0.1173689 -0.116795 -7.5e-4 -0.03914195 7.5e-4 0.02847099 -0.03168499 -0.05126798 -7.5e-4 -0.03389996 -0.05807596 -7.5e-4 -0.03957897 -0.05094695 -7.5e-4 -7.5e-4 -0.311375 0.09924995 -0.00594598 -0.312787 0.09924995 -0.12178 -0.290088 0.09924995 -0.128371 -0.290464 0.09924995 -0.123077 -0.295461 0.09924995 -0.1364949 -0.304984 -7.5e-4 -0.135908 -0.297908 -7.5e-4 -0.12871 -0.303552 -7.5e-4 -0.09920096 -0.254845 -7.5e-4 -0.09897398 -0.261559 -7.5e-4 -0.106082 -0.257343 -7.5e-4 -0.05130898 -0.127689 -7.5e-4 -0.04647797 -0.120566 -7.5e-4 -0.079104 -0.121576 -7.5e-4 -0.07457798 -0.117343 -7.5e-4 -0.07258796 -0.125605 -7.5e-4 -0.01447695 -0.395259 -7.5e-4 -0.01842498 -0.401826 -7.5e-4 -0.02122294 -0.393831 -7.5e-4 -0.023763 -0.39949 -7.5e-4 -0.029796 -0.401513 -7.5e-4 -0.02671897 -0.392178 -7.5e-4 -0.02419197 -0.473955 -7.5e-4 -0.03251796 -0.4761 -7.5e-4 7.5e-4 -0.01597398 0.16693 7.5e-4 -0.01604396 0.173138 7.5e-4 -0.02377396 0.169954 7.5e-4 -0.01532095 0.153325 7.5e-4 -0.007657945 0.149208 7.5e-4 -0.01018899 0.1563079 -0.14925 -0.155206 0.130569 -0.14925 -0.15254 0.1368049 -0.14925 -0.148311 0.130461 -0.06674998 -0.441366 0.07976996 -0.06674998 -0.443441 0.07281798 -0.06674998 -0.449004 0.08012497 -0.06674998 -0.425071 0.08249098 -0.06674998 -0.427253 0.07666099 -0.06674998 -0.432053 0.08204299 -0.06674998 -0.4055 0.068313 -0.06674998 -0.398779 0.067438 -0.06674998 -0.405346 0.06218999 -0.01595497 -0.353452 0.02499997 -0.01595497 -0.353452 0.03106296 -0.01516199 -0.344473 0.02499997 -0.14925 -0.223761 0.04134696 -0.14925 -0.232339 0.04303896 -0.14925 -0.227851 0.04918295 -0.14925 -0.239548 0.04240196 -0.14925 -0.2459779 0.04365098 -0.130822 -0.469566 0.09924995 -0.14925 -0.4199 0.09775 -0.14925 -0.427685 0.09775 7.5e-4 -0.02253895 0.184219 7.5e-4 -0.02362495 0.193265 7.5e-4 -0.02866297 0.190544 -0.14775 7.5e-4 0.08693796 -0.142605 7.5e-4 0.08405399 -0.14775 7.5e-4 0.08078098 7.5e-4 -0.01525497 0.179856 7.5e-4 -0.008495986 0.176156 -0.04636597 -0.01245796 -7.5e-4 -0.04512095 -0.02045196 -7.5e-4 -0.05018597 -0.016698 -7.5e-4 -0.08174997 -0.449934 0.08593797 -0.08174997 -0.456126 0.08637797 -0.06674998 -0.460636 0.09775 -0.06674998 -0.460882 0.09187495 -0.06674998 -0.466822 0.09775 -0.102857 -0.205362 -7.5e-4 -0.1085489 -0.209506 -7.5e-4 -0.111153 -0.203272 -7.5e-4 -0.08174997 -0.435893 7.5e-4 -0.08174997 -0.438181 0.008196949 -0.08174997 -0.442079 7.5e-4 7.5e-4 -0.335211 0.04176396 7.5e-4 -0.342319 0.044191 7.5e-4 -0.340047 0.03786796 -0.06674998 -0.412054 0.01281994 -0.06674998 -0.413469 0.006440997 -0.14925 -0.157845 0.155734 -0.125694 -0.392648 0.09924995 -0.123193 -0.3983 0.09924995 -0.120244 -0.392274 0.09924995 -0.06674998 -0.443267 0.02497696 -0.06674998 -0.447577 0.019409 -0.06674998 -0.44925 0.02497696 -0.14925 -0.45025 0.01115697 -0.14925 -0.443038 0.01098799 -0.14925 -0.446797 0.005874991 -0.14925 -0.365853 0.08611196 -0.14925 -0.373576 0.08481097 -0.14925 -0.369552 0.092157 -0.002249956 -0.426554 0.05785799 -0.01031297 -0.426554 0.05785799 -0.002249956 -0.424432 0.05226296 -0.08174997 -0.411581 0.01331597 -0.08174997 -0.413431 0.02045297 -0.08174997 -0.412455 0.0327 -0.08174997 -0.416235 0.02757698 -0.08174997 -0.40704 0.02608698 -0.114199 -0.384017 0.018938 -0.14925 -0.262634 0.03736096 -0.14925 -0.257139 0.04141396 -0.14925 -0.256404 0.03331398 -0.14925 -0.246102 0.06393897 -0.14925 -0.239572 0.06223595 -0.14925 -0.246568 0.05812197 -0.08174997 -0.411589 0.08515995 -0.08174997 -0.417336 0.09168797 -0.08174997 -0.398779 0.08562499 -0.08174997 -0.404965 0.08562499 -0.08174997 -0.398779 0.07956296 -0.08174997 -0.41115 7.5e-4 -0.08174997 -0.41115 0.006812989 -0.08174997 -0.417336 7.5e-4 -0.08174997 -0.42593 0.09016698 -0.08174997 -0.429617 0.08326196 -0.08174997 -0.423166 0.08397299 -0.06674998 -0.448639 0.08924698 -0.06674998 -0.44291 0.08577799 -0.14925 -0.36225 0.03234899 -0.14925 -0.360195 0.02466595 7.5e-4 -0.03315198 0.122896 7.5e-4 -0.03705495 0.117339 7.5e-4 -0.03051698 0.115938 -0.126792 -0.405053 0.09924995 -0.119967 -0.405874 0.09924995 -0.129627 -0.399021 0.09924995 -0.134055 -0.405502 0.09924995 -0.0223 -0.465464 -7.5e-4 -0.00582695 -0.240073 -7.5e-4 7.5e-4 -0.22165 0.06841897 7.5e-4 -0.217827 0.07334595 7.5e-4 -0.222277 0.07616996 -0.134132 -0.335493 0.006812989 -0.100161 -0.268268 -7.5e-4 -0.104369 -0.263754 -7.5e-4 -0.134132 -0.335493 0.06137496 -0.133147 -0.33095 0.06857395 -0.134132 -0.335493 0.067438 -0.09095996 -0.2274489 0.121051 -0.09887498 -0.228235 0.120265 -0.09323596 -0.231377 0.117123 7.5e-4 -0.469552 0.01692998 7.5e-4 -0.49775 0.01287496 7.5e-4 -0.489984 0.01287496 7.5e-4 -0.49775 0.018938 -0.132145 -0.301749 0.09924995 -0.140127 -0.307078 0.09924995 -0.1334199 -0.309949 0.09924995 -0.005952 -0.291341 -7.5e-4 -0.141703 -0.49925 0.09168797 -0.135908 -0.49925 0.09396195 -0.139688 -0.49925 0.09775 -0.03997296 -0.03851497 -7.5e-4 -0.04583299 -0.04078894 -7.5e-4 -0.04659098 -0.03391796 -7.5e-4 -0.14925 -0.15928 0.138647 -0.105561 -0.167968 -7.5e-4 -0.09751695 -0.163976 -7.5e-4 -0.09905695 -0.17166 -7.5e-4 7.5e-4 -0.03739398 0.08100897 -0.14925 -0.120337 0.03083896 -0.14925 -0.1289629 0.03102695 -0.14925 -0.184216 0.07852995 -0.14925 -0.188985 0.08298897 -0.14925 -0.182986 0.08574199 -0.123057 -0.26088 0.09924995 -0.130616 -0.261892 0.09924995 -0.123984 -0.268628 0.09924995 -0.14925 -0.127577 0.02133297 -0.14925 -0.119982 0.019315 -0.01666694 -0.171735 0.176765 -0.02777296 -0.174562 0.173938 -0.02056998 -0.177758 0.170742 -0.02555698 -0.49925 0.080109 -0.026923 -0.49925 0.08603495 -0.03275597 -0.49925 0.08074498 7.5e-4 -0.168126 0.03572797 7.5e-4 -0.173762 0.03399699 7.5e-4 -0.167135 0.02794098 7.5e-4 -0.04937899 0.01833599 7.5e-4 -0.05458098 0.02154195 7.5e-4 -0.05284297 0.01319199 -0.14925 -0.04308998 0.126099 -0.14925 -0.03429597 0.128958 -0.14925 -0.03706496 0.12243 7.5e-4 -0.09250795 0.05284798 7.5e-4 -0.09911495 0.049353 7.5e-4 -0.093939 0.04567199 7.5e-4 -0.289682 0.08366698 7.5e-4 -0.283332 0.07754099 7.5e-4 -0.28303 0.085877 -0.134584 -0.395803 -7.5e-4 -0.127981 -0.395441 -7.5e-4 -0.1341339 -0.401844 -7.5e-4 7.5e-4 -0.306591 0.04215699 7.5e-4 -0.300703 0.04368597 7.5e-4 -0.306987 0.04831999 7.5e-4 -0.318613 0.03517198 7.5e-4 -0.324176 0.028665 7.5e-4 -0.316286 0.02553397 7.5e-4 -0.415766 0.01258397 7.5e-4 -0.423267 0.01287198 7.5e-4 -0.417595 0.006216943 -0.02104794 -0.370102 0.09924995 -0.02678298 -0.377263 0.09924995 -0.02134299 -0.37794 0.09924995 -0.01075798 -0.402662 0.09924995 -0.006608963 -0.412034 0.09924995 -0.14925 -0.190951 0.05159896 -0.14925 -0.189363 0.04641199 -0.14925 -0.196337 0.04867094 -0.14925 -0.126494 0.07330399 -0.14925 -0.12152 0.075832 -0.09911197 -0.275875 -7.5e-4 -0.14925 -0.06220799 0.18961 -0.14925 -0.05620497 0.19775 -0.14925 -0.05296599 0.18961 -0.14925 -0.1796759 0.05195498 -0.14925 -0.17656 0.05762696 -0.14925 -0.1739 0.05096197 -0.008812963 -0.49925 7.5e-4 -0.006909966 -0.49925 0.006851971 -0.01300799 -0.49925 0.005848944 7.5e-4 -0.087987 0.04502397 7.5e-4 -0.08194696 0.04407095 7.5e-4 -0.08586496 0.05161696 -0.106247 -0.156566 -7.5e-4 -0.09894096 -0.1572 -7.5e-4 -0.103821 -0.161853 -7.5e-4 -0.128056 -0.222147 -7.5e-4 -0.121803 -0.219437 -7.5e-4 -0.123054 -0.226918 -7.5e-4 -0.07424998 -0.2492499 0.09924995 -0.07884401 -0.256375 0.09924995 -0.06965595 -0.256375 0.09924995 -0.09239399 -0.280487 0.09924995 -0.08791595 -0.271994 0.09924995 -0.09351295 -0.272833 0.09924995 -0.06517797 -0.279119 0.09924995 -0.06058496 -0.271994 0.09924995 -0.07053798 -0.27133 0.09924995 -0.06521296 -0.263803 0.09924995 -0.06046897 -0.256375 0.09924995 -0.14925 -0.260194 0.06494599 -0.14925 -0.260157 0.07245695 -0.14925 -0.251609 0.06834197 -0.03700697 -0.49925 0.02257597 -0.04222899 -0.49925 0.02545595 -0.04061698 -0.49925 0.01735597 -0.06524997 -0.430607 0.09924995 -0.06524997 -0.436711 0.09924995 -0.05998897 -0.432319 0.09924995 7.5e-4 -0.02069199 0.06834501 7.5e-4 -0.01539498 0.07242 7.5e-4 -0.02154695 0.07511895 -0.02537399 -0.252036 -7.5e-4 -0.02293395 -0.256932 -7.5e-4 -0.05876696 -0.169157 -7.5e-4 -0.05371296 -0.165591 -7.5e-4 -0.05433899 -0.173591 -7.5e-4 -0.14925 -0.183317 0.05909699 -0.14925 -0.18909 0.05734795 -0.130313 -0.317873 0.04924994 -0.130313 -0.317873 0.05531299 -0.14925 -0.216582 0.016644 -0.14925 -0.220212 0.02566897 -0.14925 -0.213605 0.02553898 -0.02526897 -0.189658 -7.5e-4 -0.03024095 -0.185077 -7.5e-4 -0.02411097 -0.181805 -7.5e-4 -0.138563 7.5e-4 0.173125 -0.135973 7.5e-4 0.179305 -0.04865294 -0.267492 -7.5e-4 -0.05345195 -0.273171 -7.5e-4 -0.05652695 -0.268833 -7.5e-4 -0.14925 -0.137481 0.03420895 -0.02185797 -0.02657598 0.19925 -0.01376295 -0.02025896 0.19925 -0.02357095 -0.016016 0.19925 -0.14925 -0.235226 0.08232396 -0.14925 -0.231202 0.08523297 -0.14925 -0.230284 0.07851999 -0.114199 -0.384017 0.09168797 -0.14925 -0.481261 0.01358199 -0.14925 -0.477169 0.009709954 -0.14925 -0.009649991 0.173779 7.5e-4 -0.209102 0.0776 7.5e-4 -0.204582 0.08294796 7.5e-4 -0.211959 0.08274298 -0.14925 -0.04027897 0.163919 -0.14925 -0.03372395 0.1684949 -0.14925 -0.292679 0.01497697 -0.14925 -0.284224 0.01686495 -0.14925 -0.286558 0.007726967 -0.007639944 7.5e-4 0.191594 -7.5e-4 7.5e-4 0.19775 -7.5e-4 7.5e-4 0.191594 -0.14925 -0.126489 0.07998096 7.5e-4 -0.308933 0.02249497 7.5e-4 -0.313814 0.01861596 7.5e-4 -0.306539 0.01615995 -0.117726 -0.246389 -7.5e-4 -0.11237 -0.242242 -7.5e-4 -0.111987 -0.251236 -7.5e-4 7.5e-4 -0.300985 0.03188395 7.5e-4 -0.29751 0.02703899 7.5e-4 -0.294563 0.03361296 7.5e-4 -0.142949 0.01554995 -0.14925 -0.22547 0.01998996 -0.14925 -0.227605 0.02921897 -0.14925 -0.38227 0.05823194 -0.14925 -0.376247 0.06444299 -0.14925 -0.375069 0.05550098 -0.06674998 -0.479774 0.01833397 -0.130313 -0.317873 0.09168797 -0.03932499 -0.491991 0.09924995 -0.03358298 -0.48867 0.09924995 -0.03618395 -0.178973 -7.5e-4 -0.04121297 -0.1741999 -7.5e-4 -0.03277796 -0.173991 -7.5e-4 -0.14925 -0.269269 0.083395 -0.14925 -0.263636 0.07915598 -0.14925 -0.27233 0.07510095 -0.06302398 -0.174023 -7.5e-4 -0.06665498 -0.181635 -7.5e-4 -0.07097595 -0.174179 -7.5e-4 -0.03118896 -0.425576 0.09924995 -0.02985697 -0.43531 0.09924995 -0.02487599 -0.428608 0.09924995 7.5e-4 -0.370765 0.08405995 7.5e-4 -0.378276 0.08518499 7.5e-4 -0.376128 0.07916599 -0.08398801 -0.05652397 -7.5e-4 -0.08192795 -0.04910099 -7.5e-4 -0.002249956 -0.471946 0.05785799 -0.01031297 -0.471946 0.05785799 -0.002249956 -0.469825 0.063452 -0.02302896 -0.08486396 -7.5e-4 -0.01689696 -0.08970201 -7.5e-4 -0.14925 -0.250251 0.029603 -0.14925 -0.249958 0.02229297 -0.02616 -0.489992 0.09924995 -0.02849996 -0.484138 0.09924995 -0.14925 -0.06259596 0.05778896 -0.14925 -0.05896896 0.06336998 7.5e-4 -0.140949 0.1061339 -0.06170296 -0.281157 0.09252095 -0.084715 -0.02756297 -7.5e-4 -0.08989596 -0.022924 -7.5e-4 -0.08126497 -0.02070999 -7.5e-4 -0.099096 -0.393864 0.006812989 -0.14925 -0.29592 0.00949496 -0.099096 -0.393864 0.04924994 -0.099096 -0.393864 0.04318797 -0.099096 -0.393864 0.07349997 -0.099096 -0.393864 0.067438 -0.106647 -0.388941 0.07349997 -0.02431797 -0.255673 0.09924995 -0.01912498 -0.2492499 0.09924995 -0.03159797 -0.115907 -7.5e-4 -0.02586197 -0.115108 -7.5e-4 -0.02894198 -0.122263 -7.5e-4 -0.05906498 -0.02290898 -7.5e-4 -0.06586295 -0.02644699 -7.5e-4 -0.06349498 -0.01746499 -7.5e-4 -0.055875 -7.5e-4 -7.5e-4 -0.06018495 -0.009448945 -7.5e-4 -0.06506299 -7.5e-4 -7.5e-4 -0.08174997 -0.485877 0.05800896 -0.08174997 -0.478794 0.06072396 -0.14775 -0.187125 -7.5e-4 -0.142707 -0.189514 -7.5e-4 -0.02324897 -0.1967099 0.15179 -0.01808196 -0.198552 0.149948 -0.01898097 -0.1929799 0.15552 -0.03375297 -0.124413 -7.5e-4 -0.141483 -0.438674 -7.5e-4 -0.114099 -0.155459 -7.5e-4 -0.107041 -0.148918 -7.5e-4 7.5e-4 -0.3735 7.5e-4 7.5e-4 -0.37557 0.006387948 7.5e-4 -0.381266 7.5e-4 -0.115624 -0.05647999 -7.5e-4 -0.110359 -0.04983597 -7.5e-4 -0.14925 -0.323395 0.08451098 -0.14925 -0.328825 0.07708996 -0.14925 -0.331105 0.08421397 -0.07768297 -0.05553197 -7.5e-4 -0.070975 -0.05659896 -7.5e-4 -0.075136 -0.06188595 -7.5e-4 7.5e-4 -0.1494539 0.01688897 7.5e-4 -0.150344 0.023202 7.5e-4 -0.1541799 0.01980996 7.5e-4 -0.07674795 0.167482 7.5e-4 -0.08241695 0.159843 7.5e-4 -0.074292 0.160744 -0.04770195 -0.394725 0.09924995 -0.05010598 -0.401336 0.09924995 -0.04206597 -0.398104 0.09924995 -0.14925 -0.170514 0.115459 -0.14925 -0.17441 0.121194 -0.14925 -0.166136 0.120732 -0.03094094 -0.151687 -7.5e-4 -0.02485197 -0.1569949 -7.5e-4 -0.03215795 -0.158154 -7.5e-4 -0.14925 -0.147619 0.06436097 -0.14925 -0.146782 0.06994098 -0.14925 -0.142135 0.06635695 -0.07529795 -0.253518 -7.5e-4 -0.07686799 -0.246445 -7.5e-4 -0.07164496 -0.249276 -7.5e-4 -0.06813597 7.5e-4 0.03151297 -0.06341397 7.5e-4 0.03657698 -0.05988299 7.5e-4 0.03092294 -0.06609296 -0.008438944 -7.5e-4 -0.06939095 -0.01436197 -7.5e-4 -0.07320499 -0.007091999 -7.5e-4 -0.14775 -0.218188 -7.5e-4 -0.140114 -0.2137759 -7.5e-4 -0.14186 -0.22314 -7.5e-4 -0.0345 -0.426554 0.05785799 -0.02643799 -0.426554 0.05785799 -0.0345 -0.428675 0.063452 -0.14925 -0.07818496 0.156579 -0.14925 -0.07227897 0.158276 -0.14925 -0.073825 0.151029 7.5e-4 -0.034271 0.05899596 7.5e-4 -0.03788596 0.05348294 7.5e-4 -0.02910697 0.05315995 -0.03363996 -0.296012 0.09775 -0.04021096 -0.28984 0.09168797 -0.03199595 -0.297556 0.09168601 -0.03527694 -0.448421 0.09924995 -0.02818697 -0.443508 0.09924995 -0.14925 -0.139782 0.05059498 -0.14925 -0.134084 0.04843497 -0.14925 -0.136673 0.04388898 -0.05684995 -0.209812 -7.5e-4 -0.05229896 -0.204563 -7.5e-4 -0.05169898 -0.213491 -7.5e-4 7.5e-4 -0.060862 0.149259 7.5e-4 -0.058658 0.155314 7.5e-4 -0.143866 0.02282297 -0.08174997 -0.462941 0.006526947 -0.08174997 -0.469566 0.005402982 -0.01269096 -0.437054 0.09924995 -0.01862198 -0.433516 0.09924995 -0.017093 -0.441672 0.09924995 -0.008557975 -0.233893 -7.5e-4 -0.01321899 -0.227556 -7.5e-4 -0.007359981 -0.227542 -7.5e-4 -0.111514 -0.227928 0.120572 -0.112344 -0.222734 0.125766 -0.11809 -0.224933 0.123567 -0.14925 -0.07538098 0.04032796 -0.14925 -0.07269901 0.03366595 -0.14925 -0.142619 0.123424 -0.14925 -0.138557 0.117371 -0.14925 -0.1452119 0.118097 -0.005949974 -0.488613 0.09924995 -0.09867596 7.5e-4 0.05498796 -0.09489297 7.5e-4 0.04954099 -0.101005 7.5e-4 0.04896295 -0.140223 -0.49925 0.06441795 -0.14775 -0.49925 0.06137496 -0.142105 -0.49925 0.05759495 -0.09637397 -0.49925 0.02339899 -0.09377998 -0.49925 0.01774299 -0.08896595 -0.49925 0.02306097 -0.03758597 -0.462521 0.09924995 -0.03237295 -0.465107 0.09924995 -0.053339 -0.49925 0.08594197 -0.1334159 -0.49925 0.08815795 -0.101299 -0.49925 0.030137 -0.09456098 -0.49925 0.02934896 -0.09833997 -0.49925 0.06128597 -0.09994697 -0.49925 0.06934601 -0.105294 -0.49925 0.06491595 -0.14925 -0.176123 0.133192 -0.14925 -0.170051 0.136915 -0.074615 -0.01276695 -7.5e-4 -0.04663199 -0.49925 0.03015196 -0.05015999 -0.49925 0.02550196 7.5e-4 -0.412523 0.09193199 7.5e-4 -0.408492 0.08852601 7.5e-4 -0.412115 0.09775 -0.03307497 -0.404798 0.09924995 -0.02926397 -0.401426 0.09924995 -0.03716695 -0.401534 0.09924995 -0.134189 -0.412451 0.09924995 -0.139608 -0.411281 0.09924995 -0.137518 -0.419935 0.09924995 -0.137962 -0.391299 0.09924995 -0.136014 -0.385119 0.09924995 -0.142037 -0.387049 0.09924995 -0.08174997 -0.46409 0.08006799 -0.08174997 -0.461684 0.08473098 -0.09027999 -0.405954 0.09924995 -0.09852099 -0.400079 0.09924995 -0.097503 -0.4074 0.09924995 -0.042934 -0.403858 -7.5e-4 -0.04130494 -0.396312 -7.5e-4 -0.02712798 7.5e-4 0.139003 -0.03142696 7.5e-4 0.131436 -0.03437399 7.5e-4 0.138897 -0.009251952 -0.04895699 -7.5e-4 -0.01589196 -0.05219995 -7.5e-4 -0.01513296 -0.04360795 -7.5e-4 7.5e-4 -0.09901696 0.107516 7.5e-4 -0.096354 0.1138319 7.5e-4 -0.103 0.113867 -0.06674998 -0.404462 0.01436799 -0.06674998 -0.40752 0.01941698 -0.06674998 -0.398779 0.018938 -0.01629996 -0.447521 -7.5e-4 -0.01598399 -0.454622 -7.5e-4 -0.03002399 -0.416294 0.09924995 -0.02299594 -0.420674 0.09924995 -0.02222895 -0.414286 0.09924995 -7.5e-4 -0.1867499 0.16175 7.5e-4 -0.186129 0.16025 7.5e-4 -0.179879 0.1665 -0.14775 -0.193 0.1554999 -0.14925 -0.186129 0.16025 -0.14925 -0.1923789 0.154 -0.01436799 -0.335493 0.04924994 -0.01627796 -0.326683 0.04924994 -0.14925 -0.229879 0.1165 -0.14775 -0.23675 0.11175 -0.14775 -0.2305 0.118 -7.5e-4 -0.2492499 0.09924995 7.5e-4 -0.248629 0.09775 7.5e-4 -0.242379 0.104 -0.14775 -0.168 0.1805 -0.14925 -0.1611289 0.18525 7.5e-4 -0.1611289 0.18525 -7.5e-4 -0.16175 0.1867499 -7.5e-4 -0.168 0.1805 7.5e-4 -0.211129 0.13525 -7.5e-4 -0.21175 0.13675 -7.5e-4 -0.218 0.1305 -0.14925 -0.204879 0.1414999 -0.14775 -0.21175 0.13675 -0.14775 -0.2055 0.143 -0.127522 -0.136002 -7.5e-4 -0.132718 -0.140992 -7.5e-4 -0.13209 -0.13225 -7.5e-4 -0.14925 -0.145649 0.02653896 -0.14925 -0.148409 0.03197896 7.5e-4 -0.160764 0.08958899 7.5e-4 -0.168165 0.08875799 7.5e-4 -0.117848 0.174093 7.5e-4 -0.123846 0.172798 7.5e-4 -0.118461 0.1684899 -0.14925 -0.280313 7.5e-4 -0.14925 -0.277844 0.01027899 -0.14925 -0.272547 7.5e-4 -0.08260297 -0.1868849 0.161615 -0.08656895 -0.18386 0.16464 -0.08758997 -0.190107 0.158393 -0.01818698 -0.317873 0.04924994 -0.01818698 -0.317873 0.04318797 -0.109162 -0.232338 0.116162 -0.106594 -0.2369689 0.111531 -0.101752 -0.2333019 0.115198 -0.101461 -0.1881189 0.160381 -0.09693795 -0.190744 0.157756 -0.09621 -0.184265 0.1642349 -0.111324 -0.1820729 0.166427 -0.115195 -0.185173 0.163327 -0.106782 -0.185392 0.163108 -0.133046 -0.237797 0.110703 -0.137508 -0.2419919 0.106509 -0.14775 -0.1554999 0.193 -0.14925 -0.148629 0.19775 -0.14925 -0.154879 0.1915 -0.134526 -0.158233 0.190267 -0.137562 -0.162414 0.186087 -0.12985 -0.161361 0.187139 -7.5e-4 -0.23675 0.11175 -7.5e-4 -0.2305 0.118 -0.005343973 -0.2336249 0.114875 -7.5e-4 -0.16175 0.1867499 -7.5e-4 -0.1554999 0.193 -0.005343973 -0.158625 0.189875 -0.109531 -0.168965 0.179535 -0.105952 -0.165148 0.1833519 -0.114864 -0.164984 0.183516 -0.106389 -0.158096 0.1904039 -0.110999 -0.1554999 0.193 -0.110316 -0.161341 0.187159 -0.02899396 -0.236844 0.111656 -0.02357697 -0.239925 0.108575 -0.02266997 -0.234326 0.114174 -0.04302799 -0.234135 0.114365 -0.03433096 -0.233054 0.115446 -0.06948298 -0.158609 0.189891 -0.074247 -0.1554999 0.193 -0.073848 -0.1617349 0.186765 -0.07782399 -0.164378 0.184122 -0.07251 -0.168058 0.180442 -0.07076895 -0.2417899 -7.5e-4 -0.06680697 -0.2469609 -7.5e-4 -7.5e-4 -0.193 0.1554999 -0.14775 -0.1805 0.168 -0.14925 -0.173629 0.1727499 -0.14925 -0.179879 0.1665 -0.138474 -0.1867409 0.161759 -0.132925 -0.1898699 0.15863 -0.1336939 -0.183618 0.164882 -0.03820395 -0.155486 0.193014 -0.04150694 -0.158613 0.189887 -0.03367799 -0.1581709 0.190329 -0.04536098 -0.1867769 0.161723 -0.04955899 -0.184243 0.164257 -0.05063694 -0.189905 0.158595 -0.09891498 -0.436314 0.09924995 -0.105534 -0.443367 0.09924995 -0.09793895 -0.443682 0.09924995 7.5e-4 -0.115581 0.191663 7.5e-4 -0.120902 0.19775 7.5e-4 -0.124824 0.191663 7.5e-4 -0.484414 0.02836197 7.5e-4 -0.489717 0.02537298 7.5e-4 -0.484578 0.02181595 -0.01436799 -0.335493 0.07349997 7.5e-4 -0.150126 0.04135096 7.5e-4 -0.143094 0.04085099 7.5e-4 -0.145479 0.04840999 7.5e-4 -0.204879 0.1414999 -0.14925 -0.159725 0.16237 -0.14925 -0.217379 0.129 -0.14775 -0.22425 0.1242499 -0.14775 -0.218 0.1305 -0.08732599 -0.2081789 -7.5e-4 -0.090263 -0.2008759 -7.5e-4 -0.08403795 -0.200047 -7.5e-4 7.5e-4 -0.158902 0.113434 7.5e-4 -0.157587 0.12006 7.5e-4 -0.164085 0.1172839 -0.14925 -0.242379 0.104 -0.14775 -0.2492499 0.09924995 -0.14775 -0.243 0.1055 -0.14925 -0.212799 0.100195 -0.14925 -0.21513 0.10765 -0.14925 -0.209322 0.106332 -0.14925 -0.174018 0.1438 -7.5e-4 -0.117234 -7.5e-4 -7.5e-4 -0.23675 0.11175 7.5e-4 -0.236129 0.1102499 7.5e-4 -0.229879 0.1165 7.5e-4 -0.154879 0.1915 -0.03594398 -0.49925 0.05126994 -0.02913498 -0.49925 0.05634897 -0.08432996 -0.211931 0.136569 -0.08862298 -0.208905 0.139595 -0.08969897 -0.215065 0.133435 -0.06597095 -0.211758 0.1367419 -0.06205397 -0.214816 0.133684 -0.06101399 -0.20863 0.13987 -0.02338194 -0.214258 0.1342419 -0.02379298 -0.208425 0.140075 -0.030155 -0.210157 0.138343 -0.04745399 -0.211749 0.1367509 -0.05175697 -0.208626 0.139874 -0.05280494 -0.214861 0.133639 -0.06624197 -0.237502 0.110998 -0.06055897 -0.239964 0.108536 -0.061414 -0.234274 0.114226 -0.07593697 -0.229953 0.118547 -0.07956898 -0.233728 0.114772 -0.070728 -0.233701 0.114799 -0.01799499 -0.206035 0.1424649 -0.01442998 -0.202316 0.146184 -0.02283895 -0.202355 0.146145 -0.14925 -0.174022 0.165313 -0.133974 -0.220856 0.127644 -0.125245 -0.221954 0.126546 7.5e-4 -0.06249594 0.143283 -0.09414899 -0.212049 0.136451 -0.096659 -0.218293 0.130207 -0.112259 -0.207457 0.141043 -0.116071 -0.211592 0.1369079 -0.10742 -0.210755 0.137745 -0.14925 -0.113758 0.148272 -0.14925 -0.112004 0.1560789 -0.14925 -0.107042 0.148729 7.5e-4 -0.371047 0.09250497 7.5e-4 -0.363588 0.08693295 -0.01436799 -0.335493 0.02499997 -0.01436799 -0.335493 0.03106296 -0.01627796 -0.326683 0.02499997 7.5e-4 -0.329156 0.01771396 7.5e-4 -0.325046 0.01208096 7.5e-4 -0.322129 0.01959997 -0.04694098 -0.272331 0.09924995 -0.04234194 -0.26667 0.09924995 -0.04737895 -0.263403 0.09924995 -0.106916 -0.275386 0.09924995 -0.106256 -0.282612 0.09924995 -0.101464 -0.278199 0.09924995 -0.06674998 -0.474068 0.05226296 -0.06674998 -0.473347 0.04632395 -0.06674998 -0.479476 0.05291098 -0.14925 -0.275903 0.019342 -0.14925 -0.274953 0.02526897 -0.14925 -0.06568199 0.177307 -0.14925 -0.06009596 0.178063 -0.14925 -0.05845499 0.1724849 7.5e-4 -0.1468189 0.183035 7.5e-4 -0.143269 0.188896 7.5e-4 -0.150647 0.187525 -0.097943 7.5e-4 0.116333 -0.093804 7.5e-4 0.123717 -0.111802 -0.44897 -7.5e-4 -0.106656 -0.444651 -7.5e-4 -0.10649 -0.453618 -7.5e-4 7.5e-4 -0.07120096 0.1890749 7.5e-4 -0.07468897 0.19775 7.5e-4 -0.08093899 0.1915 -0.06674998 -0.426554 0.05785799 -0.05868798 -0.426554 0.05785799 -0.06674998 -0.428675 0.063452 7.5e-4 -0.211843 0.104891 7.5e-4 -0.204394 0.105113 7.5e-4 -0.2094939 0.111526 -0.04072397 -0.277342 0.09924995 -0.04861599 -0.279072 0.09924995 -0.04035097 -0.283056 0.09924995 7.5e-4 -0.240799 0.04986095 7.5e-4 -0.2365109 0.04548799 7.5e-4 -0.234549 0.05208796 -0.06611299 -0.09661495 0.19925 -0.059955 -0.09904295 0.19925 -0.060458 -0.09072798 0.19925 -0.07543396 -0.08743798 0.19925 -0.07898396 -0.09230196 0.19925 -0.07079899 -0.09171599 0.19925 -0.14925 -0.130144 0.19775 -0.14775 -0.1306869 0.19925 -0.14775 -0.121406 0.19925 -0.007549941 -0.49925 0.05636996 -0.007695972 -0.49925 0.049932 -7.5e-4 -0.49925 0.05531299 -7.5e-4 -0.121406 0.19925 7.5e-4 -0.130144 0.19775 7.5e-4 -0.120902 0.19775 -0.14925 -0.142307 0.156261 -0.14925 -0.203563 0.04991298 -0.14925 -0.200704 0.04442197 -0.14925 -0.2078109 0.04611897 -7.5e-4 -0.08428096 0.19925 7.5e-4 -0.09317398 0.19775 7.5e-4 -0.08393198 0.19775 -0.14925 -0.09317398 0.19775 -0.14775 -0.093562 0.19925 -0.14775 -0.08428096 0.19925 -0.02722698 -0.04800295 0.19925 -0.020244 -0.04221296 0.19925 -0.02806699 -0.04090899 0.19925 -0.04652196 -0.161511 0.186989 -0.04165899 -0.165185 0.183315 -0.03806698 -0.161878 0.186622 -0.006913959 -0.429826 -7.5e-4 -0.004622995 -0.424226 -7.5e-4 -7.5e-4 -0.427859 -7.5e-4 -0.01793497 -0.06659895 0.19925 -0.01441895 -0.06113195 0.19925 -0.02250999 -0.062029 0.19925 -0.02888 -0.07563096 0.19925 -0.02280795 -0.07958996 0.19925 -0.02395999 -0.07037597 0.19925 -0.02422696 -0.106882 0.19925 -0.02833998 -0.112136 0.19925 -0.01960998 -0.111563 0.19925 -0.018067 -0.103759 0.19925 -0.01440298 -0.098145 0.19925 -0.02283298 -0.09814798 0.19925 -0.02446997 7.5e-4 0.163851 -0.03088599 7.5e-4 0.162717 -0.01457297 7.5e-4 0.148748 -0.01141399 7.5e-4 0.156575 -0.01006096 7.5e-4 0.03727495 -7.5e-4 7.5e-4 0.037687 -0.01819497 7.5e-4 0.04950195 -0.02382296 7.5e-4 0.05116999 -0.01108998 -0.1626 0.1859 -0.005343973 -0.164875 0.183625 -0.14925 -0.185441 0.111802 -0.14925 -0.1869789 0.105104 -0.14925 -0.193137 0.110558 -0.03749996 -0.2492499 0.09924995 -0.04668796 -0.2492499 0.09924995 -0.04338699 -0.253652 0.09924995 -0.129375 -7.5e-4 -7.5e-4 -0.1201879 -7.5e-4 -7.5e-4 -0.123675 -0.005469977 -7.5e-4 -0.130192 7.5e-4 0.02534097 -0.129375 -0.2492499 0.09924995 -0.1201879 -0.2492499 0.09924995 -0.124781 -0.246125 0.102375 -0.129375 7.5e-4 0.19775 -0.1201879 7.5e-4 0.19775 -0.1270779 7.5e-4 0.191594 -0.0345 -0.443441 0.07281798 -0.04256194 -0.443441 0.07281798 -0.04256296 -0.437632 0.07138597 -7.5e-4 -0.264781 -7.5e-4 -0.006813943 -0.268463 -7.5e-4 -0.008134961 -0.260556 -7.5e-4 -0.124787 -0.158582 0.189918 -0.129372 -0.155498 0.193002 -0.120142 -0.130784 0.19925 -0.115531 -0.134626 0.19925 -0.114817 -0.126972 0.19925 -0.07962298 -0.03235197 -7.5e-4 -0.08555996 -0.03634297 -7.5e-4 -0.03880798 -0.169095 -7.5e-4 -0.05795496 -0.230486 0.118014 -0.052266 -0.233784 0.114716 -0.05012297 -0.223344 0.125156 -0.05432695 -0.220969 0.127531 -0.05444097 -0.226665 0.121835 -0.01969897 -0.230525 0.1179749 -0.01445895 -0.233385 0.115115 -0.01873397 -0.218519 0.129981 -0.01522594 -0.214801 0.1336989 -0.083467 -0.199441 0.1490589 -0.08795398 -0.1964 0.1521 -0.08822995 -0.202669 0.145831 -0.09279996 -0.103805 0.19925 -0.088104 -0.100077 0.19925 -0.09734499 -0.09771895 0.19925 -0.09284299 -0.121287 0.19925 -0.09970098 -0.124615 0.19925 -0.091874 -0.128944 0.19925 -0.01091295 -0.1989859 0.149514 -0.02818 -0.1992779 0.149222 -0.14925 -0.06117999 0.06899398 -0.14925 -0.064987 0.07402396 -0.106853 7.5e-4 0.048994 -0.106494 7.5e-4 0.05493599 -0.128204 -0.168602 0.179898 -0.125262 -0.1644909 0.184009 -0.1328819 -0.165552 0.1829479 -0.143156 -0.183625 0.164875 -0.143156 -0.189875 0.158625 -0.09307599 -0.02730798 0.19925 -0.08693599 -0.02459496 0.19925 -0.09189796 -0.02055996 0.19925 -0.096192 -0.2236999 0.1248 -0.01912498 -7.5e-4 -7.5e-4 -0.02831298 -7.5e-4 -7.5e-4 -0.01912498 7.5e-4 7.5e-4 -0.009937942 -7.5e-4 -7.5e-4 -0.02876096 7.5e-4 0.008064985 -0.03462195 7.5e-4 0.015302 -0.02732896 7.5e-4 0.01806998 -0.06071895 -0.246372 -7.5e-4 -0.05352097 -0.2458 -7.5e-4 -0.05633997 -0.250851 -7.5e-4 -0.009937942 -0.2492499 0.09924995 -0.01453095 -0.246125 0.102375 -0.01912498 7.5e-4 0.19775 -0.02831298 7.5e-4 0.19775 -0.01912498 -7.5e-4 0.19925 -0.1123999 7.5e-4 0.133339 -0.103909 7.5e-4 0.133418 -0.10859 7.5e-4 0.1272 -0.126971 -0.215153 -7.5e-4 -0.01912498 -0.14925 0.19925 -0.009937942 -0.14925 0.19925 -0.01453095 -0.144609 0.19925 -0.05410999 -0.02893894 0.19925 -0.05045396 -0.02390295 0.19925 -0.05982595 -0.02430999 0.19925 -0.06384199 -0.03840094 0.19925 -0.05898499 -0.04269295 0.19925 -0.05753797 -0.03476697 0.19925 -0.06505399 -0.199283 0.149217 -0.06060498 -0.2023839 0.146116 -0.06031996 -0.196174 0.152326 -0.04660999 -0.1992509 0.149249 -0.05107897 -0.196128 0.152372 -0.05135995 -0.202376 0.146124 -0.14775 -0.357969 -7.5e-4 -0.14925 -0.365734 7.5e-4 -0.05357795 7.5e-4 0.191594 -0.04668796 7.5e-4 0.19775 -0.04439097 7.5e-4 0.191594 -0.055875 -7.5e-4 0.19925 -0.04668796 -7.5e-4 0.19925 -0.055875 7.5e-4 0.19775 -0.055902 -0.01004797 0.19925 -0.06044799 -0.01469099 0.19925 -0.05137598 -0.01473397 0.19925 -0.14775 -0.311375 -7.5e-4 -0.14775 -0.303609 -7.5e-4 -0.141404 -0.308767 -7.5e-4 -0.04772996 -0.237542 0.110958 -0.04216295 -0.239953 0.108547 -0.05123496 -0.158112 0.190388 -0.05587297 -0.1554999 0.193 -0.05552697 -0.161442 0.187058 -0.055875 -0.14925 0.19925 -0.04668796 -0.14925 0.19925 -0.05128097 -0.144609 0.19925 -0.04668796 7.5e-4 7.5e-4 -0.04668796 -7.5e-4 -7.5e-4 -0.055875 7.5e-4 7.5e-4 -0.05054098 7.5e-4 0.14943 -0.04731196 7.5e-4 0.155506 -0.03900599 7.5e-4 0.05022197 -0.04604297 -0.113312 0.19925 -0.050843 -0.108336 0.19925 -0.05140495 -0.117533 0.19925 -0.05675399 -0.130685 0.19925 -0.05691099 -0.122065 0.19925 -0.06452995 -0.126421 0.19925 -0.08901995 -0.110715 0.19925 -0.08300197 -0.11364 0.19925 -0.08398896 -0.10672 0.19925 -0.08791399 -0.158632 0.189868 -0.09262299 -0.155501 0.192999 -0.09232395 -0.161797 0.186703 7.5e-4 -7.5e-4 0.123875 7.5e-4 -0.005144 0.12069 7.5e-4 -7.5e-4 0.117719 -0.101216 -0.01010197 0.19925 -0.09721899 -0.005390942 0.19925 -0.106406 -0.005390942 0.19925 -0.101813 7.5e-4 0.19775 -0.101813 -7.5e-4 0.19925 -0.09262496 7.5e-4 0.19775 -0.07517898 7.5e-4 0.172913 -0.08373099 7.5e-4 0.173189 -0.08008295 7.5e-4 0.179266 -0.09088498 -0.167317 -7.5e-4 -0.09230196 -0.175059 -7.5e-4 -0.03919297 -0.169054 0.179446 -0.031066 -0.163945 0.1845549 -0.08343797 7.5e-4 7.5e-4 -0.08343797 -7.5e-4 -7.5e-4 -0.09262496 7.5e-4 7.5e-4 -0.09262496 -7.5e-4 -7.5e-4 -0.08871495 -0.009594976 -7.5e-4 -0.14775 7.5e-4 0.173125 -0.140862 7.5e-4 0.166969 -0.111837 7.5e-4 0.120913 -0.120739 7.5e-4 0.1219339 -0.117401 7.5e-4 0.127839 -0.1294119 -0.120799 0.19925 -0.134039 -0.126168 0.19925 -0.12571 -0.1268849 0.19925 -0.122858 -0.116521 0.19925 -0.1210229 -0.109944 0.19925 -0.128066 -0.113553 0.19925 -0.134605 -0.06978499 0.19925 -0.138562 -0.07499897 0.19925 -0.12997 -0.07471799 0.19925 -0.120116 -0.07290595 0.19925 -0.124802 -0.06927597 0.19925 -0.124855 -0.07851999 0.19925 -0.128076 -0.1933 0.1552 -0.124602 -0.190601 0.157899 -0.1245 -0.2094759 0.139024 -0.129435 -0.205793 0.142707 -0.09708195 -0.165131 0.183369 -0.090716 -0.168177 0.180323 -0.100525 -0.175274 0.1732259 -0.09489196 -0.177929 0.170571 -0.09497398 -0.1717799 0.17672 7.5e-4 -0.243811 0.04228997 -0.129293 -0.03704899 0.19925 -0.120002 -0.03670299 0.19925 -0.124624 -0.02988195 0.19925 -0.130683 -0.04704999 0.19925 -0.1341069 -0.051853 0.19925 -0.125768 -0.05101096 0.19925 -0.138346 -0.2364799 0.11202 -0.143156 -0.2336249 0.114875 -0.143156 -0.239875 0.108625 -0.08742696 -0.08991998 0.19925 -0.09265595 -0.08456897 0.19925 -0.09268295 -0.09344696 0.19925 -0.09255599 -0.065813 0.19925 -0.08789598 -0.06158995 0.19925 -0.09711199 -0.05993294 0.19925 -0.06507295 -0.07772397 0.19925 -0.05986899 -0.08139997 0.19925 -0.05980396 -0.07205498 0.19925 -0.05118298 -0.08036196 0.19925 -0.04660099 -0.075432 0.19925 -0.05503797 -0.07594799 0.19925 -0.14925 -0.08868598 0.1883749 -0.14925 -0.082695 0.1902649 -0.14925 -0.08440297 0.182192 -0.111 -7.5e-4 -7.5e-4 -0.101813 -7.5e-4 -7.5e-4 -0.1070899 -0.009594976 -7.5e-4 -0.14775 7.5e-4 7.5e-4 -0.138563 7.5e-4 7.5e-4 -0.1485 0 0 -0.111 7.5e-4 7.5e-4 -0.129375 7.5e-4 0.19775 -0.138563 7.5e-4 0.19775 -0.129375 -7.5e-4 0.19925 -0.111 7.5e-4 0.19775 -0.1201879 7.5e-4 0.19775 -0.111 -7.5e-4 0.19925 -0.009937942 7.5e-4 7.5e-4 -7.5e-4 7.5e-4 7.5e-4 -0.04504495 -0.469923 -7.5e-4 -0.05042898 -0.473407 -7.5e-4 -0.04957699 -0.463656 -7.5e-4 7.5e-4 -0.199677 0.01853096 7.5e-4 -0.377239 0.03456097 7.5e-4 -0.383656 0.03944098 7.5e-4 -0.385747 0.03226196 -0.06506299 7.5e-4 0.19775 -0.1355839 -0.334738 -7.5e-4 -0.141492 -0.340875 -7.5e-4 -0.06506299 7.5e-4 7.5e-4 -0.14925 -0.135029 0.05433994 -0.14925 -0.128917 0.05854296 -0.14925 -0.128938 0.05052596 -0.07424998 7.5e-4 0.19775 -0.08343797 7.5e-4 0.19775 -0.07424998 -7.5e-4 0.19925 -0.101813 7.5e-4 7.5e-4 -0.03264695 -0.480275 0.09924995 -0.132368 -0.242172 -7.5e-4 -0.139782 -0.2458299 -7.5e-4 -0.141779 -0.23892 -7.5e-4 -0.14775 -0.05643695 0.19925 -0.14925 -0.05620497 0.19775 -0.14925 -0.06544697 0.19775 -0.01453095 -0.005390942 0.19925 -0.02141696 -0.006260991 0.19925 -0.01521497 -0.01285594 0.19925 -0.06842899 -0.197648 -7.5e-4 -0.06565397 -0.192991 -7.5e-4 -0.14925 -0.148629 0.19775 -0.14775 -0.14925 0.19925 -0.14775 -0.139969 0.19925 -0.14925 -0.271155 0.05601298 -0.14925 -0.270065 0.04931396 7.5e-4 -0.03472697 0.1915 -0.115794 -0.264529 -7.5e-4 -0.113381 -0.271547 -7.5e-4 -0.121456 -0.267049 -7.5e-4 7.5e-4 -0.288078 7.5e-4 7.5e-4 -0.255878 0.02097296 7.5e-4 -0.09730195 0.01533597 7.5e-4 -0.1046 0.01727294 -0.14925 -0.111659 0.19775 -0.14925 -0.1071709 0.1883749 -0.14925 -0.116064 0.1908529 -0.14925 -0.2236289 0.12275 -0.14925 -0.217849 0.120702 -7.5e-4 -0.04715597 0.19925 7.5e-4 -0.05620497 0.19775 7.5e-4 -0.04696196 0.19775 7.5e-4 -0.1002719 0.18366 7.5e-4 -0.107529 0.185019 7.5e-4 -0.06560599 0.01481097 7.5e-4 -0.061131 0.007588982 7.5e-4 -0.05899196 0.01731598 -0.14925 -0.102417 0.19775 -0.04770195 -0.394725 -7.5e-4 -0.04010999 -0.389575 -7.5e-4 -0.08174997 -0.412413 0.03909897 -0.08174997 -0.404476 0.04462897 -0.14925 -0.2055979 0.13457 -0.14925 -0.197951 0.133307 -0.14925 -0.2043769 0.127433 7.5e-4 -0.2056 0.131637 -0.1213819 7.5e-4 0.08167099 -0.126971 7.5e-4 0.087112 7.5e-4 -0.167379 0.179 7.5e-4 -0.161585 0.176587 -0.14925 -0.187053 0.1443189 -0.14925 -0.193098 0.1470699 7.5e-4 -0.05835795 0.06468796 7.5e-4 -0.06665396 0.06694197 7.5e-4 -0.06401997 0.05961596 -0.07424896 -0.01003295 0.19925 -0.07883399 -0.01469397 0.19925 -0.06963896 -0.014687 0.19925 -0.07349598 -0.029347 0.19925 -0.06919896 -0.02436995 0.19925 -0.078565 -0.02409398 0.19925 -0.03621298 -0.02887898 0.19925 -0.02878898 -0.02329295 0.19925 -0.03584098 -0.02081799 0.19925 -0.02060395 -0.04995495 0.19925 -0.02688497 -0.05645096 0.19925 -0.01865196 -0.05620098 0.19925 -0.04524695 -0.05663895 0.19925 -0.04943299 -0.05211997 0.19925 -0.05023199 -0.06083196 0.19925 -0.120145 -0.05441194 0.19925 -0.124876 -0.06010496 0.19925 -0.109771 -0.06313395 0.19925 -0.106114 -0.05819296 0.19925 -0.114579 -0.05802595 0.19925 -0.100941 -0.02752399 0.19925 -0.10675 -0.02040898 0.19925 -0.1079609 -0.02838999 0.19925 -0.01092898 -0.378294 -7.5e-4 -0.01731199 -0.381497 -7.5e-4 -0.01633399 -0.372567 -7.5e-4 -0.143156 -0.1353279 0.19925 -7.5e-4 -0.233719 -7.5e-4 7.5e-4 -0.225953 7.5e-4 -0.013794 -0.135268 0.19925 -0.009936988 -0.1306869 0.19925 -0.01912397 -0.131157 0.19925 -7.5e-4 -0.139969 0.19925 7.5e-4 -0.148629 0.19775 7.5e-4 -0.139387 0.19775 -0.124952 -0.1353999 0.19925 -0.01796698 -0.08508795 0.19925 -0.01439696 -0.07957595 0.19925 -7.5e-4 -0.1028439 0.19925 7.5e-4 -0.111659 0.19775 7.5e-4 -0.102417 0.19775 -7.5e-4 -0.05643695 0.19925 -0.005343973 -0.05179697 0.19925 -0.134017 -0.08878195 0.19925 -0.138557 -0.09356099 0.19925 -0.129411 -0.09369796 0.19925 7.5e-4 -0.09612196 0.08035296 7.5e-4 -0.094756 0.08679598 7.5e-4 -0.103154 0.08207297 -0.13767 -0.05754697 0.19925 -0.130304 -0.05736595 0.19925 -0.14775 -0.04715597 0.19925 -0.05717694 -0.138854 0.19925 -0.06046897 -0.144609 0.19925 -0.02371495 -0.126082 0.19925 -0.02828699 -0.1307269 0.19925 -0.04665499 -0.1307539 0.19925 -0.05141597 -0.126388 0.19925 -0.05140197 -0.135305 0.19925 -0.124921 -0.09722298 0.19925 -0.12076 -0.09169399 0.19925 -0.1101289 -0.100873 0.19925 -0.106368 -0.09577095 0.19925 -0.114835 -0.09546697 0.19925 -0.05127698 -0.09946596 0.19925 -0.04663699 -0.094051 0.19925 -0.05520498 -0.09394198 0.19925 -0.02892398 -0.09420496 0.19925 -0.02404797 -0.08887898 0.19925 -7.5e-4 -0.01931196 0.19925 7.5e-4 -0.01923495 0.19775 -7.5e-4 -0.01003098 0.19925 -0.14925 -0.05595999 0.106821 -0.05647599 -0.397406 0.09924995 -7.5e-4 -0.065719 0.19925 7.5e-4 -0.07468897 0.19775 7.5e-4 -0.06544697 0.19775 -0.14925 -0.236532 0.03713196 -0.02280598 -0.370128 0.09168797 -0.1485 0 0.1985 -0.14775 -7.5e-4 0.19925 -0.14775 7.5e-4 0.19775 -0.138563 -7.5e-4 -7.5e-4 -0.14775 -7.5e-4 -7.5e-4 -0.01595497 -0.353452 7.5e-4 -0.01516199 -0.344473 7.5e-4 -0.08711498 -0.259681 -7.5e-4 -0.09284299 -0.264347 -7.5e-4 -0.09363698 -0.258563 -7.5e-4 -0.06505095 7.5e-4 0.06060194 -0.05496394 7.5e-4 0.06326496 -0.05661296 7.5e-4 0.055987 -0.007481992 -0.48181 -7.5e-4 -0.04366695 -0.253978 -7.5e-4 -0.14925 -7.5e-4 0.19775 -0.05632096 -0.05709296 0.19925 -0.06424397 -0.05950498 0.19925 -0.060229 -0.06383198 0.19925 -0.112321 -0.457078 -7.5e-4 -0.117704 -0.452624 -7.5e-4 -0.14925 -0.009991943 0.19775 0 0 0.1985 -7.5e-4 -7.5e-4 0.19925 7.5e-4 -7.5e-4 0.19775 7.5e-4 -0.02847695 0.19775 -0.01436799 -0.335493 0.067438 7.5e-4 -0.141969 0.144572 7.5e-4 -0.13666 0.146616 7.5e-4 -0.143046 0.150956 -0.14925 -0.49775 0.05531299 -0.006832957 -0.323057 -7.5e-4 -0.008354961 -0.32986 -7.5e-4 -0.124582 -0.280823 -7.5e-4 -0.118304 -0.275204 -7.5e-4 -0.116716 -0.284336 -7.5e-4 7.5e-4 -0.247178 0.00950998 7.5e-4 -0.242617 0.01362997 -0.01706498 -0.06678199 -7.5e-4 -0.01567494 -0.06052196 -7.5e-4 7.5e-4 -0.141448 0.08705699 7.5e-4 -0.146181 0.09096097 7.5e-4 -0.03902596 0.1854979 -0.14925 -0.393173 0.04864698 -0.14925 -0.395137 0.03923898 -0.14925 -0.400648 0.04635596 7.5e-4 -0.326906 7.5e-4 -0.14925 -0.1094689 7.5e-4 -0.111 -0.2492499 0.09924995 -0.114301 -0.253652 0.09924995 -0.09975397 -0.273056 0.09924995 -0.14925 -0.437101 0.07447695 -0.14925 -0.443176 0.07586395 -0.14925 -0.438212 0.08064198 7.5e-4 -0.428093 0.09193199 7.5e-4 -0.427437 0.08668696 -0.14925 -0.214101 0.06983995 -0.14925 -0.214487 0.06309497 -0.14925 -0.218631 0.06724399 -0.14775 -0.381266 -7.5e-4 -0.091632 -0.153783 -7.5e-4 -0.09052097 -0.160517 -7.5e-4 -7.5e-4 -0.171594 -7.5e-4 -0.06524997 -0.448919 -7.5e-4 -0.05789095 -0.451855 -7.5e-4 -0.06524997 -0.455023 -7.5e-4 -0.05640095 -0.171698 0.176802 -0.06228899 -0.174513 0.173987 -0.05856698 -0.17757 0.17093 -0.09292495 -0.09951698 -7.5e-4 -0.085716 -0.09917098 -7.5e-4 -0.08174997 -0.432672 0.03053694 -0.08174997 -0.424199 0.02915298 -0.14925 -0.436732 0.01820498 -0.14925 -0.436073 0.01283496 -0.14925 -0.443566 0.016644 -0.09754997 -0.235118 -7.5e-4 -0.09083396 -0.230934 -7.5e-4 -0.09097397 -0.237663 -7.5e-4 -0.14925 -0.129603 0.142553 -0.14925 -0.125119 0.145433 -0.14925 -0.12689 0.138415 -0.08981299 -0.443267 0.02497696 -0.09787499 -0.443267 0.02497696 -0.09182798 -0.44925 0.02497696 -0.114199 -0.384017 0.04318797 -0.091313 -0.49925 0.05531299 -0.09030497 -0.49925 0.04924994 -0.08324998 -0.49925 0.05531299 7.5e-4 -0.18579 0.04147797 7.5e-4 -0.190749 0.03865396 7.5e-4 -0.1855599 0.03567194 -0.114 -0.443441 0.07281798 -0.105938 -0.443441 0.07281798 -0.114 -0.44925 0.07424998 -0.02124297 -0.49925 0.05788695 -0.02239495 -0.49925 0.05112498 -0.02158796 -0.49925 0.04412698 -0.02834796 -0.49925 0.04427695 -0.007842957 -0.49925 0.03136897 -0.007842957 -0.49925 0.03743195 -0.01445996 -0.49925 0.03186994 -0.06524997 -0.400088 -7.5e-4 -0.06524997 -0.406192 -7.5e-4 -0.108922 -0.288455 -7.5e-4 -0.115643 -0.2947 -7.5e-4 -0.14775 -0.49925 0.02499997 -0.14775 -0.49925 0.018938 -0.139841 -0.49925 0.02401494 7.5e-4 -0.052643 0.1734859 7.5e-4 -0.04762798 0.170132 7.5e-4 -0.04692298 0.175625 7.5e-4 -0.2199169 0.02423495 7.5e-4 -0.215368 0.01954895 -0.114 -0.469825 0.063452 -0.114 -0.471946 0.05785799 -0.122063 -0.469825 0.063452 -0.14925 -0.347916 0.05152195 -0.14925 -0.343937 0.05707597 -0.14925 -0.341622 0.05026799 -0.14925 -0.339749 0.06422996 -0.116427 -0.028243 0.19925 -0.113743 -0.02140796 0.19925 -0.122858 -0.02346998 0.19925 -0.08722198 7.5e-4 0.03727096 -0.08835399 7.5e-4 0.03112 -0.112663 -0.06919997 -7.5e-4 -0.114886 -0.074916 -7.5e-4 7.5e-4 -0.134843 0.02488595 7.5e-4 -0.130331 0.02802598 7.5e-4 -0.138208 0.02871799 -0.03251796 -0.384424 -7.5e-4 -0.02678298 -0.377263 -7.5e-4 -0.02405697 -0.385634 -7.5e-4 -0.06674998 -0.448265 0.09775 -0.06674998 -0.442325 0.09187495 -0.006321966 -0.473918 0.09924995 -0.01278495 -0.475303 0.09924995 -0.04179799 -0.186666 -7.5e-4 -0.04252099 -0.180591 -7.5e-4 -0.03614699 -0.186054 -7.5e-4 7.5e-4 -0.05180597 0.05743896 7.5e-4 -0.04317998 0.06047695 7.5e-4 -0.050179 0.06522697 -0.14925 -0.02536296 0.12961 -0.14925 -0.01940697 0.128295 -0.14925 -0.311375 7.5e-4 7.5e-4 -0.437101 0.07447695 7.5e-4 -0.43223 0.07059198 7.5e-4 -0.428908 0.08029496 -0.14925 -0.01492899 0.05546295 -0.14925 -0.01935499 0.04853999 -0.14925 -0.02333098 0.05509895 -0.14925 -0.147168 0.01973295 -0.14925 -0.151296 0.02676796 -0.14925 -0.219552 0.07300198 -0.03213596 -0.420945 -7.5e-4 -0.03719699 -0.425887 -7.5e-4 -0.03856694 -0.416396 -7.5e-4 -0.1396369 -0.31411 0.09924995 -0.131523 -0.316844 0.09924995 -0.09985697 -0.489284 0.09924995 -0.104312 -0.484146 0.09924995 -0.103647 -0.493517 0.09924995 7.5e-4 -0.132766 7.5e-4 -0.125694 -0.370128 0.018938 -0.14925 -0.218188 7.5e-4 -0.14925 -0.2189829 0.008180975 -0.14925 -0.2119809 0.008948981 -0.14925 -0.141074 0.192413 -0.14925 -0.139888 0.186376 -0.14925 -0.146476 0.191632 -0.14925 -0.195914 0.07877999 -0.14925 -0.202433 0.08079797 -0.14925 -0.196161 0.08666598 -0.092579 -0.428602 -7.5e-4 -0.09189701 -0.421168 -7.5e-4 -0.08324998 -0.424503 -7.5e-4 7.5e-4 -0.421952 0.05548095 7.5e-4 -0.416618 0.05799096 7.5e-4 -0.424655 0.06109398 -0.06529098 -0.102568 -7.5e-4 -0.06037896 -0.106039 -7.5e-4 -0.06774199 -0.107975 -7.5e-4 -0.14925 -0.09792798 0.1883749 -0.14925 -0.09228599 0.183045 -0.14925 -0.100597 0.183302 -0.06524997 -0.49925 0.04924994 -0.06018596 -0.49925 0.04622095 -0.06010597 -0.49925 0.05309998 -0.14925 -0.310909 0.09775 -0.14925 -0.303124 0.09775 -0.14925 -0.308222 0.09033596 -0.01891899 -0.208778 -7.5e-4 -0.02467399 -0.203075 -7.5e-4 -0.016276 -0.201878 -7.5e-4 -0.07244896 -0.07679897 -7.5e-4 -0.066464 -0.07827198 -7.5e-4 -0.07353496 -0.08351397 -7.5e-4 -0.01945799 -0.422343 -7.5e-4 -0.02461796 -0.418025 -7.5e-4 -0.01564395 -0.416186 -7.5e-4 -0.14925 -0.421952 0.05548095 -0.14925 -0.412555 0.053487 -0.14925 -0.421952 0.04924994 -0.14925 -0.310182 0.06269699 -0.14925 -0.309301 0.06973695 7.5e-4 -0.23827 0.008019983 7.5e-4 -0.233719 7.5e-4 7.5e-4 -0.231643 0.009835958 -0.107014 -0.420996 0.09924995 -0.107012 -0.414912 0.09924995 -0.114596 -0.417684 0.09924995 -0.08174997 -0.432982 0.07699096 -0.08174997 -0.437632 0.07138597 -0.08174997 -0.428503 0.07301998 7.5e-4 -0.044321 0.03065794 7.5e-4 -0.046341 0.03892499 7.5e-4 -0.050457 0.03329098 7.5e-4 -0.279769 0.09775 7.5e-4 -0.287554 0.09775 7.5e-4 -0.284792 0.09283 7.5e-4 -0.245922 0.09211695 7.5e-4 -0.2414939 0.09785896 -0.01996397 -0.471164 0.09924995 -0.02528899 -0.474744 0.09924995 -0.01887899 -0.47726 0.09924995 7.5e-4 -0.424167 0.02121299 7.5e-4 -0.429699 0.01886898 -0.055875 -0.2492499 0.09924995 -0.05178797 -0.257182 0.09924995 -0.006381988 -0.381739 -7.5e-4 -0.005629956 -0.375966 -7.5e-4 -0.102162 7.5e-4 0.109805 -0.09845697 7.5e-4 0.104319 -0.105832 7.5e-4 0.103972 -0.08729898 -0.07382798 -7.5e-4 -0.08217799 -0.07077199 -7.5e-4 -0.06674998 -0.473157 0.07185298 -0.06674998 -0.467265 0.07234096 -0.06674998 -0.469825 0.063452 -0.061553 7.5e-4 0.04196494 -0.06034594 7.5e-4 0.04853999 -0.055121 7.5e-4 0.042638 -0.14925 -0.248629 0.09775 -0.14925 -0.243618 0.09505599 0 -0.4985 0 -7.5e-4 -0.49775 -7.5e-4 -0.14925 -0.156697 0.04817396 -0.14925 -0.160067 0.04247397 -0.01951599 7.5e-4 0.01883196 7.5e-4 -0.345216 0.07269597 7.5e-4 -0.336328 0.07186198 7.5e-4 -0.339472 0.07777595 -0.14925 -0.108266 0.06123596 -0.14925 -0.113232 0.05639696 -0.14925 -0.113385 0.062931 -0.14925 -0.229551 0.03734099 -0.14925 -0.1928139 0.139796 -0.14925 -0.199348 0.14082 7.5e-4 -0.143277 0.131789 7.5e-4 -0.135949 0.128881 -0.14775 -0.458922 -7.5e-4 -0.14775 -0.466688 -7.5e-4 7.5e-4 -0.05435299 0.167418 7.5e-4 -0.269018 0.05687499 7.5e-4 -0.274075 0.06006199 7.5e-4 -0.273371 0.05277198 -0.14925 -0.34457 0.043136 -0.14925 -0.412053 0.01327097 -0.14925 -0.418505 0.01072394 -0.14925 -0.418213 0.017174 -0.129069 7.5e-4 0.173671 -0.14775 -0.311375 0.09924995 -0.119572 7.5e-4 0.173102 -0.1234109 7.5e-4 0.166934 -0.09209597 7.5e-4 0.173317 -0.101258 7.5e-4 0.1737689 -0.09580498 7.5e-4 0.179327 7.5e-4 -0.177058 0.119024 7.5e-4 -0.182769 0.115266 7.5e-4 -0.173295 0.114096 -0.04982495 7.5e-4 0.173267 -0.05332899 7.5e-4 0.167267 -0.14925 -0.193749 0.09506696 -0.14925 -0.199125 0.09481799 -0.14925 -0.210251 0.02105599 7.5e-4 -0.215501 0.122987 7.5e-4 -0.2236289 0.12275 7.5e-4 -0.219558 0.116436 7.5e-4 -0.1740379 0.08493196 7.5e-4 -0.177628 0.09176999 -0.14925 -7.5e-4 0.01921898 -0.14925 -7.5e-4 0.013062 -0.14925 -0.005997955 0.01985996 -0.14925 -7.5e-4 0.037687 -0.14775 7.5e-4 0.037687 -0.14925 -7.5e-4 0.03153097 7.5e-4 -0.150819 0.09697496 7.5e-4 -0.152727 0.08977997 7.5e-4 -0.02864396 0.01953095 7.5e-4 -0.02539896 0.01506495 7.5e-4 -0.023853 0.02238798 7.5e-4 -7.5e-4 0.013062 -7.5e-4 7.5e-4 0.013062 7.5e-4 -7.5e-4 0.01921898 -0.14925 -0.009766995 0.100989 -0.14925 -0.01520198 0.09520095 -0.14925 -0.01777797 0.102362 7.5e-4 -0.01482695 0.09145498 7.5e-4 -0.01968699 0.08833199 7.5e-4 -0.01097398 0.08628797 -7.5e-4 7.5e-4 0.07462495 -7.5e-4 7.5e-4 0.08078098 7.5e-4 -7.5e-4 0.07462495 -0.01950198 7.5e-4 0.07480496 -0.009937942 7.5e-4 0.07462495 -0.01653897 7.5e-4 0.06828397 -0.14775 7.5e-4 0.06846898 -0.14775 7.5e-4 0.06231194 -0.14925 -7.5e-4 0.06846898 -0.14925 -0.03226697 0.05388796 -0.14925 -0.03756797 0.04826998 -0.14925 -0.04044896 0.05360597 -0.03559297 7.5e-4 0.093997 -0.04192698 7.5e-4 0.08967798 -0.04476594 7.5e-4 0.09437596 -0.14925 -0.178161 0.08024799 -0.14925 -0.176914 0.08734798 -0.08274495 7.5e-4 0.04988795 -0.07777196 7.5e-4 0.04706698 -0.08563899 7.5e-4 0.04473894 7.5e-4 -0.120237 0.05696099 7.5e-4 -0.12229 0.06616699 7.5e-4 -0.126552 0.06170296 -0.03338396 7.5e-4 0.03047394 -0.03370696 7.5e-4 0.02300596 -0.114 -0.426554 0.05785799 -0.105938 -0.426554 0.05785799 -0.114 -0.428675 0.063452 -0.06674998 -0.432759 0.07590699 -0.103959 7.5e-4 0.03148597 -0.110521 7.5e-4 0.02591997 -0.110615 7.5e-4 0.03224694 7.5e-4 -0.07410597 0.100782 7.5e-4 -0.079934 0.09387201 7.5e-4 -7.5e-4 0.117719 7.5e-4 -7.5e-4 0.111563 -7.5e-4 7.5e-4 0.117719 -0.10829 -0.28984 0.03712499 -0.1148599 -0.296012 0.03712499 -0.129764 7.5e-4 0.123227 -0.123446 7.5e-4 0.116379 -0.01883095 7.5e-4 0.124274 -0.009937942 7.5e-4 0.123875 -0.014548 7.5e-4 0.117804 -0.14925 -7.5e-4 0.123875 -0.14775 7.5e-4 0.123875 -0.14925 -7.5e-4 0.117719 -0.088521 -0.459832 0.09924995 -0.09014195 -0.466375 0.09924995 -0.08324998 -0.461127 0.09924995 7.5e-4 -0.492449 0.05686998 7.5e-4 -0.48819 0.05283194 7.5e-4 -0.486573 0.05827796 -0.08753895 7.5e-4 0.167115 -0.035429 7.5e-4 0.123989 -0.02702498 7.5e-4 0.124106 -0.07430899 7.5e-4 0.123486 -0.07438796 7.5e-4 0.117781 -0.14925 -0.472319 0.08471697 -0.14925 -0.479968 0.08415895 -0.14925 -0.475439 0.09023898 -0.06287199 7.5e-4 0.09324395 -0.05728799 7.5e-4 0.09948998 -0.05372095 7.5e-4 0.09374696 -0.14925 -0.287956 0.068542 -0.14925 -0.285286 0.07506597 -0.01406496 -0.305724 -7.5e-4 -0.006829977 -0.30566 -7.5e-4 -0.14775 7.5e-4 0.013062 -0.14925 -7.5e-4 0.013062 -7.5e-4 7.5e-4 0.06846898 -0.129705 7.5e-4 0.114264 -0.14775 7.5e-4 0.09309399 -0.14925 -7.5e-4 0.09309399 7.5e-4 -7.5e-4 0.1485 7.5e-4 -7.5e-4 0.1423439 -7.5e-4 7.5e-4 0.1485 7.5e-4 -0.216463 0.110599 7.5e-4 -0.224025 0.113297 -0.14925 -0.207929 0.03173899 -0.14925 -0.206938 0.02608698 -0.14925 -0.19283 0.02937096 -0.14925 -0.186989 0.02897995 -0.14925 -0.191509 0.02287399 7.5e-4 -0.227232 0.01525998 -0.01762098 -0.177754 -7.5e-4 -0.009083986 -0.182323 -7.5e-4 -0.142496 -0.373845 -7.5e-4 -0.1372399 -0.381685 -7.5e-4 -0.143046 -0.383073 -7.5e-4 -0.14925 -0.090752 0.175738 -0.14925 -0.09661298 0.177552 7.5e-4 -7.5e-4 0.04384398 7.5e-4 -7.5e-4 0.037687 -7.5e-4 7.5e-4 0.04384398 0 0 0 -7.5e-4 7.5e-4 7.5e-4 7.5e-4 -7.5e-4 7.5e-4 -0.108033 -0.436194 -7.5e-4 -0.109454 -0.429812 -7.5e-4 -0.101292 -0.431963 -7.5e-4 0 0 0.1985 7.5e-4 -7.5e-4 0.19775 -7.5e-4 7.5e-4 0.19775 -7.5e-4 7.5e-4 0.185438 7.5e-4 -7.5e-4 0.185438 -7.5e-4 7.5e-4 0.1792809 -0.01471799 -0.492575 -7.5e-4 -0.01246094 -0.485228 -7.5e-4 -0.00654298 -0.489576 -7.5e-4 -0.14925 -0.122837 0.11128 -0.14925 -0.126349 0.117151 -0.02371895 -0.152375 0.196125 -0.01842099 -0.155483 0.193017 -0.106486 -0.191945 0.1565549 -0.07832598 -0.189956 0.158544 -0.077268 -0.183706 0.164794 -0.06046897 -0.152375 0.196125 -0.133969 -0.152375 0.196125 -0.129375 -0.14925 0.19925 -0.138476 -0.174248 0.174252 -0.143156 -0.1711249 0.177375 -0.143156 -0.177375 0.1711249 -0.01511496 -0.227714 0.120786 -0.02288597 -0.226857 0.121643 -0.02831298 -0.2492499 0.09924995 -0.03290599 -0.246125 0.102375 -0.005343973 -0.189875 0.158625 -0.005343973 -0.183625 0.164875 -0.01044797 -0.185994 0.162506 -0.128639 -0.181249 0.167251 -0.124602 -0.177661 0.170839 -0.132981 -0.177376 0.171124 -0.137574 -0.198604 0.149896 -0.143156 -0.196125 0.152375 -0.143156 -0.2023749 0.146125 -0.04104298 -0.189851 0.158649 -0.03905695 -0.183466 0.1650339 -0.06751096 -0.1839089 0.164591 -0.06841999 -0.189918 0.158582 -0.06352198 -0.227186 0.121314 -0.06506299 -0.2492499 0.09924995 -0.06965595 -0.246125 0.102375 -0.084571 -0.170911 0.1775889 -0.08851099 -0.174759 0.173741 -0.09721899 -0.152375 0.196125 -0.09262496 -0.14925 0.19925 -0.08041799 -0.214944 0.133556 -0.07940196 -0.2087399 0.13976 -0.14775 -0.2492499 0.09924995 -0.138563 -0.2492499 0.09924995 -0.143156 -0.246125 0.102375 -0.08803099 -0.246125 0.102375 -0.08995097 -0.239817 0.108683 -0.09532099 -0.2418659 0.106635 -7.5e-4 -0.22425 0.1242499 -7.5e-4 -0.218 0.1305 -0.005343973 -0.221125 0.127375 -0.04339498 -0.214889 0.133611 -0.04237598 -0.2086409 0.139859 -0.07021296 -0.2086499 0.13985 -0.071244 -0.214886 0.133614 -0.134553 -0.202828 0.145672 -0.129908 -0.199837 0.148663 -0.14775 -0.21175 0.13675 -0.14775 -0.218 0.1305 -0.143156 -0.214875 0.133625 -0.14925 -0.222255 0.09292995 -0.14925 -0.226767 0.09649598 -0.14925 -0.2209849 0.101119 -0.09765797 -0.107442 0.19925 -0.097799 -0.07869696 0.19925 -0.09262096 -0.076029 0.19925 -0.042059 -0.089221 0.19925 -0.03754395 -0.09374797 0.19925 -0.07163095 -0.103902 0.19925 -0.07460796 -0.097929 0.19925 -0.009937942 -0.01003098 0.19925 -0.005343973 -0.005390942 0.19925 -0.04863297 -0.033764 0.19925 -0.05128097 -0.005390942 0.19925 -0.06046897 -0.005390942 0.19925 -0.09255295 -0.01006197 0.19925 -0.08803099 -0.005390942 0.19925 -0.09584498 -0.03240799 0.19925 -0.08791297 -0.03285598 0.19925 -0.03216999 -0.135268 0.19925 -0.036834 -0.131243 0.19925 -0.005343973 -0.126047 0.19925 -7.5e-4 -0.130688 0.19925 -0.03258895 -0.05300998 0.19925 -0.03314298 -0.06059598 0.19925 -7.5e-4 -0.07499998 0.19925 -0.005343973 -0.07035899 0.19925 -0.04201298 -0.134536 0.19925 -0.04149997 -0.1262609 0.19925 -0.09714198 -0.06999999 0.19925 -0.08797997 -0.07220298 0.19925 -0.09078598 -0.04483795 0.19925 -7.5e-4 -0.112125 0.19925 -0.005343973 -0.107484 0.19925 -0.03369295 -0.09830796 0.19925 -0.04073494 -0.05148696 0.19925 -0.03762799 -0.05661499 0.19925 -0.06976598 -0.05593097 0.19925 -0.06967997 -0.06455796 0.19925 -0.14775 -0.03787499 0.19925 -0.143156 -0.04251599 0.19925 -0.115226 -0.04896897 0.19925 -0.14775 -0.01003098 0.19925 -0.143156 -0.005390942 0.19925 -0.130484 -0.1390939 0.19925 -0.133969 -0.144609 0.19925 -0.124781 -0.144609 0.19925 -0.115782 -0.114369 0.19925 -0.115778 -0.105048 0.19925 -0.111 -0.14925 0.19925 -0.101813 -0.14925 0.19925 -0.106406 -0.144609 0.19925 -0.1154029 -0.08595496 0.19925 -0.143156 -0.098203 0.19925 -0.14925 -0.465952 0.08646398 -0.14925 -0.457969 0.08731299 -0.14925 -0.307804 0.03259998 -0.14925 -0.30091 0.03752398 -0.14925 -0.301709 0.02975296 -0.14925 -0.329482 0.04372197 -0.14925 -0.32483 0.04791796 -0.14925 -0.324181 0.03996199 7.5e-4 -0.223614 0.06037199 7.5e-4 -0.223817 0.05102396 7.5e-4 -0.217033 0.05433595 7.5e-4 -0.05505698 0.02928698 7.5e-4 -0.04947298 0.02580797 -7.5e-4 -0.311375 -7.5e-4 -0.006232976 -0.313369 -7.5e-4 -0.14925 -0.365663 0.07343399 -0.14925 -0.362251 0.08049798 -0.1396369 -0.31411 -7.5e-4 -0.136595 -0.31995 -7.5e-4 -0.14925 -0.03364598 0.01044195 -0.14925 -0.02928298 0.006271958 -0.14925 -0.03916996 0.006011962 -0.114 -0.460868 0.07138597 -0.14925 -0.424655 0.03740596 -0.14925 -0.421952 0.04301899 -0.14925 -0.419533 0.03501194 -0.14925 -0.373631 0.02073299 -0.14925 -0.373204 0.01263397 -0.14925 -0.379613 0.01785296 -0.14925 -0.2492499 7.5e-4 -0.14775 -0.257016 -7.5e-4 -0.14925 -0.02137398 0.1919209 -0.14925 -0.02430999 0.185315 7.5e-4 -0.117963 0.129575 7.5e-4 -0.124284 0.127604 7.5e-4 -0.118664 0.123107 -0.114179 7.5e-4 0.071698 -0.1052899 7.5e-4 0.072645 -0.1087239 7.5e-4 0.06641495 -0.08086395 7.5e-4 0.092565 -0.07580798 7.5e-4 0.09909296 -0.07209998 7.5e-4 0.092983 -0.133554 -0.325791 -7.5e-4 -0.122063 -0.426554 0.05785799 -0.122063 -0.424432 0.05226296 -0.06979399 -0.279927 0.07653099 -0.07424998 -0.27925 0.067438 -0.06533795 -0.280605 0.07349997 -0.14925 -0.401115 0.05422598 -0.03429394 7.5e-4 0.07162296 -0.03955698 7.5e-4 0.078368 -0.03157895 7.5e-4 0.076586 -0.1244879 7.5e-4 0.109901 -0.116821 7.5e-4 0.108749 -0.124435 7.5e-4 0.102497 -0.08134299 7.5e-4 0.039985 -0.03874194 -0.218246 0.130255 -0.03223997 -0.219543 0.128957 -0.03152596 -0.214856 0.133644 7.5e-4 -0.06224197 0.07394695 -0.06619 7.5e-4 0.185496 -0.05831497 7.5e-4 0.1860679 -0.138563 7.5e-4 0.19775 -0.14775 7.5e-4 0.191594 -0.1118839 7.5e-4 0.146157 -0.120587 7.5e-4 0.147262 -0.116934 7.5e-4 0.153577 7.5e-4 -0.009127974 0.04733395 7.5e-4 -7.5e-4 0.04999995 7.5e-4 -0.009530961 0.05711698 -0.14925 -0.49775 0.07349997 -0.14925 -0.493196 0.076294 -0.14925 -0.492449 0.06899499 -0.14925 -0.208742 0.07160496 -0.14925 -0.201461 0.072694 -0.14925 -0.207192 0.06576699 -0.114 -0.473347 0.04632395 -0.114 -0.474068 0.05226296 -0.105938 -0.473347 0.04632395 -0.14625 -0.472625 0.04038494 -0.14625 -0.473347 0.04632395 -0.138187 -0.472625 0.04038494 -0.124078 -0.425153 0.04632395 -0.114 -0.425153 0.04632395 -0.08174997 -0.425875 0.04038494 -0.08174997 -0.425153 0.04632395 -0.08981299 -0.425875 0.04038494 -0.105938 -0.474068 0.05226296 -0.09787499 -0.474068 0.05226296 -0.08981299 -0.473347 0.04632395 -0.09787499 -0.473347 0.04632395 -0.105938 -0.432672 0.03053694 -0.114 -0.432672 0.03053694 -0.105938 -0.43797 0.02775698 -0.14625 -0.443267 0.02497696 -0.138187 -0.443267 0.02497696 -0.14625 -0.43797 0.02775698 -0.0345 -0.424432 0.05226296 -0.04256296 -0.424432 0.05226296 -0.0345 -0.425153 0.04632395 -0.01031297 -0.424432 0.05226296 -0.002249956 -0.425153 0.04632395 -0.04256296 -0.474068 0.05226296 -0.0345 -0.474068 0.05226296 -0.04256194 -0.473347 0.04632395 -0.002249956 -0.472625 0.04038494 -0.002249956 -0.473347 0.04632395 -0.04457795 -0.43797 0.02775698 -0.0345 -0.43797 0.02775698 -0.04256296 -0.432672 0.03053694 -0.002249956 -0.443267 0.02497696 -0.002249956 -0.43797 0.02775698 -0.01031297 -0.443267 0.02497696 -0.105938 -0.44925 0.07424998 -0.122063 -0.428675 0.063452 -0.130125 -0.428675 0.063452 -0.138187 -0.424432 0.05226296 -0.130125 -0.424432 0.05226296 -0.105938 -0.469825 0.063452 -0.14625 -0.469825 0.063452 -0.138187 -0.469825 0.063452 -0.14625 -0.471946 0.05785799 -0.114 -0.465346 0.06741899 -0.14625 -0.460868 0.07138597 -0.14625 -0.465346 0.06741899 -0.105938 -0.437632 0.07138597 -0.114 -0.437632 0.07138597 -0.105938 -0.433154 0.06741899 -0.138187 -0.433154 0.06741899 -0.138187 -0.437632 0.07138597 -0.14625 -0.433154 0.06741899 -0.08981299 -0.428675 0.063452 -0.09787499 -0.426554 0.05785799 -0.105938 -0.424432 0.05226296 -0.09787499 -0.424432 0.05226296 -0.14625 -0.460531 0.02775698 -0.04256296 -0.44925 0.07424998 -0.05062496 -0.44925 0.07424998 -0.05868798 -0.437632 0.07138597 -0.05062496 -0.437632 0.07138597 -0.05868798 -0.443441 0.07281798 -0.04256296 -0.428675 0.063452 -0.04457795 -0.433154 0.06741899 -0.0345 -0.433154 0.06741899 -0.002249956 -0.433154 0.06741899 -0.002249956 -0.437632 0.07138597 -0.01031297 -0.433154 0.06741899 -0.04256194 -0.471946 0.05785799 -0.01031297 -0.469825 0.063452 -0.04256296 -0.460868 0.07138597 -0.0345 -0.460868 0.07138597 -0.04256194 -0.465346 0.06741899 -0.01031297 -0.460868 0.07138597 -0.002249956 -0.460868 0.07138597 -0.01031297 -0.465346 0.06741899 -0.04256296 -0.455233 0.02497696 -0.04457795 -0.460531 0.02775698 -0.0345 -0.465828 0.03053694 -0.0345 -0.460531 0.02775698 -0.04256296 -0.465828 0.03053694 -0.002249956 -0.465828 0.03053694 -0.105938 -0.472625 0.04038494 -0.14625 -0.469227 0.03546094 -0.138187 -0.469227 0.03546094 -0.14625 -0.465828 0.03053694 -0.105938 -0.425875 0.04038494 -0.138187 -0.425875 0.04038494 -0.14625 -0.425875 0.04038494 -0.139195 -0.429273 0.03546094 -0.105938 -0.443267 0.02497696 -0.139195 -0.44925 0.02497696 -0.04256296 -0.425875 0.04038494 -0.05062496 -0.429273 0.03546094 -0.05868798 -0.432672 0.03053694 -0.05062496 -0.432672 0.03053694 -0.05868798 -0.472625 0.04038494 -0.05062496 -0.472625 0.04038494 -0.05667197 -0.469227 0.03546094 -0.002249956 -0.425875 0.04038494 -0.01031297 -0.425875 0.04038494 -0.002249956 -0.429273 0.03546094 -0.0345 -0.465828 0.03053694 -0.04256194 -0.469227 0.03546094 -0.002249956 -0.44925 0.02497696 -0.14625 -0.44925 0.07424998 -0.138187 -0.44925 0.07424998 -0.05062496 -0.455059 0.07281798 -0.05062496 -0.460868 0.07138597 -0.05868798 -0.44925 0.07424998 -0.01031297 -0.44925 0.07424998 -0.002249956 -0.44925 0.07424998 -0.009305 -0.455059 0.07281798 -0.14775 -0.03957796 -7.5e-4 -0.14775 -0.03181296 -7.5e-4 -0.142023 -0.03969895 -7.5e-4 -0.02169597 -0.19696 -7.5e-4 -0.14925 -0.311375 7.5e-4 -0.14925 -0.316384 0.007628977 -0.14925 -0.307984 0.005952954 -0.14925 -0.307708 0.024589 7.5e-4 -0.450444 0.01107597 7.5e-4 -0.457969 0.01099997 7.5e-4 -0.454562 0.005874991 -7.5e-4 7.5e-4 0.09924995 -0.009937942 7.5e-4 0.09924995 -0.007635951 7.5e-4 0.105406 7.5e-4 -0.120581 0.17931 -0.08835196 -0.49925 0.08278399 -0.08950299 -0.49925 0.07689499 -0.08324998 -0.49925 0.07956296 -0.08174997 -0.465828 0.03053694 -0.08174997 -0.469227 0.03546094 -0.08174997 -0.47281 0.03114396 7.5e-4 -0.479927 0.08341598 7.5e-4 -0.481674 0.09043198 7.5e-4 -0.257016 7.5e-4 -0.08174997 -0.424432 0.05226296 -0.08174997 -0.425153 0.04632395 -0.08174997 -0.418449 0.05210697 -0.04146796 -0.221477 -7.5e-4 -0.04262095 -0.215216 -7.5e-4 -0.035133 -0.21928 -7.5e-4 -0.06674998 -0.448265 7.5e-4 -0.06674998 -0.448511 0.006806969 -0.06674998 -0.442079 7.5e-4 -0.14775 -0.342438 0.09924995 -0.140968 -0.347735 0.09924995 -0.141667 -0.338588 0.09924995 -0.14775 -0.427859 -7.5e-4 -0.14925 -0.206552 0.005890965 -0.14925 -0.202682 0.01103198 -0.008699953 -0.49925 0.02270495 -7.5e-4 -0.49925 0.02499997 -0.101943 -0.49925 0.02194499 -0.08174997 -0.404965 7.5e-4 -0.08174997 -0.398779 7.5e-4 -0.08174997 -0.404965 0.006812989 -0.121431 -0.302183 0.07349997 -0.121431 -0.302183 0.067438 -0.1148599 -0.296012 0.07349997 -0.14925 -7.5e-4 0.06231194 -0.14925 -0.009769976 0.06251496 -0.14925 -0.007514953 0.06862097 -0.14925 -0.280313 7.5e-4 -0.14775 -0.280313 -7.5e-4 -0.09140998 -0.442671 0.09924995 -0.09140998 -0.436567 0.09924995 -0.05128496 -0.413957 0.09924995 -0.05163997 -0.42095 0.09924995 -0.04644995 -0.416427 0.09924995 -0.08174997 -0.423522 7.5e-4 -0.08174997 -0.429707 7.5e-4 -0.04842096 -0.18577 -7.5e-4 -0.04769998 -0.180059 -7.5e-4 7.5e-4 -7.5e-4 0.02537494 7.5e-4 -0.006568968 0.02305495 7.5e-4 -7.5e-4 0.01921898 -0.06674998 -0.423522 0.09775 -0.06524997 -0.424503 0.09924995 -0.06524997 -0.4184 0.09924995 -0.14925 -0.274521 0.04482495 -0.14925 -0.269736 0.04092699 -0.14925 -0.45359 0.08237498 -0.14925 -0.450035 0.087448 -0.14775 -0.49925 0.07349997 -0.14775 -0.49925 0.07956296 -0.14925 -0.342049 0.09775 -0.14775 -0.334672 0.09924995 7.5e-4 -0.162071 0.03412896 7.5e-4 -0.157901 0.02836894 -0.14925 -0.288078 7.5e-4 -0.02115797 -0.49925 0.09244698 -0.02846497 -0.49925 0.093207 -0.1361719 -0.471946 0.05785799 -0.128109 -0.471946 0.05785799 -0.130125 -0.474068 0.05226296 -0.100913 -0.440568 -7.5e-4 -0.101805 -0.449519 -7.5e-4 -0.007083952 -0.453094 0.09924995 -0.01001697 -0.457301 0.09924995 -0.14925 -0.312074 0.02883797 -0.08174997 -0.483456 0.08414298 -0.08174997 -0.475081 0.08899897 -0.08174997 -0.479675 0.09199595 -0.08929699 -0.49925 0.03106296 -0.09554398 -0.49925 0.036834 7.5e-4 -0.100515 0.05595898 7.5e-4 -0.105741 0.05297696 7.5e-4 -0.416371 0.06429296 7.5e-4 -0.412682 0.07374298 7.5e-4 -0.420204 0.07035195 7.5e-4 -0.07064098 7.5e-4 -0.14925 -0.051539 0.101617 -0.14925 -0.05972898 0.1008329 -0.14925 -0.279769 0.09775 -0.14925 -0.287554 0.09775 -0.132862 -0.005469977 -7.5e-4 -0.130935 -0.014355 -7.5e-4 7.5e-4 -0.08803695 0.09192699 7.5e-4 -0.08353096 0.08718097 -0.06674998 -0.492435 0.08125096 -0.06674998 -0.49775 0.07349997 -0.06674998 -0.49775 0.07956296 -0.06524997 -0.49925 0.07956296 -0.09930998 -0.093652 -7.5e-4 -0.09886896 -0.08434498 -7.5e-4 -0.092727 -0.08739799 -7.5e-4 -0.08174997 -0.41115 0.09775 -0.08174997 -0.41115 0.09168797 -0.08174997 -0.404965 0.09775 -0.1400949 -0.264214 -7.5e-4 -0.132477 -0.259519 -7.5e-4 -0.136061 -0.267961 -7.5e-4 7.5e-4 -0.306439 0.029594 7.5e-4 -0.302816 0.02397096 -0.14925 -0.40433 0.09775 -0.14775 -0.404563 0.09924995 -0.14775 -0.396797 0.09924995 7.5e-4 -0.01923298 0.094392 -0.112483 -0.164002 -7.5e-4 -0.02280598 -0.370128 0.07349997 -0.01937997 -0.36179 0.07349997 -0.02023798 -0.363877 0.067438 -7.5e-4 -0.49925 0.018938 7.5e-4 -0.43223 0.02790796 7.5e-4 -0.437101 0.02402299 7.5e-4 -0.04021096 0.133383 7.5e-4 -0.03850495 0.140474 7.5e-4 -0.04541695 0.1375859 -0.08324998 -0.49925 0.09168797 -0.08324998 -0.49925 0.08562499 -0.08174997 -0.49775 0.09168797 -7.5e-4 -0.49925 0.06137496 7.5e-4 -0.49775 0.06137496 -7.5e-4 -0.49925 0.067438 -7.5e-4 -0.49925 0.09775 -7.5e-4 -0.49925 0.09168797 7.5e-4 -0.49775 0.09775 -0.08324998 -0.4184 -7.5e-4 -0.103959 -0.491777 -7.5e-4 -0.1034049 -0.484058 -7.5e-4 -0.09819698 -0.491273 -7.5e-4 -0.14925 -0.150599 0.09376895 -0.131126 -0.296014 0.09924995 -0.14925 -0.07632595 0.09825998 -0.14925 -0.06847095 0.09779697 -0.14925 -0.07269495 0.09111797 -0.14925 -0.414857 0.04000896 -0.08324998 -0.473335 -7.5e-4 -0.08174997 -0.473007 7.5e-4 -0.08174997 -0.479193 7.5e-4 -0.06674998 -0.473007 0.09775 -0.06524997 -0.473334 0.09924995 -0.06524997 -0.467231 0.09924995 -0.08324998 -0.4184 0.09924995 -0.09027999 -0.418162 0.09924995 -0.08324998 -0.424503 0.09924995 -0.06599998 -0.4985 0 -0.06524997 -0.49925 7.5e-4 -0.06674998 -0.49775 7.5e-4 -0.05718195 -0.427564 -7.5e-4 -0.04876297 -0.430617 -7.5e-4 -0.05332398 -0.435098 -7.5e-4 -7.5e-4 -0.49925 0.04318797 -7.5e-4 -0.49925 0.03712499 -0.08324998 -0.49925 7.5e-4 -0.08174997 -0.49775 7.5e-4 -0.08324998 -0.49925 0.006812989 -0.06524997 -0.49925 0.006812989 -0.06524997 -0.49925 0.01287496 -0.06674998 -0.49775 0.006812989 7.5e-4 -0.06570297 0.124241 7.5e-4 -0.06477999 0.131043 7.5e-4 -0.072425 0.128496 0 -0.4985 0 -7.5e-4 -0.49925 7.5e-4 -0.14775 -0.49925 0.067438 -0.14925 -0.49775 0.067438 -0.14775 -0.49925 0.09775 -0.1485 -0.4985 0.09849995 -0.14775 -0.49925 0.09168797 -0.06674998 -0.49775 0.04924994 -0.06674998 -0.49775 0.05531299 -0.06524997 -0.49925 0.09168797 -0.06524997 -0.49925 0.09775 -0.06674998 -0.49775 0.09168797 7.5e-4 -0.04734396 7.5e-4 -7.5e-4 -0.05510896 -7.5e-4 7.5e-4 -0.226924 0.104579 7.5e-4 -0.228994 0.110359 7.5e-4 -0.235244 0.104109 -0.01437395 -0.2145839 -7.5e-4 -0.06674998 -0.429707 0.09775 -0.06674998 -0.468493 0.084212 -0.06524997 -0.479438 0.09924995 -0.06674998 -0.479193 0.09775 -0.08324998 -0.49775 0.09924995 -0.08174997 -0.49775 0.09775 -0.08324998 -0.491646 0.09924995 -0.06524997 -0.49775 -7.5e-4 -0.06674998 -0.49775 7.5e-4 -0.06524997 -0.491646 -7.5e-4 -0.08249998 -0.4985 0 -0.08174997 -0.49775 7.5e-4 -0.08174997 -0.466822 7.5e-4 -0.08324998 -0.467231 -7.5e-4 -0.06599998 -0.4985 0.09849995 -0.06674998 -0.49775 0.09775 -0.08249998 -0.4985 0.09849995 -0.14925 -0.195968 0.1186169 -0.14925 -0.203114 0.120648 -0.14925 -0.196996 0.126689 -0.1325449 -0.353452 0.04924994 -0.1291199 -0.36179 0.04924994 -0.1325449 -0.353452 0.04318797 -0.1325449 -0.353452 7.5e-4 -0.1325449 -0.353452 0.006812989 -0.125694 -0.370128 0.07349997 -0.1291199 -0.36179 0.07349997 -0.128262 -0.363877 0.07956296 -0.04021096 -0.28984 0.02499997 -0.04831796 -0.285899 0.02499997 -0.04021096 -0.28984 0.018938 -0.122948 -0.448363 -7.5e-4 -0.128865 -0.445285 -7.5e-4 -0.1229619 -0.441888 -7.5e-4 -0.1012009 -0.2137669 -7.5e-4 -0.04021096 -0.28984 0.09775 -0.04831796 -0.285899 0.09775 -0.04628896 -0.286886 0.09168601 -0.01595497 -0.353452 0.07349997 -0.01595497 -0.353452 0.07956296 -0.116948 -0.2086549 -7.5e-4 -0.03430098 -0.384017 0.02499997 -0.02855294 -0.377072 0.02499997 -0.03430098 -0.384017 0.018938 -0.03430098 -0.384017 0.04924994 -0.03430098 -0.384017 0.09775 -0.02855396 -0.377073 0.09775 -0.03430098 -0.384017 0.09168797 -0.10829 -0.28984 0.04924994 -0.10829 -0.28984 7.5e-4 -0.1001819 -0.285899 7.5e-4 -0.10829 -0.28984 0.006812989 -0.10829 -0.28984 0.07349997 -0.1001819 -0.285899 0.07349997 -0.10829 -0.28984 0.07956296 -0.14775 -0.156063 -7.5e-4 -0.142801 -0.151046 -7.5e-4 -0.099096 -0.393864 0.02499997 -0.09042298 -0.396322 0.02499997 -0.099096 -0.393864 0.018938 -0.08174997 -0.398779 0.07349997 -0.09042298 -0.396322 0.07349997 -0.08174997 -0.398779 0.07956296 -0.06674998 -0.398779 0.02499997 -0.05807697 -0.396322 0.02499997 -0.06674998 -0.398779 0.018938 -0.01595497 -0.353452 0.018938 -0.01516199 -0.344473 0.04924994 -0.01496297 -0.342224 0.05531299 -0.121431 -0.302183 0.07956296 -0.133339 -0.344473 0.01287496 -0.1325449 -0.353452 0.07349997 -0.133339 -0.344473 0.07349997 -0.1325449 -0.353452 0.07956296 -0.05596196 7.5e-4 0.025294 -0.06443899 7.5e-4 0.02525895 -0.09207397 -0.281959 7.5e-4 -0.083162 -0.280604 7.5e-4 -0.09207397 -0.281959 0.006812989 -0.09207397 -0.281959 0.07349997 -0.083162 -0.280605 0.07349997 -0.09207397 -0.281959 0.07956296 -0.07424998 -0.27925 0.04924994 -0.07424998 -0.27925 0.04318797 -0.07424998 -0.27925 7.5e-4 -0.06533795 -0.280605 7.5e-4 -0.07424998 -0.27925 0.006812989 7.5e-4 -0.378464 0.07273697 -0.05642598 -0.281959 0.09775 -0.06533795 -0.280605 0.09775 -0.121431 -0.302183 0.04924994 -0.121431 -0.302183 0.04318797 -0.121431 -0.302183 7.5e-4 -0.1148599 -0.296012 7.5e-4 -0.01436799 -0.335493 0.018938 -0.01675599 -0.324477 0.05531299 -0.01818698 -0.317873 0.09775 -0.01143097 -0.46787 -7.5e-4 -0.00624299 -0.471942 -7.5e-4 -0.114199 -0.384017 7.5e-4 -0.119947 -0.377072 7.5e-4 -0.06674998 -0.398779 0.03106296 -0.09008198 7.5e-4 0.08064699 -0.093055 7.5e-4 0.08820796 -0.08327299 7.5e-4 0.08619195 -0.099096 -0.393864 7.5e-4 -0.106647 -0.388941 7.5e-4 -0.099096 -0.393864 0.07956296 -0.134132 -0.335493 7.5e-4 -0.1322219 -0.326683 7.5e-4 -0.134132 -0.335493 0.04924994 -0.134132 -0.335493 0.04318797 -0.14925 -0.06997895 0.119948 -0.14925 -0.07645797 0.117864 -0.130313 -0.317873 0.09775 -0.1322219 -0.326683 0.09775 -0.130313 -0.317873 7.5e-4 -0.125872 -0.310028 7.5e-4 -0.128092 -0.313951 0.003780961 -0.02706897 -0.302183 0.02499997 -0.03363996 -0.296012 0.02499997 -0.02706897 -0.302183 0.018938 -0.103922 -0.471946 0.05785799 -0.09585899 -0.471946 0.05785799 -0.04940396 -0.393864 0.02499997 -0.04185295 -0.388941 0.02499997 -0.04940396 -0.393864 0.018938 -0.04940396 -0.393864 0.09775 -0.04185295 -0.388941 0.09775 -0.01818698 -0.317873 0.02499997 -0.02262794 -0.310028 0.02499997 -0.01818698 -0.317873 0.018938 -0.14925 -0.10264 0.06044995 -0.14925 -0.106527 0.05509895 -0.02706897 -0.302183 0.05531299 -0.02706897 -0.302183 0.04924994 -0.02484899 -0.306105 0.05228096 -0.02706897 -0.302183 0.09775 -0.02706897 -0.302183 0.09168797 -0.04004698 -0.259471 0.09924995 -0.03419899 -0.253652 0.09924995 -0.14925 -0.334672 7.5e-4 -7.5e-4 -0.01628094 -7.5e-4 -0.005201995 -0.02063095 -7.5e-4 -0.00822997 -0.01587694 -7.5e-4 -0.14925 -0.01923495 0.19775 -0.14925 -0.009991943 0.19775 -0.14925 -0.01213198 0.1919209 -0.04457795 -0.426554 0.05785799 -0.05264097 -0.426554 0.05785799 -0.05062496 -0.424432 0.05226296 -0.06674998 -0.473007 0.09775 -0.097189 -0.445939 -7.5e-4 -0.09717899 -0.453055 -7.5e-4 -0.1485 -0.4985 0 -0.103894 -0.409231 0.09924995 -0.09869897 -0.415535 0.09924995 -0.14925 -0.1350859 0.11142 -0.14925 -0.132438 0.117195 -0.14925 -0.128659 0.110783 -0.06674998 -0.491589 0.05113798 -0.06674998 -0.49775 0.04318797 7.5e-4 -7.5e-4 0.04384398 -0.14925 -0.09936898 0.03504598 -0.14925 -0.09244197 0.036008 -0.14925 -0.09335595 0.03034895 -0.14925 -0.29273 0.042557 -0.14925 -0.300459 0.04581999 -0.14925 -0.203058 0.03567695 -0.14925 -0.202161 0.03008097 -0.05667197 -0.471946 0.05785799 -0.04860895 -0.471946 0.05785799 -0.05062496 -0.474068 0.05226296 -0.08324998 -0.49925 0.06137496 -0.091313 -0.49925 0.06137496 7.5e-4 -0.03957796 7.5e-4 7.5e-4 -0.03181296 7.5e-4 7.5e-4 -0.04327499 0.00457096 -0.007549941 -0.49925 0.062433 -0.01468497 -0.49925 0.05694997 -0.14925 -0.355064 0.08066296 -0.14925 -0.06287497 7.5e-4 -0.14925 -0.07064098 7.5e-4 -0.14925 -0.06343698 0.007925987 -0.122261 -0.49925 0.07752597 -0.130248 -0.49925 0.08064997 -0.133328 -0.123042 -7.5e-4 -0.123997 -0.119183 -7.5e-4 -0.126669 -0.127237 -7.5e-4 -0.06524997 -0.473334 -7.5e-4 -0.06016194 -0.475826 -7.5e-4 -0.06524997 -0.479438 -7.5e-4 7.5e-4 -0.110346 0.131771 7.5e-4 -0.118333 0.135329 -0.03251796 -0.384424 0.09924995 -0.04010999 -0.389575 0.09924995 -0.03337597 -0.391084 0.09924995 -0.113479 -0.483781 0.09924995 -0.116727 -0.476391 0.09924995 -0.120653 -0.482383 0.09924995 -0.14247 -0.395627 0.09924995 -0.14925 -0.151796 0.06752896 7.5e-4 -0.03363394 0.04233294 7.5e-4 -0.03184795 0.04775094 -0.108164 -0.477626 -7.5e-4 -0.111601 -0.483763 -7.5e-4 -0.113971 -0.478007 -7.5e-4 7.5e-4 -0.100189 0.1198559 7.5e-4 -0.09229499 0.118879 7.5e-4 -0.09373497 0.125052 -0.14925 -0.366082 0.03963297 -0.056297 -0.446309 -7.5e-4 -0.04523795 -0.127757 -7.5e-4 -0.047423 -0.133293 -7.5e-4 -7.5e-4 -0.22425 0.1242499 7.5e-4 -0.217379 0.129 7.5e-4 -0.173629 0.1727499 -7.5e-4 -0.17425 0.17425 -7.5e-4 -0.1805 0.168 -0.14925 -0.354813 0.03143495 -0.14925 -0.35771 0.03878396 -0.06425398 -0.169869 0.178631 -0.069238 -0.175379 0.173121 -0.14925 -0.117196 0.09115195 -0.14925 -0.124534 0.08838498 -0.14925 -0.123194 0.09579795 -0.133691 -0.171138 0.177362 -0.01608997 -0.166464 0.182036 -0.01949995 -0.162358 0.186142 -0.02414196 -0.167575 0.180925 -0.05992197 -0.471486 0.09924995 -0.05416494 -0.470321 0.09924995 -0.05992197 -0.465382 0.09924995 -0.14925 -0.282792 0.04383498 -0.137618 -0.224997 0.123503 -0.129974 -0.225113 0.123387 -7.5e-4 -0.2305 0.118 -0.14925 -0.130144 0.19775 -0.14925 -0.120902 0.19775 -0.14925 -0.126429 0.193195 -0.04531097 -0.49925 0.037135 -0.05009299 -0.49925 0.04038697 -0.050188 -0.49925 0.03468197 7.5e-4 -0.1744599 0.164927 -0.14925 -0.07082599 0.188992 -0.14925 -0.06393396 0.182803 -0.08371496 -0.228139 0.120361 -0.07840299 -0.224125 0.124375 -0.01224398 -0.382385 0.09924995 -0.006893992 -0.386439 0.09924995 -0.005824983 -0.376533 0.09924995 -0.03891795 7.5e-4 0.100125 -0.02952295 7.5e-4 0.09977298 -0.05017697 -0.424284 -7.5e-4 -0.04196095 -0.07057595 0.19925 -0.03748697 -0.07515096 0.19925 -0.03366398 -0.07972395 0.19925 -0.04207199 -0.202382 0.146118 -0.04179996 -0.196123 0.152377 -0.03245997 -0.196144 0.152356 -0.03290498 -0.201756 0.146744 -0.09407997 -0.017358 -7.5e-4 -0.086524 -0.01692098 -7.5e-4 -0.14925 -0.139998 0.006846964 -0.14925 -0.1342329 0.006202995 -0.07424998 -0.27925 0.09168797 7.5e-4 -0.106629 0.088023 7.5e-4 -0.112232 0.08252698 -0.100932 -0.458744 -7.5e-4 -0.14925 -0.266822 0.07517898 -0.14925 -0.489984 0.006812989 -0.14925 -0.489984 0.01287496 -0.113882 -0.49925 0.07601898 -0.1099629 -0.49925 0.08105099 -0.117694 -0.49925 0.08168399 7.5e-4 -0.190716 0.09943795 7.5e-4 -0.194928 0.09356898 7.5e-4 -0.185938 0.09362196 -0.02831298 -0.14925 0.19925 7.5e-4 -0.113598 0.1793529 7.5e-4 -0.10716 0.17822 -0.069902 -0.113412 -7.5e-4 -0.07508397 -0.110144 -7.5e-4 7.5e-4 -0.475362 0.02074295 7.5e-4 -0.479024 0.02518194 7.5e-4 -0.2015939 0.03886395 7.5e-4 -0.196117 0.03513699 -0.131523 -0.316844 -7.5e-4 -0.06674998 -0.460868 0.07138597 -0.06674998 -0.465346 0.06741899 7.5e-4 -0.06880599 0.107356 7.5e-4 -0.06720197 0.09933996 7.5e-4 -0.06242895 0.102815 -0.02309799 -0.49925 0.015679 -0.01631295 -0.49925 0.01764696 -0.019719 -0.49925 0.02237099 -0.09262496 -7.5e-4 0.19925 7.5e-4 -0.290826 0.06475299 7.5e-4 -0.298709 0.065876 7.5e-4 -0.3919 0.069911 7.5e-4 -0.396292 0.07606297 7.5e-4 -0.400347 0.07009696 -0.14925 -0.106567 0.08242797 -0.14925 -0.101158 0.08513897 -0.14925 -0.101779 0.07910197 -0.01267397 -0.28782 -7.5e-4 -0.004948973 -0.284782 -7.5e-4 -0.14925 -0.123248 0.163406 -0.14925 -0.129654 0.165295 -0.14925 -0.17838 0.102311 -0.14925 -0.1803669 0.109877 -0.14925 -0.174605 0.1092 -0.08174997 -0.482939 0.01568096 -0.08174997 -0.476394 0.01667594 -0.14925 -0.05961799 0.02750796 -0.14925 -0.05501896 0.02478796 -0.14925 -0.06083995 0.02119898 -0.14925 -0.156063 7.5e-4 -0.14925 -0.163828 7.5e-4 -0.14925 -0.1592029 0.007256984 -0.06674998 -0.417336 7.5e-4 -0.06674998 -0.423522 7.5e-4 -0.06674998 -0.421188 0.005666971 -0.06674998 -0.432672 0.03053694 -0.06674998 -0.429273 0.03546094 -0.08174997 -0.398779 0.04924994 -0.08174997 -0.405158 0.05382996 7.5e-4 -0.482219 0.006812989 -0.14925 -0.132766 7.5e-4 -0.14775 -0.125 -7.5e-4 -0.01436799 -0.335493 0.04318797 -0.01535999 -0.346719 0.04318797 -0.03749996 -0.14925 0.19925 -0.03290599 -0.144609 0.19925 7.5e-4 -0.434825 0.08634096 7.5e-4 -0.442775 0.08709698 7.5e-4 -0.438212 0.08064198 -0.14925 -0.121244 0.128398 -0.08174997 -0.445451 0.09298896 -0.08174997 -0.448265 0.09775 -0.08174997 -0.454697 0.09187495 -0.02442198 -0.471946 0.05785799 -0.01635897 -0.471946 0.05785799 -0.01837497 -0.474068 0.05226296 7.5e-4 -0.489984 0.018938 -0.08174997 -0.443441 0.07281798 -0.08174997 -0.447551 0.07977396 -0.14925 -0.476548 0.05548095 -0.14925 -0.476548 0.04924994 -0.14925 -0.48383 0.05292296 7.5e-4 -0.201017 0.126818 7.5e-4 -0.191902 0.1281909 7.5e-4 -0.195627 0.132899 -7.5e-4 -0.008515954 -7.5e-4 -7.5e-4 -7.5e-4 -7.5e-4 7.5e-4 -0.008515954 7.5e-4 -0.01550894 -0.348401 0.06592196 -0.122063 -0.43797 0.02775698 -0.122063 -0.465828 0.03053694 -0.130125 -0.469227 0.03546094 -0.105938 -0.425875 0.04038494 -0.09787499 -0.425875 0.04038494 -0.105938 -0.425153 0.04632395 -0.122063 -0.473347 0.04632395 -0.130125 -0.473347 0.04632395 -0.05642598 -0.281959 0.018938 -0.14925 -0.236129 0.1102499 -0.14925 -0.230274 0.108391 -0.122063 -0.443441 0.07281798 -0.122063 -0.44925 0.07424998 -0.130125 -0.443441 0.07281798 7.5e-4 -0.1923789 0.154 -0.114199 -0.384017 0.06137496 -0.1170729 -0.380545 0.06440597 -0.114199 -0.384017 0.067438 -0.128023 -0.49925 0.09058398 -0.09472495 -0.484581 0.09924995 -0.100183 -0.202401 0.146099 -0.106718 -0.198337 0.1501629 -0.106539 -0.204836 0.143664 -0.01837497 -0.443267 0.02497696 -0.02643799 -0.43797 0.02775698 -0.14925 -0.111659 0.19775 -0.14775 -0.112125 0.19925 -0.14775 -0.1028439 0.19925 -0.114638 -0.07659798 0.19925 -0.115315 -0.06728398 0.19925 -0.044734 -0.03941595 0.19925 -0.03987896 -0.04297697 0.19925 -0.04077297 -0.03467094 0.19925 -0.14925 -0.154761 0.101611 -0.14925 -0.158544 0.10861 -0.14925 -0.151093 0.107807 -0.02643799 -0.424432 0.05226296 -0.01837497 -0.424432 0.05226296 -0.14925 -0.04696196 0.19775 -0.01837497 -0.473347 0.04632395 -0.02643799 -0.474068 0.05226296 -0.02643799 -0.428675 0.063452 -0.01837497 -0.428675 0.063452 -0.02442198 -0.433154 0.06741899 -0.119818 -0.490362 0.09924995 -7.5e-4 7.5e-4 0.19775 -0.009937942 7.5e-4 0.19775 -0.14925 -0.102417 0.19775 -0.137268 -0.037346 0.19925 -0.141673 -0.03287196 0.19925 -0.02613699 -0.49925 0.02322995 7.5e-4 -0.248463 0.04865497 7.5e-4 -0.255408 0.04744994 7.5e-4 -0.251626 0.04294198 7.5e-4 -0.02404695 7.5e-4 -0.14925 -0.355384 0.01835799 -0.14925 -0.357369 0.01236999 -0.14925 -0.360823 0.01879596 -0.06524997 -0.49925 7.5e-4 -0.05718797 -0.49925 7.5e-4 7.5e-4 -0.139415 0.08049595 7.5e-4 -0.136448 0.07399696 -0.14775 -0.49925 7.5e-4 -0.1485 -0.4985 0.09849995 -0.14775 -0.49925 0.09775 -0.091313 -0.49925 0.09775 -0.08324998 -0.49925 0.09775 -0.008812963 -0.49925 0.09775 -7.5e-4 -0.49925 0.09775 -0.008812963 -0.49775 0.09924995 -0.138187 -0.474068 0.05226296 -0.138187 -0.473347 0.04632395 -0.08174997 -0.473347 0.04632395 -0.08981299 -0.425153 0.04632395 -0.08981299 -0.424432 0.05226296 -0.09787499 -0.425153 0.04632395 -0.14625 -0.424432 0.05226296 -0.14625 -0.425153 0.04632395 -0.130125 -0.443267 0.02497696 -0.138187 -0.43797 0.02775698 -0.08174997 -0.432672 0.03053694 -0.08174997 -0.43797 0.02775698 -0.08174997 -0.465828 0.03053694 -0.08981299 -0.469825 0.063452 -0.08981299 -0.465346 0.06741899 -0.08981299 -0.460868 0.07138597 -0.08174997 -0.465346 0.06741899 -0.08174997 -0.437632 0.07138597 -0.08981299 -0.437632 0.07138597 -0.08174997 -0.433154 0.06741899 -0.130125 -0.437632 0.07138597 -0.138187 -0.443441 0.07281798 -0.08981299 -0.44925 0.07424998 -0.08174997 -0.443441 0.07281798 -0.01837497 -0.472625 0.04038494 -0.01031297 -0.473347 0.04632395 -0.06674998 -0.473347 0.04632395 -0.06674998 -0.474068 0.05226296 -0.06070297 -0.473347 0.04632395 -0.05868798 -0.424432 0.05226296 -0.06674998 -0.424432 0.05226296 -0.05868798 -0.425153 0.04632395 -0.06674998 -0.432672 0.03053694 -0.05868798 -0.43797 0.02775698 -0.01031297 -0.43797 0.02775698 -0.08174997 -0.443267 0.02497696 -0.08174997 -0.44925 0.02497696 -0.08981299 -0.469227 0.03546094 -0.130125 -0.472625 0.04038494 -0.08981299 -0.425875 0.04038494 -0.06674998 -0.443441 0.07281798 -0.06674998 -0.437632 0.07138597 -0.06674998 -0.465828 0.03053694 -0.05868798 -0.465828 0.03053694 -0.06674998 -0.460531 0.02775698 -0.06674998 -0.469825 0.063452 -0.05868798 -0.469825 0.063452 -0.06674998 -0.471946 0.05785799 -0.01031297 -0.428675 0.063452 -0.01837497 -0.428675 0.063452 -0.05868798 -0.428675 0.063452 -0.05868798 -0.460868 0.07138597 -0.06674998 -0.465346 0.06741899 -0.05868798 -0.433154 0.06741899 -0.06674998 -0.433154 0.06741899 -0.05868798 -0.443267 0.02497696 -0.06674998 -0.465828 0.03053694 -0.06674998 -0.469227 0.03546094 -0.05868798 -0.465828 0.03053694 7.5e-4 -0.409311 0.02342998 7.5e-4 -0.414743 0.02624499 7.5e-4 -0.411353 0.01842999 -0.123563 -0.49925 7.5e-4 -0.122364 -0.300945 0.09924995 -0.14775 -0.06287497 -7.5e-4 -0.14925 -0.07064098 7.5e-4 -0.08339899 -0.263727 0.09924995 -0.08803099 -0.256375 0.09924995 -0.02391397 -0.245397 -7.5e-4 -0.01964598 -0.25121 -7.5e-4 -0.14925 -0.1946899 0.05609995 -0.132942 -0.348962 0.02803099 -0.1325449 -0.353452 0.018938 -0.1291199 -0.36179 0.02499997 -0.128262 -0.363877 0.03106296 -0.01929497 -0.01003098 -7.5e-4 7.5e-4 -0.051328 0.09684997 7.5e-4 -0.05987495 0.09742295 7.5e-4 -0.05684798 0.09200799 -0.14925 -0.1983529 0.06010794 -0.14925 -0.203696 0.06034594 -0.14925 -0.1993899 0.066154 -0.112516 7.5e-4 0.04413896 -0.104823 7.5e-4 0.04338395 7.5e-4 -0.115751 0.02569496 7.5e-4 -0.110203 0.02876198 7.5e-4 -0.118308 0.03228199 -0.07115596 7.5e-4 0.179208 -0.06674998 -0.479968 0.008348941 -0.06674998 -0.473007 7.5e-4 -0.06674998 -0.479193 7.5e-4 -0.14925 -0.08168798 0.151605 -0.14925 -0.349834 0.09775 -0.09027999 -0.412058 0.09924995 -0.01818698 -0.317873 0.07349997 -0.02262794 -0.310028 0.07349997 -0.01818698 -0.317873 0.067438 -0.115594 -0.152375 0.196125 -0.14775 -0.435625 0.09924995 -0.09207397 -0.281959 0.05531299 -0.102212 -0.286886 0.05531299 -0.14925 -0.392529 0.09398895 -0.14925 -0.393319 0.08851498 -0.14925 -0.49775 0.006812989 -0.14925 -0.49775 7.5e-4 -0.14775 -0.49925 0.006812989 -0.08174997 -0.49775 0.07349997 -0.08324998 -0.49925 0.07349997 -0.08174997 -0.49775 0.067438 7.5e-4 -0.307256 0.05637598 -0.14775 -0.49925 0.03106296 -0.14925 -0.49775 0.03106296 -0.14925 -0.186307 0.04087799 -0.14925 -0.192945 0.04163295 -0.08249998 -0.4985 0.09849995 -0.08324998 -0.49925 0.09775 -0.08174997 -0.49775 0.09775 0 -0.4985 0.09849995 -0.08174997 -0.448265 7.5e-4 -0.08324998 -0.448919 -7.5e-4 -0.08324998 -0.442815 -7.5e-4 -0.14925 -0.200399 0.113405 -0.009909987 -0.1128309 0.19925 -0.06674998 -0.448265 0.09775 -0.06524997 -0.448919 0.09924995 -0.06524997 -0.442815 0.09924995 -0.070858 -0.03145897 -7.5e-4 -0.06496399 -0.03530699 -7.5e-4 -0.14625 -0.437632 0.07138597 -0.06524997 -0.49925 0.04318797 -0.01595497 -0.353452 0.04924994 -0.01937997 -0.36179 0.04924994 -0.01595497 -0.353452 0.05531299 -0.07343697 -0.235558 -7.5e-4 -0.078785 -0.239167 -7.5e-4 -0.04940396 -0.393864 0.07349997 -0.05807697 -0.396322 0.07349997 -0.05590599 -0.395706 0.07956296 -0.100036 -0.185222 -7.5e-4 -0.09377998 -0.188544 -7.5e-4 -0.025949 -0.078583 -7.5e-4 -0.03050196 -0.08242297 -7.5e-4 -0.07424998 -0.27925 0.09775 -0.083162 -0.280605 0.09775 -0.05642598 -0.281959 0.02499997 -0.06533795 -0.280605 0.02499997 -0.14925 -0.190367 0.03547996 -0.119314 -0.193445 -7.5e-4 -0.126385 -0.196443 -7.5e-4 -0.125284 -0.190084 -7.5e-4 -0.074638 7.5e-4 0.143052 -0.07007998 7.5e-4 0.14907 -0.06745898 7.5e-4 0.142925 -0.128019 -0.02894496 -7.5e-4 -0.12135 -0.03401196 -7.5e-4 7.5e-4 -0.268777 0.07461696 -0.106239 -0.03684598 -7.5e-4 -0.10984 -0.04200798 -7.5e-4 -0.114977 -0.03709095 -7.5e-4 -0.06574398 -0.166727 -7.5e-4 -0.06599998 -0.4985 0 -0.007316946 -0.197116 -7.5e-4 -0.14925 -0.06857699 0.03919297 -0.14925 -0.060772 0.04017496 -0.14925 -0.06405895 0.03375595 -0.08174997 -0.460868 0.07138597 -0.14925 -0.40433 0.09775 -0.14925 -0.405827 0.09225195 -0.14925 -0.412115 0.09775 -0.101148 -0.031017 -7.5e-4 -0.109705 -0.03034496 -7.5e-4 -0.093131 -0.194426 -7.5e-4 -0.08762896 -0.192971 -7.5e-4 -0.14925 -0.256382 0.02631497 -0.03777694 -0.03181898 -7.5e-4 -0.02199399 -0.49925 0.06853395 -0.02425295 -0.49925 0.07401096 -0.1412169 -0.419282 -7.5e-4 -0.134147 -0.414981 -7.5e-4 -0.134297 -0.421621 -7.5e-4 -0.14925 -0.339625 0.01685297 -0.14925 -0.331524 0.01565396 -0.14925 -0.336293 0.01226598 7.5e-4 -0.355896 0.02116495 7.5e-4 -0.359566 0.01546895 -0.141241 -0.397738 -7.5e-4 -0.14775 -0.404563 -7.5e-4 -0.01031297 -0.474068 0.05226296 -0.14925 -0.08159995 0.123713 -0.14925 -0.08454495 0.115006 -0.14925 -0.09044396 0.1198199 7.5e-4 -0.198629 0.14775 -7.5e-4 -0.19925 0.14925 -7.5e-4 -0.2055 0.143 -0.14775 -0.19925 0.14925 -0.14775 -0.2055 0.143 -7.5e-4 -0.1867499 0.16175 -7.5e-4 -0.1805 0.168 -0.04353797 -0.09300696 -7.5e-4 -0.03773796 -0.09624797 -7.5e-4 -0.04377394 -0.09897297 -7.5e-4 -0.05384796 -0.270796 0.09924995 7.5e-4 -0.458825 0.09775 -0.14925 -0.134869 0.01623696 -0.006675958 -0.348544 -7.5e-4 -0.006832957 -0.338588 -7.5e-4 -0.110105 7.5e-4 0.01306396 -0.101141 7.5e-4 0.01306295 -0.06769299 -0.2234359 0.125064 -0.07260799 -0.221023 0.127477 -0.071841 -0.226633 0.121867 -0.02735197 7.5e-4 0.178611 -0.03050595 7.5e-4 0.173376 -0.03318399 7.5e-4 0.178982 -0.02773898 -0.03234398 0.19925 -0.03466796 -0.03817296 0.19925 -0.08174997 -0.419502 0.07351398 -0.08174997 -0.423447 0.067905 -0.08174997 -0.414246 0.06905895 -0.08082199 -0.175105 0.173395 -0.075764 -0.177653 0.1708469 -0.07633697 -0.171938 0.176562 -0.06330895 -0.133889 0.19925 -0.14925 -0.260109 0.08445096 7.5e-4 -0.120441 0.04814398 7.5e-4 -0.112722 0.05235195 0 0 0 -0.009937942 -7.5e-4 0.19925 -0.13616 -0.374986 -7.5e-4 -0.1342099 -0.366684 -7.5e-4 -0.129272 -0.375305 -7.5e-4 -0.126425 -0.38753 -7.5e-4 -0.123537 -0.382466 -7.5e-4 -0.120385 -0.388723 -7.5e-4 -0.138302 -0.110975 0.19925 -0.143156 -0.107484 0.19925 -0.143156 -0.116766 0.19925 -0.111828 -0.27773 0.09924995 -0.06777095 7.5e-4 0.155885 -0.07589197 7.5e-4 0.155071 -0.138563 -7.5e-4 0.19925 -0.14775 -0.07499998 0.19925 -0.14925 -0.07468897 0.19775 -0.14925 -0.08393198 0.19775 7.5e-4 -0.040802 0.124401 7.5e-4 -0.03538596 0.128904 -0.04448199 -0.02667796 -7.5e-4 -0.14925 -0.43547 0.09775 -0.14775 -0.065719 0.19925 -0.14925 -7.5e-4 7.5e-4 -0.14925 -0.194891 7.5e-4 -0.14925 -0.310909 0.09775 -0.14925 -0.110478 0.01024895 -0.14925 -0.106157 0.00526297 -0.14925 -0.343016 0.07878196 -0.14925 -0.347567 0.072811 0 -0.4985 0.09849995 7.5e-4 -0.49775 0.09775 -7.5e-4 -0.49775 0.09924995 -0.02443099 -0.22377 -7.5e-4 -0.02663397 -0.231669 -7.5e-4 -0.08659398 -0.231699 0.116801 7.5e-4 -0.300209 0.01746195 7.5e-4 -7.5e-4 0.04999995 -7.5e-4 7.5e-4 0.04999995 7.5e-4 -7.5e-4 0.05615597 -0.1201879 -0.14925 0.19925 -0.14925 -0.407788 0.04183 -0.14925 -0.401954 0.03851395 -0.14925 -0.406567 0.03490799 -0.08174997 -0.45445 7.5e-4 -0.08324998 -0.400088 -7.5e-4 -0.08174997 -0.398779 7.5e-4 -0.08174997 -0.404965 7.5e-4 -0.09202396 -0.397406 -7.5e-4 -0.099096 -0.393864 7.5e-4 -0.09042298 -0.396322 7.5e-4 -0.08174997 -0.423522 7.5e-4 -0.08174997 -0.429707 7.5e-4 -0.1485 0 0 -0.14925 -7.5e-4 7.5e-4 -0.14775 7.5e-4 7.5e-4 -0.08174997 -0.398779 7.5e-4 -0.09042298 -0.396322 7.5e-4 -0.08174997 -0.398779 0.006812989 -0.114 -0.43797 0.02775698 -0.122063 -0.425875 0.04038494 -0.01627796 -0.326683 7.5e-4 -0.01675599 -0.324477 0.006814956 -0.122063 -0.443267 0.02497696 -0.14925 -0.437101 0.02402299 -0.14625 -0.443267 0.02497696 -0.14625 -0.43797 0.02775698 -0.14625 -0.432672 0.03053694 -0.14925 -0.427359 0.03179198 -0.14925 -0.43223 0.02790796 -0.14625 -0.429273 0.03546094 -0.14625 -0.425875 0.04038494 -0.114 -0.424432 0.05226296 -0.104983 -0.171984 0.1765159 -0.1089259 -0.174874 0.173626 -0.14625 -0.443267 0.02497696 -0.14925 -0.437101 0.02402299 -0.14925 -0.443176 0.02263599 -0.14925 -0.008515954 7.5e-4 -0.05642598 -0.281959 0.03712499 -0.06533795 -0.280605 0.03712499 -0.14925 -0.139387 0.19775 -0.08343797 -0.14925 0.19925 -0.08803099 -0.144609 0.19925 7.5e-4 -0.485274 0.07077497 7.5e-4 -0.477416 0.07518196 -0.14775 -0.1554999 0.193 -0.143156 -0.152375 0.196125 -0.06965595 -0.005390942 0.19925 -0.07884401 -0.005390942 0.19925 -0.01080197 -0.237492 0.111008 -0.005343973 -0.239875 0.108625 7.5e-4 -0.148629 0.19775 -7.5e-4 -0.14925 0.19925 -7.5e-4 -0.1554999 0.193 -0.03749996 7.5e-4 0.19775 -0.02831298 7.5e-4 0.19775 -0.03057199 7.5e-4 0.189885 -0.111 7.5e-4 0.19775 -0.101813 7.5e-4 0.19775 -0.108703 7.5e-4 0.191594 7.5e-4 -0.009991943 0.19775 7.5e-4 -0.138015 0.183679 7.5e-4 -0.130412 0.184927 7.5e-4 -0.135892 0.1899009 -7.5e-4 -0.243 0.1055 7.5e-4 -7.5e-4 0.1546559 -7.5e-4 7.5e-4 0.1546559 7.5e-4 -0.05619996 0.07154297 -0.1325449 -0.353452 0.01287496 -0.002249956 -0.432672 0.03053694 -0.002249956 -0.43797 0.02775698 -0.002249956 -0.443267 0.02497696 7.5e-4 -0.44925 0.02124994 7.5e-4 -0.443176 0.02263599 -0.002249956 -0.425875 0.04038494 7.5e-4 -0.424655 0.03740596 -0.002249956 -0.429273 0.03546094 -0.129045 7.5e-4 0.148322 -0.124886 7.5e-4 0.141607 -0.110027 -0.04501795 0.19925 -0.106129 -0.04047 0.19925 -0.114248 -0.04115498 0.19925 -0.02643799 -0.425875 0.04038494 7.5e-4 -0.44925 0.02124994 -0.002249956 -0.443267 0.02497696 -0.002249956 -0.44925 0.02497696 -0.02643799 -0.432672 0.03053694 -0.02643799 -0.425153 0.04632395 7.5e-4 -0.421952 0.04301899 -0.002249956 -0.424432 0.05226296 -0.002249956 -0.425153 0.04632395 -0.06674998 -0.398779 0.04924994 -0.06674998 -0.406942 0.05052298 -0.06674998 -0.398779 0.05531299 -0.02643799 -0.428675 0.063452 7.5e-4 -0.421952 0.04924994 -0.002249956 -0.426554 0.05785799 -0.084688 -0.2428359 -7.5e-4 -0.08298599 -0.250873 -7.5e-4 -0.06674998 -0.433154 0.06741899 -0.06674998 -0.429065 0.07099199 -0.0345 -0.437632 0.07138597 -0.02643799 -0.437632 0.07138597 -0.002249956 -0.437632 0.07138597 -0.002249956 -0.433154 0.06741899 -0.06506299 -7.5e-4 0.19925 -0.14925 -0.120902 0.19775 7.5e-4 -0.44925 0.07725 7.5e-4 -0.443176 0.07586395 -0.06674998 -0.45445 0.09775 -0.06674998 -0.454697 0.09187495 -0.02643799 -0.44925 0.07424998 -0.002249956 -0.443441 0.07281798 7.5e-4 -0.437101 0.07447695 -0.002249956 -0.455059 0.07281798 7.5e-4 -0.461399 0.07447695 -0.14925 -0.204825 0.01848399 -0.14925 -0.198882 0.024495 -0.14925 -0.19694 0.01718795 7.5e-4 -0.471141 0.06670796 7.5e-4 -0.476919 0.06605398 -0.002249956 -0.460868 0.07138597 7.5e-4 -0.461399 0.07447695 7.5e-4 -0.46627 0.07059198 7.5e-4 -0.471141 0.06670796 -0.002249956 -0.469825 0.063452 -0.002249956 -0.465346 0.06741899 -0.0345 -0.465346 0.06741899 -0.02643799 -0.469825 0.063452 7.5e-4 -0.473845 0.06109398 7.5e-4 -0.476548 0.05548095 -0.002249956 -0.474068 0.05226296 -0.002249956 -0.471946 0.05785799 -0.14925 -0.07275497 0.02129596 -0.14925 -0.06823199 0.01398396 7.5e-4 -0.476548 0.04924994 7.5e-4 -0.476548 0.04301899 -0.002249956 -0.472625 0.04038494 -0.002249956 -0.473347 0.04632395 -0.0345 -0.473347 0.04632395 -0.02643799 -0.473347 0.04632395 -0.06947898 -0.196164 0.152336 -0.06980496 -0.2024 0.1461 -0.02643799 -0.472625 0.04038494 7.5e-4 -0.473845 0.03740596 7.5e-4 -0.471141 0.03179198 -0.002249956 -0.465828 0.03053694 -0.002249956 -0.469227 0.03546094 -0.07832396 -0.03472596 0.19925 -0.06905096 -0.03445798 0.19925 7.5e-4 -0.477807 0.03275799 -0.110704 -0.03504997 0.19925 7.5e-4 -0.46627 0.02790796 7.5e-4 -0.461399 0.02402299 -0.002249956 -0.455233 0.02497696 -0.002249956 -0.460531 0.02775698 -0.02643799 -0.465828 0.03053694 -0.06674998 -0.456192 0.006806969 -0.06674998 -0.460636 7.5e-4 -0.002249956 -0.455233 0.02497696 7.5e-4 -0.461399 0.02402299 7.5e-4 -0.455324 0.02263599 -0.104461 -0.49925 0.007285952 -0.099375 -0.49925 7.5e-4 -0.09552896 -0.49925 0.005335986 -0.112082 -0.194791 0.1537089 -0.115199 -0.198581 0.149919 -7.5e-4 -0.21175 0.13675 -7.5e-4 -0.2055 0.143 -0.005343973 -0.208625 0.1398749 -0.1366569 7.5e-4 0.07914495 -0.135617 7.5e-4 0.08570897 -0.133556 7.5e-4 0.07570099 7.5e-4 -0.2369689 0.07418096 7.5e-4 -0.241575 0.06945997 7.5e-4 -0.236635 0.06563097 -0.07900595 -0.202489 0.1460109 -0.07872897 -0.1962209 0.152279 -0.032857 -0.2947 0.09924995 -0.02155697 -0.308894 0.09924995 7.5e-4 -0.451156 7.5e-4 -0.04021096 -0.28984 0.09775 -0.03957796 -0.288455 0.09924995 -0.04831796 -0.285899 0.09775 -0.05642598 -0.281959 0.09775 -0.05610698 -0.280487 0.09924995 -0.14925 -0.451156 7.5e-4 -0.07424998 -0.27925 0.09775 -0.07424998 -0.27775 0.09924995 -0.08332198 -0.279119 0.09924995 -0.07884401 -0.270625 0.09924995 -0.03285396 -0.116879 0.19925 -0.03745299 -0.112342 0.19925 -0.14925 -0.369142 0.04489099 -0.14925 -0.373104 0.03937697 -0.14925 -0.37603 0.04737997 7.5e-4 -0.45104 0.09775 7.5e-4 -0.4467 0.09262496 -0.05642598 -0.281959 7.5e-4 -0.04831796 -0.285899 7.5e-4 -0.05034798 -0.284913 0.006814956 -0.05642598 -0.281959 0.07349997 -0.04831796 -0.285899 0.07349997 -0.04203099 -0.10784 0.19925 -0.07424998 -0.27925 7.5e-4 -0.07424998 -0.27775 -7.5e-4 -0.06517797 -0.279118 -7.5e-4 -0.14925 -0.45104 0.09775 -0.14925 -0.454485 0.09262496 -0.083162 -0.280604 7.5e-4 -0.09207397 -0.281959 7.5e-4 -0.05642598 -0.281959 7.5e-4 -0.05610698 -0.280487 -7.5e-4 -0.04784196 -0.284471 -7.5e-4 7.5e-4 -0.366153 0.03753399 -0.02613598 -0.300945 -7.5e-4 -0.02706897 -0.302183 7.5e-4 -0.03363996 -0.296012 7.5e-4 -0.04021096 -0.28984 7.5e-4 -0.03957796 -0.288455 -7.5e-4 -0.032857 -0.2947 -7.5e-4 -0.04021096 -0.28984 7.5e-4 -0.03363996 -0.296012 7.5e-4 -0.06174999 -0.274808 -7.5e-4 -0.04780095 -0.175136 -7.5e-4 -0.10829 -0.28984 7.5e-4 -0.1001819 -0.285899 7.5e-4 -0.09207397 -0.281959 0.09775 -0.1001819 -0.285899 0.09775 -0.09815198 -0.284913 0.09168499 -0.09207397 -0.281959 0.02499997 -0.1001819 -0.285899 0.02499997 -0.09815198 -0.284913 0.018938 -0.1148599 -0.296012 7.5e-4 -0.05431395 -0.456454 0.09924995 -0.05992197 -0.459278 0.09924995 -0.05374199 -0.463091 0.09924995 -0.10829 -0.28984 0.02499997 -0.111575 -0.292926 0.02196896 -0.10829 -0.28984 0.09775 -0.1148599 -0.296012 0.09775 -0.122364 -0.300945 0.09924995 -0.121431 -0.302183 0.09775 -0.108922 -0.288455 0.09924995 -0.115643 -0.2947 0.09924995 -0.09207397 -0.281959 0.09775 -0.1006579 -0.284471 0.09924995 -0.126944 -0.308894 0.09924995 -0.125872 -0.310028 0.09775 -0.121431 -0.302183 0.09168797 -0.131523 -0.316844 0.09924995 -0.130313 -0.317873 0.09775 -0.125872 -0.310028 0.09775 -0.1355839 -0.334738 0.09924995 -0.134132 -0.335493 0.09775 -0.1322219 -0.326683 0.09775 -0.130313 -0.317873 0.09775 -0.131523 -0.316844 0.09924995 -0.133554 -0.325791 0.09924995 -0.134885 -0.343886 0.09924995 -0.122804 -0.451069 0.09924995 -0.1219969 -0.459647 0.09924995 -0.121431 -0.302183 0.02499997 -0.125872 -0.310028 0.02499997 -0.14925 -0.132187 0.09270495 -0.14925 -0.131853 0.08353096 -0.134132 -0.335493 0.09775 -0.133339 -0.344473 0.09775 -0.1335369 -0.342224 0.09168499 -0.134186 -0.353033 0.09924995 -0.1325449 -0.353452 0.09775 -0.133339 -0.344473 0.09775 -0.130819 -0.361568 0.09924995 -0.1325449 -0.353452 0.09775 -0.1291199 -0.36179 0.09775 -0.1325449 -0.353452 0.09168797 7.5e-4 -0.308625 0.008724987 7.5e-4 -0.311375 7.5e-4 7.5e-4 -0.303609 7.5e-4 -0.127452 -0.370102 0.09924995 -0.125694 -0.370128 0.09775 -0.1291199 -0.36179 0.09775 -0.134132 -0.335493 7.5e-4 -0.134885 -0.343886 -7.5e-4 -0.130313 -0.317873 7.5e-4 -0.1322219 -0.326683 7.5e-4 -0.125872 -0.310028 7.5e-4 -0.126944 -0.308895 -7.5e-4 7.5e-4 -0.128543 0.01468199 -0.06674998 -0.398779 0.06137496 7.5e-4 -0.368969 0.005481958 -0.102136 -0.242465 0.106035 -0.09991496 -0.238376 0.110124 -0.14925 -0.03771996 0.19775 -0.14775 -0.02859395 0.19925 -0.130819 -0.361568 -7.5e-4 -0.1325449 -0.353452 7.5e-4 -0.1291199 -0.36179 7.5e-4 -0.14925 -0.01770597 0.152153 -0.14925 -0.01560395 0.145223 -0.14925 -0.02493995 0.1482959 -0.119947 -0.377072 7.5e-4 -0.1159819 -0.384424 -7.5e-4 -0.121717 -0.377263 -7.5e-4 -0.14925 -0.163237 0.132655 -0.14925 -0.165405 0.141571 -0.125694 -0.370128 0.09775 -0.119947 -0.377073 0.09775 -0.125694 -0.370128 0.09168797 -0.10839 -0.389574 -7.5e-4 -0.14925 -0.041269 0.132459 -0.14925 -0.04430997 0.1378999 -0.14925 -0.035245 0.1366389 -0.114199 -0.384017 0.09775 -0.106647 -0.388941 0.09775 -0.100798 -0.394725 0.09924995 -0.099096 -0.393864 0.09775 -0.106647 -0.388941 0.09775 -0.114199 -0.384017 0.09775 -0.1159819 -0.384424 0.09924995 -0.10839 -0.389574 0.09924995 -0.1159819 -0.384424 0.09924995 -0.114199 -0.384017 0.09775 -0.119947 -0.377073 0.09775 -0.125694 -0.370128 0.09775 -0.127452 -0.370102 0.09924995 -0.121717 -0.377263 0.09924995 -0.122407 -0.38668 0.09924995 -0.121717 -0.377263 0.09924995 -0.128283 -0.386148 0.09924995 -0.099096 -0.393864 0.09775 -0.100798 -0.394725 0.09924995 -0.09202396 -0.397406 0.09924995 -0.099096 -0.393864 0.09775 -0.08324998 -0.400088 0.09924995 -0.08174997 -0.398779 0.09775 -0.09042298 -0.396322 0.09775 -0.008566975 -0.42606 0.09924995 -0.009238958 -0.433001 0.09924995 -0.099375 -0.49775 -7.5e-4 -0.091313 -0.49925 7.5e-4 7.5e-4 -0.414725 0.08538496 -0.14925 -0.489984 7.5e-4 -0.14925 -0.428008 0.08338999 -0.14925 -0.431384 0.076909 -0.14925 -0.43509 0.08572596 -0.14925 -0.175475 0.09488695 -0.14925 -0.169245 0.090213 -0.07057595 -0.07392197 0.19925 -0.06993299 -0.08326995 0.19925 -0.14925 -0.301378 0.075661 -0.02091795 -0.49925 0.03707295 -0.01468199 -0.49925 0.04397499 -0.01818698 -0.317873 7.5e-4 -0.01697695 -0.316844 -7.5e-4 -0.01494699 -0.325791 -7.5e-4 -0.02155697 -0.308894 -7.5e-4 -0.02262794 -0.310028 7.5e-4 -0.01291596 -0.334738 -7.5e-4 -0.01436799 -0.335493 7.5e-4 -0.01627796 -0.326683 7.5e-4 -0.01361495 -0.343886 -7.5e-4 -0.02706897 -0.302183 7.5e-4 -0.02262794 -0.310028 7.5e-4 -0.02706897 -0.302183 0.006812989 -0.14925 -0.08497798 0.106685 -0.01818698 -0.317873 7.5e-4 -0.03495097 -0.212015 -7.5e-4 -0.02813595 -0.217404 -7.5e-4 -0.01494699 -0.325791 0.09924995 -0.01818698 -0.317873 0.09775 -0.01627796 -0.326683 0.09775 -0.107945 -0.01045894 0.19925 -0.112026 -0.01464599 0.19925 -0.104157 -0.01492196 0.19925 -0.01595497 -0.353452 7.5e-4 -0.01516199 -0.344473 7.5e-4 -0.01436799 -0.335493 7.5e-4 -0.01496297 -0.342224 0.006814956 -0.02104794 -0.370102 -7.5e-4 -0.02280598 -0.370128 7.5e-4 -0.01937997 -0.36179 7.5e-4 -0.01291596 -0.334738 0.09924995 -0.006832957 -0.338588 0.09924995 -0.008355975 -0.32986 0.09924995 -0.01516199 -0.344473 0.09775 -0.01361495 -0.343886 0.09924995 -0.14925 -0.1527259 0.185382 -0.01937997 -0.36179 0.09775 -0.017681 -0.361568 0.09924995 -0.139271 -0.356825 0.09924995 -0.02280598 -0.370128 0.09775 -0.01937997 -0.36179 0.09775 -0.02280598 -0.370128 7.5e-4 -0.02104794 -0.370102 -7.5e-4 -0.02678298 -0.377263 -7.5e-4 -0.03430098 -0.384017 7.5e-4 -0.02855396 -0.377073 7.5e-4 -0.02280598 -0.370128 7.5e-4 -0.02855396 -0.377073 7.5e-4 -0.02711498 -0.375334 0.006814956 -0.03430098 -0.384017 7.5e-4 -0.03251796 -0.384424 -7.5e-4 -0.04010999 -0.389575 -7.5e-4 -0.04940396 -0.393864 7.5e-4 -0.04185295 -0.388941 7.5e-4 -0.02855396 -0.377073 0.07349997 -0.02280598 -0.370128 0.07956296 -0.04185295 -0.388941 7.5e-4 -0.02280598 -0.370128 0.09775 -0.02855396 -0.377073 0.09775 -0.09207397 -0.281959 0.067438 -0.04010999 -0.389575 0.09924995 7.5e-4 -0.252643 0.05451196 7.5e-4 -0.256849 0.06078797 7.5e-4 -0.259519 0.05235797 -0.03430098 -0.384017 0.07349997 -0.04185295 -0.388941 0.07349997 -0.03430098 -0.384017 0.07956296 -0.05998897 -0.438423 0.09924995 -0.05447 -0.433955 0.09924995 -0.04940396 -0.393864 7.5e-4 -0.04770195 -0.394725 -7.5e-4 -0.05647599 -0.397406 -7.5e-4 -0.05647599 -0.397406 -7.5e-4 -0.05807697 -0.396322 7.5e-4 -0.04940396 -0.393864 7.5e-4 -7.5e-4 -0.451156 -7.5e-4 7.5e-4 -0.443391 7.5e-4 -0.07533997 -0.06862097 0.19925 -0.07899898 -0.07360196 0.19925 -0.07630896 -0.111574 0.19925 -0.068843 -0.110476 0.19925 -0.14775 -0.2492499 -7.5e-4 -0.14775 -0.241484 -7.5e-4 -0.06674998 -0.418183 0.01153498 -0.06674998 -0.42534 0.01356995 -0.06674998 -0.42092 0.01599699 -0.05807697 -0.396322 0.09775 -0.06524997 -0.400088 0.09924995 -0.06674998 -0.398779 0.09775 -0.06674998 -0.404965 0.09775 -0.06674998 -0.45445 0.09775 7.5e-4 -0.322208 0.04753297 7.5e-4 -0.321623 0.05469495 7.5e-4 -0.327914 0.05167996 -0.04912495 -0.49775 0.09924995 -0.05718797 -0.49925 0.09775 7.5e-4 -0.375696 0.047077 7.5e-4 -0.379913 0.05430299 7.5e-4 -0.381967 0.04734998 7.5e-4 -0.145438 0.06653797 7.5e-4 -0.154209 0.06734198 -0.03301995 -0.44317 -7.5e-4 -0.04074096 -0.49925 0.03364998 -0.04045295 -0.49925 0.04084098 7.5e-4 -0.131749 0.07830995 7.5e-4 -0.124664 0.075167 -0.14925 -0.112139 0.135773 -0.14925 -0.106739 0.1299549 7.5e-4 -0.09398597 0.163805 7.5e-4 -0.09348195 0.1722339 7.5e-4 -0.09960699 0.168591 -0.103716 -0.043724 -7.5e-4 -0.09681695 -0.04515099 -7.5e-4 -0.109869 -0.08177798 0.19925 -0.106273 -0.07686197 0.19925 -0.14775 -0.466688 0.09924995 -0.14925 -0.474395 0.09775 -0.14925 -0.471141 0.03179198 -0.14925 -0.46627 0.02790796 -0.14925 -0.394233 0.031017 -0.14925 -0.400246 0.03191798 -0.14925 -0.461399 0.02402299 -0.14625 -0.460531 0.02775698 -0.14625 -0.455233 0.02497696 -0.14925 -0.44925 0.02124994 -0.14925 -0.455324 0.02263599 -0.14925 -0.46627 0.02790796 -0.14925 -0.44925 0.02124994 -0.14625 -0.455233 0.02497696 -0.14625 -0.44925 0.02497696 -0.14925 -0.471141 0.03179198 -0.14925 -0.473845 0.03740596 -0.14925 -0.476548 0.04301899 -0.14625 -0.474068 0.05226296 -0.122063 -0.474068 0.05226296 -0.14925 -0.400314 0.09398895 -0.08174997 -0.49775 0.04924994 -0.08174997 -0.49775 0.04318797 -0.08174997 -0.491649 0.04851895 -0.05642598 -0.281959 0.03106296 7.5e-4 -0.120041 0.1516579 7.5e-4 -0.125654 0.149766 -0.08174997 -0.49775 0.05531299 -0.08174997 -0.491829 0.05606597 -0.122063 -0.471946 0.05785799 -0.14925 -0.476548 0.04924994 -0.14925 -0.476548 0.05548095 -0.14925 -0.473845 0.06109398 -0.06674998 -0.398779 0.07349997 -0.06674998 -0.398779 0.07956296 -0.122063 -0.460868 0.07138597 -0.122063 -0.465346 0.06741899 -0.14925 -0.471141 0.06670796 -0.14625 -0.465346 0.06741899 -0.09531998 -0.236163 0.112337 -0.01395297 -0.03833597 0.19925 -0.14925 -0.455324 0.07586395 -0.14925 -0.461399 0.07447695 -0.122063 -0.455059 0.07281798 -0.124078 -0.433154 0.06741899 -0.114 -0.433154 0.06741899 -0.122063 -0.437632 0.07138597 -0.14925 -0.335736 0.04396599 -0.105938 -0.428675 0.063452 -0.14925 -0.427359 0.06670796 -0.14625 -0.428675 0.063452 -0.14625 -0.433154 0.06741899 -0.14925 -0.424655 0.06109398 -0.14625 -0.437632 0.07138597 -0.14925 -0.43223 0.07059198 7.5e-4 -0.294052 0.01469796 -0.14775 -0.3735 0.09924995 -0.14925 -0.37319 0.09775 -0.14925 -0.380975 0.09775 -0.14925 -0.44925 0.07725 -0.14925 -0.443176 0.07586395 -0.139688 -0.49775 0.09924995 -0.1118299 7.5e-4 0.05030298 -0.138562 7.5e-4 0.1485 -0.132782 7.5e-4 0.1546429 -0.14925 -0.05587798 0.03554898 -0.14925 -0.05256599 0.03004598 -7.5e-4 7.5e-4 0.123875 -0.007639944 7.5e-4 0.130031 -0.14925 -0.198299 0.107731 -0.14925 -0.422293 0.02927595 -0.14925 -0.416248 0.03031694 -0.06674998 -0.49775 0.03106296 -0.06674998 -0.49775 0.03712499 -0.06674998 -0.491469 0.03490895 -0.03698599 -0.01263296 0.19925 -0.032561 -0.007613956 0.19925 -0.04209399 -0.005390942 0.19925 7.5e-4 -7.5e-4 0.160813 7.5e-4 -0.006558954 0.164625 7.5e-4 -0.215302 0.07770198 7.5e-4 -0.1657029 0.01335096 7.5e-4 -0.171403 0.01536095 7.5e-4 -0.169519 0.006169974 -0.118256 -0.415346 -7.5e-4 -0.125371 -0.413692 -7.5e-4 -0.1219519 -0.40674 -7.5e-4 -0.02161496 7.5e-4 0.159334 -0.01662498 7.5e-4 0.163512 -0.110596 7.5e-4 0.173123 -0.1155869 7.5e-4 0.179268 -0.05862498 -0.417036 0.09924995 7.5e-4 -0.40537 0.03731298 7.5e-4 -0.398115 0.03917294 7.5e-4 -0.405422 0.04569596 -0.006380975 -0.397271 -7.5e-4 -0.01251995 -0.402736 -7.5e-4 -0.14925 -0.217476 0.09569895 -0.14925 -0.318694 0.09775 -0.14925 -0.145792 0.05903595 -0.121268 -0.161118 -7.5e-4 -0.127892 -0.166986 -7.5e-4 -0.132647 -0.173342 -7.5e-4 7.5e-4 -0.40433 0.09775 -0.06695997 -0.159478 -7.5e-4 -0.07266098 -0.16537 -7.5e-4 -0.14925 -0.09877896 0.155026 -0.14925 -0.100854 0.14917 -0.14925 -0.105044 0.155804 -0.04923796 -0.139281 -7.5e-4 -0.04138594 -0.1388919 -7.5e-4 -0.008209943 -0.129218 -7.5e-4 -0.006717979 -0.119444 -7.5e-4 7.5e-4 -0.130382 0.05783295 7.5e-4 -0.1257269 0.05331999 -0.02348196 -0.293674 -7.5e-4 -0.01923894 -0.289309 -7.5e-4 7.5e-4 -0.121472 0.03946495 7.5e-4 -0.126117 0.033822 -0.05128097 -0.246125 0.102375 -0.04004496 -0.279111 -7.5e-4 -0.14925 -0.04696196 0.19775 -0.09262496 7.5e-4 0.19775 -0.08343797 7.5e-4 0.19775 -0.09032797 7.5e-4 0.191594 -0.143156 -0.07964098 0.19925 -7.5e-4 -0.093562 0.19925 -0.005343973 -0.08892196 0.19925 -0.07884401 -0.152375 0.196125 -0.07424998 -0.14925 0.19925 -0.074965 -0.242962 0.105538 7.5e-4 -0.02785998 0.07628798 7.5e-4 -0.02637797 0.06998598 -0.14925 -7.5e-4 0.191594 -0.14925 -7.5e-4 0.19775 -0.090559 -0.03175395 -7.5e-4 7.5e-4 -7.5e-4 0.130031 7.5e-4 -7.5e-4 0.123875 -7.5e-4 7.5e-4 0.130031 -0.14925 -0.05215597 0.175218 -0.14925 -0.209799 0.121185 -0.14925 -0.208787 0.113568 7.5e-4 -0.07559096 0.183003 7.5e-4 -0.104044 0.135176 7.5e-4 -0.09652799 0.138274 7.5e-4 -0.105069 0.141234 -7.5e-4 7.5e-4 7.5e-4 -0.009937942 7.5e-4 7.5e-4 -0.005343973 7.5e-4 0.003827989 -0.06656497 7.5e-4 0.09929597 -0.00604099 -0.107779 -7.5e-4 -0.005065977 -0.114056 -7.5e-4 -0.01247298 -0.114159 -7.5e-4 -0.05329698 7.5e-4 0.143108 -0.005022943 -0.276423 -7.5e-4 -0.14925 -0.087861 0.09280997 -0.121366 -0.185092 -7.5e-4 -0.08174997 -0.435893 0.09775 -0.08174997 -0.434115 0.089522 -0.08174997 -0.429707 0.09775 -0.03657197 -0.432507 0.09924995 -0.04249399 -0.437991 0.09924995 -0.03440696 -0.440906 0.09924995 -0.14925 -0.169457 0.09816795 -0.14925 -0.163572 0.09494996 -0.14925 -0.171164 0.08306497 -0.08981299 -0.455233 0.02497696 -0.14925 -0.34762 0.03083598 -0.14925 -0.343511 0.023781 -0.14925 -0.351598 0.02429699 -0.09663599 -0.01500499 0.19925 -0.09926295 -0.101088 -7.5e-4 -0.14925 -0.1964499 0.008948981 -0.14925 -0.177487 0.01394695 -0.14925 -0.179249 0.02108198 -0.01595497 -0.353452 0.09775 -0.123545 -0.45963 -7.5e-4 -0.118303 -0.460232 -7.5e-4 -0.135663 -0.464754 -7.5e-4 -0.01675099 -0.449915 0.09924995 -0.02180194 -0.445209 0.09924995 -0.05148398 -0.448826 0.09924995 -0.05889999 -0.446641 0.09924995 -0.05834299 -0.452576 0.09924995 7.5e-4 -0.332369 0.01216596 7.5e-4 -0.33768 0.007728993 7.5e-4 -0.329586 0.006172955 7.5e-4 -0.335534 0.01938396 -0.1325449 -0.353452 0.04924994 -0.08174997 -0.473577 0.07064795 -0.08174997 -0.479799 0.06995397 -0.08174997 -0.476186 0.06568598 -0.06674998 -0.485397 0.068632 -0.06674998 -0.476806 0.06596398 -0.06674998 -0.484029 0.06215995 -0.06674998 -0.486768 0.07631099 -0.06674998 -0.492931 0.07115095 -0.02706897 -0.302183 0.03106296 -0.03363996 -0.296012 0.04924994 -0.07208096 -0.099119 -7.5e-4 -0.07904899 -0.104443 -7.5e-4 7.5e-4 -0.152516 0.176837 7.5e-4 -0.149628 0.170569 -0.07518696 7.5e-4 0.04163599 -0.03460997 7.5e-4 0.006711959 -0.04103398 7.5e-4 0.01407498 -0.02675998 7.5e-4 0.02560698 -0.14925 -0.322503 0.03323799 -0.14925 -0.330053 0.03689295 -0.08882999 -0.132076 -7.5e-4 -0.08514696 -0.126397 -7.5e-4 -0.08403199 -0.135852 -7.5e-4 -0.131585 -0.267841 0.09924995 -0.139077 -0.264726 0.09924995 -0.109304 -0.127182 -7.5e-4 -0.11642 -0.1319079 -7.5e-4 -0.11695 -0.124819 -7.5e-4 -0.08815699 7.5e-4 0.09227401 -0.08479696 7.5e-4 0.09862595 -0.132988 -0.348436 0.03366696 7.5e-4 -0.193348 0.07690095 -0.118849 -0.08984798 -7.5e-4 -0.118758 -0.09809899 -7.5e-4 -0.12633 -0.09436297 -7.5e-4 -0.111872 -0.102556 -7.5e-4 -0.119572 -0.104791 -7.5e-4 -0.09105896 -0.139257 -7.5e-4 -0.14925 -0.04872596 0.143123 -0.14925 -0.05442595 0.1419489 -0.14925 -0.05175495 0.149535 -0.08174997 -0.485369 0.04509299 -0.08174997 -0.48495 0.03854298 -0.08174997 -0.478996 0.04182696 -0.14011 -0.06016695 -7.5e-4 -0.08566796 -0.219987 -7.5e-4 -0.07935398 -0.222357 -7.5e-4 -0.08489996 -0.227015 -7.5e-4 -0.03985798 -0.448247 -7.5e-4 -0.089356 -0.449 0.09924995 -0.09431397 -0.448006 0.09924995 -0.09134298 -0.454856 0.09924995 -0.027951 -0.26155 0.09924995 -0.117499 -0.258405 0.09924995 -0.123488 -0.253652 0.09924995 -0.091313 -0.49925 7.5e-4 -0.09326398 -0.272362 -7.5e-4 -0.14925 -7.5e-4 0.191594 -0.14925 -7.5e-4 0.185438 -0.14925 -0.005904972 0.193217 -0.01241195 -0.078709 -7.5e-4 7.5e-4 -0.26543 0.01359099 7.5e-4 -0.260476 0.01785695 -0.14925 -0.03358095 0.01743698 -0.14925 -0.02693694 0.01189094 -0.01476496 -0.339983 0.09471899 -0.01436799 -0.335493 0.09775 -0.14925 -0.05724895 0.127113 -0.14925 -0.05962395 0.120289 -0.133453 -0.273456 0.09924995 -0.138921 -0.270386 0.09924995 -0.14925 -0.282116 0.03235197 -0.14925 -0.275672 0.03070497 -0.14925 -0.281953 0.02472496 -0.08174997 -0.451586 0.01933997 -0.08174997 -0.45041 0.01357799 7.5e-4 -0.03629297 0.06652098 7.5e-4 -0.03038495 0.06506896 7.5e-4 -0.02007395 0.04128998 7.5e-4 -0.017515 0.047867 7.5e-4 -0.02477395 0.04725396 7.5e-4 -0.189155 0.01623296 7.5e-4 -0.18528 0.019997 -0.14925 -0.08320897 0.06316 -0.14925 -0.09003198 0.0629 -0.14925 -0.085711 0.07062995 7.5e-4 -0.08671897 0.124287 7.5e-4 -0.08948796 0.129492 -0.14925 -0.399366 0.01120495 -0.14925 -0.404982 0.01579797 -0.14925 -0.397457 0.01760399 -0.14925 -0.417466 0.02400594 -0.14925 -0.07781696 0.134651 -0.14925 -0.08317196 0.12994 -0.14925 -0.02351498 0.09643799 -0.133339 -0.344472 0.04320299 -0.133339 -0.344473 0.04924994 -0.114793 -0.139704 -7.5e-4 -0.122053 -0.138642 -7.5e-4 -0.14925 -0.179875 0.07348799 -0.14925 -0.173315 0.07513195 -0.14925 -0.182353 0.09363198 7.5e-4 -0.225997 0.08143699 7.5e-4 -0.228645 0.07455998 7.5e-4 -0.234648 0.097557 7.5e-4 -0.2317489 0.09235197 7.5e-4 -0.228359 0.09820497 -0.133468 -0.22598 -7.5e-4 -0.009081959 -0.09974896 -7.5e-4 -0.01274198 -0.094347 -7.5e-4 -0.007129967 -0.09402096 -7.5e-4 -0.14925 -0.028445 0.048123 -0.09241098 7.5e-4 0.06712996 -0.14925 -0.225796 0.008380949 -0.14925 -0.222496 0.01347798 -0.031331 -0.09939199 -7.5e-4 -0.02416598 -0.102871 -7.5e-4 -0.03258395 -0.105091 -7.5e-4 -0.034868 -0.08637797 -7.5e-4 -0.03286498 -0.09286695 -7.5e-4 -0.03871196 -0.090061 -7.5e-4 -0.07424998 -0.27925 0.04924994 -0.130125 -0.425875 0.04038494 -0.03922897 -0.47713 0.09924995 -0.031892 -0.473074 0.09924995 -0.14925 -0.157172 0.02676194 -0.14925 -0.159826 0.02039396 -0.14925 -0.16294 0.02663099 -0.05677998 7.5e-4 0.149452 -0.05976897 7.5e-4 0.143048 -0.06300395 7.5e-4 0.150229 -0.14925 -0.05516898 0.135441 -0.14925 -0.05003398 0.137373 -0.08761799 -0.281282 0.04621899 -0.09207397 -0.281959 0.04924994 -0.14925 -0.115024 0.1293759 7.5e-4 -0.01923495 0.19775 7.5e-4 -0.01505398 0.192306 7.5e-4 -0.481938 0.05241698 7.5e-4 -0.479776 0.06118696 -0.14925 -0.06986397 0.145101 -0.14925 -0.06400996 0.145928 -0.14925 -0.06621098 0.139313 -0.14925 -0.058281 0.1474199 -0.14925 -0.05555099 0.1546249 -0.14925 -0.141764 0.01254397 -0.14925 -0.149607 0.01299399 -0.14925 -0.15222 0.005802989 -0.14925 -0.156413 0.013659 -0.03411996 -0.076438 -7.5e-4 -0.03805798 -0.08099496 -7.5e-4 -0.04073697 -0.07444399 -7.5e-4 -0.09808397 -0.462135 0.09924995 -0.14925 -0.01674097 0.1855289 -0.01707595 -0.272071 0.09924995 -0.07870596 -0.279927 0.01590597 -0.083162 -0.280605 0.018938 -0.14925 -0.262603 0.030514 -0.14925 -0.252138 0.046094 -0.14925 -0.258097 0.04979997 -0.08761799 -0.281282 0.04015594 -0.04570496 -0.228718 -7.5e-4 -0.04839497 -0.220473 -7.5e-4 -0.08457797 -0.2342669 -7.5e-4 -0.078381 -0.230462 -7.5e-4 -0.09266597 -0.215714 -7.5e-4 -0.14925 -0.197311 0.03282296 -0.14925 -0.212121 0.04248595 -0.14925 -0.209778 0.037292 -0.14925 -0.216737 0.03877496 -0.14925 -0.122713 0.188639 -0.14925 -0.131779 0.187519 -0.08761799 -0.281282 0.02196896 -0.08761799 -0.281282 0.01590597 -0.07946497 -0.258757 -7.5e-4 -0.14925 -0.31476 0.02412295 -0.14925 -0.311073 0.01888197 -0.14925 -0.319374 0.01825594 7.5e-4 -0.1997489 0.088198 7.5e-4 -0.196734 0.08298295 7.5e-4 -0.2027249 0.09344297 -0.06674998 -0.461637 0.08566695 -0.06674998 -0.457077 0.08086997 -0.06674998 -0.46287 0.07725197 7.5e-4 -0.228945 0.08682096 7.5e-4 -0.236081 0.0866 -0.14925 -0.32201 0.06642597 -0.14925 -0.327198 0.06126695 -0.14925 -0.328237 0.06930297 -0.14925 -0.336147 0.05087399 -0.03884798 -0.271273 0.09924995 -0.14925 -0.256755 0.089127 -0.14925 -0.253041 0.08507096 -0.04920595 7.5e-4 0.08852398 -0.04619896 7.5e-4 0.08388 -0.08174997 -0.411475 0.04449898 -0.08174997 -0.418917 0.04408496 -0.08174997 -0.412504 0.04943597 7.5e-4 -0.385142 0.06974101 7.5e-4 -0.379944 0.06634795 -0.06674998 -0.413326 0.03230196 -0.06674998 -0.405553 0.03490895 -0.14925 -0.100512 0.171102 -0.14925 -0.103327 0.177494 7.5e-4 -0.04274296 0.179554 7.5e-4 -0.04636496 0.185448 7.5e-4 -0.05041599 0.1796669 -0.08174997 -0.443049 0.08578199 -0.08174997 -0.441739 0.078341 -0.08174997 -0.436826 0.08433198 7.5e-4 -0.209183 0.012757 7.5e-4 -0.207329 0.01974397 7.5e-4 -0.210422 7.5e-4 7.5e-4 -0.208262 0.006552994 -0.14925 -0.132264 0.06437498 -0.14925 -0.137286 0.06131398 7.5e-4 -0.207716 0.035335 7.5e-4 -0.201876 0.03134298 -0.14925 -0.287486 0.09045696 -0.14925 -0.289467 0.08530497 -0.14925 -0.29292 0.09100598 -0.129667 7.5e-4 0.135992 -0.120947 7.5e-4 0.13475 -0.126251 7.5e-4 0.129348 -0.116985 7.5e-4 0.140368 -0.02208697 -0.03047996 -7.5e-4 -0.02210998 -0.02299594 -7.5e-4 -0.01564198 -0.024737 -7.5e-4 -0.083162 -0.280605 0.04318797 -0.03149598 -0.190823 -7.5e-4 -0.03030395 -0.196931 -7.5e-4 -0.03681498 -0.193241 -7.5e-4 -0.14925 -0.05239295 0.120223 -0.14925 -0.05018299 0.125779 -0.14925 -0.04514497 0.120254 -0.14925 -0.142451 0.148425 -0.14925 -0.15039 0.146114 -0.14925 -0.140597 0.03983795 -0.14925 -0.145985 0.05255299 -0.14925 -0.14353 0.04550695 -0.14925 -0.15049 0.04763698 -0.14925 -0.26682 0.06835895 -0.14925 -0.264264 0.053532 -0.14925 -0.265812 0.06053894 -0.14925 -0.259185 0.05786198 -0.112 -0.410334 0.09924995 -0.10412 -0.402155 0.09924995 -0.109641 -0.403246 0.09924995 -0.07424998 -0.27925 0.07956296 -0.06854099 -0.280118 0.08467799 7.5e-4 -0.221891 0.08734697 -0.02195399 -0.091852 -7.5e-4 -0.01775598 -0.09741598 -7.5e-4 -0.026232 -0.09571295 -7.5e-4 -0.07870596 -0.279927 0.02196896 -0.137878 -0.1460289 -7.5e-4 -0.133058 -0.148882 -7.5e-4 -0.142801 -0.14328 -7.5e-4 -0.07206898 7.5e-4 0.167362 -0.08012396 7.5e-4 0.167082 -0.14925 -0.05200797 0.04278796 -0.14925 -0.05689495 0.04686498 -0.14925 -0.05203396 0.05148196 -0.126603 -0.262122 -7.5e-4 -0.125863 -0.254335 -7.5e-4 -0.14925 -0.333872 0.03018599 -0.14925 -0.335871 0.02352696 -0.14925 -0.340314 0.03039896 7.5e-4 -0.03205198 0.144282 7.5e-4 -0.03562694 0.151714 -0.14925 -0.07799196 0.186384 -0.14925 -0.07812398 0.193741 7.5e-4 -0.311948 0.07404297 7.5e-4 -0.307552 0.06568199 -0.083162 -0.280605 0.02499997 7.5e-4 -0.2135199 0.03251695 7.5e-4 -0.213503 0.03970396 7.5e-4 -0.153677 0.07299298 7.5e-4 -0.1562719 0.07839 7.5e-4 -0.1603029 0.07397896 -0.14039 -0.368285 0.09924995 7.5e-4 -0.272547 7.5e-4 7.5e-4 -0.270894 0.006773948 7.5e-4 -0.276457 0.00802499 -0.04873299 7.5e-4 0.06551396 -0.05186694 7.5e-4 0.070311 -0.14925 -0.02597498 0.164565 -0.14925 -0.02405995 0.157162 7.5e-4 -0.268196 0.06906098 7.5e-4 -0.05503398 0.102976 7.5e-4 -0.04684299 0.104445 -0.083875 -0.236946 0.111554 -0.08926695 -0.234995 0.113505 7.5e-4 -0.1337 0.109803 7.5e-4 -0.140907 0.111977 -0.03430098 -0.384017 0.06137496 -0.04185295 -0.388941 0.06137496 -0.14925 -0.1480939 0.113027 -0.14925 -0.1520259 0.118869 7.5e-4 -0.473845 0.06109398 -0.14925 -0.06628 0.157082 -0.14925 -0.06047898 0.158176 -0.14925 -0.06215697 0.1526629 -0.09452295 -0.470776 0.09924995 -0.099972 -0.469979 0.09924995 -0.09756696 7.5e-4 0.04310399 -0.09634196 7.5e-4 0.03132396 -0.1009719 7.5e-4 0.02537596 7.5e-4 -0.129029 0.069884 7.5e-4 -0.124683 0.138916 -0.130334 7.5e-4 0.107122 -0.1357679 7.5e-4 0.111006 -0.06524699 -0.280618 0.07924896 -0.03839099 -0.04442697 -7.5e-4 -0.02666896 -0.057971 -7.5e-4 -0.02258998 -0.05162996 -7.5e-4 -7.5e-4 7.5e-4 0.09309399 -0.01250696 7.5e-4 0.09304898 -0.039195 7.5e-4 0.19033 7.5e-4 -0.118898 0.08592295 7.5e-4 -0.119326 0.07881599 -0.09510099 -0.49925 0.082237 -0.09851598 -0.49925 0.07668995 -0.09114998 -0.09354197 -7.5e-4 -0.117298 7.5e-4 0.09866398 -0.125147 7.5e-4 0.094186 -0.02907097 -0.1627759 -7.5e-4 -0.03668898 -0.16304 -7.5e-4 7.5e-4 -7.5e-4 0.013062 7.5e-4 -0.006568968 0.008432984 7.5e-4 -7.5e-4 0.006905972 -0.06674998 -0.432799 0.01284199 -0.13504 -0.442239 -7.5e-4 -0.133981 -0.436146 -7.5e-4 -0.02620899 -0.468477 0.09924995 -0.14925 -0.289176 0.07881897 -0.05024796 7.5e-4 0.1613709 -0.05687099 7.5e-4 0.161411 -0.14925 -0.338401 0.08463096 -0.14925 -0.340515 0.09100395 -0.14925 -0.357619 0.09775 -0.14925 -0.361767 0.092157 7.5e-4 -0.486382 0.03383898 7.5e-4 -0.49199 0.03033995 7.5e-4 -0.04679799 0.008533 7.5e-4 -0.03819096 0.008748948 7.5e-4 -0.04442197 0.014081 -0.14925 -0.475725 0.07151997 -0.14925 -0.482579 0.067326 -0.14925 -0.482523 0.07500797 7.5e-4 -0.492449 0.06293296 7.5e-4 -0.49775 0.067438 -0.128076 7.5e-4 0.07959598 -0.127716 7.5e-4 0.07236397 -0.02890199 -0.240119 -7.5e-4 -0.14925 -7.5e-4 0.111563 -0.14925 -0.009766995 0.113301 -0.14925 -7.5e-4 0.117719 -0.14925 -0.01766598 0.114486 -0.14925 -0.01403599 0.1079 -0.14925 -0.116552 0.104272 -0.14925 -0.116933 0.097911 -0.14925 -0.123637 0.1041139 -0.14925 -0.116593 0.07809096 -0.14925 -0.116954 0.08449196 -0.14925 -0.11166 0.08026295 7.5e-4 -0.167677 0.154267 7.5e-4 -0.168992 0.161727 -0.141242 -0.120596 -7.5e-4 -0.03430098 -0.384017 0.04318797 -0.14925 -0.04942595 0.182228 -0.14925 -0.385245 0.07751697 -0.14925 -0.390168 0.06977897 -0.14925 -0.01096099 0.08809095 7.5e-4 -0.1314409 0.05088394 7.5e-4 -0.126834 0.04536497 -0.058492 -0.09248995 -7.5e-4 -0.05929797 -0.100172 -7.5e-4 -0.06450599 -0.094769 -7.5e-4 -0.04487198 7.5e-4 0.124454 -0.04528999 7.5e-4 0.13122 -0.03934597 7.5e-4 0.130365 7.5e-4 -0.19256 0.05971896 -0.14925 -0.33273 0.09100395 -0.03122597 7.5e-4 0.151978 -0.02465099 7.5e-4 0.153115 -0.02921795 7.5e-4 0.1459299 -0.03747498 7.5e-4 0.161707 -0.034271 7.5e-4 0.156836 -0.04093497 7.5e-4 0.155813 -0.14925 -0.254345 0.005355 -0.14925 -0.087951 0.169383 -0.14925 -0.09420996 0.1687729 7.5e-4 -0.145134 0.02969294 7.5e-4 -0.140456 0.03505498 7.5e-4 -0.13625 0.04010999 7.5e-4 -0.129338 0.03961396 7.5e-4 -0.133498 0.04511195 -0.02747595 -0.393728 0.09924995 -0.03720694 -0.395094 0.09924995 -0.14925 -0.294524 0.03435897 -0.14925 -0.286208 0.03705298 -0.14925 -0.289072 0.03219497 -0.14925 -0.300887 0.02386796 -0.14925 -0.296976 0.01996296 -0.14925 -0.162346 0.114662 -0.14925 -0.158866 0.119698 -0.14925 -0.167483 0.10935 -0.05055099 -0.454967 -7.5e-4 -0.05551296 -0.459237 -7.5e-4 7.5e-4 -0.174683 0.04105895 7.5e-4 -0.173114 0.04614597 7.5e-4 -0.18145 0.04575097 -0.14925 -0.124053 0.133384 -0.14925 -0.118428 0.13451 -0.14925 -0.123545 0.05472397 -0.14925 -0.11364 0.03919595 -0.14925 -0.108843 0.04405295 -0.104161 7.5e-4 0.167403 -0.107094 7.5e-4 0.161974 7.5e-4 -0.03266894 0.07180595 7.5e-4 -0.03300499 0.077977 -0.02938896 7.5e-4 0.05310499 -0.03327798 7.5e-4 0.04813897 -0.03500998 7.5e-4 0.05479794 -0.06674998 -0.491564 0.09775 -0.06674998 -0.488014 0.09077095 -0.06674998 -0.48705 0.08321595 -0.06674998 -0.481906 0.07922399 -0.055031 -0.49925 0.05679696 -0.04992794 -0.49925 0.05396097 -0.05003398 -0.49925 0.06149399 -0.03488099 -0.49925 0.04543995 -0.040564 -0.49925 0.04759997 -0.08068597 7.5e-4 0.06088995 -0.073978 7.5e-4 0.06074994 -0.1148599 -0.296012 0.018938 -0.118146 -0.299097 0.02196896 -0.05142396 7.5e-4 0.129835 -0.05604797 7.5e-4 0.1365799 -0.116108 -0.028382 -7.5e-4 -0.14925 -0.320075 0.05335998 -0.14925 -0.32597 0.05494195 7.5e-4 -0.330133 0.04589295 7.5e-4 -0.333925 0.05303597 7.5e-4 -0.338612 0.04864698 7.5e-4 -0.02715498 0.04072999 -0.14925 -0.1809599 0.02816998 -0.14925 -0.1774089 0.033867 -0.14925 -0.174939 0.02736395 -0.14925 -0.171244 0.04451698 -0.112047 7.5e-4 0.104454 -0.110068 7.5e-4 0.098827 -0.06025397 -0.118833 -7.5e-4 -0.06500899 -0.116488 -7.5e-4 7.5e-4 -0.381864 0.09140795 7.5e-4 -0.387727 0.09255897 7.5e-4 -0.386282 0.08718997 -0.133735 -0.339983 0.04621899 -0.14925 -0.484535 0.03077095 -0.14925 -0.249095 0.08034497 -0.14925 -0.245267 0.07520598 -0.14925 -0.252679 0.07440698 7.5e-4 -0.182932 0.01371097 7.5e-4 -0.20257 0.01269698 -0.14925 -0.02404695 7.5e-4 -0.14925 -0.03181296 7.5e-4 -0.1332899 -0.311502 -7.5e-4 -0.05658596 -0.426081 0.09924995 -0.04985195 -0.428983 0.09924995 -0.02046799 -0.03494298 0.19925 -0.03490799 -0.397898 -7.5e-4 -0.03593999 -0.403494 -7.5e-4 -0.09226095 -0.137539 0.19925 -0.08510798 -0.13971 0.19925 -0.02232199 -0.428796 -7.5e-4 -0.02502495 -0.423388 -7.5e-4 -0.01818698 -0.317873 0.03106296 -0.04389196 7.5e-4 0.161445 -0.02767795 7.5e-4 0.158052 -0.14925 -0.21584 0.114921 -0.14925 -0.2115989 0.1269519 -0.06524997 -0.461127 0.09924995 -0.06524997 -0.455023 0.09924995 -0.116668 -0.217074 0.131426 -0.110192 -0.216161 0.132339 -0.02768397 -0.49925 0.03770399 -0.02710795 -0.49925 0.03095895 -0.137607 -0.177893 -7.5e-4 -0.142305 -0.184238 -7.5e-4 -0.143127 -0.174368 -7.5e-4 -0.11782 -0.279469 0.09924995 -0.124731 -0.279361 0.09924995 -0.123681 -0.284969 0.09924995 -0.04892295 -0.1979759 -7.5e-4 -0.051952 -0.1926479 -7.5e-4 -0.04423195 -0.192347 -7.5e-4 -0.134154 -0.49925 0.04231399 -0.01197296 -0.433291 -7.5e-4 -0.01271498 -0.424597 -7.5e-4 -0.02272099 -0.165621 -7.5e-4 -0.01486998 -0.166361 -7.5e-4 -0.01870399 -0.171124 -7.5e-4 7.5e-4 -0.176 0.140121 -0.03591799 7.5e-4 0.184908 -0.02865397 7.5e-4 0.185096 -0.14925 -0.05651897 0.075643 -0.14925 -0.04901897 0.076393 -0.14925 -0.05454498 0.06888997 7.5e-4 -0.123017 0.185364 7.5e-4 -0.114939 0.185468 -0.089226 7.5e-4 0.130576 -0.09624999 7.5e-4 0.132525 -0.08682996 7.5e-4 0.144048 -0.091699 7.5e-4 0.137396 -0.095007 7.5e-4 0.143768 -0.14925 -0.07111996 0.173494 -0.14925 -0.07800298 0.1794599 -0.14925 -0.07093 0.18211 -0.01240897 -0.155429 -7.5e-4 -0.01002198 -0.150014 -7.5e-4 -0.006291985 -0.155671 -7.5e-4 -0.134132 -0.335493 0.05531299 -0.133041 -0.347841 0.05379694 -0.09130799 -0.224113 -7.5e-4 -0.020374 -0.261903 -7.5e-4 -0.01381599 -0.261558 -7.5e-4 -0.01732295 -0.267424 -7.5e-4 -0.13571 -0.258814 0.09924995 -0.142005 -0.255064 0.09924995 -0.106419 -0.175283 -7.5e-4 -0.137186 -0.206157 -7.5e-4 -0.14291 -0.206179 -7.5e-4 -0.13406 -0.198285 -7.5e-4 -0.131227 -0.190409 -7.5e-4 -0.14925 -0.07346099 0.139653 -0.008305966 -0.371066 -7.5e-4 7.5e-4 -0.08913499 0.08094 7.5e-4 -0.08935099 0.08683097 7.5e-4 -0.2075499 0.02806597 7.5e-4 -0.213403 0.02545499 -0.05189698 7.5e-4 0.04951995 7.5e-4 -0.458922 7.5e-4 7.5e-4 -0.08920598 0.02535599 7.5e-4 -0.08214199 0.02630198 7.5e-4 -0.08877897 0.03156095 -0.14925 -0.455324 0.02263599 -0.14925 -0.44925 0.02124994 -0.14925 -0.238891 0.05538898 7.5e-4 -0.49775 0.03712499 7.5e-4 -0.492449 0.04162997 -0.07367998 -0.136237 0.19925 -0.07654696 -0.14357 0.19925 -0.07024997 -0.143196 0.19925 -0.14925 -0.07784795 0.068075 -0.14925 -0.173379 0.063407 -0.14925 -0.1698279 0.06955897 -0.14925 -0.167483 0.062756 -0.14925 -0.188993 0.09005999 7.5e-4 -0.462099 0.08313697 7.5e-4 -0.450145 0.08749997 7.5e-4 -0.455868 0.08185595 -0.14925 -0.463789 0.092278 -0.14925 -0.455324 0.07586395 7.5e-4 -0.066096 0.1692759 7.5e-4 -0.05928599 0.171186 7.5e-4 -0.06777596 0.163025 -0.06153398 -0.252362 -7.5e-4 -0.068084 -0.254144 -7.5e-4 -0.02438497 -0.480155 0.09924995 -0.14925 -0.01655995 0.159193 -0.14925 -0.02062594 0.165102 -0.14925 -0.215161 0.03236597 -0.14925 -0.130008 0.09955596 -0.14925 -0.136094 0.07410699 -0.14925 -0.139197 0.07971799 -0.14925 -0.131546 0.07673299 -0.14925 -0.42233 0.07205998 -0.14925 -0.423238 0.07825696 -0.14925 -0.416082 0.07379996 7.5e-4 -0.02347099 0.09919196 7.5e-4 -0.02805995 0.08914995 -0.14925 -0.274597 0.06867998 -0.14925 -0.273345 0.06277197 -0.114529 7.5e-4 0.11511 -0.1058959 7.5e-4 0.11539 -0.109179 7.5e-4 0.110202 -0.14925 -0.034105 0.175962 -0.14925 -0.03257298 0.183143 -0.14925 -0.02747195 0.179279 7.5e-4 -0.418786 0.02067995 7.5e-4 -0.412398 0.03329998 7.5e-4 -0.407285 0.02852797 -0.04567694 -0.04709094 -7.5e-4 -0.12155 -0.259992 -7.5e-4 -0.02482998 -0.17276 -7.5e-4 7.5e-4 -0.05183798 0.135132 -0.08636099 -0.1566309 -7.5e-4 -0.006388962 -0.175812 0.1726869 -0.006746947 -0.1715289 0.176971 -0.02235698 -0.06318998 -7.5e-4 -0.048096 7.5e-4 0.09986197 7.5e-4 -0.2108139 0.127674 -0.14925 -0.01897597 0.06192797 7.5e-4 -0.15387 0.108862 7.5e-4 -0.1591629 0.106752 7.5e-4 -0.09865295 0.04227697 -0.05644798 -0.488359 0.09924995 -0.05446594 -0.479309 0.09924995 -0.05969697 -0.481137 0.09924995 7.5e-4 -0.03313398 0.136692 -0.14925 -0.381763 0.083983 -0.01801997 -0.456459 0.09924995 -0.01070195 -0.462063 0.09924995 -0.14925 -0.146202 0.100763 -0.14925 -0.1300399 0.122883 -0.14925 -0.136095 0.122963 -0.14925 -0.29498 0.05105298 -0.14925 -0.291898 0.05589497 -0.14925 -0.308409 0.047876 7.5e-4 -0.377931 0.01184099 7.5e-4 -0.373229 0.01692599 7.5e-4 -0.380183 0.01757895 -0.07307296 -0.122967 0.19925 -0.072093 -0.115851 0.19925 -0.07963198 -0.11984 0.19925 -0.132853 -0.429889 -7.5e-4 -0.1404179 -0.4245 -7.5e-4 -0.14925 -0.214478 0.047414 -0.14925 -0.221939 0.063232 -0.14925 -0.219484 0.05776298 -0.14925 -0.226167 0.05931597 -0.08174997 -0.484282 0.03189098 -0.08174997 -0.491469 0.03490895 -0.02095496 7.5e-4 0.178426 -0.02279597 7.5e-4 0.18459 -0.0162 7.5e-4 0.183743 -0.06674998 -0.485358 0.05093896 -0.06674998 -0.485741 0.04495298 -0.14925 -0.05477094 0.08186 -0.14925 -0.04988294 0.08511996 -0.03949499 -0.126678 -7.5e-4 -0.05415296 -0.133755 -7.5e-4 -0.14925 -0.227705 0.102935 -0.14925 -0.221942 0.108862 -0.14925 -0.224025 0.114641 -0.115643 -0.2947 0.09924995 -0.115683 -0.28827 0.09924995 7.5e-4 -0.345834 0.05093097 -0.124374 -0.246244 -7.5e-4 -0.1313779 -0.249877 -7.5e-4 7.5e-4 -0.109858 0.159021 7.5e-4 -0.114718 0.154989 7.5e-4 -0.10765 0.152776 -0.05513995 -0.478197 -7.5e-4 -0.04998695 -0.480719 -7.5e-4 -0.04311698 -0.464267 -7.5e-4 -0.03863596 -0.459218 -7.5e-4 -0.05738794 -0.239629 -7.5e-4 -0.06395399 -0.2400979 -7.5e-4 -0.120003 -0.377005 0.07986098 -0.14925 -0.09365499 0.068439 -0.14925 -0.09747797 0.07324898 -0.14925 -0.09150797 0.07524996 -0.14925 -0.270044 0.03407496 7.5e-4 -0.07659 0.01601999 7.5e-4 -0.08366096 0.01414096 7.5e-4 -0.08166295 0.008381962 -0.114041 -0.400013 -7.5e-4 -0.12113 -0.397954 -7.5e-4 7.5e-4 -0.282901 0.02804797 7.5e-4 -0.274752 0.02506595 7.5e-4 -0.275496 0.03185099 7.5e-4 -0.05948096 0.02506899 -0.109788 7.5e-4 0.06060099 -0.10261 7.5e-4 0.06115496 -0.100404 7.5e-4 0.06716901 -0.095577 7.5e-4 0.06103599 7.5e-4 -0.1315439 0.1658149 -0.14925 -0.2248409 0.07569098 -0.14925 -0.229117 0.07192498 -0.14925 -0.2337729 0.06782996 -0.14925 -0.232711 0.06163299 -0.117771 -0.379701 0.074193 -0.12282 -0.3736 0.07653099 7.5e-4 -0.38489 0.06219595 7.5e-4 -0.392269 0.057787 7.5e-4 -0.386097 0.05349296 -0.051449 -0.448263 -7.5e-4 -0.08174997 -0.477691 0.02861797 -0.08174997 -0.481846 0.02330398 -0.045753 -0.209663 -7.5e-4 -0.04513496 -0.203905 -7.5e-4 -0.03934997 -0.206687 -7.5e-4 -0.14925 -0.48133 0.05887198 -0.14925 -0.487381 0.05882596 -0.109688 -0.221361 -7.5e-4 -0.103129 -0.222685 -7.5e-4 -0.108215 -0.227509 -7.5e-4 7.5e-4 -0.007464945 0.06851297 7.5e-4 -0.007464945 0.06235694 7.5e-4 -0.122853 0.01655596 7.5e-4 -0.126559 0.02202999 7.5e-4 -0.133378 0.03419196 -0.01109194 -0.319322 0.09924995 7.5e-4 -0.03349995 0.109979 7.5e-4 -0.03010499 0.102999 7.5e-4 -0.02584296 0.109997 -0.02859699 -0.07296597 -7.5e-4 -0.133554 -0.325791 0.09924995 -0.141667 -0.323057 0.09924995 -0.140145 -0.32986 0.09924995 7.5e-4 -0.49775 0.02499997 7.5e-4 -0.236069 0.016258 7.5e-4 -0.299961 0.03816395 7.5e-4 -0.300374 0.04881399 7.5e-4 -0.294407 0.04672598 -0.14925 -0.297674 0.05931997 -0.12282 -0.3736 0.08259397 -0.01366597 -0.197035 -7.5e-4 7.5e-4 -0.05321496 0.119851 7.5e-4 -0.04669696 0.121471 7.5e-4 -0.05208295 0.12725 7.5e-4 -0.327422 0.03659498 7.5e-4 -0.33011 0.02976399 -0.14925 -0.073583 0.07205098 7.5e-4 -0.05966299 0.117102 7.5e-4 -0.06372195 0.112228 7.5e-4 -0.06012898 0.10855 -0.14925 -0.356565 0.06061595 -0.14925 -0.37006 0.06023496 -0.14925 -0.363257 0.05621397 -0.06392097 -0.02991199 0.19925 -0.123485 -0.227694 0.120806 -0.14925 -0.220607 0.07945895 -0.093382 -0.181858 -7.5e-4 -0.08577096 -0.179737 -7.5e-4 -0.09961199 -0.178313 -7.5e-4 7.5e-4 -0.364168 0.01046395 7.5e-4 -0.366546 0.01608699 7.5e-4 -0.361204 0.005481958 -0.01595497 -0.353452 0.04318797 -0.02023798 -0.363877 0.04318797 7.5e-4 -0.09361898 0.10188 7.5e-4 -0.095362 0.09557795 7.5e-4 -0.08701395 0.09904396 -0.14925 -0.01157397 0.006959974 -0.14925 -0.02277499 0.006289958 -0.14925 -0.017587 0.01408398 -0.08174997 -0.480862 0.07590496 -0.06674998 -0.486861 0.01346898 -0.14925 -0.2347 0.01855999 -0.1166999 7.5e-4 0.07788598 -0.121335 7.5e-4 0.07437598 7.5e-4 -0.115452 0.110266 7.5e-4 -0.1223379 0.105626 7.5e-4 -0.121134 0.114838 7.5e-4 -0.125111 0.120995 7.5e-4 -0.1276119 0.114459 -0.14925 -0.07792198 0.08575099 -0.14925 -0.077389 0.07842099 -0.113383 -0.472163 -7.5e-4 -0.119595 -0.476807 -7.5e-4 -0.1186079 -0.468703 -7.5e-4 -0.1116459 -0.120378 0.19925 -0.1198379 -0.121989 0.19925 -0.137821 -0.102766 0.19925 -0.133841 -0.09810096 0.19925 -0.129233 -0.101729 0.19925 -0.143156 -0.08892196 0.19925 -0.138562 -0.084279 0.19925 -0.134759 -0.07956296 0.19925 -0.130067 -0.08337795 0.19925 -0.009937942 -0.08428096 0.19925 -0.01329797 -0.08885598 0.19925 -0.005343973 -0.07964098 0.19925 7.5e-4 -0.327334 0.08529496 7.5e-4 -0.332693 0.08619296 -0.133177 -0.331088 0.02196896 -0.1322219 -0.326683 0.018938 -0.1322219 -0.326683 0.02499997 -0.143156 -0.07035899 0.19925 -0.138544 -0.065759 0.19925 -0.133994 -0.06234699 0.19925 -0.138563 -0.04715597 0.19925 -0.134042 -0.04238796 0.19925 -0.143156 -0.05179697 0.19925 -0.06522595 -0.139585 0.19925 -0.06506299 -0.14925 0.19925 -0.06843596 -0.135688 0.19925 -0.00762999 -0.01641196 0.19925 -0.005343973 -0.116766 0.19925 -0.009934961 -0.121428 0.19925 -0.01452898 -0.126065 0.19925 -0.01913797 -0.121394 0.19925 -0.005899965 -0.04028898 0.19925 -0.08343499 -0.01004099 0.19925 -0.08797895 -0.01482599 0.19925 -0.04607498 -0.139271 0.19925 -0.03743696 -0.138993 0.19925 -0.132246 -0.007700979 0.19925 -0.138563 -0.121406 0.19925 -0.134591 -0.115956 0.19925 -0.143156 -0.126047 0.19925 -0.138563 -0.139969 0.19925 -0.143156 -0.144609 0.19925 -0.1351979 -0.135383 0.19925 -0.04745799 -0.01017296 0.19925 -0.04275995 -0.01521795 0.19925 -0.06505995 -0.01003396 0.19925 -0.107731 -0.126659 0.19925 -0.09988099 -0.1319169 0.19925 -0.005343973 -0.1353279 0.19925 -0.009937942 -0.139969 0.19925 -0.01912397 -0.13903 0.19925 -0.101813 -0.139969 0.19925 -0.106387 -0.135526 0.19925 -0.09534698 -0.144177 0.19925 -0.119597 -0.139277 0.19925 -0.111585 -0.138976 0.19925 -0.009937942 -0.1028439 0.19925 -0.01352298 -0.108509 0.19925 -0.005343973 -0.098203 0.19925 -0.009937942 -0.065719 0.19925 -0.01329499 -0.07029795 0.19925 -0.005343973 -0.06107795 0.19925 -0.02831 -0.139852 0.19925 -0.02442395 -0.135263 0.19925 -0.14925 -0.105443 0.09572398 -0.14925 -0.1060979 0.08892995 -0.14925 -0.111421 0.093239 -0.123059 -0.005380988 0.19925 -0.119345 -0.009480953 0.19925 -0.1201879 -7.5e-4 0.19925 -0.01417797 -0.49925 0.02516698 -0.02080899 -0.49925 0.02963095 -0.04268598 7.5e-4 0.03930497 -0.039608 7.5e-4 0.03443998 -0.118137 -0.2246699 -7.5e-4 -0.117317 -0.231294 -7.5e-4 -0.131135 -0.07978397 -7.5e-4 -0.123331 -0.08227896 -7.5e-4 -0.01929396 7.5e-4 0.01089698 -0.02371895 7.5e-4 0.005366981 -0.131268 -0.322278 0.02196896 -0.04716998 -0.25926 -7.5e-4 -0.04128295 -0.261959 -7.5e-4 -0.105421 -0.120135 0.19925 -0.108153 -0.115108 0.19925 -0.14925 -0.179671 0.115725 7.5e-4 -0.08376801 0.153977 7.5e-4 -0.087601 0.1491529 7.5e-4 -0.080136 0.149718 -0.03283399 -0.126115 0.19925 -0.02828198 -0.121452 0.19925 -0.03670597 -0.121544 0.19925 -0.023745 -0.116751 0.19925 -0.03294098 -0.1075389 0.19925 -0.02893096 -0.102272 0.19925 -0.03751999 -0.10299 0.19925 -0.03294897 -0.08900696 0.19925 -0.02890896 -0.083714 0.19925 -0.03752899 -0.08440899 0.19925 7.5e-4 -0.15797 0.01569795 7.5e-4 -0.162605 0.009220957 7.5e-4 -0.155172 0.01014995 -0.14925 -0.06803399 0.02648597 -0.110468 -0.2406499 0.10785 -0.11336 -0.245387 0.103113 -0.107016 -0.245163 0.103337 -0.14925 -0.468483 0.02040499 -0.14925 -0.08371299 0.173961 -0.06516295 7.5e-4 0.162342 -0.05993497 7.5e-4 0.156007 -0.04035794 7.5e-4 0.1673319 -0.140223 -0.49925 0.07047998 -0.07515299 -0.02602398 -7.5e-4 -0.07479697 -0.01838797 -7.5e-4 -0.118579 -0.467889 0.09924995 -0.125123 -0.46641 0.09924995 -0.048599 -0.455552 0.09924995 -0.04414999 -0.450173 0.09924995 -0.14925 -0.04805296 0.09685099 -0.14925 -0.04334998 0.102176 -0.14925 -0.06088799 0.112847 -0.14925 -0.06381398 0.107052 7.5e-4 -0.04602199 0.09203195 7.5e-4 -0.04827594 0.07380598 7.5e-4 -0.05484396 0.07681 -0.142926 -0.268891 -7.5e-4 -0.140406 -0.274146 -7.5e-4 7.5e-4 -0.233814 0.02899098 7.5e-4 -0.240308 0.029814 7.5e-4 -0.409223 0.08175098 7.5e-4 -0.403757 0.07739698 7.5e-4 -0.402306 0.08588397 -0.14925 -0.07763898 0.04774498 -0.02442198 -0.465346 0.06741899 -0.01635897 -0.465346 0.06741899 -0.01837497 -0.469825 0.063452 7.5e-4 -0.09166097 0.07340097 7.5e-4 -0.110287 0.06807798 7.5e-4 -0.112534 0.07527196 7.5e-4 -0.264199 0.09775 -0.03772699 -0.117177 -7.5e-4 -0.138939 -0.49925 0.03442394 -0.135689 -0.02469897 -7.5e-4 -0.142078 -0.03138595 -7.5e-4 -0.14205 -0.02100098 -7.5e-4 -0.09446096 -0.49925 0.07242095 -0.01818698 -0.317873 0.08562499 -0.05781894 -0.05208599 -7.5e-4 -0.05446797 -0.04476898 -7.5e-4 -0.051144 -0.05115598 -7.5e-4 -0.05978596 -0.04017597 -7.5e-4 -0.051539 -0.03889399 -7.5e-4 -0.131268 -0.322278 0.07653099 -0.111638 -0.259384 0.09924995 -0.103865 -0.255577 0.09924995 -0.14925 -0.01542198 0.124595 -0.14925 -0.008868992 0.126729 -0.14925 -0.01317399 0.119453 -0.08237296 -0.02877098 0.19925 7.5e-4 -0.05644798 0.16137 7.5e-4 -0.05151897 0.158016 7.5e-4 -0.06093996 0.16512 -0.02423697 -0.480901 -7.5e-4 -0.02482599 -0.487321 -7.5e-4 -0.03282797 -0.07042795 0.19925 -0.02862495 -0.06517195 0.19925 -0.03730595 -0.06578898 0.19925 -0.14925 -0.09376597 0.05606198 -0.01469898 -0.49925 0.05047297 -0.14925 -0.02153098 0.135509 -0.14925 -0.02917599 0.134209 -0.06524997 -0.461127 -7.5e-4 -0.06033098 -0.46309 -7.5e-4 -0.06524997 -0.467231 -7.5e-4 -0.033351 -0.01244497 -7.5e-4 -0.02783 -0.009903967 -7.5e-4 -0.03749996 -7.5e-4 -7.5e-4 -0.03333896 -0.005099952 -7.5e-4 -0.1187919 -0.180877 0.167623 -0.119281 -0.175278 0.173222 -0.123244 -0.183737 0.164763 7.5e-4 -0.03873896 0.02670997 -0.05425798 -0.49925 0.06835496 -0.05555999 -0.49925 0.06251895 -0.04503995 -0.49925 0.05082297 -0.05001997 -0.49925 0.04705798 -0.119289 -0.437513 -7.5e-4 -0.112767 -0.440801 -7.5e-4 -0.1176429 -0.445394 -7.5e-4 -0.134132 -0.335493 0.07956296 -0.133177 -0.331088 0.07653099 7.5e-4 -0.36182 0.04929399 7.5e-4 -0.355663 0.05047595 -0.09399098 -0.49925 0.08739399 -0.08848398 -0.49925 0.08837199 -0.09584701 -0.49925 0.09320396 -0.14925 -0.132766 7.5e-4 -0.02990496 -0.268672 0.09924995 -0.03566199 -0.264306 0.09924995 -0.00566399 -0.447034 -7.5e-4 -0.02064597 -0.400695 0.09924995 -0.02395695 -0.407221 0.09924995 -0.01644098 -0.409804 0.09924995 7.5e-4 -0.10047 0.101812 7.5e-4 -0.104868 0.107788 -0.107109 -0.460432 0.09924995 -0.104667 -0.466259 0.09924995 -0.04208797 -0.07992196 0.19925 -0.04662096 -0.08477097 0.19925 -0.05047899 -0.08957397 0.19925 -0.05517899 -0.08586895 0.19925 -0.1322219 -0.326683 0.07956296 -0.1322219 -0.326683 0.07349997 7.5e-4 -0.328927 0.071056 7.5e-4 -0.334146 0.06284999 7.5e-4 -0.327727 0.06411099 -0.04170298 -0.061221 0.19925 -0.04641598 -0.06599497 0.19925 -0.05109 -0.07094997 0.19925 -0.05506294 -0.06594097 0.19925 -0.01980096 -0.118869 -7.5e-4 -0.01267194 -0.124537 -7.5e-4 -0.04209494 -0.09853696 0.19925 -0.04593396 -0.103348 0.19925 -0.14925 -0.307937 0.07528299 -0.14925 -0.316411 0.07278299 -0.14925 -0.246679 0.05155599 -0.065714 -0.1300449 -7.5e-4 -0.14925 -0.183094 0.04647296 -0.14925 -0.180136 0.04021495 -0.14925 -0.198158 0.03900694 -0.14925 -0.05183196 0.01271498 -0.14925 -0.05998897 0.01401698 -0.14925 -0.05426496 0.01914995 -0.09474498 -0.463655 -7.5e-4 -0.089657 -0.469572 -7.5e-4 -0.09984195 -0.468163 -7.5e-4 -0.02529799 7.5e-4 0.193134 -0.08324998 -0.461127 -7.5e-4 -0.04112595 -0.198675 -7.5e-4 -0.03570699 -0.200282 -7.5e-4 7.5e-4 -0.04641497 0.15464 7.5e-4 -0.04148799 0.150647 7.5e-4 -0.058088 0.132982 7.5e-4 -0.2203879 0.03052794 -0.101297 -0.169006 0.179494 -0.08822399 -0.116872 0.19925 7.5e-4 -0.05183094 0.04998898 7.5e-4 -0.05850994 0.04820698 7.5e-4 -0.05223798 0.04358595 7.5e-4 -0.05528098 0.03791499 -0.099096 -0.393864 0.03106296 -0.114293 -0.461229 0.09924995 -0.111315 -0.469451 0.09924995 -0.02947294 -0.2242349 0.124265 -0.02781498 -0.23057 0.1179299 -0.01068997 -0.167783 0.180717 -0.138523 -0.2059929 0.142507 -0.133967 -0.208244 0.140256 -0.1376349 -0.211381 0.1371189 -0.13863 -0.218002 0.130498 -0.134834 -0.2151989 0.133301 -0.143156 -0.221125 0.127375 -0.01052099 -0.2055259 0.142974 -0.01332598 -0.208598 0.1399019 -0.005343973 -0.2023749 0.146125 -0.04668796 -0.243 0.1055 -0.05126595 -0.240714 0.1077859 -0.04209399 -0.246125 0.102375 -0.009937942 -0.243 0.1055 -0.005343973 -0.246125 0.102375 -0.01447498 -0.240711 0.107789 -0.02831298 -0.243 0.1055 -0.03285098 -0.240655 0.107845 -0.02371895 -0.246125 0.102375 -0.009937942 -0.1805 0.168 -0.06506299 -0.243 0.1055 -0.07069897 -0.240583 0.107917 -0.06046897 -0.246125 0.102375 -0.138362 -0.192916 0.155584 -0.132845 -0.195555 0.152945 -0.138426 -0.230567 0.117933 -0.133596 -0.233359 0.115141 -0.133823 -0.228217 0.120283 -0.143156 -0.227375 0.121125 -0.08378195 -0.2416549 0.106845 -0.07884401 -0.246125 0.102375 -0.14925 -0.350203 7.5e-4 -0.14925 -0.346244 0.004563987 -0.14925 -0.342438 7.5e-4 -0.01001799 -0.2300029 0.118497 -0.01083797 -0.2242299 0.12427 -0.106406 -0.152375 0.196125 -0.101812 -0.155501 0.192999 -0.09718799 -0.158636 0.189864 -0.1023 -0.161364 0.1871359 -0.05128097 -0.152375 0.196125 -0.04670798 -0.1554999 0.193 -0.06965595 -0.152375 0.196125 -0.06505995 -0.1554999 0.193 -0.06037998 -0.158098 0.190402 -0.06405895 -0.161379 0.187121 -0.08803099 -0.152375 0.196125 -0.08343499 -0.1554999 0.193 -0.07872098 -0.158608 0.1898919 -0.083036 -0.161728 0.186772 -0.005343973 -0.196125 0.152375 -0.01109397 -0.1912 0.1572999 -0.14925 -0.280807 0.07124495 -0.1384789 -0.180494 0.168006 -0.02831298 -0.1554999 0.193 -0.02332597 -0.158168 0.1903319 -0.03290599 -0.152375 0.196125 -0.138563 -0.1554999 0.193 -0.138563 -0.14925 0.19925 -0.143156 -0.158625 0.189875 -0.09721899 -0.246125 0.102375 -0.101813 -0.2492499 0.09924995 -0.14925 -0.03174895 0.07762795 -0.14925 -0.02935898 0.08325099 -0.01453095 -0.152375 0.196125 -0.009937942 -0.1554999 0.193 -0.01450198 -0.1586689 0.189831 -0.01054596 -0.218028 0.130472 -0.01085394 -0.212105 0.136395 -0.133969 -0.246125 0.102375 -0.138411 -0.1680819 0.180418 -0.143156 -0.164875 0.183625 -0.124781 -0.152375 0.196125 -0.120185 -0.155498 0.193002 -0.115535 -0.158616 0.189884 -0.120169 -0.161729 0.186771 -0.120507 -0.1677139 0.180786 -0.123418 -0.171672 0.176828 -0.115188 -0.171672 0.176828 -0.111259 -0.261002 -7.5e-4 -0.14925 -0.05378597 0.160876 -0.14925 -0.05893898 0.163814 -0.14925 -0.05300998 0.167083 -0.14925 -0.02764099 0.02940398 -0.14925 -0.02262496 0.03501194 -0.14925 -0.02011895 0.02947795 7.5e-4 -0.417248 0.07827997 7.5e-4 -0.396898 0.08273595 -0.02948999 -0.205258 0.143242 -0.14925 -7.5e-4 0.123875 -0.14925 -0.005995988 0.120502 7.5e-4 -0.152469 0.162513 7.5e-4 -0.09327 0.10757 -0.05894398 -0.203943 -7.5e-4 -0.06377196 -0.2078419 -7.5e-4 -0.06342196 -0.2002789 -7.5e-4 7.5e-4 -0.08879697 0.157823 7.5e-4 -0.08764797 0.1759099 -0.10487 -0.426041 -7.5e-4 -0.105996 -0.42041 -7.5e-4 -0.09889197 -0.423452 -7.5e-4 -0.112361 -0.422936 -7.5e-4 -0.108685 -0.414318 -7.5e-4 -0.04663699 -0.121902 0.19925 -0.04140597 -0.117714 0.19925 -0.123651 -0.306105 0.003780961 -0.01400297 -0.03381198 -7.5e-4 -0.009251952 -0.04119098 -7.5e-4 7.5e-4 -0.07537698 0.035097 7.5e-4 -0.07570999 0.02871596 7.5e-4 -0.06814098 0.03267598 7.5e-4 -0.268494 0.06277197 7.5e-4 -0.150642 0.136237 7.5e-4 -0.15231 0.13059 -0.14925 -0.398827 0.07223296 -0.14925 -0.403236 0.06773996 -0.14925 -0.404997 0.07545995 -0.05107098 -0.2398959 -7.5e-4 -0.05192297 -0.233514 -7.5e-4 -0.04601496 -0.237384 -7.5e-4 -0.04687297 -0.205502 0.1429989 -0.14925 -0.1763859 0.068632 -0.129956 -0.182593 -7.5e-4 -0.04319494 7.5e-4 0.173144 -0.03665798 7.5e-4 0.1732299 -0.137765 -0.007137954 0.19925 -0.128092 -0.313951 0.04621899 7.5e-4 -0.117234 7.5e-4 7.5e-4 -0.118642 0.005958974 -0.14925 -0.096726 0.06185895 -0.14925 -0.101797 0.06653898 -0.128092 -0.313951 0.04015594 7.5e-4 -0.1091549 0.113602 7.5e-4 -0.106701 0.119883 7.5e-4 -0.06855899 0.03984695 7.5e-4 -0.08164995 0.03205394 7.5e-4 -0.08007097 0.03823095 7.5e-4 -0.02319699 0.028126 7.5e-4 -0.02000194 0.03361898 -0.07941997 7.5e-4 0.1310369 -0.07204496 7.5e-4 0.1366609 -0.06953901 7.5e-4 0.130273 -0.124164 -0.492033 -7.5e-4 -0.106729 -0.49925 0.05089998 -0.09899997 -0.49925 0.05344897 -0.105299 -0.49925 0.05710399 7.5e-4 -0.215663 0.06301397 7.5e-4 -0.210675 0.06617498 7.5e-4 -0.213243 0.07103198 7.5e-4 -0.207951 0.123626 7.5e-4 -0.203371 0.117577 -0.08186697 7.5e-4 0.08024597 -0.076191 7.5e-4 0.08656495 -0.07269698 7.5e-4 0.08048397 7.5e-4 -0.05955898 0.188647 7.5e-4 -0.06544697 0.19775 7.5e-4 -0.06509995 0.186866 -0.112078 -0.09487396 -7.5e-4 -0.112218 -0.08826798 -7.5e-4 -0.14925 -0.205025 0.09844499 -0.14925 -0.1986539 0.101699 -0.117156 -0.412085 0.09924995 -0.1235859 -0.415266 0.09924995 -0.01428997 -0.366684 -7.5e-4 -0.04623299 -0.193 0.1554999 -0.06473398 -0.193538 0.154962 7.5e-4 -0.410648 0.04110097 7.5e-4 -0.41203 0.04702198 7.5e-4 -0.416172 0.04230695 -0.065373 -0.205515 0.142985 7.5e-4 -0.294264 0.07241696 7.5e-4 -0.202284 0.046525 7.5e-4 -0.201692 0.052468 -0.02834296 -0.271343 -7.5e-4 -0.02209895 -0.272383 -7.5e-4 -0.03031396 -0.266205 -7.5e-4 -0.03599697 -0.266104 -7.5e-4 -0.01937997 -0.36179 7.5e-4 -0.02280598 -0.370128 0.006812989 -0.01852297 -0.359703 0.006813943 -0.14925 -0.378602 0.04125797 -0.14925 -0.378626 0.03287297 -0.14925 -0.383085 0.03884094 7.5e-4 -0.01210695 0.02077096 7.5e-4 -0.018601 0.01796299 7.5e-4 -0.01270699 0.01397496 7.5e-4 -0.009456992 0.02779895 -0.04817199 -0.16078 -7.5e-4 -0.04765695 -0.168888 -7.5e-4 -0.05506598 -0.157549 -7.5e-4 -0.06028598 -0.16285 -7.5e-4 7.5e-4 -0.357384 0.07418495 7.5e-4 -0.357114 0.08302396 7.5e-4 -0.363381 0.07979398 7.5e-4 -0.346417 0.06584 7.5e-4 -0.351675 0.06980895 7.5e-4 -0.351439 0.06148898 7.5e-4 -0.189693 0.141072 7.5e-4 -0.196012 0.139263 7.5e-4 -0.1884649 0.134571 -0.05044394 7.5e-4 0.05843496 -0.06674998 -0.483792 0.03883296 -0.06674998 -0.478858 0.04356795 -0.06674998 -0.476545 0.03267699 7.5e-4 -0.010975 0.03304195 7.5e-4 -0.01725596 0.02533495 -0.009615957 -0.02556496 0.19925 -0.01241898 -0.03246498 0.19925 -0.00533396 -0.03497499 0.19925 -0.03156799 -0.03891497 -7.5e-4 -0.02890896 -0.04510796 -7.5e-4 -0.08319097 -0.193157 0.1553429 7.5e-4 -0.1474789 0.01044195 7.5e-4 -0.151923 0.005424976 7.5e-4 -0.1441569 0.005424976 -0.03152298 -0.1696439 0.178856 -0.03591495 -0.174023 0.174477 -0.04552495 -0.492332 -7.5e-4 -0.05485898 -0.491711 -7.5e-4 -0.05001395 -0.486733 -7.5e-4 -0.122721 -0.02497899 -7.5e-4 7.5e-4 -0.02219098 0.117502 7.5e-4 -0.02596598 0.122434 -0.132489 -0.49925 0.03551697 -0.127273 -0.49925 0.03768098 7.5e-4 -0.107912 0.05939698 7.5e-4 -0.11493 0.06170594 -0.13554 -0.49236 0.09924995 -0.131117 -0.489106 0.09924995 -0.14925 -0.112061 0.107793 -0.14925 -0.106118 0.103303 -0.14925 -0.1112599 0.10014 7.5e-4 -0.08870595 0.05934 -0.06342399 7.5e-4 0.136527 -0.08174997 -0.479193 0.09775 -0.08174997 -0.473007 0.09775 7.5e-4 -0.106049 0.14687 -0.1132169 -0.294468 0.067438 -0.06536996 -0.179153 0.169347 -0.14925 -0.04262 0.09392899 -0.14925 -0.05431997 0.09577596 -0.14925 -0.04992794 0.09117895 -0.14925 -0.02710098 0.140096 -0.14925 -0.02118998 0.142113 -0.04021096 -0.28984 0.07956296 -7.5e-4 7.5e-4 0.166969 -0.005436956 7.5e-4 0.157939 7.5e-4 -0.08279496 0.171401 7.5e-4 -0.07975798 0.17623 7.5e-4 -0.46661 0.09775 7.5e-4 -0.219834 0.104789 -0.14925 -0.00691998 0.02600795 -0.14925 -0.008035957 0.01380294 -0.06802797 7.5e-4 0.117844 -0.07490396 7.5e-4 0.112105 -0.08086299 7.5e-4 0.105175 -0.07150095 7.5e-4 0.105448 7.5e-4 -0.387078 0.04484599 -0.08376199 -0.205699 0.142801 7.5e-4 -0.146262 0.083741 7.5e-4 -0.055013 0.183923 7.5e-4 -0.05290895 0.191635 -0.049151 7.5e-4 0.11798 -0.055628 7.5e-4 0.111778 -0.05865299 7.5e-4 0.117898 -0.06212997 7.5e-4 0.105542 -0.05275595 7.5e-4 0.105725 7.5e-4 -0.132501 0.06355899 -0.01057499 -0.255729 -7.5e-4 7.5e-4 -0.06578099 0.07938295 7.5e-4 -0.07083398 0.07430398 -0.01473796 -0.282288 0.09924995 -0.007562994 -0.285668 0.09924995 -0.009568989 -0.27853 0.09924995 -0.06674998 -0.489769 0.008196949 -0.06674998 -0.485379 7.5e-4 -0.06674998 -0.491564 7.5e-4 -0.04021096 -0.28984 0.07349997 -0.14925 -0.144553 0.136282 -0.14925 -0.147679 0.142032 -0.14925 -0.139975 0.140702 -0.14925 -7.5e-4 0.08693796 -0.14925 -0.005269944 0.09028196 -0.14925 -7.5e-4 0.09309399 -0.03035396 -0.299097 0.07653099 -0.03035497 -0.299097 0.08259397 -0.08174997 -0.486848 0.08857095 -0.08174997 -0.485379 0.09775 -0.08174997 -0.491564 0.09775 -0.006844997 -0.467498 0.09924995 -0.143129 -0.347312 -7.5e-4 -0.08174997 -0.429707 0.09775 -0.08324998 -0.430607 0.09924995 -0.14925 -0.132009 0.172689 -0.14925 -0.124823 0.17184 -0.06674998 -0.429707 7.5e-4 -0.06524997 -0.424503 -7.5e-4 -0.06524997 -0.430607 -7.5e-4 -0.06674998 -0.439945 0.008644998 -0.06674998 -0.435893 0.09775 -0.06674998 -0.429707 0.09775 -0.06674998 -0.436139 0.09187495 -0.08174997 -0.404965 0.01287496 -0.06674998 -0.404965 7.5e-4 7.5e-4 -0.397478 0.06285697 7.5e-4 -0.390823 0.06383895 -0.14925 -0.350128 0.05959194 -0.14925 -0.35525 0.05330395 -0.06674998 -0.41115 0.09775 -0.06674998 -0.404965 0.09775 -0.06674998 -0.407344 0.09297096 -0.08174997 -0.404965 0.09775 -0.08324998 -0.406192 0.09924995 -0.14925 -0.158194 0.09621 -0.14925 -0.157164 0.08971995 -0.08174997 -0.460636 7.5e-4 -0.08174997 -0.456376 0.008060991 -0.08174997 -0.460636 0.09775 -0.08174997 -0.466822 0.09775 -0.08174997 -0.460882 0.09187495 -0.08174997 -0.45445 0.09775 -0.08324998 -0.448919 0.09924995 -0.08324998 -0.455023 0.09924995 -0.105276 -0.225515 0.122985 -0.104846 -0.229416 0.119084 -0.06674998 -0.45445 7.5e-4 -0.06674998 -0.455205 0.08628898 -0.09629899 7.5e-4 0.07396495 -0.132144 7.5e-4 0.09194999 -0.139559 7.5e-4 0.09693396 -0.131613 7.5e-4 0.09886795 7.5e-4 -0.151389 0.116661 -0.14925 -0.1101 0.06899195 -0.14925 -0.10315 0.07279998 -0.05569899 -0.472132 -7.5e-4 -0.05527198 -0.466431 -7.5e-4 -0.02694296 -0.193489 0.1550109 -0.03112 -0.190134 0.158366 -0.02288997 -0.188035 0.160465 -0.092579 -0.44081 -7.5e-4 -0.08786296 -0.446079 -7.5e-4 -0.02706897 -0.302183 0.08562499 -0.02706897 -0.302183 0.07956296 7.5e-4 -7.5e-4 0.160813 -7.5e-4 7.5e-4 0.160813 -0.14925 -7.5e-4 0.1546559 -0.14775 7.5e-4 0.1546559 -0.14925 -7.5e-4 0.1485 -0.14925 -7.5e-4 0.166969 -0.14775 7.5e-4 0.166969 -0.14925 -7.5e-4 0.160813 -0.14925 -7.5e-4 0.136188 -0.14925 -7.5e-4 0.1423439 -0.14775 7.5e-4 0.136188 -0.14925 -0.069799 0.04580098 -0.14925 -0.07163697 0.051768 -7.5e-4 7.5e-4 0.136188 -0.14775 7.5e-4 0.07462495 -0.14925 -7.5e-4 0.07462495 -0.03855395 -0.471366 -7.5e-4 7.5e-4 -7.5e-4 0.06231194 -7.5e-4 7.5e-4 0.06231194 -7.5e-4 7.5e-4 0.02537494 -7.5e-4 7.5e-4 0.03153097 7.5e-4 -7.5e-4 0.02537494 -0.14775 7.5e-4 0.03153097 -0.14775 7.5e-4 0.02537494 7.5e-4 -0.015998 0.137777 7.5e-4 -0.02140998 0.130883 7.5e-4 -0.01205599 0.129899 -0.14925 -7.5e-4 0.006905972 -0.14925 -7.5e-4 0.02537494 -0.14925 -7.5e-4 0.01921898 -0.14925 -0.07018095 0.08201098 -0.14775 7.5e-4 0.09924995 -0.14925 -7.5e-4 0.09924995 -0.14925 -7.5e-4 0.111563 -0.14775 7.5e-4 0.117719 -0.09150499 -0.252835 -7.5e-4 -0.09038698 -0.246224 -7.5e-4 -0.05868798 -0.474068 0.05226296 -7.5e-4 7.5e-4 0.123875 7.5e-4 -7.5e-4 0.173125 -7.5e-4 7.5e-4 0.173125 7.5e-4 -7.5e-4 0.1792809 -0.14925 -7.5e-4 0.185438 -0.133633 -0.04457098 -7.5e-4 -0.1282899 -0.04347199 -7.5e-4 -0.05264198 -0.180366 -7.5e-4 -0.059291 -0.180316 -7.5e-4 -0.09874099 -0.423298 0.09924995 -0.09891098 -0.429722 0.09924995 -0.09084498 -0.424313 0.09924995 -0.14925 -0.06391495 0.050785 7.5e-4 -0.437396 0.092278 -0.14925 -0.444286 0.08202898 7.5e-4 -0.091609 0.06574898 -0.14925 -0.132603 0.10533 -0.05088496 -0.418045 -7.5e-4 -0.04573595 -0.415394 -7.5e-4 -0.04377996 -0.420993 -7.5e-4 7.5e-4 -0.02495098 0.06428498 7.5e-4 -0.03031694 0.08285897 7.5e-4 -0.02401399 0.082439 -0.04878497 -0.08334898 -7.5e-4 -0.05197197 -0.07732295 -7.5e-4 -0.04503899 -0.07875895 -7.5e-4 -0.05603694 -0.08364295 -7.5e-4 7.5e-4 -0.209905 0.06049197 7.5e-4 -0.208164 0.05287295 7.5e-4 -0.213337 0.04693394 7.5e-4 -0.218833 0.04552495 7.5e-4 -0.258716 0.03867197 -0.02483999 7.5e-4 0.105509 -0.135903 7.5e-4 0.130094 -7.5e-4 7.5e-4 0.160813 -7.5e-4 7.5e-4 0.166969 7.5e-4 -7.5e-4 0.166969 -0.008737981 7.5e-4 0.138118 -7.5e-4 7.5e-4 0.136188 -0.14775 7.5e-4 0.130031 -0.140861 7.5e-4 0.1423439 -0.14775 7.5e-4 0.1423439 -0.131662 -0.379177 0.09924995 -0.141045 7.5e-4 0.09207797 -0.14925 -7.5e-4 0.130031 -0.14925 -0.006655991 0.133373 7.5e-4 -7.5e-4 0.166969 7.5e-4 -0.008495986 0.17 -0.01577597 -0.182255 0.166245 -0.04860895 -0.469227 0.03546094 -0.03078097 7.5e-4 0.06564396 -0.02401798 7.5e-4 0.06474196 -0.02986598 7.5e-4 0.05954295 -0.14775 7.5e-4 0.05615597 -0.14925 -7.5e-4 0.05615597 -0.14925 -0.01224499 0.03030395 -0.14925 -0.01432496 0.02335298 -7.5e-4 7.5e-4 0.06231194 -7.5e-4 7.5e-4 0.05615597 -0.14925 -0.193114 0.102784 -0.14925 -0.007677972 0.05605095 -0.14925 -7.5e-4 0.05615597 7.5e-4 -7.5e-4 0.06231194 7.5e-4 -7.5e-4 0.06846898 -0.14925 -0.407211 0.009877979 -0.14925 -0.404563 7.5e-4 -0.14925 -0.412328 7.5e-4 -0.08670699 7.5e-4 0.01921099 -0.09246701 7.5e-4 0.01306098 -0.09582698 7.5e-4 0.01921099 -0.09032797 7.5e-4 0.006905972 -0.05191195 7.5e-4 0.01935595 -0.05631399 7.5e-4 0.01308196 -0.05942296 7.5e-4 0.01919299 -0.06276595 7.5e-4 0.006905972 -0.05357795 7.5e-4 0.006905972 7.5e-4 -0.147689 0.125203 -0.104964 7.5e-4 0.019252 -0.113999 7.5e-4 0.01921796 -0.01322597 -0.31238 -7.5e-4 -0.140862 7.5e-4 0.04384398 -0.14775 7.5e-4 0.04384398 -0.01630896 -0.298661 -7.5e-4 -0.02009999 -0.303334 -7.5e-4 -0.14925 -0.09851098 0.130933 -0.14925 -0.103182 0.123695 -0.14925 -7.5e-4 0.04384398 -0.14925 -0.01057696 0.03703498 -0.14925 -0.005590975 0.03419494 7.5e-4 -0.005416989 0.03407394 7.5e-4 -0.01510995 0.03679299 -0.01411598 -0.293495 -7.5e-4 -0.1362659 7.5e-4 0.006905972 -0.1302559 7.5e-4 0.01306295 -0.1270779 7.5e-4 0.006905972 -0.135903 7.5e-4 0.03155499 -0.1297169 7.5e-4 0.03769195 -0.126241 7.5e-4 0.03149598 -0.125424 7.5e-4 0.04386496 -0.132942 7.5e-4 0.04387599 -0.06835496 7.5e-4 0.01922595 -0.07438397 7.5e-4 0.01306098 -0.07753598 7.5e-4 0.01924097 -0.08114099 7.5e-4 0.006905972 -0.07195299 7.5e-4 0.006905972 -0.14925 -0.08090496 0.008852958 -0.14925 -0.07313895 0.008852958 7.5e-4 -7.5e-4 0.006905972 -7.5e-4 7.5e-4 0.006905972 -0.1174589 -0.454309 0.09924995 -0.112414 -0.449849 0.09924995 -0.033728 -0.49925 0.086757 -0.14925 -0.006074965 0.006296992 -0.03148394 7.5e-4 0.08206498 -0.02936595 7.5e-4 0.08829295 -0.02266198 7.5e-4 0.08208 -0.14925 -0.007514953 0.08093297 -0.14925 -0.007511973 0.10671 -0.14925 -7.5e-4 0.105406 -0.14925 -7.5e-4 0.08693796 -0.142542 -0.281587 -7.5e-4 -0.142046 -0.288598 -7.5e-4 -0.14925 -7.5e-4 0.105406 -0.007639944 7.5e-4 0.08078098 -7.5e-4 7.5e-4 0.08693796 -7.5e-4 7.5e-4 0.08078098 -7.5e-4 7.5e-4 0.09309399 7.5e-4 -7.5e-4 0.09309399 -7.5e-4 7.5e-4 0.08693796 7.5e-4 -0.009214997 0.094442 7.5e-4 -0.005580961 0.08958995 7.5e-4 -7.5e-4 0.09309399 7.5e-4 -7.5e-4 0.105406 -7.5e-4 7.5e-4 0.105406 -0.01400995 -0.42926 0.09924995 -0.01894897 -0.426001 0.09924995 7.5e-4 -0.03073197 0.1733109 7.5e-4 -0.03105998 0.16677 -7.5e-4 7.5e-4 0.191594 -0.009937942 7.5e-4 0.185438 -7.5e-4 7.5e-4 0.185438 -0.00563097 7.5e-4 0.182359 -0.04021096 -0.28984 0.03106296 -0.14925 -7.5e-4 0.1792809 -0.026923 -0.128311 -7.5e-4 -0.14925 -0.007422983 0.179771 -0.14925 -7.5e-4 0.1792809 -0.14925 -0.380422 0.05203497 -0.05052495 -0.485381 0.09924995 7.5e-4 -0.43516 0.01234799 7.5e-4 -0.445844 0.01612496 -0.01862597 -0.485047 -7.5e-4 -0.14925 -0.437513 0.00622195 -0.109026 -0.489561 -7.5e-4 -0.116267 -0.490959 -7.5e-4 -0.107014 -0.427784 0.09924995 -0.105919 -0.434729 0.09924995 -0.06339401 7.5e-4 0.080904 -0.05797195 7.5e-4 0.087354 -0.05435395 7.5e-4 0.08179998 -0.135046 -0.49925 0.02996897 -0.01285195 -0.468632 0.09924995 -0.08174997 -0.450042 0.00731796 7.5e-4 -0.351245 0.07677596 7.5e-4 -0.30201 0.009425997 7.5e-4 -0.131944 0.160043 7.5e-4 -0.137142 0.158316 7.5e-4 -0.1316249 0.154088 -0.140968 -0.363266 -7.5e-4 -0.139271 -0.356825 -7.5e-4 -0.01428997 -0.366684 0.09924995 -0.005462944 -0.362161 0.09924995 7.5e-4 -0.02924698 0.129595 -0.14925 -0.034675 0.11131 -0.04021096 -0.28984 0.067438 -0.03363996 -0.296012 0.07349997 7.5e-4 -0.095784 0.131554 -0.06524997 -0.485542 -7.5e-4 -0.06674998 -0.485379 7.5e-4 -0.126944 -0.308894 0.09924995 -0.06524997 -0.491646 0.09924995 -0.01697695 -0.316844 0.09924995 -0.01810795 -0.388351 -7.5e-4 -0.08324998 -0.485542 0.09924995 -0.08174997 -0.485379 0.09775 -0.08324998 -0.479438 0.09924995 -0.08324998 -0.491646 -7.5e-4 -0.04315298 7.5e-4 0.184904 -0.079575 -0.07665395 -7.5e-4 -0.108224 7.5e-4 0.03754895 -0.114761 7.5e-4 0.03765797 -7.5e-4 -0.280313 0.09924995 -0.06452095 -0.08618396 -7.5e-4 -0.01186096 -0.442365 -7.5e-4 -0.007201969 -0.437819 -7.5e-4 -0.01991999 -0.441614 -7.5e-4 -0.02484899 -0.306105 0.05834394 -0.01818698 -0.317873 0.05531299 -0.02040797 -0.313951 0.05834394 -0.02040797 -0.313951 0.05228096 -0.14925 -0.06676095 0.102925 -0.01787298 -0.154365 -7.5e-4 -0.02262896 -0.148832 -7.5e-4 -0.01578295 -0.1488479 -7.5e-4 7.5e-4 -0.287649 0.01931399 7.5e-4 -0.279368 0.01920098 -0.14925 -0.200816 0.05505394 -0.14925 -0.18559 0.05224394 -0.08174997 -0.460636 7.5e-4 -0.08897596 -0.463661 -7.5e-4 -0.08853501 -0.473775 0.09924995 -0.08826297 -0.482164 0.09924995 -0.02262794 -0.310028 0.05534899 7.5e-4 -0.177464 0.07826 7.5e-4 -0.173079 0.07154196 7.5e-4 -0.171846 0.07901197 -0.06524997 -0.485542 0.09924995 -0.06674998 -0.491564 7.5e-4 -0.08174997 -0.435893 7.5e-4 -0.08324998 -0.436711 -7.5e-4 -0.08324998 -0.430607 -7.5e-4 -0.14925 -0.231885 0.091066 -0.08324998 -0.436711 0.09924995 -0.05920195 -0.432903 -7.5e-4 -0.02679198 -0.209859 -7.5e-4 -0.06674998 -0.435893 0.09775 -0.05016195 -0.165262 0.183238 -0.05834996 -0.1659719 0.182528 -0.08324998 -0.412296 0.09924995 -0.04808795 -0.442057 0.09924995 -0.04814195 -0.435729 0.09924995 -0.08324998 -0.412296 -7.5e-4 -0.08823597 -0.4166 -7.5e-4 -0.08174997 -0.41115 7.5e-4 -0.08324998 -0.406192 -7.5e-4 -0.09682101 -0.221287 -7.5e-4 7.5e-4 -0.113128 0.118601 -0.07424998 -0.27925 0.08562499 -0.07424998 -0.27925 0.09168797 -0.06674998 -0.41115 0.09775 -0.06524997 -0.412296 0.09924995 -0.06524997 -0.406192 0.09924995 -0.135645 -0.479902 -7.5e-4 -0.127659 -0.478925 -7.5e-4 -0.129607 -0.48541 -7.5e-4 -0.06674998 -0.460636 0.09775 -0.115742 -0.008932948 -7.5e-4 -0.09258496 -0.490834 -7.5e-4 -0.08791798 -0.488188 -7.5e-4 -0.05718195 -0.439772 -7.5e-4 -0.05198597 -0.4418 -7.5e-4 -0.118796 -0.421695 -7.5e-4 7.5e-4 -0.1301349 0.125563 7.5e-4 -0.135459 0.123231 7.5e-4 -0.131132 0.118996 7.5e-4 -0.1300899 0.131491 -0.09503996 -0.02790898 -7.5e-4 -0.09716898 -0.03678494 -7.5e-4 -0.09830796 -0.02311795 -7.5e-4 7.5e-4 -0.03908199 0.157239 7.5e-4 -0.03135597 0.1597819 -0.07723897 -0.170719 -7.5e-4 -0.08210599 -0.163006 -7.5e-4 -0.109278 -0.49925 0.07055199 -0.105408 -0.49925 0.07637196 -0.112511 -0.49925 0.06598699 7.5e-4 -0.180088 0.03242999 -0.02319794 -0.141573 -7.5e-4 -0.14775 -0.49925 0.03712499 -0.14925 -0.49775 0.03712499 -0.14925 -0.49775 0.06137496 -0.14925 -0.277474 0.07927495 -0.08174997 -0.49775 0.02499997 -0.08174997 -0.49775 0.03106296 -0.08324998 -0.49925 0.02499997 -0.02831298 -7.5e-4 0.19925 -0.02733695 -0.006559967 0.19925 -0.08324998 -0.49925 0.06137496 -0.08174997 -0.49775 0.06137496 -0.08324998 -0.49925 0.067438 -0.06524997 -0.49925 0.03712499 -0.1001819 -0.285899 0.03712499 -0.06524997 -0.49925 0.06137496 -0.06674998 -0.49775 0.06137496 -0.06524997 -0.49925 0.05531299 -0.06674998 -0.398779 0.07349997 7.5e-4 -0.49775 0.07349997 -7.5e-4 -0.49925 0.07349997 -7.5e-4 -0.49925 0.04924994 -0.134883 -0.463945 0.09924995 -7.5e-4 -0.49925 0.02499997 -0.02105396 -0.491527 0.09924995 -0.08174997 -0.49775 0.01287496 -0.08324998 -0.49925 0.01287496 -0.08174997 -0.49775 0.006812989 -0.08524298 -0.268009 -7.5e-4 -0.06524997 -0.49925 0.018938 -0.06524997 -0.49925 0.02499997 -0.06674998 -0.49775 0.018938 -0.04503196 -0.49925 0.07543396 -0.03902596 -0.49925 0.077344 -0.04570996 -0.49925 0.08289295 -0.14775 -0.49925 0.08562499 -0.14925 -0.49775 0.08562499 -0.14925 -0.49775 0.01287496 -0.14775 -0.49925 0.01287496 -0.14925 -0.49775 0.018938 -0.14925 -0.49775 0.02499997 -0.08324998 -0.49925 0.07956296 -0.13792 -0.49925 0.014642 -0.133908 -0.49925 0.02347797 -0.04401397 7.5e-4 0.04658895 7.5e-4 -0.219021 0.082183 7.5e-4 -0.166796 0.08110398 7.5e-4 -0.160874 0.08274495 7.5e-4 -0.165809 0.173056 7.5e-4 -0.170197 0.16852 7.5e-4 -0.072869 0.01186096 7.5e-4 -0.07014399 0.01885497 7.5e-4 -0.391814 0.04983395 7.5e-4 -0.390515 0.03740799 -0.143154 -0.40826 -7.5e-4 -0.14775 -0.412328 -7.5e-4 7.5e-4 -0.154541 0.147289 7.5e-4 -0.153784 0.154904 -0.14925 -0.49775 0.04318797 -0.14925 -0.492449 0.06293296 -0.14775 -0.49925 0.04318797 -0.14775 -0.49925 0.05531299 -0.133058 -0.330539 0.02878898 -0.134132 -0.335493 0.03712499 -0.134132 -0.335493 0.03106296 -0.1335369 -0.342226 0.067438 -0.1327 -0.328887 0.05531299 7.5e-4 -0.1830649 0.140851 -0.129977 -0.359704 0.067438 -0.1325449 -0.353452 0.06137496 -0.1325449 -0.353452 0.067438 -0.1325449 -0.353452 0.06137496 -0.1325449 -0.353452 0.05531299 -0.126983 -0.31199 0.03106296 -0.130313 -0.317873 0.03712499 -0.130313 -0.317873 0.03106296 -0.131745 -0.324479 0.067438 -0.130313 -0.317873 0.06137496 -0.126984 -0.311992 0.05531299 -0.121386 -0.375333 0.04318797 -0.125694 -0.370128 0.04318797 -0.125694 -0.370128 0.06137496 -0.125694 -0.370128 0.067438 -0.122398 -0.37411 0.06501299 -0.128262 -0.363877 0.05531299 -0.116504 -0.297555 0.03106296 -0.121431 -0.302183 0.03712499 -0.121431 -0.302183 0.03106296 -0.124761 -0.308066 0.067438 -0.121431 -0.302183 0.06137496 -0.116505 -0.297557 0.05531299 -0.118509 -0.37881 0.03106296 -0.114199 -0.384017 0.03712499 -0.108538 -0.387708 0.04318797 -0.108536 -0.387709 0.067438 -0.118508 -0.378811 0.05531299 -0.10221 -0.286885 0.03106296 -0.10829 -0.28984 0.03106296 -0.06674998 -0.404084 0.087794 -0.06674998 -0.398779 0.09168797 -0.10829 -0.28984 0.06137496 -0.10829 -0.28984 0.067438 -0.10829 -0.28984 0.05531299 -0.104758 -0.390172 0.03106296 -0.099096 -0.393864 0.03712499 -0.09259396 -0.395706 0.04318797 -0.09259295 -0.395707 0.067438 -0.104757 -0.390173 0.05531299 -0.08539199 -0.280943 0.03106296 -0.09207397 -0.281959 0.03712499 -0.09207397 -0.281959 0.03106296 -0.098154 -0.284914 0.067438 -0.09207397 -0.281959 0.06137496 -0.08539295 -0.280944 0.05531299 -0.08929699 -0.49925 0.04318797 -0.08324998 -0.49925 0.03712499 -0.08324998 -0.49925 0.04318797 -0.091313 -0.49925 0.067438 -0.08324998 -0.49925 0.05531299 -0.08817398 -0.396959 0.03106296 -0.08174997 -0.398779 0.03712499 -0.08174997 -0.398779 0.03106296 -0.08174997 -0.398779 0.04318797 -0.01845198 -0.125618 -7.5e-4 -0.02368497 -0.1235679 -7.5e-4 -0.08174997 -0.49775 0.03712499 -0.08324998 -0.49925 0.04318797 -0.08174997 -0.48364 0.06458699 -0.08174997 -0.493283 0.06426596 -0.141652 -0.05243295 -7.5e-4 -0.06756699 -0.280266 0.03106296 -0.07424998 -0.27925 0.03712499 -0.07424998 -0.27925 0.03106296 -0.08093297 -0.280266 0.067438 -0.07424998 -0.27925 0.06137496 -0.07424998 -0.27925 0.067438 -0.06756895 -0.280265 0.05531299 -0.07424998 -0.27925 0.06137496 -0.07424998 -0.27925 0.05531299 -0.06674998 -0.398779 0.03712499 -0.06674998 -0.398779 0.03106296 -0.06674998 -0.398779 0.03712499 -0.06674998 -0.398779 0.04318797 -0.06031495 -0.396956 0.067438 -0.06674998 -0.398779 0.067438 -0.07631295 -0.26439 -7.5e-4 -0.07212698 -0.258768 -7.5e-4 -0.07003796 -0.264671 -7.5e-4 -0.06674998 -0.485223 0.03105998 -0.06524997 -0.49925 0.03106296 -0.06674998 -0.490769 0.06492495 -0.06674998 -0.49775 0.067438 -0.05438399 -0.49925 0.03078997 -0.06018596 -0.49925 0.034096 -0.06018596 -0.49925 0.02803397 7.5e-4 -0.335086 0.02675199 7.5e-4 -0.333855 0.03404998 -0.06010597 -0.49925 0.05916196 -0.06524997 -0.49925 0.067438 -0.05034595 -0.284914 0.03106296 -0.06310796 -0.280943 0.067438 -0.05642598 -0.281959 0.06137496 -0.05642598 -0.281959 0.067438 -0.05034798 -0.284913 0.05531299 -0.05642598 -0.281959 0.05531299 -0.05590695 -0.395707 0.03106296 -0.04940396 -0.393864 0.03712499 -0.04940396 -0.393864 0.03106296 -0.04374295 -0.390173 0.04318797 -0.043742 -0.390172 0.067438 -0.04940396 -0.393864 0.06137496 -0.04940396 -0.393864 0.067438 -0.03528398 -0.294468 0.03106296 -0.04021096 -0.28984 0.03712499 -0.04628896 -0.286886 0.04318797 -0.04021096 -0.28984 0.04318797 -0.04628896 -0.286886 0.067438 -0.04021096 -0.28984 0.06137496 -0.03528499 -0.294466 0.05531299 -0.04021096 -0.28984 0.05531299 -0.03996294 -0.387709 0.03106296 -0.03430098 -0.384017 0.03712499 -0.03430098 -0.384017 0.03106296 -0.02999198 -0.378811 0.04318797 -0.02999097 -0.37881 0.067438 -0.03430098 -0.384017 0.067438 -0.02373898 -0.308066 0.03106296 -0.02706897 -0.302183 0.03712499 -0.03199595 -0.297556 0.04318797 -0.02706897 -0.302183 0.04318797 -0.03199398 -0.297557 0.067438 -0.02706897 -0.302183 0.067438 -0.02711498 -0.375335 0.03106296 -0.02280598 -0.370128 0.03712499 -0.02280598 -0.370128 0.03106296 -0.14925 -0.06043696 0.09493398 -0.01675498 -0.324479 0.03106296 -0.01818698 -0.317873 0.03712499 -0.02096199 -0.312971 0.04470294 -0.01852297 -0.359704 0.03106296 -0.01595497 -0.353452 0.03712499 -0.01595497 -0.353452 0.03106296 -0.01595497 -0.353452 0.03712499 -0.01595497 -0.353452 0.04318797 -0.14925 -0.095079 0.009775996 -0.14925 -0.09964698 0.01424098 -0.01496297 -0.342226 0.03106296 -0.01436799 -0.335493 0.03712499 -0.01579999 -0.328887 0.04318797 -0.105617 -0.09784299 -7.5e-4 -0.103693 -0.106052 -7.5e-4 -7.5e-4 -0.49925 0.03106296 -7.5e-4 -0.49925 0.03712499 -7.5e-4 -0.49925 0.04318797 -7.5e-4 -0.49925 0.06137496 -7.5e-4 -0.49925 0.067438 -7.5e-4 -0.49925 0.05531299 -0.06674998 -0.45445 7.5e-4 7.5e-4 -0.314161 0.04176896 -0.06674998 -0.466592 0.01948195 -0.06674998 -0.472626 0.02219098 -0.06674998 -0.465943 0.02521997 -7.5e-4 -0.49925 0.006812989 7.5e-4 -0.49775 0.006812989 -7.5e-4 -0.49925 0.01287496 -7.5e-4 -0.49925 0.01287496 -7.5e-4 -0.49925 0.018938 -0.008552968 -0.49925 0.01332598 -7.5e-4 -0.49925 0.08562499 -7.5e-4 -0.49925 0.07956296 7.5e-4 -0.49775 0.08562499 -0.14925 -0.04771596 0.156626 -0.14925 -0.04498398 0.148635 7.5e-4 -0.160143 0.06598097 7.5e-4 -0.153381 0.06069797 -0.01818698 -0.317873 0.07956296 -7.5e-4 -0.466688 -7.5e-4 7.5e-4 -0.227715 0.03461599 7.5e-4 -0.2195799 0.03705698 -0.1189399 -0.01722699 0.19925 -0.013659 -0.276055 -7.5e-4 -0.03245496 -0.205715 -7.5e-4 -0.01476496 -0.339983 0.088656 -0.01436799 -0.335493 0.08562499 -0.01482999 -0.340722 0.07899999 -0.05062496 -0.443267 0.02497696 -0.01595497 -0.353452 0.01287496 -0.01595497 -0.353452 0.006812989 -0.08174997 -0.48977 0.008196949 -0.08174997 -0.49775 0.018938 -0.08324998 -0.49925 0.018938 -0.08174997 -0.398779 0.01287496 -0.08174997 -0.398779 0.018938 -0.13222 -0.02528399 0.19925 -0.133918 -0.03122299 0.19925 -0.088099 -0.49925 0.01518994 -0.01229494 -0.492562 0.09924995 -0.01061499 -0.485887 0.09924995 -0.08174997 -0.49775 0.08562499 -0.14925 -0.08617198 7.5e-4 -0.14925 -0.08867096 0.008852958 -0.07437598 -0.2254649 -7.5e-4 -0.06674998 -0.415255 0.09271895 -0.06674998 -0.417336 0.09775 7.5e-4 -0.1819339 0.05980795 7.5e-4 -0.187256 0.05672097 -0.02195495 7.5e-4 0.146358 -0.02077996 7.5e-4 0.137728 -0.117291 -0.482759 -7.5e-4 -0.099096 -0.393864 0.09168797 -0.03487998 -0.110761 -7.5e-4 -0.114199 -0.384017 0.07956296 -0.14925 -0.2425709 0.069628 -0.08174997 -0.424954 0.07823896 7.5e-4 -0.08522796 0.037256 -0.130313 -0.317873 0.01287496 -0.130313 -0.317873 0.006812989 -0.130313 -0.317873 0.018938 -0.02373898 -0.308065 0.07956296 -0.138691 -0.49925 0.084477 -0.141703 -0.49925 0.07956296 -0.04773497 -0.05764394 -7.5e-4 -0.05279099 -0.007271945 -7.5e-4 -0.05459594 -0.01296097 -7.5e-4 -0.1429719 -0.49925 0.01057898 -0.14925 -0.07840597 7.5e-4 -0.14925 -0.07791197 0.1618739 -0.14925 -0.083485 0.158735 -0.14925 -0.08110398 0.166808 -0.04940396 -0.393864 0.006812989 -0.11801 -0.49925 0.04502296 -0.121658 -0.49925 0.03984797 -0.113951 -0.49925 0.03856599 -0.14925 -0.117234 7.5e-4 7.5e-4 -7.5e-4 0.1792809 7.5e-4 -0.008495986 0.182312 -0.07424998 -0.27925 0.018938 -0.139946 -0.43929 0.09924995 -0.133058 -0.434483 0.09924995 -0.06029796 -0.396951 0.09169596 -0.06674998 -0.398779 0.08562499 -0.06674998 -0.398779 0.09168797 7.5e-4 -0.07989698 0.1261 7.5e-4 -0.08426797 0.129479 -0.06674998 -0.49775 0.01287496 7.5e-4 -0.201593 0.07755696 7.5e-4 -0.206441 0.072066 -0.06674998 -0.49775 0.08562499 -0.06524997 -0.49925 0.08562499 -0.05920296 -0.49925 0.08562499 -0.05920296 -0.49925 0.07956296 7.5e-4 -0.01910597 0.143028 7.5e-4 -0.01870095 0.14868 -0.14925 -0.49775 0.09168797 -0.14925 -0.488643 0.09121298 -0.14925 -0.493196 0.08841896 -0.14925 -0.1134909 0.01688998 -0.14925 -0.116272 0.02468198 -0.129977 -0.359704 0.018938 -0.1325449 -0.353452 0.01287496 -0.1325449 -0.353452 0.018938 -0.02943295 -0.17895 -7.5e-4 -0.08174997 -0.444111 0.007757961 -0.14925 -0.057796 0.089212 -0.08534699 -0.040618 0.19925 -0.07929897 -0.04117596 0.19925 -0.08174997 -0.398779 0.09168797 -0.08174997 -0.404965 0.09168797 -0.01644498 -0.1876749 0.160825 -0.02019798 -0.49925 0.08507198 -0.01932299 -0.49925 0.07811498 -0.03592598 7.5e-4 0.04097294 -0.02685195 7.5e-4 0.04022097 -0.02737796 7.5e-4 0.03358095 -0.108922 -0.288455 0.09924995 -0.111639 -0.282864 0.09924995 -0.112969 7.5e-4 0.09376299 7.5e-4 -0.311706 0.01308995 7.5e-4 -0.326906 7.5e-4 -0.102493 -0.266685 0.09924995 -0.1077229 -0.26922 0.09924995 -0.14925 -0.211129 0.13525 -0.08174997 -0.466822 0.09775 -0.08324998 -0.467231 0.09924995 -0.06674998 -0.466822 7.5e-4 -0.08778196 -0.149936 -7.5e-4 -0.06674998 -0.466822 0.09775 -0.14925 -0.174172 0.03931099 -0.14925 -0.03262495 0.145095 -0.05221599 -0.02747797 -7.5e-4 -0.05092096 -0.02182495 -7.5e-4 7.5e-4 -0.168015 0.07514798 -0.015661 -0.477056 -7.5e-4 -0.06674998 -0.409399 0.087951 7.5e-4 -0.03676396 0.1701419 -0.0726 -0.04996496 0.19925 -0.06319999 -0.05082798 0.19925 -0.06778395 -0.04430598 0.19925 7.5e-4 -0.063757 0.137298 -0.04528498 -0.05249398 -7.5e-4 -0.062105 -0.04702299 -7.5e-4 7.5e-4 -7.5e-4 0.185438 7.5e-4 -0.008495986 0.1884689 -0.14925 -0.209228 0.06019496 -0.14925 -0.206704 0.05529195 -0.04252594 -0.005099952 -7.5e-4 -0.14925 -0.430258 0.01883196 -0.101916 -0.101577 0.19925 -0.105503 -0.105529 0.19925 7.5e-4 -0.149986 0.05388396 -0.14925 -0.239358 0.08942198 -0.14925 -0.241402 0.08193397 -0.14925 -0.24684 0.08744198 7.5e-4 -0.368918 0.02336394 -0.01945996 -0.463895 0.09924995 -0.14925 -0.36595 0.02120798 -0.14925 -0.368771 0.01651096 -0.005162 -0.022394 0.19925 -0.14925 -0.045304 0.03002399 -0.14925 -0.03936296 0.03600996 -0.14925 -0.03651797 0.02976995 -0.14925 -0.03298699 0.04195499 -0.14925 -0.04305297 0.04337096 -0.002249956 -0.428675 0.063452 7.5e-4 -0.382785 0.02425897 -0.14925 -0.352652 0.06689995 -0.05720597 -0.217868 -7.5e-4 -0.06423699 -0.217717 -7.5e-4 -0.06144499 -0.21284 -7.5e-4 -0.122398 -0.37411 0.07107597 7.5e-4 -0.186206 0.02822899 -0.09364897 7.5e-4 0.037054 7.5e-4 -0.298976 0.005023956 -0.142868 -0.11313 -7.5e-4 -0.138563 7.5e-4 0.123875 -0.104524 -0.251833 -7.5e-4 -0.096749 -0.19941 -7.5e-4 -0.1123 -0.194435 -7.5e-4 7.5e-4 -0.09735798 0.03464394 7.5e-4 -0.097346 0.02786195 -0.08009898 -0.01475799 -7.5e-4 -0.105442 -0.49925 0.01384299 -0.110741 -0.49925 0.011213 7.5e-4 -7.5e-4 0.08693796 7.5e-4 -0.005580961 0.08343398 7.5e-4 -0.463959 0.01929396 -0.08174997 -0.442079 7.5e-4 -0.08174997 -0.442079 0.09775 -0.08324998 -0.442815 0.09924995 -0.06674998 -0.442079 7.5e-4 -0.06524997 -0.436711 -7.5e-4 -0.06524997 -0.442815 -7.5e-4 -0.06674998 -0.442079 0.09775 7.5e-4 -0.110665 0.09451997 -0.119317 -0.2204599 0.12804 -0.03477698 -0.04681897 0.19925 -0.02918899 -0.145873 -7.5e-4 -0.04605299 -0.450535 -7.5e-4 -0.04390394 -0.456503 -7.5e-4 -0.071886 -0.09067797 -7.5e-4 -0.07243597 -0.104963 -7.5e-4 -0.10155 -0.03542298 0.19925 -0.14925 -0.24326 0.01976698 -0.122339 -0.132179 -7.5e-4 -0.109604 -0.1350319 -7.5e-4 -0.14925 -0.30409 0.01910096 -0.14925 -0.408249 0.063753 -0.14925 -0.401578 0.06103795 -0.128964 -0.428599 0.09924995 -0.123424 -0.436204 0.09924995 -0.099891 -0.44925 0.02497696 -0.14925 -0.271285 0.08906996 -0.14925 -0.275663 0.09346801 -0.14925 -0.267878 0.09346801 -0.14925 -0.129875 0.133059 7.5e-4 -0.01686799 0.121826 7.5e-4 -0.01644498 0.115635 -0.079041 -0.102993 0.19925 -0.14925 -0.1366569 0.06859898 -0.14925 -0.131546 0.07080698 -0.125459 -0.485881 0.09924995 -0.129108 -0.276239 -7.5e-4 -0.132393 -0.27234 -7.5e-4 -0.125301 -0.272373 -7.5e-4 -0.009083986 -0.166792 -7.5e-4 -0.01045894 -0.161036 -7.5e-4 -0.14925 -0.04714 0.16657 -0.06685495 -0.143269 -7.5e-4 -0.07360899 -0.148788 -7.5e-4 -0.07305699 -0.141125 -7.5e-4 7.5e-4 -0.1184329 0.011886 7.5e-4 -0.124575 0.009257972 7.5e-4 -0.140531 7.5e-4 -0.04462295 -0.04681497 0.19925 -0.04861295 -0.04406696 0.19925 7.5e-4 -0.295536 0.02113997 7.5e-4 -0.291533 0.02697199 -0.083009 7.5e-4 0.159903 -0.08181595 7.5e-4 0.151593 -0.08826398 7.5e-4 0.151644 -0.04500699 -0.02869695 0.19925 -0.04212397 -0.02257698 0.19925 -0.07516598 -0.19941 -7.5e-4 -0.06496596 -0.06841498 0.19925 -0.10381 -0.04689699 0.19925 -0.09784197 -0.04205495 0.19925 -0.14925 -0.08779698 0.150205 -0.14925 -0.2129859 0.05643999 -0.05583 -0.49925 0.02243697 -0.06018596 -0.49925 0.04015898 -0.05510896 -0.49925 0.04337996 -0.127889 -0.1514779 -7.5e-4 -0.1213639 -0.145961 -7.5e-4 -0.121335 -0.1534579 -7.5e-4 -0.09527599 7.5e-4 0.167268 -0.09904098 7.5e-4 0.161422 -0.14925 -0.117591 0.110001 -7.5e-4 -0.49925 0.03106296 7.5e-4 -0.01682597 0.08085 -0.06674998 -0.423972 0.01942998 -0.06674998 -0.416679 0.01858198 -0.047948 7.5e-4 0.01329398 -0.120927 -0.101149 0.19925 -0.125599 -0.106609 0.19925 -0.06766599 -0.269846 -7.5e-4 -0.14925 -0.151856 0.05515599 -0.08174997 -0.417336 0.09775 7.5e-4 -0.205244 0.06522899 7.5e-4 -0.20344 0.05874997 -0.08174997 -0.417336 7.5e-4 -0.06674998 -0.428458 0.006806969 -0.06674998 -0.417336 7.5e-4 -0.06674998 -0.417336 0.09775 -0.08859199 7.5e-4 0.06078499 -0.09107196 7.5e-4 0.05504095 -0.1003569 7.5e-4 0.03734099 -0.138818 -0.390007 -7.5e-4 -0.132731 -0.388613 -7.5e-4 -0.122342 7.5e-4 0.06157594 -0.11574 7.5e-4 0.06363397 -0.119845 7.5e-4 0.05588597 7.5e-4 -0.18132 0.1513389 7.5e-4 -0.175294 0.156287 7.5e-4 -0.18071 0.158677 7.5e-4 -0.492161 0.082035 -0.03073495 -0.168249 -7.5e-4 -0.06519401 -0.08703398 0.19925 -0.06674998 -0.436661 0.08629697 -0.03058397 7.5e-4 0.117663 -0.036888 7.5e-4 0.111811 -0.03968197 7.5e-4 0.117844 -0.04350495 7.5e-4 0.105964 -0.03415799 7.5e-4 0.105843 -0.100721 -0.18149 0.16701 -0.106121 -0.179152 0.169348 -0.14925 -0.146515 0.185267 -0.120264 -0.213813 -7.5e-4 -0.03022098 -0.49925 0.011792 -0.03185498 -0.49925 0.01803296 -0.121598 -0.111934 -7.5e-4 -0.06845498 7.5e-4 0.03977894 -0.14925 -0.117787 0.170749 -0.101588 -0.06376695 0.19925 -0.105069 -0.06759297 0.19925 -0.02885699 -0.06571698 -7.5e-4 -7.5e-4 -0.49925 0.006812989 -0.101199 -0.456697 0.09924995 -0.05703997 -0.10484 0.19925 -0.06465095 -0.104843 0.19925 -0.06288695 -0.110617 0.19925 -0.08353 -0.06788098 0.19925 -0.07998996 -0.06401097 0.19925 -0.14925 -0.133116 0.128125 7.5e-4 -0.311132 0.02757698 7.5e-4 -0.312663 0.03359395 -0.05985498 -0.2285619 -7.5e-4 -0.05408996 -0.226333 -7.5e-4 -0.05811494 -0.233508 -7.5e-4 -0.02347898 -0.49925 0.006206989 -0.14925 -0.14765 0.159705 -0.14925 -0.153461 0.160552 7.5e-4 -0.08406496 0.118167 7.5e-4 -0.07692897 0.120984 7.5e-4 -0.05923497 0.05508595 7.5e-4 -0.05799496 0.043024 7.5e-4 -0.06203395 0.03878694 -0.01169699 -0.270369 0.09924995 -0.120145 -0.04541897 0.19925 -0.125846 -0.04260998 0.19925 -0.14925 -0.415946 0.06675899 -0.14925 -0.4167 0.06005096 -0.14925 -0.421748 0.06616395 -0.04912495 -0.49925 7.5e-4 -0.05247795 -0.49925 0.005530953 -0.128 -0.229809 -7.5e-4 -0.14925 -0.406739 0.05086696 -0.14925 -0.412555 0.04725694 -0.120184 -0.08221399 0.19925 -0.12546 -0.087305 0.19925 -0.14925 -0.429183 0.09225195 -0.14925 -0.330472 0.02463096 -0.120106 -0.06362897 0.19925 7.5e-4 -0.428961 0.00723195 7.5e-4 -7.5e-4 0.1546559 -0.08286595 -0.08685696 0.19925 -0.08010697 -0.082937 0.19925 -0.08753699 -0.08117997 0.19925 -0.102438 -0.08230996 0.19925 -0.1051779 -0.086263 0.19925 -0.09783297 -0.08738797 0.19925 7.5e-4 -0.413668 0.05244898 7.5e-4 -0.407802 0.05239099 -0.01606899 7.5e-4 0.174542 -0.02831298 7.5e-4 7.5e-4 -0.14925 -0.04062098 0.142943 -0.104322 -0.220515 0.127985 -0.08324998 -0.485542 -7.5e-4 -0.08791798 -0.482084 -7.5e-4 -0.14925 -0.14638 0.07564598 -0.14925 -0.152335 0.078772 -0.14925 -0.146709 0.08100998 -0.14925 -0.306807 0.01369696 7.5e-4 -0.143078 0.176243 -0.14925 -0.161417 0.06194394 -0.14925 -0.1573089 0.06899297 -0.14925 -0.153356 0.06169599 -0.14925 -0.345855 0.06532895 -0.14925 -0.151338 0.03703099 -0.14925 -0.157287 0.03717696 -0.14925 -0.1541939 0.04222196 -0.14925 -0.162983 0.03731298 -0.14925 -0.165823 0.03215599 -0.14925 -0.16855 0.038221 -0.14925 -0.31433 0.05021697 -0.14925 -0.326552 0.02870696 -0.14925 -0.320682 0.02600896 -0.101777 -0.194049 0.154451 -0.09771895 -0.196832 0.151668 -0.04890894 -0.21793 0.1305699 -0.04493796 -0.221013 0.127487 -0.14925 -0.407814 0.08707296 -0.14925 -0.409367 0.08136397 7.5e-4 -0.361738 0.09209698 7.5e-4 -0.357619 0.09775 7.5e-4 -0.365404 0.09775 -0.14925 -0.032058 0.06560397 -0.14925 -0.03734099 0.05929696 -0.14925 -0.04138696 0.064493 7.5e-4 -0.147146 0.109922 7.5e-4 -0.148616 0.10346 7.5e-4 -0.212764 0.1170189 7.5e-4 -0.263008 0.05771195 7.5e-4 -0.279339 0.06309998 7.5e-4 -0.278629 0.05532896 -0.14925 -0.385034 0.03266596 -0.14925 -0.388656 0.02732199 -0.14925 -0.390856 0.03458499 7.5e-4 -0.045129 0.09771698 -0.14925 -0.208506 0.07848399 -0.120212 -0.194715 0.153785 -0.120286 -0.2002159 0.148284 -0.116816 -0.191743 0.1567569 -0.03557097 -0.41997 0.09924995 -0.03929495 -0.425094 0.09924995 -0.008494973 -0.420593 -7.5e-4 -0.006026983 -0.414781 -7.5e-4 -0.113177 -0.49925 0.08566498 -0.100154 -0.49925 0.08824795 7.5e-4 -0.120935 0.02211695 7.5e-4 -0.122966 0.02763599 -0.01938098 -0.36179 0.02499997 -0.08120197 -0.180694 0.167806 -0.08514797 -0.178372 0.170128 -0.02419096 -0.266619 -7.5e-4 7.5e-4 -0.286544 0.07006597 7.5e-4 -0.289959 0.07649296 -0.03990995 -0.1771759 0.171324 -0.04445898 -0.180929 0.167571 -0.067357 -0.217898 0.130602 -0.06347799 -0.220219 0.1282809 -0.107023 7.5e-4 0.09213596 -0.116057 -0.083018 -7.5e-4 -0.119722 -0.07770895 -7.5e-4 -0.0345 -0.443267 0.02497696 7.5e-4 -0.357969 7.5e-4 7.5e-4 -0.279973 0.06937599 7.5e-4 -0.28498 0.06325197 -0.14925 -0.123195 0.02609699 -0.07174396 -0.230231 -7.5e-4 -0.14925 -0.132646 0.138487 -0.14925 -0.133551 0.146069 -0.01082897 -0.391012 0.09924995 -0.018628 -0.385761 0.09924995 7.5e-4 -0.1302469 0.137213 7.5e-4 -0.01591199 0.186847 -0.14925 -0.13466 0.179778 -0.14925 -0.142419 0.179239 7.5e-4 -0.168102 0.129122 7.5e-4 -0.163514 0.123573 7.5e-4 -0.159106 0.127976 -0.09524399 -0.113429 0.19925 7.5e-4 -0.206328 0.098903 -0.136461 -0.283501 0.09924995 -0.131893 -0.2791 0.09924995 -0.1190479 -0.49925 0.006481945 -0.113208 -0.49925 0.006033957 -0.117665 -0.49925 0.01312595 7.5e-4 -0.266275 0.05136495 7.5e-4 -0.262808 0.04523897 -0.119669 -0.207067 0.141433 -0.116736 -0.203951 0.144549 -0.124352 -0.203247 0.145253 7.5e-4 -0.05827099 0.125529 -0.08826297 -0.488268 0.09924995 7.5e-4 -0.16458 0.109993 -0.08090096 -0.167644 0.180856 -0.08688998 -0.1649 0.1836 -0.06674998 -0.490789 0.05735999 -0.14925 -0.182438 0.1304129 -0.01568299 -0.49925 0.06393396 -0.14925 -0.15586 0.124436 -0.04882395 -0.230337 0.118163 -0.04602396 -0.226534 0.121966 -0.100677 -0.208593 0.139907 -0.14925 -0.400191 0.07824999 7.5e-4 -0.064121 0.02164697 7.5e-4 -0.06933498 0.025204 7.5e-4 -0.05215299 0.005704998 -0.14925 -0.488772 0.02561098 -0.04922294 -0.101442 -7.5e-4 -0.07089698 7.5e-4 0.05379295 -0.14925 -0.160136 0.03206396 -0.05782997 -0.1961899 -7.5e-4 -0.05873596 -0.114222 -7.5e-4 7.5e-4 -0.35576 0.090128 7.5e-4 -0.346742 0.09331899 7.5e-4 -0.349834 0.09775 -0.14925 -0.203757 0.106702 7.5e-4 -0.455887 0.016644 -0.08174997 -0.439421 0.09115898 7.5e-4 -0.110369 0.01395398 7.5e-4 -0.109274 0.02153497 -0.01515197 7.5e-4 0.131941 -0.01509296 7.5e-4 0.139503 -0.09089797 7.5e-4 0.159417 -0.01100796 -0.29948 0.09924995 -0.01649397 -0.461951 -7.5e-4 -0.01742696 -0.470243 -7.5e-4 -0.04263299 -0.08533495 -7.5e-4 7.5e-4 -0.191014 0.03287798 -0.05633699 -0.263923 0.09924995 -0.04952394 -0.154328 -7.5e-4 -0.06709295 -0.230462 0.1180379 -0.112316 -0.464928 -7.5e-4 -0.107324 -0.460204 -7.5e-4 -0.051512 -0.49925 0.07657498 -0.04782497 -0.49925 0.06905597 -0.06796699 -0.16469 0.1838099 -0.14925 -0.490877 0.03249496 -0.085725 -0.218015 0.1304849 -0.081909 -0.220588 0.127912 -0.09095996 -0.220387 0.128114 -0.121365 7.5e-4 0.03766798 7.5e-4 -0.412328 7.5e-4 7.5e-4 -0.420094 7.5e-4 -0.14925 -0.343844 0.03644996 7.5e-4 -0.165555 0.06221699 7.5e-4 -0.160096 0.05928599 -0.14351 -0.353514 -7.5e-4 -0.02573496 -0.218779 0.129721 -0.02337497 -0.222423 0.1260769 -0.04813098 -0.468433 0.09924995 -0.01712 -0.49925 0.01139199 -0.123742 -0.49925 0.009573996 -0.123748 -0.49925 0.01552695 -0.01735597 -0.408606 -7.5e-4 -0.02347898 -0.405851 -7.5e-4 -0.14925 -0.09409397 0.1607 -0.14925 -0.09107595 0.155075 -0.14925 -0.147547 0.04123598 -0.03138995 7.5e-4 0.04284596 -0.130263 -0.408753 -7.5e-4 -0.136973 -0.4083 -7.5e-4 -0.1275579 -0.402209 -7.5e-4 -0.08174997 -0.428675 0.063452 -0.08174997 -0.426554 0.05785799 7.5e-4 -0.163828 7.5e-4 7.5e-4 -0.171594 7.5e-4 -0.06674998 -0.419146 0.05603396 -0.14925 -0.178968 0.06293195 -0.03693598 -0.145252 -7.5e-4 7.5e-4 -0.408113 0.06897896 7.5e-4 -0.410656 0.06012296 -0.14925 -0.117429 0.03514999 -0.14925 -0.118933 0.145527 -0.14925 -0.11569 0.1409119 7.5e-4 -0.01568394 0.05414295 7.5e-4 -0.02253699 0.05312699 7.5e-4 -0.02689296 0.05883997 7.5e-4 -0.176075 0.005698978 7.5e-4 -0.179359 7.5e-4 -0.07471495 -0.1572639 -7.5e-4 -0.09787499 -0.472625 0.04038494 -0.115202 -0.272493 0.09924995 -0.09681296 -0.403475 -7.5e-4 -0.09063899 -0.410356 -7.5e-4 -0.09565198 -0.412179 -7.5e-4 -0.04647499 -0.49925 0.09213697 -0.04145896 -0.49925 0.09014999 7.5e-4 -0.1311399 0.14818 7.5e-4 -0.130652 0.142673 -0.114104 -0.434898 -7.5e-4 -0.007636964 -0.02593696 -7.5e-4 -0.01161897 -0.01990795 -7.5e-4 -0.14925 -0.02537 0.06383395 -0.14925 -0.02168798 0.06810998 -0.14925 -0.466589 0.01155894 -0.14925 -0.226743 0.08893799 -0.14925 -0.221577 0.08601295 -0.14925 -0.005917966 0.169517 -0.14925 -0.008483946 0.164876 -0.14925 -0.493196 0.08235698 -0.014853 -0.291354 0.09924995 7.5e-4 -0.369585 0.04674595 7.5e-4 -0.159213 0.02224397 -0.14925 -0.216942 0.05240297 -0.14925 -0.2209399 0.04832398 -0.10716 -0.49925 0.02625 -0.111741 -0.49925 0.01994699 -0.05542296 -0.109687 -7.5e-4 -0.05457198 -0.103798 -7.5e-4 -0.05380797 -0.116971 -7.5e-4 -0.02203899 -0.183364 0.165136 -0.02639096 -0.17902 0.16948 7.5e-4 -0.1753799 0.106037 7.5e-4 -0.1821759 0.10036 7.5e-4 -0.175139 0.100307 -0.08174997 -0.442079 0.09775 -0.042539 -0.404323 0.09924995 -0.126011 -0.434294 -7.5e-4 7.5e-4 -7.5e-4 0.03153097 -0.14925 -0.227635 0.06540995 -0.14925 -0.215688 0.08285099 -0.06674998 -0.479759 0.07311099 -0.06674998 -0.492435 0.087314 -0.106916 -0.262794 0.09924995 -0.09894096 -0.262531 0.09924995 -0.14925 -0.136322 0.133707 7.5e-4 -0.166159 0.06926697 -0.03630197 -0.49925 0.03012198 -0.03181594 -0.49925 0.02652597 -0.03178697 -0.49925 0.03316295 -0.14925 -7.5e-4 0.1423439 -0.14925 -0.008628964 0.140643 -0.14925 -0.006716966 0.145717 -0.06440198 -0.05575799 -7.5e-4 -0.06835997 -0.04929399 -7.5e-4 -0.14925 -0.039671 0.115613 -0.14925 -0.032682 0.116827 -0.14925 -0.09462296 0.08906596 -0.14925 -0.09937995 0.09272295 -0.125393 -0.075661 -7.5e-4 -0.04457896 -0.144053 -7.5e-4 -0.06785798 -0.07018798 -7.5e-4 -0.06097298 -0.072007 -7.5e-4 -0.089064 -0.49925 0.008775949 -0.09370595 -0.49925 0.01161897 7.5e-4 -0.071033 0.04798895 7.5e-4 -0.075791 0.04250699 -0.14925 -0.237475 0.07562899 -0.05877494 -0.140722 -7.5e-4 -0.06222897 -0.148008 -7.5e-4 -0.06685 -0.1365939 -7.5e-4 7.5e-4 -0.49775 0.09168797 -0.14925 -0.107667 0.162909 -0.14925 -0.100035 0.16269 -0.006696999 -0.08474999 -7.5e-4 -7.5e-4 -0.08617198 -7.5e-4 7.5e-4 -0.1235859 0.09697395 7.5e-4 -0.117605 0.09323197 -0.14925 -0.487078 0.04546594 -0.14925 -0.487266 0.06466299 -0.14925 -0.481982 0.04742896 -0.14925 -0.268894 0.02805298 -0.14925 -0.07887196 0.103379 -0.14925 -0.08501499 0.09938097 -0.14925 -0.06571596 0.08993697 -0.108856 -0.49925 0.04484897 -0.115767 -0.49925 0.05068296 -0.123174 -0.49925 0.05731898 -0.113497 -0.49925 0.05625599 7.5e-4 -0.03817695 0.101628 -0.05614495 7.5e-4 0.03684395 -0.131029 -0.381193 -7.5e-4 7.5e-4 -0.2011229 0.135033 7.5e-4 -0.112219 0.173484 7.5e-4 -0.107209 0.170521 -0.14775 7.5e-4 0.006905972 -0.138563 7.5e-4 7.5e-4 -0.107019 -0.05824095 -7.5e-4 -0.114544 -0.06287497 -7.5e-4 -0.110366 7.5e-4 0.07784301 7.5e-4 -0.31458 0.05955195 7.5e-4 -0.31638 0.06762695 7.5e-4 -0.321682 0.06195294 -0.08851999 -0.06079697 -7.5e-4 -0.08101296 -0.06349897 -7.5e-4 -0.03700995 7.5e-4 0.08669596 -0.12255 -0.484643 -7.5e-4 -0.06219995 -0.257927 -7.5e-4 7.5e-4 -0.476548 0.04924994 -0.02901196 -0.427264 -7.5e-4 -0.02518194 -0.434499 -7.5e-4 -0.02707797 -0.385101 0.09924995 -0.02043098 -0.392688 0.09924995 -0.138657 -0.350173 -7.5e-4 -0.03777599 7.5e-4 0.06649398 -0.14925 -0.484359 0.01904499 -0.14925 -0.47356 0.01494097 7.5e-4 -0.01250898 0.04207497 -0.14925 -0.385085 0.02144497 -0.14925 -0.381303 0.02590996 -0.08174997 -0.476892 0.03535699 -0.14925 -0.234447 0.096704 7.5e-4 -0.289687 0.089818 -0.14925 -0.276573 0.03707098 7.5e-4 -0.1819469 0.052064 -0.01444095 -0.1778309 0.170669 -0.02349495 -0.01628196 -7.5e-4 -0.01790595 -0.01836699 -7.5e-4 -0.02137899 7.5e-4 0.029446 -0.14925 -0.170283 0.104013 -0.08174997 -0.491765 0.01542896 -0.08174997 -0.484696 0.01026797 7.5e-4 -0.09471595 0.02209198 7.5e-4 -0.100032 0.02076697 -0.14925 -0.32107 0.05987596 -0.14925 -0.315438 0.06557595 7.5e-4 -0.08611196 0.06588095 7.5e-4 -0.08393496 0.07283699 7.5e-4 -0.07968395 0.06433898 -0.14925 -0.36368 0.01484495 -0.14925 -0.365801 0.008960962 7.5e-4 -0.18654 0.122271 7.5e-4 -0.1895149 0.116372 -0.06674998 -0.417309 0.07248699 -0.06674998 -0.423432 0.07076597 -0.06674998 -0.42126 0.07711398 -0.14925 -0.112081 0.07484596 -0.14925 -0.107213 0.076604 -0.01453095 7.5e-4 0.005366981 -0.01154196 7.5e-4 0.01030194 7.5e-4 -0.256229 0.02673798 7.5e-4 -0.180217 0.1087 7.5e-4 -0.188015 0.107929 -0.14925 -0.388833 0.04003494 7.5e-4 -0.1386139 0.06532698 7.5e-4 -0.134403 0.06894296 7.5e-4 -0.1409479 0.07082498 -0.129572 -0.49925 0.02898299 -0.141903 -0.49925 0.03974997 -0.142441 -0.06663095 -7.5e-4 -0.14925 -0.233719 7.5e-4 -0.14925 -0.241484 7.5e-4 -0.14925 -0.240426 0.006405949 -0.14925 -0.09276497 0.11158 -0.14925 -0.03000795 0.09263199 -0.14925 -0.03305095 0.08731496 -0.06625998 -0.228492 -7.5e-4 -0.06182897 -0.223197 -7.5e-4 -0.14925 -0.11891 0.1509979 -0.143156 7.5e-4 0.120797 -0.100071 -0.416811 -7.5e-4 -0.103665 -0.408283 -7.5e-4 7.5e-4 -0.270197 0.03994494 7.5e-4 -0.271308 0.04702895 -7.5e-4 -0.389031 0.09924995 -0.00593096 -0.398706 0.09924995 -0.06604999 -0.2342669 -7.5e-4 -0.14925 -0.383544 0.064754 7.5e-4 -0.287378 0.03536397 7.5e-4 -0.279418 0.03742998 7.5e-4 -0.293791 0.04089599 7.5e-4 -0.286471 0.043437 -0.009842991 7.5e-4 0.05613499 -0.005343973 7.5e-4 0.05307799 -0.07646596 -0.272026 -7.5e-4 -0.14925 -0.06562095 0.162418 -0.14925 -0.08075696 0.093598 -0.105626 -0.113044 -7.5e-4 7.5e-4 -0.249343 0.06212896 7.5e-4 -0.245779 0.05642199 7.5e-4 -0.242199 0.06294095 7.5e-4 -0.182112 0.006088972 7.5e-4 -0.1761029 0.01122099 7.5e-4 -0.25383 0.03231495 7.5e-4 -0.249262 0.03649997 7.5e-4 -0.480889 0.07065397 7.5e-4 -0.485863 0.06485098 -0.02739596 -0.108898 -7.5e-4 -0.06638395 -0.260576 -7.5e-4 -0.14925 -0.09193199 0.103113 -0.083682 7.5e-4 0.137237 -0.08048295 7.5e-4 0.14364 -0.077798 7.5e-4 0.137711 -0.04094099 -0.417311 0.09924995 -0.01280695 -0.262562 0.09924995 -0.06674998 -0.410717 0.07208997 7.5e-4 -0.06364399 0.09152996 -0.122062 -0.274453 0.09924995 -0.122318 -0.49925 0.02770096 -0.121493 -0.49925 0.033526 -0.14925 -0.488064 0.07906395 -0.07345098 -0.03769898 -7.5e-4 -0.07513999 -0.04408198 -7.5e-4 -0.08043998 -0.03998398 -7.5e-4 -0.08174997 -0.486583 0.07039797 -0.100397 -0.126534 -7.5e-4 -0.105743 -0.12085 -7.5e-4 -0.099985 -0.117677 -7.5e-4 -0.14925 -0.38876 0.09775 -0.04037594 -0.49925 0.05449998 -0.03438699 -0.49925 0.038275 -0.131577 -0.392599 0.09924995 -0.13977 -0.253791 -7.5e-4 -0.09353297 -0.145669 -7.5e-4 -0.02529799 7.5e-4 0.070728 -0.02560395 7.5e-4 0.076994 -0.1325449 -0.353452 0.03712499 -0.119382 -0.233007 0.1154929 -0.128567 -0.230444 0.1180559 -0.01026898 7.5e-4 0.05001896 -0.119164 -0.49925 0.02114397 -0.1154929 -0.49925 0.02819097 -0.13172 -0.49925 0.01528996 -0.138194 -0.49925 0.008281946 -0.04627496 -0.444098 -7.5e-4 -0.14925 -0.157857 0.08275997 -0.14925 -0.163091 0.07705795 -0.113098 -0.171818 -7.5e-4 -0.120629 -0.16876 -7.5e-4 -0.14925 -0.319368 0.01219898 7.5e-4 -0.138064 0.05071896 -0.02919995 -0.03251695 -7.5e-4 7.5e-4 -0.1656799 0.02035599 7.5e-4 -0.371793 0.03994196 7.5e-4 -0.08094 0.101171 7.5e-4 -0.076631 0.107743 7.5e-4 -0.085626 0.106401 -0.14925 -0.03957796 7.5e-4 -0.14925 -0.300671 0.091259 7.5e-4 -7.5e-4 0.19775 7.5e-4 -0.005370974 0.194672 7.5e-4 -7.5e-4 0.191594 -0.142171 -0.405856 0.09924995 7.5e-4 -0.246068 0.02863997 -0.14925 -0.06781095 0.151623 -0.14925 -0.05054396 0.06301295 -0.14925 -0.04690796 0.06937396 -0.14925 -0.02315795 0.04154795 -0.14925 -0.01676797 0.036686 -0.067846 -0.151726 -7.5e-4 -0.14925 -0.07468897 0.19775 7.5e-4 -0.07353097 0.114181 7.5e-4 -0.07878398 0.11541 7.5e-4 -0.180351 0.12323 7.5e-4 -0.184563 0.128776 7.5e-4 -0.238349 0.02389496 -0.14925 -0.125949 0.151551 -0.009251952 -0.05672198 -7.5e-4 7.5e-4 -0.368856 0.03168499 7.5e-4 -0.361843 0.032076 7.5e-4 -0.159334 0.004985988 -0.06674998 -0.410849 0.05686497 7.5e-4 -0.289342 0.04959398 -0.14925 -0.01175296 0.151774 -0.14925 -0.005899965 0.157445 -0.02077698 -0.111167 -7.5e-4 -0.14925 -0.04630297 0.05778795 7.5e-4 -0.07530397 0.02230799 -0.09945899 7.5e-4 0.09049999 -0.14925 -0.203055 0.08897799 -0.14925 -0.210476 0.09257799 7.5e-4 -0.337129 0.08361399 -0.142857 -0.446672 0.09924995 7.5e-4 -0.321017 0.08656096 7.5e-4 -0.315212 0.08121401 7.5e-4 -0.315977 0.08986896 -0.07489198 -0.212296 -7.5e-4 -0.04016596 -0.236054 -7.5e-4 7.5e-4 -0.112598 0.166065 -0.05069595 -0.06352496 -7.5e-4 -0.05471897 -0.07102799 -7.5e-4 -0.06017994 -0.064637 -7.5e-4 -0.102834 7.5e-4 0.140577 -0.09831899 7.5e-4 0.1380839 7.5e-4 -0.087453 0.166251 -0.123437 -0.290581 -7.5e-4 -0.122364 -0.300945 -7.5e-4 -0.12871 -0.295787 -7.5e-4 -0.03753596 -0.211899 0.136601 7.5e-4 -0.06164497 0.182567 -0.04973495 7.5e-4 0.186703 7.5e-4 -0.399547 0.05248296 -0.14925 -0.1584759 0.05582797 -0.04126095 -0.443716 0.09924995 -7.5e-4 -0.257016 0.09924995 -0.14925 -0.135671 0.193195 -0.09524101 -0.134351 -7.5e-4 -0.09968 -0.141941 -7.5e-4 -0.018772 7.5e-4 0.08739197 -0.01568895 7.5e-4 0.08070498 -0.02742898 -0.02570199 -7.5e-4 -0.005378961 -0.447888 0.09924995 -0.005201995 -0.439776 0.09924995 7.5e-4 -0.323176 0.09220898 7.5e-4 -0.350127 0.04622995 -0.11397 -0.23645 0.1120499 7.5e-4 -0.474395 0.09775 -0.14925 -0.06007397 0.140332 -0.14925 -0.387202 0.05325698 -0.14925 -0.38489 0.04635697 -0.14925 -0.37937 0.009042978 -0.14925 -0.369957 0.005530953 -0.14925 -0.04265999 0.07532399 -0.14925 -0.3529 0.008280992 -0.14925 -0.36117 0.005518972 -0.136692 7.5e-4 0.103636 -0.07236695 -0.03968 0.19925 -0.09790199 -0.009594976 -7.5e-4 -0.07952696 -0.009594976 -7.5e-4 -0.07424998 -7.5e-4 -7.5e-4 7.5e-4 -0.06413197 0.02804899 7.5e-4 -0.06036198 0.03298497 -0.14925 -0.03608095 0.09222495 -0.1342099 -0.366684 0.09924995 -0.135242 -0.372339 0.09924995 -0.139105 -0.368728 -7.5e-4 -0.127452 -0.370102 -7.5e-4 7.5e-4 -0.136249 0.05812299 -0.01619195 -0.379075 0.09924995 -0.01398497 -0.372488 0.09924995 -7.5e-4 -0.3735 0.09924995 -0.00624895 -0.36776 0.09924995 7.5e-4 -0.2299399 0.06753498 7.5e-4 -0.231378 0.05962997 -0.14925 -0.202656 7.5e-4 -0.14925 -0.210422 7.5e-4 -0.122961 -0.06250596 -7.5e-4 -0.130007 -0.06898295 -7.5e-4 -0.131787 -0.06092196 -7.5e-4 -0.03455299 7.5e-4 0.146262 7.5e-4 -0.403395 0.02094399 -0.138187 -0.455233 0.02497696 -0.14625 -0.455233 0.02497696 7.5e-4 -0.225181 0.04203999 -0.04754197 -0.476106 0.09924995 -0.14925 -0.062047 0.082542 -0.064915 -0.1177819 0.19925 -0.05678796 -0.113402 0.19925 7.5e-4 -0.424037 0.076411 7.5e-4 -0.421605 0.08412295 7.5e-4 -0.427359 0.06670796 -0.01368397 -0.419648 0.09924995 -0.07416898 -0.01938295 0.19925 -0.08174997 -0.466822 7.5e-4 -0.14925 -0.139387 0.19775 7.5e-4 -0.363631 0.05939596 7.5e-4 -0.36499 0.06471198 7.5e-4 -0.364929 0.07156795 7.5e-4 -0.372646 0.067258 -0.14925 -0.063883 0.1688809 -0.02919197 -0.409545 0.09924995 -0.105869 -0.08903396 -7.5e-4 7.5e-4 -0.089872 0.112522 -0.09143 -0.03917998 -7.5e-4 -0.08174997 -0.485884 0.05165398 7.5e-4 -0.100971 0.175521 -0.09517896 -0.435543 -7.5e-4 -0.08907699 -0.434702 -7.5e-4 -7.5e-4 -0.187125 -7.5e-4 -0.14925 -0.01503896 0.08187597 7.5e-4 -0.05865299 0.08374297 -0.09649199 -0.241512 -7.5e-4 -0.06674998 -0.470674 0.02803796 -0.06674998 -0.469227 0.03546094 -0.06674998 -0.465828 0.03053694 -7.5e-4 -0.09393799 -7.5e-4 -0.06957596 -0.02141296 -7.5e-4 7.5e-4 -0.02549195 0.138354 -0.14925 -0.190553 0.132923 -0.14925 -0.181255 0.122346 -0.14925 -0.176222 0.127734 -0.08378899 -0.1725929 -7.5e-4 -0.109969 -0.460531 0.02775698 -0.114 -0.455233 0.02497696 -0.06674998 -0.4206 0.02949297 -0.113916 -0.177937 0.170563 7.5e-4 -0.347837 0.02551096 7.5e-4 -0.346514 0.03342097 7.5e-4 -0.354536 0.028925 7.5e-4 -0.176897 0.06442695 7.5e-4 -0.17808 0.05662494 -0.14925 -0.043724 0.18961 7.5e-4 -0.07543498 0.06961596 -0.02325898 -0.437581 0.09924995 -0.14925 -0.170025 0.128588 -0.09140998 -0.430463 0.09924995 -0.08174997 -0.45445 7.5e-4 7.5e-4 -0.117321 0.07078796 7.5e-4 -0.07641595 0.05577999 7.5e-4 -0.07936298 0.04996997 7.5e-4 -0.09195095 0.03846597 7.5e-4 -0.155055 0.10289 -0.08324998 -0.49925 0.04924994 -0.077421 -0.1298159 0.19925 -0.070176 -0.130403 0.19925 -0.08523297 -0.133414 0.19925 -0.07969999 -0.136028 0.19925 -0.115458 -0.410456 -7.5e-4 -0.14925 -0.110128 0.123683 7.5e-4 -0.314453 0.05099999 7.5e-4 -0.32239 0.04074299 -0.127643 -0.273853 0.09924995 -0.14925 -0.253467 0.06188595 -0.14925 -0.256869 0.078655 7.5e-4 -0.154569 0.08393096 7.5e-4 -0.238797 0.05726897 7.5e-4 -0.245079 0.07479697 7.5e-4 -0.221296 0.098522 -0.01779198 -0.221928 -7.5e-4 -0.02139997 -0.215355 -7.5e-4 -0.114939 -0.1480039 -7.5e-4 -0.10826 -0.14147 -7.5e-4 -0.14925 -0.257016 7.5e-4 -0.14925 -0.259352 0.007413983 7.5e-4 -0.398669 0.008882999 7.5e-4 -0.401412 0.01371198 7.5e-4 -0.40591 0.006333947 -0.08174997 -0.406805 0.08014595 -0.08174997 -0.407058 0.07275199 -0.08174997 -0.398779 0.07349997 7.5e-4 -0.309738 0.09292596 7.5e-4 -0.307913 0.08463799 7.5e-4 -0.260827 0.03108799 -0.14925 -0.04156398 0.08740395 -0.14925 -0.04431897 0.081312 -0.127668 -0.49925 0.005456984 -0.109166 -0.215537 -7.5e-4 -0.01747298 -0.43573 -7.5e-4 -0.117274 -0.04393297 -7.5e-4 -0.094262 -0.06269299 -7.5e-4 -7.5e-4 -0.435625 0.09924995 -0.14925 -0.03716295 0.106141 -0.14925 -0.03727996 0.09871 7.5e-4 -0.01668 0.105208 7.5e-4 -0.01953697 0.110281 -0.141404 -0.301002 -7.5e-4 7.5e-4 -0.07126295 0.120887 -0.122272 -0.202319 -7.5e-4 -0.14925 -0.136081 0.16689 7.5e-4 -0.194581 0.121701 -0.02987098 -0.286419 0.09924995 -0.032857 -0.2947 0.09924995 -0.02065598 -0.284746 0.09924995 -0.14925 -0.127402 0.180829 -0.14925 -0.470163 0.07434296 -0.14925 -0.471141 0.06670796 7.5e-4 -0.07966196 0.07837295 7.5e-4 -0.07202196 0.08051198 -0.05980598 -0.07846599 -7.5e-4 -0.03241598 -0.180431 0.168069 -0.03539395 -0.186825 0.161675 -0.02852696 -0.184702 0.163798 7.5e-4 -0.066868 0.116514 7.5e-4 -0.09991395 0.08961296 -0.14925 -0.03037697 0.09810698 -0.124355 -0.01586598 0.19925 -0.14925 -0.06663095 0.01957798 7.5e-4 -0.08288097 0.111825 7.5e-4 -0.06782996 0.05478894 7.5e-4 -0.08302098 0.05742394 -0.14925 -0.02778798 0.072465 -0.14925 -0.466688 7.5e-4 -0.14925 -0.474453 7.5e-4 -0.14925 -0.471644 0.005919992 -0.14925 -0.492084 0.02126795 -7.5e-4 -0.49925 0.04924994 -0.14925 -0.269451 0.01454299 7.5e-4 -0.473845 0.03740596 -0.14925 -7.5e-4 0.037687 -0.14925 -0.005893945 0.04263496 -0.09486597 -0.206944 -7.5e-4 -0.03700596 -0.410001 -7.5e-4 -0.14925 -0.03737199 0.08064299 -0.14925 -0.03757798 0.07178699 -0.142509 -0.074391 -7.5e-4 -0.05584698 -0.05780595 -7.5e-4 -0.125817 -0.41921 -7.5e-4 -0.14925 -0.1031399 0.009833991 -0.14925 -0.106809 0.01513195 7.5e-4 -0.340099 0.03068995 -0.14925 -0.094922 0.147197 7.5e-4 -0.113485 0.04314196 7.5e-4 -0.11243 0.03554999 7.5e-4 -0.104243 0.03155499 7.5e-4 -0.105095 0.03906095 -0.14925 -0.05784696 0.05270999 -0.01990598 7.5e-4 0.189437 7.5e-4 -0.295339 0.09775 7.5e-4 -0.303124 0.09775 -0.110495 -0.108663 0.19925 -0.06516599 7.5e-4 0.111716 -0.06017297 7.5e-4 0.130194 -0.11569 -0.26518 0.09924995 -0.14925 -0.01376897 0.04269099 7.5e-4 -0.127327 0.108714 7.5e-4 -0.1295109 0.102055 7.5e-4 -0.01642197 0.09891897 -0.05562394 -0.01840698 -7.5e-4 -0.14925 -0.357969 7.5e-4 -0.14925 -0.365734 7.5e-4 -0.126805 -0.01055896 -7.5e-4 -0.123992 -0.017636 -7.5e-4 -7.5e-4 7.5e-4 0.1423439 -0.007906973 7.5e-4 0.143361 -0.01639395 7.5e-4 0.03391695 -0.08324998 -0.479438 -7.5e-4 -0.09172797 -0.47585 -7.5e-4 -0.01837497 -0.425875 0.04038494 7.5e-4 -0.110805 0.125095 7.5e-4 -0.102346 0.126949 -0.100214 7.5e-4 0.128095 -0.14925 -0.119431 0.179145 -0.14925 -0.108955 0.1708289 -0.14925 -0.1039569 0.167002 7.5e-4 -0.40425 0.06436198 -0.03969997 -0.470467 0.09924995 7.5e-4 -0.07210099 0.06105297 -0.100144 -0.117326 0.19925 -0.10263 -0.111069 0.19925 -0.005971968 -0.174403 -7.5e-4 -0.14925 -0.407544 0.057639 -0.09223699 -0.26434 0.09924995 -0.14925 -0.06738299 0.05550199 -0.06271797 -0.265391 -7.5e-4 -0.14925 -0.424023 0.004799962 -0.14925 -0.424118 0.01303499 -0.05427896 -0.04750198 0.19925 -0.14925 -0.3735 7.5e-4 -0.02076596 -0.375796 -7.5e-4 7.5e-4 -0.49775 0.07956296 -0.117254 -0.49925 0.06233996 -0.05574595 -0.01936197 0.19925 -0.05188298 -0.03934597 0.19925 -0.10531 -0.452312 0.09924995 -0.1155 -0.49925 7.5e-4 -0.107438 -0.49925 7.5e-4 -0.09728896 -0.268022 0.09924995 -0.04628396 7.5e-4 0.111944 -0.01343595 -0.195284 0.153216 -0.044918 -0.463102 0.09924995 7.5e-4 -0.153383 0.124553 -0.14925 -0.02217996 0.02306896 -0.127508 -0.158582 -7.5e-4 7.5e-4 -0.294741 0.05253595 7.5e-4 -7.5e-4 0.130031 7.5e-4 -0.009537994 0.123661 7.5e-4 -0.1705499 0.09664499 7.5e-4 -0.1094689 7.5e-4 7.5e-4 -0.101703 7.5e-4 -0.07424998 -0.27925 0.05531299 -0.083162 -0.280604 0.04924994 -0.01416397 -0.49925 0.03804695 7.5e-4 -0.376868 0.06044995 -0.02403497 7.5e-4 0.05846595 -0.074979 -0.061037 0.19925 -0.08346396 -0.09631997 0.19925 7.5e-4 -0.04659199 0.129658 -0.05582898 -0.03444999 -7.5e-4 -0.06029397 -0.02991795 -7.5e-4 -0.01956099 7.5e-4 0.09881496 -0.02603 7.5e-4 0.09380996 -0.02770698 7.5e-4 0.111589 -0.09192198 -0.187119 0.161381 -0.111977 -0.189615 0.158885 -0.04418098 -0.410386 0.09924995 -0.07541197 -0.079912 0.19925 -0.04830896 -0.275127 -7.5e-4 -0.04107195 -0.269971 -7.5e-4 -0.08643198 -0.05314797 0.19925 -0.07711499 -0.05464696 0.19925 -0.08105695 -0.04784595 0.19925 -0.082358 -0.05864298 0.19925 -0.100798 -0.394725 -7.5e-4 -0.08286297 -0.07765799 0.19925 -0.120032 -0.1880159 0.160484 -0.101754 -0.09173995 0.19925 -0.14925 -0.475828 0.078422 -0.138475 -0.376554 0.09924995 -0.14925 -0.151867 0.085509 -0.102373 -0.072869 0.19925 -0.109618 -0.05196696 0.19925 -0.103644 -0.133369 -7.5e-4 -0.09333395 -0.1285319 -7.5e-4 -0.101455 -0.05395895 0.19925 -0.14925 -0.208673 0.08512198 -0.14925 -0.2160789 0.08914095 -0.140829 -0.403353 -7.5e-4 -0.109824 -0.07061398 0.19925 -0.02983599 -0.49925 0.05023199 -0.141991 7.5e-4 0.102706 -0.08174997 -0.492554 0.08583098 -0.08174997 -0.44925 0.02497696 -0.06674998 -0.398779 0.07956296 -0.06674998 -0.398779 0.08562499 -0.125256 -0.197229 0.151271 7.5e-4 -0.43547 0.09775 -0.138563 7.5e-4 0.04999995 -0.14925 -0.04577195 0.05059695 -0.12979 -0.02103596 -7.5e-4 -0.10989 -0.08934599 0.19925 -0.09286797 -0.03795498 0.19925 -0.14925 -0.288078 7.5e-4 -0.07022398 7.5e-4 0.06745296 -0.06086999 7.5e-4 0.068309 -0.06716996 7.5e-4 0.086941 -0.09292298 -0.199663 0.148837 -0.111588 -0.202454 0.146046 -0.14925 -0.361307 0.04749596 -0.14925 -0.352326 0.04566794 -0.03431499 -0.273205 -7.5e-4 -0.11713 -0.229013 0.119487 -0.05676496 -0.211745 0.136755 -0.01809298 -0.211049 0.1374509 7.5e-4 -0.180365 0.07209199 7.5e-4 -0.404011 0.05854195 -0.14775 -0.01931196 0.19925 -0.14925 -0.01923495 0.19775 -0.101725 -0.214942 0.133558 7.5e-4 -0.435625 7.5e-4 7.5e-4 -0.427859 7.5e-4 7.5e-4 -0.42897 0.012721 7.5e-4 -0.106287 0.04688096 -0.122283 7.5e-4 0.06774497 -0.14925 -0.425387 0.02271598 -0.07578897 -0.06979095 -7.5e-4 -0.08085697 -0.08325999 -7.5e-4 -0.01803195 -0.09255897 0.19925 -0.01507496 -0.1162379 0.19925 -0.03533399 -0.28295 -7.5e-4 -0.03404998 -0.288723 -7.5e-4 -0.132048 -0.108184 0.19925 -0.14925 -0.02847695 0.19775 -0.142059 -0.02752494 0.19925 -0.03523898 -0.49925 0.07084196 7.5e-4 -0.03771996 0.19775 -7.5e-4 -0.02859395 0.19925 -7.5e-4 -0.03787499 0.19925 -0.04141896 -0.49925 0.06985998 -0.143156 -0.06107795 0.19925 -0.143156 -0.01467198 0.19925 -0.03061699 -0.01510399 0.19925 -0.03749996 -7.5e-4 0.19925 -0.02371895 -0.144609 0.19925 -0.01801896 -0.07400196 0.19925 -0.129477 -0.06558996 0.19925 -0.130477 -0.131726 0.19925 -0.04209399 -0.144609 0.19925 -0.115594 -0.144609 0.19925 -7.5e-4 -0.14925 0.19925 -0.005343973 -0.144609 0.19925 7.5e-4 -0.19922 0.09948396 7.5e-4 -0.01318496 0.110059 7.5e-4 -0.01050895 0.102832 7.5e-4 -0.02847695 0.19775 7.5e-4 -0.342049 0.09775 7.5e-4 -0.342211 0.08981996 7.5e-4 -0.337421 0.09253096 -0.14925 -0.04997497 0.13151 -0.07327395 -0.1868039 0.161696 -0.1310279 -0.441659 0.09924995 -0.08174997 -0.489769 0.02032196 -0.08174997 -0.489476 0.02767699 -0.06674998 -0.492392 0.01657599 -0.129375 7.5e-4 7.5e-4 -0.1201879 7.5e-4 7.5e-4 -0.03749996 7.5e-4 7.5e-4 -0.03749996 7.5e-4 0.19775 -0.04668796 7.5e-4 0.19775 -0.02831298 7.5e-4 7.5e-4 -0.07424998 7.5e-4 7.5e-4 -0.08343797 -7.5e-4 0.19925 -0.009641945 -0.49925 0.06989097 -0.01729297 -0.49925 0.07155096 7.5e-4 -0.351672 0.03742897 7.5e-4 -0.346306 0.04053795 -0.14925 -0.480667 0.03829598 7.5e-4 -0.130144 0.19775 7.5e-4 -0.102417 0.19775 7.5e-4 -0.111659 0.19775 7.5e-4 -0.108667 0.1915 7.5e-4 -0.03771996 0.19775 7.5e-4 -0.04366695 0.191635 -0.14925 -0.06544697 0.19775 7.5e-4 -0.08393198 0.19775 7.5e-4 -0.08669596 0.189455 7.5e-4 -0.009991943 0.19775 -0.14925 -7.5e-4 0.19775 -0.092839 -0.449411 -7.5e-4 -0.14925 -0.115187 0.163925 -0.14925 -0.1194159 0.1571069 -0.01912498 7.5e-4 7.5e-4 -0.14925 -0.08799695 0.1625829 -0.14925 -0.221782 0.03463697 7.5e-4 -0.03763896 0.145998 7.5e-4 -0.043531 0.144207 7.5e-4 -0.1689119 0.138828 7.5e-4 -0.166859 0.146526 -0.06007999 -0.18217 0.16633 7.5e-4 -0.006596982 0.108382 -0.06674998 -0.405164 0.043118 -0.129378 -0.019948 0.19925 7.5e-4 -0.185044 0.07771497 -0.055848 -0.199254 0.149246 -0.03731399 -0.199229 0.149271 -0.090025 7.5e-4 0.104669 -0.08473896 7.5e-4 0.1112689 7.5e-4 -0.461399 0.02402299 -0.11026 -0.477861 0.09924995 -0.09858995 -0.478227 0.09924995 -0.07425796 -0.199295 0.149205 -0.14925 -0.1499029 0.1247619 -0.14925 -0.140092 0.129325 -0.07516598 -0.211795 0.136705 -0.14925 -0.326479 0.09775 -0.14925 -0.318694 0.09775 -0.14925 -0.322567 0.09352296 -0.14925 -0.322813 0.07219099 -0.1249729 -0.49925 0.05040699 -0.12659 -0.49925 0.04457497 -0.14925 -0.474395 0.09775 -0.14925 -0.46661 0.09775 -0.14925 -0.48218 0.09775 -0.14775 7.5e-4 0.1485 -0.132851 7.5e-4 0.142304 -0.138563 7.5e-4 0.136188 -0.14775 -0.16175 0.1867499 -0.14775 -0.22425 0.1242499 -0.14775 -0.17425 0.17425 -0.128673 -0.173597 0.174903 -0.143156 -0.208625 0.1398749 -0.01806896 -0.237493 0.111007 -0.07434898 -0.263611 0.09924995 -0.05513495 -0.237507 0.110993 -0.1279 -0.235675 0.112825 -0.14775 -0.23675 0.11175 -0.04757595 -0.01921695 0.19925 -0.083314 -0.01948797 0.19925 -0.137599 -0.130796 0.19925 -0.111084 -0.131808 0.19925 -0.08355295 7.5e-4 0.01306098 -0.139714 7.5e-4 0.11658 -0.14925 -0.09337598 0.136133 -0.14925 -0.09890997 0.136482 -0.120191 7.5e-4 0.01305896 -0.111 7.5e-4 7.5e-4 -0.138563 7.5e-4 0.037687 -0.14925 -0.369187 0.05171698 -0.09703201 -0.256759 0.09924995 -0.14925 -0.03841495 0.1502929 -0.117493 7.5e-4 0.03155899 -0.04209399 -0.152375 0.196125 -0.04439097 7.5e-4 0.006905972 7.5e-4 -0.1750169 0.13422 -0.03749996 7.5e-4 7.5e-4 -0.06033098 -0.469194 -7.5e-4 -0.01233398 -0.312737 0.09924995 -0.01307499 -0.256469 0.09924995 -0.09239399 -0.280487 -7.5e-4 -0.005343973 -0.152375 0.196125 -0.14925 -0.05552297 0.05774497 -0.06493198 -0.01941198 0.19925 -0.06523096 7.5e-4 0.01305896 -0.06108194 7.5e-4 0.167254 -0.005343973 -0.227375 0.121125 -0.01442795 -0.221162 0.127338 -0.08343797 -0.2492499 0.09924995 -0.09262496 -0.2492499 0.09924995 -0.055875 7.5e-4 0.19775 -0.07424998 7.5e-4 0.19775 -0.03670895 -0.237406 0.1110939 -0.01098299 -0.05636096 0.19925 -0.01089799 -0.09345799 0.19925 -0.005343973 -0.214875 0.133625 -7.5e-4 7.5e-4 0.04999995 -7.5e-4 7.5e-4 0.04384398 -7.5e-4 7.5e-4 0.07462495 -0.009937942 7.5e-4 0.08693796 -7.5e-4 -0.19925 0.14925 -0.1281369 -0.186349 0.162151 -0.14775 -0.1867499 0.16175 -0.07386296 -0.236885 0.111615 -7.5e-4 -0.3735 -7.5e-4 -7.5e-4 -0.365734 -7.5e-4 -0.08174997 -0.468042 0.08987396 -0.14925 -0.330829 0.05027699 -0.01089596 -0.07489496 0.19925 -0.14925 -0.295589 0.08630698 -0.01213699 -0.08617895 -7.5e-4 -0.129144 -0.267403 -7.5e-4 -0.14925 -7.5e-4 0.09924995 -0.14925 -0.009214997 0.09397596 -0.14925 -0.473845 0.06109398 -0.01595497 -0.353452 0.09775 -0.130125 -0.44925 0.07424998 -0.134186 -0.353033 -7.5e-4 -0.06674998 -0.398779 7.5e-4 -0.04940396 -0.393864 0.09775 -0.05647599 -0.397406 0.09924995 -0.04770195 -0.394725 0.09924995 -0.08174997 -0.398779 0.067438 -0.14925 -0.290717 0.06184595 -0.136595 -0.31995 0.09924995 -0.03957796 -0.288455 0.09924995 -0.02379494 -0.292079 0.09924995 -0.03088498 -0.49925 0.07514697 -0.01020699 -0.318345 -7.5e-4 -0.04784196 -0.284471 0.09924995 -0.04831796 -0.285899 7.5e-4 -0.14925 -0.03134399 0.02353197 -0.14925 -0.040618 0.02353596 -0.02280598 -0.370128 0.09775 -0.02678298 -0.377263 0.09924995 -0.02104794 -0.370102 0.09924995 -0.09202396 -0.397406 0.09924995 -0.006430983 -0.40463 -7.5e-4 -0.01146495 -0.408988 -7.5e-4 -0.099096 -0.393864 7.5e-4 -0.09202396 -0.397406 -7.5e-4 -0.100798 -0.394725 -7.5e-4 -0.083162 -0.280605 0.09775 -0.06533795 -0.280605 0.09775 -0.06533795 -0.280605 7.5e-4 -0.1001819 -0.285899 0.09775 -0.1006579 -0.284471 -7.5e-4 -0.1159819 -0.384424 -7.5e-4 -0.10839 -0.389574 -7.5e-4 -0.107955 -0.395475 -7.5e-4 -0.114889 -0.394362 -7.5e-4 -0.125694 -0.370128 7.5e-4 -0.121717 -0.377263 -7.5e-4 -0.127452 -0.370102 -7.5e-4 -0.121431 -0.302183 7.5e-4 7.5e-4 -0.202656 7.5e-4 -0.02613598 -0.300945 0.09924995 -0.132773 -0.49925 0.05489796 -0.03258895 -0.3909 -7.5e-4 -0.03251796 -0.384424 0.09924995 -0.133339 -0.344473 7.5e-4 -0.07006895 -0.205346 -7.5e-4 -0.01436799 -0.335493 0.09775 -0.14925 -7.5e-4 0.03153097 -0.045816 -0.42305 0.09924995 -0.04378896 -0.430978 0.09924995 -0.06035298 -0.223434 0.125066 -0.106438 -0.066109 -7.5e-4 -0.121179 -0.06972396 -7.5e-4 -0.14925 -0.03024899 0.03558599 -0.09047597 -0.180846 0.167654 -0.06674998 -0.415411 0.02521795 -0.06674998 -0.407685 0.02809 -0.02471596 -0.273437 0.09924995 -0.01878994 -0.278245 0.09924995 -0.14925 -0.307402 0.04064995 -0.08174997 -0.455233 0.02497696 -0.007842957 -0.49925 0.04349398 -0.109851 -0.49925 0.06127595 7.5e-4 -0.03356695 0.09450399 -0.08174997 -0.404512 0.02049696 -0.109401 -0.490993 0.09924995 -0.1155 -0.49775 0.09924995 -0.05131596 -0.174215 0.1742849 -0.04642599 -0.1769599 0.17154 -0.05272597 -0.180433 0.168067 -0.07012498 -0.187779 -7.5e-4 -0.06239497 -0.1879079 -7.5e-4 -0.05623894 -0.188414 -7.5e-4 7.5e-4 -7.5e-4 0.08078098 7.5e-4 -0.01044297 0.07809698 7.5e-4 -7.5e-4 0.07462495 -0.14925 -7.5e-4 0.166969 7.5e-4 -0.308356 0.07899498 -0.09324997 -0.079346 -7.5e-4 -0.1099449 -0.081676 -7.5e-4 -0.006182968 -0.22127 -7.5e-4 -0.01133096 -0.220746 -7.5e-4 -0.14925 -0.103124 0.02019995 7.5e-4 -0.102729 0.09530299 7.5e-4 -0.455324 0.02263599 7.5e-4 -0.44925 0.02124994 -0.10829 -0.28984 0.09775 -0.089136 -0.40455 -7.5e-4 -0.14925 -0.139593 0.173493 7.5e-4 -0.357733 0.06712496 -0.14775 -0.49925 0.04924994 -0.005621969 -0.354379 -7.5e-4 -0.07163596 -0.1808159 0.167684 -0.06674998 -0.469322 0.07723098 -0.125811 -0.175595 -7.5e-4 -0.06715995 -0.04222697 -7.5e-4 -0.14925 -0.234077 0.103656 -0.05827897 -0.217886 0.130614 -0.14925 -7.5e-4 0.07462495 -0.130439 -0.255355 0.09924995 -0.05360698 7.5e-4 0.155421 7.5e-4 -0.088898 0.01820099 7.5e-4 -0.08617198 7.5e-4 -0.02262794 -0.310028 0.03712499 -0.02706897 -0.302183 0.07349997 -0.02262794 -0.310028 0.09775 -0.04185199 -0.388941 0.03712499 -0.04185295 -0.388941 0.09775 -0.04940396 -0.393864 0.09775 -0.03363996 -0.296012 0.03712499 -0.03363996 -0.296012 0.06137496 -0.03363996 -0.296012 0.08562499 -0.130313 -0.317873 0.02499997 -0.125872 -0.310028 0.03712499 -0.125872 -0.310028 0.06137496 -0.134132 -0.335493 0.018938 -0.1322219 -0.326683 0.03712499 -0.1322219 -0.326683 0.06137496 7.5e-4 -0.115916 0.01848697 -0.130313 -0.317873 0.09775 -0.106647 -0.388941 0.03712499 -0.114199 -0.384017 0.07349997 -0.106647 -0.388941 0.06137496 -0.106647 -0.388941 7.5e-4 -0.10839 -0.389574 0.09924995 -0.119946 -0.377073 0.03712499 -0.125694 -0.370128 0.07956296 -0.14925 -0.009649991 0.186091 -0.14925 -0.01283395 0.180206 -0.119946 -0.377073 0.06137496 -0.114199 -0.384017 7.5e-4 -0.125694 -0.370128 7.5e-4 -0.01627796 -0.326683 0.03712499 -0.01627796 -0.326683 0.08562499 -0.135289 -0.49925 0.07678997 -0.108475 -0.26815 -7.5e-4 -0.1148599 -0.296012 0.06137496 -0.1155 -0.49925 0.09775 -0.121367 -0.49925 0.09166598 -0.116942 -0.49925 0.08915996 -0.09207397 -0.281959 0.018938 -0.083162 -0.280604 0.03712499 -0.07424998 -0.27925 0.03106296 -0.07424998 -0.27925 0.07349997 -0.083162 -0.280605 0.06137496 -0.07424998 -0.27925 0.02499997 -0.06533795 -0.280605 0.06137496 7.5e-4 -0.44925 0.07725 7.5e-4 -0.444286 0.08202898 -0.07424998 -0.27925 7.5e-4 -0.14925 -0.44925 0.07725 -0.134132 -0.335493 0.07349997 -0.133339 -0.344473 0.06137496 -0.1325449 -0.353452 0.067438 -0.01516199 -0.344473 0.03712499 -0.14925 -0.096919 0.01975095 -0.01542299 -0.347427 0.08337497 -0.05807697 -0.396322 0.03712499 -0.05807697 -0.396322 0.06137496 -0.08174997 -0.398779 0.02499997 -0.09042298 -0.396322 0.03712499 -0.09042298 -0.396322 0.06137496 -0.08174997 -0.398779 0.04318797 -0.1001819 -0.285899 0.06137496 -0.02855396 -0.377073 0.03712499 -0.02855396 -0.377073 0.06137496 -0.02280598 -0.370128 0.067438 -0.03430098 -0.384017 0.09775 -0.01938098 -0.36179 0.03712499 -0.01938098 -0.36179 0.01287496 -0.01595497 -0.353452 0.09775 -0.04831796 -0.285899 0.03712499 -0.04831796 -0.285899 0.06137496 7.5e-4 -0.159593 0.136341 -0.1291199 -0.36179 0.01287496 -0.1420159 -0.414064 -7.5e-4 -0.1291199 -0.36179 0.06137496 -0.1325449 -0.353452 0.05531299 -0.125694 -0.370128 7.5e-4 -0.07662498 -0.21799 0.13051 -0.123365 -0.47507 0.09924995 -0.14925 -0.198629 0.14775 7.5e-4 -0.2492499 7.5e-4 7.5e-4 -0.241484 7.5e-4 -0.14925 -0.326137 0.02077096 -0.14925 -0.07629895 0.02784895 -0.14925 -0.287554 0.09775 -0.04309296 7.5e-4 0.07123696 -0.14925 -0.348361 0.01535999 -0.14925 -0.341298 0.00899595 7.5e-4 -0.103715 0.02483296 -7.5e-4 7.5e-4 0.01921898 -0.14925 -0.333625 0.007097959 -0.14925 -0.1870729 0.09847199 -0.131523 -0.316844 0.09924995 -0.01697695 -0.316844 0.09924995 -0.04076194 -0.01701897 -7.5e-4 -0.03954994 -0.02265298 -7.5e-4 -0.007530987 -0.21318 -7.5e-4 -0.092453 -0.193439 0.155061 -0.02345699 7.5e-4 0.1314949 7.5e-4 -0.273289 0.01299595 7.5e-4 -0.271118 0.01938098 -0.14925 -0.429355 0.009804964 -0.14925 -0.435625 7.5e-4 -0.14925 -0.420094 7.5e-4 -0.14925 -0.427859 7.5e-4 -0.018076 7.5e-4 0.1548089 -0.01607197 -0.02731895 0.19925 -0.02321398 -0.03811997 -7.5e-4 -0.03678596 -0.1930159 0.155484 -0.07391697 -0.193038 0.155462 -0.07457095 -0.205549 0.142951 -0.05555999 -0.193023 0.155477 -0.05616098 -0.205503 0.142997 -0.03676795 -0.205606 0.142894 -0.01814699 -0.223893 0.124607 7.5e-4 -0.01589 0.160435 -0.14775 -0.16175 0.1867499 -0.14775 -0.168 0.1805 -0.14775 -0.19925 0.14925 -0.14775 -0.17425 0.17425 -0.14775 -0.1805 0.168 -7.5e-4 -0.168 0.1805 -7.5e-4 -0.17425 0.17425 7.5e-4 -0.264781 7.5e-4 -0.14925 -0.155207 0.168787 -0.01901495 -0.242345 0.106155 -0.05580794 -0.242347 0.106153 -0.078323 -0.239836 0.108664 -0.037422 -0.242338 0.106162 -7.5e-4 -0.243 0.1055 -0.14775 -0.243 0.1055 -0.14925 -0.238607 0.100097 -0.14775 -0.2305 0.118 -0.14775 -0.1867499 0.16175 -0.14925 -0.166628 0.163085 -0.14925 -0.167819 0.1719 -0.14775 -0.193 0.1554999 -7.5e-4 -0.193 0.1554999 7.5e-4 -0.155335 0.182838 -0.14775 -0.14925 0.19925 7.5e-4 -0.03037095 0.008025944 -0.09343296 -0.205847 0.142653 7.5e-4 -0.04409497 0.022053 -0.133918 -0.218427 -7.5e-4 -0.08491396 -0.124447 0.19925 -0.01857095 -0.300614 0.09924995 -0.02613598 -0.300945 0.09924995 7.5e-4 -0.009049952 0.1168349 -0.14925 -0.05708497 0.18291 7.5e-4 -0.400879 0.02934098 -0.03877097 -0.01148897 -7.5e-4 -0.107324 -0.470978 -7.5e-4 -0.106571 -0.465323 -7.5e-4 7.5e-4 -0.06441199 0.050125 -0.06674998 -0.418684 0.088674 -0.06674998 -0.423522 0.09775 -0.06674998 -0.429114 0.089872 -0.021151 7.5e-4 0.02369999 -0.02039098 -0.05727297 -7.5e-4 -0.14925 -0.08463996 0.02662497 7.5e-4 -0.340102 0.05584299 -0.08174997 -0.471959 0.01074194 -0.08174997 -0.485379 7.5e-4 -0.08174997 -0.481937 0.005403995 -0.05624699 -0.421986 -7.5e-4 7.5e-4 -0.171675 0.122249 7.5e-4 -0.037907 0.03628599 -0.05133998 -0.492517 0.09924995 -0.05062496 -0.465828 0.03053694 -0.06674998 -0.49775 0.02499997 -0.09787499 -0.44925 0.07424998 -0.105938 -0.455233 0.02497696 -0.114 -0.465828 0.03053694 7.5e-4 -0.404563 7.5e-4 -0.002249956 -0.455233 0.02497696 -0.01837497 -0.44925 0.07424998 -0.02442198 -0.443441 0.07281798 -0.01635897 -0.443441 0.07281798 -0.01031297 -0.437632 0.07138597 -0.01031297 -0.443441 0.07281798 -0.099891 -0.433154 0.06741899 -0.105938 -0.469825 0.063452 -0.114 -0.469825 0.063452 -0.09787499 -0.469825 0.063452 -0.103922 -0.465346 0.06741899 -0.00565797 -0.274886 0.09924995 -0.09787499 -0.428675 0.063452 -0.021025 -0.04590195 -7.5e-4 -0.118237 -0.43007 -7.5e-4 -0.05868798 -0.455233 0.02497696 -0.105938 -0.428675 0.063452 -0.099891 -0.443441 0.07281798 -0.09673595 -0.228172 -7.5e-4 -0.05868798 -0.425875 0.04038494 -0.05062496 -0.425875 0.04038494 -0.02643799 -0.455233 0.02497696 -0.0345 -0.455233 0.02497696 -0.07504099 7.5e-4 0.1614069 -0.02643799 -0.465828 0.03053694 -0.002249956 -0.432672 0.03053694 -0.01031297 -0.465828 0.03053694 -0.05062496 -0.465828 0.03053694 -0.099891 -0.43797 0.02775698 -0.14925 -0.09852397 0.026057 -0.105938 -0.465828 0.03053694 -0.09787499 -0.465828 0.03053694 -0.06674998 -0.455233 0.02497696 -0.122063 -0.428675 0.063452 -0.114 -0.428675 0.063452 -0.130125 -0.428675 0.063452 -0.128109 -0.465346 0.06741899 -0.14925 -0.01043295 0.04917198 -0.05868798 -0.469825 0.063452 -0.06674998 -0.469825 0.063452 -0.05062496 -0.469825 0.063452 -0.05667197 -0.465346 0.06741899 -0.05264097 -0.433154 0.06741899 -0.130125 -0.426554 0.05785799 -0.122063 -0.469825 0.063452 7.5e-4 -0.07840597 7.5e-4 7.5e-4 -0.07412296 0.005413949 -0.138731 -0.431796 -7.5e-4 -0.14925 -0.06383097 0.04501098 -0.12316 -0.444346 0.09924995 -0.05868798 -0.428675 0.063452 -0.06674998 -0.428675 0.063452 -0.01837497 -0.437632 0.07138597 -0.02643799 -0.469825 0.063452 -0.0345 -0.469825 0.063452 -0.01031297 -0.428675 0.063452 -0.05642598 -0.281959 0.04924994 -0.04831796 -0.285899 0.04924994 -0.138187 -0.432672 0.03053694 -0.06674998 -0.436444 0.01817297 -0.14925 -0.07726997 0.17182 -0.06674998 -0.44925 0.07424998 -0.05062496 -0.443441 0.07281798 -0.130125 -0.465828 0.03053694 -0.138187 -0.465828 0.03053694 -0.01837497 -0.426554 0.05785799 -0.049968 -0.252416 -7.5e-4 -0.04640197 -0.245927 -7.5e-4 -0.04256296 -0.443267 0.02497696 -0.06674998 -0.491619 0.02822798 -0.01635897 -0.433154 0.06741899 -0.01031297 -0.469825 0.063452 -0.002249956 -0.469825 0.063452 -0.08174997 -0.455233 0.02497696 -0.04256296 -0.428675 0.063452 -0.0345 -0.428675 0.063452 -0.05062496 -0.428675 0.063452 -0.04860895 -0.465346 0.06741899 -0.05062496 -0.428675 0.063452 -0.04256296 -0.469825 0.063452 -0.130125 -0.43797 0.02775698 -0.14925 -0.31482 0.05755096 -0.05264097 -0.43797 0.02775698 -0.136278 -0.01796197 -7.5e-4 -0.005913972 -0.363367 -7.5e-4 -0.122063 -0.425875 0.04038494 -0.114 -0.425875 0.04038494 -0.130125 -0.425875 0.04038494 7.5e-4 -0.171979 0.05721098 7.5e-4 -0.170846 0.06535398 -0.007300972 -0.49925 0.08259397 -0.007300972 -0.49925 0.07653099 -7.5e-4 -0.49925 0.07956296 -0.05264097 -0.425153 0.04632395 -0.06674998 -0.472625 0.04038494 -0.05465596 -0.473347 0.04632395 -0.06943196 -0.06331795 -7.5e-4 -0.06674998 -0.425153 0.04632395 -0.05868798 -0.425875 0.04038494 -0.05995196 -0.49925 0.01597595 -0.053366 -0.49925 0.01444399 -0.008812963 -0.49925 0.09775 -0.007300972 -0.49925 0.088656 -7.5e-4 -0.49925 0.09168797 -0.01837497 -0.43797 0.02775698 -0.14925 -0.04212999 0.108775 -0.02039098 -0.425153 0.04632395 -0.013852 -0.49925 0.088656 -0.01687496 -0.49925 0.09775 -0.02643799 -0.425875 0.04038494 -0.0345 -0.425875 0.04038494 7.5e-4 -0.166004 0.04302096 -0.002249956 -0.474068 0.05226296 -0.01031297 -0.425875 0.04038494 -0.002249956 -0.425875 0.04038494 -0.01837497 -0.425875 0.04038494 -0.01232796 -0.425153 0.04632395 -0.133619 -0.09686899 -7.5e-4 -0.126173 -0.100518 -7.5e-4 -0.100798 -0.06068694 -7.5e-4 -7.5e-4 -0.49925 0.08562499 -0.1321409 -0.433154 0.06741899 -0.138187 -0.469825 0.063452 -0.14625 -0.469825 0.063452 -0.130125 -0.469825 0.063452 -0.1361719 -0.465346 0.06741899 -0.01837497 -0.465828 0.03053694 -0.015293 -0.236096 -7.5e-4 -0.01300996 -0.49925 0.07673299 -0.01369196 -0.49925 0.08301699 -7.5e-4 -0.49925 0.07349997 -0.14625 -0.428675 0.063452 -0.138187 -0.428675 0.063452 -0.04256296 -0.425875 0.04038494 -0.05062496 -0.425875 0.04038494 -0.04457795 -0.425153 0.04632395 -0.04860895 -0.473347 0.04632395 -0.06674998 -0.41115 7.5e-4 -0.09787499 -0.425875 0.04038494 -0.08981299 -0.465828 0.03053694 -0.08174997 -0.465828 0.03053694 7.5e-4 -0.371008 0.07520198 -0.08174997 -0.448265 7.5e-4 -0.09787499 -0.469825 0.063452 -0.14625 -0.432672 0.03053694 -0.108716 -0.238337 -7.5e-4 -0.103626 -0.239428 -7.5e-4 -0.1321409 -0.425153 0.04632395 -0.138187 -0.425153 0.04632395 -0.138187 -0.425875 0.04038494 -0.130125 -0.465828 0.03053694 -0.08981299 -0.428675 0.063452 -0.08174997 -0.428675 0.063452 -0.09787499 -0.428675 0.063452 -0.09182798 -0.433154 0.06741899 -0.09585899 -0.465346 0.06741899 -0.05859798 -0.49925 0.07280296 -0.06524997 -0.49925 0.07349997 -0.03552895 -0.49925 0.09224796 -0.08981299 -0.469825 0.063452 -0.09787499 -0.437632 0.07138597 -0.114 -0.465828 0.03053694 -0.09182798 -0.443441 0.07281798 -0.123946 -0.472347 -7.5e-4 -0.09182798 -0.43797 0.02775698 -0.08981299 -0.474068 0.05226296 -0.08174997 -0.474068 0.05226296 -0.04256296 -0.465828 0.03053694 -0.05062496 -0.469825 0.063452 -0.130125 -0.469825 0.063452 -0.01837497 -0.469825 0.063452 -0.14925 -0.140547 0.05595499 -0.14925 -0.09839099 0.00526297 7.5e-4 -0.16549 0.05565798 7.5e-4 -0.263147 0.02234596 7.5e-4 -0.394409 0.03209596 -0.03881394 -0.49925 0.083346 -0.08717697 -0.223619 0.124881 7.5e-4 -0.218188 7.5e-4 -0.142067 -0.08539795 -7.5e-4 -0.140542 -0.092646 -7.5e-4 -0.14775 -0.08617198 -7.5e-4 -0.14239 -0.09858399 -7.5e-4 -0.1336989 -0.102607 -7.5e-4 -0.110966 -0.455771 0.09924995 -7.5e-4 -0.49925 7.5e-4 -0.14925 -0.04924899 0.024598 -0.14925 -0.04729795 0.01831096 -0.14925 -0.04820895 0.03604698 -0.103839 -0.232172 -7.5e-4 -0.112177 -0.234493 -7.5e-4 -0.08929699 -0.49925 0.03712499 -0.08324998 -0.49925 0.02499997 -0.08324998 -0.49925 0.03106296 -0.04912495 -0.49925 0.09775 -0.14925 -0.04286396 0.153732 7.5e-4 -0.05845898 0.177422 -0.101532 -0.475771 -7.5e-4 -0.09730297 -0.481578 -7.5e-4 -0.03897094 -0.439718 -7.5e-4 -0.04645597 -0.437427 -7.5e-4 -0.04102396 -0.432521 -7.5e-4 -0.04395896 -0.426634 -7.5e-4 -0.102737 -0.49925 0.08286398 -0.14925 -0.319141 7.5e-4 7.5e-4 -0.04734396 7.5e-4 -0.03270399 -0.434581 -7.5e-4 7.5e-4 -0.318302 0.075432 -0.01460897 -0.39698 0.09924995 7.5e-4 -0.158028 0.04088795 7.5e-4 -0.307149 0.03637099 -0.05531495 -0.259983 -7.5e-4 -0.14925 -0.163156 0.102274 -0.022228 7.5e-4 0.117778 -0.07871896 -0.129891 -7.5e-4 -0.127008 -0.422881 0.09924995 -0.09891599 -0.150885 -7.5e-4 7.5e-4 -0.455324 0.07586395 -0.14625 -0.443441 0.07281798 -0.14925 -0.437101 0.07447695 -0.14625 -0.460868 0.07138597 -0.14925 -0.46627 0.07059198 -0.14925 -0.461399 0.07447695 -0.14925 -0.46627 0.07059198 7.5e-4 -0.44925 0.02124994 -0.14925 -0.461399 0.02402299 7.5e-4 -0.455324 0.07586395 -0.002249956 -0.428675 0.063452 7.5e-4 -0.346208 0.05799895 -0.120375 -0.251859 -7.5e-4 7.5e-4 -0.443176 0.02263599 7.5e-4 -0.437101 0.02402299 -0.14925 -0.44925 0.02124994 -0.14925 -0.443176 0.02263599 7.5e-4 -0.443176 0.07586395 -0.06674998 -0.455059 0.07281798 -0.08174997 -0.466129 0.07332998 -0.08174997 -0.465346 0.06741899 -0.08174997 -0.460868 0.07138597 -0.038531 -0.44925 0.02497696 -0.002249956 -0.455233 0.02497696 -0.14625 -0.443267 0.02497696 -0.14625 -0.44925 0.02497696 -0.08324998 -0.49925 0.018938 -0.08174997 -0.429273 0.03546094 -0.002249956 -0.465828 0.03053694 -0.14625 -0.429273 0.03546094 -0.06674998 -0.425875 0.04038494 -0.06674998 -0.421259 0.03578197 -0.002249956 -0.460531 0.02775698 -0.08174997 -0.460531 0.02775698 -0.06674998 -0.473551 0.01482796 -0.14625 -0.455233 0.02497696 -0.14625 -0.465828 0.03053694 -0.08174997 -0.428675 0.063452 -0.002249956 -0.428675 0.063452 -0.06674998 -0.483578 0.05637794 -0.06674998 -0.47734 0.05850499 -0.002249956 -0.465346 0.06741899 -0.08174997 -0.433154 0.06741899 -0.14925 -7.5e-4 0.173125 -0.08174997 -0.469825 0.063452 -0.06674998 -0.437632 0.07138597 -0.002249956 -0.443267 0.02497696 -0.06674998 -0.43797 0.02775698 -0.06674998 -0.43797 0.02775698 -0.08174997 -0.469825 0.063452 -0.08174997 -0.471946 0.05785799 -0.08174997 -0.425875 0.04038494 -0.06674998 -0.418196 0.05002599 -0.14925 -0.106402 0.03743398 -0.14925 -0.09393799 7.5e-4 -0.099375 -0.49925 0.09775 -0.14925 -0.1094689 7.5e-4 -0.069233 -0.120517 -7.5e-4 -0.02221697 -0.458582 -7.5e-4 7.5e-4 -0.198231 0.05633097 7.5e-4 -0.169802 0.05056995 7.5e-4 -0.176028 0.05109399 -0.14925 -0.09253096 0.09692299 -0.14925 -0.09892696 0.09963899 7.5e-4 -0.163731 0.140801 7.5e-4 -0.125 7.5e-4 -0.119281 -0.176719 -7.5e-4 -0.115867 -0.181371 -7.5e-4 -0.112167 -0.17785 -7.5e-4 -0.137608 -0.08095097 -7.5e-4 -0.1363739 -0.07367497 -7.5e-4 7.5e-4 -0.228956 0.054286 7.5e-4 -0.230188 0.047598 7.5e-4 -0.362041 0.02597498 -0.01451098 -0.306676 0.09924995 -0.09918695 -0.49925 0.01297795 -0.1360999 -0.486546 0.09924995 -0.06113696 -0.155104 -7.5e-4 -0.05668497 -0.149649 -7.5e-4 -0.06674998 -0.442079 0.09775 -0.06674998 -0.44925 0.07424998 -0.14925 -0.263995 0.08900099 -0.08174997 -0.423522 0.09775 -0.08174997 -0.421912 0.02168297 -0.08174997 -0.417336 0.006812989 -0.08174997 -0.398779 0.09775 -0.06674998 -0.466822 7.5e-4 -0.125 -0.49925 0.08522397 -0.14925 -0.25111 0.03768098 -0.14925 -7.5e-4 0.02537494 -0.14925 -0.36967 0.07887798 -0.07424998 -0.27925 0.03712499 -0.14925 -0.1375 0.09878498 -0.08174997 -0.398779 0.02499997 -0.08174997 -0.420369 0.03468996 -0.06674998 -0.478178 0.02600395 -0.14925 -0.252987 0.05427795 -0.14925 -0.263264 0.04545295 -0.14925 -0.37319 0.09775 7.5e-4 -0.195543 0.114045 -0.14925 -0.2314659 0.05576294 -0.14925 -0.241174 0.04910498 -0.14925 -0.412195 0.03438395 7.5e-4 -0.10569 0.163596 -0.14925 -0.23513 0.048949 -0.14925 -0.08072799 0.07416599 -7.5e-4 -0.49925 7.5e-4 -0.14925 -0.2492499 7.5e-4 -0.05826199 -0.409013 -7.5e-4 7.5e-4 -0.357636 0.03553199 -0.1148599 -0.296012 0.02499997 -0.08174997 -0.431995 0.008196949 -0.08174997 -0.43797 0.02775698 -0.14925 -0.416351 0.08065199 -0.14925 -0.410992 0.07607299 -0.06674998 -0.467068 0.09187495 7.5e-4 -7.5e-4 0.173125 -0.14925 -0.43547 0.09775 -0.14925 -0.413612 0.09225195 7.5e-4 -0.02364695 0.163546 7.5e-4 -0.378029 0.04145699 -0.08174997 -0.412907 0.05581098 7.5e-4 -7.5e-4 0.1485 7.5e-4 -0.01299196 0.144641 7.5e-4 -0.02336496 0.176527 -0.14925 -0.390462 0.01932799 -0.07284897 -0.133646 -7.5e-4 -0.07806998 -0.1374509 -7.5e-4 -0.14925 -0.350492 0.03769397 7.5e-4 -0.163621 0.05018699 -0.14925 -0.01443099 0.131116 -0.133633 -0.233586 -7.5e-4 -0.136229 -0.398131 0.09924995 -0.130755 -0.417283 0.09924995 -0.143679 -0.415687 0.09924995 -0.14925 -0.381266 7.5e-4 -0.14925 -0.394732 0.006655991 -0.14925 -0.389031 7.5e-4 -0.14925 -0.396797 7.5e-4 -0.103785 -0.399081 -7.5e-4 -0.14925 -0.189381 0.12418 -0.12981 -0.287528 -7.5e-4 -0.13548 -0.291066 -7.5e-4 7.5e-4 -0.102477 0.15689 7.5e-4 -0.09921097 0.161974 7.5e-4 -0.01628094 7.5e-4 7.5e-4 -7.5e-4 7.5e-4 -0.04931598 -0.113526 -7.5e-4 -0.02155697 -0.308894 0.09924995 -0.05718797 -0.49775 -7.5e-4 -0.062931 -0.111055 -7.5e-4 -0.1155 -0.49925 0.09775 -0.123563 -0.49925 0.09775 -0.139688 -0.49775 -7.5e-4 -0.03299999 -0.49925 7.5e-4 -0.03299999 -0.49925 0.09775 -0.02493798 -0.49925 0.09775 -0.03299999 -0.49775 0.09924995 -0.04106295 -0.49925 7.5e-4 -0.120579 -0.42246 0.09924995 -0.14925 -0.08005499 0.05562198 7.5e-4 -0.05331599 0.111003 -0.14925 -0.038715 0.01204997 -0.14925 -0.05598998 0.008236944 -0.14925 -0.088575 0.04217296 7.5e-4 -7.5e-4 0.111563 7.5e-4 -7.5e-4 0.105406 -0.13279 -0.424032 0.09924995 7.5e-4 -0.1434299 0.05893194 -0.074467 -0.05012297 -7.5e-4 -0.08324998 -0.49925 0.067438 -0.14925 -0.097476 0.117483 -0.14925 -0.100093 0.111531 -0.03716999 -0.481257 -7.5e-4 7.5e-4 -0.328784 0.05761998 -0.123563 -0.49925 7.5e-4 7.5e-4 -0.492206 0.03561097 7.5e-4 -0.49775 0.03106296 -0.127596 -0.1444129 -7.5e-4 -0.091313 -0.49925 0.09775 -0.139688 -0.49925 7.5e-4 -0.132817 -0.49925 0.007452964 -0.14925 -0.142359 0.162765 -0.14925 -0.143251 0.1689569 -0.14925 -0.413989 0.007194995 -0.05718797 -0.49925 7.5e-4 -0.04106295 -0.49925 0.09775 -0.03299999 -0.49925 0.09775 7.5e-4 -0.169938 0.105674 -0.08859395 7.5e-4 0.04959297 7.5e-4 -0.280313 7.5e-4 -0.14925 -0.1619729 0.126136 -0.08689898 -0.144199 -7.5e-4 -0.07945698 -0.144132 -7.5e-4 -0.02759397 -0.491674 -7.5e-4 -0.02493798 -0.49925 7.5e-4 -0.01687496 -0.49925 7.5e-4 -0.02493798 -0.49925 0.09775 -0.009764969 -0.281619 -7.5e-4 -0.14925 -0.163338 0.06814199 -7.5e-4 -0.49925 0.09775 -0.14925 -0.295339 0.09775 7.5e-4 -0.268585 0.02673298 -0.097974 -0.452532 0.09924995 -0.04672598 -0.49925 0.01144695 -0.05734699 -0.49925 0.008241951 7.5e-4 -0.387669 0.01810699 -0.04106295 -0.49925 7.5e-4 -0.03299999 -0.49925 7.5e-4 -0.08345997 7.5e-4 0.05519396 -0.112343 -0.005946993 0.19925 7.5e-4 -0.334264 0.09775 7.5e-4 -0.331559 0.09194397 7.5e-4 -0.326479 0.09775 -0.01910996 -0.229588 -7.5e-4 7.5e-4 -0.40827 0.012802 -0.03600299 -0.410088 0.09924995 -0.107438 -0.49925 0.09775 7.5e-4 -0.461399 0.07447695 7.5e-4 -0.283339 0.05780899 7.5e-4 -7.5e-4 0.09924995 -0.01743996 -0.243952 -7.5e-4 -0.02178996 -0.237669 -7.5e-4 -0.04767894 -0.07087695 -7.5e-4 -0.141707 -0.38077 0.09924995 7.5e-4 -0.383336 0.006387948 7.5e-4 -0.389031 7.5e-4 7.5e-4 -0.396797 7.5e-4 -0.01419895 -0.105258 -7.5e-4 -0.14925 -0.166969 0.007256984 -0.14925 -0.1825 0.007256984 -0.14925 -0.187125 7.5e-4 -0.14925 -0.172932 0.02043294 -0.14925 -0.1688539 0.02670097 -0.14925 -0.185311 0.02190595 7.5e-4 -0.187257 0.01054596 7.5e-4 -0.107534 0.07781195 7.5e-4 -0.191775 0.08827495 7.5e-4 -0.139387 0.19775 7.5e-4 -0.130397 0.191156 -0.14925 -0.12117 0.04047596 -0.13905 -0.453531 0.09924995 -0.066989 7.5e-4 0.07435899 -0.07639199 7.5e-4 0.07403498 -0.141282 -0.460397 0.09924995 -0.14775 -0.458922 0.09924995 7.5e-4 -0.127397 0.178531 -0.14925 -0.46661 0.09775 -0.128758 -0.439548 -7.5e-4 7.5e-4 -0.05370098 0.15185 -0.14925 -0.127192 0.06616699 -0.09293496 -0.12126 -7.5e-4 -0.09674 7.5e-4 0.1521829 -0.1316249 -0.49925 0.09775 7.5e-4 -0.143419 0.169269 -0.125153 -0.426313 -7.5e-4 7.5e-4 -0.375424 0.02762496 7.5e-4 -0.375733 0.02211999 -0.141483 -0.461971 -7.5e-4 -0.141483 -0.446439 -7.5e-4 -0.08683097 -0.186343 -7.5e-4 -0.123062 -0.464801 -7.5e-4 -0.128503 -0.468197 -7.5e-4 -0.06897395 7.5e-4 0.04633396 -0.06346595 7.5e-4 0.05402696 -0.1152009 -0.218367 -7.5e-4 -0.113255 -0.226262 -7.5e-4 7.5e-4 -0.04939597 0.164097 -0.01595497 -0.353452 0.07956296 -0.07764399 -0.177654 -7.5e-4 -0.14925 -0.156063 7.5e-4 -0.14925 -0.148297 7.5e-4 -0.14775 -0.163828 -7.5e-4 7.5e-4 -0.412328 7.5e-4 -7.5e-4 -0.404563 -7.5e-4 -0.14925 -0.404563 7.5e-4 -0.14925 -0.396797 7.5e-4 7.5e-4 -0.466688 7.5e-4 -0.14925 -0.218188 7.5e-4 -0.14925 -0.225953 7.5e-4 -0.14925 -0.210422 7.5e-4 7.5e-4 -0.482219 7.5e-4 7.5e-4 -0.334672 7.5e-4 7.5e-4 -0.350203 7.5e-4 7.5e-4 -0.156063 7.5e-4 7.5e-4 -0.311375 7.5e-4 7.5e-4 -0.3735 7.5e-4 -0.08324998 -0.49925 0.006812989 7.5e-4 -0.381266 7.5e-4 -0.14925 -0.489965 0.09775 -0.14925 -0.03181296 7.5e-4 -0.14925 -0.125 7.5e-4 7.5e-4 -0.09393799 7.5e-4 7.5e-4 -0.101703 7.5e-4 -0.06674998 -0.455233 0.02497696 7.5e-4 -0.187125 7.5e-4 7.5e-4 -0.252805 0.074615 7.5e-4 -0.248226 0.06845295 -0.06674998 -0.471946 0.05785799 -0.125932 -0.01024895 0.19925 -0.14925 -0.06230497 0.133445 7.5e-4 -0.342438 7.5e-4 -0.05772197 7.5e-4 0.07516098 -0.14925 -0.111373 0.05014795 -0.01027798 -0.444388 0.09924995 -0.06674998 -0.444081 0.01388698 -0.07730996 7.5e-4 0.05433195 -0.14925 -7.5e-4 0.160813 -0.075733 7.5e-4 0.148955 -0.1381199 -0.153818 -7.5e-4 7.5e-4 -0.250903 0.08636897 -0.06674998 -0.398779 0.02499997 -0.1325449 -0.353452 0.09775 7.5e-4 -0.37319 0.09775 -0.124647 -0.05573797 -7.5e-4 -0.133252 -0.05335897 -7.5e-4 7.5e-4 -0.486774 0.08520996 -0.14925 -0.32644 0.08929598 7.5e-4 -0.443255 0.09775 7.5e-4 -0.43547 0.09775 7.5e-4 -0.443255 0.09775 7.5e-4 -0.4199 0.09775 -0.14925 -0.349834 0.09775 -0.14925 -0.342049 0.09775 -0.14925 -0.334264 0.09775 -0.14925 -0.443255 0.09775 -0.086874 -0.082246 -7.5e-4 -0.14925 -0.396545 0.09775 -0.14925 -0.2098129 0.01500099 -0.14925 -0.489965 0.09775 7.5e-4 -0.266649 0.08603495 -0.14925 -0.271984 0.09775 -0.14925 -0.264199 0.09775 7.5e-4 -0.264199 0.09775 7.5e-4 -0.271984 0.09775 -0.138517 -0.04818099 -7.5e-4 7.5e-4 -0.310909 0.09775 7.5e-4 -0.256414 0.09775 -0.14925 -0.483319 0.08876198 -0.14925 -0.358192 0.08647 -0.14925 -0.458825 0.09775 7.5e-4 -0.458825 0.09775 -0.14925 -0.365404 0.09775 7.5e-4 -0.37319 0.09775 7.5e-4 -0.380975 0.09775 7.5e-4 -0.357619 0.09775 -0.03785097 -0.102118 -7.5e-4 -0.14925 -0.1182799 0.05912595 7.5e-4 -0.328869 0.02406895 -0.07347899 -0.182471 -7.5e-4 -0.14925 -0.225953 7.5e-4 -0.08770996 -0.04444396 -7.5e-4 -0.14925 -0.291999 0.005121946 -0.02680695 -0.441857 -7.5e-4 -0.138303 -0.169586 -7.5e-4 -0.137704 -0.138151 -7.5e-4 -0.129977 -0.474071 -7.5e-4 -0.136333 -0.06663495 -7.5e-4 7.5e-4 -0.1805109 0.03897899 -0.04330497 -0.164221 -7.5e-4 7.5e-4 -0.176638 0.128673 -0.14925 -0.476548 0.04301899 -0.14925 -0.473845 0.03740596 -0.14925 -0.458922 7.5e-4 7.5e-4 -0.334672 7.5e-4 7.5e-4 -0.350203 7.5e-4 7.5e-4 -0.156063 7.5e-4 7.5e-4 -0.148297 7.5e-4 7.5e-4 -0.289089 0.05693894 -0.14925 -0.09575998 0.08072096 7.5e-4 -0.365734 7.5e-4 -0.14925 -0.401072 0.005175948 -0.05807697 -0.396322 0.09775 7.5e-4 -0.242651 0.03494697 -0.135921 -0.291577 0.09924995 -0.08174997 -0.472625 0.04038494 7.5e-4 -0.068645 0.007070958 7.5e-4 -0.06287497 7.5e-4 -0.14925 -0.008515954 7.5e-4 -0.14925 -0.01628094 7.5e-4 -0.14925 -0.04475796 0.01174998 -0.14925 -0.101703 7.5e-4 -0.14925 -0.125 7.5e-4 7.5e-4 -0.132766 7.5e-4 7.5e-4 -0.139949 0.01017898 -0.01200896 -0.1732079 -7.5e-4 7.5e-4 -0.194891 7.5e-4 7.5e-4 -0.187125 7.5e-4 -0.14925 -0.194891 7.5e-4 7.5e-4 -0.257016 7.5e-4 -0.14925 -0.248629 0.09775 -0.01075196 -0.450742 -7.5e-4 7.5e-4 -0.35647 0.01049697 -0.14925 -0.443391 7.5e-4 -0.14925 -0.389479 0.06107497 7.5e-4 -0.443391 7.5e-4 7.5e-4 -0.319141 7.5e-4 7.5e-4 -0.423685 0.004818975 7.5e-4 -0.178474 0.01766896 -0.10473 -0.474599 0.09924995 -0.08324998 -0.49925 0.07349997 -0.14925 -0.388554 0.08363497 7.5e-4 -0.08329296 0.143769 7.5e-4 -0.09103196 0.1428869 -0.14925 -7.5e-4 0.04999995 -0.14925 -7.5e-4 0.08078098 -0.129866 7.5e-4 0.05024796 -0.14925 -0.06999498 0.133768 -0.101742 7.5e-4 0.179297 -0.14925 -7.5e-4 7.5e-4 -0.054039 7.5e-4 0.1804749 -0.04650497 7.5e-4 0.17895 -0.09042298 -0.396322 0.04924994 -7.5e-4 7.5e-4 0.06846898 -0.055875 7.5e-4 7.5e-4 -0.04668796 7.5e-4 7.5e-4 -0.08343797 7.5e-4 7.5e-4 -0.07424998 7.5e-4 7.5e-4 -7.5e-4 7.5e-4 0.105406 -0.01253098 -0.386199 -7.5e-4 -7.5e-4 7.5e-4 0.130031 -0.1030369 7.5e-4 0.156539 -0.08324998 -0.49925 0.01287496 -0.06506299 7.5e-4 7.5e-4 -0.129375 7.5e-4 7.5e-4 -0.09262496 7.5e-4 7.5e-4 -0.01784998 -0.160136 -7.5e-4 -0.08152395 -0.153804 -7.5e-4 -0.14775 7.5e-4 0.04999995 7.5e-4 -0.341944 0.06230998 7.5e-4 -0.340583 0.067622 -0.12944 7.5e-4 0.179284 7.5e-4 -0.412309 0.007780969 -0.14775 7.5e-4 0.19775 -7.5e-4 7.5e-4 0.117719 -0.116421 -0.2002159 -7.5e-4 -0.03979599 7.5e-4 0.02145099 -0.1316249 -0.49925 7.5e-4 7.5e-4 -0.06811797 0.1473489 -0.09205895 7.5e-4 0.02530199 7.5e-4 -0.07106095 0.135393 -0.039249 7.5e-4 0.179114 -0.142295 -0.02162796 0.19925 -0.108314 -0.402044 -7.5e-4 -0.06674998 -0.460531 0.02775698 7.5e-4 -0.266697 0.03320097 -0.08298498 7.5e-4 0.02538299 -0.14925 -0.2375299 0.02408897 7.5e-4 -7.5e-4 0.1423439 -0.14925 -0.100099 0.05536299 7.5e-4 -0.09859496 0.144626 7.5e-4 -0.07712495 0.155326 -0.09139698 7.5e-4 0.04306596 -0.108827 7.5e-4 0.15373 -0.102952 7.5e-4 0.09704697 -0.14925 -0.08561497 0.135466 -0.130944 -0.07433497 -7.5e-4 -0.06423598 7.5e-4 0.12401 -0.14925 -0.170791 0.05677598 -0.14925 -0.07186698 0.165189 7.5e-4 -0.38876 0.09775 -0.14925 -0.09471797 0.04219698 -0.14925 -0.07713598 0.145476 7.5e-4 -0.113268 0.149119 7.5e-4 -0.137148 0.1526049 -0.054591 7.5e-4 0.124031 -0.06664597 7.5e-4 0.167342 -0.036547 7.5e-4 0.06110596 -0.02262794 -0.310028 0.04924994 7.5e-4 -0.05510896 7.5e-4 -0.01818698 -0.317873 0.006812989 -0.04940396 -0.393864 0.07956296 -0.04021096 -0.28984 0.04924994 -0.116391 -0.240299 0.108201 7.5e-4 -0.03168797 0.03583598 -0.134132 -0.335493 0.09168797 -0.14925 -0.02660799 0.01774197 7.5e-4 -0.158956 0.142976 7.5e-4 -0.08237898 0.02042698 -0.14925 -0.163405 0.08609598 -0.07424998 -0.27925 0.07349997 -0.07424998 -0.27925 0.018938 -0.07424998 -0.27925 0.07956296 -0.07424998 -0.27925 0.09775 -0.06867998 -0.280097 0.09320396 -0.07424998 -0.27925 0.006812989 -0.09207397 -0.281959 0.09168797 -0.05642598 -0.281959 0.006812989 -0.01516199 -0.344473 0.09775 -0.1325449 -0.353452 7.5e-4 -0.01595497 -0.353452 0.08562499 -0.01595497 -0.353452 0.04924994 -0.06674998 -0.398779 0.04924994 -0.06674998 -0.398779 0.09775 -0.14925 -0.396083 0.02462595 -0.08174997 -0.398779 0.018938 -0.01595497 -0.353452 7.5e-4 -0.01595497 -0.353452 0.09168797 -0.04736298 -0.49925 0.01881599 -0.14925 -0.394543 0.05675095 -0.1325449 -0.353452 0.02499997 -0.1325449 -0.353452 0.07349997 -0.09370297 7.5e-4 0.1106899 -0.14925 -7.5e-4 0.06846898 -0.09379595 7.5e-4 0.09730499 -0.14925 -0.02847695 0.19775 -0.130201 -0.284929 0.09924995 7.5e-4 -0.111785 0.1381109 -0.108441 -0.108231 -7.5e-4 -0.14925 -0.319347 0.04528796 -0.04455697 -0.484176 -7.5e-4 -0.14925 -0.231552 0.02435797 -0.14925 -0.02107596 0.109112 7.5e-4 -0.214367 0.09921699 7.5e-4 -0.207354 0.08808195 -0.14925 -0.300482 0.01415699 -0.14925 -7.5e-4 0.04384398 -0.14925 -0.337833 0.03692799 7.5e-4 -0.126021 0.155575 -0.104251 7.5e-4 0.147361 7.5e-4 -0.1967689 0.105631 -0.08324998 -0.49925 7.5e-4 -0.135616 -0.11525 -7.5e-4 7.5e-4 -0.202547 0.11108 -0.05418294 -0.440584 0.09924995 7.5e-4 -0.420385 0.03326696 7.5e-4 -0.124902 0.166832 7.5e-4 -0.07064098 7.5e-4 -0.09886497 -0.02105796 0.19925 -0.01934397 7.5e-4 0.09292799 -0.04003494 -0.45665 0.09924995 -0.09719198 -0.248214 -7.5e-4 -0.08174997 -0.491469 0.04097098 -0.06674998 -0.491469 0.04097098 -0.14925 -0.316954 0.03073298 -0.060817 -0.1341609 -7.5e-4 -0.14925 -0.487833 0.071819 -0.14925 -0.06505197 0.118283 7.5e-4 -0.23881 0.09221297 7.5e-4 -0.224716 0.09260696 -0.14925 -0.02919095 0.05969399 7.5e-4 -0.233104 0.08087295 -0.102804 7.5e-4 0.12182 -0.14925 -0.153824 0.02034097 -0.02831596 -0.08910799 -7.5e-4 -0.14925 -0.152335 0.07292699 -0.14925 -0.31337 0.01290297 7.5e-4 -0.323227 0.06850695 -0.14925 -0.205238 0.04103499 7.5e-4 -0.392493 0.04353898 7.5e-4 -0.05620497 0.19775 7.5e-4 -0.04696196 0.19775 -0.108593 7.5e-4 0.139533 -0.14925 -0.410181 0.07032299 -0.1270329 -0.49925 0.02195399 7.5e-4 -0.207879 0.042867 7.5e-4 -0.439009 0.01768296 7.5e-4 -0.159692 0.151472 7.5e-4 -0.125164 0.144288 7.5e-4 -0.476548 0.05548095 -0.14925 -0.144653 0.03601795 -0.14925 -0.1116909 0.08665496 7.5e-4 -0.124296 0.133458 -0.109561 -0.49925 0.03192299 7.5e-4 -0.006568968 0.01689797 7.5e-4 -7.5e-4 7.5e-4 -7.5e-4 7.5e-4 0.1792809 -0.14925 -0.01472598 0.138041 -0.112359 -0.406232 -7.5e-4 -0.14925 -0.492449 0.05686998 -0.14925 -0.154992 0.1138409 7.5e-4 -0.139647 0.04522699 -0.14925 -0.121493 0.081914 7.5e-4 -0.113201 0.08875298 -0.14925 -0.18348 0.03469598 -0.04468995 -0.49925 0.05795198 -0.044393 -0.49925 0.06440895 -0.03394395 7.5e-4 0.1676239 -0.02779799 7.5e-4 0.04647696 -0.055049 -0.49925 0.05007398 -0.08324998 -0.49925 0.09168797 -0.14925 -0.17149 0.03299796 -0.14925 -0.121369 0.139564 -0.10433 -0.245534 -7.5e-4 -0.14925 -0.165696 0.043374 -0.14925 -0.176903 0.04563099 -0.06674998 -0.398779 0.04318797 -0.04514294 -0.49925 0.043962 -0.04675096 7.5e-4 0.167276 -0.14925 -0.188284 0.116738 -0.136193 -0.185855 -7.5e-4 -0.13714 -0.192219 -7.5e-4 -0.01668494 -0.428789 -7.5e-4 7.5e-4 -0.318694 0.09775 -0.113783 7.5e-4 0.055628 7.5e-4 -0.06308197 0.159084 -0.116809 -0.256828 -7.5e-4 -0.01675295 -0.25643 -7.5e-4 -0.14925 -0.461399 0.02402299 7.5e-4 -0.05713099 0.139362 -0.14925 -0.210344 0.05115598 -0.14925 -0.141486 0.1121309 -0.14925 -0.138997 0.104907 -0.14925 -0.223697 0.05378699 -0.1325449 -0.353452 0.03106296 -0.04883098 7.5e-4 0.07676196 -0.14925 -0.279769 0.09775 -0.005958974 -0.03302496 -7.5e-4 7.5e-4 -0.371051 0.01114398 -0.06674998 -0.472625 0.04038494 -0.08174997 -0.473347 0.04632395 -0.02357697 -0.005098998 -7.5e-4 -0.14925 -0.182359 0.06717199 -0.14925 -0.1447319 0.1074849 -0.14925 -0.218145 0.04374796 -0.04456394 -0.476772 -7.5e-4 -0.14925 -0.214337 0.07598 7.5e-4 -0.362413 0.02039897 -0.14925 -0.223614 0.06927496 -0.14925 -0.225914 0.08224397 7.5e-4 -0.397808 0.04591095 -0.1485 0 0.1985 -0.134358 7.5e-4 0.118592 -0.075019 -0.04465097 0.19925 -0.1325449 -0.353452 0.02499997 -0.14925 -0.09983497 0.105831 -0.09867197 -0.49925 0.04545199 -0.104583 -0.49925 0.03820198 -0.06674998 -0.49775 0.09775 -0.06599998 -0.4985 0.09849995 -0.14925 -0.49775 0.09775 -0.1485 -0.4985 0 -0.08249998 -0.4985 0 -0.14775 -0.49925 7.5e-4 -0.08174997 -0.398779 0.06137496 -0.08174997 -0.398779 0.05531299 -0.07424998 -0.27925 0.02499997 -0.06033098 -0.456986 -7.5e-4 -0.06010597 -0.49925 0.065225 -0.08324998 -0.49925 0.08562499 -0.08324998 -0.49925 0.09775 7.5e-4 -0.181002 0.134012 -0.03533196 -0.222721 0.125779 -0.08174997 -0.425875 0.04038494 7.5e-4 -0.063578 0.04448795 7.5e-4 -0.274005 0.06654697 7.5e-4 -7.5e-4 0.05615597 -0.14925 -0.396828 0.06489098 7.5e-4 -0.005731999 0.04156094 7.5e-4 -7.5e-4 0.037687 -0.05096799 -0.146427 -7.5e-4 -0.08174997 -0.491564 0.09775 -0.06674998 -0.398779 0.01287496 -0.06674998 -0.398779 7.5e-4 7.5e-4 -7.5e-4 0.06846898 -0.14925 -7.5e-4 0.06231194 -0.14925 -7.5e-4 0.130031 -7.5e-4 7.5e-4 0.1423439 7.5e-4 -7.5e-4 0.136188 7.5e-4 -7.5e-4 0.09924995 -7.5e-4 7.5e-4 0.09924995 7.5e-4 -7.5e-4 0.08693796 -7.5e-4 7.5e-4 0.111563 7.5e-4 -7.5e-4 0.03153097 -7.5e-4 7.5e-4 0.037687 -7.5e-4 7.5e-4 0.01921898 -0.14925 -7.5e-4 0.04999995 -7.5e-4 7.5e-4 0.05615597 -0.14925 -7.5e-4 0.173125 7.5e-4 -7.5e-4 0.08078098 -0.14925 -7.5e-4 0.08078098 7.5e-4 -7.5e-4 0.191594 -0.01595497 -0.353452 0.067438 -0.14925 -0.04010599 0.01726996 -0.02664095 -0.261616 -7.5e-4 -0.06674998 -0.491564 0.09775 -0.08174997 -0.485379 7.5e-4 -0.08174997 -0.491564 7.5e-4 -0.08324998 -0.473334 0.09924995 -0.08174997 -0.479193 0.09775 -0.08174997 -0.473007 0.09775 -0.06674998 -0.479193 7.5e-4 -0.06674998 -0.473007 7.5e-4 -0.06674998 -0.485379 0.09775 -0.08174997 -0.435893 0.09775 -0.06674998 -0.435893 7.5e-4 -0.08174997 -0.491564 7.5e-4 -0.08174997 -0.398779 0.006812989 -0.06674998 -0.398779 0.09775 -0.08174997 -0.417336 0.09775 -0.08174997 -0.41115 0.09775 -0.08174997 -0.423522 0.09775 -0.08174997 -0.460636 0.09775 -0.06674998 -0.41115 7.5e-4 -0.06674998 -0.423522 7.5e-4 -0.06674998 -0.460636 7.5e-4 -0.08174997 -0.45445 0.09775 -0.08174997 -0.448265 0.09775 -0.06674998 -0.448265 7.5e-4 7.5e-4 -0.380624 0.02955096 -0.123563 -0.49925 0.09775 -0.14925 -7.5e-4 0.1485 -0.14925 -7.5e-4 0.136188 -0.14925 -7.5e-4 0.006905972 -0.14925 -0.01128798 0.160261 7.5e-4 -0.08265596 0.18282 7.5e-4 -0.04201096 0.1732299 -0.14925 -0.49775 0.07956296 -0.08324998 -0.49925 0.03712499 -0.08324998 -0.49925 0.03106296 -0.08324998 -0.49925 0.04924994 -0.14925 -7.5e-4 0.1546559 -0.14925 -0.488134 0.08535099 -0.09260696 -0.484901 -7.5e-4 -0.1429719 -0.49925 0.01664096 -0.05507898 -0.49925 0.03718698 -0.09311598 -0.478418 0.09924995 -0.14925 -0.141295 0.07242399 -0.14925 -0.127098 0.128077 -0.14925 -0.154391 0.03215795 -0.04956096 -0.107147 -7.5e-4 -0.14925 -0.11678 0.07231599</float_array>
          <technique_common>
            <accessor source="#shape0_010-mesh-positions-array" count="9667" stride="3">
              <param name="X" type="float"/>
              <param name="Y" type="float"/>
              <param name="Z" type="float"/>
            </accessor>
          </technique_common>
        </source>
        <source id="shape0_010-mesh-normals">
          <float_array id="shape0_010-mesh-normals-array" count="26310">-1 0 0 1 0 0 1 0 0 -1 -6.1891e-6 0 -1 -1.94415e-6 0 0 0 -1 0 0 -1 -0.9961138 0.08807504 0 0 0 1 0 -1 0 0 0 -1 0.9249635 0.3800559 2.02419e-5 0.9250013 0.3799642 0 -1.30961e-6 0 1 0.9249799 0.380016 -6.1315e-5 -1 4.08828e-6 0 0.9249649 0.3800528 -7.0291e-5 -0.4371991 -0.8993648 8.73483e-5 -0.4370701 -0.8994274 0 -0.4371988 -0.899365 0 -0.4370698 -0.8994277 -6.81593e-5 1 0 0 0 -0.8229674 0.5680887 0 0 -1 -0.9250018 0.3799631 -4.26164e-5 -0.9249629 0.3800573 1.33148e-4 -0.9249626 0.3800584 0 1 0 0 -0.9249626 0.3800582 7.24329e-5 -0.925002 0.3799623 0 -0.7703813 0.6375835 0 -0.7703708 0.6375961 7.88048e-5 -0.7703818 0.637583 -7.24384e-5 -0.7703714 0.6375954 -4.90029e-5 -0.7703916 0.637571 5.45148e-5 1 0 0 0.4371555 -0.8993861 0 0.4370685 -0.8994283 7.03008e-5 0.4371549 -0.8993862 0 0.4370687 -0.8994281 7.03239e-5 0.4371084 -0.8994089 6.8149e-5 -0.2724881 0.9621592 0 0.2725649 0.9621374 -1.27824e-4 0.2726703 0.9621075 4.26068e-6 0.2726696 0.9621077 4.26137e-6 0.2725657 0.9621372 -2.34306e-5 1 0 0 0.2726439 0.9621151 0 -0.2724292 0.9621758 0 1 0 0 -0.2726698 0.9621078 0 -0.2727021 0.9620985 0 -0.2726697 0.9621077 0 -0.2726439 0.9621151 0 -0.2727024 0.9620985 0 1 0 0 -0.2726439 0.9621151 0 -0.9961317 0.08787393 0 -0.9961228 0.08797478 0 -0.9961139 0.08807528 5.35132e-5 -0.9961138 0.08807528 5.35132e-5 -0.9961227 0.08797478 0 0.272488 0.9621592 0 0.9961131 0.08808457 0 0.9961235 0.08796644 7.08308e-5 0.9961235 0.08796656 1.00388e-4 0.9961184 0.08802306 -9.28427e-5 0 0 -1 0.9961134 0.08808124 -1.03304e-4 0.9961137 0.08807718 0 -0.150314 -0.9886384 2.13003e-5 -0.1502073 -0.9886546 -1.4063e-4 0.1503136 -0.9886384 -2.13108e-5 -0.1502039 -0.9886551 0 0.1502072 -0.9886546 1.36369e-4 0.1503138 -0.9886384 -2.13038e-5 0.2726434 0.9621152 0 -0.1502961 -0.9886411 -1.29492e-4 0.2726444 0.9621149 0 0.1502042 -0.9886551 0 0.2726439 0.9621151 0 0.6846848 -0.7288393 0 0.6846684 -0.7288548 3.92033e-5 0.6845702 -0.728947 -4.26146e-6 0.6846871 -0.7288372 -7.03028e-5 0.6846702 -0.7288531 -4.0892e-5 0.2724881 0.9621592 0 0.2726961 0.9621003 0 -0.9772965 -0.2118766 0 -0.9773192 -0.2117717 9.15909e-5 0 0 -1 -0.9773011 -0.2118554 -3.5764e-5 -0.9773192 -0.2117716 9.15909e-5 -0.9772965 -0.2118765 0 -0.2727017 0.9620986 0 0.7704162 0.6375415 -3.97696e-5 0 1 0 0.7703714 0.6375955 6.1766e-5 0.7703795 0.6375856 5.54031e-5 0.546146 0.83769 -7.24474e-5 0.5461735 0.8376721 5.11232e-5 0.5461471 0.8376893 -7.24236e-5 0.5461722 0.8376731 5.11315e-5 1 0 0 1 0 0 0.9772962 -0.2118776 0 0.977292 -0.2118972 2.38592e-5 0.9772959 -0.211879 0 0.9773494 -0.2116322 -4.00522e-5 0.9773014 -0.2118539 -1.26075e-4 0.8702372 -0.492633 -3.62208e-5 0.8702368 -0.4926338 4.89967e-5 0.870312 -0.4925008 0 -1 8.47056e-7 0 0.8701878 -0.4927205 8.51927e-5 -1 -9.91524e-7 0 -0.6845753 -0.7289422 0 0 1 0 -0.684571 -0.7289463 1.27844e-5 -0.6846327 -0.7288883 -1.49091e-5 0 0 -1 -1 4.08329e-7 0 -0.5460966 0.8377223 1.34229e-4 -0.5462237 0.8376394 -2.34298e-5 -0.5460972 0.8377218 1.34206e-4 -0.5462236 0.8376395 -2.34375e-5 1 0 0 -0.5461547 0.8376843 -4.08837e-5 -0.8702283 -0.4926487 2.38429e-5 -0.8702366 -0.4926342 3.62208e-5 -0.8702358 -0.4926354 -4.89886e-5 -0.8702359 -0.4926354 3.5144e-5 0 1 0 -1 2.67969e-6 0 0 0 -1 1 0 0 1.11102e-6 0 1 -0.2726961 0.9621002 0 -0.2726956 0.9621004 0 -1 1.73601e-6 0 0 -1 9.82896e-6 -1 1.1027e-6 0 1 0 0 1 0 0 0 0 -1 0 0 -1 1 0 0 -0.9961228 0.0879749 -1.84622e-5 1 0 0 0 0 -1 0 0 -1 1 0 0 -1 -2.77272e-6 0 -1 3.02213e-6 0 -0.7071068 0 0.7071068 0 0 -1 0.8702368 -0.4926338 0 1 0 0 0 0 -1 -0.7070962 0 0.7071174 -1 5.37081e-6 0 0.7071015 0 0.7071121 -1.07676e-6 0 1 0 1 0 0 1 0 0 1 0 0 1 0 0 1 0 0 1 0 0 1 0 0 1 0 1 0 0 0 1 0 -1 -1.31318e-6 0 0 1 0 -0.9249635 0.3800561 0 0 1 0 0 1 0 -0.9249635 0.3800561 0 1 0 0 0 1 0 1.54661e-6 0 1 -0.9249624 0.3800588 0 0 1 0 -0.7071033 0 0.7071103 0.7071086 0 0.7071051 -0.9773116 -0.2118069 1.07338e-4 -1 7.14455e-7 0 -0.9249624 0.3800588 0 5.85029e-6 0 1 0 0 -1 0 0 -1 0.7071068 0 0.7071068 -0.7070997 0 0.7071139 -1 2.00458e-6 0 0 0 -1 1 0 0 -1 6.48075e-7 0 1 0 0 0.7071104 0 0.7071033 1 0 0 0 0 -1 1.99059e-6 0 1 -0.7071015 0 0.7071121 -0.7071042 0 -0.7071094 -0.707104 0 -0.7071096 -1 3.04997e-6 0 0 0 -1 0.7071077 0 -0.7071059 0.870244 -0.4926209 6.7523e-5 1 0 0 0 -0.7071081 0.7071055 0.7071076 0 -0.7071061 0.7071033 0 0.7071103 0.7071058 0 -0.7071079 1 0 0 0.7071059 0 -0.7071076 0 0 -1 0 0 -1 1 0 0 1 0 0 -1 -2.66511e-6 0 -0.7071043 0 -0.7071093 0.707107 0 -0.7071066 -1 -1.80749e-6 0 -0.7071035 0 -0.7071101 -1 -7.43988e-7 0 1 0 0 0.7071064 0 -0.7071072 -0.7071045 0 -0.7071092 0 0 -1 1 0 0 -0.7071043 0 -0.7071093 0.707107 0 -0.7071067 -0.7071039 0 -0.7071097 1 0 0 0.7071074 0 -0.7071062 0.7071079 0 -0.7071057 0 0 -1 0 0 -1 0.7071033 0 0.7071104 0 0 -1 0 0.2393501 -0.9709334 2.948e-6 0 1 0 0 -1 -0.7071033 0 0.7071104 -1 -5.54375e-7 0 -0.7071053 0 -0.7071083 0.7071028 0 -0.7071108 1 0 0 0 1 0 1 0 0 1 0 0 -0.7071064 0 -0.7071073 0 0.2393488 -0.9709337 0.7071053 0 -0.7071083 0 0 -1 0 0 -1 1 0 0 1 0 0 1 0 0 0.7071064 0 -0.7071073 0.7703701 0.6375971 0 0 0.2393496 -0.9709336 0.7071065 0 -0.7071071 0 1 0 0 0.2393457 -0.9709344 -0.7071053 0 -0.7071084 0.7071067 0 -0.707107 -0.7071044 0 -0.7071092 0.7071068 0 -0.7071068 0.8702235 -0.4926571 2.98193e-5 -0.7071048 0 -0.7071089 -0.7071046 0 -0.7071089 -0.7703711 0.637596 0 0.7071061 0 -0.7071075 0 0 -1 -0.7071028 0 -0.7071108 0.7071099 0 -0.7071037 0 0 -1 0.7071071 0 -0.7071065 1 -1.69087e-6 0 -0.7071046 0 -0.707109 -1 -2.35983e-6 0 -1 -2.23265e-7 0 0 0 -1 1 0 0 0 0 -1 0.7070997 0 0.7071139 -1 -7.06608e-7 0 -1 7.27516e-7 0 0 0.2393484 -0.9709337 0 1 0 -1 1.73623e-6 0 0 0.2393471 -0.9709341 1 1.1362e-6 0 1 0 0 0 0 -1 1 0 0 1 0 0 1 0 0 1 0 0 0.7703703 0.6375969 0 -1 6.4318e-6 0 0 0 -1 0.7703704 0.6375966 0 1 0 0 1 -1.77059e-6 0 1 0 0 -1 -3.42305e-6 0 1 0 0 1 0 0 -1 4.59549e-6 0 -1 -1.37598e-6 0 0 0 -1 1 3.31646e-6 0 -2.02747e-6 -0.707107 0.7071067 1 0 0 1 0 0 0 0 -1 0 0.4647161 0.8854597 1 0 0 -1 -1.87337e-6 0 -1 2.56205e-6 0 -1 -2.44179e-6 0 -0.272636 0.9621173 5.42035e-5 1 0 0 1 0 0 0 0.2393488 -0.9709337 0 0.2393484 -0.9709339 0 0 -1 -0.8702287 -0.4926483 -2.38579e-5 -1 2.28728e-6 0 -1.35483e-6 -0.7071048 0.7071089 -6.32006e-6 -0.7071084 0.7071052 0 0.8230455 0.5679756 0 -0.8229687 0.5680868 0 0.8230453 0.5679758 0 -0.8229673 0.5680889 0 -0.7070898 -0.7071238 0 0.8230453 0.5679757 -1.26973e-6 0 1 1 0 0 0 -0.8230438 0.567978 0 -0.823044 0.5679777 0 -0.7071153 0.7070983 0 0.8229689 0.5680867 0 0.823045 0.5679761 0 -0.7070991 0.7071145 0.5461727 0.8376726 0 0 -0.7071004 -0.7071132 0 -0.8229693 0.5680859 0 -0.8229684 0.5680873 -1 2.30739e-6 0 0 0.8229725 0.5680813 0 -0.8229703 0.5680845 0 -0.8229642 0.5680932 0 0.8229675 0.5680885 0 0.4647181 0.8854587 0 0 -1 0 0.4647141 0.8854608 1 0 0 1 0 0 -2.37826e-6 0 1 1 0 0 -1.76775e-6 0 1 -1.65169e-6 0 1 0 0.4647134 0.8854612 0 0 -1 0 0.4646397 0.8855 -1.82725e-6 -0.7071034 0.7071101 0 0.4646437 0.8854978 0 0.4646408 0.8854994 0 -0.7070897 -0.7071239 1 0 0 0 -0.9350433 -0.3545337 0 -0.9350135 -0.3546123 0 0 -1 0 0.9350466 -0.3545249 0 0.9350435 -0.3545331 1 0 0 0 -0.7070906 -0.7071229 0 -0.7071161 -0.7070974 0 -0.7071003 -0.7071134 0 -0.7071157 0.7070978 1 0 0 0 -0.707117 -0.7070966 0 0 -1 0 -0.7070898 0.7071238 -1 2.44663e-6 0 0 -1 -1.72489e-5 -3.20875e-6 0 1 -1 7.08992e-7 0 1 0 0 0 0 -1 0 0 -1 7.21247e-7 0 1 -3.33322e-6 0 1 0 0 -1 0 0 -1 0 0 -1 1 0 0 -1 -1.46517e-6 0 -0.9961227 0.08797466 0 1 0 0 -1 4.07157e-6 0 0 -0.9350135 -0.3546124 1 -5.51855e-7 0 0.5461731 0.8376725 0 1 2.46184e-6 0 1 1.73557e-7 0 -1 -2.62873e-6 0 -1 1.08746e-6 0 -1 -9.60224e-7 0 1 0 0 -2.37368e-6 0 1 1 0 0 0.9772965 -0.2118769 0 0 0 -1 0.9772931 -0.2118919 0 1.40469e-6 -0.7071054 0.7071082 1 0 0 0 -1 7.62201e-6 -1 -5.11459e-6 0 0 0 -1 1 0 0 -1 5.80789e-7 0 -1 2.08049e-6 0 0 -0.7071077 0.7071059 1 0 0 1 0 0 6.79385e-7 0 1 1.35512e-6 0 1 0 0 -1 -5.9022e-7 0 1 -1 -1.80892e-6 0 0 -1 -3.09158e-6 -1.81259e-6 0 1 0 0 -1 0.9773197 -0.211769 0 -1 1.22996e-6 0 0 0 -1 0 0 -1 -2.41766e-6 0 1 -1 3.70654e-6 0 -1 3.37078e-6 0 1 0 0 -1 3.50661e-6 0 1 0 0 1 0 0 -1 -3.83888e-6 0 0.9773198 -0.2117688 0 1.66303e-6 0 1 0 0 -1 2.02772e-6 0 1 0 0.9350467 -0.3545246 -1 4.74982e-6 0 -1.38274e-6 0 1 -1 -5.67851e-7 0 1 0 0 -0.1502223 -0.9886524 3.44866e-5 0 0 -1 0.5461472 0.8376892 0 0.5461474 0.8376891 0 0.5461478 0.837689 0 0 0 -1 0 -0.7071064 0.7071072 0 0 -1 0 0 -1 0 0 -1 1 0 0 1 0 0 -1 3.1876e-7 0 0 0 -1 0 0 -1 0 1 0 0 -0.9350448 -0.3545295 -1 5.79509e-6 0 1 0 0 -0.6846244 -0.7288962 -1.36279e-5 -1 -3.69627e-6 0 0 0 -1 0 0 -1 0 -0.7071068 0.7071068 -1 -2.02308e-6 0 -1 7.12368e-7 0 -1.4559e-6 0 1 2.61897e-6 0 1 2.14189e-6 0 1 0 0 -1 1 0 0 -1 -1.02314e-6 0 0.7070525 -0.5000392 0.5000377 -0.7070559 -0.5000345 0.5000376 -0.9772964 -0.2118768 0 -0.707054 -0.5000374 0.5000374 0.7070465 -0.5000432 0.5000422 -0.7070538 -0.5000391 0.500036 0.7070518 -0.5000376 0.5000403 0.707058 -0.5000331 0.5000359 -0.7070528 -0.5000367 0.5000398 1 0 0 -5.90854e-6 -0.7071072 0.7071064 -0.9773193 -0.2117713 0 -2.58535e-6 -0.7071062 0.7071075 0 -0.7071104 0.7071031 -1.91059e-7 -0.7071042 0.7071095 7.49504e-5 -0.7070618 0.7071518 -0.7070481 -0.5000439 0.5000392 7.5106e-5 -0.7070494 0.7071642 -1.43348e-6 -0.7071052 0.7071084 2.86698e-6 -0.7071081 0.7071056 0.7071042 0 -0.7071094 2.97359e-7 -0.7071091 0.7071045 0 -0.7071093 0.7071043 0 -0.7071087 0.7071049 -5.39539e-7 -0.7071071 0.7071065 5.78418e-6 -0.7071074 0.7071063 0 -0.7071072 0.7071065 0 0 -1 0.7070529 -0.5000384 0.500038 -0.7070549 -0.5000399 0.5000337 0 -0.7071087 0.7071049 4.46966e-6 -0.7071062 0.7071074 6.21253e-6 -0.7071088 0.7071049 6.537e-7 0 1 -0.9772964 -0.211877 0 0.7070509 -0.5000413 0.5000378 -0.7070581 -0.500036 0.5000329 0 0 -1 -1 -1.44701e-6 0 0.7071061 0 -0.7071075 0.7070527 -0.5000388 0.5000378 0 -0.7071075 0.7071061 0 -0.7071046 0.707109 1.08825e-6 -0.7071061 0.7071076 2.73463e-6 -0.7071065 0.7071072 -2.72295e-6 -0.7071072 0.7071065 -6.95741e-7 -0.7071077 0.7071059 -2.10693e-6 -0.707109 0.7071046 -1 -3.02238e-6 0 2.68185e-6 -0.7071065 0.7071071 0 -0.7071045 0.7071092 3.47399e-6 -0.7071054 0.7071082 1 0 0 1.3369e-6 0 1 1 0 0 0 -0.9350417 -0.3545379 1.27258e-6 0 1 1.15701e-6 0 1 -0.7070957 0 0.7071179 0 -1 -1.05994e-5 0.7071061 0 0.7071076 -1 1.70333e-6 0 0.7071112 0 0.7071024 0 -0.7071051 0.7071086 0 0 -1 2.12542e-6 0 1 -4.53096e-6 0 1 -3.34445e-7 0 1 2.76317e-7 0 1 0 1 0 4.58436e-6 -0.7071062 0.7071074 -1 -2.34545e-6 0 0 1 0 0 -0.2393485 -0.9709338 0 -0.7071039 0.7071098 0 0 -1 0 0 -1 -9.36633e-7 -0.7071079 0.7071058 0 -0.7071075 0.7071062 2.1728e-6 -0.7071079 0.7071058 1.27709e-6 -0.7071093 0.7071043 2.84166e-6 -0.7071099 0.7071037 -2.55725e-6 0 1 2.08867e-6 0 1 2.0256e-6 -0.7071059 0.7071077 0 -0.7071057 0.7071079 7.29657e-7 -0.7071061 0.7071076 0 -0.707104 0.7071096 -3.04458e-6 0 1 1.82735e-6 -0.707103 0.7071107 0 0.7071068 -0.7071068 0 -0.7071069 0.7071067 0 0.7071058 0.7071078 1.59178e-6 0 1 0 -0.7071072 0.7071064 -2.85828e-6 -0.7071047 0.707109 -0.7071018 0 -0.7071118 0 0.7071055 0.7071081 3.86866e-7 0 1 0 -0.7071062 0.7071075 -6.1765e-6 -0.7071068 0.7071068 0 0.707107 -0.7071066 0 1 0 4.95995e-6 0 1 1.75431e-6 0 1 0 -0.7071063 0.7071074 1 0 0 0 0.7071059 0.7071076 9.34539e-7 -0.7071075 0.7071061 0 0.7071066 -0.707107 0 1 0 0 1 0 -2.93243e-6 0 1 1.66549e-6 0 1 5.35122e-6 0 1 1.23461e-6 -0.7071081 0.7071056 -2.49413e-6 -0.7071102 0.7071034 0 -0.7071074 0.7071062 0 -0.7071081 0.7071056 -7.83011e-7 0 1 0 -0.7071055 0.7071082 -1.248e-6 0 1 -4.76425e-6 0 1 0 0.7071058 -0.7071078 0 0.7071065 -0.7071071 0 0.7071055 0.7071081 0 0.7071058 0.7071078 0 0.7071068 -0.7071068 1 0 0 0 0.7071061 0.7071075 0 0 -1 0 0.7071065 -0.7071071 -1 -4.76022e-6 0 0 0.7071056 0.707108 0 0.7071067 -0.7071069 -2.75601e-6 0 1 0 0 -1 -0.7071098 0 0.7071039 0 0 -1 -0.7070972 0 0.7071164 0.7071081 0 -0.7071055 1 0 0 1 0 0 -1 -8.05636e-7 0 0.7071098 0 0.7071039 1 0 0 -0.7071016 0 0.707112 0 0 -1 0.9773111 -0.2118094 5.45351e-5 -1 -2.19509e-6 0 1 0 0 0 1 0 0 0 1 -4.56645e-7 0 1 -4.03052e-6 0 1 1.40161e-7 0 1 -1.71456e-6 0 1 0 0 -1 2.73011e-6 0 1 7.2266e-7 0 1 0.707112 0 0.7071016 0 0 1 2.73038e-6 0 1 -1.23097e-6 0 1 1.58567e-6 0 1 -3.26804e-7 0 1 -1.47388e-6 0 1 -4.92263e-7 0 1 1.1635e-6 0 1 0.7070985 0 0.7071151 -1 2.91675e-6 0 -0.9249795 0.3800172 -6.47554e-5 -3.65855e-5 0.7071071 0.7071066 0 0.7071074 -0.7071063 -0.9961228 0.08797472 0 0 1 0 0 0 -1 0 0 -1 -0.7070978 0 0.7071157 0 0 -1 -0.7071095 0 0.7071042 0.7071003 7.03854e-6 0.7071133 0.7071121 0 0.7071015 0 0 -1 0 0 -1 1 0 0 1 0 0 -0.7071044 0 -0.7071093 -2.42441e-6 0 1 -1 -3.93923e-6 0 -0.7071076 0 -0.7071061 0 0 -1 2.89069e-6 -0.7071076 0.7071061 0.7703812 0.6375836 0 0 -1 -9.52546e-6 1 0 0 0 -0.2393473 -0.970934 0 0 -1 0 0.9350467 -0.3545244 1.02539e-6 0 1 0 0 -1 1 0 0 -1 -1.1044e-6 0 1 0 0 0.7071073 0 -0.7071063 0.7703804 0.6375845 0 -1 3.47111e-6 0 -1 -2.28667e-6 0 0 0 -1 1 0 0 -1 -1.6981e-6 0 0 -1 3.94106e-6 0 0 -1 0 0 -1 1 -6.67979e-7 0 1 0 0 6.659e-7 0 1 0 0 -1 0 1 0 0 0 -1 -1 9.27809e-7 0 -1 -3.45773e-6 0 0.707134 0 -0.7070796 -1 3.89952e-6 0 1 0 0 -1 4.79217e-6 0 0 1 0 0 1 0 0 1 0 1 0 0 -1 -2.69607e-6 0 -1 -7.20572e-6 0 -0.7071049 0.7071088 0 0.7071068 0.7071068 0 -1 -4.3253e-6 0 1 0 0 0.7071066 0.707107 0 -0.7071046 0.707109 0 -1 2.12392e-6 0 0 1 0 0 -0.9350418 -0.3545375 -1 -1.04803e-6 0 0 1 0 1 0 0 0.6846875 -0.7288368 0 0.7071067 0.707107 0 0.6846878 -0.7288365 0 0 1 0 0 1 0 -0.7071046 0.707109 0 1 0 0 0 1 0 0 1 0 0 1 0 -1 1.24086e-6 0 -0.7071039 0.7071098 0 0 1 0 -0.7071034 0.7071102 0 0.7071071 0.7071065 0 1 0 0 0 0 -1 0 0 -1 0.7071064 0.7071072 0 0.7071068 0.7071068 0 0 0 -1 0.7071049 0.7071087 0 0.7071077 0.7071058 0 0 0 -1 0 -0.7071056 0.707108 0 -0.707104 0.7071095 -5.73272e-6 -0.707108 0.7071056 5.73392e-6 -0.7071076 0.707106 5.62857e-6 -0.7071054 0.7071082 7.98499e-7 -0.7071077 0.7071059 0 -0.7071066 0.707107 -2.58051e-6 -0.7071076 0.7071059 2.14271e-6 -0.7071047 0.707109 2.35953e-6 -0.7071092 0.7071045 4.88892e-6 -0.7071068 0.7071068 -4.86479e-6 -0.7071059 0.7071077 -1.25226e-6 -0.7071058 0.7071079 -4.78344e-6 -0.707108 0.7071056 0 -0.7071069 0.7071067 -3.01186e-6 -0.7071072 0.7071065 0 -0.7071104 0.7071032 1.18664e-4 -0.7070886 0.7071251 5.76452e-6 -0.7071079 0.7071057 0 -0.7071058 0.7071079 0 -0.7071052 0.7071084 2.86701e-6 -0.7071068 0.7071068 -1 2.8067e-6 0 -2.46035e-6 0 1 8.55351e-7 0 1 1.06505e-6 0 1 1.20115e-6 0 1 2.09412e-6 0 1 1.46334e-6 0 1 2.73039e-6 0 1 1.20104e-6 0 1 -4.06583e-6 0 1 2.73039e-6 0 1 3.87562e-7 0 1 -3.36894e-6 0 1 -4.84327e-6 0 1 2.7304e-6 0 1 1.46207e-6 0 1 -1 2.33853e-6 0 1 0 0 1 0 0 -1 1.71752e-7 0 0 0.2393462 -0.9709343 -1 -2.34339e-6 0 0 1 0 0 -0.9350101 -0.3546211 -0.1503691 -0.9886299 8.52144e-5 -1 1.94356e-6 0 0 1 0 0 1 0 1.0486e-4 -0.7071157 0.707098 0 1 0 0 1 0 0 0.9927111 0.1205191 0 0.9926919 0.1206758 0 -0.9927116 0.1205154 0 -0.9926897 0.1206946 0 0.9927117 0.1205138 0 0.9926902 0.1206903 0 -0.4646449 0.8854972 0 -0.4647141 0.8854608 0 -0.9927117 0.120514 0 -0.9927117 0.1205139 0 0.9927117 0.1205137 0 0.9926921 0.1206756 0 -0.4646446 0.8854974 0 -0.4647102 0.8854628 0 -0.2393524 -0.9709328 0 -0.9350482 -0.3545206 0 -0.9350118 -0.3546165 0 0.9350451 -0.3545291 0 0.9350466 -0.3545253 0 0.6631109 -0.7485212 0 0.663109 -0.7485229 0 -0.6631061 -0.7485255 0 -0.663109 -0.7485229 0 -0.9350415 -0.3545383 0 -0.9350104 -0.3546203 0 0.4647132 0.8854613 0 0.4646384 0.8855005 0 -0.2393522 -0.9709329 0 -0.2393474 -0.9709341 0 -0.9350467 -0.3545246 0 -0.9350103 -0.3546208 0 -0.6631132 -0.7485191 0 -0.6631091 -0.7485229 0 0.9350482 -0.3545206 0 0.6631093 -0.7485226 0 0.6631091 -0.7485228 0 0.4646489 0.8854951 0 0.4647099 0.8854631 0 0.4647104 0.8854628 0 0.8230485 0.5679712 0 0.8229728 0.5680807 0 -0.8230391 0.5679849 0 -0.8230409 0.5679821 0 -0.8229691 0.5680862 0 0.8230406 0.5679827 0 -0.8230453 0.5679758 0 -0.8230453 0.5679758 0 0.8229673 0.5680889 0 0.8230453 0.5679758 0 0.2393476 -0.9709339 0 0.2393494 -0.9709336 0 0.2393482 -0.9709338 0 0.2393485 -0.9709337 0 0.2393507 -0.9709332 0 0 -1 -1 -1.17857e-6 0 -1 1.19883e-6 0 1 0 0 0.707104 0 -0.7071096 0 1 0 0 -1 1.37961e-5 1 0 0 0 0 -1 -1 -1.46453e-6 0 0 -1 1.39186e-5 0 -1 5.2105e-6 0.6845707 -0.7289466 0 -1 2.0963e-6 0 2.92111e-6 0 1 1.67806e-6 0 1 0.7071026 0 -0.707111 0 0 -1 1 0 0 -0.7071113 0 0.7071023 -1 1.37215e-6 0 -0.7071051 -0.7071085 0 -0.7071036 0 -0.7071101 0 -1 9.08893e-6 0 0.9350131 -0.3546135 0 0 -1 0 1 0 1 1.2278e-6 0 0 -1 -1.13338e-5 0.7071065 0 -0.7071071 -1 -1.57875e-6 0 0 0 -1 1 0 0 -0.7071102 -0.7071034 0 0 0 -1 1 0 0 1 0 0 -0.9249628 0.3800576 7.24328e-5 0.7071092 -0.7071045 0 1 0 0 1 0 0 0.7071056 -0.7071079 0 0.7071095 -0.7071042 0 0.70711 -0.7071036 0 0.7071053 0 -0.7071083 0 0 -1 -1 -5.0503e-7 0 0.7071028 0 -0.7071108 -2.71341e-6 0 1 -0.7071066 -0.7071071 0 0 0 -1 0.7071055 -0.7071081 0 -0.7071081 -0.7071055 0 1 0 0 0.7071093 -0.7071044 0 -0.7071062 -0.7071074 0 -0.7071096 -0.707104 0 -0.707108 -0.7071057 0 0.707107 0 -0.7071067 0.6845706 -0.7289467 0 -0.707098 0 0.7071157 -0.7071068 0 0.7071068 -0.7071084 0 -0.7071053 0.7070974 0 -0.7071161 0.7071071 0 -0.7071066 -0.7071388 0 0.7070748 0.7071022 0 0.7071114 0.9249879 0.3799965 0 0.9249648 0.3800529 -7.0291e-5 -0.4371986 -0.8993651 0 0 0 -1 -0.4371991 -0.8993648 8.73194e-5 0 0 -1 -0.7703707 0.6375963 0 -0.7703509 0.6376202 0 -0.770381 0.6375837 0 0.4371204 -0.8994031 0 0.437155 -0.8993862 0 0.4371546 -0.8993864 0 0.27267 0.9621077 0 0.2725654 0.9621372 0 -0.2725659 0.9621372 0 -0.9961227 0.08797484 0 -0.9961138 0.08807528 2.36949e-5 0.9961236 0.0879662 7.08425e-5 0.1503138 -0.9886384 0 0.1502076 -0.9886546 0 -0.1502009 -0.9886555 0 -0.1503138 -0.9886384 0 -0.1502072 -0.9886546 -6.42146e-5 0.684561 -0.7289556 0 0.6845699 -0.7289473 0 0.6845695 -0.7289476 0 -0.9773193 -0.2117713 1.06501e-6 -0.9773191 -0.2117725 0 0.7703714 0.6375955 0 -0.272566 0.9621372 0 0 1 0 0.5461471 0.8376893 0 0.5461481 0.8376887 0 0.9772965 -0.211876 0 0.9773197 -0.2117691 0 0.9773198 -0.2117694 0 0.8702362 -0.4926347 -2.2581e-4 0.8702362 -0.4926348 0 -0.6845715 -0.7289458 0 0 0.9350144 -0.3546098 -0.5461474 0.8376891 0 -0.5461699 0.8376744 0 -0.546147 0.8376894 0 -0.8702366 -0.4926341 0 -0.8702557 -0.4926003 0 -0.8702493 -0.4926117 0 0 -0.9350119 -0.3546165 0 0 -1 -0.7070974 0 -0.7071161 1 0 0 -1 -3.54972e-6 0 -1 1.89044e-6 0 0 0.935011 -0.3546186 -1 -2.53409e-6 0 0 0 -1 1 0 0 -1.26145e-6 0 1 2.40155e-6 0 1 -1 2.24226e-6 0 0 0 -1 -1 -2.16747e-6 0 0.707046 -0.500041 0.500045 3.01993e-6 -0.7071068 0.7071068 -4.46772e-6 -0.7071049 0.7071088 -1.20294e-7 -0.7071055 0.7071081 0.7070469 -0.5000423 0.5000425 0 -1 5.27429e-7 0.7070463 -0.5000436 0.5000421 1 0 0 -2.0148e-6 -0.7071093 0.7071043 -4.06117e-6 0 1 3.38781e-7 0 1 -3.87793e-7 0 1 0 -0.7071073 0.7071064 -3.23908e-6 -0.7071058 0.7071078 0.1503139 -0.9886384 0 0 0 -1 0 -1 -1.12524e-5 0.7703922 0.6375704 4.08983e-5 1 0 0 0 -0.7071045 0.7071091 1 0 0 1 0 0 0 0 -1 1 0 0 0 0.7071059 0.7071078 1 0 0 0 0 -1 -1 -2.7554e-6 0 1 2.13621e-6 0 1 1.04747e-6 0 -0.9961185 0.0880233 -7.75339e-5 0 0.935011 -0.3546187 1 0 0 -0.150314 -0.9886383 0 1 0 0 0.7071068 0 -0.7071068 0 0.4646427 0.8854984 -0.9961228 0.0879749 -1.88173e-5 0 -0.4646458 0.8854966 0 0.8229718 0.5680823 0 -0.9350436 -0.3545329 -0.1502072 -0.9886546 0 0.770326 0.6376503 0 1.69138e-6 0 1 0 -0.707107 0.7071066 0 -0.4647104 0.8854628 -1 5.92602e-7 0 0 -0.9350103 -0.3546207 0 0.9927117 0.1205139 0 -0.6630277 -0.7485949 -1.55706e-6 0 1 0 0.7071022 0.7071114 1 0 0 0.7071067 0 -0.7071069 0 -0.7070931 0.7071205 1 0 0 0 -0.7070977 -0.707116 0 -0.7070977 0.707116 0 -0.7070881 0.7071255 0 -0.707117 -0.7070967 0 -0.7070887 0.707125 0 0.9927122 0.1205095 0 0.9926909 0.1206851 0 -0.9927122 0.1205095 0 -0.9927116 0.1205141 0 -0.4647133 0.8854612 0 -0.4646471 0.885496 0 0.4647147 0.8854606 0 0.9350436 -0.3545329 0 0.6631048 -0.7485266 0 -0.6631041 -0.7485272 0 -0.2393462 -0.9709343 0 -0.239351 -0.9709331 0 0.9926915 0.1206808 0 0.9927111 0.1205189 0 -0.4646453 0.8854969 0 -0.4646493 0.885495 0 0.8230485 0.5679712 0 -0.8230445 0.5679768 0 -0.2393484 -0.9709337 0 0.4647125 0.8854618 0 0.9350448 -0.3545295 0 -0.9350481 -0.3545209 0 -0.6631112 -0.7485209 0 0.2393465 -0.9709342 1 0 0 0 -0.7071 -0.7071136 -0.7071039 0 -0.7071096 0.9961128 0.0880869 -5.32646e-6 0.9249649 0.3800529 -7.0291e-5 1 0 0 -1 -2.83054e-6 0 1.13268e-6 0 1 -0.8702371 -0.4926332 0 -5.73336e-6 -0.7071069 0.7071067 0.4371077 -0.8994092 -6.81377e-5 -1 1.32546e-6 0 -0.7071055 -0.7071081 0 0.7071108 -0.7071028 0 1 0 0 -1 -7.48336e-7 0 -0.7071053 -0.7071082 0 0.7070977 -0.707116 0 0.7071014 -0.7071123 0 0.7071084 0 -0.7071053 -1 2.30687e-6 0 1.27215e-6 0 1 -0.7071085 -0.7071051 0 -1 3.38887e-6 0 -0.2726699 0.9621077 -1.25669e-4 0.1503142 -0.9886383 0 -0.1502073 -0.9886546 0 0 1 0 0 0 -1 1 0 0 0 0 -1 -0.707134 0 -0.7070796 -1 -2.54288e-6 0 0 -1 7.61571e-6 0 0 -1 -1 -3.51026e-6 0 -0.7071022 0 0.7071114 1 0 0 1 0 0 0 0 -1 0 0.9927122 0.1205096 0.7070559 -0.5000361 0.5000358 0 -0.7071025 0.7071111 -2.86698e-6 -0.7071104 0.7071033 0.7070509 -0.5000393 0.5000397 -2.36949e-6 0 1 -1 -3.43875e-6 0 0 1 0 -5.99846e-6 -0.707108 0.7071057 -1 6.49963e-7 0 1 0 0 0 0.7071058 0.7071079 0 0 -1 0 1 0 0 0.7071068 -0.7071068 0 0.7071066 0.707107 -0.7071013 0 0.7071124 1 0 0 -0.7071024 0 0.7071112 -0.7071015 0 0.7071121 0.7071388 0 0.7070748 -1.34267e-6 -0.7071048 0.7071089 1 0 0 -1 1.88395e-6 0 0.7071063 0.7071073 0 -1 -3.20402e-6 0 0.1941326 0.6849911 -0.7022107 -0.7071042 0.7071095 0 0.2725662 0.9621371 0 0 -0.4646417 0.8854989 0 -0.823045 0.5679761 -0.9773012 -0.2118548 3.57628e-5 -0.7775986 -0.2921957 0.5567424 -0.6135749 -0.4922971 0.6173892 -0.7733488 -0.5217441 0.3601593 -0.7661487 -0.6379665 0.07755786 -0.6233736 -0.7044938 0.339255 0 -0.7071076 0.707106 -0.6088509 -0.1765742 0.7733837 0.1502074 -0.9886546 0 -0.7071061 0 0.7071076 0 1 0 0 -0.7071067 0.707107 0.707112 0 0.7071017 1 0 0 0.7070485 -0.5000402 0.5000423 1 0 0 0.9961131 0.08808422 0 0.7776039 -0.2921476 0.5567602 0.6088591 -0.1764783 0.7733989 0.613549 -0.4923837 0.6173458 0.6234043 -0.7044486 0.3392922 0.7733267 -0.5218169 0.3601012 0 1 0 -2.54886e-6 0 1 0 -0.8230441 0.5679774 0.7789906 0 0.6270357 0 -0.4646412 0.8854991 0 -0.9927111 0.1205191 0.7661055 -0.6380316 0.07744914 -1 -1.1761e-6 0 0 -0.935045 -0.3545293 0.6371468 -0.7707425 0 0.7202726 -0.6249972 -0.3009749 0 -0.6631059 -0.7485256 0.7056635 -0.4698458 -0.5303622 0.6980804 -0.1592921 -0.6980759 0.7104538 -0.1566444 -0.6860889 0.7217534 0.1656675 -0.6720314 -1 4.22569e-6 0 0.6754047 0.4598248 -0.5765326 0.7409473 0.4452608 -0.5027326 0 0.6631059 -0.7485256 0.6547235 0.6809923 -0.3280043 0.7555435 0.6125236 -0.232312 0.6371464 0.7707428 0 0.7661489 0.637966 0.07755792 0 0.9927123 0.1205096 -2.87714e-6 -0.7071084 0.7071052 0 0.8230483 0.5679715 0.623376 0.704491 0.3392563 0.7733502 0.5217474 0.3601517 8.98533e-7 0 1 -1.60017e-6 0 1 0.6135765 0.4922931 0.6173908 0.7775665 0.2921692 0.5568013 0 0.4647089 0.8854635 2.7304e-6 0 1 0.6088557 0.1765742 0.7733798 -1.14759e-6 -0.7071053 0.7071083 1 0 0 -2.85768e-6 -0.7071083 0.7071053 -0.485341 -0.5167131 0.7053026 -0.6172673 -0.3494299 0.7048971 -0.3068504 -0.631229 0.7123152 -0.1053398 -0.6984912 0.7078231 0.1061 -0.703102 0.7031291 -1.64135e-6 0 1 1.72037e-7 0 1 -0.4370693 -0.8994279 -6.60075e-5 -0.4370693 -0.8994278 0 2.02518e-6 0 1 -0.1060273 -0.7031207 -0.7031214 0.1065288 -0.7006573 -0.7055006 -0.3106916 -0.6445443 -0.6985939 1 0 0 -0.4774709 -0.5084215 -0.7166094 -0.4901448 -0.5275053 -0.6938993 -0.684633 -0.728888 0 0 0 -1 0 0 -1 0.3068695 -0.6313413 -0.7122074 0.4370701 -0.8994275 7.02661e-5 0.4370688 -0.8994281 7.03008e-5 0.4853857 -0.5166828 -0.7052941 -1.49882e-6 0 1 0.6846901 -0.7288343 0 0.6846882 -0.7288362 0 0.4774686 -0.5084213 0.7166112 0.4902526 -0.5276205 0.6937355 0.3106811 -0.6444438 0.6986913 0.6278863 -0.3617693 0.6891166 0.8702352 -0.4926366 0 0.6031862 -0.3414591 0.7208135 0.6730929 -0.1459277 0.725018 1 0 0 0.7110757 -0.1614155 0.6843366 0.7312983 0.05587941 0.6797649 0.8702355 -0.4926361 0 0.9961235 0.08796578 1.00339e-4 0.6817945 0.06029313 0.7290549 0.6862316 0.2707115 0.6751307 0.6292192 0.258541 0.7329665 0.7312965 0.05587971 -0.6797668 0.6932178 -0.1502104 -0.7049015 0.6138549 -0.3536069 -0.7057934 1 0 0 -1 -1.46193e-6 0 -6.76171e-7 -0.7071061 0.7071075 -0.7070961 0 0.7071176 0.6568713 0.2698242 -0.7040704 0.551746 0.441874 -0.7073357 -1 4.82337e-6 0 0.7704258 0.6375297 0 0.7703711 0.637596 0 0.3885022 0.5958507 -0.7028713 -1 6.39812e-7 0 0.5461733 0.8376722 0 0.5461726 0.8376728 0 0.3672782 0.5633341 0.7401091 0.4189656 0.6176205 0.6655921 0.5211068 0.4313566 0.7364641 0.5790267 0.463719 0.6705914 0.2193207 0.7177596 0.6608477 0.2726705 0.9621075 -2.55641e-5 0.1822381 0.6432875 0.7436198 -7.21093e-7 0 1 -0.7070997 0 0.7071138 -1 -2.16813e-6 0 -1 -5.68836e-7 0 -4.7519e-6 0 1 -0.7111098 -0.1613448 -0.6843177 -0.6279304 -0.3617177 -0.6891036 -0.603187 -0.3414593 -0.7208127 -0.6730939 -0.145926 -0.7250175 -0.7312966 0.05587834 -0.6797669 -0.8702358 -0.4926354 0 -0.9773193 -0.2117714 1.06466e-6 -0.6934422 -0.1502596 0.7046702 6.40605e-7 0 1 -0.6817905 0.06021398 -0.7290652 -0.9961139 0.08807498 2.36871e-5 -0.6292206 0.2585405 -0.7329655 -0.6862359 0.2707155 -0.6751248 -0.7055774 0.05391848 0.7065787 -1 -2.58805e-6 0 -0.6579909 0.2596042 0.7068619 -0.9249628 0.3800576 0 -0.5790262 0.463721 -0.6705904 -0.5211268 0.4312952 -0.7364859 -0.7703709 0.6375961 -2.98082e-5 -0.4190075 0.6175704 -0.6656122 -0.3672778 0.5633365 -0.7401074 -0.770371 0.637596 0 -0.546173 0.8376724 0 -0.5473723 0.4530326 0.7036656 0.1502072 -0.9886546 0 -0.3883877 0.5956754 0.7030831 -0.546173 0.8376725 0 -0.2193251 0.7177718 -0.6608329 -0.2063825 0.6751679 -0.7082052 -0.27267 0.9621077 -5.96495e-5 -3.3743e-6 0 1 -1 -1.10389e-6 0 -0.206381 0.6751669 0.7082066 0 -0.707089 0.7071247 1 0 0 0 0 -1 0 -1 3.43747e-6 1 0 0 -1 4.61989e-6 0 2.0753e-6 0 1 -1 4.78835e-6 0 -0.7775582 0.2922125 0.5567902 -0.608856 0.176477 0.7734018 -0.6135433 0.4923858 0.6173499 -0.7789883 0 0.6270387 -0.7733275 0.5218154 0.3601016 -0.6233996 0.7044495 0.3392993 -0.7661046 0.6380315 0.07745742 0 0.9927116 0.1205141 1 1.57385e-6 0 -0.6371459 0.7707433 0 -0.7202726 0.6250016 -0.3009662 -0.2725657 0.9621372 0 0 0.6631083 -0.7485235 -0.7409509 0.4452618 -0.5027263 8.33386e-5 -0.7070444 0.7071692 -0.7104492 0.1566457 -0.6860933 0 -0.2393505 -0.9709333 0 -0.6631084 -0.7485235 -0.7409471 -0.4452612 -0.5027324 -0.6547247 -0.6809954 -0.3279954 -0.7555468 -0.6125257 -0.232296 -0.6754078 -0.4598283 -0.5765261 1 0 0 -0.6371432 -0.7707455 0 -0.6980803 -0.1592929 -0.6980758 -0.6980727 0.1592907 -0.6980838 0 1 0 1 0 0 -1 2.46575e-6 0 0 1 0 -1 -3.66074e-6 0 -1 -1.52875e-6 0 -1.0091e-6 0 1 1 0 0 1 0 0 0 1 0 2.87926e-6 0 1 -0.7071051 0 0.7071086 0 0 -1 0 0 -1 -0.9961139 0.08807504 0 0 0 -1 1 0 0 0 0 -1 1 0 0 0 -0.7071065 0.7071072 -0.7071092 0 0.7071044 0 0 1 2.73038e-6 0 1 -5.7321e-6 -0.7071091 0.7071045 0 -0.7071095 0.7071042 1 0 0 0 0 -1 -1 1.46911e-6 0 -1 4.62184e-6 0 0 1 0 0 0 -1 0 0 -1 0 0 -1 -9.44751e-7 0 1 -1 2.52347e-6 0 -1 2.649e-7 0 2.3924e-6 0 1 0 0 -1 -0.6845716 -0.7289457 0 -1 4.01022e-6 0 -0.9961139 0.08807569 0 0 0 -1 1 0 0 0.9961134 0.088081 0 1 2.00282e-6 0 -1 -1.06999e-6 0 -0.6845714 -0.7289459 0 -0.6845717 -0.7289456 0 -0.546224 0.8376392 0 -0.5462238 0.8376393 0 1 0 0 0 1 0 0 1 0 -1 -1.30413e-6 0 1.22314e-6 0 1 0 1 0 0.9961234 0.08796721 6.93937e-5 1 0 0 0 0 -1 0 0 -1 0 0 -1 0 0 -1 -4.44925e-7 0 1 2.82289e-6 0 1 0 0 -1 -1 2.48563e-6 0 -0.9961139 0.08807516 0 -1.59746e-6 0 1 -1 -2.38166e-6 0 1 0 0 1 0 0 -1 -2.60409e-6 0 -1 1.16282e-6 0 -1.73668e-6 0 1 0.9961132 0.08808255 1.49502e-5 -1 2.67896e-6 0 0 0 -1 0 0 -1 0 1 0 0 0 -1 0 0 -1 0.1502042 -0.988655 0 0 -0.8230417 0.567981 0.1502038 -0.9886551 0 1 0 0 -1 4.31555e-6 0 -1 -4.59417e-6 0 0 0 -1 -1 -4.71579e-6 0 0 0 -1 0.1504237 -0.9886217 0 -1 2.82363e-6 0 0.1502045 -0.988655 0 0 0 -1 -1 2.67249e-6 0 -1 -1.92034e-6 0 -1 2.55666e-6 0 0.1502104 -0.9886541 0 0 0 -1 -1 9.529e-7 0 1 0 0 1 0 0 -1 -6.57163e-7 0 1 0 0 -1.31633e-6 0 1 -1 2.34931e-6 0 0 1 0 1 3.14633e-7 0 -1 1.43563e-6 0 1 0 0 -1 1.47236e-6 0 -0.1502042 -0.9886551 0 -1.04338e-6 0 1 0.1504234 -0.9886218 0 -1 -2.8958e-6 0 -1 -1.19069e-6 0 -1 2.65721e-6 0 -1 -1.37635e-6 0 -0.15025 -0.9886481 -7.31851e-5 1 0 0 0 0 -1 -1 -2.74684e-6 0 -0.1502566 -0.9886471 0 1 0 0 0.1504243 -0.9886216 0 1 0 0 1 0 0 1 0 0 0 1 0 -7.52874e-7 -0.7071087 0.7071049 1 0 0 -0.5461733 0.8376722 0 -1 -3.95735e-7 0 0 1 0 0 1 0 1 0 0 -9.92032e-7 0 1 1 0 0 0 1 0 -0.1503306 -0.9886358 1.42235e-4 0 0 -1 0 0 -1 0 0 -1 1 -5.94674e-7 0 1 0 0 1 0 0 -1 -1.77084e-6 0 1 0 0 -1 -4.44185e-6 0 1 0 0 0 1 0 0 0 -1 -1 -2.09725e-6 0 -1 -2.43949e-6 0 1 0 0 0 0 -1 -1 1.01212e-6 0 1 0 0 0 0 -1 -1 -4.33386e-6 0 1 0 0 0.6845717 -0.7289455 2.47125e-4 -1 -7.23796e-7 0 -1 -1.41873e-6 0 0 0 -1 1 0 0 -1 -1.3509e-6 0 0 1 0 0 1 0 1 0 0 -1 -1.6924e-6 0 0 -1 5.72304e-6 0 -1 -6.86201e-6 0.6844568 -0.7290535 0 0 1 0 1 0 0 1 0 0 -1 4.18566e-6 0 0 1 0 1 0 0 0.9961313 0.08787858 0 1 0 0 1 0 0 0 0 -1 -4.06877e-6 0 1 1 0 0 2.81275e-6 0 1 -0.8702367 -0.492634 0 0 1 0 -1.78978e-6 0 1 8.83082e-7 -0.7071079 0.7071058 0.6846849 -0.7288392 0 0 0 -1 0 -1 7.78758e-6 1 0 0 1 0 0 0 1 0 -1 -9.63105e-7 0 0.9961186 0.08802199 -8.61411e-5 0 0 -1 0 0 -1 0 0 -1 0 0 -1 -1 -1.7868e-7 0 0 0 -1 1 0 0 1 0 0 1 0 0 0 1 0 1 0 0 1 0 0 3.22632e-6 0 1 -1 -1.11202e-6 0 1 0 0 -1 1.66001e-6 0 -1 -2.78553e-6 0 1 0 0 0 0 -1 -1 -2.1216e-6 0 -1 -2.85225e-6 0 1 0 0 0 1 0 -1 2.73599e-6 0 1 0 0 -0.8702366 -0.4926341 0 0 0 -1 1 0 0 0 0 -1 1.93388e-6 -0.7071869 0.7070267 1 0 0 -0.5460957 0.8377228 0 -1 2.04152e-6 0 1 0 0 -6.65722e-7 0 1 1 0 0 -1.50457e-6 0 1 -1 4.14717e-6 0 -1 -3.36142e-6 0 -1 -3.736e-6 0 -2.34055e-6 0 1 0 0 -1 -1 -1.9531e-6 0 -1 2.66708e-6 0 1 1.27113e-6 0 0 0 -1 -1.77545e-6 0 1 -1.482e-6 0 1 1 0 0 0 0 -1 0 0 -1 0.7703942 0.6375681 -1.03825e-4 -1 -1.60063e-6 0 0 1 0 0 1 0 1 0 0 0.7704303 0.6375244 1.52246e-4 0 0 -1 0 1 0 1 0 0 1 0 0 1 0 0 0.7703339 0.6376408 5.72083e-5 2.4641e-6 0 1 0 0 -1 0 0 -1 2.28125e-6 0 1 1 0 0 0.7705016 0.6374381 0 0 0 -1 1 0 0 3.79377e-6 0 1 0 -0.7071068 0.7071068 0 0 -1 1 0 0 -0.924979 0.3800181 8.8604e-5 1 1.16522e-6 0 -1 0 0 -1 -1.1599e-6 0 -1 1.68473e-6 0 -5.4034e-7 0 1 4.70232e-6 0 1 -2.42966e-6 0 1 1.95917e-7 0 1 -2.38322e-6 0 1 -1.98736e-7 0 1 3.00982e-7 0 1 1 0 0 0.9772965 -0.2118762 0 0 0 1 -7.63624e-7 0 1 -5.1659e-7 0 1 -2.78205e-6 0 1 5.15596e-6 0 1 -3.11662e-6 0 1 -8.51591e-7 0 1 6.79514e-7 0 1 1.58134e-6 0 1 -2.25135e-6 0 1 -7.31773e-7 0 1 4.74367e-6 0 1 2.00891e-6 0 1 0 0 1 -1.68607e-6 0 1 -3.53254e-7 0 1 1.25155e-6 0 1 1.4132e-6 0 1 6.82242e-7 0 1 9.88831e-7 0 1 7.94915e-7 0 1 6.5167e-7 0 1 -3.07228e-6 0 1 2.24104e-6 0 1 -1 -2.98601e-6 0 -8.03679e-6 0 1 0 0 -1 0 0 -1 0.9773423 -0.2116652 0 7.28576e-6 0 1 -1 -2.69745e-6 0 -1 1.87691e-6 0 1 0 0 -1.87223e-6 0 1 -3.83187e-7 0 1 4.12243e-6 0 1 1.35943e-6 0 1 1 0 0 1.31231e-6 -0.7071088 0.7071048 0.9772959 -0.2118795 0 -1 -2.92829e-6 0 0 1 0 0 0 -1 2.56179e-6 0 1 -1 -3.5512e-7 0 -1 -1.41771e-6 0 1 0 0 1 0 0 -1 1.0396e-6 0 0 0.6630229 -0.7485992 1 0 0 0 0 -1 0 0 -1 0 0 -1 -0.8702369 -0.4926335 0 0 0 -1 0.9772959 -0.2118791 0 -1.5249e-6 0 1 -1 -6.04867e-6 0 -1 -5.09946e-6 0 -1 -1.02737e-6 0 2.35036e-6 0 1 1.5629e-6 0 1 0 0 -1 0.9772967 -0.2118753 0 -2.02889e-6 0 1 5.00877e-6 0 1 -1 2.02806e-6 0 0 -1 -1.02351e-5 0 0 -1 0 0 -1 2.65906e-6 -0.7071085 0.7071052 1.39933e-6 -0.707103 0.7071107 1 0 0 0 -1 -8.76606e-6 0 0 -1 0.9772965 -0.2118766 0 1 0 0 0.9773198 -0.2117694 -1.59778e-4 1 0 0 1.01053e-6 0 1 1 0 0 3.42832e-7 0 1 0.9773422 -0.2116655 0 1 0 0 -1.71117e-7 0 1 -2.65895e-6 0 1 7.44245e-7 0 1 5.09391e-6 0 1 -1 -1.18119e-6 0 -0.8702358 -0.4926357 0 -1 2.36029e-6 0 0 0 -1 0 1 0 0 0 -1 1 0 0 1 0 0 4.39134e-6 -0.7071049 0.7071087 -2.72808e-6 -0.707104 0.7071095 -1 4.36532e-6 0 1 0 0 0.2726697 0.9621077 0 -1.10106e-6 -0.7071086 0.707105 1.08448e-6 -0.7071081 0.7071055 2.12694e-6 -0.7071056 0.7071081 7.3013e-6 -0.7071086 0.707105 6.28534e-7 -0.707104 0.7071095 1.87372e-6 -0.7071043 0.7071092 1.18966e-6 -0.7071076 0.7071061 -4.44515e-7 -0.7071084 0.7071052 -3.3185e-6 -0.7071076 0.7071059 2.92545e-6 -0.7071052 0.7071084 2.86698e-6 -0.7071074 0.7071062 0 -0.7071071 0.7071065 0 -0.7071084 0.7071052 2.84576e-6 -0.7071056 0.707108 3.06776e-6 -0.707107 0.7071066 0 -0.7071097 0.707104 -2.64238e-6 -0.7071074 0.7071063 2.78455e-6 -0.707111 0.7071026 0 -0.7071048 0.7071088 0 -0.7071061 0.7071076 0 -0.7071131 0.7071006 0 -0.7071097 0.7071039 5.74839e-6 -0.7071089 0.7071046 -5.74773e-6 -0.7071086 0.707105 0 -0.7071064 0.7071073 -5.73334e-6 -0.7071098 0.7071037 0 -0.7071072 0.7071064 -5.73336e-6 -0.707107 0.7071066 0 -0.7071088 0.7071048 -2.86324e-6 -0.7071082 0.7071055 5.63216e-6 -0.7071096 0.707104 -5.91339e-6 -0.7071061 0.7071075 -5.67054e-6 -0.7071056 0.7071081 -5.73521e-6 -0.7071082 0.7071053 1.22651e-6 -0.7071036 0.70711 0 -0.7071067 0.707107 -1 -1.53027e-6 0 -5.73523e-6 -0.7071089 0.7071046 -5.80162e-7 -0.7071031 0.7071105 -2.93418e-6 -0.70711 0.7071036 -2.48192e-6 -0.7071088 0.7071048 0 -0.7071041 0.7071095 -1.23594e-4 -0.7071068 0.7071068 9.1352e-5 -0.7071536 0.70706 5.73517e-6 -0.7071062 0.7071074 5.69199e-6 -0.707107 0.7071065 0 -0.7071037 0.70711 0 -0.7071059 0.7071077 -1 1.69879e-6 0 -2.18919e-6 -0.7071065 0.7071071 -1 -2.74839e-6 0 1 0 0 0 1 0 0 0 -1 1 0 0 1 0 0 0 0 -1 0.8701961 -0.4927057 -8.86063e-5 0 0 -1 1 0 0 0 0 -1 1.52749e-4 -0.7071117 0.7071018 -1.51792e-4 -0.7071029 0.7071107 -1 -1.58395e-6 0 0.8702583 -0.4925957 0 0 0 -1 0.8701633 -0.4927636 0 1 0 0 -1 8.35775e-7 0 0.8701632 -0.4927636 0 1 0 0 1 0 0 0 1 0 0 -1 1.05102e-5 1 0 0 0.8702823 -0.4925534 8.0942e-5 0 1 0 0 1 0 0 1 0 0.8702567 -0.4925985 0 0 0 -1 6.59283e-7 0 1 5.45733e-6 -0.7071061 0.7071075 3.25738e-6 -0.707107 0.7071067 1 0 0 0.8702206 -0.4926623 2.84689e-4 -2.8414e-6 -0.7071061 0.7071075 1 0 0 0 0 -1 -0.9249792 0.3800179 -6.47299e-5 1 0 0 0 0 -1 1 0 0 -1 -1.38e-6 0 2.08174e-6 0 1 0 -0.7071065 0.7071071 0 0 -1 0 0 -1 0 -1 -1.19229e-5 1 0 0 1 -1.77655e-6 0 3.18254e-6 0 1 -1 -1.38969e-6 0 0 1 0 0.6846207 -0.7288995 -1.02249e-4 -6.95834e-7 -0.7071067 0.7071069 -1 -3.4719e-6 0 -0.6846903 -0.7288342 0 1 0 0 0 1 0 0 1 0 0 0 -1 1 0 0 -1 -4.22542e-6 0 1 0 0 -2.89256e-6 -0.7071059 0.7071077 0 -0.7071042 0.7071095 1 0 0 1 0 0 0 1 0 0 1 0 1 0 0 1 0 0 1 0 0 -2.61991e-6 0 1 -0.68469 -0.7288345 0 -1 2.09191e-6 0 -0.6845107 -0.729003 -1.11247e-4 1.75845e-6 0 1 0 0 -1 -1 -2.27668e-6 0 1 -2.80777e-6 0 0 -0.7071038 0.7071098 -1 -1.4751e-6 0 0 1 0 0 1 0 4.97548e-7 -0.7071063 0.7071073 -0.6845759 -0.7289416 0 0.7071069 0.7071067 0 -0.707104 0.7071096 0 0.7071071 0.7071066 0 1 0 0 0.7071067 0.7071068 0 -0.7071044 0.7071092 0 -0.7071043 0.7071093 0 0 0 -1 0 0.9927122 0.1205094 0 -0.7071034 0.7071103 0.7071049 0.7071087 0 -0.7071001 0.7071135 0 0 0 -1 2.28728e-6 0 1 -1 1.97223e-6 0 1.32022e-6 0 1 1 0 0 -1 -2.69533e-6 0 1 0 0 0 0 -1 1 0 0 1 0 0 0 1 0 0 0 -1 0 1 0 1 0 0 0 1 0 -0.7071024 0.7071112 0 2.30911e-6 0 1 0 -0.2393471 -0.9709341 0 1 0 0 -0.7071096 0.707104 0 0.82305 0.567969 -1 -2.19593e-6 0 0.7071062 0.7071074 0 -1 3.52432e-6 0 1 0 0 0 1 0 0 1 0 0 1 0 0 1 0 1 0 0 0 1 0 0 0 -1 0 0 -1 -0.7071034 0.7071101 0 0 1 0 0 1 0 0 1 0 0 1 0 0.7071068 0.7071068 0 -1 -4.37359e-6 0 1 0 0 0 0 -1 0.707106 0.7071076 0 0 1 0 -1 2.96635e-6 0 0.7071066 0.707107 0 0 1 0 0 1 0 1 0 0 -5.96944e-5 -0.7070431 0.7071706 0.7071063 0.7071073 0 0 1 0 -0.437199 -0.8993649 0 0 0 -1 0 1 0 -1 2.83349e-6 0 1 0 0 -1 -7.88042e-7 0 2.14975e-6 0 1 0 1 0 0 -1 -7.05766e-6 1 -1.4782e-6 0 1 0 0 -2.62958e-6 -0.7071081 0.7071055 -1 1.28465e-6 0 -9.76685e-7 0 1 1 0 0 0.4371547 -0.8993864 0 -0.6846044 -0.7289149 -5.53834e-5 -0.7071039 0 -0.7071098 -1.22227e-6 0 1 0 0 -1 0.7070978 0 0.7071158 0 0 -1 0 0 -1 -0.8702558 -0.4926002 0 1 0 0 -0.8701623 -0.4927652 0 0 0 -1 -1 -1.02534e-6 0 0.7071056 0 -0.707108 -0.8703106 -0.4925032 0 1 0 0 -2.16679e-6 0 1 0 0 -1 -0.7071115 0 -0.7071021 -1 -9.14539e-6 0 0 -0.7071057 0.7071079 2.71297e-6 0 1 -8.171e-7 0 1 0 0 -1 -0.1503121 -0.9886386 0 0 0.2393483 -0.9709339 0 0 -1 -0.7071023 0 0.7071113 -3.57956e-6 0 1 0 0 -1 1 0 0 0 0 -1 0 0 -1 0 0 -1 -0.7071059 -0.7071077 0 -0.7071056 -0.7071079 0 0.7071099 -0.7071037 0 -2.0976e-6 0 1 0 0 -1 -0.7071099 -0.7071037 0 0.7071095 -0.7071042 0 7.71234e-7 0 1 0.7071106 -0.7071031 0 0 0 -1 -0.7071082 -0.7071054 0 -0.70711 -0.7071036 0 -1 2.33325e-6 0 -0.7071046 -0.7071091 0 -0.7071061 -0.7071076 0 -0.7071105 -0.7071031 0 0.7071068 -0.7071068 0 0.7071051 -0.7071085 0 1 0 0 0 -0.7071073 0.7071063 0 0 -1 -1 -2.11605e-6 0 0 0 -1 -1 -3.62213e-6 0 -0.7071108 -0.7071028 0 0 -1 6.80304e-6 0.9772971 -0.2118739 0 0.9961138 0.08807504 0 0.9961181 0.08802741 0 0.977302 -0.2118508 0 0.9250079 0.3799479 0 0.996116 0.08805167 0 0.8702576 -0.4925971 0 0.9773021 -0.2118502 0 0.870248 -0.4926139 0 0.7703632 0.6376054 0 0.9249647 0.3800534 7.03025e-5 0.7703378 0.637636 0 0.924987 0.3799988 0 0.6846454 -0.7288764 0 1 0 0 0.870257 -0.4925979 0 0.6845614 -0.7289553 0 0.7703395 0.6376339 0 0.5461705 0.837674 0 0.5461368 0.8376961 0 0.7703509 0.6376203 0 0.437126 -0.8994004 0 -1 7.24724e-7 0 0.6846448 -0.728877 0 0.4371198 -0.8994033 0 0.5462058 0.8376511 0 0.272569 0.9621363 0 0.2726686 0.9621081 0 0.5461715 0.8376735 0 0.1503212 -0.9886372 0 0.4371247 -0.8994009 0 0.1502007 -0.9886556 0 0.7071057 -0.707108 0 0.2725843 0.962132 0 1 -3.37037e-6 0 -0.1502993 -0.9886406 0 0.1502996 -0.9886405 0 -1 1.41748e-6 0 -0.2725872 0.9621312 0 -0.2725695 0.9621362 0 -1 1.37524e-6 0 -0.4371254 -0.8994007 0 -0.1503214 -0.9886372 0 -0.4371238 -0.8994014 0 -0.2726694 0.9621078 0 -0.546205 0.8376516 0 -0.6846449 -0.7288767 0 -0.4371197 -0.8994034 0 -0.4371203 -0.8994032 0 -0.6845621 -0.7289546 0 -0.5462048 0.8376517 0 -0.770339 0.6376347 0 -0.8702573 -0.4925975 0 -0.6845656 -0.7289514 0 -0.6846356 -0.7288856 0 -0.8702359 -0.4926353 6.39088e-5 -0.7704122 0.6375463 0 -0.9249876 0.3799976 0 -0.9249631 0.3800573 -7.24208e-5 -0.9773019 -0.2118517 0 -0.8702355 -0.4926362 0 -0.8701626 -0.4927648 0 -0.9773192 -0.2117715 -1.06519e-6 -0.9250084 0.3799468 0 -0.9961181 0.08802741 0 -1 1.99571e-6 0 -0.9773018 -0.2118519 0 0 0 -1 -0.9961139 0.08807516 -2.39651e-5 0.7071093 -0.7071043 0 0.7071089 -0.7071048 0 1 0 0 -0.9773193 -0.2117714 -1.06554e-6 -1 -4.50801e-6 0 -0.977302 -0.2118512 0 0.9961234 0.08796697 -1.00105e-4 -0.9961159 0.08805316 -3.3699e-5 -0.9249874 0.3799979 0 0.1502044 -0.988655 0 0.4370694 -0.8994278 -6.81593e-5 0 -1 -2.73907e-6 0.4370694 -0.8994278 -6.8193e-5 0.7071102 -0.7071034 0 -0.7703708 0.6375962 2.98328e-5 1 0 0 -0.924979 0.3800185 8.86041e-5 0 0 -1 0.2726956 0.9621004 0 0.7703253 0.6376511 0 0.7703203 0.6376572 0 0.9249645 0.3800535 7.03026e-5 1 0 0 1 1.83801e-6 0 -0.9961138 0.08807516 -2.3973e-5 0.6846895 -0.7288349 0 0.8702178 -0.4926673 0 0.9772961 -0.2118788 0 0 0 -1 1 5.77993e-7 0 -0.8702208 -0.492662 0 -0.6845651 -0.7289518 0 0 -1 9.70659e-6 0 0 -1 0 1 0 -0.1503119 -0.9886386 0 -0.2726376 0.9621168 0 -0.4371986 -0.899365 -8.94934e-5 -0.2727012 0.9620988 0 -1 -6.65786e-7 0 1 0 0 0.1502041 -0.9886551 0 0 0 -1 -0.2726697 0.9621077 1.2782e-4 0 0 -1 -0.4370696 -0.8994277 6.3931e-5 0 0 -1 -0.2725954 0.9621288 0 1 0 0 -0.7071101 -0.7071036 0 1 0 0 -0.7071114 -0.7071023 0 1 0 0 0 -0.8230534 0.5679643 0.9772972 -0.2118736 0 0.9961236 0.08796602 -1.00155e-4 -1 -1.10233e-6 0 -1 2.59808e-6 0 -7.35807e-7 0 1 0 -0.7071052 0.7071085 0 -1 1.1187e-5 0 1 0 3.54568e-7 0 1 0 0 -1 -0.7071112 0 0.7071024 1.75156e-6 0 1 -1.06043e-6 0 1 -1 -6.87894e-7 0 -1 -2.07516e-6 0 0 0 -1 1 0 0 0 0 -1 -1 -9.28167e-7 0 1 0 0 0 0 -1 -1 2.24435e-6 0 -3.07445e-6 0 1 -1.33152e-6 0 1 -1 -2.23969e-6 0 1 0 0 1.19581e-6 0 1 1.32616e-6 0 1 0 -0.6630276 -0.748595 -1 1.15974e-6 0 0 0 -1 0.7703378 0.6376361 0 0 0 -1 1 0 0 1 0 0 1 0 0 0 0.6631013 -0.7485297 2.00985e-6 -0.7071072 0.7071065 0.9249793 0.3800176 -8.51821e-5 0 -0.8229644 0.5680931 -5.55556e-6 -0.7071075 0.7071061 0 0 -1 0 0 -1 -5.29897e-7 0 1 0 0 -1 -1 1.86854e-6 0 1 -1.84155e-6 0 1 0 0 -2.06897e-6 0 1 -1 3.09065e-6 0 1 0 0 0 0 -1 0 0 -1 -6.77132e-6 0 1 1 0 0 6.75023e-7 0 1 1.23434e-6 0 1 -1.1739e-6 0 1 -0.9961196 0.08801019 0 -1 -2.08607e-6 0 -1 -1.65327e-6 0 0 -1 1.08471e-5 0 -1 -2.1603e-6 1 0 0 -1 -3.025e-6 0 -1 1.98072e-6 0 1 0 0 1 0 0 -1 -1.56667e-6 0 1.0238e-6 0 1 -1 -2.86819e-6 0 0.7071023 0 0.7071113 -1 -1.51553e-6 0 0 1 0 0 1 0 0 1 0 1 0 0 0 0 -1 1 0 0 -5.37899e-6 0 1 5.02297e-6 0 1 0 1 0 0 1 0 0 -0.7071094 0.7071042 0 -0.7071065 0.7071071 0 0 -1 -1 2.02028e-6 0 1.376e-6 0 1 -4.90527e-7 0 1 -1 3.6964e-6 0 -1 2.17703e-7 0 1 0 0 1 0 0 0 -1 7.74362e-6 -1 -2.7225e-6 0 0 -0.4646493 0.8854948 1.83737e-6 0 1 -5.55563e-6 0 1 -5.38092e-6 0 1 -1 4.33162e-6 0 1 0 0 0 0 -1 5.35428e-6 0 1 1 0 0 1 0 0 -1 3.30927e-6 0 -1.71334e-6 0 1 -3.16989e-6 0 1 -1.81234e-6 0 1 1 0 0 0 1 0 0 1 0 -1 -8.82456e-7 0 -1 9.17881e-7 0 -1 1.88288e-6 0 -1.66211e-6 0 1 -1 -1.33618e-6 0 1 0 0 1 0 0 -1 -2.54697e-6 0 -1 3.7208e-6 0 0 -0.7071061 0.7071076 0 -0.7071053 0.7071083 -2.8312e-6 -0.7071089 0.7071047 5.78327e-6 -0.707109 0.7071046 -1 -1.76651e-6 0 1 0 0 1 0 0 3.04677e-6 -0.7071061 0.7071076 0 -1 -5.95992e-6 -1 -4.76504e-6 0 -0.9250208 0.3799164 -7.24315e-5 -5.80879e-6 -0.7071061 0.7071075 0 0 -1 -2.58743e-6 -0.7071053 0.7071083 -2.94384e-6 -0.7071068 0.7071068 3.39269e-6 -0.7071051 0.7071085 0 1 0 -1 1.37265e-6 0 0 0 -1 9.72528e-7 0 1 -1 -4.31073e-6 0 1 0 0 1 0 0 1 0 0 2.65699e-6 0 1 1 0 0 0 0.8230441 0.5679776 -3.98886e-7 -0.7071068 0.7071068 2.69649e-6 -0.7071068 0.7071068 -3.80448e-6 0 1 -1.34201e-6 -0.7071066 0.707107 -5.56722e-6 -0.7071075 0.7071061 -1 1.37941e-6 0 -1 4.14359e-6 0 1 0 0 1 0 0 1 0 0 -1 -8.3392e-7 0 -1 6.90452e-7 0 2.0324e-6 -0.7071091 0.7071045 -3.11326e-7 -0.7071097 0.7071039 0 -0.7071059 0.7071076 -1 2.05727e-6 0 1 0 0 0 0 -1 0 0 -1 0 0 -1 1 0 0 -1 -1.78785e-6 0 1 9.10178e-7 0 0 -0.7071051 0.7071085 -1 1.88023e-6 0 0 0 -1 0 0 -1 2.19653e-6 0 1 0 0 -1 0 0 -1 0 0 -1 0 -0.8230448 0.5679765 7.04106e-7 -0.7071053 0.7071083 -3.19052e-7 -0.7071026 0.707111 1 0 0 1 0 0 0 -1 -6.99374e-6 0 -1 5.23023e-6 1 1.79197e-6 0 1.37055e-6 -0.7071066 0.7071071 -1 1.00662e-6 0 0 0 -1 0 -0.7071109 0.7071028 8.27566e-5 -0.7070489 0.7071648 0 1 0 -1 3.01111e-6 0 1 0 0 1 0 0 0 0 -1 0 -0.707109 0.7071046 -2.23437e-6 0 1 -6.79562e-7 0 1 0 0 -1 -1 -9.18434e-7 0 0 1 0 -1 -1.54901e-6 0 1 0 0 1 0 0 -1.71663e-6 -0.7071077 0.7071059 1 0 0 0 0.8230481 0.5679718 3.12545e-6 0 1 0 0 -1 1 0 0 1 0 0 -1 4.217e-6 0 -1.64115e-6 0 1 1 0 0 2.32458e-6 -0.7071043 0.7071093 1 0 0 -1 -2.5433e-6 0 -1 -2.91071e-6 0 1 0 0 0 0 -1 1.33725e-6 -0.7071055 0.7071081 1 0 0 1.0601e-6 -0.7071093 0.7071043 -1 -3.72069e-6 0 0 0 -1 -1.81393e-6 0 1 0 0 -1 1 0 0 1 8.34412e-7 0 -2.93574e-6 0 1 0 0 -1 1.28203e-6 0 1 0 0 -1 0 -1 -6.39248e-6 0 -1 2.79691e-6 -1 -6.19508e-7 0 -1 -1.36998e-6 0 0 0 -1 0 0 -1 0 0 -1 1 0 0 -1 -1.61728e-6 0 -1 -2.29211e-6 0 0 0 -1 0 0 -1 0 -1 -1.50689e-5 1 0 0 1.08611e-6 0 1 -1 2.09758e-6 0 -1 5.64013e-7 0 0 -1 -4.46018e-6 0 -1 -4.13239e-6 1 0 0 0 1 0 0 0 -1 0 0 -1 -1 1.3713e-6 0 0 0 -1 0 1 0 0 0 -1 0 -1 2.49789e-6 1 0 0 0 0 -1 -1 2.86506e-6 0 -1 2.93529e-7 0 -1 1.28084e-6 0 -1 2.71705e-6 0 -1 1.49772e-6 0 -3.50522e-6 -0.7071055 0.7071081 0 0 -1 0 1 0 -1 2.38885e-6 0 1 1.42572e-6 0 0 0 -1 -1 2.22264e-7 0 -1 -2.06667e-6 0 -1 -2.46723e-6 0 -1 -2.47346e-6 0 1 0 0 2.47003e-6 0 1 1.20196e-6 0 1 -1 -9.24924e-7 0 4.16595e-6 0 1 1 0 0 1 0 0 1 0 0 1 0 0 1 0 0 0 -1 3.38321e-6 0 -1 -9.52839e-6 0 0 -1 -1 3.89472e-6 0 1 0 0 -1 5.2996e-6 0 0 0 -1 0 0 -1 0 0 -1 7.23329e-7 0 1 0 0 -1 -1 2.87715e-6 0 1 0 0 -1 1.14941e-6 0 1 0 0 -1 3.54952e-6 0 -1 6.39993e-7 0 1 0 0 -1 1.13102e-6 0 0 -0.7071046 0.7071091 1 0 0 -1 2.34989e-6 0 -1 -1.33175e-6 0 0 0 -1 0 0 -1 0 1 0 1 0 0 1 0 0 0 1 0 0 0 -1 -1 -3.74139e-6 0 1 -3.64714e-7 0 1 0 0 -1 1.52882e-6 0 0 -1 6.00739e-6 0.150209 -0.9886543 -8.52165e-6 0 -1 -3.12457e-6 0 -1 9.74582e-6 0.9961184 0.0880239 7.57086e-5 1.0751e-6 -0.7071084 0.7071052 0 1 0 0 0 -1 -1 -1.45996e-6 0 1 0 0 -1 -3.39418e-6 0 1 0 0 1 0 0 -1 -7.22228e-7 0 -2.48464e-6 0 1 -1 -9.85274e-7 0 -1 3.36688e-6 0 0 0 -1 -1 1.48589e-6 0 0 0 -1 1 0 0 1 0 0 -1 -3.63737e-6 0 -1 -4.42039e-6 0 1 0 0 0 0 -1 0 1 0 -1 -1.84311e-6 0 1 0 0 0 1 0 1 0 0 0 0 -1 0 0 -1 0 -0.7071045 0.7071092 0 -0.7071064 0.7071072 0 1 0 -1 7.85613e-7 0 0 0 -1 -1.46439e-6 0 1 -0.4370694 -0.8994279 0 -1 8.18542e-7 0 -1 1.12244e-6 0 -1 6.86779e-7 0 0 1 0 1 0 0 0 0 -1 -1 7.02953e-7 0 0 0 -1 6.81511e-7 0 1 0 0 -1 0 0 -1 1 0 0 1 0 0 -1.2844e-6 0 1 3.04927e-6 0 1 3.97971e-6 0 1 0 0 -1 -1 1.05782e-6 0 1 0 0 1 0 0 7.0984e-7 0 1 0 0 -1 0 0 -1 0 0 -1 -7.11602e-7 0 1 -1 -5.15074e-7 0 1 0 0 1 0 0 1.34608e-6 -0.7071068 0.7071068 0 0 -1 1 0 0 -1 -2.72771e-6 0 0 0 -1 0 0.464641 0.8854991 0 -0.707105 0.7071086 0 0 -1 1 0 0 -0.6846239 -0.7288965 -1.36333e-5 -1 -3.61515e-6 0 1 0 0 1.19214e-6 0 1 -2.83432e-6 0 1 -1 1.61167e-6 0 -2.50088e-6 0 1 1 0 0 1 0 0 2.78915e-7 0 1 0 0 -1 0 0 -1 -1 -1.16695e-6 0 -1 -2.68378e-6 0 1.72271e-6 0 1 -1 -2.19315e-7 0 3.00906e-6 0 1 1 0 0 1 0 0 -1 -3.33843e-6 0 1 0 0 0 0 -1 0 0 -1 -3.4906e-6 0 1 -1.80995e-6 0 1 1 4.76912e-7 0 1 0 0 -1 3.48737e-6 0 1.32184e-6 0 1 6.74436e-7 0 1 0 -1 5.86853e-6 0 0 -1 0 0 -1 -1 2.47719e-6 0 -3.77988e-6 0 1 -1 1.95762e-6 0 0 0 -1 -2.06215e-6 -0.7071068 0.7071068 0 -0.7071065 0.7071071 0 0 -1 0 0 -1 0 0 -1 -1 2.55792e-6 0 -3.49484e-6 0 1 0 0.8230488 0.5679709 -1 4.77607e-6 0 1 0 0 1 0 0 2.70043e-6 -0.7071075 0.7071061 1 0 0 0.272638 0.9621167 -5.4125e-5 -1 -4.29275e-6 0 -1 -1.21496e-6 0 -1 -2.93201e-6 0 1 0 0 0 0 -1 0 -0.7071079 0.7071057 0.7703463 0.6376258 -4.54052e-5 1 0 0 -1 1.54965e-6 0 -1 -2.75809e-6 0 1 0 0 0 0 -1 1 0 0 2.06564e-6 -0.7071042 0.7071093 1 0 0 1 0 0 1 0 0 -1 -1.08307e-6 0 -1 -2.73406e-6 0 0 -1 -1.68404e-5 -1 1.71731e-6 0 -1 2.23889e-6 0 1 0 0 -1 5.55468e-6 0 0 0 -1 0 0 -1 -1.4394e-6 0 1 3.42408e-6 0 1 0 0 -1 -1 -8.39328e-7 0 1 0 0 -1.16966e-6 0 1 1.98061e-6 0 1 -1 -2.36345e-6 0 -1 -1.45715e-6 0 4.53602e-6 0 1 3.48918e-6 0 1 -3.09817e-7 -0.7071062 0.7071074 4.69517e-6 -0.7071062 0.7071074 0 0 -1 3.08461e-6 0 1 0 1 0 1.53431e-6 0 1 -1 8.61066e-7 0 1 0 0 1 0 0 0 0 -1 0 0 -1 0 0 -1 0 0 -1 0.8702241 -0.4926562 3.74898e-5 0 1 0 -1 -2.82943e-6 0 0 1 0 0 0 -1 0 0 -1 0 0 -1 0 -0.8230465 0.5679741 1 0 0 0 -1 -3.61088e-6 0 1 0 0 1 0 -1 -9.90962e-7 0 1 0 0 1 0 0 3.06637e-6 0 1 0 0 -1 1 0 0 1 0 0 4.10364e-7 0 1 7.24544e-7 0 1 1.18103e-6 0 1 0 0 -1 5.71831e-7 0 1 -1 -5.06115e-6 0 -1 9.88489e-7 0 -1.9882e-6 0 1 -1 2.0265e-6 0 0 0 -1 -1.62729e-6 0 1 -1.25318e-6 0 1 1.88573e-6 0 1 -2.93555e-6 -0.7071024 0.7071112 1.67748e-6 0 1 1 0 0 0 -1 6.28986e-6 1 0 0 1 0 0 -2.3066e-6 0 1 1 0 0 1 0 0 1 0 0 1 0 0 0 -1 1.1871e-5 0 1 0 3.5155e-6 0 1 2.6105e-6 0 1 0 0 -1 0 0 -1 0 -0.7071056 0.707108 -1.41312e-6 0 1 0 1 0 1 -2.03702e-7 0 5.43337e-6 0 1 3.15234e-6 0 1 -3.17152e-6 0 1 0 0 -1 -2.50395e-6 -0.7071056 0.7071081 -1.69304e-6 0 1 -1.37982e-6 -0.7071085 0.7071051 -1.6239e-6 -0.7071076 0.707106 -1.28325e-6 0 1 1.60015e-6 0 1 -1.56486e-6 0 1 -1 2.37134e-6 0 -1.21309e-6 0 1 3.85669e-6 0 1 2.57877e-6 0 1 4.76605e-6 0 1 0 0 -1 -1.25933e-6 0 1 -1 4.22183e-6 0 5.53541e-6 0 1 1.21839e-6 0 1 1 0 0 0 -0.7071091 0.7071045 -5.47706e-6 -0.7071082 0.7071055 -4.90329e-6 0 1 0 -1 1.14858e-5 0 1 0 -1 1.22815e-6 0 0 -0.7071056 0.7071079 -5.19812e-6 0 1 4.74598e-6 0 1 3.96575e-7 -0.7071052 0.7071084 0 1 0 0 1 0 -1 4.27849e-6 0 1 0 0 0 0 -1 0 0 -1 -3.68496e-6 0 1 -1.11791e-6 0 1 1 0 0 0 1 0 0 -0.7071079 0.7071058 5.34044e-6 0 1 -1 3.24879e-6 0 0 0 -1 -3.27049e-6 0 1 0 -0.7071073 0.7071064 -1.50912e-6 -0.7071095 0.7071042 1 0 0 0 0 -1 0 -0.7071059 0.7071077 1 0 0 3.00203e-6 -0.7071076 0.7071061 3.66318e-6 -0.7071011 0.7071125 1 0 0 1 0 0 -1 -1.5786e-6 0 0.7070986 0 0.707115 -0.7070961 0 0.7071174 1.54402e-6 0 1 -3.45562e-7 0 1 0 1 0 0 0 -1 -1 -4.43969e-7 0 0 0 -1 0 1 0 0 0 -1 -6.84607e-7 0 1 1.70594e-7 0 1 0 1 0 -4.49605e-6 0 1 -3.05785e-6 0 1 3.84278e-7 0 1 -1 1.40013e-6 0 5.96921e-7 0 1 -3.43628e-6 0 1 5.43382e-6 0 1 -5.4608e-6 0 1 0.7071009 0 0.7071127 8.55466e-7 0 1 -2.73039e-6 0 1 0.7070994 0 0.7071142 2.73041e-6 0 1 -2.2305e-6 0 1 -2.11073e-6 0 1 1 0 0 -2.77092e-6 0 1 -1.24995e-6 0 1 -0.7070994 0 0.7071142 -2.73039e-6 0 1 0 -1 5.40191e-6 0.7070987 0 0.7071149 2.84271e-6 0 1 0.707098 0 0.7071157 0 -1 5.30351e-6 0 0 1 0.7071049 0 0.7071086 -2.73039e-6 0 1 0.7071093 0 0.7071043 3.71695e-6 0 1 -2.36132e-6 0 1 3.20673e-6 0 1 -3.88183e-7 0 1 0 0 1 6.13076e-7 0 1 3.35872e-6 0 1 -3.34922e-6 0 1 -4.51433e-6 0 1 6.16389e-7 0 1 7.55502e-7 0 1 -1 -4.73938e-6 0 0.7071039 0 0.7071098 -1.96043e-7 0 1 -4.9383e-6 0 1 4.14111e-6 0 1 -1.55362e-6 0 1 -7.42578e-7 0 1 1 0 0 1 0 0 1 0 0 -3.09272e-6 -0.7071068 0.7071068 -1.34142e-6 -0.707107 0.7071066 5.46731e-6 -0.7071065 0.7071071 0 -0.7071053 0.7071083 -0.7071096 0 0.707104 -0.707107 0 0.7071066 0.7071094 0 0.7071042 9.29534e-7 0 1 -0.9961196 0.08801072 0 3.28788e-6 0 1 0 0 -1 1 0 0 0 0.7071063 -0.7071073 0 0.7071075 -0.7071062 0 0.7071073 -0.7071063 0 0.7071056 0.7071081 0 0.7071069 -0.7071067 0 0.7071068 -0.7071068 0 0.7071067 -0.707107 1 0 0 0 0.7071072 -0.7071064 5.1346e-6 0.7071088 0.7071049 0 0.7071058 0.7071079 -1 2.4874e-6 0 0 0.707107 -0.7071066 0 0.7071051 0.7071085 1 0 0 0.707109 0 0.7071046 0.7071031 0 0.7071105 0.7071018 0 0.7071118 0.7071117 0 0.707102 -0.7071039 0 0.7071098 -0.707109 0 0.7071046 -0.7071034 0 0.7071101 0.7071035 0 0.7071102 0.7071105 0 0.7071031 -1 2.75132e-6 0 0 1 0 -1 -2.73704e-6 0 1.86834e-6 0 1 -0.7070965 0 0.7071171 -1 -2.01279e-6 0 1 0 0 0 -0.7071048 0.7071089 2.57257e-6 -0.7071065 0.7071071 -1 1.00041e-6 0 1 0 0 -2.84657e-6 -0.7071075 0.7071061 0 1 0 4.41814e-7 0 1 -6.63834e-7 0 1 -4.49228e-6 0 1 3.43927e-6 0 1 2.90089e-6 0 1 -3.44914e-7 0 1 -2.72125e-6 -0.7071039 0.7071098 2.85077e-6 -0.707106 0.7071076 2.86014e-6 -0.7071066 0.707107 -1 -6.66882e-7 0 -1 -2.54315e-6 0 0 -0.7071079 0.7071056 -1 -2.70329e-6 0 -1.43831e-6 0 1 -8.62747e-7 0 1 1 0 0 0 1 0 0 -1 7.08205e-6 3.39034e-7 0 1 -1.69839e-7 0 1 0 1 0 0 1 0 0 -0.7071082 0.7071053 -3.24433e-6 -0.7070194 0.7071942 -5.73398e-6 -0.7071111 0.7071025 8.33356e-7 -0.7071103 0.7071033 0 -0.7071096 0.7071039 0 -0.7071054 0.7071082 0 -0.7071098 0.7071038 -1.83354e-6 -0.7071083 0.7071053 5.4608e-6 0 1 -1.82868e-6 0 1 -1.51298e-6 0 1 1.26679e-6 0 1 2.81868e-6 -0.7071053 0.7071082 -2.94241e-6 -0.7071079 0.7071058 1.08374e-6 0 1 0 0 1 0 -0.7071059 0.7071078 -3.53955e-6 -0.7071039 0.7071097 0 -0.7071071 0.7071066 0 -0.7071061 0.7071076 -1.7373e-6 0 1 0 0 -1 0 0 -1 -1.74311e-6 -0.707109 0.7071046 1.5532e-6 -0.7071058 0.7071078 3.35934e-7 -0.7071096 0.707104 0 -0.7071051 0.7071085 -1.42523e-6 -0.7071089 0.7071047 0 -0.7071059 0.7071077 3.9558e-7 0 1 1.65278e-6 0 1 -1.42192e-6 0 1 0 0 1 1.70039e-6 0 1 0 1 0 0 0.7071071 -0.7071066 3.21696e-6 0 1 0 1 0 1 0 0 0 1 0 0 1 0 -1 -2.08866e-6 0 -1 2.48754e-6 0 0 -0.7071108 0.7071027 0 -0.7071082 0.7071055 6.37433e-7 0 1 3.18644e-6 0 1 0 1 0 -1 -2.34918e-6 0 0 1 0 0 1 0 -5.73768e-6 -0.707106 0.7071076 0 -0.7071067 0.7071068 0 -0.7071062 0.7071074 -4.70056e-6 -0.7071077 0.7071059 5.72151e-6 -0.7071086 0.7071051 -5.25422e-7 0 1 2.10034e-6 0 1 0 0 -1 0 1 0 0 0.7071056 0.707108 1 0 0 0 -0.7071022 0.7071114 -2.55376e-6 0 1 0 0.7071057 0.7071079 5.73397e-6 -0.7071087 0.7071049 -1 1.47669e-6 0 1 0 0 0 -0.7071064 0.7071071 5.58436e-7 -0.7071046 0.707109 -5.64887e-6 -0.7071034 0.7071102 -6.53929e-6 -0.7071076 0.707106 -1.77115e-6 0 1 1.4483e-6 0 1 1.95677e-6 0 1 -1.46335e-6 0 1 0 1 0 0 1 0 0 1 0 0 1 0 3.55416e-6 -0.7071068 0.7071068 0 0 -1 0 0.7071071 -0.7071065 0 1 0 0 -0.7071126 0.7071011 0 0.7071053 0.7071082 -4.73758e-6 0 1 5.73586e-6 -0.7071081 0.7071055 5.73585e-6 -0.7071095 0.7071041 1.40259e-6 0 1 -6.32895e-7 0 1 1.99637e-7 0 1 1.74809e-6 0 1 4.26037e-7 -0.7071095 0.7071042 0 -0.7071058 0.7071078 0 1 0 0 1 0 0 1 0 0 -0.7071086 0.707105 -2.27993e-6 -0.7071056 0.707108 1 0 0 0 -0.7071049 0.7071087 -5.73396e-6 -0.7071039 0.7071096 0 -0.7071084 0.7071052 3.13406e-7 -0.7071087 0.7071049 3.64687e-7 0 1 6.35262e-6 0 1 1 2.43409e-7 0 0 -0.7071053 0.7071082 -6.52323e-7 0 1 -1 -5.31984e-7 0 0 1 0 -1.76154e-6 0 1 5.73398e-6 -0.7071082 0.7071053 2.44222e-6 -0.7071074 0.7071062 -4.09171e-6 -0.7071115 0.7071021 0 1 0 5.50341e-6 0 1 -7.45234e-7 0 1 -2.98863e-7 0 1 -7.9946e-7 0 1 0 1 0 -0.707099 0 0.7071145 0.7071017 0 0.707112 0 -0.7071066 0.7071071 0 -0.7071088 0.7071048 0.68467 -0.7288532 4.08852e-5 0 0 -1 4.5394e-6 0 1 2.37072e-6 0 1 -1 1.86933e-6 0 0.9250015 0.3799636 0 -1 1.76245e-6 0 -0.6862373 0.2707144 0.6751238 0 0.2393484 -0.9709337 0.6862301 0.2707135 -0.6751316 1.03631e-6 0 1 -0.1822386 0.6432879 -0.7436194 -0.2193245 0.7177712 0.6608338 0 0 -1 0.272566 0.9621371 0 0.4902524 -0.5276215 -0.6937349 0.7110767 -0.1614167 -0.6843352 -1 -9.16382e-7 0 -0.4901451 -0.527504 0.6939002 -1.73196e-6 0 1 0 0 -1 0 0 -1 0 0 -1 -0.7111086 -0.1613445 0.684319 1.14795e-6 0 1 -0.3106919 -0.6445434 0.6985946 0 0 -1 -0.3077828 -0.6384326 -0.7054598 0.9249667 0.3800481 1.02244e-5 -0.5790264 0.46372 0.6705911 -2.03815e-6 0 1 0.206381 0.6751669 0.7082066 0.2193213 0.7177602 -0.6608468 -2.54562e-6 -0.707106 0.7071076 0.1064542 -0.7006751 -0.7054941 0.106454 -0.7006614 0.7055078 1.64134e-6 0 1 -0.1065294 -0.7006679 0.7054899 -4.10412e-7 0 1 0 0 -1 -0.1064195 -0.7004455 -0.7057272 0.3077832 -0.6384313 0.7054609 -1.73173e-6 0 1 0.3106808 -0.6444447 -0.6986906 -1 9.62575e-7 0 1.14264e-6 0 1 0.4189607 0.6176229 -0.665593 0 0 -1 1.89983e-6 0 1 0.5790269 0.4637189 -0.6705912 0.6279119 -0.3617408 -0.6891084 0 0 -1 1 0 0 -0.6279305 -0.3617171 0.6891039 -1.56215e-6 0 1 -1 3.41157e-6 0 0 0 -1 0 -1 1.5136e-5 0 0 -1 -0.419007 0.6175697 0.6656131 1.06453e-6 0 1 0.7071007 0.06244075 -0.7043507 -9.97757e-7 0 1 -0.7055764 0.05391889 -0.7065796 -0.7312992 0.05587792 0.6797642 0 1 0 -2.37516e-6 0 1 3.10218e-6 -0.7071068 0.7071068 0.9250013 0.3799639 0 0.9249666 0.3800485 1.02244e-5 2.70549e-6 0 1 3.48741e-6 -0.7071064 0.7071073 -7.12352e-7 -0.7071101 0.7071035 -0.4371393 -0.8993939 -9.54194e-5 0 -0.7071061 0.7071075 0 -0.7071043 0.7071092 -1.17305e-6 -0.7071086 0.7071049 0 0 -1 0 0 -1 0 -0.7071075 0.7071061 3.18225e-6 -0.7071058 0.7071078 -2.71294e-6 0 1 -5.17328e-6 -0.7071097 0.7071039 3.2e-6 -0.70711 0.7071036 -1 1.19418e-6 0 -1 -2.61255e-6 0 0.7071046 0 0.707109 -2.04644e-6 0 1 0 -1 4.68965e-6 5.54718e-6 -0.7071075 0.7071061 4.57694e-6 -0.7071068 0.7071068 -2.94325e-6 0 1 0.1053198 -0.6984365 0.7078801 0.1065296 -0.7006687 0.7054891 -0.4371391 -0.8993939 -9.54194e-5 -0.1061003 -0.7031024 0.7031286 0.1060273 -0.7031207 -0.7031214 1 0 0 -0.1054106 -0.6984513 -0.707852 -0.106494 -0.7004281 -0.7057333 0.9249979 0.3799724 -2.04515e-5 0.7071024 0 0.7071112 9.00706e-7 0 1 -4.95419e-6 -0.7071071 0.7071065 -4.04384e-6 -0.7071058 0.7071078 -3.15132e-7 -0.7071074 0.7071063 -1.26953e-6 -0.7071078 0.7071058 2.26247e-6 -0.7071042 0.7071095 0 0 -1 0 0 -1 -6.41615e-7 -0.7071024 0.7071111 0 -0.7071036 0.70711 1 0 0 -1 -8.24408e-7 0 -1 3.18221e-6 0 -1 1.89335e-6 0 0 1 0 0.437106 -0.89941 8.17952e-5 0 1 0 -0.7071031 0 0.7071105 1 0 0 0.7071053 0 0.7071083 0 0 -1 0 0 -1 0 0 -1 -5.83342e-7 -0.7071093 0.7071043 -1.48421e-6 -0.7071048 0.7071089 -0.3068529 -0.6312291 -0.712314 -0.3098333 -0.6375941 -0.7053207 -0.3098353 -0.6375924 0.7053213 0.306867 -0.631341 0.7122087 0.3098356 -0.6375914 0.705322 0.3098335 -0.6375936 -0.705321 2.91015e-6 0 1 1.66292e-6 -0.7071056 0.707108 0 -0.7071078 0.7071058 -1 -4.05575e-7 0 1 0 0 0.4371043 -0.8994109 -5.4521e-5 0 -0.7071084 0.7071053 -1 -5.78866e-7 0 0 0 -1 0 0 -1 0 0 -1 -0.7071002 0 0.7071135 -1.27117e-4 -0.7070897 0.7071239 0 -0.7071061 0.7071075 -3.32357e-6 -0.7071076 0.7071059 -1 -2.09646e-6 0 1 0 0 0 0 -1 -0.8702358 -0.4926357 5.1127e-5 -0.8702236 -0.4926572 3.74897e-5 -0.8702358 -0.4926357 -3.40847e-5 -0.8702454 -0.4926185 -2.72631e-5 -0.8701626 -0.4927649 0 -0.8702365 -0.4926344 -2.62143e-6 -0.8702366 -0.4926342 -3.40733e-5 -0.6172665 -0.3494311 -0.7048971 -0.6031863 -0.3414587 0.7208136 -0.5461733 0.8376722 -4.26026e-5 -0.5461334 0.8376982 6.13432e-5 -0.5461472 0.8376893 -6.81633e-5 -0.5461331 0.8376984 -7.49627e-5 -0.5461542 0.8376847 -1.36279e-4 -0.5461475 0.8376891 -6.81522e-5 -0.3883886 0.5956763 -0.7030819 -0.3672778 0.5633356 0.7401082 -0.5461724 0.8376729 -4.25886e-5 -0.6846326 -0.7288884 1.70417e-5 -0.684576 -0.7289415 -6.81615e-6 -0.6845816 -0.7289363 1.09013e-4 -0.6846311 -0.7288898 -1.10277e-4 -0.684626 -0.7288946 -1.09038e-4 -0.6846236 -0.7288969 1.36292e-5 -0.6845712 -0.728946 -1.27781e-5 -0.4853408 -0.5167139 -0.7053021 -0.4774687 -0.508421 0.7166113 -0.684624 -0.7288965 1.36328e-5 0.8702362 -0.4926347 -4.26057e-5 0.8702241 -0.4926562 -3.74898e-5 0.8702366 -0.4926342 -5.11186e-5 0.8702242 -0.4926561 -3.74835e-5 0.8702288 -0.492648 -2.38523e-5 0.870161 -0.4927677 0 0.6170916 -0.3493323 0.7050993 0.8702366 -0.492634 3.40733e-5 0.6031872 -0.3414588 -0.7208129 0.8702355 -0.4926362 -5.96481e-5 0.9772971 -0.2118734 0 0.9773128 -0.2118014 -4.11309e-5 0.9773198 -0.2117694 1.59778e-4 0.9773268 -0.2117371 7.76912e-5 0.9773112 -0.2118085 -5.45297e-5 0.6730967 -0.145927 -0.7250146 0.9773196 -0.2117702 9.15758e-5 0.6932184 -0.15021 0.7049008 0.9772964 -0.2118773 -2.98146e-5 0.5461462 0.8376899 6.81745e-5 0.5461334 0.8376982 7.49751e-5 0.5461727 0.8376726 -5.11147e-5 0.5461744 0.8376715 -4.77071e-5 0.5461536 0.8376852 -1.36279e-5 0.5461534 0.8376852 3.40754e-5 0.367278 0.563336 -0.7401078 0.5461729 0.8376726 -5.11063e-5 0.3885013 0.59585 0.7028723 0.5461466 0.8376896 6.81521e-5 0.7703824 0.6375822 -7.24385e-5 0.7703977 0.6375637 -6.1347e-5 0.7703225 0.6376547 0 0.7703825 0.6375821 0 0.77039 0.6375729 -5.45237e-5 0.5211188 0.4313032 -0.7364868 0.7703798 0.6375854 -5.53757e-5 0.5475377 0.4530915 0.7034989 0.7703261 0.6376503 6.81591e-5 -0.9773193 -0.2117717 -9.1606e-5 -0.9773115 -0.2118073 -1.07355e-4 -0.9773191 -0.2117718 -9.1606e-5 -0.9773116 -0.2118074 5.28169e-5 -0.6730901 -0.1459262 0.7250209 0 0 -1 -0.6934476 -0.1502602 -0.7046648 0.6846843 -0.7288398 0 0.6846194 -0.7289008 -1.43148e-4 0.6846875 -0.7288368 7.24212e-5 0.6846209 -0.7288994 1.02232e-4 0.4774709 -0.5084215 -0.7166094 0.6846886 -0.7288357 -4.25867e-5 0.4853836 -0.5166824 0.7052957 0.684571 -0.7289462 4.25937e-6 0.1502037 -0.9886551 0 0.150224 -0.988652 2.72643e-5 0.1503136 -0.9886384 2.13002e-5 0.1502375 -0.98865 5.45244e-5 -0.150314 -0.9886383 -2.13038e-5 -0.1502373 -0.98865 -5.45334e-5 -0.1502241 -0.9886521 1.36299e-4 0.1502961 -0.9886411 -2.04462e-5 0.150317 -0.9886379 -1.53362e-4 -0.1502963 -0.9886411 -1.29492e-4 1 0 0 0.1502072 -0.9886546 -1.36302e-4 0.1502072 -0.9886546 -9.79505e-5 0.105396 -0.6984316 -0.7078737 -1 7.87759e-7 0 -0.1502072 -0.9886546 1.40561e-4 0 0 -1 -0.1064521 -0.7006498 0.7055196 0.9961234 0.08796644 1.55585e-5 0.9961199 0.0880075 -1.17539e-4 0.9961234 0.08796691 -7.08191e-5 0.9961184 0.08802318 -9.28551e-5 0.9961153 0.08805936 -1.66556e-5 0.9961202 0.08800309 5.96418e-5 0.6817991 0.06029284 -0.7290507 0.9961234 0.08796733 -7.08075e-5 0.7070991 0.06244087 0.7043522 -0.9961139 0.08807516 -5.37883e-5 -0.9961184 0.08802336 -7.24218e-5 -0.9961139 0.08807498 -5.37882e-5 -0.9961184 0.0880233 7.75211e-5 -0.681786 0.06021416 0.7290694 -0.9961228 0.08797448 1.06382e-4 -0.2726697 0.9621077 0 -0.272587 0.9621312 4.08969e-5 -0.2726476 0.962114 1.22677e-4 -0.2726469 0.9621142 -2.70897e-5 -0.2726358 0.9621174 -5.41945e-5 -0.2726444 0.9621149 0 -0.2725659 0.9621371 -2.04519e-4 0 1 0 -0.1822382 0.6432872 0.7436202 0.2725659 0.9621372 2.55648e-5 0.272638 0.9621167 5.4134e-5 0.2726705 0.9621075 -8.51996e-6 0.2725864 0.9621314 -2.72601e-5 0.2726468 0.9621142 -1.36285e-4 0.1822383 0.6432892 -0.7436184 0.27267 0.9621077 -8.51854e-6 0.2725654 0.9621373 1.27824e-4 0.4371044 -0.8994109 5.453e-5 0.4370693 -0.8994278 -7.24192e-5 0.4371056 -0.8994102 -8.17816e-5 0.437108 -0.8994091 6.8149e-5 0.4370689 -0.8994281 -7.23953e-5 0.307783 -0.6384322 -0.7054602 0 0 -1 -0.7703813 0.6375834 -5.1133e-5 -0.7703542 0.6376163 -6.13435e-5 -0.7703817 0.6375831 7.24264e-5 -0.770398 0.6375632 6.81521e-5 -0.7703912 0.6375715 5.45148e-5 -0.5473692 0.4530286 -0.7036705 -0.5211237 0.4312953 0.7364879 -0.7703714 0.6375954 5.11082e-5 -0.9249666 0.3800482 -1.39733e-4 -0.925002 0.3799624 1.5162e-4 -0.9249631 0.3800573 -1.34192e-4 -0.9249793 0.3800174 6.13311e-5 -0.6568687 0.2698218 -0.7040737 -0.9249795 0.3800174 -8.86157e-5 -0.9250019 0.3799627 4.25953e-5 -0.6292194 0.25854 0.7329667 -0.4370698 -0.8994277 6.81706e-5 -0.4371398 -0.8993936 9.54351e-5 -0.4371986 -0.8993651 -8.94639e-5 -0.4371424 -0.8993923 -1.22658e-4 -0.4371408 -0.8993931 9.54162e-5 -1 0 0 2.98841e-6 0 1 -0.3077832 -0.6384313 0.7054609 1 0 0 0.9249672 0.3800472 -1.02227e-5 0.9249672 0.380047 -1.02227e-5 0.9249792 0.3800179 8.51963e-5 0.6292203 0.258542 -0.7329652 0.6568675 0.269822 0.7040748 0.9249636 0.3800558 -1.91671e-5 1 0 0 1 0 0 2.85933e-6 -0.7071082 0.7071053 0 -0.7071052 0.7071084 1 0 0 1 0 0 -0.4822602 -0.5190169 -0.7057242 -1 2.35993e-6 0 -0.4822632 -0.519015 0.7057236 0.4822682 -0.5190262 -0.7057119 0.9250016 0.3799632 0 0.4822711 -0.5190242 0.7057113 -1 -3.42509e-6 0 0 0 -1 4.98495e-6 0 1 -1.5475e-7 0 1 -1 4.59272e-6 0 2.69307e-6 0 1 -1.18592e-6 0 1 0.6171917 -0.3493911 -0.7049826 0.6137802 -0.3535225 0.7059006 -0.6139212 -0.3536813 -0.7056984 -0.6139189 -0.3536812 0.7057005 0 0 -1 0 0 -1 1.65808e-6 -0.7071055 0.707108 0 -0.707107 0.7071067 -5.59805e-6 -0.707104 0.7071096 0 1 0 1 -1.19562e-6 0 0 1 0 0 1 0 -1 -2.26466e-6 0 0 1 0 0.9249638 0.3800554 0 1.36751e-6 0 1 0.6904234 -0.1566525 -0.7062404 0.6904234 -0.1566525 0.7062404 0 -1 -1.06756e-5 -0.6906197 -0.1567732 -0.7060217 0 -0.7071077 0.7071059 -0.6906197 -0.1567729 0.7060219 0 1 0 -2.8292e-6 -0.7071068 0.7071068 -2.72659e-6 -0.7071055 0.7071082 5.7038e-6 -0.7071067 0.707107 -2.88807e-6 -0.7071089 0.7071046 2.84494e-6 -0.7071077 0.7071059 2.81356e-6 -0.7071093 0.7071043 -2.95878e-6 -0.7071059 0.7071077 0 1 0 0 1 0 5.72352e-6 -0.7071065 0.7071072 -0.1502961 -0.9886411 1.29471e-4 0.9249792 0.3800179 -8.51821e-5 0 -0.7071062 0.7071074 -1.56703e-6 -0.7071053 0.7071084 0 -0.7071102 0.7071033 2.0353e-6 -0.7071062 0.7071075 2.27863e-6 -0.7071046 0.707109 1 0 0 1 0 0 -0.7070503 -0.5000392 0.5000408 -0.7070475 -0.5000435 0.5000404 -1.49237e-6 -0.7071049 0.7071087 3.01618e-6 -0.7071107 0.7071029 0 -0.7071086 0.7071051 2.50102e-6 -0.7071062 0.7071074 3.04659e-6 -0.7071072 0.7071065 2.61505e-6 -0.707107 0.7071066 -0.7070435 -0.5000432 0.5000463 -1.1912e-4 -0.7071051 0.7071086 -0.7070486 -0.5000442 0.500038 -0.7070425 -0.5000486 0.5000424 -1 2.45908e-6 0 0 0 -1 -2.87543e-6 -0.7071059 0.7071077 0 -0.7071101 0.7071034 -0.7070508 -0.5000396 0.5000396 -2.86698e-6 -0.7071072 0.7071064 1 0 0 1 0 0 -0.9961138 0.08807557 0 -1.59346e-6 -0.7071076 0.707106 0 -0.7071097 0.7071039 0.7070589 -0.5000344 0.5000334 -2.86698e-6 -0.7071077 0.707106 -0.7070444 -0.5000457 0.5000426 2.86698e-6 -0.7071082 0.7071053 1 0 0 -1 7.01748e-7 0 -0.7070446 -0.500044 0.500044 1 0 0 0.7070487 -0.5000398 0.5000424 1 9.45843e-7 0 0 -0.7071111 0.7071025 -0.7070413 -0.5000479 0.5000448 0.7070556 -0.500037 0.5000355 2.86697e-6 -0.7071039 0.7071096 -0.7070455 -0.5000464 0.5000402 5.94793e-6 -0.7071053 0.7071083 5.73523e-6 -0.7071085 0.7071051 3.12348e-6 0 1 -7.47645e-7 -0.7071087 0.7071049 0 -0.7071081 0.7071055 1 0 0 0.7070591 -0.500034 0.5000336 0 -0.7071073 0.7071063 5.81641e-6 -0.7071088 0.7071048 0.707054 -0.5000391 0.5000357 0 -0.7071095 0.7071041 0 -0.7071049 0.7071087 5.73584e-6 -0.7071088 0.7071048 5.73459e-6 -0.7071096 0.707104 1 0 0 -2.86699e-6 -0.7071086 0.707105 1 0 0 -2.86699e-6 -0.7071068 0.7071068 -0.7070497 -0.5000389 0.500042 2.34821e-6 -0.7071099 0.7071037 -3.0228e-6 -0.7071076 0.7071061 -2.65201e-6 -0.7071031 0.7071104 -6.28051e-7 -0.7071084 0.7071052 0 -0.7071083 0.7071053 1 0 0 -0.7703983 0.6375629 -6.81633e-5 -1.6239e-6 -0.7071048 0.7071088 0 -0.7071101 0.7071036 0 -0.7071053 0.7071083 1 0 0 0 0 -1 -2.48239e-6 0 1 1.86795e-6 0 1 1.75597e-6 0 1 -0.7068765 0.06250119 0.7045703 -0.706878 0.06250125 -0.7045688 0 -0.707108 0.7071057 0.7058123 0.05393522 -0.7063427 0 1 0 0.7058148 0.05393511 0.7063403 1 0 0 1 0 0 0 0 -1 0 1 0 -1 -5.37722e-7 0 1.67906e-6 0 1 1 0 0 0 0 -1 0 0 -1 0.6579903 0.2596008 -0.7068637 0 0 -1 0.6579856 0.2596003 0.7068683 -0.6579926 0.2596044 -0.7068603 -0.6568676 0.2698214 0.7040749 -1.67724e-6 0 1 -1.93388e-6 0 1 3.33256e-6 0 1 0 -1 7.14296e-6 0 0 -1 -1 6.81966e-7 0 0 1 0 0 1 0 1.48215e-6 0 1 0.5474091 0.4530501 -0.7036256 0.5518552 0.4419648 0.7071938 -1 2.20174e-7 0 -0.551727 0.44186 -0.7073593 -0.5517247 0.4418594 0.7073614 0 0 -1 0 -1 -2.70319e-6 1 0 0 -0.2725871 0.9621312 -4.08902e-5 3.05008e-6 0 1 0 -0.707107 0.7071067 -2.42064e-6 -0.7071071 0.7071065 0 0 -1 0 0 -1 0 0 -1 0.3966821 0.5846638 0.7076804 0 0 -1 0.3966827 0.5846646 -0.7076795 -0.3965362 0.5845645 -0.7078443 -0.3965361 0.5845631 0.7078454 0.6846684 -0.7288547 3.40842e-5 2.46776e-6 0 1 1 0 0 -7.5382e-7 0 1 0 0.8229699 0.5680851 0 0.9350149 -0.3546087 0 0.9350127 -0.3546145 -1 -1.15449e-6 0 0 0.935047 -0.354524 0 0.8230441 0.5679774 0 0.8230444 0.5679772 0 0.9350134 -0.3546127 0 0.9350111 -0.3546187 0 0.9350127 -0.3546144 0 0.9350456 -0.3545276 1 0 0 0 0.9350115 -0.3546174 0 0.9350093 -0.3546233 0 0.9350467 -0.3545248 0 0.239346 -0.9709343 1 0 0 0 0.4646477 0.8854957 0 -0.8230461 0.5679748 0 0.8229649 0.5680922 0 -0.8229726 0.5680813 0 0.2393474 -0.9709341 0 0.2393468 -0.9709342 0 0.2393473 -0.970934 0 -0.2393496 -0.9709336 0 -0.2393513 -0.9709331 0 -0.2393485 -0.9709338 0 -0.6631125 -0.7485197 0 0.6630247 -0.7485976 0 0.6630221 -0.7485999 0 0.2393485 -0.9709337 0 0.2393507 -0.9709331 0 0.2393497 -0.9709334 0.9961186 0.08802229 9.28826e-5 -7.63569e-7 0 1 0 -0.9350467 -0.3545244 0 0 -1 0 0.4646486 0.8854953 0 -0.6630247 -0.7485976 0 -0.8229706 0.568084 0 0 -1 0 0.8230447 0.5679766 0 0.8229639 0.5680938 0 -0.2393484 -0.9709339 0 0 -1 0 -0.239349 -0.9709336 0 0.2393483 -0.9709339 0 0.2393497 -0.9709335 0 -0.8230485 0.5679712 0 -0.8230455 0.5679756 0 -1 -9.7639e-6 0 0.4646453 0.8854969 0 0.4646489 0.8854951 0 0 -1 0 0.4646435 0.8854978 0 0.935047 -0.3545237 0 -0.8230499 0.5679692 0 0.8229674 0.5680886 0 0.82297 0.568085 1 0 0 0 -0.8229674 0.5680886 0 0.8230407 0.5679824 0 0.8230491 0.5679704 0 -0.8229687 0.5680868 0 0.8229687 0.5680867 0 0.4647114 0.8854622 0 -0.464645 0.8854971 0 0 -1 0 -0.4647125 0.8854618 0 -0.8229689 0.5680865 0 -0.822972 0.5680821 0 -0.8229687 0.5680867 -0.9250019 0.3799627 0 0 -0.9927117 0.1205138 0 0.9926915 0.1206808 0 -0.9926915 0.1206808 -1 -2.35865e-6 0 0 0.2393463 -0.9709343 0 -1 1.206e-5 -1 3.30585e-6 0 0 -0.6630275 -0.7485951 0 -0.663027 -0.7485955 0 0.6631079 -0.7485239 -1 -7.4571e-7 0 0 0.6630275 -0.7485951 0 -0.6631107 -0.7485213 -8.88258e-7 -0.7071108 0.7071028 0 -0.9350134 -0.3546127 0 -0.9350115 -0.3546174 0 -0.935045 -0.3545293 0 0.2393484 -0.9709337 0 0.4646466 0.8854962 0 0.4646449 0.8854972 0 0 -1 0 0 -1 -1 -2.11554e-6 0 0 -0.663025 -0.7485973 0 0.2393469 -0.9709342 0 -0.6631043 -0.748527 1 0 0 0 0.6630245 -0.7485978 0 0.6630277 -0.7485949 0 0.6631009 -0.7485301 0 -0.6630229 -0.7485992 -0.4370698 -0.8994277 0 0 -0.8229648 0.5680926 -1 1.16458e-6 0 -1 1.22144e-6 0 -1.53201e-6 0 1 0 0.823044 0.5679777 0 -0.2393518 -0.970933 0 -0.2393488 -0.9709337 0 -0.9350435 -0.3545331 0 0 -1 0 -0.9350468 -0.3545246 0 -0.9350117 -0.3546169 0 0 -1 0 -0.9350117 -0.3546171 0 -0.6630259 -0.7485965 -1 1.56589e-6 0 0 -0.6630242 -0.748598 0 0.4646409 0.8854992 0 -0.6630227 -0.7485993 0 0.6631036 -0.7485277 0 -0.9350101 -0.3546209 0 -0.9350116 -0.3546171 1 0 0 0 0.6630278 -0.7485948 0 -0.2393473 -0.9709341 0 -0.2393475 -0.970934 0 -0.4646431 0.8854981 0 0 -1 0 -0.4647129 0.8854615 0 -0.9926909 0.1206851 0 -0.9926908 0.1206855 -0.4371988 -0.8993649 0 0 0.9926897 0.1206949 0 0.2393471 -0.9709342 0 -0.9927111 0.1205188 -0.4370702 -0.8994274 0 0 0.9926915 0.1206806 0 0.992692 0.1206756 0 -1 -7.25791e-6 0 -0.707106 0.7071076 0 -0.4646429 0.8854982 0 -0.4646468 0.8854963 0 -0.4647126 0.8854616 0 -0.4647128 0.8854616 0 -0.4646428 0.8854983 0 0.4647102 0.8854629 -1 1.75586e-6 0 0 0.992692 0.1206756 0 -0.9926902 0.1206903 0 0.9927117 0.1205139 0 -0.9926897 0.1206946 0 -0.9926905 0.1206879 0 -0.6631088 -0.7485231 0 0.6630227 -0.7485993 0 0.4647104 0.8854628 0 0 -1 -1 -4.81129e-6 0 1 0 0 0 -0.7071888 0.7070248 0 -0.9350466 -0.3545253 0 -0.4647099 0.8854631 0 -0.4647104 0.8854627 0 -0.9926897 0.1206947 0 -0.9926896 0.1206952 0 0.9927107 0.1205222 0 -0.9927121 0.1205097 0 0.9926921 0.1206755 0 -0.8229718 0.5680823 0 0.823043 0.5679792 0 -0.8230481 0.5679718 0 0.8229642 0.5680932 0 -0.2393479 -0.970934 0 0.4646453 0.8854969 1 0 0 0 0.9350433 -0.3545337 0 -0.4646466 0.8854962 0 -0.4646419 0.8854988 0 -0.9927118 0.1205128 0.2725871 0.9621312 2.72682e-5 1 0 0 0 -0.992692 0.1206756 0 0.9926897 0.1206946 0 0.4647095 0.8854633 0 -0.2393473 -0.9709341 0 -0.6630252 -0.7485971 0 0.6631069 -0.7485247 0 -0.9350151 -0.3546081 1 0 0 0 0.6630282 -0.7485945 0 -0.6631054 -0.748526 0 -0.2393476 -0.9709339 0 -0.2393456 -0.9709345 0 0 -1 0 -0.4647107 0.8854627 0 0 -1 9.4206e-7 0 1 0 0.4646394 0.8855001 0 0.8230445 0.5679768 0 0.8229643 0.5680932 0 0.9350434 -0.3545333 1 0 0 0 0.9350103 -0.3546207 0 0.9350103 -0.3546205 0 0.9350436 -0.354533 1 0 0 0 0.9350103 -0.3546208 0 0 -1 -1 4.73544e-6 0 -1 -3.87321e-6 0 0.7070587 -0.5000349 0.5000333 0.7070545 -0.5000362 0.5000378 1 0 0 0.7070584 -0.5000323 0.5000362 -0.7070518 -0.5000421 0.5000359 0.7070547 -0.5000358 0.500038 -1 -6.88384e-7 0 1.6287e-6 -0.707107 0.7071066 1 0 0 0 0 -1 0 0 -1 0 0 -1 0 -1 1.89292e-5 0 -1 -1.01232e-5 1 0 0 -1 1.38454e-6 0 0 0 -1 0 0 -1 -1.48987e-6 0 1 0 0 -1 3.23111e-7 0 1 -0.9961184 0.0880233 7.24098e-5 6.08232e-6 -0.7071058 0.7071078 1 0 0 -0.1941325 0.6849914 -0.7022103 -0.1941318 0.6849904 0.7022116 -0.6846328 -0.7288881 0 0.2063826 0.6751675 -0.7082056 0.1941318 0.6849904 0.7022116 0 0 -1 0 0 -1 0.4371544 -0.8993865 0 0 0 -1 0 0 -1 -1 2.98547e-6 0 0 0 -1 0 0 -1 6.33364e-6 0 1 3.55591e-7 0 1 1 0 0 -6.74184e-5 -0.7070344 0.7071792 0 0 -1 -3.47285e-6 0 1 -7.11787e-7 0 1 1 0 0 5.71e-7 0 1 1 0 0 1 0 0 0.9961186 0.08802229 9.28703e-5 -1 6.3634e-7 0 0 0.2393478 -0.9709339 0 0 -1 -1 -1.2224e-6 0 -1 1.21164e-6 0 0 1 0 1 0 0 -1 3.85878e-7 0 1.62424e-6 0 1 0 1 0 9.97757e-7 0 1 0 0 -1 1 0 0 1 0 0 -0.7095593 0.1686564 -0.6841642 0.7104495 0.1566435 -0.6860936 0.6980772 0.1592908 -0.6980794 -0.7095527 -0.1686559 -0.6841713 -0.7217405 -0.1656637 -0.6720463 0.7217448 -0.1656656 -0.6720413 0.6135728 -0.4922901 0.6173969 0.6135453 0.4923808 0.6173519 -0.6135433 -0.4923858 0.6173499 -0.6135712 0.4922941 0.6173953 -0.6754042 0.4598258 -0.5765322 -1 6.97274e-6 0 -1 -3.38659e-7 0 1 0 0 0.6754047 -0.4598248 -0.5765326 0 -1 -1.31488e-5 0 0.8229726 0.5680813 -0.6371459 -0.7707433 0 0.6371464 -0.7707428 0 -0.6371432 0.7707455 0 0.6371468 0.7707425 0 0.1502239 -0.9886521 1.36299e-4 0.608856 0.1764767 0.7734018 -0.1502243 -0.988652 -1.36321e-4 -0.6088556 0.1765756 0.7733797 1 0 0 0 1 0 -0.6547226 0.6809933 -0.3280038 0 -1 -9.56726e-6 0.6234023 0.7044464 0.3393008 -0.6233757 0.7044961 0.3392463 0 0 -1 0.6547254 -0.6809944 -0.3279958 -1 -2.34606e-6 0 0.623376 -0.704491 0.3392563 -0.6233996 -0.7044495 0.3392993 0 0 -1 1 0 0 0.608851 -0.1765729 0.7733837 -0.6088591 -0.1764786 0.7733989 -1 2.88581e-6 0 -0.7104535 -0.1566467 -0.6860888 -1 -3.24208e-6 0 0.7095526 -0.1686566 -0.6841711 0 0.23935 -0.9709334 0.7095548 0.168656 -0.6841689 -1 7.87813e-7 0 0 0.2393479 -0.9709339 -0.7217492 0.1656656 -0.6720365 1 -1.9681e-6 0 -1 1.98987e-6 0 0.7789922 0 0.6270337 -0.7789906 0 0.6270357 0 -0.8230434 0.5679786 0 -1 2.81088e-6 0 -0.8230487 0.5679709 0 0.8229689 0.5680865 -7.09776e-7 0 1 0.7733479 -0.5217458 0.3601589 1 -9.40345e-7 0 -1 -3.12298e-6 0 0 0.8229733 0.5680802 0.7733267 0.5218169 0.3601012 0 0.8229687 0.5680868 -0.7733275 -0.5218154 0.3601016 0 -0.822966 0.5680907 1 0 0 -0.7733512 0.5217458 0.3601521 0 0.4646456 0.8854967 0 0.4647138 0.885461 0 0.4646464 0.8854964 0 0.4647109 0.8854625 0.7775577 0.2922145 0.5567898 0 0.4646409 0.8854992 1 -1.57105e-7 0 0 0.4646471 0.885496 -0.7775661 0.2921708 0.556801 0 0.4647141 0.8854608 0 0.9350101 -0.3546211 0 0.9350483 -0.3545204 0 -0.9350432 -0.354534 0 0.9350116 -0.3546171 0 0.9350457 -0.3545274 0.6978455 0.6697273 -0.2539233 0 0.9350135 -0.3546124 0 -0.9350466 -0.3545249 0 0.9350135 -0.3546123 0.7555466 -0.612526 -0.2322959 0 -0.9350467 -0.3545246 -0.6978425 -0.6697237 -0.2539408 0 -0.9350131 -0.3546135 0 0.9350457 -0.3545272 0 -0.9350146 -0.3546093 -0.7555423 0.6125221 -0.2323201 0 0.9350451 -0.3545289 1 0 0 0 0.6631062 -0.7485255 0 -0.6630245 -0.7485978 -1 -1.4489e-6 0 0 0.6631016 -0.7485294 0.7409506 -0.4452627 -0.502726 0.7056601 0.4698435 -0.5303688 0 0.6630228 -0.7485993 0 -0.6631094 -0.7485225 -1 1.82961e-6 0 -1 -3.92522e-6 0 0 0.6631018 -0.7485293 -1 1.47077e-6 0 -0.7137202 0.4366762 -0.5476472 0 0.6631027 -0.7485284 -0.705661 -0.4698413 -0.5303695 0 -0.2393466 -0.9709342 0 -0.2393507 -0.9709331 0 -0.2393507 -0.9709332 -1 -1.00816e-6 0 0 -0.2393465 -0.9709342 0 -0.2393475 -0.970934 0 -0.464641 0.8854992 0.7775991 -0.292194 0.5567427 -1 3.32984e-7 0 -0.7776045 -0.2921456 0.5567606 0 -0.4647132 0.8854613 1 2.88716e-6 0 0 -0.9926925 0.1206713 0 -0.992712 0.1205111 0 0.9926902 0.1206904 0.7661489 -0.637966 0.07755792 0 -0.9927109 0.1205208 0.7661049 0.6380311 0.07745742 -0.7661051 -0.6380318 0.07744908 0 -0.9926909 0.1206853 -0.7661481 0.637966 0.07756614 0 0.992691 0.1206839 0 -0.9926903 0.1206905 -1 -3.7647e-7 0 -0.713724 -0.4366769 -0.5476415 0.7137207 -0.4366748 -0.5476477 -0.705661 0.4698413 -0.5303695 1 0 0 0.7137241 0.4366769 -0.5476416 -0.7202706 -0.625 -0.3009741 -0.6978442 0.6697253 -0.2539322 0.6978421 -0.6697242 -0.2539407 0.7202726 0.6249972 -0.3009749 -1 5.43387e-6 0 1 0 0 0 0 -1 0 0 -1 0 -1 3.76943e-6 0 1 0 0 0.4647128 0.8854616 0 0 -1 0 -1 5.44864e-6 -1 1.75679e-6 0 -1 -3.32203e-6 0 0 0 -1 1 0 0 1.45427e-6 0 1 0 0 -1 -1 1.21281e-6 0 1 0 0 0 0 -1 -1.22942e-6 0 1 -1.04819e-6 0 1 0 0 -1 1 0 0 1 0 0 1 0 0 -1 -1.34624e-6 0 1 0 0 0 0 -1 0 0 -1 0 0 -1 1 0 0 1 0 0 1 0 0 3.71131e-6 -0.7071084 0.7071052 1 0 0 4.61016e-7 0 1 1.36442e-6 0 1 -0.1502373 -0.98865 5.45244e-5 1.19638e-6 -0.7071062 0.7071074 1 0 0 1 -7.51613e-7 0 -1 2.63734e-6 0 0 0 -1 -1 -1.31e-6 0 -1 -1.68816e-6 0 -1 -1.31365e-6 0 0.9961186 0.08802217 9.28702e-5 0 0 -1 1 -6.68567e-7 0 -0.9249626 0.3800582 0 -0.8702235 -0.4926571 -3.74835e-5 1 0 0 -1 -3.65428e-6 0 1 -2.87434e-7 0 1 -7.55326e-7 0 1 -2.70499e-6 0 1 0 0 1 3.3744e-7 0 1 0 0 -1 1.19191e-6 0 -1 2.30869e-6 0 0.150207 -0.9886546 0 1 -1.16214e-6 0 -1 -1.23146e-6 0 -1 2.77937e-6 0 -1 -2.55173e-6 0 0 0.2393467 -0.9709342 -1 2.37592e-6 0 0 -0.935045 -0.3545292 -1 -2.10811e-6 0 -1 -2.52576e-6 0 0 -0.4646409 0.8854992 0 0 -1 1 0 0 -1.50307e-6 0 1 0 0 -1 -1 -2.12595e-6 0 -1 1.79715e-6 0 0 -0.9350137 -0.3546116 1 0 0 1 0 0 9.78412e-7 0 1 -1 4.73005e-6 0 -1 3.05153e-6 0 -1 -5.87413e-6 0 1 0 0 0 -0.7071158 0.7070977 1 0 0 0 -0.7071135 -0.7071002 1 0 0 0 -0.7070624 -0.7071511 0 -0.7071003 -0.7071133 0 -0.7070885 -0.7071251 -1 3.60482e-6 0 1 0 0 -1 -2.81374e-6 0 0 0 -1 -0.9249628 0.3800578 0 -0.7703816 0.6375833 0 -1 4.26135e-6 0 0 0 -1 1 0 0 -1.36305e-6 0 1 1 0 0 0.6846203 -0.7288999 1.43125e-4 0 0 -1 1 0 0 1 1.24347e-6 0 1 -1.04954e-6 0 -1 -3.21275e-6 0 -1 -3.2804e-6 0 -1 -3.33553e-7 0 8.98938e-7 0 1 -1 8.27401e-7 0 -1 0 0 -1 8.65084e-7 0 -1 5.86017e-7 0 -1 1.72771e-6 0 1 0 0 -1 1.12036e-6 0 -1 -9.06914e-7 0 -1 -2.06108e-7 0 -1 2.08283e-6 0 -1 -1.76917e-6 0 -5.2551e-6 0 1 -0.7703911 0.6375716 -5.45238e-5 1 1.39017e-6 0 1 2.17081e-6 0 -1 -6.05151e-7 0 -1.37941e-6 0 1 1 -1.51592e-6 0 1 0 0 1 0 0 -0.9773116 -0.211807 1.07338e-4 1 0 0 -1 -2.11779e-6 0 -1 -4.77683e-6 0 1 0 0 -3.63269e-6 0 1 -1 -4.98819e-6 0 1 0 0 1 0 0 0 0 -1 1 0 0 1 0 0 -1 0 0 -1 -2.87438e-6 0 -1 -5.63922e-7 0 -1.393e-6 0 1 0.6846864 -0.7288378 0 0 0 -1 -1 2.36071e-6 0 0 0 -1 -1 8.55898e-7 0 0 0 -1 0 0 -1 -0.9773116 -0.2118071 1.07338e-4 0 0 -1 -2.45863e-6 -0.7071088 0.7071048 0 -1 -1.27842e-5 1 0 0 2.61403e-6 0 1 0 0 -1 1 0 0 0 0 -1 0 0.2393477 -0.9709339 0 -0.9350106 -0.3546202 -1.88834e-6 0 1 0 0 -1 0 1 0 7.04333e-7 0 1 1 0 0 -9.33763e-7 0 1 0 -0.7070983 0.7071153 0 0 -1 0 -0.7071009 -0.7071127 0 -0.7071168 -0.7070968 0 -0.7070888 0.7071249 0 -0.7070994 0.7071143 0 -0.7071124 0.7071012 0 -0.70709 -0.7071236 0 -0.7071161 0.7070974 -1 -2.92417e-7 0 -1 -2.24436e-6 0 0 -1 3.84562e-6 -1 -1.61268e-6 0 1 1.70467e-7 0 1 -1.80475e-6 0 -1 1.37136e-6 0 -1 -3.10526e-7 0 -1.88923e-6 0 1 -1 -2.41921e-6 0 -1 1.21835e-6 0 0 1 0 0 0 -1 0 0 -1 1.42416e-6 0 1 0 0 -1 1 0 0 1 0 0 0 -1 -1.07137e-5 0 0 -1 0.4371545 -0.8993865 0 0 0.8229715 0.5680828 1.12134e-6 0 1 0 0 -1 0 0.464645 0.8854971 0 -1 1.18138e-5 -1 9.39599e-7 0 -1 3.08021e-6 0 1.18773e-6 0 1 3.10768e-6 0 1 0 0 -1 1 0 0 0 0 -1 -1 0 0 0 0 -1 0 0 -1 0 -0.8229665 0.5680898 0 -1 -1.38895e-5 -1 -3.91942e-6 0 -1 7.03222e-7 0 -1 6.758e-7 0 -1.28229e-6 0 1 -1.33049e-6 0 1 0 0 -1 0 0.2393462 -0.9709343 0 -1 1.00755e-5 -1 9.64392e-7 0 0 0 -1 0 -0.7071 0.7071136 0 -1 6.35284e-6 0 -0.7070991 -0.7071145 0 -1 1.11568e-5 4.75374e-7 0 1 1 1.70595e-6 0 0 0.4646417 0.8854989 -1.50664e-6 -0.7071098 0.7071038 1 0 0 0 0 -1 0 -1 1.20797e-5 0 -1 -5.24835e-6 0 -0.8229668 0.5680896 1 0 0 -1 -1.86203e-6 0 -1.7685e-6 0 1 -1 -1.8059e-6 0 0 -1 7.89654e-6 -1 -2.99273e-6 0 1 0 0 0.1503688 -0.98863 -8.52073e-5 0 0.9350139 -0.3546112 0 0.9350126 -0.3546146 0 0.9350119 -0.3546167 -1 4.90418e-6 0 0 0.4647132 0.8854613 0 0.4647126 0.8854616 0 0 -1 0 0.4647092 0.8854635 0 0 -1 0 0.4646458 0.8854967 1 0 0 0 0 -1 2.26322e-6 0 1 0 0.4647121 0.8854619 1 0 0 6.5251e-7 0 1 -1 -6.77727e-6 0 -1 2.99512e-6 0 0 -1 9.25422e-6 0 -1 5.68017e-6 1 0 0 -0.6846238 -0.7288966 -1.36315e-5 1 0 0 -1 -2.16174e-7 0 1 0 0 0 -1 -3.02088e-6 0 0.8229677 0.5680884 -1 -7.38499e-7 0 0 0 -1 -4.88537e-7 0 1 0 -1 -1.32028e-5 0 -1 1.24134e-5 0 -0.7070885 0.7071251 0 -1 5.1452e-6 0 1 0 0 0.2393468 -0.9709342 1 0 0 0 0 -1 0 0 -1 1 0 0 1 0 0 1 0 0 0 -1 8.83613e-6 0 0.822968 0.5680878 0 0 -1 1 1.0192e-6 0 -1 -1.4243e-6 0 0 0.8229711 0.5680835 -1 2.91024e-7 0 0 0.8229711 0.5680834 4.49429e-6 -0.7071052 0.7071085 0 0 -1 -1 -2.75774e-6 0 0 0.8229712 0.5680831 0 -1 -6.38911e-6 -0.7703815 0.6375833 0 -1 -1.50516e-6 0 -1 2.16313e-6 0 0 0 -1 0 0 -1 -1.06605e-6 0 1 0 0 -1 0 1 0 -1 2.76097e-6 0 1 0 0 1 0 0 2.43817e-6 0 1 1 0 0 -1.99996e-6 0 1 1 0 0 0 0 -1 2.77182e-6 0 1 -1 1.57279e-6 0 0.977299 -0.2118653 7.69955e-6 1 6.48236e-7 0 0 1 0 1 0 0 -1 -3.33172e-6 0 -1 3.85941e-7 0 -0.7703715 0.6375954 0 0 -1 1.19641e-5 -1 -2.5876e-6 0 7.05582e-7 -0.7071079 0.7071056 -1 3.00429e-6 0 -1 2.69807e-6 0 1 0 0 1 0 0 1 0 0 1 0 0 1 0 0 1 0 0 1.48831e-6 0 1 0 1 0 1 0 0 1.57922e-6 0 1 -1 2.40483e-6 0 0 0 -1 1 0 0 -1 -2.58554e-6 0 0 0 -1 -1 -2.10731e-6 0 0 1 0 0 1 0 1 0 0 1.91536e-6 0 1 0 0 -1 -1 -2.64804e-6 0 0.7703976 0.6375638 6.13368e-5 0 0 -1 1 0 0 1 0 0 1 0 0 1 0 0 0.9773206 -0.2117657 -8.82977e-5 1 0 0 0.5461742 0.8376716 4.77149e-5 -1 -3.27214e-6 0 0 0 -1 0.5461744 0.8376716 4.77213e-5 -1 -4.24988e-6 0 0 1 0 2.00567e-7 0 1 1 -2.47607e-6 0 0 0 -1 1 0 0 -1 1.32804e-6 0 1 0 0 0 0 -1 0 0 -1 0 1 0 1 0 0 -1 -3.12619e-6 0 0 0 -1 -1 -1.99602e-6 0 1 0 0 -0.9961243 0.08795738 -1.91481e-6 0 0 -1 -0.7071049 0 -0.7071087 -2.13664e-6 0 1 1 0 0 -0.7071058 0 -0.7071079 -0.7071077 0 -0.7071059 0.7071089 0 -0.7071048 0 -1 4.55831e-6 -1 5.10403e-6 0 8.51046e-7 0 1 0.7071066 0 -0.707107 0.7071065 0 -0.707107 -0.7071042 0 -0.7071095 0 -0.707108 0.7071056 0 1 0 0 0 -1 -0.7071052 0 -0.7071084 1 -1.25444e-6 0 0.7071053 0 -0.7071084 0 0 -1 0 0 -1 0 0 -1 -0.9772964 -0.2118769 0 0 0 -1 -1 1.55827e-6 0 -1 5.60717e-7 0 -1 1.8448e-6 0 -1 -1.02183e-6 0 -1 1.57202e-6 0 3.05295e-6 0 1 -1.52949e-6 0 1 3.63153e-6 0 1 -1 -1.05302e-6 0 -1 -1.80058e-6 0 -1 -5.0766e-6 0 0 1 0 0 0 -1 0 0 -1 1 0 0 0 0 -1 0.9773012 -0.2118549 1.26054e-4 0 0 -1 -1 -2.52049e-6 0 0.150314 -0.9886383 -1.61909e-4 1 0 0 -1 -4.95671e-6 0 -1 -8.64795e-7 0 0.4370695 -0.8994277 0 0 0 -1 1 0 0 1 -1.88814e-6 0 1 1.44349e-6 0 1 1.56094e-6 0 -1 -1.06324e-6 0 -3.02237e-6 0 1 1 2.78482e-7 0 -1 -1.18532e-6 0 0.9961131 0.08808416 0 1 0 0 0 0 -1 0 0 -1 -1 -1.05198e-6 0 1 0 0 1 0 0 -1 -1.09601e-6 0 1 0 0 -1 -4.07164e-6 0 -1 -9.48088e-7 0 1 0 0 -1 2.41121e-6 0 0 0 -1 0 0 -1 0 0.23935 -0.9709334 1 0 0 -1 -2.25346e-6 0 -1 -4.44489e-6 0 1 0 0 -4.03726e-6 0 1 0 0 -1 0.5461339 0.8376979 -7.49627e-5 1 0 0 1 0 0 0 0 -1 0 0 -1 0 0 -1 -1 3.05447e-6 0 -1 2.95081e-6 0 -0.5461336 0.8376981 -6.13331e-5 0 0 -1 0 0 -1 0 0 -1 -1 7.35311e-7 0 -1 -1.99448e-6 0 0 0 -1 2.97097e-6 0 1 1 0 0 -1 -2.60818e-6 0 -1 2.72749e-6 0 0 0 -1 0 0 -1 0 0 -1 0 0 -1 0 0 -1 0 0 -1 0 0 -1 0 0 -1 0 0 -1 0 0 -1 1 0 0 -1 6.75394e-7 0 -1 0 0 1 0 0 0 0 -1 0 0 -1 0.7703984 0.6375628 3.4076e-5 -1.06967e-6 0 1 1 0 0 -1 -1.44165e-7 0 0 0 -1 0 0 -1 -3.699e-6 0 1 0 0 -1 1 0 0 -0.5461336 0.8376981 2.72592e-5 1 0 0 0 0 -1 0 0 -1 -0.7071033 0 0.7071104 0.7071086 0 0.707105 0.7071033 0 0.7071104 7.97263e-7 -0.707105 0.7071086 2.69063e-6 0 1 0.7071103 0 0.7071033 1 0 0 0 0 -1 0 0 -1 0 0 -1 0.7071051 0 0.7071086 0 1 0 0 0 -1 0 0 -1 0 0 -1 1 0 0 -0.7071048 0 -0.7071089 0.870224 -0.4926565 3.74835e-5 0.9961112 0.08810621 -7.72496e-5 0 0 -1 -1 1.31935e-6 0 0 0 -1 1 1.5243e-6 0 1 0 0 0 0 -1 0 0 -1 -0.7071042 0 -0.7071093 -1 -2.50749e-6 0 -1 1.32406e-6 0 -1 2.40189e-6 0 -1 -2.94434e-6 0 0 0 -1 0 0 -1 -0.7071037 0 -0.7071098 -1.72861e-6 0 1 0 0 -1 -1 2.57808e-6 0 0.7071088 0 -0.7071049 0 0 -1 1 0 0 -1 2.19464e-6 0 2.33714e-6 0 1 2.11879e-6 0 1 1 0 0 0 0 -1 -2.4643e-6 0 1 1 0 0 -1 2.70227e-6 0 0 -1 -1.13277e-5 0 0 -1 0 0 -1 1 0 0 1.68356e-6 0 1 1 0 0 7.8651e-7 0 1 1 0 0 1 0 0 0 0 -1 0 0 -1 -1 -2.20985e-6 0 1 0 0 -1 8.35418e-7 0 -1 -3.3588e-6 0 -1 1.06483e-6 0 0 -1 3.56667e-6 -1 -2.23932e-6 0 -0.272498 0.9621564 1.02247e-4 0 0 -1 0 0 -1 0 0 -1 0 0 -1 1 0 0 -1 -1.88093e-6 0 -1 2.09664e-6 0 -1 2.79494e-6 0 -1 -2.58788e-6 0 0 1 0 0 1 0 1 0 0 -1 3.23909e-6 0 3.68569e-6 0 1 0 0 -1 -1 1.97126e-6 0 -1 -2.5551e-6 0 0 0 -1 -0.4371989 -0.899365 0 1 0 0 0 1 0 -1 -1.3866e-6 0 -1 5.71763e-7 0 0 0 -1 -1 -3.23042e-6 0 -1 -7.28045e-7 0 0 1 0 0 1 0 0 1 0 0 1 0 0 1 0 0 1 0 0 -1 -1.29871e-5 0 1 0 0 1 0 0 1 0 1 0 0 0.9773113 -0.2118085 -1.07369e-4 0 1 0 0 1 0 -1 -1.45582e-7 0 0 1 0 0 1 0 0 1 0 0 1 0 0 1 0 0 1 0 0 1 0 0 1 0 0 1 0 0 1 0 0 1 0 -1 2.582e-6 0 0 1 0 0 1 0 -1 1.52511e-6 0 0 1 0 0 1 0 0 1 0 1 0 0 0 1 0 0 1 0 0 1 0 1 0 0 0 0 -1 0 1 0 0 1 0 0 1 0 0 1 0 0 1 0 0 -0.7071105 0.7071031 0 1 0 0 1 0 0 1 0 0 1 0 0 1 0 0 1 0 0 1 0 0 0 -1 0 0 -1 0 -1 -1.22711e-5 -1 1.4437e-6 0 -1 2.03236e-6 0 0 1 0 0 0 -1 1 0 0 0 1 0 0 1 0 1 0 0 -1 -2.39608e-6 0 0 1 0 0 1 0 -1 2.56374e-6 0 -1 -1.62504e-6 0 1 0 0 0 1 0 0 1 0 -1 -4.51214e-6 0 0 1 0 -2.73896e-6 0 1 1 -6.68099e-7 0 0 0 -1 0 0 -1 -0.9249662 0.3800497 1.43141e-4 0 0 -1 1 0 0 1 0 0 -1 -2.65108e-6 0 -1 -3.86916e-6 0 1 0 0 1 -9.42642e-7 0 1 0 0 1 0 0 1 0 0 0 1 0 0 0 -1 -1 2.70901e-6 0 0.1503176 -0.9886378 1.53387e-4 -1 3.00111e-6 0 -1 -1.1966e-6 0 0 0 -1 0 0 -1 0 1 0 1 0 0 -3.16107e-6 0 1 0 1 0 1 0 0 0 1 0 -1 -4.4958e-6 0 1 0 0 1 0 0 -0.9961227 0.08797472 0 -1 2.06456e-7 0 -1 1.28348e-6 0 0 1 0 5.7858e-7 0 1 0 0 -1 1 0 0 0 0 -1 -1 1.62772e-6 0 0 1 0 -1 -5.3511e-6 0 0 0 -1 -1 3.43259e-6 0 0 1 0 0.7071104 0 0.7071033 -0.7071086 0 0.7071051 -1 -1.88749e-6 0 -2.15692e-6 0 1 0 0 -1 0 0 -1 -1 -7.19366e-7 0 0 1 0 0 1 0 0 1 0 0 1 0 -1 2.1064e-6 0 -1 4.88001e-6 0 1 0 0 0 -0.82305 0.567969 -9.44473e-7 0 1 1 0 0 -0.9961228 0.0879746 1.10778e-5 0 1 0 0 0 -1 0 0 -1 -1 8.10285e-7 0 -1 -2.24135e-6 0 -1 -4.4933e-6 0 -1 1.01301e-6 0 -1 -2.78694e-6 0 -1 -2.84171e-6 0 1 0 0 1 0 0 1 0 0 -0.684576 -0.7289415 6.81502e-6 -1 -1.26084e-6 0 0 0 -1 0 1 0 0 0 -1 0 1 0 0 1 0 0 1 0 -0.770371 0.637596 0 1 0 0 -0.8702352 -0.4926366 3.19386e-5 -0.8702356 -0.492636 -2.9834e-5 1 0 0 -0.8702454 -0.4926185 -3.06619e-5 -0.8702237 -0.4926568 3.74897e-5 -1 4.98801e-6 0 -0.8702366 -0.4926339 0 -0.8703104 -0.4925037 0 -0.8702356 -0.4926357 -5.96482e-5 -0.8702359 -0.4926354 0 -0.870257 -0.4925979 0 -1 8.77602e-7 0 -0.8702359 -0.4926354 -5.11186e-5 -0.8702358 -0.4926355 4.89967e-5 -0.8702359 -0.4926354 3.4079e-5 -0.8702359 -0.4926353 -3.51498e-5 1 0 0 -0.8703107 -0.4925031 0 -0.8702869 -0.4925452 -7.38331e-5 -0.8702368 -0.4926338 -1.70412e-6 -0.8702208 -0.4926618 0 -0.5461329 0.8376986 -2.72565e-5 -0.5461336 0.8376981 -2.72636e-5 0 0 -1 -0.5461336 0.8376982 -7.49528e-5 -0.5461737 0.837672 0 -0.5462236 0.8376394 0 -0.546147 0.8376895 -3.19516e-5 -0.546147 0.8376894 3.40873e-5 -0.7703706 0.6375965 0 -0.5460967 0.8377223 0 -0.546204 0.8376523 0 -7.64127e-7 0 1 -0.5461478 0.837689 6.81746e-5 -0.546147 0.8376895 -7.02935e-5 1 0 0 -0.5461727 0.8376726 4.25956e-5 -0.5462237 0.8376394 2.34336e-5 -0.5461474 0.8376891 3.40873e-5 -0.5460963 0.8377224 -9.58458e-5 -0.5462046 0.8376519 0 0 -1 1.31618e-5 -0.5462039 0.8376523 0 -1 2.02179e-6 0 -1 3.79077e-6 0 -0.6846032 -0.728916 5.5379e-5 0 0 -1 -0.6846239 -0.7288965 1.36274e-5 -0.6846867 -0.7288376 0 -0.6845715 -0.7289458 -1.70431e-5 5.79971e-7 0 1 -0.684576 -0.7289415 -6.81615e-6 -1 6.66002e-7 0 -0.6846898 -0.7288346 0 -0.6846328 -0.7288882 0 -0.684633 -0.7288879 0 -0.6846454 -0.7288764 0 -0.6846327 -0.7288883 -1.70389e-5 -0.6846326 -0.7288884 1.49115e-5 -0.6846901 -0.7288343 0 -0.6845718 -0.7289455 -9.3737e-5 -0.6845716 -0.7289457 9.37215e-5 -0.6846325 -0.7288885 1.06493e-4 -0.6846323 -0.7288886 -1.07576e-4 -0.6845709 -0.7289463 1.27823e-5 -0.684571 -0.7289463 -1.27802e-5 -0.6845654 -0.7289515 0 0 0 -1 -0.6845708 -0.7289465 1.27781e-5 -0.6845713 -0.728946 -1.27844e-5 0 0 -1 0.8702461 -0.4926172 3.06629e-5 1 1.23762e-6 0 0.8702243 -0.4926559 -3.74897e-5 0.8702588 -0.492595 0 0.4370693 -0.8994278 0 1 0 0 0.8702363 -0.4926345 5.1127e-5 0.8702366 -0.4926342 -4.89887e-5 0.8703129 -0.4924991 0 1 0 0 0.8702238 -0.4926568 -3.74836e-5 0.9961131 0.08808434 0 0.8702365 -0.4926344 0 0.8702372 -0.4926331 2.2581e-4 0.8702577 -0.4925969 0 1.01571e-6 -0.7071068 0.7071068 0.8702373 -0.4926328 4.25987e-5 0.8702371 -0.4926332 -4.36709e-5 0.8702391 -0.4926295 2.98192e-5 0.870238 -0.4926316 -2.76938e-5 0.870221 -0.4926615 0 7.25852e-7 -0.7071058 0.7071079 -1 -1.57099e-6 0 0.8701951 -0.4927073 9.85285e-5 0.9772959 -0.2118794 0 0.977311 -0.2118092 1.07323e-4 0.9772939 -0.211888 8.01914e-6 0.9772963 -0.2118777 -8.96928e-6 0.9772955 -0.2118811 -1.20895e-4 0.9772957 -0.2118799 1.21408e-4 1 0 0 0.9772965 -0.2118768 0 0.9772972 -0.2118733 0 0.9772973 -0.2118725 -3.87296e-6 0.9772965 -0.211876 2.98195e-5 0.9772965 -0.2118766 -3.0357e-5 0.9773021 -0.2118506 0 0 0 -1 0.9772973 -0.2118727 0 0.9773111 -0.211809 -5.45154e-5 0 1 0 0.5461344 0.8376977 7.49553e-5 -0.5461335 0.8376982 1.63582e-4 0.5461739 0.8376719 -4.77071e-5 0.5461742 0.8376716 -4.77008e-5 -1.32153e-6 0 1 0.546134 0.8376979 7.4975e-5 1 0 0 0.9773196 -0.2117698 0 0.9772955 -0.2118808 0 0.9773421 -0.211666 0 0.9773196 -0.2117698 -9.16061e-5 0.9773194 -0.2117709 9.15909e-5 0.5461357 0.8376967 0 -1 1.42541e-6 0 0.5461733 0.8376722 5.11232e-5 0.5461729 0.8376725 -5.11147e-5 0.546147 0.8376895 -6.81634e-5 0.5461463 0.8376898 7.24354e-5 0.5461728 0.8376725 -2.12978e-6 0.5461481 0.8376887 -3.40817e-5 0.5461472 0.8376893 2.98264e-5 0.5461363 0.8376964 0 -1 -3.35977e-6 0 0.5462055 0.8376512 0 0.9773023 -0.2118501 0 0.7703912 0.6375716 -4.08807e-5 0.7703499 0.6376214 5.22935e-5 0.7703802 0.6375848 0 0.7703809 0.6375841 1.27833e-4 0.7703816 0.6375833 0 0.7703381 0.6376357 0 0.7703823 0.6375823 7.24266e-5 0.7703811 0.6375837 -7.24384e-5 0.770381 0.6375837 5.11246e-5 0.7703815 0.6375833 -5.32635e-5 0.770383 0.6375814 0 -1 -2.92814e-6 0 0.7703804 0.6375846 9.43661e-5 0.7703973 0.6375643 -6.13469e-5 0.7703715 0.6375954 0 -0.5461341 0.8376979 7.4975e-5 0.7703245 0.6376521 0 0.7704252 0.6375306 0 0.7703711 0.637596 8.52085e-6 0.7703714 0.6375954 -6.38958e-6 0.7703511 0.6376199 0 0.9961165 0.08804482 -8.62361e-5 -0.9773115 -0.2118072 -1.07355e-4 -0.9773192 -0.2117716 -1.06466e-6 -0.9773193 -0.2117714 1.06554e-6 -0.9773191 -0.2117725 0 1 0 0 -0.9773116 -0.211807 -1.07355e-4 1 0 0 -0.9772964 -0.2118767 0 -0.9773193 -0.2117711 0 -0.9773018 -0.2118515 0 -0.9773192 -0.2117719 9.1591e-5 -0.9773192 -0.2117716 -9.1606e-5 -0.9773011 -0.2118549 -3.57781e-5 -0.9772965 -0.2118765 -3.08896e-5 -0.9772965 -0.2118765 3.0352e-5 -1 1.42429e-6 0 -0.9773012 -0.2118549 -3.57876e-5 0.6846683 -0.7288549 -3.40718e-5 0.6846887 -0.7288357 0 0.6846881 -0.7288362 0 0.6846885 -0.7288359 0 0 0 -1 0.6846871 -0.7288372 -7.24331e-5 0.6846878 -0.7288365 7.02912e-5 0.684717 -0.7288091 0 -1 2.65785e-6 0 -0.1502243 -0.9886519 1.36281e-4 0.6845765 -0.7289411 1.36265e-5 0.6846218 -0.7288985 1.02232e-4 0.6845701 -0.7289471 0 0.6845704 -0.7289468 1.49127e-5 0.6845719 -0.7289454 -1.70403e-5 0.6844559 -0.7290543 0 0.6845709 -0.7289463 1.15022e-4 0.6845707 -0.7289466 -1.15041e-4 0.6845722 -0.7289451 -1.70403e-5 0.6845701 -0.7289471 1.49127e-5 0.6845647 -0.7289522 0 1 0 0 -1 1.64136e-6 0 0.1502043 -0.9886551 0 0.1502239 -0.9886521 -1.36285e-4 -0.1502036 -0.9886552 -8.04049e-5 -0.1502037 -0.9886551 0 -0.1503137 -0.9886384 0 -0.1503139 -0.9886383 -1.32083e-4 -0.150314 -0.9886384 1.32062e-4 0.1502073 -0.9886546 0 -0.1502992 -0.9886406 0 -0.1503139 -0.9886384 2.13003e-5 -0.150314 -0.9886383 -2.13038e-5 0 0 -1 0.1503137 -0.9886384 -2.13038e-5 0.1503133 -0.9886385 2.13002e-5 -0.1503141 -0.9886383 -1.32083e-4 0.1502069 -0.9886547 0 0.1502042 -0.9886551 0 -0.1503384 -0.9886346 0 4.3324e-7 0 1 0.1502994 -0.9886406 0 -1 2.38951e-6 0 -0.1502055 -0.9886548 -4.06215e-5 1 0 0 0.1502373 -0.98865 5.45244e-5 1 0 0 0.1502373 -0.98865 -1.0902e-4 -1 1.37332e-6 0 -0.1502071 -0.9886546 0 0.1502074 -0.9886546 0 0.1503139 -0.9886383 1.61909e-4 0.150204 -0.9886551 0 0.1502046 -0.988655 0 0.1502072 -0.9886546 1.36324e-4 0.150314 -0.9886383 -1.27823e-5 -0.1502906 -0.9886419 -1.25981e-4 -0.1502072 -0.9886546 -1.40607e-4 -0.1502072 -0.9886546 1.40584e-4 0.1503139 -0.9886384 -1.27802e-4 0.1502074 -0.9886546 4.26083e-6 1 1.36659e-6 0 0.1503214 -0.9886372 0 -1.51176e-6 0 1 -0.1503213 -0.9886372 0 -1 1.16824e-6 0 0.9961158 0.0880531 0 0.9961158 0.0880534 0 0.9961238 0.08796244 0 0.9961265 0.08793246 0 1 0 0 0.996118 0.08802765 0 -0.4371422 -0.8993924 1.22678e-4 0.9961235 0.08796638 7.08307e-5 0.9961234 0.08796697 -7.08192e-5 0.9961181 0.08802747 0 -0.9961158 0.08805334 0 -0.9961139 0.08807528 1.06512e-6 0 0 -1 -0.9961138 0.08807528 0 -0.9961138 0.08807528 5.37795e-5 -0.9961139 0.08807516 -5.3522e-5 -0.9961134 0.08808159 -2.4651e-5 -1 -1.73629e-6 0 0 1 0 0.9961131 0.08808463 0 0.9961113 0.08810323 -5.38721e-5 0.9961099 0.08811968 -2.22496e-5 0.9961125 0.08808982 2.34336e-5 0 0 -1 0.9961248 0.08795279 1.19154e-4 0.996113 0.08808457 0 0.9961198 0.0880078 -1.17585e-4 -0.9961243 0.08795619 0 -0.9961185 0.0880233 -7.24217e-5 -0.9961127 0.08808898 -4.68515e-5 -0.9961227 0.0879746 0 -0.9961198 0.0880078 -4.85566e-5 -0.9961227 0.08797448 -5.96537e-5 -0.9961228 0.08797472 5.93776e-5 -0.9961198 0.08800774 -4.85694e-5 -0.9961227 0.08797448 -1.51265e-4 1 -2.00062e-6 0 -0.272566 0.9621371 0 -0.2725692 0.9621362 0 -1 2.43374e-6 0 -0.2725871 0.9621312 4.08969e-5 1 0 0 -0.2726381 0.9621167 0 -0.2726564 0.9621115 -1.70404e-5 -0.2726963 0.9621002 0 -0.27267 0.9621077 0 -0.2726436 0.9621151 0 -0.2725654 0.9621372 1.19303e-4 -0.2725663 0.9621371 0 -0.2725659 0.9621371 -2.13005e-6 -0.2726696 0.9621078 0 0 0 -1 -0.27267 0.9621077 0 -0.2725657 0.9621372 1.70432e-5 -0.2725662 0.9621371 -2.13005e-5 -0.2726961 0.9621003 0 -0.2724301 0.9621757 0 -0.2726314 0.9621186 -6.77591e-5 -0.2725659 0.9621372 3.41315e-5 -0.2725659 0.9621372 -3.40359e-5 0.2725868 0.9621312 -2.72601e-5 0.272695 0.9621006 0 -1 1.45171e-6 0 0.2726378 0.9621168 5.41339e-5 0.2725867 0.9621312 -2.72565e-5 0.2725268 0.9621483 5.96504e-5 0 0 -1 0.2725657 0.9621372 0 0.27267 0.9621077 -2.55641e-5 -1 -2.07986e-6 0 0.27267 0.9621077 8.52135e-6 0.2726703 0.9621075 -4.25998e-6 0.2725837 0.9621322 0 0.2725657 0.9621372 -2.55606e-5 0.2725654 0.9621373 2.34344e-5 0.2727091 0.9620965 9.88121e-5 0.2726702 0.9621077 -1.27799e-4 0.2725659 0.9621371 -1.27824e-4 0.2726439 0.9621151 0 0.2726697 0.9621077 0 0.4371248 -0.8994008 0 0.4371236 -0.8994016 0 0.4370694 -0.8994278 0 0.4370698 -0.8994277 0 0.4371254 -0.8994007 0 0.4370685 -0.8994283 7.24311e-5 0.4370693 -0.8994278 -7.02893e-5 0.4370689 -0.899428 0 0.4371251 -0.8994007 0 0.4371057 -0.8994103 -8.17601e-5 5.42726e-6 0 1 -0.7703979 0.6375634 4.08872e-5 1 0 0 -0.7703548 0.6376156 -4.08956e-5 -0.7703511 0.63762 0 0 0 -1 0 0 -1 -0.7703714 0.6375954 0 -0.7703809 0.6375839 5.32548e-5 -0.7703816 0.6375833 -5.1133e-5 0.9249797 0.3800165 6.13575e-5 -0.7703817 0.6375829 0 0.4371554 -0.8993861 3.83442e-5 0.437155 -0.8993862 -3.83378e-5 0 0 -1 0.4371061 -0.89941 -8.17655e-5 0.4371553 -0.8993861 3.83442e-5 1 0 0 -0.770381 0.6375837 -7.24385e-5 -0.7703809 0.6375839 7.24265e-5 -0.7703811 0.6375839 5.11246e-5 -0.7703709 0.6375961 -7.88179e-5 0.4371546 -0.8993864 -3.83378e-5 -0.7703811 0.6375839 5.32548e-5 -0.7703393 0.6376344 0 -1 -1.68013e-6 0 1 0 0 -0.7703911 0.6375718 2.04518e-5 0.4371061 -0.89941 -8.17978e-5 0 0 -1 -0.9250017 0.3799633 0 -0.924979 0.3800182 6.47321e-5 -0.9249873 0.3799981 0 1 0 0 -0.9250018 0.3799629 0 -0.9249633 0.3800565 0 -0.9250091 0.3799452 0 -1 -5.82169e-6 0 -0.9249627 0.3800579 7.24328e-5 -0.9250019 0.3799628 4.04722e-5 -0.924966 0.3800498 -1.43118e-4 -0.9249629 0.3800575 4.26075e-6 -0.9249623 0.380059 0 -0.924979 0.3800181 -8.85894e-5 -0.9249627 0.3800579 0 -0.9249627 0.3800579 1.29932e-4 -0.9249628 0.3800578 -1.29953e-4 0 0.9927125 0.1205071 -0.9250019 0.3799626 -4.25953e-5 -0.9249628 0.3800578 -7.0314e-5 -0.9249875 0.3799975 0 -0.4371238 -0.8994014 0 -0.4371395 -0.8993938 9.54351e-5 -0.4371988 -0.8993649 0 -0.4371986 -0.899365 0 -1 2.0525e-6 0 -0.437125 -0.8994008 0 0 0 -1 -0.4370698 -0.8994277 -6.81594e-5 -0.4370692 -0.8994279 6.81705e-5 -0.4371999 -0.8993644 8.94787e-5 -0.4371988 -0.899365 -8.73338e-5 -0.4370693 -0.8994278 -6.38993e-5 -0.4370697 -0.8994277 6.60402e-5 -0.4371995 -0.8993647 8.94787e-5 -0.4371991 -0.8993648 -8.73338e-5 -0.4371404 -0.8993933 9.54415e-5 -0.437142 -0.8993925 -1.2269e-4 0.1502239 -0.9886521 1.36335e-4 0 0 -1 0.9249634 0.3800563 0 0.9249635 0.3800562 0 0.9249868 0.3799992 0 0.924965 0.3800525 -7.02909e-5 0.9249644 0.3800538 7.03026e-5 -1.02231e-6 0 1 0.9249634 0.3800564 0 3.43836e-7 -0.7071059 0.7071078 0.9249575 0.3800708 0 0.9249977 0.3799726 2.04441e-5 0.9250015 0.3799637 -4.25882e-5 0.9250013 0.3799638 4.26234e-5 0 -0.9927117 0.1205143 0.9249793 0.3800176 8.51962e-5 0.925002 0.3799622 -1.70437e-5 0.9250023 0.3799616 1.70409e-5 0 -0.9927117 0.1205139 0.8702459 -0.4926177 -3.0674e-5 0.9249794 0.3800173 8.51961e-5 0.9250019 0.3799624 -1.70437e-5 0.9250023 0.3799614 1.70409e-5 0 1 0 0 1 0 0 1 0 -1 -1.10263e-6 0 -1 -1.35266e-6 0 0 0 -1 -1 2.7954e-6 0 -1 2.23401e-6 0 0 0 -1 0 0 -1 0 0 -1 0 0 -1 0 0 -1 -1 6.0216e-6 0 -1.40918e-6 0 1 1.99224e-6 0 1 0 -1 -8.59878e-6 -0.8702455 -0.4926183 3.0675e-5 3.57867e-7 0 1 -1 2.60698e-6 0 0 0 -1 0 0 -1 0 0 -1 1 0 0 1 0 0 0 0 -1 -1.0943e-6 -0.7071057 0.7071079 -1 -1.32033e-6 0 0 0 -1 -1 -1.3181e-6 0 -1 6.55742e-7 0 0 -0.7071077 0.7071059 -1 1.28278e-6 0 -1 -1.91703e-6 0 1 0 0 0 1 0 0 1 0 0 -0.8230485 0.5679712 9.87455e-7 0 1 1 0 0 -1 -1.81243e-6 0 -1 -5.6483e-6 0 2.49797e-6 0 1 0.9961199 0.08800798 1.17512e-4 0 1 0 -1 4.81588e-7 0 -1 1.87928e-6 0 -5.66176e-6 -0.7071063 0.7071074 1 0 0 0 1 0 0 1 0 0 1 0 0 0 -1 0 -1 -1.99033e-5 0 1 0 1 0 0 -1 1.84142e-6 0 -1 1.9107e-6 0 -1 -1.26005e-6 0 0 -1 -2.88916e-6 0 0 -1 0 0 -1 0 0 -1 1 0 0 0 -1 -1.51645e-5 1 8.94435e-7 0 0 1 0 1 0 0 0 1 0 0 0 -1 -1 1.89438e-6 0 -1 1.15664e-6 0 -1 -1.93399e-6 0 1 0 0 -1 2.71477e-6 0 0 0 -1 -1 -1.5179e-6 0 1 0 0 -1 1.37743e-6 0 -1 6.67642e-7 0 1 0 0 0 0 -1 1 0 0 1 0 0 1 0 0 -1 -2.37363e-6 0 0 0 -1 -1 -2.70604e-6 0 -1 -2.35066e-6 0 1.84805e-6 0 1 1 0 0 -1 -3.75483e-6 0 -1 1.22704e-6 0 -1 1.57546e-6 0 1 0 0 0 0 -1 4.4794e-6 0 1 0 1 0 1.58101e-6 0 1 1 0 0 1 0 0 1.42478e-6 0 1 1 0 0 -1 1.31211e-6 0 0 0 -1 0 1 0 -1 1.69268e-6 0 0 0 -1 -0.546154 0.8376849 4.08905e-5 -1 -2.86884e-6 0 1 0 0 1 -1.55669e-6 0 -3.37349e-6 0 1 0.9961327 0.08786213 1.49505e-5 5.56141e-7 0 1 0 1 0 0.5461345 0.8376976 -7.49824e-5 0 0 -1 -1 -3.33598e-6 0 0 0 -1 -1 -5.81054e-6 0 3.54997e-6 -0.7071055 0.7071081 1 0 0 0 0.9350114 -0.3546177 -1 -4.60075e-6 0 0 1 0 0 0 -1 0 0 -1 0 0 -1 0 1 0 1 -8.24621e-7 0 -1 -3.01808e-6 0 -1 3.72655e-6 0 0.7703734 0.6375931 1.51472e-5 0 0.8230448 0.5679767 -1 -2.99945e-6 0 -1 -3.51047e-6 0 -1 -2.04759e-6 0 1 1.1971e-6 0 1 1.5285e-6 0 -1 1.5285e-6 0 0 1 0 0 1 0 0 0 -1 -1 -2.39692e-6 0 -1 -1.71392e-6 0 -1 1.66277e-6 0 0 0 -1 -1 2.56056e-6 0 0 0 -1 -1 -5.68907e-6 0 0 0 -1 -1 1.01185e-6 0 0 0 -1 0 0 -1 0 0 -1 -0.2726566 0.9621114 1.70418e-5 -1 2.96921e-6 0 0 0 -1 0 0 -1 0 1 0 -1 -1.47287e-6 0 0 0 -1 0 0 -1 -2.11472e-6 0 1 1.79289e-6 0 1 1 0 0 1 0 0 1 0 0 1 0 0 1 0 0 0 0 -1 0 0 -1 -1 -3.92532e-6 0 1 0 0 0 0 -1 0 1 0 0 1 0 -1 7.70614e-7 0 -1 3.23477e-6 0 0 0.9350083 -0.3546259 -1.38153e-6 0 1 1 0 0 0 1 0 0 1 0 0 1 0 0 1 0 1 0 0 -1 1.44112e-6 0 -0.4371418 -0.8993926 1.22678e-4 0 0 -1 -1 4.4805e-6 0 -1 2.04124e-6 0 1 0 0 1 0 0 0 0 -1 1 0 0 0 0 -1 8.84392e-7 0 1 1 0 0 1 0 0 0 0 -1 0 0 -1 -1 -2.43541e-6 0 1 0 0 0 0 -1 0 1 0 0 0 -1 0 0 -1 -1 4.34384e-7 0 0 1 0 -1 9.71046e-7 0 1 0 0 -0.9961317 0.08787435 0 -1 -9.37509e-7 0 1 0 0 1 0 0 0 -1 -9.2762e-6 -1 -2.18034e-6 0 1 0 0 1 0 0 0 1 0 -1 -2.46015e-6 0 -1 -2.70839e-6 0 0 1 0 -1 -2.91096e-6 0 -9.34193e-7 -0.7071079 0.7071057 0 1 0 -1 -2.17902e-6 0 0 -1 9.08323e-6 0 1 0 -1 -8.20014e-7 0 -1 -2.84823e-6 0 1 0 0 -1 8.40233e-7 0 -1 -2.15815e-6 0 0 1 0 0 1 0 1 0 0 0 1 0 -1 -1.42389e-6 0 0 0 -1 0 0 -1 -1 3.31391e-6 0 0 0 -1 1 0 0 0 0 -1 0 0 -1 -2.27205e-6 0 1 -1 1.22259e-6 0 0 0 -1 -1 -3.0347e-6 0 1 0 0 -1 9.02029e-7 0 0 0 -1 0 1 0 -1 -1.94746e-6 0 -1 -2.6442e-6 0 -1 3.08686e-6 0 0 0 -1 -1 -1.84687e-6 0 -1 2.02341e-6 0 0 1 0 -1 2.74488e-6 0 -1.43724e-6 0 1 -1 6.20665e-7 0 -1 3.58747e-6 0 -1 2.78182e-6 0 -1 5.05397e-6 0 0 1 0 0 1 0 -1 -1.12869e-6 0 -1 -1.6523e-6 0 2.55768e-6 0 1 1 0 0 1 0 0 -0.5461335 0.8376982 1.63604e-4 -1 -1.50608e-6 0 -1 2.97729e-7 0 1 -5.69848e-7 0 -1 9.84353e-7 0 -1 -1.07016e-6 0 1 8.2607e-7 0 1 -9.70158e-7 0 0 0 -1 -1 -2.90276e-6 0 -1 3.47367e-6 0 0 1 0 -1 3.15686e-6 0 1 0 0 1 0 0 1 0 0 -1 -2.05891e-6 0 1 0 0 -3.19505e-6 0 1 1 0 0 1 0 0 -1 -2.33948e-6 0 1 -2.85701e-6 0 1.5755e-6 0 1 1 0 0 1 0 0 0 0 -1 -1 2.84268e-6 0 1 0 0 0 0 -1 0 1 0 0 0 -1 0 0 -1 -1 1.36479e-6 0 1 0 0 1 0 0 0 1 0 1 0 0 -0.9249668 0.3800482 1.3971e-4 -1 -2.8963e-6 0 0 1 0 0 1 0 1 0 0 0.1503136 -0.9886384 1.7043e-4 -1 5.08547e-6 0 -1 3.63815e-6 0 0.6846198 -0.7289004 -1.02249e-4 0 0 -1 1 0 0 -1 -2.23398e-6 0 1 0 0 -1 2.29509e-6 0 1 0 0 -1 -1.83923e-6 0 -1 1.73352e-6 0 -1 1.27646e-6 0 -1 1.77227e-6 0 0 0 -1 0 0 -1 1 0 0 -1 -4.45064e-6 0 -0.1502041 -0.988655 0 1 0 0 1 0 0 1 0 0 -1 -2.33642e-6 0 1 0 0 0 1 0 1 0 0 1 0 0 -1 -1.33545e-6 0 1 0 0 1 0 0 1 -2.81061e-6 0 -1.18385e-6 0 1 -2.70083e-6 0 1 0 1 0 1 0 0 -1 2.85324e-6 0 -0.9961149 0.08806318 5.62222e-5 -1 -1.63446e-6 0 1 0 0 -1 -1.15311e-6 0 -1 -2.76598e-6 0 0 1 0 1 0 0 1 0 0 0 0 -1 -1 -3.85224e-6 0 0 1 0 1 0 0 1 0 0 1 0 0 0 1 0 1 0 0 0 -1 1.7285e-5 -1 -2.67876e-6 0 0 -1 -1.18334e-5 0 0 -1 1 0 0 1 0 0 1 0 0 1 0 0 0 0 -1 -1 -2.77053e-6 0 -1 6.44408e-7 0 1 0 0 1 0 0 -1 7.32968e-7 0 0 1 0 0 0 -1 1 0 0 -1 2.52493e-6 0 0 0 -1 0 0 -1 -1 -2.60959e-6 0 -8.43462e-7 0 1 -1 -3.58317e-6 0 1 0 0 -1 7.69091e-7 0 0 1 0 0 1 0 -1 1.11632e-6 0 -1 2.07125e-6 0 0 0.9926911 0.1206836 -1 3.64358e-6 0 1 0 0 -1 1.19639e-6 0 -1 1.78433e-6 0 1 0 0 -1 1.75697e-6 0 0 0 -1 -1.20274e-6 -0.7071056 0.707108 1 0 0 -1 -1.43098e-6 0 1 0 0 1 0 0 1 0 0 1 0 0 1 0 0 1 0 0 1 0 0 -1.4069e-6 0 1 -1 -2.6267e-6 0 1 0 0 -1 -5.16623e-7 0 -5.71355e-7 0 1 0 -0.4646412 0.8854992 -1 2.78289e-7 0 1 0 0 0 0 -1 -1 3.55481e-7 0 0 1 0 0 1 0 -0.9961198 0.0880078 4.85358e-5 -0.7703545 0.6376159 6.13334e-5 -1 1.26139e-6 0 1 0 0 3.68447e-6 0 1 1 0 0 -1 1.81107e-6 0 -1 -1.85261e-6 0 0 0 -1 1 0 0 -1 -2.75119e-6 0 -1 -1.32916e-6 0 0 1 0 0 -0.4646477 0.8854957 0 0 -1 1 0 0 -1 -1.42477e-6 0 1 0 0 0 0 -1 1.99759e-6 0 1 0.9773111 -0.2118092 5.45206e-5 -1 2.11663e-6 0 -1 -2.83617e-6 0 1 0 0 0 0 -1 1 0 0 1 0 0 1 0 0 0 1 0 -0.7703547 0.6376156 4.08889e-5 0 1 0 0 1 0 -1 2.45174e-6 0 0 0 -1 0 0 -1 -1 1.94642e-6 0 -0.6845816 -0.7289363 -1.09031e-4 1 0 0 1 0 0 -2.02117e-6 0 1 -1.74286e-6 0 1 1 0 0 -1 -4.01158e-7 0 -1 -3.27543e-6 0 0 0 -1 0 1 0 1 0 0 1 0 0 -1 -1.53889e-6 0 0 -1 -1.45689e-5 -1 1.58901e-6 0 0 0 -1 0 1 0 0 -0.6630251 -0.7485972 1 0 0 -1 1.45761e-6 0 -1 -1.16183e-6 0 0.684687 -0.7288373 0 -1 -3.98073e-6 0 0 1 0 -1 7.37057e-7 0 1 0 0 3.16381e-6 0 1 -1 1.45974e-6 0 0 1 0 -1.28792e-6 0 1 2.00077e-6 0 1 -1 -5.34964e-6 0 1 0 0 1 0 0 -1 -4.72392e-7 0 0 1 0 -0.5460965 0.8377223 0 -1 -9.75218e-7 0 1 0 0 4.47515e-7 0 1 -1 1.17746e-6 0 1 0 0 0 1 0 -1 2.77404e-6 0 0 0 -1 0 -0.707106 0.7071076 -1 -1.36923e-6 0 -1 6.39739e-7 0 1 0 0 -1 2.74875e-6 0 0 0 -1 1 0 0 0 -1 -7.96475e-6 -1 -2.23213e-6 0 -1 3.97923e-7 0 -1 -3.5745e-6 0 -1 -2.61044e-6 0 0 1 0 1 0 0 0 1 0 -1 3.80687e-6 0 0 0 -1 1 0 0 -0.8702453 -0.4926187 2.72586e-5 0 0 -1 -1 2.53353e-6 0 0 0 -1 0 0 -1 1 0 0 -1 6.41048e-7 0 1 0 0 0 1 0 -1 1.69606e-6 0 -1 -1.86097e-6 0 1 4.74566e-7 0 0 0 -1 0 0 -1 1 0 0 3.75347e-6 0 1 0 1 0 1 0 0 0 1 0 0.6845717 -0.7289455 -2.47125e-4 2.72824e-6 0 1 0 1 0 0 0 -1 0 0 -1 0 0 -1 -1 -8.26258e-7 0 0.9961286 0.08790844 8.20082e-5 -1 -4.98085e-6 0 1 0 0 1 0 0 0.7703978 0.6375635 -1.32761e-5 -1.92481e-6 0 1 1 0 0 1 0 0 0.150204 -0.9886551 0 -1 -2.3336e-6 0 -1 -1.50385e-6 0 0 1 0 0 1 0 0 1 0 0 1 0 0 1 0 0 1 0 0 0 -1 0 0 -1 0 1 0 1 0 0 0 0 -1 0 0 -1 0 0 -1 -1 5.22546e-6 0 0 0 -1 -1 -1.55515e-6 0 -1 3.79524e-6 0 0 0 -1 0 0 -1 0 0 -1 -1 2.71602e-6 0 -1 -3.84224e-6 0 1 0 0 1 0 0 1 0 0 1 0 0 0 0 -1 0 0 -1 0 0 -1 -1 1.18973e-6 0 -1 4.46629e-6 0 1 0 0 -1 2.36903e-6 0 -2.76124e-6 0 1 -1 2.74927e-6 0 0.7704084 0.6375508 -3.75326e-5 1 0 0 1 0 0 -1 2.65405e-6 0 -1 -6.07066e-6 0 0 0 -1 0 0 -1 0 0 -1 0 0 -1 0 -1 -1.12394e-5 0 -1 2.46098e-6 1 0 0 -1 -2.86185e-6 0 1 0 0 0 0 -1 -1.84422e-6 0 1 1 0 0 0 0 -1 0 0 -1 -1 -1.95965e-6 0 1 0 0 0 0 -1 1 0 0 1 0 0 -1 2.38911e-6 0 1 0 0 0 0 -1 1 0 0 0 1 0 1 0 0 1 0 0 0 1 0 0 1 0 0 0 -1 0 0 -1 -1 -3.04486e-7 0 0 -1 1.22813e-6 1 0 0 0 0 -1 0.5461336 0.8376981 -7.49627e-5 0 1 0 -0.5461546 0.8376845 4.08905e-5 0 1 0 0 0 -1 0 1 0 0 0 -1 0 0 -1 1 0 0 0 1 0 0 0 -1 -1 -8.34488e-7 0 -1.90041e-6 0 1 1 0 0 -1 -1.46973e-6 0 1 0 0 0 0 -1 0 -1 1.31294e-6 -1 -2.68104e-6 0 0 -1 -1.43157e-5 0 0 -1 7.46975e-6 0 1 0 0 -1 -1 -2.95278e-6 0 -1 2.99801e-6 0 1 0 0 0 0 -1 0 0 -1 -1 -9.30863e-7 0 1 0 0 -1 7.46061e-7 0 -1 -2.88156e-6 0 -1 -3.12694e-6 0 -1 -1.31842e-6 0 1 0 0 -1 2.79688e-6 0 -1 -5.45716e-6 0 4.44364e-6 0 1 -1 -3.25495e-6 0 0 0 -1 0 0 -1 7.40566e-6 0 1 -1 -2.6182e-6 0 1 0 0 0 -1 7.61815e-6 1 0 0 0 -0.4646491 0.885495 -1 -1.30941e-6 0 1.22255e-6 -0.7071055 0.7071082 1 0 0 -1 3.51847e-6 0 1 0 0 -1.7472e-6 0 1 -1 2.35873e-6 0 0 0 -1 0 -1 -4.74653e-6 0 0 -1 0 0 -1 -0.5461472 0.8376893 0 0.996119 0.08801656 -8.62168e-5 0 0 -1 -1 -9.6987e-7 0 9.16252e-7 0 1 2.7317e-6 -0.7071084 0.7071052 -0.9250028 0.3799606 -1.50875e-4 0 1 0 0 -1 -2.22638e-6 0 1 0 1 0 0 1 0 0 0 0 -1 1 0 0 0 1 0 1 0 0 -1 3.01573e-6 0 -1 3.14021e-6 0 1 0 0 -0.2725872 0.9621312 -4.08902e-5 -7.66085e-5 -0.7071902 0.7070233 5.92216e-5 -0.7070539 0.7071597 0 -1 -4.11936e-6 0 1 0 -1 2.6794e-6 0 -5.20366e-6 0 1 0 0 -1 1 0 0 0 0 -1 -1 1.05526e-6 0 -1 3.11413e-6 0 0 1 0 -2.06398e-6 0 1 0 0 -1 0 0 -1 0 0 -1 1 0 0 0 0 -1 -9.86824e-7 0 1 0 0 -1 0 -1 -8.92865e-6 -1 -2.4034e-6 0 -0.8702365 -0.4926345 0 1.77904e-6 0 1 0 0 -1 -0.6845759 -0.7289417 6.81503e-6 1 0 0 0 0 -1 -1 -1.28144e-6 0 1 0 0 -1 2.06423e-6 0 -1 1.2172e-6 0 -1 5.181e-7 0 -1 5.72668e-6 0 -1 -1.37584e-6 0 1 -1.09641e-6 0 1 -1.4759e-6 0 1 1.49326e-6 0 -1 -9.91367e-7 0 1 0 0 0 1 0 1 0 0 -1 1.22077e-6 0 1 0 0 -1.52342e-6 0 1 1 0 0 -1.96929e-6 -0.7071091 0.7071045 0 0 -1 0 0 -1 0 0 -1 0 0 -1 0 0 -1 0 0 -1 1 0 0 1 0 0 0 -0.7071071 0.7071065 7.8357e-5 -0.7070919 0.7071217 0 0 -1 -1 -1.93722e-6 0 -1 2.74952e-6 0 0.7703228 0.6376543 0 0 0 -1 -1 -3.44941e-6 0 1 0 0 1 0 0 0 1 0 0 0 -1 0 0 -1 0 1 0 0 0 -1 -1 -2.11838e-6 0 0 0 -1 1 0 0 1 0 0 -0.4371404 -0.8993934 -9.54005e-5 1 0 0 0 0 -1 -1 -1.63833e-6 0 0 1 0 -1 2.38749e-6 0 0 0 -1 0 0 -1 0 0 -1 -1 3.31206e-6 0 0 0 -1 1 0 0 1 0 0 0 0 -1 0 0 -1 1 0 0 -1 -2.34153e-6 0 -1 -2.13851e-6 0 -1 -5.3856e-6 0 1 0 0 0.7703823 0.6375823 0 -0.4371404 -0.8993934 -9.53754e-5 0 0 -1 0 0 -1 1 0 0 -1 3.79874e-6 0 1 0 0 0 0 -1 3.43971e-6 0 1 1 0 0 1 0 0 1 0 0 0 0 -1 1 0 0 1 -1.19266e-6 0 1 1.43836e-6 0 -7.23338e-7 0 1 -1 1.77881e-6 0 1 0 0 1 0 0 0 0 -1 1 0 0 -1 -2.8593e-6 0 0 1 0 0.7703528 0.637618 -6.66365e-5 0 0 -1 0 -1 -4.95962e-6 -2.28106e-6 0 1 1 7.10618e-7 0 0 0 -1 0 0 -1 0 0 -1 9.33201e-7 0 1 2.97959e-6 0 1 -1.14785e-6 0 1 1 0 0 1 0 0 1 0 0 1 0 0 1 0 0 1 0 0 1 0 0 0 1 0 0 0 -1 0 -1 1.23813e-5 -1 2.69182e-6 0 -1 2.80477e-6 0 0 0 -1 0 0 -1 -1 -2.79563e-6 0 -4.64893e-6 0 1 1 0 0 -1 -1.62566e-6 0 0 0 -1 -2.2115e-6 0 1 -4.56739e-6 0 1 0 0 -1 0 0 -1 1 0 0 -1 1.32278e-6 0 0.2726466 0.9621143 1.36308e-4 -1 5.29619e-6 0 -1 4.85514e-6 0 -0.1503143 -0.9886384 3.1249e-5 -0.9961143 0.08807122 6.52406e-5 -0.9961198 0.08800786 4.85487e-5 1 0 0 0 0 -1 1 0 0 0.7703397 0.6376338 0 1 0 0 0 0 -1 0 -0.239351 -0.9709331 -0.7070997 0.707114 0 -0.7071068 0.7071068 0 1 0 0 1 0 0 1 0 0 -1 2.30881e-6 0 -1 1.68701e-6 0 1 0 0 1 0 0 0 0 -1 1 -8.3744e-7 0 -1 2.69714e-6 0 -6.57037e-6 0 1 0 0 -1 -1 4.97446e-6 0 0 1 0 1 0 0 -2.56345e-6 0 1 -1 -1.85254e-6 0 -1 -2.92116e-6 0 -1 4.19594e-6 0 -5.65442e-6 0 1 0 1 0 1.02434e-6 0 1 -1 -4.14457e-7 0 -1 1.05646e-6 0 -5.46077e-6 0 1 -3.14063e-6 0 1 9.57609e-7 0 1 -2.7304e-6 0 1 -2.77411e-6 0 1 -1.13037e-6 0 1 -1.2604e-6 0 1 -9.19414e-7 0 1 -5.46078e-6 0 1 -2.06408e-6 0 1 -1.61909e-6 0 1 1.1496e-6 0 1 -7.00723e-6 0 1 1.18994e-6 0 1 4.7253e-7 0 1 2.93342e-6 0 1 2.34903e-6 0 1 -2.73099e-6 0 1 -4.66624e-6 0 1 -5.46081e-6 0 1 1.93991e-6 0 1 4.51445e-6 0 1 1.48232e-6 0 1 4.51689e-6 0 1 4.4488e-6 0 1 -2.77423e-6 0 1 6.0725e-7 0 1 0 -1 -5.47327e-6 3.21364e-7 0 1 -1.81864e-6 0 1 -1.024e-6 0 1 -2.72246e-6 0 1 -2.68419e-6 0 1 1.03483e-6 0 1 3.11752e-6 0 1 -1.51983e-6 0 1 2.78959e-6 0 1 0 -1 -1.25839e-5 0 -1 3.52266e-6 0 0 -1 -1 2.69745e-6 0 1 0 0 1 0 0 0 -1 -3.94963e-6 -1 -2.91195e-6 0 3.20165e-6 0 1 1.4405e-6 0 1 -9.29788e-7 0 1 1.11073e-6 0 1 -1.03172e-6 0 1 3.38589e-6 0 1 0 0 -1 0 -1 -1.67426e-6 0 -1 -3.25209e-6 0 1 0 0 0 -1 0.9773015 -0.2118535 0 0 1 0 0 -1 2.5497e-6 -0.8702369 -0.4926336 3.78642e-6 0 0 -1 1 0 0 1 0 0 1 0 0 0 1 0 -1.20052e-6 0 1 0.9961199 0.08800673 1.17558e-4 0.4371055 -0.8994103 8.17465e-5 -3.49103e-7 0 1 -7.97295e-7 0 1 -1.0186e-6 0 1 -7.75126e-7 0 1 6.75559e-7 0 1 1 0 0 7.93485e-7 0 1 7.68111e-7 0 1 9.9545e-7 0 1 7.94193e-7 0 1 -1.89173e-7 0 1 1.72004e-7 0 1 -3.36366e-6 0 1 -1.72386e-6 0 1 -1.79573e-6 0 1 1.64402e-6 -0.7071043 0.7071093 2.99275e-6 -0.7071083 0.7071053 -5.64012e-7 0 1 1 0 0 1 0 0 1.02432e-6 0 1 1 0 0 -1.01683e-6 -0.7071104 0.7071033 0 -1 4.2936e-6 0.1502962 -0.9886411 -1.36285e-4 -3.37912e-6 0 1 -1 -3.33868e-7 0 0 0 -1 -3.04541e-6 0 1 3.13851e-6 0 1 0 0 -1 0 0 -1 0.5461542 0.8376846 -3.40697e-5 0 -1 7.37561e-6 0 -1 5.67292e-6 0 -1 -4.66817e-6 5.48645e-6 0 1 1 0 0 1 0 0 1 0 0 0 1 0 -0.9249792 0.3800178 8.86039e-5 -1 2.43037e-6 0 -1 1.75376e-7 0 -1 1.72151e-6 0 0.8702352 -0.4926367 0 1 0 0 -1.81787e-6 0 1 0 0 -1 1 0 0 0 1 0 0 1 0 2.5488e-6 0 1 -2.70294e-6 0 1 1 0 0 0 0 -1 0 0 -1 -6.72288e-6 0 1 -2.02754e-6 0 1 0 0 -1 0 1 0 3.95908e-6 0 1 -5.44173e-6 0 1 -3.18178e-6 0 1 -3.79535e-6 0 1 3.19215e-6 0 1 -2.66163e-6 0 1 2.85795e-6 0 1 -1 2.48302e-6 0 -5.73114e-6 0 1 0.870224 -0.4926562 0 0 -0.7071026 0.7071111 0 0 -1 0 1 0 0 -1 -3.40177e-6 0 0 -1 -1 4.40279e-6 0 -1.55688e-6 0 1 6.36711e-7 0 1 0 1 0 3.3591e-6 0 1 -1 5.78854e-6 0 0 0 -1 0 0 -1 0 0 -1 0 0 -1 0 0 -1 0 -1 -1.35664e-5 -0.1502963 -0.988641 1.29471e-4 0 -0.2393483 -0.9709339 -0.7070932 -0.7071204 0 -0.707109 -0.7071046 0 0 -0.2393485 -0.9709337 -0.7071039 -0.7071097 0 0.7071066 -0.7071071 0 -0.7071145 -0.707099 0 -0.7071059 -0.7071077 0 0 0 -1 1 -1.50501e-6 0 0 0 -1 -1 1.64704e-6 0 -1 1.93806e-6 0 -1 7.52769e-7 0 0 0 -1 0.9961262 0.08793497 0 1 0 0 0 0 -1 -2.77574e-7 0 1 2.36792e-6 0 1 2.57643e-6 0 1 -3.18831e-6 0 1 1 0 0 -1 2.5623e-6 0 -1 1.31558e-6 0 0 0 1 0 -1 6.3253e-6 -1 4.67399e-6 0 0 -1 -2.55781e-6 -2.73144e-6 0 1 2.66329e-6 0 1 -4.60774e-6 0 1 0 0 -1 1 0 0 1 0 0 0 0 -1 -1 1.81529e-6 0 0 1 0 0 0 -1 0.9772969 -0.2118747 0 0 0.2393471 -0.9709342 0 0 -1 1.19993e-6 0 1 -1.01945e-6 0 1 -1 2.95733e-6 0 -0.9773012 -0.2118549 3.57722e-5 0 -0.7071098 0.7071039 0 -0.823044 0.5679777 1 0 0 -1.48529e-6 0 1 0 0 -1 0 0 -1 0 0 -1 0 -1 -7.22315e-6 0 -1 -2.47274e-6 0 0 -1 0 -1 5.51964e-6 0 -1 7.08839e-6 -0.9773012 -0.2118545 3.57863e-5 0 0 -1 0.1502041 -0.988655 0 1 0 0 1 0 0 -1 3.79407e-6 0 1.39086e-6 0 1 -2.4579e-6 0 1 1 0 0 1 0 0 1 0 0 1 0 0 -3.43454e-6 0 1 1 0 0 0 0 -1 0 0 -1 0 0 -1 0 0 -1 0 0 -1 0 0 -1 0 0 -1 -1 1.31629e-6 0 0 -1 -3.94652e-6 1 0 0 1 0 0 0.7703909 0.6375718 5.45147e-5 0 -1 7.11355e-6 1 0 0 0 0 -1 -1 -2.84696e-6 0 1 0 0 2.90615e-6 0 1 -1 2.32688e-6 0 5.0328e-5 -0.7070561 0.7071575 0 0 -1 0 0 -1 1 0 0 1 0 0 -1 -1.23669e-6 0 0 0 -1 -1.01838e-6 0 1 5.557e-7 0 1 6.91186e-7 0 1 0 0 -1 0 0 -1 1 0 0 1 0 0 0 -1 -4.78235e-6 0 -1 2.22096e-6 -1 -3.1451e-6 0 0 1 0 1.52179e-6 0 1 -6.83269e-7 0 1 1 -1.63951e-6 0 1 -1.28897e-6 0 1.85635e-7 0 1 -7.16698e-7 0 1 -1.70283e-7 0 1 -6.29555e-7 0 1 -0.1502483 -0.9886483 2.16807e-5 -1.35271e-6 0 1 0 0 -1 6.66205e-7 0 1 -6.79641e-7 0 1 3.06039e-6 0 1 -1 2.27889e-6 0 1 0 0 -1.57828e-6 0 1 -1.70994e-6 0 1 0 -1 4.36581e-6 -2.2279e-6 0 1 6.69267e-7 0 1 0 1 0 2.19815e-6 -0.7071093 0.7071043 0 1 0 0 0 -1 -1 2.58118e-6 0 -2.62872e-6 0 1 1.02046e-6 0 1 -1.15794e-6 0 1 1 0 0 -2.96534e-7 0 1 -1.92274e-6 0 1 1 0 0 1 0 0 1 0 0 -2.1029e-6 0 1 0 -1 -2.28694e-5 2.41007e-6 0 1 -2.19191e-6 -0.7071095 0.707104 -4.52429e-6 0 1 1 0 0 1 0 0 0.9772968 -0.2118751 0 1 0 0 -1.49884e-6 -0.7071079 0.7071058 6.66086e-7 0 1 4.86482e-6 0 1 -3.81296e-6 -0.7071071 0.7071066 1.55332e-6 -0.7071056 0.707108 0 -0.7071107 0.7071029 1.73263e-6 -0.7071025 0.707111 0 -1 2.47709e-6 -1 3.409e-7 0 2.68708e-6 -0.7071048 0.7071088 1 0 0 0 -0.7071089 0.7071047 -1 2.44054e-6 0 -1 1.33095e-6 0 0 -1 -2.59474e-6 0 -1 9.64167e-7 0 -0.7071098 0.7071039 1.40346e-6 -0.7071082 0.7071054 -2.38558e-6 -0.707108 0.7071056 -2.86698e-6 -0.7071096 0.7071039 0.546154 0.8376849 1.36301e-5 0 -0.7070292 0.7071844 2.19625e-6 -0.7071089 0.7071047 -1.4338e-6 -0.7071086 0.707105 -2.54411e-6 -0.7071048 0.7071088 -2.4658e-6 -0.7071068 0.7071068 0 -0.7071108 0.7071028 -1.4338e-6 -0.707108 0.7071056 -2.91004e-6 -0.7071024 0.7071112 1.43349e-6 -0.7071108 0.7071029 -1.4335e-6 -0.7071105 0.7071031 1.4335e-6 -0.7071105 0.7071031 0 -0.707109 0.7071046 1.4335e-6 -0.7071104 0.7071032 -1.4338e-6 -0.7071082 0.7071053 0 -0.7071065 0.7071071 0 -0.7071058 0.7071079 6.32613e-6 -0.7071064 0.7071073 -1.4338e-6 -0.7071079 0.7071058 3.00392e-6 -0.7071056 0.7071079 0 -0.7071061 0.7071076 0 -0.7071074 0.7071062 0 -0.7071043 0.7071093 6.30994e-6 -0.7071075 0.7071062 0 -0.7071039 0.7071096 2.84283e-6 -0.7071054 0.7071082 2.37827e-6 -0.7071068 0.7071068 2.86698e-6 -0.7071068 0.7071068 -3.10513e-6 -0.7071095 0.7071041 -2.39732e-6 -0.7071059 0.7071077 0 -0.7071085 0.7071051 2.86699e-6 -0.7071082 0.7071053 -2.86761e-6 -0.7071089 0.7071046 0 -0.7071056 0.707108 0 -0.7071046 0.7071089 5.79878e-6 -0.7071062 0.7071075 5.85667e-6 -0.7071052 0.7071084 0 -0.7071046 0.707109 -2.86698e-6 -0.7071011 0.7071126 -1.42295e-6 -0.7071054 0.7071082 4.30045e-6 -0.7071048 0.7071089 -1.46976e-6 -0.7071018 0.7071118 -2.86699e-6 -0.7071046 0.7071089 5.6262e-6 -0.7071068 0.7071068 2.86697e-6 -0.7071043 0.7071092 1 0 0 0 -0.7071045 0.7071091 5.73517e-6 -0.7071068 0.7071068 2.86699e-6 -0.7071096 0.7071039 -5.63188e-6 -0.7071089 0.7071048 0 -0.7071033 0.7071104 3.11441e-6 -0.7071049 0.7071088 1.43349e-6 -0.7071053 0.7071082 1.45886e-6 -0.7071046 0.707109 -5.73399e-6 -0.7071033 0.7071104 0 -0.7071047 0.7071089 -5.73394e-6 -0.7071042 0.7071094 5.73395e-6 -0.7071058 0.7071079 1.03145e-4 -0.7071456 0.707068 0 -0.7071096 0.7071041 1.76639e-6 -0.7071081 0.7071055 0 0 -1 0 -0.7071063 0.7071073 -2.86697e-6 -0.7071043 0.7071092 1.4335e-6 -0.7071075 0.7071061 0 -0.7071924 0.7070212 -1.31851e-4 -0.707108 0.7071056 -5.73395e-6 -0.7071053 0.7071082 0 -0.7071078 0.7071059 -4.30049e-6 -0.7071046 0.7071089 -7.99196e-5 -0.7070514 0.7071622 5.73396e-6 -0.7071081 0.7071056 -2.53189e-6 -0.7071068 0.7071068 3.51445e-5 -0.7070409 0.7071727 -5.73398e-6 -0.7071053 0.7071082 2.8327e-6 -0.7071089 0.7071047 0 -0.7071036 0.7071099 -7.78165e-5 -0.7071617 0.7070519 0 -0.707108 0.7071056 0 -0.7071074 0.7071062 -5.24218e-6 -0.7071073 0.7071063 5.70924e-6 -0.7071071 0.7071065 0 -0.7071048 0.7071089 0 -0.707107 0.7071066 0 -0.7071062 0.7071074 -1.53126e-6 0 1 -1 9.3845e-7 0 -6.00752e-6 -0.707112 0.7071015 -1 1.48436e-6 0 3.9473e-5 -0.7071703 0.7070434 -2.20706e-6 -0.7071076 0.7071061 -1 2.19385e-6 0 -1 3.09958e-6 0 0 -0.7071068 0.7071069 2.26723e-6 -0.7071074 0.7071062 2.71582e-6 -0.7071088 0.7071048 0 -0.7071059 0.7071077 1 0 0 -1 2.91498e-6 0 0 -0.7071076 0.7071061 3.16833e-6 -0.7071088 0.7071049 -1.55642e-6 -0.7071068 0.7071068 -3.52447e-6 -0.7071064 0.7071073 6.50421e-6 -0.7071084 0.7071052 0 -0.7071071 0.7071065 -5.71971e-6 -0.7071089 0.7071046 -5.64577e-6 -0.707107 0.7071067 0.8702281 -0.4926493 2.38484e-5 -6.20042e-6 -0.7071056 0.7071079 4.53089e-6 -0.7071046 0.7071091 2.66137e-6 -0.7071052 0.7071084 -3.29148e-6 -0.7071046 0.7071091 -6.21547e-6 -0.7071062 0.7071074 1.59625e-7 -0.7071103 0.7071034 -3.4465e-6 -0.7071089 0.7071046 0 1 0 -1 -1.92574e-6 0 0 1 0 -3.12486e-6 -0.7071117 0.707102 -3.10098e-6 -0.7071037 0.7071099 0 0 -1 -1 1.49741e-6 0 1 0 0 -0.9961139 0.08807462 0 0 0.2393478 -0.970934 1 0 0 2.27967e-6 -0.7071077 0.7071059 1.05307e-6 -0.7071063 0.7071073 -1.65388e-6 -0.7071076 0.7071059 -1.73374e-6 -0.7071094 0.7071042 0 -0.7071085 0.7071052 0 0 -1 -1 1.23789e-6 0 1 0 0 0 0 -1 0 0 -1 1 0 0 1 0 0 0 0 -1 1 0 0 0 0 -1 0 0 -1 -1.93015e-6 -0.7071053 0.7071082 0 -0.7071002 0.7071134 0 -0.7071031 0.7071105 0 0 -1 0 0 -1 1.81095e-6 0 1 -2.5557e-6 0 1 -1 2.74157e-6 0 -3.41269e-6 0 1 -2.74263e-6 0 1 1 0 0 1 0 0 3.13661e-7 -0.7071065 0.7071071 0 -0.7071044 0.7071092 -1 1.57862e-6 0 -1 -9.90409e-7 0 -3.05224e-6 -0.7071083 0.7071053 2.7553e-6 -0.7071048 0.7071089 2.97191e-6 -0.7071057 0.7071079 0 -0.7071074 0.7071062 1 0 0 -1.67322e-6 -0.7071034 0.7071101 2.90439e-6 -0.7071039 0.7071097 -9.10406e-7 -0.7071052 0.7071084 3.02503e-6 -0.7071034 0.7071102 1 0 0 1.47669e-6 -0.7071076 0.7071061 -4.16835e-6 -0.7071058 0.7071079 -1 -5.58703e-6 0 0.8701642 -0.4927619 0 -2.80928e-6 -0.7071054 0.7071082 1 0 0 1 0 0 1 0 0 -1.16535e-6 0 1 -1 -2.56995e-6 0 1.56267e-6 -0.7071072 0.7071064 1 0 0 1 0 0 -1 4.88602e-7 0 1.7055e-6 -0.7071085 0.7071051 0 -0.7071093 0.7071043 2.56736e-6 -0.7071058 0.7071078 7.75567e-5 -0.7070515 0.7071622 1.80706e-6 -0.7071049 0.7071088 -1.9115e-6 -0.7071088 0.7071048 2.95261e-6 -0.7071076 0.7071061 -7.16594e-7 -0.7071068 0.7071068 6.20346e-5 -0.7071738 0.7070398 -2.83563e-6 -0.7071068 0.7071068 1 0 0 4.25449e-6 -0.7071061 0.7071075 -7.69916e-5 -0.7070512 0.7071624 0 1 0 0 0 -1 0 1 0 -2.4975e-6 -0.7071074 0.7071062 7.01595e-5 -0.7071653 0.7070483 -2.68004e-6 -0.7071059 0.7071076 -1.68518e-6 -0.7071061 0.7071075 0 -0.707107 0.7071067 -1.3789e-6 -0.7071067 0.7071069 -2.95684e-6 -0.7071057 0.7071079 2.00949e-6 -0.7071062 0.7071074 -8.94292e-7 -0.7071081 0.7071056 0 0 -1 1.38156e-6 -0.7071043 0.7071093 -1 -6.51599e-6 0 1 0 0 0.8702374 -0.4926326 -2.2581e-4 0 1 0 0 0 -1 0.870216 -0.4926705 0 0 1 0 -1 4.97956e-6 0 -1 -6.00914e-6 0 0.8702256 -0.4926537 6.55031e-5 -1.07028e-4 -0.7070804 0.7071333 0 1 0 -1 -2.38764e-6 0 1 0 0 -1 -2.55284e-6 0 -5.8134e-6 0 1 1.40111e-6 -0.7071075 0.7071061 -7.7449e-5 -0.7071592 0.7070545 1 0 0 -2.55334e-6 -0.7071042 0.7071093 0 -0.7071033 0.7071104 0 -0.7071095 0.7071042 1 0 0 0.437106 -0.8994101 8.18169e-5 0 -1 -1.05469e-5 0 1 0 -1.70161e-6 0 1 -5.38109e-6 0 1 -1 -9.92142e-7 0 -1 2.45244e-6 0 -1 -9.56157e-7 0 0.7703831 0.6375814 0 0 -0.7071076 0.7071059 -2.49347e-6 0 1 2.75715e-6 0 1 1 0 0 1 0 0 -5.25911e-7 -0.7071038 0.7071098 3.43278e-6 -0.707107 0.7071067 -1 2.34483e-6 0 0 0 -1 0 0 -1 1 -1.62132e-7 0 0 0 -1 1 0 0 0.1502375 -0.98865 -5.45478e-5 0.770383 0.6375815 0 -1 -1.19598e-6 0 0 -1 -1.50292e-5 0 0 -1 0 1 0 0.8702636 -0.4925864 -1.53366e-4 0 1 0 -1 -4.45915e-6 0 1 0 0 0 1 0 -1 -8.64519e-7 0 0.9772963 -0.2118775 0 1.29927e-6 0 1 0 1 0 0 0 -1 0 0 -1 0.4371053 -0.8994104 8.17953e-5 1 0 0 -1 2.41135e-6 0 0 0 -1 0 1 0 0 0 -1 0 0 -1 1 0 0 1 0 0 -1 1.45298e-6 0 -1 -1.27434e-6 0 -1 -4.93888e-6 0 -1 -9.75941e-7 0 0 0 -1 1 0 0 0 0 -1 1 0 0 0 0 -1 0 0 -1 0.1502374 -0.98865 -5.45333e-5 -1 -1.65191e-6 0 1.06022e-6 0 1 1 0 0 1 0 0 1 0 0 -1 3.43879e-6 0 -1 6.91187e-6 0 2.85674e-6 -0.7071058 0.7071079 -1.41376e-6 -0.7071061 0.7071075 0 -0.4646464 0.8854964 -1.39467e-6 -0.7071054 0.7071082 1.42478e-6 -0.7071086 0.707105 0 -0.7071079 0.7071057 4.7125e-6 -0.707106 0.7071076 0.8702362 -0.4926347 0 0 0 -1 0 0 -1 -3.11578e-6 -0.7071068 0.7071068 1 0 0 -4.29534e-6 -0.7071065 0.7071072 1.43334e-6 -0.7071053 0.7071082 -1 -1.30041e-6 0 -4.28429e-6 -0.7071086 0.7071051 -1.43843e-6 -0.7071072 0.7071065 -4.01905e-6 0 1 2.77473e-7 0 1 0.9773089 -0.2118195 7.01565e-5 1 0 0 -1 2.19107e-6 0 -2.65808e-6 -0.7071062 0.7071075 -5.46872e-6 -0.7071051 0.7071085 1.32294e-6 -0.7071085 0.7071052 -1.13361e-6 -0.7071066 0.707107 0 -0.7071055 0.7071081 3.77177e-6 -0.7071076 0.7071059 1 0 0 -2.89815e-6 -0.7071075 0.7071061 -1.41557e-6 -0.7071089 0.7071046 2.67608e-6 -0.707108 0.7071056 2.78558e-6 -0.7071061 0.7071075 1 -1.4322e-6 0 1 0 0 1 0 0 1 0 0 0 0 -1 2.83219e-6 -0.7071065 0.7071072 1.45226e-6 -0.7071079 0.7071057 0 0 -1 1 0 0 -1 5.34187e-6 0 1 0 0 0 1 0 0 1 0 0 1 0 1 0 0 0 1 0 1 0 0 1 0 0 -4.25441e-6 -0.7071072 0.7071065 -1.42493e-6 -0.7071075 0.7071061 0 0.6631102 -0.7485218 0 0 -1 0 -0.6631035 -0.7485278 -0.7071079 0.7071057 0 1 0 0 -0.707109 0.7071046 0 -1.32739e-6 0 1 0 -0.6631045 -0.7485269 0.7071065 0.7071071 0 0.7071072 0.7071064 0 -1 1.72184e-6 0 -0.7071043 0.7071092 0 -0.7071045 0.7071092 0 0.7071075 0.7071061 0 0.707107 0.7071067 0 -0.7071023 0.7071112 0 0 0 -1 0.7071055 0.7071081 0 1 0 0 0.7071085 0.7071051 0 0 0 -1 1.17761e-6 0 1 0 0 -1 0 0 -1 0 0 -1 0 0 -1 0 0 -1 2.79353e-6 -0.7071075 0.7071061 2.80056e-6 -0.7071068 0.7071068 -1.41753e-6 -0.7071047 0.7071089 0 1 0 0 1 0 -2.7366e-6 -0.7071048 0.7071088 1.421e-6 -0.7071075 0.7071061 -2.80146e-6 -0.7071054 0.7071082 0.870284 -0.4925504 -8.09422e-5 1 0 0 -1 1.4177e-6 0 1 0 0 -1 2.64973e-6 0 0 0 -1 1 0 0 1 0 0 0 0 -1 0 1 0 -1 -1.3014e-6 0 0 0 -1 0 0 -1 0 0 -1 0 0 -1 -0.9961243 0.0879575 0 -1 -2.8414e-6 0 -1 -6.53393e-7 0 -2.64974e-6 -0.7071068 0.7071068 -1 2.69877e-6 0 0 1 0 -1 1.60672e-6 0 -1 2.18291e-6 0 0 0 -1 1 0 0 0 0 -1 -1.85636e-6 0 1 -2.20055e-6 0 1 0 1 0 0 0 -1 -1 -1.99852e-7 0 2.40232e-6 0 1 1 0 0 0 1 0 1 0 0 1 0 0 -1 3.32304e-6 0 -1 8.29763e-7 0 -1 1.12453e-6 0 1 2.21532e-6 0 -1.06412e-6 0 1 0 1 0 0 0 -1 0 1 0 1 0 0 1 0 0 -1 3.13155e-7 0 0 0 -1 0 1 0 -1 1.41425e-6 0 0 0 -1 0 1 0 1 0 0 1.2122e-6 0 1 4.30318e-6 -0.7071057 0.7071079 -1.42834e-6 -0.7071061 0.7071076 -1 -4.58992e-6 0 0.9961133 0.08808141 0 1 0 0 0 0.9350427 -0.3545354 -0.7071056 0 -0.707108 -0.7071024 0 0.7071112 0.7071115 0 -0.7071021 0.7071056 0 -0.707108 0 1 0 -0.2726439 0.9621151 0 0 1 0 0 0 -1 1 0 0 1 0 0 1 0 0 -0.6846261 -0.7288946 1.0902e-4 -1 -1.25988e-6 0 1.42643e-6 -0.7071075 0.7071061 2.84849e-6 -0.7071075 0.7071061 0 0 -1 0 0 -1 1 0 0 1 0 0 0 0 -1 0 0 -1 0 0 -1 1 -1.34182e-6 0 -3.43641e-7 -0.7071098 0.7071039 0 1 0 -1 -2.83401e-7 0 -0.7071073 0 -0.7071063 -0.7070978 0 0.7071158 1 0 0 -0.1502242 -0.9886521 -1.3634e-4 1 3.42807e-7 0 -1 -1.82738e-6 0 0 0.9350423 -0.3545362 -1 -1.44344e-6 0 -1 7.53021e-7 0 -1 -5.32126e-7 0 1 1.35502e-6 0 -1 -1.28943e-6 0 0 -0.6630241 -0.7485982 0 -0.6630235 -0.7485986 0 0.6631055 -0.748526 -0.7071026 0 -0.707111 -1 1.96501e-6 0 0 0.663111 -0.7485212 0 0 -1 0 0 -1 0 0.4646444 0.8854975 -1 1.10884e-6 0 1 7.28583e-7 0 2.88542e-6 -0.7071077 0.7071059 -2.87286e-6 -0.7071068 0.7071068 -1 3.38379e-6 0 0.8702349 -0.4926373 -2.2581e-4 -1 1.02053e-6 0 -1 -2.57671e-6 0 0.6847178 -0.7288083 0 1 1.23543e-6 0 0 1 0 0 1 0 0 0 -1 0 0 -1 0 0 -1 0 1 0 1 0 0 -2.57075e-6 -0.7071087 0.7071049 0 -0.7071104 0.7071032 -1 1.75048e-6 0 -1 -7.51197e-7 0 -1 1.66246e-6 0 -1 7.39593e-7 0 1 0 0 1 0 0 -1 -7.44294e-7 0 1 0 0 0 0 -1 -9.83447e-7 0 1 -1 1.60375e-6 0 -1 0 0 -1 3.12045e-6 0 -1 -1.05728e-6 0 1 6.31915e-7 0 0 1 0 -1 -2.60115e-6 0 -1 1.46333e-6 0 0 0 -1 1 0 0 0 1 0 1 0 0 0 0 -1 -1 -2.90427e-6 0 4.42018e-6 0 1 -1 -2.81312e-6 0 0 0 -1 0 1 0 0.7071058 0.7071079 0 -1.68917e-6 0 1 -1 3.43879e-6 0 0 0.663024 -0.7485982 -1 1.36216e-6 0 -1 -3.7564e-6 0 0 -1 -1.04647e-5 0 1 0 0 0 -1 0 1 0 -0.9249628 0.3800578 -4.26075e-6 -1 3.40624e-7 0 -1 -1.15961e-6 0 0 1 0 1 0 0 0.7071074 0.7071063 0 0 -0.6630268 -0.7485957 0 -0.663028 -0.7485947 1 0 0 -1 1.86507e-6 0 -1 2.40015e-6 0 1 0 0 0 -0.6631103 -0.7485218 0 1 0 0 1 0 -0.9250017 0.3799633 1.49133e-4 0 1 0 1 0 0 0 -0.6630278 -0.7485948 1 0 0 1 0 0 0 1 0 1 0 0 0 1 0 -1 -2.01539e-6 0 -0.9250008 0.3799654 -1.55186e-4 -1 2.37853e-6 0 0 1 0 0 1 0 -1 5.1013e-6 0 0 1 0 0 1 0 -1 -1.23711e-6 0 0 1 0 1 0 0 -1 3.55134e-6 0 1 0 0 1 0 0 0 1 0 1 0 0 0 1 0 0 0 -1 0 1 0 1 0 0 -1 -2.75095e-6 0 0 1 0 -0.7071052 0.7071085 0 0 0 -1 0 0 -1 0 1 0 -0.1502031 -0.9886553 -1.55034e-5 0 1 0 0 1 0 0.9772967 -0.2118755 4.25972e-6 0 1 0 0 1 0 0 0 -1 0 1 0 0 1 0 0 1 0 0 1 0 1 0 0 0 1 0 1 0 0 -1 2.83394e-6 0 0 0.6631041 -0.7485272 0 0 -1 -0.272631 0.9621188 6.79128e-5 -1 6.53547e-7 0 0 -0.4647092 0.8854634 0 1 0 0 1 0 0 1 0 0 0 -1 0 1 0 -1 -2.71327e-6 0 0 0.6630289 -0.7485938 0.9773321 -0.2117123 -7.88183e-5 0 -0.2393466 -0.9709343 0 1 0 1 0 0 -0.7071055 -0.7071081 0 0.7071105 -0.7071031 0 0.7071053 -0.7071082 0 0 0.4647133 0.8854612 0.7071062 -0.7071074 0 0.7071055 -0.7071081 0 -1 3.63859e-6 0 0 -1 -5.69937e-6 0 0.464644 0.8854977 0.7071093 -0.7071042 0 0.7071089 -0.7071047 0 0 0.9350458 -0.3545272 -0.7071057 -0.707108 0 0.7071096 -0.707104 0 0.7071093 -0.7071043 0 0.7071101 -0.7071036 0 0.707109 -0.7071046 0 0.7071084 -0.7071053 0 -0.6846334 -0.7288876 0 -0.7071106 -0.7071031 0 -1.18425e-6 0 1 0 1 0 -1 2.86019e-6 0 1 0 0 1 0 0 1 0 0 1 0 0 -1 -2.68239e-6 0 0 -1 -9.49257e-6 1 0 0 0 1 0 0 1 0 0 1 0 -0.1503034 -0.98864 1.45332e-4 1 0 0 -1 3.24038e-6 0 -1 4.47712e-6 0 0 0 -1 0 0 -1 0 1 0 1.48648e-6 0 1 0 0 -1 -1 1.9621e-6 0 0 1 0 -1 -3.23094e-6 0 1.56077e-6 0 1 0 1 0 -1 1.68368e-6 0 7.9958e-7 0 1 1 0 0 1.01705e-6 0 1 -1 1.06788e-6 0 1 0 0 1 0 0 -2.93082e-6 0 1 0 -1 1.36169e-5 0 0.2393485 -0.9709338 -0.8702562 -0.4925994 0 0 0 -1 0 0 -1 0 0 -1 1 0 0 -1 1.42769e-6 0 0 -1 5.8298e-6 1 0 0 1 0 0 1 0 0 0 0 -1 2.35425e-6 0 1 1 0 0 0 -1 6.62677e-6 1 0 0 0 1 0 -1 -6.53533e-7 0 9.73454e-6 -0.7071095 0.7071042 0 1 0 0 1 0 0 1 0 0 1 0 1 0 0 3.10793e-6 -0.7071072 0.7071064 1 0 0 -1 -2.39468e-6 0 1 0 0 0 -0.7071078 0.7071058 0 0 -1 1 0 0 -1 -2.26471e-6 0 -0.6845706 -0.7289465 2.38603e-4 0.7071068 0 0.7071068 -0.6845766 -0.728941 0 -0.7071056 0 -0.707108 0.7071039 0 -0.7071098 0 1 0 -1 -1.57064e-6 0 0 1 0 2.2402e-6 -0.7071057 0.7071079 0 0 -1 0 0 -1 1 0 0 -0.8702156 -0.4926712 0 1 0 0 0 1 0 0 0 -1 0 0 -1 1 0 0 0 1 0 0 0 -1 -1 2.1067e-6 0 9.04833e-7 0 1 -2.33726e-6 0 1 0 0.6631042 -0.7485271 1.61278e-6 0 1 -1 -5.90008e-7 0 -0.6845665 -0.7289505 0 0 0 -1 0 0 -1 0 0.6630294 -0.7485934 4.51088e-7 0 1 0 0 -1 -0.7071117 0 -0.7071019 0 -0.6631093 -0.7485226 2.33726e-6 0 1 -0.7071023 0 0.7071112 -3.00347e-6 0 1 -0.8701626 -0.4927648 0 1.90227e-6 0 1 2.71294e-6 0 1 0 0 -1 -1 -4.14113e-6 0 0 0.9350117 -0.3546169 -0.7071046 0 0.707109 -2.07914e-6 0 1 -1.58478e-6 0 1 -2.3174e-6 0 1 0 0 -1 0 0 -1 -1.40014e-7 0 1 0 0 -1 0 0 -1 1 0 0 0 0 -1 2.31604e-6 0 1 2.76729e-6 0 1 -0.7071098 0 -0.7071037 0 0 -1 -0.7071101 0 -0.7071036 -0.7071081 0 -0.7071055 0 0 -1 1.81257e-6 0 1 1.78981e-6 0 1 0 0 -1 1.37195e-6 0 1 0 0 -1 1 0 0 1 0 0 1 0 0 1 0 0 1 0 0 -1 -3.20897e-6 0 1 0 0 -0.2726469 0.9621143 2.70942e-5 0 1 0 0 0 -1 1.58722e-6 0 1 1 0 0 -0.4371986 -0.8993651 0 -1 7.48223e-7 0 1 0 0 0 0 -1 0 1 0 0 0 -1 1 0 0 0 -1 7.14038e-6 1 0 0 1 0 0 0 1 0 1.15084e-6 0 1 1 0 0 -1 -3.39176e-6 0 -1 -2.74058e-6 0 0 -1 -7.89607e-6 0 0 -1 -1 9.10583e-7 0 -1 -3.62368e-6 0 0 -1 1.09622e-6 0 -1 9.74496e-6 -1 -2.10052e-6 0 1 0 0 1 0 0 1 0 0 1 0 0 -1 -2.22866e-6 0 -1 2.63532e-6 0 0 0 -1 -1.89085e-6 0 1 1 0 0 1 0 0 1 0 0 1 0 0 1 0 0 0.9772973 -0.2118726 0 -1 -1.14035e-6 0 -1 1.12272e-6 0 -1 4.57271e-6 0 1.32937e-6 -0.7071101 0.7071034 -1 1.25076e-6 0 1 -1.13083e-6 0 0.8702629 -0.4925877 3.18089e-5 1 -1.74793e-6 0 1 8.51677e-7 0 0 -1 -5.07259e-6 0 -1 -5.35086e-6 0 1 0 -1 2.46364e-6 0 -1 2.22595e-6 0 -1 3.53762e-6 0 0 -1 -3.76343e-6 -1 -4.77243e-7 0 1 0 0 0 0 -1 0 -1 -1.19681e-5 1 0 0 0.9961193 0.08801376 -1.00319e-4 -0.9961184 0.08802324 7.24098e-5 0 0 -1 1 0 0 0.272587 0.9621312 2.72646e-5 0 0 -1 1 0 0 1 0 0 -0.9250019 0.3799626 1.47404e-4 -0.9250416 0.3798661 0 -9.77204e-7 0 1 0 0 -1 1 0 0 1 0 0 1 0 0 -0.9961139 0.08807486 -3.49714e-5 -1 -1.40387e-6 0 1 0 0 0 1 0 1.59216e-6 0 1 0.4371061 -0.89941 8.17789e-5 0 0 -1 0 0 -1 -0.2725664 0.9621371 -1.19303e-4 0.272487 0.9621595 0 1 0 0 0.9961158 0.08805412 0 1.44984e-6 -0.7071081 0.7071056 -1 -2.25277e-6 0 0 0 -1 -0.2726376 0.9621169 0 0.7703325 0.6376426 -2.29828e-5 -0.8702353 -0.4926365 0 -1 1.90068e-6 0 -0.272702 0.9620987 0 -0.2724295 0.9621759 0 0 0 -1 -0.2724878 0.9621593 0 -0.2727023 0.9620985 0 0 0 -1 -0.2727028 0.9620984 0 -0.9961228 0.08797419 -1.49084e-4 -0.996114 0.08807504 0 -0.272488 0.9621592 0 1 0 0 -1 3.53488e-6 0 0 1 0 1 0 0 0 1 0 0 0.4647139 0.885461 0 0 -1 -5.36545e-7 0 1 0.9961216 0.08798855 1.19462e-4 0.996114 0.08807438 0 0 0 -1 0.1502102 -0.9886541 0 -1.16282e-6 0 1 -0.150388 -0.9886271 0 1 0 0 0 0 -1 0 0 -1 0.2724875 0.9621593 0 0.2725692 0.9621363 0 0.150317 -0.9886379 -1.70402e-4 -1 -2.82988e-6 0 0.27267 0.9621077 2.55641e-5 0 0 -1 0.6846868 -0.7288374 0 0.6844567 -0.7290535 0 -1 1.05596e-6 0 -8.59095e-7 -0.7071029 0.7071107 -3.42208e-6 -0.7071085 0.7071051 -3.16734e-6 0 1 0.2726433 0.9621152 0 -1 4.04293e-6 0 0 0 -1 0 0 -1 -0.27267 0.9621077 5.96495e-5 0 1 0 0 0 -1 0.7704603 0.6374881 -1.02285e-4 1 0 0 1 0 0 0 0 -1 1 0 0 2.52852e-6 0 1 -1 -3.35926e-6 0 1 0 0 0 1 0 -1 2.06716e-6 0 0 0 -1 2.93176e-6 0 1 0.9772965 -0.2118763 0 0.9773423 -0.211665 0 0.9773422 -0.2116659 0 1 0 0 0.7703946 0.6375674 4.25988e-5 0 0 -1 -3.08585e-6 -0.7071066 0.707107 0 0 -1 -4.35135e-7 -0.7071094 0.7071042 0.8703113 -0.492502 0 0.8703094 -0.4925056 0 1 0 0 -0.9773114 -0.2118077 -5.28256e-5 -0.6845765 -0.7289412 0 -0.6844564 -0.7290539 0 0 0 -1 1 0 0 0 1 0 0 0 -1 -1.7307e-6 0 1 0 0 -1 0 -1 5.66135e-6 0.8702356 -0.492636 0 -0.9961243 0.0879572 0 -1.19383e-6 0 1 1 0 0 -0.8702153 -0.4926717 0 -0.8702156 -0.4926713 0 1 3.81788e-7 0 0.7704268 0.6375287 4.14998e-5 1 1.8092e-6 0 0 -1 6.56167e-6 0 -1 5.51644e-7 1 0 0 0 -1 1.14934e-5 0 0.4646508 0.8854941 0 0.4646468 0.8854961 0 -0.8229721 0.5680819 -1 -2.1085e-6 0 -1 -3.62274e-6 0 0.9961158 0.08805364 0 -3.11419e-7 0 1 -3.93105e-7 0 1 0.996118 0.08802777 0 0.9250079 0.379948 0 0 -0.9926897 0.1206946 0.925008 0.3799479 0 0.8702571 -0.4925977 0 -1.41041e-6 0 1 0 0 -1 0 0 -1 0.9249869 0.3799991 0 0 0 -1 0.924987 0.3799988 0 1 0 0 0.8702563 -0.4925991 0 0.8702567 -0.4925985 0 0.7703381 0.6376358 0 0.7703382 0.6376356 0 0.5461366 0.8376961 0 -1 -1.49886e-6 0 1 0 0 0.4371262 -0.8994003 0 0.6846461 -0.7288756 0 0.5462052 0.8376515 0 2.11288e-6 0 1 0.2726689 0.962108 0 0.2726696 0.9621078 0 0.4371246 -0.899401 0 0.1503215 -0.9886372 0 1 0 0 0.4371249 -0.8994009 0 0.4371255 -0.8994007 0 0 0.9350095 -0.3546228 2.43237e-6 0 1 0.2725837 0.9621321 0 1 -2.33181e-7 0 1 8.02046e-7 0 1 2.32064e-6 0 1 8.92734e-7 0 1 2.1492e-6 0 0 0.4646488 0.8854951 -1 1.23271e-6 0 -0.1502993 -0.9886406 0 0.1502994 -0.9886406 0 1 0 0 -1 -1.07798e-6 0 0 -1 8.95058e-6 1 0 0 -1 -8.41184e-7 0 -0.2725691 0.9621362 0 0 0 -1 0 -0.9350135 -0.3546124 -0.4371245 -0.8994011 0 -0.1503211 -0.9886372 0 -0.2726697 0.9621078 0 -0.5462042 0.837652 0 -0.2725694 0.9621362 0 -0.6846449 -0.7288768 0 0 -0.9927123 0.1205091 -0.6846451 -0.7288767 0 -0.4371195 -0.8994035 0 -0.5462045 0.837652 0 -0.7703388 0.6376348 0 -0.7703394 0.6376341 0 -0.8702571 -0.4925977 0 -2.49454e-6 0 1 -0.870257 -0.4925979 0 -0.8702206 -0.4926624 0 -0.6846351 -0.728886 0 -0.7704121 0.6375464 0 -0.7704122 0.6375462 0 -0.9250091 0.379945 0 -0.9249876 0.3799974 0 -0.977302 -0.2118514 0 -0.9773018 -0.2118515 0 0 0 -1 -0.9250085 0.3799467 0 -1 1.31258e-6 0 -1 -1.24742e-6 0 -0.9961181 0.08802747 0 -0.9961181 0.08802747 0 1 0 0 0 0.9350149 -0.3546085 2.46282e-6 -0.7071064 0.7071073 1 0 0 1 0 0 -1 -2.1164e-6 0 0.9773017 -0.2118529 0 0.9773193 -0.2117711 0 -1 5.51834e-7 0 0.8702479 -0.4926143 0 0.9249868 0.3799993 0 0.7703631 0.6376054 0 0.6845601 -0.7289565 0 0.6845597 -0.7289569 0 0.7703512 0.6376199 0 0 1 0 0.4371214 -0.8994026 0 0.4371208 -0.8994029 0 0.2726416 0.9621157 8.76705e-5 0.1502008 -0.9886555 0 0 0 -1 1 -1.52875e-6 0 -0.150201 -0.9886556 0 -0.2725874 0.962131 0 -1 1.83064e-6 0 0 0.935046 -0.3545265 -0.4371237 -0.8994014 0 -0.5461702 0.8376743 0 -1 3.1527e-6 0 -0.6845619 -0.7289549 0 -0.43712 -0.8994032 0 -0.7703503 0.6376211 0 -0.7703505 0.6376208 0 0 0 -1 -0.6845654 -0.7289515 0 1 0 0 -0.9249878 0.3799969 0 1 0 0 -0.9773191 -0.2117722 0 -1 -2.24942e-7 0 -0.996118 0.08802777 0 -0.9773018 -0.2118519 0 1 0 0 1 0 0 -0.870221 -0.4926617 0 -0.977319 -0.2117727 0 0.7071093 -0.7071043 0 0 0 -1 -1 1.96395e-6 0 -0.9773192 -0.2117716 0 1 0 0 0 -0.707105 0.7071086 0.6845648 -0.7289521 0 0.7703512 0.6376199 0 1 0 0 0.996118 0.08802777 0 -0.9249874 0.3799977 0 0.7071059 -0.7071077 0 0.1503216 -0.9886372 0 0.4371232 -0.8994017 0 1 0 0 -0.7703394 0.6376343 0 -0.7703515 0.6376196 0 0.5461381 0.8376953 0 0.2726699 0.9621077 0 0.5462056 0.8376511 0 -0.6845653 -0.7289516 0 3.33593e-6 0 1 0.9249576 0.3800703 0 0.8702208 -0.4926618 0 0 1 0 0 -1 -1.27786e-5 -0.9961158 0.0880537 0 0.6847029 -0.7288224 2.43546e-5 0.9772979 -0.2118701 1.58283e-5 -0.870249 -0.4926121 0 3.13439e-7 0 1 -0.5462045 0.837652 0 -1 1.26804e-6 0 -0.7071101 -0.7071036 0 0 0 -1 5.50137e-7 0 1 -0.1503211 -0.9886372 0 -0.4371235 -0.8994015 0 -0.2725957 0.9621287 0 -1 -1.80971e-6 0 -8.67395e-7 0 1 -1 3.69107e-7 0 -0.7071068 -0.7071068 0 0.9772995 -0.2118628 1.70458e-5 0.9961158 0.0880537 0 0 -0.2393519 -0.9709329 1 0 0 1 4.61919e-7 0 -1 4.94387e-6 0 -1 3.35889e-6 0 -1 4.86698e-7 0 -1.15652e-6 0 1 0 -1 1.61925e-5 -1 -2.17789e-7 0 -1 2.19056e-6 0 1 0 0 1 0 0 -1 1.75312e-6 0 -1 -6.99393e-7 0 0.6846894 -0.7288351 0 -1 3.47981e-7 0 1 0 0 1 0 0 -1 2.49393e-6 0 -1 -3.20308e-6 0 0 1 0 0 -1 8.61597e-6 1 0 0 1.70565e-6 0 1 1 0 0 -1 -1.89936e-6 0 -1 1.30673e-6 0 -1 2.11375e-6 0 0 0 -1 -0.7071071 0 -0.7071066 0 0.9350459 -0.3545268 0 -0.6631014 -0.7485296 -1 -4.52714e-6 0 -1 -3.12732e-6 0 0 1 0 0 -0.2393485 -0.9709337 -1 1.2073e-6 0 1.26901e-6 0 1 -1 1.50074e-6 0 -1 2.14754e-6 0 1 0 0 1 0 0 1 0 0 0.8703092 -0.4925057 0 -3.02197e-6 0 1 2.64709e-6 0 1 0 0 -1 0 0 -1 1 0 0 1 0 0 0 0 -1 -1 3.46309e-6 0 -1 2.35487e-6 0 1 0 0 1.27649e-6 0 1 0 0 -1 1 0 0 1 0 0 2.56684e-6 0 1 1 0 0 0 0 -1 0 0 -1 -1 3.00114e-6 0 1 0 0 1 0 0 1 0 0 1 0 0 1 0 0 1 0 0 1.06473e-6 0 1 0 1 0 0 1 0 0 0 -1 1 0 0 1 0 0 2.69559e-6 0 1 -4.50823e-6 0 1 0 0 -1 1.15373e-6 0 1 -1 2.03951e-6 0 -3.17557e-6 0 1 -3.32777e-6 0 1 1 0 0 -1 -1.40494e-6 0 1 0 0 5.22622e-6 0 1 -1 -1.99399e-6 0 0 0 -1 1 0 0 -0.8701958 -0.4927062 -1.00711e-4 0 0 -1 1 0 0 0 -1 -9.6436e-6 -0.9961207 0.08799868 1.14475e-4 -1.8441e-6 0 1 1 0 0 -1 -3.72797e-6 0 0 0 -1 1 0 0 1 0 0 0 0 -1 0 0 -1 0 0 -1 1 1.32072e-6 0 1 0 0 -1 -2.18857e-6 0 1 0 0 0 0 -1 0 0 -1 -1 3.1231e-6 0 1.23308e-6 0 1 0 -0.4646416 0.8854988 0 0 -1 0 0 -1 1 0 0 1 0 0 1 0 0 0 0 -1 1 0 0 -1 -1.03112e-6 0 1 0 0 -1 -2.86926e-6 0 0 0 -1 2.86587e-6 0 1 -3.43547e-6 0 1 1 0 0 0 0 -1 0 0 -1 -1 1.63565e-6 0 8.18097e-7 0 1 0 0 -1 1 0 0 1 0 0 -1 2.94145e-6 0 -1 1.38958e-6 0 -1 -5.2824e-6 0 1 0 0 1 0 0 -1 -3.30855e-6 0 2.52642e-6 0 1 -1 -2.78811e-6 0 0 0 -1 0 0 -1 0 0 -1 -1 3.79597e-6 0 -1 -1.8566e-6 0 -1 2.65487e-6 0 -1 -2.74375e-6 0 1 0 0 -1 -3.46593e-6 0 -1 2.23549e-7 0 -1 2.40241e-6 0 -1 2.4168e-6 0 -1 -3.57424e-6 0 -1 3.82017e-6 0 -1 -3.11136e-6 0 -1 -3.00988e-6 0 1 0 0 0.9961133 0.08808141 0 0 0 -1 2.08227e-6 0 1 6.75292e-7 0 1 2.08102e-6 0 1 -1 2.19642e-6 0 0 0 -1 0 0 -1 -1 3.31734e-6 0 0 0 -1 0 0 -1 0 0 -1 1 0 0 -1.35192e-6 0 1 2.99285e-6 0 1 -6.05842e-7 0 1 -2.41574e-6 0 1 -2.55571e-6 0 1 1 0 0 1 0 0 1 0 0 -1 6.0914e-6 0 0 0 -1 -4.28439e-6 0 1 6.25978e-6 0 1 -0.5461343 0.8376978 -6.13492e-5 0 1 0 -1 2.92906e-6 0 -1 4.12782e-6 0 -1 -1.30621e-6 0 0 0 -1 0 0 -1 0 -1 1.36334e-5 0 -1 -5.17105e-7 0.9961141 0.08807253 0 0 1 0 -1 1.94427e-6 0 1 0 0 0 1 0 1 0 0 1 0 0 0 0 -1 0 0 -1 0 -1 1.29549e-5 2.06208e-6 0 1 -2.38097e-6 0 1 -2.73976e-6 0 1 2.387e-6 0 1 -0.9773115 -0.2118073 1.07338e-4 0 -1 7.07884e-6 -2.61427e-6 0 1 -1.01936e-6 0 1 -7.87744e-7 0 1 -1 0 0 0 0 -1 0 0 -1 -1 -1.32705e-6 0 -3.15868e-6 0 1 1 0 0 0 1 0 -1 -2.38378e-6 0 0 -1 3.97474e-6 0 -1 -9.16547e-6 0 0 -1 0 -1 -6.0795e-6 0 -1 -2.17812e-5 -1 -3.26194e-6 0 -1 1.07483e-6 0 0 0 -1 1 -1.68527e-6 0 -2.80798e-6 0 1 1.32662e-6 -0.7071042 0.7071095 -2.57591e-6 -0.7071042 0.7071093 -1.67902e-6 0 1 2.25461e-6 0 1 1 0 0 4.54124e-6 0 1 -2.43783e-6 0 1 0 0 -1 1 0 0 3.14461e-7 0 1 1.23535e-6 0 1 -4.39669e-6 0 1 3.27016e-6 0 1 2.6587e-6 0 1 0 1 0 0 0.9350463 -0.3545258 0 1 0 -1 4.88131e-7 0 1 -7.724e-7 0 1 0 0 -5.37961e-6 0 1 -2.46642e-6 0 1 0 0 -1 0 0 -1 1 -2.39233e-6 0 -7.0742e-7 -0.7071047 0.707109 0 -0.7071095 0.707104 -2.54963e-6 0 1 1 0 0 1 0 0 -1 2.84718e-7 0 -1 2.33559e-6 0 0 1 0 0 -1 -2.20523e-6 0.9249638 0.3800553 0 3.44589e-6 0 1 0 0 -1 0 1 0 4.09299e-7 0 1 2.05496e-6 0 1 0 0 -1 0 0 -1 1 0 0 -5.82635e-7 0 1 -2.32405e-6 0 1 0 1 0 -1 1.23283e-6 0 0 -1 -2.20711e-5 0 0.9927128 0.1205043 0 0 -1 -2.81817e-6 0 1 2.61164e-6 0 1 1.49645e-6 0 1 -2.35665e-6 0 1 1 0 0 -1 -2.62997e-6 0 -1 -1.2164e-6 0 2.42701e-6 0 1 0 0 -1 0 0 -1 1 0 0 -0.4371426 -0.8993923 1.22646e-4 3.57326e-6 0 1 -2.66221e-6 0 1 1.40319e-7 -0.7071093 0.7071043 -1 1.46721e-6 0 -1 -2.78291e-6 0 -1 3.35967e-6 0 2.65529e-6 0 1 2.25971e-6 0 1 2.52415e-6 -0.7071055 0.7071081 0 -0.7071039 0.7071097 -2.67571e-6 0 1 1.53545e-6 0 1 0 1 0 1 0 0 0 1 0 0 1 0 0 -1 1.95243e-5 5.35217e-6 0 1 0 1 0 -1 -2.40204e-7 0 -1 2.32355e-6 0 0 0 -1 1 0 0 -1 -3.54919e-6 0 1 0 0 -1 -2.33026e-6 0 0 -1 5.37794e-6 0 -0.7071101 0.7071036 0 0 -1 1 1.78285e-6 0 -1 2.30652e-6 0 0 0 -1 0 1 0 -1 4.77216e-6 0 1 0 0 1 0 0 0 1 0 0 0 -1 2.52144e-6 0 1 5.79257e-6 0 1 -2.44488e-6 0 1 5.16107e-6 0 1 -1 2.64431e-6 0 5.33905e-6 0 1 -5.18584e-6 0 1 0 1 0 -1 3.47866e-6 0 -1.99633e-6 0 1 2.3346e-6 0 1 -1 1.4223e-6 0 -3.60557e-6 -0.7071073 0.7071064 1 0 0 0 0 -1 3.08436e-6 0 1 2.63166e-6 0 1 0 0 -1 -1 3.55765e-6 0 -5.19195e-7 0 1 1 0 0 0 -1 2.36931e-5 -1 2.01384e-6 0 -1 -1.95019e-6 0 1 0 0 1 0 0 -1.77553e-6 0 1 -1.70108e-6 0 1 1 0 0 0 -0.7071076 0.707106 0 0 -1 0 1 0 -1 -2.27769e-6 0 -1 -1.51453e-6 0 -1.68787e-6 0 1 0 0 -1 0 0 -1 -6.06709e-6 0 1 -1 3.27285e-6 0 1 0 0 0 0 -1 -2.82225e-6 0 1 2.6171e-6 0 1 -3.07132e-6 0 1 2.27548e-6 0 1 0 -1 5.11603e-6 -1 2.55333e-6 0 -6.37398e-5 -0.7070452 0.7071684 -1.38782e-6 -0.7071051 0.7071085 -3.20139e-6 0 1 -3.77574e-6 0 1 3.04658e-6 0 1 3.51476e-6 0 1 -1 3.92013e-6 0 -1 3.78728e-6 0 -6.17406e-7 0 1 2.29216e-6 0 1 -1 -5.8337e-7 0 -1 -1.08426e-6 0 -1 2.16979e-6 0 -4.47929e-6 0 1 -1 -3.28182e-6 0 -1.38228e-6 -0.7071068 0.7071068 1.48852e-6 -0.7071076 0.7071061 0 0.6630247 -0.7485976 -2.64002e-6 -0.7071094 0.7071042 8.86914e-7 -0.7071088 0.7071048 1.41751e-6 -0.7071065 0.7071072 1 0 0 1 0 0 0 0 -1 0 0 -1 1 0 0 1 0 0 1 0 0 -1 -2.32234e-6 0 -2.6562e-6 0 1 1 0 0 -3.02537e-6 -0.7071037 0.7071098 0 0 -1 -1 2.97981e-6 0 -1 -1.6723e-6 0 -1 2.62221e-6 0 -1.43744e-6 0 1 0 -0.9926917 0.120678 -1 2.91113e-6 0 -1 -2.36869e-6 0 0 0 -1 0 0 -1 1 0 0 0 0 -1 6.14161e-7 0 1 -1 -1.60105e-6 0 -1 -3.49854e-6 0 -1.43582e-6 -0.7071089 0.7071046 2.87934e-6 -0.7071057 0.7071079 0 0 -1 -3.23613e-6 -0.7071056 0.707108 -7.46609e-5 -0.7071549 0.7070587 -3.26119e-6 -0.7071068 0.7071068 1 0 0 3.50842e-6 -0.7071063 0.7071073 1.32125e-6 -0.7071058 0.7071078 -2.85164e-6 -0.7071061 0.7071075 2.85911e-6 -0.7071054 0.7071083 -1 4.4626e-6 0 2.76543e-6 -0.7071089 0.7071048 0 -0.7071018 0.7071118 -2.00236e-6 -0.7071073 0.7071064 -5.67896e-6 -0.7071061 0.7071076 -2.88076e-6 -0.7071082 0.7071053 0 -1 -1.0416e-5 0 -1 -6.3165e-6 -2.90673e-6 -0.7071072 0.7071065 4.81509e-6 -0.7071044 0.7071092 0 1 0 0 -0.9926918 0.120678 2.72884e-6 -0.7071051 0.7071085 1 0 0 1 0 0 -1.47893e-6 -0.7071086 0.7071049 4.36488e-6 -0.7071053 0.7071083 0 0 -1 4.28641e-6 -0.707105 0.7071086 -1.46782e-6 -0.7071075 0.7071061 1.10382e-6 0 1 1 0 0 1 0 0 -1.68544e-6 -0.7071085 0.7071052 0 -0.9926915 0.1206803 -0.8702735 -0.4925689 1.15024e-4 1.44065e-6 -0.7071061 0.7071076 -4.72359e-6 -0.7071108 0.7071029 -1 -1.5537e-6 0 0 0 -1 -1 -1.0009e-6 0 -3.24805e-6 -0.7071068 0.7071068 2.65118e-6 -0.7071048 0.7071088 1 0 0 1 0 0 1 0 0 0 0 -1 0 0 -1 0 0 -1 0 0 -1 1 0 0 1 0 0 0 -0.7071033 0.7071102 1 0 0 0 0 -1 0 -1 7.56546e-6 0 -1 7.18241e-6 4.07957e-6 -0.7071058 0.7071079 1 0 0 1.11125e-6 -0.7071059 0.7071077 2.98577e-6 -0.7071068 0.7071068 2.74131e-6 -0.7071075 0.7071061 2.81551e-6 -0.7071051 0.7071086 -2.28373e-6 0 1 0 1 0 -2.42976e-6 -0.7071097 0.7071039 0 0 -1 0 0 -1 0 1 0 0 1 0 0 0 -1 0 0 -1 2.71199e-6 -0.7071081 0.7071055 0 -0.7071042 0.7071094 1 0 0 -1 -4.35169e-6 0 -1 3.25224e-6 0 -1 1.42648e-6 0 2.01177e-6 -0.7071043 0.7071093 -2.63121e-6 -0.7071053 0.7071083 2.87034e-6 -0.7071053 0.7071082 1 0 0 0 0.6631043 -0.748527 -1 -6.21532e-6 0 1 0 0 -1.71457e-6 -0.7071051 0.7071085 1.84887e-6 -0.7071063 0.7071073 -1 -7.25469e-6 0 -3.12456e-6 -0.7071092 0.7071045 -1 5.36063e-6 0 1.37028e-6 -0.7071089 0.7071048 -4.40515e-6 -0.7071046 0.707109 -1.89239e-6 -0.7071054 0.7071082 -1 -1.40071e-6 0 1 0 0 0 0 -1 1 0 0 1 0 0 -1 2.28855e-6 0 0 0 -1 -1 -2.22944e-6 0 -1 -2.43727e-6 0 1 0 0 -2.89852e-6 -0.707109 0.7071046 -1 -5.04138e-7 0 1 0 0 1 0 0 -1 -4.88423e-7 0 9.58052e-7 -0.7071059 0.7071078 -1 -3.77904e-6 0 1 0 0 0 -1 9.28357e-6 1 0 0 1 0 0 -1 8.34486e-7 0 -1 -7.91159e-7 0 0 0 -1 0 -0.9926926 0.120671 0 1 0 -1 -3.39643e-6 0 -1 -3.50914e-6 0 -1 1.43598e-6 0 0 0 -1 0 0 -1 1 0 0 1 0 0 0 -0.7071055 0.7071081 0 -0.7071034 0.7071101 1 0 0 -1 2.98502e-6 0 3.31871e-6 -0.7071101 0.7071034 1.69844e-6 -0.7071059 0.7071077 -1 -3.7366e-6 0 -1 -3.99965e-6 0 -1.14226e-6 -0.7071022 0.7071114 -2.56226e-6 -0.7071062 0.7071075 0 0 -1 0 0 -1 0 -0.9927123 0.1205096 -3.15456e-6 -0.7071092 0.7071045 -1.421e-6 -0.7071068 0.7071068 1 0 0 2.41109e-6 -0.7071104 0.7071032 -1.53243e-6 -0.7071053 0.7071083 0 1 0 1 0 0 1.57098e-6 -0.707106 0.7071076 2.69931e-6 -0.7071075 0.7071062 2.0681e-6 0 1 -1 -1.5957e-6 0 0 0 -1 1.19767e-6 -0.7071062 0.7071074 0 0 -1 -1 1.26647e-6 0 -5.59618e-6 0 1 0 1 0 0 0 -1 0 1 0 1 0 0 0 1 0 5.26286e-6 -0.7071062 0.7071075 -1.14225e-6 -0.7071091 0.7071045 -8.11111e-7 -0.7071068 0.7071068 -1 6.67644e-7 0 -1 7.89787e-7 0 0 0 -1 0 0 -1 0 0 -1 0 1 0 0 0 -1 0 0 -1 0 0.9926913 0.1206818 1 0 0 1 0 0 0 0 -1 -1.48753e-6 -0.7071034 0.7071101 1.32935e-6 -0.7071065 0.7071071 0 0 -1 1 0 0 9.30101e-7 0 1 0 1 0 -2.20829e-7 0 1 2.30253e-6 0 1 0 1 0 0 1 0 0 1 0 0 0 -1 -1 -3.27717e-6 0 -2.94608e-6 -0.7071083 0.7071053 0 -0.7071031 0.7071105 0 -1 1.19521e-5 -0.272647 0.9621142 -1.22657e-4 0 0 -1 0 0 -1 0 0 -1 0 0 -1 0 0 -1 1 0 0 1 0 0 -1 2.7582e-6 0 0 0 -1 0 0 -1 0 1 0 0 0 -1 -1 4.76727e-7 0 -1 -2.14244e-7 0 0 1 0 0 0 -1 -1.45474e-6 -0.7071061 0.7071076 -3.46978e-6 -0.7071074 0.7071062 1 0 0 1 0 0 -7.494e-7 0 1 1.22454e-6 0 1 1 0 0 1 0 0 1 0 0 0 0 -1 0 0 -1 1.78978e-6 0 1 -1.75717e-6 0 1 0 0.4646453 0.885497 0 -0.9926928 0.1206692 0 -0.4647147 0.8854606 0 0 -1 -1 -2.82438e-6 0 0 -1 2.72699e-6 0 0 -1 0 0 -1 0 0.9927117 0.1205139 7.03339e-7 -0.7071045 0.7071092 -1 -2.33356e-6 0 0 -0.4647151 0.8854603 0 1 0 1 0 0 1 0 0 -3.27754e-7 0 1 -7.51021e-7 0 1 0 -0.7071049 0.7071088 -1 6.88635e-7 0 -1 -1.85914e-6 0 0.7071009 0 -0.7071127 0 0.9350118 -0.3546165 0 -0.4647138 0.885461 0 0 -1 0 -0.4647119 0.885462 -1.8173e-6 -0.7071063 0.7071074 0 -0.4647142 0.8854607 1 0 0 5.07009e-7 0 1 -1 2.08737e-6 0 -1 6.3947e-7 0 -1 1.83241e-6 0 -1 1.92095e-6 0 -1 -3.60351e-6 0 6.10119e-7 0 1 -1 6.64674e-6 0 -1 2.03625e-6 0 1 0 0 1 0 0 -1.18622e-6 -0.7071071 0.7071065 -1 -1.53391e-6 0 0.7703712 0.6375958 -5.67932e-5 0 0 -1 -1 2.76574e-6 0 0 1 0 -1.48064e-6 -0.7071061 0.7071076 -1 -2.92647e-6 0 -1 3.84509e-6 0 -1 -2.33215e-6 0 0 0 -1 0 -0.2393479 -0.9709339 1 0 0 1 0 0 0 -0.2393482 -0.9709338 -2.26608e-6 -0.7071068 0.7071068 0 0 -1 -1 3.20666e-6 0 -1 3.15641e-6 0 0 1 0 0 -0.4646413 0.8854991 -1.47394e-6 -0.7071073 0.7071063 -1 -5.23834e-6 0 0 0 -1 0 1 0 -1.28291e-4 -0.7071137 0.7070999 1.54186e-4 -0.7071275 0.7070862 -1 -2.23758e-6 0 -1 1.28028e-6 0 -1 7.71583e-6 0 -1 3.71243e-6 0 -1 9.27586e-7 0 -1 -1.97634e-6 0 -1 4.21631e-6 0 0 0 -1 0 -0.2393475 -0.970934 0 -1 2.08667e-6 -0.6846886 -0.7288357 0 -1 4.53212e-6 0 -1 -6.3571e-7 0 -1 -1.69307e-6 0 0 -1 7.55736e-6 -1 5.53527e-6 0 -1 2.13596e-6 0 0 0 -1 0 0 -1 1 0 0 1 0 0 -0.1502571 -0.9886471 0 0 1 0 -1.74775e-6 0 1 1 0 0 1 0 0 0 -0.823048 0.5679718 -9.50036e-7 0 1 1 0 0 0 -0.2393493 -0.9709336 0 0 -1 0 1 0 0 0 -1 0 0 -1 1.17932e-6 -0.7072157 0.7069979 1 0 0 -1 1.69636e-6 0 -1 3.53631e-6 0 0 0 -1 0 -1 -8.06712e-6 -1 -2.75632e-6 0 -1 2.24622e-6 0 2.41906e-6 -0.7071068 0.7071068 -1 -9.16936e-7 0 0 1 0 0 0 -1 -1 1.6532e-6 0 -1 6.55365e-7 0 4.18085e-7 0 1 0 0 -1 0 -0.9926918 0.1206778 0 0 -1 1 0 0 -1 1.78282e-6 0 0 -0.2393484 -0.9709338 -1 1.16797e-6 0 -1 1.00428e-6 0 1 0 0 -1 -3.3014e-6 0 0 -0.2393499 -0.9709334 1 0 0 0 0 -1 0 0 -1 1 0 0 1 0 0 -1 3.4437e-7 0 0 1 0 -1 -3.74869e-7 0 -1 -3.74867e-7 0 -1 2.69543e-6 0 -1 -6.51389e-7 0 -1 -3.74868e-7 0 -1 1.22133e-6 0 1 0 0 0 -0.8230425 0.5679799 -1 3.62151e-6 0 0 0 -1 0 0 -1 0 0 -1 -1 -3.91878e-6 0 0 -1 -3.8315e-6 1 0 0 -1 -3.51473e-6 0 -1 -8.95916e-7 0 1 0 0 0 0 -1 0 0 -1 0 0.8230459 0.5679751 1 0 0 -1 -1.64491e-6 0 -1 -1.07686e-6 0 -7.08654e-7 -0.7071077 0.7071059 -1 1.60073e-6 0 -1 2.61666e-6 0 -1 3.16925e-6 0 -1 4.12759e-6 0 0.9772929 -0.2118929 0 -1.12067e-6 0 1 0 0.9926909 0.1206851 0 1 0 -1 -3.96039e-6 0 -1 1.28251e-6 0 0 0.8229668 0.5680894 9.17416e-5 -0.7071498 0.7070639 0 0 -1 1 0 0 0 0 -1 -1 -5.55849e-7 0 -1 1.56003e-6 0 1.35204e-6 -0.7071092 0.7071045 -1 -2.29568e-6 0 0 0 -1 1 0 0 -1 -1.12943e-6 0 -1 1.50973e-6 0 -1 5.88004e-6 0 -1 5.06166e-7 0 0 0 -1 0 -0.8230428 0.5679794 -1 2.70529e-6 0 -1 -1.59513e-6 0 0 -1 1.14434e-5 -1 -1.60635e-6 0 0 0 -1 -9.29712e-5 -0.7071719 0.7070418 0 -0.2393466 -0.9709342 -0.9961138 0.08807504 6.13389e-5 2.13103e-6 0 1 -1 3.33943e-6 0 1 0 0 -1 4.53602e-6 0 0 0 -1 -3.62519e-6 0 1 -1 -9.9552e-7 0 1 0 0 -1 2.79675e-6 0 -6.03244e-7 0 1 7.53278e-7 0 1 -6.61089e-7 0 1 1.51227e-6 0 1 -1 -2.69184e-6 0 -1 -3.65641e-6 0 0 1 0 1 0 0 -1 -3.99952e-6 0 -1 3.66918e-6 0 0 -1 7.9735e-6 -1 7.341e-7 0 -1 -9.03305e-7 0 -6.97993e-7 0 1 0 -0.6630257 -0.7485967 1 0 0 1 0 0 1 0 0 0 -0.6631091 -0.7485228 1 0 0 0 0 -1 1 0 0 -1 3.62274e-6 0 1 0 0 1 0 0 0.9249638 0.3800552 0 1 0 0 0 0.6630231 -0.748599 0 0 -1 1 0 0 1 0 0 0 -0.6630243 -0.748598 0 0 -1 5.55584e-6 -0.7071058 0.7071079 -2.10902e-6 0 1 0 0.6630288 -0.7485939 -1 -6.61685e-7 0 0 0 -1 0 1 0 -1 -2.07028e-6 0 -1 -8.05335e-7 0 0 -0.4647129 0.8854615 -2.57717e-6 -0.7071049 0.7071087 0 0 -1 0 0 -1 0.9772964 -0.211877 5.15824e-6 0 -1 -1.22342e-5 0 -0.6630253 -0.7485971 0 0 -1 0 0 -1 0 0 -1 -1 -2.94091e-6 0 0 0 -1 0 0 -1 0 0 -1 0 0 -1 0 -0.9926916 0.1206786 0 0.9927116 0.1205156 0 -1 8.46956e-6 1 0 0 0 0 -1 -1 2.41807e-6 0 0 0 -1 -1 -2.18303e-6 0 -1 -1.17688e-6 0 1 0 0 1 0 0 -1 1.52051e-6 0 -1 1.67413e-6 0 0 0 -1 0 0 -1 1.08505e-6 -0.7071086 0.707105 0 0 -1 -1 -3.70871e-6 0 -1 -3.06217e-6 0 0.9961228 0.08797496 0 -1 -3.25014e-6 0 1 0 0 1 0 0 1 0 0 1 0 0 0 0 -1 0 0 -1 0 0.6631045 -0.7485269 0 0 -1 0 -1 9.20243e-6 -1 -2.71818e-6 0 -1 2.7221e-6 0 0 -1 2.04373e-6 1 0 0 -1.81062e-6 0 1 2.24085e-6 0 1 2.71754e-6 0 1 -1 -5.83171e-6 0 0 0.4647142 0.8854607 -1 -2.57871e-6 0 -1 -2.43377e-6 0 0 -0.4647157 0.88546 0 0 -1 0 0 -1 1 0 0 0 0 -1 2.58997e-7 0 1 -4.58393e-7 0 1 -2.28503e-6 0 1 0 0 -1 0 0 -1 1 0 0 0 0 -1 0 -1 -1.39148e-5 -1 8.78889e-7 0 -1 4.04176e-6 0 -1 1.52556e-6 0 -1 -4.14303e-6 0 -1 -3.3677e-6 0 -1 -2.74627e-7 0 1 0 0 0 0 -1 0 0.8230499 0.5679692 1 0 0 1 0 0 0 0 -1 0 0 -1 -1.25829e-6 0 1 1 0 0 -6.3788e-7 0 1 1 0 0 1 0 0 1 0 0 0 0 -1 0 0 -1 -1 1.15359e-6 0 0 -0.6631109 -0.7485212 0 0 -1 -1.30855e-6 0 1 0 0 -1 -1 -5.78683e-7 0 1 0 0 -1.79988e-6 0 1 1 -1.42839e-6 0 0 1 0 -1 2.28455e-6 0 -1 3.915e-7 0 -1 -3.20518e-6 0 0 0 -1 7.72688e-7 0 1 -1.06557e-6 0 1 -1.42146e-6 0 1 0 0 -1 0 1 0 0 -0.6630213 -0.7486006 0 1 0 -1 -2.62717e-6 0 0 0 -1 -1 1.82916e-6 0 0 0 -1 -0.6846328 -0.7288882 0 -4.97299e-7 0 1 0 0 -1 1 0 0 1 0 0 1 0 0 1 0 0 1 0 0 0 -1 -3.07164e-6 0.1502372 -0.98865 -5.45333e-5 0.1503169 -0.9886379 1.7043e-4 1 0 0 1 0 0 -1 2.75908e-6 0 -1 -2.13867e-6 0 -4.77163e-7 0 1 -1 -1.88861e-6 0 1 0 0 1 0 0 0 -0.9926916 0.120679 0 0 -1 -1 -6.63252e-6 0 0 1 0 0 0 -1 0 0 -1 1.07646e-6 0 1 0 0 -1 -1 2.88165e-6 0 -1 -1.24975e-6 0 0.6845765 -0.7289411 -1.36359e-5 2.16783e-6 -0.7071095 0.7071042 -9.74708e-7 0 1 -1 2.28737e-6 0 -1 -2.27814e-6 0 0 0 -1 -1.27069e-6 0 1 0 0 -1 0 -1 -3.28444e-6 -0.1502073 -0.9886546 0 0 0.6630288 -0.7485939 -1 3.95867e-6 0 -1 -1.35843e-6 0 1 0 0 1 0 0 -1 -1.19185e-6 0 -1 -2.26173e-6 0 1 0 0 0 1 0 -1 3.48203e-6 0 0 0 -1 1 0 0 1 0 0 0 1 0 0 0.4647136 0.8854612 1 0 0 2.88915e-6 0 1 0 0 -1 -1 2.54602e-7 0 5.2206e-6 0 1 0 0 -1 0 0 -1 -1 1.63959e-6 0 -1 -3.57474e-6 0 0 0 -1 1 0 0 -1 -3.12847e-6 0 1 0 0 -4.61304e-6 0 1 2.35079e-6 -0.7071083 0.7071053 1 0 0 -1 -4.24376e-6 0 1 0 0 -1 3.57983e-6 0 -1 -4.54219e-6 0 1 0 0 0 -0.6630259 -0.7485964 0 1 0 -1 3.05898e-6 0 -1 1.92989e-6 0 -1 -2.11621e-6 0 2.90372e-6 -0.7071046 0.707109 1 0 0 0 0 -1 0 0.8229629 0.5680952 0 0 -1 0 1 0 0 1 0 0 0 -1 1 0 0 1 0 0 1 0 0 0 0.2393473 -0.9709341 0 1 0 1 0 0 1 0 0 -1 2.40758e-6 0 1 0 0 0 0 -1 0.1502076 -0.9886546 8.52165e-6 0 0 -1 2.30899e-6 0 1 -1 4.34836e-6 0 0 0 -1 -1 -1.47285e-6 0 0 0 -1 -1 2.07655e-6 0 -1 -3.83784e-6 0 0 0 -1 -1 3.83632e-6 0 -1 -2.39328e-6 0 1 0 0 2.60348e-6 -0.7071107 0.7071029 1 0 0 -1 -2.05012e-6 0 1 0 0 -1 2.0595e-6 0 -0.9772964 -0.2118768 0 1 0 0 1 0 0 0 1 0 0 1 0 0 0 -1 0 0 -1 0 0 -1 0 0 -1 -1 3.38012e-6 0 0 0 -1 -1 -1.38181e-6 0 -1 1.49927e-6 0 1 0 0 0 0 -1 1 0 0 0 0 -1 -1 -2.29703e-6 0 -1 1.73609e-6 0 0 0 -1 1 0 0 0 0 -1 1 0 0 1 0 0 1 0 0 0 -1 8.09315e-6 0 -1 8.86515e-6 0 0 -1 1 0 0 1 0 0 0 -1 -9.26012e-6 -1 -2.10815e-6 0 -1 3.88546e-6 0 -1 -1.53902e-6 0 0 0.6630242 -0.748598 -1 -2.12807e-6 0 -1 -2.57648e-6 0 3.92358e-6 0 1 0 0 -1 1 0 0 -1 1.75041e-6 0 1 0 0 1 0 0 0 -0.6631137 -0.7485188 -3.162e-6 0 1 0 0 -1 0 0 -1 -0.7703978 0.6375635 -4.0902e-5 -1 0 0 1 0 0 -0.1503333 -0.9886354 -1.93024e-5 0 0 -1 -2.75078e-6 0 1 0 1 0 0 -1 -6.49779e-6 0 -1 -2.62436e-6 -1 1.25265e-6 0 0 -0.6630232 -0.7485989 -5.89912e-7 0 1 -8.13707e-7 0 1 -1.42592e-6 0 1 4.20788e-6 0 1 0 0 -1 1 0 0 0 0 -1 0 0 -1 0 0 -1 1.67199e-6 0 1 -1 -1.57011e-6 0 0 0 -1 0 -0.6630231 -0.7485989 0 0.6630248 -0.7485975 0 0.6630256 -0.7485967 -1 -1.88207e-6 0 1 0 0 4.42573e-6 -0.7071072 0.7071064 0 0 -1 1 0 0 -1 -4.682e-6 0 -1 2.30121e-6 0 1 0 0 4.65727e-6 0 1 0 -1 2.43147e-6 0 -1 -7.84865e-6 1 0 0 -1 2.94794e-6 0 -1 1.1392e-6 0 -1 4.20279e-6 0 1 0 0 0 0 -1 1 0 0 2.31451e-6 0 1 0 -1 -8.82651e-6 0 0.6630217 -0.7486002 1 0 0 1 0 0 1 0 0 1 0 0 1 0 0 -2.88534e-6 0 1 -1 -1.57936e-6 0 1 0 0 -1 9.00343e-7 0 -1 -2.58403e-6 0 -1 -6.91697e-7 0 -1.84134e-6 0 1 -0.7703911 0.6375717 -2.04376e-5 1 0 0 0 -1 4.9555e-6 -1 3.53768e-6 0 -2.1752e-6 0 1 3.6502e-6 0 1 1 9.60822e-7 0 1 0 0 -1 1.4478e-6 0 0 -1 -2.51793e-6 0 0.6630239 -0.7485983 1 0 0 1 0 0 1 0 0 0 0 -1 -1 -9.35984e-7 0 -1 -1.40178e-6 0</float_array>
          <technique_common>
            <accessor source="#shape0_010-mesh-normals-array" count="8770" stride="3">
              <param name="X" type="float"/>
              <param name="Y" type="float"/>
              <param name="Z" type="float"/>
            </accessor>
          </technique_common>
        </source>
        <vertices id="shape0_010-mesh-vertices">
          <input semantic="POSITION" source="#shape0_010-mesh-positions"/>
        </vertices>
        <triangles material="R3MPerception-Metallic-material" count="17416">
          <input semantic="VERTEX" source="#shape0_010-mesh-vertices" offset="0"/>
          <input semantic="NORMAL" source="#shape0_010-mesh-normals" offset="1"/>
          <p>0 0 1 0 2 0 3 0 4 0 5 0 6 1 7 1 8 1 9 1 10 1 11 1 12 1 13 1 14 1 15 2 16 2 17 2 18 1 19 1 20 1 21 3 22 3 23 3 24 4 25 4 26 4 27 1 28 1 29 1 30 1 31 1 32 1 33 1 34 1 35 1 36 5 37 5 38 5 36 6 39 6 40 6 41 7 42 7 43 7 44 8 45 8 46 8 47 9 48 9 49 9 50 8 51 8 52 8 53 1 54 1 55 1 56 5 57 5 58 5 59 10 60 10 61 10 62 1 63 1 64 1 65 11 66 11 67 11 68 12 66 12 69 12 70 13 71 13 72 13 73 14 74 14 75 14 76 15 77 15 78 15 79 12 80 12 81 12 82 16 80 16 83 16 84 17 85 17 86 17 87 18 85 18 88 18 89 19 90 19 91 19 92 20 90 20 93 20 94 21 95 21 96 21 97 22 98 22 99 22 100 23 101 23 102 23 103 24 104 24 105 24 106 25 104 25 107 25 108 26 109 26 110 26 111 27 112 27 113 27 114 28 115 28 116 28 117 29 115 29 118 29 119 30 120 30 121 30 122 31 120 31 123 31 124 32 125 32 126 32 106 33 125 33 127 33 128 34 129 34 130 34 131 35 132 35 133 35 134 5 135 5 136 5 137 36 138 36 139 36 140 37 138 37 141 37 142 38 143 38 144 38 145 39 143 39 146 39 147 40 148 40 149 40 150 41 151 41 152 41 153 1 154 1 155 1 156 42 157 42 158 42 159 43 157 43 160 43 161 44 162 44 163 44 164 45 162 45 165 45 166 46 167 46 168 46 169 47 170 47 171 47 172 48 173 48 174 48 175 49 176 49 177 49 178 50 179 50 180 50 181 51 182 51 183 51 184 52 185 52 186 52 150 53 187 53 188 53 181 54 172 54 189 54 190 55 191 55 192 55 193 56 152 56 194 56 195 57 43 57 42 57 196 58 197 58 198 58 199 59 197 59 200 59 201 60 202 60 203 60 204 61 202 61 205 61 206 0 207 0 208 0 209 62 210 62 211 62 212 63 213 63 214 63 215 64 213 64 216 64 217 65 218 65 219 65 220 66 221 66 222 66 223 67 224 67 225 67 226 68 227 68 228 68 229 69 230 69 231 69 232 70 233 70 234 70 92 71 233 71 235 71 236 72 237 72 238 72 239 73 240 73 241 73 140 74 242 74 243 74 244 75 242 75 245 75 246 76 247 76 170 76 248 77 249 77 250 77 251 78 252 78 253 78 254 5 255 5 256 5 257 79 258 79 259 79 260 80 210 80 157 80 210 78 260 78 261 78 262 81 263 81 264 81 265 82 266 82 267 82 268 83 269 83 270 83 137 84 269 84 271 84 272 85 273 85 274 85 251 86 171 86 247 86 275 87 253 87 276 87 199 88 277 88 278 88 279 89 277 89 280 89 281 90 282 90 283 90 284 91 285 91 286 91 287 92 288 92 289 92 201 93 288 93 290 93 291 47 209 47 292 47 173 94 293 94 294 94 295 95 296 95 297 95 298 96 299 96 300 96 301 97 302 97 303 97 304 98 302 98 305 98 306 8 307 8 308 8 309 1 310 1 311 1 159 99 312 99 313 99 314 100 312 100 315 100 161 101 316 101 317 101 301 102 316 102 318 102 319 0 320 0 321 0 94 103 322 103 95 103 323 104 324 104 325 104 326 105 327 105 328 105 329 106 330 106 331 106 332 107 333 107 334 107 333 108 335 108 336 108 337 109 338 109 339 109 340 0 341 0 342 0 343 1 309 1 344 1 327 110 345 110 346 110 268 111 345 111 347 111 348 112 263 112 349 112 350 113 351 113 352 113 353 114 354 114 355 114 356 115 357 115 358 115 359 116 360 116 361 116 362 117 363 117 364 117 365 118 366 118 367 118 89 119 366 119 368 119 369 1 370 1 371 1 372 5 373 5 374 5 375 120 376 120 377 120 378 121 379 121 380 121 184 122 381 122 382 122 119 123 381 123 383 123 178 124 384 124 385 124 124 125 384 125 386 125 387 126 388 126 389 126 390 127 391 127 392 127 393 128 394 128 395 128 279 129 396 129 397 129 365 130 396 130 398 130 399 131 400 131 401 131 402 0 403 0 404 0 405 132 406 132 407 132 408 133 409 133 410 133 411 134 412 134 413 134 414 135 415 135 416 135 417 136 418 136 419 136 420 1 421 1 422 1 423 8 424 8 425 8 426 137 188 137 427 137 427 138 188 138 187 138 428 139 429 139 430 139 431 8 432 8 433 8 434 140 435 140 436 140 437 9 434 9 438 9 439 0 440 0 441 0 442 141 443 141 444 141 445 142 446 142 447 142 448 143 449 143 450 143 225 144 451 144 452 144 224 145 453 145 225 145 454 146 455 146 456 146 457 147 458 147 459 147 460 0 461 0 462 0 463 148 464 148 465 148 466 0 467 0 468 0 469 149 470 149 471 149 472 5 473 5 474 5 475 150 476 150 477 150 478 0 479 0 480 0 481 0 482 0 483 0 484 151 485 151 486 151 487 0 488 0 489 0 490 152 491 152 492 152 493 153 494 153 495 153 496 154 497 154 498 154 499 155 500 155 501 155 502 156 503 156 504 156 505 157 506 157 507 157 508 1 6 1 509 1 510 158 511 158 512 158 513 159 514 159 515 159 516 160 517 160 518 160 519 161 520 161 521 161 522 8 523 8 524 8 525 0 526 0 527 0 528 0 529 0 530 0 531 0 532 0 533 0 534 162 535 162 536 162 537 0 538 0 539 0 540 163 541 163 542 163 543 164 541 164 544 164 545 164 546 164 547 164 543 164 546 164 548 164 545 165 549 165 550 165 551 164 549 164 552 164 553 166 554 166 555 166 556 167 557 167 558 167 559 168 560 168 561 168 562 5 563 5 564 5 565 8 431 8 566 8 567 164 568 164 569 164 570 169 568 169 571 169 572 5 573 5 574 5 575 164 576 164 577 164 578 170 579 170 580 170 581 171 582 171 583 171 584 164 585 164 586 164 587 5 588 5 589 5 590 164 591 164 592 164 593 172 594 172 595 172 596 173 597 173 598 173 599 174 364 174 600 174 601 0 602 0 603 0 604 175 110 175 605 175 606 0 607 0 608 0 609 176 610 176 611 176 610 177 612 177 613 177 605 178 110 178 109 178 614 179 615 179 616 179 617 180 618 180 619 180 620 164 621 164 622 164 534 181 623 181 624 181 625 164 626 164 627 164 540 164 626 164 628 164 629 182 630 182 631 182 632 5 633 5 634 5 635 164 636 164 637 164 599 183 636 183 638 183 639 184 640 184 641 184 642 5 643 5 644 5 645 185 646 185 647 185 648 5 649 5 650 5 651 186 652 186 653 186 654 1 655 1 656 1 657 1 455 1 658 1 659 187 660 187 661 187 662 0 663 0 664 0 629 188 631 188 665 188 666 164 667 164 668 164 669 164 670 164 671 164 672 189 673 189 674 189 675 190 676 190 677 190 678 191 679 191 680 191 681 192 682 192 683 192 684 0 685 0 686 0 687 193 688 193 689 193 690 1 691 1 692 1 693 1 694 1 695 1 696 194 697 194 698 194 699 195 700 195 701 195 702 184 703 184 704 184 705 196 31 196 30 196 706 192 707 192 708 192 282 5 709 5 710 5 711 197 712 197 341 197 713 154 714 154 715 154 716 198 717 198 718 198 719 199 720 199 721 199 722 200 723 200 724 200 725 193 726 193 727 193 728 201 729 201 730 201 731 192 732 192 733 192 734 1 735 1 736 1 737 184 725 184 738 184 739 8 740 8 741 8 742 193 743 193 744 193 745 164 746 164 747 164 748 192 749 192 750 192 720 8 751 8 752 8 753 202 754 202 755 202 640 203 639 203 756 203 757 164 758 164 759 164 760 5 761 5 762 5 763 0 764 0 765 0 766 192 767 192 768 192 769 8 770 8 645 8 771 204 772 204 773 204 764 0 774 0 775 0 776 5 777 5 778 5 779 1 780 1 781 1 782 205 762 205 783 205 784 0 785 0 380 0 786 206 787 206 788 206 789 1 790 1 791 1 792 207 793 207 794 207 795 208 796 208 797 208 798 209 263 209 799 209 800 1 801 1 802 1 803 210 804 210 805 210 806 208 807 208 808 208 809 211 810 211 811 211 812 212 813 212 814 212 815 205 816 205 817 205 818 0 819 0 820 0 821 184 497 184 822 184 823 8 824 8 825 8 826 213 827 213 828 213 829 214 830 214 831 214 832 0 833 0 834 0 835 215 836 215 837 215 838 216 839 216 840 216 572 217 841 217 573 217 842 218 843 218 844 218 845 5 846 5 847 5 848 5 849 5 850 5 851 219 852 219 853 219 854 5 855 5 856 5 855 204 857 204 856 204 858 220 859 220 860 220 861 205 862 205 863 205 864 221 865 221 866 221 867 5 868 5 869 5 870 0 871 0 872 0 873 222 874 222 875 222 876 5 875 5 877 5 878 223 879 223 880 223 881 0 882 0 883 0 884 224 885 224 886 224 887 0 888 0 889 0 890 5 891 5 892 5 893 225 894 225 895 225 896 5 893 5 897 5 898 225 899 225 900 225 901 0 902 0 903 0 904 164 905 164 906 164 907 226 908 226 909 226 910 227 911 227 912 227 913 228 914 228 915 228 916 1 917 1 918 1 919 223 869 223 920 223 921 1 922 1 923 1 924 229 925 229 926 229 927 230 928 230 929 230 930 231 931 231 932 231 933 1 934 1 935 1 936 232 937 232 938 232 939 0 940 0 941 0 942 8 943 8 944 8 945 164 946 164 947 164 948 0 949 0 950 0 951 233 952 233 953 233 954 234 955 234 956 234 957 235 958 235 959 235 960 236 961 236 962 236 963 1 964 1 965 1 966 0 967 0 968 0 969 1 970 1 971 1 972 237 973 237 974 237 975 225 976 225 977 225 978 238 979 238 980 238 981 5 982 5 973 5 983 0 984 0 985 0 986 0 987 0 988 0 989 0 990 0 991 0 992 0 993 0 994 0 995 204 996 204 997 204 998 239 999 239 1000 239 1001 164 1002 164 1003 164 1004 1 1005 1 1006 1 789 1 1007 1 790 1 1008 240 1009 240 1010 240 1009 8 1011 8 1012 8 1013 208 1014 208 1015 208 1016 241 1017 241 1018 241 1019 1 910 1 1020 1 1021 242 1022 242 1023 242 1024 192 1025 192 1026 192 1027 243 1028 243 308 243 1029 244 1030 244 1031 244 1032 8 687 8 1033 8 688 245 687 245 1034 245 1035 246 352 246 351 246 703 193 702 193 1036 193 1037 8 513 8 1038 8 514 154 513 154 432 154 1039 247 845 247 1040 247 1041 8 519 8 1042 8 754 161 1043 161 1044 161 1045 0 1046 0 1047 0 1048 248 1049 248 1050 248 1051 212 1052 212 1053 212 1051 5 1054 5 1055 5 1056 249 1057 249 1058 249 1059 250 1060 250 1061 250 1062 251 1063 251 1064 251 1065 252 1066 252 310 252 1067 253 1068 253 1069 253 1070 254 1071 254 1072 254 1073 0 1074 0 1075 0 587 204 589 204 1076 204 1077 255 1078 255 1079 255 1080 1 1081 1 1082 1 1083 256 1084 256 1078 256 1085 0 1086 0 1087 0 1088 257 1089 257 1090 257 473 5 472 5 1091 5 1092 1 1093 1 1094 1 1092 258 1095 258 1096 258 1097 259 1098 259 1099 259 1100 253 1101 253 1102 253 1103 260 1104 260 1105 260 817 204 1106 204 1107 204 1108 208 1109 208 1110 208 1109 261 1108 261 1111 261 1112 208 1113 208 1114 208 301 262 1115 262 302 262 1116 204 1117 204 848 204 1118 263 1119 263 1120 263 1121 214 1122 214 1123 214 1124 216 1125 216 1126 216 1127 8 1128 8 1129 8 1130 204 861 204 1131 204 1132 1 1133 1 1134 1 857 205 855 205 1135 205 1136 264 1137 264 1138 264 1139 265 1140 265 1141 265 1142 222 1143 222 1144 222 1118 266 1145 266 1146 266 893 205 895 205 897 205 1147 267 1148 267 1149 267 1150 0 1151 0 1152 0 1153 212 1154 212 868 212 1155 0 1156 0 1157 0 1158 268 1159 268 1160 268 1161 0 1162 0 1163 0 926 269 1164 269 1165 269 1166 270 1167 270 1168 270 1082 1 35 1 34 1 1169 232 1170 232 1171 232 1172 233 1173 233 1174 233 1175 1 581 1 1176 1 1173 223 1172 223 1177 223 355 271 1178 271 1179 271 1142 272 1180 272 1143 272 975 273 977 273 1181 273 1182 274 1183 274 128 274 1137 275 1136 275 1184 275 1185 276 1186 276 1187 276 1188 245 1189 245 1190 245 1191 193 1192 193 1193 193 1194 1 1195 1 1196 1 1009 192 1197 192 1011 192 1198 277 1199 277 1200 277 1201 205 1202 205 997 205 1203 278 1204 278 1205 278 1206 5 1207 5 1208 5 1209 208 1210 208 1054 208 1050 255 1211 255 1048 255 1212 204 1213 204 1214 204 1215 279 1216 279 573 279 1213 277 1212 277 1217 277 1218 280 1219 280 1220 280 1221 281 1222 281 1223 281 845 282 1039 282 846 282 1224 283 1225 283 1226 283 1227 284 1228 284 1229 284 1230 285 1231 285 1232 285 1233 1 1234 1 1235 1 1236 192 1237 192 1238 192 1239 286 1240 286 1241 286 1242 287 1243 287 1244 287 1245 1 1246 1 1247 1 1011 288 1248 288 748 288 1249 289 1250 289 1251 289 1252 1 1253 1 1254 1 1255 192 1256 192 1027 192 574 5 729 5 572 5 1150 0 1257 0 1258 0 1259 290 1260 290 1261 290 1262 1 1263 1 1264 1 1265 291 1266 291 1267 291 1268 8 1269 8 1270 8 1271 291 1272 291 1273 291 1274 292 1275 292 1276 292 1277 1 1278 1 1279 1 1280 0 1281 0 1282 0 1283 1 1284 1 1285 1 1286 192 1287 192 751 192 1288 1 1289 1 1290 1 1291 293 1292 293 1293 293 1294 0 1295 0 1296 0 1022 294 1297 294 1298 294 1299 295 1300 295 1301 295 1302 1 1303 1 1304 1 1302 1 1305 1 1306 1 1307 0 1308 0 1309 0 1310 296 1311 296 1312 296 890 5 1313 5 1314 5 1315 5 1316 5 1317 5 1318 297 1315 297 1319 297 1320 0 1321 0 1322 0 167 298 1058 298 1323 298 1324 5 1325 5 1326 5 1327 299 1328 299 1329 299 912 300 1330 300 1331 300 1332 164 1333 164 1334 164 1335 301 1336 301 1337 301 1338 302 1339 302 1340 302 1341 303 1342 303 1343 303 1344 304 377 304 376 304 1345 5 1346 5 1347 5 1348 305 1349 305 1350 305 1351 306 1352 306 1353 306 1354 0 1355 0 1356 0 1357 307 1358 307 1359 307 1360 308 1361 308 1362 308 1363 309 1364 309 1365 309 1366 310 1367 310 1368 310 1369 311 1370 311 1371 311 1372 1 1373 1 1374 1 1375 312 1376 312 1377 312 1378 313 1379 313 1380 313 1381 5 1382 5 1383 5 1384 314 1385 314 1386 314 1387 0 1388 0 661 0 1389 1 1390 1 1391 1 1392 315 1393 315 1394 315 1395 316 1396 316 1397 316 1398 317 1399 317 1400 317 1401 318 1402 318 1403 318 1404 319 1405 319 1406 319 1407 320 1408 320 1409 320 1410 321 1134 321 1411 321 1412 164 1413 164 1414 164 1415 322 1416 322 1417 322 1418 323 1419 323 1420 323 1421 324 1422 324 1423 324 1424 325 1425 325 1426 325 1427 1 1428 1 1429 1 1430 0 1431 0 1432 0 1433 0 1434 0 1435 0 1436 326 1437 326 1104 326 1438 1 1439 1 1440 1 1441 327 1442 327 1443 327 1444 1 1445 1 1446 1 1447 0 1448 0 1449 0 1450 5 1451 5 1452 5 1271 328 1453 328 1454 328 1336 1 1455 1 1456 1 1145 329 1457 329 1458 329 1459 330 1460 330 1461 330 1462 0 1463 0 1464 0 1465 331 395 331 394 331 1466 8 1467 8 1468 8 1469 332 1470 332 1471 332 1472 8 1473 8 1474 8 1475 8 1476 8 1477 8 1478 1 1479 1 1480 1 1475 8 1481 8 1482 8 1483 0 1484 0 1485 0 1481 8 1486 8 1487 8 1488 333 1489 333 1490 333 1491 8 1492 8 1493 8 1494 334 1495 334 1496 334 1497 1 1498 1 1499 1 1500 335 1501 335 1502 335 1503 164 592 164 591 164 1504 164 1505 164 1506 164 1507 336 1508 336 1509 336 934 1 1510 1 1511 1 1512 337 1513 337 1514 337 1515 9 1516 9 1517 9 1518 338 1519 338 1520 338 1521 5 1522 5 1523 5 1524 0 1525 0 1526 0 1527 9 1528 9 1529 9 1530 339 1531 339 1532 339 1533 340 1534 340 1535 340 565 341 566 341 1536 341 1537 342 1538 342 1539 342 1518 343 1540 343 1541 343 1542 344 1543 344 1544 344 1545 0 1546 0 1547 0 1548 345 1549 345 1550 345 1551 8 1550 8 1552 8 1553 346 1554 346 1555 346 1556 1 1557 1 1558 1 1559 5 1560 5 1561 5 1562 347 1563 347 1564 347 1565 164 1566 164 1567 164 1568 348 1569 348 1570 348 1571 344 1572 344 1573 344 1574 0 598 0 1575 0 1576 349 1577 349 1578 349 1579 350 1580 350 1581 350 1571 351 1582 351 1583 351 1582 352 1584 352 1585 352 1586 353 1587 353 1588 353 1589 9 1590 9 1591 9 1592 5 1593 5 1594 5 1554 354 1595 354 1596 354 1597 0 1598 0 1599 0 1508 355 1600 355 1601 355 1602 0 1308 0 1603 0 1604 164 622 164 621 164 1605 8 72 8 71 8 1606 356 99 356 98 356 1607 5 1608 5 1609 5 1610 357 1611 357 1612 357 1613 164 1614 164 1615 164 1616 358 1617 358 1618 358 1406 359 1619 359 1620 359 1621 1 1622 1 1623 1 1624 360 1625 360 1626 360 1627 361 1628 361 1629 361 1630 362 1631 362 1632 362 1633 363 1634 363 1635 363 1636 0 1637 0 1638 0 1639 364 1640 364 1641 364 1642 164 1643 164 1644 164 687 365 1645 365 1034 365 1646 0 1647 0 1648 0 1649 366 1650 366 1192 366 1651 367 1652 367 1653 367 1654 368 1655 368 1656 368 1657 5 1658 5 1659 5 1660 0 1661 0 1662 0 1663 369 1664 369 1665 369 1666 370 1667 370 1668 370 1669 371 1670 371 1493 371 1671 372 1409 372 1672 372 1673 373 1674 373 1658 373 1675 374 1676 374 1677 374 1678 375 1679 375 1680 375 1681 349 1682 349 1683 349 1684 376 1685 376 1686 376 1687 377 1688 377 1689 377 1690 378 1691 378 1692 378 1693 379 1694 379 1695 379 56 5 1696 5 57 5 1697 8 1698 8 1699 8 1700 380 1701 380 1702 380 1703 381 1704 381 1705 381 1697 348 1706 348 1698 348 1707 8 1708 8 1709 8 1710 382 1711 382 1712 382 1550 348 1713 348 1552 348 1714 8 1715 8 1716 8 1717 348 1718 348 1719 348 72 8 1720 8 1721 8 1722 383 1673 383 1723 383 1724 384 1725 384 1726 384 1727 385 1728 385 1729 385 1730 386 1731 386 1732 386 982 387 1733 387 1184 387 1706 388 1697 388 1734 388 1735 389 1546 389 1736 389 818 0 1737 0 1738 0 1739 1 1740 1 1741 1 1742 0 1743 0 1744 0 1745 9 1746 9 1747 9 1748 390 49 390 1749 390 1750 391 1751 391 1752 391 1753 392 1754 392 1755 392 1756 393 1757 393 1758 393 1759 394 1760 394 1761 394 593 164 1276 164 1762 164 1763 395 1764 395 1765 395 645 396 1766 396 1767 396 1768 397 1769 397 1770 397 1771 398 1772 398 1773 398 1774 399 1775 399 1776 399 1777 400 1232 400 1778 400 1779 5 1780 5 1781 5 1782 5 1783 5 1784 5 1785 5 1786 5 1787 5 730 5 1788 5 1789 5 1790 1 1791 1 1792 1 1793 401 1794 401 1795 401 1796 0 1797 0 1798 0 1799 0 1800 0 1801 0 1802 402 1803 402 1804 402 1805 0 1806 0 1807 0 1808 403 1809 403 1810 403 1811 0 1812 0 1813 0 1814 0 428 0 1815 0 1816 8 70 8 72 8 1817 0 1281 0 1818 0 1819 1 1820 1 1821 1 1822 164 1823 164 1824 164 1825 404 1791 404 1826 404 1827 5 1828 5 1829 5 1741 1 1830 1 1831 1 1832 0 1833 0 1834 0 1835 5 1836 5 1837 5 1838 1 1839 1 1840 1 1841 1 1842 1 1843 1 1844 0 319 0 1845 0 1524 405 1471 405 1846 405 1847 8 1848 8 1849 8 1850 0 1851 0 1852 0 1853 0 1854 0 1855 0 1856 0 1857 0 1858 0 1859 406 1860 406 1861 406 1862 1 1863 1 1304 1 1864 407 1865 407 1866 407 301 408 1867 408 316 408 1868 0 1869 0 1870 0 1871 0 1872 0 1873 0 1874 409 1875 409 1358 409 1876 1 1877 1 1878 1 1879 1 1880 1 1881 1 1882 410 1883 410 1884 410 1575 411 597 411 1636 411 1885 412 1886 412 1801 412 1887 413 1888 413 1430 413 1889 414 1890 414 1891 414 1892 415 1893 415 1848 415 1892 8 1894 8 1895 8 729 5 1896 5 730 5 1897 5 830 5 1452 5 1898 416 1899 416 1900 416 332 417 1901 417 333 417 1902 418 1903 418 1775 418 1904 419 1905 419 1906 419 1907 420 1908 420 1909 420 1910 421 1328 421 1331 421 1911 1 1912 1 1913 1 1914 8 1915 8 1916 8 1084 5 1083 5 1917 5 1918 422 1919 422 1920 422 1921 5 1922 5 1923 5 1526 423 1924 423 1524 423 1925 424 1926 424 1927 424 1928 425 1337 425 1336 425 882 426 1929 426 1930 426 1931 0 1932 0 1933 0 1934 8 1935 8 1936 8 1937 427 1938 427 517 427 1939 428 1940 428 1941 428 1942 9 1943 9 1944 9 1945 1 1946 1 1947 1 1948 1 1949 1 1950 1 1951 0 1952 0 1953 0 1954 429 1955 429 1956 429 1957 1 1958 1 1959 1 1960 5 1961 5 1962 5 1963 1 1964 1 1965 1 1966 1 1967 1 1968 1 1969 430 1970 430 1971 430 1972 431 1973 431 1974 431 1287 432 1975 432 1976 432 1977 0 1978 0 1979 0 1980 0 1981 0 1343 0 1982 5 470 5 469 5 1983 0 1984 0 1985 0 1986 0 1987 0 1988 0 1989 9 1990 9 1991 9 1992 1 1993 1 1994 1 1995 433 1996 433 1997 433 1998 5 1999 5 2000 5 2001 8 2002 8 2003 8 2004 8 2005 8 2006 8 2007 434 2008 434 2009 434 2010 8 2011 8 2003 8 2012 435 2013 435 2014 435 2015 436 2016 436 2017 436 2018 437 2019 437 2020 437 2021 1 2022 1 2023 1 2024 438 2025 438 477 438 2026 5 2027 5 2028 5 2029 0 2030 0 765 0 2031 439 2032 439 337 439 2033 440 2034 440 2035 440 2036 441 2037 441 2038 441 2039 164 552 164 2040 164 2041 442 2042 442 2043 442 2044 0 949 0 948 0 2045 443 2046 443 2047 443 2048 0 2049 0 2050 0 314 349 2051 349 312 349 994 444 2052 444 2053 444 2054 445 483 445 482 445 2055 446 2056 446 2057 446 2058 0 2059 0 1599 0 2060 0 2061 0 2062 0 2063 164 2064 164 2065 164 1980 447 2066 447 1981 447 2067 448 2068 448 2069 448 2070 5 2071 5 2072 5 2073 1 2074 1 2075 1 1442 449 2076 449 1443 449 2034 450 2077 450 2078 450 2079 0 2080 0 2081 0 2082 0 1161 0 1163 0 327 451 2083 451 329 451 2084 452 2085 452 1635 452 2086 453 2087 453 2088 453 2089 0 2090 0 2091 0 2092 5 2093 5 2094 5 2095 454 2096 454 2097 454 2098 1 2099 1 2100 1 2101 5 512 5 2102 5 2103 455 2104 455 2105 455 2106 5 223 5 2107 5 2108 456 430 456 2109 456 2110 457 424 457 2111 457 2112 458 1448 458 2113 458 2114 459 1066 459 1065 459 241 460 87 460 2115 460 1788 5 730 5 1896 5 2116 461 2117 461 2118 461 161 462 2119 462 316 462 2060 0 2062 0 2120 0 2121 463 2122 463 1578 463 2123 464 2124 464 2125 464 2126 8 522 8 2127 8 2128 465 2129 465 2130 465 2131 5 2132 5 2133 5 2134 5 2135 5 2136 5 2137 1 1222 1 2138 1 897 5 2139 5 2140 5 2141 466 2142 466 2143 466 2130 467 2144 467 2128 467 1100 5 2145 5 816 5 2146 468 2147 468 1995 468 2148 1 2149 1 2150 1 2151 469 680 469 2152 469 2153 0 2154 0 2155 0 2156 5 2157 5 2158 5 2159 470 2160 470 2161 470 2162 471 2163 471 2164 471 2165 8 2166 8 2167 8 2168 472 2169 472 2170 472 2171 473 2172 473 2173 473 2174 0 2175 0 2176 0 2177 474 2178 474 2179 474 2180 475 2181 475 2182 475 2183 5 2184 5 2185 5 2186 5 2187 5 2188 5 2189 476 2190 476 2191 476 2192 477 2193 477 2194 477 2195 478 2196 478 2197 478 2198 479 2199 479 2200 479 2201 8 417 8 2202 8 2203 480 2204 480 2205 480 2206 481 2207 481 2208 481 2209 1 2210 1 656 1 1442 1 2211 1 2076 1 2212 1 7 1 2213 1 2214 8 2215 8 2216 8 2217 482 2218 482 2219 482 2220 483 2221 483 2222 483 2223 484 2224 484 1744 484 2225 0 2226 0 2227 0 1010 8 1009 8 2228 8 2229 164 2230 164 2231 164 2232 9 2233 9 2234 9 2235 9 2236 9 2237 9 418 8 2238 8 2239 8 1516 9 1515 9 2240 9 1919 9 1918 9 2241 9 2242 9 2235 9 2243 9 2244 9 2245 9 2246 9 2247 485 1155 485 2248 485 2249 5 2185 5 2184 5 2250 9 2251 9 2016 9 2252 1 2253 1 2254 1 2255 486 2256 486 2257 486 2258 487 2259 487 2260 487 2261 8 2262 8 2263 8 1394 1 2264 1 2265 1 2266 488 2267 488 2268 488 2269 489 38 489 2270 489 1205 212 1015 212 1203 212 2271 164 2272 164 2273 164 2274 5 2275 5 2276 5 2277 490 2278 490 2279 490 2280 491 2281 491 2282 491 1216 5 2283 5 2284 5 2285 8 2286 8 2287 8 2288 492 2289 492 2290 492 2291 493 2292 493 2293 493 2294 494 290 494 2295 494 2296 495 2297 495 2298 495 2299 496 2300 496 2301 496 2302 497 2303 497 968 497 2304 498 2305 498 2306 498 2307 499 2308 499 2309 499 2310 500 2311 500 2312 500 2313 5 2314 5 2315 5 2316 0 2317 0 948 0 2318 1 1497 1 2319 1 2320 501 2321 501 2322 501 2323 0 2324 0 2325 0 2326 502 2327 502 2328 502 2329 503 2330 503 2295 503 2331 504 2332 504 2333 504 2334 505 2335 505 2336 505 2337 506 2338 506 2339 506 1667 507 2340 507 2341 507 2342 508 2343 508 2344 508 2345 509 2346 509 2347 509 2348 510 2349 510 2350 510 2351 511 2352 511 2353 511 1053 512 1209 512 1051 512 2354 513 2355 513 2356 513 2357 514 2358 514 2359 514 2360 515 2361 515 2362 515 1489 516 2363 516 2364 516 2365 517 2366 517 2367 517 2368 518 2369 518 2367 518 2370 519 2371 519 2179 519 2289 520 2288 520 2372 520 2373 521 2374 521 2375 521 2376 522 2377 522 2378 522 2379 523 2380 523 2381 523 2382 524 2383 524 2384 524 2385 525 2386 525 2387 525 2388 1 2389 1 2390 1 2391 1 2392 1 2393 1 2394 526 652 526 651 526 2395 1 2396 1 2397 1 2308 527 2307 527 2398 527 1846 0 1471 0 2399 0 2400 528 2401 528 2402 528 2403 529 2404 529 2405 529 2406 1 2407 1 2408 1 2409 497 2410 497 2411 497 2412 530 2413 530 2414 530 1469 0 2415 0 870 0 2416 531 878 531 1138 531 2417 532 2418 532 2419 532 2305 520 2304 520 2420 520 437 9 2421 9 2422 9 2423 533 2424 533 2425 533 2426 534 2427 534 2428 534 2429 535 2430 535 2431 535 2432 536 2433 536 2434 536 2435 537 2436 537 2437 537 2438 538 2439 538 2440 538 2441 539 2442 539 2443 539 2375 540 2444 540 872 540 1396 541 2445 541 2446 541 2209 1 2447 1 1371 1 2425 542 2448 542 2449 542 2450 543 2451 543 2452 543 2453 0 2454 0 2455 0 2456 1 2098 1 2457 1 2458 494 2459 494 2460 494 2461 544 2462 544 2463 544 2464 545 2465 545 2466 545 2467 8 2468 8 2469 8 2470 0 2471 0 2472 0 1736 0 2473 0 2474 0 2475 0 2476 0 2477 0 2478 546 2479 546 2480 546 2481 164 2482 164 405 164 2483 5 2484 5 2485 5 2486 1 2487 1 2488 1 2489 547 2490 547 2491 547 2492 1 2493 1 2494 1 2495 548 2496 548 2497 548 2498 1 2499 1 2500 1 2501 8 2502 8 2503 8 2504 549 2505 549 2506 549 2507 550 2508 550 2509 550 2510 551 2511 551 2512 551 2513 552 2514 552 2515 552 2516 0 1435 0 1434 0 2517 553 2518 553 2519 553 2520 554 2521 554 2522 554 2523 550 2524 550 2525 550 319 0 2280 0 320 0 2526 8 2527 8 2528 8 2529 555 2530 555 2531 555 2532 556 2533 556 2534 556 2535 557 2536 557 2537 557 2538 558 2539 558 2540 558 2541 559 2542 559 2543 559 2544 560 2545 560 2546 560 2547 561 2548 561 759 561 1333 164 2549 164 2550 164 1613 164 2551 164 2552 164 2553 164 2554 164 611 164 2555 562 2556 562 2353 562 2557 563 2558 563 2559 563 2560 8 2561 8 2562 8 2563 5 2564 5 2565 5 591 564 2566 564 578 564 2567 483 2568 483 2569 483 2570 164 2571 164 2572 164 2573 565 2574 565 2575 565 2576 5 2577 5 2578 5 2579 566 2580 566 2347 566 2581 8 2582 8 2583 8 2584 567 2585 567 2116 567 2586 568 2088 568 2087 568 2587 569 2437 569 2588 569 2589 570 2590 570 2591 570 2592 571 2362 571 2593 571 2594 572 2595 572 2429 572 2596 573 2597 573 2598 573 2599 574 2600 574 2601 574 2602 575 2603 575 2604 575 2442 576 2605 576 2142 576 2606 577 2443 577 2141 577 2607 0 1448 0 2608 0 2609 164 2610 164 2231 164 2611 578 2612 578 2613 578 2376 579 2614 579 2615 579 2616 580 2617 580 2618 580 2619 581 1908 581 1907 581 2620 582 2621 582 2622 582 2620 5 2623 5 411 5 2624 164 2625 164 2626 164 2627 5 2628 5 2629 5 2127 583 2630 583 2631 583 2632 584 2633 584 2634 584 2635 164 2636 164 2637 164 1187 5 1186 5 2638 5 2639 8 2640 8 2641 8 2642 585 2643 585 2644 585 2645 8 2646 8 2647 8 2648 586 2649 586 2650 586 2651 587 2652 587 2653 587 1069 588 2654 588 2655 588 2656 164 2657 164 2658 164 2659 589 2660 589 2661 589 2662 590 2663 590 2664 590 2665 5 2666 5 2667 5 2668 591 2669 591 2363 591 2670 592 2671 592 2672 592 2673 8 2674 8 2675 8 2676 593 2677 593 2678 593 1141 594 2679 594 2680 594 1059 164 2681 164 1060 164 2682 595 2683 595 2684 595 2685 596 2686 596 2687 596 2688 8 2689 8 2690 8 2691 597 2692 597 2693 597 2694 598 2695 598 2696 598 2697 8 2698 8 2699 8 2700 599 2701 599 2702 599 2703 164 2704 164 2705 164 1927 5 2706 5 2707 5 2708 600 2709 600 2530 600 2710 601 2711 601 2712 601 2713 5 2711 5 2714 5 2715 602 2039 602 2716 602 2717 603 2718 603 2719 603 2720 8 2721 8 2722 8 2723 604 2724 604 2725 604 2726 605 2727 605 2728 605 2729 606 2730 606 2731 606 2732 607 2733 607 2377 607 2734 608 2735 608 1395 608 2736 609 2737 609 2693 609 2738 610 2739 610 2740 610 2498 1 2741 1 2499 1 2742 8 2743 8 2744 8 2745 611 2746 611 2747 611 2748 612 2749 612 2750 612 2751 8 2752 8 2753 8 2754 613 2755 613 2756 613 2757 614 2758 614 2759 614 2760 8 2761 8 2762 8 2763 0 2764 0 2765 0 2766 5 2767 5 2768 5 2769 615 2770 615 2771 615 2766 616 2564 616 2772 616 2773 617 2774 617 2775 617 2776 618 2777 618 2778 618 2779 619 2780 619 2623 619 2781 5 2782 5 2783 5 2784 620 916 620 1400 620 2785 1 2786 1 2787 1 2661 621 2788 621 2659 621 2789 622 2790 622 850 622 2136 623 2791 623 2134 623 2792 624 2793 624 2794 624 2795 625 2796 625 2797 625 662 0 660 0 2080 0 2767 626 2798 626 2713 626 1635 627 2085 627 2799 627 2800 628 2801 628 2802 628 2803 629 2804 629 2805 629 2806 8 2807 8 2808 8 2809 630 1324 630 2810 630 2811 631 2812 631 2813 631 1603 0 2814 0 2815 0 2816 1 155 1 1821 1 1819 1 1821 1 154 1 2817 5 2818 5 2819 5 1079 632 1084 632 2820 632 2821 633 835 633 55 633 132 634 2822 634 2823 634 2824 635 2825 635 2826 635 2827 0 2400 0 2828 0 2829 636 2830 636 2831 636 2832 1 1175 1 2833 1 2834 637 2835 637 2836 637 2524 638 2523 638 2837 638 2838 639 2839 639 2270 639 329 640 2083 640 330 640 2840 1 1300 1 2841 1 2842 641 2843 641 2844 641 2398 642 2307 642 2845 642 746 643 2846 643 2847 643 2304 1 2848 1 2849 1 2850 0 2851 0 871 0 2852 1 2853 1 2854 1 2855 644 2856 644 2857 644 2858 645 2859 645 2860 645 2861 646 2862 646 2863 646 2864 647 2865 647 2866 647 2867 8 2868 8 2869 8 2870 8 2747 8 2871 8 2872 648 2873 648 2874 648 2875 8 2876 8 2877 8 2878 649 2879 649 2880 649 2508 650 2813 650 2881 650 831 216 2882 216 2883 216 2884 651 2885 651 2886 651 2887 652 2888 652 2889 652 2581 8 2722 8 2890 8 2891 653 2892 653 2539 653 2893 552 2894 552 2895 552 2896 654 2829 654 2897 654 2898 655 2899 655 2900 655 2901 1 2902 1 2903 1 2746 656 2904 656 2905 656 2804 550 2803 550 2906 550 2907 8 2908 8 2675 8 2909 657 2910 657 2886 657 2911 8 2912 8 2913 8 2914 658 2915 658 2900 658 2916 659 2917 659 2918 659 2919 660 2920 660 2921 660 2922 8 2546 8 2923 8 2924 661 2925 661 2926 661 2927 0 1354 0 1356 0 2165 8 2928 8 2166 8 2929 552 2930 552 2931 552 1814 662 1812 662 2932 662 104 663 2933 663 105 663 1882 1 1884 1 1875 1 2934 664 2935 664 2936 664 2937 665 2938 665 2770 665 2939 666 198 666 2940 666 2941 5 2942 5 2943 5 2944 667 2945 667 2946 667 1013 668 1015 668 2947 668 473 669 476 669 2948 669 2934 670 2949 670 2935 670 2950 8 2951 8 2952 8 2483 671 2953 671 2954 671 2949 672 2955 672 2935 672 2956 673 2957 673 2958 673 2925 674 2924 674 2959 674 201 526 2960 526 288 526 2961 1 2962 1 2963 1 685 0 2964 0 686 0 2965 675 814 675 2966 675 2967 676 2968 676 2969 676 2970 677 2971 677 55 677 451 5 2972 5 2973 5 2974 678 310 678 2975 678 155 1 2816 1 2976 1 2977 0 2978 0 2979 0 814 512 2980 512 1113 512 875 679 2981 679 877 679 2982 8 2568 8 2983 8 2006 680 2984 680 2004 680 2985 0 2986 0 2987 0 2988 1 2989 1 1290 1 2990 681 2991 681 2992 681 587 682 1076 682 2993 682 2994 683 2995 683 1996 683 915 223 2996 223 1160 223 2997 5 2998 5 2999 5 3000 684 3001 684 3002 684 3003 5 3004 5 1406 5 3005 1 1305 1 3006 1 3007 0 3008 0 3009 0 3010 5 3011 5 3012 5 3013 0 3014 0 3015 0 3016 8 3017 8 3018 8 1576 685 3019 685 1340 685 3020 686 3021 686 3022 686 3023 687 3024 687 3025 687 3026 688 3027 688 3028 688 3029 9 2422 9 3030 9 3031 9 3030 9 3032 9 3033 9 3034 9 3035 9 3036 5 37 5 3037 5 3038 689 3039 689 2969 689 3040 9 3041 9 3042 9 3043 1 3044 1 3045 1 3046 1 1361 1 3047 1 3048 690 3049 690 3050 690 3051 0 3052 0 3053 0 887 0 3054 0 888 0 3055 691 3056 691 3057 691 3058 164 299 164 3059 164 3060 692 564 692 3061 692 3062 693 3063 693 3064 693 3065 5 3066 5 3067 5 1885 694 3068 694 3069 694 3070 8 3071 8 1012 8 3072 5 3073 5 3074 5 3075 1 3076 1 3077 1 3078 0 3079 0 444 0 2665 253 3080 253 2666 253 3081 695 3082 695 3083 695 3084 0 3085 0 3086 0 2316 0 3087 0 3088 0 2990 0 2992 0 3089 0 3090 5 3091 5 3092 5 1916 8 3093 8 3094 8 3095 8 3096 8 3097 8 974 696 982 696 3098 696 304 697 3099 697 302 697 3100 0 3101 0 3102 0 3103 698 3104 698 3105 698 3106 699 3107 699 3108 699 3109 700 3110 700 3111 700 3112 701 3113 701 3114 701 3115 5 3116 5 3117 5 648 5 135 5 649 5 3118 702 3119 702 3120 702 3121 703 3122 703 3123 703 3124 0 3125 0 3126 0 3127 704 3128 704 3129 704 3130 5 3131 5 3132 5 3133 705 3134 705 3135 705 3136 0 3137 0 3138 0 3139 0 3140 0 356 0 3141 1 3142 1 3143 1 3144 8 3145 8 3146 8 3147 706 3148 706 3149 706 3150 1 3151 1 3152 1 3153 1 3154 1 3155 1 2300 707 3156 707 3157 707 3158 8 3159 8 3160 8 3161 1 3162 1 1970 1 3163 708 2011 708 3164 708 1052 709 3165 709 3166 709 3167 710 3168 710 3169 710 3170 711 844 711 3171 711 3172 0 3173 0 3174 0 3175 164 3176 164 3177 164 3178 712 3179 712 1228 712 1525 713 1524 713 1846 713 3180 714 3181 714 1204 714 3182 0 3183 0 480 0 945 164 3184 164 946 164 3185 1 3186 1 3187 1 3188 0 3189 0 3190 0 2078 715 429 715 3191 715 3192 0 3193 0 2851 0 3194 1 1630 1 3195 1 3196 204 3197 204 1107 204 3043 716 3198 716 3044 716 3199 1 3200 1 3201 1 3051 717 3053 717 3202 717 3203 0 3204 0 3205 0 3206 718 2039 718 2040 718 1038 8 3207 8 1915 8 3206 719 3208 719 3209 719 3210 720 3211 720 3212 720 3213 721 3214 721 3215 721 556 164 3216 164 3217 164 3218 0 3108 0 3219 0 2033 722 2035 722 3220 722 3221 1 3222 1 3223 1 3224 1 2319 1 3225 1 3226 723 3227 723 3228 723 3229 724 3230 724 3231 724 3232 1 1498 1 3233 1 3234 1 3235 1 3236 1 3237 725 3238 725 3239 725 3240 726 3241 726 3242 726 3243 727 3244 727 3245 727 3246 728 3247 728 3248 728 3249 164 3250 164 3251 164 3252 729 3253 729 3254 729 3255 0 3256 0 3257 0 3258 164 3259 164 3260 164 3261 730 1933 730 3262 730 3263 731 3264 731 3265 731 3266 1 3267 1 3268 1 3269 164 3270 164 1762 164 3271 732 3272 732 3273 732 1799 733 1804 733 3274 733 3275 734 3276 734 3277 734 3278 735 3279 735 964 735 137 736 139 736 269 736 3280 737 3281 737 3282 737 3283 738 274 738 3284 738 3285 739 2718 739 3286 739 3287 740 3288 740 3289 740 3290 741 3291 741 3292 741 3293 8 3294 8 3295 8 3296 742 3297 742 3298 742 3210 743 2704 743 3299 743 3300 164 2272 164 3301 164 407 744 3302 744 3303 744 3304 0 3305 0 3306 0 3307 745 3308 745 3309 745 3310 746 1226 746 3311 746 3312 5 1083 5 3313 5 3314 747 3315 747 592 747 3246 728 3248 728 3316 728 3286 748 3317 748 3285 748 3318 749 1822 749 3319 749 3320 750 3321 750 3322 750 3323 751 3223 751 3324 751 2035 0 3325 0 3326 0 3327 0 3328 0 3329 0 3330 1 1756 1 860 1 3331 752 3332 752 1523 752 3333 753 3334 753 3335 753 3119 0 3336 0 3337 0 3338 754 3339 754 3340 754 3341 755 3342 755 3343 755 3344 756 3345 756 3346 756 3347 757 3348 757 3349 757 3350 758 3351 758 3352 758 3353 759 3354 759 3355 759 984 0 3356 0 3357 0 3358 570 3359 570 2639 570 2334 760 2339 760 3360 760 2326 761 3361 761 3362 761 3363 762 2671 762 2673 762 3364 763 2580 763 3365 763 3366 764 3367 764 3368 764 2592 765 3369 765 3370 765 2560 766 3371 766 3372 766 3373 767 3374 767 3375 767 3376 768 3377 768 3378 768 3379 769 3380 769 3381 769 2382 770 3382 770 3383 770 1495 771 3384 771 3385 771 2587 772 2591 772 3386 772 2001 483 3387 483 3388 483 3389 773 2737 773 3390 773 3391 774 2692 774 3392 774 2423 775 3393 775 3394 775 3395 776 3396 776 3397 776 3398 777 3399 777 3400 777 3401 610 3402 610 3403 610 2432 778 3404 778 3405 778 2426 779 3406 779 3407 779 3408 780 2735 780 3409 780 3410 781 3411 781 3412 781 3413 782 3414 782 3415 782 2599 783 3416 783 2688 783 3417 8 2752 8 3418 8 3419 784 2920 784 3420 784 3421 785 2501 785 3422 785 3423 8 3424 8 2806 8 2642 786 2647 786 3425 786 2662 8 3426 8 3427 8 3428 8 3429 8 2698 8 2616 787 3430 787 3431 787 3432 8 2910 8 3433 8 3434 788 2885 788 3435 788 2865 8 3436 8 3437 8 3438 789 2929 789 3439 789 2911 8 3440 8 3441 8 2754 790 3442 790 3443 790 673 791 3444 791 674 791 3445 792 2893 792 3446 792 3447 793 2922 793 3420 793 3448 794 2867 794 3449 794 2951 8 3450 8 3451 8 3452 8 2906 8 3453 8 2870 795 2874 795 3454 795 2935 796 3455 796 3456 796 3457 8 3458 8 3459 8 2724 8 3460 8 3461 8 3462 8 3463 8 3464 8 2915 8 2918 8 3465 8 3466 797 2899 797 2524 797 3467 798 3468 798 404 798 3469 0 3470 0 3471 0 3472 0 3473 0 3474 0 3475 799 3476 799 3477 799 3478 800 3479 800 3152 800 3313 5 3480 5 3481 5 1387 0 3482 0 3483 0 3484 5 3485 5 760 5 3486 801 3487 801 3488 801 3489 802 1273 802 1272 802 3490 0 3491 0 3492 0 3493 803 3494 803 3495 803 862 204 3496 204 3497 204 3498 0 3499 0 26 0 3500 1 3501 1 3502 1 3503 804 3504 804 3505 804 3506 164 3507 164 3508 164 3509 5 760 5 3485 5 3510 805 3511 805 3271 805 3512 806 3513 806 3514 806 2979 807 3515 807 2977 807 3516 808 3517 808 3518 808 3519 164 3520 164 3521 164 3522 809 3265 809 3264 809 3523 810 3524 810 3525 810 2679 811 1141 811 1642 811 2853 1 2852 1 3526 1 3527 812 561 812 3528 812 3529 164 550 164 3530 164 3531 164 3532 164 3533 164 3534 1 3535 1 3536 1 3537 0 3538 0 3539 0 3540 0 3541 0 3542 0 3543 813 3544 813 3545 813 3546 814 3547 814 3548 814 3549 815 3550 815 3511 815 3551 816 3552 816 3553 816 3554 817 3555 817 3545 817 3556 818 1502 818 3557 818 3558 819 3559 819 3560 819 3561 820 3562 820 3563 820 3564 821 3565 821 3566 821 1861 822 3567 822 3568 822 3569 823 3570 823 3571 823 3572 824 1534 824 3573 824 3574 825 3575 825 3576 825 3577 826 3578 826 3579 826 3580 827 3028 827 3027 827 3581 828 3582 828 3510 828 3583 829 3584 829 1678 829 3048 830 3585 830 3049 830 3586 831 3587 831 3588 831 3489 832 1272 832 3589 832 3590 833 1023 833 3591 833 3592 834 3593 834 3594 834 3595 835 3596 835 3597 835 1685 836 3598 836 3599 836 3600 837 3601 837 3272 837 1617 838 3602 838 1618 838 1625 839 1665 839 1664 839 3603 840 3604 840 2574 840 3605 841 3606 841 3607 841 2573 688 1120 688 2574 688 2191 842 3608 842 2189 842 3567 843 1861 843 1860 843 3609 844 3610 844 2575 844 3611 845 3612 845 3613 845 3614 846 1695 846 1694 846 3615 379 2105 379 2104 379 3616 847 3617 847 3618 847 3619 848 3620 848 3621 848 3622 849 1493 849 3623 849 3624 850 3625 850 3626 850 1407 851 3627 851 1408 851 1554 852 1553 852 3628 852 3629 853 3630 853 3631 853 3632 344 1573 344 1572 344 3633 854 3634 854 3635 854 3636 8 1477 8 1476 8 3562 8 3561 8 3637 8 1519 855 3638 855 3639 855 3640 856 3641 856 1543 856 3642 857 3643 857 3644 857 1541 858 3638 858 1518 858 3645 859 3646 859 3647 859 1513 860 3648 860 3649 860 3572 861 1535 861 1534 861 3650 8 3577 8 1269 8 3651 862 3652 862 1021 862 3653 863 1119 863 3654 863 3604 864 3653 864 3655 864 3603 865 1120 865 1119 865 3656 866 3657 866 3658 866 3659 5 3660 5 3661 5 2036 867 1522 867 3662 867 3663 868 3664 868 3665 868 3666 869 3469 869 3471 869 3667 870 3668 870 3669 870 795 871 797 871 2534 871 3670 872 3671 872 3672 872 2320 1 3673 1 2321 1 3674 873 3675 873 3676 873 3677 1 3678 1 3679 1 3680 874 616 874 3681 874 840 214 2576 214 3682 214 3683 1 3684 1 3685 1 3686 875 3687 875 3688 875 3689 0 3690 0 3691 0 3692 8 3693 8 3694 8 1102 205 771 205 3695 205 3696 876 3102 876 3697 876 3033 877 3698 877 3699 877 2235 878 2242 878 3700 878 3701 1 3702 1 3703 1 3704 879 3705 879 3706 879 3707 880 3708 880 3709 880 2316 0 3088 0 2317 0 3710 253 1130 253 3711 253 3712 881 3713 881 2387 881 3714 882 3715 882 3716 882 3111 883 3717 883 3718 883 3719 884 3720 884 3073 884 3721 885 3722 885 3723 885 3724 886 3725 886 3726 886 3727 0 2815 0 3728 0 3729 887 3468 887 3730 887 3731 888 3732 888 3537 888 3733 245 3692 245 3734 245 111 1 3735 1 3736 1 3737 889 3710 889 846 889 1943 890 3738 890 3739 890 3740 891 3741 891 3742 891 2484 892 3743 892 3744 892 3745 8 3746 8 731 8 3469 0 3747 0 468 0 2553 893 669 893 2554 893 3748 894 3749 894 3750 894 2243 895 3751 895 3752 895 3753 1 3754 1 1955 1 3755 1 3756 1 3757 1 960 896 962 896 3758 896 2927 897 3759 897 3760 897 565 193 3761 193 3762 193 927 898 3763 898 3764 898 3279 899 3765 899 3766 899 3767 0 3768 0 3769 0 3769 900 3768 900 3770 900 3771 5 3772 5 3773 5 3774 1 3775 1 3776 1 3777 901 3778 901 3779 901 3780 902 3781 902 2073 902 3782 245 3783 245 3784 245 3244 903 3243 903 3785 903 3786 5 1997 5 1925 5 3787 904 3788 904 3789 904 1913 905 3790 905 1911 905 3162 906 3791 906 3792 906 3793 907 3794 907 3795 907 432 8 513 8 433 8 3796 908 3797 908 3798 908 3799 909 3800 909 3801 909 3802 910 3803 910 3804 910 3717 911 3111 911 3805 911 3806 912 3807 912 3808 912 1074 913 3809 913 1075 913 1037 8 1914 8 3810 8 3811 0 3812 0 3813 0 3814 0 3492 0 3491 0 3815 914 3816 914 3817 914 3818 154 3819 154 3820 154 3821 915 3822 915 3823 915 3824 916 3825 916 3826 916 3827 917 3828 917 3829 917 3830 905 3831 905 1007 905 3832 918 3833 918 3834 918 3835 919 3836 919 3837 919 3838 920 3839 920 3840 920 3841 921 1195 921 3842 921 1485 0 1755 0 1483 0 3843 922 3731 922 3844 922 3845 900 3846 900 3847 900 3848 923 3121 923 3849 923 3850 924 3851 924 3852 924 953 925 3853 925 3854 925 3855 1 3856 1 3857 1 3127 5 867 5 3858 5 3761 154 565 154 1536 154 263 926 348 926 265 926 3725 927 3724 927 3859 927 832 0 834 0 3860 0 3861 928 3819 928 3862 928 3863 192 3864 192 3865 192 3866 929 3867 929 3868 929 3869 930 1710 930 3870 930 3871 931 3816 931 3872 931 3873 932 1717 932 3874 932 3875 933 3864 933 3863 933 3876 0 3877 0 3878 0 3879 12 3880 12 3881 12 74 934 3882 934 3883 934 3884 935 3885 935 3886 935 3887 936 3888 936 3889 936 3890 937 3891 937 3892 937 1836 5 1835 5 3893 5 3894 938 3895 938 3896 938 3897 29 3788 29 3898 29 1836 939 3899 939 1837 939 3900 940 3901 940 3902 940 129 941 3903 941 392 941 3904 942 3905 942 3906 942 148 943 3907 943 274 943 3908 944 3909 944 3910 944 3911 945 3912 945 3913 945 3914 5 3915 5 892 5 3916 946 3917 946 3918 946 3919 947 3920 947 3921 947 3922 948 3923 948 3924 948 1808 949 1810 949 3925 949 2294 950 3926 950 3927 950 268 879 3928 879 269 879 332 951 3929 951 221 951 3930 63 3931 63 3932 63 3933 164 3934 164 2182 164 3935 952 3936 952 3937 952 3938 953 3939 953 3940 953 249 954 3941 954 3942 954 3943 955 3944 955 3945 955 415 1 3946 1 2100 1 3947 956 3948 956 2115 956 273 957 3949 957 3950 957 3951 958 3952 958 348 958 3704 959 3706 959 3928 959 2458 88 2460 88 3953 88 2329 960 2295 960 3954 960 285 961 3955 961 395 961 3956 5 794 5 3957 5 3958 962 3959 962 1115 962 3922 963 3960 963 3923 963 3961 964 3962 964 3963 964 3964 965 3965 965 2119 965 2123 966 2125 966 3966 966 3967 967 3968 967 1901 967 338 968 3969 968 3970 968 531 0 3971 0 3972 0 3973 969 3974 969 2083 969 3975 970 3976 970 3977 970 502 971 504 971 326 971 3978 972 3979 972 3980 972 3981 973 3982 973 3555 973 3983 974 3984 974 3985 974 391 975 426 975 427 975 3986 976 3987 976 180 976 3988 977 3989 977 3990 977 3188 0 3991 0 3992 0 3993 978 3994 978 3995 978 394 979 3996 979 3997 979 3998 8 3999 8 2562 8 783 204 761 204 4000 204 4001 5 4002 5 4003 5 4004 0 4005 0 4006 0 4007 980 4008 980 4009 980 607 0 4010 0 608 0 3744 981 4011 981 4012 981 4013 982 1199 982 1198 982 4014 8 4015 8 2268 8 4016 0 4017 0 4018 0 3848 0 4019 0 4020 0 3535 983 3534 983 4021 983 4022 0 4023 0 4024 0 4025 984 3470 984 4026 984 4027 985 4028 985 3325 985 4029 986 4030 986 4031 986 4032 9 4033 9 3022 9 4034 1 4035 1 4036 1 2510 9 4037 9 4038 9 1387 987 3483 987 4039 987 4040 0 4041 0 4042 0 48 9 4043 9 4044 9 4045 5 4046 5 4047 5 4048 988 4049 988 4050 988 3500 989 4051 989 4052 989 4053 990 4054 990 4055 990 4056 991 4057 991 4058 991 4059 8 3784 8 3783 8 2175 992 2174 992 4060 992 4061 1 4062 1 801 1 4063 993 4064 993 4065 993 4066 1 4067 1 4068 1 4069 994 1887 994 1432 994 2998 5 2997 5 4070 5 1777 5 4071 5 4072 5 4073 492 3222 492 4074 492 4075 995 4076 995 4077 995 4078 0 1887 0 4079 0 4080 996 2369 996 4081 996 4082 0 4083 0 4084 0 3366 483 3378 483 4085 483 4086 997 4087 997 4088 997 4089 8 4090 8 4091 8 3727 0 4092 0 1603 0 2445 998 4093 998 4094 998 3222 999 4073 999 4095 999 4096 0 4097 0 4098 0 4099 1000 4100 1000 4101 1000 4076 1001 4075 1001 2848 1001 4075 1002 2290 1002 4102 1002 4103 0 1983 0 4104 0 4105 1003 2438 1003 4106 1003 4107 1004 4108 1004 4109 1004 4110 164 4111 164 3258 164 3828 5 3827 5 4112 5 4113 1005 2761 1005 4114 1005 4115 1006 2538 1006 4114 1006 2651 1007 4116 1007 4117 1007 2606 1008 4118 1008 4119 1008 4120 5 2714 5 4121 5 4122 0 4123 0 990 0 244 1009 4124 1009 242 1009 4125 1 4126 1 2903 1 4012 1010 4127 1010 3744 1010 4128 0 2090 0 2013 0 4129 0 4130 0 994 0 4131 1011 4132 1011 4133 1011 302 1012 1115 1012 305 1012 4134 1013 4135 1013 4136 1013 2639 1014 4137 1014 3358 1014 2833 1015 4138 1015 4139 1015 4140 5 4141 5 3117 5 4142 1 4143 1 1329 1 505 1016 4144 1016 4145 1016 3485 1017 3484 1017 4146 1017 1930 0 1937 0 949 0 4147 0 4148 0 3173 0 4149 1018 4150 1018 4151 1018 4152 9 4153 9 4154 9 2702 1019 4155 1019 2796 1019 764 0 775 0 765 0 1277 1020 4156 1020 4157 1020 4158 1 4159 1 4160 1 4161 0 4162 0 4163 0 1917 1021 4164 1021 4165 1021 4166 0 1433 0 4167 0 4168 1022 4169 1022 4170 1022 4171 1023 1479 1023 4172 1023 4173 0 4174 0 4175 0 4176 0 4177 0 4178 0 4179 0 4180 0 4181 0 4182 0 4183 0 907 0 2841 1024 4184 1024 4185 1024 910 1 1327 1 4186 1 1181 267 4187 267 4188 267 3926 1025 4189 1025 4190 1025 4191 8 4137 8 4192 8 4193 1 4194 1 4195 1 983 0 985 0 4196 0 4197 1 4198 1 4199 1 4200 1026 4201 1026 4202 1026 1912 1027 1327 1027 4203 1027 1740 1 4204 1 4205 1 232 1028 3945 1028 233 1028 4206 0 4207 0 4208 0 4209 1029 4210 1029 4211 1029 4212 1030 4213 1030 4214 1030 1327 1 1912 1 4186 1 1652 1031 1487 1031 1616 1031 204 1032 4215 1032 202 1032 1583 1033 1585 1033 4216 1033 1564 1034 4217 1034 4218 1034 4219 816 4220 816 4221 816 4222 818 1562 818 4223 818 3271 1035 3273 1035 3510 1035 92 1036 4224 1036 233 1036 4225 0 2296 0 4226 0 4227 688 4228 688 4229 688 2289 1 4230 1 1285 1 4231 1037 4232 1037 4233 1037 2241 9 4234 9 1919 9 3095 1038 4235 1038 3096 1038 4236 1039 4237 1039 4238 1039 1468 1040 4239 1040 4240 1040 1467 8 1672 8 1270 8 4241 638 4242 638 4243 638 2729 8 4244 8 4245 8 4246 8 4247 8 4248 8 4249 1041 4250 1041 4251 1041 4252 1042 4253 1042 2190 1042 1984 0 4254 0 1985 0 4202 1043 4255 1043 4256 1043 4257 1044 4258 1044 4259 1044 4260 1045 4056 1045 4058 1045 4261 1046 4262 1046 2956 1046 2824 0 4263 0 2825 0 4264 8 4265 8 3453 8 4152 9 4154 9 4266 9 4267 1047 4268 1047 4269 1047 1167 1048 4001 1048 4270 1048 4271 0 4272 0 4273 0 4274 350 3866 350 4275 350 3873 1049 1718 1049 1717 1049 4276 1050 485 1050 4277 1050 4013 1051 1198 1051 4278 1051 4279 1052 4280 1052 1191 1052 3869 1051 1711 1051 1710 1051 4281 1053 4282 1053 1552 1053 1723 1054 3181 1054 1722 1054 4283 1055 4284 1055 4285 1055 4286 1056 3742 1056 4287 1056 3556 1057 4288 1057 1502 1057 4289 1058 4290 1058 4291 1058 4292 1059 4293 1059 3583 1059 3562 1060 4294 1060 4295 1060 4296 1061 1509 1061 4297 1061 4298 1062 1624 1062 1626 1062 4299 1063 1692 1063 1691 1063 1680 805 4292 805 1678 805 4290 1042 1686 1042 1685 1042 4300 1064 4301 1064 4302 1064 4303 1065 4304 1065 4305 1065 3596 1066 4306 1066 4307 1066 1072 1067 4308 1067 4309 1067 1534 1068 4310 1068 4311 1068 4312 1069 4313 1069 4314 1069 4315 1058 4316 1058 4317 1058 3640 1070 4318 1070 4319 1070 97 1071 99 1071 4320 1071 4321 8 3016 8 4322 8 4323 335 1502 335 1501 335 3548 1072 4324 1072 3630 1072 1508 1073 1507 1073 4325 1073 4326 1074 4327 1074 3607 1074 4328 1075 4329 1075 4330 1075 4331 1076 4332 1076 4333 1076 4334 1077 4335 1077 1860 1077 4336 828 2491 828 2490 828 1267 832 4337 832 4338 832 4339 1078 3605 1078 4340 1078 4308 864 1072 864 1071 864 4341 8 1474 8 1473 8 4342 860 4343 860 4344 860 1542 338 4318 338 1543 338 4337 1079 1267 1079 1266 1079 1581 339 4275 339 1579 339 4345 1080 4346 1080 4347 1080 4348 1081 1703 1081 1732 1081 1914 8 4349 8 3810 8 1171 1082 4350 1082 4351 1082 4352 8 2002 8 4353 8 2024 5 4354 5 4355 5 1977 0 4356 0 2030 0 218 1083 4357 1083 4358 1083 1348 1084 4359 1084 4360 1084 411 5 4361 5 2620 5 3178 0 2409 0 3179 0 4362 1 4363 1 4364 1 4365 0 4366 0 4367 0 4368 164 2609 164 4369 164 4370 1085 4371 1085 4372 1085 4373 164 557 164 2703 164 4374 0 4375 0 4376 0 2192 1086 2194 1086 4377 1086 3692 193 3733 193 4378 193 3822 1087 4379 1087 4015 1087 4380 1088 4381 1088 4382 1088 2394 93 651 93 2960 93 4383 1089 2358 1089 3462 1089 738 245 4384 245 737 245 147 1090 4385 1090 4386 1090 4387 1091 1251 1091 4388 1091 4389 1092 4390 1092 4391 1092 4392 1093 4393 1093 4394 1093 1965 1094 1279 1094 4395 1094 3188 1095 3992 1095 3189 1095 4396 1096 4397 1096 3040 1096 4398 0 4399 0 1978 0 4400 1097 4401 1097 4402 1097 2024 5 4355 5 2025 5 2763 0 603 0 602 0 4403 1098 3802 1098 3804 1098 4404 1099 4405 1099 4406 1099 3876 1100 2559 1100 4407 1100 3446 1101 4408 1101 3445 1101 4409 154 4410 154 4411 154 4412 5 2132 5 4413 5 4414 1065 3597 1065 3596 1065 3121 1102 3848 1102 4415 1102 4416 29 4417 29 4418 29 784 1103 380 1103 379 1103 4419 5 2370 5 4420 5 4421 1104 4422 1104 4423 1104 1319 5 4424 5 4425 5 4426 5 2106 5 4427 5 4428 1105 4429 1105 4124 1105 4430 1106 4431 1106 4224 1106 3327 0 4432 0 3328 0 4433 5 4434 5 4435 5 4436 1107 4437 1107 4438 1107 632 1108 4439 1108 4440 1108 4441 1109 1095 1109 1374 1109 4442 5 4443 5 4444 5 2092 1110 4445 1110 2026 1110 4446 1111 3867 1111 3866 1111 867 5 4447 5 868 5 4448 0 4449 0 4450 0 1739 1 1741 1 4451 1 4452 0 4453 0 4454 0 1030 5 4455 5 4456 5 4457 5 4425 5 4458 5 2108 1112 2109 1112 4459 1112 1923 5 4460 5 1921 5 4461 1113 4462 1113 436 1113 4463 1114 4464 1114 4465 1114 4466 1115 4467 1115 4468 1115 4279 1116 1191 1116 1193 1116 2300 1117 1093 1117 3156 1117 4469 1118 4470 1118 166 1118 589 1119 4471 1119 4472 1119 4473 1120 4311 1120 4202 1120 4474 0 4475 0 4476 0 4477 1121 4478 1121 4479 1121 4480 1122 4481 1122 3381 1122 4482 1123 4483 1123 3374 1123 4478 1124 4477 1124 4230 1124 4484 5 4485 5 4486 5 2464 1125 4487 1125 2496 1125 750 192 4488 192 731 192 1937 1126 4489 1126 949 1126 1112 5 4490 5 4491 5 4492 164 4493 164 586 164 4494 483 4495 483 4496 483 4497 1127 4498 1127 4499 1127 4500 8 2861 8 4501 8 4502 1 4503 1 4504 1 4505 1128 4506 1128 4507 1128 2685 8 2687 8 4508 8 2090 1129 2089 1129 4509 1129 3266 1130 4510 1130 4511 1130 4512 619 4213 619 2780 619 4513 1131 2957 1131 4262 1131 4514 5 4515 5 4516 5 4517 1132 4518 1132 4519 1132 4520 8 4521 8 4522 8 4523 8 2468 8 2467 8 4524 1133 4437 1133 4525 1133 2622 1134 2779 1134 2620 1134 2774 1135 2936 1135 4526 1135 4527 1136 4528 1136 4529 1136 3793 1137 4530 1137 4531 1137 1923 5 4532 5 4460 5 715 193 4533 193 713 193 4528 1138 4527 1138 4534 1138 2771 679 2938 679 4535 679 1149 204 2139 204 4536 204 4537 1139 3207 1139 1038 1139 4538 0 4539 0 885 0 4540 0 4541 0 1152 0 4542 1140 4543 1140 4544 1140 1088 5 4545 5 4546 5 1907 1141 1909 1141 4547 1141 4548 1142 3781 1142 2069 1142 1648 1143 4475 1143 3972 1143 4549 1144 4550 1144 4551 1144 3365 8 4552 8 3459 8 4553 1145 4554 1145 4555 1145 4405 931 4404 931 4556 931 4557 696 4558 696 4559 696 4560 1146 4561 1146 4562 1146 4563 1 1303 1 4564 1 4565 1147 4566 1147 4567 1147 4568 1148 4569 1148 4570 1148 4216 1149 4571 1149 1583 1149 1573 1150 4572 1150 1571 1150 4573 1151 278 1151 4574 1151 1475 8 1477 8 4575 8 4576 1152 4577 1152 4578 1152 4579 1153 4580 1153 4581 1153 4580 1154 4579 1154 4582 1154 3491 1155 4583 1155 4293 1155 4583 1156 3491 1156 3490 1156 3600 1058 4584 1058 4221 1058 4585 1157 2354 1157 4586 1157 3260 164 4110 164 3258 164 4587 1158 4588 1158 4589 1158 4535 222 2938 222 4590 222 140 1159 3940 1159 242 1159 4591 1036 250 1036 4592 1036 2508 1160 2507 1160 4593 1160 1274 1161 3933 1161 2182 1161 3392 8 4594 8 4595 8 693 1 4596 1 4597 1 2812 781 4598 781 4599 781 2855 8 4600 8 4601 8 4602 1162 4603 1162 2350 1162 4604 498 4605 498 4606 498 4607 164 4608 164 4609 164 4610 164 4611 164 4612 164 2958 1163 2957 1163 4613 1163 4614 1164 4615 1164 4616 1164 2418 1165 2417 1165 4617 1165 4618 750 3320 750 4619 750 2852 1166 4620 1166 3526 1166 4621 1167 222 1167 3929 1167 3792 1168 4622 1168 4623 1168 4624 1169 4625 1169 4626 1169 4622 1170 3792 1170 3791 1170 4627 1171 175 1171 4628 1171 175 1172 4627 1172 4629 1172 4630 1173 3532 1173 4631 1173 4632 1174 4633 1174 4634 1174 4635 1175 1541 1175 1540 1175 4636 1176 4637 1176 4638 1176 4240 1177 4639 1177 3575 1177 4640 1178 4252 1178 3566 1178 4641 1179 4642 1179 4643 1179 4644 1180 4645 1180 4646 1180 4647 1181 2191 1181 2190 1181 4642 1182 4641 1182 4648 1182 4649 1183 3112 1183 3114 1183 4650 5 2178 5 4651 5 2491 0 4652 0 4653 0 4654 1184 3610 1184 4655 1184 3082 1185 4656 1185 4657 1185 2788 1019 2795 1019 4658 1019 4242 1160 4241 1160 4659 1160 4660 1186 3657 1186 4661 1186 4654 1074 4655 1074 2573 1074 4662 0 3068 0 4663 0 1120 263 4664 263 1118 263 4661 1187 4665 1187 4666 1187 3620 1188 4667 1188 4668 1188 4669 1189 4670 1189 4671 1189 4672 1 1539 1 4673 1 4674 1190 4675 1190 4676 1190 4677 1191 4678 1191 4679 1191 3617 1192 1146 1192 4680 1192 1693 1076 4681 1076 1694 1076 4678 1193 4677 1193 4682 1193 4683 1194 4684 1194 4685 1194 1292 0 4686 0 4687 0 4684 1195 4683 1195 4688 1195 4689 1196 4690 1196 4691 1196 4692 1197 3570 1197 4693 1197 2648 1198 4694 1198 4695 1198 1513 1199 1512 1199 4696 1199 4690 1200 4689 1200 4697 1200 4698 1201 4699 1201 4700 1201 2858 1202 4701 1202 4702 1202 716 1 4703 1 717 1 3055 1203 2743 1203 4704 1203 4699 1204 4698 1204 4705 1204 4706 1205 4707 1205 4708 1205 3624 1206 4709 1206 3625 1206 4242 1207 2509 1207 4522 1207 4710 0 4711 0 1483 0 4712 1208 4713 1208 4714 1208 1020 1 4186 1 1196 1 4715 9 4716 9 4717 9 4718 1209 4719 1209 4237 1209 4720 610 4721 610 4722 610 4723 164 4724 164 4725 164 4726 1210 4727 1210 4728 1210 2596 1211 4729 1211 4730 1211 4731 1212 3894 1212 2198 1212 4732 1213 3996 1213 393 1213 4733 1 804 1 3669 1 4734 1214 4735 1214 4736 1214 4737 1215 4738 1215 2007 1215 4739 0 819 0 1855 0 4740 1216 4741 1216 4742 1216 4741 1217 4743 1217 4742 1217 4744 1218 2542 1218 4745 1218 4746 0 4747 0 4748 0 4749 1 1263 1 4750 1 4751 1219 4752 1219 4753 1219 4754 1220 4755 1220 240 1220 4756 1221 2682 1221 4745 1221 4757 1222 4758 1222 4759 1222 4760 0 1260 0 4761 0 4762 1223 4763 1223 644 1223 4764 1224 4765 1224 4766 1224 4767 1225 1353 1225 1352 1225 4768 1226 4769 1226 4770 1226 4771 1227 4772 1227 4773 1227 4774 1228 4775 1228 91 1228 4765 1229 4759 1229 4776 1229 3720 1230 4777 1230 3073 1230 4778 1231 3038 1231 4779 1231 4780 1232 4781 1232 4782 1232 4783 1233 4784 1233 4785 1233 3039 1234 4778 1234 4786 1234 4787 1235 4788 1235 4789 1235 144 1236 4790 1236 4791 1236 4792 1237 4793 1237 139 1237 4794 1238 4795 1238 4793 1238 4792 1239 4796 1239 4797 1239 4798 1240 2004 1240 4799 1240 4795 1241 4794 1241 4800 1241 4795 1242 4801 1242 4802 1242 4803 1243 4804 1243 4805 1243 4806 1244 4807 1244 4808 1244 822 245 3395 245 821 245 3225 1245 4136 1245 1427 1245 4809 1246 4810 1246 4811 1246 4807 1247 4806 1247 4812 1247 4813 8 534 8 4814 8 4815 1248 4816 1248 262 1248 1073 0 4817 0 4818 0 4819 1249 4820 1249 4821 1249 4822 1250 4823 1250 4824 1250 4823 1251 4822 1251 4825 1251 4826 12 4827 12 4828 12 4829 1 4830 1 4831 1 4832 1252 4833 1252 4834 1252 2789 1253 4835 1253 4836 1253 3509 1254 4837 1254 4838 1254 4839 1255 4146 1255 4840 1255 969 1256 4841 1256 1443 1256 4842 1257 1807 1257 1806 1257 2148 1 4843 1 2149 1 4844 1258 4845 1258 2332 1258 4846 1259 3452 1259 4847 1259 1157 0 2850 0 871 0 4848 1260 4849 1260 4850 1260 4851 0 4852 0 4853 0 4854 1261 4855 1261 4856 1261 1924 1262 4857 1262 4858 1262 4859 1263 4860 1263 4861 1263 1348 1264 1350 1264 3099 1264 4862 1265 3958 1265 3965 1265 4863 1266 4864 1266 4865 1266 1681 1267 1683 1267 1867 1267 4866 1268 4867 1268 2051 1268 4868 1269 4869 1269 4870 1269 4871 1270 4872 1270 4873 1270 4874 1271 4875 1271 4876 1271 4877 1272 4878 1272 4879 1272 4880 8 4881 8 4882 8 4883 1273 4884 1273 4885 1273 4886 1274 211 1274 261 1274 4887 1275 4888 1275 4889 1275 2111 1276 2085 1276 2110 1276 4890 8 4891 8 721 8 1532 1081 4892 1081 4893 1081 2252 1 1290 1 4894 1 4895 205 996 205 1200 205 4896 0 4897 0 4898 0 3783 1277 3782 1277 742 1277 3262 1278 4899 1278 4900 1278 2415 1279 2248 1279 1155 1279 2757 1280 4901 1280 4902 1280 4903 0 1638 0 1226 0 3031 9 4904 9 4905 9 4906 1281 4907 1281 4908 1281 4769 1282 4768 1282 4909 1282 4907 1283 4906 1283 4910 1283 4911 1284 4912 1284 4913 1284 4912 1285 4911 1285 4914 1285 4915 1286 4916 1286 4917 1286 4475 0 1648 0 4918 0 4919 1287 4573 1287 4574 1287 3688 5 4920 5 4921 5 4922 1288 4923 1288 4924 1288 4925 1289 4926 1289 4927 1289 675 1290 4928 1290 4929 1290 4930 1291 2940 1291 4931 1291 4932 1292 4933 1292 4934 1292 4928 1293 675 1293 677 1293 4935 8 4936 8 4937 8 4938 1294 306 1294 4939 1294 2303 1295 4940 1295 966 1295 4941 1296 1972 1296 4942 1296 4822 8 3693 8 4943 8 4944 1297 4945 1297 2933 1297 4946 1298 4947 1298 4948 1298 3065 1299 4949 1299 4950 1299 4951 1300 4952 1300 4953 1300 4954 1301 4955 1301 4956 1301 2838 1302 4957 1302 4958 1302 3787 1303 4959 1303 4960 1303 4954 1304 4961 1304 121 1304 1973 1305 4962 1305 4963 1305 3938 1306 4964 1306 3939 1306 4965 1307 3904 1307 3987 1307 4966 1 4967 1 4968 1 4969 1308 4970 1308 4971 1308 2020 8 4972 8 4973 8 4974 1309 4975 1309 4976 1309 4977 1310 3036 1310 4978 1310 4979 1311 174 1311 294 1311 808 212 4980 212 4981 212 4982 1312 4983 1312 4901 1312 4984 8 4985 8 3421 8 4986 225 3496 225 4987 225 4988 1313 4989 1313 4990 1313 4991 1314 4992 1314 2928 1314 4992 154 4993 154 4994 154 4410 154 4409 154 4995 154 1256 8 4936 8 1028 8 4996 1 4997 1 4998 1 1570 1315 4999 1315 5000 1315 5001 1 5002 1 5003 1 5004 1316 484 1316 5005 1316 5006 1317 573 1317 841 1317 4099 1318 5007 1318 5008 1318 344 1319 5009 1319 5010 1319 5011 1320 1661 1320 5012 1320 5013 1 5014 1 5015 1 5016 5 5017 5 511 5 5018 1321 5019 1321 4244 1321 1190 193 5020 193 5021 193 5022 0 5023 0 208 0 5024 1322 5025 1322 2978 1322 5026 1323 3631 1323 5027 1323 5028 1324 5029 1324 5030 1324 3631 1325 5026 1325 5031 1325 5032 1326 5033 1326 5034 1326 5035 1327 3546 1327 3629 1327 1553 347 1564 347 1563 347 3546 1328 5035 1328 5036 1328 5037 1329 5038 1329 3547 1329 5039 1330 3544 1330 4222 1330 4452 0 5040 0 4453 0 5041 1331 5042 1331 5043 1331 4430 1036 5044 1036 4431 1036 5045 1 5046 1 450 1 5047 1 5041 1 5048 1 5049 831 3050 831 3049 831 5038 1332 5037 1332 5050 1332 3588 1333 5051 1333 5052 1333 5053 1334 5054 1334 4422 1334 5055 1335 3489 1335 5056 1335 3586 1336 5057 1336 5058 1336 3399 1337 5059 1337 3400 1337 2527 8 45 8 5060 8 5061 1338 1021 1338 5062 1338 4228 864 3028 864 5063 864 3026 1339 3028 1339 4227 1339 5064 1340 5065 1340 5066 1340 3202 0 3053 0 5067 0 5068 828 3273 828 3272 828 5069 1341 5070 1341 5071 1341 5070 1342 5069 1342 5072 1342 3136 1343 4292 1343 1680 1343 5073 1344 2985 1344 5074 1344 1080 1345 34 1345 5075 1345 47 9 4131 9 4043 9 4292 1346 3136 1346 3138 1346 5076 184 5077 184 5078 184 5079 1347 5080 1347 3651 1347 5079 1348 3651 1348 5061 1348 1191 348 4280 348 5081 348 2609 1349 5082 1349 2610 1349 4630 164 5083 164 5084 164 2418 1350 2301 1350 3857 1350 4173 1351 5085 1351 5086 1351 5087 1352 3288 1352 5088 1352 5089 0 4407 0 2559 0 5090 1353 3492 1353 5091 1353 5092 1354 5093 1354 5094 1354 5095 1355 5096 1355 5097 1355 1795 1 5098 1 5099 1 2055 1356 2057 1356 5100 1356 5101 1357 5102 1357 5103 1357 5104 5 5105 5 5106 5 5107 164 2547 164 5108 164 5109 1358 3208 1358 5110 1358 3726 1359 3725 1359 5111 1359 5112 1 5113 1 5114 1 5115 5 5116 5 1782 5 5117 0 3413 0 3415 0 3207 1360 4537 1360 5118 1360 2174 0 2176 0 5119 0 3786 5 5120 5 2146 5 5121 5 5122 5 1314 5 5123 1 1254 1 1253 1 5124 1361 4445 1361 5125 1361 5126 0 5127 0 5128 0 5129 1362 4072 1362 5130 1362 2294 1363 4189 1363 3926 1363 1137 1364 5131 1364 5132 1364 5133 1365 5134 1365 3268 1365 5135 1366 710 1366 5136 1366 5137 1367 5138 1367 4372 1367 5077 245 5076 245 1033 245 3163 1368 2561 1368 5139 1368 4772 5 4766 5 5140 5 3452 1369 4846 1369 5141 1369 5142 164 5143 164 5144 164 5145 1370 2727 1370 4527 1370 5146 1371 2520 1371 5147 1371 5148 1372 2366 1372 5149 1372 3388 1373 5150 1373 2001 1373 5151 1374 5152 1374 2023 1374 5153 741 5154 741 3530 741 5155 1375 2116 1375 2585 1375 4984 8 2690 8 2689 8 5156 737 5157 737 5158 737 2477 1376 2476 1376 5159 1376 5160 1377 3877 1377 5161 1377 190 1 5162 1 191 1 5163 1 5164 1 5165 1 5166 1378 5167 1378 5168 1378 3508 164 5169 164 3307 164 5170 1379 5171 1379 5172 1379 2679 164 1642 164 5173 164 839 1380 1218 1380 5174 1380 5175 0 0 0 2 0 4435 1381 5176 1381 4433 1381 5177 1 5178 1 5179 1 5180 1382 5181 1382 5182 1382 4900 1383 5183 1383 5184 1383 3262 0 4900 0 5185 0 3018 8 1665 8 5186 8 5187 1384 5188 1384 5189 1384 2697 1385 4927 1385 5190 1385 1405 1386 5191 1386 3003 1386 365 1387 3980 1387 366 1387 5192 1388 1418 1388 1420 1388 5193 0 1419 0 5194 0 5195 1389 42 1389 41 1389 1766 8 754 8 753 8 5196 1390 1560 1390 5197 1390 776 5 1561 5 5198 5 5199 8 5200 8 417 8 5201 8 5202 8 5203 8 5204 1391 5205 1391 5206 1391 1323 1 5204 1 5207 1 230 1392 229 1392 5208 1392 5209 1393 5210 1393 5211 1393 5212 0 5213 0 5214 0 5215 1394 5212 1394 5216 1394 3978 1395 5217 1395 3979 1395 3994 1396 3993 1396 5218 1396 124 1397 4971 1397 384 1397 5219 5 5220 5 100 5 1189 8 1605 8 1190 8 119 1398 121 1398 381 1398 5221 1399 389 1399 5222 1399 3522 1400 5223 1400 300 1400 2625 164 5224 164 5225 164 3270 1401 5226 1401 2626 1401 1928 1 1677 1 1676 1 927 5 929 5 3763 5 5227 1402 5228 1402 3474 1402 5229 5 5230 5 5231 5 1037 8 433 8 513 8 5232 1403 1935 1403 5233 1403 5234 5 5235 5 5236 5 5237 1404 5238 1404 3506 1404 227 1405 231 1405 5239 1405 5240 1406 1132 1406 1134 1406 5241 5 5242 5 5243 5 5242 1407 5244 1407 5245 1407 5231 5 5246 5 5229 5 5247 0 5248 0 5249 0 5250 1 5251 1 5252 1 4350 1408 1170 1408 5253 1408 5254 1409 5255 1409 5256 1409 5257 1410 841 1410 572 1410 5258 8 5259 8 5260 8 5261 1411 2126 1411 3999 1411 5262 1412 5263 1412 1934 1412 5264 9 4717 9 4716 9 1902 5 2942 5 5265 5 5266 0 5267 0 5268 0 225 1413 5269 1413 223 1413 5270 1 835 1 5271 1 3486 1414 5272 1414 5273 1414 286 1415 5274 1415 5275 1415 533 0 5276 0 5277 0 5278 1416 5232 1416 5279 1416 5280 1417 5281 1417 5282 1417 1558 1 5283 1 5284 1 5285 1 2195 1 5286 1 5287 1418 5288 1418 5289 1418 5290 1419 5291 1419 1400 1419 5292 0 5293 0 5294 0 5295 1 5296 1 4068 1 5297 1420 5298 1420 5299 1420 5300 1421 1415 1421 3205 1421 531 0 533 0 3971 0 5301 0 532 0 5302 0 522 1422 5261 1422 523 1422 78 0 5303 0 76 0 229 1423 5304 1423 5305 1423 1291 1424 4686 1424 1292 1424 5235 1425 5306 1425 5307 1425 5308 0 3261 0 5309 0 4899 0 3262 0 5310 0 1900 1 5311 1 5312 1 5313 1 5314 1 5315 1 5316 5 854 5 2188 5 855 5 854 5 2802 5 5317 1426 5318 1426 5319 1426 3086 0 5320 0 3255 0 5321 1427 1001 1427 1003 1427 3101 0 5322 0 5323 0 5324 1428 5325 1428 5326 1428 5327 1429 5328 1429 5329 1429 5330 1430 258 1430 257 1430 3633 1431 1584 1431 5331 1431 5332 8 2799 8 5333 8 5334 0 5335 0 5336 0 5193 0 1422 0 903 0 5337 164 5338 164 5339 164 5340 0 5248 0 5341 0 149 1432 5342 1432 5343 1432 5011 0 5012 0 5344 0 5345 1433 1820 1433 5346 1433 3298 1 5347 1 5348 1 5349 0 5350 0 5351 0 5249 0 5352 0 5353 0 5354 1434 5355 1434 3087 1434 5355 1435 5356 1435 5357 1435 5358 1436 4427 1436 5359 1436 375 5 5360 5 376 5 3293 8 5260 8 5361 8 2420 1 2480 1 4604 1 5362 1437 3499 1437 3498 1437 867 1438 3129 1438 4447 1438 5363 8 524 8 523 8 5364 1439 5365 1439 237 1439 1735 1440 5366 1440 4459 1440 5367 0 1869 0 5368 0 2058 0 1599 0 1598 0 149 1441 5369 1441 5342 1441 3686 5 5370 5 5371 5 5372 1442 5256 1442 5373 1442 5374 5 2403 5 254 5 4028 0 5375 0 4670 0 5376 1443 5377 1443 5378 1443 4098 1444 5379 1444 5380 1444 5379 1445 2826 1445 786 1445 5365 1446 5381 1446 5382 1446 4651 1447 5383 1447 2941 1447 5384 1448 5385 1448 5386 1448 5387 1449 2056 1449 5388 1449 5387 1450 4135 1450 5389 1450 5390 1451 5391 1451 5392 1451 5313 1452 5315 1452 3857 1452 5393 1 5314 1 5394 1 5395 0 5396 0 5397 0 538 0 537 0 5398 0 5399 1453 2495 1453 1128 1453 5400 1454 5401 1454 4509 1454 5402 1455 3259 1455 5403 1455 5404 1 5405 1 2840 1 5406 1456 5404 1456 2841 1456 5407 1 5408 1 3946 1 5409 0 1295 0 5410 0 2808 8 2047 8 2046 8 5411 1457 5412 1457 3337 1457 5413 1 5414 1 5415 1 1830 1 5416 1 4197 1 5416 1 5417 1 5418 1 5419 1 5420 1 859 1 858 1458 5421 1458 5422 1458 5423 1459 2793 1459 5424 1459 4144 1 5425 1 5426 1 5427 0 5428 0 5429 0 240 1460 239 1460 4754 1460 5430 164 5431 164 5432 164 2635 164 5431 164 5433 164 5434 5 5435 5 5436 5 2097 1461 2286 1461 2095 1461 5437 1462 259 1462 258 1462 5438 5 5439 5 5440 5 5441 1463 5442 1463 5443 1463 1525 1464 5444 1464 5445 1464 2044 0 5446 0 883 0 5447 1465 5448 1465 5449 1465 4128 0 5450 0 2091 0 5451 1466 5452 1466 5453 1466 4014 8 5454 8 3145 8 5455 8 944 8 5456 8 5457 1467 3512 1467 5458 1467 5393 1468 5311 1468 5459 1468 5460 1469 5461 1469 5462 1469 5365 1462 5364 1462 5463 1462 5464 5 2314 5 5465 5 5464 5 3915 5 5466 5 2703 164 5467 164 5468 164 5469 1470 5470 1470 5471 1470 5472 5 3778 5 5473 5 5474 0 5475 0 5476 0 88 1471 2115 1471 87 1471 5477 1472 1622 1472 5478 1472 5479 0 5480 0 4103 0 1627 1 5481 1 5482 1 5365 1473 5463 1473 5483 1473 4144 1 5426 1 4145 1 5484 1474 5425 1474 5485 1474 5486 1475 5487 1475 5488 1475 5076 8 5489 8 1033 8 5490 1476 5491 1476 5492 1476 5493 1477 2945 1477 5494 1477 5495 0 5496 0 1599 0 4441 1 5497 1 323 1 5498 1 4362 1 5499 1 3399 1478 5500 1478 5501 1478 5502 1479 1632 1479 5503 1479 5504 1480 392 1480 5505 1480 5506 1481 5507 1481 2227 1481 5348 1 5508 1 4673 1 5509 0 5510 0 5511 0 5512 8 5361 8 5513 8 2230 1482 5514 1482 2231 1482 5515 1483 5516 1483 3275 1483 5009 1484 5517 1484 5010 1484 3712 1485 5259 1485 5258 1485 448 1 5518 1 4052 1 3194 1486 1641 1486 1640 1486 3317 1487 5519 1487 5520 1487 5521 1488 3512 1488 3514 1488 5522 1489 1763 1489 1765 1489 5523 1490 1763 1490 5524 1490 3671 164 5525 164 5526 164 4607 164 5527 164 2658 164 4126 1 5528 1 5529 1 5530 9 5531 9 3675 9 5532 1491 3773 1491 101 1491 5533 164 746 164 5534 164 2173 5 5535 5 5536 5 5405 1492 5406 1492 3685 1492 5390 0 5392 0 3860 0 5537 1493 5538 1493 5539 1493 934 1494 933 1494 1510 1494 5540 1495 909 1495 4989 1495 5541 5 2145 5 5542 5 5541 5 3891 5 778 5 1156 0 3192 0 2850 0 5543 8 419 8 2239 8 5544 0 1588 0 3311 0 5545 164 5546 164 3217 164 5547 0 1151 0 5548 0 5549 0 1257 0 5550 0 2391 1 5551 1 5552 1 5553 1 5554 1 5555 1 3680 1496 693 1496 4597 1496 5556 1497 5557 1497 5558 1497 3800 1498 5559 1498 5560 1498 5561 1499 5562 1499 4725 1499 1088 1500 1090 1500 3688 1500 472 5 1089 5 5563 5 5564 1501 5565 1501 5566 1501 5567 1502 5565 1502 5568 1502 5569 0 5570 0 5571 0 5572 0 5573 0 5574 0 5575 1503 388 1503 5576 1503 980 1504 5577 1504 4045 1504 3903 1480 5578 1480 390 1480 22 0 21 0 5579 0 5580 1505 663 1505 5581 1505 5582 0 76 0 3241 0 5583 1506 5584 1506 5134 1506 5585 1507 5586 1507 5587 1507 5588 164 5589 164 5590 164 1133 1 5591 1 1134 1 5592 0 5547 0 5548 0 4540 0 5547 0 889 0 5593 164 5594 164 5595 164 5596 164 5597 164 5598 164 1545 1508 525 1508 5599 1508 5600 0 5601 0 3336 0 5602 1509 5603 1509 113 1509 5604 1 5605 1 5606 1 5607 8 5608 8 2256 8 265 1510 264 1510 263 1510 5609 0 5610 0 5611 0 5612 0 1363 0 5613 0 5614 1511 2170 1511 5615 1511 5614 1512 4250 1512 5616 1512 5617 1513 2783 1513 5618 1513 5619 1514 5620 1514 5621 1514 5622 0 5623 0 4196 0 1661 0 5011 0 1662 0 1378 0 1380 0 5624 0 5625 1515 1379 1515 5626 1515 362 1516 5627 1516 5628 1516 364 1517 363 1517 3533 1517 5629 1518 5151 1518 5630 1518 5534 164 3521 164 5533 164 5631 164 5632 164 5633 164 5634 0 606 0 5635 0 5215 1519 5636 1519 5637 1519 5638 1520 5639 1520 5640 1520 5641 1521 5642 1521 5008 1521 5643 164 1002 164 5644 164 5645 1522 5646 1522 264 1522 1644 1523 5647 1523 5648 1523 4444 5 4440 5 5649 5 5650 0 3473 0 5651 0 5652 1524 5653 1524 5654 1524 4061 1525 5655 1525 4062 1525 5428 1526 5427 1526 1586 1526 5656 0 5657 0 5658 0 478 0 5659 0 1988 0 5533 1527 5660 1527 5661 1527 5662 5 1231 5 5663 5 5664 1528 5665 1528 5666 1528 5304 1529 226 1529 5667 1529 207 0 5668 0 208 0 5669 0 5670 0 5671 0 5291 1530 5290 1530 5672 1530 5673 1531 916 1531 2784 1531 5674 0 5675 0 3487 0 1771 1532 1773 1532 5676 1532 5677 8 4973 8 5678 8 5679 1533 2045 1533 4500 1533 4276 1534 311 1534 2974 1534 5680 5 5681 5 2270 5 5682 1535 4595 1535 5683 1535 3133 5 5684 5 5685 5 3988 1536 5686 1536 3989 1536 5545 1537 5687 1537 2680 1537 5593 164 5597 164 5688 164 5689 0 5160 0 5161 0 2844 0 5160 0 5690 0 5691 1538 4788 1538 5692 1538 2451 1539 5693 1539 5694 1539 5695 9 5696 9 4904 9 5697 5 5698 5 5699 5 5700 8 5701 8 5702 8 5645 1540 267 1540 4791 1540 5703 1541 5704 1541 5705 1541 1746 1542 5706 1542 1747 1542 2099 1543 415 1543 2100 1543 2532 5 5707 5 5708 5 5709 5 5710 5 5711 5 5712 1544 932 1544 931 1544 5713 164 5714 164 4499 164 5715 0 5716 0 5717 0 5718 1 2390 1 4615 1 5719 1 5718 1 3673 1 5720 1545 2482 1545 5721 1545 5722 164 5723 164 5724 164 5282 0 2474 0 2473 0 5725 1546 5726 1546 5727 1546 5728 5 5729 5 5730 5 982 5 981 5 1733 5 5305 1547 5731 1547 5732 1547 5372 5 5373 5 4420 5 5254 1548 5256 1548 5733 1548 5734 1549 5735 1549 5736 1549 5233 8 5737 8 5738 8 5739 5 1925 5 1927 5 896 1550 5740 1550 5741 1550 4434 1551 5742 1551 5743 1551 5349 1552 5351 1552 5744 1552 5352 0 5350 0 5511 0 5745 1553 3166 1553 2878 1553 5746 1554 5747 1554 2902 1554 5420 1555 5748 1555 5749 1555 3047 1556 860 1556 859 1556 5750 1557 3176 1557 2946 1557 5751 1558 3668 1558 912 1558 5752 1 5753 1 5754 1 5755 0 5756 0 1738 0 1873 0 1872 0 5757 0 1007 1559 5758 1559 5759 1559 5760 1560 5761 1560 5762 1560 5292 1561 5294 1561 5763 1561 5764 0 5765 0 5766 0 1932 0 5767 0 1933 0 3106 0 1932 0 774 0 1262 1 1264 1 5768 1 5769 1562 1262 1562 5770 1562 3468 1563 5771 1563 4761 1563 3729 1564 5772 1564 404 1564 5773 1 5774 1 192 1 654 1565 5775 1565 2164 1565 2371 1566 5776 1566 5777 1566 5778 8 2111 8 424 8 5779 0 5496 0 5780 0 2035 0 2034 0 5781 0 4817 1567 5782 1567 4084 1567 5783 0 5784 0 5785 0 5786 0 5787 0 5788 0 1280 1568 5787 1568 4896 1568 3244 1569 5789 1569 5790 1569 1309 0 5791 0 5792 0 1307 0 1603 0 1308 0 5793 1570 5794 1570 5795 1570 5796 1571 5797 1571 5798 1571 3161 1 5799 1 177 1 5800 1572 4346 1572 5801 1572 1922 5 5522 5 5802 5 279 1573 3990 1573 396 1573 5473 1574 5803 1574 5472 1574 5711 5 5804 5 5709 5 1369 1575 5805 1575 3795 1575 2994 1576 5806 1576 2995 1576 1939 1577 5807 1577 5808 1577 2973 5 2972 5 5809 5 3309 164 5810 164 3260 164 5811 1578 2845 1578 2307 1578 178 1579 180 1579 384 1579 3708 1580 5812 1580 698 1580 5813 1 2406 1 5814 1 1955 1581 5815 1581 1956 1581 5816 1582 5817 1582 5818 1582 5819 1583 5477 1583 3794 1583 1856 0 1858 0 5550 0 5820 0 1857 0 664 0 5821 1584 5822 1584 3746 1584 4249 1585 4251 1585 5823 1585 5824 1586 4017 1586 5825 1586 5826 0 5827 0 1602 0 5828 1587 357 1587 4026 1587 5829 1 5830 1 5831 1 5832 1588 5833 1588 5834 1588 5835 1589 5836 1589 4465 1589 5376 1590 5837 1590 2519 1590 5838 1591 5839 1591 5840 1591 1738 0 5756 0 1853 0 5841 1592 5251 1592 5842 1592 5843 164 5844 164 5845 164 5846 0 5847 0 4019 0 5848 0 5849 0 5716 0 2765 0 5479 0 5726 0 5850 5 4071 5 1778 5 1230 1593 1777 1593 5851 1593 5852 0 5853 0 3415 0 5689 0 5853 0 5854 0 4054 1594 5608 1594 4055 1594 5855 1595 5856 1595 1768 1595 1842 1596 5654 1596 5857 1596 5858 5 5859 5 2800 5 5860 1 5861 1 5862 1 5863 1597 2782 1597 5864 1597 728 1598 5865 1598 5866 1598 5867 5 2627 5 5868 5 297 1599 5869 1599 295 1599 5870 1600 5871 1600 5872 1600 1868 0 5366 0 5873 0 5874 1 5875 1 5876 1 5877 5 5106 5 5878 5 5879 1 5880 1 5881 1 1949 1 1948 1 3479 1 1949 1 5882 1 2836 1 5883 1601 5884 1601 2610 1601 5884 1602 5885 1602 5886 1602 1389 1603 1391 1603 5887 1603 4614 1 1390 1 4615 1 5888 0 5889 0 2050 0 1872 0 5890 0 5891 0 5869 1604 5892 1604 5893 1604 5894 1 5895 1 5896 1 2998 1605 5897 1605 5617 1605 3522 1606 300 1606 299 1606 508 1 5898 1 5899 1 2160 1607 112 1607 3736 1607 420 1 2499 1 2741 1 5900 5 5901 5 5902 5 5903 0 4208 0 5904 0 5905 5 5906 5 5907 5 5908 1 735 1 5909 1 5910 1608 5911 1608 4841 1608 3063 1609 5138 1609 5912 1609 4908 5 2965 5 2966 5 5869 1610 297 1610 5892 1610 5913 8 769 8 1767 8 770 1611 769 1611 4937 1611 2947 1612 3957 1612 1013 1612 5914 1 5915 1 5916 1 224 1613 5917 1613 453 1613 5918 1614 5919 1614 5920 1614 5921 1 2392 1 5552 1 5922 1 3141 1 3143 1 1964 1 1963 1 5923 1 5924 1615 1964 1615 5925 1615 5926 0 5827 0 5826 0 5869 1616 5893 1616 5927 1616 3129 1617 3662 1617 5928 1617 5929 1618 5930 1618 5931 1618 1967 1 5932 1 5933 1 1448 0 1447 0 5934 0 5935 1 5936 1 5937 1 5938 0 659 0 661 0 5939 0 659 0 5940 0 2647 8 5941 8 2645 8 5941 1619 2644 1619 2859 1619 5942 1620 2222 1620 2446 1620 5888 0 5943 0 3089 0 5944 1621 2707 1621 5945 1621 5739 5 5946 5 1317 5 5947 1622 4470 1622 5948 1622 5947 1 4843 1 5949 1 4417 1623 5950 1623 5951 1623 5952 1 5953 1 5954 1 5955 0 5956 0 5957 0 3748 1624 64 1624 5958 1624 5959 1625 1161 1625 2082 1625 987 1626 5960 1626 2077 1626 2846 164 5961 164 5962 164 483 0 5780 0 481 0 1444 1 5963 1 5964 1 5965 1 5966 1 5967 1 5968 1627 5969 1627 1 1627 5970 5 5971 5 5972 5 5973 8 5974 8 2583 8 2722 1628 5974 1628 2720 1628 5975 1629 3466 1629 4521 1629 5976 1630 5975 1630 5977 1630 5978 1631 5979 1631 2525 1631 5980 1632 5979 1632 5981 1632 5982 1633 5983 1633 5147 1633 5982 1634 5984 1634 2892 1634 9 1635 5985 1635 5986 1635 5987 1636 5988 1636 5989 1636 5990 1637 5991 1637 4534 1637 5991 8 2726 8 5992 8 5993 1638 5994 1638 3453 1638 5993 1639 5995 1639 2746 1639 3428 8 2697 8 5190 8 4927 1640 2697 1640 4925 1640 2908 1641 5996 1641 5997 1641 5996 8 4508 8 5998 8 2924 8 2926 8 5999 8 2047 1642 2808 1642 2807 1642 6000 1643 6001 1643 2513 1643 6002 1644 6001 1644 6003 1644 44 1645 46 1645 2897 1645 5060 1646 45 1646 6004 1646 6005 8 4601 8 3429 8 6005 8 6006 8 2856 8 3440 1647 6007 1647 6008 1647 6007 1648 2913 1648 2675 1648 2775 8 4526 8 6009 8 6010 1649 6011 1649 4522 1649 6010 1650 6012 1650 2721 1650 6013 8 6014 8 3458 8 6013 1651 6015 1651 2881 1651 6016 8 5097 8 3426 8 6016 1652 2664 1652 6017 1652 6018 8 3427 8 4600 8 6018 1653 2857 1653 2663 1653 2603 8 6019 8 6020 8 1782 5 1055 5 5115 5 6021 8 6022 8 2887 8 2641 8 6022 8 6023 8 6024 8 6025 8 3464 8 6024 8 6026 8 5682 8 6027 8 2890 8 3459 8 2582 1654 6027 1654 6028 1654 6029 1655 6030 1655 3446 1655 6029 1656 6031 1656 2545 1656 6032 1657 6033 1657 3439 1657 6032 1658 6034 1658 2536 1658 4192 1659 6035 1659 6008 1659 6036 1660 6035 1660 6023 1660 6037 1661 6038 1661 6039 1661 6040 1662 6041 1662 6042 1662 4154 9 6043 9 6044 9 1276 164 6045 164 6046 164 6047 1663 6048 1663 2000 1663 6049 1664 6050 1664 1208 1664 2624 164 6051 164 6052 164 5988 1665 336 1665 6053 1665 2187 5 5740 5 1187 5 6054 5 2948 5 6055 5 5973 1666 6056 1666 6057 1666 1431 1667 1430 1667 3493 1667 6058 1668 4169 1668 2557 1668 6059 1669 6060 1669 6061 1669 6062 1670 6063 1670 6064 1670 6065 1671 6063 1671 6003 1671 6066 1672 6067 1672 6068 1672 6067 8 2541 8 2546 8 6069 1673 6070 1673 6071 1673 6070 8 2923 8 2539 8 6072 1674 6073 1674 6074 1674 3765 1 5954 1 5953 1 4173 0 6075 0 4450 0 6076 1675 6077 1675 6078 1675 5988 1676 5987 1676 334 1676 206 0 208 0 6079 0 3336 1677 6080 1677 5600 1677 6081 164 5546 164 6082 164 5596 1678 5687 1678 6083 1678 6084 9 3843 9 2232 9 812 5 3481 5 3480 5 6085 1679 4412 1679 2584 1679 6086 5 6085 5 2118 5 6087 8 4814 8 6088 8 5201 1680 6089 1680 6090 1680 6091 1681 3759 1681 6092 1681 6093 1682 2927 1682 6094 1682 1335 1 6095 1 1336 1 6096 1 1456 1 6097 1 1131 5 6098 5 6099 5 6100 1683 421 1683 6101 1683 6102 1684 6103 1684 6104 1684 5301 1685 529 1685 5744 1685 6105 0 1743 0 489 0 6106 1686 6107 1686 6108 1686 6109 1 1436 1 1104 1 6110 1687 1437 1687 6111 1687 6112 1 1234 1 1094 1 2144 1688 5850 1688 6113 1688 3042 9 6114 9 4396 9 6115 1689 6116 1689 6117 1689 634 1690 6115 1690 4439 1690 2245 9 6118 9 5531 9 6119 1691 395 1691 1465 1691 6120 5 6121 5 6122 5 6121 1692 6123 1692 6124 1692 326 1693 6125 1693 502 1693 2982 1694 6126 1694 6127 1694 6128 1695 6129 1695 6130 1695 5451 1696 5453 1696 5368 1696 5450 1697 5452 1697 5792 1697 6131 1698 3431 1698 4701 1698 6131 1699 2860 1699 2617 1699 6132 1 2210 1 6133 1 6132 1 3198 1 6134 1 1386 1700 6135 1700 6136 1700 5988 1701 334 1701 333 1701 6137 1702 6138 1702 6139 1702 6138 1703 2540 1703 2537 1703 490 1704 492 1704 5626 1704 487 0 491 0 6140 0 6141 9 4038 9 3030 9 6141 1705 4905 1705 2511 1705 6142 0 3078 0 6143 0 6144 1706 6145 1706 6146 1706 6147 1707 6148 1707 1461 1707 6149 5 2621 5 6150 5 3377 1708 6151 1708 6152 1708 6151 1709 6153 1709 2338 1709 370 1710 724 1710 6154 1710 5640 9 6155 9 6156 9 6157 1711 5639 1711 6158 1711 6159 1712 6160 1712 6161 1712 6160 5 3344 5 2484 5 6162 1713 6163 1713 331 1713 1701 1714 6164 1714 6165 1714 6166 9 6167 9 6168 9 329 1715 328 1715 327 1715 6169 0 990 0 4123 0 1401 1 1403 1 1947 1 6170 8 5261 8 6171 8 3956 5 792 5 794 5 4980 5 793 5 6172 5 3233 1716 2975 1716 3232 1716 6173 1717 6174 1717 6175 1717 6176 1718 2277 1718 6177 1718 5361 8 6178 8 6179 8 6180 1719 6181 1719 6071 1719 6182 8 6181 8 6183 8 6125 1720 6184 1720 6185 1720 6186 1721 6187 1721 6188 1721 6189 1722 6190 1722 6139 1722 6191 1723 6190 1723 6192 1723 6193 5 5172 5 6194 5 6195 1724 6196 1724 6068 1724 6196 1725 2919 1725 2683 1725 1575 1726 6197 1726 6198 1726 5367 0 6199 0 1815 0 1230 5 6200 5 1231 5 4398 0 6201 0 6202 0 4432 0 6203 0 4399 0 365 1727 4917 1727 396 1727 6204 1728 6205 1728 6206 1728 6207 1729 6208 1729 6209 1729 6210 1730 5844 1730 5714 1730 4127 5 1381 5 6207 5 6211 1731 1381 1731 1383 1731 5168 164 1414 164 1413 164 6212 5 5440 5 6213 5 6214 1 1370 1 6215 1 5931 1732 5805 1732 6216 1732 5484 1733 6217 1733 5749 1733 2740 1734 6218 1734 2738 1734 6218 1735 2736 1735 2355 1735 6219 8 2689 8 2688 8 4858 1736 1524 1736 1924 1736 6220 1737 6221 1737 6222 1737 3152 1 6223 1 3478 1 3916 1738 6224 1738 3917 1738 6225 8 6087 8 6226 8 6227 1739 6228 1739 3370 1739 2360 1740 6228 1740 2364 1740 6229 577 5808 577 2556 577 6230 1741 3408 1741 3381 1741 6231 1742 6230 1742 6232 1742 6233 1743 6234 1743 3412 1743 6233 1744 6235 1744 2445 1744 6236 1745 6237 1745 4722 1745 6236 1746 6238 1746 2442 1746 6239 1747 6240 1747 5139 1747 6239 1748 6241 1748 2669 1748 6242 1749 6243 1749 4603 1749 6242 1750 6244 1750 2631 1750 6245 1751 6246 1751 3372 1751 6245 1752 6247 1752 2361 1752 3374 1753 6248 1753 3375 1753 6249 1754 6250 1754 3388 1754 6249 591 6251 591 2436 591 6252 483 2615 483 3380 483 6252 1755 6253 1755 2377 1755 6254 1751 6255 1751 6256 1751 6254 1756 6257 1756 2749 1756 6258 1757 3398 1757 6259 1757 6260 0 6261 0 6262 0 3369 1758 6263 1758 6264 1758 6263 1759 2593 1759 2350 1759 6265 1760 6266 1760 3463 1760 6267 1761 6266 1761 6268 1761 6269 1762 6270 1762 2674 1762 2380 1763 6270 1763 2529 1763 6271 1764 6272 1764 5997 1764 6273 1765 6272 1765 6274 1765 6275 1766 6276 1766 4594 1766 6277 1767 6276 1767 6278 1767 6279 1768 3373 1768 6280 1768 3310 0 3311 0 6281 0 6282 591 2378 591 3378 591 6282 1769 3368 1769 2614 1769 6283 1770 6284 1770 3358 1770 6283 1771 6285 1771 2381 1771 4599 1772 6286 1772 6287 1772 6286 1773 6288 1773 2345 1773 6289 1774 4844 1774 6290 1774 6291 1775 6292 1775 77 1775 6293 1776 6294 1776 2640 1776 6294 1777 6295 1777 2353 1777 2569 1778 1668 1778 1667 1778 3403 1779 6296 1779 6264 1779 2595 1780 6296 1780 6297 1780 2341 1781 2750 1781 3397 1781 2341 1782 6298 1782 1667 1782 6299 483 6300 483 3367 483 6299 1368 4085 1368 2613 1368 6301 1783 6302 1783 4552 1783 6303 1784 6302 1784 6304 1784 6305 1785 6306 1785 6307 1785 2612 1786 6305 1786 6304 1786 5916 1 1891 1 5914 1 1776 5 6308 5 2072 5 6309 1787 6310 1787 6311 1787 6312 0 6313 0 6314 0 6315 1 6102 1 4894 1 6316 1 6104 1 6103 1 6317 1788 2430 1788 2443 1788 6129 1789 6318 1789 6319 1789 5222 1790 6320 1790 30 1790 2277 1 6321 1 2278 1 5431 1791 2635 1791 2719 1791 6322 1792 6323 1792 6324 1792 6325 1793 445 1793 6060 1793 582 1794 6326 1794 583 1794 6327 1795 6328 1795 6329 1795 6328 5 6330 5 6331 5 6332 8 3441 8 6333 8 6332 8 2684 8 2912 8 349 1796 798 1796 6334 1796 6335 1797 6336 1797 2276 1797 6337 1798 6338 1798 6339 1798 6340 1 3200 1 3199 1 3194 1 6341 1 6342 1 6343 0 6344 0 6345 0 6346 1799 6347 1799 6348 1799 6349 1800 3405 1800 4116 1800 6349 1801 2653 1801 2433 1801 5308 0 5309 0 6350 0 1931 1802 5308 1802 775 1802 3949 1803 355 1803 3950 1803 6351 1804 4435 1804 5743 1804 6352 164 6353 164 6083 164 6354 8 1715 8 6009 8 339 1805 6355 1805 2031 1805 6356 1806 133 1806 6357 1806 6358 0 5293 0 6140 0 6359 1807 6358 1807 3991 1807 339 1808 6360 1808 6355 1808 6361 1809 2279 1809 6362 1809 6363 1 6337 1 6339 1 6364 1810 6337 1810 6365 1810 723 1 6366 1 6367 1 6368 1811 6369 1811 6370 1811 1705 5 6371 5 1732 5 6372 1812 6373 1812 6374 1812 6375 1813 6376 1813 6377 1813 3950 1814 355 1814 354 1814 4710 0 1754 0 3690 0 6378 1 6379 1 4209 1 5590 1815 5589 1815 1643 1815 5561 164 2847 164 2846 164 1644 1816 1643 1816 5589 1816 6380 1817 6381 1817 6382 1817 348 1818 6334 1818 3951 1818 1634 8 1569 8 2084 8 6383 1 6384 1 6385 1 5241 5 5243 5 1208 5 6386 1819 5241 1819 6387 1819 6388 0 6389 0 3219 0 1575 0 6198 0 1574 0 6390 1820 6391 1820 3146 1820 5745 5 2880 5 6392 5 6393 1821 4117 1821 3382 1821 6393 1368 2384 1368 2652 1368 6394 586 3385 586 4694 586 6394 1822 2650 1822 1496 1822 6395 1823 6396 1823 6397 1823 798 1824 349 1824 263 1824 6398 1825 4695 1825 3406 1825 6398 1368 2428 1368 2649 1368 4156 1826 6399 1826 4157 1826 6400 1 507 1 6401 1 6402 5 6403 5 281 5 475 1827 6404 1827 6405 1827 6406 1828 6407 1828 6408 1828 6409 0 6410 0 6411 0 6412 1829 6413 1829 6414 1829 6412 1 3722 1 6415 1 2027 1830 6416 1830 6417 1830 6418 5 2027 5 6419 5 6420 1 6421 1 6422 1 6423 1 6424 1 6425 1 6426 1831 6427 1831 6428 1831 1415 1832 5298 1832 3203 1832 4327 834 4340 834 3605 834 6429 164 5493 164 1061 164 6430 0 6431 0 6432 0 6415 1 6433 1 6434 1 1310 1 1312 1 5394 1 6435 1833 6436 1833 6437 1833 5522 5 6438 5 6439 5 6440 597 4730 597 3361 597 6440 610 2328 610 2597 610 6441 1 6442 1 6443 1 6444 1834 2708 1834 6445 1834 6446 1835 6447 1835 6448 1835 5649 1836 6449 1836 372 1836 1891 1 6450 1 6451 1 6452 1837 6453 1837 5706 1837 4511 1838 6454 1838 6455 1838 1741 1839 2265 1839 2264 1839 6456 1840 1697 1840 6457 1840 6458 1841 6459 1841 6460 1841 1954 1 1994 1 6461 1 6462 1842 5338 1842 5648 1842 6463 1 3750 1 6464 1 6465 1 446 1 5862 1 3706 1843 3705 1843 6466 1843 6467 1844 3001 1844 4081 1844 6091 0 6092 0 6468 0 6469 1845 6091 1845 6470 1845 6471 0 6472 0 6142 0 6473 1846 361 1846 360 1846 370 1 6154 1 371 1 724 1847 370 1847 722 1847 906 1848 6474 1848 6475 1848 5108 1849 906 1849 2550 1849 998 1850 1000 1850 5198 1850 995 5 999 5 58 5 6476 1851 2162 1851 6477 1851 1418 1852 5192 1852 4671 1852 6478 1853 615 1853 1264 1853 6479 1 2492 1 3323 1 6480 0 3228 0 6481 0 6482 164 6483 164 3303 164 6484 164 6483 164 6485 164 6486 1 2786 1 5003 1 6487 1854 3394 1854 4729 1854 6487 1855 2598 1855 2424 1855 6488 1856 2975 1856 3233 1856 6489 1857 6490 1857 6383 1857 6491 1858 6492 1858 6493 1858 6494 1859 6492 1859 6495 1859 415 1860 414 1860 5407 1860 3268 1 5517 1 6496 1 1450 5 1452 5 6497 5 2461 1861 5207 1861 5204 1861 6498 1862 6499 1862 3526 1862 6500 1863 6501 1863 6502 1863 6503 0 6504 0 6505 0 6506 1864 361 1864 6473 1864 6507 0 6508 0 6509 0 6510 1865 6511 1865 6512 1865 359 1866 6513 1866 6514 1866 6515 1 6516 1 6517 1 750 1867 5822 1867 6518 1867 2790 1868 4836 1868 6519 1868 6520 192 3823 192 6521 192 4167 1869 6522 1869 6523 1869 6524 929 6525 929 6526 929 5540 0 1321 0 6527 0 6528 0 6529 0 6530 0 1862 1 1880 1 6531 1 6532 929 3036 929 3037 929 4158 1 6533 1 6534 1 5938 0 6535 0 6536 0 6537 0 6538 0 6539 0 3775 1 3774 1 1875 1 6540 192 4887 192 6541 192 6542 0 6543 0 5184 0 2212 1870 6544 1870 6545 1870 6546 1 6547 1 6548 1 6549 192 6550 192 6551 192 6552 1871 6553 1871 1908 1871 6554 929 2997 929 2999 929 5232 8 1936 8 1935 8 5390 1872 1833 1872 6555 1872 1567 1873 1566 1873 6556 1873 6557 1874 6558 1874 6559 1874 2407 1 2406 1 6560 1 6561 0 6562 0 6359 0 6563 5 6564 5 2782 5 6565 1750 6566 1750 4118 1750 6567 1875 6565 1875 2143 1875 6568 5 4406 5 6569 5 6570 1876 6514 1876 6571 1876 6572 1877 4618 1877 6573 1877 6574 741 6575 741 6576 741 6577 741 6578 741 6579 741 6580 741 6581 741 6582 741 6583 0 6105 0 6584 0 5158 758 6585 758 5156 758 6586 1878 3252 1878 6587 1878 1789 5 6588 5 730 5 6589 1144 4551 1144 6590 1144 6591 1879 6592 1879 6593 1879 4549 728 3338 728 4550 728 6594 1878 6595 1878 3231 1878 6596 1880 6597 1880 6598 1880 6593 1881 3239 1881 6591 1881 4566 1882 6599 1882 4567 1882 6600 1883 6595 1883 6601 1883 3813 0 6602 0 5968 0 6603 741 3318 741 6604 741 1504 741 6605 741 6606 741 4651 1884 6607 1884 6608 1884 5283 1 8 1 5284 1 6609 1885 4314 1885 4313 1885 6610 750 5157 750 3282 750 6467 1886 3002 1886 3001 1886 6611 1887 6612 1887 6613 1887 6614 1888 5153 1888 551 1888 6615 5 6616 5 678 5 2028 1889 6617 1889 6618 1889 6619 1890 6620 1890 6621 1890 5454 8 4014 8 5456 8 6583 1891 6584 1891 6622 1891 2266 1892 2268 1892 4379 1892 4194 1893 6623 1893 4750 1893 4898 1894 1259 1894 1261 1894 3730 0 1259 0 6624 0 6109 1 1104 1 6625 1 2901 1 6109 1 5746 1 5571 0 6626 0 4018 0 6627 5 6628 5 6629 5 6630 1895 5152 1895 5286 1895 6631 1 5151 1 6632 1 6633 1896 6634 1896 6635 1896 6633 5 1347 5 6636 5 6637 1897 3477 1897 6638 1897 6639 1898 6640 1898 5485 1898 6641 1 4269 1 4268 1 636 164 599 164 5084 164 364 164 599 164 3209 164 6642 164 567 164 569 164 568 164 567 164 3289 164 6643 1899 5430 1899 5432 1899 5431 164 5430 164 4631 164 6644 164 1334 164 6475 164 6645 750 6646 750 6573 750 6647 164 6648 164 5088 164 4003 1900 4212 1900 4001 1900 626 164 540 164 5144 164 541 1901 540 1901 3212 1901 415 1902 5666 1902 416 1902 636 1903 635 1903 2716 1903 6582 1904 6649 1904 6580 1904 6650 164 6582 164 6651 164 2262 1905 4882 1905 6652 1905 626 164 625 164 2705 164 2166 8 52 8 51 8 4227 1906 5066 1906 3026 1906 1823 1907 1822 1907 6653 1907 6654 0 6129 0 6655 0 6656 1 6657 1 5099 1 6658 1908 3375 1908 6248 1908 6653 164 6557 164 4724 164 3644 1909 3643 1909 6659 1909 610 164 609 164 3251 164 6660 164 6661 164 6662 164 6663 741 6664 741 3253 741 6665 1910 6666 1910 6314 1910 6667 164 6668 164 613 164 6590 1911 3316 1911 6589 1911 6389 1912 5089 1912 6669 1912 6670 0 3707 0 6671 0 6672 1913 6673 1913 5909 1913 6674 0 6675 0 6676 0 6677 1914 6678 1914 6679 1914 584 1915 6678 1915 6680 1915 6681 1916 6682 1916 6683 1916 6684 1917 6682 1917 6685 1917 3194 1918 6686 1918 1630 1918 6687 1919 4492 1919 6688 1919 4909 1920 3312 1920 6689 1920 6690 164 3230 164 6691 164 6692 1921 6693 1921 5135 1921 5012 0 6694 0 6695 0 6691 1922 3229 1922 6696 1922 6665 0 6697 0 6698 0 6433 1 6699 1 6700 1 1083 5 6692 5 6701 5 6702 1923 6703 1923 6704 1923 6705 1924 6706 1924 6707 1924 6708 1925 6706 1925 6709 1925 6710 164 6711 164 6712 164 6713 1926 6711 1926 6714 1926 6715 0 1292 0 6716 0 6717 1927 6718 1927 3237 1927 933 1 5538 1 6414 1 6719 8 6720 8 1751 8 6721 9 1944 9 1943 9 6481 1928 3227 1928 6722 1928 6723 164 6724 164 6725 164 1910 1929 717 1929 4142 1929 6511 0 6510 0 6726 0 6727 0 5564 0 6728 0 1822 1922 1824 1922 6729 1922 6730 1930 6731 1930 846 1930 2547 164 759 164 758 164 1506 1922 6732 1922 1504 1922 6733 164 6734 164 6735 164 6736 1931 6737 1931 6738 1931 3310 0 6281 0 1309 0 568 1932 570 1932 3672 1932 991 1933 5356 1933 989 1933 6739 1 6740 1 6741 1 6742 1934 6743 1934 3281 1934 558 164 3527 164 3528 164 2215 8 6744 8 6745 8 549 164 545 164 2040 164 546 1935 545 1935 2572 1935 546 164 543 164 5110 164 541 1936 543 1936 4612 1936 6746 1937 6747 1937 1792 1937 4845 1938 3400 1938 5059 1938 3350 1939 6748 1939 3351 1939 6749 1940 6750 1940 6751 1940 3887 1941 6752 1941 3888 1941 552 1904 6753 1904 551 1904 135 1942 648 1942 6754 1942 3961 1943 6556 1943 1566 1943 6755 1944 5267 1944 6756 1944 2081 0 4748 0 6757 0 5816 8 6758 8 5817 8 6759 1 803 1 805 1 3667 1945 803 1945 6760 1945 6761 5 6136 5 6135 5 1854 1946 6762 1946 1855 1946 6763 5 1730 5 6764 5 6620 1947 6765 1947 6766 1947 6767 1948 6768 1948 6769 1948 6452 1949 6114 1949 6770 1949 6771 8 3158 8 3071 8 6772 1950 5284 1950 6545 1950 6420 1951 6424 1951 6773 1951 6534 1 5894 1 5407 1 4829 1 4831 1 6774 1 6775 1 6776 1 6777 1 4848 5 6778 5 6779 5 4845 1952 2333 1952 2332 1952 1032 8 1033 8 5489 8 687 8 1032 8 4943 8 5828 1953 358 1953 357 1953 307 1954 6780 1954 6781 1954 6782 1955 6451 1955 6597 1955 6782 1 4531 1 1889 1 440 0 439 0 6783 0 1066 1 3232 1 2975 1 4792 1956 139 1956 4781 1956 361 1957 6784 1957 6785 1957 6786 1 4068 1 5296 1 6787 1958 6788 1958 4050 1958 4349 8 1914 8 6789 8 1717 154 6790 154 3874 154 4922 1959 5913 1959 6791 1959 3067 1960 2879 1960 6792 1960 6793 1961 6794 1961 6795 1961 1710 1099 6796 1099 3870 1099 6797 164 5527 164 5713 164 3130 5 3132 5 6798 5 6799 164 3277 164 6800 164 6801 8 6502 8 6501 8 5587 1962 6802 1962 5585 1962 6803 1963 6804 1963 6172 1963 6805 5 6803 5 2283 5 3993 1964 6806 1964 399 1964 957 1965 959 1965 6773 1965 6807 1966 6808 1966 6809 1966 3760 0 3812 0 6810 0 6811 1967 6812 1967 6813 1967 6814 1 33 1 6815 1 4365 1968 4356 1968 6816 1968 1977 0 6817 0 1978 0 6818 1969 6211 1969 1383 1969 1381 5 6211 5 6819 5 6795 8 6820 8 6821 8 6822 1970 6808 1970 400 1970 6823 1971 6824 1971 6825 1971 5816 1972 6826 1972 6790 1972 3868 1973 6787 1973 60 1973 6788 1974 6787 1974 6827 1974 6828 1969 6829 1969 6830 1969 2111 8 2799 8 2085 8 2049 1975 2048 1975 6831 1975 6832 8 6521 8 3713 8 6526 5 3827 5 6833 5 3127 5 6834 5 3128 5 6835 886 2019 886 2018 886 6836 1976 6837 1976 810 1976 6838 1977 6541 1977 4379 1977 6839 1978 5181 1978 6840 1978 6841 5 3805 5 6842 5 6843 1099 6841 1099 6844 1099 6845 1979 3893 1979 5374 1979 5963 1 6361 1 6846 1 6847 1980 5458 1980 6848 1980 6849 154 6850 154 6851 154 6852 5 6853 5 6854 5 1874 1 1358 1 1357 1 3656 1981 3658 1981 1457 1981 6564 1982 6145 1982 5618 1982 6855 1983 5691 1983 5692 1983 4091 1984 5691 1984 3820 1984 6856 5 374 5 373 5 6796 5 6857 5 6858 5 6859 5 3829 5 6860 5 6330 1985 6861 1985 5104 1985 6862 1 6863 1 6864 1 6862 1986 3501 1986 6865 1986 4455 5 6866 5 6867 5 6866 1987 6868 1987 2117 1987 6869 1 5478 1 6870 1 6871 1988 6872 1988 5125 1988 6873 9 6874 9 4131 9 6873 9 6875 9 2246 9 6876 1 1401 1 1946 1 135 5 134 5 6877 5 5946 1989 1927 1989 2707 1989 6878 1990 6879 1990 4396 1990 2233 1991 3843 1991 6880 1991 2089 0 6881 0 1587 0 6882 1992 6883 1992 6884 1992 3140 0 6197 0 1225 0 6885 1993 6886 1993 2807 1993 6887 908 6888 908 6889 908 5136 1994 6701 1994 5135 1994 5093 1995 6890 1995 4020 1995 6891 1090 149 1090 148 1090 6892 1102 6893 1102 6894 1102 712 0 6895 0 1805 0 6896 1996 6897 1996 5560 1996 6898 1996 3830 1996 789 1996 6899 8 624 8 623 8 5921 1996 6900 1996 1913 1996 1725 1997 6901 1997 2110 1997 6902 1998 6903 1998 6904 1998 642 1999 5265 1999 6905 1999 5769 1 4194 1 4750 1 6906 2000 6907 2000 6908 2000 3826 2001 3825 2001 3837 2001 2013 2002 2012 2002 5450 2002 6909 9 6910 9 6911 9 6912 2003 3847 2003 6913 2003 6914 2004 4389 2004 6915 2004 6916 2005 3041 2005 6917 2005 4401 2006 3796 2006 4402 2006 4393 2007 4392 2007 6918 2007 3042 9 6919 9 6920 9 6045 164 1275 164 6921 164 6922 1 5100 1 2057 1 6923 1 5488 1 6924 1 6925 2008 6926 2008 387 2008 4088 2009 2709 2009 6444 2009 6927 1 6928 1 5874 1 5896 1 5895 1 6929 1 2786 1 6486 1 6930 1 4472 2010 6931 2010 6932 2010 6933 1 1098 1 6934 1 684 2011 6879 2011 6935 2011 5006 2012 841 2012 5257 2012 6880 2013 3844 2013 6936 2013 6880 2014 2964 2014 2233 2014 6114 9 6878 9 4396 9 6937 1096 6935 1096 6878 1096 6938 2015 1745 2015 2234 2015 6939 2016 6940 2016 6941 2016 6940 2017 3970 2017 226 2017 6942 2018 1904 2018 1906 2018 6943 2019 1904 2019 5731 2019 6944 1 1284 1 6426 1 6945 2020 6946 2020 6947 2020 5732 2021 6948 2021 6949 2021 6950 2022 6951 2022 6952 2022 3562 8 1486 8 4294 8 6953 2023 6954 2023 503 2023 6955 2024 6954 2024 2032 2024 6956 2025 82 2025 6957 2025 80 2026 82 2026 4360 2026 6958 2027 6959 2027 6960 2027 6961 2028 6958 2028 1339 2028 6962 2029 6963 2029 6964 2029 4102 2030 6926 2030 4075 2030 6965 2031 6966 2031 3705 2031 6967 2032 6966 2032 1178 2032 6968 2033 6969 2033 1682 2033 6970 2034 6969 2034 3019 2034 6971 2035 4231 2035 4233 2035 6972 2036 4231 2036 1577 2036 6973 2037 3283 2037 6974 2037 6975 2038 6539 2038 6976 2038 6466 2039 6977 2039 6978 2039 4386 2040 6977 2040 6979 2040 6980 2041 6981 2041 6224 2041 6982 2042 6981 2042 2122 2042 6983 2043 275 2043 2124 2043 6984 2044 275 2044 276 2044 6985 2045 6986 2045 6987 2045 1468 8 1467 8 4239 8 6988 2046 6989 2046 4964 2046 6990 2047 6989 2047 4385 2047 6991 9 6992 9 6993 9 4033 9 4032 9 6994 9 6995 2048 5047 2048 6887 2048 6996 2049 6997 2049 6998 2049 2841 2050 1299 2050 6999 2050 5543 8 2239 8 5333 8 7000 5 136 5 7001 5 7002 1 6883 1 5842 1 5042 1992 7003 1992 7002 1992 7004 1 7005 1 2137 1 938 5 7006 5 1170 5 7007 2051 7008 2051 7009 2051 7010 2052 7011 2052 7012 2052 7013 954 7014 954 7015 954 7016 2053 7017 2053 5410 2053 1426 2054 7018 2054 7019 2054 7020 2055 193 2055 7021 2055 7022 5 7023 5 7024 5 7025 0 5094 0 6430 0 5092 2005 7026 2005 5093 2005 7027 2056 6893 2056 7028 2056 4789 8 6089 8 4787 8 7029 9 7030 9 7031 9 7032 1 5933 1 7033 1 6892 9 6894 9 7034 9 6892 900 7035 900 6893 900 7036 2057 4591 2057 5044 2057 3579 8 1270 8 1269 8 7037 2058 7038 2058 7039 2058 7040 2059 7038 2059 7041 2059 7042 2060 7043 2060 7044 2060 7045 975 7043 975 1425 975 7046 2061 7047 2061 7048 2061 6583 0 4448 0 2223 0 7049 2062 7050 2062 6752 2062 7051 2063 7050 2063 7052 2063 7053 2064 7054 2064 6784 2064 7055 2065 7054 2065 7056 2065 7057 2066 7058 2066 7059 2066 7060 941 7058 941 5578 941 7061 2067 5504 2067 7062 2067 2474 0 5282 0 5281 0 7063 2068 7064 2068 5217 2068 7065 2069 7064 2069 7066 2069 7067 2070 399 2070 7068 2070 400 2071 399 2071 6806 2071 7069 2072 7070 2072 7071 2072 5951 2073 7070 2073 1183 2073 6469 0 7072 0 3760 0 115 2074 114 2074 3789 2074 7073 2075 7074 2075 5686 2075 7075 2076 7074 2076 2330 2076 287 2077 4382 2077 6808 2077 288 2078 287 2078 3954 2078 7076 2079 7077 2079 7078 2079 4190 2080 7079 2080 7080 2080 7081 2081 7082 2081 4 2081 7083 2080 7084 2080 2459 2080 7085 2082 7084 2082 4189 2082 7086 2083 5191 2083 7087 2083 202 2084 201 2084 3927 2084 3831 2085 7088 2085 5758 2085 7089 9 7090 9 3034 9 7091 9 7092 9 4037 9 7093 2086 791 2086 3799 2086 3689 0 7094 0 3690 0 1965 2087 7095 2087 1963 2087 3296 1 3800 1 791 1 7096 0 7097 0 7098 0 277 2088 279 2088 4574 2088 7099 905 7100 905 7101 905 7102 9 7103 9 7104 9 7105 910 7106 910 7107 910 5249 2089 7108 2089 7109 2089 5005 1 7110 1 7111 1 1194 1 1911 1 7100 1 653 2090 6119 2090 7112 2090 7113 5 3957 5 794 5 7114 1 6217 1 7115 1 6041 8 7116 8 4926 8 5736 5 2577 5 7117 5 3929 2091 332 2091 219 2091 4920 5 7118 5 6834 5 7119 2092 7120 2092 7121 2092 4341 8 1492 8 7122 8 6408 2093 7123 2093 7124 2093 7125 1 6902 1 6904 1 7126 1992 7127 1992 6902 1992 7128 1 7129 1 6531 1 2744 8 7130 8 7131 8 145 2094 3937 2094 5382 2094 143 2095 145 2095 4785 2095 2236 2096 7132 2096 2237 2096 425 8 7133 8 7134 8 138 2097 140 2097 4782 2097 62 2098 7135 2098 6918 2098 6715 0 7136 0 7137 0 5255 5 1016 5 7138 5 6537 0 7139 0 7140 0 120 2099 122 2099 4953 2099 7141 2100 1411 2100 7142 2100 115 2101 4418 2101 116 2101 7143 164 7144 164 2271 164 5971 2102 4065 2102 7145 2102 159 2103 7146 2103 260 2103 7147 5 501 5 500 5 314 2104 7148 2104 297 2104 65 2105 4861 2105 5927 2105 66 2106 65 2106 3886 2106 2014 0 7149 0 1871 0 3023 2107 5621 2107 506 2107 7150 2108 1359 2108 1884 2108 197 2109 199 2109 4931 2109 4791 2110 267 2110 144 2110 6365 1 1993 1 7151 1 7152 2111 7153 2111 798 2111 7152 2112 7154 2112 336 2112 3003 2113 1406 2113 1405 2113 5958 2114 5210 2114 5209 2114 7155 2115 6570 2115 6571 2115 2200 2116 6570 2116 3997 2116 7156 2117 6912 2117 7157 2117 1344 5 376 5 7158 5 7159 2118 1827 2118 7160 2118 6915 9 4391 9 7161 9 6716 0 7162 0 6715 0 946 2119 1615 2119 1614 2119 6847 2120 5457 2120 5458 2120 7163 0 7164 0 7165 0 184 2121 7166 2121 293 2121 7167 9 7168 9 7169 9 85 2122 84 2122 3896 2122 182 2123 3924 2123 183 2123 7170 2124 886 2124 885 2124 1826 2125 7171 2125 7172 2125 236 2126 7173 2126 5364 2126 1531 2127 6763 2127 3806 2127 741 8 7174 8 7175 8 179 2128 178 2128 4423 2128 3807 2129 6763 2129 4064 2129 90 2130 92 2130 4753 2130 5136 2131 709 2131 4164 2131 7176 2132 7177 2132 7178 2132 7179 2133 7180 2133 5295 2133 3836 2134 6906 2134 7181 2134 7182 2135 7183 2135 1132 2135 7184 2136 3769 2136 7185 2136 7186 9 7185 9 7187 9 7188 2137 7189 2137 1623 2137 7190 0 7191 0 7192 0 3633 2138 3635 2138 1584 2138 215 2139 6162 2139 331 2139 213 2140 215 2140 4821 2140 6914 0 6916 0 4130 0 7193 2141 7194 2141 1376 2141 7195 2020 7196 2020 7197 2020 5804 5 7198 5 2088 5 1558 1 5284 1 7199 1 7200 2142 6469 2142 6470 2142 6364 1 7151 1 5754 1 4701 2143 7201 2143 7202 2143 7203 1 7204 1 1876 1 6658 2144 7205 2144 3375 2144 3064 1 5602 1 2211 1 7206 2145 1942 2145 7207 2145 1751 8 4813 8 6719 8 7208 2146 7209 2146 7210 2146 7211 2147 2468 2147 7212 2147 5533 164 7213 164 746 164 779 1 781 1 7214 1 7215 1 780 1 5206 1 7216 8 7217 8 2984 8 6211 696 6818 696 3871 696 7218 0 2842 0 5690 0 7219 1961 3295 1961 7220 1961 7221 929 6144 929 6146 929 2994 2148 7222 2148 5806 2148 5691 2149 6855 2149 7223 2149 3865 2150 1551 2150 1552 2150 1550 2151 1551 2151 3095 2151 5656 0 5658 0 5194 0 7224 0 5657 0 6202 0 6471 2152 6142 2152 6143 2152 4853 2153 6471 2153 7225 2153 7226 2154 2131 2154 7227 2154 6923 1 6924 1 2319 1 7228 2155 6923 2155 6825 2155 7229 2156 6761 2156 6135 2156 7230 2157 7139 2157 6539 2157 1366 1 1368 1 7231 1 6214 1 1367 1 6133 1 7232 8 7233 8 7234 8 7235 1 2447 1 456 1 7235 2158 3839 2158 6216 2158 7236 5 7158 5 6122 5 6121 5 6120 5 7237 5 7172 1 7238 1 7239 1 6559 164 5534 164 6557 164 7240 0 4366 0 7241 0 4365 0 763 0 4356 0 1827 2159 7159 2159 7242 2159 7243 2160 4576 2160 4581 2160 7244 2161 7245 2161 3416 2161 7244 2162 2601 2162 2917 2162 1005 1 2397 1 7246 1 7247 2163 7248 2163 7249 2163 5829 1 5831 1 1064 1 7250 2164 5830 2164 5948 2164 7251 2165 5821 2165 419 2165 3493 0 7252 0 7253 0 7254 8 2046 8 6435 8 7255 0 7256 0 7257 0 7258 0 7256 0 7259 0 3607 688 3655 688 4326 688 739 2166 2260 2166 740 2166 3611 2167 3613 2167 7260 2167 1440 1 7261 1 2787 1 5938 2168 661 2168 7262 2168 7263 2169 7264 2169 7265 2169 3884 2170 7266 2170 6959 2170 1402 1 6876 1 7267 1 3058 164 3059 164 7268 164 1080 1 6774 1 7269 1 7270 5 876 5 1607 5 7271 164 6649 164 6643 164 7272 2171 1776 2171 2072 2171 1318 5 1319 5 7273 5 7274 5 1318 5 1837 5 6116 5 3661 5 3660 5 2195 2172 3076 2172 2196 2172 5754 2173 7275 2173 7276 2173 4121 5 7277 5 2118 5 7278 9 7279 9 4715 9 1372 2174 1958 2174 1373 2174 5847 0 5846 0 6431 0 4680 2175 3618 2175 3617 2175 7280 1 6740 1 7281 1 2143 2176 7205 2176 6567 2176 1910 1 1330 1 7282 1 4440 5 4444 5 679 5 80 2177 3881 2177 83 2177 6829 696 6828 696 7283 696 7284 1961 6832 1961 7285 1961 7286 929 7287 929 7288 929 2019 2149 6835 2149 7289 2149 3467 0 404 0 403 0 3647 2178 98 2178 97 2178 1445 1 1444 1 7290 1 2221 2179 5693 2179 7291 2179 1427 1 1429 1 3225 1 5240 1 1428 1 5388 1 7292 8 2526 8 2528 8 6877 5 7293 5 649 5 7294 2180 7295 2180 5617 2180 5219 2181 100 2181 7296 2181 5220 5 5219 5 7297 5 7298 2182 2875 2182 2877 2182 5960 0 526 0 7299 0 5235 5 7300 5 5236 5 5306 2183 5235 2183 7301 2183 5612 2184 5613 2184 7302 2184 1363 0 5612 0 3471 0 6545 2185 8 2185 7 2185 7303 0 6344 0 7304 0 5414 2186 5413 2186 2976 2186 6746 1 153 1 7231 1 1709 2187 7305 2187 7306 2187 3636 8 7307 8 3017 8 7308 0 7309 0 7310 0 7308 2188 2089 2188 1587 2188 5622 0 7311 0 3015 0 7312 2189 6450 2189 7313 2189 4984 8 3421 8 7314 8 7315 0 5783 0 7316 0 7317 8 1721 8 1720 8 7318 2190 7319 2190 7320 2190 6867 2191 5017 2191 5016 2191 7321 5 5710 5 7322 5 6311 0 7323 0 6309 0 7324 5 7325 5 7326 5 7327 1 5910 1 7328 1 7329 1 970 1 6443 1 7330 8 3448 8 4247 8 7330 2192 7331 2192 2868 2192 7332 2193 6814 2193 7333 2193 7334 164 7335 164 7336 164 7337 2194 3425 2194 4248 2194 7337 2195 7338 2195 2643 2195 2405 5 1325 5 7339 5 5323 0 2033 0 3101 0 7340 8 3451 8 4901 8 7340 8 2759 8 2952 8 7341 2196 7342 2196 4633 2196 652 2197 7121 2197 7120 2197 528 0 7343 0 4377 0 7240 2198 7241 2198 7344 2198 3542 2199 7240 2199 2991 2199 2251 2200 7029 2200 7345 2200 6890 9 7030 9 7346 9 7347 9 3122 9 7346 9 7347 2201 4100 2201 6158 2201 717 2202 1910 2202 7282 2202 7348 5 7349 5 7350 5 7351 164 7352 164 5627 164 4082 2203 5570 2203 6039 2203 5569 2204 7353 2204 6458 2204 2853 2205 3526 2205 6499 2205 3033 9 3699 9 7354 9 7355 2206 6632 2206 2023 2206 7356 2207 908 2207 7357 2207 7358 164 594 164 5225 164 7359 8 3461 8 2918 8 7360 2208 7359 2208 5977 2208 5859 5 5473 5 3778 5 7361 5 4776 5 4759 5 7362 2209 5447 2209 5449 2209 7363 2210 6838 2210 3821 2210 7364 1 7365 1 1133 1 6841 696 6843 696 7366 696 7367 2211 4181 2211 4180 2211 7368 929 699 929 701 929 6850 154 6849 154 7369 154 7370 2212 7371 2212 5886 2212 7372 2213 5514 2213 7268 2213 6616 5 679 5 678 5 7373 5 3334 5 7374 5 7375 164 7376 164 7377 164 5884 2214 5883 2214 3505 2214 7378 2215 7379 2215 7380 2215 7107 1 7381 1 1245 1 5535 2216 5709 2216 7382 2216 800 2217 802 2217 6220 2217 7383 2218 4902 2218 2506 2218 7383 2219 2503 2219 2758 2219 1885 0 1801 0 6555 0 6530 0 7384 0 3069 0 2265 1 1831 1 6548 1 5416 1 1830 1 4205 1 7385 2220 7386 2220 7387 2220 7388 2221 7386 2221 7389 2221 7390 2222 7391 2222 2339 2222 7390 2223 2336 2223 2739 2223 7392 0 3105 0 3104 0 2638 5 7393 5 1999 5 7394 9 7395 9 1589 9 7396 2224 1608 2224 5245 2224 3175 164 2181 164 7397 164 4166 2225 6523 2225 7398 2225 7399 8 7400 8 3442 8 7399 2226 2756 2226 2873 2226 375 5 7401 5 5917 5 7102 9 1990 9 7402 9 5361 2227 5260 2227 7403 2227 7404 8 7405 8 7406 8 7407 8 3443 8 4983 8 7407 8 7408 8 2755 8 5824 2228 5825 2228 7409 2228 3357 2229 5824 2229 985 2229 7410 2230 1968 2230 2067 2230 7410 2231 3780 2231 7411 2231 7412 5 7413 5 7414 5 7415 2232 7394 2232 1591 2232 3550 1178 4221 1178 4584 1178 5512 8 6820 8 3294 8 1035 2233 7416 2233 7417 2233 7418 1 7419 1 7179 1 6221 1 6220 1 7420 1 6223 1 7421 1 7422 1 3092 5 1655 5 3090 5 1520 2234 3575 2234 4639 2234 2690 8 7314 8 2600 8 6502 2235 7423 2235 5363 2235 7424 2236 3454 2236 4634 2236 7424 8 7425 8 2747 8 7426 0 7427 0 7428 0 7429 9 1590 9 7430 9 1687 5 1689 5 7431 5 3137 0 7432 0 7433 0 7434 8 3465 8 4244 8 7434 2237 2731 2237 7435 2237 7436 2238 4898 2238 1261 2238 1259 0 4898 0 2987 0 5474 0 7437 0 5475 0 3083 2239 4193 2239 4195 2239 1765 2240 5802 2240 5522 2240 7438 8 4245 8 2874 8 7438 2241 2871 2241 2730 2241 6516 1 6515 1 3750 1 7439 2242 6759 2242 805 2242 1794 2243 7440 2243 1795 2243 7243 2244 3008 2244 3007 2244 5628 164 5627 164 7352 164 7441 2245 7442 2245 7443 2245 7441 2246 2751 2246 2505 2246 7444 8 3417 8 5019 8 7444 2247 7445 2247 7446 2247 6395 2248 6397 2248 5800 2248 7447 1 6396 1 7448 1 5843 2249 7449 2249 757 2249 7450 2250 2624 2250 6052 2250 7109 2251 7451 2251 5247 2251 5354 2252 4122 2252 989 2252 7452 1976 2221 1976 6552 1976 7453 5 6858 5 7454 5 7455 2253 7456 2253 7457 2253 5363 2254 7423 2254 524 2254 1086 0 1085 0 2120 0 7458 2255 1085 2255 3665 2255 7459 2256 5221 2256 5222 2256 389 2257 5221 2257 2849 2257 7460 0 7461 0 7462 0 1387 0 4039 0 1388 0 7262 2258 7463 2258 6535 2258 7464 0 7465 0 7466 0 7467 2259 7468 2259 7469 2259 5828 0 467 0 7470 0 7471 0 5227 0 7472 0 7473 2260 3360 2260 4237 2260 7473 2261 7474 2261 2335 2261 7475 2262 7476 2262 3404 2262 7475 2263 2434 2263 2590 2263 7477 2264 410 2264 7478 2264 7479 1 7480 1 7481 1 7482 0 7483 0 7484 0 2114 2265 7485 2265 7486 2265 6379 1 7487 1 2494 1 7488 1 6340 1 3199 1 3200 1 7489 1 7490 1 7491 0 7492 0 7493 0 7494 2266 6095 2266 1335 2266 7495 0 3541 0 3540 0 4719 609 7496 609 7497 609 7496 2267 7498 2267 2733 2267 2095 8 7499 8 7500 8 7501 5 3135 5 7502 5 1527 2268 1529 2268 7503 2268 1528 9 1527 9 7504 9 5911 1 7505 1 7506 1 5547 2269 5592 2269 2155 2269 110 2270 7071 2270 7507 2270 7508 2271 3362 2271 4506 2271 7508 483 7509 483 2327 483 6055 5 475 5 6405 5 6402 2272 6404 2272 7510 2272 7511 1 7512 1 6399 1 7513 2273 7514 2273 3383 2273 1456 1 1677 1 1336 1 978 5 4045 5 2315 5 7515 2274 3407 2274 4495 2274 7515 2275 7516 2275 2427 2275 7517 2276 747 2276 7213 2276 7518 5 6050 5 7519 5 1466 8 1468 8 7520 8 7521 1 1057 1 5949 1 7489 1 7522 1 7523 1 1938 2277 7524 2277 7194 2277 4419 2278 5373 2278 7525 2278 7526 0 6509 0 7527 0 7528 2279 4107 2279 7529 2279 7530 1 1641 1 6865 1 7239 1 7531 1 7172 1 7532 2280 7533 2280 3104 2280 5654 2281 1841 2281 5652 2281 7033 2282 1841 2282 1843 2282 7534 2283 7535 2283 7536 2283 3416 2284 7537 2284 2688 2284 15 1 17 1 5459 1 7538 2285 16 2285 5389 2285 566 8 7539 8 7540 8 7541 9 7542 9 7543 9 1534 2286 1611 2286 4310 2286 7544 1 7545 1 4968 1 7546 2287 7547 2287 7548 2287 7546 2288 2734 2288 2451 2288 5929 1 7549 1 5935 1 6793 2289 6821 2289 7550 2289 5116 5 1783 5 1782 5 2408 1 3215 1 7551 1 7552 2290 3389 2290 4507 2290 7553 2291 7552 2291 6278 2291 6445 780 1940 780 6444 780 7554 2292 3849 2292 6893 2292 1156 2293 1155 2293 7555 2293 2821 2294 5271 2294 835 2294 454 1 655 1 6061 1 5773 2295 5775 2295 6134 2295 7556 9 435 9 3029 9 7355 2296 3245 2296 3244 2296 7557 2297 5507 2297 5615 2297 2489 2298 2491 2298 461 2298 7558 2299 7559 2299 2591 2299 7558 2300 2588 2300 2363 2300 7560 2301 4238 2301 2452 2301 7477 0 7478 0 1282 0 7561 2302 410 2302 409 2302 7562 1 7563 1 6928 1 1950 2303 7564 2303 5553 2303 207 0 7565 0 5668 0 499 2304 7566 2304 4486 2304 2944 164 7567 164 5644 164 5334 0 5336 0 7568 0 1421 0 5335 0 5357 0 7569 2305 6324 2305 2810 2305 4140 2306 1780 2306 4141 2306 5662 5 5663 5 7570 5 5495 0 5780 0 5496 0 2547 164 5107 164 5688 164 7571 2307 7572 2307 7573 2307 6389 2308 7574 2308 5089 2308 7575 1 7282 1 1330 1 5418 2309 5178 2309 7576 2309 7577 1 2823 1 7578 1 2438 2310 4105 2310 2439 2310 3326 2311 3325 2311 4028 2311 6203 0 2518 0 4399 0 5863 2312 5864 2312 59 2312 6563 2313 5863 2313 4049 2313 7579 164 7144 164 7580 164 7581 164 3299 164 7334 164 7582 2314 755 2314 1042 2314 1896 5 7583 5 7584 5 5324 2315 5328 2315 5462 2315 5359 2316 5327 2316 7585 2316 6928 1 2834 1 7562 1 3024 1 7586 1 3025 1 975 5 979 5 5466 5 4045 2317 978 2317 980 2317 1540 2318 1606 2318 4635 2318 7587 8 2466 8 3164 8 5740 5 5742 5 1185 5 1594 5 6416 5 7588 5 7589 2319 3386 2319 4496 2319 7589 2320 2440 2320 2437 2320 7590 5 2953 5 7591 5 6326 2321 6476 2321 6477 2321 6097 2322 3526 2322 4620 2322 2240 2323 7187 2323 7592 2323 7592 2324 7593 2324 6909 2324 1359 2325 4502 2325 1357 2325 4080 2326 6837 2326 7594 2326 7362 0 7462 0 5119 0 5668 0 7565 0 7595 0 23 2327 2058 2327 7323 2327 6627 2328 6629 2328 4112 2328 7596 2329 7597 2329 3393 2329 7596 2330 2425 2330 7598 2330 617 164 619 164 7377 164 7599 2331 618 2331 6800 2331 7600 1 1971 1 7601 1 5669 2332 5401 2332 7249 2332 2162 2333 191 2333 6477 2333 5187 0 7602 0 5476 0 7603 2334 7604 2334 7110 2334 6519 5 7605 5 1068 5 1960 2335 7373 2335 7374 2335 4102 1 7379 1 5576 1 2594 2336 7606 2336 7607 2336 566 2337 7540 2337 5278 2337 4789 2338 4090 2338 7608 2338 1991 9 7104 9 7609 9 7610 9 7543 9 7611 9 1783 2339 7612 2339 7613 2339 5126 0 7614 0 7615 0 7464 2340 7466 2340 7616 2340 7467 0 7465 0 7568 0 5631 164 5633 164 6662 164 7208 2341 5632 2341 7617 2341 7618 5 7619 5 1962 5 7620 5 1962 5 1961 5 7621 1 7622 1 4503 1 7623 1 5103 1 7624 1 2489 2342 7625 2342 4316 2342 1632 2343 1631 2343 5503 2343 5764 0 7626 0 6350 0 6775 2344 28 2344 5887 2344 7460 0 479 0 5766 0 7224 0 5659 0 7469 0 7452 2345 5694 2345 2221 2345 1593 5 7627 5 2171 5 7628 1 3755 1 7629 1 5625 0 1377 0 7630 0 2126 8 5261 8 522 8 7631 0 2453 0 7632 0 3534 1 7633 1 5288 1 2197 2346 7634 2346 7635 2346 7624 1 7636 1 7637 1 5125 5 6872 5 7638 5 1502 2347 1595 2347 7639 2347 5700 2348 4523 2348 7640 2348 7641 2349 7642 2349 7643 2349 7644 9 6911 9 7645 9 7646 2350 2962 2350 7647 2350 7646 2351 5046 2351 6777 2351 3344 5 7648 5 3345 5 7649 5 5436 5 7650 5 5812 0 7651 0 7652 0 818 0 7653 0 1737 0 7654 0 2049 0 6831 0 7654 0 3413 0 7655 0 483 0 7656 0 7657 0 2654 5 1068 5 7605 5 6913 2352 7192 2352 7658 2352 7659 2353 7582 2353 1042 2353 690 2354 7660 2354 6164 2354 739 8 7175 8 7305 8 2429 2355 3525 2355 7606 2355 3562 8 3637 8 1486 8 3736 2356 7661 2356 2160 2356 7592 9 6155 9 7593 9 5638 9 6156 9 7034 9 3325 2357 5377 2357 4027 2357 7662 2358 5837 2358 7663 2358 4672 2359 4673 2359 5508 2359 3700 9 7664 9 7665 9 7666 2360 3116 2360 7667 2360 7570 5 7666 5 7668 5 6595 164 6594 164 590 164 7669 2361 1941 2361 7670 2361 572 5 7295 5 5257 5 1844 0 4988 0 7357 0 1954 1 1103 1 3753 1 7671 2362 7672 2362 7673 2362 7576 1 5177 1 7674 1 6228 2363 6227 2363 1490 2363 7315 2364 7316 2364 5423 2364 5371 2365 2208 2365 3687 2365 7675 2366 2257 2366 2167 2366 5316 5 1998 5 7431 5 5835 2367 7676 2367 5542 2367 6415 2368 7677 2368 6433 2368 5890 0 5889 0 7678 0 7679 0 5943 0 7655 0 7680 0 5215 0 5637 0 5635 0 5636 0 7681 0 7674 2369 4197 2369 7576 2369 7433 0 7432 0 4553 0 2843 0 2842 0 3193 0 4973 2370 6840 2370 5678 2370 893 2371 5741 2371 894 2371 6127 2372 7682 2372 7683 2372 5011 0 5623 0 7632 0 7684 0 7311 0 7409 0 6813 2373 6877 2373 981 2373 7603 1 7110 1 7685 1 7686 2374 7687 2374 7688 2374 7686 2375 5007 2375 2016 2375 7689 0 7690 0 7691 0 7692 5 7693 5 7237 5 7694 0 1953 0 7695 0 1355 2376 5441 2376 5443 2376 7696 0 4162 0 7697 0 3310 0 1224 0 1226 0 5544 2377 5428 2377 1588 2377 5728 5 5730 5 7322 5 5729 2378 5728 2378 6813 2378 6049 5 7698 5 6050 5 1593 2379 2173 2379 5536 2379 7699 2380 5129 2380 5130 2380 5160 0 5689 0 2828 0 5853 0 5689 0 2413 0 7700 5 7701 5 3131 5 7702 9 7132 9 7703 9 6363 1 6339 1 7422 1 6363 2381 7704 2381 7705 2381 493 2382 495 2382 5302 2382 5677 8 5678 8 3715 8 5670 2383 7248 2383 7706 2383 7707 2384 7708 2384 7324 2384 7324 2385 7326 2385 7709 2385 3674 2386 6167 2386 6166 2386 1768 8 5702 8 1769 8 7710 1 1245 1 1247 1 1246 1 1245 1 3681 1 7711 0 7712 0 5128 0 5319 5 7713 5 7714 5 1444 2387 7715 2387 7716 2387 5759 1 96 1 790 1 4208 0 7717 0 686 0 5822 2388 7251 2388 6771 2388 7718 0 5904 0 6936 0 7717 0 4208 0 7719 0 96 1 3297 1 790 1 5281 0 5873 0 7720 0 7721 2389 3811 2389 7722 2389 3812 2390 7723 2390 3813 2390 3158 8 7251 8 5543 8 7724 2391 7725 2391 7167 2391 7726 2392 7725 2392 7727 2392 5914 2393 465 2393 7728 2393 7627 5 1592 5 7699 5 3177 2394 7729 2394 3175 2394 7729 164 2182 164 2181 164 7730 5 4516 5 4518 5 7731 1 4211 1 6427 1 3164 8 2466 8 2562 8 574 2395 573 2395 1216 2395 4139 1 7732 1 7733 1 4567 164 7734 164 7735 164 7736 5 7737 5 2151 5 5733 2396 6845 2396 5374 2396 4388 0 5040 0 4387 0 3956 5 7584 5 7583 5 3503 164 7738 164 3504 164 7739 1 7740 1 7741 1 5384 0 5386 0 7472 0 7458 2397 5385 2397 7302 2397 7742 2398 7743 2398 844 2398 3258 164 6724 164 7744 164 6854 5 7745 5 6371 5 1275 2399 7729 2399 3177 2399 7746 2400 5777 2400 5776 2400 5853 0 5852 0 4226 0 7609 2401 4152 2401 7415 2401 322 2402 7747 2402 95 2402 7748 5 5684 5 7749 5 7529 8 7750 8 7751 8 6519 5 7752 5 7605 5 5255 2403 256 2403 1016 2403 3516 164 6660 164 7753 164 206 2404 7754 2404 207 2404 7755 2405 206 2405 6079 2405 5287 1 6700 1 7756 1 6309 2406 7108 2406 5353 2406 1045 2407 7757 2407 3495 2407 6410 0 7758 0 7491 0 7759 1 3679 1 3678 1 3179 0 7760 0 7247 0 7761 1 1957 1 1959 1 5281 2408 7762 2408 5873 2408 7763 1 7142 1 506 1 1597 0 5496 0 4853 0 6248 2409 7764 2409 6658 2409 5298 0 1417 0 5299 0 7765 2410 7766 2410 5435 2410 2821 1 55 1 54 1 7210 2411 671 2411 7767 2411 1797 0 1796 0 1924 0 7768 2412 5183 2412 4168 2412 3670 164 5525 164 3671 164 7769 2413 7125 2413 7770 2413 6 1 508 1 4172 1 5898 1 508 1 3679 1 372 2414 1031 2414 5649 2414 6504 2415 6503 2415 4374 2415 7771 1 7772 1 2822 1 7773 2416 5395 2416 7774 2416 1930 2417 2044 2417 883 2417 5448 2418 5446 2418 7616 2418 7775 1 6625 1 6461 1 7776 2419 7775 2419 7777 2419 7778 0 7779 0 7253 0 2464 2420 2495 2420 5399 2420 1128 2421 2495 2421 1129 2421 7028 0 5216 0 7027 0 2654 5 7605 5 6779 5 3214 1 7780 1 7781 1 1957 1 1628 1 7512 1 7782 0 7783 0 7784 0 5838 0 5840 0 7678 0 7662 2422 5839 2422 7344 2422 7785 0 7786 0 6561 0 7787 164 6051 164 7788 164 5974 2423 5973 2423 3460 2423 2821 2424 54 2424 7789 2424 921 1 7490 1 922 1 5585 5 1346 5 5586 5 7672 2425 7790 2425 7791 2425 1634 8 4999 8 1569 8 7493 0 7792 0 7491 0 2968 5 2819 5 2818 5 4126 2426 5529 2426 6111 2426 343 2427 5528 2427 7716 2427 7793 2428 7794 2428 7795 2428 802 1 2196 1 3076 1 7796 2429 6770 2429 6920 2429 7797 2430 6114 2430 5706 2430 4350 2431 7798 2431 956 2431 7799 0 7800 0 7801 0 5009 1 4276 1 4277 1 4475 2432 7802 2432 4476 2432 7803 0 78 0 7804 0 2021 2433 6630 2433 736 2433 1675 1 3076 1 5285 1 2793 2434 1342 2434 5624 2434 7805 2435 1018 2435 7806 2435 7631 0 7807 0 2453 0 5734 2436 5736 2436 7510 2436 2578 2437 5735 2437 6497 2437 3291 164 7808 164 6606 164 7809 5 6331 5 7810 5 7811 1 7545 1 7812 1 3004 5 3003 5 5532 5 7813 2438 7814 2438 1024 2438 4419 2439 7815 2439 2370 2439 663 2440 2080 2440 7816 2440 7817 1 5879 1 7818 1 7819 1 7817 1 7820 1 7821 164 613 164 7822 164 1445 2441 6177 2441 1446 2441 7348 5 1313 5 5465 5 900 5 891 5 5699 5 1811 2442 1813 2442 7663 2442 1041 8 755 8 754 8 5159 0 23 0 7323 0 2098 2443 2456 2443 2099 2443 7823 5 644 5 643 5 5509 0 7824 0 5510 0 5509 2444 2193 2444 7824 2444 7825 2445 7722 2445 3811 2445 3279 1 5954 1 3765 1 7826 5 7087 5 1405 5 7827 1 7828 1 7829 1 7830 2446 7831 2446 5672 2446 6641 1 7832 1 7833 1 3541 2447 7495 2447 3107 2447 6567 2448 7205 2448 7669 2448 7834 2449 4596 2449 7835 2449 5347 1 95 1 7747 1 5572 0 5574 0 7785 0 4082 2450 5573 2450 4083 2450 6481 2451 6666 2451 6480 2451 7836 2452 2129 2452 2128 2452 5777 2453 2179 2453 2371 2453 7023 5 5777 5 7837 5 4918 0 7722 0 7838 0 7839 2454 7840 2454 7841 2454 7842 8 7500 8 7499 8 823 8 7843 8 7423 8 7844 0 712 0 1805 0 6357 2455 133 2455 7327 2455 7845 2456 4150 2456 964 2456 5962 2457 5961 2457 3503 2457 7846 8 5700 8 7640 8 7847 9 7848 9 7796 9 7022 2458 5383 2458 7023 2458 7849 2459 3538 2459 7658 2459 7849 0 3305 0 5558 0 7850 5 7851 5 7852 5 5958 2460 7853 2460 5210 2460 7854 5 7855 5 7856 5 6639 2461 6638 2461 3477 2461 2978 0 7792 0 7493 0 6465 1 449 1 5165 1 7530 1 5518 1 7647 1 7857 2462 1251 2462 4387 2462 6157 2463 5642 2463 7858 2463 5695 9 7859 9 7688 9 2261 8 7860 8 2262 8 5382 2464 3937 2464 237 2464 437 2465 438 2465 7858 2465 434 2466 437 2466 2422 2466 5859 5 3778 5 7861 5 7862 5 7222 5 2994 5 1782 5 1784 5 6792 5 7863 164 3518 164 7864 164 7865 2467 5239 2467 231 2467 7866 2468 5942 2468 7867 2468 7821 2469 7822 2469 7868 2469 6377 1 6376 1 7183 1 7678 0 5891 0 5890 0 7847 9 7869 9 7870 9 7871 9 6920 9 6919 9 7872 9 6919 9 7161 9 2998 2470 5617 2470 5618 2470 7873 5 5897 5 6860 5 7455 2471 7457 2471 5784 2471 7874 0 7456 0 7875 0 5498 2472 4151 2472 4363 2472 3486 2473 5273 2473 3487 2473 7876 5 7877 5 3786 5 378 0 5386 0 7878 0 5583 1 7879 1 5606 1 4142 1 1329 1 1328 1 1459 5 7880 5 4460 5 7881 1 7661 1 1947 1 4767 1 1352 1 7882 1 1352 2474 6164 2474 7660 2474 7883 2475 7884 2475 7885 2475 7233 8 7232 8 3450 8 5675 0 7886 0 3488 0 1637 2476 3126 2476 7887 2476 7888 1 7889 1 7890 1 744 2477 2259 2477 7891 2477 4173 2478 4450 2478 5085 2478 5858 5 1688 5 2070 5 2483 5 2485 5 2953 5 7892 1 7833 1 7832 1 2193 2479 5509 2479 7893 2479 7164 0 7163 0 2192 0 7850 2480 2584 2480 4412 2480 7894 0 5717 0 7895 0 7896 2481 7897 2481 6313 2481 7324 5 7708 5 7898 5 7899 0 4103 0 5480 0 2825 0 3118 0 3120 0 3118 0 603 0 2763 0 3777 5 863 5 3497 5 7900 1 7901 1 7884 1 2204 0 2203 0 2792 0 7902 1 7903 1 7780 1 6101 1 7892 1 7904 1 7527 0 7905 0 3014 0 7906 2482 1173 2482 451 2482 2274 5 953 5 3854 5 7571 1 7480 1 7479 1 7907 1 7908 1 4767 1 6427 2483 6426 2483 1283 2483 6074 2484 6073 2484 7909 2484 7625 0 460 0 7910 0 922 1 7911 1 7820 1 7912 2485 7913 2485 7691 2485 7914 5 2129 5 7836 5 1717 8 1719 8 6790 8 7483 2486 7915 2486 7484 2486 7916 2487 5874 2487 6928 2487 6764 2488 7145 2488 4064 2488 7917 2489 1565 2489 7517 2489 7783 0 7782 0 461 0 6388 2490 7918 2490 7919 2490 7772 2491 2823 2491 2822 2491 9 1 7920 1 3187 1 7921 8 7174 8 738 8 7922 1 7923 1 7924 1 1017 5 1016 5 7925 5 7926 5 5370 5 1090 5 7927 1 7732 1 2322 1 7928 5 7158 5 376 5 7928 5 7929 5 7930 5 7931 2492 5724 2492 7932 2492 2163 1 2162 1 7933 1 7933 2493 6325 2493 2163 2493 7934 5 7935 5 7936 5 7934 2494 2967 2494 2969 2494 7937 591 3525 591 2431 591 190 1 7938 1 6385 1 2258 8 1895 8 2259 8 5412 0 788 0 787 0 3118 0 2825 0 4263 0 5480 0 2764 0 601 0 3118 0 2763 0 3119 0 2658 164 7939 164 2656 164 5895 1 6533 1 7940 1 2174 0 5119 0 7462 0 7362 0 3182 0 7941 0 6090 8 2201 8 7942 8 5900 2495 3687 2495 2208 2495 825 8 1237 8 2630 8 7943 8 825 8 824 8 2738 2496 4586 2496 7391 2496 4585 2497 2738 2497 6218 2497 5380 0 3104 0 7944 0 5870 0 6359 0 5871 0 7945 5 5246 5 7946 5 6725 2498 7947 2498 7948 2498 1417 2499 1416 2499 5025 2499 2765 0 3336 0 3119 0 4158 1 6534 1 5407 1 7765 5 1461 5 6148 5 1461 2500 7949 2500 1459 2500 731 8 733 8 7950 8 4891 2501 2214 2501 7951 2501 4984 8 5834 8 5833 8 4754 2502 7039 2502 4755 2502 7952 1 5985 1 7922 1 6165 1 7953 1 1702 1 7954 483 2332 483 2331 483 6478 1 7955 1 616 1 616 1 3680 1 614 1 5340 2503 7956 2503 5248 2503 7957 2504 7958 2504 2977 2504 7959 0 3494 0 7960 0 7895 2505 5716 2505 7961 2505 7962 0 7963 0 4272 0 5519 2506 7964 2506 5520 2506 2645 8 7965 8 7234 8 4702 8 2645 8 5941 8 7494 2507 4362 2507 6095 2507 7966 5 2713 5 2714 5 7966 5 1029 5 2768 5 4121 5 2714 5 7277 5 7967 2508 7968 2508 2185 2508 7969 1 5882 1 7970 1 7970 1 3478 1 6223 1 7804 2509 7971 2509 7803 2509 4832 8 7972 8 7973 8 4514 2510 3333 2510 7974 2510 7975 5 4516 5 4515 5 6749 164 555 164 2063 164 5133 1 6496 1 7976 1 7977 8 7978 8 1974 8 7979 2511 683 2511 7980 2511 4932 5 677 5 6392 5 5745 2512 2878 2512 2880 2512 7024 2513 7361 2513 7823 2513 1898 1 1900 1 5312 1 7981 2514 4728 2514 7982 2514 2097 8 6745 8 2286 8 7983 0 7984 0 3696 0 6550 8 7285 8 5258 8 3712 8 2387 8 5259 8 7985 5 2151 5 7737 5 7985 5 7986 5 7987 5 5595 164 7988 164 5593 164 5207 1 7032 1 168 1 7989 2515 4345 2515 4347 2515 7990 8 3637 8 7991 8 3476 1 7992 1 6640 1 7993 8 5817 8 6758 8 7994 0 2608 0 6602 0 7995 8 5832 8 2687 8 7995 8 7996 8 7406 8 7997 1 7998 1 3083 1 7997 1 7999 1 3757 1 6175 2516 8000 2516 1976 2516 8001 2517 2860 2517 2859 2517 7965 2518 4702 2518 4701 2518 7643 2519 6842 2519 3110 2519 7809 5 6329 5 6328 5 1478 1 8002 1 2213 1 8003 2520 3103 2520 3105 2520 8004 2521 1700 2521 8005 2521 8006 2522 8007 2522 8005 2522 2477 0 8008 0 2475 0 2287 2523 6174 2523 8009 2523 8010 5 3772 5 3771 5 6798 5 3170 5 3171 5 3171 2524 844 2524 7743 2524 7418 1 4067 1 8011 1 5155 2525 6867 2525 6866 2525 5017 5 6867 5 8012 5 1223 1 1222 1 8013 1 7733 1 8014 1 4139 1 6329 5 3109 5 3346 5 6568 2526 8015 2526 8016 2526 6175 2527 1975 2527 6173 2527 1521 5 8017 5 1153 5 696 2528 77 2528 8018 2528 1455 2529 4364 2529 8019 2529 4364 2530 4363 2530 7845 2530 8020 5 3012 5 6608 5 8021 0 8022 0 8023 0 6720 8 1752 8 1751 8 2531 2531 2530 2531 2709 2531 8024 5 879 5 5319 5 5460 5 2107 5 5461 5 6086 5 2118 5 7277 5 6085 2532 6086 2532 8025 2532 6426 2533 6428 2533 6944 2533 7188 1 1623 1 8026 1 8027 0 1156 0 7555 0 2169 2534 8028 2534 8029 2534 4419 2535 7525 2535 7815 2535 4419 5 4420 5 5373 5 5175 0 7825 0 0 0 2091 0 6281 0 6881 0 8030 5 6872 5 6871 5 8031 2536 8032 2536 1651 2536 907 0 8033 0 908 0 8034 2537 6152 2537 6151 2537 6152 483 6307 483 6306 483 1998 2538 2000 2538 7431 2538 8035 2539 8036 2539 8037 2539 8038 1 7141 1 8039 1 2608 0 7994 0 5715 0 8040 0 5579 0 1985 0 366 2540 91 2540 367 2540 4271 2541 4273 2541 1888 2541 5133 2542 3268 2542 6496 2542 8041 1 2853 1 6499 1 7116 2543 3057 2543 3056 2543 3055 8 4704 8 2877 8 2216 2544 8042 2544 5200 2544 8043 2545 2170 2545 2169 2545 8044 2546 6621 2546 6620 2546 8044 8 3713 8 6521 8 6427 1 4477 1 2398 1 8045 1 6545 1 6544 1 7894 0 7484 0 7915 0 2196 1 802 1 801 1 6455 2547 6110 2547 8046 2547 7704 1 8047 1 8048 1 1992 2548 8049 2548 7151 2548 8050 1 1499 1 1498 1 2477 0 5159 0 6311 0 6118 9 6994 9 3675 9 6994 9 2244 9 4033 9 8051 9 3022 9 3021 9 3020 9 2244 9 6373 9 5832 2549 8052 2549 8053 2549 7995 8 2687 8 2686 8 5832 8 5834 8 8052 8 8052 8 8054 8 8055 8 2463 1 1968 1 1967 1 7411 1 7095 1 1966 1 4500 8 4501 8 2528 8 5106 2550 8056 2550 5104 2550 7147 2551 5326 2551 7836 2551 4701 8 3431 8 7201 8 1462 2552 8057 2552 6695 2552 6458 2553 7353 2553 1464 2553 5608 2554 5607 2554 4055 2554 5607 8 7751 8 7750 8 4996 1 7095 1 8058 1 5652 1 5932 1 8059 1 4092 0 4025 0 1602 0 7378 1 930 1 7379 1 5955 2555 5957 2555 6481 2555 5701 2556 8060 2556 7540 2556 4193 1 3083 1 2989 1 7997 2557 3083 2557 3082 2557 5123 1 2254 1 2253 1 7998 2558 4894 2558 1290 2558 8061 0 2012 0 2014 0 2013 2559 2090 2559 8062 2559 2318 1 8063 1 3233 1 2318 1 2319 1 6924 1 8064 2560 7829 2560 7828 2560 4726 1 8065 1 4727 1 3855 1 8066 1 6479 1 3855 1 3857 1 5315 1 8067 2561 4545 2561 8068 2561 6834 5 4921 5 4920 5 8069 5 5306 5 8070 5 5172 2562 5132 2562 6194 2562 8071 0 8072 0 5599 0 6390 2563 3146 2563 5454 2563 3144 2564 6619 2564 4015 2564 8073 1 8074 1 8075 1 8076 2565 8077 2565 8078 2565 6347 5 5370 5 6348 5 1728 1 8079 1 8080 1 6652 8 4882 8 4881 8 6641 2566 8081 2566 7832 2566 1742 2567 4024 2567 4023 2567 5105 5 4464 5 7618 5 8082 0 8083 0 5849 0 2216 2568 2215 2568 8042 2568 4544 8 1010 8 4285 8 425 2569 6901 2569 7133 2569 190 1 2486 1 5162 1 7871 2570 8084 2570 7611 2570 5906 5 8085 5 3893 5 7749 2571 8086 2571 6805 2571 2152 2572 8087 2572 4443 2572 2878 5 3166 5 3165 5 5601 0 7712 0 5411 0 1646 2573 3972 2573 3971 2573 6502 2574 5363 2574 6500 2574 3106 0 764 0 3541 0 1932 0 3106 0 3108 0 5715 2575 5717 2575 2607 2575 8083 0 5716 0 5849 0 4158 1 5407 1 414 1 4158 1 4160 1 6533 1 7968 5 2136 5 2185 5 2185 2576 2249 2576 7967 2576 4586 2577 8034 2577 7391 2577 2337 2578 2339 2578 7391 2578 8088 2579 844 2579 843 2579 512 2580 7742 2580 510 2580 3686 2581 3688 2581 1090 2581 8000 8 6744 8 4890 8 8089 8 721 8 4891 8 8090 2582 8091 2582 6092 2582 8091 0 6468 0 6092 0 5789 1 8092 1 8093 1 7977 8 1974 8 7529 8 7978 2583 7977 2583 4107 2583 3038 5 2969 5 471 5 6659 2584 1514 2584 3649 2584 5112 1 5800 1 5801 1 8094 5 1771 5 2667 5 1157 2585 870 2585 2415 2585 3840 2586 7419 2586 8095 2586 7901 2587 7900 2587 7419 2587 4433 5 8096 5 4434 5 7291 2588 1397 2588 2446 2588 1435 0 8097 0 4167 0 8017 5 3332 5 914 5 6560 1 7485 1 1631 1 3279 2589 3278 2589 7883 2589 369 1 3235 1 3234 1 5555 1 5554 1 371 1 4210 1 7903 1 6428 1 8098 1 4209 1 6379 1 1902 5 5265 5 1982 5 8099 8 4735 8 8100 8 8099 8 8101 8 1127 8 8101 8 7659 8 6500 8 3917 2590 6224 2590 6996 2590 878 5 5171 5 5170 5 7532 2591 8102 2591 6522 2591 1937 2592 516 2592 4489 2592 8103 2593 8104 2593 5556 2593 6864 1 5502 1 5967 1 8105 1 3766 1 5746 1 8105 2594 8106 2594 965 2594 8107 2595 7929 2595 6634 2595 8107 5 3131 5 7701 5 8108 2596 8109 2596 8110 2596 4233 2597 4232 2597 5892 2597 8111 1 5935 1 3838 1 4125 1 2903 1 8112 1 3765 2598 2902 2598 5747 2598 3242 2599 3241 2599 5303 2599 439 2600 441 2600 8113 2600 6041 8 8114 8 7116 8 2849 2601 6925 2601 389 2601 1793 1 1621 1 7189 1 6782 1 6597 1 8026 1 102 2602 7296 2602 100 2602 3355 5 1723 5 3353 5 7845 2603 963 2603 8019 2603 6205 0 4687 0 8115 0 7866 2604 1666 2604 7954 2604 1244 5 1243 5 7318 5 8116 2605 7885 2605 7884 2605 7704 2606 8117 2606 8047 2606 7777 2607 8118 2607 8047 2607 7652 0 7651 0 8119 0 8119 2608 6291 2608 77 2608 8120 0 8121 0 8122 0 7755 2609 8122 2609 2053 2609 7754 0 4130 0 8123 0 4129 0 4390 0 4389 0 4129 0 994 0 993 0 8124 9 2512 9 2511 9 7556 2610 4038 2610 4037 2610 2324 2611 2473 2611 8125 2611 2324 0 2323 0 2062 0 12 1 14 1 8077 1 4500 8 2862 8 2861 8 4988 0 4181 0 4989 0 4990 2612 7357 2612 4988 2612 8126 2613 4703 2613 716 2613 8127 2614 6698 2614 8128 2614 4457 2615 4458 2615 2404 2615 2403 5 8129 5 2404 5 2269 2616 8130 2616 39 2616 2269 5 2270 5 5681 5 8131 0 8132 0 7961 0 3074 5 2037 5 5438 5 8133 5 956 5 7798 5 7293 5 2171 5 7627 5 7692 5 8134 5 7930 5 6850 2617 3726 2617 5111 2617 5999 2618 7254 2618 2924 2618 8080 1 7924 1 7923 1 6861 2619 8135 2619 5104 2619 1243 5 6099 5 7319 5 8136 2620 8137 2620 7082 2620 8138 2621 168 2621 7032 2621 7033 1 5933 1 5932 1 1116 5 848 5 2790 5 2718 164 5793 164 3286 164 943 2622 942 2622 1849 2622 7500 2623 5180 2623 2095 2623 7031 9 7345 9 7029 9 5159 0 5579 0 21 0 3414 2624 7760 2624 5852 2624 6694 0 5012 0 1661 0 1660 2625 5127 2625 8139 2625 3791 1 176 1 175 1 4248 2626 4501 2626 2861 2626 8140 1 5137 1 8141 1 8141 1 8142 1 8143 1 5278 2627 8060 2627 5232 2627 8144 0 5471 0 5470 0 2359 2628 2356 2628 2355 2628 6307 2629 4586 2629 2354 2629 8145 164 555 164 5845 164 3009 0 1853 0 5756 0 4427 2630 5358 2630 4426 2630 5126 0 5128 0 7712 0 8146 1 8147 1 1727 1 7924 1 8080 1 8079 1 2916 2631 8148 2631 7245 2631 2916 8 2918 8 3461 8 6493 164 8149 164 6482 164 6370 2632 6462 2632 8150 2632 8151 2633 6126 2633 5262 2633 6622 0 8144 0 5470 0 3084 0 3708 0 6670 0 6697 2634 8152 2634 8128 2634 8153 2635 8154 2635 5964 2635 7715 1 309 1 343 1 8092 2636 5789 2636 8155 2636 5436 2637 6335 2637 5434 2637 2135 5 2133 5 2183 5 1829 2638 8156 2638 7160 2638 8157 0 8158 0 7963 0 8159 2639 8160 2639 3764 2639 2565 2640 6856 2640 373 2640 504 2641 503 2641 6965 2641 8161 2642 6647 2642 8162 2642 4892 5 1531 5 3806 5 1888 2643 7252 2643 1430 2643 7767 2644 8163 2644 946 2644 2370 2645 5868 2645 2371 2645 3279 1 965 1 964 1 1846 0 7417 0 1525 0 8164 2646 8165 2646 3815 2646 1324 2647 7339 2647 1325 2647 98 2648 8166 2648 1606 2648 8167 1 3500 1 3502 1 8168 2649 5163 2649 4051 2649 4266 2650 7687 2650 7395 2650 2017 9 1589 9 7395 9 7966 5 2714 5 4120 5 7967 5 2714 5 2711 5 4723 2651 1823 2651 4724 2651 7966 5 2768 5 2767 5 2481 2652 3167 2652 5794 2652 8169 164 2637 164 2636 164 2743 8 2742 8 7425 8 4634 8 4704 8 2743 8 7398 2653 8170 2653 788 2653 8171 0 5411 0 8172 0 7629 1 8173 1 7628 1 13 1 18 1 4185 1 2239 8 8174 8 5333 8 2854 2654 8117 2654 7420 2654 8175 2655 2854 2655 2853 2655 8176 8 6057 8 6056 8 8177 2656 3416 2656 7245 2656 5786 0 5788 0 7426 0 7428 0 5069 0 5786 0 1521 2657 3332 2657 8017 2657 2996 5 914 5 8178 5 5137 2658 8140 2658 4510 2658 1538 2659 614 2659 1539 2659 8174 8 2239 8 2238 8 7427 0 7303 0 8179 0 2005 2660 2004 2660 4742 2660 2005 2661 4352 2661 8180 2661 2008 8 2010 8 2009 8 7587 2662 2008 2662 4487 2662 2112 0 8181 0 1448 0 2043 2663 4776 2663 8182 2663 4089 2664 5818 2664 5817 2664 8183 2665 8184 2665 3204 2665 8082 2666 8131 2666 8083 2666 7233 2667 8185 2667 2646 2667 8185 8 2868 8 7331 8 7433 0 3491 0 3138 0 8186 2668 7959 2668 7960 2668 4932 2669 8187 2669 3066 2669 7107 1 8188 1 7381 1 47 9 8189 9 6875 9 4133 9 4043 9 4131 9 8190 2670 2644 2670 2643 2670 8191 2671 3425 2671 2647 2671 2386 8 8192 8 2387 8 6766 8 1707 8 1752 8 8193 9 8194 9 7542 9 2984 2672 2006 2672 8195 2672 7387 164 8196 164 6491 164 2143 2673 8197 2673 6280 2673 4738 2674 2496 2674 4487 2674 4789 8 7608 8 8198 8 3029 9 3030 9 4038 9 6342 2675 8199 2675 6686 2675 2245 2676 6994 2676 6118 2676 6666 0 8200 0 6314 0 8049 2677 1956 2677 5815 2677 3075 2678 7420 2678 6220 2678 8172 0 5411 0 7712 0 5120 5 5121 5 8201 5 7350 5 2146 5 5120 5 2753 2679 2601 2679 2600 2679 6411 0 7491 0 7792 0 7780 1 4210 1 8098 1 1956 1 8049 1 1992 1 1277 2680 1279 2680 8202 2680 2694 1 8203 1 8204 1 4134 2681 4136 2681 7672 2681 3225 2682 8205 2682 7673 2682 8206 1 8207 1 131 1 851 1 2822 1 852 1 5330 1159 8208 1159 8209 1159 7485 1 5503 1 1631 1 6498 1 3526 1 8019 1 3077 2683 6096 2683 4620 2683 8210 2684 3035 2684 3034 2684 5894 1 8211 1 5408 1 609 2685 8212 2685 6661 2685 2951 2686 2950 2686 7233 2686 8213 8 3451 8 3450 8 8214 8 2600 8 7314 8 8214 2687 2505 2687 2751 2687 5086 0 4174 0 4173 0 7942 8 6839 8 6090 8 1891 1 1890 1 5914 1 4530 1 3793 1 8215 1 8216 2688 6124 2688 6123 2688 7226 2689 8216 2689 8217 2689 4111 164 8218 164 8219 164 7389 164 8220 164 6642 164 1976 8 752 8 751 8 6175 8 1976 8 1975 8 7432 0 2979 0 4553 0 8221 1750 2336 1750 2335 1750 8222 2690 3360 2690 2339 2690 8223 2691 7675 2691 51 2691 5720 2692 7839 2692 6368 2692 7150 2693 1884 2693 1883 2693 2504 8 8224 8 7442 8 2504 2694 2506 2694 4902 2694 6621 8 3823 8 3822 8 602 0 601 0 2764 0 6044 9 4904 9 5696 9 3035 9 6044 9 6043 9 8225 5 8226 5 5140 5 8225 5 4765 5 2042 5 4982 2695 8213 2695 7408 2695 4982 8 4901 8 3451 8 8227 8 8228 8 8229 8 8230 2696 2755 2696 7408 2696 4560 2697 7641 2697 8231 2697 4346 1 177 1 5799 1 3000 2698 4080 2698 3001 2698 8232 8 4983 8 3443 8 8232 2699 7443 2699 7442 2699 8233 2700 2338 2700 6153 2700 8233 2701 2733 2701 7498 2701 8234 2702 2917 2702 2601 2702 8234 2703 7446 2703 7445 2703 8103 0 5556 0 8235 0 6652 2704 7973 2704 8236 2704 3809 0 4249 0 5823 0 3809 2705 8237 2705 6543 2705 8238 8 3442 8 7400 8 8238 8 5019 8 3417 8 672 2706 2756 2706 2755 2706 3418 2707 3443 2707 3442 2707 2869 2708 6192 2708 6190 2708 6192 8 2952 8 2759 8 2905 8 2871 8 2747 8 8239 2709 3454 2709 2874 2709 8240 2710 7946 2710 8070 2710 5229 5 8241 5 5230 5 8242 8 674 8 7341 8 8242 2711 2873 2711 2756 2711 8243 0 7679 0 8244 0 6388 2712 7919 2712 2412 2712 2921 2713 2503 2713 2502 2713 2506 2714 3422 2714 2501 2714 3278 1 964 1 4150 1 4151 2715 5937 2715 4149 2715 588 5 7373 5 4471 5 8245 5 4472 5 4471 5 1494 2716 2384 2716 2383 2716 8109 2717 3383 2717 3382 2717 2728 2718 2731 2718 2730 2718 8246 8 4245 8 4244 8 8247 9 3032 9 3030 9 8210 2719 4905 2719 4904 2719 7404 8 2683 8 2919 8 7405 8 7404 8 2502 8 6603 2720 8248 2720 6558 2720 7135 1 62 1 8249 1 1205 5 3181 5 3355 5 7782 2721 462 2721 461 2721 7670 2722 1941 2722 1940 2722 1660 0 8139 0 530 0 5283 1 1558 1 8250 1 8251 0 711 0 8252 0 2762 2723 2759 2723 2758 2723 8224 2724 4902 2724 4901 2724 8253 428 7497 428 7496 428 7497 2725 7548 2725 7547 2725 2988 1 8254 1 6623 1 2988 1 1290 1 1289 1 7796 9 6453 9 6452 9 8255 2726 6663 2726 668 2726 5475 0 7437 0 4467 0 3161 1 176 1 3162 1 1970 1 5799 1 3161 1 7581 2727 7352 2727 7351 2727 4457 5 2404 5 7273 5 3698 9 4153 9 7104 9 5471 2728 8256 2728 5469 2728 8175 2729 2853 2729 8041 2729 8088 2730 7742 2730 844 2730 8257 2731 4439 2731 6115 2731 7435 2732 2900 2732 2915 2732 8258 8 3465 8 2918 8 7201 8 8259 8 3444 8 7993 2733 6758 2733 1633 2733 4160 2734 8173 2734 6533 2734 6103 1 3756 1 7628 1 2062 0 2323 0 8260 0 2324 0 2062 0 2061 0 8261 2735 8262 2735 2944 2735 6382 164 8263 164 6767 164 8264 760 7474 760 4236 760 8265 2736 4238 2736 4237 2736 7446 8 2753 8 2752 8 7443 2737 3418 2737 2752 2737 8266 2738 8267 2738 4079 2738 5940 0 5938 0 6536 0 1385 5 1384 5 1580 5 5140 2739 8226 2739 8268 2739 8225 5 5140 5 4766 5 5018 2740 8258 2740 7445 2740 5018 8 4244 8 3465 8 5942 2741 8269 2741 2222 2741 1397 2742 2451 2742 2734 2742 7900 2743 8111 2743 8095 2743 7925 2744 1016 2744 256 2744 8270 518 2434 518 2433 518 7937 2745 3405 2745 3404 2745 5793 164 3520 164 3286 164 8271 1162 2430 1162 2429 1162 6823 2746 8272 2746 6824 2746 1488 2747 7476 2747 7559 2747 2589 2748 2591 2748 7559 2748 2760 8 6183 8 6181 8 6183 8 2758 8 2503 8 7629 1 7448 1 8273 1 3297 2749 5347 2749 3298 2749 5162 2750 2486 2750 2488 2750 1929 2751 7194 2751 7524 2751 4613 2752 2957 2752 2926 2752 8274 1259 3455 1259 8275 1259 3455 2753 2935 2753 2955 2753 8276 2009 5694 2009 7452 2009 7439 1 8277 1 8278 1 6759 1 7439 1 8279 1 4511 1 8140 1 8280 1 3503 164 7376 164 8281 164 4115 2754 6071 2754 6070 2754 3419 2755 6071 2755 6181 2755 7143 2756 2549 2756 7580 2756 7143 164 5595 164 5594 164 1521 2757 1523 2757 3332 2757 5380 0 7532 0 3104 0 8102 2758 5380 2758 5379 2758 7542 9 7541 9 8193 9 3899 2759 1186 2759 8096 2759 6485 2760 8149 2760 6494 2760 8282 0 8184 0 7243 0 3130 2761 8283 2761 7700 2761 8284 5 6798 5 3132 5 3437 2762 6139 2762 6138 2762 4113 2763 6139 2763 6190 2763 1760 5 7826 5 7855 5 3517 2764 6723 2764 3518 2764 2891 8 8285 8 5983 8 2891 2765 2539 2765 2923 2765 8286 2766 6003 2766 6001 2766 2909 2767 6003 2767 6063 2767 340 2768 7230 2768 711 2768 2723 2769 2720 2769 5974 2769 2898 2770 5981 2770 5979 2770 5981 2771 7435 2771 2731 2771 4243 2772 4521 2772 3466 2772 2514 2773 2513 2773 3435 2773 3434 2774 2513 2774 6001 2774 2520 2775 3438 2775 5984 2775 2521 2776 2520 2776 5146 2776 2813 2777 2812 2777 6014 2777 7628 1 8173 1 4160 1 2907 2778 2685 2778 4508 2778 2907 8 2675 8 2913 8 2742 2779 5994 2779 7425 2779 2745 8 2747 8 7425 8 8287 5 283 5 8288 5 7831 2780 7636 2780 5103 2780 8289 2781 5977 2781 5975 2781 2914 2782 5977 2782 7359 2782 4847 2783 8274 2783 8290 2783 4847 8 4265 8 8291 8 2906 2784 2803 2784 5995 2784 8292 2785 434 2785 436 2785 8293 2786 8294 2786 8295 2786 8294 2787 2924 2787 7254 2787 2829 8 8295 8 6004 8 2830 2788 2829 2788 2896 2788 8292 2789 6910 2789 8296 2789 8297 2790 4534 2790 5991 2790 2929 8 2896 8 6034 8 2930 2791 2929 2791 3438 2791 2926 2792 2957 2792 3424 2792 4613 2793 2926 2793 2925 2793 1405 5 1404 5 7856 5 3455 8 8274 8 8298 8 2618 2794 6006 2794 5190 2794 4155 8 2698 8 3429 8 2863 2795 8299 2795 5095 2795 8300 2796 5097 2796 5096 2796 8190 2797 2664 2797 2663 2797 2659 8 3427 8 3426 8 8001 2798 2857 2798 2856 2798 2797 8 4601 8 4600 8 2884 8 6023 8 6022 8 8301 2799 6023 2799 6035 2799 2535 2800 8302 2800 6033 2800 2535 8 2537 8 2540 8 2544 8 2543 8 6030 8 2544 8 2546 8 2541 8 8303 8 5992 8 2726 8 8303 8 2730 8 2871 8 3457 2801 8304 2801 6015 2801 3457 2802 3459 2802 2890 2802 8305 2803 6008 2803 6007 2803 3432 2804 6008 2804 6035 2804 2509 2775 2508 2775 6012 2775 5441 2805 1354 2805 5277 2805 2893 8 5146 8 6031 8 2894 2806 2893 2806 3445 2806 5145 2807 2525 2807 5979 2807 6028 2808 3464 2808 6025 2808 8306 2809 6028 2809 6027 2809 2888 2776 2887 2776 8307 2776 8308 8 2887 8 6022 8 3447 2810 6068 2810 6067 2810 4756 2811 6068 2811 6196 2811 2493 2812 7538 2812 8309 2812 8310 2813 8092 2813 8311 2813 8312 2814 1821 2814 1820 2814 5495 0 481 0 5780 0 8313 1 8314 1 8315 1 8316 0 4864 0 4863 0 4505 2815 3390 2815 7509 2815 4505 2816 4507 2816 3389 2816 8221 2817 2328 2817 2327 2817 8317 2818 3362 2818 3361 2818 8275 2819 8290 2819 8274 2819 4847 2820 8290 2820 4846 2820 8294 2821 8293 2821 2959 2821 536 2822 8318 2822 7174 2822 2394 2823 7121 2823 652 2823 2872 2824 8246 2824 7400 2824 2872 8 2874 8 4245 8 1029 2825 6868 2825 1030 2825 4442 5 4456 5 4455 5 4670 0 3327 0 3329 0 4670 0 4669 0 3326 0 8319 1 6882 1 7126 1 5899 1 5841 1 8320 1 5502 2826 1065 2826 8154 2826 7181 0 6908 0 8321 0 2772 2827 2798 2827 2766 2827 2712 2828 2713 2828 2798 2828 8322 601 8323 601 2563 601 8323 2829 2772 2829 2564 2829 2778 2830 2701 2830 2776 2830 4155 599 2702 599 2701 599 2775 1019 6042 1019 2773 1019 6042 618 2778 618 2777 618 6149 2831 2677 2831 8324 2831 2134 601 2678 601 2677 601 8325 625 8326 625 8300 625 8326 1019 2661 1019 2660 1019 8324 2832 8327 2832 6149 2832 8327 2833 2622 2833 2621 2833 4213 2832 2623 2832 2780 2832 5604 2834 5603 2834 5912 2834 8328 601 2791 601 7968 601 2678 2835 2134 2835 2791 2835 7968 626 2711 626 8328 626 2713 601 2712 601 2711 601 8300 1019 6885 1019 8325 1019 6885 1131 2634 1131 2633 1131 2956 2836 4262 2836 2957 2836 2634 2837 4513 2837 2632 2837 4538 2838 884 2838 7193 2838 8329 1019 2796 1019 4155 1019 7556 9 8330 9 8331 9 2797 1019 4658 1019 2795 1019 2563 2839 2937 2839 8322 2839 2771 2833 2770 2833 2938 2833 3052 0 538 0 3053 0 2935 2840 4526 2840 2936 2840 8037 2841 8036 2841 8332 2841 8333 1 1843 1 1842 1 7533 0 351 0 350 0 7719 0 8334 0 7717 0 5141 154 2804 154 2906 154 8040 0 4254 0 25 0 581 1 2832 1 582 1 3445 2842 2515 2842 2894 2842 2389 1 8335 1 2390 1 5146 2843 2895 2843 2521 2843 8336 1 8337 1 8338 1 8312 1 8339 1 2816 1 8294 2844 2959 2844 2924 2844 8295 2845 2831 2845 8293 2845 6490 1 5414 1 8340 1 4659 2846 2507 2846 2509 2846 4097 0 2824 0 2826 0 3118 0 4263 0 603 0 2837 2846 4241 2846 4243 2846 4529 2847 2523 2847 2525 2847 601 0 7899 0 5480 0 2805 2848 4528 2848 4534 2848 1983 0 8341 0 1984 0 2896 652 2931 652 2830 652 2486 1 6385 1 6384 1 8342 1 1176 1 8343 1 3438 2849 2522 2849 2930 2849 8344 1 5345 1 5346 1 1929 0 882 0 7630 0 3435 2850 2889 2850 2514 2850 4593 2847 2811 2847 2813 2847 8003 0 4096 0 7944 0 8345 2851 5266 2851 5268 2851 3455 154 2955 154 8275 154 3336 0 2765 0 6080 0 3532 164 3531 164 5433 164 3532 2852 4630 2852 600 2852 6636 5 5585 5 6802 5 4405 5 1383 5 1382 5 6569 5 8346 5 6568 5 4166 0 8347 0 8348 0 6523 0 4166 0 4167 0 4897 0 4896 0 5787 0 3317 164 3286 164 3519 164 8349 164 6052 164 7787 164 4377 0 7343 0 7164 0 5600 2853 8350 2853 5601 2853 4744 2854 6064 2854 6063 2854 6064 8 6333 8 3441 8 5141 2855 2906 2855 3452 2855 3191 2856 8351 2856 2078 2856 2829 2786 2831 2786 8295 2786 3794 2857 8352 2857 8353 2857 932 1 8354 1 8355 1 1494 2858 8356 2858 1495 2858 8317 2859 3385 2859 3384 2859 1105 1 3753 1 1103 1 8280 1 1955 1 3754 1 8311 1 8357 1 8310 1 4645 2860 4644 2860 8358 2860 1716 8 7130 8 8359 8 6823 2861 8360 2861 8272 2861 8361 2862 2653 2862 2652 2862 8362 1763 4117 1763 4116 1763 8363 2863 8364 2863 6484 2863 8365 1 718 1 7282 1 2950 8 2869 8 2868 8 6189 2864 3449 2864 2867 2864 6226 8 4057 8 8366 8 8367 2865 5512 2865 5513 2865 7996 2866 2684 2866 2683 2866 6333 2867 4745 2867 2682 2867 6191 2868 2762 2868 2761 2868 6180 2869 4114 2869 2761 2869 8264 2870 2598 2870 2597 2870 8368 2871 4730 2871 4729 2871 8361 1368 2650 1368 2649 1368 8368 2872 4695 2872 4694 2872 1798 2873 2225 2873 8369 2873 6507 2874 7684 2874 8370 2874 8270 483 2428 483 2427 483 8371 2875 3407 2875 3406 2875 8372 0 8373 0 8374 0 596 0 3126 0 597 0 2154 0 887 0 889 0 1574 2876 8375 2876 2154 2876 6182 2877 2921 2877 2920 2877 6195 2878 3420 2878 2920 2878 3224 2879 6823 2879 6825 2879 3224 1 3225 1 1429 1 3253 2880 622 2880 1604 2880 7167 2881 8376 2881 8377 2881 8378 0 8379 0 3306 0 8380 0 8378 0 3306 0 6065 2882 2543 2882 2542 2882 6066 2883 4745 2883 2542 2883 5083 164 8381 164 637 164 8382 164 8383 164 6650 164 3208 2884 3206 2884 547 2884 3208 2885 5109 2885 362 2885 8384 2886 6300 2886 6288 2886 2346 2887 2345 2887 6288 2887 8385 2888 6257 2888 6235 2888 4093 2889 2445 2889 6235 2889 8386 2890 3368 2890 3367 2890 8387 2891 4085 2891 3378 2891 8388 2892 6232 2892 6230 2892 6232 2893 3412 2893 6234 2893 2803 2894 8297 2894 5995 2894 2904 2895 2746 2895 5995 2895 5976 2896 2900 2896 2899 2896 5978 2897 2524 2897 2899 2897 3379 2898 3409 2898 6253 2898 3379 2899 3381 2899 3408 2899 5980 2900 2728 2900 2727 2900 5990 2901 4527 2901 2727 2901 2670 2902 2529 2902 6270 2902 2529 2903 6836 2903 2530 2903 4602 2904 8389 2904 6244 2904 4602 2905 2350 2905 2593 2905 8390 8 4352 8 4743 8 8390 2906 2010 2906 2003 2906 7966 2907 4120 2907 1029 2907 4120 2908 2117 2908 6868 2908 2668 2909 8391 2909 6240 2909 2668 2910 2363 2910 2588 2910 6268 2911 2355 2911 2736 2911 2357 1157 6268 1157 6266 1157 8392 2912 6255 2912 2340 2912 8393 483 2750 483 2749 483 5500 2913 3399 2913 6258 2913 5501 2914 5500 2914 4547 2914 8394 2915 6017 2915 2664 2915 8394 2916 2643 2916 7338 2916 8395 8 2856 8 6006 8 8395 2917 2617 2917 2860 2917 2685 8 2913 8 2912 8 3433 8 3441 8 3440 8 8396 2918 2721 2918 6012 2918 8396 2919 2881 2919 6015 2919 8397 8 2583 8 2582 8 8304 8 2890 8 2722 8 590 164 6594 164 6705 164 6712 164 8398 164 6677 164 5717 0 2113 0 2607 0 2039 2920 3206 2920 638 2920 2564 601 2563 601 8323 601 2564 5 2766 5 6856 5 2767 2921 2766 2921 2798 2921 7966 5 2767 5 2713 5 4264 8 2742 8 7131 8 4264 2922 3453 2922 5994 2922 8383 164 6643 164 6649 164 7808 164 7271 164 8399 164 8400 0 6694 0 8401 0 6704 2923 8402 2923 577 2923 1066 2924 2114 2924 7486 2924 585 164 8403 164 586 164 2777 1019 2773 1019 6042 1019 2571 164 4610 164 548 164 4611 164 5142 164 542 164 2700 2830 2776 2830 2701 2830 1604 2925 668 2925 6663 2925 6709 2926 8404 2926 6690 2926 1524 2927 1469 2927 1471 2927 6042 8 2775 8 6040 8 5939 2928 8405 2928 2081 2928 2701 8 2778 8 2699 8 2568 8 2567 8 5263 8 2568 2929 2982 2929 6077 2929 6078 2930 6290 2930 4844 2930 6290 2931 6127 2931 8406 2931 2725 8 8289 8 6011 8 4520 2932 4522 2932 6011 2932 2704 2933 2703 2933 5468 2933 2704 164 3210 164 628 164 8404 164 6705 164 6594 164 1598 2934 1597 2934 8407 2934 6707 2935 7599 2935 8408 2935 6688 2936 8402 2936 580 2936 4552 8 3462 8 8306 8 4383 2937 4552 2937 6302 2937 3463 8 3392 8 6026 8 3391 2938 3463 2938 6266 2938 2709 2939 4087 2939 6284 2939 2381 2940 2531 2940 2709 2940 2674 8 4191 8 8305 8 8409 2941 2674 2941 6270 2941 2676 626 8324 626 2677 626 6685 164 7358 164 8410 164 2561 2537 2560 2537 6241 2537 2561 8 3163 8 3164 8 2660 599 8300 599 8326 599 2660 8 3426 8 5097 8 2677 5 6149 5 7242 5 8354 1 5712 1 8411 1 2657 164 4607 164 2658 164 4137 8 2639 8 8301 8 4137 1014 4191 1014 6285 1014 7450 164 8412 164 5224 164 4048 5 8413 5 4049 5 3371 780 2127 780 6247 780 3371 2942 3999 2942 2126 2942 5913 2943 1767 2943 8414 2943 5848 0 5716 0 5715 0 2621 2832 6149 2832 8327 2832 6150 2944 2621 2944 6148 2944 553 2945 8145 2945 6210 2945 2633 2946 8325 2946 6885 2946 5167 164 8349 164 7787 164 3064 2947 1442 2947 3062 2947 2630 2948 1237 2948 6243 2948 825 2949 2630 2949 8415 2949 4262 2950 2632 2950 4513 2950 8416 5 642 5 644 5 2640 8 8307 8 8308 8 8417 2951 2640 2951 6294 2951 2623 5 4213 5 412 5 2623 1134 2620 1134 2779 1134 5471 2952 8418 2952 7915 2952 1400 2953 7267 2953 1398 2953 2365 2954 6274 2954 6272 2954 6274 2955 7594 2955 6837 2955 2691 2956 6278 2956 6276 2956 2368 2957 6278 2957 7552 2957 8419 2958 2859 2958 2644 2958 8419 2959 2663 2959 2857 2959 6002 2960 2886 2960 2885 2960 6021 2961 3435 2961 2885 2961 3934 2962 298 2962 2180 2962 6683 2963 8420 2963 6710 2963 557 2964 556 2964 8421 2964 4373 2965 3527 2965 558 2965 8422 1750 6264 1750 6263 1750 8423 2966 6264 2966 6296 2966 2136 593 7968 593 2791 593 2136 2967 2135 2967 2183 2967 7967 5 2711 5 7968 5 4056 8 3096 8 8366 8 6714 164 8420 164 6684 164 2710 2968 8328 2968 2711 2968 6680 2969 8398 2969 6713 2969 3387 2537 3163 2537 6251 2537 3387 8 2001 8 2003 8 8424 8 8425 8 4353 8 8424 2970 6259 2970 3398 2970 560 164 8426 164 561 164 5143 164 8427 164 627 164 517 0 884 0 886 0 4658 8 4600 8 3427 8 4658 2971 2659 2971 2788 2971 8329 8 3429 8 4601 8 8329 625 2797 625 2796 625 5762 2972 5997 2972 5996 2972 3363 2973 5997 2973 6272 2973 4594 8 5149 8 5761 8 5148 2974 4594 2974 6276 2974 2360 609 8428 609 6246 609 6228 579 2360 579 2362 579 8429 2975 2897 2975 46 2975 8429 2976 2536 2976 6034 2976 8430 2977 5147 2977 5983 2977 8430 2978 2545 2978 6031 2978 6297 2979 4722 2979 6237 2979 8431 2980 6297 2980 6296 2980 7868 2981 2553 2981 611 2981 8432 164 8433 164 7822 164 3250 2982 8434 2982 612 2982 7948 2983 8435 2983 6733 2983 8436 2984 6279 2984 6238 2984 2605 2985 2442 2985 6238 2985 8204 2986 8203 2986 6598 2986 8437 2987 2378 2987 2377 2987 8438 2988 2615 2988 2614 2988 2435 2989 8439 2989 6250 2989 2435 2990 2437 2990 2440 2990 6036 2991 2886 2991 2910 2991 6062 8 3433 8 2910 8 8397 2992 6025 2992 6019 2992 8440 5 5745 5 8441 5 6679 164 4493 164 6687 164 6464 2993 3749 2993 8442 2993 3396 2994 2567 2994 6298 2994 3395 2995 822 2995 5738 2995 2770 2839 8322 2839 2937 2839 1503 164 6702 164 7734 164 4168 2996 4899 2996 5310 2996 2937 5 2563 5 3763 5 3529 2997 2570 2997 550 2997 3472 0 5067 0 8443 0 4526 2998 3456 2998 6354 2998 4526 617 2775 617 2774 617 6287 8 3458 8 6014 8 3364 2999 6287 2999 6286 2999 2555 3000 4087 3000 4086 3000 2555 3001 2353 3001 6295 3001 3288 3002 3287 3002 7579 3002 3288 2982 5087 2982 571 2982 2543 3003 8286 3003 6030 3003 4408 3004 3446 3004 6030 3004 8444 3005 2892 3005 5984 3005 8444 3006 3439 3006 6033 3006 3671 3007 8218 3007 569 3007 8435 164 5526 164 5525 164 8445 0 1638 0 1637 0 2805 3008 4534 3008 2803 3008 4203 1 5921 1 1913 1 2929 3009 2931 3009 2896 3009 2579 3010 6304 3010 6302 3010 2356 3011 6304 3011 6305 3011 3211 164 5109 164 544 164 272 3012 6979 3012 6967 3012 2107 3013 223 3013 8446 3013 7817 1 7819 1 2075 1 8285 3014 2923 3014 2546 3014 6069 3015 3420 3015 2922 3015 3779 5 3778 5 8447 5 2967 5 1244 5 7318 5 1774 5 1776 5 7272 5 3240 3016 8448 3016 8449 3016 79 3017 3881 3017 80 3017 5104 5 6331 5 6330 5 3998 8 2465 8 6171 8 3998 8 2562 8 2466 8 5903 3018 5557 3018 8450 3018 8451 3019 4942 3019 306 3019 4942 8 1972 8 6780 8 4228 3020 1297 3020 8452 3020 4849 3021 4848 3021 8453 3021 6778 5 4848 5 4515 5 1012 8 2228 8 1009 8 4825 3022 4822 3022 4943 3022 8454 3023 4978 3023 3036 3023 4977 5 38 5 37 5 8455 3024 8456 3024 8457 3024 6099 3025 1243 3025 6730 3025 3919 3026 8458 3026 3920 3026 4778 3027 3039 3027 3038 3027 7934 5 3039 5 7935 5 4837 3028 3509 3028 4146 3028 3509 5 2789 5 849 5 1308 3029 8459 3029 1309 3029 5919 8 5918 8 8460 8 3894 3030 4731 3030 8461 3030 8099 3031 8100 3031 8462 3031 776 3032 1559 3032 1561 3032 4773 3033 4772 3033 8288 3033 6910 9 8292 9 8463 9 2965 3034 4908 3034 8464 3034 4923 3035 4922 3035 6791 3035 4922 3036 4935 3036 4937 3036 4737 3037 8465 3037 4738 3037 8465 8 4735 8 2497 8 8225 3038 4766 3038 4765 3038 4766 3039 4772 3039 8466 3039 8467 0 5272 0 8468 0 4359 3040 3099 3040 7195 3040 8469 3041 8470 3041 8471 3041 1973 3042 4053 3042 7750 3042 8472 3043 4887 3043 4889 3043 8473 5 8474 5 5116 5 8475 3044 8476 3044 8477 3044 811 3045 7513 3045 6445 3045 4762 3046 644 3046 4757 3046 8416 5 5265 5 642 5 8478 3047 4742 3047 4798 3047 2005 3048 4742 3048 4743 3048 8479 3049 2007 3049 4740 3049 2008 3050 2007 3050 4738 3050 7361 3051 4759 3051 4758 3051 8480 3052 4759 3052 4764 3052 4799 3053 7211 3053 8481 3053 4799 3054 2469 3054 2468 3054 4763 3055 8482 3055 8416 3055 8482 5 3038 5 470 5 1469 3056 4858 3056 2415 3056 4874 3057 1849 3057 942 3057 3958 3058 4862 3058 8483 3058 8484 3059 8485 3059 8486 3059 7401 5 375 5 377 5 7973 3060 6652 3060 4832 3060 8487 3061 8488 3061 8489 3061 4856 5 4518 5 4516 5 8490 3062 4840 3062 7935 3062 4840 3063 5676 3063 1773 3063 8491 1 917 1 5422 1 1335 3064 7728 3064 7494 3064 3996 3065 4732 3065 8492 3065 1191 3066 1649 3066 1192 3066 444 3067 3079 3067 6128 3067 1083 3068 3312 3068 6692 3068 8493 3069 1748 3069 2234 3069 2839 3070 3065 3070 8494 3070 3904 3071 4965 3071 8495 3071 4054 3072 2165 3072 2167 3072 8496 3073 4836 3073 4835 3073 255 5 8497 5 7925 5 4812 3074 4806 3074 3694 3074 4914 3075 675 3075 4929 3075 4914 5 4911 5 4491 5 4939 8 306 8 1028 8 8498 3076 4939 3076 4935 3076 1432 0 1887 0 1430 0 2136 5 2183 5 2185 5 6495 3077 8196 3077 7388 3077 6698 0 8499 0 6480 0 8302 8 2540 8 2539 8 6137 3078 4114 3078 2538 3078 5501 3079 1909 3079 5059 3079 68 3080 4828 3080 66 3080 3885 3081 6959 3081 6945 3081 8500 8 8501 8 7500 8 8500 3082 3715 3082 5678 3082 4494 3083 8502 3083 7516 3083 4494 3084 4496 3084 3386 3084 6363 1 7705 1 6337 1 90 3085 3889 3085 93 3085 137 1956 3913 1956 138 1956 3060 5 7737 5 8503 5 3060 5 8504 5 7737 5 2448 3086 2425 3086 2424 3086 8371 3087 3394 3087 3393 3087 2672 3088 6837 3088 6836 3088 677 3089 676 3089 6392 3089 1922 3090 5802 3090 6121 3090 1922 5 1921 5 5522 5 2142 3091 2141 3091 2443 3091 8362 3092 4119 3092 4118 3092 8472 8 2266 8 4887 8 2266 3093 4379 3093 6541 3093 7257 0 8505 0 6312 0 7277 5 7967 5 2249 5 1405 5 7856 5 7826 5 7396 5 1759 5 1761 5 8506 3094 2739 3094 2336 3094 8506 3095 2327 3095 7509 3095 8507 3096 5409 3096 8508 3096 2244 9 6994 9 2245 9 7915 3097 8256 3097 5471 3097 5363 8 8509 8 8510 8 4529 1138 2525 1138 4527 1138 1950 1 5555 1 1948 1 2520 3098 2522 3098 3438 3098 3470 0 3469 0 8511 0 3470 0 4025 0 5609 0 8007 1 3946 1 5408 1 7633 1 3536 1 734 1 5283 1 8250 1 8512 1 8259 3099 3431 3099 3430 3099 8513 9 2511 9 4905 9 8513 9 3034 9 7090 9 7727 3100 6372 3100 6374 3100 8514 9 2246 9 6875 9 7553 3101 2693 3101 2737 3101 2740 3102 3390 3102 2737 3102 3070 3103 748 3103 6518 3103 423 8 1012 8 3071 8 2004 3104 4798 3104 4742 3104 4742 3105 8478 3105 4740 3105 3888 3106 6752 3106 7036 3106 4741 3107 4740 3107 2007 3107 4758 3108 4757 3108 644 3108 7228 3109 6824 3109 7685 3109 4765 3110 4764 3110 4759 3110 4759 3111 8480 3111 4757 3111 5790 1 8515 1 1337 1 8516 1 1866 1 1863 1 66 3112 4828 3112 67 3112 2837 2783 4243 2783 2524 2783 2893 3113 2895 3113 5146 3113 8517 8 8518 8 1548 8 8517 3114 3096 3114 4056 3114 7594 3115 2367 3115 2369 3115 4507 3116 4081 3116 2369 3116 8391 3117 2588 3117 2437 3117 8502 3118 3386 3118 2591 3118 3000 2690 3002 2690 8519 2690 8520 3119 8521 3119 7514 3119 2810 3120 8522 3120 8523 3120 6618 3121 8524 3121 8523 3121 8439 3122 2440 3122 2439 3122 4496 3123 4106 3123 2438 3123 8407 0 7225 0 7451 0 8078 1 8077 1 14 1 5908 3124 5909 3124 6673 3124 8525 1 8526 1 8527 1 2324 3125 2061 3125 2473 3125 5282 3126 1365 3126 1364 3126 7896 3127 8505 3127 7258 3127 1333 3128 6475 3128 1334 3128 7656 0 8528 0 7657 0 3912 3129 6978 3129 6988 3129 666 164 5562 164 8281 164 2846 3130 745 3130 5961 3130 1646 0 6093 0 6094 0 4659 3131 2509 3131 4242 3131 8529 3132 1629 3132 8080 3132 2513 3133 2515 3133 3445 3133 8530 5 3772 5 562 5 6387 3134 8531 3134 8010 3134 1121 3135 1123 3135 8532 3135 8067 3136 3858 3136 8533 3136 8534 0 1376 0 1375 0 8535 1 8112 1 5953 1 8038 1 1411 1 7141 1 9 1 5986 1 7920 1 8428 3137 2364 3137 2363 3137 1488 3138 7559 3138 1489 3138 4771 3139 8466 3139 4772 3139 4766 3140 8466 3140 4764 3140 8465 3141 4737 3141 4736 3141 8536 1 7575 1 8537 1 8538 3142 8481 3142 7211 3142 4799 3143 8481 3143 4798 3143 8482 3144 4763 3144 4779 3144 2028 5 2092 5 2026 5 6844 5 7642 5 8539 5 7360 3145 2725 3145 2724 3145 8148 8 3461 8 3460 8 2450 3146 8265 3146 7547 3146 2450 3147 2452 3147 4238 3147 1505 164 8248 164 1506 164 7533 3148 8540 3148 351 3148 8541 3149 8005 3149 1700 3149 4784 3150 6987 3150 6973 3150 1746 9 8542 9 6937 9 1049 5 8543 5 4490 5 8544 3151 3384 3151 6467 3151 8544 533 4506 533 3362 533 3172 0 832 0 8545 0 3172 3152 3174 3152 5213 3152 8546 3153 5121 3153 7877 3153 6351 5 5697 5 5122 5 7851 3154 8547 3154 7693 3154 4413 3155 6123 3155 8547 3155 2253 1 1254 1 5123 1 4593 3156 2813 3156 2508 3156 3542 0 2990 0 3540 0 2887 2788 2889 2788 3435 2788 5852 0 8548 0 4226 0 3523 3157 3404 3157 7476 3157 1360 1 6100 1 7904 1 3141 1 5922 1 2971 1 8549 3158 2590 3158 2434 3158 8549 3159 2427 3159 7516 3159 697 0 696 0 8018 0 697 3160 8550 3160 3709 3160 3396 8 5737 8 8551 8 2456 3161 5664 3161 2099 3161 5233 8 496 8 5279 8 7027 0 5212 0 5214 0 2219 3162 8532 3162 1123 3162 8552 164 6082 164 5546 164 739 8 741 8 7175 8 2822 1 851 1 8553 1 851 1 853 1 8554 1 3989 3163 3978 3163 398 3163 8555 3164 7063 3164 5686 3164 4381 3165 8556 3165 401 3165 1465 3166 7155 3166 7112 3166 2329 3167 6807 3167 6809 3167 8555 3168 7075 3168 7066 3168 4916 3169 4919 3169 397 3169 4910 3170 4769 3170 4909 3170 6791 3171 8557 3171 4923 3171 1293 0 4 0 3 0 3984 3172 3900 3172 383 3172 8558 3173 7057 3173 7044 3173 4970 3174 4421 3174 385 3174 5505 3175 7046 3175 7062 3175 8558 3176 7045 3176 5578 3176 4961 3177 4979 3177 382 3177 4961 3178 4954 3178 4956 3178 2165 3179 8559 3179 8560 3179 3987 3180 3904 3180 386 3180 3979 3181 3887 3181 368 3181 8561 3182 7049 3182 5217 3182 8562 3183 7067 3183 6784 3183 6571 3184 6514 3184 6513 3184 8562 3185 7055 3185 3993 3185 8561 3186 7065 3186 7052 3186 4775 3187 4915 3187 367 3187 4770 3188 4771 3188 4773 3188 8492 3189 2198 3189 3996 3189 8563 3190 2200 3190 2199 3190 4816 3191 8564 3191 799 3191 8565 3192 6950 3192 6964 3192 504 3193 3704 3193 347 3193 8566 3194 6965 3194 503 3194 8566 3195 6955 3195 1178 3195 354 3196 353 3196 8565 3196 4801 3197 4795 3197 4800 3197 4801 3198 3973 3198 346 3198 4146 3199 4839 3199 4837 3199 3976 3200 3951 3200 6334 3200 217 3201 8567 3201 5987 3201 8568 3202 6939 3202 6952 3202 6185 3203 502 3203 6125 3203 8569 3204 6953 3204 1905 3204 8569 3205 6943 3205 2032 3205 7578 1 8570 1 7577 1 2789 3206 4838 3206 4835 3206 3968 3207 3975 3207 335 3207 4808 3208 8571 3208 5918 3208 3974 3209 4819 3209 330 3209 1683 3210 3916 3210 317 3210 8572 3211 6980 3211 1682 3211 2125 3212 8573 3212 315 3212 8574 3213 6971 3213 2124 3213 8572 3214 6970 3214 2122 3214 8574 3215 6984 3215 1577 3215 8231 3216 8575 3216 4561 3216 3965 3217 3958 3217 318 3217 4870 3218 4875 3218 8576 3218 4867 3219 4886 3219 313 3219 1350 3220 1681 3220 303 3220 8577 3221 6968 3221 1349 3221 3884 3222 8578 3222 5893 3222 8579 0 8580 0 5362 0 8577 3223 6956 3223 3019 3223 8581 3224 6972 3224 1339 3224 4855 3225 4854 3225 8582 3225 3959 3226 8583 3226 305 3226 4876 3227 4833 3227 4881 3227 4860 3228 4866 3228 296 3228 2460 3229 3988 3229 280 3229 8584 3230 7073 3230 2459 3230 651 3231 4380 3231 289 3231 8585 3230 653 3230 652 3230 8584 3232 7085 3232 2330 3232 4935 3233 4924 3233 8498 3233 7156 9 7157 9 8586 9 1902 3234 8587 3234 1903 3234 4913 3235 4906 3235 4908 3235 4815 3236 262 3236 5646 3236 3284 3237 6962 3237 6974 3237 3706 3238 3911 3238 271 3238 8588 3239 6466 3239 3705 3239 8588 85 6967 85 6979 85 8589 9 8590 9 8591 9 7935 3240 4786 3240 8490 3240 3952 3241 3908 3241 266 3241 4793 3242 4792 3242 4797 3242 4793 3243 4795 3243 270 3243 4783 3244 8592 3244 5381 3244 8593 3245 6985 3245 8594 3245 3939 3246 8595 3246 245 3246 8596 3247 7010 3247 4964 3247 4431 3248 8597 3248 234 3248 4592 3249 7007 3249 5044 3249 3514 1106 4754 1106 239 1106 8598 3250 7037 3250 3513 3250 8596 3251 6990 3251 8208 3251 259 3252 5437 3252 8593 3252 8598 3253 7013 3253 7041 3253 2941 5 2943 5 6607 5 5769 3254 8599 3254 8600 3254 4429 3255 4780 3255 243 3255 3936 3256 8601 3256 238 3256 8416 3257 644 3257 4763 3257 8602 3258 3729 3258 6624 3258 3944 3259 4751 3259 235 3259 4464 3260 7619 3260 7618 3260 2007 3261 8479 3261 4737 3261 218 3262 217 3262 228 3262 3929 3263 219 3263 4358 3263 3931 3264 8603 3264 216 3264 8604 3265 6942 3265 8605 3265 5208 3266 229 3266 5732 3266 8604 3267 5732 3267 5731 3267 8453 3268 8496 3268 4849 3268 220 3269 3967 3269 221 3269 4824 3270 4807 3270 4812 3270 2207 5 6322 5 7569 5 1810 3271 2458 3271 200 3271 8606 3272 7083 3272 1809 3272 457 3273 2394 3273 203 3273 8607 0 5 0 4 0 5906 5 5905 5 8085 5 8606 3274 4190 3274 4189 3274 5845 164 904 164 7449 164 306 3275 4938 3275 8451 3275 8608 3276 43 3276 7119 3276 3923 3277 3983 3277 186 3277 8609 3278 7042 3278 3960 3278 179 3279 4423 3279 5054 3279 8610 3280 7020 3280 7048 3280 8609 3281 1426 3281 1425 3281 194 3282 152 3282 151 3282 174 3283 189 3283 172 3283 4724 3284 2847 3284 5561 3284 4992 3285 4991 3285 4993 3285 2638 5 1186 5 7393 5 3917 3286 8611 3286 165 3286 8612 3287 6996 3287 6224 3287 3920 3288 2123 3288 160 3288 8613 3289 6983 3289 8458 3289 8612 3290 6982 3290 8614 3290 2121 2103 276 2103 252 2103 4557 3291 4562 3291 4558 3291 4569 3292 3964 3292 163 3292 211 3293 292 3293 209 3293 6891 3294 6973 3294 6987 3294 3912 3295 3938 3295 141 3295 8615 3296 6988 3296 6978 3296 8615 3297 4386 3297 4385 3297 8215 1 5931 1 5930 1 3909 3298 3935 3298 146 3298 8482 3299 4779 3299 3038 3299 4103 0 7899 0 8341 0 562 3300 3772 3300 563 3300 3901 3301 604 3301 123 3301 8616 3302 7069 3302 7059 3302 4959 3303 4969 3303 126 3303 8617 3304 7061 3304 8618 3304 8616 3305 7060 3305 1183 3305 7232 8 8229 8 8228 8 4814 8 6719 8 4813 8 4950 3306 4933 3306 3066 3306 4053 3307 4963 3307 8619 3307 3905 3308 4944 3308 127 3308 8620 3309 7076 3309 7071 3309 109 3310 108 3310 8621 3310 3788 3311 3787 3311 107 3311 4417 2074 1182 2074 116 2074 8620 3312 5951 3312 5950 3312 4934 3313 4928 3313 677 3313 8621 3314 6408 3314 6407 3314 4945 3315 8622 3315 105 3315 1972 3316 4941 3316 4962 3316 3888 3317 4430 3317 93 3317 8623 3318 7036 3318 6752 3318 4755 3319 6506 3319 86 3319 8624 3320 7053 3320 7039 3320 8624 3321 7040 3321 7056 3321 8623 3320 7051 3320 250 3320 341 3322 7844 3322 7782 3322 5855 3323 1768 3323 1770 3323 2882 5 2217 5 2219 5 8465 3324 4736 3324 4735 3324 6341 3325 8625 3325 6342 3325 8626 3326 7195 3326 3099 3326 7619 5 4464 5 8627 5 8628 3327 6945 3327 6959 3327 3880 2106 1338 2106 83 2106 8628 3328 6961 3328 8629 3328 7975 3329 4850 3329 8630 3329 4834 3330 4823 3330 4825 3330 4827 3331 4859 3331 67 3331 463 3332 5930 3332 464 3332 5499 3333 465 3333 464 3333 8631 3334 4495 3334 3407 3334 8631 3335 3393 3335 7597 3335 4058 8 4057 8 8632 8 8633 0 2851 0 3193 0 2970 1 8634 1 8635 1 53 3336 55 3336 2971 3336 8313 1 7573 1 7572 1 7572 3337 959 3337 8314 3337 4467 0 8636 0 378 0 1410 1 1411 1 8272 1 4770 3338 4773 3338 4768 3338 8637 3339 6075 3339 4686 3339 4731 3340 2198 3340 8492 3340 3819 8 4089 8 3820 8 3039 3341 4786 3341 7935 3341 3879 3342 8629 3342 3880 3342 4793 3343 4797 3343 4794 3343 5427 3344 8638 3344 1586 3344 632 3345 679 3345 6616 3345 2526 8 7292 8 3436 8 7292 3346 4247 3346 3448 3346 2537 3347 2866 3347 2865 3347 3449 8 3437 8 3436 8 3172 0 8545 0 3173 0 2454 0 8347 0 7711 0 2453 0 7807 0 2454 0 564 5 3060 5 8503 5 8639 164 5493 164 5494 164 8640 0 4466 0 8641 0 4271 0 8640 0 4272 0 8142 1 4371 1 8642 1 947 164 946 164 8643 164 8644 3348 785 3348 8641 3348 2875 3349 7298 3349 3430 3349 7298 3350 4633 3350 7342 3350 3218 0 8645 0 5767 0 7918 0 3219 0 3108 0 4839 3351 4840 3351 8490 3351 5420 1 5673 1 2784 1 4801 3352 4800 3352 8646 3352 4910 3353 4909 3353 4907 3353 710 5 8288 5 283 5 4732 3354 393 3354 8647 3354 8048 1 1993 1 7705 1 8648 3355 8649 3355 1828 3355 8650 3356 8532 3356 8533 3356 4718 3357 8222 3357 7498 3357 4718 597 4237 597 3360 597 8651 3358 2597 3358 2328 3358 8651 3359 2335 3359 7474 3359 1613 3360 1615 3360 2551 3360 1394 3361 2265 3361 8442 3361 8652 3362 3287 3362 3301 3362 1778 5 6113 5 5850 5 7449 3363 904 3363 906 3363 6815 1 8653 1 8654 1 7447 1 7629 1 3113 1 8655 3364 8656 3364 6762 3364 8657 0 8658 0 8183 0 8659 3365 2550 3365 2549 3365 3884 3366 6959 3366 3885 3366 2046 3367 2045 3367 8660 3367 7880 5 5434 5 8661 5 1441 1 3063 1 3062 1 3509 3368 4838 3368 2789 3368 4808 3369 5918 3369 4806 3369 438 3370 8292 3370 8296 3370 4913 3371 4908 3371 4911 3371 8276 3372 7452 3372 2449 3372 4922 3373 4924 3373 4935 3373 3504 164 6556 164 5885 164 7738 3374 1565 3374 1567 3374 8662 3375 3382 3375 4117 3375 8662 3376 4118 3376 6566 3376 8663 1750 4694 1750 3385 1750 8663 3377 3361 3377 4730 3377 8664 3378 3406 3378 4695 3378 8664 3379 4729 3379 3394 3379 8665 3380 2652 3380 2384 3380 8665 3381 1496 3381 2650 3381 2718 3382 2717 3382 5793 3382 2718 3383 3285 3383 5432 3383 8666 3384 2433 3384 2653 3384 8666 555 2649 555 2428 555 248 3385 7041 3385 7013 3385 3885 3386 69 3386 3886 3386 8667 609 2431 609 6317 609 8667 3387 4116 3387 3405 3387 3376 3388 8437 3388 6153 3388 3376 3389 3378 3389 2378 3389 8389 3390 2593 3390 2362 3390 8668 3391 3370 3391 3369 3391 7867 583 6256 583 6255 583 2974 3392 6488 3392 4276 3392 1790 3393 8669 3393 5099 3393 6925 1 4075 1 6926 1 2303 3394 2302 3394 8670 3394 8671 2999 3367 2999 6300 2999 2293 0 2292 0 871 0 8672 3395 2293 3395 8633 3395 3409 3396 8253 3396 6253 3396 2732 3397 2377 3397 6253 3397 2441 3398 8271 3398 6237 3398 2441 3399 2443 3399 2430 3399 6231 3400 1395 3400 2735 3400 7548 3401 3409 3401 2735 3401 2374 3402 2373 3402 8673 3402 8674 2994 2614 2994 3368 2994 2306 1001 4076 1001 2848 1001 8675 3086 2556 3086 5808 3086 4483 3403 8676 3403 5807 3403 8677 1 836 1 5491 1 2400 0 7218 0 5690 0 2401 3404 2400 3404 2827 3404 8673 3405 968 3405 2374 3405 8678 3406 967 3406 352 3406 4481 2994 3410 2994 8388 2994 8633 495 2312 495 8672 495 4721 3087 8436 3087 6238 3087 5236 3407 1761 3407 1760 3407 8679 3398 2631 3398 6244 3398 8679 3408 2361 3408 6247 3408 8680 3409 5139 3409 6240 3409 8680 3011 2436 3011 6251 3011 2296 0 2827 0 5854 0 2297 3410 2296 3410 4225 3410 7218 493 2402 493 2311 493 3411 2994 8385 2994 6235 2994 3402 3411 4720 3411 8431 3411 8534 0 8137 0 1376 0 962 5 7713 5 452 5 2419 3412 3856 3412 3324 3412 4230 3413 4477 3413 1283 3413 2398 520 4477 520 4479 520 286 3414 7119 3414 5274 3414 8439 3415 8681 3415 6250 3415 5150 2989 3388 2989 6250 2989 8682 597 2669 597 6241 597 8682 3416 3372 3416 6246 3416 4617 3417 2299 3417 2301 3417 8683 3418 4603 3418 6243 3418 4225 3419 2411 3419 2297 3419 8684 3420 3397 3420 2750 3420 2301 3421 2300 3421 3157 3421 8685 3422 2409 3422 8548 3422 2410 3423 2409 3423 3178 3423 1820 3424 1819 3424 7531 3424 5345 1 8312 1 1820 1 4074 3425 2307 3425 2309 3425 3221 1 6378 1 5811 1 8336 1 1175 1 1176 1 8338 1 2833 1 1175 1 8342 1 2488 1 2487 1 7005 3426 7853 3426 63 3426 8670 508 2344 508 2303 508 2344 0 2343 0 3105 0 7528 8 4108 8 4107 8 8425 3427 3398 3427 6289 3427 2827 3428 2298 3428 2401 3428 8686 2890 2749 2890 6257 2890 4095 3429 2417 3429 2419 3429 2349 3430 3401 3430 8422 3430 2311 3431 2310 3431 7218 3431 2310 0 3193 0 2842 0 6273 3432 2672 3432 2671 3432 6269 3433 2673 3433 2671 3433 2345 2886 2347 2886 2580 2886 6301 2937 3365 2937 2580 2937 6550 3434 5258 3434 6551 3434 2141 3435 2143 3435 6565 3435 6267 2448 2693 2448 2692 2448 6275 3436 3392 3436 2692 3436 8687 3404 2375 3404 2292 3404 8688 0 2444 0 8689 0 2290 3437 2289 3437 7380 3437 2290 3438 4075 3438 4077 3438 6285 3439 4191 3439 2379 3439 2379 3440 2381 3440 6285 3440 2292 3410 2291 3410 8687 3410 8690 2890 3380 2890 2615 2890 2372 3441 4478 3441 4230 3441 8691 3442 3373 3442 6279 3442 6277 3443 2367 3443 2366 3443 6271 3444 5149 3444 2366 3444 6303 3091 2359 3091 2358 3091 6265 3445 3462 3445 2358 3445 8333 3446 8332 3446 8036 3446 2352 3447 8307 3447 8417 3447 2420 492 4604 492 4606 492 8692 3448 2478 3448 2480 3448 4598 3449 8384 3449 6288 3449 2343 3450 2342 3450 8693 3450 4087 3451 6295 3451 6284 3451 3359 483 3358 483 6284 483 7607 3452 8668 3452 2594 3452 2594 3453 2429 3453 7606 3453 4094 3454 2446 3454 2445 3454 1395 3455 6234 3455 1396 3455 8694 3456 5554 3456 4035 3456 125 3457 4960 3457 126 3457 2611 3458 8387 3458 6306 3458 2611 3459 2613 3459 4085 3459 8695 3460 2424 3460 2598 3460 8695 2578 4236 2578 7560 2578 8696 1 3479 1 1948 1 8696 3461 5555 3461 371 3461 4121 5 2118 5 2117 5 2187 5 2186 5 894 5 2187 5 1187 5 8697 5 7934 3462 2969 3462 3039 3462 471 5 2969 5 2968 5 7537 3463 2602 3463 6219 3463 5834 8 6219 8 8698 8 8101 3464 8099 3464 8462 3464 8699 3465 8462 3465 8700 3465 4938 3466 4939 3466 8498 3466 4914 3467 4929 3467 4912 3467 7147 5 6113 5 501 5 2333 3468 4845 3468 5059 3468 4836 3469 8496 3469 8453 3469 7822 3470 8433 3470 7868 3470 4824 3471 4812 3471 4822 3471 6454 3472 4511 3472 3754 3472 4511 1 4510 1 8140 1 1241 3473 6598 3473 8203 3473 2695 1 8204 1 8701 1 4959 3457 8618 3457 7061 3457 4510 1 5134 1 5584 1 7086 3474 7087 3474 5244 3474 7086 5 3771 5 5191 5 8652 164 2272 164 2271 164 2272 3475 3300 3475 5590 3475 4067 1 7418 1 5295 1 8011 1 4067 1 2278 1 1985 3476 5579 3476 8702 3476 8040 0 1985 0 4254 0 8000 3477 6175 3477 2287 3477 471 5 2968 5 2818 5 2819 5 2968 5 7320 5 5819 1 3793 1 4531 1 1438 3478 8703 3478 7989 3478 6150 3479 6148 3479 6147 3479 1827 3480 8704 3480 8648 3480 5670 0 7706 0 7149 0 8211 1 692 1 691 1 4848 3481 4850 3481 7975 3481 8705 3482 7590 3482 8706 3482 4834 3483 4825 3483 4832 3483 8707 1 8117 1 7704 1 4934 3484 677 3484 4932 3484 8167 1 6362 1 8168 1 4941 3485 4942 3485 8451 3485 4868 3486 5455 3486 2267 3486 8472 3487 2267 3487 2266 3487 7995 3488 2686 3488 7996 3488 2686 8 2912 8 2684 8 7527 0 5444 0 1434 0 7905 0 7527 0 1434 0 4532 5 8649 5 4460 5 8591 3489 7503 3489 1529 3489 8025 5 2133 5 2132 5 8217 5 4413 5 2132 5 413 5 7766 5 4361 5 413 3490 4361 3490 411 3490 7986 5 7985 5 8504 5 3061 5 7519 5 8504 5 8708 0 8709 0 7140 0 8710 3491 1802 3491 1804 3491 8163 3492 7767 3492 671 3492 3184 3493 2626 3493 8711 3493 5778 8 3160 8 3159 8 3160 3494 3071 3494 3158 3494 6175 8 6174 8 2287 8 4854 3495 4856 3495 8630 3495 8712 5 5523 5 5524 5 4876 3496 4881 3496 4874 3496 5400 3497 1229 3497 1228 3497 4950 3498 3066 3498 3065 3498 1291 0 8713 0 8637 0 1973 3499 4963 3499 4053 3499 1017 3500 6323 3500 7265 3500 2801 5 2800 5 5859 5 2801 5 4986 5 4987 5 2250 9 4099 9 4101 9 2250 3501 2016 3501 5007 3501 5654 3502 5653 3502 8714 3502 3736 1 1947 1 7661 1 8715 1 1479 1 2213 1 8716 1 1480 1 8717 1 3923 3503 3960 3503 7042 3503 1848 3504 1847 3504 1894 3504 6566 3505 6567 3505 8110 3505 7669 3506 7670 3506 8110 3506 4445 3507 2092 3507 2094 3507 3827 3508 6525 3508 8718 3508 5972 3509 5197 3509 7590 3509 2247 0 2248 0 8043 0 4870 3510 8576 3510 4868 3510 7138 3511 7525 3511 5373 3511 8484 3512 8575 3512 8231 3512 4958 3513 2839 3513 2838 3513 3725 8 2018 8 5677 8 4054 3514 8559 3514 2165 3514 8415 8 2127 8 522 8 8334 0 208 0 5668 0 269 3515 139 3515 270 3515 3693 8 3692 8 1034 8 4812 8 3693 8 4822 8 690 1 1701 1 8004 1 4939 8 1028 8 4936 8 4914 5 4490 5 675 5 943 3516 1848 3516 1893 3516 7535 3517 8719 3517 2408 3517 3151 1 3150 1 8720 1 4999 3518 1634 3518 8721 3518 2068 1 2067 1 1968 1 8694 1 4035 1 1511 1 369 1 8694 1 3235 1 8722 3519 4344 3519 3644 3519 8655 0 8183 0 8658 0 4256 3520 3570 3520 1694 3520 4202 3521 4256 3521 4200 3521 8132 3522 8131 3522 6291 3522 4201 3523 3615 3523 2104 3523 3649 3524 1514 3524 1513 3524 3643 3525 1514 3525 6659 3525 4286 3526 5038 3526 3588 3526 3742 3527 4286 3527 3740 3527 8723 0 1162 0 6908 0 4031 3528 6609 3528 4029 3528 4030 3529 1695 3529 3614 3529 4395 3530 7739 3530 8058 3530 3554 3531 3544 3531 3049 3531 3555 3532 3554 3532 3981 3532 3741 3533 3050 3533 5049 3533 4892 5 3808 5 1712 5 1482 8 8032 8 1475 8 1487 8 1482 8 1481 8 7773 0 5650 0 5651 0 7307 8 3636 8 1476 8 1454 3534 1272 3534 1271 3534 7940 3535 6929 3535 5895 3535 3580 862 8724 862 1271 862 7990 8 1486 8 3637 8 1665 3536 8725 3536 1663 3536 5698 5 2140 5 2139 5 1600 3537 3632 3537 1572 3537 1555 860 8726 860 1553 860 1596 3538 1555 3538 1554 3538 8727 1 8075 1 7600 1 3558 3539 1572 3539 3559 3539 910 1 1331 1 1328 1 3628 347 7639 347 1554 347 1492 8 4341 8 1473 8 5294 0 5870 0 5872 0 1268 8 8728 8 1269 8 1672 8 1268 8 1270 8 3653 863 3654 863 1266 863 6135 5 1386 5 1789 5 4337 3540 1266 3540 3654 3540 1266 263 1265 263 3655 263 1023 294 3590 294 1021 294 1298 3541 1023 3541 1022 3541 3652 3542 8452 3542 1022 3542 7795 1 5004 1 7793 1 1493 8 3622 8 1491 8 4664 3543 1120 3543 2573 3543 8729 3544 4664 3544 8730 3544 8731 3545 8732 3545 8733 3545 87 2502 240 2502 85 2502 8725 8 1476 8 8032 8 436 9 4462 9 8463 9 8734 3546 3592 3546 3594 3546 8735 3547 8736 3547 3589 3547 8737 3548 8735 3548 8738 3548 1146 291 3617 291 1118 291 1458 3549 1146 3549 1145 3549 4664 3550 8729 3550 1145 3550 2172 5 5535 5 2173 5 3619 3551 1457 3551 3658 3551 3929 3552 222 3552 221 3552 6801 3553 826 3553 8739 3553 5575 1 5576 1 7379 1 5068 3554 3272 3554 8740 3554 2275 5 8741 5 2276 5 3599 1035 8740 1035 3272 1035 3272 829 3271 829 3600 829 7676 3555 8742 3555 6159 3555 1493 3556 8743 3556 1669 3556 1597 0 1599 0 5496 0 3594 3557 5065 3557 8744 3557 1772 5 8094 5 847 5 1272 1335 1454 1335 8738 1335 1583 352 3559 352 1571 352 1585 3558 1583 3558 1582 3558 1562 1072 1564 1072 4324 1072 4514 5 3334 5 3333 5 4572 344 5331 344 1582 344 6193 3559 7000 3559 7001 3559 4218 3560 4324 3560 1564 3560 8726 3561 4217 3561 1553 3561 1615 164 8163 164 2551 164 8745 3562 3580 3562 3027 3562 3011 3563 8746 3563 5733 3563 3027 3564 3026 3564 3592 3564 3653 3565 3603 3565 1119 3565 8331 9 7207 9 4462 9 3604 3542 3603 3542 3653 3542 3616 3566 1119 3566 3617 3566 8747 3567 1544 3567 1543 3567 8748 1150 8747 1150 3639 1150 1543 3568 3639 3568 8747 3568 3739 3569 6721 3569 1943 3569 8749 3570 8750 3570 3625 3570 1672 3571 8749 3571 1671 3571 3067 3572 1787 3572 3065 3572 1268 3573 1409 3573 1408 3573 3982 3574 4299 3574 1691 3574 6081 164 4524 164 8751 164 8166 3575 4635 3575 1606 3575 6975 0 7230 0 6539 0 8752 3576 3648 3576 1513 3576 1612 3577 8752 3577 1610 3577 8515 3578 5790 3578 5789 3578 1540 3579 1518 3579 4639 3579 4696 3580 4310 3580 1610 3580 5965 1 5964 1 5963 1 7707 5 7324 5 7709 5 1611 3581 1534 3581 1533 3581 97 3582 8753 3582 3647 3582 6739 1 8155 1 3243 1 1533 3583 1535 3583 8754 3583 8755 3584 3626 3584 3623 3584 7964 164 1505 164 5520 164 8756 3585 3558 3585 3560 3585 1084 3586 1917 3586 1220 3586 3636 3587 3560 3587 1477 3587 3576 3588 1520 3588 1519 3588 3576 3589 1519 3589 3641 3589 3639 3590 3641 3590 1519 3590 103 3591 3898 3591 104 3591 3600 3592 4221 3592 3601 3592 7357 0 2281 0 1844 0 1563 3593 3543 3593 3628 3593 3557 1057 7639 1057 3545 1057 4291 3592 3601 3592 4221 3592 4221 3594 3550 3594 4219 3594 6669 3595 8645 3595 3218 3595 3628 1057 3545 1057 7639 1057 1297 3596 4228 3596 5063 3596 6909 3597 7593 3597 8296 3597 4024 0 8757 0 4022 0 5055 294 5063 294 3489 294 2375 3598 872 3598 2292 3598 8758 838 8759 838 1663 838 8743 8 1473 8 8760 8 8761 3599 8762 3599 5065 3599 8763 3600 8761 3600 5064 3600 8764 3601 5055 3601 5056 3601 8765 3602 8128 3602 8152 3602 8766 3547 8767 3547 4338 3547 8768 3603 8766 3603 8769 3603 8770 3604 3605 3604 4339 3604 7867 3605 8392 3605 7866 3605 4584 3606 3271 3606 3511 3606 3584 3607 3511 3607 8771 3607 3510 829 8771 829 3511 829 7592 9 6909 9 6911 9 4008 3608 4336 3608 2490 3608 2794 0 2204 0 2792 0 4308 3609 1453 3609 8724 3609 2490 829 2489 829 4315 829 7990 3610 7991 3610 3602 3610 1487 3611 7990 3611 1616 3611 5066 834 4306 834 5064 834 7721 0 1648 0 1647 0 2781 3612 2783 3612 5865 3612 8772 3548 5056 3548 8736 3548 5673 1 5419 1 5422 1 5876 1 8773 1 8774 1 5835 3613 8775 3613 5836 3613 6622 3614 8776 3614 6583 3614 4337 833 3654 833 8769 833 8777 8 7306 8 8318 8 1746 9 7797 9 5706 9 8778 3615 4339 3615 8779 3615 3593 1906 3026 1906 5066 1906 4229 1074 4306 1074 4227 1074 5066 1066 4227 1066 4306 1066 3656 3616 1457 3616 8729 3616 8780 3617 4655 3617 4259 3617 8079 3618 1728 3618 8147 3618 8781 3619 8782 3619 4680 3619 6108 3620 8781 3620 6106 3620 6107 3621 3619 3621 3621 3621 8783 3622 7260 3622 3613 3622 8784 3623 250 3623 8785 3623 8786 3624 1584 3624 3635 3624 5540 3625 8787 3625 909 3625 5726 3626 8788 3626 6080 3626 727 3627 7921 3627 738 3627 4218 3628 3630 3628 4324 3628 8789 3629 4326 3629 3655 3629 3604 1339 3655 1339 8790 1339 3607 3630 8790 3630 3655 3630 8791 860 8792 860 4218 860 8792 3561 3631 3561 3630 3561 2190 3631 8793 3631 4647 3631 2948 3632 8794 3632 8795 3632 4335 3633 4647 3633 8793 3633 2190 3634 2189 3634 4252 3634 6086 3635 2249 3635 2184 3635 1860 3636 8793 3636 3567 3636 4253 3634 3567 3634 8793 3634 1860 3631 1859 3631 4334 3631 8796 8 7122 8 1491 8 4897 0 5787 0 5786 0 3610 3637 4257 3637 4259 3637 1146 848 1458 848 6106 848 8276 566 2452 566 5694 566 8797 3638 8723 3638 5092 3638 8798 3639 8783 3639 3613 3639 1652 3640 1651 3640 1482 3640 8799 3620 3621 3620 8800 3620 5186 8 8801 8 4322 8 3018 8 7307 8 1665 8 8802 3641 8803 3641 3610 3641 8804 3600 8802 3600 3609 3600 8805 3642 3616 3642 3618 3642 3565 3643 3564 3643 2189 3643 4009 3644 3565 3644 4007 3644 3608 476 8806 476 4007 476 7828 3645 4966 3645 4267 3645 2575 834 3606 834 3609 834 6345 0 7561 0 6343 0 1797 0 1924 0 1526 0 8807 3646 3618 3646 8782 3646 1477 820 4571 820 4575 820 4294 3587 4575 3587 8808 3587 8808 1060 4575 1060 4216 1060 7470 0 8809 0 358 0 2575 3647 4654 3647 2573 3647 3606 1066 2575 1066 8790 1066 8790 3648 2575 3648 2574 3648 481 0 2059 0 5796 0 8810 3649 3640 3649 4319 3649 3764 5 8257 5 8811 5 1048 3650 8441 3650 8812 3650 4341 3651 4319 3651 1474 3651 8813 3652 8814 3652 3550 3652 8815 3653 8813 3653 3549 3653 5039 1056 4222 1056 3742 1056 8816 1 7603 1 8817 1 3511 1178 3584 1178 3549 1178 4774 3654 91 3654 4752 3654 4223 813 3742 813 4222 813 3543 3655 1562 3655 4222 3655 1453 3656 4308 3656 1071 3656 8818 9 8819 9 8820 9 8821 3657 4315 3657 4317 3657 3947 3658 88 3658 3895 3658 3642 3659 8822 3659 4314 3659 3643 3660 3642 3660 8823 3660 2407 1 8199 1 7536 1 705 1 6320 1 6934 1 8824 5 2158 5 2157 5 4317 3594 8825 3594 8826 3594 7345 9 8827 9 8828 9 1071 294 1070 294 4301 294 8829 3661 8830 3661 8831 3661 5500 3662 6258 3662 8681 3662 8832 3663 4639 3663 4240 3663 549 164 3530 164 550 164 99 3664 4639 3664 8832 3664 1468 3665 4240 3665 7520 3665 8090 0 6092 0 8833 0 4320 3666 8832 3666 3579 3666 4239 3666 3579 3666 8832 3666 4320 3667 3578 3667 97 3667 4329 3668 8755 3668 1669 3668 4362 1 4364 1 1455 1 8834 3657 4252 3657 4640 3657 989 3669 5355 3669 5354 3669 4696 3593 1512 3593 4693 3593 4310 3670 4696 3670 4255 3670 8835 9 8829 9 8836 9 8837 3671 4640 3671 8838 3671 4693 1057 4255 1057 4696 1057 8839 1 5620 1 5619 1 8840 3672 3573 3672 4473 3672 4255 1056 4202 1056 4311 1056 8841 3673 8842 3673 3568 3673 8843 3674 8841 3674 8844 3674 8845 5 5243 5 8846 5 3567 1058 4253 1058 8844 1058 511 5 510 5 8847 5 4255 818 4311 818 4310 818 8830 9 8818 9 8848 9 8849 3675 3596 3675 3595 3675 8850 3676 8851 3676 3591 3676 8852 3547 8850 3547 8853 3547 4709 3677 8854 3677 1671 3677 2217 3678 8855 3678 2218 3678 5779 3679 7912 3679 4851 3679 465 3680 5914 3680 1890 3680 3398 3681 3400 3681 6289 3681 5070 3682 1680 3682 1679 3682 3582 828 1679 828 8771 828 1678 732 8771 732 1679 732 8856 9 8818 9 8857 9 8796 3683 7520 3683 3575 3683 7122 3684 8796 3684 3574 3684 3576 819 3641 819 3574 819 8820 9 8819 9 8858 9 8831 9 8830 9 8848 9 1023 832 1298 832 8853 832 7880 5 7949 5 5434 5 8859 3599 8860 3599 3597 3599 8861 3685 8838 3685 3566 3685 8862 3686 8861 3686 8863 3686 8864 3687 3569 3687 3571 3687 3565 3688 4009 3688 8863 3688 8835 9 7206 9 8857 9 8865 0 4179 0 1845 0 1514 3689 3571 3689 1512 3689 1509 3590 4296 3590 1507 3590 1601 3690 1509 3690 1508 3690 1595 3691 1502 3691 4323 3691 8113 0 7971 0 8091 0 4325 3692 8866 3692 1508 3692 6338 1 6364 1 5753 1 2219 5 2218 5 8533 5 8867 3693 4323 3693 8868 3693 3652 1339 3651 1339 4307 1339 8452 3629 3652 3629 4229 3629 1938 0 7194 0 7193 0 4307 3694 4229 3694 3652 3694 1252 1 6104 1 6316 1 3625 3695 3622 3695 3623 3695 4575 8 4294 8 1481 8 2100 3696 3946 3696 8869 3696 1840 1 7199 1 8870 1 3585 3697 8871 3697 3981 3697 8786 3698 8872 3698 3563 3698 8808 3699 1585 3699 4295 3699 8873 5 8874 5 2071 5 8786 1033 4295 1033 1585 1033 8875 3700 3583 3700 8876 3700 162 3701 4570 3701 163 3701 5101 3702 6072 3702 7881 3702 8876 3703 4293 3703 8877 3703 3241 0 8449 0 5582 0 4223 813 4287 813 3742 813 4324 3593 3548 3593 4223 3593 4287 3704 3548 3704 3547 3704 7543 9 7869 9 7611 9 1658 5 3353 5 1723 5 1618 3705 8878 3705 1616 3705 4655 841 8780 841 8730 841 8732 3706 3612 3706 8733 3706 8879 3641 8880 3641 4305 3641 8881 3707 8879 3707 8882 3707 8883 3708 4301 3708 4300 3708 8884 9 8885 9 7035 9 3599 3607 4290 3607 1685 3607 6721 9 8886 9 7645 9 3601 3709 4290 3709 3599 3709 1685 1035 1684 1035 3598 1035 7781 3710 7780 3710 8098 3710 4302 3711 8887 3711 4300 3711 4304 3712 8888 3712 8882 3712 1651 838 1653 838 8889 838 4304 3713 4303 3713 4309 3713 8888 3714 4304 3714 8890 3714 4308 3629 8724 3629 8890 3629 5444 0 1525 0 2516 0 7820 1 7818 1 923 1 6853 3715 8891 3715 5971 3715 3016 3716 4321 3716 4297 3716 3017 3684 3016 3684 8892 3684 1509 819 1601 819 8892 819 8812 3717 6392 3717 676 3717 8893 817 8894 817 3556 817 3555 813 8893 813 3557 813 834 0 608 0 4010 0 4291 3594 3553 3594 4289 3594 4220 3671 3553 3671 4291 3671 4290 3592 4289 3592 1686 3592 3557 1056 8893 1056 3556 1056 387 1 6926 1 5576 1 7978 3718 7980 3718 6780 3718 1624 3719 5186 3719 1625 3719 4343 3720 3642 3720 3644 3720 8895 3721 8722 3721 6659 3721 2602 8 2604 8 8698 8 4332 3722 8896 3722 4029 3722 8702 0 4104 0 1983 0 5270 3723 8653 3723 5491 3723 3587 830 8897 830 3740 830 2806 8 4513 8 2634 8 8894 3724 8893 3724 1690 3724 7150 1 1883 1 3147 1 3569 3725 3614 3725 3570 3725 5039 3526 5049 3526 3544 3526 4681 3726 8898 3726 4200 3726 8899 0 2792 0 2203 0 923 3727 7812 3727 921 3727 2103 3728 4473 3728 2104 3728 2306 3438 2848 3438 2304 3438 8283 3729 2158 3729 8824 3729 2400 3419 2402 3419 7218 3419 8266 3730 4069 3730 4746 3730 2373 3395 2375 3395 8687 3395 2374 0 8689 0 2444 0 2291 3404 2293 3404 8672 3404 2292 3731 872 3731 871 3731 2302 3405 968 3405 8673 3405 8136 0 8900 0 4539 0 4074 3732 2309 3732 4073 3732 1744 0 8637 0 8713 0 2310 3404 2312 3404 8633 3404 7719 0 4208 0 4207 0 2398 3733 4479 3733 2308 3733 8901 1 1006 1 7604 1 2296 500 2298 500 2827 500 8654 3734 5270 3734 8902 3734 2290 1124 4077 1124 2288 1124 5113 1 8903 1 6930 1 2372 3735 4230 3735 2289 3735 4617 1121 2301 1121 2418 1121 4362 1 1455 1 6095 1 2409 3736 2411 3736 4225 3736 8904 9 7645 9 6911 9 2420 492 4606 492 2305 492 3355 5 3354 5 2947 5 4095 3737 2419 3737 3222 3737 6421 1 2457 1 6422 1 2342 3404 2344 3404 8670 3404 4450 0 2224 0 4448 0 6075 3738 4175 3738 8115 3738 8184 0 8655 0 7243 0 8282 0 7243 0 4581 0 7733 1 7732 1 7927 1 5719 1 4138 1 2833 1 4105 3739 4106 3739 8905 3739 1756 3740 8906 3740 858 3740 1756 1 3330 1 3143 1 8907 3741 8908 3741 8909 3741 876 3742 8910 3742 8911 3742 7312 1 6451 1 6450 1 134 3743 7000 3743 6194 3743 5131 5 1137 5 1184 5 6719 8 8912 8 6720 8 5075 1 4548 1 6774 1 1989 3744 8913 3744 1990 3744 8914 0 8468 0 8915 0 5086 0 8916 0 7255 0 7157 9 3731 9 6084 9 3732 9 7157 9 6912 9 3770 9 7187 9 7185 9 8917 5 8918 5 5907 5 6992 9 6991 9 8919 9 1918 9 3845 9 3847 9 3751 9 8920 9 8921 9 8919 9 3752 9 3751 9 1515 9 3851 9 3850 9 8922 3745 1517 3745 1516 3745 4066 3746 2279 3746 2278 3746 6176 1 5952 1 2277 1 8351 3747 1811 3747 5378 3747 8223 8 3716 8 7842 8 1598 0 8923 0 7108 0 3484 3748 2665 3748 2667 3748 5676 3749 4146 3749 3484 3749 8460 3750 3094 3750 3093 3750 3093 8 3207 8 756 8 3115 5 5219 5 5587 5 5587 3751 7296 3751 6802 3751 5020 3752 1190 3752 71 3752 1810 3753 1809 3753 7083 3753 5693 3754 2221 3754 5694 3754 8245 5 1962 5 7619 5 8924 3755 5415 3755 6489 3755 8924 1 192 1 5774 1 4977 3756 4978 3756 4957 3756 1470 0 872 0 2444 0 4991 3757 2928 3757 8560 3757 3894 3758 2199 3758 2198 3758 4560 3759 4562 3759 4557 3759 8472 3760 4889 3760 4869 3760 633 5 632 5 6615 5 8925 5 3807 5 4063 5 8925 5 8165 5 8926 5 7591 3761 8706 3761 7590 3761 7306 8 7175 8 8318 8 3743 5 3346 5 8015 5 3743 5 2484 5 3344 5 7591 5 4127 5 8706 5 1381 3762 4127 3762 4012 3762 4790 3763 144 3763 4784 3763 6327 3764 3346 3764 3345 3764 8927 5 7873 5 8928 5 8929 3765 3828 3765 8930 3765 8931 9 4132 9 6874 9 4132 9 4131 9 6874 9 3664 0 3663 0 8932 0 378 3766 7878 3766 379 3766 2576 3767 839 3767 2577 3767 4188 3768 873 3768 5577 3768 8933 1 4034 1 4036 1 4632 8 8239 8 7341 8 4632 3769 4634 3769 3454 3769 2005 8 4743 8 4352 8 474 5 7926 5 472 5 8390 8 2003 8 2002 8 3387 8 2003 8 2011 8 2010 8 8390 8 2009 8 8934 5 5006 5 8927 5 2011 3770 2010 3770 7587 3770 3387 8 2011 8 3163 8 8424 8 2002 8 2001 8 8390 8 2002 8 4352 8 8424 8 4353 8 2002 8 7923 3771 8935 3771 5481 3771 7574 0 6388 0 2414 0 2412 0 5117 0 3415 0 2449 3772 7598 3772 2425 3772 795 5 2534 5 2533 5 8086 3773 5707 3773 6803 3773 4246 3774 8191 3774 7331 3774 4246 3775 4248 3775 3425 3775 7978 8 4109 8 7980 8 7267 3776 3025 3776 7586 3776 6173 8 1975 8 8936 8 8936 3777 7528 3777 7751 3777 7418 3778 8116 3778 7901 3778 2144 5 2130 5 6754 5 8330 9 4037 9 7092 9 4829 1 7214 1 781 1 5590 164 2273 164 2272 164 111 3779 2395 3779 8937 3779 3931 3780 8605 3780 6942 3780 8938 1 5923 1 1963 1 8938 1 7411 1 3780 1 4748 0 8405 0 4746 0 6757 3781 4748 3781 7958 3781 5063 3782 1273 3782 3489 3782 2629 3783 8939 3783 5776 3783 563 5 8010 5 8531 5 8531 5 564 5 563 5 8641 0 4468 0 8644 0 6542 3784 8940 3784 4249 3784 8940 3785 5616 3785 4250 3785 8941 3786 8220 3786 7385 3786 8652 164 3301 164 2272 164 2074 1 2073 1 3781 1 2067 3787 2069 3787 3781 3787 8143 1 8280 1 8140 1 6429 164 2946 164 2945 164 8351 0 5781 0 2034 0 4260 8 1699 8 1698 8 8942 5 5231 5 5230 5 7681 3788 3852 3788 5635 3788 8943 3789 7305 3789 1709 3789 6380 3790 3963 3790 6381 3790 4491 5 4911 5 2966 5 4914 5 4491 5 4490 5 4939 3791 4936 3791 4935 3791 4936 8 1256 8 766 8 4836 3792 2790 3792 2789 3792 850 5 2790 5 848 5 5920 8 639 8 3734 8 4812 8 3694 8 3693 8 2816 3793 8339 3793 8340 3793 8312 3794 2816 3794 1821 3794 581 1 8343 1 1176 1 8338 1 8337 1 2388 1 8336 1 8338 1 1175 1 7946 5 7862 5 8944 5 5061 3795 3651 3795 1021 3795 8945 3796 4668 3796 4667 3796 4660 3797 8945 3797 3657 3797 8946 3798 3651 3798 5080 3798 4414 3799 8946 3799 8947 3799 8830 9 8857 9 8818 9 3612 3800 4666 3800 4665 3800 4622 3801 3791 3801 175 3801 3791 1 3162 1 176 1 4699 3802 4705 3802 4706 3802 4579 3803 4581 3803 4576 3803 5090 0 8282 0 4580 0 3631 3804 5031 3804 5035 3804 8948 3805 8949 3805 8950 3805 8951 3806 8104 3806 8103 3806 4988 3807 1845 3807 4181 3807 6320 3808 389 3808 388 3808 4656 3809 3082 3809 3081 3809 7997 1 3082 1 7999 1 1942 3810 4462 3810 7207 3810 8792 3811 3630 3811 4218 3811 4292 3812 3138 3812 3491 3812 7433 0 3138 0 3137 0 5714 164 5713 164 4609 164 4642 3813 4648 3813 3112 3813 5038 3814 5050 3814 5051 3814 1783 5 1785 5 1784 5 4684 3815 4688 3815 4689 3815 5483 3816 8594 3816 6985 3816 4712 3817 4714 3817 8952 3817 3514 3818 3513 3818 7037 3818 5028 3819 5030 3819 8953 3819 5772 0 402 0 404 0 1903 5 6308 5 1776 5 8954 3820 8599 3820 5770 3820 5714 3821 5844 3821 4497 3821 3586 3822 5052 3822 5057 3822 3738 3823 1943 3823 7206 3823 7834 1 4673 1 4597 1 4703 1 94 1 5551 1 4690 3824 4697 3824 4698 3824 3546 3825 5036 3825 5037 3825 4413 3826 8547 3826 7850 3826 8955 3827 3114 3827 7999 3827 3755 1 3114 1 3113 1 8534 3828 1375 3828 8757 3828 5072 0 7428 0 7427 0 4627 3829 4628 3829 4641 3829 5857 1 8956 1 1702 1 4583 3830 3490 3830 4580 3830 2070 3831 2072 3831 8957 3831 8958 3832 8537 3832 6760 3832 4624 3833 4626 3833 8959 3833 4587 3834 4589 3834 8960 3834 3009 3835 8961 3835 3007 3835 8946 3836 5080 3836 8947 3836 2986 3837 8602 3837 6624 3837 8962 1 3081 1 4195 1 4665 3838 4661 3838 3657 3838 5063 3839 3028 3839 1273 3839 117 3591 4418 3591 115 3591 1118 802 3617 802 1119 802 1118 242 4664 242 1145 242 8945 3840 4667 3840 3657 3840 4667 3609 3620 3609 3658 3609 8789 3542 3655 3542 1265 3542 5392 3841 8963 3841 4147 3841 1021 3842 3652 3842 1022 3842 3590 3843 5062 3843 1021 3843 4451 3844 8964 3844 8965 3844 8966 862 4301 862 1070 862 1475 8 8032 8 1476 8 1545 3845 8072 3845 866 3845 8749 8 1466 8 8750 8 8796 8 1491 8 8967 8 4636 3846 4638 3846 8968 3846 3650 8 1269 8 8728 8 1472 8 8760 8 1473 8 1656 5 1786 5 7613 5 5032 3847 5034 3847 8969 3847 8970 8 7991 8 3637 8 1571 338 3559 338 1572 338 1571 3848 4572 3848 1582 3848 1564 853 1553 853 4217 853 8971 3849 2237 3849 7132 3849 1520 3589 4639 3589 1518 3589 1519 3850 1518 3850 3638 3850 8895 3851 3649 3851 3648 3851 702 3852 3784 3852 4059 3852 175 3853 4629 3853 4622 3853 8972 3854 3005 3854 3006 3854 8179 3855 7432 3855 3137 3855 1501 3856 8868 3856 4323 3856 4698 3857 4700 3857 4690 3857 8973 3858 8754 3858 1535 3858 4580 3859 4582 3859 4583 3859 8974 3860 8872 3860 3635 3860 3642 1072 4343 1072 8822 1072 2255 8 8009 8 2256 8 4183 0 8975 0 8976 0 7327 3861 7577 3861 8570 3861 5035 3862 3629 3862 3631 3862 3548 347 3629 347 3546 347 1482 3863 1651 3863 8032 3863 8758 3864 1663 3864 8031 3864 3622 3865 3625 3865 8750 3865 3625 3866 4709 3866 1671 3866 4706 3867 4708 3867 4699 3867 8977 3868 8728 3868 1408 3868 8978 3869 509 3869 8512 3869 5186 3870 1624 3870 8801 3870 1485 0 8979 0 7096 0 4330 360 4329 360 1669 360 5026 3871 5027 3871 8980 3871 8981 3872 1618 3872 3602 3872 4584 3607 3600 3607 3271 3607 3581 3682 3510 3682 3273 3682 3049 3873 3544 3873 5049 3873 3049 3874 3585 3874 3981 3874 3564 3644 4252 3644 2189 3644 2189 3875 3608 3875 4007 3875 1694 3876 3570 3876 3614 3876 1694 3877 4681 3877 4200 3877 4685 3878 4678 3878 4682 3878 4473 3879 2103 3879 8840 3879 7622 1 3683 1 20 1 8982 3880 3598 3880 1684 3880 1691 3881 1690 3881 8893 3881 1714 8 8359 8 8114 8 3112 3882 4649 3882 4642 3882 8983 3883 4334 3883 1859 3883 1680 3884 5070 3884 5072 3884 3583 3885 1678 3885 4292 3885 2472 0 8984 0 8985 0 4333 3886 4332 3886 4029 3886 4316 3887 4315 3887 2489 3887 691 1 8004 1 8005 1 5051 3888 3588 3888 5038 3888 3588 3889 3587 3889 3740 3889 8762 3557 8744 3557 5065 3557 8014 3890 5015 3890 5014 3890 3589 3603 8736 3603 5056 3603 3589 3891 1272 3891 8738 3891 4257 3892 3610 3892 8803 3892 6142 3893 3079 3893 3078 3893 4680 3547 8782 3547 3618 3547 4680 3894 1146 3894 6106 3894 7999 3895 4657 3895 8955 3895 8732 3617 3613 3617 3612 3617 4679 3896 4674 3896 4676 3896 8986 3897 8800 3897 3621 3897 8987 1 7621 1 3149 1 4305 3898 4304 3898 8882 3898 8988 3899 8528 3899 7656 3899 8887 3676 4302 3676 8989 3676 4148 3900 3174 3900 3173 3900 4338 3901 4337 3901 8769 3901 4652 3902 8990 3902 3274 3902 4340 3557 8779 3557 4339 3557 8949 3903 5058 3903 5057 3903 3591 3904 1023 3904 8853 3904 5071 3905 5073 3905 5074 3905 3595 3599 3597 3599 8860 3599 3593 1066 3592 1066 3026 1066 4228 1339 4227 1339 3028 1339 2573 3906 4655 3906 8730 3906 3603 3907 2574 3907 1120 3907 3656 3908 4665 3908 3657 3908 8856 9 8857 9 7207 9 1799 3909 3274 3909 8990 3909 3605 3910 3607 3910 4327 3910 4204 1 3148 1 5417 1 4309 3911 4308 3911 8890 3911 8946 1906 4414 1906 3596 1906 4571 1060 1477 1060 3560 1060 3559 3698 1583 3698 4571 3698 3575 3651 7520 3651 4240 3651 5482 1 1278 1 4157 1 4297 3912 1509 3912 8892 3912 3792 3913 4623 3913 8991 3913 8753 3664 97 3664 3578 3664 8992 3587 1474 3587 4319 3587 909 3914 8993 3914 907 3914 4576 3915 4578 3915 4579 3915 3563 3916 3562 3916 4295 3916 8814 3594 4219 3594 3550 3594 8994 3917 5211 3917 8995 3917 1562 3660 3543 3660 1563 3660 3554 1056 3545 1056 3544 1056 3566 3918 8838 3918 4640 3918 3566 3919 3565 3919 8863 3919 4692 3920 1512 3920 3571 3920 4256 1056 4693 1056 3570 1056 3684 1 8996 1 5405 1 3552 3592 1686 3592 4289 3592 1223 1 5250 1 5252 1 1500 1057 1502 1057 4288 1057 4641 3921 4643 3921 4627 3921 3568 3922 3567 3922 8844 3922 4689 3923 4691 3923 4684 3923 3491 3924 4293 3924 4292 3924 4583 3925 8877 3925 4293 3925 5037 3926 3547 3926 3546 3926 5038 1330 4286 1330 3547 1330 4312 3927 4314 3927 8822 3927 8975 3928 8826 3928 8825 3928 8997 3929 1294 3929 1296 3929 5071 3930 5074 3930 5069 3930 7862 5 7946 5 5246 5 3082 3931 4657 3931 7999 3931 6004 8 6437 8 5060 8 5058 3932 8949 3932 8948 3932 1005 3933 1004 3933 8937 3933 4679 3934 4676 3934 4677 3934 5625 0 8998 0 1377 0 1680 3935 5072 3935 3136 3935 7577 1 132 1 2823 1 3588 3936 5052 3936 3586 3936 7137 0 8999 0 7081 0 4649 3937 3114 3937 8955 3937 5468 164 7334 164 3299 164 4685 3938 4682 3938 4683 3938 3472 3939 5228 3939 5067 3939 6625 3940 1103 3940 6461 3940 7263 3941 2206 3941 2208 3941 7412 3942 7806 3942 7413 3942 7585 5 4484 5 1347 5 5360 5 5359 5 6635 5 7406 8 4985 8 7995 8 48 3943 8586 3943 1749 3943 5108 164 8659 164 5107 164 758 3944 7449 3944 5108 3944 3813 0 7723 0 6602 0 7723 0 7072 0 7200 0 871 0 870 0 1157 0 6944 1 5712 1 931 1 1407 3945 1409 3945 8854 3945 5131 3946 1733 3946 134 3946 6544 1 2212 1 8002 1 5136 5 4164 5 6701 5 5530 3947 7504 3947 8931 3947 9000 9 1528 9 6168 9 8282 0 5300 0 3205 0 1415 3948 5300 3948 1416 3948 8272 1 8038 1 6824 1 5 0 8757 0 4024 0 6359 0 3188 0 6561 0 8027 0 3878 0 2843 0 8136 0 4538 0 8137 0 9001 0 885 0 4539 0 7081 3949 8999 3949 8900 3949 7137 0 7081 0 4 0 6200 3950 1781 3950 1231 3950 9002 5 4140 5 5663 5 4370 1 8570 1 7578 1 7829 3951 8064 3951 4728 3951 5199 3952 2216 3952 5200 3952 9003 3953 1216 3953 2284 3953 8713 3954 1742 3954 1744 3954 8918 5 8873 5 2071 5 1133 3955 7365 3955 9004 3955 7364 1 1133 1 1132 1 8107 3956 6636 3956 6802 3956 5585 5 6636 5 1347 5 8039 1 7141 1 7763 1 9005 1 8816 1 9006 1 5175 0 7696 0 9007 0 7697 0 6037 0 9008 0 624 3957 4814 3957 534 3957 4424 5 1315 5 1317 5 3897 3591 118 3591 3788 3591 2097 3958 2096 3958 8042 3958 8494 3959 3065 3959 1787 3959 8625 3960 9009 3960 8354 3960 8049 1 5815 1 7275 1 9010 1 6356 1 6357 1 2559 0 2558 0 6669 0 2902 3961 2901 3961 5746 3961 6109 3962 2901 3962 1436 3962 5176 5 9011 5 9012 5 1317 5 9012 5 9013 5 76 3963 8018 3963 77 3963 6049 5 9014 5 9015 5 1132 3964 5240 3964 7182 3964 4424 5 5944 5 4425 5 1892 8 6391 8 1893 8 4047 3965 2313 3965 2315 3965 4047 3966 4046 3966 5236 3966 7766 3967 413 3967 7650 3967 3476 3968 9016 3968 9017 3968 9018 3969 4469 3969 8037 3969 9018 1 7907 1 7250 1 6630 1 5286 1 7635 1 6498 3970 8019 3970 963 3970 3249 164 3251 164 7863 164 753 8 7582 8 9019 8 7802 0 4475 0 4918 0 4717 9 7703 9 9020 9 6421 1 7571 1 2457 1 4153 9 3698 9 6043 9 7860 8 1894 8 1847 8 8108 3971 7513 3971 3383 3971 7748 5 8934 5 3091 5 3134 5 5685 5 3090 5 8167 3972 6846 3972 6362 3972 6846 1 5965 1 5963 1 1017 5 7925 5 8497 5 6754 5 7001 5 136 5 1605 3973 1650 3973 9021 3973 1895 8 2258 8 1892 8 2203 0 5447 0 8899 0 1975 3974 7814 3974 8936 3974 4431 3975 5044 3975 7007 3975 7297 5 3115 5 3117 5 2220 3976 6552 3976 2221 3976 2077 0 2033 0 5323 0 3214 3977 7902 3977 7780 3977 7576 3978 5416 3978 5418 3978 8090 0 8833 0 6783 0 442 3979 440 3979 7695 3979 9022 3980 9023 3980 6418 3980 6813 5 981 5 5729 5 2389 1 2388 1 8337 1 5719 1 2388 1 5718 1 6528 0 6530 0 9024 0 340 0 342 0 8708 0 8708 3981 8710 3981 8709 3981 8710 0 7384 0 6530 0 9025 3982 1801 3982 1800 3982 1952 3983 4865 3983 6143 3983 3858 5 8067 5 8068 5 3858 5 867 5 8650 5 213 3984 3932 3984 216 3984 1318 3985 7273 3985 1835 3985 2954 5 5197 5 1560 5 7707 5 9023 5 7708 5 8987 3986 3149 3986 3148 3986 106 3987 2933 3987 104 3987 396 3988 3990 3988 398 3988 3279 3989 3766 3989 965 3989 5771 0 3467 0 3306 0 1879 1 3701 1 1880 1 6531 1 3703 1 7128 1 9026 3990 1229 3990 5400 3990 8516 3991 1862 3991 6531 3991 1882 1 1875 1 9027 1 1875 1 1874 1 3775 1 9028 1 1865 1 3006 1 9028 1 1302 1 1304 1 1357 1 8077 1 8076 1 9029 1 4563 1 1881 1 9029 3992 1862 3992 1304 3992 7204 1 9030 1 3776 1 1874 3993 1877 3993 3775 3993 507 1 506 1 7142 1 3043 1 5415 1 8924 1 6489 3994 5415 3994 5414 3994 1483 0 4711 0 9031 0 4044 9 4043 9 9032 9 6 3995 8715 3995 7 3995 6761 5 3354 5 3353 5 9022 5 6419 5 5124 5 8463 9 1944 9 6910 9 7885 3996 5952 3996 5954 3996 9033 0 2108 0 1870 0 9033 0 5367 0 1815 0 8127 0 8499 0 6698 0 8797 3997 7025 3997 1163 3997 3228 0 9034 0 3226 0 6390 8 1893 8 6391 8 7829 1 4728 1 4727 1 8702 0 5579 0 5159 0 9035 0 1856 0 3483 0 9035 3998 662 3998 664 3998 9036 3999 259 3999 8593 3999 8118 1 6461 1 1994 1 5823 0 9037 0 1075 0 1301 4000 1866 4000 9038 4000 3006 1 1865 1 9039 1 9028 1 3006 1 1305 1 9028 1 1304 1 1863 1 9029 1 1304 1 1303 1 18 1 13 1 12 1 1163 4001 7025 4001 9040 4001 8061 4002 1871 4002 1873 4002 9041 4003 5367 4003 5368 4003 1298 4004 1297 4004 5055 4004 2979 0 2978 0 4554 0 1938 4005 7193 4005 884 4005 4490 5 1112 5 1049 5 7252 0 4273 0 7778 0 8793 4006 1860 4006 4335 4006 9042 4007 1868 4007 3728 4007 9042 4008 5451 4008 5368 4008 1250 0 9043 0 1858 0 8992 4009 4319 4009 4318 4009 2102 4010 2156 4010 2101 4010 8257 5 6449 5 4439 5 7433 0 3814 0 3491 0 7781 4011 9044 4011 7791 4011 6179 8 6178 8 6226 8 6087 4012 6225 4012 4814 4012 1930 0 949 0 2044 0 7914 4013 5172 4013 6193 4013 9045 0 5757 0 5891 0 9046 4014 1814 4014 1815 4014 518 0 6169 0 4123 0 5091 4015 3492 4015 9047 4015 2189 4016 4007 4016 3565 4016 664 0 663 0 5580 0 2320 4017 2322 4017 7732 4017 7927 4018 5860 4018 9048 4018 7502 5 8473 5 796 5 2475 0 4104 0 2476 0 1992 1 7151 1 1993 1 4882 4019 7860 4019 1847 4019 5757 4020 9045 4020 9049 4020 5456 8 944 8 943 8 6205 0 4042 0 4687 0 6716 4021 4042 4021 4041 4021 6715 0 7162 0 7136 0 9050 4022 5294 4022 1 4022 7109 0 5247 0 5249 0 7179 4023 657 4023 7180 4023 4285 348 1724 348 4283 348 4544 4024 4285 4024 4542 4024 935 4025 5538 4025 933 4025 3180 4026 1722 4026 3181 4026 3875 1052 3863 1052 4282 1052 7239 4027 7890 4027 7889 4027 9051 4028 1722 4028 3180 4028 1658 4029 1723 4029 1673 4029 2399 0 7417 0 1846 0 4446 4030 3866 4030 4274 4030 6318 4031 5566 4031 6319 4031 3893 5 8085 5 1836 5 5664 4032 5666 4032 2099 4032 527 4033 9052 4033 5599 4033 7736 4034 2152 4034 511 4034 4951 4035 6407 4035 6406 4035 124 4036 3906 4036 125 4036 4489 4037 5354 4037 950 4037 7211 8 7212 8 5856 8 5833 8 4985 8 4984 8 3135 5 5708 5 3133 5 1654 4038 7613 4038 7612 4038 5482 4039 4395 4039 1278 4039 40 5 700 5 9053 5 2765 0 5726 0 6080 0 7942 4040 5182 4040 5181 4040 1351 1 9054 1 8332 1 9054 4041 1353 4041 7908 4041 1091 5 5563 5 4354 5 5986 1 8315 1 7920 1 9055 4042 6974 4042 6962 4042 6772 1 8870 1 7199 1 6097 1 8019 1 3526 1 282 4043 710 4043 283 4043 1279 4044 1278 4044 4395 4044 9056 1 1838 1 4564 1 9056 4045 1302 4045 1306 4045 3005 1 9057 1 1305 1 1306 4046 1556 4046 1558 4046 5502 1 5503 1 2114 1 5354 4047 4123 4047 4122 4047 8115 0 4175 0 6205 0 9058 4048 9059 4048 5788 4048 9058 4049 1280 4049 1282 4049 8576 4050 944 4050 4868 4050 943 8 5454 8 5456 8 4663 0 1832 0 4662 0 4663 4051 1885 4051 6555 4051 4199 1 1830 1 4197 1 4199 1 6546 1 6548 1 3860 4052 5392 4052 8545 4052 7487 1 3323 1 2494 1 3748 1 1392 1 3749 1 6464 1 3750 1 3749 1 8442 1 2265 1 6548 1 9060 0 4010 0 1834 0 9060 4053 5390 4053 3860 4053 5391 4054 9025 4054 8963 4054 5390 4055 6555 4055 5391 4055 1741 1 1740 1 4205 1 119 4036 3902 4036 120 4036 6657 4056 9061 4056 1826 4056 6657 1 1790 1 5099 1 7436 0 9062 0 1818 0 7436 4057 1280 4057 4896 4057 9063 0 1817 0 4454 0 9063 4058 7477 4058 1282 4058 9064 1 6870 1 1621 1 9064 1 1790 1 1792 1 8448 1501 3240 1501 6728 1501 5564 0 6727 0 5565 0 1191 8 5081 8 1649 8 1189 8 1192 8 1650 8 5189 0 4271 0 1888 0 8640 4059 5189 4059 5188 4059 7882 1 5001 1 9065 1 7882 1 7907 1 4767 1 9033 4060 428 4060 2108 4060 428 0 1814 0 2932 0 4061 1 801 1 8720 1 8474 5 7612 5 5116 5 5116 5 5115 5 8473 5 3055 8 2744 8 2743 8 706 8 4108 8 7813 8 7782 4061 7844 4061 462 4061 8359 4062 3057 4062 8114 4062 7755 0 2053 0 2052 0 4842 0 4646 0 1807 0 8617 4063 130 4063 129 4063 8442 4064 3749 4064 1394 4064 20 1 4503 1 7622 1 20 4065 3683 4065 3685 4065 7762 0 3728 0 5873 0 1802 4066 8710 4066 8708 4066 8101 4067 8462 4067 7659 4067 20 4068 3685 4068 9066 4068 1795 4069 5099 4069 8669 4069 6428 4070 4211 4070 4210 4070 1826 1 9061 1 7171 1 6657 1 1826 1 1791 1 1794 1 9067 1 7440 1 9068 1 1794 1 1793 1 7239 1 5346 1 7531 1 7239 1 7238 1 7890 1 7416 0 1525 0 7417 0 943 8 1849 8 1848 8 277 4071 3953 4071 280 4071 9069 4072 1825 4072 1819 4072 9069 1 6746 1 1792 1 8587 5 6308 5 1903 5 1742 4073 8713 4073 4024 4073 2954 5 1560 5 3890 5 8669 1 9064 1 1621 1 9046 0 9049 0 1814 0 9049 4074 9045 4074 1813 4074 9064 1 1792 1 6747 1 9069 4075 1792 4075 1791 4075 672 4076 8227 4076 673 4076 1045 4077 1047 4077 9070 4077 2188 5 2187 5 8697 5 155 1 154 1 1821 1 1656 5 8130 5 5681 5 2419 1 3324 1 3222 1 5790 4078 6631 4078 6632 4078 1337 4079 1928 4079 6631 4079 8942 4080 9071 4080 9072 4080 9071 5 6200 5 7709 5 4079 0 8267 0 9073 0 4079 0 1887 0 4069 0 8105 1 7776 1 8041 1 7775 4081 7776 4081 6109 4081 9074 4082 9005 4082 8839 4082 8839 1 5619 1 1945 1 8169 164 2636 164 5721 164 7784 4083 1802 4083 342 4083 7364 1 6376 1 6637 1 9068 1 1793 1 7189 1 6129 0 6128 0 9075 0 453 5 5917 5 7401 5 484 1 7795 1 485 1 3127 5 8068 5 6834 5 6080 4084 8788 4084 7165 4084 6409 4085 7958 4085 4748 4085 298 164 300 164 2180 164 5316 5 7431 5 9076 5 7891 8 1895 8 9077 8 2260 4086 9078 4086 2258 4086 714 8 740 8 9079 8 7959 0 8186 0 9080 0 4791 4087 6974 4087 9055 4087 9081 0 9082 0 9083 0 5166 164 5168 164 1413 164 9084 4088 7641 4088 7810 4088 9041 4089 6199 4089 5367 4089 9046 0 6199 0 5757 0 7212 8 2468 8 4523 8 8794 4090 2629 4090 2628 4090 9085 4091 8027 4091 7555 4091 8891 5 5972 5 5971 5 564 4092 8503 4092 843 4092 1687 5 7431 5 2000 5 1242 5 1244 5 9086 5 6427 1 2398 1 7731 1 8026 1 6597 1 6596 1 1405 4093 7087 4093 5191 4093 2460 4094 2459 4094 7073 4094 6731 5 847 5 846 5 7936 4095 7935 4095 1773 4095 7936 5 9087 5 9086 5 7669 4096 6658 4096 1941 4096 3312 5 4909 5 6693 5 1915 8 1914 8 1037 8 436 4097 8463 4097 8292 4097 9088 4098 9089 4098 9048 4098 3810 4099 4349 4099 1770 4099 4768 4100 5135 4100 6693 4100 8082 0 7971 0 7804 0 6584 0 1449 0 8181 0 8515 4101 5915 4101 7728 4101 7959 0 3495 0 3494 0 4214 1030 9090 1030 4212 1030 9091 1030 4214 1030 4512 1030 1778 4102 7668 4102 9092 4102 7668 5 5662 5 7570 5 6058 0 2168 0 4170 0 1022 4103 8452 4103 1297 4103 9093 8 6791 8 8414 8 5878 5 1961 5 4519 5 7200 0 6470 0 5849 0 4008 4104 2490 4104 4315 4104 8699 4105 8700 4105 9093 4105 8661 4106 6439 4106 6438 4106 6051 4107 2626 4107 3184 4107 8229 4108 7202 4108 7201 4108 3142 4109 1757 4109 3143 4109 8462 8 8699 8 7659 8 8824 5 7930 5 7700 5 5701 8 7846 8 8060 8 8151 4110 1936 4110 7640 4110 8517 8 4260 8 8518 8 4260 8 7317 8 1699 8 3868 5 60 5 9094 5 1116 5 6519 5 1068 5 9095 5 4140 5 3117 5 9095 5 7666 5 7570 5 6921 164 5750 164 1060 164 6921 164 7208 164 6045 164 8701 1 2696 1 2695 1 1705 1081 1732 1081 1703 1081 9096 1315 8518 1315 9097 1315 9097 4111 1698 4111 1706 4111 3863 345 1552 345 4282 345 3061 4112 8504 4112 3060 4112 1712 4113 4893 4113 4892 4113 3396 8 5738 8 5737 8 1734 4111 5081 4111 4280 4111 1198 1081 9098 1081 4278 1081 9098 386 1705 386 1704 386 9094 1081 4275 1081 3866 1081 1751 8 8777 8 4813 8 4553 0 3814 0 7433 0 1719 384 5000 384 4999 384 1384 1081 1659 1081 9099 1081 1659 4114 1658 4114 1674 4114 9100 348 9101 348 9102 348 9101 4115 1726 4115 1725 4115 1726 4116 4283 4116 1724 4116 4542 4117 4285 4117 4284 4117 9099 4118 9103 4118 1384 4118 9103 1081 1581 1081 1580 1081 9102 4119 1569 4119 9100 4119 4999 348 1570 348 1569 348 1731 1081 1730 1081 1530 1081 4892 386 1532 386 1531 386 8518 348 9096 348 1548 348 1713 1315 1550 1315 1549 1315 1708 8 3146 8 9104 8 6765 8 1708 8 1707 8 1746 9 1745 9 8542 9 1745 9 8493 9 2234 9 9105 4120 5292 4120 1447 4120 9105 4121 6105 4121 489 4121 2232 9 2234 9 1748 9 8071 0 5599 0 9052 0 6084 9 3731 9 3843 9 6084 4122 1749 4122 8586 4122 698 0 5812 0 7652 0 698 0 697 0 3709 0 1218 5 4165 5 5174 5 7236 5 1765 5 1344 5 7004 1 5211 1 5210 1 5340 0 8316 0 5276 0 5929 1 5935 1 9106 1 3486 0 9107 0 5272 0 3488 0 939 0 941 0 9108 0 4040 0 4042 0 6204 4123 941 4123 9108 4123 8319 4124 7769 4124 4171 4124 7125 4125 7769 4125 6902 4125 8972 1 9039 1 8996 1 1864 1 9039 1 1865 1 6556 164 3961 164 1001 164 6046 164 3269 164 1762 164 1721 8 7317 8 4058 8 6757 0 7958 0 7957 0 9109 4126 1742 4126 4023 4126 9109 4127 487 4127 489 4127 7555 0 8029 0 8028 0 3110 5 6329 5 7809 5 4670 0 3326 0 4028 0 865 0 864 0 2325 0 2629 5 5776 5 2627 5 9110 1 8357 1 9111 1 8943 4128 9112 4128 7305 4128 8125 4129 2473 4129 1736 4129 865 0 8125 0 866 0 6812 5 7293 5 6877 5 1547 0 1735 0 4459 0 1547 4130 525 4130 1545 4130 1274 4131 593 4131 595 4131 4063 4132 3807 4132 4064 4132 4063 4133 5970 4133 8705 4133 4868 4134 2267 4134 8472 4134 2223 0 6105 0 6583 0 2942 4135 2941 4135 6905 4135 8155 4136 8311 4136 8092 4136 7793 4137 9113 4137 7976 4137 3579 8 4239 8 1270 8 7693 5 2157 5 9114 5 7207 4138 8857 4138 7206 4138 4490 5 8543 5 675 5 6819 4139 3872 4139 6208 4139 2248 0 4858 0 4857 0 1454 291 1453 291 4301 291 142 4140 3910 4140 143 4140 4164 5 1917 5 6701 5 3622 8 8967 8 1491 8 3020 9 4033 9 2244 9 9115 9 6994 9 4032 9 6262 0 8641 0 785 0 1725 8 2110 8 9102 8 5878 5 4519 5 8486 5 963 1 965 1 8106 1 8716 1 8717 1 7125 1 1513 4141 1610 4141 8752 4141 823 4142 7423 4142 8739 4142 3639 352 1543 352 3641 352 897 5 2140 5 896 5 5946 4143 2707 4143 5944 4143 8725 4144 8031 4144 1663 4144 8922 4145 1516 4145 7644 4145 870 4146 872 4146 1470 4146 1467 8 1270 8 4239 8 7779 4147 7963 4147 8158 4147 7819 1 5923 1 2075 1 2201 4148 2202 4148 5182 4148 4375 0 1484 0 9031 0 2806 4149 2808 4149 3423 4149 8812 4150 8441 4150 5745 4150 1910 4151 1331 4151 1330 4151 3484 4152 762 4152 2665 4152 4394 1 7005 1 63 1 9116 4153 7802 4153 9117 4153 7264 4154 7806 4154 1018 4154 9118 4155 1789 4155 1386 4155 1606 4156 1540 4156 4639 4156 4461 4157 436 4157 435 4157 8071 0 864 0 8072 0 870 4158 1470 4158 1469 4158 5094 4159 8797 4159 5092 4159 2281 4160 2280 4160 1844 4160 5653 1 4998 1 9119 1 6745 4161 2097 4161 2215 4161 8318 4162 535 4162 8777 4162 1926 4163 1997 4163 1996 4163 7860 8 2261 8 9077 8 1458 4164 1457 4164 3619 4164 4348 339 1732 339 1731 339 9120 4165 8193 4165 7541 4165 1802 4166 7784 4166 1803 4166 1698 4119 9097 4119 8518 4119 5552 1 9121 1 9122 1 8967 8 8750 8 1466 8 7348 4167 9123 4167 7349 4167 4281 4168 1552 4168 1713 4168 8331 9 8856 9 7207 9 1992 1 1994 1 1954 1 9124 4169 9000 4169 6168 4169 4003 5 7650 5 413 5 6857 5 1712 5 3808 5 4893 339 1712 339 1711 339 1918 9 1920 9 3845 9 5081 345 1734 345 1697 345 1704 4170 4278 4170 9098 4170 7872 4171 9125 4171 9126 4171 9127 0 1035 0 9128 0 5233 4172 5738 4172 822 4172 9098 5 1198 5 57 5 7485 1 2114 1 5503 1 372 5 374 5 1031 5 3700 9 7278 9 9020 9 7004 4173 2138 4173 5211 4173 3602 4174 1617 4174 7990 4174 9129 0 8657 0 3204 0 2220 4175 8269 4175 2331 4175 6721 9 7645 9 8904 9 6365 4176 7705 4176 1993 4176 7946 4177 8944 4177 2147 4177 4120 5 4121 5 2117 5 2205 0 2204 0 881 0 9130 4178 7429 4178 7430 4178 1719 8 4999 8 8721 8 5000 348 1719 348 1718 348 3494 0 7253 0 7779 0 1217 5 6778 5 7974 5 9131 4179 8886 4179 9132 4179 9094 386 1579 386 4275 386 1600 4180 1572 4180 3558 4180 1515 9 1517 9 3851 9 7551 1 9133 1 1499 1 5289 4181 5655 4181 5287 4181 3353 5 1657 5 6761 5 8648 5 8704 5 1460 5 2228 8 7134 8 7133 8 1189 8 1650 8 1605 8 7371 164 9134 164 2230 164 4084 4182 4083 4182 4817 4182 5490 1 5492 1 9135 1 2604 8 6020 8 5682 8 3693 4183 1645 4183 4943 4183 6715 4184 1293 4184 1292 4184 4152 4185 4266 4185 7395 4185 8146 1 1727 1 1729 1 5447 4186 2203 4186 5448 4186 8043 0 4857 0 9136 0 9137 5 9138 5 7222 5 582 4187 5014 4187 6326 4187 5463 4188 8594 4188 5483 4188 1657 5 1659 5 9139 5 1674 350 9099 350 1659 350 7415 9 9140 9 9141 9 3739 9 9142 9 9132 9 1725 348 9102 348 9101 348 6901 8 1725 8 1724 8 4030 4189 3614 4189 3569 4189 3982 4190 1691 4190 8893 4190 5671 0 2014 0 2013 0 8740 828 3599 828 3598 828 8771 829 1678 829 3584 829 3588 4191 3740 4191 4286 4191 5353 4192 7108 4192 5249 4192 3623 4193 1670 4193 8755 4193 1625 4194 1664 4194 8759 4194 4514 4195 7730 4195 3334 4195 1652 4196 1616 4196 8878 4196 8607 0 8757 0 5 0 8031 3611 8725 3611 8032 3611 9143 4197 4165 4197 4164 4197 4330 3719 1669 3719 8743 3719 7460 0 9144 0 7461 0 987 0 2077 0 5323 0 3625 4198 1671 4198 8749 4198 7637 4199 7636 4199 7830 4199 6086 4200 2184 4200 8025 4200 2228 4201 4285 4201 1010 4201 3625 4202 3623 4202 3626 4202 4829 1 6774 1 2069 1 1041 8 1042 8 755 8 9145 9 8829 9 8831 9 8638 0 5429 0 9146 0 9147 1 5881 1 5880 1 8839 4203 1004 4203 9074 4203 6758 4204 8721 4204 1634 4204 9148 8 7403 8 5260 8 7779 4205 8158 4205 7960 4205 7609 9 7415 9 1991 9 2082 0 4374 0 5959 0 527 4206 7801 4206 7800 4206 9149 4207 1589 4207 2017 4207 9150 4208 7430 4208 8828 4208 5205 4209 5204 4209 1323 4209 5218 4210 7052 4210 7065 4210 7186 9 2240 9 1515 9 8330 9 8819 9 8856 9 964 4211 963 4211 7845 4211 3911 1956 6978 1956 3912 1956 4083 0 4818 0 4817 0 1850 4212 8787 4212 1851 4212 5894 4213 5896 4213 5002 4213 7206 4214 1943 4214 1942 4214 3644 4215 6659 4215 8722 4215 8144 4216 2112 4216 8418 4216 7823 4217 7022 4217 7024 4217 1816 4218 72 4218 1721 4218 2236 4219 2235 4219 3700 4219 9151 1 1439 1 1062 1 1580 4114 1384 4114 9103 4114 1580 5 1579 5 6446 5 9152 4220 9153 4220 1591 4220 1568 4221 9100 4221 1569 4221 9131 4222 8922 4222 7644 4222 7371 164 7370 164 9154 164 2699 8 9155 8 4925 8 5167 4223 7787 4223 5168 4223 1145 4224 8729 4224 1457 4224 3738 9 7206 9 8835 9 7571 4225 6421 4225 959 4225 4773 5 710 5 5135 5 4892 4226 3806 4226 3808 4226 9156 1 9157 1 9158 1 8067 4227 2218 4227 9159 4227 8075 4228 8074 4228 9160 4228 2255 8 9161 8 8009 8 1099 4229 8625 4229 6341 4229 1006 4230 9074 4230 1004 4230 8517 8 1548 8 3097 8 5957 0 6666 0 6481 0 1531 1081 1530 1081 1730 1081 8194 4231 4716 4231 4715 4231 9162 4169 8589 4169 1529 4169 1549 348 1548 348 9096 348 8791 4232 4218 4232 4217 4232 1521 4233 4447 4233 5928 4233 7842 8 7499 8 9161 8 8 4234 5283 4234 8512 4234 4343 4141 3644 4141 4344 4141 8082 4235 6468 4235 7971 4235 4932 5 6392 5 2880 5 8037 1 8332 1 9054 1 5768 1 1538 1 9163 1 1611 4236 1533 4236 8754 4236 606 4237 608 4237 5635 4237 8748 3850 3639 3850 3638 3850 6659 4238 3649 4238 8895 4238 7513 4239 8108 4239 6445 4239 4836 4240 8453 4240 7752 4240 6850 8 5111 8 50 8 7304 4241 3515 4241 8179 4241 1595 4242 4323 4242 8867 4242 7489 1 7523 1 9164 1 6739 1 6741 1 9165 1 8848 9 8818 9 8820 9 8377 4243 1747 4243 5706 4243 4954 4244 121 4244 4952 4244 7307 8 1476 8 8725 8 2043 5 2042 5 4776 5 1492 8 1473 8 8743 8 5412 0 3120 0 3337 0 8857 9 8830 9 8835 9 8967 8 3622 8 8750 8 5362 0 482 0 3499 0 6508 4245 5445 4245 5444 4245 1377 4246 7194 4246 1929 4246 6452 9 5706 9 6114 9 8493 9 1747 9 8376 9 7726 9 8189 9 49 9 8376 9 7726 9 8493 9 9166 4247 1450 4247 4355 4247 9166 4248 9167 4248 8855 4248 2877 4249 2876 4249 3056 4249 8360 1 6823 1 1429 1 8360 1 5240 1 1410 1 2801 4250 7861 4250 4986 4250 3798 1 8249 1 6517 1 5226 4251 7767 4251 8711 4251 6206 0 6205 0 4175 0 6206 4252 8914 4252 8915 4252 9168 5 376 5 5360 5 9151 4253 1062 4253 1064 4253 3757 4254 7999 4254 3114 4254 3757 1 3756 1 6315 1 9169 4255 8236 4255 1036 4255 6329 5 3110 5 3109 5 2882 5 830 5 1897 5 5929 4256 5931 4256 7549 4256 9058 0 5787 0 1280 0 7726 9 49 9 1748 9 2385 8 6766 8 2386 8 1707 4257 6766 4257 6765 4257 7328 1 969 1 971 1 7328 1 6357 1 7327 1 9170 1 9171 1 2150 1 9170 4258 5829 4258 1064 4258 8073 1 8727 1 9172 1 9173 4259 5170 4259 5172 4259 2386 8 1752 8 6720 8 1752 4260 1707 4260 1750 4260 25 4261 24 4261 8040 4261 3499 0 5797 0 26 0 9174 0 1421 0 4178 0 9174 0 901 0 903 0 9175 0 9176 0 1420 0 9175 0 5193 0 903 0 7213 164 747 164 746 164 9105 0 1447 0 1449 0 9177 0 9178 0 1423 0 9177 0 5193 0 5194 0 1475 8 4575 8 1481 8 6583 0 8776 0 4448 0 7182 1 5240 1 5388 1 7182 1 2055 1 7183 1 6185 4262 6163 4262 1905 4262 2528 8 2527 8 5679 8 9179 0 1418 0 3329 0 9179 0 5656 0 5194 0 5791 0 2091 0 5450 0 1116 5 2790 5 6519 5 5048 1 6888 1 5047 1 5048 1 8013 1 2137 1 2138 1 8995 1 5211 1 1221 4263 8995 4263 1222 4263 2138 1 7004 1 2137 1 63 1 4392 1 4394 1 8399 4264 6606 4264 7808 4264 1439 4265 8074 4265 1062 4265 7989 1 4347 1 9160 1 3142 1 1758 1 1757 1 7578 1 2823 1 8642 1 4079 4266 4069 4266 8266 4266 9180 1 916 1 918 1 9180 1 7830 1 5672 1 4746 4267 4069 4267 4747 4267 114 4268 130 4268 8617 4268 6114 4269 7797 4269 6878 4269 4384 245 713 245 4533 245 9181 1 1436 1 2903 1 9181 1 4126 1 6111 1 8144 0 6622 0 2112 0 1416 4270 5300 4270 5091 4270 3519 164 3286 164 3520 164 6567 4271 7669 4271 8110 4271 1620 5 1779 5 5230 5 1406 5 1620 5 1404 5 2794 4272 881 4272 2204 4272 2794 4273 2793 4273 5624 4273 3267 4274 8046 4274 5010 4274 8046 1 6110 1 6111 1 8536 1 8365 1 7575 1 7819 4275 7820 4275 5925 4275 9182 4276 1427 4276 4136 4276 9182 4277 5387 4277 5388 4277 4604 1 2479 1 9183 1 2478 4278 4614 4278 2479 4278 9183 1 4616 1 8335 1 9184 4279 4616 4279 4615 4279 6801 4280 8739 4280 6502 4280 5468 4281 8751 4281 7334 4281 6917 0 8123 0 6916 0 4134 4282 7672 4282 7791 4282 727 245 738 245 725 245 4107 4283 4109 4283 7978 4283 9185 4284 881 4284 1380 4284 9185 0 7630 0 882 0 6088 8 624 8 1816 8 534 8 9186 8 623 8 7086 5 6386 5 8010 5 5241 4285 6386 4285 5242 4285 6454 4286 1105 4286 6110 4286 8570 1 5910 1 7327 1 947 164 1412 164 1414 164 1938 4287 1937 4287 7524 4287 8775 5 1100 5 3695 5 5835 4288 5542 4288 8775 4288 6869 1 6870 1 1368 1 6869 1 6214 1 6215 1 722 1 3236 1 6366 1 8266 0 6536 0 8267 0 3051 4289 6536 4289 6535 4289 9187 4290 8261 4290 9188 4290 8261 4291 2944 4291 5644 4291 1372 4292 1233 4292 1959 4292 4384 8 738 8 7174 8 727 8 9186 8 7921 8 70 4293 9189 4293 5020 4293 9186 8 727 8 9190 8 7880 4294 8661 4294 6438 4294 6721 9 8904 9 1944 9 1358 1 1875 1 1884 1 18 1 4504 1 19 1 5616 4295 4170 4295 2168 4295 1350 4296 1349 4296 6968 4296 4045 5 4047 5 2315 5 1559 5 776 5 778 5 1559 4297 3890 4297 1560 4297 5782 0 9037 0 6626 0 3266 1 6455 1 3267 1 6110 4298 6455 4298 6454 4298 7506 1 4370 1 4372 1 7506 4299 3063 4299 5911 4299 9191 4300 1389 4300 2321 4300 9191 4301 5718 4301 4615 4301 6185 4302 1905 4302 6953 4302 9192 184 5021 184 5020 184 4441 1 1374 1 1373 1 4157 1 6399 1 1627 1 6159 5 3892 5 7676 5 9193 5 5541 5 5542 5 9194 1 2209 1 1371 1 9194 4303 6214 4303 6133 4303 312 4304 3966 4304 315 4304 9195 0 1980 0 1343 0 9195 4305 2793 4305 5423 4305 7856 4306 9196 4306 7854 4306 316 4307 2119 4307 318 4307 2054 4308 6755 4308 8988 4308 5267 0 6755 0 8579 0 9197 4309 7336 4309 5724 4309 5723 164 5722 164 7839 164 6410 0 4747 0 1432 0 4056 4310 4260 4310 8517 4310 1394 4311 3749 4311 1392 4311 4544 288 4543 288 1010 288 1009 288 1008 288 1197 288 8660 8 6435 8 2046 8 3423 8 5999 8 2926 8 3748 1 6515 1 8249 1 6435 8 6437 8 8294 8 9186 8 534 8 536 8 9198 9 1919 9 4234 9 2125 4304 2124 4304 6971 4304 6761 4312 1657 4312 6136 4312 7459 4313 9199 4313 1391 4313 2478 1 7459 1 4614 1 4465 5 8135 5 9200 5 7463 4314 4541 4314 888 4314 7463 0 3052 0 6535 0 9201 4315 7261 4315 9202 4315 9201 1 7907 1 2785 1 9203 4316 3197 4316 3196 4316 9203 5 776 5 5198 5 9204 5 1106 5 816 5 9204 5 5541 5 778 5 1326 5 1325 5 9205 5 9205 4317 5944 4317 5945 4317 5196 5 9206 5 1561 5 9207 5 998 5 5198 5 9208 4318 9209 4318 3176 4318 4142 4319 717 4319 4143 4319 7993 8 5332 8 8174 8 6731 5 1242 5 9087 5 4104 4320 2475 4320 5727 4320 2393 1 1329 1 4143 1 6047 4321 9210 4321 9211 4321 910 1 912 1 1331 1 4025 4322 4026 4322 5826 4322 5814 1 8050 1 5813 1 9212 1 1366 1 3044 1 9212 4323 6132 4323 6133 4323 9213 4324 8608 4324 459 4324 9214 4325 5945 4325 8030 4325 3737 277 846 277 1039 277 9169 8 2263 8 2262 8 9215 204 9216 204 3914 204 9216 267 977 267 976 267 3914 4326 9217 4326 9215 4326 9217 267 900 267 899 267 2666 889 1040 889 845 889 848 204 4000 204 761 204 1117 205 1116 205 1067 205 2654 277 1069 277 1068 277 863 204 1131 204 861 204 1720 4327 9021 4327 6457 4327 1210 871 9218 871 9219 871 9218 208 797 208 796 208 9219 208 1054 208 1210 208 8067 5 8533 5 2218 5 4472 204 9220 204 589 204 9221 204 1076 204 589 204 1218 632 839 632 1219 632 2576 208 840 208 839 208 1220 261 2820 261 1084 261 4441 4328 1373 4328 5497 4328 1123 208 2883 208 2882 208 1122 208 1121 208 919 208 868 223 920 223 869 223 7113 208 807 208 9222 208 4980 512 808 512 807 512 2186 4329 856 4329 9223 4329 9224 204 856 204 857 204 9223 204 9225 204 2186 204 9225 267 895 267 894 267 9222 871 1014 871 7113 871 9226 208 1015 208 1014 208 9227 208 1113 208 2980 208 1114 871 9228 871 1112 871 9228 278 1050 278 1049 278 2832 1 8014 1 582 1 1202 4330 1107 4330 3197 4330 9229 268 1160 268 1159 268 9229 270 1159 270 972 270 982 275 974 275 973 275 9230 632 3480 632 1077 632 1084 280 1079 280 1078 280 1214 204 1213 204 2993 204 1217 253 1212 253 2655 253 8440 248 8441 248 9231 248 8441 4331 1048 4331 1211 4331 9232 4332 7702 4332 5264 4332 3197 205 997 205 1202 205 9231 208 9233 208 8440 208 9233 212 1053 212 1052 212 5669 4333 7248 4333 5670 4333 9226 871 1203 871 1015 871 1188 193 9234 193 1189 193 9234 154 1193 154 1192 154 1042 4334 519 4334 6501 4334 995 205 1200 205 996 205 4472 205 6932 205 9220 205 6932 204 773 204 772 204 3758 4335 1177 4335 1172 4335 7967 5 7277 5 2714 5 956 679 4351 679 4350 679 1168 4336 952 4336 1166 4336 3853 264 953 264 952 264 3660 4337 3659 4337 9235 4337 3659 232 938 232 937 232 2333 4338 1908 4338 6553 4338 9090 270 4270 270 4001 270 9235 204 925 204 3660 204 1164 232 926 232 925 232 9236 225 4188 225 4187 225 4001 270 4212 270 9090 270 4512 270 4214 270 4213 270 4723 4339 620 4339 6586 4339 1165 222 4590 222 2938 222 6159 4340 7648 4340 6160 4340 1174 925 3854 925 3853 925 9237 531 9238 531 8024 531 9238 223 880 223 879 223 1753 0 9239 0 1754 0 1144 679 877 679 2981 679 954 4341 8909 4341 955 4341 8909 1958 1143 1958 1180 1958 938 222 1170 222 936 222 4350 272 1171 272 1170 272 5209 4342 1393 4342 1392 4342 880 925 1138 925 878 925 9236 1958 874 1958 4188 1958 2981 222 875 222 874 222 8024 236 7714 236 9237 236 7714 264 962 264 961 264 3098 223 1184 223 1136 223 898 273 900 273 1147 273 2139 225 1149 225 1148 225 8017 4343 914 4343 9240 4343 2996 228 915 228 914 228 9240 216 1154 216 8017 216 920 214 868 214 1154 214 897 204 4536 204 2139 204 1705 4344 1696 4344 6371 4344 1135 267 4987 267 3496 267 9185 0 882 0 881 0 4986 204 3497 204 3496 204 1125 223 1124 223 829 223 2882 212 831 212 830 212 7698 5 8504 5 7519 5 1126 212 3682 212 2576 212 3080 204 2665 204 782 204 761 4329 783 4329 762 4329 1100 204 816 204 1101 204 1106 205 817 205 816 205 1218 4345 1220 4345 4165 4345 773 205 3695 205 771 205 3480 216 9230 216 812 216 2980 212 814 212 813 212 4981 208 1110 208 1109 208 3484 4346 760 4346 762 4346 2534 261 1111 261 1108 261 199 4347 3953 4347 277 4347 9123 5 2313 5 5307 5 7348 4348 5465 4348 9123 4348 8014 1 2832 1 4139 1 5014 1 582 1 8014 1 406 164 6368 164 3302 164 6368 164 7839 164 7841 164 8065 1 4726 1 1312 1 8065 1 9241 1 9242 1 4019 4349 3848 4349 3849 4349 7554 4350 5846 4350 4019 4350 9243 4351 2470 4351 8985 4351 8984 4352 2472 4352 5846 4352 3174 0 9243 0 5213 0 8985 4353 8984 4353 5214 4353 2775 4354 6009 4354 6040 4354 9244 4355 6040 4355 6009 4355 9155 4356 6042 4356 6041 4356 5276 4357 9245 4357 5340 4357 5276 4358 5441 4358 5277 4358 8405 0 5940 0 8266 0 5938 4359 5940 4359 659 4359 2482 4360 5720 4360 406 4360 7839 164 5720 164 5723 164 9003 4361 7583 4361 1896 4361 3956 4362 7583 4362 792 4362 1058 1 9246 1 5205 1 1056 4363 1058 4363 167 4363 9247 164 8262 164 9187 164 9248 0 1378 0 3189 0 9248 0 490 0 5626 0 4424 4364 5946 4364 5944 4364 8568 4365 339 4365 338 4365 3899 4366 1836 4366 8085 4366 749 192 748 192 1248 192 5199 8 9249 8 2216 8 5926 4367 1224 4367 8459 4367 8787 0 1850 0 8993 0 9250 0 8787 0 6527 0 6527 0 1320 0 3691 0 4989 0 909 0 7356 0 7367 0 4180 0 1322 0 7367 0 5540 0 4989 0 8353 1 1369 1 3795 1 1333 164 8162 164 2549 164 8593 4368 5369 4368 6986 4368 9208 164 3264 164 7567 164 9251 164 5643 164 5644 164 323 1 5497 1 324 1 323 4369 9241 4369 1096 4369 9252 4370 7913 4370 7657 4370 6523 4371 8102 4371 8170 4371 7335 164 9253 164 7840 164 4436 164 6369 164 7841 164 8035 1 168 1 8138 1 168 1 167 1 5207 1 5020 245 9190 245 9192 245 9190 245 727 245 726 245 4783 4372 6987 4372 4784 4372 732 213 731 213 4488 213 9254 5 890 5 892 5 9254 4373 5464 4373 5465 4373 8065 1 1311 1 9241 1 1311 4374 1310 4374 9255 4374 9255 1 1310 1 3156 1 9255 1 1092 1 1096 1 1788 5 7584 5 7229 5 164 3026 4570 3026 162 3026 7778 0 7253 0 7252 0 7382 5 5536 5 5535 5 9028 4375 1305 4375 1302 4375 1556 4376 1305 4376 9057 4376 6772 4377 7199 4377 5284 4377 9056 1 1839 1 1838 1 8516 1 1863 1 1862 1 9028 1 1863 1 1865 1 9056 1 1303 1 1302 1 9029 1 1303 1 4563 1 8358 4378 7016 4378 5410 4378 5260 4379 5259 4379 9148 4379 3006 4380 9039 4380 8972 4380 2281 0 8508 0 9256 0 8508 0 5409 0 5410 0 9039 1 1864 1 2840 1 8976 4381 8975 4381 1296 4381 8033 0 8976 0 5409 0 7357 0 8507 0 2281 0 5409 0 8507 0 8033 0 8997 0 7625 0 7910 0 9257 4382 214 4382 4820 4382 6388 0 3219 0 7918 0 9258 1 2456 1 7481 1 4156 4383 7511 4383 6399 4383 7511 1 7522 1 1958 1 7985 4384 9259 4384 2151 4384 9259 4385 9260 4385 678 4385 8998 0 5625 0 5626 0 1375 4386 8998 4386 4022 4386 3681 1 1245 1 9261 1 3681 4387 616 4387 7955 4387 4891 8 7951 8 8089 8 7952 4388 9157 4388 5985 4388 7998 1 1290 1 2989 1 1288 1 1290 1 2252 1 596 0 2153 0 8374 0 8372 4389 9262 4389 5592 4389 416 4390 5666 4390 1252 4390 3762 193 514 193 432 193 6801 161 521 161 827 161 7761 1 3154 1 8146 1 1256 213 1255 213 767 213 7804 4391 8131 4391 8082 4391 770 213 768 213 646 213 7792 4392 2977 4392 7958 4392 8089 213 9263 213 9264 213 9265 1 4749 1 4750 1 2988 1 1289 1 8254 1 720 213 719 213 9266 213 7813 213 1026 213 707 213 2159 4393 6074 4393 6441 4393 1287 213 1286 213 1025 213 2252 1 2254 1 1288 1 9267 0 9268 0 1258 0 8157 4394 7963 4394 7962 4394 5592 0 9269 0 8372 0 9270 0 9062 0 1261 0 7979 8 4109 8 706 8 7436 0 1818 0 1281 0 8530 4395 3170 4395 9271 4395 9272 0 7857 0 4387 0 9063 0 4454 0 4453 0 9273 0 3102 0 2033 0 6584 0 8181 0 6622 0 7191 0 9274 0 8380 0 3165 4396 1051 4396 1055 4396 8146 1 1729 1 7761 1 9275 1 1233 1 1374 1 9275 1 1092 1 1094 1 498 193 3761 193 1536 193 9276 0 9277 0 7310 0 824 185 828 185 9278 185 9279 1 3153 1 1235 1 1766 192 647 192 1043 192 938 5 9280 5 7006 5 1041 288 1044 288 520 288 8147 1 9281 1 8079 1 5118 1360 640 1360 756 1360 596 0 8373 0 3124 0 515 193 4537 193 1038 193 1271 4397 8724 4397 1453 4397 7943 192 1238 192 1237 192 9282 1 6112 1 1094 1 1227 0 3178 0 1228 0 4421 3277 7048 3277 4422 3277 1250 0 5820 0 1251 0 7191 0 8380 0 9283 0 9026 0 5400 0 4509 0 9026 0 7308 0 7310 0 9284 0 1150 0 4039 0 9284 0 1856 0 5550 0 9058 0 1282 0 7478 0 9063 0 1282 0 1281 0 5771 0 3306 0 8379 0 1190 154 5021 154 1188 154 9190 184 726 184 9192 184 9285 0 4760 0 4761 0 10 4398 8935 4398 11 4398 5429 4399 7887 4399 9146 4399 9286 1 6478 1 1264 1 3087 4400 950 4400 5354 4400 1249 0 9043 0 1250 0 1098 1 2963 1 705 1 9287 0 5549 0 5550 0 7979 192 708 192 9288 192 5664 4401 9289 4401 5665 4401 4701 4402 7202 4402 7965 4402 682 213 681 213 9290 213 5804 4403 3331 4403 2038 4403 1683 4404 1682 4404 6980 4404 8225 5 2042 5 2041 5 4469 4405 166 4405 8035 4405 166 4406 1056 4406 167 4406 156 3026 3921 3026 157 3026 6615 4407 3661 4407 633 4407 7006 4408 5253 4408 1170 4408 5324 4409 5326 4409 9291 4409 9263 192 8089 192 733 192 9292 0 1341 0 3190 0 9292 4410 1378 4410 5624 4410 8482 5 470 5 1982 5 2608 4411 5934 4411 6602 4411 381 4412 3985 4412 383 4412 3108 0 5767 0 1932 0 2461 1 9293 1 5207 1 9294 4413 8522 4413 1326 4413 3132 4414 7296 4414 102 4414 787 0 786 0 2825 0 9279 1 1234 1 6112 1 9275 1 1234 1 1233 1 9255 1 1093 1 1092 1 9282 1 1093 1 2300 1 702 8 2263 8 1036 8 2532 4415 5708 4415 2533 4415 795 5 7501 5 7502 5 8916 0 5085 0 5469 0 5763 0 5934 0 1447 0 7712 0 5601 0 7614 0 1037 8 1038 8 1915 8 3312 5 3313 5 6689 5 8534 4416 7082 4416 8137 4416 7193 0 1376 0 8137 0 2052 4417 994 4417 4130 4417 8122 0 8121 0 2053 0 3100 0 9295 0 3101 0 823 8 825 8 7843 8 2585 5 9296 5 8012 5 3777 5 7861 5 3778 5 6099 4418 6098 4418 3779 4418 2062 0 8260 0 9297 0 306 8 308 8 1028 8 682 4419 308 4419 6781 4419 932 4420 8355 4420 930 4420 3693 8 1034 8 1645 8 6805 5 1215 5 9298 5 2654 5 6779 5 6778 5 4669 4421 3697 4421 9273 4421 7983 4422 3697 4422 5192 4422 2274 5 7906 5 2275 5 953 4423 2274 4423 6336 4423 5317 5 879 5 5170 5 5131 4424 1184 4424 1733 4424 9299 4425 890 4425 1314 4425 9299 4426 5697 4426 5699 4426 9300 4427 978 4427 2315 4427 9300 4428 5464 4428 5466 4428 2802 5 854 5 9076 5 6852 4429 998 4429 9301 4429 6852 4430 56 4430 58 4430 7986 4431 9015 4431 9302 4431 9014 4432 954 4432 8133 4432 860 4433 1361 4433 3330 4433 9177 4434 1422 4434 5193 4434 9174 4435 1422 4435 1421 4435 9151 1 1064 1 5831 1 9170 4436 1064 4436 1063 4436 7936 5 1772 5 9087 5 8094 4437 1772 4437 1771 4437 8026 1 5477 1 5819 1 3010 4438 8917 4438 8746 4438 302 4439 3099 4439 303 4439 8812 5 5745 5 6392 5 1194 1 1912 1 1911 1 1329 1 2393 1 1327 1 6876 1 1946 1 9303 1 3711 247 846 247 3710 247 796 212 9219 212 9218 212 5115 5 1054 5 9219 5 1054 208 1051 208 1209 208 5536 5 9304 5 1594 5 9221 204 589 204 9220 204 7895 0 5717 0 5716 0 838 261 1219 261 839 261 5490 1 8677 1 5491 1 5816 4440 5818 4440 6826 4440 8719 4441 7534 4441 9305 4441 5106 5 7618 5 7620 5 2820 255 1220 255 1219 255 1756 1 1758 1 8906 1 869 216 919 216 1121 216 5421 1 8491 1 5422 1 806 208 9222 208 807 208 5751 1 4733 1 3669 1 1729 1 1957 1 7761 1 910 1 1019 1 911 1 6851 8 50 8 52 8 4000 204 848 204 1117 204 1708 8 9104 8 1709 8 1485 4442 7096 4442 1753 4442 9224 205 9223 205 856 205 6551 8 5260 8 3293 8 3102 0 7984 0 3100 0 856 4443 2186 4443 2188 4443 894 204 2186 204 9225 204 8334 0 9306 0 9307 0 1131 4444 863 4444 6098 4444 1131 277 3711 277 1130 277 9249 4445 3745 4445 7950 4445 807 5 7113 5 794 5 1013 212 7113 212 1014 212 6951 451 339 451 8568 451 4491 4446 1113 4446 1112 4446 1049 212 1112 212 9228 212 1049 5 1048 5 8543 5 7638 5 7325 5 7898 5 8554 4447 5876 4447 851 4447 9172 1 9171 1 1063 1 3984 4448 7044 4448 7057 4448 9308 0 8120 0 820 0 3196 204 1107 204 1106 204 7623 4449 7909 4449 6073 4449 7321 5 1158 5 2996 5 1656 5 7613 5 1654 5 4141 4450 5220 4450 7297 4450 9217 4451 3914 4451 892 4451 976 204 3914 204 9216 204 976 5 975 5 5466 5 9174 0 4177 0 901 0 899 205 9215 205 9217 205 991 0 4176 0 5356 0 9309 1 7215 1 5206 1 9227 208 1114 208 1113 208 2391 1 5552 1 2392 1 9310 1 9246 1 1058 1 7623 1 9311 1 7909 1 1158 223 1160 223 2996 223 973 270 972 270 1159 270 9312 1 7329 1 6443 1 1087 0 3663 0 3665 0 3313 5 1078 5 3480 5 3304 0 8235 0 3305 0 8515 1 1335 1 1337 1 3075 1 6220 1 802 1 711 0 8251 0 712 0 1068 205 1067 205 1116 205 8705 5 8706 5 6209 5 744 4452 3783 4452 742 4452 744 8 714 8 9079 8 3784 245 702 245 704 245 3000 3398 6837 3398 4080 3398 827 4453 826 4453 6801 4453 824 8 823 8 826 8 520 4453 519 4453 1041 4453 767 4454 766 4454 1256 4454 6553 4455 2331 4455 2333 4455 9290 192 1027 192 682 192 1028 8 1027 8 1256 8 9266 4454 751 4454 720 4454 1976 8 751 8 1287 8 1025 4454 1024 4454 1287 4454 7644 9 2240 9 6911 9 750 8 731 8 3746 8 4488 213 750 213 749 213 3070 4456 1011 4456 748 4456 1248 4457 1011 4457 1197 4457 3734 245 639 245 641 245 3694 8 3734 8 3692 8 1034 245 3692 245 4378 245 7911 4458 9313 4458 8202 4458 1078 261 1077 261 3480 261 4831 1 1081 1 7269 1 6778 4459 1217 4459 2654 4459 1358 1 1884 1 1359 1 3930 4382 8605 4382 3931 4382 1214 205 2993 205 1076 205 9080 0 9082 0 1046 0 9314 0 4163 0 4162 0 1217 247 2655 247 2654 247 1211 278 9231 278 8441 278 9315 1 7521 1 5949 1 5739 5 1927 5 5946 5 9170 1 2150 1 2149 1 3196 5 1106 5 777 5 997 4460 3197 4460 1000 4460 1201 204 997 204 996 204 8473 5 7502 5 8474 5 1052 208 8440 208 9233 208 3165 4461 1052 4461 1051 4461 9189 8 9190 8 5020 8 71 8 1190 8 1605 8 772 205 9220 205 6932 205 9129 0 6676 0 8657 0 9083 0 6675 0 9316 0 1043 4462 754 4462 1766 4462 5519 4463 3519 4463 3521 4463 8094 4464 2666 4464 845 4464 1040 277 2666 277 3080 277 3986 3277 180 3277 9317 3277 2219 5 1123 5 2882 5 2883 212 1123 212 1122 212 869 5 1121 5 8650 5 1033 154 687 154 689 154 1036 245 5076 245 5078 245 9169 8 1036 8 2263 8 1998 4465 2638 4465 1999 4465 707 4454 706 4454 7813 4454 9288 192 683 192 7979 192 5877 4466 5878 4466 8486 4466 1194 1 1196 1 4186 1 3181 248 1205 248 1204 248 9318 4467 7892 4467 6101 4467 1008 4457 1010 4457 4543 4457 9234 193 1192 193 1189 193 161 1738 3918 1738 162 1738 1200 4460 995 4460 58 4460 4895 253 1200 253 1199 253 4129 0 993 0 4390 0 1177 5 962 5 452 5 433 8 9319 8 431 8 1177 925 3758 925 962 925 1796 0 1798 0 8369 0 4351 4468 956 4468 955 4468 6716 0 4041 0 7162 0 4816 4469 6964 4469 6950 4469 227 4470 5239 4470 228 4470 951 223 1166 223 952 223 6336 4471 951 4471 953 4471 3488 0 7886 0 939 0 937 282 9235 282 3659 282 2825 4472 3120 4472 787 4472 3487 0 5273 0 5956 0 5234 5 5236 5 1760 5 8518 8 4260 8 1698 8 1167 5 1166 5 7649 5 7229 4473 2947 4473 3354 4473 924 229 3660 229 925 229 924 5 926 5 6117 5 7759 4474 9320 4474 5252 4474 4270 270 1168 270 1167 270 2835 4475 9321 4475 9322 4475 8464 4476 6689 4476 3481 4476 1165 4477 2938 4477 929 4477 4590 4478 1165 4478 1164 4478 9323 0 9324 0 5955 0 131 1 852 1 132 1 7994 4479 5848 4479 5715 4479 8915 4480 9325 4480 6204 4480 3488 4481 9325 4481 9107 4481 8115 0 4687 0 4686 0 9326 0 4539 0 8900 0 877 222 1144 222 1143 222 1180 1958 955 1958 8909 1958 7137 0 7136 0 8999 0 7906 5 3854 5 1173 5 5281 4482 5280 4482 7762 4482 3854 264 1174 264 1173 264 879 925 8024 925 9238 925 7714 4483 8024 4483 5319 4483 877 5 1143 5 8910 5 954 5 9014 5 8907 5 7170 0 9327 0 886 0 8824 4484 2157 4484 7692 4484 2833 1 4139 1 2832 1 8967 8 7520 8 8796 8 873 272 4188 272 874 272 873 5 875 5 7270 5 1181 5 4188 5 980 5 4187 4485 1181 4485 977 4485 2497 8 1129 8 2495 8 852 1 8207 1 853 1 961 264 9237 264 7714 264 8554 1 8773 1 5876 1 133 1 6356 1 8206 1 2416 236 1138 236 1137 236 9328 1 9010 1 971 1 1184 228 3098 228 982 228 1169 222 936 222 1170 222 9108 0 940 0 4040 0 5554 1 5553 1 4036 1 4036 1 5553 1 8933 1 496 4486 5233 4486 822 4486 9329 1 969 1 1443 1 9329 1 6441 1 6443 1 1649 8 6456 8 1650 8 2187 5 894 5 5741 5 3331 5 9330 5 3332 5 7321 4487 2996 4487 8178 4487 5968 4488 0 4488 7825 4488 8125 0 865 0 2324 0 913 4489 9240 4489 914 4489 5361 8 3294 8 3293 8 9331 1 9332 1 918 1 1153 208 8017 208 1154 208 1153 4490 868 4490 4447 4490 1148 273 1147 273 900 273 9175 0 902 0 9176 0 5192 0 9333 0 7983 0 1148 5 900 5 5699 5 4536 205 897 205 895 205 4987 205 1135 205 855 205 7313 4491 8310 4491 8701 4491 7524 4492 1930 4492 1929 4492 3497 5 4986 5 7861 5 3497 4329 863 4329 862 4329 4987 5 855 5 2802 5 2578 5 1126 5 2576 5 3682 208 1126 208 1125 208 830 223 829 223 1124 223 3141 1 8635 1 3142 1 9334 1 8634 1 837 1 825 4493 7943 4493 1237 4493 9278 288 7943 288 824 288 9335 1360 821 1360 3395 1360 8000 4494 752 4494 1976 4494 720 8 752 8 721 8 5103 4495 6073 4495 5101 4495 8183 0 3204 0 8657 0 9336 5 792 5 2284 5 9336 4496 6803 4496 6172 4496 9337 1 1056 1 166 1 9337 1 5947 1 5949 1 4806 8 5920 8 3694 8 639 4497 5920 4497 5919 4497 7832 4498 7789 4498 54 4498 760 5 849 5 761 5 4937 8 4936 8 766 8 9159 5 2218 5 8855 5 1047 4499 5297 4499 5299 4499 9081 0 1047 0 1046 0 9141 4500 1989 4500 1991 4500 762 204 782 204 2665 204 8932 0 784 0 379 0 8655 0 8658 0 8656 0 2128 4501 7147 4501 7836 4501 815 204 1101 204 816 204 9338 0 4739 0 1855 0 813 208 812 208 9230 208 2965 5 812 5 814 5 8853 3603 8764 3603 8852 3603 9339 0 7816 0 2079 0 9340 1 8277 1 805 1 1110 212 4981 212 4980 212 1110 5 4980 5 6172 5 4139 1 4138 1 7732 1 2532 5 2534 5 1108 5 1111 212 2534 212 797 212 9204 4502 816 4502 2145 4502 5836 5 3695 5 773 5 1102 277 3695 277 1100 277 9341 1 4830 1 781 1 3836 9 8827 9 6906 9 646 4462 645 4462 770 4462 3616 1079 3654 1079 1119 1079 5499 4503 464 4503 9106 4503 6542 0 5184 0 8940 0 5919 8 756 8 639 8 733 4504 8089 4504 7951 4504 9263 213 733 213 732 213 9264 4454 721 4454 8089 4454 4890 8 721 8 752 8 5900 5 5902 5 3687 5 4533 1277 737 1277 4384 1277 713 8 4384 8 741 8 743 193 715 193 714 193 23 0 2059 0 2058 0 4471 5 589 5 588 5 9093 8 9019 8 8699 8 7439 4505 8278 4505 9342 4505 9249 4506 5199 4506 3745 4506 8627 5 4464 5 4463 5 2462 4507 779 4507 2463 4507 2462 4508 5204 4508 5206 4508 1559 4509 778 4509 3891 4509 9204 5 778 5 777 5 7987 4510 9302 4510 5253 4510 2475 4511 8008 4511 5725 4511 719 213 721 213 9264 213 9343 4512 5102 4512 1403 4512 9343 1 5291 1 5672 1 5424 4513 2792 4513 8899 4513 5424 4514 7315 4514 5423 4514 1316 5 1315 5 7274 5 4057 8 6087 8 8632 8 3310 4515 1309 4515 8459 4515 6179 8 6226 8 9344 8 4057 8 6226 8 6087 8 4424 5 1319 5 1315 5 9345 4516 3675 4516 6994 4516 8130 5 3092 5 39 5 6627 5 40 5 6628 5 409 4517 9346 4517 5580 4517 7561 0 409 0 6343 0 9344 8 8366 8 3096 8 4056 8 8366 8 4057 8 9275 1 1095 1 1092 1 323 1 1095 1 4441 1 9143 5 5174 5 4165 5 183 4518 3924 4518 185 4518 714 245 744 245 743 245 1286 213 751 213 9266 213 9166 5 4354 5 9167 5 4354 5 2024 5 1091 5 1091 4519 472 4519 5563 4519 4773 5 5135 5 4768 5 6692 4520 5135 4520 6701 4520 9283 0 3306 0 3305 0 3304 0 3467 0 403 0 8201 5 5121 5 1314 5 5245 4521 5244 4521 1759 4521 9159 5 9167 5 4546 5 2094 4522 2093 4522 9294 4522 1603 0 4092 0 1602 0 7827 4523 9242 4523 325 4523 843 5 562 5 564 5 9347 1 9348 1 658 1 9347 1 454 1 6061 1 1951 0 8316 0 4863 0 7694 0 5443 0 1953 0 9166 5 1451 5 1450 5 3085 0 3084 0 8765 0 3708 4524 3084 4524 5812 4524 8082 0 5849 0 6470 0 3784 184 704 184 3782 184 1024 192 1026 192 7813 192 8268 5 6402 5 281 5 9053 5 699 5 3037 5 9053 5 36 5 40 5 8718 5 6525 5 701 5 345 2641 326 2641 347 2641 2243 9 3752 9 2242 9 2243 9 2235 9 2237 9 6542 0 4249 0 3809 0 8765 0 6670 0 9349 0 3707 0 6670 0 3708 0 697 4525 6726 4525 8550 4525 9350 4526 6726 4526 6510 4526 2247 4527 8043 4527 8029 4527 667 4528 9351 4528 668 4528 7375 4529 667 4529 666 4529 6708 164 9351 164 619 164 6706 164 6708 164 7599 164 9352 0 9245 0 533 0 9352 0 5301 0 5744 0 8273 4530 6533 4530 8173 4530 6666 4531 5957 4531 8200 4531 7889 1 8344 1 7239 1 1036 184 5078 184 703 184 4743 8 2009 8 8390 8 706 4454 708 4454 7979 4454 5679 4532 8660 4532 2045 4532 4940 0 3105 0 7392 0 2789 5 850 5 849 5 4546 4533 9167 4533 5563 4533 9159 5 4546 5 4545 5 8171 4534 788 4534 5412 4534 788 4535 8170 4535 786 4535 5183 0 8940 0 5184 0 9260 4536 5253 4536 7006 4536 1819 1 1825 1 7531 1 89 4537 3889 4537 90 4537 3244 4538 3785 4538 5789 4538 544 164 541 164 9353 164 621 4539 620 4539 4725 4539 1250 4540 1857 4540 5820 4540 9035 4541 1857 4541 1856 4541 5905 4542 5907 4542 9211 4542 7460 4543 5766 4543 9144 4543 9324 0 5674 0 5956 0 3355 5 3181 5 1723 5 9323 0 6722 0 9354 0 6481 4544 6722 4544 5955 4544 3216 4545 9355 4545 9356 4545 611 4546 610 4546 7821 4546 3671 4547 5526 4547 8218 4547 5526 164 8435 164 7947 164 1033 184 689 184 5077 184 246 3026 8614 3026 9357 3026 681 213 683 213 9288 213 9351 164 6709 164 8255 164 8404 164 6709 164 6706 164 2602 8 8698 8 6219 8 5084 4548 5083 4548 637 4548 637 164 8381 164 6575 164 590 164 6705 164 2566 164 6706 4549 6705 4549 8404 4549 586 4550 8403 4550 575 4550 7848 4551 7168 4551 6453 4551 612 164 8434 164 9358 164 9359 164 6685 164 9360 164 7358 4552 6685 4552 6682 4552 7263 5 5371 5 7413 5 6582 164 8383 164 6649 164 3253 164 3252 164 622 164 1546 0 866 0 8125 0 5083 164 6650 164 8381 164 6582 164 6650 164 8383 164 9361 164 6713 164 9362 164 6711 4553 6713 4553 8398 4553 3672 164 570 164 9363 164 2878 5 3165 5 9364 5 7911 1 8202 1 5925 1 6734 164 8435 164 5525 164 3276 164 6688 164 579 164 8402 4554 6688 4554 4492 4554 5088 164 6648 164 9365 164 7352 164 9366 164 5628 164 96 4555 5347 4555 3297 4555 9360 164 8410 164 8412 164 8410 164 7358 164 5225 164 333 4556 1901 4556 335 4556 3230 164 8404 164 6594 164 3209 4557 599 4557 638 4557 2106 5 2107 5 5460 5 8971 9 7132 9 9367 9 638 4558 636 4558 2716 4558 3192 4559 8027 4559 2843 4559 3314 164 1503 164 7734 164 9362 164 6714 164 9368 164 8420 4560 6714 4560 6711 4560 2566 4561 591 4561 590 4561 1503 4562 591 4562 6703 4562 9369 164 6704 164 576 164 8402 4563 6704 4563 6703 4563 9370 164 6680 164 9361 164 8398 4564 6680 4564 6678 4564 7735 4565 6702 4565 9369 4565 6703 4566 6702 4566 1503 4566 9368 164 6684 164 9359 164 6682 164 6684 164 8420 164 585 4567 584 4567 9370 4567 6678 164 584 164 4493 164 6595 164 590 164 592 164 5929 1 464 1 5930 1 576 4568 575 4568 8403 4568 4492 164 575 164 8402 164 579 4569 578 4569 2566 4569 6703 4570 578 4570 8402 4570 2172 5 6811 5 9371 5 6668 164 7822 164 613 164 1767 8 753 8 8414 8 3253 164 1604 164 6663 164 2765 4571 3119 4571 2763 4571 5806 5 9372 5 6872 5 8255 4572 6690 4572 9373 4572 3230 4573 6690 4573 8404 4573 8951 4574 8103 4574 402 4574 2552 4575 2551 4575 7868 4575 2657 4576 2656 4576 8426 4576 2656 164 7939 164 3528 164 560 4576 559 4576 8427 4576 625 164 559 164 3527 164 627 4577 8427 4577 559 4577 9374 4578 9375 4578 6423 4578 2064 4579 2063 4579 554 4579 6749 4580 2063 4580 6750 4580 4607 164 4609 164 5527 164 4374 0 8979 0 1484 0 7879 1 9113 1 2397 1 2572 168 2571 168 548 168 2040 4581 545 4581 9376 4581 1969 4582 1971 4582 9377 4582 2716 164 635 164 6578 164 3738 9 9142 9 3739 9 6844 4583 8539 4583 4557 4583 5144 4584 5143 4584 627 4584 550 4585 2570 4585 2572 4585 561 4586 8426 4586 2656 4586 6204 0 9108 0 6205 0 549 164 2040 164 552 164 547 4587 3206 4587 9376 4587 4465 5 5836 5 4463 5 548 4588 4610 4588 4612 4588 2781 5 5865 5 6588 5 9378 164 3529 164 3530 164 7954 4589 2331 4589 7866 4589 3250 4590 6733 4590 8434 4590 6734 4591 6733 4591 8435 4591 571 164 5087 164 9379 164 7137 0 1293 0 6715 0 2566 4592 6707 4592 579 4592 7599 4593 6707 4593 6706 4593 5110 4594 543 4594 544 4594 5110 4595 3208 4595 547 4595 6698 0 6480 0 6665 0 4612 4596 4611 4596 542 4596 542 4585 5142 4585 5144 4585 5209 1 8964 1 1393 1 7274 5 1837 5 9380 5 1318 4597 7274 4597 1315 4597 9381 164 593 164 1762 164 9381 164 2625 164 5225 164 1187 4598 2638 4598 8697 4598 9382 4599 9120 4599 8084 4599 8347 4600 7398 4600 8171 4600 8170 4601 7398 4601 6523 4601 2028 5 4777 5 6617 5 569 4602 568 4602 3672 4602 8231 4603 9084 4603 8485 4603 362 164 364 164 3209 164 9383 4604 2209 4604 656 4604 9383 1 454 1 456 1 579 4605 8408 4605 3276 4605 8408 164 7599 164 6800 164 5516 164 6687 164 3276 164 4492 164 6687 164 4493 164 9249 8 7951 8 2214 8 2705 4606 625 4606 4373 4606 8007 1 8869 1 3946 1 7276 4607 7275 4607 8142 4607 494 4608 9116 4608 6695 4608 9384 164 6679 164 5516 164 4493 4609 6679 4609 6678 4609 9210 5 1999 5 7393 5 3251 4610 3250 4610 612 4610 6881 0 3311 0 1588 0 2161 1 2160 1 7661 1 9021 8 1650 8 6456 8 5960 4611 987 4611 986 4611 9385 1 657 1 3840 1 9385 1 7235 1 456 1 3326 4612 4669 4612 3220 4612 4149 4613 7900 4613 7884 4613 4497 4614 4499 4614 5714 4614 9386 4615 6352 4615 9356 4615 1034 184 4378 184 688 184 1255 213 1027 213 9290 213 2223 0 1743 0 6105 0 9109 4616 1743 4616 1742 4616 8255 4617 668 4617 9351 4617 307 4618 6781 4618 308 4618 7733 1 9048 1 5015 1 2082 0 7097 0 8979 0 4172 4619 1479 4619 8715 4619 938 4620 3659 4620 3661 4620 9387 8 1716 8 8298 8 4374 0 1484 0 4375 0 9084 4621 9388 4621 8485 4621 104 4622 3898 4622 107 4622 7096 0 7098 0 1753 0 7096 0 8979 0 7097 0 9239 0 1753 0 9389 0 8087 4623 680 4623 679 4623 325 4624 324 4624 4967 4624 6641 4625 9390 4625 8081 4625 669 164 2553 164 670 164 8163 164 671 164 670 164 9391 164 6677 164 9384 164 6678 164 6677 164 8398 164 2852 1 3077 1 4620 1 7638 5 6872 5 9372 5 1066 1 7486 1 3232 1 7299 0 525 0 2109 0 7299 4626 9392 4626 5960 4626 6764 5 1732 5 6371 5 663 4627 662 4627 2080 4627 3074 5 5440 5 3072 5 9133 4628 7671 4628 7673 4628 7759 4629 5898 4629 3679 4629 1239 1 1241 1 8203 1 9393 4630 9067 4630 1240 4630 1239 4631 9393 4631 1240 4631 1794 4632 1240 4632 9067 4632 2850 0 1157 0 1156 0 6797 164 9356 164 7939 164 6744 8 8000 8 6745 8 6744 8 2214 8 4891 8 5561 164 5962 164 5562 164 5562 164 666 164 621 164 298 4633 6712 4633 9391 4633 8398 164 6712 164 6711 164 4112 5 6629 5 8930 5 4112 4634 3827 4634 8718 4634 6694 4635 8400 4635 495 4635 258 4636 8209 4636 5437 4636 7536 1 7535 1 2407 1 3734 184 641 184 3733 184 766 192 768 192 770 192 9394 4637 490 4637 3992 4637 9394 0 6358 0 6140 0 9035 4638 3482 4638 662 4638 3482 0 1387 0 661 0 9105 0 488 0 5292 0 488 0 487 0 6140 0 7350 4639 7349 4639 8069 4639 7350 4640 5120 4640 8201 4640 3934 164 6710 164 298 164 6711 4641 6710 4641 8420 4641 9347 4642 658 4642 455 4642 4926 4643 4925 4643 9155 4643 3933 164 6683 164 3934 164 8420 4644 6683 4644 6682 4644 9395 4645 9348 4645 447 4645 9395 1 6465 1 5165 1 5467 164 2703 164 557 164 3527 164 4373 164 625 164 8652 164 7579 164 3287 164 7579 4646 6647 4646 5088 4646 4368 164 617 164 5082 164 4368 164 6799 164 6800 164 983 0 8057 0 1464 0 494 4647 6695 4647 6694 4647 7868 164 670 164 2553 164 8540 0 7532 0 6522 0 2247 0 8029 0 7555 0 9396 4648 654 4648 2164 4648 9396 4649 6059 4649 6061 4649 2489 0 461 0 7625 0 5828 0 7470 0 358 0 196 4650 3925 4650 197 4650 4546 5 1089 5 1088 5 5118 193 756 193 3207 193 4645 4651 7910 4651 4646 4651 9397 164 3265 164 3058 164 645 161 647 161 1766 161 8204 1 6598 1 7312 1 6598 1 1241 1 6596 1 1047 4652 5299 4652 9070 4652 3212 4653 3211 4653 9353 4653 8465 8 2496 8 4738 8 2464 4654 2496 4654 2495 4654 8531 4655 7518 4655 3061 4655 6050 5 7518 5 5241 5 7763 4656 506 4656 5621 4656 4723 164 4725 164 620 164 7569 4657 8524 4657 5704 4657 8916 4658 5469 4658 7259 4658 3269 4659 7210 4659 5226 4659 7210 164 7209 164 671 164 7463 0 3054 0 3052 0 3054 4660 887 4660 539 4660 3249 164 7948 164 3250 164 2217 4661 1897 4661 1451 4661 417 8 5200 8 2202 8 3533 164 363 164 9398 164 4377 4662 7164 4662 2192 4662 4630 164 8382 164 5083 164 8383 164 8382 164 5430 164 6681 164 3933 164 595 164 6682 4663 6681 4663 7358 4663 754 4664 1044 4664 1041 4664 515 4665 1038 4665 513 4665 1469 4666 1524 4666 4858 4666 7261 1 1440 1 9151 1 7486 1 5813 1 8050 1 8099 4667 1129 4667 4735 4667 1177 4668 451 4668 1173 4668 7714 4669 7713 4669 962 4669 4852 4670 4851 4670 7912 4670 6637 1 6638 1 7365 1 600 4671 4630 4671 5084 4671 600 164 364 164 3533 164 7271 164 6643 164 3285 164 5430 164 6643 164 8383 164 628 4672 3210 4672 3212 4672 628 164 626 164 2705 164 3289 4673 567 4673 8941 4673 3289 4674 3288 4674 571 4674 7941 0 3182 0 480 0 9399 164 7917 164 7517 164 4026 4675 3470 4675 8511 4675 8795 5 473 5 2948 5 7463 0 7262 0 4541 0 6319 4676 6130 4676 6129 4676 5565 0 5567 0 6130 0 3840 1 657 1 7179 1 9385 1 3840 1 3839 1 7534 4677 8625 4677 8354 4677 3762 245 432 245 565 245 519 192 521 192 6801 192 9400 0 8400 0 530 0 9400 0 5301 0 5302 0 7544 1 3201 1 7812 1 8129 5 3893 5 1835 5 3647 4678 3646 4678 98 4678 2095 4679 5180 4679 2096 4679 1401 4680 1947 4680 1946 4680 7360 8 8289 8 2725 8 9302 5 9015 5 7798 5 1143 5 8909 5 8908 5 457 4681 4215 4681 458 4681 9015 5 7986 5 9401 5 9402 164 6482 164 3302 164 6483 164 6482 164 8149 164 3507 4682 6485 4682 5169 4682 8149 164 6485 164 6483 164 6852 4683 6854 4683 56 4683 6854 4684 6853 4684 7745 4684 9403 4685 478 4685 1988 4685 9403 0 5764 0 5766 0 9404 0 2193 0 7163 0 3214 1 3213 1 7902 1 5665 1 9405 1 1252 1 553 164 555 164 8145 164 9404 0 7163 0 7165 0 5294 4686 5293 4686 5870 4686 1 0 5969 0 9050 0 9109 0 9406 0 487 0 9406 4687 4022 4687 492 4687 4825 8 7972 8 4832 8 7972 8 1032 8 5489 8 4942 8 6780 8 307 8 5926 4688 356 4688 1224 4688 9407 4689 528 4689 4377 4689 9407 4690 5349 4690 5744 4690 445 4691 5013 4691 9089 4691 9088 1 5860 1 5862 1 9408 4692 5045 4692 450 4692 9408 4693 6465 4693 5862 4693 32 1 9199 1 30 1 32 1 6775 1 5887 1 7670 2537 1940 2537 8108 2537 3979 4694 5217 4694 7049 4694 498 245 1536 245 496 245 3262 4695 5185 4695 3261 4695 826 4462 828 4462 824 4462 2973 5 5809 5 8712 5 2973 5 7906 5 451 5 6488 1 8063 1 486 1 7987 4696 5253 4696 9260 4696 5169 164 6494 164 3308 164 6492 4697 6494 4697 8149 4697 1091 4698 2024 4698 477 4698 9409 1 31 1 2963 1 9409 1 7646 1 6777 1 9410 4699 6493 4699 9402 4699 8149 4700 6493 4700 6492 4700 4474 0 531 0 3972 0 4474 0 493 0 5302 0 7891 8 2259 8 1895 8 9116 0 4476 0 7802 0 3302 4701 407 4701 406 4701 8364 164 407 164 6483 164 6292 0 7804 0 78 0 3900 4702 7059 4702 3901 4702 7114 4703 7992 4703 422 4703 1362 1 7114 1 6100 1 3996 4704 394 4704 393 4704 1465 4705 394 4705 6570 4705 8105 4706 6499 4706 8106 4706 4916 4707 397 4707 4917 4707 6310 0 6309 0 5510 0 6119 977 1465 977 7112 977 6081 164 9411 164 8421 164 3989 4708 398 4708 3990 4708 7165 4709 8350 4709 5600 4709 4381 3166 401 3166 4382 3166 7074 4710 8555 4710 5686 4710 7753 164 9412 164 1061 164 6809 4711 6822 4711 9413 4711 3995 4712 3994 4712 9413 4712 7064 4713 8555 4713 7066 4713 398 4714 3978 4714 3980 4714 8021 4715 7098 4715 7097 4715 3989 4716 7063 4716 3978 4716 7064 4717 7063 4717 8555 4717 4381 4718 7155 4718 8556 4718 6570 4719 7155 4719 1465 4719 401 2115 8556 2115 7068 2115 9414 4720 7564 4720 2835 4720 2236 9 7703 9 7132 9 6822 4721 6809 4721 6808 4721 9413 4722 7075 4722 6809 4722 7074 4723 7075 4723 8555 4723 397 4724 4919 4724 9415 4724 3955 977 393 977 395 977 7986 5 8504 5 7698 5 3987 4725 386 4725 180 4725 3984 4726 383 4726 3985 4726 845 5 847 5 8094 5 4970 3175 385 3175 4971 3175 5902 4727 6213 4727 7118 4727 4961 4728 382 4728 121 4728 5504 4729 5505 4729 7062 4729 2277 1 2279 1 6177 1 7058 4730 8558 4730 5578 4730 426 4731 391 4731 390 4731 5505 4732 391 4732 7047 4732 106 4733 4960 4733 125 4733 7043 4734 8558 4734 7044 4734 385 4735 4421 4735 9416 4735 7174 4736 7921 4736 536 4736 4970 4737 7046 4737 4421 4737 7047 4738 7046 4738 5505 4738 383 2066 3900 2066 3902 2066 5559 4739 695 4739 5560 4739 3984 4740 7057 4740 3900 4740 7058 4741 7057 4741 8558 4741 390 4742 7045 4742 426 4742 7043 4743 7045 4743 8558 4743 3903 1308 390 1308 392 1308 386 4744 3904 4744 3906 4744 7610 4745 8084 4745 9120 4745 382 4746 4979 4746 7166 4746 356 4747 5926 4747 357 4747 1598 4748 8407 4748 8923 4748 360 4749 8563 4749 2199 4749 9014 4750 8133 4750 9015 4750 4775 4751 367 4751 91 4751 8556 4752 6571 4752 6513 4752 6570 4753 8563 4753 6514 4753 1724 4754 7133 4754 6901 4754 3979 4755 368 4755 3980 4755 399 972 8562 972 3993 972 1797 4756 1526 4756 6508 4756 7064 972 8561 972 5217 972 6506 4757 6784 4757 361 4757 7054 4758 8562 4758 6784 4758 7050 4759 8561 4759 7052 4759 368 4760 3887 4760 3889 4760 3167 164 5795 164 5794 164 3979 4761 7049 4761 3887 4761 7050 4762 7049 4762 8561 4762 84 4763 6473 4763 360 4763 6785 4764 7067 4764 8556 4764 399 4765 7067 4765 8562 4765 5218 4766 7055 4766 9417 4766 7054 4767 7055 4767 8562 4767 5218 4768 7065 4768 3994 4768 7064 4769 7065 4769 8561 4769 367 4770 4915 4770 4917 4770 6116 4771 633 4771 3661 4771 2198 4772 2200 4772 3996 4772 6570 4773 2200 4773 8563 4773 2995 4774 2706 4774 1926 4774 4801 4775 346 4775 4802 4775 5898 4776 7759 4776 5841 4776 4816 4777 799 4777 262 4777 3949 4778 1178 4778 355 4778 6966 1248 8566 1248 1178 1248 5343 4779 4385 4779 147 4779 6963 1248 8565 1248 6964 1248 347 2031 3704 2031 3928 2031 3151 4780 800 4780 6222 4780 504 4781 6965 4781 3704 4781 6966 4782 6965 4782 8566 4782 6963 4783 3950 4783 354 4783 7761 4784 3155 4784 3154 4784 504 4785 347 4785 326 4785 212 4786 3932 4786 213 4786 6954 4787 8566 4787 503 4787 1179 4788 2031 4788 6355 4788 339 1808 6951 1808 6360 1808 799 4789 8564 4789 7154 4789 1668 4790 9418 4790 1666 4790 4816 4791 6950 4791 8564 4791 6951 4792 6950 4792 8565 4792 1179 4793 6955 4793 2031 4793 6954 4794 6955 4794 8566 4794 346 4795 3973 4795 2083 4795 7866 4796 8269 4796 5942 4796 5651 4797 5396 4797 7773 4797 7153 4798 3977 4798 798 4798 9321 1 6927 1 8774 1 6184 4799 331 4799 6163 4799 5620 1 8839 1 9005 1 3968 4800 335 4800 1901 4800 6163 4801 8603 4801 1905 4801 1904 4802 8569 4802 1905 4802 3969 4803 338 4803 337 4803 8568 4804 338 4804 6940 4804 4061 4805 8720 4805 9419 4805 8567 4806 334 4806 5987 4806 6941 4807 217 4807 6939 4807 6940 4808 6939 4808 8568 4808 337 4809 6943 4809 3969 4809 1904 4810 6943 4810 8569 4810 330 4811 4819 4811 9420 4811 4405 5 6569 5 4406 5 3196 4812 777 4812 9203 4812 7154 4813 6053 4813 336 4813 621 164 4725 164 5562 164 3974 4814 330 4814 2083 4814 6559 4815 3521 4815 5534 4815 4867 4816 313 4816 2051 4816 384 4817 4971 4817 385 4817 2125 4818 315 4818 3966 4818 7852 5 7851 5 2102 5 3965 4819 318 4819 2119 4819 2720 4820 2725 4820 6011 4820 1683 4821 317 4821 1867 4821 2823 4822 7772 4822 8642 4822 275 966 8574 966 2124 966 6981 464 8572 464 2122 464 3499 0 482 0 5798 0 4231 1267 8574 1267 1577 1267 6969 1267 8572 1267 1682 1267 7092 9 8858 9 8330 9 6954 4823 8569 4823 2032 4823 8564 4824 6952 4824 6053 4824 6951 4823 8568 4823 6952 4823 5273 0 5957 0 5956 0 329 4825 6184 4825 328 4825 6185 4826 6953 4826 502 4826 6954 4827 6953 4827 8569 4827 315 4828 8573 4828 7148 4828 4023 4829 9406 4829 9109 4829 2125 4830 6971 4830 8573 4830 4231 4831 6971 4831 8574 4831 317 2041 3916 2041 3918 2041 5588 164 5647 164 5589 164 1683 4832 6980 4832 3916 4832 6981 4833 6980 4833 8572 4833 2031 4823 337 4823 339 4823 7820 1 923 1 922 1 1578 1267 6970 1267 1576 1267 6969 4834 6970 4834 8572 4834 1578 4835 6984 4835 2121 4835 275 4836 6984 4836 8574 4836 318 4837 3958 4837 1115 4837 1929 4838 7630 4838 1377 4838 313 4839 4886 4839 7146 4839 7024 5 8182 5 7361 5 335 4840 3975 4840 7153 4840 7854 5 8240 5 5234 5 7812 1 923 1 7811 1 3959 4841 305 4841 1115 4841 9147 1 9390 1 5881 1 7148 4842 5892 4842 297 4842 8573 4843 4233 4843 5892 4843 4231 4844 8581 4844 4232 4844 6969 4845 8577 4845 3019 4845 303 4846 1681 4846 1867 4846 8357 1 8701 1 8310 1 1350 4847 6968 4847 1681 4847 6969 4848 6968 4848 8577 4848 1340 4849 6972 4849 1576 4849 4231 4850 6972 4850 8581 4850 296 4851 4866 4851 2051 4851 7957 4852 2079 4852 6757 4852 4860 4853 296 4853 4861 4853 6260 0 7962 0 6261 0 1350 4854 303 4854 3099 4854 6958 4855 8581 4855 1339 4855 82 1264 8577 1264 1349 1264 4970 4856 7062 4856 7046 4856 8578 4857 5927 4857 5893 4857 6960 4858 7266 4858 4232 4858 1340 4859 6956 4859 1338 4859 82 4860 6956 4860 8577 4860 305 4861 8583 4861 75 4861 5239 4862 4357 4862 218 4862 8645 0 6669 0 2558 0 2460 4863 280 4863 3953 4863 7109 0 8923 0 8407 0 7120 93 8585 93 652 93 3955 4864 285 4864 284 4864 8585 4865 285 4865 6119 4865 4574 4866 279 4866 9415 4866 9421 0 5957 0 5273 0 1099 4867 6933 4867 9422 4867 651 4868 289 4868 2960 4868 9423 4869 7916 4869 5753 4869 7084 4870 8584 4870 2459 4870 3954 961 287 961 6807 961 3074 5 2086 5 2037 5 5461 5 5318 5 5317 5 7074 4871 8584 4871 2330 4871 280 4872 3988 4872 3990 4872 1373 1 1958 1 7522 1 2460 4873 7073 4873 3988 4873 7074 4874 7073 4874 8584 4874 651 92 653 92 4380 92 6119 3231 653 3231 8585 3231 289 4872 4380 4872 4382 4872 1293 0 7137 0 4 0 288 4875 3954 4875 290 4875 2295 4876 7085 4876 2294 4876 7084 4877 7085 4877 8584 4877 5275 93 284 93 286 93 987 4878 5322 4878 988 4878 277 4879 4574 4879 278 4879 4793 4880 270 4880 139 4880 5159 0 21 0 23 0 9055 4087 5645 4087 4791 4087 6977 4881 8588 4881 6979 4881 4790 4882 6974 4882 4791 4882 3283 4883 3284 4883 6974 4883 271 2039 3911 2039 3913 2039 7585 4884 6633 4884 6635 4884 3706 4885 6466 4885 3911 4885 6977 4886 6466 4886 8588 4886 3907 4881 272 4881 274 4881 6523 0 6522 0 8102 0 266 4887 3908 4887 3910 4887 5544 4888 1226 4888 1638 4888 3944 4889 235 4889 3945 4889 3952 4890 266 4890 348 4890 7788 164 945 164 1414 164 3706 4891 271 4891 3928 4891 6966 4892 8588 4892 3705 4892 3949 4893 273 4893 272 4893 3284 4894 273 4894 6963 4894 265 4895 5645 4895 264 4895 9055 4896 6962 4896 4815 4896 6963 4897 6962 4897 3284 4897 272 4898 6967 4898 3949 4898 6966 4899 6967 4899 8588 4899 270 4900 4795 4900 4802 4900 7172 4901 1825 4901 1826 4901 8900 4902 8136 4902 7081 4902 7173 4903 5463 4903 5364 4903 8235 0 403 0 8103 0 4429 4904 243 4904 4124 4904 9424 0 4900 0 5184 0 5521 4905 5458 4905 3512 4905 886 0 518 0 517 0 7011 1105 8596 1105 8208 1105 9425 4906 3513 4906 3512 4906 7014 4907 8598 4907 3513 4907 3941 4908 249 4908 248 4908 4592 4909 249 4909 7008 4909 9036 4910 8593 4910 8594 4910 234 4911 8597 4911 9426 4911 2451 428 5694 428 2452 428 4431 4912 7007 4912 8597 4912 7008 4913 7007 4913 4592 4913 245 2052 8595 2052 9427 2052 9143 4914 7117 4914 5174 4914 3939 4915 7010 4915 8595 4915 7011 4916 7010 4916 8596 4916 248 4909 7013 4909 3941 4909 7014 4917 7013 4917 8598 4917 5330 4918 8209 4918 258 4918 9036 4919 257 4919 259 4919 9428 4920 6848 4920 9429 4920 1709 4921 7306 4921 1707 4921 238 4922 8601 4922 9430 4922 7774 4923 8809 4923 7773 4923 9105 0 1449 0 6584 0 3948 4924 9429 4924 2115 4924 1550 8 3097 8 1548 8 4431 3249 234 3249 4224 3249 1954 4925 6461 4925 1103 4925 3939 4926 245 4926 3940 4926 8118 4927 1994 4927 8048 4927 3936 4928 238 4928 3937 4928 4653 4929 7783 4929 2491 4929 7038 1106 8598 1106 7041 1106 4591 4930 4592 4930 5044 4930 6989 4931 8596 4931 4964 4931 8209 4932 5343 4932 5342 4932 149 4933 6986 4933 5369 4933 8592 4934 5382 4934 5381 4934 5483 4935 6985 4935 4783 4935 6986 4936 6985 4936 8593 4936 8795 5 474 5 473 5 5458 4937 5521 4937 241 4937 3514 4938 7037 4938 4754 4938 7038 4939 7037 4939 8598 4939 8209 4940 6990 4940 5343 4940 6989 4941 6990 4941 8596 4941 8784 1106 248 1106 250 1106 4503 4942 20 4942 19 4942 243 4943 4780 4943 9431 4943 6720 4944 8912 4944 8192 4944 235 4945 4751 4945 9432 4945 9404 4946 8788 4946 5725 4946 4821 4947 215 4947 9420 4947 94 1 4703 1 322 1 219 4948 332 4948 8567 4948 3969 2017 5731 2017 5667 2017 1904 4949 8604 4949 5731 4949 3970 2017 5667 2017 226 2017 228 4950 217 4950 6941 4950 7486 4951 7485 4951 5813 4951 216 4952 8603 4952 6162 4952 8785 4953 250 4953 7051 4953 3931 4954 6942 4954 8603 4954 1904 4955 6942 4955 8604 4955 221 4956 3967 4956 1901 4956 6474 164 906 164 905 164 4931 4957 199 4957 278 4957 6075 0 4173 0 4175 0 9433 4958 5275 4958 5274 4958 7120 3414 7119 3414 286 3414 3927 4957 201 4957 290 4957 7826 4959 7856 4959 7855 4959 8180 8 7683 8 8195 8 7084 4960 8606 4960 4189 4960 200 2080 2458 2080 3953 2080 1810 4961 7083 4961 2458 4961 7084 4962 7083 4962 8606 4962 8608 4963 7121 4963 459 4963 203 2080 2394 2080 2960 2080 4005 4964 5268 4964 4006 4964 3931 3265 216 3265 3932 3265 8248 4965 7964 4965 6558 4965 4621 4966 3929 4966 4358 4966 6948 63 8604 63 8605 63 218 4967 228 4967 5239 4967 5305 4968 5732 4968 229 4968 6948 4969 5732 4969 8604 4969 9214 4970 8030 4970 6871 4970 226 4971 5304 4971 227 4971 9434 4972 220 4972 222 4972 9094 5 6447 5 1579 5 213 4973 4821 4973 214 4973 773 5 8627 5 4463 5 9213 4974 9435 4974 8608 4974 5849 0 5848 0 7200 0 1810 4975 200 4975 3925 4975 7698 5 9401 5 7986 5 457 4976 203 4976 4215 4976 7079 4977 8606 4977 1809 4977 6846 1 6361 1 6362 1 202 4978 3927 4978 205 4978 3926 4979 4190 4979 9436 4979 7079 4980 4190 4980 8606 4980 8669 1 1621 1 1793 1 197 4981 4931 4981 198 4981 5195 4982 9433 4982 42 4982 9435 3414 41 3414 43 3414 7150 4983 4502 4983 1359 4983 7177 4984 179 4984 5054 4984 4423 4985 178 4985 9416 4985 9058 4986 5788 4986 5787 4986 4907 5 6689 5 8464 5 3923 4987 186 4987 3924 4987 6631 4988 5630 4988 5151 4988 7166 4989 294 4989 293 4989 187 4990 8610 4990 7048 4990 426 4991 1425 4991 188 4991 7043 4992 8609 4992 1425 4992 9437 4993 194 4993 151 4993 193 4994 8610 4994 152 4994 7018 4995 8609 4995 3960 4995 4422 4984 7020 4984 5053 4984 193 4996 7020 4996 8610 4996 186 4997 3983 4997 3985 4997 8811 4998 927 4998 3764 4998 3923 4997 7042 4997 3983 4997 7043 4999 7042 4999 8609 4999 1424 5000 1426 5000 9437 5000 7018 5001 1426 5001 8609 5001 7047 5002 427 5002 187 5002 6432 0 9040 0 7025 0 185 5003 173 5003 183 5003 8795 5 2628 5 6346 5 179 5004 7176 5004 180 5004 9317 5005 7176 5005 9438 5005 7177 5006 7176 5006 179 5006 2863 8 5095 8 6017 8 3920 5007 160 5007 3921 5007 9172 1 1063 1 8073 1 7146 5008 261 5008 260 5008 9439 5009 5025 5009 5024 5009 3917 5010 165 5010 3918 5010 8020 5 8874 5 3010 5 4569 5011 163 5011 4570 5011 171 5012 8613 5012 8458 5012 1594 5013 9304 5013 6416 5013 6997 5014 8612 5014 8614 5014 253 2103 252 2103 276 2103 275 5015 8613 5015 253 5015 3101 0 2033 0 3102 0 6981 946 8612 946 6224 946 160 2043 2123 2043 3966 2043 941 5016 9325 5016 3488 5016 3920 5017 6983 5017 2123 5017 275 5018 6983 5018 8613 5018 165 5019 8611 5019 9440 5019 4903 0 6197 0 1636 0 3917 5020 6996 5020 8611 5020 6997 5021 6996 5021 8612 5021 9357 5022 6982 5022 252 5022 6981 5023 6982 5023 8612 5023 246 5024 9357 5024 247 5024 247 5025 171 5025 170 5025 163 5026 3964 5026 2119 5026 291 78 158 78 209 78 4782 5027 140 5027 9431 5027 7676 5 9200 5 8742 5 4785 5028 145 5028 8592 5028 8570 1 7505 1 5910 1 6989 5029 8615 5029 4385 5029 1459 5 8649 5 1460 5 6986 5030 6891 5030 6987 5030 141 5031 3938 5031 3940 5031 2463 1 9293 1 2461 1 3912 5032 6988 5032 3938 5032 6989 5033 6988 5033 8615 5033 5343 5034 147 5034 149 5034 2 0 1 0 5872 0 146 5035 3935 5035 3937 5035 7733 1 5015 1 8014 1 3909 5036 146 5036 3910 5036 8299 5037 5096 5037 5095 5037 3912 3296 141 3296 3913 3296 1750 8 8777 8 1751 8 3905 5038 127 5038 3906 5038 7604 5039 7111 5039 7110 5039 3901 5040 123 5040 3902 5040 4953 5041 122 5041 6407 5041 5523 5042 5809 5042 7401 5042 8811 5043 6115 5043 6117 5043 4959 3304 126 3304 4960 3304 114 1303 8617 1303 8618 1303 8702 0 2476 0 4104 0 7070 5044 8616 5044 1183 5044 3903 5045 129 5045 128 5045 8617 5046 129 5046 5504 5046 8626 5047 75 5047 74 5047 7058 5048 8616 5048 7059 5048 6977 945 8615 945 6978 945 3907 5049 148 5049 147 5049 6891 5050 148 5050 3283 5050 5705 5051 6212 5051 5703 5051 143 5052 4785 5052 144 5052 4784 5050 6973 5050 4790 5050 3283 5053 6973 5053 6891 5053 126 2067 4969 2067 4971 2067 6930 5054 8903 5054 2787 5054 4959 5055 7061 5055 4969 5055 5504 5056 7061 5056 8617 5056 123 2072 604 2072 605 2072 3901 5057 7069 5057 604 5057 7070 5058 7069 5058 8616 5058 147 5059 4386 5059 3907 5059 6977 5053 4386 5053 8615 5053 128 5046 7060 5046 3903 5046 7058 5060 7060 5060 8616 5060 1182 1303 128 1303 130 1303 127 5061 4944 5061 2933 5061 7082 5062 7081 5062 8136 5062 7827 5063 7829 5063 9242 5063 120 5064 4953 5064 121 5064 4538 0 885 0 884 0 138 5065 4782 5065 139 5065 8268 5066 281 5066 8287 5066 122 5067 8621 5067 6407 5067 8136 0 4539 0 4538 0 4945 5068 105 5068 2933 5068 3789 5069 114 5069 8618 5069 5752 5070 7771 5070 8553 5070 604 178 7071 178 110 178 7070 5071 8620 5071 7071 5071 122 5072 605 5072 109 5072 107 5073 3787 5073 4960 5073 2247 5074 7555 5074 1155 5074 116 5069 1182 5069 130 5069 4417 5075 5951 5075 1182 5075 7070 5076 5951 5076 8620 5076 2585 5 7852 5 9296 5 3788 5077 107 5077 3898 5077 7507 5078 665 5078 631 5078 629 5079 7123 5079 630 5079 2399 0 8678 0 7417 0 4417 5080 116 5080 4418 5080 6551 8 3293 8 3295 8 7077 5081 8620 5081 5950 5081 7507 5082 7076 5082 665 5082 7077 5083 7076 5083 8620 5083 3569 5084 8864 5084 4031 5084 115 5080 3789 5080 118 5080 6406 5085 6408 5085 9441 5085 7123 5086 6408 5086 8621 5086 105 5087 8622 5087 9442 5087 9149 9 9443 9 8828 9 4755 3320 86 3320 240 3320 4753 5088 92 5088 9432 5088 9068 1 7188 1 6596 1 3896 2064 84 2064 2199 2064 5532 5 101 5 3004 5 3772 5 8530 5 3773 5 3888 5089 93 5089 3889 5089 7054 5090 8624 5090 7056 5090 7050 5091 8623 5091 6752 5091 7038 1220 8624 1220 7039 1220 9444 5092 2977 5092 3515 5092 4591 1220 8623 1220 250 1220 93 5093 4430 5093 4224 5093 3786 5094 1925 5094 7876 5094 3888 5095 7036 5095 4430 5095 4591 5096 7036 5096 8623 5096 86 2064 6506 2064 6473 2064 8178 5 914 5 3332 5 4755 5097 7053 5097 6506 5097 7054 5098 7053 5098 8624 5098 8785 5099 7040 5099 8784 5099 7038 5100 7040 5100 8624 5100 8785 5101 7051 5101 9417 5101 7050 5102 7051 5102 8623 5102 4530 1 5930 1 463 1 90 5103 4753 5103 91 5103 8449 0 6512 0 6511 0 85 5104 3896 5104 88 5104 3886 2028 65 2028 8578 2028 242 5105 4124 5105 243 5105 2184 5106 2183 5106 2133 5106 304 5107 8626 5107 3099 5107 6958 5108 8628 5108 6959 5108 4360 5109 82 5109 1349 5109 3051 0 8267 0 6536 0 3880 5110 6961 5110 1338 5110 6958 5111 6961 5111 8628 5111 83 5109 1338 5109 6957 5109 4874 5112 942 5112 8576 5112 8583 5113 73 5113 75 5113 2383 5114 7514 5114 8521 5114 67 5115 4859 5115 4861 5115 4827 5116 67 5116 4828 5116 3882 5117 74 5117 73 5117 8626 5118 74 5118 7196 5118 5876 1 8774 1 6927 1 6946 12 8628 12 8629 12 3583 5119 8875 5119 3584 5119 3880 5120 83 5120 3881 5120 4359 5121 7195 5121 9445 5121 7196 5122 7195 5122 8626 5122 4252 5123 8834 5123 4253 5123 80 5120 4360 5120 81 5120 345 5124 4802 5124 346 5124 66 5125 3886 5125 69 5125 3885 5126 6945 5126 9446 5126 6946 5127 6945 5127 8628 5127 5238 5128 6484 5128 3507 5128 6483 5129 6484 5129 8364 5129 6364 1 5754 1 5753 1 8908 5 8907 5 1207 5 406 5130 405 5130 2482 5130 9447 164 405 164 8364 164 428 5131 430 5131 2108 5131 9392 5132 430 5132 429 5132 6628 5 39 5 3092 5 2269 5133 39 5133 36 5133 9383 1 456 1 2447 1 9385 1 456 1 455 1 3709 5134 8550 5134 9448 5134 8449 5135 8448 5135 6512 5135 878 5 5170 5 879 5 1238 4462 7943 4462 9278 4462 1324 5136 1326 5136 8522 5136 1782 5137 9364 5137 1055 5137 496 193 822 193 497 193 997 5138 999 5138 995 5138 6852 5139 999 5139 998 5139 6854 5140 6371 5140 1696 5140 1200 5138 57 5138 1198 5138 9098 5 57 5 1696 5 9449 164 8363 164 5238 164 8364 164 8363 164 9447 164 9450 0 26 0 25 0 24 5141 26 5141 5797 5141 4004 0 3498 0 9450 0 643 5 642 5 6905 5 9451 5142 5701 5142 7540 5142 9451 5143 9319 5143 1769 5143 6084 5144 8586 5144 7157 5144 396 5145 4917 5145 397 5145 7860 5146 9077 5146 1894 5146 9395 1 5164 1 9348 1 6786 1 5164 1 5163 1 9452 1 448 1 4052 1 9452 1 5163 1 5165 1 7826 5 1759 5 9453 5 1759 5 7396 5 5245 5 8511 5147 3469 5147 468 5147 2838 5 38 5 4977 5 36 5 38 5 2269 5 9053 5148 37 5148 36 5148 4977 5 37 5 3036 5 8718 5149 700 5149 6627 5149 9053 5150 700 5150 699 5150 5922 1 7904 1 53 1 7904 5151 6100 5151 6101 5151 5682 8 5683 8 8054 8 6774 5152 1080 5152 5075 5152 7269 1 6774 1 4831 1 4014 8 2268 8 5455 8 5665 1 1252 1 5666 1 4159 1 414 1 6316 1 7641 5153 4560 5153 8539 5153 2333 5154 1909 5154 1908 5154 9454 0 466 0 3474 0 9454 5155 5650 5155 7470 5155 3330 1 1360 1 5922 1 6100 1 1360 1 1362 1 1385 5 6446 5 9455 5 6447 5156 6446 5156 1579 5156 3191 5157 1812 5157 1811 5157 9049 5158 1812 5158 1814 5158 811 5159 8520 5159 7513 5159 429 0 2078 0 9456 0 9457 5160 3242 5160 441 5160 5567 0 9457 0 442 0 8351 5161 2034 5161 2078 5161 2932 0 3191 0 429 0 9458 1 8066 1 17 1 2492 5162 9458 5162 7538 5162 3211 5163 5627 5163 5109 5163 363 5164 5628 5164 9398 5164 1074 0 8237 0 3809 0 8237 0 7874 0 6543 0 9459 1 15 1 2057 1 9459 1 5387 1 5389 1 8974 5165 3635 5165 3634 5165 341 0 7784 0 342 0 7458 0 9460 0 1085 0 9424 0 5185 0 4900 0 1934 8 8551 8 1935 8 4881 5166 4880 5166 4874 5166 9389 0 1753 0 7098 0 3677 1 509 1 8978 1 136 5 135 5 6754 5 7947 164 6725 164 6724 164 9241 5167 325 5167 9242 5167 8765 0 8152 0 3085 0 8152 5168 6697 5168 7897 5168 9349 0 9461 0 8128 0 6697 5169 8128 5169 6698 5169 5679 5170 2527 5170 5060 5170 4156 1 9313 1 7523 1 4820 5171 214 5171 4821 5171 7580 5172 8162 5172 6647 5172 6313 0 7897 0 6314 0 9462 5173 3202 5173 5067 5173 9462 5174 5474 5174 5476 5174 9147 1 8081 1 9390 1 3373 5175 3375 5175 6280 5175 9463 1 5045 1 29 1 9463 5176 6775 5176 6777 5176 9314 0 5871 0 4163 0 9314 0 7696 0 2 0 9093 8 8414 8 9019 8 7362 0 7941 0 7462 0 3531 5177 9398 5177 9464 5177 9188 5178 6382 5178 9187 5178 8263 5179 6382 5179 6381 5179 2258 8 9078 8 1892 8 8846 5180 8911 5180 8845 5180 8846 5 5242 5 5245 5 7610 5181 7611 5181 8084 5181 9085 0 3876 0 3878 0 5169 5182 3508 5182 3507 5182 6381 164 3508 164 8263 164 9465 5183 8309 5183 4134 5183 8309 1 7538 1 5389 1 1888 5184 4273 5184 7252 5184 4078 0 1888 0 1887 0 3078 5185 443 5185 1952 5185 443 5186 442 5186 7695 5186 6834 5 7118 5 3128 5 5264 9 9466 9 9232 9 8194 9 4715 9 7542 9 7556 5187 4461 5187 435 5187 5619 1 9303 1 1946 1 5269 5188 7713 5188 8446 5188 1177 5 452 5 451 5 2106 5189 4426 5189 223 5189 5269 5190 8446 5190 223 5190 101 5 9271 5 8284 5 2260 8 9112 8 9078 8 9318 5191 420 5191 2741 5191 3308 164 3307 164 5169 164 8263 164 3307 164 6768 164 5234 5 1760 5 7855 5 3147 1 3149 1 7150 1 7665 5192 7664 5192 7870 5192 3147 5193 1883 5193 5418 5193 1799 0 7384 0 1804 0 1882 1 9027 1 5179 1 8163 5194 670 5194 2551 5194 3215 5195 7790 5195 7671 5195 2063 5196 555 5196 554 5196 9187 164 6767 164 9247 164 6768 164 6767 164 8263 164 1609 5 9467 5 1607 5 4046 5 1609 5 7396 5 5461 5197 5317 5197 9173 5197 8757 5198 8607 5198 8534 5198 47 9 49 9 8189 9 4133 9 9032 9 4043 9 4671 5199 5192 5199 3697 5199 4168 5200 5310 5200 8645 5200 5560 5201 695 5201 6896 5201 5737 8 5233 8 1935 8 1420 0 9176 0 9333 0 9175 5202 1420 5202 1419 5202 709 5203 7117 5203 9143 5203 3472 5204 3474 5204 5228 5204 5474 0 5228 0 7471 0 8553 5205 9423 5205 5752 5205 6080 5206 7165 5206 5600 5206 1602 5207 5827 5207 1308 5207 5926 0 5826 0 357 0 596 0 8374 0 8373 0 2422 9 3029 9 435 9 9452 1 4051 1 5163 1 8167 5208 4051 5208 3500 5208 5473 5209 8957 5209 5803 5209 6932 5 6931 5 8627 5 9468 5210 2493 5210 9465 5210 7538 5211 2493 5211 2492 5211 9203 5 5198 5 1000 5 9207 5 5198 5 1561 5 9408 1 449 1 6465 1 9452 5212 449 5212 448 5212 7225 0 8407 0 1597 0 4103 0 8341 0 1983 0 4103 5213 5727 5213 5479 5213 1995 5214 3786 5214 2146 5214 9177 0 5194 0 5658 0 9179 5215 5194 5215 1419 5215 3085 0 7896 0 5320 0 8505 5216 7896 5216 6313 5216 6720 5217 8192 5217 2386 5217 9455 5 9118 5 1385 5 7989 5218 8074 5218 1439 5218 23 5219 5796 5219 2059 5219 3329 5220 1418 5220 4671 5220 9179 0 3329 0 3328 0 2462 1 2461 1 5204 1 2558 5221 2557 5221 4169 5221 8795 5 6348 5 474 5 7820 5222 7817 5222 7818 5222 8467 0 6312 0 8200 0 6313 0 6312 0 8505 0 8546 5 9011 5 5176 5 9012 5223 9011 5223 9013 5223 2864 8 2866 8 46 8 2526 5224 2864 5224 2527 5224 3210 164 7351 164 3211 164 7581 5225 9197 5225 7352 5225 5202 8 4410 8 5203 8 9469 5226 5202 5226 5201 5226 5320 0 7258 0 3256 0 7256 0 7258 0 8505 0 1536 8 5279 8 496 8 9470 5227 177 5227 4346 5227 4136 1 3225 1 7672 1 9471 1 27 1 2322 1 9471 1 1389 1 5887 1 9309 1 5205 1 9246 1 4628 5228 175 5228 9470 5228 9341 1 780 1 7215 1 2462 1 780 1 779 1 224 5 4426 5 5917 5 9472 1 9322 1 9321 1 1892 5229 1848 5229 1894 5229 5875 5230 851 5230 5876 5230 2082 5231 1163 5231 9040 5231 3140 0 3139 0 7774 0 101 5232 3773 5232 9271 5232 5076 8 8236 8 5489 8 9381 164 3270 164 2625 164 5226 5233 3270 5233 3269 5233 9083 5234 9316 5234 9081 5234 8468 0 7257 0 8467 0 8505 0 7257 0 7256 0 7229 5235 3354 5235 6761 5235 5505 5236 392 5236 391 5236 8985 5237 5213 5237 9243 5237 5213 0 5212 0 7680 0 7276 5238 5752 5238 5754 5238 3233 1 1498 1 2318 1 5209 5239 5211 5239 8994 5239 5683 5240 8055 5240 8054 5240 5958 1 64 1 7853 1 5667 5241 5305 5241 5304 5241 7027 0 5216 0 5212 0 451 5 225 5 2972 5 2007 8 2009 8 4741 8 9473 8 2618 8 5190 8 2875 5242 9473 5242 2876 5242 8219 5243 8218 5243 9474 5243 312 5244 2051 5244 313 5244 7147 5245 2128 5245 6113 5245 3664 5246 379 5246 7878 5246 8644 0 380 0 785 0 5207 1 9293 1 7032 1 8151 8 7682 8 6126 8 1759 5247 7826 5247 1760 5247 2414 5248 5161 5248 7574 5248 2708 5249 2530 5249 809 5249 1985 0 8702 0 1983 0 387 1 389 1 6925 1 2849 5250 5221 5250 8692 5250 19 1 4504 1 4503 1 4333 5251 6609 5251 4313 5251 8018 5252 5582 5252 6726 5252 8410 164 5224 164 8412 164 2624 5253 5224 5253 2625 5253 1925 5 5739 5 7876 5 1925 5 1997 5 1926 5 445 1 9089 1 9088 1 6117 5254 926 5254 928 5254 924 5 6117 5 6116 5 2937 5 929 5 2938 5 1165 5255 929 5255 928 5255 3764 5 8160 5 8257 5 8159 5256 3764 5256 3763 5256 9475 8 6090 8 6089 8 9399 164 3169 164 3168 164 5120 5 3786 5 7877 5 3507 5257 3506 5257 5238 5257 3506 164 6381 164 3963 164 4225 0 4226 0 8548 0 2841 5258 4185 5258 5406 5258 1623 1 1622 1 5477 1 3179 5259 2409 5259 8685 5259 1001 164 6380 164 9188 164 6380 164 3961 164 3963 164 5340 0 9245 0 7956 0 5247 5260 5341 5260 5248 5260 295 5261 4861 5261 296 5261 5238 164 5237 164 9449 164 1513 5262 4696 5262 1610 5262 758 164 757 164 7449 164 4066 1 8168 1 6362 1 5163 1 8168 1 6786 1 3414 5263 7654 5263 6831 5263 1620 5 1619 5 1779 5 4141 5 1619 5 5220 5 5779 0 5780 0 483 0 4078 0 9073 0 5187 0 8640 5264 5188 5264 4466 5264 5188 5265 5187 5265 5476 5265 6839 8 7942 8 5181 8 9476 5 6607 5 1774 5 4171 1 5899 1 8319 1 5841 5266 5899 5266 5898 5266 9477 1 5250 1 5043 1 5042 5267 7002 5267 9477 5267 8319 1 8320 1 6882 1 8320 1 5841 1 5842 1 994 0 8121 0 992 0 6432 0 7025 0 6430 0 9478 5268 5093 5268 4020 5268 9478 0 5847 0 6430 0 6681 5269 594 5269 7358 5269 9381 5270 594 5270 593 5270 8939 5271 2043 5271 8182 5271 8156 5 1829 5 7227 5 8940 0 5183 0 7768 0 5183 5272 4900 5272 4899 5272 9479 5273 466 5273 468 5273 9479 5274 5384 5274 7472 5274 5230 5 1779 5 8942 5 9196 5275 5230 5275 8241 5275 8636 5276 7471 5276 7472 5276 9291 5 499 5 4486 5 7836 5 5326 5 5325 5 3661 5277 9280 5277 938 5277 3777 5 6098 5 863 5 8240 5 7945 5 7946 5 7945 5 5229 5 5246 5 3371 8 2126 8 2127 8 5851 5 9480 5 1230 5 2560 8 3999 8 3371 8 5261 8 3999 8 6171 8 2982 8 2983 8 6126 8 5262 8 2983 8 5263 8 7891 8 9077 8 4059 8 8551 8 5263 8 2567 8 2568 8 5263 8 2983 8 9424 5278 6543 5278 7874 5278 6872 5279 2995 5279 5806 5279 9352 5280 533 5280 532 5280 7934 5 9086 5 2967 5 9086 5 9087 5 1242 5 1620 5281 5230 5281 9196 5281 6609 1069 8823 1069 4314 1069 6724 164 6723 164 7744 164 5244 5282 7087 5282 9453 5282 5244 5283 5242 5283 6386 5283 188 5284 1425 5284 1424 5284 9481 0 7718 0 3539 0 9481 5285 7849 5285 5558 5285 1609 5286 1608 5286 7396 5286 8846 5287 1608 5287 8911 5287 4466 0 5475 0 4467 0 5474 0 7471 0 7437 0 6853 5 9301 5 8891 5 3498 0 4006 0 5362 0 1566 5288 7917 5288 3962 5288 1788 5 1896 5 7584 5 8579 5289 4006 5289 5268 5289 2283 5 1215 5 6805 5 7760 0 6831 0 7247 0 1764 5 377 5 1344 5 5523 5290 1764 5290 1763 5290 100 5291 3004 5291 101 5291 7864 164 6725 164 3249 164 3518 164 6723 164 7864 164 1226 0 1225 0 4903 0 2822 1 132 1 852 1 2385 5292 2387 5292 3713 5292 9148 5293 2387 5293 8192 5293 4111 164 6642 164 8218 164 567 164 6642 164 8220 164 5270 1 5491 1 836 1 7789 5294 8902 5294 2821 5294 2970 1 837 1 8634 1 9334 5295 837 5295 836 5295 8360 5296 1410 5296 8272 5296 5276 0 533 0 9245 0 5963 1 1446 1 6361 1 6311 0 6310 0 2477 0 7900 1 4149 1 8111 1 4641 1 4628 1 6397 1 9470 1 5800 1 6397 1 4346 5297 5800 5297 9470 5297 6171 8 2465 8 5399 8 8846 5 5243 5 5242 5 8011 5298 7885 5298 8116 5298 8942 5299 9072 5299 5231 5299 2783 5300 7295 5300 5865 5300 1805 0 1807 0 462 0 4772 5 5140 5 8287 5 8287 5 281 5 283 5 7604 1 1006 1 7111 1 5136 5 710 5 709 5 8241 5 7945 5 7854 5 24 5301 22 5301 8040 5301 3998 8 6171 8 3999 8 4330 3611 8743 3611 8760 3611 7301 5 5234 5 8240 5 5113 1 5112 1 8703 1 5800 5302 5112 5302 6395 5302 5523 5 8712 5 5809 5 2973 5303 8712 5303 2275 5303 666 5304 8281 5304 7375 5304 3301 164 7385 164 3300 164 7386 5305 7385 5305 8220 5305 8912 8 6178 8 8192 8 5700 8 7212 8 4523 8 9081 5306 5297 5306 1047 5306 3258 164 4111 164 8219 164 6674 0 5297 0 9316 0 6674 5307 9129 5307 3203 5307 4581 0 4580 0 8282 0 4201 5308 2104 5308 4473 5308 8050 1 5814 1 1499 1 1355 0 1354 0 5441 0 6093 0 1354 0 2927 0 6260 0 8157 0 7962 0 7217 8 7682 8 8151 8 5262 5309 1934 5309 8151 5309 7846 8 7640 8 1936 8 4474 0 3972 0 4475 0 1675 1 5285 1 1676 1 1675 1 6096 1 3077 1 6876 5310 9303 5310 3025 5310 1952 0 4863 0 4865 0 4864 0 8316 0 5341 0 4110 164 7389 164 4111 164 8220 5311 7389 5311 7386 5311 5588 164 6491 164 9410 164 6492 164 6491 164 8196 164 3308 164 6495 164 5810 164 8196 5312 6495 5312 6492 5312 3300 164 7387 164 5588 164 8196 5313 7387 5313 7386 5313 7537 8 6219 8 2688 8 6559 5314 6558 5314 7964 5314 8235 0 5556 0 5558 0 2130 5 2129 5 7001 5 7938 5315 6383 5315 6385 5315 9400 5316 5302 5316 495 5316 4474 0 5302 0 532 0 2565 5 373 5 8159 5 8579 0 6755 0 8580 0 85 5317 240 5317 86 5317 1001 164 9188 164 1002 164 7370 164 1003 164 5643 164 5307 5 2313 5 7300 5 7349 5318 5307 5318 5306 5318 5320 0 3086 0 3085 0 5812 5319 3086 5319 7651 5319 6810 5320 1647 5320 6094 5320 6093 0 1646 0 9482 0 9483 5321 5313 5321 3157 5321 9483 5322 1310 5322 5394 5322 4987 5323 2802 5323 2801 5323 856 5 2188 5 854 5 1764 5 1344 5 1765 5 5289 5324 2197 5324 4062 5324 2147 5325 8070 5325 7946 5325 8070 5 5306 5 7301 5 7659 5326 8699 5326 7582 5326 9484 5327 8066 5327 5315 5327 9484 5328 5393 5328 5459 5328 5325 5329 9173 5329 7914 5329 5325 5330 5324 5330 5462 5330 3256 0 3255 0 5320 0 9485 0 3255 0 7483 0 5643 164 9154 164 7370 164 9439 5331 5299 5331 1417 5331 6498 1 8106 1 6499 1 4315 3592 8821 3592 4009 3592 2966 5 814 5 1113 5 1398 1 7267 1 7586 1 2784 5332 1400 5332 1399 5332 5917 5333 4426 5333 5358 5333 375 5 5917 5 5358 5 3302 164 6370 164 9402 164 6462 5334 6370 5334 6369 5334 9291 5335 4485 5335 5324 5335 4485 5336 4484 5336 5329 5336 1423 5337 9178 5337 5336 5337 9177 0 1423 0 1422 0 1001 5338 5321 5338 6556 5338 5321 164 7370 164 5886 164 9174 0 903 0 1422 0 9175 0 903 0 902 0 4178 5339 1421 5339 5357 5339 9174 0 4178 0 4177 0 4345 5340 5801 5340 4346 5340 42 5341 9433 5341 195 5341 3972 5342 1646 5342 1648 5342 736 1 6630 1 7635 1 9486 5343 4726 5343 5312 5343 9486 5344 5393 5344 5394 5344 2188 5 8697 5 5316 5 48 5345 4044 5345 8586 5345 5540 5346 6527 5346 8787 5346 2229 164 5884 164 5886 164 6922 5347 1900 5347 5100 5347 6922 5348 15 5348 5459 5348 9402 164 8150 164 9410 164 8150 5349 6462 5349 5648 5349 8057 5350 983 5350 5344 5350 1870 5351 2108 5351 4459 5351 9033 0 1870 0 1869 0 2482 5352 2481 5352 9487 5352 3167 164 2481 164 9447 164 7956 5353 9245 5353 5351 5353 1940 5354 4088 5354 6444 5354 8119 0 7482 0 8132 0 7483 0 7482 0 9485 0 5309 0 5185 0 7875 0 9399 5355 3168 5355 9449 5355 3167 164 9447 164 3168 164 696 5356 7652 5356 8119 5356 9485 0 7651 0 3086 0 4044 5357 2241 5357 7156 5357 282 5 281 5 6403 5 4438 164 4437 164 5339 164 6369 5358 4438 5358 6462 5358 990 5359 989 5359 4122 5359 4178 5360 5356 5360 4176 5360 989 0 5356 0 5355 0 8141 1 4372 1 4371 1 7506 5361 4372 5361 5138 5361 6841 5 6842 5 7642 5 3167 164 3169 164 5795 164 9488 5362 5334 5362 3088 5362 9488 5363 5355 5363 5357 5363 5810 164 7388 164 4110 164 7386 5364 7388 5364 8196 5364 3287 5365 8941 5365 3301 5365 8220 164 8941 164 567 164 3075 5366 3077 5366 2852 5366 4755 5317 7039 5317 7053 5317 5173 164 5337 164 2679 164 5173 5367 1644 5367 5648 5367 7720 5368 1735 5368 1736 5368 8057 0 1462 0 1464 0 2146 5369 8069 5369 2147 5369 5306 5370 8069 5370 7349 5370 9343 1 1402 1 5291 1 6876 1 1402 1 1401 1 5872 0 5871 0 9314 0 6562 5371 4163 5371 5871 5371 1441 1 5911 1 3063 1 5911 1 5910 1 7505 1 4156 1 1277 1 9313 1 1277 1 4157 1 1278 1 9168 5372 5360 5372 6635 5372 8282 0 5090 0 5300 0 2304 5373 8692 5373 2420 5373 2478 1 8692 1 5221 1 7488 1 4968 1 4967 1 2479 1 4616 1 9183 1 2479 1 4604 1 2480 1 1522 5374 5928 5374 3662 5374 3127 5375 3129 5375 867 5375 8650 5 1121 5 8532 5 8739 5376 826 5376 823 5376 1521 5 1153 5 4447 5 5353 0 5352 0 5511 0 3779 5 7319 5 6099 5 2802 5 9076 5 2800 5 3205 0 1415 0 3203 0 9252 5377 7657 5377 8528 5377 254 5378 256 5378 5254 5378 1423 0 5335 0 1421 0 9488 5379 5335 5379 5334 5379 8924 1 7938 1 192 1 7938 5380 6489 5380 6383 5380 5781 0 8351 0 5378 0 2035 5381 5781 5381 3325 5381 9489 5 5327 5 4427 5 9489 5 5460 5 5462 5 5778 8 3159 8 2799 8 5010 1 5517 1 3267 1 5374 5382 5254 5382 5733 5382 3038 5 471 5 470 5 8162 164 1333 164 8161 164 499 5 9291 5 500 5 7579 5383 8652 5383 7144 5383 2061 5384 5282 5384 2473 5384 9342 1 1971 1 1970 1 4096 0 4098 0 7944 0 5379 0 4098 0 4097 0 5380 0 7944 0 4098 0 8003 5385 7944 5385 3103 5385 4097 5386 2826 5386 5379 5386 8659 164 2549 164 7143 164 7580 164 2549 164 8162 164 3727 0 7762 0 4092 0 8579 0 5362 0 4006 0 8182 5387 7024 5387 7837 5387 7837 5 7024 5 7023 5 9488 0 3087 0 5355 0 3087 0 2316 0 950 0 4092 5388 5610 5388 4025 5388 1363 0 5611 0 1364 0 5675 5389 3488 5389 3487 5389 2636 5390 7932 5390 5721 5390 6170 8 8509 8 523 8 5317 5 5319 5 879 5 9487 164 5794 164 2717 164 5795 164 3169 164 5660 164 5282 5391 1364 5391 5280 5391 9189 5392 70 5392 6899 5392 2175 0 4060 0 9490 0 5310 5393 3262 5393 1933 5393 539 5394 887 5394 5397 5394 3054 5395 539 5395 538 5395 9041 5396 5368 5396 5453 5396 9042 0 5368 0 1869 0 9487 5397 8169 5397 2482 5397 5723 5398 5721 5398 7932 5398 3124 5399 3126 5399 596 5399 1637 0 597 0 3126 0 3490 5400 3492 5400 4580 5400 3665 0 3664 0 9491 0 9459 1 2056 1 5387 1 7182 1 2056 1 2055 1 7532 0 5380 0 8102 0 8009 5401 9161 5401 2285 5401 1273 3020 3580 3020 1271 3020 3755 1 7628 1 3756 1 2418 1 3857 1 3856 1 5313 1 3857 1 3157 1 2301 1 3157 1 3857 1 9483 1 3157 1 3156 1 7614 0 5601 0 8350 0 6896 5402 694 5402 8188 5402 9164 1 9313 1 922 1 8202 1 1279 1 5924 1 9483 1 5394 1 5314 1 9486 1 5394 1 1312 1 7740 1 8935 1 9492 1 534 8 4813 8 535 8 5799 5403 1970 5403 1969 5403 1688 5 2071 5 2070 5 5400 0 1228 0 5401 0 381 5404 121 5404 382 5404 4316 5405 8997 5405 8825 5405 7910 5406 4645 5406 8997 5406 2286 8 6745 8 8000 8 3685 5407 3684 5407 5405 5407 8358 5408 5410 5408 1295 5408 8508 5409 5410 5409 7017 5409 1300 1 1864 1 1866 1 2841 5410 1300 5410 1299 5410 9039 5411 5405 5411 8996 5411 3312 5412 6693 5412 6692 5412 8825 0 1296 0 8975 0 8976 0 1296 0 1295 0 5874 1 7916 1 9423 1 2014 0 5671 0 5670 0 8062 0 2090 0 4509 0 8062 5413 5669 5413 5671 5413 5442 0 5276 0 8316 0 6899 8 1816 8 624 8 9493 0 5376 0 2519 0 9493 5414 6203 5414 4027 5414 5354 0 4489 0 4123 0 5221 1 7459 1 2478 1 5386 0 9491 0 7878 0 670 5415 7868 5415 2551 5415 6456 8 6457 8 9021 8 2826 0 2825 0 786 0 5398 0 8443 0 5067 0 8443 5416 537 5416 5651 5416 8360 1 1428 1 5240 1 9182 1 1428 1 1427 1 5748 5417 1399 5417 5426 5417 5748 5418 5484 5418 5749 5418 3855 5419 5315 5419 8066 5419 9484 1 5315 1 5314 1 2060 5420 1365 5420 2061 5420 5280 0 1364 0 5611 0 3011 5 5372 5 3012 5 9494 5421 6486 5421 6929 5421 7813 5422 4108 5422 7814 5422 1128 8 1127 8 8509 8 9495 1 6490 1 9496 1 5414 5423 6490 5423 6489 5423 9496 1 8340 1 8339 1 8340 5424 5414 5424 2976 5424 9458 1 16 1 7538 1 9459 1 16 1 15 1 5415 1 3043 1 3045 1 7893 0 5349 0 2194 0 5511 0 7893 0 5509 0 3728 5425 1868 5425 5873 5425 9042 0 3728 0 2815 0 1882 1 5178 1 1883 1 7576 5426 5178 5426 5177 5426 4205 1 4204 1 5417 1 8333 1 7953 1 8332 1 7576 1 4197 1 5416 1 3147 1 5417 1 3148 1 6390 5427 5454 5427 1893 5427 5421 1 858 1 8906 1 8053 8 5998 8 4508 8 9331 1 917 1 8491 1 5673 1 917 1 916 1 5673 1 5420 1 5419 1 9460 0 2060 0 2120 0 7458 0 7302 0 9460 0 7115 1 7992 1 7114 1 7115 5428 5484 5428 5485 5428 4159 1 6103 1 4160 1 3756 5429 6103 5429 6102 5429 6209 5 8706 5 4127 5 3355 5430 2947 5430 1015 5430 2205 5431 5448 5431 2203 5431 2205 0 881 0 883 0 233 3975 4224 3975 234 3975 9182 5432 4135 5432 5387 5432 8309 1 4135 1 4134 1 5398 0 3053 0 538 0 1352 1 1351 1 6164 1 6425 1 1700 1 1702 1 9374 1 6423 1 8956 1 2177 5433 5777 5433 7023 5433 5868 5 7414 5 5867 5 2635 5434 9497 5434 2636 5434 9300 5435 2314 5435 5464 5435 9123 5436 2314 5436 2313 5436 494 5437 4476 5437 9116 5437 860 5438 1756 5438 858 5438 7248 0 2048 0 7706 0 7248 0 5669 0 7249 0 7997 1 6315 1 7998 1 6102 5439 6315 5439 3756 5439 2717 164 2637 164 9487 164 5907 5 8918 5 9211 5 2808 8 2046 8 5999 8 9412 5440 6660 5440 6662 5440 255 5 254 5 2403 5 1065 5441 310 5441 309 5441 7507 5442 7071 5442 7076 5442 8923 0 7109 0 7108 0 2559 5443 6669 5443 5089 5443 4059 8 3783 8 7891 8 8212 5444 609 5444 611 5444 8212 5445 5631 5445 6662 5445 9484 1 5459 1 17 1 6922 5446 5459 5446 5311 5446 9489 5 2106 5 5460 5 236 5447 5364 5447 237 5447 1035 5448 7417 5448 8678 5448 8688 0 967 0 2399 0 3666 5449 5384 5449 3747 5449 3666 0 5612 0 7302 0 944 8 5455 8 4868 8 2169 0 6058 0 8028 0 944 8 8576 8 942 8 9498 0 5788 0 9059 0 5449 0 5448 0 7616 0 5197 5 5972 5 9206 5 269 5450 3928 5450 271 5450 1252 1 1254 1 6104 1 5325 5451 5461 5451 9173 5451 7981 5452 5312 5452 4726 5452 9486 1 5312 1 5311 1 7143 164 7580 164 7144 164 8710 0 1804 0 7384 0 9195 0 5423 0 7316 0 2792 5453 5424 5453 2793 5453 6187 5454 3186 5454 9375 5454 340 0 8708 0 7139 0 2107 5 8446 5 5318 5 1951 5455 4863 5455 1952 5455 1947 1 3736 1 3735 1 7881 1 1947 1 1403 1 2012 0 8061 0 5453 0 1899 5456 5100 5456 1900 5456 4864 5457 5247 5457 7451 5457 7451 5458 4865 5458 4864 5458 9499 9 7871 9 7611 9 7796 9 9499 9 7847 9 596 5459 598 5459 2153 5459 1575 5460 598 5460 597 5460 9254 5461 3915 5461 5464 5461 976 5462 3915 5462 3914 5462 1181 5 979 5 975 5 9300 5 979 5 978 5 1639 5463 2961 5463 1640 5463 1639 1 7530 1 7647 1 9462 5464 5228 5464 5474 5464 87 5465 241 5465 240 5465 1510 5466 933 5466 6414 5466 9500 1 4144 1 6400 1 9500 1 6639 1 5485 1 4968 1 7545 1 4268 1 2834 5467 9321 5467 2835 5467 8175 5468 8047 5468 8117 5468 8047 1 8118 1 8048 1 7905 5469 1434 5469 1433 5469 3126 0 3125 0 7887 0 6187 5470 8714 5470 5653 5470 5857 1 5654 1 8714 1 5433 5471 3531 5471 9497 5471 369 5472 3234 5472 370 5472 4576 0 3007 0 8961 0 6441 1 6074 1 6442 1 8958 1 9501 1 3792 1 6759 5473 9501 5473 803 5473 4903 0 1225 0 6197 0 3140 5474 6198 5474 6197 5474 8143 5475 8140 5475 8141 5475 8048 5476 1994 5476 1993 5476 8715 5477 2213 5477 7 5477 1622 1 6870 1 5478 1 4014 5478 3145 5478 4015 5478 2267 5479 5455 5479 2268 5479 3516 5480 7753 5480 8639 5480 7976 5481 6496 5481 7793 5481 1355 0 5443 0 7694 0 1951 5482 5443 5482 5442 5482 2475 0 5725 0 5727 0 6864 1 1632 1 5502 1 202 5483 4215 5483 203 5483 5444 0 7527 0 6509 0 4147 5484 3173 5484 5392 5484 8039 5485 7763 5485 9006 5485 5567 5486 444 5486 6130 5486 3078 5487 444 5487 443 5487 4631 164 5430 164 8382 164 4631 5488 3532 5488 5433 5488 8041 5489 7777 5489 8175 5489 8118 5490 7777 5490 7775 5490 6934 1 388 1 9502 1 7743 5491 7742 5491 2101 5491 5879 1 6815 1 5880 1 8653 1 6815 1 33 1 8262 164 8261 164 9187 164 9080 5492 1046 5492 7959 5492 4195 1 4194 1 8600 1 2954 5 2953 5 5197 5 2954 5 3890 5 6161 5 5845 164 7449 164 5843 164 2715 164 552 164 2039 164 3276 164 3275 164 5516 164 7372 5493 3275 5493 6799 5493 505 1 6400 1 4144 1 6638 1 9500 1 6400 1 35 5494 9135 5494 5492 5494 33 5495 35 5495 5492 5495 9334 1 836 1 8677 1 5270 1 836 1 835 1 8654 5496 8902 5496 9147 5496 5270 1 8654 1 8653 1 7874 0 7875 0 9424 0 7931 5497 9497 5497 9464 5497 1351 5498 7953 5498 6165 5498 48 5499 1749 5499 49 5499 2814 5500 5451 5500 2815 5500 2814 0 1307 0 5792 0 8097 0 9127 0 9128 0 7848 9 7169 9 7168 9 7848 5501 7847 5501 7870 5501 8201 5502 1313 5502 7348 5502 9254 5 1313 5 890 5 9503 1 448 1 450 1 9503 5503 7646 5503 7647 5503 1398 5504 5426 5504 1399 5504 5748 1 5426 1 5425 1 3192 0 1156 0 8027 0 1241 5505 1240 5505 9068 5505 1539 1 4597 1 4673 1 5508 1 5348 1 9504 1 7834 5506 7835 5506 4673 5506 1633 8 1635 8 5332 8 8245 5507 7619 5507 6931 5507 9073 5508 7602 5508 5187 5508 9462 0 7602 0 3202 0 2719 164 2635 164 2637 164 8607 5509 4 5509 7082 5509 6117 5 928 5 8811 5 5432 164 5431 164 2719 164 5333 8 2799 8 3159 8 5791 0 6281 0 2091 0 5791 0 5450 0 5792 0 3475 5510 1898 5510 7981 5510 1898 5511 6377 5511 1899 5511 9194 1 1370 1 6214 1 8353 1 1370 1 1369 1 3046 1 1362 1 1361 1 3046 1 3047 1 5749 1 557 164 8421 164 9411 164 4540 0 1152 0 1151 0 1152 5512 4541 5512 1388 5512 5516 5513 5515 5513 9384 5513 5515 164 7372 164 7268 164 7557 0 5615 0 9136 0 7267 1 6876 1 3025 1 505 1 3024 1 506 1 4354 5514 5563 5514 9167 5514 4546 5 5563 5 1089 5 309 5515 8154 5515 1065 5515 7532 5516 8540 5516 7533 5516 9193 5517 3891 5517 5541 5517 1559 5518 3891 5518 3890 5518 4553 5519 9047 5519 3814 5519 1914 5520 1916 5520 6789 5520 3256 0 7259 0 8256 0 8916 5521 7259 5521 7256 5521 486 1 8063 1 5487 1 6488 5522 486 5522 485 5522 3811 5523 7721 5523 1647 5523 6453 9 7796 9 7848 9 8933 1 7564 1 9414 1 4369 5524 2609 5524 2231 5524 6799 5525 4369 5525 7372 5525 5445 5526 6508 5526 1526 5526 6509 5527 6508 5527 5444 5527 8823 5528 8864 5528 3643 5528 9505 0 2044 0 948 0 9505 5529 7464 5529 7616 5529 1955 1 8280 1 5815 1 3753 5530 1955 5530 1954 5530 4940 0 350 0 352 0 2344 5531 4940 5531 2303 5531 5188 0 5475 0 4466 0 4525 164 8751 164 4524 164 9506 5532 4161 5532 5574 5532 9506 0 4082 0 6039 0 9311 5533 6442 5533 7909 5533 4407 5534 5089 5534 7574 5534 3744 5 2485 5 2484 5 2485 5535 4127 5535 7591 5535 5966 1 5965 1 3502 1 5966 1 6862 1 6864 1 2619 5536 1907 5536 8905 5536 1018 5 7138 5 1016 5 5965 5537 8153 5537 5964 5537 6895 5538 712 5538 8251 5538 9397 164 2230 164 9134 164 9397 164 3058 164 7268 164 6401 5539 507 5539 9004 5539 1262 5540 5768 5540 5770 5540 1547 0 2109 0 525 0 7299 0 2109 0 430 0 8369 0 2225 0 2227 0 6749 164 6751 164 904 164 344 1 5010 1 5529 1 311 5541 344 5541 309 5541 7562 5542 7969 5542 7563 5542 7562 5543 2834 5543 2836 5543 9136 0 2170 0 8043 0 2168 0 2170 0 5614 0 9507 1 3500 1 4052 1 9507 1 7530 1 6865 1 8421 164 556 164 3217 164 7963 0 7779 0 4272 0 7115 1 5485 1 6640 1 9500 5544 5485 5544 5425 5544 8065 5545 9242 5545 4727 5545 6851 5546 52 5546 4992 5546 9060 0 3860 0 834 0 8545 0 5392 0 3173 0 9404 5547 7824 5547 2193 5547 5391 0 8963 0 5392 0 3794 5548 5477 5548 8352 5548 5819 1 3794 1 3793 1 1152 0 4039 0 1150 0 9284 5549 4039 5549 3483 5549 3860 0 8545 0 832 0 9508 9 7870 9 7664 9 8009 5550 2285 5550 2287 5550 9509 1 5537 1 3723 1 9509 1 6412 1 6414 1 3994 1727 7066 1727 9413 1727 3574 5551 3641 5551 8810 5551 935 1 9510 1 5539 1 6927 1 9321 1 2834 1 6346 5 5867 5 6347 5 4467 0 7437 0 8636 0 9120 9 7541 9 7610 9 4182 5552 907 5552 8993 5552 8787 0 8993 0 909 0 4464 5 5105 5 8135 5 7367 0 4989 0 4181 0 3186 1 6186 1 9 1 6186 5553 9492 5553 10 5553 9204 5 2145 5 5541 5 8775 5 2145 5 1100 5 9203 5554 777 5554 776 5554 9204 5 777 5 1106 5 4179 5555 4181 5555 1845 5555 2293 0 871 0 2851 0 9511 5556 904 5556 6751 5556 8154 1 8153 1 5502 1 8914 0 7255 0 8468 0 7256 0 7255 0 8916 0 2159 1 6441 1 2076 1 7551 1 5814 1 2406 1 3195 1 6862 1 6865 1 3241 0 76 0 5303 0 1258 0 9268 0 5548 0 9267 0 1258 0 1257 0 9284 0 5550 0 1257 0 9287 0 5550 0 1858 0 8552 5557 5545 5557 2680 5557 8552 164 5337 164 6082 164 9439 0 1417 0 5025 0 2940 5558 198 5558 4931 5558 9512 0 9075 0 6142 0 120 5559 3902 5559 123 5559 6410 5560 6409 5560 4747 5560 369 1 371 1 5554 1 8696 5561 371 5561 6154 5561 7810 5 6331 5 9513 5 5339 164 4524 164 6082 164 4485 5 5328 5 5324 5 9489 5 5328 5 5327 5 9481 0 5558 0 5557 0 8235 0 5558 0 3305 0 6896 1 695 1 694 1 8450 0 4206 0 5903 0 5348 1 7835 1 3298 1 8299 5562 2047 5562 6886 5562 8211 5563 8007 5563 5408 5563 9492 1 7741 1 7740 1 9514 0 4208 0 686 0 9514 5564 6880 5564 6936 5564 3539 5565 7718 5565 6936 5565 9481 0 3539 0 3538 0 4515 5 7974 5 6778 5 3109 5566 8016 5566 8015 5566 8334 0 9307 0 208 0 6321 1 2277 1 5952 1 2240 9 7644 9 1516 9 8694 1 369 1 5554 1 5133 5567 7976 5567 5583 5567 2794 5568 1380 5568 881 5568 9185 5569 1380 5569 1379 5569 9515 0 5506 0 4251 0 9515 0 5614 0 5615 0 3299 5570 7581 5570 7351 5570 3299 164 2704 164 5468 164 3558 5571 8756 5571 1601 5571 7374 5572 3334 5572 7730 5572 7000 5 134 5 136 5 7000 5 6193 5 6194 5 8751 164 5468 164 5467 164 3024 5573 4145 5573 7586 5573 1398 1 4145 1 5426 1 6460 0 5569 0 6458 0 6460 5574 6037 5574 6039 5574 5119 0 8899 0 5447 0 5424 0 5119 0 2176 0 7740 1 7739 1 5482 1 10 1 9492 1 8935 1 9516 5575 5604 5575 5606 5575 4553 0 2979 0 4554 0 8088 5576 8847 5576 510 5576 7843 5577 8415 5577 522 5577 337 5578 2032 5578 6943 5578 4084 5579 5782 5579 5571 5579 4333 4191 4029 4191 6609 4191 8262 164 9247 164 5494 164 9157 1 7952 1 9158 1 5608 8 2167 8 2257 8 7958 5580 6411 5580 7792 5580 7881 1 6072 1 7661 1 7715 5581 1444 5581 5964 5581 7715 1 343 1 7716 1 9159 5582 4545 5582 8067 5582 4921 5 4545 5 1088 5 4510 5583 5584 5583 5137 5583 5584 5584 5583 5584 5606 5584 4277 1 485 1 7795 1 5009 5585 4277 5585 5517 5585 9464 5586 9366 5586 9197 5586 3686 5 1090 5 5370 5 1090 5 1089 5 7926 5 3901 5587 7059 5587 7069 5587 8580 0 482 0 5362 0 5627 5588 362 5588 5109 5588 1083 5 1078 5 3313 5 5588 5589 9410 5589 5647 5589 7511 1 7523 1 7522 1 773 5 4463 5 5836 5 5614 5590 5616 5590 2168 5590 5523 5591 7401 5591 1764 5591 5209 1 8965 1 8964 1 5317 5592 5170 5592 9173 5592 9200 5 7676 5 5835 5 9193 5 7676 5 3892 5 9517 5593 5572 5593 1981 5593 6785 5594 6784 5594 7067 5594 7579 164 7580 164 6647 164 7290 5595 7716 5595 9518 5595 5584 5596 5605 5596 5137 5596 5605 1 5604 1 5912 1 5548 0 9268 0 9269 0 1258 0 5548 0 1151 0 8223 5597 7842 5597 9161 5597 7305 5598 9112 5598 739 5598 4075 5599 6925 5599 2848 5599 9519 0 5656 0 3328 0 9519 5600 4398 5600 6202 5600 9195 0 1342 0 2793 0 9292 5601 1342 5601 1341 5601 3481 5602 812 5602 8464 5602 7356 0 7357 0 4990 0 5102 1 5101 1 7881 1 6072 1 5101 1 6073 1 8711 5603 946 5603 3184 5603 8529 5604 5481 5604 1627 5604 7740 5605 5481 5605 8935 5605 832 5606 5637 5606 833 5606 2408 1 8719 1 3215 1 9520 9 9521 9 5640 9 9520 5607 6157 5607 7858 5607 2303 5608 966 5608 968 5608 6792 5609 2879 5609 9364 5609 6173 8 2256 8 6174 8 2255 8 2257 8 9161 8 1140 5610 2273 5610 1643 5610 5064 5611 8849 5611 8763 5611 8226 5 2041 5 6055 5 1139 164 1141 164 5598 164 1139 164 5593 164 7988 164 3735 5612 111 5612 8937 5612 5344 0 983 0 4196 0 8057 0 5344 0 5012 0 2155 5613 5592 5613 9262 5613 2155 5614 2154 5614 889 5614 7270 5 9467 5 5577 5 876 5 7270 5 875 5 262 5615 264 5615 5646 5615 4054 8 2167 8 5608 8 4053 8 4055 8 7750 8 5610 0 5609 0 4025 0 3093 8 1916 8 1915 8 1545 5616 5599 5616 8072 5616 1547 0 1546 0 1735 0 9522 164 4498 164 759 164 9522 5617 5596 5617 6083 5617 9292 0 3189 0 1378 0 9248 5618 3189 5618 3992 5618 8937 1 2395 1 1005 1 3279 5619 7883 5619 5954 5619 2261 5620 2263 5620 4059 5620 7915 5621 3257 5621 8256 5621 6629 5 3091 5 8930 5 6921 5622 2681 5622 7208 5622 2681 164 1059 164 5633 164 2166 5623 51 5623 7675 5623 7675 5624 8223 5624 9161 5624 6178 8 5361 8 7403 8 5568 5625 3242 5625 9457 5625 5568 0 5565 0 6727 0 8138 5626 1843 5626 8036 5626 1842 5627 1841 5627 5654 5627 5086 5628 8914 5628 4174 5628 8916 0 5086 0 5085 0 7143 5629 5594 5629 8659 5629 5594 164 5593 164 5688 164 1644 164 5173 164 1642 164 184 5630 3985 5630 381 5630 3767 5631 5215 5631 5216 5631 3767 0 7184 0 7681 0 3263 164 9134 164 9154 164 834 0 833 0 608 0 3235 5632 8694 5632 1510 5632 5478 1 6215 1 8352 1 6086 5 7277 5 2249 5 5607 5633 2256 5633 6173 5633 3172 0 7680 0 832 0 5215 5634 7680 5634 5212 5634 4540 0 889 0 888 0 9523 164 5631 164 2554 164 9523 164 7209 164 7617 164 3533 164 9398 164 3531 164 9516 5635 2396 5635 5604 5635 2396 1 2395 1 113 1 6046 5636 7208 5636 3269 5636 5568 5637 9457 5637 5567 5637 1995 5638 2147 5638 8944 5638 9524 9 5638 9 3123 9 9524 9 7347 9 6158 9 9372 5 5806 5 7222 5 8392 5639 2340 5639 1667 5639 9248 5640 5626 5640 1379 5640 8998 5641 5626 5641 492 5641 8529 5642 8080 5642 7923 5642 358 5643 8809 5643 3139 5643 7773 0 8809 0 5650 0 3719 5 3072 5 5705 5 6617 5 3719 5 8524 5 1781 5644 6200 5644 9071 5644 9002 5 1781 5 1780 5 9034 0 6480 0 8499 0 9419 5645 5655 5645 4061 5645 9464 164 9398 164 9366 164 9124 5646 6167 5646 9525 5646 3471 5647 3470 5647 5609 5647 1230 5 9480 5 6200 5 9526 5648 9178 5648 5658 5648 9526 5649 7224 5649 7469 5649 2765 5650 2764 5650 5479 5650 600 5651 3533 5651 3532 5651 6055 5 476 5 475 5 1091 5 476 5 473 5 3476 1 9017 1 7992 1 420 5652 422 5652 2499 5652 1003 5653 1002 5653 5643 5653 8261 164 1002 164 9188 164 9527 0 5622 0 3015 0 9527 5654 7631 5654 7632 5654 9528 5655 2071 5655 8874 5655 5921 1 4203 1 2392 1 7739 1 7741 1 4997 1 910 5656 1328 5656 1327 5656 400 5657 4382 5657 401 5657 3185 1 9375 1 3186 1 6829 5658 8016 5658 6830 5658 5680 5 1786 5 5681 5 6665 5659 6480 5659 6666 5659 1217 5 7974 5 1213 5 6798 5660 3171 5660 8283 5660 2041 5661 2043 5661 8939 5661 3149 1 4503 1 4502 1 5290 5662 1400 5662 916 5662 1294 5663 8997 5663 4645 5663 9180 5664 918 5664 7830 5664 9331 1 918 1 917 1 5673 1 5422 1 917 1 7771 1 7276 1 7772 1 4438 164 5338 164 6462 164 5173 5665 5338 5665 5337 5665 9529 5666 478 5666 480 5666 9529 5667 7467 5667 7469 5667 2974 1 2975 1 6488 1 1863 5668 1866 5668 1865 5668 5804 5 7382 5 5709 5 5524 5 1763 5 6439 5 4840 5669 1773 5669 7935 5669 7936 5 1773 5 1772 5 4146 5670 5676 5670 4840 5670 1771 5 5676 5 2667 5 5575 5671 8355 5671 9502 5671 6731 5 9087 5 847 5 3484 5 2667 5 5676 5 8094 5 2667 5 2666 5 9155 5672 6041 5672 4926 5672 3177 5673 5750 5673 1275 5673 2102 5 9296 5 7852 5 5630 5674 6631 5674 1928 5674 9251 5675 3263 5675 9154 5675 4815 5676 5646 5676 9055 5676 4920 5 3688 5 3687 5 1088 5 3688 5 4921 5 8501 8 5678 8 6840 8 5201 8 6090 8 6839 8 6174 5677 2256 5677 8009 5677 5321 5678 1003 5678 7370 5678 7193 0 8137 0 4538 0 3642 3927 4314 3927 8823 3927 5174 5679 7117 5679 2577 5679 344 1 311 1 5009 1 9372 5680 9138 5680 7325 5680 9196 5681 1404 5681 1620 5681 9530 0 1986 0 1988 0 9530 5682 7224 5682 6202 5682 5667 5683 5731 5683 5305 5683 526 5684 5960 5684 986 5684 9180 5685 5672 5685 5290 5685 9343 5686 5672 5686 7831 5686 8369 0 5507 0 7557 0 9515 0 5507 0 5506 0 5892 5687 7266 5687 5893 5687 5202 5688 9469 5688 4972 5688 7976 5689 7879 5689 5583 5689 9516 5690 7879 5690 2397 5690 145 5691 5382 5691 8592 5691 1365 0 5282 0 2061 0 9339 5692 2079 5692 7957 5692 9531 5693 8358 5693 4644 5693 9209 5694 7567 5694 2944 5694 9251 5695 7567 5695 3264 5695 5589 5696 5647 5696 1644 5696 8150 5697 5647 5697 9410 5697 9532 9 4099 9 5008 9 9532 9 6157 9 6158 9 2271 164 5595 164 7143 164 1140 5698 7988 5698 2273 5698 5598 164 1141 164 2680 164 1139 5699 5598 5699 5597 5699 3111 5700 3110 5700 6842 5700 4381 5657 7112 5657 7155 5657 7414 5701 5868 5701 7815 5701 9533 5702 5545 5702 3217 5702 9533 164 6352 164 6083 164 4267 5703 2498 5703 7828 5703 9016 1 7982 1 2500 1 7668 5704 1232 5704 5662 5704 1230 5705 1232 5705 1777 5705 1784 5706 1785 5706 1787 5706 866 5707 8072 5707 864 5707 8028 0 9534 0 9085 0 2838 5708 2270 5708 38 5708 5680 5 2270 5 2839 5 9522 164 2548 164 5596 164 2548 164 2547 164 5688 164 3266 1 5134 1 4510 1 5583 1 5134 1 5133 1 9515 0 4250 0 5614 0 8940 0 4250 0 4249 0 11 1 7922 1 5985 1 5763 5709 9050 5709 5934 5709 1661 5710 1660 5710 8401 5710 1656 5 1655 5 8130 5 1655 5711 3134 5711 3090 5711 9299 5712 5122 5712 5697 5712 8546 5 5122 5 5121 5 1351 1 8332 1 7953 1 76 0 5582 0 8018 0 7542 9 4715 9 7279 9 6754 5713 2130 5713 7001 5713 1365 5714 2060 5714 5613 5714 1316 5 4433 5 5176 5 4435 5 4434 5 5743 5 5908 1 8527 1 8526 1 6054 5 2041 5 8939 5 1661 5715 8401 5715 6694 5715 5629 5716 1676 5716 5285 5716 2161 5717 6072 5717 2159 5717 4203 5718 1327 5718 2393 5718 309 5719 7715 5719 8154 5719 5316 5720 9076 5720 854 5720 8795 5721 8794 5721 2628 5721 8794 5722 6054 5722 8939 5722 2828 5723 2400 5723 5690 5723 2844 5724 5690 5724 2842 5724 6401 5725 9004 5725 7365 5725 2844 5726 3878 5726 3877 5726 5722 164 5724 164 7336 164 5203 5727 4410 5727 5692 5727 8235 0 3304 0 403 0 9454 5728 3473 5728 5650 5728 8443 0 3473 0 3472 0 2269 5 5681 5 8130 5 1656 5 5681 5 1786 5 8640 0 4271 0 5189 0 2421 9 437 9 7858 9 3475 1 7982 1 9016 1 8064 1 2498 1 2500 1 5892 5729 4232 5729 7266 5729 4532 5 1828 5 8649 5 5765 0 5764 0 6350 0 5595 164 2271 164 2273 164 4359 3386 81 3386 4360 3386 8511 0 467 0 5828 0 9454 0 467 0 466 0 6074 5730 7909 5730 6442 5730 9191 5731 3673 5731 5718 5731 3673 1 2320 1 4138 1 9352 5732 5351 5732 9245 5732 7956 5733 5351 5733 5350 5733 2628 5734 5867 5734 6346 5734 7805 5735 7412 5735 7815 5735 9217 5736 891 5736 900 5736 9299 5 891 5 890 5 1148 5737 5698 5737 2139 5737 9535 5 5698 5 5697 5 8210 5738 4904 5738 3035 5738 5695 5739 4904 5739 3031 5739 153 5740 155 5740 2976 5740 1662 5741 5011 5741 7632 5741 7833 5742 2741 5742 4269 5742 1926 5743 1996 5743 2995 5743 7682 5744 7217 5744 7216 5744 55 5745 835 5745 837 5745 9536 5746 896 5746 2140 5746 9536 5747 9535 5747 5743 5747 698 0 7652 0 696 0 1185 5 1187 5 5740 5 1185 5 4434 5 8096 5 2054 5748 7656 5748 483 5748 3135 5 8474 5 7502 5 1108 5 6804 5 2532 5 6804 5 6803 5 5707 5 7883 5749 7885 5749 5954 5749 1158 5 7321 5 7322 5 3332 5750 9330 5750 8178 5750 8335 5751 9184 5751 2390 5751 9147 5752 5880 5752 8654 5752 5844 164 6210 164 8145 164 5567 5753 442 5753 444 5753 4609 164 4608 164 6210 164 8335 5754 4616 5754 9184 5754 7928 5755 9168 5755 7929 5755 7459 1 1390 1 4614 1 9191 1 1390 1 1389 1 9537 5 5708 5 5707 5 5684 5 9537 5 8086 5 5748 5756 5420 5756 1399 5756 460 0 462 0 1807 0 3506 5757 3963 5757 5237 5757 2094 5 6871 5 5125 5 6310 0 7824 0 8008 0 7728 5758 5915 5758 5914 5758 9017 1 2500 1 2499 1 2196 1 801 1 4062 1 3151 5759 801 5759 800 5759 7308 0 1587 0 7309 0 6803 5 6805 5 8086 5 9330 5 3331 5 5711 5 7932 5760 2636 5760 7931 5760 5724 5761 7931 5761 9464 5761 2093 5762 8523 5762 8522 5762 7569 5763 8523 5763 8524 5763 7799 5764 7801 5764 988 5764 9538 1 7952 1 7924 1 6044 5765 5696 5765 4266 5765 5696 9 5695 9 7688 9 6560 5766 6686 5766 8199 5766 973 5767 1159 5767 5730 5767 316 5768 1867 5768 317 5768 8169 5769 5721 5769 2482 5769 5124 5 7638 5 7898 5 390 5770 5578 5770 7045 5770 4407 0 5161 0 3877 0 3291 164 6649 164 7271 164 7863 5771 3516 5771 3518 5771 7859 9 5641 9 5008 9 7859 9 7686 9 7688 9 5720 164 6368 164 406 164 2706 5 6872 5 8030 5 6870 1 1622 1 1621 1 5740 5772 896 5772 5742 5772 667 5773 7375 5773 7377 5773 5373 5 5256 5 5255 5 2092 5774 6618 5774 2093 5774 8524 5775 6618 5775 6617 5775 5318 5 5461 5 2107 5 8445 0 5429 0 5428 0 1456 1 6096 1 1677 1 5478 5776 8352 5776 5477 5776 3531 5777 9464 5777 9497 5777 2943 5778 1774 5778 6607 5778 9539 164 5883 164 2610 164 9539 164 617 164 7377 164 7108 5779 7323 5779 2058 5779 5821 5780 417 5780 419 5780 6109 5781 6625 5781 7775 5781 7364 1 6637 1 7365 1 7569 5 5703 5 2207 5 8000 8 4890 8 752 8 3814 5782 9047 5782 3492 5782 1126 5 2578 5 6497 5 9540 5783 654 5783 656 5783 9540 1 6132 1 6134 1 9541 5 6308 5 2817 5 9371 5 5728 5 7322 5 3145 8 5454 8 3146 8 6644 164 6475 164 6474 164 9536 5 2140 5 9535 5 1927 5784 1926 5784 2706 5784 5682 8 6020 8 6024 8 3032 9 8247 9 5641 9 3031 5785 3032 5785 5695 5785 1931 0 774 0 1932 0 3106 5786 774 5786 764 5786 9521 5787 8296 5787 7593 5787 7595 0 4397 0 6879 0 8954 1 5770 1 9163 1 615 1 5768 1 1264 1 2094 5788 9294 5788 9214 5788 1075 0 3809 0 5823 0 5594 164 5688 164 5107 164 2548 164 5688 164 5597 164 5996 5789 5998 5789 5762 5789 858 1 5419 1 859 1 1386 5790 1385 5790 9118 5790 9542 5 5734 5 2025 5 9542 5 1450 5 6497 5 5176 5 6351 5 8546 5 5697 5 6351 5 9535 5 9543 0 5755 0 1737 0 539 5791 5396 5791 537 5791 7773 5792 5396 5792 5395 5792 8924 5793 5774 5793 3043 5793 5774 1 5773 1 6134 1 3133 5794 5708 5794 9537 5794 1654 5795 3135 5795 3134 5795 2586 5 7382 5 2088 5 7282 1 7575 1 8365 1 3668 1 7575 1 1330 1 9035 0 664 0 1857 0 2439 591 4547 591 5500 591 3667 1 804 1 803 1 9340 1 804 1 4733 1 5751 1 912 1 911 1 1330 1 912 1 3668 1 7653 5796 820 5796 8122 5796 9308 0 820 0 819 0 3667 5797 7575 5797 3668 5797 8143 1 5815 1 8280 1 6566 591 8110 591 8109 591 1853 0 1855 0 819 0 9338 5798 1855 5798 6762 5798 7774 5799 3139 5799 8809 5799 6198 5800 7774 5800 5395 5800 358 5801 3139 5801 356 5801 4350 5 5253 5 7798 5 7115 5802 6217 5802 5484 5802 3046 1 6217 1 1362 1 9544 1 1369 1 1371 1 9544 1 7235 1 6216 1 9545 0 2517 0 2519 0 9545 0 7662 0 7344 0 9407 5803 2194 5803 5349 5803 7893 5804 2194 5804 2193 5804 5791 0 1309 0 6281 0 4814 8 624 8 6088 8 5761 8 5149 8 5762 8 5683 5805 5761 5805 8055 5805 2154 5806 5397 5806 887 5806 539 0 5397 0 5396 0 3786 5 1995 5 1997 5 981 5807 134 5807 1733 5807 5796 0 5798 0 481 0 4650 5808 3012 5808 5372 5808 8698 5809 8052 5809 5834 5809 8052 8 5760 8 8053 8 9546 0 5506 0 2227 0 9546 5810 4016 5810 9547 5810 3730 0 1260 0 1259 0 9270 0 1260 0 4760 0 5769 1 4750 1 1263 1 9265 5811 4750 5811 6623 5811 9285 0 5771 0 8379 0 3467 0 5771 0 3468 0 4717 5812 9020 5812 4715 5812 9286 1 1264 1 1263 1 5769 5813 5770 5813 8599 5813 3640 5814 8810 5814 3641 5814 5772 0 3729 0 8602 0 4761 5815 3730 5815 3468 5815 8096 5 4433 5 9380 5 3084 0 3086 0 5812 0 1940 5816 1939 5816 4088 5816 7952 5817 7922 5817 7924 5817 9548 0 9045 0 5840 0 9548 5818 7662 5818 7663 5818 1724 8 4285 8 7133 8 1947 5819 3735 5819 1945 5819 5778 8 424 8 3160 8 2085 5820 9102 5820 2110 5820 4168 5821 4170 5821 7768 5821 7739 1 4997 1 8058 1 9536 5 5743 5 5742 5 9528 5822 7272 5822 2072 5822 1903 5 1776 5 1775 5 2086 5 3074 5 3073 5 7198 5 2037 5 2086 5 6907 9 6906 9 7345 9 3836 5823 9150 5823 8827 5823 9130 9 3835 9 3825 9 3836 9 3835 9 9150 9 9152 9 1590 9 7429 9 9149 9 1590 9 1589 9 8020 5824 9476 5824 9528 5824 9476 5825 6608 5825 6607 5825 3983 5826 7044 5826 3984 5826 5434 5 6335 5 8661 5 6916 0 8123 0 4130 0 5239 5827 9549 5827 4357 5827 9400 0 529 0 5301 0 9407 0 529 0 528 0 5733 5 8746 5 6845 5 3011 5828 5733 5828 5256 5828 7436 5829 4896 5829 4898 5829 9186 5830 536 5830 7921 5830 3375 5831 7205 5831 6280 5831 9403 0 1987 0 5764 0 1987 0 1986 0 2029 0 7507 5832 631 5832 108 5832 8281 164 5562 164 5962 164 2012 0 5452 0 5450 0 2814 0 5452 0 5451 0 6881 0 6281 0 3311 0 5810 5833 3309 5833 3308 5833 6768 164 3309 164 5402 164 9443 5834 2017 5834 2016 5834 3503 5835 3505 5835 7376 5835 8541 1 8006 1 8005 1 690 5836 8004 5836 691 5836 9210 5 6047 5 1999 5 5931 5837 6216 5837 7549 5837 9506 0 5573 0 4082 0 9517 0 5573 0 5572 0 2178 5 4420 5 2370 5 5372 5838 4420 5838 4650 5838 190 1 192 1 7938 1 5773 5839 192 5839 191 5839 9247 164 6769 164 9550 164 5402 5840 6769 5840 6768 5840 191 5841 2162 5841 5773 5841 1586 0 9551 0 7309 0 7557 5842 9136 5842 1796 5842 8256 5843 3257 5843 3256 5843 7483 0 3257 0 7915 0 860 5844 3047 5844 1361 5844 5444 0 2516 0 1434 0 7876 5 5739 5 9013 5 185 5845 3924 5845 186 5845 5807 5846 8676 5846 5808 5846 6248 5847 5807 5847 7764 5847 9149 5848 8828 5848 7430 5848 7345 9 8828 9 9443 9 9399 5849 5661 5849 3169 5849 1547 0 4459 0 2109 0 1870 5850 4459 5850 5366 5850 2604 8 8054 8 8698 8 5760 5851 8055 5851 5761 5851 7590 5852 5970 5852 5972 5852 4508 8 2687 8 8053 8 6560 5853 8199 5853 2407 5853 3084 0 6670 0 8765 0 9259 5854 678 5854 680 5854 9547 0 6626 0 9037 0 7941 0 479 0 7460 0 9403 0 479 0 478 0 2153 5855 1574 5855 2154 5855 6198 5856 5395 5856 8375 5856 5794 5857 5793 5857 2717 5857 7499 5858 2285 5858 9161 5858 8934 5 7749 5 9298 5 8086 5 7749 5 5684 5 4855 5 8486 5 4519 5 1083 5859 6701 5859 1917 5859 3073 5860 3072 5860 3719 5860 2086 5 3073 5 2087 5 6810 0 3812 0 1647 0 6917 0 7565 0 8123 0 7414 5861 6347 5861 5867 5861 8215 5862 3793 5862 3795 5862 2217 5 1451 5 8855 5 1166 5 951 5 9552 5 7649 5863 9552 5863 6335 5863 9267 0 1257 0 5549 0 9284 0 1257 0 1150 0 9287 0 1858 0 9043 0 1250 0 1858 0 1857 0 2984 5864 8195 5864 7216 5864 3719 5865 5705 5865 5704 5865 5530 5866 3675 5866 3674 5866 3310 5867 8459 5867 1224 5867 5926 0 8459 0 5827 0 4380 5868 7112 5868 4381 5868 6500 5869 7659 5869 6501 5869 5257 5870 7294 5870 7873 5870 7894 0 2113 0 5717 0 5223 164 7397 164 300 164 2814 0 1603 0 1307 0 366 5871 3980 5871 368 5871 9553 1 5829 1 2149 1 9553 5872 5947 5872 5948 5872 9006 1 5620 1 9005 1 8775 5873 3695 5873 5836 5873 5412 5874 787 5874 3120 5874 773 5 6932 5 8627 5 5002 5875 8211 5875 5894 5875 8211 1 691 1 8007 1 4026 5876 357 5876 5826 5876 7273 5 2404 5 8129 5 9554 0 6432 0 6431 0 5012 5877 6695 5877 8057 5877 6431 5878 5846 5878 2472 5878 7779 5879 7960 5879 3494 5879 9555 1 5252 1 9320 1 8797 5880 5094 5880 7025 5880 9478 0 5094 0 5093 0 9477 1 5842 1 5251 1 8320 5881 5842 5881 6883 5881 8013 5882 5043 5882 5250 5882 9477 1 5043 1 5042 1 1221 1 1223 1 9555 1 5250 5883 1223 5883 8013 5883 9478 5884 4019 5884 5847 5884 3284 3012 274 3012 273 3012 8105 5885 965 5885 3766 5885 9449 5886 7917 5886 9399 5886 7917 164 1566 164 1565 164 7834 1 4597 1 4596 1 8273 1 7940 1 6533 1 8314 1 7920 1 8315 1 8132 0 7484 0 7895 0 4500 8 2045 8 2862 8 9 1 11 1 5985 1 8315 5887 5986 5887 9157 5887 5353 0 5511 0 5510 0 7893 0 5511 0 5350 0 5854 5888 2827 5888 2828 5888 7578 5889 8642 5889 4371 5889 4226 0 2296 0 5854 0 5705 5 3072 5 5440 5 8180 5890 8195 5890 2006 5890 3785 5891 8155 5891 5789 5891 4086 5892 4088 5892 1939 5892 1522 5893 2036 5893 1523 5893 2036 5 5438 5 2037 5 8704 5 7242 5 6150 5 2677 5894 7242 5894 7159 5894 6149 5 6150 5 7242 5 9556 5895 6148 5895 2621 5895 7766 5896 5436 5896 5435 5896 6335 5897 5436 5897 7649 5897 4416 3591 5950 3591 4417 3591 2089 0 2091 0 6881 0 7945 5898 8241 5898 5229 5898 3415 0 5853 0 2413 0 7920 5899 958 5899 3187 5899 5001 5900 692 5900 5002 5900 7895 0 7961 0 8132 0 6658 5901 7669 5901 7205 5901 1939 5902 7764 5902 5807 5902 9546 0 2226 0 4016 0 2226 0 2225 0 5825 0 9557 0 2029 0 765 0 9557 0 5308 0 6350 0 4424 5903 1317 5903 5946 5903 9012 5 1317 5 1316 5 6626 5904 4016 5904 4018 5904 9558 5905 9547 5905 5823 5905 9546 0 9558 0 5506 0 65 5906 5927 5906 8578 5906 7805 5907 7815 5907 7525 5907 9559 0 5376 0 5378 0 9559 0 1811 0 7663 0 9517 0 2066 0 4083 0 2066 5908 1980 5908 5785 5908 9395 1 446 1 6465 1 9088 5909 446 5909 445 5909 9202 1 7261 1 5831 1 9201 5910 9202 5910 7250 5910 4530 1 8215 1 5930 1 9284 0 3483 0 1856 0 9035 0 3483 0 3482 0 3504 164 1567 164 6556 164 2946 5911 9209 5911 2944 5911 9560 5912 2781 5912 6588 5912 9560 5913 9455 5913 5864 5913 6653 5914 4724 5914 1823 5914 7482 0 8119 0 7651 0 4026 0 8511 0 5828 0 4110 164 3260 164 5810 164 5402 164 3260 164 3259 164 7668 5915 1778 5915 1232 5915 7918 5916 3108 5916 3107 5916 3108 0 3218 0 5767 0 5867 5917 2628 5917 2627 5917 1931 0 3261 0 5308 0 7560 1763 8276 1763 2448 1763 1273 3542 3028 3542 3580 3542 1546 0 1545 0 866 0 9408 1 5861 1 5045 1 5861 1 5860 1 27 1 4996 5918 8059 5918 7095 5918 1966 5919 8059 5919 5932 5919 2413 0 5689 0 5161 0 5846 0 7554 0 8984 0 9550 164 5403 164 3517 164 8785 5920 7056 5920 7040 5920 9018 5921 7908 5921 7907 5921 4517 5922 1961 5922 7374 5922 8135 5 4465 5 4464 5 9045 5923 5891 5923 5840 5923 5588 5924 5590 5924 3300 5924 7798 5 5253 5 9302 5 5939 5925 2080 5925 660 5925 2080 0 2079 0 7816 0 7259 0 5469 0 8256 0 5471 0 8144 0 8418 0 4465 5 9200 5 5835 5 1523 5 2038 5 3331 5 5804 5926 2038 5926 7198 5926 5804 5927 2088 5927 7382 5927 2086 5928 2088 5928 7198 5928 5651 5929 537 5929 5396 5929 8443 0 5651 0 3473 0 5662 5 1232 5 1231 5 9002 5930 1231 5930 1781 5930 32 5931 1391 5931 9199 5931 7459 5932 1391 5932 1390 5932 9 1 3187 1 3186 1 957 1 3187 1 958 1 2207 5 5703 5 5901 5 2207 5933 2206 5933 6322 5933 7993 8 1633 8 5332 8 2586 5934 2087 5934 6417 5934 1950 5935 2835 5935 7564 5935 4857 5936 1796 5936 9136 5936 5939 5937 5940 5937 8405 5937 1995 5 8944 5 1996 5 9558 5938 5823 5938 4251 5938 1132 5939 7183 5939 7364 5939 1899 1 6377 1 5100 1 4847 8 8291 8 9387 8 2276 5 8741 5 8661 5 8573 5940 5892 5940 7148 5940 4752 5941 91 5941 4753 5941 6845 5 8746 5 5906 5 8129 5942 5374 5942 3893 5942 128 4063 1183 4063 7060 4063 7618 5943 1962 5943 7620 5943 6375 1 6377 1 1898 1 6375 1 3477 1 6637 1 4615 5944 2390 5944 9184 5944 9191 1 4615 1 1390 1 2229 164 7371 164 2230 164 8125 0 1736 0 1546 0 7720 0 2474 0 5281 0 2991 0 5838 0 2992 0 2991 5945 7240 5945 7344 5945 5226 164 8711 164 2626 164 9255 5946 1096 5946 1311 5946 8929 5 8928 5 3828 5 8928 5 7873 5 6860 5 2229 164 2610 164 5884 164 5786 0 5074 0 4897 0 6638 1 6400 1 6401 1 3858 5947 8650 5947 8533 5947 5767 0 8645 0 5310 0 5737 5948 1935 5948 8551 5948 9088 5949 9048 5949 5860 5949 3109 5 3111 5 6830 5 53 5950 2971 5950 5922 5950 3141 1 2971 1 2970 1 7506 1 5138 1 3063 1 5605 5951 5138 5951 5137 5951 4070 5952 6859 5952 6860 5952 9534 0 2559 0 3876 0 5801 5953 4345 5953 7989 5953 5799 1 4347 1 4346 1 3989 3988 5686 3988 7063 3988 8030 5 2707 5 2706 5 8723 0 8797 0 1162 0 5899 1 8320 1 8319 1 5899 5954 4171 5954 4172 5954 8022 0 6432 0 9554 0 8267 0 3202 0 9073 0 8021 0 7097 0 9040 0 3679 5955 508 5955 509 5955 9169 8 2262 8 8236 8 3678 1 9320 1 7759 1 7549 1 3838 1 5935 1 1287 5956 1024 5956 7814 5956 9561 5957 2990 5957 3089 5957 7495 0 9561 0 7679 0 3270 164 2626 164 2625 164 5270 5958 5271 5958 8902 5958 9205 5 4425 5 5944 5 9164 5959 7523 5959 9313 5959 5321 164 5885 164 6556 164 6136 5960 9139 5960 1386 5960 5201 8 5203 8 4787 8 9018 5961 9562 5961 4469 5961 9562 1 7250 1 5948 1 7720 5962 5873 5962 5366 5962 2656 5963 3528 5963 561 5963 3023 1 3025 1 9303 1 3907 736 6979 736 272 736 6791 8 5913 8 8414 8 4922 8 769 8 5913 8 4937 8 766 8 770 8 44 8 6004 8 45 8 2966 5 1113 5 4491 5 314 5964 297 5964 296 5964 5105 5965 7618 5965 5106 5965 8828 5966 8827 5966 9150 5966 4908 5 2966 5 4911 5 8862 816 8821 816 8826 816 4922 5967 4937 5967 769 5967 1866 5968 1301 5968 1300 5968 4907 5969 8464 5969 4908 5969 5319 5970 8446 5970 7713 5970 7147 5971 500 5971 5326 5971 5920 8 3734 8 3694 8 848 5 761 5 849 5 9084 5 8231 5 7641 5 4322 8 3016 8 3018 8 3093 5972 756 5972 5919 5972 3094 5973 8460 5973 5918 5973 5919 8 8460 8 3093 8 3509 5 849 5 760 5 4968 1 4268 1 4966 1 5918 5974 5920 5974 4806 5974 9563 0 5888 0 3089 0 9563 0 5838 0 7678 0 1969 5975 9377 5975 9160 5975 2970 1 8635 1 3141 1 1756 1 3143 1 1757 1 5922 1 3143 1 3330 1 3162 5976 3792 5976 9501 5976 2645 8 4702 8 7965 8 2858 8 4702 8 5941 8 5851 5 7707 5 9480 5 5851 5 1777 5 4072 5 9564 0 5888 0 2050 0 9564 0 7654 0 7655 0 7672 5977 7671 5977 7790 5977 3505 164 3504 164 5885 164 9347 1 6060 1 9348 1 6060 5978 6059 5978 6325 5978 7562 5979 5882 5979 7969 5979 3478 5980 5882 5980 1949 5980 8020 5 9528 5 8874 5 9471 5981 2321 5981 1389 5981 9191 1 2321 1 3673 1 1565 5982 7738 5982 747 5982 5906 5983 8746 5983 8917 5983 9032 5984 8591 5984 8590 5984 1432 0 1431 0 6410 0 9185 5985 1379 5985 5625 5985 9248 5986 1379 5986 1378 5986 2178 5987 2370 5987 2179 5987 5868 5988 2370 5988 7815 5988 2264 1 1393 1 8964 1 7149 0 7706 0 5890 0 7706 5989 2048 5989 2050 5989 8001 8 2859 8 8419 8 5941 5990 2859 5990 2858 5990 5932 5991 1967 5991 1966 5991 7033 1 8138 1 7032 1 1841 1 7033 1 5932 1 7919 0 8244 0 5117 0 8244 5992 7679 5992 7655 5992 9560 5993 9118 5993 9455 5993 4984 5994 7314 5994 2690 5994 8419 8 2644 8 8190 8 2642 5995 2644 5995 5941 5995 9528 5 2072 5 2071 5 8917 5996 8873 5996 8918 5996 2129 5997 7914 5997 6193 5997 5932 5998 5652 5998 1841 5998 7299 5999 430 5999 9392 5999 9357 6000 8614 6000 6982 6000 1660 0 530 0 8400 0 528 0 530 0 7343 0 2455 6001 5127 6001 1660 6001 8139 0 5127 0 5126 0 2014 0 5670 0 7149 0 9105 0 489 0 488 0 9109 6002 489 6002 1743 6002 9428 6003 9429 6003 3948 6003 457 6004 459 6004 7121 6004 3926 6005 205 6005 3927 6005 8021 0 9040 0 6432 0 9494 6006 6929 6006 9565 6006 6048 6007 6047 6007 9211 6007 8105 6008 8041 6008 6499 6008 7809 5 7810 5 7643 5 3011 5 3010 5 8746 5 6960 6009 6959 6009 7266 6009 5929 6010 9106 6010 464 6010 9023 6011 7588 6011 6418 6011 6212 5 5901 5 5703 5 2207 5 5901 5 5900 5 3580 6012 8745 6012 8724 6012 9566 6013 3530 6013 5154 6013 9378 6014 3530 6014 9566 6014 3530 6014 551 6014 5153 6014 9553 1 4843 1 5947 1 9315 1 4843 1 2148 1 9310 1 1057 1 7521 1 9337 1 1057 1 1056 1 8310 1 8093 1 8092 1 8093 6015 8310 6015 7313 6015 9165 6016 9111 6016 8311 6016 2696 1 8701 1 9110 1 2694 6017 8204 6017 2695 6017 7262 6018 661 6018 1388 6018 3482 6019 661 6019 660 6019 9554 0 6431 0 2471 0 507 1 5591 1 9004 1 8938 6020 1963 6020 7095 6020 5924 6021 1965 6021 1964 6021 5901 6022 6212 6022 5902 6022 3698 9 7103 9 3699 9 8377 9 6453 9 7168 9 8696 1 1948 1 5555 1 2836 1 1950 1 1949 1 8395 8 6006 8 2618 8 3428 8 6006 8 6005 8 9038 6023 8516 6023 7129 6023 7299 0 526 0 525 0 1872 6024 1871 6024 7149 6024 3962 164 3961 164 1566 164 2583 6025 8397 6025 6019 6025 2581 8 2583 8 5974 8 5902 6026 6212 6026 6213 6026 9456 6027 2078 6027 2077 6027 4104 0 5727 0 4103 0 3317 6028 5520 6028 9567 6028 8701 6029 7312 6029 7313 6029 6028 8 6025 8 8397 8 6020 6030 6025 6030 6024 6030 2607 6031 2113 6031 1448 6031 5934 6032 2608 6032 1448 6032 865 6033 2325 6033 2324 6033 9074 1 8901 1 9005 1 2862 8 8299 8 2863 8 8299 6034 6886 6034 5096 6034 2744 8 7131 8 2742 8 7131 8 8291 8 4265 8 8552 6035 2680 6035 2679 6035 5598 164 2680 164 5687 164 6003 6036 8286 6036 6065 6036 4408 8 8286 8 6001 8 8190 8 2663 8 8419 8 6018 8 2663 8 2662 8 429 6037 9456 6037 9392 6037 5571 6038 4018 6038 3356 6038 2699 8 2778 8 9155 8 2701 8 2699 8 2698 8 5146 6039 5147 6039 6031 6039 5982 8 5147 8 2520 8 8444 8 5984 8 3439 8 2520 8 5984 8 5982 8 8397 8 2582 8 6028 8 6027 6040 2582 6040 2581 6040 2524 2784 5978 2784 2525 2784 5979 6041 5978 6041 2898 6041 4242 6042 4521 6042 4243 6042 5975 8 4521 8 4520 8 4243 8 3466 8 2524 8 2899 8 3466 8 5975 8 2904 8 5995 8 8297 8 2906 8 5995 8 5993 8 4534 8 8297 8 2803 8 2904 6043 8297 6043 5991 6043 8329 8 4601 8 2797 8 2855 8 4601 8 6005 8 2525 1207 5145 1207 4527 1207 2727 6044 5145 6044 5980 6044 2659 8 3426 8 2660 8 6016 8 3426 8 2662 8 3445 2775 6000 2775 2513 2775 6001 8 6000 8 4408 8 7571 1 7573 1 7480 1 5999 6045 2046 6045 7254 6045 2806 8 2634 8 2807 8 2806 8 3424 8 4513 8 2513 8 3434 8 3435 8 2885 6046 3434 6046 6002 6046 4191 8 4192 8 8305 8 6035 8 4192 8 8301 8 2896 6047 2897 6047 6034 6047 44 8 2897 8 2829 8 4513 8 3424 8 2957 8 2926 8 3424 8 3423 8 733 8 7951 8 7950 8 5232 8 5233 8 5279 8 2660 8 5097 8 8300 8 5095 8 5097 8 6017 8 4155 8 3429 8 8329 8 6005 8 3429 8 3428 8 2935 8 3456 8 4526 8 6354 8 3456 8 8298 8 3452 8 3453 8 4265 8 5993 8 3453 8 2906 8 3452 6048 4265 6048 4847 6048 2673 8 2675 8 2908 8 6007 8 2675 8 8305 8 2701 8 2698 8 4155 8 3428 8 2698 8 2697 8 8298 6049 8274 6049 9387 6049 3455 8 8298 8 3456 8 4847 6050 9387 6050 8274 6050 9387 6051 8291 6051 1716 6051 4594 8 5761 8 5683 8 5997 8 5762 8 5149 8 4527 2784 5990 2784 4534 2784 5991 6052 5990 6052 2726 6052 2797 8 4600 8 4658 8 6018 8 4600 8 2855 8 1714 6053 1716 6053 8359 6053 1714 6054 9244 6054 6009 6054 6885 8 2807 8 2634 8 2807 8 6886 8 2047 8 4658 8 3427 8 2659 8 2662 8 3427 8 6018 8 3435 8 6021 8 2887 8 6022 6055 6021 6055 2884 6055 2639 8 2641 8 8301 8 6022 8 2641 8 8308 8 8300 8 5096 8 6885 8 6008 8 8305 8 4192 8 2674 8 8305 8 2675 8 2829 8 6004 8 44 8 2887 6042 8308 6042 8307 6042 2640 8 8308 8 2641 8 3462 8 3464 8 8306 8 6024 6056 3464 6056 3463 6056 4242 8 4522 8 4521 8 6010 8 4522 8 2509 8 3365 8 3458 8 6287 8 6013 8 3458 8 3457 8 3365 8 3459 8 3458 8 6027 8 3459 8 8306 8 4595 6057 5682 6057 6026 6057 5683 8 4595 8 4594 8 2673 8 2908 8 5997 8 5996 8 2908 8 2907 8 2508 6058 2881 6058 6012 6058 6013 8 2881 8 2813 8 3179 0 8685 0 7760 0 3463 6059 6026 6059 6024 6059 8396 6060 6012 6060 2881 6060 2509 8 6012 8 6010 8 6028 8 8306 8 3464 8 4552 8 8306 8 3459 8 6287 8 6014 8 2812 8 2813 8 6014 8 6013 8 6000 6061 3445 6061 4408 6061 6029 8 3446 8 2893 8 6023 8 8301 8 2641 8 4137 8 8301 8 4192 8 8430 6062 6031 6062 5147 6062 2893 8 6031 8 6029 8 8429 6063 6034 6063 2897 6063 2929 8 6034 8 6032 8 3438 8 3439 8 5984 8 6032 8 3439 8 2929 8 6023 6064 2884 6064 2886 6064 2885 6065 2884 6065 6021 6065 5640 9 9521 9 7593 9 9520 6066 5640 6066 5639 6066 2886 6067 6002 6067 2909 6067 6001 6068 6002 6068 3434 6068 2886 8 6036 8 6023 8 6035 6069 6036 6069 3432 6069 8419 8 2857 8 8001 8 2855 6070 2857 6070 6018 6070 8001 6071 2856 6071 8395 6071 6005 8 2856 8 2855 8 7202 8 9568 8 7965 8 7232 8 9568 8 8229 8 6008 8 3432 8 3433 8 2910 6072 3432 6072 6036 6072 9207 5 8891 5 9301 5 5971 5 5970 5 4065 5 9337 1 4470 1 5947 1 9562 1 4470 1 4469 1 3433 8 3440 8 6008 8 6007 6073 3440 6073 2911 6073 8515 1 7728 1 1335 1 1455 1 1336 1 6095 1 2261 6074 4059 6074 9077 6074 4520 8 8289 8 5975 8 8394 8 2664 8 8190 8 2662 8 2664 8 6016 8 2720 6075 2723 6075 2725 6075 4554 0 2978 0 5025 0 3698 6076 7104 6076 7103 6076 6043 6077 3698 6077 3033 6077 2809 6078 2810 6078 6324 6078 2059 0 481 0 5495 0 9506 0 6038 0 4161 0 6038 6079 6037 6079 7697 6079 1891 6080 6451 6080 1889 6080 3011 5 5256 5 5372 5 2073 6081 5923 6081 8938 6081 7819 1 1964 1 5923 1 6044 9 3035 9 4904 9 3033 6082 3035 6082 6043 6082 7615 6083 7614 6083 8350 6083 5126 0 7615 0 8139 0 8181 0 2112 0 6622 0 8191 8 2647 8 2646 8 5941 8 2647 8 2642 8 2900 6084 5976 6084 5977 6084 5975 8 5976 8 2899 8 6017 8 8394 8 7338 8 6016 8 6017 8 5097 8 5981 6085 2898 6085 7435 6085 2899 6086 2898 6086 5978 6086 1447 0 5292 0 5763 0 9569 1392 4358 1392 4357 1392 6460 0 6459 0 6037 0 6459 0 1463 0 9570 0 2728 8 5980 8 5981 8 5979 6087 5980 6087 5145 6087 8303 8 2726 8 2728 8 2727 6088 2726 6088 5990 6088 2905 8 5992 8 8303 8 5991 6089 5992 6089 2904 6089 4921 6090 8068 6090 4545 6090 3858 5 8068 5 3127 5 8126 1 322 1 4703 1 8514 6091 6374 6091 2246 6091 6372 6092 9571 6092 6373 6092 7918 0 8243 0 7919 0 7679 0 8243 0 7495 0 6391 8 9078 8 8943 8 851 1 5875 1 8553 1 7787 6093 6052 6093 6051 6093 5171 6094 2416 6094 5132 6094 7153 6095 7152 6095 335 6095 7450 6096 5224 6096 2624 6096 4266 6097 4154 6097 6044 6097 9413 6098 7066 6098 7075 6098 7450 164 6052 164 8349 164 7229 6099 3957 6099 2947 6099 9463 6100 28 6100 6775 6100 9471 6101 28 6101 27 6101 4084 0 5570 0 4082 0 6460 0 5570 0 5569 0 8816 6102 8817 6102 8038 6102 1504 6103 8399 6103 1505 6103 3291 4572 7271 4572 7808 4572 1504 164 6606 164 8399 164 5935 1 5937 1 9106 1 1128 6104 8509 6104 6170 6104 218 6105 4358 6105 219 6105 4781 6106 139 6106 4782 6106 6003 6107 2909 6107 6002 6107 2910 6108 2909 6108 6062 6108 2543 6109 6065 6109 8286 6109 6063 6110 6065 6110 4744 6110 2544 8 2541 8 2543 8 2542 6111 2541 6111 6066 6111 9565 6112 5113 6112 9494 6112 9565 1 6929 1 7940 1 6064 6113 4744 6113 6333 6113 2542 6114 4744 6114 6065 6114 3433 6115 6062 6115 3441 6115 6063 6116 6062 6116 2909 6116 6068 6117 3447 6117 6195 6117 2922 8 3447 8 6067 8 4745 6118 6066 6118 4756 6118 6067 6119 6066 6119 2541 6119 3420 6120 6069 6120 3419 6120 6070 6121 6069 6121 2923 6121 6077 6122 2982 6122 6078 6122 1668 6123 6077 6123 9418 6123 6071 6124 4115 6124 6180 6124 2538 8 4115 8 6070 8 6353 164 4499 164 4498 164 1807 0 7910 0 460 0 1632 6125 6864 6125 6863 6125 5966 6126 6864 6126 5967 6126 7954 483 6076 483 2332 483 4813 8 8777 8 535 8 2744 6127 3057 6127 7130 6127 1716 8 8291 8 7130 8 9017 6128 422 6128 7992 6128 7114 1 422 1 421 1 1727 1 8147 1 1728 1 8905 6129 1907 6129 4105 6129 9572 9 7724 9 7169 9 7725 6130 7724 6130 6372 6130 5339 164 6082 164 5337 164 8209 6131 8208 6131 6990 6131 4209 1 4211 1 7731 1 8054 6132 8052 6132 8698 6132 1432 6133 4747 6133 4069 6133 9114 6134 2157 6134 2156 6134 8053 6135 5760 6135 5998 6135 4264 8 5994 8 2742 8 2745 6136 5994 6136 5993 6136 3661 6137 6615 6137 9280 6137 9003 6138 574 6138 1216 6138 1578 6139 1577 6139 6984 6139 8174 8 7608 8 7993 8 6586 164 1824 164 4723 164 3318 164 6653 164 1822 164 2077 0 5960 0 9456 0 7725 6140 7726 6140 8376 6140 8189 6141 7727 6141 8514 6141 6372 6142 7727 6142 7725 6142 8230 6143 8227 6143 2755 6143 3444 8 8227 8 8229 8 5579 0 8040 0 22 0 7294 5 5257 5 7295 5 9202 1 5830 1 7250 1 9553 1 5830 1 5829 1 4458 5 9205 5 1325 5 7511 6144 1958 6144 7512 6144 6437 8 6004 8 8295 8 9383 1 655 1 454 1 9396 1 655 1 654 1 2396 6145 5603 6145 5604 6145 3064 1 5603 1 5602 1 1961 5 5878 5 7620 5 7237 5 6120 5 7692 5 7601 1 9342 1 8278 1 1965 6146 4395 6146 8058 6146 947 6147 1414 6147 945 6147 3788 6148 118 6148 3789 6148 6094 6149 2927 6149 3760 6149 9352 6150 5744 6150 5351 6150 9407 6151 5744 6151 529 6151 268 6152 4802 6152 345 6152 5013 6153 445 6153 6325 6153 5992 6154 2905 6154 2904 6154 5993 8 2746 8 2745 8 5439 6155 5438 6155 2036 6155 9396 1 2163 1 6059 1 6476 6156 7933 6156 2162 6156 8421 164 3217 164 5546 164 9533 6157 3217 6157 3216 6157 3150 1 3479 1 8696 1 1949 1 3479 1 3478 1 4520 8 6011 8 8289 8 2720 8 6011 8 6010 8 6051 6158 945 6158 7788 6158 2907 6159 2913 6159 2685 6159 2911 6160 2913 6160 6007 6160 2907 8 4508 8 5996 8 2284 5 792 5 7583 5 9336 5 2284 5 2283 5 5912 6161 3064 6161 3063 6161 1441 1 3062 1 1442 1 4412 6162 4413 6162 7850 6162 2132 5 4412 5 6085 5 7876 6163 9013 6163 9011 6163 8570 1 4370 1 7505 1 4408 6164 6030 6164 8286 6164 2544 8 6030 8 6029 8 8229 6165 7201 6165 3444 6165 6122 6166 6121 6166 5802 6166 9522 6167 6083 6167 6353 6167 9533 164 6083 164 5687 164 9033 0 1815 0 428 0 9046 0 1815 0 6199 0 4864 0 5341 0 5247 0 9400 0 530 0 529 0 7312 1 8701 1 8204 1 8054 6168 2604 6168 5682 6168 3460 6169 5973 6169 6057 6169 3460 8 2724 8 2723 8 2584 5 7850 5 7852 5 6085 5 2584 5 2116 5 8285 6170 2545 6170 8430 6170 6029 8 2545 8 2544 8 8430 6171 5983 6171 8285 6171 2891 8 5983 8 5982 8 8302 6172 2892 6172 8444 6172 5982 8 2892 8 2891 8 8304 8 2721 8 8396 8 6010 8 2721 8 2720 8 8304 6173 2722 6173 2721 6173 5974 8 2722 8 2581 8 8396 8 6015 8 8304 8 3457 8 6015 8 6013 8 3457 6174 2890 6174 8304 6174 2581 8 2890 8 6027 8 9033 6175 1869 6175 5367 6175 9042 0 1869 0 1868 0 8444 8 6033 8 8302 8 2535 8 6033 8 6032 8 6169 0 518 0 9327 0 8934 5 8927 5 8929 5 7873 5 8927 5 5257 5 2866 8 2536 8 8429 8 6032 6176 2536 6176 2535 6176 262 6177 799 6177 263 6177 8392 2902 1666 2902 7866 2902 6076 6178 9418 6178 6077 6178 7752 6179 6519 6179 4836 6179 5519 6180 6559 6180 7964 6180 7504 6181 6166 6181 6168 6181 5877 6182 9513 6182 5106 6182 9407 0 4377 0 2194 0 1744 0 2224 0 8637 0 2223 6183 1744 6183 1743 6183 8833 0 1356 0 1355 0 1356 0 8833 0 6092 0 3428 6184 5190 6184 6006 6184 9473 6185 5190 6185 4927 6185 3285 164 9567 164 7271 164 8399 6186 9567 6186 5520 6186 9275 1 1094 1 1234 1 9282 1 1094 1 1093 1 1959 1 1235 1 3155 1 9279 1 1235 1 1234 1 8213 8 8228 8 8230 8 7202 6187 8229 6187 9568 6187 9394 6188 6140 6188 491 6188 488 0 6140 0 5293 0 1870 0 5366 0 1868 0 7720 0 5366 0 1735 0 1165 6189 928 6189 926 6189 8811 6190 928 6190 927 6190 924 6191 6116 6191 3660 6191 633 6192 6116 6192 634 6192 8257 6193 8160 6193 6449 6193 8811 5 8257 5 6115 5 8376 6194 7167 6194 7725 6194 5850 5 648 5 650 5 4592 6195 250 6195 249 6195 8139 0 7343 0 530 0 8890 6196 8724 6196 8745 6196 6206 0 4175 0 4174 0 7527 0 3014 0 3013 0 7631 0 3014 0 7807 0 3852 900 7184 900 3850 900 9573 900 3852 900 9574 900 9575 6197 3847 6197 3846 6197 7185 6198 3850 6198 7184 6198 8732 6199 8731 6199 8780 6199 9576 6200 4391 6200 4390 6200 9577 6201 3833 6201 3832 6201 9578 6202 4391 6202 9576 6202 4391 6203 6915 6203 4389 6203 2071 5 1688 5 8918 5 2116 5 2118 5 6085 5 2274 6204 2276 6204 6336 6204 2097 8 8042 8 2215 8 9579 1 14 1 13 1 9066 1 4185 1 18 1 9580 6205 4185 6205 4184 6205 5333 8 3159 8 5543 8 8908 6206 1207 6206 1206 6206 3685 1 5406 1 9066 1 4909 5 6689 5 4907 5 8997 6207 4316 6207 7625 6207 4161 6208 4163 6208 7786 6208 1167 5 7649 5 4002 5 8997 6209 1296 6209 8825 6209 5405 1 5404 1 5406 1 4768 6210 6693 6210 4909 6210 6941 6211 6940 6211 228 6211 2741 6212 2498 6212 4267 6212 2133 6213 8025 6213 2184 6213 6085 5 8025 5 2132 5 8285 6214 2546 6214 2545 6214 6067 6215 2546 6215 2922 6215 2891 6216 2923 6216 8285 6216 2922 6217 2923 6217 6069 6217 811 1157 6445 1157 2708 1157 5003 6218 5002 6218 5896 6218 3023 1 9303 1 5621 1 9041 6219 5453 6219 8061 6219 2012 6220 5453 6220 5452 6220 8429 8 46 8 2866 8 2864 8 46 8 45 8 8302 6221 2539 6221 2892 6221 6070 8 2539 8 2538 8 3752 6222 9571 6222 9572 6222 8998 6223 492 6223 4022 6223 9406 0 492 0 491 0 1745 6224 1747 6224 8493 6224 8395 6225 2860 6225 8001 6225 2858 6226 2860 6226 6131 6226 6131 6227 4701 6227 2858 6227 9540 1 2210 1 6132 1 9194 1 2210 1 2209 1 8216 5 6123 5 4413 5 6123 6228 6121 6228 7237 6228 5 0 4024 0 8713 0 4023 0 4022 0 9406 0 9465 6229 4134 6229 7791 6229 6869 1 1367 1 6214 1 9212 6230 1367 6230 1366 6230 8934 6231 9298 6231 5006 6231 4844 1780 2332 1780 6076 1780 5940 6232 6536 6232 8266 6232 8399 6233 5520 6233 1505 6233 709 5 282 5 7117 5 1658 6234 1657 6234 3353 6234 728 5 6588 5 5865 5 332 6235 334 6235 8567 6235 4667 6236 3658 6236 3657 6236 3478 1 7970 1 5882 1 7970 1 6223 1 7422 1 8925 5 8705 5 6209 5 7590 6237 8705 6237 5970 6237 8059 1 1966 1 7095 1 8927 5 8928 5 8929 5 4114 6238 6137 6238 4113 6238 6138 6239 6137 6239 2540 6239 948 6240 950 6240 2316 6240 7762 0 5610 0 4092 0 2295 6241 290 6241 3954 6241 4153 9 6043 9 4154 9 6152 483 8034 483 6307 483 2337 6242 8034 6242 6151 6242 98 6243 3646 6243 8166 6243 2618 8 2617 8 8395 8 6131 8 2617 8 3431 8 5552 6244 5551 6244 9121 6244 1127 6245 8510 6245 8509 6245 3431 8 8259 8 7201 8 2616 8 3431 8 2617 8 1910 1 4142 1 1328 1 9304 6246 6417 6246 6416 6246 632 6247 634 6247 4439 6247 6115 6248 634 6248 6116 6248 8513 6249 4905 6249 8210 6249 3031 6250 4905 6250 6141 6250 2036 6251 3662 6251 5439 6251 8742 5 3345 5 7648 5 8124 6252 2511 6252 8513 6252 6141 6253 2511 6253 2510 6253 8585 6254 286 6254 285 6254 572 6255 5866 6255 7295 6255 6797 164 5713 164 9386 164 3502 1 5965 1 6846 1 5966 1 3502 1 3501 1 9581 6256 5463 6256 7173 6256 9 6257 6186 6257 10 6257 7267 6258 5291 6258 1402 6258 2814 6259 5792 6259 5452 6259 7719 0 9306 0 8334 0 6139 6260 3437 6260 6189 6260 2865 6261 3437 6261 6138 6261 9465 6262 9044 6262 9468 6262 7781 6263 8098 6263 9044 6263 1675 6264 1677 6264 6096 6264 1336 6265 1677 6265 1928 6265 5128 0 2455 0 2454 0 7905 0 7807 0 3014 0 5005 1 7111 1 5004 1 3861 6266 5818 6266 3819 6266 9212 1 3198 1 6132 1 5774 1 3198 1 3043 1 9181 1 6111 1 1437 1 8046 6267 6111 6267 5529 6267 8413 5 4048 5 6146 5 6563 6268 8413 6268 6564 6268 6563 6269 2782 6269 5863 6269 9560 5 2782 5 2781 5 9582 6270 6144 6270 2999 6270 9582 6271 2998 6271 5618 6271 2620 5 9556 5 2621 5 6148 6272 9556 6272 4361 6272 2112 0 2113 0 8418 0 4361 6273 7765 6273 6148 6273 4127 6274 6207 6274 6209 6274 6378 1 2845 1 5811 1 7905 6275 1433 6275 8348 6275 3123 9 5638 9 7034 9 9524 6276 3123 6276 3122 6276 9583 9 6155 9 8884 9 9583 9 6892 9 7034 9 722 6277 6366 6277 723 6277 6533 1 5895 1 6534 1 9318 6278 6101 6278 421 6278 1253 1 1252 1 9405 1 1340 6279 1339 6279 6972 6279 9345 9 3676 9 3675 9 3674 9 9584 9 6167 9 9124 9 9525 9 9585 9 9584 9 9525 9 6167 9 9162 9 1528 9 9000 9 8931 9 7504 9 1527 9 6384 1 2487 1 2486 1 7504 6280 5530 6280 6166 6280 6113 5 1778 5 501 5 4881 8 4832 8 6652 8 3214 1 7781 1 7791 1 6222 6281 800 6281 6220 6281 3151 1 6222 1 6223 1 7590 5 5197 5 2953 5 1467 8 1466 8 8749 8 3074 6282 5438 6282 5440 6282 9248 6283 3992 6283 490 6283 9394 0 3992 0 3991 0 2162 1 5775 1 5773 1 9540 1 5775 1 654 1 9219 5 8473 5 5115 5 1105 6284 1104 6284 1437 6284 9189 6285 623 6285 9186 6285 5172 5 7914 5 9173 5 1430 6286 7252 6286 3493 6286 5610 0 7762 0 5280 0 3523 6287 3525 6287 7937 6287 8539 5 7642 5 7641 5 6093 0 5277 0 1354 0 9444 0 3515 0 7304 0 4692 1197 3571 1197 3570 1197 807 6288 794 6288 793 6288 9336 5 6172 5 793 5 1110 6289 6172 6289 6804 6289 9526 0 5657 0 7224 0 9519 0 5657 0 5656 0 1945 6290 5619 6290 1946 6290 7972 8 5489 8 7973 8 9275 6291 1374 6291 1095 6291 6161 5 3890 5 3892 5 2483 5 6161 5 6160 5 6661 164 7863 164 3251 164 2783 5 6564 5 5618 5 7494 1 5499 1 4362 1 4596 1 693 1 695 1 658 1 9348 1 5164 1 2454 0 8348 0 8347 0 4166 6292 8348 6292 1433 6292 6147 6293 1461 6293 1460 6293 6071 6294 3419 6294 6069 6294 2920 8 3419 8 6182 8 4114 6295 6180 6295 4115 6295 6181 6296 6180 6296 2760 6296 1923 6297 6124 6297 8216 6297 6121 6298 6124 6298 1922 6298 9544 6299 6216 6299 5805 6299 7549 6300 6216 6300 3839 6300 9524 6301 6158 6301 5639 6301 9532 6302 6158 6302 4100 6302 9318 1 2741 1 7833 1 6206 6303 4174 6303 8914 6303 2626 6304 6051 6304 2624 6304 6139 6305 4113 6305 6137 6305 2761 6306 4113 6306 6191 6306 3170 5 842 5 844 5 7114 1 1362 1 6217 1 6 6307 8 6307 509 6307 1357 6308 8076 6308 1874 6308 3420 6309 6195 6309 3447 6309 6196 6310 6195 6310 2919 6310 6068 6311 4756 6311 6066 6311 2682 6312 4756 6312 2683 6312 241 6313 2115 6313 5458 6313 8777 6314 1750 6314 7306 6314 7924 1 8079 1 9281 1 6194 6315 5132 6315 5131 6315 6183 6316 2760 6316 2758 6316 2761 6317 2760 6317 6180 6317 2921 6318 6182 6318 6183 6318 6181 8 6182 8 3419 8 9108 0 4042 0 6205 0 9042 6319 2815 6319 5451 6319 5262 8 6126 8 2983 8 5655 6320 9419 6320 723 6320 7486 1 8050 1 3232 1 3449 6321 6189 6321 3437 6321 6190 6322 6189 6322 2869 6322 8247 9 3030 9 2422 9 6141 6323 3030 6323 3031 6323 9530 0 6201 0 1986 0 6201 0 4398 0 1978 0 2762 6324 6191 6324 2759 6324 6190 6325 6191 6325 4113 6325 2738 2989 4585 2989 4586 2989 2354 483 4585 483 6218 483 6048 5 9211 5 8918 5 9386 6326 9356 6326 6797 6326 988 0 5322 0 9295 0 2429 6327 2431 6327 3525 6327 4609 6328 5713 6328 5527 6328 3616 832 8805 832 3654 832 6207 6329 6819 6329 6208 6329 5495 0 1599 0 2059 0 4012 5 8346 5 1381 5 7762 6330 3727 6330 3728 6330 2535 6331 2540 6331 8302 6331 2538 6332 2540 6332 6137 6332 6192 8 2869 8 2950 8 2867 6333 2869 6333 6189 6333 7120 526 286 526 8585 526 3046 6334 5749 6334 6217 6334 7404 6335 2919 6335 2502 6335 2920 6336 2919 6336 6195 6336 7544 6337 4968 6337 7488 6337 6187 6338 6186 6338 3186 6338 2903 6339 1436 6339 2901 6339 9181 1 2903 1 4126 1 3743 5 3344 5 3346 5 4045 5 5577 5 9467 5 7996 8 2683 8 7404 8 6196 6340 2683 6340 4756 6340 6188 1 6187 1 9119 1 4997 1 7741 1 9119 1 2619 4338 7452 4338 6552 4338 9198 6341 1920 6341 1919 6341 7401 5 377 5 1764 5 4814 6342 6225 6342 6719 6342 729 5 9003 5 1896 5 4997 1 9119 1 4998 1 1666 6343 8392 6343 1667 6343 9386 164 6353 164 6352 164 9522 164 6353 164 4498 164 878 5 2416 5 5171 5 2602 6344 8176 6344 2603 6344 9194 6345 1371 6345 1370 6345 9544 6346 1371 6346 2447 6346 8720 1 801 1 3151 1 663 0 7816 0 5581 0 7615 0 7164 0 7343 0 8603 6347 6163 6347 6162 6347 9305 6348 8411 6348 9586 6348 2555 6349 4086 6349 6229 6349 8043 0 2248 0 4857 0 2866 6350 2537 6350 2536 6350 6138 6351 2537 6351 2865 6351 4435 5 6351 5 5176 5 8423 6352 2594 6352 8668 6352 6227 6353 7607 6353 7606 6353 6264 6354 8423 6354 8668 6354 2594 6355 8423 6355 6296 6355 1747 6356 8377 6356 8376 6356 986 6357 988 6357 7801 6357 8222 6358 2338 6358 8233 6358 6151 1758 2338 1758 2337 1758 3840 6359 7179 6359 7419 6359 8387 6360 3377 6360 6306 6360 6151 533 3377 533 6153 533 2808 8 5999 8 3423 8 5303 6361 8113 6361 441 6361 2014 6362 1871 6362 8061 6362 6199 0 9041 0 1873 0 3029 6363 4038 6363 7556 6363 2510 6364 4038 6364 6141 6364 2359 2930 2355 2930 6268 2930 6218 483 2355 483 2354 483 3370 483 8668 483 7607 483 2592 6365 3370 6365 6228 6365 8233 6366 6153 6366 8437 6366 3376 3086 6153 3086 3377 3086 6268 1157 2736 1157 6267 1157 2737 2875 2736 2875 2740 2875 6232 6367 8388 6367 3412 6367 4481 6368 8388 6368 3381 6368 1578 6369 2122 6369 6970 6369 4483 6370 5807 6370 6248 6370 8675 6371 5808 6371 8676 6371 8011 1 8116 1 7418 1 3163 3427 5139 3427 6251 3427 6239 6372 5139 6372 2561 6372 4720 779 4722 779 8431 779 6236 6373 4722 6373 6238 6373 2001 2994 6259 2994 8424 2994 6258 6374 6259 6374 8681 6374 2127 6375 2631 6375 6247 6375 6242 6376 2631 6376 2630 6376 3410 2994 3412 2994 8388 2994 6233 6377 3412 6377 6235 6377 8682 2858 6241 2858 3372 2858 2561 6378 6241 6378 6239 6378 8683 6379 6243 6379 1237 6379 2630 6380 6243 6380 6242 6380 8679 6381 6247 6381 2631 6381 3371 6382 6247 6382 6245 6382 6259 3455 2001 3455 5150 3455 6249 6383 3388 6383 3387 6383 8680 6384 6251 6384 5139 6384 3387 6382 6251 6382 6249 6382 5997 6385 3363 6385 2673 6385 2671 6386 3363 6386 6273 6386 2560 3427 3372 3427 6241 3427 6245 6387 3372 6387 3371 6387 3462 3158 6265 3158 3463 3158 6266 779 6265 779 2357 779 8668 2261 3369 2261 6264 2261 6263 6388 3369 6388 2593 6388 3463 6389 3391 6389 3392 6389 2692 6390 3391 6390 6267 6390 8424 483 3398 483 8425 483 3398 2939 6258 2939 3399 2939 2673 6391 6269 6391 2674 6391 6270 6392 6269 6392 2670 6392 4480 6393 3380 6393 8690 6393 6252 483 3380 483 3379 483 4480 2890 3381 2890 3380 2890 6230 6394 3381 6394 8388 6394 4093 6395 6235 6395 6257 6395 3411 6396 6235 6396 3412 6396 2674 483 8409 483 4191 483 2379 6397 8409 6397 6270 6397 6264 6398 8422 6398 3403 6398 2349 4589 8422 4589 2350 4589 6293 6399 2639 6399 3359 6399 6283 6400 3358 6400 4137 6400 8409 3358 2379 3358 4191 3358 4137 6401 6285 6401 6283 6401 2605 6402 6238 6402 6279 6402 4721 511 6238 511 4722 511 3392 6403 6275 6403 4594 6403 6276 6404 6275 6404 2691 6404 5149 6391 6271 6391 5997 6391 6272 6405 6271 6405 2365 6405 6287 6406 3364 6406 3365 6406 2580 1758 3364 1758 2345 1758 8686 6407 6257 6407 8385 6407 4093 6408 6257 6408 6254 6408 2348 1765 2350 1765 4603 1765 6263 3662 2350 3662 8422 3662 2348 6409 4603 6409 8683 6409 6242 6410 4603 6410 4602 6410 4594 6385 5148 6385 5149 6385 2366 3123 5148 3123 6277 3123 8690 6411 2615 6411 8438 6411 2376 6412 2615 6412 6252 6412 4482 6413 3373 6413 8691 6413 8355 6414 9009 6414 9422 6414 8691 779 6279 779 8436 779 2605 6415 6279 6415 8197 6415 2812 2994 4599 2994 6287 2994 6286 6416 4599 6416 6288 6416 8438 6417 2614 6417 8674 6417 6282 6418 2614 6418 2376 6418 2639 6419 6293 6419 2640 6419 6294 6420 6293 6420 3359 6420 8393 6421 2749 6421 8686 6421 6254 6422 2749 6422 2748 6422 8674 6423 3368 6423 8386 6423 3366 6424 3368 6424 6282 6424 2351 766 2353 766 2556 766 6294 6425 2353 6425 8417 6425 2351 779 2556 779 8675 779 6229 518 2556 518 2555 518 4482 6426 3374 6426 3373 6426 6248 3011 3374 3011 4483 3011 2640 1750 8417 1750 8307 1750 2352 6426 8417 6426 2353 6426 2613 6427 2347 6427 2346 6427 6286 1157 2345 1157 3364 1157 6290 6428 6078 6428 2982 6428 6227 6429 3524 6429 9587 6429 8425 2994 6289 2994 6290 2994 587 6430 2993 6430 3335 6430 2567 776 2569 776 6298 776 1668 6383 2569 6383 2568 6383 2393 1 4143 1 2391 1 2568 483 6077 483 1668 483 6297 6431 8431 6431 4722 6431 3402 6432 8431 6432 3403 6432 3395 6433 3397 6433 8684 6433 2341 6434 3397 6434 6298 6434 2346 6435 6288 6435 6300 6435 4598 6436 6288 6436 4599 6436 1667 6437 6298 6437 2569 6437 3396 483 6298 483 3397 483 8684 6438 2750 6438 8393 6438 2748 6439 2750 6439 2341 6439 3401 6440 3403 6440 8422 6440 6296 6441 3403 6441 8431 6441 7595 0 7565 0 4397 0 2748 6442 2341 6442 2340 6442 8386 6443 3367 6443 8671 6443 6299 6444 3367 6444 3366 6444 4552 6406 4383 6406 3462 6406 2358 6445 4383 6445 6303 6445 8671 6393 6300 6393 8384 6393 2346 6446 6300 6446 6299 6446 4586 6447 6307 6447 8034 6447 6305 5159 6307 5159 2356 5159 3365 6403 6301 6403 4552 6403 6302 6448 6301 6448 2579 6448 2359 6449 6303 6449 2356 6449 6302 6450 6303 6450 4383 6450 6268 6445 2357 6445 2359 6445 2358 6451 2357 6451 6265 6451 6304 6431 2356 6431 6303 6431 2354 6452 2356 6452 6307 6452 2693 1007 6267 1007 2736 1007 6266 6453 6267 6453 3391 6453 2686 8 2684 8 7996 8 2682 8 2684 8 6332 8 8927 5 5006 5 5257 5 6391 6454 8943 6454 9104 6454 8901 1 7604 1 7603 1 6537 6455 6539 6455 7139 6455 8271 761 2429 761 2595 761 9436 403 205 403 3926 403 5962 164 5561 164 2846 164 6206 0 8915 0 6204 0 6278 6456 2691 6456 7553 6456 2692 6448 2691 6448 6275 6448 3042 9 4396 9 3040 9 2253 1 6104 1 1254 1 4449 6457 8776 6457 5470 6457 1488 6458 9587 6458 3523 6458 6227 6459 7606 6459 3524 6459 3495 6460 7758 6460 3493 6460 3493 6461 7253 6461 3494 6461 3359 6462 6284 6462 6295 6462 2709 6463 6284 6463 2381 6463 8152 0 7896 0 3085 0 5500 6464 8681 6464 2439 6464 5150 6465 8681 6465 6259 6465 3838 1 8095 1 8111 1 8353 1 3795 1 3794 1 8215 6466 3795 6466 5805 6466 7937 2904 2431 2904 8667 2904 2013 6467 8062 6467 5671 6467 4969 1480 7062 1480 4970 1480 8205 1 1497 1 1499 1 1497 1 2318 1 1498 1 3379 6468 3408 6468 3409 6468 2735 6469 3408 6469 6231 6469 1395 6470 6231 6470 6232 6470 6230 6471 6231 6471 3408 6471 2367 6472 6277 6472 2368 6472 6276 6473 6277 6473 5148 6473 6353 164 9386 164 4499 164 2163 1 6325 1 6059 1 6274 6474 2365 6474 7594 6474 2366 6475 2365 6475 6271 6475 9404 0 5725 0 8008 0 1179 6476 1178 6476 6955 6476 2672 1368 6273 1368 6274 1368 6272 6477 6273 6477 3363 6477 7867 505 6255 505 8392 505 2748 483 6255 483 6254 483 6232 6478 6234 6478 1395 6478 1396 6479 6234 6479 2445 6479 8667 522 4119 522 8362 522 2606 6480 4119 6480 6317 6480 2529 518 2670 518 2672 518 2671 6481 2670 6481 6269 6481 6256 6482 4094 6482 4093 6482 6233 6483 2445 6483 6234 6483 2637 6484 8169 6484 9487 6484 6103 1 4159 1 6316 1 7108 6485 2058 6485 1598 6485 5433 6486 9497 6486 2635 6486 9519 0 4432 0 4398 0 4432 0 3327 0 5375 0 2531 6487 2380 6487 2529 6487 6270 6488 2380 6488 2379 6488 6719 8 6225 8 8912 8 6665 0 6314 0 7897 0 6312 0 6314 0 8200 0 7237 5 7693 5 8547 5 1772 6489 847 6489 9087 6489 729 5 728 5 5866 5 9049 0 9046 0 5757 0 4149 1 3278 1 4150 1 8179 0 3515 0 7432 0 8179 6490 7303 6490 7304 6490 8299 8 2862 8 2047 8 723 6491 6367 6491 5655 6491 7756 1 6700 1 6699 1 5274 6492 195 6492 9433 6492 7896 0 7258 0 5320 0 9588 3568 4325 3568 1507 3568 8839 1 8937 1 1004 1 7761 1 1959 1 3155 1 1297 6493 5063 6493 5055 6493 1629 6494 1729 6494 1728 6494 6058 0 4170 0 4169 0 2531 6495 2381 6495 2380 6495 6283 6496 2381 6496 6284 6496 4094 6497 6256 6497 7867 6497 6254 6498 6256 6498 4093 6498 5025 0 4555 0 4554 0 9418 6499 7954 6499 1666 6499 4654 1065 2575 1065 3610 1065 8315 1 9157 1 9156 1 3158 8 5543 8 3159 8 7116 8 8114 8 3057 8 2619 3010 2449 3010 7452 3010 2485 5 3744 5 4127 5 1382 5 1381 5 8346 5 4405 6500 1382 6500 6569 6500 3263 164 3265 164 9134 164 8720 1 3150 1 6154 1 684 6501 5668 6501 7595 6501 6103 6502 7628 6502 4160 6502 3128 6503 5439 6503 3662 6503 7198 6504 2038 6504 2037 6504 2719 164 2637 164 2717 164 6869 6505 6215 6505 5478 6505 8353 6506 6215 6506 1370 6506 6113 5 2128 5 2144 5 5850 6507 2144 6507 648 6507 6315 6508 4894 6508 7998 6508 4894 1 6102 1 2253 1 3201 1 7544 1 3199 1 921 1 3201 1 7490 1 5196 6509 1561 6509 1560 6509 9207 5 1561 5 9206 5 650 5 4072 5 4071 5 5851 6510 4072 6510 5129 6510 5150 6511 6250 6511 8681 6511 2435 6512 6250 6512 6249 6512 2555 534 6295 534 4087 534 3359 3086 6295 3086 6294 3086 2732 6513 6253 6513 8253 6513 3379 2891 6253 2891 6252 2891 1687 5 6048 5 1688 5 8742 6514 6861 6514 6330 6514 3345 6515 6330 6515 6327 6515 6064 6516 3441 6516 6062 6516 2911 6517 3441 6517 6332 6517 5765 6518 5309 6518 7875 6518 5185 0 5309 0 3261 0 4745 6519 6333 6519 4744 6519 6332 6520 6333 6520 2682 6520 4086 518 1939 518 6229 518 1235 6521 1959 6521 1233 6521 5498 6522 5937 6522 4151 6522 5935 1 8111 1 5936 1 8437 6523 2377 6523 2733 6523 6252 6524 2377 6524 2376 6524 9406 6525 491 6525 487 6525 9394 6526 491 6526 490 6526 3376 6527 2378 6527 8437 6527 2376 6528 2378 6528 6282 6528 8387 6529 3378 6529 3377 6529 6282 6530 3378 6530 3366 6530 7563 1 7969 1 6339 1 6928 6531 7563 6531 7916 6531 8391 6532 2436 6532 8680 6532 6249 6533 2436 6533 2435 6533 8680 483 6240 483 8391 483 2668 6534 6240 6534 6239 6534 7764 6535 1941 6535 6658 6535 1360 6536 7904 6536 5922 6536 8428 1157 2669 1157 8682 1157 6239 6537 2669 6537 2668 6537 3390 6538 2740 6538 2739 6538 6218 2875 2740 2875 2736 2875 1292 0 4687 0 6716 0 9032 9 4234 9 2241 9 518 6539 4123 6539 516 6539 1360 1 3330 1 1361 1 8988 0 7656 0 2054 0 2274 5 3854 5 7906 5 3975 6540 3977 6540 7153 6540 951 5 6336 5 9552 5 2611 1620 4085 1620 8387 1620 3366 6541 4085 6541 6299 6541 9589 6542 6221 6542 8707 6542 9589 6543 6363 6543 7422 6543 9472 6544 9321 6544 8774 6544 6928 1 6927 1 2834 1 7887 0 5429 0 8445 0 6226 6545 8366 6545 9344 6545 9498 6546 9059 6546 6345 6546 7426 0 9498 0 7303 0 9590 1 6340 1 5497 1 9590 1 7522 1 7489 1 8682 483 6246 483 8428 483 2360 6547 6246 6547 6245 6547 3136 0 7427 0 3137 0 7303 0 7427 0 7426 0 8095 6548 7419 6548 7900 6548 113 6549 112 6549 5602 6549 5293 0 6358 0 5870 0 488 6550 5293 6550 5292 6550 4068 1 6786 1 8168 1 6764 5 6371 5 7745 5 8271 6551 2595 6551 6297 6551 6296 6552 2595 6552 2594 6552 8362 6553 4116 6553 8667 6553 6349 6554 4116 6554 2651 6554 6297 6555 6237 6555 8271 6555 2441 6556 6237 6556 6236 6556 6152 3086 6306 3086 3377 3086 2611 6557 6306 6557 6305 6557 2347 6558 2613 6558 2612 6558 6299 6559 2613 6559 2346 6559 2347 2336 2612 2336 2579 2336 6305 6560 2612 6560 2611 6560 5815 6561 8143 6561 7275 6561 5234 5 7855 5 7854 5 2142 774 2605 774 8197 774 6236 2537 2442 2537 2441 2537 8666 6562 2653 6562 8361 6562 2651 6563 2653 6563 6349 6563 5598 164 5687 164 5596 164 9533 6564 5687 6564 5545 6564 2481 164 5794 164 9487 164 7641 6565 7643 6565 7810 6565 5432 6566 2719 6566 2718 6566 8667 6567 3405 6567 7937 6567 2432 6568 3405 6568 6349 6568 9329 1 2076 1 6441 1 2159 1 2076 1 2211 1 8389 6465 2362 6465 2361 6465 6228 6569 2362 6569 2592 6569 8389 6570 2361 6570 8679 6570 6245 6571 2361 6571 2360 6571 4602 6572 2593 6572 8389 6572 2592 6573 2593 6573 3369 6573 8679 6574 6244 6574 8389 6574 4602 6575 6244 6575 6242 6575 3346 6576 6327 6576 6329 6576 6328 5 6327 5 6330 5 1490 6577 6227 6577 9587 6577 6261 6578 8641 6578 6262 6578 7881 1 1403 1 5102 1 9343 6579 1403 6579 1402 6579 2481 164 405 164 9447 164 8565 6580 6360 6580 6951 6580 5722 6581 7840 6581 7839 6581 4436 164 7840 164 9253 164 5698 6582 9535 6582 2140 6582 353 6583 355 6583 1179 6583 8771 732 3510 732 3582 732 3168 6584 8363 6584 9449 6584 2658 164 5527 164 6797 164 516 6585 4123 6585 4489 6585 8104 6586 8450 6586 5556 6586 1714 8 6009 8 1715 8 7152 6587 798 6587 799 6587 1715 8 8298 8 1716 8 7160 5 2135 5 7159 5 4584 3592 3511 3592 3550 3592 4845 6588 4844 6588 3400 6588 4436 6589 4438 6589 6369 6589 5715 6590 2607 6590 2608 6590 7179 1 5295 1 7418 1 5296 6591 5295 6591 7180 6591 4011 5 3744 5 3743 5 6160 5 2484 5 2483 5 5074 6592 5786 6592 5069 6592 6370 164 8150 164 9402 164 6025 8 6020 8 6019 8 5973 6593 6019 6593 6056 6593 8270 6594 2433 6594 8666 6594 6349 6595 2433 6595 2432 6595 5936 6596 4149 6596 5937 6596 2360 6597 2364 6597 8428 6597 2364 6598 6228 6598 1490 6598 2441 6599 2430 6599 8271 6599 2430 2930 6317 2930 2431 2930 6331 5 5104 5 8056 5 8839 6600 1945 6600 3735 6600 3751 9 2237 9 8920 9 143 6601 3910 6601 146 6601 7702 9 9367 9 7132 9 5264 6602 7702 6602 4717 6602 7665 9 7278 9 3700 9 9591 1 3536 1 3535 1 8363 164 6484 164 5238 164 2232 9 1749 9 6084 9 2182 6603 3934 6603 2180 6603 5700 6604 7846 6604 5701 6604 6219 6605 5834 6605 2689 6605 9032 9 2241 9 4044 9 9592 6606 6343 6606 5581 6606 9592 6607 9444 6607 7304 6607 6469 6608 3760 6608 3759 6608 1340 6609 3019 6609 6956 6609 6304 3091 2579 3091 2612 3091 2580 6610 2579 6610 6301 6610 7724 9 9571 9 6372 9 6368 164 6370 164 3302 164 2685 6611 2912 6611 2686 6611 6332 6612 2912 6612 2911 6612 6415 6613 3721 6613 7677 6613 1080 6614 7269 6614 1081 6614 9593 1 9594 1 4021 1 6435 8 8660 8 6436 8 2142 6615 2443 6615 2442 6615 6317 6616 2443 6616 2606 6616 5782 6617 4817 6617 9037 6617 2036 6618 2038 6618 1523 6618 9141 9 1991 9 7415 9 5439 6619 7118 6619 6213 6619 7563 1 6339 1 6338 1 2800 5 1689 5 5858 5 8918 5 1688 5 6048 5 8148 8 6057 8 8177 8 2603 8 6056 8 6019 8 7588 5 9023 5 9595 5 8045 6620 6772 6620 6545 6620 4078 0 5187 0 5189 0 1852 0 1851 0 9239 0 1851 0 1754 0 9239 0 423 8 3160 8 424 8 9250 0 1754 0 1851 0 1557 1 8250 1 1558 1 1017 6621 8497 6621 6323 6621 5629 6622 5630 6622 1676 6622 237 6623 3937 6623 238 6623 314 6624 296 6624 2051 6624 4710 0 3690 0 7094 0 9250 0 3690 0 1754 0 9040 6625 7097 6625 2082 6625 2422 6626 435 6626 434 6626 846 6627 3711 6627 6730 6627 6382 6628 6767 6628 9187 6628 3976 6629 6334 6629 3977 6629 7911 1 922 1 9313 1 9164 1 922 1 7490 1 6380 6630 6382 6630 9188 6630 7492 6631 7757 6631 9070 6631 3222 1 3221 1 4074 1 6378 1 3221 1 7487 1 4074 1 5811 1 2307 1 2845 6632 6378 6632 4209 6632 620 6633 622 6633 3252 6633 5945 5 1326 5 9205 5 7809 5 6328 5 6331 5 2388 1 2390 1 5718 1 2035 0 3326 0 3220 0 8338 1 2388 1 5719 1 3673 1 4138 1 5719 1 9394 6634 3991 6634 6358 6634 6359 0 3991 0 3188 0 5244 5 6386 5 7086 5 2845 1 7731 1 2398 1 6225 8 6226 8 6178 8 8564 6635 6053 6635 7154 6635 8359 6636 7130 6636 3057 6636 5237 6637 3963 6637 3962 6637 1787 5 3067 5 1784 5 3506 164 3508 164 6381 164 9022 6638 5124 6638 7898 6638 6419 6639 9022 6639 6418 6639 138 6640 3913 6640 141 6640 6454 6641 3754 6641 3753 6641 1936 8 5232 8 8060 8 7774 6642 6198 6642 3140 6642 9533 164 3216 164 6352 164 3216 164 556 164 9355 164 4456 6643 4442 6643 4444 6643 5723 6644 7932 6644 5724 6644 1185 6645 5742 6645 4434 6645 9536 6646 5742 6646 896 6646 6060 6647 447 6647 9348 6647 9395 6648 447 6648 446 6648 8932 6649 379 6649 3664 6649 5872 6650 9314 6650 2 6650 8644 6651 4467 6651 380 6651 1317 5 9013 5 5739 5 1372 1 1374 1 1233 1 1828 5 7227 5 1829 5 1872 6652 7149 6652 5890 6652 3010 6653 8874 6653 8917 6653 3150 6654 3152 6654 3479 6654 6223 1 3152 1 3151 1 7765 6655 5435 6655 1461 6655 1794 6656 9068 6656 1240 6656 5937 1 5498 1 9106 1 9423 1 8553 1 5875 1 6418 6657 6416 6657 2027 6657 5536 6658 2586 6658 9304 6658 3939 6659 4964 6659 7010 6659 8174 8 8198 8 7608 8 5332 8 5333 8 8174 8 9557 6660 775 6660 5308 6660 1931 0 775 0 774 0 4671 0 3697 0 4669 0 8632 6661 6088 6661 1816 6661 9298 5 573 5 5006 5 5114 6662 6395 6662 5112 6662 5114 6663 7940 6663 7448 6663 8156 5 2133 5 7160 5 5752 6664 9423 6664 5753 6664 2393 1 2392 1 4203 1 4466 6665 4468 6665 8641 6665 8644 6666 4468 6666 4467 6666 8361 6667 2652 6667 8665 6667 6393 6668 2652 6668 2651 6668 1520 6669 3576 6669 3575 6669 6434 1 6412 1 6415 1 8662 6670 4117 6670 8362 6670 2651 6671 4117 6671 6393 6671 8665 6672 2650 6672 8361 6672 2648 6673 2650 6673 6394 6673 327 6674 326 6674 345 6674 2276 6675 8661 6675 6335 6675 6419 6676 2027 6676 2026 6676 9392 0 9456 0 5960 0 906 164 5108 164 7449 164 4497 164 757 164 4498 164 8368 3158 4694 3158 8663 3158 6394 6677 4694 6677 2648 6677 9596 3113 3865 3113 3864 3113 6794 554 6793 554 9596 554 4648 6678 4641 6678 6397 6678 1783 5 5116 5 7612 5 7447 1 3112 1 4648 1 8361 6679 2649 6679 8666 6679 6398 6680 2649 6680 2648 6680 5155 5 8012 5 6867 5 6411 6681 6410 6681 7491 6681 8664 6682 4695 6682 8368 6682 2648 6683 4695 6683 6398 6683 2604 6684 2603 6684 6020 6684 1037 6685 9319 6685 433 6685 5989 6686 6952 6686 6939 6686 2282 0 9597 0 2280 0 320 0 9598 0 321 0 5467 164 6081 164 8751 164 1844 0 1845 0 4988 0 8268 5 8287 5 5140 5 6364 6687 6365 6687 7151 6687 8688 6688 8689 6688 967 6688 8665 6689 2384 6689 1494 6689 2382 6690 2384 6690 6393 6690 1494 6691 1496 6691 8665 6691 6394 6692 1496 6692 3385 6692 8663 6693 3385 6693 8317 6693 1495 6694 3385 6694 1496 6694 2143 6452 6280 6452 7205 6452 5575 6695 9502 6695 388 6695 4772 5 8287 5 8288 5 8666 6696 2428 6696 8270 6696 2426 6697 2428 6697 6398 6697 6416 5 6418 5 7588 5 8109 6698 3382 6698 8662 6698 6393 6699 3382 6699 2382 6699 4504 6700 18 6700 12 6700 9509 6701 5538 6701 5537 6701 9509 6702 3722 6702 6412 6702 6415 1 3722 1 3721 1 1311 1 1096 1 9241 1 323 6703 1096 6703 1095 6703 1923 6704 7226 6704 4532 6704 8371 6705 3406 6705 8664 6705 6398 6706 3406 6706 2426 6706 5719 1 2833 1 8338 1 8268 6707 8226 6707 6405 6707 6933 1 1099 1 1098 1 6596 6708 7188 6708 8026 6708 9081 0 9316 0 5297 0 6674 6709 9316 6709 6675 6709 7959 0 1046 0 1045 0 9081 0 1046 0 9082 0 7883 1 3278 1 7884 1 1086 0 9297 0 8260 0 4210 1 4209 1 8098 1 6088 8 8632 8 6087 8 6434 6710 6413 6710 6412 6710 1510 1 6413 1 3235 1 9088 1 5862 1 446 1 9408 1 5862 1 5861 1 6642 6711 569 6711 8218 6711 4650 5 4651 5 6608 5 5288 1 5287 1 7756 1 5916 1 8093 1 6450 1 5526 6712 9474 6712 8218 6712 8219 6713 9474 6713 7947 6713 1035 0 8678 0 352 0 6367 1 6434 1 6433 1 9483 1 3156 1 1310 1 9255 6714 3156 6714 1093 6714 9070 0 5299 0 9439 0 2994 5 8944 5 7862 5 8552 164 2679 164 5337 164 1140 6715 1642 6715 1141 6715 9332 1 7637 1 7830 1 1638 0 4903 0 1636 0 8541 6716 1700 6716 6425 6716 8541 6717 6420 6717 8006 6717 8663 6718 4730 6718 8368 6718 2596 6719 4730 6719 6440 6719 4301 6720 8883 6720 1454 6720 3322 750 4619 750 3320 750 8381 741 6576 741 6575 741 635 729 6575 729 6579 729 225 6721 452 6721 5269 6721 9599 750 3316 750 3248 750 3592 6722 8734 6722 8888 6722 9600 6723 3254 6723 3253 6723 8 6724 8512 6724 509 6724 6610 737 5158 737 5157 737 3291 741 3290 741 6649 741 9601 6725 6580 6725 6649 6725 9602 1931 3322 1931 3321 1931 6585 750 9602 750 9603 750 8381 741 6651 741 6576 741 6651 741 6582 741 6581 741 6604 1888 6732 1888 6603 1888 6605 6723 1504 6723 6732 6723 5361 6726 6179 6726 5513 6726 6729 741 3319 741 1822 741 9604 750 6737 750 9605 750 9606 750 6738 750 6737 750 9605 737 6743 737 9604 737 9607 1934 3281 1934 6743 1934 3605 6727 8770 6727 3606 6727 6594 1883 3231 1883 3230 1883 9608 6728 6593 6728 6592 6728 3339 6729 9608 6729 9609 6729 592 1883 6601 1883 6595 1883 1805 6730 462 6730 7844 6730 8292 9 438 9 434 9 9610 725 3239 725 3238 725 3342 725 6718 725 3343 725 3238 725 3237 725 6718 725 7734 6731 4567 6731 6599 6731 3314 6732 7734 6732 3315 6732 9611 1878 6664 1878 9373 1878 9600 1878 3253 1878 6664 1878 1629 1 1628 1 1729 1 9612 6733 4551 6733 4550 6733 9373 1878 6691 1878 9611 1878 3229 1878 6691 1878 3230 1878 5055 832 8764 832 1298 832 9609 6734 3340 6734 3339 6734 2715 741 6578 741 9613 741 635 741 6579 741 6578 741 9613 6735 6753 6735 2715 6735 6614 6725 551 6725 6753 6725 4188 6736 5577 6736 980 6736 6613 6737 3352 6737 3351 6737 6611 750 6646 750 6612 750 6572 750 6573 750 6646 750 9614 750 3248 750 3247 750 6738 1911 9606 1911 3247 1911 6587 1878 9615 1878 6586 1878 9615 6725 6729 6725 1824 6725 9607 737 3282 737 3281 737 3292 1888 6606 1888 6605 1888 7624 6738 5103 6738 7636 6738 3348 750 9616 750 3349 750 9616 6739 3351 6739 6748 6739 6386 6740 6387 6740 8010 6740 6387 5 5241 5 7518 5 9312 1 6442 1 9311 1 4765 5 4776 5 2042 5 9328 1 970 1 7329 1 9329 1 970 1 969 1 5111 6741 3714 6741 50 6741 6351 5 5122 5 8546 5 1444 1 1446 1 5963 1 2320 1 7732 1 4138 1 9484 1 5314 1 5393 1 9483 1 5314 1 5313 1 9207 6742 9301 6742 998 6742 6852 5 9301 5 6853 5 5524 6743 6439 6743 8741 6743 6081 164 5467 164 9411 164 7778 0 4273 0 4272 0 1185 6744 8096 6744 1186 6744 1580 6745 6446 6745 1385 6745 61 5 6787 5 4050 5 61 5 5863 5 59 5 9094 5 3866 5 3868 5 6446 6746 6448 6746 9455 6746 6448 5 6447 5 59 5 8317 6747 3361 6747 8663 6747 6440 2336 3361 2336 2326 2336 6089 8 8198 8 9475 8 8264 6748 2597 6748 8651 6748 6440 6749 2597 6749 2596 6749 9550 6750 5494 6750 9247 6750 8262 6751 5494 6751 2945 6751 6467 6752 4081 6752 8544 6752 7487 1 6379 1 6378 1 8651 6753 2328 6753 8221 6753 2326 6754 2328 6754 6440 6754 9130 9 9150 9 3835 9 4571 3699 3560 3699 3559 3699 348 6755 349 6755 6334 6755 7629 6756 7447 6756 7448 6756 1987 6757 7626 6757 5764 6757 9557 0 7626 0 2029 0 9486 1 1312 1 4726 1 8065 6758 1312 6758 1311 6758 7811 1 923 1 7818 1 5397 6759 2154 6759 8375 6759 9542 6760 4355 6760 1450 6760 9166 5 4355 5 4354 5 3185 6761 6423 6761 9375 6761 3185 6762 957 6762 6773 6762 5243 6763 1206 6763 1208 6763 3517 164 8639 164 9550 164 8639 164 7753 164 1061 164 6429 6764 1061 6764 1060 6764 3104 6765 3103 6765 7944 6765 1167 6766 4002 6766 4001 6766 4003 6767 4002 6767 7650 6767 9556 5 2620 5 4361 5 411 6768 2623 6768 412 6768 7765 5 4361 5 7766 5 4003 5 413 5 412 5 4212 5 412 5 4213 5 1828 6769 4532 6769 7227 6769 9617 6770 458 6770 4215 6770 3753 1 1105 1 6454 1 9618 6771 8468 6771 5272 6771 9325 6772 8915 6772 9618 6772 7986 5 9302 5 7987 5 4852 0 7691 0 7690 0 8200 0 9421 0 8467 0 9421 0 5273 0 5272 0 8662 6773 6566 6773 8109 6773 6051 164 3184 164 945 164 1431 6774 3493 6774 7758 6774 7581 6775 7334 6775 7336 6775 6674 6776 3203 6776 5298 6776 3203 0 9129 0 3204 0 811 586 8519 586 8520 586 8212 164 611 164 2554 164 5085 6777 4449 6777 5469 6777 2166 8 7675 8 2167 8 9102 8 2084 8 1569 8 6852 5 58 5 999 5 1200 6778 58 6778 57 6778 9203 5 1000 5 3197 5 997 6778 1000 6778 999 6778 1957 6779 7512 6779 1958 6779 9619 6780 475 6780 477 6780 9619 5 5734 5 7510 5 1936 6781 8060 6781 7846 6781 5020 6782 71 6782 70 6782 2705 6783 4373 6783 2703 6783 6779 5 7605 5 7752 5 6438 5 5522 5 1921 5 405 164 407 164 8364 164 4149 1 7884 1 3278 1 1765 6784 7236 6784 5802 6784 1807 6785 4646 6785 7910 6785 1708 6786 6765 6786 3144 6786 9296 5 2102 5 512 5 6074 6787 2159 6787 6072 6787 9551 0 1586 0 8638 0 4066 1 6362 1 2279 1 9251 6788 9154 6788 5643 6788 1890 6789 1889 6789 4530 6789 7115 6790 6640 6790 7992 6790 1035 6791 351 6791 9128 6791 5379 6792 8170 6792 8102 6792 9273 6793 3697 6793 3102 6793 9118 5 6588 5 1789 5 1420 0 9333 0 5192 0 3215 1 9133 1 7551 1 5399 8 6170 8 6171 8 5557 0 5903 0 7718 0 9253 164 4525 164 4437 164 2264 6794 8964 6794 4451 6794 6619 8 3144 8 6765 8 1708 6795 3144 6795 3146 6795 6708 6796 6709 6796 9351 6796 3720 5 6617 5 4777 5 2087 6797 3073 6797 4777 6797 407 164 3303 164 6483 164 6482 6798 3303 6798 3302 6798 2418 1 3856 1 2419 1 3324 1 3856 1 3855 1 3223 1 3222 1 3324 1 3596 834 8849 834 4306 834 1031 5 1030 5 4456 5 6700 6799 6367 6799 6433 6799 6434 6800 6367 6800 6366 6800 3261 0 1931 0 1933 0 7845 1 8019 1 4364 1 1356 6801 6092 6801 3759 6801 282 6802 6403 6802 7117 6802 6403 5 6402 5 7510 5 5110 6803 544 6803 5109 6803 941 6804 6204 6804 9325 6804 9108 0 941 0 940 0 8421 164 5546 164 6081 164 8552 164 5546 164 5545 164 6779 5 7752 5 8453 5 3719 6805 6617 6805 3720 6805 6484 164 6485 164 3507 164 5843 6806 757 6806 4497 6806 4145 6807 3024 6807 505 6807 4440 5 4439 5 6449 5 9500 1 6638 1 6639 1 4972 6808 4411 6808 5202 6808 8368 6809 4729 6809 8664 6809 6487 6810 4729 6810 2596 6810 7047 137 187 137 7048 137 6485 164 6494 164 5169 164 2557 0 9534 0 6058 0 3329 6811 4671 6811 4670 6811 7865 6812 231 6812 230 6812 6380 164 1001 164 3961 164 6421 6813 6420 6813 6773 6813 1695 6814 4030 6814 8896 6814 3868 6815 3867 6815 6827 6815 6790 154 6826 154 9620 154 9620 6816 3874 6816 6790 6816 9621 6817 9622 6817 7453 6817 9622 6818 3870 6818 6796 6818 4524 6819 5339 6819 4437 6819 4438 164 5339 164 5338 164 150 6820 188 6820 1424 6820 6493 164 6482 164 9402 164 1714 8 8114 8 9244 8 6491 6821 6493 6821 9410 6821 9405 1 5665 1 9289 1 6409 0 4748 0 4747 0 3130 6822 6798 6822 8283 6822 6798 5 8284 5 9271 5 6490 1 8340 1 9496 1 6490 1 9495 1 6383 1 7933 1 5013 1 6325 1 9064 6823 6747 6823 6870 6823 6747 6824 6746 6824 7231 6824 6379 6825 9044 6825 8098 6825 9289 1 5664 1 9258 1 7917 164 9449 164 3962 164 6479 1 8066 1 9458 1 3855 1 6479 1 3324 1 1463 0 6458 0 1464 0 3356 0 7353 0 5571 0 5218 6826 3993 6826 7055 6826 6472 6827 4853 6827 4852 6827 8695 3442 2598 3442 8264 3442 2596 6828 2598 6828 6487 6828 8664 483 3394 483 8371 483 2423 6829 3394 6829 6487 6829 6455 1 8046 1 3267 1 1126 6830 1452 6830 1124 6830 1452 6831 1451 6831 1897 6831 4767 1 7908 1 1353 1 7660 6832 7882 6832 1352 6832 6494 164 6495 164 3308 164 722 1 3234 1 3236 1 6413 6833 6434 6833 3236 6833 2577 6834 5735 6834 2578 6834 9542 6835 5735 6835 5734 6835 8541 1 6425 1 6424 1 5418 1 1883 1 5178 1 3147 1 5418 1 5417 1 5106 6836 9513 6836 8056 6836 2192 0 7163 0 2193 0 4374 0 6503 0 5959 0 4171 1 7770 1 1479 1 7770 1 7125 1 8717 1 3748 6837 3750 6837 6515 6837 3525 6838 3524 6838 7606 6838 5595 6839 2273 6839 7988 6839 833 6840 5635 6840 608 6840 3703 1 6531 1 1880 1 8516 1 6531 1 7129 1 3817 696 9621 696 8164 696 8717 1 1480 1 1479 1 9623 3113 9624 3113 9625 3113 6463 1 6516 1 3750 1 4048 6841 9626 6841 9627 6841 4376 0 6504 0 4374 0 6826 6842 3861 6842 9628 6842 705 6843 30 6843 6320 6843 233 6844 3945 6844 235 6844 1840 6845 1839 6845 7199 6845 7674 1 4198 1 4197 1 6832 554 7284 554 9629 554 7287 6841 7286 6841 9630 6841 6527 6846 3691 6846 3690 6846 3069 0 9024 0 6530 0 8719 1 7902 1 3213 1 7125 1 9631 1 8716 1 4299 6847 3982 6847 8871 6847 9632 1 3703 1 3702 1 3036 6841 6532 6841 8454 6841 6505 0 3826 0 3837 0 3868 929 6827 929 6787 929 3050 6814 3741 6814 8897 6814 6538 0 9633 0 6976 0 3865 2210 9596 2210 6793 2210 6517 1 4402 1 3798 1 4887 192 6540 192 4888 192 7204 1 3776 1 3775 1 9584 9 3674 9 3676 9 8708 0 7140 0 7139 0 9472 1 8774 1 8773 1 319 6848 8865 6848 1845 6848 4710 6849 1755 6849 1754 6849 1753 6850 1755 6850 1485 6850 1741 6851 1831 6851 2265 6851 4199 1 1831 1 1830 1 4663 0 6555 0 1833 0 5391 6852 6555 6852 1801 6852 9056 1 1306 1 1839 1 1556 1 1306 1 1305 1 1877 1 1874 1 8076 1 1877 1 1876 1 7204 1 1799 0 1886 0 7384 0 3069 0 1886 0 1885 0 1928 1 1676 1 5630 1 9029 1 1881 1 1880 1 4259 6853 4258 6853 8798 6853 9056 1 4564 1 1303 1 2213 1 8002 1 2212 1 8783 6854 8798 6854 4258 6854 1875 1 9634 1 9027 1 6838 192 7363 192 9635 192 3823 2788 6520 2788 9636 2788 1882 1 5179 1 5178 1 8442 1 6547 1 6464 1 3295 554 7219 554 9637 554 699 6841 7368 6841 9638 6841 8738 6855 1454 6855 8883 6855 6525 6856 6524 6856 9639 6856 7367 0 1322 0 1321 0 6144 6841 7221 6841 9640 6841 1483 6857 9031 6857 1484 6857 3619 6858 6107 6858 1458 6858 8710 0 6529 0 8709 0 728 5 730 5 6588 5 9060 0 1834 0 1833 0 4445 6859 5124 6859 6419 6859 7746 6860 8939 6860 8182 6860 4199 1 9641 1 6546 1 6550 3113 6549 3113 9642 3113 2997 1974 6554 1974 9643 1974 4710 0 7094 0 4711 0 3623 6861 1493 6861 1670 6861 1885 6862 4663 6862 3068 6862 5722 164 7336 164 7335 164 6545 6863 5284 6863 8 6863 8362 6864 4118 6864 8662 6864 6565 6865 4118 6865 2606 6865 7367 0 1321 0 5540 0 6527 6866 1321 6866 1320 6866 7109 0 8407 0 7451 0 6963 6867 354 6867 8565 6867 6527 0 3690 0 9250 0 5399 8 1128 8 6170 8 7595 6868 6879 6868 684 6868 7704 1 8048 1 7705 1 1556 1 9057 1 1557 1 77 6869 6292 6869 78 6869 867 5 869 5 8650 5 1449 0 1448 0 8181 0 6374 9 6373 9 2244 9 3020 9 6373 9 3021 9 3910 6870 142 6870 266 6870 6618 5 8523 5 2093 5 7134 8 2228 8 1012 8 5209 6871 8994 6871 8965 6871 1351 1 1353 1 9054 1 3899 5 8096 5 9380 5 3502 1 6846 1 8167 1 8150 6872 5648 6872 5647 6872 5173 6873 5648 6873 5338 6873 4164 6874 709 6874 9143 6874 1137 5 5132 5 2416 5 8346 6875 6569 6875 1382 6875 6829 6876 4406 6876 6568 6876 7517 6877 1565 6877 747 6877 9201 1 9644 1 7261 1 9644 6878 2785 6878 2787 6878 2448 6879 2424 6879 8695 6879 6487 6880 2424 6880 2423 6880 3234 1 722 1 370 1 8720 1 724 1 9419 1 3823 8 6621 8 6521 8 6619 8 6621 8 3822 8 6495 164 7388 164 5810 164 9068 1 6596 1 1241 1 3274 6881 1804 6881 1803 6881 3730 6882 6624 6882 3729 6882 9546 6883 9547 6883 9558 6883 6400 1 505 1 507 1 2987 0 2986 0 6624 0 9265 1 6623 1 8254 1 4193 1 6623 1 4194 1 8962 1 8600 1 8599 1 5769 1 8600 1 4194 1 3730 0 4761 0 1260 0 9285 6884 4761 6884 5771 6884 5769 6885 1263 6885 1262 6885 9286 1 1263 1 4749 1 5222 6886 389 6886 6320 6886 9270 6887 1261 6887 1260 6887 3158 8 6771 8 7251 8 6361 6888 6177 6888 2279 6888 9168 5 6634 5 7929 5 6634 6889 6633 6889 6636 6889 676 5 8543 5 8812 5 4631 164 5433 164 5431 164 8318 6890 7175 6890 7174 6890 6470 6891 6091 6891 6468 6891 6468 0 8091 0 7971 0 8708 6892 342 6892 1802 6892 1575 6893 1636 6893 6197 6893 1636 6894 597 6894 1637 6894 7554 0 4019 0 3849 0 6124 5 1923 5 1922 5 9198 9 4234 9 9645 9 1478 6895 2213 6895 1479 6895 362 6896 3209 6896 3208 6896 5939 0 660 0 659 0 3482 6897 660 6897 662 6897 5340 0 5341 0 8316 0 9499 9 7796 9 6920 9 1574 6898 2153 6898 598 6898 5329 6899 7585 6899 5327 6899 5108 164 2550 164 8659 164 7447 6900 3113 6900 3112 6900 4724 164 6557 164 2847 164 5534 6901 746 6901 2847 6901 7979 8 7980 8 4109 8 729 5 574 5 9003 5 9468 1 2494 1 2493 1 3323 6902 7487 6902 3223 6902 2028 6903 6417 6903 4777 6903 8097 6904 9128 6904 8540 6904 7528 6905 7814 6905 4108 6905 5713 164 4499 164 9386 164 6567 3335 6566 3335 6565 3335 6783 0 7695 0 440 0 443 6906 7695 6906 1953 6906 5661 164 9399 164 7517 164 1902 6907 1775 6907 2942 6907 6755 0 2054 0 8580 0 9305 1 9586 1 7903 1 7579 6908 5088 6908 3288 6908 5084 164 637 164 636 164 4450 0 4449 0 5085 0 9064 1 8669 1 1790 1 4619 6909 6573 6909 4618 6909 7977 6910 7529 6910 4107 6910 9389 0 7098 0 8023 0 637 164 6575 164 635 164 6574 1922 6579 1922 6575 1922 9646 6911 7691 6911 7913 6911 1795 1 7440 1 5098 1 8737 6912 8883 6912 8887 6912 4128 0 2091 0 2090 0 9647 0 6655 0 7690 0 9032 9 8590 9 4234 9 8311 1 9111 1 8357 1 6938 9 2234 9 2233 9 5161 6913 2414 6913 2413 6913 2978 6914 7493 6914 5024 6914 5530 6915 8931 6915 5531 6915 8521 570 3002 570 8356 570 569 6916 3672 6916 3671 6916 9196 6917 7856 6917 1404 6917 3251 6918 612 6918 610 6918 8621 6919 630 6919 7123 6919 8348 6920 7807 6920 7905 6920 7962 6921 4272 6921 8640 6921 8382 6922 6650 6922 5083 6922 5908 6923 6673 6923 8527 6923 9599 6924 6589 6924 3316 6924 612 164 9358 164 6667 164 620 164 3252 164 6586 164 8881 6925 8734 6925 8744 6925 3709 0 9448 0 3707 0 3254 741 6587 741 3252 741 4305 6926 8882 6926 8879 6926 5088 164 9365 164 5087 164 9603 6737 5156 6737 6585 6737 9601 1888 6649 1888 3290 1888 9586 6927 5712 6927 6944 6927 6129 0 6654 0 6318 0 6647 164 8161 164 6648 164 5363 8 523 8 8509 8 8282 6928 3205 6928 8184 6928 6650 164 6651 164 8381 164 6581 749 6576 749 6651 749 7690 6929 7689 6929 9647 6929 6727 0 6728 0 3240 0 1252 6930 6316 6930 416 6930 3319 741 6604 741 3318 741 1506 741 6603 741 6732 741 6653 164 3318 164 6558 164 8882 6931 8888 6931 8734 6931 3672 164 9363 164 3670 164 6764 5 7745 5 7145 5 6736 750 9605 750 6737 750 7432 0 3515 0 2979 0 6742 737 9604 737 6743 737 1604 164 621 164 666 164 3321 750 9603 750 9602 750 578 6932 580 6932 8402 6932 6688 6933 580 6933 579 6933 1510 1 6414 1 6413 1 9509 1 6414 1 5538 1 122 6934 109 6934 8621 6934 8435 6935 7948 6935 7947 6935 5755 0 1738 0 1737 0 9006 6936 5621 6936 5620 6936 9476 5 1774 5 7272 5 8804 6937 8770 6937 8778 6937 1124 5 1452 5 830 5 6600 741 3231 741 6595 741 6592 1934 9609 1934 9608 1934 7677 6938 9594 6938 6699 6938 963 6939 8106 6939 6498 6939 6705 6940 6707 6940 2566 6940 8535 6941 6176 6941 1445 6941 575 6942 577 6942 8402 6942 6704 164 577 164 576 164 584 164 586 164 4493 164 1960 5 4471 5 7373 5 6714 4576 6684 4576 9368 4576 8510 8 6500 8 5363 8 7225 6943 1597 6943 4853 6943 3593 1065 5066 1065 5065 1065 6685 164 8410 164 9360 164 108 6944 110 6944 7507 6944 6680 4576 6713 4576 9361 4576 5726 6945 5479 6945 5727 6945 6702 6946 6704 6946 9369 6946 6684 4588 6685 4588 9359 4588 584 6947 6680 6947 9370 6947 6481 6948 3228 6948 3227 6948 223 5 4426 5 224 5 6601 747 592 747 3315 747 8093 1 5916 1 5789 1 9610 1881 6591 1881 3239 1881 9509 1 3723 1 3722 1 5526 6949 7947 6949 9474 6949 586 164 575 164 4492 164 591 6950 578 6950 6703 6950 8702 6951 5159 6951 2476 6951 6713 6952 6714 6952 9362 6952 6717 755 3343 755 6718 755 935 6953 5539 6953 5538 6953 6910 9 1944 9 8904 9 6599 6731 3315 6731 7734 6731 6722 6954 9648 6954 9354 6954 734 1 5909 1 735 1 6672 6955 5909 6955 9591 6955 9593 6956 7756 6956 6699 6956 1648 0 7721 0 4918 0 4723 6957 1824 6957 1823 6957 7588 5 1592 5 1594 5 8018 0 6726 0 697 0 7685 6958 8817 6958 7603 6958 611 6959 7821 6959 7868 6959 7821 164 610 164 613 164 7222 6960 7862 6960 9137 6960 6709 6961 6690 6961 8255 6961 8026 6962 1623 6962 5477 6962 698 6963 3709 6963 3708 6963 5720 6964 5721 6964 5723 6964 6690 164 6691 164 9373 164 6663 6965 9373 6965 6664 6965 3119 0 3337 0 3120 0 3340 750 4550 750 3338 750 6877 6966 649 6966 135 6966 9612 1877 6590 1877 4551 1877 5016 6967 2152 6967 4443 6967 6691 741 6696 741 9611 741 6670 0 6671 0 9349 0 9593 1 4021 1 3534 1 8852 3547 8764 3547 8772 3547 3536 1 9591 1 5909 1 9649 0 7657 0 7913 0 3245 1 6739 1 3243 1 3245 1 8526 1 7281 1 2550 6968 906 6968 6475 6968 3755 1 3113 1 7629 1 9429 6969 5458 6969 2115 6969 1505 164 7964 164 8248 164 5568 0 6727 0 3240 0 4612 6970 542 6970 541 6970 6602 0 5969 0 5968 0 2572 164 548 164 546 164 5770 1 5768 1 9163 1 7 1 2212 1 6545 1 5110 6971 547 6971 546 6971 5182 8 2202 8 2096 8 5989 6972 6939 6972 5987 6972 2658 6973 6797 6973 7939 6973 2275 5 5524 5 8741 5 559 6974 561 6974 3527 6974 2882 6975 1897 6975 2217 6975 3289 6976 571 6976 568 6976 1614 164 8643 164 946 164 7948 6977 6733 6977 3250 6977 5144 164 627 164 626 164 638 6978 2716 6978 2039 6978 3175 6979 7397 6979 9208 6979 6657 6980 1791 6980 1790 6980 9069 1 1791 1 1825 1 7912 0 5779 0 9649 0 550 6981 2572 6981 545 6981 9355 164 3528 164 7939 164 2488 6982 9650 6982 5162 6982 542 164 5144 164 540 164 6755 6983 6756 6983 8988 6983 6577 741 9613 741 6578 741 2271 164 7144 164 8652 164 552 741 2715 741 6753 741 2716 164 6578 164 2715 164 9511 164 905 164 904 164 8853 6984 1298 6984 8764 6984 6645 750 6612 750 6646 750 6122 6985 5802 6985 7236 6985 7172 1 7171 1 7238 1 3352 750 6613 750 6612 750 6657 1 6656 1 9061 1 207 0 7754 0 7565 0 8525 1 7280 1 7281 1 9614 6924 3247 6924 9606 6924 6733 164 6735 164 8434 164 9317 6986 180 6986 7176 6986 1824 741 6586 741 9615 741 7713 5 5269 5 452 5 6726 0 9350 0 8550 0 8468 6987 9618 6987 8915 6987 4143 1 717 1 4703 1 571 164 9379 164 570 164 3280 750 3282 750 5157 750 5064 835 4306 835 8849 835 3017 6988 8756 6988 3636 6988 6606 741 3292 741 3291 741 2040 6989 9376 6989 3206 6989 547 6990 9376 6990 545 6990 3209 6991 638 6991 3206 6991 8085 6992 9210 6992 3899 6992 548 6993 4612 6993 543 6993 8940 6994 7768 6994 5616 6994 627 164 559 164 625 164 2063 164 2065 164 6750 164 6748 750 3349 750 9616 750 7888 1 8344 1 7889 1 3591 6995 8853 6995 8850 6995 6053 6996 6952 6996 5989 6996 1384 5 9139 5 1659 5 8888 6997 8745 6997 3592 6997 7172 1 7531 1 1825 1 3021 9 9571 9 6991 9 6687 6998 6688 6998 3276 6998 153 1 5413 1 9651 1 9651 6999 1366 6999 7231 6999 9652 900 3537 900 3732 900 6913 2136 9652 2136 6912 2136 64 1 63 1 7853 1 3537 2014 3844 2014 3731 2014 3040 922 6917 922 3041 922 6915 7000 3041 7000 6914 7000 1626 1075 1625 1075 8759 1075 6917 1995 3040 1995 4397 1995 9653 7001 9654 7001 7002 7001 9654 7002 6884 7002 6883 7002 1653 7003 1652 7003 8878 7003 6889 7004 4394 7004 4393 7004 6884 7004 7127 7004 6882 7004 6903 7005 6902 7005 7127 7005 7962 7006 8640 7006 6261 7006 62 2098 6918 2098 4392 2098 4152 7007 7609 7007 4153 7007 8723 2014 6908 2014 6907 2014 6907 1995 7026 1995 8723 1995 6890 2005 5093 2005 7026 2005 64 1 8249 1 62 1 8885 923 3770 923 3768 923 3768 2014 7028 2014 8885 2014 7028 923 6893 923 7035 923 1616 7008 7990 7008 1617 7008 7101 7009 1911 7009 3790 7009 5921 905 9122 905 6900 905 9122 2085 5758 2085 7088 2085 6896 7010 8188 7010 6897 7010 8188 2086 7107 2086 7106 2086 3615 7011 4201 7011 8898 7011 5560 7010 3801 7010 3800 7010 8542 888 6938 888 685 888 6938 7012 2233 7012 2964 7012 685 2014 6935 2014 8542 2014 6879 1995 6878 1995 6935 1995 5041 7013 5047 7013 9655 7013 6888 1093 6887 1093 5047 1093 9655 7004 7003 7004 5041 7004 9653 7002 7002 7002 7003 7002 7682 8 7216 8 7683 8 4020 2014 4415 2014 3848 2014 4336 3554 4008 3554 8806 3554 6894 900 3849 900 3121 900 789 7010 791 7010 6898 7010 3800 1996 3799 1996 791 1996 2516 0 9127 0 1435 0 5758 905 1007 905 3831 905 1195 2085 7100 2085 3842 2085 1911 7014 7101 7014 7100 7014 6904 7015 3834 7015 3833 7015 7536 1 6342 1 8625 1 7135 7016 3798 7016 3797 7016 7710 2086 3804 2086 3803 2086 7107 7017 7710 7017 7105 7017 9417 7018 7052 7018 5218 7018 7181 7019 3837 7019 3836 7019 3847 900 9575 900 7190 900 1709 7020 9104 7020 8943 7020 6679 164 6687 164 5516 164 5653 1 9119 1 6187 1 6707 7021 8408 7021 579 7021 8961 0 3009 0 5756 0 1853 7022 3009 7022 1854 7022 3667 1 3669 1 804 1 5751 7023 3669 7023 3668 7023 1853 0 819 0 818 0 9308 0 819 0 4739 0 3667 7024 6760 7024 7575 7024 6760 7025 803 7025 9501 7025 6093 0 9482 0 5277 0 9340 7026 805 7026 804 7026 9338 0 6762 0 8656 0 3008 7027 6762 7027 1854 7027 556 164 558 164 9355 164 8589 7028 9645 7028 8590 7028 6776 7029 32 7029 31 7029 9412 7030 6662 7030 5633 7030 7564 1 8933 1 5553 1 3752 9 6991 9 9571 9 3508 7031 3307 7031 8263 7031 8345 0 5268 0 4005 0 6767 164 6769 164 9247 164 6559 7032 5519 7032 3521 7032 4158 1 414 1 4159 1 3514 7033 239 7033 5521 7033 9374 1 8714 1 6187 1 6677 164 6679 164 9384 164 705 7034 2963 7034 31 7034 9409 1 2963 1 2962 1 3109 5 8015 5 3346 5 3743 5 8015 5 6568 5 4018 7035 3357 7035 3356 7035 1464 7036 984 7036 983 7036 8346 7037 4012 7037 4011 7037 6568 7038 4011 7038 3743 7038 544 7039 9353 7039 3211 7039 3212 164 9353 164 541 164 6518 8 748 8 750 8 3070 7040 6518 7040 6771 7040 628 164 2705 164 2704 164 6999 1 4184 1 2841 1 4511 1 6455 1 3266 1 9159 7041 8855 7041 9167 7041 9166 5 8855 5 1451 5 8449 7042 6511 7042 5582 7042 6712 164 6677 164 9391 164 8051 9 3021 9 6991 9 9571 9 3021 9 6373 9 6643 7043 5432 7043 3285 7043 3487 7044 5956 7044 5674 7044 4741 7045 2009 7045 4743 7045 6710 7046 6712 7046 298 7046 8869 1 8006 1 6422 1 2516 7047 7416 7047 9127 7047 7585 5 1347 5 6633 5 3307 164 3309 164 6768 164 1972 8 7978 8 6780 8 6683 164 6710 164 3934 164 423 7048 3071 7048 3160 7048 6771 8 3071 8 3070 8 7600 7049 8075 7049 9377 7049 6766 7050 1752 7050 2386 7050 9512 7051 6655 7051 9075 7051 7690 0 9512 0 4852 0 8696 1 6154 1 3150 1 8720 7052 6154 7052 724 7052 4260 8 4058 8 7317 8 4531 7053 4530 7053 1889 7053 3095 7054 1551 7054 4235 7054 6075 0 8115 0 4686 0 5924 1 5925 1 8202 1 5530 7055 3674 7055 6166 7055 687 8 4943 8 1645 8 1793 1 1795 1 8669 1 1453 7056 1071 7056 4301 7056 3993 7057 3995 7057 6806 7057 7973 8 5489 8 8236 8 7975 5 4515 5 4848 5 4515 5 4514 5 7974 5 3258 164 7744 164 3259 164 4848 7058 6779 7058 8453 7058 4825 8 4943 8 1032 8 886 0 9327 0 518 0 1027 8 308 8 682 8 2985 0 4897 0 5074 0 6054 7059 6055 7059 2041 7059 6417 5 2028 5 2027 5 6419 7060 2026 7060 4445 7060 306 8 4942 8 307 8 6632 7061 5151 7061 2023 7061 9336 5 2283 5 6803 5 2283 5 1216 5 1215 5 7864 164 6723 164 6725 164 1952 0 6143 0 3078 0 6471 7062 6143 7062 4865 7062 3149 1 7621 1 4503 1 8514 9 6875 9 8189 9 47 7063 6875 7063 6873 7063 9065 7064 5001 7064 5003 7064 7882 1 9065 1 2785 1 7715 7065 5964 7065 8154 7065 3476 7066 6640 7066 3477 7066 3357 0 4017 0 5824 0 2226 0 4017 0 4016 0 2021 1 735 1 2022 1 9446 3342 69 3342 3885 3342 4855 5 4519 5 4518 5 9595 7067 7707 7067 5129 7067 8044 7068 6620 7068 2385 7068 6765 8 6620 8 6619 8 9550 164 6769 164 5403 164 3064 1 5912 1 5603 1 5605 7069 5912 7069 5138 7069 3829 5 6859 5 6833 5 8928 5 3829 5 3828 5 2285 8 2095 8 2286 8 9571 7070 7724 7070 9572 7070 1337 7071 6631 7071 5790 7071 4368 7072 4369 7072 6799 7072 8113 7073 7803 7073 7971 7073 8197 3091 2143 3091 2142 3091 2606 7074 2141 7074 6565 7074 6708 7075 618 7075 7599 7075 4368 7076 618 7076 617 7076 3275 7077 3277 7077 6799 7077 8408 7078 3277 7078 3276 7078 5819 7079 4531 7079 6782 7079 8700 8 8462 8 8100 8 4631 164 8382 164 4630 164 2709 7080 4088 7080 4087 7080 6619 8 3822 8 4015 8 415 7081 5407 7081 3946 7081 6626 7082 5571 7082 5782 7082 5569 0 5571 0 7353 0 842 5 562 5 843 5 7032 7083 9293 7083 5933 7083 6445 7084 8108 7084 1940 7084 9409 1 6777 1 6776 1 9463 1 6777 1 5046 1 807 5 793 5 4980 5 9336 7085 793 7085 792 7085 5227 0 3474 0 466 0 1110 5 6804 5 1108 5 5748 1 5425 1 5484 1 9500 7086 5425 7086 4144 7086 5515 164 3275 164 7372 164 1332 164 8161 164 1333 164 958 1 8314 1 959 1 4748 7087 2081 7087 8405 7087 5939 0 2081 0 2080 0 8556 7088 6513 7088 6785 7088 9624 7089 9623 7089 6795 7089 359 7090 361 7090 6785 7090 9626 7091 4048 7091 4050 7091 3862 2149 9628 2149 3861 2149 3818 154 3862 154 3819 154 7453 7092 8164 7092 9621 7092 3817 911 8164 911 3815 911 9009 1 8355 1 8354 1 8941 7093 7385 7093 3301 7093 6193 5 7001 5 2129 5 5628 164 9366 164 9398 164 6815 1 8654 1 5880 1 1347 5 4484 5 1345 5 1803 7094 7784 7094 7783 7094 4068 1 8168 1 4066 1 4373 7095 558 7095 557 7095 1161 0 8321 0 1162 0 2333 7096 5059 7096 1909 7096 7913 0 9656 0 9646 0 7294 7097 5897 7097 7873 7097 4070 7098 5897 7098 2998 7098 3185 7099 3187 7099 957 7099 400 7100 6806 7100 6822 7100 5629 7101 5285 7101 5286 7101 8400 0 8401 0 1660 0 3216 7102 9356 7102 6352 7102 2967 7103 7318 7103 7320 7103 8541 1 6424 1 6420 1 3185 1 6424 1 6423 1 7930 5 8134 5 7928 5 8134 7104 6120 7104 6122 7104 6885 8 5096 8 6886 8 5746 7105 6109 7105 7776 7105 6451 1 7312 1 6597 1 9644 1 2787 1 7261 1 795 5 2533 5 7501 5 7948 7106 3249 7106 6725 7106 9537 5 5707 5 8086 5 6804 7107 5707 7107 2532 7107 78 0 7803 0 5303 0 1082 1 9135 1 35 1 8847 5 8088 5 843 5 3812 7108 7072 7108 7723 7108 4015 7109 4379 7109 2268 7109 6838 3093 4379 3093 3822 3093 2385 8 3713 8 8044 8 6832 7110 3713 7110 3712 7110 8986 7111 3621 7111 3620 7111 4235 7112 1551 7112 7550 7112 7783 7113 461 7113 2491 7113 359 7114 6514 7114 8563 7114 3109 5 6830 5 8016 5 6787 5 61 5 60 5 6448 7115 59 7115 5864 7115 6568 7116 8016 7116 6829 7116 6211 5 3872 5 6819 5 2020 8 4973 8 5677 8 4973 8 9469 8 6840 8 3872 7092 6211 7092 3871 7092 8768 7117 8805 7117 8807 7117 6795 7118 9623 7118 6820 7118 9624 192 6795 192 6794 192 61 7119 4050 7119 4049 7119 9626 7120 4050 7120 6788 7120 8507 0 908 0 8033 0 3861 8 6826 8 5818 8 4406 7092 6829 7092 7283 7092 1383 1099 4405 1099 4556 1099 3609 7121 3606 7121 8770 7121 9642 192 7285 192 6550 192 3712 7122 7285 7122 6832 7122 9643 929 7288 929 2997 929 6859 5 7288 5 7287 5 4411 7123 2019 7123 7289 7123 5202 7124 4411 7124 4410 7124 287 7125 6808 7125 6807 7125 3865 7126 6793 7126 7550 7126 9635 192 6541 192 6838 192 2266 7127 6541 7127 4887 7127 6844 1099 4557 1099 4559 1099 7642 5 6844 5 6841 5 9628 2149 9620 2149 6826 2149 8165 7128 6209 7128 6208 7128 7192 7129 7191 7129 9657 7129 4031 7130 4030 7130 3569 7130 9638 929 3037 929 699 929 9053 5 3037 5 37 5 6851 7131 4992 7131 4994 7131 50 7132 6851 7132 6850 7132 7643 5 7642 5 6842 5 753 7133 755 7133 7582 7133 5111 7134 3715 7134 3714 7134 1872 0 5891 0 5757 0 9658 7135 6857 7135 3808 7135 9658 5 8165 5 7454 5 7287 5 6833 5 6859 5 3829 7136 6833 7136 3827 7136 4091 8 4789 8 4788 8 6089 7137 4789 7137 8198 7137 5361 8 5512 8 3294 8 5789 1 5916 1 5915 1 6628 7138 40 7138 39 7138 40 7139 6627 7139 700 7139 3805 7092 6841 7092 7366 7092 6842 5 3805 5 3111 5 6830 1099 3111 1099 3718 1099 5591 7140 1411 7140 1134 7140 8164 7141 7453 7141 7454 7141 9636 7089 3821 7089 3823 7089 3822 7127 3821 7127 6838 7127 9629 7089 6521 7089 6832 7089 8044 7142 6521 7142 6621 7142 7220 7143 3295 7143 3294 7143 9625 192 7220 192 9623 192 9639 7144 701 7144 6525 7144 8718 7145 701 7145 700 7145 9630 7146 6526 7146 7287 7146 3827 5 6526 5 6525 5 9627 7147 6146 7147 4048 7147 8413 7148 6146 7148 6145 7148 3726 154 6850 154 7369 154 5677 8 5111 8 3725 8 2018 154 3725 154 3859 154 4972 7149 2020 7149 2019 7149 3820 7123 5691 7123 7223 7123 4091 7150 3820 7150 4089 7150 9637 2210 6551 2210 3295 2210 9640 7091 2999 7091 6144 7091 9582 7151 2999 7151 2998 7151 5692 154 4410 154 4995 154 5203 7152 5692 7152 4788 7152 9622 7092 6796 7092 7453 7092 6796 5 1710 5 1712 5 9582 7153 5618 7153 6145 7153 5661 164 5660 164 3169 164 6814 7154 5075 7154 34 7154 5075 1 7332 1 4548 1 9581 4933 8594 4933 5463 4933 5445 0 1526 0 1525 0 7790 7155 3215 7155 3214 7155 600 164 5084 164 599 164 705 1 6934 1 1098 1 6934 7156 6320 7156 388 7156 5966 7157 3501 7157 6862 7157 9507 7158 3501 7158 3500 7158 9519 7159 6202 7159 5657 7159 9530 0 6202 0 6201 0 8133 5 7798 5 9015 5 7110 7160 5488 7160 7685 7160 4422 7161 7048 7161 7020 7161 6681 7162 6683 7162 3933 7162 4070 7163 7288 7163 6859 7163 162 2590 3918 2590 165 2590 6526 5 6833 5 7287 5 5408 1 5407 1 5894 1 1720 7164 6457 7164 7317 7164 9146 0 7887 0 3125 0 8112 1 2903 1 2902 1 4726 7165 4728 7165 7981 7165 9417 7166 7056 7166 8785 7166 1979 0 4399 0 2518 0 4432 7167 4399 7167 4398 7167 5155 5 2585 5 8012 5 2116 5 5155 5 2117 5 6747 7168 1368 7168 6870 7168 6869 1 1368 1 1367 1 7736 7169 8503 7169 7737 7169 7517 7170 7213 7170 5661 7170 5197 5 9206 5 5196 5 4442 5 4455 5 6867 5 6866 7171 4455 7171 6868 7171 9069 7172 154 7172 6746 7172 7278 7173 7665 7173 7279 7173 3185 7174 6773 7174 6424 7174 6421 1 6773 1 959 1 5575 7175 930 7175 8355 7175 3251 164 609 164 6661 164 6815 1 5879 1 6814 1 3289 164 8941 164 3287 164 628 7176 3212 7176 540 7176 3144 7177 4015 7177 3145 7177 2517 0 6816 0 1979 0 2028 5 6618 5 2092 5 9347 7178 455 7178 454 7178 9385 1 455 1 657 1 9125 9 7872 9 7161 9 6413 1 3236 1 3235 1 9659 9 6915 9 7161 9 8004 1 1701 1 1700 1 9126 9 8084 9 7871 9 5091 7179 9047 7179 1416 7179 9439 7180 5024 7180 7492 7180 2245 7181 6874 7181 6873 7181 2995 7182 6872 7182 2706 7182 9618 7183 9107 7183 9325 7183 9523 164 669 164 7209 164 4504 1 1357 1 4502 1 9421 7184 8200 7184 5957 7184 5700 8 5856 8 7212 8 6866 5 2117 5 5155 5 2244 7185 2246 7185 6374 7185 6873 7186 2246 7186 2245 7186 8028 7187 6058 7187 9534 7187 2822 7188 8553 7188 7771 7188 1639 7189 1641 7189 7530 7189 3195 7190 1641 7190 3194 7190 6782 7191 8026 7191 5819 7191 441 7192 3242 7192 5303 7192 9457 7193 441 7193 440 7193 4120 7194 6868 7194 1029 7194 1030 5 6868 5 4455 5 5379 0 786 0 8170 0 5295 1 4068 1 4067 1 6620 7195 6766 7195 2385 7195 3195 7196 6863 7196 6862 7196 1632 7197 6863 7197 1630 7197 2498 7198 8064 7198 7828 7198 7982 1 4728 1 8064 1 5487 7199 8063 7199 6924 7199 486 1 5487 1 5486 1 5754 7200 7151 7200 8049 7200 9022 5 7708 5 9023 5 326 7201 328 7201 6125 7201 833 0 5636 0 5635 0 3767 0 5636 0 5215 0 7027 7202 5214 7202 7554 7202 8985 7203 5214 7203 5213 7203 3752 9 8919 9 6991 9 6992 9 8919 9 8921 9 684 7204 7717 7204 8334 7204 7867 7205 5942 7205 4094 7205 9478 7206 6430 7206 5094 7206 5251 7207 5841 7207 7759 7207 9477 1 5251 1 5250 1 9085 0 7555 0 8028 0 1819 1 154 1 9069 1 3977 7208 6334 7208 798 7208 8976 0 1295 0 5409 0 8358 0 1295 0 1294 0 2840 7209 1864 7209 1300 7209 9039 7210 2840 7210 5405 7210 9126 7211 6919 7211 7872 7211 9659 7212 6919 7212 3042 7212 7334 7213 4525 7213 7335 7213 8540 7214 6522 7214 8097 7214 7768 7215 4170 7215 5616 7215 7928 5 376 5 9168 5 482 7216 481 7216 5798 7216 2240 9 7186 9 7187 9 7185 9 7186 9 3850 9 6912 7217 7156 7217 1918 7217 378 0 380 0 4467 0 7402 9 1990 9 8913 9 8210 9 3034 9 8513 9 7089 9 3034 9 3033 9 4130 0 4129 0 6914 0 3680 1 9261 1 693 1 9261 1 1245 1 7381 1 9657 0 7849 0 7658 0 9660 9 7029 9 4101 9 9660 9 7347 9 7346 9 711 7218 7230 7218 6975 7218 1844 0 2280 0 319 0 7345 9 6906 9 8827 9 7835 7219 5559 7219 3298 7219 3101 0 9295 0 5322 0 5904 0 7718 0 5903 0 9514 0 5904 0 4208 0 6347 7220 7413 7220 5370 7220 9131 7221 7644 7221 7645 7221 5971 5 7145 5 7745 5 8688 0 1471 0 1470 0 4277 7222 7795 7222 7794 7222 226 7223 228 7223 6940 7223 197 7224 3925 7224 200 7224 4143 1 4703 1 2391 1 7263 7225 7265 7225 2206 7225 7635 1 2195 1 2197 1 1375 0 4022 0 8757 0 9586 1 6944 1 6428 1 6079 0 1737 0 7653 0 341 0 340 0 711 0 8011 1 2278 1 6321 1 8131 0 7961 0 8083 0 614 7226 5768 7226 615 7226 5130 5 649 5 7627 5 3920 7227 8458 7227 6983 7227 5373 5 5255 5 7138 5 2689 8 5834 8 4984 8 5016 7228 511 7228 2152 7228 4996 1 4998 1 5652 1 8342 7229 8343 7229 2488 7229 7572 7230 7571 7230 959 7230 630 7231 8621 7231 108 7231 108 7232 631 7232 630 7232 943 7233 1893 7233 5454 7233 6899 8 623 8 9189 8 5371 7234 5370 7234 7413 7234 7551 7235 2406 7235 2408 7235 6551 8 5258 8 5260 8 6187 1 9375 1 9374 1 2275 5 8712 5 5524 5 9326 0 8900 0 8999 0 1511 7236 1510 7236 8694 7236 5554 7237 4036 7237 4035 7237 7119 7238 7121 7238 8608 7238 9346 0 4388 0 1251 0 8120 7239 8122 7239 820 7239 3000 483 810 483 6837 483 7506 7240 7505 7240 4370 7240 3522 7241 3264 7241 5223 7241 6225 7242 6178 7242 8912 7242 4784 7243 144 7243 4785 7243 8088 7244 510 7244 7742 7244 551 164 3530 164 549 164 954 7245 8907 7245 8909 7245 9437 7246 151 7246 1424 7246 158 7247 157 7247 210 7247 210 86 209 86 158 86 2094 5 9214 5 6871 5 2832 7248 581 7248 1175 7248 5208 7249 5732 7249 6949 7249 3240 0 3242 0 5568 0 5162 1 9650 1 6477 1 251 62 8613 62 171 62 251 80 9357 80 252 80 3399 7250 5501 7250 5059 7250 1853 7251 818 7251 1738 7251 3333 7252 3335 7252 2993 7252 4979 7253 294 7253 7166 7253 3884 7254 5893 7254 7266 7254 2329 7255 7075 7255 2330 7255 6602 0 5934 0 5969 0 7362 7256 5449 7256 3182 7256 173 7257 185 7257 293 7257 173 7258 172 7258 183 7258 7226 7259 7227 7259 4532 7259 150 56 8610 56 187 56 150 7260 1424 7260 151 7260 181 7261 183 7261 172 7261 2819 7262 5472 7262 5803 7262 1849 8 4880 8 1847 8 294 7263 174 7263 173 7263 2215 8 2214 8 6744 8 195 7264 7119 7264 43 7264 195 7265 5274 7265 7119 7265 150 7266 152 7266 8610 7266 4045 5 1609 5 4046 5 3055 8 3057 8 2744 8 6338 7267 5753 7267 7916 7267 2201 8 5182 8 7942 8 8240 5 7854 5 7945 5 8579 7268 5268 7268 5267 7268 9208 7269 7397 7269 5223 7269 4886 87 261 87 7146 87 133 7270 8206 7270 131 7270 7352 7271 9197 7271 9366 7271 1646 0 6094 0 1647 0 8463 9 1942 9 1944 9 8031 7272 1651 7272 8889 7272 9092 5 501 5 1778 5 987 0 5323 0 5322 0 8795 7273 6346 7273 6348 7273 1750 7274 1707 7274 7306 7274 231 7275 227 7275 5304 7275 5304 7276 229 7276 231 7276 693 1 7381 1 694 1 1227 0 1229 0 9277 0 904 164 5845 164 6749 164 6188 1 7741 1 9492 1 1048 5 8812 5 8543 5 7667 5 1346 5 7566 5 2102 7277 9114 7277 2156 7277 5382 1446 237 1446 5365 1446 5365 7278 5483 7278 5381 7278 1037 7279 3810 7279 9319 7279 6399 1 7512 1 1628 1 6425 1 1702 1 8956 1 5521 7280 239 7280 241 7280 6165 7281 1702 7281 1701 7281 7539 8 431 8 9319 8 2093 7282 8522 7282 9294 7282 6150 7283 6147 7283 8704 7283 251 7284 247 7284 9357 7284 5986 1 5985 1 9157 1 3306 0 9283 0 8380 0 4474 0 4476 0 493 0 2122 7285 2121 7285 6982 7285 5369 7286 8593 7286 5437 7286 5437 1446 5342 1446 5369 1446 1291 7287 1293 7287 3 7287 6686 1 1631 1 1630 1 159 7288 260 7288 157 7288 7877 7289 7876 7289 9011 7289 156 76 158 76 291 76 8529 1 7923 1 5481 1 5645 7290 265 7290 267 7290 5645 7291 9055 7291 5646 7291 9085 7292 9534 7292 3876 7292 2222 7293 8269 7293 2220 7293 7291 7294 5693 7294 1397 7294 425 7295 424 7295 6901 7295 251 47 253 47 8613 47 5288 1 7756 1 3534 1 169 7296 171 7296 8458 7296 8638 7297 5427 7297 5429 7297 4650 7298 6608 7298 3012 7298 2055 1 5100 1 6377 1 8000 8 2287 8 2286 8 157 7227 3921 7227 160 7227 7569 5 2810 5 8523 5 1052 7299 3166 7299 8440 7299 184 7300 293 7300 185 7300 557 7301 9411 7301 5467 7301 261 47 211 47 210 47 7766 7302 7650 7302 5436 7302 7810 5 9513 5 9388 5 5927 7303 295 7303 5869 7303 8175 7304 8117 7304 2854 7304 3664 0 7878 0 9491 0 8707 7305 7420 7305 8117 7305 1774 7306 2943 7306 1775 7306 3296 7307 3298 7307 5559 7307 6170 8 523 8 5261 8 4989 0 7356 0 4990 0 1957 1 1729 1 1628 1 9019 8 8414 8 753 8 2467 7308 2984 7308 7217 7308 5625 0 7630 0 9185 0 8171 7309 8172 7309 7711 7309 3785 7310 3243 7310 8155 7310 1909 428 5501 428 4547 428 7738 7311 5961 7311 745 7311 4852 7312 7912 7312 7691 7312 4011 7313 6568 7313 8346 7313 8176 7314 6056 7314 2603 7314 6184 7315 329 7315 331 7315 6184 7316 6125 7316 328 7316 6053 7317 5989 7317 5988 7317 5988 1665 333 1665 336 1665 1806 0 1805 0 6895 0 7535 7318 2408 7318 2407 7318 5927 7319 4861 7319 295 7319 573 5 9298 5 1215 5 1827 7320 8648 7320 1828 7320 5246 5 9137 5 7862 5 6102 1 6104 1 2253 1 8667 7321 6317 7321 4119 7321 5231 7322 9072 7322 9138 7322 7954 7323 9418 7323 6076 7323 6360 7324 8565 7324 353 7324 353 7325 6355 7325 6360 7325 5502 1 2114 1 1065 1 6824 7326 8038 7326 8817 7326 2295 7327 2330 7327 7085 7327 9305 1 7903 1 7902 1 359 7328 8563 7328 360 7328 359 7329 6785 7329 6513 7329 7588 7330 9595 7330 1592 7330 7534 7331 7536 7331 8625 7331 5793 7332 5795 7332 3520 7332 8159 7333 373 7333 8160 7333 7994 0 6602 0 7723 0 4523 7334 2467 7334 7640 7334 4063 5 4065 5 5970 5 6557 164 6653 164 6558 164 3259 164 7744 164 5403 164 533 0 5277 0 9482 0 5017 7335 512 7335 511 7335 9382 9 8084 9 9126 9 6744 8 4891 8 4890 8 6081 164 6082 164 4524 164 7794 1 6496 1 5517 1 1991 7336 1990 7336 7104 7336 4815 7337 6964 7337 4816 7337 204 7338 9617 7338 4215 7338 7217 7339 7640 7339 2467 7339 6331 5 8056 5 9513 5 3712 8 5258 8 7285 8 5582 0 6511 0 6726 0 3880 3386 8629 3386 6961 3386 7811 7340 7818 7340 5881 7340 3232 1 8050 1 1498 1 6822 7341 6806 7341 3995 7341 3995 7342 9413 7342 6822 7342 33 1 5492 1 8653 1 7004 7343 5210 7343 7853 7343 2763 0 602 0 2764 0 6960 7344 4232 7344 8581 7344 5048 1 2137 1 7005 1 2137 7345 8013 7345 1222 7345 7726 7346 1748 7346 8493 7346 2232 7347 1748 7347 1749 7347 8108 3436 8110 3436 7670 3436 1629 7348 1728 7348 8080 7348 20 1 9066 1 18 1 4185 1 9066 1 5406 1 7204 1 3775 1 1877 1 9634 1 1875 1 3774 1 9029 1 1880 1 1862 1 3703 1 1880 1 3701 1 1194 1 4186 1 1912 1 4186 1 1020 1 910 1 6721 7349 3739 7349 8886 7349 6916 1995 6914 1995 3041 1995 4504 1 12 1 8077 1 1268 7350 1408 7350 8728 7350 1665 7351 1625 7351 5186 7351 8786 7352 3635 7352 8872 7352 9652 7353 6913 7353 7658 7353 3539 7354 3844 7354 3537 7354 3844 923 6880 923 3843 923 9659 9 3041 9 6915 9 4397 1990 4396 1990 6879 1990 3732 7012 6912 7012 9652 7012 7157 9 3732 9 3731 9 2232 9 3843 9 2233 9 1663 3864 8759 3864 1664 3864 219 7355 8567 7355 217 7355 1895 7356 1894 7356 9077 7356 5608 7357 2257 7357 2256 7357 216 7358 6162 7358 215 7358 6942 7358 1906 7358 8603 7358 7195 7359 7197 7359 9445 7359 3499 0 5798 0 5797 0 8843 7360 8834 7360 8837 7360 1737 0 6079 0 9543 0 8844 5123 4253 5123 8834 5123 6945 7361 6947 7361 9446 7361 799 7362 7154 7362 7152 7362 6950 2031 6952 2031 8564 2031 6178 7363 7403 7363 8192 7363 8085 7364 5905 7364 9210 7364 6953 2019 503 2019 502 2019 2144 7365 6754 7365 648 7365 4360 7366 1349 7366 1348 7366 9015 7367 9401 7367 6049 7367 3886 7368 8578 7368 3884 7368 8073 7369 8075 7369 8727 7369 6962 2039 6964 2039 4815 2039 347 7370 3928 7370 268 7370 8984 0 7554 0 5214 0 6965 7371 3705 7371 3704 7371 2488 1 8343 1 9650 1 303 7372 1867 7372 301 7372 6968 7373 1682 7373 1681 7373 315 7374 7148 7374 314 7374 6971 7374 4233 7374 8573 7374 1736 7375 2474 7375 7720 7375 9419 7376 724 7376 723 7376 6973 7377 6974 7377 4790 7377 271 7378 3913 7378 137 7378 6466 2029 6978 2029 3911 2029 317 7379 3918 7379 161 7379 6980 7379 6224 7379 3916 7379 522 7380 524 7380 7843 7380 160 7381 3966 7381 159 7381 6983 7382 2124 7382 2123 7382 4785 7383 8592 7383 4783 7383 6985 7384 6987 7384 4783 7384 7775 7385 6461 7385 8118 7385 141 7386 3940 7386 140 7386 6988 7387 4964 7387 3938 7387 8971 9 8920 9 2237 9 3751 9 8921 9 8919 9 3049 7388 3981 7388 3554 7388 6994 9 9115 9 9345 9 4394 7013 6889 7013 6888 7013 2602 7389 7537 7389 8176 7389 165 7390 9440 7390 164 7390 6996 7390 6998 7390 8611 7390 1558 7391 7199 7391 1839 7391 7126 7001 6882 7001 7127 7001 7126 7392 6902 7392 7769 7392 6883 7001 7002 7001 9654 7001 8320 7393 6883 7393 6882 7393 1878 1 1877 1 8076 1 2708 2987 6444 2987 2709 2987 62 7394 4392 7394 63 7394 3797 2006 6918 2006 7135 2006 4394 7395 6888 7395 7005 7395 1487 7396 1652 7396 1482 7396 7082 7397 8534 7397 8607 7397 234 7398 9426 7398 232 7398 7007 7398 7009 7398 8597 7398 245 7399 9427 7399 244 7399 7010 7399 7012 7399 8595 7399 691 7400 8005 7400 8007 7400 8508 7401 7017 7401 9256 7401 8321 0 6908 0 1162 0 6908 1995 7181 1995 6906 1995 7609 7402 7104 7402 4153 7402 5092 1995 8723 1995 7026 1995 1954 7403 1956 7403 1992 7403 7844 7404 341 7404 712 7404 7020 7405 7021 7405 5053 7405 5255 7406 5254 7406 256 7406 3767 0 3769 0 7184 0 7028 0 3768 0 5216 0 8793 7407 2190 7407 4253 7407 7026 9 6907 9 7031 9 7187 9 3770 9 8885 9 3770 924 7185 924 3769 924 9583 9 7035 9 6892 9 7035 1102 8885 1102 7028 1102 8517 8 3097 8 3096 8 93 7408 4224 7408 92 7408 7036 7408 5044 7408 4430 7408 474 5 6348 5 7926 5 8863 3592 4009 3592 8821 3592 7037 7409 7039 7409 4754 7409 186 7410 3985 7410 184 7410 7042 7410 7044 7410 3983 7410 385 7411 9416 7411 178 7411 4423 7412 9416 7412 4421 7412 7046 7411 7048 7411 4421 7411 368 7413 3889 7413 89 7413 3549 7414 3584 7414 8875 7414 7049 7415 6752 7415 3887 7415 86 7416 6473 7416 84 7416 7053 7416 6784 7416 6506 7416 383 7417 3902 7417 119 7417 8924 1 6489 1 7938 1 7057 7417 7059 7417 3900 7417 7793 1 5004 1 9113 1 126 7418 4971 7418 124 7418 7061 7419 7062 7419 4969 7419 398 7420 3980 7420 365 7420 2228 7421 7133 7421 4285 7421 7063 7422 5217 7422 3978 7422 7155 7423 6571 7423 8556 7423 7067 7424 7068 7424 8556 7424 401 7423 7068 7423 399 7423 123 7425 605 7425 122 7425 7069 7426 7071 7426 604 7426 107 7427 4960 7427 106 7427 3789 7428 8618 7428 3787 7428 1143 5 8908 5 8910 5 280 7429 3990 7429 279 7429 7073 7429 5686 7429 3988 7429 653 7430 7112 7430 4380 7430 8447 7431 7320 7431 7319 7431 289 7430 4382 7430 287 7430 5090 0 4580 0 3492 0 7076 7432 7078 7432 665 7432 1363 7433 1365 7433 5613 7433 3643 3593 8864 3593 1514 3593 6129 7434 9075 7434 6655 7434 200 7435 3953 7435 199 7435 7083 7436 2459 7436 2458 7436 2457 7437 7479 7437 2456 7437 4046 5 7396 5 1761 5 203 2080 2960 2080 201 2080 5799 1 1969 1 4347 1 7088 905 6900 905 9122 905 3033 9 7354 9 7089 9 7106 909 6897 909 8188 909 8818 9 8856 9 8819 9 8819 9 8330 9 8858 9 4202 7438 4201 7438 4473 7438 4203 1 1913 1 1912 1 3790 905 1913 905 6900 905 8108 7439 3383 7439 8109 7439 5552 7440 9122 7440 5921 7440 7381 1 8188 1 694 1 4596 7441 695 7441 7835 7441 3801 1996 5560 1996 6897 1996 9514 7354 2964 7354 6880 7354 2964 900 685 900 6938 900 684 7442 6935 7442 685 7442 1745 9 6938 9 8542 9 6937 922 8542 922 6935 922 6937 9 6878 9 7797 9 6943 7443 5731 7443 3969 7443 338 7444 3970 7444 6940 7444 8266 0 4746 0 8405 0 7554 7445 6893 7445 7027 7445 8815 3594 8875 3594 8877 3594 1646 0 3971 0 9482 0 6955 7446 2032 7446 2031 7446 1487 8 1486 8 7990 8 6961 7447 1339 7447 1338 7447 6956 7448 6957 7448 1338 7448 83 7368 6957 7368 82 7368 6967 7449 1178 7449 3949 7449 273 7450 3950 7450 6963 7450 1603 0 2815 0 3727 0 6972 7451 1577 7451 1576 7451 6921 7452 1275 7452 5750 7452 6970 2044 3019 2044 1576 2044 4386 7453 6979 7453 3907 7453 148 7454 274 7454 3283 7454 5499 1 7728 1 465 1 6984 2034 276 2034 2121 2034 702 8 4059 8 2263 8 252 7455 6982 7455 2121 7455 6990 7456 4385 7456 5343 7456 1672 8 1467 8 8749 8 6995 908 9655 908 5047 908 3020 9 3022 9 4033 9 6991 9 6993 9 8051 9 4185 1 9580 1 13 1 375 7457 5358 7457 5360 7457 5043 1 5048 1 5041 1 5842 7458 9477 7458 7002 7458 5042 1093 5041 1093 7003 1093 7013 7459 7015 7459 3941 7459 249 7459 3942 7459 7008 7459 8358 0 9531 0 7016 0 1426 7460 7019 7460 9437 7460 4009 837 4008 837 4315 837 9478 7461 4020 7461 4019 7461 4415 1995 4020 1995 6890 1995 3123 9 6894 9 3121 9 3849 900 6894 900 6893 900 4415 9 6890 9 7346 9 4029 7462 8896 7462 4030 7462 7040 7463 7041 7463 8784 7463 417 8 2201 8 418 8 391 7464 427 7464 7047 7464 4206 7465 4208 7465 5903 7465 7045 7464 1425 7464 426 7464 7055 7466 7056 7466 9417 7466 7051 7467 7052 7467 9417 7467 129 7468 392 7468 5504 7468 7060 7469 5578 7469 3903 7469 2135 7470 7160 7470 2133 7470 7065 7471 7066 7471 3994 7471 6944 7472 931 7472 1284 7472 116 7473 130 7473 114 7473 5951 7428 1183 7428 1182 7428 1440 7474 2787 7474 8903 7474 3954 7475 6807 7475 2329 7475 6772 1 8045 1 8870 1 5634 7476 5635 7476 3852 7476 2087 5 4777 5 6417 5 4190 7477 7080 7477 9436 7477 5176 5 9012 5 1316 5 3927 4957 290 4957 2294 4957 7085 7478 4189 7478 2294 7478 7093 909 6898 909 791 909 2510 9 2512 9 7091 9 8513 9 7090 9 8124 9 1967 7479 5933 7479 9293 7479 3296 1 791 1 790 1 9121 7480 5759 7480 5758 7480 1007 1996 789 1996 3830 1996 397 7481 9415 7481 279 7481 4574 7482 9415 7482 4919 7482 7099 7483 3842 7483 7100 7483 2172 7484 9371 7484 5709 7484 3803 909 7105 909 7710 909 8829 9 8835 9 8830 9 7262 7485 6535 7485 5938 7485 1194 1 7100 1 1195 1 285 7486 395 7486 6119 7486 9017 7487 9016 7487 2500 7487 2748 7488 2340 7488 6255 7488 270 7489 4802 7489 268 7489 305 7490 75 7490 304 7490 3153 7491 3155 7491 1235 7491 221 7492 1901 7492 332 7492 1493 8 1492 8 8743 8 6408 7493 7124 7493 9441 7493 6904 1 3833 1 9631 1 3834 7494 6904 7494 6903 7494 9632 1 7128 1 3703 1 146 7386 3937 7386 145 7386 9232 9 9367 9 7702 9 243 7495 9431 7495 140 7495 4782 7496 9431 7496 4780 7496 8314 7497 958 7497 7920 7497 127 7498 2933 7498 106 7498 9001 0 4539 0 9326 0 6391 8 1892 8 9078 8 4953 7499 6407 7499 4951 7499 6840 8 5181 8 8501 8 2169 0 2168 0 6058 0 386 2061 3906 2061 124 2061 3787 4733 8618 4733 4959 4733 318 7500 1115 7500 301 7500 536 8 535 8 8318 8 163 7501 2119 7501 161 7501 313 7502 7146 7502 159 7502 367 7503 4917 7503 365 7503 2110 7504 6901 7504 424 7504 67 7505 4861 7505 65 7505 346 7506 2083 7506 327 7506 5561 7507 4725 7507 4724 7507 9132 7508 8886 7508 3739 7508 4931 7509 278 7509 4930 7509 105 5069 9442 5069 103 5069 267 7510 266 7510 142 7510 7362 0 5119 0 5447 0 336 7511 335 7511 7152 7511 7170 0 885 0 9001 0 394 7512 3997 7512 6570 7512 2200 7471 3997 7471 3996 7471 1918 9 3847 9 6912 9 8730 3647 8780 3647 8731 3647 9125 9 4391 9 9578 9 2616 7513 2618 7513 9473 7513 1245 1 7710 1 7107 1 438 9 8296 9 9521 9 5857 1 1702 1 7953 1 382 7514 7166 7514 184 7514 4710 0 1483 0 1755 0 956 5 8133 5 954 5 3896 7416 2199 7416 3894 7416 2994 5 1996 5 8944 5 24 7515 5797 7515 22 7515 6503 0 3837 0 7181 0 3835 7516 3837 7516 3825 7516 5105 7517 5104 7517 8135 7517 238 4922 9430 4922 236 4922 6801 7518 6501 7518 519 7518 235 7519 9432 7519 92 7519 4753 7520 9432 7520 4751 7520 7176 7521 7178 7521 9438 7521 6975 7522 6976 7522 8252 7522 2699 7523 4925 7523 2697 7523 325 1 4967 1 7827 1 6430 7524 5847 7524 6431 7524 1481 8 4294 8 1486 8 5634 0 3852 0 9573 0 1515 9 3850 9 7186 9 9574 7525 3852 7525 3851 7525 7190 0 9575 0 9274 0 7190 900 6913 900 3847 900 331 7526 330 7526 215 7526 4821 7527 9420 7527 4819 7527 4389 0 6914 0 4129 0 8729 7528 8731 7528 3656 7528 74 5109 3883 5109 7196 5109 2022 7529 8526 7529 7355 7529 3798 7530 7135 7530 8249 7530 3798 2098 4402 2098 3796 2098 3336 7531 5601 7531 3337 7531 7204 1 7203 1 9030 1 6198 7532 8375 7532 1574 7532 5959 7533 8321 7533 1161 7533 5959 0 6503 0 8321 0 3396 8 8551 8 2567 8 5182 7534 2096 7534 5180 7534 5759 1 94 1 96 1 7556 7535 4037 7535 8330 7535 7091 9 4037 9 2510 9 5640 9 6156 9 5638 9 9583 9 6156 9 6155 9 6201 7536 6817 7536 1986 7536 6817 0 1977 0 2030 0 6802 5 3132 5 3131 5 8284 5 3132 5 102 5 764 7537 4367 7537 3541 7537 763 0 4365 0 4367 0 4066 7538 2278 7538 4067 7538 5003 7539 5896 7539 6486 7539 5955 7540 9324 7540 5956 7540 7894 0 8418 0 2113 0 5420 1 5749 1 3047 1 7694 0 6783 0 8833 0 8091 7541 8090 7541 439 7541 465 1 1890 1 463 1 142 7542 144 7542 267 7542 7638 5 9372 5 7325 5 4413 5 8217 5 8216 5 7226 5 8217 5 2131 5 5303 0 7803 0 8113 0 439 0 8113 0 8091 0 8467 7543 9421 7543 5272 7543 9385 1 3839 1 7235 1 7549 7544 3839 7544 3838 7544 8134 5 6122 5 7158 5 4853 0 5496 0 4851 0 4829 1 781 1 4830 1 9341 1 781 1 780 1 9309 7545 5206 7545 5205 7545 2462 1 5206 1 780 1 9177 7546 5658 7546 9178 7546 9526 7547 5658 7547 5657 7547 8967 8 1466 8 7520 8 2681 164 5632 164 7208 164 9523 7548 5632 7548 5631 7548 1098 1 2961 1 2963 1 9382 7549 9126 7549 9125 7549 2160 7550 5602 7550 112 7550 3865 8 1552 8 3863 8 6795 7126 6821 7126 6793 7126 4235 8 6821 8 9661 8 1550 7551 3095 7551 3097 7551 341 0 7782 0 7784 0 9422 7552 9502 7552 8355 7552 4597 1 1539 1 614 1 1537 1 1539 1 4672 1 8168 1 4051 1 8167 1 9175 7553 1419 7553 5193 7553 9179 7554 1419 7554 1418 7554 5470 0 5469 0 4449 0 9560 5 6588 5 9118 5 5159 7555 7323 7555 6311 7555 9544 1 2447 1 7235 1 9383 1 2447 1 2209 1 6634 7556 6636 7556 8107 7556 4063 5 8705 5 8925 5 5714 164 4609 164 6210 164 7219 192 7220 192 9625 192 7221 7557 6146 7557 9627 7557 4200 7558 8898 7558 4201 7558 3820 154 7223 154 3818 154 8780 7559 8798 7559 8732 7559 3815 1099 3872 1099 3816 1099 6930 1 9494 1 5113 1 1699 8 6457 8 1697 8 8350 0 7165 0 7164 0 8788 0 9404 0 7165 0 7994 7560 7200 7560 5848 7560 6469 7561 7200 7561 7072 7561 7208 7562 7210 7562 3269 7562 8156 5 2131 5 2133 5 2132 5 2131 5 8217 5 9158 1 7952 1 9538 1 4665 7563 3656 7563 8733 7563 8946 1906 3596 1906 4307 1906 5726 7564 5725 7564 8788 7564 7980 7565 6781 7565 6780 7565 6975 0 8252 0 711 0 340 7566 7139 7566 7230 7566 4899 7567 4168 7567 5183 7567 2318 7568 6924 7568 8063 7568 5487 7569 6924 7569 5488 7569 9194 1 6133 1 2210 1 9212 7570 6133 7570 1367 7570 8185 8 7233 8 2950 8 2841 1 5404 1 2840 1 684 0 8334 0 5668 0 1179 7571 6355 7571 353 7571 2161 1 7661 1 6072 1 8411 1 5712 1 9586 1 795 5 7502 5 796 5 3416 7572 8177 7572 7537 7572 7244 7573 3416 7573 2599 7573 8215 1 5805 1 5931 1 9544 1 5805 1 1369 1 2677 5 7159 5 2134 5 8530 5 562 5 842 5 2134 7574 7159 7574 2135 7574 7692 5 6120 5 8134 5 7692 5 2157 5 7693 5 8531 7575 3061 7575 564 7575 9384 164 3059 164 9391 164 1441 7576 1443 7576 4841 7576 9329 7577 1443 7577 2076 7577 9618 0 5272 0 9107 0 1917 7578 4165 7578 1220 7578 6469 7579 3759 7579 6091 7579 1356 0 3759 0 2927 0 7957 7580 9444 7580 9339 7580 5486 1 5005 1 484 1 111 1 113 1 2395 1 2396 7581 113 7581 5603 7581 154 1 153 1 6746 1 3045 1 9651 1 5413 1 7234 8 7965 8 9568 8 2645 7582 7234 7582 2646 7582 3807 7583 3806 7583 6763 7583 9151 7584 5831 7584 7261 7584 9202 7585 5831 7585 5830 7585 9114 5 2102 5 7851 5 8234 8 2601 8 2753 8 2599 7586 2601 7586 7244 7586 2068 7587 2463 7587 779 7587 1316 7588 7274 7588 4433 7588 8298 8 1715 8 6354 8 2415 0 1155 0 1157 0 299 164 3058 164 3522 164 9065 1 5003 1 2786 1 6747 1 7231 1 1368 1 9651 1 7231 1 153 1 1384 7589 1386 7589 9139 7589 7534 1 8354 1 8411 1 9506 0 6039 0 6038 0 6460 7590 6039 7590 5570 7590 3522 164 3058 164 3265 164 2558 0 4169 0 4168 0 9597 0 320 0 2280 0 1357 1 4504 1 8077 1 7735 164 7734 164 6702 164 9170 1 2149 1 5829 1 9553 1 2149 1 4843 1 8073 7591 1063 7591 1062 7591 9170 7592 1063 7592 9171 7592 3475 1 7981 1 7982 1 3224 7593 1429 7593 6823 7593 8360 7594 1429 7594 1428 7594 7228 1 6825 1 6824 1 3224 7595 6825 7595 6923 7595 5857 7596 8714 7596 8956 7596 2239 7597 419 7597 418 7597 4369 7598 5514 7598 7372 7598 9397 7599 5514 7599 2230 7599 1206 7600 8845 7600 8908 7600 8845 5 8911 5 8910 5 1766 8 753 8 1767 8 7257 0 6312 0 8467 0 1006 1 8901 1 9074 1 9475 8 418 8 2201 8 3064 1 2211 1 1442 1 2160 1 2211 1 5602 1 2260 8 9079 8 740 8 744 8 9079 8 2259 8 2055 1 6377 1 7183 1 2260 8 739 8 9112 8 741 8 4384 8 7174 8 713 8 741 8 740 8 5348 7601 4673 7601 7835 7601 298 164 9391 164 299 164 6147 5 1460 5 8704 5 8704 5 1827 5 7242 5 2069 7602 7214 7602 4829 7602 779 1 7214 1 2068 1 7255 0 7257 0 8468 0 8191 8 2646 8 8185 8 7233 7603 2646 7603 7234 7603 3450 8 7232 8 8228 8 3450 7604 2951 7604 7233 7604 3059 164 299 164 9391 164 7270 7605 1607 7605 9467 7605 8911 5 1607 5 876 5 3333 5 1213 5 7974 5 873 5 7270 5 5577 5 9019 7606 7582 7606 8699 7606 877 5 8910 5 876 5 7258 7607 7259 7607 3256 7607 8177 7608 7245 7608 8148 7608 2916 7609 7245 7609 7244 7609 8279 7610 7439 7610 1970 7610 6123 5 7237 5 8547 5 1045 7611 9070 7611 7757 7611 9498 0 6345 0 6344 0 645 8 1767 8 769 8 5515 164 3059 164 9384 164 5025 0 1416 0 4555 0 9651 7612 3044 7612 1366 7612 9212 1 3044 1 3198 1 8258 8 2917 8 8234 8 7244 7613 2917 7613 2916 7613 6816 0 2517 0 7241 0 1979 7614 6816 7614 4356 7614 2094 7615 5125 7615 4445 7615 5415 1 3045 1 5413 1 9651 1 3045 1 3044 1 7182 7616 5388 7616 2056 7616 9182 1 5388 1 1428 1 2329 7617 6809 7617 7075 7617 7723 0 7200 0 7994 0 8205 1 2319 1 1497 1 6923 1 2319 1 3224 1 5945 5 9214 5 1326 5 8030 7618 5945 7618 2707 7618 7246 1 2397 1 9113 1 7246 7619 7111 7619 1006 7619 7503 9 4133 9 4132 9 6873 7620 4131 7620 47 7620 43 7621 8608 7621 9435 7621 2528 7622 5679 7622 4500 7622 1005 7623 2395 7623 2397 7623 7246 1 1006 1 1005 1 843 5 8503 5 8847 5 6789 8 1916 8 3094 8 3471 0 5609 0 1363 0 6930 1 2787 1 2786 1 1835 5 1837 5 1318 5 4450 7624 6075 7624 2224 7624 4865 0 7225 0 6471 0 7210 164 7767 164 5226 164 1615 164 946 164 8163 164 9179 0 3328 0 5656 0 9519 0 3328 0 4432 0 5816 8 6790 8 1719 8 2877 8 3056 8 3055 8 7265 7625 7264 7625 1017 7625 5801 7626 7989 7626 8703 7626 7551 1 1499 1 5814 1 3215 7627 7671 7627 9133 7627 4047 7628 7300 7628 2313 7628 5307 7629 7300 7629 5235 7629 8010 7630 3771 7630 7086 7630 5191 5 3771 5 3003 5 5048 7631 5043 7631 8013 7631 5746 7632 3766 7632 5747 7632 1462 0 6695 0 9116 0 8186 0 7960 0 8158 0 7005 1 7004 1 7853 1 5048 1 7005 1 6888 1 1309 0 5792 0 1307 0 8006 1 8869 1 8007 1 1223 1 5252 1 9555 1 6431 7633 2472 7633 2471 7633 9482 0 3971 0 533 0 2472 0 8985 0 2470 0 2138 1 1222 1 8995 1 8311 7634 6739 7634 9165 7634 4064 7635 6763 7635 6764 7635 3245 1 7281 1 6740 1 8525 1 7281 1 8526 1 7326 7636 9072 7636 9071 7636 9123 5 5307 5 7349 5 9425 73 3512 73 5457 73 5759 1 9121 1 94 1 4940 7637 7392 7637 350 7637 1243 5 1242 5 6730 5 2095 7638 2285 7638 7499 7638 7653 0 7755 0 6079 0 8892 7639 1601 7639 8756 7639 5877 7640 8486 7640 8485 7640 7826 7641 9453 7641 7087 7641 4614 7642 4616 7642 2479 7642 9553 7643 5948 7643 5830 7643 9562 7644 5948 7644 4470 7644 7930 7645 7929 7645 7701 7645 7228 7646 7685 7646 5488 7646 3449 8 3436 8 3448 8 2526 8 3436 8 2865 8 7138 5 1018 5 7525 5 403 7647 402 7647 8103 7647 6909 9 8296 9 6910 9 3548 347 3630 347 3629 347 1538 7648 5768 7648 614 7648 3998 8 2466 8 2465 8 3304 0 3306 0 3467 0 1306 1 1558 1 1839 1 3729 7649 404 7649 3468 7649 6438 5 1921 5 4460 5 7122 3716 8810 3716 4341 3716 1406 5 5220 5 1619 5 1619 7650 4141 7650 1780 7650 8259 7651 3430 7651 7298 7651 2875 8 3430 8 2616 8 2586 5 5536 5 7382 5 6500 7652 8510 7652 8101 7652 5287 1 6367 1 6700 1 7850 5 8547 5 7851 5 3241 0 3240 0 8449 0 1383 914 4556 914 6818 914 6549 3113 6551 3113 9637 3113 6554 6841 2999 6841 9640 6841 5692 154 4995 154 6855 154 5113 7653 8703 7653 8903 7653 9026 0 2089 0 7308 0 8070 7654 7301 7654 8240 7654 5234 7655 7301 7655 5235 7655 763 0 2030 0 4356 0 6817 7656 2030 7656 2029 7656 9475 7657 8198 7657 2238 7657 7526 0 3013 0 3015 0 6509 0 7526 0 7684 0 1319 5 4457 5 7273 5 7620 5 5878 5 5106 5 3509 7658 3485 7658 4146 7658 6560 7659 5813 7659 7485 7659 9373 164 6663 164 8255 164 4210 1 7780 1 7903 1 3765 7660 5747 7660 3766 7660 2081 7661 6757 7661 2079 7661 5486 1 5488 1 5005 1 6142 7662 9075 7662 3079 7662 9512 7663 6142 7663 6472 7663 6050 5 7698 5 7519 5 7534 1 8411 1 9305 1 2172 5 5709 5 5535 5 7799 0 988 0 9295 0 9182 7664 4136 7664 4135 7664 8141 1 4371 1 8142 1 7578 7665 4371 7665 4370 7665 8064 1 2500 1 7982 1 7263 5 7413 5 7806 5 3760 7666 6810 7666 6094 7666 8340 1 2976 1 2816 1 7342 7667 674 7667 3444 7667 6881 7668 1588 7668 1587 7668 2616 8 9473 8 2875 8 9453 7669 1759 7669 5244 7669 8846 7670 5245 7670 1608 7670 5750 164 2946 164 6429 164 5905 7671 9211 7671 9210 7671 5581 0 6343 0 409 0 9592 7672 5581 7672 9339 7672 9662 7673 7315 7673 2176 7673 9662 7674 7455 7674 5784 7674 9460 7675 5613 7675 2060 7675 7108 0 6309 0 7323 0 8205 7676 3225 7676 2319 7676 7673 1 7672 1 3225 1 9276 0 7309 0 9551 0 1586 0 7309 0 1587 0 5397 7677 8375 7677 5395 7677 9277 7678 1229 7678 7310 7678 2262 8 7860 8 4882 8 7350 5 8069 5 2146 5 6507 7679 1798 7679 1797 7679 7684 7680 6507 7680 6509 7680 8494 5 1787 5 5680 5 680 5 8087 5 2152 5 9545 7681 7241 7681 2517 7681 6816 7682 7241 7682 4366 7682 9491 7683 5385 7683 7458 7683 3666 7684 5385 7684 5384 7684 9052 0 527 0 7800 0 9565 7685 5114 7685 5113 7685 5936 1 8111 1 4149 1 9569 7686 4357 7686 9549 7686 667 164 7377 164 619 164 9539 164 7377 164 7376 164 8190 8 2643 8 8394 8 7337 8 2643 8 2642 8 5017 5 8012 5 9296 5 5804 5 5711 5 3331 5 9330 7687 5711 7687 5710 7687 2950 7688 2868 7688 8185 7688 7330 7689 2868 7689 3448 7689 7292 8 3448 8 3436 8 2867 7690 3448 7690 2868 7690 2972 5 453 5 5809 5 4084 7691 5571 7691 5570 7691 2405 7692 4458 7692 1325 7692 9205 7693 4458 7693 4425 7693 1798 0 8370 0 2225 0 8370 7694 7684 7694 7409 7694 9663 0 5622 0 4196 0 9663 0 5824 0 7409 0 1158 5 7322 5 5730 5 9371 5 7322 5 5710 5 2809 7695 7339 7695 1324 7695 9294 5 1326 5 9214 5 8231 5 8485 5 8484 5 5231 7696 9138 7696 9137 7696 8484 7697 8486 7697 4855 7697 6357 1 7328 1 9010 1 9328 1 971 1 970 1 9312 1 6443 1 6442 1 9329 1 6443 1 970 1 6049 5 1207 5 9014 5 7421 7698 6222 7698 6221 7698 2950 7699 2952 7699 6192 7699 7340 7700 2952 7700 2951 7700 3666 0 3471 0 5612 0 3809 0 6543 0 6542 0 6192 7701 2759 7701 6191 7701 2757 8 2759 8 7340 8 7298 7702 7342 7702 8259 7702 7342 7703 7341 7703 674 7703 672 8 674 8 8242 8 7693 5 9114 5 7851 5 6814 7704 34 7704 33 7704 1082 7705 34 7705 1080 7705 3735 7706 8937 7706 8839 7706 9592 7707 7304 7707 6344 7707 7863 164 7864 164 3249 164 4517 7708 4519 7708 1961 7708 9539 164 2610 164 5082 164 3421 8 3422 8 7314 8 7405 8 3421 8 4985 8 2861 7709 7338 7709 7337 7709 7360 7710 5977 7710 8289 7710 7359 8 7360 8 2724 8 7297 5 5219 5 3115 5 384 7711 180 7711 386 7711 3505 7712 5885 7712 5884 7712 3102 7713 3696 7713 7984 7713 7755 7714 7653 7714 8122 7714 7615 7715 7343 7715 8139 7715 5023 0 6079 0 208 0 7326 7716 7325 7716 9138 7716 7823 5 643 5 6905 5 9579 1 13 1 9580 1 7778 0 4272 0 7779 0 8516 1 9038 1 1866 1 9660 9 7346 9 7030 9 4415 9 7346 9 3122 9 7345 9 7031 9 6907 9 7026 9 7031 9 7030 9 1607 5 8911 5 1608 5 9344 8 5513 8 6179 8 7649 7717 7650 7717 4002 7717 6867 5 5016 5 4442 5 9548 0 5839 0 7662 0 2991 0 5839 0 5838 0 7026 9 7030 9 6890 9 9660 9 7030 9 7029 9 9524 7718 3122 7718 7347 7718 4415 9 3122 9 3121 9 2250 9 4101 9 7029 9 9660 7719 4101 7719 4100 7719 6458 0 1463 0 6459 0 7805 5 7525 5 1018 5 7995 8 5833 8 5832 8 3969 7720 5667 7720 3970 7720 7387 7721 6491 7721 5588 7721 5785 7722 1980 7722 7316 7722 2066 0 5785 0 4818 0 9374 1 8956 1 8714 1 5352 0 5249 0 5248 0 5977 8 2914 8 2900 8 2915 8 2914 8 7359 8 984 0 1464 0 7353 0 3004 5 100 5 5220 5 9271 5 3773 5 8530 5 4183 0 8976 0 907 0 8033 0 907 0 8976 0 8507 0 8508 0 2281 0 6347 5 7414 5 7413 5 2976 7723 5413 7723 153 7723 8931 9 6874 9 5531 9 1655 5 3092 5 8130 5 6629 5 3092 5 3091 5 8410 164 5225 164 5224 164 9381 7724 5225 7724 594 7724 6774 7725 4548 7725 2069 7725 3781 7726 4548 7726 7332 7726 255 7727 2405 7727 7339 7727 8069 7728 8070 7728 2147 7728 9520 7729 5639 7729 6157 7729 9524 9 5639 9 5638 9 2762 7730 2758 7730 2760 7730 7383 7731 2758 7731 2757 7731 6183 7732 2503 7732 2921 7732 2501 7733 2503 7733 7383 7733 7292 8 2528 8 4501 8 288 7734 2960 7734 289 7734 8185 8 7331 8 8191 8 4246 8 7331 8 7330 8 2155 0 9262 0 2153 0 7796 7735 6452 7735 6770 7735 4501 7736 4247 7736 7292 7736 7330 8 4247 8 4246 8 3096 7737 8367 7737 9344 7737 5512 7738 8367 7738 9661 7738 9494 1 6930 1 6486 1 9065 1 2786 1 2785 1 5610 7739 5280 7739 5611 7739 5472 7740 2819 7740 8447 7740 9296 5 512 5 5017 5 7333 1 6814 1 5879 1 5075 1 6814 1 7332 1 7675 8 9161 8 2257 8 9658 7741 3808 7741 8926 7741 8713 7742 1291 7742 3 7742 2865 7743 2864 7743 2526 7743 7095 1 7411 1 8938 1 7410 7744 7411 7744 1968 7744 1506 164 8248 164 6603 164 7389 7745 6642 7745 4111 7745 527 0 526 0 7801 0 884 7746 517 7746 1938 7746 4246 8 3425 8 8191 8 2642 8 3425 8 7337 8 7333 1 2075 1 2074 1 7332 1 2074 1 3781 1 2015 7747 7395 7747 7687 7747 7395 7748 7394 7748 4152 7748 7298 8 2877 8 4704 8 2972 7749 225 7749 453 7749 9443 9 2251 9 7345 9 7029 7750 2251 7750 2250 7750 6615 5 9260 5 9280 5 9131 9 7645 9 8886 9 7156 9 2241 9 1918 9 3738 7751 8836 7751 9142 7751 8145 164 5845 164 5844 164 350 7752 7392 7752 7533 7752 5164 1 6786 1 658 1 5679 8 5060 8 6436 8 1886 0 3069 0 7384 0 8710 7753 6530 7753 6529 7753 4205 1 5417 1 5416 1 4199 1 6548 1 1831 1 8442 1 6548 1 6547 1 9060 0 1833 0 5390 0 4663 0 1833 0 1832 0 9641 1 4199 1 4198 1 1131 7754 6099 7754 3711 7754 9024 0 3069 0 3068 0 5391 0 1801 0 9025 0 1799 0 1801 0 1886 0 1741 7755 4205 7755 1830 7755 4982 7756 3451 7756 8213 7756 2951 8 3451 8 7340 8 8506 7757 2336 7757 8221 7757 2334 7758 2336 7758 7390 7758 5823 0 9547 0 9037 0 8224 7759 4901 7759 4983 7759 7340 7760 4901 7760 2757 7760 8003 0 3105 0 2343 0 6502 8 8739 8 7423 8 3105 0 4940 0 2344 0 5296 1 7180 1 658 1 852 7761 131 7761 8207 7761 672 7762 2755 7762 8227 7762 7407 7763 2755 7763 2754 7763 675 7764 8543 7764 676 7764 6341 7765 3194 7765 1097 7765 9660 9 4100 9 7347 9 9532 9 4100 9 4099 9 2921 7766 2502 7766 2919 7766 7405 7767 2502 7767 2501 7767 8242 7768 7341 7768 8239 7768 4704 8 4633 8 7298 8 7341 7769 4633 7769 4632 7769 8242 8 2756 8 672 8 2754 7770 2756 7770 7399 7770 8845 5 8910 5 8908 5 7385 7771 7387 7771 3300 7771 4007 1035 8806 1035 4008 1035 4406 6818 7283 6818 4404 6818 7229 5 6135 5 1788 5 7284 192 7285 192 9642 192 4168 0 8645 0 2558 0 7286 6815 7288 6815 9643 6815 3981 7772 8871 7772 3982 7772 4411 154 7289 154 4409 154 4027 0 5375 0 4028 0 8223 8 51 8 3714 8 6046 164 1762 164 1276 164 9381 7773 1762 7773 3270 7773 9541 5 2072 5 6308 5 4025 7774 5826 7774 1602 7774 1394 7775 1393 7775 2264 7775 4940 0 352 0 966 0 6632 7776 7355 7776 3244 7776 5866 5 572 5 729 5 3418 7777 3442 7777 3417 7777 7399 7778 3442 7778 2754 7778 372 5 8160 5 373 5 2563 5 2565 5 3763 5 6856 7779 2565 7779 2564 7779 8159 5 3763 5 2565 5 2937 5 3763 5 929 5 2768 5 6856 5 2766 5 8522 7780 2810 7780 1324 7780 2809 5 6324 5 8497 5 8076 7781 8078 7781 1878 7781 8232 8 3443 8 7443 8 2754 8 3443 8 7407 8 2337 7782 7391 7782 8034 7782 2738 7783 7391 7783 7390 7783 2916 8 3461 8 8148 8 2724 7784 3461 7784 7359 7784 583 7785 9650 7785 8343 7785 3542 0 2991 0 2990 0 7633 7786 734 7786 736 7786 5833 8 7995 8 4985 8 1073 7787 1075 7787 4817 7787 4130 7788 7754 7788 2052 7788 2181 7789 3175 7789 7729 7789 4841 1 7328 1 5910 1 7327 1 133 1 7577 1 7394 7790 7415 7790 4152 7790 304 7791 75 7791 8626 7791 2045 7792 2047 7792 2862 7792 5877 5 8485 5 9388 5 6417 7793 9304 7793 2586 7793 9397 164 9134 164 3265 164 8845 5 1206 5 5243 5 1275 7794 1274 7794 7729 7794 8258 7795 2918 7795 2917 7795 7359 7796 2918 7796 2915 7796 3132 7797 6802 7797 7296 7797 5219 7798 7296 7798 5587 7798 8205 7799 1499 7799 9133 7799 2745 7800 7425 7800 5994 7800 2743 7801 7425 7801 7424 7801 7290 1 9518 1 4125 1 7418 1 7901 1 7419 1 2229 164 2231 164 2610 164 4369 7802 2231 7802 5514 7802 4501 8 4248 8 4247 8 7337 8 4248 8 2861 8 971 1 9010 1 7328 1 8507 7803 7357 7803 908 7803 1591 7804 9153 7804 9140 7804 1589 9 1591 9 7394 9 4287 818 4223 818 3548 818 4287 7805 3547 7805 4286 7805 6820 8 9623 8 7220 8 9661 8 6820 8 5512 8 2033 0 2077 0 2034 0 3110 7806 7809 7806 7643 7806 2504 7807 4902 7807 8224 7807 2757 7808 4902 7808 7383 7808 3422 7809 2506 7809 2505 7809 7383 7810 2506 7810 2501 7810 583 7811 8343 7811 581 7811 9454 0 3474 0 3473 0 2552 164 7868 164 8433 164 7526 7812 7311 7812 7684 7812 9663 7813 7311 7813 5622 7813 2753 7814 2600 7814 8214 7814 2690 8 2600 8 2599 8 2068 1 1968 1 2463 1 1966 1 1968 1 7411 1 8587 7815 2817 7815 6308 7815 9541 7816 2817 7816 5803 7816 2021 1 5152 1 6630 1 5629 1 5152 1 5151 1 8707 1 6221 1 7420 1 9589 7817 8707 7817 7704 7817 3895 7818 88 7818 3896 7818 2900 7819 7435 7819 2898 7819 7434 8 7435 8 2915 8 5981 8 2731 8 2728 8 2729 7820 2731 7820 7434 7820 9022 5 7898 5 7708 5 8222 7821 2339 7821 2338 7821 7390 761 2339 761 2334 761 8230 8 7408 8 8213 8 4982 8 7408 8 7407 8 3357 0 4018 0 4017 0 5556 7822 8450 7822 5557 7822 6652 8 8236 8 2262 8 5072 7823 7427 7823 3136 7823 5069 0 7428 0 5072 0 7426 0 7428 0 5786 0 8370 0 5825 0 2225 0 2226 7824 5825 7824 4017 7824 8239 7825 2873 7825 8242 7825 7399 8 2873 8 2872 8 7404 7826 7406 7826 7996 7826 8238 8 7400 8 8246 8 2872 8 7400 8 7399 8 3390 7827 2739 7827 8506 7827 7390 7828 2739 7828 2738 7828 5180 8 8501 8 5181 8 6609 817 4031 817 8823 817 2728 8 2730 8 8303 8 7438 7829 2730 7829 2729 7829 1073 0 5784 0 1074 0 4825 7830 1032 7830 7972 7830 3505 7831 5883 7831 7376 7831 1029 5 374 5 2768 5 8763 3557 8849 3557 8860 3557 7970 1 7422 1 6339 1 9589 7832 7422 7832 7421 7832 7488 1 3199 1 7544 1 7490 1 3201 1 3200 1 5321 7833 5886 7833 5885 7833 2229 7834 5886 7834 7371 7834 9130 9 7430 9 9150 9 9149 7835 7430 7835 1590 7835 7823 5 6905 5 7022 5 9152 9 1591 9 1590 9 8224 8 4983 8 8232 8 7407 7836 4983 7836 4982 7836 5515 164 7268 164 3059 164 9397 7837 7268 7837 5514 7837 9529 0 3183 0 7467 0 3183 0 3182 0 7466 0 2151 5 9259 5 680 5 8127 0 8128 0 9461 0 9663 7838 985 7838 5824 7838 3357 0 985 0 984 0 7181 0 8321 0 6503 0 7427 7839 8179 7839 3137 7839 2987 0 4898 0 4897 0 3083 1 4195 1 3081 1 8216 7840 7226 7840 1923 7840 2987 0 6624 0 1259 0 5222 7841 30 7841 9199 7841 6017 8 7338 8 2863 8 7998 1 2989 1 3083 1 4193 1 2989 1 2988 1 4195 1 8600 1 8962 1 8636 7842 7437 7842 7471 7842 2988 7843 6623 7843 4193 7843 7436 0 1261 0 9062 0 5428 0 1638 0 8445 0 6321 1 7885 1 8011 1 3498 0 26 0 9450 0 4006 0 3498 0 4004 0 2399 7844 967 7844 8678 7844 7395 7845 2015 7845 2017 7845 7653 0 818 0 820 0 3748 1 8249 1 64 1 6076 7846 6078 7846 4844 7846 3815 7847 6208 7847 3872 7847 6515 7848 6517 7848 8249 7848 5779 7849 4851 7849 5496 7849 6759 1 8279 1 3162 1 6136 7850 1657 7850 9139 7850 9342 1 7601 1 1971 1 362 7851 5628 7851 363 7851 8655 7852 6762 7852 3008 7852 7439 7853 805 7853 8277 7853 6760 1 9501 1 8958 1 3008 0 7243 0 8655 0 3162 7854 9501 7854 6759 7854 7243 0 3007 0 4576 0 1854 0 3009 0 3008 0 5402 7855 5403 7855 6769 7855 7398 0 788 0 8171 0 2965 7856 8464 7856 812 7856 9498 0 7426 0 5788 0 7825 0 3811 0 3813 0 2753 7857 7446 7857 8234 7857 7444 7858 7446 7858 3417 7858 8214 7859 2751 7859 2753 7859 2752 7860 2751 7860 7443 7860 2374 7861 2444 7861 2375 7861 8515 1 5789 1 5915 1 8713 0 3 0 5 0 8497 5 6324 5 6323 5 3418 8 7443 8 3443 8 7441 8 7443 8 2751 8 8238 7862 3417 7862 3442 7862 2752 7863 3417 7863 7446 7863 4166 0 7398 0 8347 0 7388 7864 7389 7864 4110 7864 9470 1 6397 1 4628 1 4648 1 6397 1 6396 1 9526 7865 7468 7865 9178 7865 7468 0 7467 0 7568 0 7814 7866 7528 7866 8936 7866 2599 7867 2688 7867 2690 7867 4540 7868 888 7868 4541 7868 7463 0 888 0 3054 0 9337 1 166 1 4470 1 3542 0 4367 0 4366 0 6836 7869 810 7869 809 7869 2033 0 3220 0 9273 0 2054 0 482 0 8580 0 7987 5 9259 5 7985 5 2852 7870 7420 7870 3075 7870 6615 7871 678 7871 9260 7871 9149 9 2017 9 9443 9 4632 7872 3454 7872 8239 7872 2870 7873 3454 7873 7424 7873 4557 5 8539 5 4560 5 5858 7874 1689 7874 1688 7874 321 0 8865 0 319 0 5908 1 2022 1 735 1 9530 7875 5659 7875 7224 7875 9529 0 5659 0 478 0 1274 164 595 164 3933 164 6681 164 595 164 594 164 8500 8 3716 8 3715 8 2501 7876 3421 7876 7405 7876 7214 1 2069 1 2068 1 7410 1 2067 1 3780 1 5112 7877 5801 7877 8703 7877 6118 7878 3675 7878 5531 7878 1799 7879 8990 7879 1800 7879 3274 7880 1803 7880 4653 7880 8938 7881 3780 7881 2073 7881 3781 7882 3780 7882 2067 7882 2905 7883 2747 7883 2746 7883 7424 8 2747 8 2870 8 2127 8 8415 8 2630 8 8237 0 1074 0 7457 0 5114 1 7448 1 6396 1 5018 8 3465 8 8258 8 2915 8 3465 8 7434 8 8246 7884 4244 7884 5019 7884 7434 8 4244 8 2729 8 7936 5 9086 5 7934 5 5014 7885 5013 7885 7933 7885 6730 5 3711 5 6099 5 1435 0 4167 0 1433 0 4167 0 8097 0 6522 0 9658 5 7454 5 6858 5 8164 5 7454 5 8165 5 6553 7886 2220 7886 2331 7886 6796 7887 1712 7887 6857 7887 3079 0 9075 0 6128 0 745 7888 747 7888 7738 7888 3133 5 5685 5 3134 5 7748 5 5685 5 5684 5 1086 0 2120 0 9297 0 5580 7889 5581 7889 409 7889 1087 7890 3665 7890 1085 7890 1699 7891 7317 7891 6457 7891 4932 5 2880 5 8187 5 7350 7892 8201 7892 7348 7892 9076 7893 1689 7893 2800 7893 2849 1 2848 1 6925 1 5760 7894 5762 7894 5998 7894 3475 1 3477 1 6375 1 8692 1 2480 1 2420 1 8445 7895 1637 7895 7887 7895 2849 7896 8692 7896 2304 7896 7264 7897 1018 7897 1017 7897 2872 7898 4245 7898 8246 7898 2729 7899 4245 7899 7438 7899 8239 7900 2874 7900 2873 7900 7438 7901 2874 7901 2870 7901 4703 1 5551 1 2391 1 6428 1 7903 1 9586 1 3086 0 3255 0 9485 0 7131 8 4265 8 4264 8 632 5 4440 5 679 5 9017 1 2499 1 422 1 7664 7902 3700 7902 2242 7902 7355 1 2023 1 2022 1 1073 7903 4818 7903 5784 7903 2066 0 4818 0 4083 0 7937 7904 3404 7904 3523 7904 7475 7905 3404 7905 2432 7905 8234 7906 7445 7906 8258 7906 5018 7907 7445 7907 7444 7907 734 1 3536 1 5909 1 3422 8 2505 8 8214 8 7441 7908 2505 7908 2504 7908 8246 8 5019 8 8238 8 7444 8 5019 8 5018 8 8232 7909 7442 7909 8224 7909 2504 8 7442 8 7441 8 1654 5 3134 5 1655 5 3135 5 1654 5 7612 5 9664 7910 7464 7910 2317 7910 9664 7911 5334 7911 7568 7911 4704 7912 4634 7912 4633 7912 7424 7913 4634 7913 2743 7913 3665 7914 9491 7914 7458 7914 5172 5 5171 5 5132 5 4540 7915 1151 7915 5547 7915 1258 7916 1151 7916 1150 7916 8214 7917 7314 7917 3422 7917 9128 7918 351 7918 8540 7918 8221 7919 2335 7919 8651 7919 7473 7920 2335 7920 2334 7920 6830 696 3718 696 6828 696 6520 192 6521 192 9629 192 6524 6841 6526 6841 9630 6841 6108 7921 6107 7921 8799 7921 2018 154 3859 154 6835 154 8651 7922 7474 7922 8264 7922 4236 7923 7474 7923 4237 7923 8549 7924 2434 7924 8270 7924 2432 6468 2434 6468 7475 6468 7755 0 2052 0 206 0 1163 0 1162 0 8797 0 6479 7925 3323 7925 3324 7925 2494 1 3323 1 2492 1 7156 9 8586 9 4044 9 1097 7926 1640 7926 2961 7926 458 7338 9213 7338 459 7338 5702 8 5856 8 5700 8 8697 5 1998 5 5316 5 8156 7927 7227 7927 2131 7927 255 7928 7339 7928 8497 7928 5491 7929 8653 7929 5492 7929 408 0 7477 0 4453 0 9490 0 7455 0 2175 0 9490 0 7461 0 7875 0 7459 7930 5222 7930 9199 7930 7110 1 5005 1 5488 1 486 7931 5486 7931 484 7931 5310 7932 1933 7932 5767 7932 9460 0 2120 0 1085 0 8303 8 2871 8 2905 8 2870 7933 2871 7933 7438 7933 3255 0 3257 0 7483 0 4372 1 8141 1 5137 1 3221 1 5811 1 4074 1 3221 7934 3223 7934 7487 7934 7497 7935 8253 7935 7548 7935 2732 2260 8253 2260 7496 2260 9479 0 7472 0 5227 0 8636 0 7472 0 5386 0 3135 7936 7501 7936 5708 7936 6345 0 9059 0 7478 0 1930 0 7524 0 1937 0 7482 0 7484 0 8132 0 8237 7937 7456 7937 7874 7937 9490 7938 7456 7938 7455 7938 3051 7939 6535 7939 3052 7939 1816 7940 6899 7940 70 7940 764 0 763 0 4367 0 8844 7941 8834 7941 8843 7941 6626 7942 9547 7942 4016 7942 1525 7943 7416 7943 2516 7943 9164 1 7490 1 7489 1 9590 1 3200 1 6340 1 9086 7944 1244 7944 2967 7944 7319 5 7318 5 1243 5 7321 7945 8178 7945 9330 7945 1398 7946 7586 7946 4145 7946 8929 5 3091 5 8934 5 7748 7947 3091 7947 3090 7947 7470 0 5650 0 8809 0 9454 0 7470 0 467 0 8367 7948 3096 7948 4235 7948 966 7949 352 7949 967 7949 9445 3017 81 3017 4359 3017 2155 0 889 0 5547 0 1521 5 5928 5 1522 5 7262 7950 1388 7950 4541 7950 1152 0 1388 0 4039 0 7461 0 9490 0 4060 0 4718 7951 3360 7951 8222 7951 2334 7952 3360 7952 7473 7952 7926 5 6348 5 5370 5 7501 7953 2533 7953 5708 7953 8520 7954 7514 7954 7513 7954 9219 5 796 5 8473 5 3523 7955 7476 7955 1488 7955 2589 7956 7476 7956 7475 7956 5916 7957 6450 7957 1891 7957 8265 7958 4237 7958 4719 7958 7473 7959 4237 7959 7474 7959 8221 7960 2327 7960 8506 7960 7508 7961 2327 7961 2326 7961 5968 7962 1 7962 0 7962 5821 8 3746 8 5199 8 8317 7963 3384 7963 8544 7963 8356 7964 3384 7964 1495 7964 8521 7965 8356 7965 1494 7965 7923 1 11 1 8935 1 8544 7966 3362 7966 8317 7966 2326 7967 3362 7967 7508 7967 7504 9 6168 9 1528 9 9124 9 6168 9 6167 9 4132 7968 8931 7968 1527 7968 8591 7969 1529 7969 8589 7969 9162 9 1529 9 1528 9 8502 7970 2590 7970 8549 7970 7475 7971 2590 7971 2589 7971 1266 254 3655 254 3653 254 9262 0 8374 0 2153 0 5548 0 9269 0 5592 0 8281 7972 5962 7972 3503 7972 8863 7973 8821 7973 8862 7973 6379 1 2494 1 9468 1 1494 7974 2383 7974 8521 7974 7514 2902 2383 2902 2382 2902 9665 5 499 5 501 5 9665 5 7666 5 7667 5 7484 0 7894 0 7895 0 324 7975 5497 7975 6340 7975 9590 7976 5497 7976 1373 7976 8270 7977 2427 7977 8549 7977 7515 7978 2427 7978 2426 7978 5865 7979 7295 7979 5866 7979 7462 0 7941 0 7460 0 8631 7980 3407 7980 8371 7980 2426 7981 3407 7981 7515 7981 7683 7982 7216 7982 8195 7982 8180 8 8406 8 7683 8 9484 1 17 1 8066 1 9458 7983 17 7983 16 7983 6478 7984 616 7984 615 7984 8511 0 468 0 467 0 9479 0 468 0 3747 0 6507 0 8370 0 1798 0 8233 2497 7498 2497 8222 2497 4718 7985 7498 7985 7496 7985 3549 7986 8875 7986 8815 7986 6808 7987 4382 7987 400 7987 1593 5 2171 5 2173 5 9424 0 5184 0 6543 0 7111 1 7246 1 9113 1 3811 0 1647 0 3812 0 8437 7988 2733 7988 8233 7988 7496 7989 2733 7989 2732 7989 5969 7990 5934 7990 9050 7990 9342 1 1970 1 7439 1 6628 7991 3092 7991 6629 7991 9664 7992 3088 7992 5334 7992 9488 0 3088 0 3087 0 8265 7993 4719 7993 7547 7993 7496 7994 4719 7994 4718 7994 1285 7995 1284 7995 7378 7995 9310 1 1058 1 1057 1 9315 1 5949 1 4843 1 9337 1 5949 1 1057 1 9507 7996 6865 7996 3501 7996 3195 7997 6865 7997 1641 7997 2466 8 7587 8 4487 8 9002 7998 1780 7998 4140 7998 1619 7999 1780 7999 1779 7999 6603 164 6558 164 3318 164 9590 1 7489 1 3200 1 6055 8000 2948 8000 476 8000 2948 8001 6054 8001 8794 8001 7414 5 7815 5 7412 5 6863 1 3195 1 1630 1 9347 8002 6061 8002 6060 8002 9396 8003 6061 8003 655 8003 6038 0 7697 0 4162 0 2693 591 7553 591 2691 591 7552 8004 7553 8004 3389 8004 9383 8005 656 8005 655 8005 9540 1 656 1 2210 1 2284 5 7583 5 9003 5 7569 5 6322 5 6324 5 6322 8006 2206 8006 6323 8006 4133 8007 7503 8007 8591 8007 1527 8008 7503 8008 4132 8008 6055 5 6405 5 8226 5 6402 5 8268 5 6404 5 658 1 7180 1 657 1 1979 0 1978 0 4399 0 6201 0 1978 0 6817 0 8521 8009 8519 8009 3002 8009 7142 8010 5591 8010 507 8010 6467 1754 8356 1754 3002 1754 9133 1 7673 1 8205 1 4547 8011 4105 8011 1907 8011 8506 8012 7509 8012 3390 8012 4505 2930 7509 2930 7508 2930 4081 8013 4506 8013 8544 8013 7508 8014 4506 8014 4505 8014 1934 8 1936 8 8151 8 8551 8015 1934 8015 5263 8015 946 8016 8711 8016 7767 8016 8642 1 7772 1 7276 1 2382 8017 3383 8017 7514 8017 7033 1 1843 1 8138 1 3540 0 2990 0 9561 0 4367 0 3542 0 3541 0 5532 5 3003 5 3771 5 6388 0 7574 0 6389 0 1091 8018 477 8018 476 8018 9619 8019 477 8019 2025 8019 9412 164 5633 164 1059 164 2681 164 5633 164 5632 164 8261 8020 5644 8020 1002 8020 9251 8021 5644 8021 7567 8021 9619 8022 7510 8022 6404 8022 6403 8023 7510 8023 5736 8023 3409 8024 7548 8024 8253 8024 7546 8025 7548 8025 2734 8025 6922 1 2057 1 15 1 9459 8026 2057 8026 2056 8026 7526 8027 7527 8027 3013 8027 9058 8028 7478 8028 9059 8028 6345 8029 7478 8029 410 8029 1397 8030 2734 8030 1395 8030 2735 8031 2734 8031 7548 8031 6278 534 2368 534 6277 534 2369 8032 2368 8032 7552 8032 6686 1 6560 1 1631 1 3475 8033 9016 8033 3476 8033 7567 164 9209 164 9208 164 3740 7462 8897 7462 3741 7462 3805 696 7366 696 3717 696 7363 192 3821 192 9636 192 7368 6841 701 6841 9639 6841 6106 8034 1458 8034 6107 8034 3726 154 7369 154 3724 154 986 8035 7801 8035 526 8035 7511 8036 4156 8036 7523 8036 8549 8037 7516 8037 8502 8037 4494 8038 7516 8038 7515 8038 9486 1 5311 1 5393 1 6922 1 5311 1 1900 1 9249 8 7950 8 7951 8 7746 5 5776 5 8939 5 4291 3703 4221 3703 4220 3703 8367 8 5513 8 9344 8 6674 8039 6676 8039 9129 8039 809 8040 811 8040 2708 8040 8183 8041 8655 8041 8184 8041 4106 8042 4495 8042 8631 8042 7515 8043 4495 8043 4494 8043 1965 1 8058 1 7095 1 8264 8044 4236 8044 8695 8044 3543 7805 4222 7805 3544 7805 5014 1 7933 1 6326 1 6749 164 5845 164 555 164 4235 8 7550 8 6821 8 3865 8 7550 8 1551 8 8637 8045 4686 8045 1291 8045 9661 8 6821 8 6820 8 7297 5 3117 5 4141 5 9095 5 3117 5 3116 5 6782 8046 1889 8046 6451 8046 166 1 168 1 8035 1 5587 8047 5586 8047 3115 8047 7667 5 5586 5 1346 5 1950 8048 2836 8048 2835 8048 7562 1 2836 1 5882 1 5114 1 9565 1 7940 1 5652 8049 8059 8049 4996 8049 8825 3688 4317 3688 4316 3688 5640 9 7593 9 6155 9 3107 0 7495 0 8243 0 3107 8050 3106 8050 3541 8050 463 1 1890 1 4530 1 3305 0 9657 0 9283 0 4268 1 7545 1 6641 1 4268 1 4267 1 4966 1 3777 8051 3779 8051 6098 8051 5472 5 8447 5 3778 5 9300 5 2315 5 2314 5 1470 8052 2444 8052 8688 8052 8369 8053 2227 8053 5507 8053 9546 0 2227 0 2226 0 4151 8054 4150 8054 4363 8054 2221 8055 7291 8055 2222 8055 9063 0 4453 0 7477 0 408 0 4453 0 5040 0 7436 0 1281 0 1280 0 9063 0 1281 0 1817 0 7468 8056 5336 8056 9178 8056 1423 0 5336 0 5335 0 9459 8057 5389 8057 16 8057 8309 8058 5389 8058 4135 8058 5820 0 5580 0 9346 0 7941 0 480 0 479 0 9529 0 480 0 3183 0 3183 8059 7465 8059 7467 8059 9664 0 7465 0 7464 0 8695 8060 7560 8060 2448 8060 9505 8061 2317 8061 7464 8061 9664 0 2317 0 3088 0 2264 1 4451 1 1741 1 5498 8062 4363 8062 4362 8062 7845 1 4363 1 4150 1 9322 1 9414 1 2835 1 2245 8063 5531 8063 6874 8063 3205 0 3204 0 8184 0 3194 1 6342 1 6686 1 5346 8064 7239 8064 8344 8064 5652 1 4998 1 5653 1 7828 8065 7827 8065 4966 8065 3545 818 3628 818 3543 818 3542 8066 4366 8066 7240 8066 6816 8067 4366 8067 4365 8067 5813 1 6560 1 2406 1 1345 5 4484 5 4486 5 5585 8068 1347 8068 1346 8068 1820 1 7531 1 5346 1 8821 8069 4317 8069 8826 8069 3719 5 5704 5 8524 5 7569 5 5704 5 5703 5 5205 1 1323 1 1058 1 7351 8070 5627 8070 3211 8070 3054 0 538 0 3052 0 8443 8071 5398 8071 537 8071 2463 1 1967 1 9293 1 7265 5 6323 5 2206 5 9493 8072 2518 8072 6203 8072 1979 0 2518 0 2517 0 9050 8073 5763 8073 5294 8073 5536 5 1594 5 1593 5 7401 5 5809 5 453 5 6798 8074 9271 8074 3170 8074 9650 1 583 1 6326 1 9092 5 7668 5 7666 5 9095 8075 7570 8075 5663 8075 5857 1 7953 1 1842 1 1843 1 8333 1 8036 1 9396 8076 2164 8076 2163 8076 2162 8077 2164 8077 5775 8077 4505 8078 3389 8078 3390 8078 2737 8079 3389 8079 7553 8079 1950 8080 5553 8080 5555 8080 5781 8081 5377 8081 3325 8081 9493 0 5377 0 5376 0 7497 8082 7547 8082 4719 8082 2450 8083 7547 8083 7546 8083 6049 5 1208 5 1207 5 7468 8084 7568 8084 5336 8084 9664 8085 7568 8085 7465 8085 2451 8086 1397 8086 5693 8086 7546 8087 2451 8087 2450 8087 4178 0 5357 0 5356 0 9488 0 5357 0 5335 0 7627 8088 1593 8088 1592 8088 7627 8089 649 8089 7293 8089 9540 1 6134 1 5775 1 5774 1 6134 1 3198 1 6326 1 6477 1 9650 1 5398 0 5067 0 3053 0 9462 0 5067 0 5228 0 3564 8090 3566 8090 4252 8090 4996 1 8058 1 4997 1 2589 8091 7559 8091 7476 8091 1489 8092 7559 8092 7558 8092 8439 533 2439 533 8681 533 4547 591 2439 591 4105 591 7488 8093 324 8093 6340 8093 4081 2987 4507 2987 4506 2987 7552 8094 4507 8094 2369 8094 9148 8 5259 8 2387 8 2450 8095 4238 8095 8265 8095 4238 2741 7560 2741 4236 2741 1139 8096 7988 8096 1140 8096 4692 3920 4693 3920 1512 3920 6598 8097 6597 8097 7312 8097 4089 8 5817 8 4090 8 4651 5 2941 5 6607 5 7169 9 9508 9 9572 9 2467 8 2469 8 2984 8 2435 8098 2440 8098 8439 8098 2438 8099 2440 8099 7589 8099 7217 8100 8151 8100 7640 8100 7678 8101 5840 8101 5891 8101 9563 0 7678 0 5889 0 8428 760 2363 760 2669 760 7558 6473 2363 6473 1489 6473 5325 5 5462 5 5461 5 9489 8102 5462 8102 5328 8102 8502 6468 2591 6468 2590 6468 7558 8103 2591 8103 2587 8103 7488 1 4967 1 324 1 7827 1 4967 1 4966 1 6387 8104 7518 8104 8531 8104 4388 8105 9346 8105 409 8105 6435 8106 8294 8106 7254 8106 1417 0 5298 0 1415 0 6674 0 5298 0 5297 0 1139 8107 5597 8107 5593 8107 2548 164 5597 164 5596 164 7736 8108 511 8108 8847 8108 9567 8109 3285 8109 3317 8109 4648 1 6396 1 7447 1 5114 8110 6396 8110 6395 8110 5223 164 3264 164 9208 164 9251 8111 3264 8111 3263 8111 2367 8112 7594 8112 2365 8112 7594 8113 2369 8113 4080 8113 6274 6672 6837 6672 2672 6672 6552 8114 2220 8114 6553 8114 9136 8115 5615 8115 2170 8115 9515 8116 5615 8116 5507 8116 2783 5 2782 5 6564 5 6448 5 5864 5 9455 5 9560 8117 5864 8117 2782 8117 6447 8118 9094 8118 60 8118 6812 5 6877 5 6813 5 61 8119 4049 8119 5863 8119 6563 5 4049 5 8413 5 7788 8120 5168 8120 7787 8120 4045 8121 9467 8121 1609 8121 9476 5 8020 5 6608 5 9645 9 4234 9 8590 9 7793 1 6496 1 7794 1 2452 3455 8276 3455 7560 3455 1015 8122 1205 8122 3355 8122 3957 5 7113 5 1013 5 8864 8123 3571 8123 1514 8123 4288 817 3556 817 8894 817 7634 8124 5289 8124 5288 8124 32 1 5887 1 1391 1 9471 8125 5887 8125 28 8125 5705 5 5440 5 6212 5 6213 8126 5440 8126 5439 8126 2668 8127 2588 8127 8391 8127 2587 8128 2588 8128 7558 8128 8357 1 9110 1 8701 1 1783 5 7613 5 1785 5 9300 5 5466 5 979 5 976 5 5466 5 3915 5 1181 8129 980 8129 979 8129 8901 1 8816 1 9005 1 8039 8130 8816 8130 8038 8130 4738 8131 4487 8131 2008 8131 7371 8132 9154 8132 9134 8132 3552 3703 4289 3703 3553 3703 3164 8 2011 8 7587 8 8425 8133 8406 8133 4353 8133 7985 5 7737 5 8504 5 2469 8134 2004 8134 2984 8134 8180 8 2006 8 2005 8 667 164 619 164 9351 164 6708 8135 619 8135 618 8135 5240 1 1134 1 1410 1 8639 8136 1061 8136 5493 8136 759 164 4498 164 757 164 9522 8137 759 8137 2548 8137 3777 8138 3497 8138 7861 8138 6310 8139 5510 8139 7824 8139 5449 0 7466 0 3182 0 3183 0 7466 0 7465 0 8371 8140 3393 8140 8631 8140 7596 8141 3393 8141 2423 8141 4462 8142 1942 8142 8463 8142 4462 9 4461 9 8331 9 8884 9 7187 9 8885 9 7592 9 8884 9 6155 9 5591 1 7142 1 1411 1 6986 4779 149 4779 6891 4779 4422 8143 5054 8143 4423 8143 9476 5 7272 5 9528 5 5533 164 3520 164 5660 164 5896 1 6929 1 6486 1 408 0 4388 0 409 0 587 8144 3335 8144 588 8144 9665 8145 9092 8145 7666 8145 5374 5 254 5 5254 5 7518 8146 7519 8146 3061 8146 7306 8 7305 8 7175 8 3165 8147 1055 8147 9364 8147 5115 8148 1055 8148 1054 8148 9507 8149 5518 8149 7530 8149 9503 1 5518 1 448 1 8876 3592 3583 3592 4293 3592 7393 5 3899 5 9210 5 8153 8150 5967 8150 5502 8150 5575 1 7379 1 930 1 8353 1 8352 1 6215 1 4432 0 5375 0 6203 0 5276 8151 5442 8151 5441 8151 1951 0 5442 0 8316 0 7585 8152 5329 8152 4484 8152 4485 8153 5329 8153 5328 8153 6173 8 8936 8 7751 8 4112 5 8718 5 6627 5 9561 0 3089 0 5943 0 9563 0 3089 0 2992 0 9523 8154 7617 8154 5632 8154 7208 164 7617 164 7209 164 1961 5 1960 5 7374 5 4471 8155 1960 8155 1962 8155 2180 164 300 164 7397 164 8269 2736 7866 2736 2331 2736 8129 5 2403 5 5374 5 7249 8156 1228 8156 3179 8156 9276 0 7310 0 7309 0 9026 8157 7310 8157 1229 8157 8212 164 2554 164 5631 164 9523 8158 2554 8158 669 8158 5236 8159 4046 8159 1761 8159 4047 5 5236 5 7300 5 2449 3439 2448 3439 8276 3439 2423 8160 2425 8160 7596 8160 5360 5 5358 5 5359 5 2242 9 9508 9 7664 9 5519 164 3317 164 3519 164 7810 5 9388 5 9084 5 8519 8161 810 8161 3000 8161 1979 0 4356 0 1977 0 6335 5 9552 5 6336 5 1701 8162 690 8162 6164 8162 4102 1 5576 1 6926 1 7379 1 4102 1 7380 1 7378 8163 7380 8163 1285 8163 2290 1 7380 1 4102 1 3810 8164 1769 8164 9319 8164 9451 8 1769 8 5702 8 432 8 431 8 565 8 5279 8165 1536 8165 566 8165 9409 8166 2962 8166 7646 8166 1639 1 2962 1 2961 1 9503 8167 5046 8167 7646 8167 9463 8168 5046 8168 5045 8168 4456 5 4444 5 5649 5 159 464 3966 464 312 464 5327 8169 5359 8169 4427 8169 9489 8170 4427 8170 2106 8170 4091 8171 4788 8171 5691 8171 5203 8172 4788 8172 4787 8172 4089 8 3819 8 5818 8 4789 8 4091 8 4090 8 1672 8173 1409 8173 1268 8173 3568 8174 8844 8174 8841 8174 3574 8175 8810 8175 7122 8175 5201 8 4787 8 6089 8 7339 5 2809 5 8497 5 5241 8176 1208 8176 6050 8176 1287 8 7814 8 1975 8 9113 1 5004 1 7111 1 7697 0 9007 0 7696 0 9007 8177 9008 8177 7838 8177 2243 8178 2237 8178 3751 8178 7585 8179 6635 8179 5359 8179 9168 8180 6635 8180 6634 8180 4311 8181 4473 8181 3573 8181 7597 8182 8905 8182 4106 8182 444 0 6128 0 6130 0 3213 1 3215 1 8719 1 4079 8183 9073 8183 4078 8183 1440 1 8903 1 1438 1 9380 5 1837 5 3899 5 8892 8184 8756 8184 3017 8184 930 1 7378 1 931 1 3299 8185 7351 8185 3210 8185 32 8186 6776 8186 6775 8186 9409 8187 6776 8187 31 8187 2008 8188 7587 8188 2010 8188 4216 3916 4575 3916 4571 3916 4353 8189 8180 8189 4352 8189 4494 1368 3386 1368 8502 1368 2587 1750 3386 1750 7589 1750 4106 6447 4496 6447 4495 6447 7589 8190 4496 8190 2438 8190 5781 8191 5378 8191 5377 8191 9559 8192 5378 8192 1811 8192 6540 2788 6541 2788 9635 2788 3555 3531 3982 3531 8893 3531 6844 8193 4559 8193 6843 8193 6532 247 3037 247 9638 247 3742 8194 3741 8194 5039 8194 6851 6816 4994 6816 6849 6816 7381 1 693 1 9261 1 9403 0 1988 0 1987 0 9530 0 1988 0 5659 0 8756 8195 3560 8195 3636 8195 4440 5 6449 5 5649 5 7805 8196 7806 8196 7412 8196 7263 5 7806 5 7264 5 4472 5 8245 5 6931 5 1962 5 8245 5 4471 5 6763 5 1531 5 1730 5 9098 5 1696 5 1705 5 6854 5 1696 5 56 5 1732 5 6764 5 1730 5 8810 8197 4319 8197 4341 8197 9526 0 7469 0 7468 0 9529 0 7469 0 5659 0 4080 8198 4081 8198 3001 8198 8832 8199 4240 8199 4239 8199 8930 5 3091 5 8929 5 4320 8199 3579 8199 3578 8199 8901 8200 7603 8200 8816 8200 9095 5 5663 5 4140 5 9002 5 5663 5 1231 5 8520 6447 8519 6447 8521 6447 9104 8201 3146 8201 6391 8201 9539 164 5082 164 617 164 4368 164 5082 164 2609 164 9558 0 4251 0 5506 0 9515 8202 4251 8202 4250 8202 4420 5 2178 5 4650 5 7894 8203 7915 8203 8418 8203 9493 8204 2519 8204 2518 8204 9545 8205 2519 8205 5837 8205 5439 5 3128 5 7118 5 3129 5 3128 5 3662 5 7970 1 6339 1 7969 1 9144 0 5766 0 5765 0 9403 0 5766 0 479 0 6817 0 2029 0 1986 0 1987 8206 2029 8206 7626 8206 3004 5 5220 5 1406 5 9186 8207 9190 8207 9189 8207 763 0 765 0 2030 0 9557 8208 765 8208 775 8208 1375 8209 1377 8209 8998 8209 3757 8210 3114 8210 3755 8210 9107 0 3486 0 3488 0 3757 8211 6315 8211 7997 8211 5971 5 7745 5 6853 5 8391 3389 2437 3389 2436 3389 7589 8212 2437 8212 2587 8212 2978 0 2977 0 7792 0 2987 8213 4897 8213 2985 8213 3534 1 3536 1 7633 1 6958 8214 6960 8214 8581 8214 6905 5 5265 5 2942 5 6159 8215 8742 8215 7648 8215 483 8216 7657 8216 9649 8216 9497 8217 7931 8217 2636 8217 8884 9 7592 9 7187 9 8631 8218 7597 8218 4106 8218 8905 2301 7597 2301 7596 2301 9649 0 5779 0 483 0 3563 1149 4295 1149 8786 1149 5765 8219 6350 8219 5309 8219 9557 8220 6350 8220 7626 8220 9527 8221 3014 8221 7631 8221 717 1 7282 1 718 1 8087 8222 679 8222 4444 8222 8730 8223 8731 8223 8729 8223 7600 1 9377 1 1971 1 9372 5 7222 5 9138 5 7927 1 2322 1 27 1 9471 8224 2322 8224 2321 8224 2852 8225 2854 8225 7420 8225 8890 8226 8745 8226 8888 8226 7592 9 6911 9 2240 9 6552 8227 1908 8227 2619 8227 8267 0 3051 0 3202 0 7602 0 9073 0 3202 0 3520 164 5533 164 3521 164 6834 8228 8068 8228 4921 8228 4090 8 7993 8 7608 8 9564 0 2050 0 2049 0 7706 0 2050 0 5889 0 4502 1 7150 1 3149 1 5716 8229 8083 8229 7961 8229 5091 8230 5300 8230 5090 8230 9552 5 7649 5 1166 5 8408 164 6800 164 3277 164 4368 8231 6800 8231 618 8231 1687 5 2000 5 6048 5 8832 8232 4320 8232 99 8232 9570 0 1463 0 9117 0 6459 0 9570 0 9008 0 2195 1 7635 1 5286 1 736 1 7635 1 7634 1 3370 8233 7607 8233 6227 8233 8689 8234 968 8234 967 8234 8742 8235 9200 8235 6861 8235 7863 164 6661 164 6660 164 6662 8236 6661 8236 8212 8236 7307 8 3018 8 3017 8 2619 8237 7598 8237 2449 8237 7596 8238 7598 8238 8905 8238 6459 8239 9008 8239 6037 8239 7697 8240 9008 8240 9007 8240 8685 8241 8548 8241 7760 8241 8548 0 5852 0 7760 0 8452 827 4229 827 4228 827 7912 8242 9649 8242 7913 8242 7356 8243 909 8243 908 8243 7190 8244 9274 8244 7191 8244 9657 0 7658 0 7192 0 9652 8245 7658 8245 3538 8245 8284 8246 102 8246 101 8246 8745 8247 3027 8247 3592 8247 9508 8248 7169 8248 7870 8248 84 8249 360 8249 2199 8249 7543 9 7610 9 7541 9 5278 8 7540 8 8060 8 9451 8 7540 8 7539 8 994 0 2053 0 8121 0 2412 0 2414 0 6388 0 3179 0 7247 0 7249 0 9462 0 5476 0 7602 0 5188 8250 5476 8250 5475 8250 9026 8251 4509 8251 2089 8251 8062 8252 4509 8252 5401 8252 469 5 1902 5 1982 5 2070 5 8957 5 5858 5 3700 8253 9020 8253 2236 8253 7949 5 5435 5 5434 5 3878 0 8027 0 9085 0 6425 1 8956 1 6423 1 6669 8254 3218 8254 6389 8254 7492 8255 9070 8255 9439 8255 1333 164 2550 164 6475 164 2013 0 5450 0 4128 0 8790 1906 3607 1906 3606 1906 7927 1 9048 1 7733 1 6477 1 191 1 5162 1 3313 8256 3481 8256 6689 8256 8010 8257 563 8257 3772 8257 3681 8258 9261 8258 3680 8258 6163 1701 6185 1701 6184 1701 8348 0 2454 0 7807 0 5185 0 9424 0 7875 0 9583 9 8884 9 7035 9 3123 9 7034 9 6894 9 9583 9 7034 9 6156 9 7933 8259 6476 8259 6326 8259 3947 8260 2115 8260 88 8260 3956 5 7229 5 7584 5 9561 0 5943 0 7679 0 9564 0 5943 0 5888 0 8281 164 7376 164 7375 164 9539 8261 7376 8261 5883 8261 2205 0 5446 0 5448 0 9505 0 5446 0 2044 0 1012 8262 423 8262 7134 8262 3070 8 1012 8 1011 8 692 8263 8211 8263 5002 8263 6165 8264 6164 8264 1351 8264 3632 8265 1600 8265 8866 8265 4090 8266 5817 8266 7993 8266 692 8267 5001 8267 7660 8267 2573 8268 8730 8268 4664 8268 4665 3706 8733 3706 3612 3706 1998 8269 8697 8269 2638 8269 4693 817 4256 817 4255 817 5594 8270 5107 8270 8659 8270 758 164 5108 164 2547 164 9095 8271 3116 8271 7666 8271 5586 8272 3116 8272 3115 8272 5861 1 29 1 5045 1 9463 1 29 1 28 1 7598 8273 2619 8273 8905 8273 8333 8274 1842 8274 7953 8274 9076 5 7431 5 1689 5 6047 5 2000 5 1999 5 9195 8275 7316 8275 1980 8275 5785 0 7316 0 5783 0 8790 8226 2574 8226 3604 8226 1605 8 9021 8 1720 8 9564 8276 2049 8276 7654 8276 4920 8277 5902 8277 7118 8277 5022 0 208 0 9307 0 9314 0 4162 0 7696 0 6038 0 4162 0 4161 0 1965 1 5924 1 1279 1 7819 1 5925 1 1964 1 9499 9 7869 9 7847 9 7869 8278 7543 8278 7665 8278 425 8 7134 8 423 8 3741 4190 5049 4190 5039 4190 3745 8 5199 8 3746 8 9400 8279 495 8279 8400 8279 6694 8280 495 8280 494 8280 1951 0 1953 0 5443 0 443 0 1953 0 1952 0 2672 8281 6836 8281 2529 8281 5881 1 9390 1 7811 1 5843 164 4497 164 5844 164 5344 0 5623 0 5011 0 9527 8282 5623 8282 5622 8282 9355 8283 7939 8283 9356 8283 7698 8284 6049 8284 9401 8284 3414 0 3413 0 7654 0 8244 8285 3413 8285 5117 8285 1431 0 7758 0 6410 0 7491 8286 7758 8286 7492 8286 3219 0 6389 0 3218 0 8943 8 9078 8 9112 8 4526 8287 6354 8287 6009 8287 8775 5 5542 5 2145 5 9193 8288 5542 8288 7676 8288 8875 8289 8876 8289 8877 8289 4920 5 3687 5 5902 5 3687 8290 3686 8290 5371 8290 7365 8291 6638 8291 6401 8291 3767 8292 7681 8292 5636 8292 7681 0 7184 0 3852 0 4309 8293 8890 8293 4304 8293 3767 8294 5216 8294 3768 8294 5213 8295 7680 8295 3172 8295 1103 1 6625 1 1104 1 3214 8296 7791 8296 7790 8296 5344 8297 4196 8297 5623 8297 9663 0 4196 0 985 0 8946 8298 4307 8298 3651 8298 5822 8 5821 8 7251 8 5952 8299 7885 8299 6321 8299 9330 8300 5710 8300 7321 8300 9371 8301 5710 8301 5709 8301 9572 9 2242 9 3752 9 7940 1 8273 1 7448 1 7482 0 7651 0 9485 0 3771 5 3773 5 5532 5 8416 5 8482 5 1982 5 7716 8302 7290 8302 1444 8302 344 1 5528 1 343 1 9518 8303 5528 8303 4126 8303 984 0 7353 0 3356 0 8591 9 9032 9 4133 9 4407 0 7574 0 5161 0 1662 8304 2453 8304 2455 8304 5534 8305 2847 8305 6557 8305 5619 1 5621 1 9303 1 3878 0 2844 0 2843 0 2310 8306 2842 8306 7218 8306 2293 8307 2851 8307 8633 8307 3192 8308 2851 8308 2850 8308 2844 8309 3877 8309 5160 8309 4407 0 3877 0 3876 0 8633 8310 3193 8310 2310 8310 2843 8311 3193 8311 3192 8311 750 8 3746 8 5822 8 8038 8312 8272 8312 1411 8312 1508 8313 8866 8313 1600 8313 5796 8314 23 8314 22 8314 4112 8315 8930 8315 3828 8315 1345 8316 7566 8316 1346 8316 9665 8317 7566 8317 499 8317 5352 8318 5248 8318 7956 8318 9508 8319 2242 8319 9572 8319 7791 8320 9044 8320 9465 8320 5375 8321 4027 8321 6203 8321 9493 8322 4027 8322 5377 8322 973 5 5729 5 981 5 6811 5 6813 5 5728 5 6656 8323 5099 8323 5098 8323 6420 1 6422 1 8006 1 9662 0 5784 0 5783 0 5237 164 3962 164 9449 164 9193 8324 3892 8324 3891 8324 6161 8325 3892 8325 6159 8325 8039 1 9006 1 8816 1 9006 1 7763 1 5621 1 5900 5 2208 5 2207 5 7263 5 2208 5 5371 5 9352 0 532 0 5301 0 4474 0 532 0 531 0 1554 8326 7639 8326 1595 8326 323 8327 325 8327 9241 8327 9548 8328 7663 8328 1813 8328 9559 8329 7663 8329 5837 8329 5609 0 5611 0 1363 0 111 1 3736 1 112 1 1490 8330 9587 8330 1488 8330 6654 8331 6655 8331 9647 8331 3104 8332 7533 8332 7392 8332 7689 8333 7691 8333 9646 8333 5872 8334 1 8334 5294 8334 1906 8335 1905 8335 8603 8335 7142 1 7763 1 7141 1 5928 5 4447 5 3129 5 419 8336 5543 8336 7251 8336 7843 8 524 8 7423 8 7699 5 5130 5 7627 5 650 5 5130 5 4072 5 9564 0 7655 0 5943 0 8244 0 7655 0 3413 0 6716 0 4687 0 4042 0 4311 8337 3573 8337 1534 8337 1276 164 1275 164 6045 164 1274 8338 1276 8338 593 8338 7726 9 7727 9 8189 9 5428 8339 1586 8339 1588 8339 1035 8340 9127 8340 7416 8340 1596 8341 1595 8341 8867 8341 9420 7443 215 7443 330 7443 3523 8342 9587 8342 3524 8342 2172 8343 2171 8343 6812 8343 7332 8344 7333 8344 2074 8344 1158 8345 5730 8345 1159 8345 973 5 5730 5 5729 5 7680 8346 5637 8346 832 8346 833 8347 5637 8347 5636 8347 7859 9 5007 9 7686 9 2250 9 5007 9 4099 9 2364 8348 1490 8348 1489 8348 1873 8349 5757 8349 6199 8349 1207 5 8907 5 9014 5 6616 8350 6615 8350 632 8350 4324 3593 4223 3593 1562 3593 2159 8351 2211 8351 2160 8351 9541 5 5803 5 8957 5 8904 9 6911 9 6910 9 1669 4194 8755 4194 1670 4194 378 8352 8636 8352 5386 8352 9491 8353 5386 8353 5385 8353 9047 8354 4553 8354 4555 8354 1803 8355 7783 8355 4653 8355 2828 0 5690 0 5160 0 3893 8356 6845 8356 5906 8356 5854 0 2828 0 5689 0 1582 8357 5331 8357 1584 8357 5972 5 8891 5 9206 5 2818 5 8587 5 469 5 9249 8 2214 8 2216 8 3344 5 6160 5 7648 5 4865 0 7451 0 7225 0 5126 8358 7712 8358 7614 8358 7712 0 7711 0 8172 0 5412 8359 5411 8359 8171 8359 7625 0 461 0 460 0 5696 8360 7687 8360 4266 8360 2015 9 7687 9 7686 9 5544 8361 3311 8361 1226 8361 8926 8362 3808 8362 3807 8362 2180 164 7397 164 2181 164 9443 9 2016 9 2251 9 7686 9 2016 9 2015 9 1372 1 1959 1 1958 1 1638 0 5428 0 5544 0 6289 8363 3400 8363 4844 8363 9068 1 7189 1 7188 1 8731 8364 8733 8364 3656 8364 3032 9 7859 9 5695 9 8227 8 3444 8 673 8 2394 8365 457 8365 7121 8365 9148 8 8192 8 7403 8 2 0 7696 0 5175 0 8062 0 5401 0 5669 0 7249 0 5401 0 1228 0 7131 8366 7130 8366 8291 8366 5228 0 5227 0 7471 0 9479 8367 5227 8367 466 8367 8817 8368 7685 8368 6824 8368 8808 1060 4295 1060 4294 1060 5424 8369 2176 8369 7315 8369 9662 0 2176 0 2175 0 9527 0 3015 0 3014 0 7526 0 3015 0 7311 0 3415 0 2413 0 2412 0 1381 8370 6819 8370 6207 8370 1392 1 3748 1 5958 1 7722 0 4918 0 7721 0 9469 8 4973 8 4972 8 4972 8371 2019 8371 4411 8371 2020 8 5677 8 2018 8 5796 8372 22 8372 5797 8372 7911 8373 5925 8373 7820 8373 8171 0 7711 0 8347 0 1462 0 9116 0 9117 0 7342 8 3444 8 8259 8 6365 1 6337 1 7705 1 968 8374 8689 8374 2374 8374 9451 8 7539 8 9319 8 566 8375 431 8375 7539 8375 5855 8376 7211 8376 5856 8376 4595 8 6026 8 3392 8 5855 8 1770 8 4349 8 3810 8 1770 8 1769 8 8500 8377 5678 8377 8501 8377 6839 8378 6840 8378 9469 8378 9457 8379 440 8379 442 8379 8090 8380 6783 8380 439 8380 5876 1 6927 1 5874 1 5724 8381 9464 8381 9197 8381 9589 8382 7704 8382 6363 8382 9144 8383 5765 8383 7875 8383 3681 1 7955 1 1246 1 7980 8 683 8 6781 8 7710 1 1247 1 3804 1 4669 8384 9273 8384 3220 8384 7825 0 5175 0 7722 0 7724 8385 7167 8385 7169 8385 5449 8386 7616 8386 7466 8386 9505 8387 7616 8387 5446 8387 1308 0 5827 0 8459 0 7683 8388 8406 8388 6127 8388 8849 8389 3595 8389 8860 8389 1133 8390 9004 8390 5591 8390 9527 0 7632 0 5623 0 1662 0 7632 0 2453 0 4267 8391 4269 8391 2741 8391 6640 1 6639 1 3477 1 6188 1 9119 1 7741 1 8834 8069 4640 8069 8837 8069 6429 164 1060 164 5750 164 6921 164 1060 164 2681 164 684 0 686 0 7717 0 7556 9 8331 9 4461 9 1075 0 9037 0 4817 0 5347 8392 96 8392 95 8392 4259 8393 8798 8393 8780 8393 1456 8394 1455 8394 8019 8394 8874 8395 8873 8395 8917 8395 3296 8396 5559 8396 3800 8396 5559 1 7835 1 695 1 9514 0 6936 0 5904 0 3539 8397 6936 8397 3844 8397 9514 0 686 0 2964 0 8856 9 8331 9 8330 9 3296 8398 790 8398 3297 8398 5189 0 1888 0 4078 0 5759 1 790 1 1007 1 472 5 7926 5 1089 5 2151 5 2152 5 7736 5 4322 8 3018 8 5186 8 5551 1 94 1 9121 1 5758 8399 9122 8399 9121 8399 1348 8400 3099 8400 4359 8400 9504 1 5348 1 5347 1 9306 0 7719 0 4207 0 1982 5 5265 5 8416 5 7629 1 8273 1 8173 1 3245 8401 7355 8401 8526 8401 8769 8402 8805 8402 8768 8402 5851 8403 5129 8403 7707 8403 9595 5 5129 5 7699 5 7267 8404 1400 8404 5291 8404 9180 8405 5290 8405 916 8405 3609 8406 8770 8406 8804 8406 2187 8407 5741 8407 5740 8407 8519 8408 811 8408 810 8408 5420 1 2784 1 1399 1 8500 8 7842 8 3716 8 3715 8409 5111 8409 5677 8409 8738 8410 8883 8410 8737 8410 9480 5 7707 5 7709 5 6518 8 5822 8 6771 8 6538 8411 6976 8411 6539 8411 2584 5 7852 5 2585 5 1781 8412 9071 8412 8942 8412 5590 8413 1643 8413 2273 8413 7825 8414 3813 8414 5968 8414 1355 0 7694 0 8833 0 6783 8415 7694 8415 7695 8415 3309 164 3260 164 5402 164 839 5 5174 5 2577 5 3575 8416 3574 8416 8796 8416 2446 2987 4094 2987 5942 2987 1396 8417 2446 8417 1397 8417 4517 8418 7374 8418 7730 8418 8107 8419 7701 8419 7929 8419 7701 5 7700 5 7930 5 217 8420 5987 8420 6939 8420 7727 8421 6374 8421 8514 8421 7274 5 9380 5 4433 5 8882 8422 8734 8422 8881 8422 4855 5 4518 5 4856 5 7730 8423 4518 8423 4517 8423 4856 8424 4516 8424 7975 8424 4516 5 7730 5 4514 5 8526 1 2022 1 5908 1 6741 1 6740 1 7280 1 3245 1 6740 1 6739 1 8824 8425 7700 8425 8283 8425 5498 1 5499 1 9106 1 5499 1 7494 1 7728 1 7699 5 1592 5 9595 5 3258 164 8219 164 6724 164 8370 8426 7409 8426 5825 8426 9663 0 7409 0 7311 0 8081 1 9147 1 8902 1 7639 3593 3557 3593 1502 3593 8225 8427 2041 8427 8226 8427 7293 8428 6812 8428 2171 8428 134 8429 981 8429 6877 8429 3131 5 8107 5 6802 5 7700 8430 3131 8430 3130 8430 59 5 6447 5 60 5 1585 3539 1584 3539 8786 3539 3566 8431 8863 8431 8861 8431 7863 164 6660 164 3516 164 1274 164 2182 164 7729 164 3517 164 5403 164 7744 164 8823 8432 4031 8432 8864 8432 8836 8433 3738 8433 8835 8433 2560 8 2562 8 3999 8 3164 8 2562 8 2561 8 2098 8434 2100 8434 8869 8434 3601 1058 4291 1058 4290 1058 2982 8 6127 8 6290 8 5319 8435 5318 8435 8446 8435 6290 8 8406 8 8425 8 408 0 5040 0 4388 0 9272 0 5040 0 4452 0 1249 0 1251 0 7857 0 1930 8436 883 8436 882 8436 2205 0 883 0 5446 0 9291 5 4486 5 4485 5 1345 8437 4486 8437 7566 8437 9666 0 1341 0 1343 0 9666 8438 5572 8438 7785 8438 6655 8439 9512 8439 7690 8439 3093 8 1915 8 3207 8 6450 8440 8093 8440 7313 8440 6046 164 6045 164 7208 164 6222 1 7421 1 6223 1 9589 8441 7421 8441 6221 8441 9460 8442 7302 8442 5613 8442 3666 8443 7302 8443 5385 8443 7273 8444 8129 8444 1835 8444 1059 164 1061 164 9412 164 2455 0 5128 0 5127 0 5128 0 2454 0 7711 0 7748 8445 3090 8445 5685 8445 9252 0 9656 0 7913 0 809 8446 2530 8446 6836 8446 896 8447 5741 8447 893 8447 8641 8448 6261 8448 8640 8448 3495 8449 7757 8449 7758 8449 7865 8450 9549 8450 5239 8450 8279 1 1970 1 3162 1 1377 8451 1376 8451 7194 8451 8535 8452 7290 8452 4125 8452 4062 8453 2197 8453 2196 8453 5289 8454 4062 8454 5655 8454 2819 5 5803 5 2817 5 3516 164 8639 164 3517 164 1105 1 1437 1 6110 1 9181 8455 1437 8455 1436 8455 9371 8456 6811 8456 5728 8456 6811 8457 2172 8457 6812 8457 5952 1 6176 1 5953 1 8769 8458 3654 8458 8805 8458 9541 8459 8957 8459 2072 8459 7638 5 5124 5 5125 5 99 3590 1606 3590 4639 3590 8808 4009 4216 4009 1585 4009 8377 8460 5706 8460 6453 8460 8406 8 8180 8 4353 8 858 1 5422 1 5419 1 4226 0 5854 0 5853 0 9323 8461 5955 8461 6722 8461 3414 8462 6831 8462 7760 8462 7247 0 6831 0 2048 0 7364 1 7183 1 6376 1 6351 5 5743 5 9535 5 1591 8463 9140 8463 7415 8463 5565 0 6319 0 5566 0 7167 9 8377 9 7168 9 9207 5 9206 5 8891 5 1441 1 4841 1 5911 1 7328 8464 4841 8464 969 8464 1972 8 1974 8 7978 8 7529 8465 1974 8465 7750 8465 5607 8466 7750 8466 4055 8466 1973 8467 7750 8467 1974 8467 7983 8468 3696 8468 3697 8468 8123 0 7565 0 7754 0 1671 8469 8854 8469 1409 8469 5023 8470 9543 8470 6079 8470 8097 8471 1435 8471 9127 8471 6699 1 6433 1 7677 1 9593 1 6699 1 9594 1 9593 1 3534 1 7756 1 4297 8472 8892 8472 3016 8472 5852 0 3415 0 3414 0 9196 8473 8241 8473 7854 8473 5790 1 6632 1 3244 1 6403 5 5736 5 7117 5 2577 5 5736 5 5735 5 8742 8474 6330 8474 3345 8474 7228 8475 5488 8475 6923 8475 3495 0 7959 0 1045 0 4727 1 9242 1 7829 1 9495 1 6384 1 6383 1 416 1 6316 1 414 1 3334 8476 7373 8476 3335 8476 6173 8477 7751 8477 5607 8477 7529 8478 7751 8478 7528 8478 8114 8479 6041 8479 9244 8479 7326 8480 9138 8480 9072 8480 7324 5 7898 5 7325 5 2794 0 5624 0 1380 0 9292 0 5624 0 1342 0 5120 8481 7877 8481 5121 8481 8546 5 7877 5 9011 5 9548 0 1813 0 9045 0 9049 0 1813 0 1812 0 9451 8 5702 8 5701 8 5702 8 1768 8 5856 8 8354 8482 932 8482 5712 8482 9590 1 1373 1 7522 1 9665 8483 501 8483 9092 8483 4449 0 4448 0 8776 0 2236 8484 9020 8484 7703 8484 9548 8485 5840 8485 5839 8485 527 8486 5599 8486 525 8486 8794 5 8939 5 2629 5 5424 8487 8899 8487 5119 8487 9479 8488 3747 8488 5384 8488 3666 8489 3747 8489 3469 8489 4857 0 1924 0 1796 0 9256 8490 2282 8490 2281 8490 1605 8 1720 8 72 8 7832 8491 8081 8491 7789 8491 4715 9 9020 9 7278 9 3899 5 7393 5 1186 5 8970 8 3637 8 3561 8 682 8 6781 8 683 8 2195 1 5285 1 3076 1 6730 8492 1242 8492 6731 8492 1610 8493 4310 8493 1611 8493 6097 8494 4620 8494 6096 8494 1456 8495 8019 8495 6097 8495 3327 0 4670 0 5375 0 2583 8 6019 8 5973 8 650 8496 4071 8496 5850 8496 1778 8497 4071 8497 1777 8497 5201 8498 6839 8498 9469 8498 8081 8499 8902 8499 7789 8499 8174 8500 2238 8500 8198 8500 55 8501 837 8501 2970 8501 5289 8502 7634 8502 2197 8502 736 8503 7634 8503 7633 8503 9619 8504 2025 8504 5734 8504 9542 8505 2025 8505 4355 8505 2248 8506 2415 8506 4858 8506 8440 5 3166 5 5745 5 8688 0 2399 0 1471 0 5065 8507 3594 8507 3593 8507 2878 8508 9364 8508 2879 8508 8187 5 2880 5 2879 5 3589 6984 5056 6984 3489 6984 6127 8509 6126 8509 7682 8509 3067 8510 3066 8510 8187 8510 190 1 6385 1 2486 1 8021 8511 6432 8511 8022 8511 5899 1 4172 1 508 1 8142 8512 7275 8512 8143 8512 1479 1 7770 1 8717 1 7619 5 8627 5 6931 5 4374 0 2082 0 8979 0 4172 1 8715 1 6 1 4338 6995 8769 6995 8766 6995 7769 1 7770 1 4171 1 6904 1 9631 1 7125 1 6505 0 3837 0 6503 0 7923 1 7922 1 11 1 7126 1 7769 1 8319 1 9475 8513 2201 8513 6090 8513 666 164 668 164 1604 164 3679 8514 509 8514 3677 8514 8363 8515 3168 8515 9447 8515 8021 8516 8023 8516 7098 8516 8719 1 7535 1 7534 1 9563 0 2992 0 5838 0 949 0 4489 0 950 0 1937 8517 517 8517 516 8517 9511 164 6751 164 6750 164 8369 8518 7557 8518 1796 8518 7776 1 7777 1 8041 1 6379 1 9468 1 9044 1 7749 8519 6805 8519 9298 8519 2004 8 2469 8 4799 8 7211 8520 4799 8520 2468 8520 5750 164 3177 164 3176 164 7405 8521 4985 8521 7406 8521 1990 9 7102 9 7104 9 7777 1 8047 1 8175 1 2464 8522 5399 8522 2465 8522 7276 1 7771 1 5752 1 1127 8 1129 8 8099 8 1129 8 2497 8 4735 8 8465 8 2497 8 2496 8 134 8523 6194 8523 5131 8523 2946 8524 3176 8524 9209 8524 8770 8525 4339 8525 8778 8525 8639 8526 5494 8526 9550 8526 356 8527 1225 8527 1224 8527 3133 8528 9537 8528 5684 8528 5565 8529 6130 8529 6319 8529 374 8530 6856 8530 2768 8530 6042 8 9155 8 2778 8 89 8531 91 8531 366 8531 2876 8532 4927 8532 4926 8532 9473 8 4927 8 2876 8 1031 8533 4456 8533 5649 8533 7989 8534 9160 8534 8074 8534 9160 1 4347 1 1969 1 177 8535 9470 8535 175 8535 7333 8536 5879 8536 7817 8536 6345 0 410 0 7561 0 408 0 410 0 7477 0 3314 164 592 164 1503 164 7114 8537 421 8537 6100 8537 9318 8538 421 8538 420 8538 9499 9 6920 9 7871 9 3042 8539 6920 8539 6770 8539 3076 1 3075 1 802 1 3274 0 4653 0 4652 0 9089 1 5015 1 9048 1 242 8540 3940 8540 245 8540 5342 8541 5437 8541 8209 8541 1277 8542 8202 8542 9313 8542 3840 1 8095 1 3838 1 1563 1072 3628 1072 1553 1072 1627 8543 5482 8543 4157 8543 4395 1 5482 1 7739 1 8132 0 6291 0 8119 0 7804 8544 6292 8544 8131 8544 8719 1 9305 1 7902 1 6917 8545 4397 8545 7565 8545 2466 8546 4487 8546 2464 8546 6177 1 6361 1 1446 1 6562 8547 7786 8547 4163 8547 6562 0 6561 0 7786 0 7795 1 484 1 5004 1 6488 8548 485 8548 4276 8548 6933 8549 9502 8549 9422 8549 3550 8550 3549 8550 8813 8550 1097 1 1099 1 6341 1 9291 8551 5326 8551 500 8551 9195 8552 1343 8552 1342 8552 9666 0 1343 0 1981 0 9208 8553 3176 8553 3175 8553 9260 5 7006 5 9280 5 8160 5 372 5 6449 5 5013 1 5015 1 9089 1 2993 8554 1213 8554 3333 8554 3610 7121 4259 7121 4655 7121 7373 8555 588 8555 3335 8555 1719 8 8721 8 5816 8 9102 8556 2085 8556 2084 8556 8116 1 7884 1 7901 1 5076 8 1036 8 8236 8 7914 5 7836 5 5325 5 1031 8557 374 8557 1029 8557 2943 5 2942 5 1775 5 1675 1 3077 1 3076 1 255 5 2403 5 2405 5 469 5 471 5 2818 5 7247 8558 2048 8558 7248 8558 6359 0 5870 0 6358 0 9538 1 7924 1 9281 1 1251 8559 5820 8559 9346 8559 553 164 6210 164 4608 164 5746 1 7776 1 8105 1 265 8560 348 8560 266 8560 1939 8561 5808 8561 6229 8561 9151 1 1440 1 1439 1 7544 1 7812 1 7545 1 2876 8 4926 8 3056 8 6040 8562 9244 8562 6041 8562 7757 8563 7492 8563 7758 8563 5024 0 7493 0 7492 0 9498 0 6344 0 7303 0 9592 0 6344 0 6343 0 9592 8564 9339 8564 9444 8564 2817 8565 8587 8565 2818 8565 5629 1 5286 1 5152 1 6364 1 6338 1 6337 1 7563 1 6338 1 7916 1 8294 8 6437 8 8295 8 6436 8 5060 8 6437 8 2864 8566 45 8566 2527 8566 2405 8567 2404 8567 4458 8567 7220 8 3294 8 6820 8 6937 8568 7797 8568 1746 8568 8784 8569 7041 8569 248 8569 7615 0 8350 0 7164 0 4680 8570 6106 8570 8781 8570 5009 1 311 1 4276 1 2974 1 311 1 310 1 4853 8571 6472 8571 6471 8571 9512 8572 6472 8572 4852 8572 8046 1 5529 1 5010 1 344 8573 5529 8573 5528 8573 7545 8574 7811 8574 6641 8574 7740 1 5482 1 5481 1 3460 8 6057 8 8148 8 4645 8575 8358 8575 1294 8575 7882 1 2785 1 7907 1 9201 1 2785 1 9644 1 7706 8576 5889 8576 5890 8576 9563 0 5889 0 5888 0 6488 8577 3233 8577 8063 8577 2084 8 1635 8 1634 8 7904 1 7892 1 53 1 6667 8578 613 8578 612 8578 5858 5 5473 5 5859 5 9505 8579 948 8579 2317 8579 7925 5 256 5 255 5 7320 8580 8447 8580 2819 8580 3047 1 859 1 5420 1 1627 1 6399 1 1628 1 53 8581 7892 8581 54 8581 5207 8582 167 8582 1323 8582 9567 8583 8399 8583 7271 8583 5821 8 5199 8 417 8 8977 8584 1408 8584 3627 8584 1098 8585 1097 8585 2961 8585 1127 8586 8101 8586 8510 8586 3460 8 2723 8 5974 8 2967 5 7320 5 2968 5 7987 8587 9260 8587 9259 8587 9250 8588 1851 8588 8787 8588 6057 8589 8176 8589 8177 8589 7742 8590 512 8590 2101 8590 7748 8591 7749 8591 8934 8591 3170 5 8530 5 842 5 3190 8592 1341 8592 6561 8592 9292 8593 3190 8593 3189 8593 1126 5 6497 5 1452 5 9542 8594 6497 8594 5735 8594 415 8595 2099 8595 5666 8595 3190 0 6561 0 3188 0 5871 0 6359 0 6562 0 1485 0 1484 0 8979 0 9517 8596 4083 8596 5573 8596 7794 8597 5517 8597 4277 8597 8283 5 3171 5 7743 5 5679 8598 6436 8598 8660 8598 6279 8599 6280 8599 8197 8599 6429 164 2945 164 5493 164 8262 164 2945 164 2944 164 9545 0 5837 0 7662 0 9559 0 5837 0 5376 0 8625 8600 1099 8600 9422 8600 3191 0 2932 0 1812 0 428 8601 2932 8601 429 8601 9518 8602 7716 8602 5528 8602 9666 8603 7785 8603 6561 8603 7786 8604 7785 8604 5574 8604 7892 8605 9318 8605 7833 8605 5065 8606 5064 8606 8761 8606 6186 1 6188 1 9492 1 5877 5 9388 5 9513 5 5479 0 2764 0 5480 0 745 8607 2846 8607 746 8607 7958 8608 6409 8608 6411 8608 7754 0 206 0 2052 0 9545 8609 7344 8609 7241 8609 2991 8610 7344 8610 5839 8610 2446 8611 2222 8611 7291 8611 1537 8612 9163 8612 1538 8612 2801 8613 5859 8613 7861 8613 5271 1 2821 1 8902 1 1612 8614 1611 8614 8754 8614 3557 817 3545 817 3555 817 9123 5 5465 5 2314 5 9254 5 5465 5 1313 5 9299 5 5699 5 891 5 1148 5 5699 5 5698 5 9254 8615 892 8615 3915 8615 9217 5 892 5 891 5 9299 5 1314 5 5122 5 8201 5 1314 5 1313 5 7581 8616 7336 8616 9197 8616 7840 8617 5722 8617 7335 8617 9665 5 7667 5 7566 5 5586 8618 7667 8618 3116 8618 3266 8619 3268 8619 5134 8619 3268 8620 3267 8620 5517 8620 2456 1 9258 1 5664 1 5894 1 6534 1 5895 1 6177 8621 1445 8621 6176 8621 3619 8622 3658 8622 3620 8622 5795 8623 5660 8623 3520 8623 9160 8624 9377 8624 8075 8624 2021 8625 736 8625 735 8625 3107 8626 8243 8626 7918 8626 9105 0 6584 0 6105 0 5522 5 6439 5 1763 5 2902 8627 3765 8627 5953 8627 4003 8628 412 8628 4212 8628 4783 8629 5381 8629 5483 8629 4758 8630 7823 8630 7361 8630 644 5 7823 5 4758 5 2799 8631 5332 8631 1635 8631 5778 8 2799 8 2111 8 9144 8632 7875 8632 7461 8632 9490 0 7875 0 7456 0 2783 5 5617 5 7295 5 7294 8633 5617 8633 5897 8633 3540 8634 9561 8634 7495 8634 8637 0 2224 0 6075 0 418 8 9475 8 2238 8 9658 5 8926 5 8165 5 8925 8635 8926 8635 3807 8635 9666 8636 1981 8636 5572 8636 9517 8637 1981 8637 2066 8637 7361 8638 8182 8638 4776 8638 7956 8639 5350 8639 5352 8639 7893 8640 5350 8640 5349 8640 3956 5 3957 5 7229 5 2062 0 9297 0 2120 0 8529 8641 1627 8641 1629 8641 8356 8642 6467 8642 3384 8642 6641 1 7833 1 4269 1 7479 8643 2457 8643 7571 8643 1660 8644 1662 8644 2455 8644 1445 8645 7290 8645 8535 8645 7786 8646 5574 8646 4161 8646 9506 0 5574 0 5573 0 4930 8647 278 8647 4573 8647 9518 1 4126 1 4125 1 8135 5 6861 5 9200 5 8037 8648 9054 8648 7908 8648 7623 8649 6073 8649 5103 8649 5533 8650 5661 8650 7213 8650 7738 8651 1567 8651 3504 8651 6480 0 9034 0 3228 0 3135 8652 7612 8652 8474 8652 4058 8 8632 8 1721 8 6375 1 6637 1 6376 1 8432 164 7822 164 6668 164 5455 8 5456 8 4014 8 6796 8653 6858 8653 7453 8653 9658 5 6858 5 6857 5 6208 8654 3815 8654 8165 8654 1829 8655 7160 8655 1827 8655 5383 5 6905 5 2941 5 7461 8656 4060 8656 7462 8656 2156 8657 2158 8657 7743 8657 1902 5 469 5 8587 5 494 0 493 0 4476 0 8447 5 7319 5 3779 5 8351 0 3191 0 1811 0 6758 8 1634 8 1633 8 5816 8 8721 8 6758 8 9657 0 3305 0 7849 0 6310 0 8008 0 2477 0 9666 8658 6561 8658 1341 8658 1816 8 1721 8 8632 8 6291 8659 8131 8659 6292 8659 8535 8660 5953 8660 6176 8660 1412 164 947 164 8643 164 8917 8661 5907 8661 5906 8661 9648 0 6722 0 3227 0 5200 8 8042 8 2202 8 9516 1 5606 1 7879 1 5584 8662 5606 8662 5605 8662 6405 5 6404 5 8268 5 9619 8663 6404 8663 475 8663 1621 1 1623 1 7189 1 8061 8664 1873 8664 9041 8664 2101 5 2156 5 7743 5 9349 8665 8128 8665 8765 8665 5754 1 8049 1 7275 1 8142 1 8642 1 7276 1 5168 164 7788 164 1414 164 8243 0 8244 0 7919 0 2485 8666 7591 8666 2953 8666 7831 8667 7830 8667 7636 8667 9343 1 7831 1 5102 1 6905 5 5383 5 7022 5 2177 8668 5383 8668 4651 8668 4525 164 9253 164 7335 164 4436 164 9253 164 4437 164 6760 8669 8537 8669 7575 8669 6934 8670 9502 8670 6933 8670 664 0 5580 0 5820 0 7976 8671 9113 8671 7879 8671 7759 1 5252 1 5251 1 9520 8672 7858 8672 438 8672 2421 8673 7858 8673 5642 8673 8182 8674 7837 8674 7746 8674 7577 1 133 1 132 1 2845 1 4209 1 7731 1 558 164 3528 164 9355 164 1639 8675 7647 8675 2962 8675 9503 8676 7647 8676 5518 8676 7896 0 8152 0 7897 0 7897 0 6697 0 6665 0 47 8677 4043 8677 48 8677 4229 3564 4307 3564 4306 3564 7190 8678 7192 8678 6913 8678 9283 8679 9657 8679 7191 8679 9481 0 5557 0 7718 0 9481 8680 3538 8680 7849 8680 9652 8678 3538 8678 3537 8678 669 164 671 164 7209 164 6107 8681 3621 8681 8799 8681 8928 5 6860 5 3829 5 4070 5 6860 5 5897 5 9408 1 450 1 449 1 9503 1 450 1 5046 1 5130 5 650 5 649 5 9444 8682 7957 8682 2977 8682 9404 8683 8008 8683 7824 8683 731 8684 7950 8684 3745 8684 2371 8685 2627 8685 5776 8685 3067 5 8187 5 2879 5 1601 3590 1600 3590 3558 3590 9452 1 4052 1 4051 1 9507 8686 4052 8686 5518 8686 9395 1 5165 1 5164 1 9452 1 5165 1 449 1 4225 8687 8548 8687 2409 8687 8073 8688 1062 8688 8074 8688 6368 164 7841 164 6369 164 4436 164 7841 164 7840 164 5879 1 5881 1 7818 1 4125 1 8112 1 8535 1 5953 8689 8112 8689 2902 8689 8798 8690 3613 8690 8732 8690 8703 1 1438 1 8903 1 1439 1 1438 1 7989 1 9499 9 7611 9 7869 9 4882 8691 1847 8691 4880 8691 1649 8 5081 8 6456 8 4064 8692 7145 8692 4065 8692 7930 5 8824 5 7692 5 3599 3606 3272 3606 3601 3606 3503 164 5961 164 7738 164 8283 8693 7743 8693 2158 8693 125 8694 3906 8694 127 8694 1462 0 9117 0 1463 0 9570 8695 9117 8695 7802 8695 1066 8696 2975 8696 310 8696 9429 8697 6848 8697 5458 8697 1898 1 5312 1 7981 1 9532 9 5642 9 6157 9 2421 9 5642 9 5641 9 1782 8698 6792 8698 9364 8698 4926 8699 7116 8699 3056 8699 4525 8700 7334 8700 8751 8700 9532 8701 5008 8701 5642 8701 7859 8702 5008 8702 5007 8702 9008 8703 9570 8703 7838 8703 8313 1 8315 1 9156 1 696 0 8119 0 77 0 3610 8704 3609 8704 8802 8704 7500 8705 8501 8705 5180 8705 7843 8706 825 8706 8415 8706 2223 0 4448 0 2224 0 8313 1 7572 1 8314 1 6422 1 2098 1 8869 1 1849 8707 4874 8707 4880 8707 706 8708 4109 8708 4108 8708 1642 164 1140 164 1643 164 9272 0 4387 0 5040 0 9520 9 438 9 9521 9 2219 8709 8533 8709 8532 8709 7234 8 9568 8 7232 8 8165 5 8925 5 6209 5 3010 5 3012 5 8020 5 2954 5 6161 5 2483 5 2073 8710 2075 8710 5923 8710 7817 1 2075 1 7333 1 2021 1 2023 1 5152 1 7634 1 5288 1 7633 1 7746 5 7837 5 5777 5 2177 8711 7023 8711 5383 8711 7707 5 9595 5 9023 5 7831 1 5103 1 5102 1 4444 8712 4443 8712 8087 8712 5016 5 4443 5 4442 5 2177 5 2179 5 5777 5 2627 8713 2371 8713 5868 8713 8223 8714 3714 8714 3716 8714 7842 8 8500 8 7500 8 6479 1 9458 1 2492 1 5353 8715 5510 8715 6309 8715 5473 5 5858 5 8957 5 4460 5 7880 5 6438 5 7880 8716 1459 8716 7949 8716 1225 0 356 0 3140 0 1785 5 7613 5 1786 5 5680 5 1787 5 1786 5 4511 1 8280 1 3754 1 8734 8717 3594 8717 8744 8717 8764 8718 5056 8718 8772 8718 3640 3690 1543 3690 4318 3690 6792 5 1784 5 3067 5 3589 8719 8738 8719 8735 8719 8648 5 1460 5 8649 5 6439 5 8661 5 8741 5 9007 0 7722 0 5175 0 7802 8720 4918 8720 7838 8720 7949 5 1461 5 5435 5 1697 8 6456 8 5081 8 7882 8721 7660 8721 5001 8721 692 1 7660 1 690 1 1941 8722 7764 8722 1939 8722 4597 1 614 1 3680 1 8367 8 4235 8 9661 8 9480 5 7709 5 6200 5 9071 8723 7709 8723 7326 8723 9412 164 7753 164 6660 164 1283 1 4477 1 6427 1 4230 1 1283 1 1285 1 2289 8724 1285 8724 7380 8724 1283 1 6426 1 1284 1 6342 1 7536 1 8199 1 5411 8725 3337 8725 5601 8725 3395 8 5738 8 3396 8 2928 8 4992 8 52 8 3023 1 506 1 3024 1 6470 8726 6468 8726 8082 8726 2166 8 2928 8 52 8 3161 8727 177 8727 176 8727 2861 8728 2863 8728 7338 8728 5874 1 9423 1 5875 1 6919 8729 9126 8729 7871 8729 9125 8730 7161 8730 4391 8730 9659 9 7161 9 6919 9 6366 1 3236 1 6434 1 9659 9 3042 9 3041 9 8219 164 7947 164 6724 164 7481 8731 2456 8731 7479 8731 5086 8732 7255 8732 8914 8732 1781 5 8942 5 1779 5 1797 0 6508 0 6507 0 9516 1 2397 1 2396 1 4555 0 1416 0 9047 0 4818 8733 5785 8733 5784 8733 9662 8734 5783 8734 7315 8734 9504 8735 5347 8735 7747 8735 7288 5 4070 5 2997 5 8413 5 6145 5 6564 5 9582 8736 6145 8736 6144 8736 7703 9 4717 9 7702 9 9390 8737 6641 8737 7811 8737 2096 8738 2202 8738 8042 8738 2177 5 4651 5 2178 5 3517 164 7744 164 6723 164 5696 8739 7688 8739 7687 8739 8805 8740 3618 8740 8807 8740 6739 1 8311 1 8155 1 6786 1 5296 1 658 1 3812 0 3760 0 7072 0 8625 8741 9422 8741 9009 8741 7378 8742 1284 8742 931 8742 4211 1 6428 1 6427 1 9662 0 2175 0 7455 0 7462 0 4060 0 2174 0 8966 833 4302 833 4301 833 447 1 6060 1 445 1 5287 8743 5655 8743 6367 8743 1319 5 4425 5 4457 5 1042 8 6501 8 7659 8 7927 8744 27 8744 5860 8744 5861 8745 27 8745 29 8745 50 8 3714 8 51 8 8138 1 8036 1 8035 1 3579 8 1269 8 3577 8 2973 5 2275 5 7906 5 8176 8746 7537 8746 8177 8746 388 1 387 1 5576 1 5784 0 7457 0 1074 0 8237 8747 7457 8747 7456 8747 9201 1 7250 1 7907 1 9018 8748 7250 8748 9562 8748 3042 9 6770 9 6114 9 1491 8 7122 8 1492 8 7736 5 8847 5 8503 5 7802 8749 7838 8749 9570 8749 9007 8750 7838 8750 7722 8750 2493 1 8309 1 9465 1 2169 8751 8029 8751 8043 8751 744 8 7891 8 3783 8 713 8752 740 8752 714 8752 566 8 5278 8 5279 8 9079 8 2260 8 2259 8 4952 8753 121 8753 4953 8753 1459 5 4460 5 8649 5 9332 8754 7830 8754 918 8754 5117 0 2412 0 7919 0 8031 1075 8889 1075 8758 1075 7848 8755 7870 8755 7169 8755 7665 9 7870 9 7869 9 2457 1 2098 1 6422 1 3450 8 8228 8 8213 8 8247 9 2422 9 2421 9 8372 8756 8374 8756 9262 8756 7279 9 7543 9 7542 9 8134 5 7158 5 7928 5 1344 5 7158 5 7236 5 1665 8 7307 8 8725 8 5832 8757 8053 8757 2687 8757 7665 9 7543 9 7279 9 5965 1 5967 1 8153 1 8052 8758 8055 8758 5760 8758 1392 8759 5958 8759 5209 8759 1640 8760 1097 8760 3194 8760 9339 0 5581 0 7816 0 6622 8761 5470 8761 8776 8761 2421 9 5641 9 8247 9 3032 8762 5641 8762 7859 8762 8228 8 8227 8 8230 8 8883 8763 4300 8763 8887 8763 2839 5 8494 5 5680 5 4894 8764 2253 8764 2252 8764 8035 8765 8037 8765 4469 8765 9018 8766 8037 8766 7908 8766 7832 1 54 1 7892 1 4773 8767 8288 8767 710 8767 834 8768 4010 8768 9060 8768 9534 8769 2557 8769 2559 8769 1694 4191 4200 4191 4256 4191 6375 1 1898 1 3475 1 5231 5 9137 5 5246 5 1789 5 1788 5 6135 5 3201 1 921 1 7812 1</p>
        </triangles>
      </mesh>
    </geometry>
  </library_geometries>
  <library_visual_scenes>
    <visual_scene id="Scene" name="Scene">
      <node id="node" name="node" type="NODE">
        <matrix sid="transform">0.1 0 0 0 0 0.1 0 0 0 0 0.1 0 0 0 0 1</matrix>
        <instance_geometry url="#shape0_010-mesh" name="node">
          <bind_material>
            <technique_common>
              <instance_material symbol="R3MPerception-Metallic-material" target="#R3MPerception-Metallic-material"/>
            </technique_common>
          </bind_material>
        </instance_geometry>
      </node>
    </visual_scene>
  </library_visual_scenes>
  <scene>
    <instance_visual_scene url="#Scene"/>
  </scene>
</COLLADA>