<?xml version="1.0" encoding="utf-8"?>
<COLLADA xmlns="http://www.collada.org/2005/11/COLLADASchema" version="1.4.1" xmlns:xsi="http://www.w3.org/2001/XMLSchema-instance">
  <asset>
    <contributor>
      <author>Blender User</author>
      <authoring_tool>Blender 4.2.0 commit date:2024-07-16, commit time:06:20, hash:a51f293548ad</authoring_tool>
    </contributor>
    <created>2024-07-18T17:11:53</created>
    <modified>2024-07-18T17:11:53</modified>
    <unit name="meter" meter="1"/>
    <up_axis>Z_UP</up_axis>
  </asset>
  <library_effects>
    <effect id="R3MPerception-Metallic-effect">
      <profile_COMMON>
        <technique sid="common">
          <lambert>
            <emission>
              <color sid="emission">0 0 0 1</color>
            </emission>
            <diffuse>
              <color sid="diffuse">0.3 0.3 0.3 1</color>
            </diffuse>
            <reflectivity>
              <float sid="specular">1</float>
            </reflectivity>
            <index_of_refraction>
              <float sid="ior">1.45</float>
            </index_of_refraction>
          </lambert>
        </technique>
      </profile_COMMON>
    </effect>
  </library_effects>
  <library_images/>
  <library_materials>
    <material id="R3MPerception-Metallic-material" name="R3MPerception-Metallic">
      <instance_effect url="#R3MPerception-Metallic-effect"/>
    </material>
  </library_materials>
  <library_geometries>
    <geometry id="shape0_013-mesh" name="shape0.013">
      <mesh>
        <source id="shape0_013-mesh-positions">
          <float_array id="shape0_013-mesh-positions-array" count="20226">0.389276 -0.35 -0.463416 0.39796 -0.35 -0.455459 0.388883 -0.35 -0.450349 0.396634 -0.35 -0.442242 0.405916 -0.35 -0.446776 0.380436 -0.35 -0.457729 0.379933 -0.35 -0.470586 0.403627 -0.35 -0.433473 0.413086 -0.35 -0.437433 0.37 -0.35 -0.476913 0.371362 -0.35 -0.464322 0.419413 -0.35 -0.4275 0.409806 -0.35 -0.424112 0.359554 -0.35 -0.482352 0.361734 -0.35 -0.470074 0.424852 -0.35 -0.417053 0.415121 -0.35 -0.414236 0.348673 -0.35 -0.486858 0.351628 -0.35 -0.474941 0.419529 -0.35 -0.403922 0.429359 -0.35 -0.406173 0.337441 -0.35 -0.4904 0.341127 -0.35 -0.478882 0.4329 -0.35 -0.394941 0.422995 -0.35 -0.393255 0.325943 -0.35 -0.492949 0.330315 -0.35 -0.481866 0.435449 -0.35 -0.383442 0.425491 -0.35 -0.38232 0.319279 -0.35 -0.483869 0.314266 -0.35 -0.494486 0.436986 -0.35 -0.371766 0.426997 -0.35 -0.371205 0.308108 -0.35 -0.484874 0.3025 -0.35 -0.495 0.4275 -0.35 -0.36 0.4375 -0.35 -0.36 0.436986 -0.35 -0.348234 0.290734 -0.35 -0.494486 0.296892 -0.35 -0.484874 0.426997 -0.35 -0.348795 0.435449 -0.35 -0.336558 0.285721 -0.35 -0.483869 0.279058 -0.35 -0.492949 0.425491 -0.35 -0.33768 0.4329 -0.35 -0.325059 0.274685 -0.35 -0.481866 0.267559 -0.35 -0.4904 0.422995 -0.35 -0.326745 0.429359 -0.35 -0.313827 0.263873 -0.35 -0.478882 0.256327 -0.35 -0.486858 0.419529 -0.35 -0.316078 0.253372 -0.35 -0.474941 0.424852 -0.35 -0.302947 0.245447 -0.35 -0.482352 0.415121 -0.35 -0.305765 0.243266 -0.35 -0.470074 0.419413 -0.35 -0.2925 0.235 -0.35 -0.476913 0.409806 -0.35 -0.295888 0.233638 -0.35 -0.464322 0.413086 -0.35 -0.282567 0.225067 -0.35 -0.470586 0.403627 -0.35 -0.286527 0.224564 -0.35 -0.457729 0.405916 -0.35 -0.273224 0.215724 -0.35 -0.463416 0.396634 -0.35 -0.277758 0.216117 -0.35 -0.450349 0.39796 -0.35 -0.264541 0.207041 -0.35 -0.455459 0.388883 -0.35 -0.269651 0.208366 -0.35 -0.442242 0.389276 -0.35 -0.256584 0.199084 -0.35 -0.446776 0.380436 -0.35 -0.262271 0.201373 -0.35 -0.433473 0.379933 -0.35 -0.249415 0.191915 -0.35 -0.437433 0.371362 -0.35 -0.255678 0.195194 -0.35 -0.424112 0.37 -0.35 -0.2430869 0.185587 -0.35 -0.4275 0.361734 -0.35 -0.249926 0.189879 -0.35 -0.414236 0.359554 -0.35 -0.237648 0.180148 -0.35 -0.417053 0.351628 -0.35 -0.245059 0.1854709 -0.35 -0.403922 0.175642 -0.35 -0.406173 0.348673 -0.35 -0.233141 0.341127 -0.35 -0.241118 0.182005 -0.35 -0.393255 0.337441 -0.35 -0.2296 0.330315 -0.35 -0.238134 0.1721 -0.35 -0.394941 0.179509 -0.35 -0.38232 0.325943 -0.35 -0.227051 0.319279 -0.35 -0.236131 0.169551 -0.35 -0.383442 0.178003 -0.35 -0.371205 0.314266 -0.35 -0.2255139 0.308108 -0.35 -0.235126 0.168014 -0.35 -0.371766 0.1775 -0.35 -0.36 0.1675 -0.35 -0.36 0.3025 -0.35 -0.225 0.296892 -0.35 -0.235126 0.178003 -0.35 -0.348795 0.168014 -0.35 -0.348234 0.290734 -0.35 -0.2255139 0.285721 -0.35 -0.236131 0.179509 -0.35 -0.33768 0.169551 -0.35 -0.336558 0.279058 -0.35 -0.227051 0.274685 -0.35 -0.238134 0.182005 -0.35 -0.326745 0.1721 -0.35 -0.325059 0.267559 -0.35 -0.2296 0.263873 -0.35 -0.241118 0.1854709 -0.35 -0.316078 0.175642 -0.35 -0.313827 0.256327 -0.35 -0.233141 0.253372 -0.35 -0.245059 0.189879 -0.35 -0.305765 0.180148 -0.35 -0.302947 0.245447 -0.35 -0.237648 0.243266 -0.35 -0.249926 0.233638 -0.35 -0.255678 0.235 -0.35 -0.2430869 0.195194 -0.35 -0.295888 0.185587 -0.35 -0.2925 0.225067 -0.35 -0.249415 0.224564 -0.35 -0.262271 0.201373 -0.35 -0.286527 0.191915 -0.35 -0.282567 0.199084 -0.35 -0.273224 0.208366 -0.35 -0.277758 0.215724 -0.35 -0.256584 0.216117 -0.35 -0.269651 0.207041 -0.35 -0.264541 0.144997 -0.280027 -0.202497 0.151379 -0.280027 -0.196363 0.150232 -0.270077 -0.195121 0.143801 -0.270077 -0.201301 0.367865 -0.330365 -0.539589 0.359943 -0.32364 -0.550153 0.370439 -0.32364 -0.54666 0.357767 -0.330365 -0.542948 0.1532739 -0.289725 -0.1984159 0.164467 -0.289725 -0.188755 0.162714 -0.280027 -0.18658 0.410544 -0.29905 -0.547137 0.406997 -0.289725 -0.553541 0.412475 -0.289725 -0.550482 0.419763 -0.289725 -0.546084 0.405162 -0.29905 -0.550143 0.236916 -0.34495 -0.208894 0.246161 -0.34495 -0.205209 0.2332029 -0.341087 -0.20034 0.249478 -0.347744 -0.214322 0.339434 -0.34495 -0.520531 0.328566 -0.34495 -0.52265 0.330042 -0.341087 -0.531857 0.228944 -0.341087 -0.202258 0.169955 -0.307883 -0.195563 0.181358 -0.307883 -0.186991 0.178558 -0.29905 -0.182992 0.166891 -0.29905 -0.191762 0.341525 -0.341087 -0.529618 0.43026 -0.280027 -0.542461 0.421253 -0.280027 -0.548447 0.422154 -0.270077 -0.549878 0.43123 -0.270077 -0.543846 0.140727 -0.280027 -0.206885 0.139499 -0.270077 -0.205723 0.402843 -0.307883 -0.545847 0.392156 -0.29905 -0.55661 0.39013 -0.307883 -0.552168 0.222634 -0.341087 -0.205357 0.21858 -0.336205 -0.197508 0.325457 -0.349434 -0.503249 0.316012 -0.347744 -0.514437 0.327032 -0.347744 -0.513074 0.315144 -0.349434 -0.504525 0.252881 -0.349434 -0.223672 0.259473 -0.349434 -0.22145 0.232884 -0.34495 -0.210708 0.352832 -0.341087 -0.526613 0.347547 -0.341087 -0.528119 0.355387 -0.336205 -0.535069 0.211059 -0.336205 -0.201619 0.206943 -0.330365 -0.19449 0.384917 -0.32364 -0.540735 0.370439 -0.32364 -0.54666 0.387707 -0.316114 -0.546854 0.384917 -0.32364 -0.540735 0.188565 -0.32364 -0.197284 0.20318 -0.32364 -0.187973 0.188565 -0.32364 -0.197284 0.20318 -0.32364 -0.187973 0.1847079 -0.316114 -0.191775 0.345134 -0.34495 -0.519112 0.146972 -0.289725 -0.204472 0.417704 -0.29905 -0.542816 0.130574 -0.270077 -0.215736 0.139088 -0.26 -0.205334 0.129066 -0.26 -0.216662 0.36505 -0.336205 -0.531854 0.1558949 -0.29905 -0.2012529 0.408103 -0.307883 -0.542909 0.240777 -0.347744 -0.21779 0.33726 -0.347744 -0.51108 0.17362 -0.316114 -0.200111 0.428658 -0.289725 -0.540172 0.142756 -0.289725 -0.208806 0.446529 -0.270077 -0.532123 0.434974 -0.26 -0.541867 0.446893 -0.26 -0.532557 0.400068 -0.316114 -0.540708 0.226912 -0.34495 -0.213641 0.236983 -0.347744 -0.219498 0.350136 -0.34495 -0.517687 0.215475 -0.341087 -0.209269 0.381794 -0.330365 -0.533888 0.192882 -0.330365 -0.2034479 0.342624 -0.347744 -0.509745 0.149703 -0.29905 -0.207203 0.415101 -0.307883 -0.538686 0.131869 -0.280027 -0.216823 0.362028 -0.341087 -0.523553 0.159207 -0.307883 -0.20484 0.2447389 -0.349434 -0.226918 0.405182 -0.316114 -0.537851 0.335029 -0.349434 -0.501383 0.177841 -0.32364 -0.205346 0.426443 -0.29905 -0.537008 0.145561 -0.29905 -0.211461 0.445444 -0.280027 -0.530826 0.2313629 -0.347744 -0.222258 0.396873 -0.32364 -0.53479 0.120288 -0.270077 -0.228968 0.119828 -0.26 -0.2286379 0.111416 -0.26 -0.241207 0.347331 -0.347744 -0.508403 0.241188 -0.349434 -0.228516 0.457768 -0.270077 -0.522058 0.458159 -0.26 -0.522466 0.468722 -0.26 -0.511642 0.220137 -0.34495 -0.217344 0.197603 -0.336205 -0.210191 0.378379 -0.336205 -0.526399 0.340049 -0.349434 -0.500133 0.153155 -0.307883 -0.210655 0.411988 -0.316114 -0.533745 0.134009 -0.289725 -0.218619 0.358839 -0.34495 -0.514791 0.40182 -0.32364 -0.532027 0.163169 -0.316114 -0.2091299 0.423642 -0.307883 -0.533009 0.182563 -0.330365 -0.211206 0.177841 -0.32364 -0.205346 0.149107 -0.307883 -0.214817 0.443651 -0.289725 -0.528683 0.2359279 -0.349434 -0.231099 0.393297 -0.330365 -0.528168 0.396873 -0.32364 -0.53479 0.1216599 -0.280027 -0.229955 0.344454 -0.349434 -0.498878 0.224987 -0.347744 -0.2257429 0.456598 -0.280027 -0.520837 0.202669 -0.341087 -0.217427 0.374714 -0.341087 -0.518362 0.157285 -0.316114 -0.214785 0.408402 -0.32364 -0.528055 0.136968 -0.29905 -0.2211019 0.355522 -0.347744 -0.505678 0.167732 -0.32364 -0.214071 0.167732 -0.32364 -0.214071 0.163169 -0.316114 -0.2091299 0.157285 -0.316114 -0.214785 0.398057 -0.330365 -0.52551 0.40182 -0.32364 -0.532027 0.111897 -0.270077 -0.241505 0.420292 -0.316114 -0.528225 0.187729 -0.336205 -0.2176139 0.441173 -0.29905 -0.525721 0.153348 -0.316114 -0.218832 0.123929 -0.289725 -0.231586 0.468304 -0.270077 -0.51126 0.389387 -0.336205 -0.520925 0.229962 -0.349434 -0.23436 0.454665 -0.289725 -0.518819 0.208018 -0.34495 -0.2250649 0.162041 -0.32364 -0.219541 0.370845 -0.34495 -0.509878 0.153348 -0.316114 -0.218832 0.40439 -0.330365 -0.521688 0.408402 -0.32364 -0.528055 0.140708 -0.307883 -0.22424 0.352119 -0.349434 -0.496328 0.172838 -0.330365 -0.219599 0.108134 -0.270077 -0.247783 0.111416 -0.26 -0.241207 0.103867 -0.26 -0.254312 0.393941 -0.336205 -0.518381 0.111897 -0.270077 -0.241505 0.416435 -0.32364 -0.522716 0.113332 -0.280027 -0.242398 0.1932719 -0.341087 -0.224491 0.43804 -0.307883 -0.521977 0.474427 -0.270077 -0.504264 0.158233 -0.32364 -0.2234539 0.478534 -0.26 -0.500132 0.467055 -0.280027 -0.510121 0.127065 -0.29905 -0.233841 0.21358 -0.347744 -0.233009 0.38519 -0.341087 -0.513152 0.451993 -0.29905 -0.516031 0.104366 -0.270077 -0.254578 0.167362 -0.330365 -0.224862 0.366822 -0.347744 -0.501053 0.145181 -0.316114 -0.227994 0.478091 -0.270077 -0.49978 0.400002 -0.336205 -0.514724 0.178422 -0.336205 -0.225646 0.389525 -0.341087 -0.510731 0.109599 -0.280027 -0.248628 0.113332 -0.280027 -0.242398 0.412119 -0.330365 -0.516552 0.416435 -0.32364 -0.522716 0.434292 -0.316114 -0.517498 0.115705 -0.289725 -0.243873 0.199124 -0.34495 -0.231751 0.473131 -0.280027 -0.503177 0.163698 -0.330365 -0.228628 0.464991 -0.289725 -0.508238 0.1310279 -0.307883 -0.2366909 0.38076 -0.34495 -0.504947 0.219287 -0.349434 -0.24116 0.448616 -0.307883 -0.512505 0.105859 -0.280027 -0.255372 0.362693 -0.349434 -0.492 0.173182 -0.336205 -0.230682 0.476769 -0.280027 -0.498727 0.150333 -0.32364 -0.232317 0.145181 -0.316114 -0.227994 0.395292 -0.341087 -0.507251 0.184415 -0.341087 -0.232136 0.384863 -0.34495 -0.502656 0.112018 -0.289725 -0.250025 0.115705 -0.289725 -0.243873 0.407397 -0.336205 -0.509809 0.09909397 -0.270077 -0.26515 0.09721499 -0.26 -0.267896 0.429976 -0.32364 -0.51234 0.1189849 -0.29905 -0.245912 0.470991 -0.289725 -0.501381 0.20521 -0.347744 -0.239302 0.462138 -0.29905 -0.505635 0.169677 -0.336205 -0.234286 0.486346 -0.270077 -0.48873 0.487551 -0.26 -0.487989 0.13577 -0.316114 -0.240101 0.13577 -0.316114 -0.240101 0.376153 -0.347744 -0.496413 0.108326 -0.289725 -0.256685 0.444575 -0.316114 -0.508288 0.179428 -0.341087 -0.236928 0.474583 -0.289725 -0.496987 0.156098 -0.330365 -0.237154 0.190742 -0.34495 -0.238986 0.390321 -0.34495 -0.499362 0.115363 -0.29905 -0.251956 0.380013 -0.347744 -0.494257 0.1189849 -0.29905 -0.245912 0.100626 -0.280027 -0.265865 0.402331 -0.341087 -0.502573 0.123131 -0.307883 -0.24849 0.425146 -0.330365 -0.506569 0.429976 -0.32364 -0.51234 0.211455 -0.349434 -0.247049 0.468032 -0.29905 -0.498898 0.458531 -0.307883 -0.502345 0.176092 -0.341087 -0.2403579 0.14123 -0.32364 -0.244028 0.484961 -0.280027 -0.48776 0.371425 -0.349434 -0.487658 0.111735 -0.29905 -0.258499 0.186022 -0.34495 -0.243522 0.439922 -0.32364 -0.503432 0.162404 -0.336205 -0.2424449 0.471561 -0.29905 -0.494581 0.1973209 -0.347744 -0.246111 0.385151 -0.347744 -0.491157 0.092022 -0.270077 -0.282092 0.09149098 -0.26 -0.281895 0.086721 -0.26 -0.296248 0.495245 -0.270077 -0.474978 0.495731 -0.26 -0.475268 0.495245 -0.270077 -0.474978 0.495731 -0.26 -0.475268 0.503039 -0.26 -0.462026 0.1195909 -0.307883 -0.254397 0.375038 -0.349434 -0.48564 0.123131 -0.307883 -0.24849 0.1031579 -0.289725 -0.267045 0.396982 -0.34495 -0.494935 0.128091 -0.316114 -0.251573 0.1310279 -0.307883 -0.2366909 0.123131 -0.307883 -0.24849 0.419864 -0.336205 -0.500256 0.464293 -0.307883 -0.49576 0.182864 -0.34495 -0.2467679 0.1473399 -0.330365 -0.248421 0.454216 -0.316114 -0.498408 0.1160449 -0.307883 -0.260792 0.482672 -0.289725 -0.486158 0.192879 -0.347744 -0.250379 0.434716 -0.330365 -0.497998 0.439922 -0.32364 -0.503432 0.16917 -0.341087 -0.248123 0.2040719 -0.349434 -0.25342 0.467741 -0.307883 -0.49154 0.379846 -0.349434 -0.482739 0.09360796 -0.280027 -0.282679 0.493794 -0.280027 -0.474112 0.124649 -0.316114 -0.257318 0.1195909 -0.307883 -0.254397 0.39142 -0.347744 -0.486991 0.106659 -0.29905 -0.268678 0.414195 -0.341087 -0.493482 0.133803 -0.32364 -0.255124 0.459819 -0.316114 -0.492006 0.189908 -0.347744 -0.253434 0.087264 -0.270077 -0.296408 0.449248 -0.32364 -0.493876 0.449248 -0.32364 -0.493876 0.154022 -0.336205 -0.253227 0.479508 -0.29905 -0.483943 0.121201 -0.316114 -0.263535 0.124649 -0.316114 -0.257318 0.502534 -0.270077 -0.461769 0.493794 -0.280027 -0.474112 0.199915 -0.349434 -0.257415 0.429022 -0.336205 -0.492055 0.176313 -0.34495 -0.254117 0.463172 -0.316114 -0.487903 0.096228 -0.289725 -0.283649 0.491394 -0.289725 -0.47268 0.130473 -0.32364 -0.26068 0.121201 -0.316114 -0.263535 0.385713 -0.349434 -0.47884 0.408211 -0.34495 -0.486331 0.111083 -0.307883 -0.270741 0.454667 -0.32364 -0.487683 0.08571296 -0.270077 -0.301912 0.08292496 -0.26 -0.310888 0.454667 -0.32364 -0.487683 0.459819 -0.316114 -0.492006 0.463172 -0.316114 -0.487903 0.1401939 -0.330365 -0.259097 0.443688 -0.330365 -0.488804 0.197134 -0.349434 -0.260274 0.475509 -0.307883 -0.481142 0.088885 -0.280027 -0.296887 0.161194 -0.341087 -0.258384 0.505906 -0.270077 -0.45485 0.50944 -0.26 -0.448323 0.501028 -0.280027 -0.461002 0.491394 -0.289725 -0.47268 0.127138 -0.32364 -0.266695 0.183743 -0.347744 -0.260351 0.422911 -0.341087 -0.485676 0.09984999 -0.29905 -0.284989 0.457911 -0.32364 -0.483715 0.488077 -0.29905 -0.470702 0.13699 -0.330365 -0.264443 0.116376 -0.316114 -0.273209 0.401988 -0.347744 -0.478893 0.50892 -0.270077 -0.4481 0.08347797 -0.270077 -0.311012 0.08734595 -0.280027 -0.30235 0.448902 -0.330365 -0.482846 0.147184 -0.336205 -0.263443 0.437608 -0.336205 -0.483256 0.09156399 -0.289725 -0.297679 0.470725 -0.316114 -0.477792 0.1687639 -0.34495 -0.263828 0.504374 -0.280027 -0.454136 0.133782 -0.330365 -0.270229 0.498537 -0.289725 -0.459736 0.488077 -0.29905 -0.470702 0.191365 -0.349434 -0.266746 0.41646 -0.34495 -0.478943 0.104428 -0.307883 -0.286684 0.452023 -0.330365 -0.479027 0.144119 -0.336205 -0.268559 0.122471 -0.32364 -0.276051 0.116376 -0.316114 -0.273209 0.483884 -0.307883 -0.468201 0.395602 -0.349434 -0.471262 0.08512699 -0.280027 -0.311381 0.507365 -0.280027 -0.447437 0.09004497 -0.289725 -0.303073 0.442596 -0.336205 -0.477555 0.08147597 -0.270077 -0.321027 0.08012199 -0.26 -0.325751 0.431082 -0.341087 -0.477303 0.154686 -0.341087 -0.268107 0.465216 -0.32364 -0.473935 0.09526795 -0.29905 -0.298773 0.470725 -0.316114 -0.477792 0.501842 -0.289725 -0.452955 0.176638 -0.347744 -0.26949 0.141048 -0.336205 -0.274096 0.513399 -0.270077 -0.436761 0.514906 -0.26 -0.43422 0.109906 -0.316114 -0.288711 0.109906 -0.316114 -0.288711 0.495095 -0.29905 -0.457984 0.483884 -0.307883 -0.468201 0.151769 -0.341087 -0.272975 0.40975 -0.347744 -0.471941 0.129292 -0.330365 -0.279232 0.445583 -0.336205 -0.473901 0.08785396 -0.289725 -0.311991 0.09377598 -0.29905 -0.304073 0.478869 -0.316114 -0.465209 0.504795 -0.289725 -0.44634 0.08314096 -0.280027 -0.321321 0.162605 -0.34495 -0.27303 0.43583 -0.341087 -0.471877 0.09994995 -0.307883 -0.300157 0.424193 -0.34495 -0.471019 0.184716 -0.349434 -0.275299 0.459052 -0.330365 -0.469618 0.498342 -0.29905 -0.451322 0.148847 -0.341087 -0.278245 0.116213 -0.32364 -0.291046 0.51181 -0.280027 -0.436183 0.159844 -0.34495 -0.277637 0.136752 -0.336205 -0.28271 0.490744 -0.307883 -0.45577 0.478869 -0.316114 -0.465209 0.402867 -0.349434 -0.464756 0.091623 -0.29905 -0.312834 0.09849196 -0.307883 -0.305336 0.438672 -0.341087 -0.4684 0.473093 -0.32364 -0.461763 0.08589196 -0.289725 -0.321806 0.478869 -0.316114 -0.465209 0.501243 -0.29905 -0.444824 0.07892 -0.270077 -0.340439 0.078323 -0.26 -0.340768 0.428687 -0.34495 -0.465883 0.170841 -0.347744 -0.27815 0.417028 -0.347744 -0.464482 0.105551 -0.316114 -0.301811 0.518867 -0.270077 -0.419632 0.519413 -0.26 -0.419783 0.522939 -0.26 -0.405075 0.157078 -0.34495 -0.282625 0.452309 -0.336205 -0.464897 0.493917 -0.307883 -0.449259 0.12327 -0.330365 -0.293658 0.168243 -0.347744 -0.282487 0.509185 -0.289725 -0.435227 0.144758 -0.341087 -0.286443 0.485538 -0.316114 -0.453122 0.09638696 -0.307883 -0.313899 0.485538 -0.316114 -0.453122 0.104133 -0.316114 -0.306848 0.431377 -0.34495 -0.462592 0.46663 -0.330365 -0.457908 0.526934 -0.270077 -0.36 0.526992 -0.26 -0.375116 0.5275 -0.26 -0.36 0.08969599 -0.29905 -0.322477 0.08060395 -0.280027 -0.340587 0.496752 -0.307883 -0.442907 0.179292 -0.349434 -0.283404 0.421258 -0.347744 -0.459649 0.112001 -0.32364 -0.303717 0.105551 -0.316114 -0.301811 0.104133 -0.316114 -0.306848 0.409678 -0.349434 -0.457776 0.517237 -0.280027 -0.419183 0.1656399 -0.347744 -0.28718 0.07810395 -0.270077 -0.355883 0.07753795 -0.26 -0.355872 0.07776898 -0.26 -0.370995 0.445073 -0.341087 -0.459831 0.130989 -0.336205 -0.296516 0.488624 -0.316114 -0.446791 0.17686 -0.349434 -0.287462 0.505556 -0.29905 -0.433906 0.153208 -0.34495 -0.290384 0.479544 -0.32364 -0.450073 0.102087 -0.316114 -0.315174 0.423789 -0.347744 -0.456552 0.110629 -0.32364 -0.308588 0.522384 -0.270077 -0.404962 0.110629 -0.32364 -0.308588 0.459561 -0.336205 -0.453691 0.09450399 -0.307883 -0.323325 0.08338797 -0.289725 -0.34083 0.491381 -0.316114 -0.440615 0.447577 -0.349434 -0.36 0.526343 -0.270077 -0.343725 0.526908 -0.26 -0.343683 0.119218 -0.330365 -0.305849 0.525133 -0.26 -0.327453 0.413635 -0.349434 -0.453254 0.514543 -0.289725 -0.418441 0.1744239 -0.349434 -0.291854 0.524657 -0.280027 -0.343847 0.525244 -0.280027 -0.36 0.07979398 -0.280027 -0.355914 0.524574 -0.270077 -0.327535 0.437435 -0.34495 -0.454482 0.139274 -0.341087 -0.299582 0.482529 -0.32364 -0.443949 0.488624 -0.316114 -0.446791 0.491381 -0.316114 -0.440615 0.161998 -0.347744 -0.294483 0.52187 -0.289725 -0.34405 0.52245 -0.289725 -0.36 0.500968 -0.307883 -0.432236 0.10865 -0.32364 -0.316642 0.523524 -0.270077 -0.321027 0.522187 -0.26 -0.311394 0.117898 -0.330365 -0.310536 0.523524 -0.270077 -0.398973 0.522901 -0.280027 -0.327779 0.525469 -0.26 -0.390164 0.100255 -0.316114 -0.324339 0.518018 -0.29905 -0.34433 0.472837 -0.330365 -0.44666 0.416004 -0.349434 -0.450355 0.08723497 -0.29905 -0.341167 0.518587 -0.29905 -0.36 0.520728 -0.280027 -0.404623 0.07833397 -0.270077 -0.370967 0.451975 -0.341087 -0.449166 0.52186 -0.280027 -0.321321 0.521635 -0.270077 -0.311516 0.127112 -0.336205 -0.308181 0.520136 -0.289725 -0.328183 0.08258795 -0.289725 -0.355965 0.485195 -0.32364 -0.437975 0.148018 -0.34495 -0.302819 0.513149 -0.307883 -0.344684 0.51082 -0.29905 -0.417415 0.513705 -0.307883 -0.36 0.171016 -0.349434 -0.298688 0.429491 -0.347744 -0.44892 0.475708 -0.330365 -0.440768 0.519108 -0.289725 -0.321806 0.115994 -0.330365 -0.318285 0.10865 -0.32364 -0.316642 0.519984 -0.280027 -0.311881 0.125849 -0.336205 -0.312666 0.49548 -0.316114 -0.430239 0.49548 -0.316114 -0.430239 0.519287 -0.270077 -0.301912 0.518084 -0.26 -0.29559 0.106878 -0.32364 -0.325507 0.524908 -0.270077 -0.390088 0.516315 -0.29905 -0.328742 0.09209799 -0.307883 -0.341592 0.507324 -0.316114 -0.345107 0.52186 -0.280027 -0.398679 0.07892 -0.270077 -0.379561 0.07901495 -0.26 -0.386068 0.507865 -0.316114 -0.36 0.4655 -0.336205 -0.442928 0.517542 -0.270077 -0.295752 0.517991 -0.289725 -0.404063 0.08002299 -0.280027 -0.370885 0.135583 -0.341087 -0.310684 0.443967 -0.34495 -0.444389 0.515304 -0.29905 -0.322477 0.08644896 -0.29905 -0.356036 0.478274 -0.330365 -0.435021 0.517256 -0.289725 -0.312485 0.517654 -0.280027 -0.30235 0.157113 -0.347744 -0.306185 0.506114 -0.307883 -0.416117 0.511484 -0.307883 -0.329448 0.42134 -0.349434 -0.443213 0.07957696 -0.270077 -0.386002 0.124027 -0.336205 -0.320081 0.468248 -0.336205 -0.43729 0.500617 -0.32364 -0.345595 0.50114 -0.32364 -0.36 0.1343809 -0.341087 -0.314953 0.515922 -0.280027 -0.296236 0.48916 -0.32364 -0.427939 0.114289 -0.330365 -0.326813 0.106878 -0.32364 -0.325507 0.510496 -0.307883 -0.323325 0.523233 -0.280027 -0.389861 0.09791696 -0.316114 -0.342101 0.513485 -0.29905 -0.313319 0.08060395 -0.280027 -0.379413 0.519108 -0.289725 -0.398194 0.514955 -0.289725 -0.303073 0.52608 -0.270077 -0.379561 0.08281296 -0.289725 -0.370748 0.513399 -0.270077 -0.283239 0.512845 -0.26 -0.280126 0.457627 -0.341087 -0.438922 0.505705 -0.316114 -0.330293 0.144526 -0.34495 -0.313326 0.514207 -0.29905 -0.403289 0.09132999 -0.307883 -0.356125 0.493111 -0.330365 -0.346141 0.50114 -0.32364 -0.36 0.500617 -0.32364 -0.345595 0.166445 -0.349434 -0.309639 0.435638 -0.347744 -0.43942 0.493614 -0.330365 -0.36 0.08125698 -0.280027 -0.385807 0.470703 -0.336205 -0.43179 0.513245 -0.289725 -0.297036 0.500483 -0.316114 -0.414566 0.132647 -0.341087 -0.32201 0.504745 -0.316114 -0.324339 0.508718 -0.307883 -0.314374 0.143388 -0.34495 -0.317366 0.460242 -0.341087 -0.433556 0.511224 -0.29905 -0.304073 0.122396 -0.336205 -0.328243 0.482089 -0.330365 -0.425365 0.104616 -0.32364 -0.342687 0.51181 -0.280027 -0.283817 0.104616 -0.32364 -0.342687 0.520464 -0.289725 -0.389487 0.08338797 -0.289725 -0.37917 0.49905 -0.32364 -0.331266 0.49905 -0.32364 -0.331266 0.08147597 -0.270077 -0.398973 0.08127099 -0.26 -0.401023 0.515304 -0.29905 -0.397523 0.484901 -0.336205 -0.346738 0.524396 -0.280027 -0.379413 0.485383 -0.336205 -0.36 0.08667099 -0.29905 -0.370559 0.509544 -0.29905 -0.298142 0.449317 -0.34495 -0.434694 0.1538259 -0.347744 -0.316074 0.09716999 -0.316114 -0.356232 0.509424 -0.307883 -0.402311 0.498122 -0.32364 -0.325507 0.427093 -0.349434 -0.434323 0.503016 -0.316114 -0.315635 0.08403199 -0.289725 -0.385483 0.462579 -0.341087 -0.428322 0.506509 -0.307883 -0.305336 0.1417469 -0.34495 -0.324045 0.494 -0.32364 -0.412779 0.48916 -0.32364 -0.427939 0.509185 -0.289725 -0.284773 0.505986 -0.270077 -0.265322 0.152755 -0.347744 -0.319876 0.451792 -0.34495 -0.429616 0.506499 -0.26 -0.265083 0.131095 -0.341087 -0.329777 0.499079 -0.26 -0.250539 0.474354 -0.336205 -0.42255 0.491604 -0.330365 -0.332355 0.1121129 -0.330365 -0.343343 0.498122 -0.32364 -0.325507 0.516637 -0.29905 -0.388969 0.476091 -0.341087 -0.347378 0.08723497 -0.29905 -0.378833 0.47655 -0.341087 -0.36 0.510496 -0.307883 -0.396675 0.504866 -0.307883 -0.299539 0.08314096 -0.280027 -0.398679 0.521613 -0.289725 -0.37917 0.490711 -0.330365 -0.326813 0.09154695 -0.307883 -0.370321 0.496449 -0.32364 -0.317088 0.440673 -0.347744 -0.430297 0.496449 -0.32364 -0.317088 0.500867 -0.316114 -0.306848 0.1633689 -0.349434 -0.318894 0.503702 -0.316114 -0.401141 0.103894 -0.32364 -0.356356 0.505556 -0.29905 -0.286094 0.454003 -0.34495 -0.424662 0.103894 -0.32364 -0.356356 0.486745 -0.330365 -0.410779 0.494 -0.32364 -0.412779 0.08786797 -0.29905 -0.385035 0.151211 -0.347744 -0.326162 0.504454 -0.280027 -0.266035 0.443002 -0.347744 -0.425517 0.483459 -0.336205 -0.333545 0.08507597 -0.270077 -0.415653 0.08452695 -0.26 -0.415793 0.088768 -0.26 -0.430311 0.466053 -0.341087 -0.419528 0.466791 -0.34495 -0.348054 0.467225 -0.34495 -0.36 0.162367 -0.349434 -0.322451 0.511799 -0.307883 -0.388314 0.49927 -0.316114 -0.301211 0.140277 -0.34495 -0.331396 0.498585 -0.270077 -0.250814 0.504745 -0.316114 -0.395661 0.120313 -0.336205 -0.344061 0.517765 -0.29905 -0.378833 0.482605 -0.336205 -0.328243 0.489101 -0.330365 -0.318714 0.431805 -0.349434 -0.425785 0.09209799 -0.307883 -0.378408 0.497113 -0.32364 -0.399794 0.08589196 -0.289725 -0.398194 0.497113 -0.32364 -0.399794 0.494371 -0.32364 -0.308588 0.445083 -0.347744 -0.420855 0.500968 -0.307883 -0.287764 0.478809 -0.336205 -0.408592 0.09738099 -0.316114 -0.370035 0.50192 -0.289725 -0.267213 0.111418 -0.330365 -0.356494 0.433984 -0.349434 -0.421312 0.474719 -0.341087 -0.334823 0.09271699 -0.307883 -0.38447 0.457291 -0.34495 -0.416339 0.457119 -0.347744 -0.348758 0.457527 -0.347744 -0.36 0.160921 -0.349434 -0.328334 0.506011 -0.316114 -0.387531 0.492827 -0.32364 -0.303136 0.497108 -0.280027 -0.251637 0.08671295 -0.280027 -0.415234 0.498122 -0.32364 -0.394493 0.512902 -0.307883 -0.378408 0.149828 -0.347744 -0.33308 0.473905 -0.341087 -0.329777 0.129113 -0.341087 -0.344831 0.48974 -0.330365 -0.398287 0.481065 -0.336205 -0.320492 0.09791696 -0.316114 -0.377899 0.435932 -0.349434 -0.416949 0.487102 -0.330365 -0.310536 0.494371 -0.32364 -0.308588 0.492827 -0.32364 -0.303136 0.49548 -0.316114 -0.289761 0.08969599 -0.29905 -0.397523 0.470293 -0.341087 -0.406245 0.104098 -0.32364 -0.369707 0.498419 -0.29905 -0.268843 0.448178 -0.347744 -0.413022 0.08930599 -0.270077 -0.430134 0.499347 -0.32364 -0.38663 0.465493 -0.34495 -0.336172 0.119648 -0.336205 -0.356645 0.490711 -0.330365 -0.393187 0.498122 -0.32364 -0.394493 0.490151 -0.270077 -0.236882 0.490624 -0.26 -0.236572 0.09851795 -0.316114 -0.383793 0.447195 -0.349434 -0.349479 0.507083 -0.316114 -0.377899 0.08941996 -0.289725 -0.414541 0.485616 -0.330365 -0.305291 0.481675 -0.336205 -0.396638 0.494667 -0.289725 -0.252996 0.159627 -0.349434 -0.334808 0.461304 -0.34495 -0.403768 0.138402 -0.34495 -0.345643 0.464723 -0.34495 -0.331396 0.438828 -0.349434 -0.409619 0.104616 -0.32364 -0.377313 0.47244 -0.341087 -0.3224 0.491889 -0.330365 -0.385621 0.499347 -0.32364 -0.38663 0.479151 -0.336205 -0.312666 0.09450399 -0.307883 -0.396675 0.482605 -0.336205 -0.391757 0.48916 -0.32364 -0.292061 0.111614 -0.330365 -0.369339 0.48916 -0.32364 -0.292061 0.500384 -0.32364 -0.377313 0.493992 -0.307883 -0.270902 0.104098 -0.32364 -0.369707 0.09160095 -0.270077 -0.436761 0.500384 -0.32364 -0.377313 0.093975 -0.26 -0.444511 0.473021 -0.341087 -0.394868 0.486346 -0.270077 -0.23127 0.481178 -0.26 -0.223255 0.09091198 -0.280027 -0.429606 0.451955 -0.347744 -0.401191 0.455896 -0.347744 -0.337575 0.12848 -0.341087 -0.356807 0.483732 -0.336205 -0.384517 0.488737 -0.280027 -0.23781 0.105198 -0.32364 -0.383014 0.473905 -0.341087 -0.390223 0.477729 -0.336205 -0.307647 0.093162 -0.29905 -0.413583 0.491292 -0.29905 -0.254875 0.492887 -0.330365 -0.376657 0.148063 -0.347744 -0.346489 0.455172 -0.347744 -0.33308 0.463886 -0.34495 -0.393 0.463336 -0.34495 -0.324415 0.09449899 -0.270077 -0.444299 0.442362 -0.349434 -0.398547 0.1121129 -0.330365 -0.376657 0.104616 -0.32364 -0.377313 0.470619 -0.341087 -0.314953 0.474978 -0.341087 -0.383333 0.482089 -0.330365 -0.294635 0.100255 -0.316114 -0.395661 0.464723 -0.34495 -0.388604 0.119836 -0.336205 -0.368937 0.488697 -0.316114 -0.273366 0.484687 -0.336205 -0.375939 0.480728 -0.270077 -0.223598 0.09318995 -0.280027 -0.436183 0.454384 -0.347744 -0.391057 0.093566 -0.289725 -0.428733 0.484961 -0.280027 -0.23224 0.446051 -0.349434 -0.339014 0.465738 -0.34495 -0.382083 0.137803 -0.34495 -0.356978 0.112673 -0.330365 -0.382142 0.486401 -0.289725 -0.239343 0.455172 -0.347744 -0.38692 0.105198 -0.32364 -0.383014 0.475887 -0.341087 -0.375169 0.09789097 -0.307883 -0.412372 0.469266 -0.341087 -0.310176 0.487027 -0.307883 -0.25725 0.444636 -0.349434 -0.389064 0.157975 -0.349434 -0.347356 0.445373 -0.349434 -0.334808 0.456128 -0.347744 -0.380783 0.453866 -0.347744 -0.32651 0.445373 -0.349434 -0.385192 0.09606599 -0.280027 -0.443664 0.461612 -0.34495 -0.317366 0.120313 -0.336205 -0.375939 0.466598 -0.34495 -0.374357 0.106878 -0.32364 -0.394493 0.474354 -0.336205 -0.29745 0.446267 -0.349434 -0.379449 0.482599 -0.32364 -0.276203 0.1286579 -0.341087 -0.368505 0.482599 -0.32364 -0.276203 0.456937 -0.347744 -0.373511 0.447025 -0.349434 -0.372644 0.095815 -0.289725 -0.435227 0.479386 -0.280027 -0.224626 0.482672 -0.289725 -0.233842 0.09909397 -0.270077 -0.45485 0.100123 -0.26 -0.458329 0.474427 -0.270077 -0.215736 0.09723496 -0.29905 -0.427526 0.470791 -0.26 -0.210657 0.483172 -0.29905 -0.241461 0.147499 -0.347744 -0.357156 0.120849 -0.336205 -0.381188 0.460332 -0.34495 -0.312845 0.481924 -0.316114 -0.260092 0.103549 -0.316114 -0.410924 0.470367 -0.270077 -0.211033 0.444151 -0.349434 -0.328659 0.09865498 -0.289725 -0.442614 0.129113 -0.341087 -0.375169 0.452245 -0.347744 -0.319876 0.466053 -0.341087 -0.300472 0.114289 -0.330365 -0.393187 0.106878 -0.32364 -0.394493 0.1379719 -0.34495 -0.36805 0.475776 -0.330365 -0.279378 0.09944397 -0.29905 -0.433906 0.477167 -0.289725 -0.226324 0.100626 -0.280027 -0.454136 0.479508 -0.29905 -0.236057 0.101872 -0.307883 -0.426 0.473131 -0.280027 -0.216823 0.1574479 -0.349434 -0.357338 0.47909 -0.307883 -0.244139 0.1296229 -0.341087 -0.380165 0.110064 -0.32364 -0.409257 0.451039 -0.347744 -0.315621 0.102235 -0.29905 -0.441163 0.476048 -0.32364 -0.263363 0.476048 -0.32364 -0.263363 0.469103 -0.280027 -0.212155 0.138402 -0.34495 -0.374357 0.442633 -0.349434 -0.322451 0.122396 -0.336205 -0.391757 0.457291 -0.34495 -0.303661 0.147658 -0.347744 -0.367576 0.1076779 -0.270077 -0.471422 0.468313 -0.336205 -0.28285 0.107187 -0.26 -0.471703 0.115132 -0.26 -0.484572 0.4741 -0.29905 -0.228671 0.104032 -0.307883 -0.432236 0.475509 -0.307883 -0.238858 0.1031579 -0.289725 -0.452955 0.470991 -0.289725 -0.218619 0.10742 -0.316114 -0.424175 0.461199 -0.270077 -0.201301 0.459518 -0.26 -0.198846 0.474207 -0.316114 -0.247343 0.138884 -0.34495 -0.379085 0.117355 -0.330365 -0.407391 0.110064 -0.32364 -0.409257 0.441505 -0.349434 -0.31847 0.469474 -0.330365 -0.267024 0.106759 -0.307883 -0.43933 0.148063 -0.347744 -0.373511 0.467013 -0.289725 -0.21401 0.131095 -0.341087 -0.390223 0.448178 -0.347744 -0.306978 0.157597 -0.349434 -0.367089 0.460304 -0.341087 -0.286577 0.109145 -0.280027 -0.470583 0.470223 -0.307883 -0.231639 0.470725 -0.316114 -0.242208 0.10952 -0.316114 -0.430239 0.468032 -0.29905 -0.2211019 0.106659 -0.29905 -0.451322 0.460003 -0.280027 -0.202497 0.113808 -0.32364 -0.422074 0.113808 -0.32364 -0.422074 0.148517 -0.347744 -0.377961 0.468584 -0.32364 -0.251032 0.115604 -0.270077 -0.484259 0.462282 -0.336205 -0.271029 0.125329 -0.336205 -0.405349 0.464124 -0.29905 -0.2165729 0.112172 -0.316114 -0.437136 0.438828 -0.349434 -0.310381 0.157975 -0.349434 -0.372644 0.45185 -0.34495 -0.29051 0.140277 -0.34495 -0.388604 0.465585 -0.316114 -0.235188 0.465216 -0.32364 -0.246065 0.111571 -0.289725 -0.469196 0.464293 -0.307883 -0.22424 0.11584 -0.32364 -0.427939 0.458028 -0.289725 -0.204472 0.111083 -0.307883 -0.449259 0.120957 -0.330365 -0.419722 0.447053 -0.270077 -0.188317 0.447418 -0.26 -0.187884 0.434555 -0.26 -0.177828 0.1583999 -0.349434 -0.376808 0.462292 -0.330365 -0.255161 0.468584 -0.32364 -0.251032 0.117011 -0.280027 -0.483323 0.465216 -0.32364 -0.246065 0.454565 -0.341087 -0.275326 0.133886 -0.341087 -0.403159 0.460473 -0.307883 -0.219814 0.118405 -0.32364 -0.43461 0.443057 -0.347744 -0.294601 0.149828 -0.347744 -0.38692 0.460244 -0.32364 -0.239275 0.114923 -0.29905 -0.467279 0.459052 -0.330365 -0.250381 0.122912 -0.330365 -0.425365 0.11584 -0.32364 -0.427939 0.118405 -0.32364 -0.43461 0.459819 -0.316114 -0.227994 0.116376 -0.316114 -0.446791 0.455297 -0.29905 -0.207203 0.124374 -0.270077 -0.496535 0.123925 -0.26 -0.496879 0.445964 -0.280027 -0.18961 0.128776 -0.336205 -0.41715 0.455409 -0.336205 -0.259676 0.446418 -0.34495 -0.279862 0.119338 -0.289725 -0.481776 0.14292 -0.34495 -0.400847 0.456104 -0.316114 -0.22369 0.125379 -0.330365 -0.431783 0.434223 -0.270077 -0.178286 0.159627 -0.349434 -0.385192 0.434036 -0.349434 -0.298799 0.119161 -0.307883 -0.464855 0.454268 -0.330365 -0.243849 0.460244 -0.32364 -0.239275 0.452309 -0.336205 -0.255103 0.130646 -0.336205 -0.42255 0.122471 -0.32364 -0.443949 0.454667 -0.32364 -0.232317 0.122471 -0.32364 -0.443949 0.125716 -0.280027 -0.495506 0.451845 -0.307883 -0.210655 0.130574 -0.270077 -0.504264 0.133524 -0.26 -0.508567 0.444165 -0.289725 -0.191748 0.137167 -0.341087 -0.414389 0.448024 -0.341087 -0.264522 0.122554 -0.29905 -0.479638 0.152315 -0.347744 -0.398442 0.437945 -0.347744 -0.284581 0.451074 -0.32364 -0.228154 0.133008 -0.336205 -0.428692 0.124231 -0.316114 -0.461955 0.43323 -0.280027 -0.179655 0.447732 -0.336205 -0.248852 0.138947 -0.341087 -0.419528 0.129292 -0.330365 -0.440768 0.445073 -0.341087 -0.260169 0.448902 -0.330365 -0.237154 0.454667 -0.32364 -0.232317 0.127933 -0.289725 -0.493806 0.131869 -0.280027 -0.503177 0.447715 -0.316114 -0.214785 0.146024 -0.34495 -0.411476 0.441677 -0.29905 -0.194702 0.1266199 -0.307883 -0.476935 0.440228 -0.34495 -0.269637 0.161954 -0.349434 -0.395975 0.420698 -0.270077 -0.1692129 0.434223 -0.270077 -0.178286 0.434555 -0.26 -0.177828 0.420996 -0.26 -0.168732 0.141194 -0.341087 -0.425374 0.429251 -0.349434 -0.289421 0.130069 -0.32364 -0.458616 0.445446 -0.330365 -0.2331489 0.451074 -0.32364 -0.228154 0.147709 -0.34495 -0.416339 0.136752 -0.336205 -0.43729 0.43159 -0.289725 -0.181917 0.130998 -0.29905 -0.491457 0.440717 -0.341087 -0.25422 0.437435 -0.34495 -0.265518 0.134009 -0.289725 -0.501381 0.442596 -0.336205 -0.2424449 0.143801 -0.270077 -0.518699 0.442959 -0.32364 -0.219541 0.456104 -0.316114 -0.22369 0.447715 -0.316114 -0.214785 0.143887 -0.26 -0.519583 0.438533 -0.307883 -0.198437 0.155237 -0.347744 -0.408445 0.131483 -0.316114 -0.473701 0.414717 -0.270077 -0.165634 0.406814 -0.26 -0.160642 0.432119 -0.347744 -0.274957 0.149836 -0.34495 -0.421872 0.136602 -0.330365 -0.45488 0.130069 -0.32364 -0.458616 0.419808 -0.280027 -0.17065 0.43323 -0.280027 -0.179655 0.156822 -0.347744 -0.413022 0.439289 -0.336205 -0.2386119 0.144758 -0.341087 -0.433556 0.429324 -0.29905 -0.185044 0.134873 -0.307883 -0.488487 0.433312 -0.34495 -0.259887 0.429491 -0.347744 -0.27108 0.136968 -0.29905 -0.498898 0.43583 -0.341087 -0.248123 0.144997 -0.280027 -0.517503 0.437638 -0.330365 -0.224862 0.164689 -0.349434 -0.405336 0.434771 -0.316114 -0.202904 0.434771 -0.316114 -0.202904 0.137084 -0.32364 -0.469978 0.137084 -0.32364 -0.469978 0.406552 -0.270077 -0.161143 0.158824 -0.347744 -0.418229 0.155337 -0.270077 -0.529451 0.1549659 -0.26 -0.529879 0.413872 -0.280027 -0.1670989 0.4238 -0.349434 -0.280415 0.143747 -0.336205 -0.450794 0.166172 -0.349434 -0.409619 0.418337 -0.289725 -0.173025 0.43159 -0.289725 -0.181917 0.432682 -0.341087 -0.244475 0.153208 -0.34495 -0.429616 0.139508 -0.316114 -0.484934 0.426458 -0.307883 -0.188997 0.140708 -0.307883 -0.49576 0.42561 -0.347744 -0.265781 0.146972 -0.289725 -0.515528 0.42134 -0.349434 -0.276787 0.428687 -0.34495 -0.254117 0.431818 -0.336205 -0.230682 0.143351 -0.330365 -0.465811 0.1680459 -0.349434 -0.414492 0.43044 -0.32364 -0.2080489 0.405768 -0.280027 -0.162641 0.156446 -0.280027 -0.528175 0.412475 -0.289725 -0.1695179 0.151415 -0.341087 -0.446408 0.161998 -0.347744 -0.425517 0.39735 -0.270077 -0.156594 0.144846 -0.32364 -0.480843 0.392082 -0.26 -0.153602 0.416302 -0.29905 -0.176308 0.429324 -0.29905 -0.185044 0.145181 -0.316114 -0.492006 0.149703 -0.29905 -0.512797 0.425708 -0.34495 -0.250664 0.423031 -0.316114 -0.193726 0.423031 -0.316114 -0.193726 0.1670539 -0.270077 -0.538955 0.166712 -0.26 -0.539406 0.391857 -0.270077 -0.154121 0.417709 -0.349434 -0.271829 0.150205 -0.336205 -0.461254 0.158278 -0.289725 -0.526066 0.421258 -0.347744 -0.260351 0.425572 -0.341087 -0.236928 0.159509 -0.34495 -0.441779 0.171016 -0.349434 -0.421312 0.425593 -0.330365 -0.213805 0.150819 -0.330365 -0.476264 0.144846 -0.32364 -0.480843 0.404473 -0.289725 -0.165117 0.410544 -0.29905 -0.172863 0.150333 -0.32364 -0.487683 0.150333 -0.32364 -0.487683 0.153155 -0.307883 -0.509345 0.396636 -0.280027 -0.1581259 0.17377 -0.270077 -0.543846 0.179072 -0.26 -0.548124 0.413731 -0.307883 -0.180458 0.426458 -0.307883 -0.188997 0.168074 -0.280027 -0.537607 0.418454 -0.347744 -0.257102 0.419084 -0.32364 -0.199171 0.157561 -0.341087 -0.456364 0.391184 -0.280027 -0.155672 0.1608099 -0.29905 -0.523149 0.413635 -0.349434 -0.266746 0.167927 -0.347744 -0.436965 0.418978 -0.34495 -0.243522 0.179382 -0.270077 -0.547651 0.420291 -0.336205 -0.220102 0.157352 -0.336205 -0.471257 0.402682 -0.29905 -0.168539 0.156098 -0.330365 -0.482846 0.408103 -0.307883 -0.177091 0.157285 -0.316114 -0.505215 0.395455 -0.289725 -0.160658 0.17474 -0.280027 -0.542461 0.1697599 -0.289725 -0.535379 0.379261 -0.270077 -0.149101 0.370015 -0.266583 -0.145621 0.410656 -0.316114 -0.185423 0.1653259 -0.34495 -0.451201 0.423031 -0.316114 -0.193726 0.411012 -0.349434 -0.263706 0.164012 -0.307883 -0.519463 0.414667 -0.330365 -0.205264 0.176565 -0.349434 -0.432025 0.390072 -0.289725 -0.158235 0.18031 -0.280027 -0.546237 0.412121 -0.347744 -0.250379 0.164362 -0.341087 -0.465883 0.414602 -0.341087 -0.226859 0.162404 -0.336205 -0.477555 0.400418 -0.307883 -0.172865 0.162041 -0.32364 -0.500459 0.162041 -0.32364 -0.500459 0.405182 -0.316114 -0.1821489 0.176342 -0.289725 -0.540172 0.393822 -0.29905 -0.164158 0.190283 -0.270077 -0.554366 0.191989 -0.26 -0.555991 0.378683 -0.280027 -0.15069 0.172091 -0.29905 -0.5323 0.369918 -0.270077 -0.145931 0.173402 -0.347744 -0.445832 0.407114 -0.32364 -0.1911399 0.410656 -0.316114 -0.185423 0.167841 -0.316114 -0.515054 0.409836 -0.336205 -0.211928 0.181843 -0.289725 -0.543901 0.388534 -0.29905 -0.161778 0.171763 -0.34495 -0.460211 0.405085 -0.349434 -0.257415 0.16917 -0.341087 -0.471877 0.408596 -0.34495 -0.233992 0.167362 -0.330365 -0.495138 0.397711 -0.316114 -0.178039 0.178558 -0.29905 -0.537008 0.40182 -0.32364 -0.187973 0.405182 -0.316114 -0.1821489 0.397711 -0.316114 -0.178039 0.391759 -0.307883 -0.168583 0.191128 -0.280027 -0.552902 0.175038 -0.307883 -0.528407 0.377727 -0.289725 -0.153315 0.181688 -0.349434 -0.440323 0.36941 -0.280027 -0.147544 0.172251 -0.32364 -0.509976 0.360588 -0.270077 -0.143213 0.349589 -0.270938 -0.1406649 0.183961 -0.29905 -0.540672 0.40315 -0.330365 -0.197537 0.404651 -0.341087 -0.21908 0.1794599 -0.347744 -0.454311 0.38659 -0.307883 -0.166257 0.20565 -0.270077 -0.562462 0.191989 -0.26 -0.555991 0.205406 -0.26 -0.562972 0.40235 -0.347744 -0.241411 0.190283 -0.270077 -0.554366 0.394593 -0.32364 -0.183998 0.176313 -0.34495 -0.465883 0.398057 -0.330365 -0.19449 0.173182 -0.336205 -0.489318 0.389291 -0.316114 -0.173876 0.181358 -0.307883 -0.533009 0.192525 -0.289725 -0.550482 0.376406 -0.29905 -0.156944 0.368571 -0.289725 -0.1502079 0.178562 -0.316114 -0.52375 0.36015 -0.280027 -0.144846 0.1771849 -0.330365 -0.504294 0.172251 -0.32364 -0.509976 0.398815 -0.336205 -0.204535 0.186639 -0.307883 -0.53659 0.399179 -0.34495 -0.22663 0.187357 -0.349434 -0.448258 0.20638 -0.280027 -0.560937 0.191128 -0.280027 -0.552902 0.384265 -0.316114 -0.171614 0.395941 -0.349434 -0.249022 0.183743 -0.347744 -0.459649 0.179428 -0.341087 -0.483072 0.391104 -0.330365 -0.190666 0.393941 -0.336205 -0.201619 0.386449 -0.32364 -0.179971 0.1847079 -0.316114 -0.528225 0.389291 -0.316114 -0.173876 0.386449 -0.32364 -0.179971 0.194456 -0.29905 -0.547137 0.374736 -0.307883 -0.161532 0.182621 -0.32364 -0.518388 0.178562 -0.316114 -0.52375 0.1847079 -0.316114 -0.528225 0.167841 -0.316114 -0.515054 0.36741 -0.29905 -0.153892 0.219471 -0.270077 -0.568511 0.219262 -0.26 -0.569037 0.359427 -0.289725 -0.147545 0.182583 -0.336205 -0.49808 0.1898429 -0.316114 -0.531707 0.394163 -0.341087 -0.212044 0.349256 -0.280027 -0.142219 0.207586 -0.289725 -0.558416 0.194456 -0.29905 -0.547137 0.192525 -0.289725 -0.550482 0.393487 -0.347744 -0.234482 0.191365 -0.349434 -0.453254 0.381587 -0.32364 -0.177783 0.387288 -0.336205 -0.197959 0.186022 -0.34495 -0.476478 0.188565 -0.32364 -0.522716 0.1898429 -0.316114 -0.531707 0.389525 -0.341087 -0.209269 0.383268 -0.330365 -0.186792 0.196897 -0.307883 -0.542909 0.381587 -0.32364 -0.177783 0.372739 -0.316114 -0.16702 0.225739 -0.270077 -0.570899 0.233493 -0.26 -0.574157 0.365944 -0.307883 -0.158549 0.1871629 -0.330365 -0.512387 0.2200959 -0.280027 -0.56694 0.358428 -0.29905 -0.1512759 0.1883749 -0.341087 -0.49141 0.341179 -0.280027 -0.140641 0.328314 -0.273786 -0.137555 0.389253 -0.34495 -0.2199699 0.193532 -0.32364 -0.526084 0.348669 -0.289725 -0.144951 0.2092519 -0.29905 -0.554932 0.387647 -0.349434 -0.242538 0.192879 -0.347744 -0.469621 0.378591 -0.330365 -0.184687 0.233667 -0.270077 -0.573618 0.383193 -0.341087 -0.205786 0.384863 -0.34495 -0.217344 0.192882 -0.330365 -0.516552 0.199818 -0.316114 -0.537851 0.199818 -0.316114 -0.537851 0.37979 -0.336205 -0.194252 0.226317 -0.280027 -0.56931 0.19213 -0.336205 -0.505824 0.370439 -0.32364 -0.17334 0.364189 -0.316114 -0.16412 0.22113 -0.289725 -0.564345 0.357164 -0.307883 -0.155991 0.194489 -0.34495 -0.48437 0.340694 -0.289725 -0.143392 0.197661 -0.330365 -0.519791 0.384145 -0.347744 -0.228214 0.211359 -0.307883 -0.550528 0.196897 -0.307883 -0.542909 0.199818 -0.316114 -0.537851 0.347859 -0.29905 -0.1487269 0.199915 -0.349434 -0.462585 0.328176 -0.280027 -0.138741 0.234185 -0.280027 -0.572009 0.375314 -0.336205 -0.192237 0.197603 -0.336205 -0.509809 0.37887 -0.34495 -0.214048 0.20318 -0.32364 -0.532027 0.380013 -0.347744 -0.2257429 0.227273 -0.289725 -0.566685 0.376057 -0.341087 -0.202258 0.197461 -0.341087 -0.498781 0.367865 -0.330365 -0.180411 0.370439 -0.32364 -0.17334 0.244412 -0.270077 -0.576787 0.248037 -0.26 -0.578309 0.362169 -0.32364 -0.170534 0.222559 -0.29905 -0.560756 0.355652 -0.316114 -0.161633 0.200848 -0.347744 -0.477048 0.340023 -0.29905 -0.1471959 0.202176 -0.336205 -0.512909 0.321913 -0.280027 -0.138104 0.304029 -0.274996 -0.136263 0.378905 -0.349434 -0.2366729 0.213879 -0.316114 -0.54526 0.213879 -0.316114 -0.54526 0.346834 -0.307883 -0.1535 0.235042 -0.289725 -0.56935 0.327854 -0.289725 -0.141517 0.202669 -0.341087 -0.502573 0.206943 -0.330365 -0.52551 0.371797 -0.341087 -0.20034 0.228594 -0.29905 -0.563056 0.374373 -0.347744 -0.222641 0.203088 -0.34495 -0.491346 0.375038 -0.349434 -0.23436 0.24485 -0.280027 -0.575154 0.372116 -0.34495 -0.210708 0.2243649 -0.307883 -0.556221 0.36505 -0.336205 -0.1881459 0.207372 -0.349434 -0.469535 0.359909 -0.330365 -0.177712 0.362169 -0.32364 -0.170534 0.207022 -0.341087 -0.505524 0.353912 -0.32364 -0.168129 0.216781 -0.32364 -0.539193 0.339175 -0.307883 -0.152003 0.236227 -0.29905 -0.565673 0.32167 -0.289725 -0.140887 0.345608 -0.316114 -0.15921 0.208018 -0.34495 -0.494935 0.211059 -0.336205 -0.518381 0.327409 -0.29905 -0.145353 0.230264 -0.307883 -0.558468 0.208941 -0.347744 -0.483613 0.368084 -0.34495 -0.208894 0.36976 -0.349434 -0.2314569 0.262926 -0.270077 -0.580918 0.262826 -0.26 -0.581475 0.368017 -0.347744 -0.219498 0.245573 -0.289725 -0.572455 0.362028 -0.341087 -0.196447 0.226526 -0.316114 -0.550795 0.304022 -0.280027 -0.137262 0.212137 -0.34495 -0.497728 0.357436 -0.336205 -0.185563 0.2200289 -0.330365 -0.532404 0.351964 -0.330365 -0.1753979 0.353912 -0.32364 -0.168129 0.237724 -0.307883 -0.561027 0.338161 -0.316114 -0.157755 0.21358 -0.347744 -0.486991 0.321333 -0.29905 -0.144735 0.344196 -0.32364 -0.165786 0.215475 -0.341087 -0.510731 0.344196 -0.32364 -0.165786 0.232261 -0.316114 -0.55298 0.326846 -0.307883 -0.150203 0.214946 -0.349434 -0.475679 0.364223 -0.347744 -0.21779 0.363812 -0.349434 -0.228516 0.263224 -0.280027 -0.579253 0.358839 -0.34495 -0.205209 0.246573 -0.29905 -0.568724 0.304003 -0.289725 -0.140056 0.229014 -0.32364 -0.544547 0.226526 -0.316114 -0.550795 0.232261 -0.316114 -0.55298 0.354783 -0.341087 -0.193989 0.2174569 -0.347744 -0.489619 0.277857 -0.270077 -0.583077 0.277795 -0.26 -0.58364 0.349834 -0.336205 -0.183349 0.223581 -0.336205 -0.524979 0.336993 -0.32364 -0.164378 0.320908 -0.307883 -0.149598 0.239515 -0.316114 -0.555468 0.342617 -0.330365 -0.173144 0.336993 -0.32364 -0.164378 0.219287 -0.349434 -0.47884 0.326173 -0.316114 -0.156004 0.220137 -0.34495 -0.502656 0.360261 -0.349434 -0.226918 0.234561 -0.32364 -0.54666 0.239515 -0.316114 -0.555468 0.355522 -0.347744 -0.214322 0.303977 -0.29905 -0.143918 0.263717 -0.289725 -0.576503 0.2478359 -0.307883 -0.564009 0.351982 -0.34495 -0.202882 0.2317979 -0.330365 -0.537555 0.347547 -0.341087 -0.191881 0.2229149 -0.349434 -0.481299 0.335687 -0.330365 -0.171789 0.278043 -0.280027 -0.581397 0.320399 -0.316114 -0.155417 0.227393 -0.341087 -0.51701 0.283087 -0.280027 -0.138104 0.279349 -0.274024 -0.137299 0.241578 -0.32364 -0.549067 0.340889 -0.336205 -0.181192 0.224987 -0.347744 -0.494257 0.325398 -0.32364 -0.162684 0.352119 -0.349434 -0.223672 0.2371349 -0.330365 -0.539589 0.264398 -0.29905 -0.572701 0.303943 -0.307883 -0.1488 0.249348 -0.316114 -0.558367 0.241578 -0.32364 -0.549067 0.349068 -0.347744 -0.212133 0.292899 -0.270077 -0.584229 0.292875 -0.26 -0.584794 0.345134 -0.34495 -0.200888 0.234843 -0.336205 -0.529908 0.334257 -0.336205 -0.179895 0.278349 -0.289725 -0.57862 0.319813 -0.32364 -0.162116 0.28333 -0.289725 -0.140887 0.231416 -0.34495 -0.508598 0.2438859 -0.330365 -0.541904 0.339034 -0.341087 -0.189828 0.229962 -0.349434 -0.48564 0.32453 -0.330365 -0.1701599 0.23995 -0.336205 -0.531854 0.325398 -0.32364 -0.162684 0.265258 -0.307883 -0.567896 0.303903 -0.316114 -0.15464 0.34608 -0.349434 -0.221623 0.251088 -0.32364 -0.551871 0.342624 -0.347744 -0.210255 0.251088 -0.32364 -0.551871 0.292972 -0.280027 -0.58254 0.332723 -0.341087 -0.1885949 0.3025 -0.270077 -0.584434 0.307999 -0.26 -0.584933 0.319157 -0.330365 -0.169613 0.238111 -0.341087 -0.521701 0.319813 -0.32364 -0.162116 0.283667 -0.29905 -0.144735 0.278773 -0.29905 -0.574781 0.337077 -0.34495 -0.198945 0.235601 -0.347744 -0.49985 0.263821 -0.280027 -0.140641 0.24641 -0.336205 -0.534069 0.257643 -0.271317 -0.140246 0.323581 -0.336205 -0.178336 0.242972 -0.341087 -0.523553 0.266288 -0.316114 -0.562147 0.257951 -0.280027 -0.141757 0.303857 -0.32364 -0.161365 0.253036 -0.330365 -0.544602 0.303857 -0.32364 -0.161365 0.340049 -0.349434 -0.219867 0.293091 -0.289725 -0.579748 0.331104 -0.34495 -0.197777 0.3025 -0.280027 -0.582744 0.318439 -0.336205 -0.1778129 0.24156 -0.34495 -0.513038 0.284092 -0.307883 -0.149598 0.27931 -0.307883 -0.569928 0.335041 -0.347744 -0.208427 0.239895 -0.349434 -0.490874 0.264306 -0.289725 -0.143392 0.2491199 -0.341087 -0.525662 0.246161 -0.34495 -0.514791 0.322563 -0.341087 -0.187111 0.267474 -0.32364 -0.555527 0.25851 -0.289725 -0.1444939 0.255166 -0.336205 -0.536651 0.293257 -0.29905 -0.575889 0.303806 -0.330365 -0.1688899 0.32942 -0.347744 -0.207328 0.317669 -0.341087 -0.186613 0.3025 -0.289725 -0.57995 0.284601 -0.316114 -0.155417 0.322061 -0.270077 -0.58358 0.323098 -0.26 -0.584055 0.235938 -0.270077 -0.145663 0.235846 -0.2668 -0.1453689 0.245148 -0.347744 -0.504028 0.332953 -0.349434 -0.218155 0.279951 -0.316114 -0.564123 0.264977 -0.29905 -0.1471959 0.251979 -0.34495 -0.516787 0.249478 -0.347744 -0.505678 0.24485 -0.280027 -0.144846 0.268801 -0.330365 -0.54812 0.321488 -0.34495 -0.196373 0.259283 -0.29905 -0.148279 0.267474 -0.32364 -0.555527 0.257453 -0.341087 -0.528119 0.30375 -0.336205 -0.177121 0.293465 -0.307883 -0.571012 0.327692 -0.349434 -0.217127 0.3025 -0.29905 -0.576087 0.316857 -0.34495 -0.195902 0.321913 -0.280027 -0.581896 0.285187 -0.32364 -0.162116 0.248829 -0.349434 -0.494784 0.280689 -0.32364 -0.557439 0.236439 -0.280027 -0.147278 0.265825 -0.307883 -0.152003 0.254954 -0.347744 -0.507556 0.245573 -0.289725 -0.147545 0.338015 -0.270077 -0.581606 0.338104 -0.26 -0.582165 0.252881 -0.349434 -0.496328 0.225739 -0.270077 -0.149101 0.223425 -0.263386 -0.149421 0.32037 -0.347744 -0.206006 0.270253 -0.336205 -0.540017 0.259866 -0.34495 -0.519112 0.260259 -0.307883 -0.153062 0.293715 -0.316114 -0.565177 0.303689 -0.341087 -0.185954 0.3025 -0.307883 -0.571205 0.316012 -0.347744 -0.205563 0.32167 -0.289725 -0.579113 0.285843 -0.330365 -0.169613 0.285187 -0.32364 -0.162116 0.237268 -0.289725 -0.149946 0.281516 -0.330365 -0.549959 0.280689 -0.32364 -0.557439 0.266839 -0.316114 -0.157755 0.258005 -0.349434 -0.498085 0.246573 -0.29905 -0.1512759 0.337747 -0.280027 -0.579937 0.27181 -0.341087 -0.531322 0.226317 -0.280027 -0.15069 0.319223 -0.349434 -0.2158899 0.262376 -0.347744 -0.509745 0.213143 -0.270077 -0.154121 0.294003 -0.32364 -0.558458 0.212918 -0.26 -0.153602 0.261427 -0.316114 -0.158784 0.3025 -0.316114 -0.565365 0.303626 -0.34495 -0.195279 0.315144 -0.349434 -0.215475 0.321333 -0.29905 -0.575265 0.352822 -0.270077 -0.57872 0.352949 -0.26 -0.579271 0.286561 -0.336205 -0.1778129 0.282419 -0.336205 -0.541777 0.238413 -0.29905 -0.153635 0.268007 -0.32364 -0.164378 0.337305 -0.289725 -0.577178 0.2478359 -0.307883 -0.155991 0.273454 -0.34495 -0.522144 0.264951 -0.349434 -0.500133 0.294325 -0.330365 -0.550939 0.294003 -0.32364 -0.558458 0.227273 -0.289725 -0.153315 0.20765 -0.270077 -0.156594 0.199254 -0.26 -0.160087 0.213816 -0.280027 -0.155672 0.3025 -0.32364 -0.55864 0.320908 -0.307883 -0.570401 0.262772 -0.32364 -0.165374 0.303559 -0.347744 -0.204977 0.360588 -0.270077 -0.576787 0.367566 -0.26 -0.575387 0.352443 -0.280027 -0.577072 0.287331 -0.341087 -0.186613 0.283389 -0.341087 -0.532997 0.239861 -0.307883 -0.158297 0.336694 -0.29905 -0.573365 0.269313 -0.330365 -0.171789 0.268007 -0.32364 -0.164378 0.249348 -0.316114 -0.161633 0.275164 -0.347744 -0.512598 0.367403 -0.270077 -0.574845 0.199514 -0.270077 -0.1605899 0.294677 -0.336205 -0.542716 0.228594 -0.29905 -0.156944 0.208365 -0.280027 -0.1581259 0.3025 -0.330365 -0.551114 0.3025 -0.32364 -0.55864 0.214928 -0.289725 -0.158235 0.320399 -0.316114 -0.564583 0.36015 -0.280027 -0.575154 0.264277 -0.330365 -0.172747 0.262772 -0.32364 -0.165374 0.351817 -0.289725 -0.574349 0.303491 -0.349434 -0.214927 0.288143 -0.34495 -0.195902 0.284413 -0.34495 -0.523729 0.241593 -0.316114 -0.163875 0.335921 -0.307883 -0.568544 0.270743 -0.336205 -0.179895 0.276919 -0.349434 -0.502804 0.251088 -0.32364 -0.168129 0.366914 -0.280027 -0.573227 0.295055 -0.341087 -0.53389 0.200289 -0.280027 -0.162092 0.3025 -0.336205 -0.542883 0.230264 -0.307883 -0.161532 0.209545 -0.289725 -0.160658 0.319813 -0.32364 -0.557884 0.319813 -0.32364 -0.557884 0.190283 -0.270077 -0.165634 0.186057 -0.26 -0.167475 0.359427 -0.289725 -0.572455 0.216466 -0.29905 -0.161778 0.379261 -0.270077 -0.570899 0.381889 -0.26 -0.570529 0.350951 -0.29905 -0.570585 0.265923 -0.336205 -0.180812 0.285478 -0.347744 -0.51409 0.288989 -0.347744 -0.205563 0.334997 -0.316114 -0.562778 0.243588 -0.32364 -0.170298 0.272277 -0.341087 -0.1885949 0.366106 -0.289725 -0.570552 0.253036 -0.330365 -0.1753979 0.251088 -0.32364 -0.168129 0.295454 -0.34495 -0.524574 0.243588 -0.32364 -0.170298 0.201571 -0.289725 -0.164574 0.3025 -0.341087 -0.53405 0.232261 -0.316114 -0.16702 0.319157 -0.330365 -0.550387 0.358428 -0.29905 -0.568724 0.211178 -0.29905 -0.164158 0.191128 -0.280027 -0.1670989 0.21841 -0.307883 -0.166257 0.378683 -0.280027 -0.56931 0.349856 -0.307883 -0.565828 0.26769 -0.341087 -0.189467 0.289856 -0.349434 -0.215475 0.28657 -0.349434 -0.5042 0.24582 -0.330365 -0.177484 0.333933 -0.32364 -0.556137 0.364989 -0.29905 -0.566855 0.273896 -0.34495 -0.197777 0.295868 -0.347744 -0.514885 0.255166 -0.336205 -0.183349 0.3025 -0.34495 -0.524725 0.203344 -0.29905 -0.168006 0.234561 -0.32364 -0.17334 0.395619 -0.270077 -0.564205 0.234561 -0.32364 -0.17334 0.395854 -0.26 -0.56472 0.213241 -0.307883 -0.168583 0.318439 -0.336205 -0.542187 0.192525 -0.289725 -0.1695179 0.357164 -0.307883 -0.564009 0.17377 -0.270077 -0.176154 0.173385 -0.26 -0.175733 0.220735 -0.316114 -0.171614 0.377727 -0.289725 -0.566685 0.269555 -0.34495 -0.198603 0.348547 -0.316114 -0.560136 0.248261 -0.336205 -0.1853449 0.332742 -0.330365 -0.548706 0.27558 -0.347744 -0.207328 0.333933 -0.32364 -0.556137 0.257453 -0.341087 -0.191881 0.363577 -0.307883 -0.562181 0.296294 -0.349434 -0.504944 0.205584 -0.307883 -0.172344 0.3025 -0.347744 -0.515027 0.2371349 -0.330365 -0.180411 0.394918 -0.280027 -0.562666 0.215709 -0.316114 -0.173876 0.317669 -0.341087 -0.533387 0.194456 -0.29905 -0.172863 0.355652 -0.316114 -0.558367 0.17474 -0.280027 -0.177539 0.223413 -0.32364 -0.177783 0.376406 -0.29905 -0.563056 0.223413 -0.32364 -0.177783 0.271495 -0.347744 -0.208105 0.347039 -0.32364 -0.553582 0.161653 -0.270077 -0.185264 0.161298 -0.26 -0.184823 0.149848 -0.26 -0.194705 0.409128 -0.270077 -0.557487 0.409396 -0.26 -0.557985 0.250881 -0.341087 -0.193781 0.33144 -0.336205 -0.540579 0.277308 -0.349434 -0.217127 0.361888 -0.316114 -0.55659 0.259866 -0.34495 -0.200888 0.3025 -0.349434 -0.505077 0.2082639 -0.316114 -0.177533 0.393758 -0.289725 -0.560124 0.23995 -0.336205 -0.1881459 0.218551 -0.32364 -0.179971 0.316857 -0.34495 -0.524098 0.196897 -0.307883 -0.177091 0.353912 -0.32364 -0.551871 0.176342 -0.289725 -0.179828 0.374736 -0.307883 -0.558468 0.414717 -0.270077 -0.554366 0.422456 -0.26 -0.550356 0.226409 -0.330365 -0.184687 0.218551 -0.32364 -0.179971 0.345351 -0.330365 -0.546248 0.273485 -0.349434 -0.217854 0.347039 -0.32364 -0.553582 0.408324 -0.280027 -0.5560001 0.253646 -0.34495 -0.202686 0.262376 -0.347744 -0.210255 0.359943 -0.32364 -0.550153 0.21135 -0.32364 -0.183508 0.242972 -0.341087 -0.196447 0.351964 -0.330365 -0.544602 0.353912 -0.32364 -0.551871 0.221732 -0.330365 -0.186792 0.21135 -0.32364 -0.183508 0.199818 -0.316114 -0.1821489 0.372739 -0.316114 -0.55298 0.229686 -0.336205 -0.192237 0.413872 -0.280027 -0.552902 0.343506 -0.336205 -0.538227 0.256523 -0.347744 -0.211948 0.264951 -0.349434 -0.219867 0.214803 -0.330365 -0.190195 0.22521 -0.336205 -0.194252 0.349834 -0.336205 -0.536651 0.426997 -0.26 -0.348795 0.4275 -0.26 -0.36 0.4275 -0.35 -0.36 0.426997 -0.35 -0.348795 0.425491 -0.26 -0.33768 0.425491 -0.35 -0.33768 0.422995 -0.26 -0.326745 0.422995 -0.35 -0.326745 0.419529 -0.26 -0.316078 0.419529 -0.35 -0.316078 0.415121 -0.26 -0.305765 0.415121 -0.35 -0.305765 0.409806 -0.35 -0.295888 0.409806 -0.26 -0.295888 0.403627 -0.26 -0.286527 0.403627 -0.35 -0.286527 0.396634 -0.26 -0.277758 0.396634 -0.35 -0.277758 0.388883 -0.26 -0.269651 0.388883 -0.35 -0.269651 0.380436 -0.26 -0.262271 0.371362 -0.26 -0.255678 0.380436 -0.35 -0.262271 0.371362 -0.35 -0.255678 0.361734 -0.26 -0.249926 0.361734 -0.35 -0.249926 0.351628 -0.26 -0.245059 0.361734 -0.26 -0.249926 0.361734 -0.35 -0.249926 0.351628 -0.35 -0.245059 0.341127 -0.26 -0.241118 0.341127 -0.35 -0.241118 0.330315 -0.26 -0.238134 0.330315 -0.35 -0.238134 0.319279 -0.35 -0.236131 0.319279 -0.26 -0.236131 0.308108 -0.35 -0.235126 0.308108 -0.26 -0.235126 0.296892 -0.26 -0.235126 0.296892 -0.35 -0.235126 0.285721 -0.35 -0.236131 0.285721 -0.26 -0.236131 0.274685 -0.26 -0.238134 0.274685 -0.35 -0.238134 0.263873 -0.35 -0.241118 0.263873 -0.26 -0.241118 0.253372 -0.35 -0.245059 0.253372 -0.26 -0.245059 0.243266 -0.35 -0.249926 0.243266 -0.26 -0.249926 0.233638 -0.26 -0.255678 0.233638 -0.35 -0.255678 0.224564 -0.35 -0.262271 0.224564 -0.26 -0.262271 0.216117 -0.35 -0.269651 0.216117 -0.26 -0.269651 0.208366 -0.35 -0.277758 0.208366 -0.26 -0.277758 0.201373 -0.26 -0.286527 0.201373 -0.35 -0.286527 0.195194 -0.35 -0.295888 0.195194 -0.26 -0.295888 0.189879 -0.26 -0.305765 0.195194 -0.26 -0.295888 0.189879 -0.35 -0.305765 0.1854709 -0.26 -0.316078 0.195194 -0.35 -0.295888 0.1854709 -0.35 -0.316078 0.182005 -0.26 -0.326745 0.182005 -0.35 -0.326745 0.179509 -0.26 -0.33768 0.179509 -0.35 -0.33768 0.178003 -0.26 -0.348795 0.178003 -0.35 -0.348795 0.1775 -0.26 -0.36 0.1775 -0.35 -0.36 0.178003 -0.26 -0.371205 0.178003 -0.35 -0.371205 0.179509 -0.26 -0.38232 0.179509 -0.35 -0.38232 0.182005 -0.26 -0.393255 0.182005 -0.35 -0.393255 0.1854709 -0.35 -0.403922 0.1854709 -0.26 -0.403922 0.189879 -0.35 -0.414236 0.189879 -0.26 -0.414236 0.195194 -0.26 -0.424112 0.195194 -0.35 -0.424112 0.201373 -0.35 -0.433473 0.201373 -0.26 -0.433473 0.208366 -0.26 -0.442242 0.208366 -0.35 -0.442242 0.216117 -0.26 -0.450349 0.216117 -0.35 -0.450349 0.224564 -0.26 -0.457729 0.224564 -0.35 -0.457729 0.233638 -0.26 -0.464322 0.233638 -0.35 -0.464322 0.243266 -0.26 -0.470074 0.233638 -0.26 -0.464322 0.243266 -0.35 -0.470074 0.233638 -0.35 -0.464322 0.253372 -0.26 -0.474941 0.253372 -0.35 -0.474941 0.263873 -0.26 -0.478882 0.263873 -0.35 -0.478882 0.274685 -0.26 -0.481866 0.274685 -0.35 -0.481866 0.285721 -0.26 -0.483869 0.285721 -0.35 -0.483869 0.296892 -0.26 -0.484874 0.296892 -0.35 -0.484874 0.308108 -0.26 -0.484874 0.308108 -0.35 -0.484874 0.319279 -0.26 -0.483869 0.319279 -0.35 -0.483869 0.330315 -0.26 -0.481866 0.330315 -0.35 -0.481866 0.341127 -0.26 -0.478882 0.341127 -0.35 -0.478882 0.351628 -0.26 -0.474941 0.351628 -0.35 -0.474941 0.361734 -0.26 -0.470074 0.361734 -0.35 -0.470074 0.371362 -0.26 -0.464322 0.371362 -0.35 -0.464322 0.380436 -0.26 -0.457729 0.380436 -0.35 -0.457729 0.388883 -0.26 -0.450349 0.388883 -0.35 -0.450349 0.396634 -0.26 -0.442242 0.396634 -0.35 -0.442242 0.403627 -0.26 -0.433473 0.403627 -0.35 -0.433473 0.409806 -0.26 -0.424112 0.409806 -0.35 -0.424112 0.409806 -0.26 -0.424112 0.409806 -0.35 -0.424112 0.415121 -0.35 -0.414236 0.415121 -0.26 -0.414236 0.419529 -0.26 -0.403922 0.419529 -0.35 -0.403922 0.422995 -0.35 -0.393255 0.422995 -0.26 -0.393255 0.425491 -0.35 -0.38232 0.425491 -0.26 -0.38232 0.426997 -0.26 -0.371205 0.426997 -0.35 -0.371205 0.503317 -0.17 -0.461477 0.509646 -0.17 -0.447838 0.515051 -0.17 -0.433806 0.5275 -0.17 -0.36 0.526998 -0.17 -0.344972 0.519506 -0.17 -0.419444 0.525492 -0.17 -0.33001 0.522991 -0.17 -0.404817 0.522991 -0.17 -0.315183 0.525492 -0.17 -0.38999 0.519506 -0.17 -0.300556 0.526998 -0.17 -0.375028 0.189407 -0.250669 -0.165488 0.1689659 -0.2404029 -0.17891 0.515051 -0.17 -0.286194 0.509646 -0.17 -0.272162 0.503317 -0.17 -0.258523 0.49609 -0.17 -0.2453359 0.487999 -0.17 -0.232662 0.47908 -0.17 -0.220556 0.4576 -0.202408 -0.197 0.469372 -0.17 -0.209073 0.458918 -0.17 -0.198265 0.447766 -0.17 -0.188178 0.4576 -0.227088 -0.197 0.436553 -0.216921 -0.179294 0.435965 -0.17 -0.1788589 0.436553 -0.216921 -0.179294 0.435965 -0.17 -0.1788589 0.423569 -0.17 -0.170349 0.438874 -0.238804 -0.181039 0.4131 -0.229767 -0.1640599 0.410631 -0.17 -0.162686 0.39721 -0.17 -0.1559039 0.438874 -0.238804 -0.181039 0.41723 -0.249924 -0.166449 0.405135 -0.255129 -0.159773 0.388752 -0.23997 -0.152189 0.383367 -0.17 -0.150034 0.369162 -0.17 -0.145102 0.366053 -0.246953 -0.1441619 0.35466 -0.17 -0.141129 0.342524 -0.251839 -0.138588 0.339924 -0.17 -0.138134 0.325022 -0.17 -0.13613 0.318586 -0.254492 -0.135576 0.310018 -0.17 -0.1351259 0.293968 -0.254857 -0.1351619 0.294982 -0.17 -0.1351259 0.279979 -0.17 -0.13613 0.270433 -0.252976 -0.137297 0.265076 -0.17 -0.138134 0.24788 -0.249082 -0.14173 0.25034 -0.17 -0.141129 0.2358379 -0.17 -0.145102 0.225405 -0.243067 -0.14862 0.221633 -0.17 -0.150034 0.203043 -0.234805 -0.158175 0.20779 -0.17 -0.1559039 0.194369 -0.17 -0.162686 0.181069 -0.224231 -0.170581 0.181432 -0.17 -0.170349 0.169035 -0.17 -0.1788589 0.162871 -0.213375 -0.183566 0.157234 -0.17 -0.188178 0.1474 -0.202408 -0.197 0.146082 -0.17 -0.198265 0.135628 -0.17 -0.209073 0.157745 -0.2338179 -0.187747 0.1474 -0.227088 -0.197 0.1259199 -0.17 -0.220556 0.1170009 -0.17 -0.232662 0.1170009 -0.17 -0.232662 0.10891 -0.17 -0.2453359 0.101683 -0.17 -0.258523 0.09535396 -0.17 -0.272162 0.08994996 -0.17 -0.286194 0.08549398 -0.17 -0.300556 0.08200895 -0.17 -0.315183 0.079508 -0.17 -0.33001 0.07800298 -0.17 -0.344972 0.07749998 -0.17 -0.36 0.07800298 -0.17 -0.375028 0.079508 -0.17 -0.38999 0.08200895 -0.17 -0.404817 0.08549398 -0.17 -0.419444 0.08994996 -0.17 -0.433806 0.09535396 -0.17 -0.447838 0.101683 -0.17 -0.461477 0.10891 -0.17 -0.474664 0.1170009 -0.17 -0.487338 0.1259199 -0.17 -0.499444 0.135628 -0.17 -0.510927 0.146082 -0.17 -0.521735 0.157234 -0.17 -0.531822 0.169035 -0.17 -0.541141 0.181432 -0.17 -0.549651 0.194369 -0.17 -0.557314 0.194369 -0.17 -0.557314 0.20779 -0.17 -0.564096 0.221633 -0.17 -0.569966 0.2358379 -0.17 -0.574898 0.25034 -0.17 -0.578871 0.265076 -0.17 -0.581866 0.279979 -0.17 -0.58387 0.294982 -0.17 -0.584874 0.310018 -0.17 -0.584874 0.325022 -0.17 -0.58387 0.339924 -0.17 -0.581866 0.35466 -0.17 -0.578871 0.369162 -0.17 -0.574898 0.383367 -0.17 -0.569966 0.39721 -0.17 -0.564096 0.410631 -0.17 -0.557314 0.423569 -0.17 -0.549651 0.435965 -0.17 -0.541141 0.447766 -0.17 -0.531822 0.458918 -0.17 -0.521735 0.469372 -0.17 -0.510927 0.47908 -0.17 -0.499444 0.487999 -0.17 -0.487338 0.49609 -0.17 -0.474664 0.49609 -0.17 -0.474664 0.212918 -0.26 -0.153602 0.215214 -0.26078 -0.037 0.198562 -0.254602 -0.037 0.189407 -0.250669 -0.165488 0.500281 -0.19107 -0.197 0.51866 -0.17 -0.197 0.507235 -0.1835989 -0.037 0.51866 -0.17 -0.037 0.479857 -0.210165 -0.197 0.500281 -0.19107 -0.197 0.494956 -0.1964319 -0.037 0.494956 -0.1964319 -0.037 0.182344 -0.247361 -0.037 0.1689659 -0.2404029 -0.17891 0.481874 -0.208446 -0.037 0.166627 -0.239089 -0.037 0.157745 -0.2338179 -0.187747 0.4576 -0.227088 -0.197 0.468044 -0.219591 -0.037 0.438874 -0.238804 -0.181039 0.453524 -0.2298189 -0.037 0.151476 -0.2298189 -0.037 0.1474 -0.227088 -0.197 0.41723 -0.249924 -0.166449 0.438373 -0.239089 -0.037 0.125143 -0.210165 -0.197 0.136956 -0.219591 -0.037 0.123126 -0.208446 -0.037 0.104719 -0.19107 -0.197 0.110044 -0.1964319 -0.037 0.422656 -0.247361 -0.037 0.405135 -0.255129 -0.159773 0.406438 -0.254602 -0.037 0.392082 -0.26 -0.153602 0.08633995 -0.17 -0.197 0.104719 -0.19107 -0.197 0.09776496 -0.1835989 -0.037 0.110044 -0.1964319 -0.037 0.08633995 -0.17 -0.037 0.370015 -0.266583 -0.145621 0.389786 -0.26078 -0.037 0.37277 -0.265871 -0.037 0.349589 -0.270938 -0.1406649 0.35546 -0.269852 -0.037 0.328314 -0.273786 -0.137555 0.33793 -0.272708 -0.037 0.320252 -0.274426 -0.037 0.304029 -0.274996 -0.136263 0.3025 -0.275 -0.037 0.284748 -0.274426 -0.037 0.279349 -0.274024 -0.137299 0.26707 -0.272708 -0.037 0.257643 -0.271317 -0.140246 0.24954 -0.269852 -0.037 0.235846 -0.2668 -0.1453689 0.232231 -0.265871 -0.037 0.223425 -0.263386 -0.149421 0.380436 -0.26 -0.457729 0.388883 -0.26 -0.450349 0.353968 -0.26 -0.414553 0.396634 -0.26 -0.442242 0.359953 -0.26 -0.408209 0.403627 -0.26 -0.433473 0.347287 -0.26 -0.420159 0.371362 -0.26 -0.464322 0.409806 -0.26 -0.424112 0.365162 -0.26 -0.401213 0.34 -0.26 -0.424952 0.361734 -0.26 -0.470074 0.415121 -0.26 -0.414236 0.369522 -0.26 -0.39366 0.341127 -0.26 -0.478882 0.351628 -0.26 -0.474941 0.332206 -0.26 -0.428866 0.419529 -0.26 -0.403922 0.372977 -0.26 -0.385651 0.422995 -0.26 -0.393255 0.32401 -0.26 -0.431849 0.330315 -0.26 -0.481866 0.375478 -0.26 -0.377296 0.425491 -0.26 -0.38232 0.319279 -0.26 -0.483869 0.315524 -0.26 -0.433861 0.426997 -0.26 -0.371205 0.376993 -0.26 -0.368707 0.308108 -0.26 -0.484874 0.306861 -0.26 -0.434873 0.4275 -0.26 -0.36 0.426997 -0.26 -0.348795 0.3775 -0.26 -0.36 0.285721 -0.26 -0.483869 0.296892 -0.26 -0.484874 0.298139 -0.26 -0.434873 0.425491 -0.26 -0.33768 0.376993 -0.26 -0.351293 0.274685 -0.26 -0.481866 0.289476 -0.26 -0.433861 0.422995 -0.26 -0.326745 0.375478 -0.26 -0.342704 0.28099 -0.26 -0.431849 0.263873 -0.26 -0.478882 0.419529 -0.26 -0.316078 0.372977 -0.26 -0.334348 0.415121 -0.26 -0.305765 0.272794 -0.26 -0.428866 0.243266 -0.26 -0.470074 0.253372 -0.26 -0.474941 0.409806 -0.26 -0.295888 0.369522 -0.26 -0.32634 0.265 -0.26 -0.424952 0.233638 -0.26 -0.464322 0.403627 -0.26 -0.286527 0.365162 -0.26 -0.318787 0.257713 -0.26 -0.420159 0.224564 -0.26 -0.457729 0.396634 -0.26 -0.277758 0.359953 -0.26 -0.311791 0.251032 -0.26 -0.414553 0.216117 -0.26 -0.450349 0.353968 -0.26 -0.305447 0.388883 -0.26 -0.269651 0.208366 -0.26 -0.442242 0.245047 -0.26 -0.408209 0.347287 -0.26 -0.299841 0.380436 -0.26 -0.262271 0.201373 -0.26 -0.433473 0.239838 -0.26 -0.401213 0.34 -0.26 -0.295048 0.371362 -0.26 -0.255678 0.195194 -0.26 -0.424112 0.235478 -0.26 -0.39366 0.332206 -0.26 -0.291134 0.361734 -0.26 -0.249926 0.189879 -0.26 -0.414236 0.232023 -0.26 -0.385651 0.351628 -0.26 -0.245059 0.1854709 -0.26 -0.403922 0.32401 -0.26 -0.288151 0.341127 -0.26 -0.241118 0.182005 -0.26 -0.393255 0.229522 -0.26 -0.377296 0.315524 -0.26 -0.286139 0.330315 -0.26 -0.238134 0.228007 -0.26 -0.368707 0.179509 -0.26 -0.38232 0.306861 -0.26 -0.285127 0.319279 -0.26 -0.236131 0.178003 -0.26 -0.371205 0.2275 -0.26 -0.36 0.308108 -0.26 -0.235126 0.1775 -0.26 -0.36 0.298139 -0.26 -0.285127 0.296892 -0.26 -0.235126 0.178003 -0.26 -0.348795 0.228007 -0.26 -0.351293 0.289476 -0.26 -0.286139 0.285721 -0.26 -0.236131 0.179509 -0.26 -0.33768 0.229522 -0.26 -0.342704 0.274685 -0.26 -0.238134 0.28099 -0.26 -0.288151 0.182005 -0.26 -0.326745 0.232023 -0.26 -0.334348 0.272794 -0.26 -0.291134 0.263873 -0.26 -0.241118 0.1854709 -0.26 -0.316078 0.253372 -0.26 -0.245059 0.235478 -0.26 -0.32634 0.189879 -0.26 -0.305765 0.265 -0.26 -0.295048 0.243266 -0.26 -0.249926 0.239838 -0.26 -0.318787 0.195194 -0.26 -0.295888 0.257713 -0.26 -0.299841 0.233638 -0.26 -0.255678 0.245047 -0.26 -0.311791 0.201373 -0.26 -0.286527 0.251032 -0.26 -0.305447 0.224564 -0.26 -0.262271 0.208366 -0.26 -0.277758 0.216117 -0.26 -0.269651 0.479857 -0.210165 -0.197 0.4576 -0.227088 -0.197 0.4576 -0.202408 -0.197 0.469922 -0.19234 -0.197 0.481593 -0.181524 -0.197 0.500281 -0.19107 -0.197 0.492566 -0.17 -0.197 0.51866 -0.17 -0.197 0.190922 -0.229293 -0.12 0.20598 -0.236027 -0.12 0.203043 -0.234805 -0.158175 0.181069 -0.224231 -0.170581 0.492566 -0.17 -0.12 0.492566 -0.17 -0.197 0.481593 -0.181524 -0.197 0.176331 -0.2215999 -0.12 0.481177 -0.181933 -0.12 0.469922 -0.19234 -0.197 0.162268 -0.212979 -0.12 0.469041 -0.193104 -0.12 0.4576 -0.202408 -0.197 0.162871 -0.213375 -0.183566 0.456208 -0.203467 -0.12 0.436553 -0.216921 -0.179294 0.148792 -0.203467 -0.12 0.1474 -0.202408 -0.197 0.442732 -0.212979 -0.12 0.135959 -0.193104 -0.12 0.135078 -0.19234 -0.197 0.428669 -0.2215999 -0.12 0.4131 -0.229767 -0.1640599 0.123823 -0.181933 -0.12 0.123407 -0.181524 -0.197 0.414078 -0.229293 -0.12 0.112434 -0.17 -0.12 0.112434 -0.17 -0.197 0.39902 -0.236027 -0.12 0.388752 -0.23997 -0.152189 0.383558 -0.241774 -0.12 0.366053 -0.246953 -0.1441619 0.367757 -0.246509 -0.12 0.351683 -0.250212 -0.12 0.342524 -0.251839 -0.138588 0.335404 -0.252868 -0.12 0.318586 -0.254492 -0.135576 0.318986 -0.254467 -0.12 0.3025 -0.255 -0.12 0.293968 -0.254857 -0.1351619 0.286014 -0.254467 -0.12 0.270433 -0.252976 -0.137297 0.269596 -0.252868 -0.12 0.253317 -0.250212 -0.12 0.24788 -0.249082 -0.14173 0.2372429 -0.246509 -0.12 0.225405 -0.243067 -0.14862 0.221442 -0.241774 -0.12 0.123407 -0.181524 -0.197 0.125143 -0.210165 -0.197 0.104719 -0.19107 -0.197 0.112434 -0.17 -0.197 0.08633995 -0.17 -0.197 0.135078 -0.19234 -0.197 0.1474 -0.202408 -0.197 0.1474 -0.227088 -0.197 0.5625 -0.17 -0.1303589 0.563904 -0.17 -0.157637 0.56632 -0.17 -0.153244 0.569752 -0.17 -0.14959 0.573984 -0.17 -0.146903 0.157234 -0.17 -0.188178 0.112434 -0.17 -0.197 0.146082 -0.17 -0.198265 0.56632 -0.17 -0.596756 0.550954 -0.17 -0.606431 0.569752 -0.17 -0.60041 0.573984 -0.17 -0.603096 0.579385 -0.17 -0.624879 0.563904 -0.17 -0.592363 0.578752 -0.17 -0.604646 0.631525 -0.17 -0.190759 0.597079 -0.17 -0.178691 0.593217 -0.17 -0.181887 0.590778 -0.17 -0.219374 0.640341 -0.17 -0.209125 0.562658 -0.17 -0.587507 0.009751975 -0.17 -0.57041 -0.009551942 -0.17 -0.578931 -0.00168699 -0.17 -0.586859 0.006319999 -0.17 -0.566756 0.583756 -0.17 -0.604961 0.589665 -0.17 -0.624353 0.01398396 -0.17 -0.573097 0.008061945 -0.17 -0.592304 0.571878 -0.17 -0.1264359 0.578752 -0.17 -0.145354 0.003904998 -0.17 -0.562363 0.562658 -0.17 -0.582493 -0.01491796 -0.17 -0.569137 0.458918 -0.17 -0.521735 0.58868 -0.17 -0.604021 0.599471 -0.17 -0.621222 0.621711 -0.17 -0.172906 0.6025 -0.17 -0.165 0.601872 -0.17 -0.169974 0.600026 -0.17 -0.1746349 0.01875197 -0.17 -0.574646 0.01893699 -0.17 -0.594841 0.563904 -0.17 -0.577637 0.002657949 -0.17 -0.557507 0.469372 -0.17 -0.510927 -0.01736795 -0.17 -0.558242 0.581941 -0.17 -0.1250039 0.583756 -0.17 -0.145039 0.02375596 -0.17 -0.574961 0.622438 -0.17 -0.1627669 0.593217 -0.17 -0.601887 0.002657949 -0.17 -0.552493 0.112434 -0.17 -0.12 0.169035 -0.17 -0.1788589 -0.01671099 -0.17 -0.547095 0.601872 -0.17 -0.160026 0.592041 -0.17 -0.126155 0.58868 -0.17 -0.145979 0.608152 -0.17 -0.615691 0.02867996 -0.17 -0.574021 0.56632 -0.17 -0.573244 0.620585 -0.17 -0.152772 0.600026 -0.17 -0.155365 0.597079 -0.17 -0.598691 0.003904998 -0.17 -0.547638 0.601525 -0.17 -0.129814 0.593217 -0.17 -0.148113 0.03321695 -0.17 -0.571887 0.616273 -0.17 -0.143567 0.597079 -0.17 -0.151309 0.006319999 -0.17 -0.543244 -0.02617698 -0.17 -0.529917 0.60978 -0.17 -0.135746 0.03707897 -0.17 -0.568691 0.02249997 -0.17 -0.7 0.615135 -0.17 -0.608129 0.600026 -0.17 -0.594635 0.009751975 -0.17 -0.53959 0.181432 -0.17 -0.170349 0.5625 -0.17 -0.037 0.51866 -0.17 -0.037 0.08633995 -0.17 -0.197 0.08633995 -0.17 -0.037 0.04249995 -0.17 -0.1303589 0.04187196 -0.17 -0.160026 0.492566 -0.17 -0.12 0.294982 -0.17 -0.1351259 0.310018 -0.17 -0.1351259 0.325022 -0.17 -0.13613 0.339924 -0.17 -0.138134 0.35466 -0.17 -0.141129 0.369162 -0.17 -0.145102 0.383367 -0.17 -0.150034 0.01398396 -0.17 -0.536904 0.279979 -0.17 -0.13613 0.265076 -0.17 -0.138134 0.25034 -0.17 -0.141129 0.2358379 -0.17 -0.145102 -0.03471899 -0.17 -0.512261 0.221633 -0.17 -0.150034 0.51866 -0.17 -0.197 0.562658 -0.17 -0.162493 0.619957 -0.17 -0.599034 0.01875197 -0.17 -0.535354 -0.04231297 -0.17 -0.494178 0.601872 -0.17 -0.589974 0.02375596 -0.17 -0.53504 0.194369 -0.17 -0.162686 0.622299 -0.17 -0.58901 0.6025 -0.17 -0.585 0.5731 -0.17 -0.530809 0.569752 -0.17 -0.56959 0.573984 -0.17 -0.566904 0.578752 -0.17 -0.565354 0.47908 -0.17 -0.499444 0.487999 -0.17 -0.487338 0.49609 -0.17 -0.474664 0.573428 -0.17 -0.530753 0.146082 -0.17 -0.521735 0.04249995 -0.17 -0.555 0.04187196 -0.17 -0.559974 0.573757 -0.17 -0.530699 0.622004 -0.17 -0.578721 0.601872 -0.17 -0.580026 0.135628 -0.17 -0.510927 0.04187196 -0.17 -0.550026 0.574087 -0.17 -0.530647 0.583756 -0.17 -0.56504 0.58868 -0.17 -0.565979 0.157234 -0.17 -0.531822 0.04249995 -0.17 -0.037 0.04002594 -0.17 -0.564635 0.619094 -0.17 -0.568847 0.600026 -0.17 -0.575365 0.1259199 -0.17 -0.499444 0.04002594 -0.17 -0.545365 0.20779 -0.17 -0.1559039 0.61376 -0.17 -0.560044 0.593217 -0.17 -0.568113 0.597079 -0.17 -0.571309 0.169035 -0.17 -0.541141 0.1170009 -0.17 -0.487338 0.03707897 -0.17 -0.541309 0.584907 -0.17 -0.510488 0.503317 -0.17 -0.461477 0.181432 -0.17 -0.549651 0.10891 -0.17 -0.474664 0.03321695 -0.17 -0.538113 0.624298 -0.17 -0.542608 0.585803 -0.17 -0.510397 0.194369 -0.17 -0.557314 0.101683 -0.17 -0.461477 0.02867996 -0.17 -0.535979 0.59519 -0.17 -0.489354 0.509646 -0.17 -0.447838 0.20779 -0.17 -0.564096 0.633861 -0.17 -0.52462 0.09535396 -0.17 -0.447838 0.596012 -0.17 -0.489346 0.221633 -0.17 -0.569966 0.08994996 -0.17 -0.433806 0.64242 -0.17 -0.506132 0.603895 -0.17 -0.467523 0.515051 -0.17 -0.433806 -0.04893898 -0.17 -0.475718 0.60466 -0.17 -0.467606 0.2358379 -0.17 -0.574898 0.08549398 -0.17 -0.419444 -0.05921196 -0.17 -0.437875 -0.05457699 -0.17 -0.456933 0.649948 -0.17 -0.487201 0.610974 -0.17 -0.445111 0.519506 -0.17 -0.419444 0.25034 -0.17 -0.578871 0.522991 -0.17 -0.404817 0.08200895 -0.17 -0.404817 -0.06282997 -0.17 -0.418599 0.265076 -0.17 -0.581866 0.079508 -0.17 -0.38999 0.656422 -0.17 -0.467884 0.6117 -0.17 -0.445295 0.616389 -0.17 -0.422241 -0.06542199 -0.17 -0.399158 0.525492 -0.17 -0.38999 0.279979 -0.17 -0.58387 0.07800298 -0.17 -0.375028 -0.06698 -0.17 -0.379606 0.661824 -0.17 -0.448241 0.07749998 -0.17 -0.36 0.617095 -0.17 -0.422529 -0.06698 -0.17 -0.340394 -0.06749999 -0.17 -0.36 0.62011 -0.17 -0.399035 0.526998 -0.17 -0.375028 0.5275 -0.17 -0.36 0.07800298 -0.17 -0.344972 -0.06542199 -0.17 -0.320843 0.079508 -0.17 -0.33001 -0.06282997 -0.17 -0.301401 0.666136 -0.17 -0.42833 0.620816 -0.17 -0.399431 0.08200895 -0.17 -0.315183 -0.05921196 -0.17 -0.282125 0.4725 -0.17 -0.7 0.294982 -0.17 -0.584874 0.310018 -0.17 -0.584874 0.325022 -0.17 -0.58387 0.339924 -0.17 -0.581866 0.35466 -0.17 -0.578871 0.08549398 -0.17 -0.300556 -0.04893898 -0.17 -0.244282 -0.05457699 -0.17 -0.263067 0.369162 -0.17 -0.574898 0.08994996 -0.17 -0.286194 -0.04231297 -0.17 -0.225822 0.383367 -0.17 -0.569966 0.669346 -0.17 -0.408211 0.671443 -0.17 -0.387947 0.006319999 -0.17 -0.176756 -0.01671099 -0.17 -0.172906 -0.02617698 -0.17 -0.190083 0.009751975 -0.17 -0.18041 0.01398396 -0.17 -0.183096 -0.03471899 -0.17 -0.2077389 0.492566 -0.17 -0.197 0.47908 -0.17 -0.220556 0.487999 -0.17 -0.232662 0.469372 -0.17 -0.209073 0.458918 -0.17 -0.198265 0.447766 -0.17 -0.188178 0.003904998 -0.17 -0.172362 0.62011 -0.17 -0.320965 0.526998 -0.17 -0.344972 0.525492 -0.17 -0.33001 0.522991 -0.17 -0.315183 0.39721 -0.17 -0.564096 0.01875197 -0.17 -0.184646 0.002657949 -0.17 -0.1675069 -0.01743799 -0.17 -0.1627669 0.02375596 -0.17 -0.18496 0.09535396 -0.17 -0.272162 0.002657949 -0.17 -0.162493 -0.01558494 -0.17 -0.152772 0.672422 -0.17 -0.367598 0.62058 -0.17 -0.3993 0.620345 -0.17 -0.399168 0.02867996 -0.17 -0.1840209 0.101683 -0.17 -0.258523 0.49609 -0.17 -0.2453359 0.503317 -0.17 -0.258523 0.003904998 -0.17 -0.157637 -0.01127296 -0.17 -0.143567 0.67228 -0.17 -0.347225 0.620345 -0.17 -0.320832 0.62058 -0.17 -0.3207 0.620816 -0.17 -0.320569 0.006319999 -0.17 -0.153244 0.613849 -0.17 -0.286094 0.519506 -0.17 -0.300556 0.410631 -0.17 -0.557314 -0.004779994 -0.17 -0.135746 0.671016 -0.17 -0.326892 0.009751975 -0.17 -0.14959 0.603771 -0.17 -0.252129 0.515051 -0.17 -0.286194 0.509646 -0.17 -0.272162 0.668635 -0.17 -0.306659 0.589999 -0.17 -0.2194859 0.00347495 -0.17 -0.129814 0.01398396 -0.17 -0.146903 0.423569 -0.17 -0.549651 0.435965 -0.17 -0.1788589 0.423569 -0.17 -0.170349 0.410631 -0.17 -0.162686 0.39721 -0.17 -0.1559039 0.665144 -0.17 -0.286588 0.614548 -0.17 -0.2858 0.56632 -0.17 -0.176756 0.569752 -0.17 -0.18041 0.012959 -0.17 -0.126155 0.01875197 -0.17 -0.145354 0.573984 -0.17 -0.183096 0.04249995 -0.17 -0.165 0.04187196 -0.17 -0.169974 0.563904 -0.17 -0.172362 0.04002594 -0.17 -0.1746349 0.03707897 -0.17 -0.178691 0.03321695 -0.17 -0.181887 0.660554 -0.17 -0.266739 0.10891 -0.17 -0.2453359 0.1170009 -0.17 -0.232662 0.578752 -0.17 -0.184646 0.562658 -0.17 -0.1675069 0.02305895 -0.17 -0.1250039 0.02375596 -0.17 -0.145039 0.583756 -0.17 -0.18496 0.590518 -0.17 -0.219412 0.590259 -0.17 -0.2194499 0.033122 -0.17 -0.1264359 0.02867996 -0.17 -0.145979 0.58868 -0.17 -0.1840209 0.03321695 -0.17 -0.148113 0.03707897 -0.17 -0.151309 0.04002594 -0.17 -0.155365 0.654878 -0.17 -0.247173 0.604495 -0.17 -0.251931 0.1259199 -0.17 -0.220556 0.135628 -0.17 -0.209073 0.648134 -0.17 -0.227949 0.435965 -0.17 -0.541141 0.447766 -0.17 -0.531822 0.5625 -0.35 -0.037 0.33793 -0.272708 -0.037 0.35546 -0.269852 -0.037 0.494956 -0.1964319 -0.037 0.5625 -0.17 -0.037 0.04249995 -0.35 -0.037 0.3025 -0.275 -0.037 0.320252 -0.274426 -0.037 0.284748 -0.274426 -0.037 0.26707 -0.272708 -0.037 0.09776496 -0.1835989 -0.037 0.04249995 -0.17 -0.037 0.08633995 -0.17 -0.037 0.110044 -0.1964319 -0.037 0.136956 -0.219591 -0.037 0.151476 -0.2298189 -0.037 0.123126 -0.208446 -0.037 0.166627 -0.239089 -0.037 0.182344 -0.247361 -0.037 0.198562 -0.254602 -0.037 0.215214 -0.26078 -0.037 0.232231 -0.265871 -0.037 0.24954 -0.269852 -0.037 0.507235 -0.1835989 -0.037 0.51866 -0.17 -0.037 0.481874 -0.208446 -0.037 0.468044 -0.219591 -0.037 0.453524 -0.2298189 -0.037 0.438373 -0.239089 -0.037 0.422656 -0.247361 -0.037 0.406438 -0.254602 -0.037 0.389786 -0.26078 -0.037 0.37277 -0.265871 -0.037 0.376993 -0.26 -0.368707 0.3775 -0.26 -0.36 0.3775 -0.16 -0.36 0.376993 -0.16 -0.368707 0.375478 -0.26 -0.377296 0.375478 -0.16 -0.377296 0.372977 -0.16 -0.385652 0.372977 -0.26 -0.385651 0.369522 -0.26 -0.39366 0.369522 -0.16 -0.39366 0.365162 -0.16 -0.401213 0.365162 -0.26 -0.401213 0.365162 -0.26 -0.401213 0.365162 -0.16 -0.401213 0.359953 -0.16 -0.408209 0.359953 -0.26 -0.408209 0.353968 -0.16 -0.414553 0.353968 -0.26 -0.414553 0.347287 -0.26 -0.420159 0.347287 -0.16 -0.420159 0.34 -0.16 -0.424952 0.34 -0.26 -0.424952 0.332206 -0.26 -0.428866 0.332206 -0.16 -0.428866 0.32401 -0.16 -0.431849 0.32401 -0.26 -0.431849 0.315524 -0.26 -0.433861 0.315524 -0.16 -0.433861 0.306861 -0.16 -0.434873 0.306861 -0.26 -0.434873 0.298139 -0.26 -0.434873 0.298139 -0.16 -0.434873 0.289476 -0.26 -0.433861 0.289476 -0.16 -0.433861 0.28099 -0.26 -0.431849 0.28099 -0.16 -0.431849 0.272794 -0.26 -0.428866 0.272794 -0.16 -0.428866 0.265 -0.26 -0.424952 0.265 -0.16 -0.424952 0.257713 -0.26 -0.420159 0.257713 -0.16 -0.420159 0.251032 -0.26 -0.414553 0.257713 -0.26 -0.420159 0.251032 -0.16 -0.414553 0.257713 -0.16 -0.420159 0.245047 -0.26 -0.408209 0.245047 -0.16 -0.408209 0.239838 -0.26 -0.401213 0.239838 -0.16 -0.401213 0.235478 -0.16 -0.39366 0.235478 -0.26 -0.39366 0.232023 -0.16 -0.385652 0.232023 -0.26 -0.385651 0.229522 -0.16 -0.377296 0.229522 -0.26 -0.377296 0.228007 -0.16 -0.368707 0.228007 -0.26 -0.368707 0.2275 -0.26 -0.36 0.2275 -0.16 -0.36 0.228007 -0.16 -0.351293 0.228007 -0.26 -0.351293 0.229522 -0.16 -0.342704 0.229522 -0.26 -0.342704 0.232023 -0.16 -0.334349 0.232023 -0.26 -0.334348 0.235478 -0.16 -0.32634 0.235478 -0.26 -0.32634 0.239838 -0.16 -0.318787 0.239838 -0.26 -0.318787 0.245047 -0.26 -0.311791 0.239838 -0.26 -0.318787 0.239838 -0.16 -0.318787 0.245047 -0.16 -0.311791 0.251032 -0.16 -0.305447 0.251032 -0.26 -0.305447 0.257713 -0.16 -0.299841 0.257713 -0.26 -0.299841 0.265 -0.16 -0.295048 0.265 -0.26 -0.295048 0.272794 -0.16 -0.291134 0.272794 -0.26 -0.291134 0.28099 -0.16 -0.288151 0.28099 -0.26 -0.288151 0.289476 -0.26 -0.286139 0.289476 -0.16 -0.286139 0.298139 -0.16 -0.285127 0.298139 -0.26 -0.285127 0.306861 -0.16 -0.285127 0.306861 -0.26 -0.285127 0.315524 -0.26 -0.286139 0.315524 -0.16 -0.286139 0.32401 -0.26 -0.288151 0.32401 -0.16 -0.288151 0.332206 -0.16 -0.291134 0.332206 -0.26 -0.291134 0.347287 -0.26 -0.299841 0.34 -0.26 -0.295048 0.34 -0.16 -0.295048 0.34 -0.16 -0.295048 0.34 -0.26 -0.295048 0.347287 -0.16 -0.299841 0.353968 -0.26 -0.305447 0.353968 -0.16 -0.305447 0.359953 -0.26 -0.311791 0.359953 -0.16 -0.311791 0.365162 -0.26 -0.318787 0.365162 -0.16 -0.318787 0.369522 -0.26 -0.32634 0.369522 -0.16 -0.32634 0.372977 -0.26 -0.334348 0.372977 -0.16 -0.334349 0.375478 -0.26 -0.342704 0.375478 -0.16 -0.342704 0.376993 -0.26 -0.351293 0.376993 -0.16 -0.351293 0.148792 -0.203467 -0.12 0.135959 -0.193104 -0.12 0.123823 -0.181933 -0.12 0.162268 -0.212979 -0.12 0.176331 -0.2215999 -0.12 0.112434 -0.17 -0.12 0.20598 -0.236027 -0.12 0.190922 -0.229293 -0.12 0.221442 -0.241774 -0.12 0.253317 -0.250212 -0.12 0.2372429 -0.246509 -0.12 0.3025 -0.255 -0.12 0.286014 -0.254467 -0.12 0.269596 -0.252868 -0.12 0.318986 -0.254467 -0.12 0.351683 -0.250212 -0.12 0.335404 -0.252868 -0.12 0.383558 -0.241774 -0.12 0.367757 -0.246509 -0.12 0.456208 -0.203467 -0.12 0.39902 -0.236027 -0.12 0.414078 -0.229293 -0.12 0.428669 -0.2215999 -0.12 0.442732 -0.212979 -0.12 0.469041 -0.193104 -0.12 0.492566 -0.17 -0.12 0.481177 -0.181933 -0.12 0.5625 -0.35 -0.1303589 0.5625 -0.35 -0.037 0.5625 -0.17 -0.037 0.5625 -0.17 -0.1303589 0.622438 -0.17 -0.1627669 0.621711 -0.17 -0.172906 0.621711 -0.35 -0.172905 0.622438 -0.35 -0.162766 0.620585 -0.17 -0.152772 0.620585 -0.35 -0.152772 0.616273 -0.17 -0.143567 0.616273 -0.35 -0.143566 0.60978 -0.17 -0.135746 0.601525 -0.17 -0.129814 0.60978 -0.35 -0.135746 0.601525 -0.35 -0.129814 0.592041 -0.17 -0.126155 0.601525 -0.17 -0.129814 0.592041 -0.35 -0.126155 0.581941 -0.17 -0.1250039 0.601525 -0.35 -0.129814 0.571878 -0.17 -0.1264359 0.581941 -0.35 -0.1250039 0.5625 -0.17 -0.1303589 0.571878 -0.35 -0.1264359 0.5625 -0.35 -0.1303589 0.640341 -0.17 -0.209125 0.648134 -0.35 -0.227949 0.640341 -0.35 -0.209125 0.631525 -0.17 -0.190759 0.631525 -0.35 -0.190759 0.61376 -0.17 -0.560044 0.61376 -0.35 -0.560044 0.624298 -0.35 -0.542608 0.624298 -0.17 -0.542608 0.633861 -0.17 -0.52462 0.633861 -0.35 -0.52462 0.64242 -0.17 -0.506132 0.64242 -0.35 -0.506132 0.649948 -0.17 -0.487201 0.649948 -0.35 -0.487201 0.656422 -0.17 -0.467884 0.656422 -0.35 -0.467884 0.661824 -0.17 -0.448241 0.661824 -0.35 -0.448241 0.666136 -0.17 -0.42833 0.666136 -0.35 -0.42833 0.669346 -0.17 -0.408211 0.669346 -0.35 -0.408211 0.671443 -0.17 -0.387947 0.671443 -0.35 -0.387947 0.672422 -0.17 -0.367598 0.672422 -0.35 -0.367598 0.67228 -0.17 -0.347225 0.67228 -0.35 -0.347225 0.671016 -0.17 -0.326892 0.671016 -0.35 -0.326892 0.668635 -0.17 -0.306659 0.668635 -0.35 -0.306659 0.665144 -0.17 -0.286588 0.665144 -0.35 -0.286588 0.660554 -0.17 -0.266739 0.660554 -0.35 -0.266739 0.654878 -0.35 -0.247173 0.654878 -0.17 -0.247173 0.648134 -0.17 -0.227949 0.579385 -0.17 -0.624879 0.579385 -0.35 -0.624879 0.589665 -0.35 -0.624353 0.589665 -0.17 -0.624353 0.599471 -0.17 -0.621222 0.599471 -0.35 -0.621222 0.608152 -0.17 -0.615691 0.608152 -0.35 -0.615691 0.615135 -0.17 -0.608129 0.615135 -0.35 -0.608129 0.619957 -0.17 -0.599034 0.615135 -0.17 -0.608129 0.619957 -0.35 -0.599034 0.615135 -0.35 -0.608129 0.622299 -0.17 -0.58901 0.622299 -0.35 -0.58901 0.622004 -0.17 -0.578721 0.619094 -0.17 -0.568847 0.622004 -0.35 -0.578721 0.619094 -0.35 -0.568847 0.550954 -0.17 -0.606431 0.550954 -0.35 -0.606431 0.4725 -0.17 -0.7 0.4725 -0.35 -0.7 0.02249997 -0.17 -0.7 0.02249997 -0.35 -0.7 0.01893699 -0.17 -0.594841 0.01893699 -0.35 -0.594841 0.02249997 -0.35 -0.7 0.02249997 -0.17 -0.7 -0.01736795 -0.17 -0.558242 -0.01671099 -0.17 -0.547095 -0.01671099 -0.35 -0.547095 -0.01491796 -0.17 -0.569137 -0.01736795 -0.35 -0.558242 -0.01491796 -0.35 -0.569137 -0.009551942 -0.17 -0.578931 -0.009551942 -0.35 -0.578931 -0.00168699 -0.17 -0.586859 -0.00168699 -0.35 -0.586859 0.008061945 -0.17 -0.592304 -0.00168699 -0.17 -0.586859 0.008061945 -0.35 -0.592304 -0.00168699 -0.35 -0.586859 0.01893699 -0.17 -0.594841 0.01893699 -0.35 -0.594841 -0.04231297 -0.17 -0.494178 -0.04231297 -0.35 -0.494178 -0.03471899 -0.35 -0.512261 -0.03471899 -0.17 -0.512261 -0.02617698 -0.17 -0.529917 -0.02617698 -0.35 -0.529917 -0.01671099 -0.17 -0.172906 -0.01671099 -0.35 -0.172905 -0.02617698 -0.35 -0.190083 -0.02617698 -0.17 -0.190083 -0.03471899 -0.17 -0.2077389 -0.03471899 -0.35 -0.2077389 -0.04231297 -0.17 -0.225822 -0.04231297 -0.35 -0.225822 -0.04893898 -0.17 -0.244282 -0.04893898 -0.35 -0.244282 -0.05457699 -0.17 -0.263067 -0.05457699 -0.35 -0.263067 -0.05921196 -0.17 -0.282125 -0.05921196 -0.35 -0.282125 -0.06282997 -0.17 -0.301401 -0.06282997 -0.35 -0.301401 -0.06542199 -0.17 -0.320843 -0.06542199 -0.35 -0.320843 -0.06698 -0.17 -0.340394 -0.06698 -0.35 -0.340394 -0.06749999 -0.17 -0.36 -0.06749999 -0.35 -0.36 -0.06698 -0.17 -0.379606 -0.06698 -0.35 -0.379606 -0.06542199 -0.17 -0.399158 -0.06542199 -0.35 -0.399157 -0.06282997 -0.17 -0.418599 -0.06282997 -0.35 -0.418599 -0.05921196 -0.35 -0.437875 -0.05921196 -0.17 -0.437875 -0.05457699 -0.35 -0.456933 -0.05457699 -0.17 -0.456933 -0.04893898 -0.35 -0.475718 -0.04893898 -0.17 -0.475718 0.04249995 -0.17 -0.1303589 0.04249995 -0.35 -0.1303589 0.033122 -0.35 -0.1264359 0.033122 -0.17 -0.1264359 0.02305895 -0.17 -0.1250039 0.02305895 -0.35 -0.1250039 0.012959 -0.17 -0.126155 0.012959 -0.35 -0.126155 0.00347495 -0.17 -0.129814 -0.004779994 -0.17 -0.135746 0.00347495 -0.35 -0.129814 -0.004779994 -0.35 -0.135746 -0.01127296 -0.17 -0.143567 -0.01127296 -0.35 -0.143566 -0.01558494 -0.17 -0.152772 -0.01127296 -0.17 -0.143567 -0.01127296 -0.35 -0.143566 -0.01558494 -0.35 -0.152772 -0.01743799 -0.17 -0.1627669 -0.01743799 -0.35 -0.162766 0.04249995 -0.17 -0.1303589 0.04249995 -0.17 -0.037 0.04249995 -0.35 -0.037 0.04249995 -0.35 -0.1303589 0.02375596 -0.17 -0.53504 0.02375596 0 -0.53504 0.02867996 0 -0.535979 0.02867996 -0.17 -0.535979 0.03321695 -0.17 -0.538113 0.03321695 0 -0.538113 0.04187196 -0.17 -0.559974 0.04249995 -0.17 -0.555 0.04187196 0 -0.559974 0.04249995 0 -0.555 0.03321695 -0.17 -0.538113 0.03321695 0 -0.538113 0.03707897 0 -0.541309 0.03707897 -0.17 -0.541309 0.04002594 -0.17 -0.564635 0.04002594 0 -0.564635 0.04002594 -0.17 -0.545365 0.04002594 0 -0.545365 0.04187196 -0.17 -0.550026 0.03707897 -0.17 -0.568691 0.04002594 -0.17 -0.564635 0.03707897 0 -0.568691 0.04002594 0 -0.564635 0.04187196 0 -0.550026 0.03321695 -0.17 -0.571887 0.03321695 0 -0.571887 0.02867996 -0.17 -0.574021 0.02867996 0 -0.574021 0.02375596 -0.17 -0.574961 0.02375596 0 -0.574961 0.01875197 -0.17 -0.574646 0.01875197 0 -0.574646 0.01398396 -0.17 -0.573097 0.01398396 0 -0.573097 0.009751975 -0.17 -0.57041 0.009751975 0 -0.57041 0.006319999 -0.17 -0.566756 0.009751975 -0.17 -0.57041 0.006319999 0 -0.566756 0.009751975 0 -0.57041 0.003904998 -0.17 -0.562363 0.003904998 0 -0.562363 0.002657949 -0.17 -0.557507 0.002657949 0 -0.557507 0.002657949 0 -0.552493 0.002657949 -0.17 -0.552493 0.003904998 -0.17 -0.547638 0.003904998 0 -0.547638 0.006319999 0 -0.543244 0.006319999 -0.17 -0.543244 0.006319999 -0.17 -0.543244 0.006319999 0 -0.543244 0.009751975 0 -0.53959 0.009751975 -0.17 -0.53959 0.01398396 -0.17 -0.536904 0.01398396 0 -0.536904 0.01875197 0 -0.535354 0.01875197 -0.17 -0.535354 0.02375596 -0.17 -0.145039 0.02375596 0 -0.14504 0.02867996 0 -0.145979 0.02867996 -0.17 -0.145979 0.03321695 -0.17 -0.148113 0.03321695 0 -0.148113 0.04187196 -0.17 -0.169974 0.04249995 -0.17 -0.165 0.04187196 0 -0.169974 0.04249995 0 -0.165 0.03321695 -0.17 -0.148113 0.03321695 0 -0.148113 0.03707897 0 -0.151309 0.03707897 -0.17 -0.151309 0.04002594 -0.17 -0.1746349 0.04002594 0 -0.1746349 0.04002594 -0.17 -0.155365 0.04002594 0 -0.155365 0.04187196 -0.17 -0.160026 0.03707897 -0.17 -0.178691 0.04002594 -0.17 -0.1746349 0.03707897 0 -0.178691 0.04002594 0 -0.1746349 0.04187196 0 -0.160026 0.03321695 -0.17 -0.181887 0.03321695 0 -0.181887 0.02867996 -0.17 -0.1840209 0.02867996 0 -0.1840209 0.02375596 -0.17 -0.18496 0.02375596 0 -0.18496 0.01875197 -0.17 -0.184646 0.01875197 0 -0.184646 0.01398396 -0.17 -0.183096 0.01398396 0 -0.183097 0.009751975 -0.17 -0.18041 0.009751975 0 -0.18041 0.006319999 -0.17 -0.176756 0.009751975 -0.17 -0.18041 0.006319999 0 -0.176756 0.009751975 0 -0.18041 0.003904998 -0.17 -0.172362 0.003904998 0 -0.172363 0.002657949 -0.17 -0.1675069 0.002657949 0 -0.1675069 0.002657949 0 -0.162493 0.002657949 -0.17 -0.162493 0.003904998 -0.17 -0.157637 0.003904998 0 -0.157638 0.006319999 0 -0.153244 0.006319999 -0.17 -0.153244 0.006319999 -0.17 -0.153244 0.006319999 0 -0.153244 0.009751975 0 -0.14959 0.009751975 -0.17 -0.14959 0.01398396 -0.17 -0.146903 0.01398396 0 -0.146903 0.01875197 0 -0.145354 0.01875197 -0.17 -0.145354 0.583756 -0.17 -0.145039 0.583756 0 -0.14504 0.58868 0 -0.145979 0.58868 -0.17 -0.145979 0.593217 -0.17 -0.148113 0.593217 0 -0.148113 0.601872 -0.17 -0.169974 0.6025 -0.17 -0.165 0.601872 0 -0.169974 0.6025 0 -0.165 0.593217 -0.17 -0.148113 0.593217 0 -0.148113 0.597079 0 -0.151309 0.597079 -0.17 -0.151309 0.600026 -0.17 -0.1746349 0.600026 0 -0.1746349 0.600026 -0.17 -0.155365 0.600026 0 -0.155365 0.601872 -0.17 -0.160026 0.597079 -0.17 -0.178691 0.600026 -0.17 -0.1746349 0.597079 0 -0.178691 0.600026 0 -0.1746349 0.601872 0 -0.160026 0.593217 -0.17 -0.181887 0.593217 0 -0.181887 0.58868 -0.17 -0.1840209 0.58868 0 -0.1840209 0.583756 -0.17 -0.18496 0.583756 0 -0.18496 0.578752 -0.17 -0.184646 0.578752 0 -0.184646 0.573984 -0.17 -0.183096 0.573984 0 -0.183097 0.569752 -0.17 -0.18041 0.569752 0 -0.18041 0.56632 -0.17 -0.176756 0.569752 -0.17 -0.18041 0.56632 0 -0.176756 0.569752 0 -0.18041 0.563904 -0.17 -0.172362 0.563904 0 -0.172363 0.562658 -0.17 -0.1675069 0.562658 0 -0.1675069 0.562658 0 -0.162493 0.562658 -0.17 -0.162493 0.563904 -0.17 -0.157637 0.563904 0 -0.157638 0.56632 0 -0.153244 0.56632 -0.17 -0.153244 0.56632 -0.17 -0.153244 0.56632 0 -0.153244 0.569752 0 -0.14959 0.569752 -0.17 -0.14959 0.573984 -0.17 -0.146903 0.573984 0 -0.146903 0.578752 0 -0.145354 0.578752 -0.17 -0.145354 0.590778 -0.17 -0.219374 0.590518 -0.17 -0.219412 0.590778 -0.15 -0.219374 0.590259 -0.17 -0.2194499 0.589999 -0.17 -0.2194859 0.589999 0 -0.2194859 0.604076 -0.15 -0.215591 0.604165 0 -0.215553 0.616011 -0.15 -0.208612 0.616783 0 -0.208008 0.625828 -0.15 -0.198878 0.626951 0 -0.19739 0.625828 -0.15 -0.198878 0.626951 0 -0.19739 0.632908 -0.15 -0.187002 0.633943 0 -0.184458 0.636802 -0.15 -0.173736 0.63726 0 -0.170136 0.635965 -0.34 -0.152096 0.637265 -0.34 -0.159919 0.637265 -0.15 -0.159919 0.633554 -0.34 -0.144541 0.636664 0 -0.155447 0.630081 -0.34 -0.137412 0.632198 0 -0.14144 0.625619 -0.34 -0.130856 0.624182 0 -0.1291159 0.62026 -0.34 -0.12501 0.614117 -0.34 -0.119996 0.613187 0 -0.119357 0.607316 -0.34 -0.115917 0.614117 -0.34 -0.119996 0.613187 0 -0.119357 0.6 -0.34 -0.1128579 0.6 0 -0.1128579 0.604495 -0.17 -0.251931 0.590778 -0.15 -0.219374 0.604495 -0.15 -0.251931 0.590778 -0.17 -0.219374 0.614548 -0.17 -0.2858 0.614548 -0.15 -0.2858 0.620816 -0.17 -0.320569 0.620816 -0.15 -0.320569 0.613849 -0.17 -0.286094 0.62011 -0.17 -0.320965 0.62011 0 -0.320965 0.613849 0 -0.286094 0.589999 -0.17 -0.2194859 0.603771 -0.17 -0.252129 0.603771 0 -0.252129 0.589999 0 -0.2194859 0.62011 -0.17 -0.320965 0.620816 -0.15 -0.320569 0.62011 0 -0.320965 0.630961 0 -0.316505 0.620816 -0.17 -0.399431 0.62058 -0.17 -0.3993 0.620816 -0.15 -0.399431 0.620345 -0.17 -0.399168 0.62011 -0.17 -0.399035 0.62011 0 -0.399035 0.631647 -0.15 -0.403672 0.620816 -0.15 -0.399431 0.630961 0 -0.403495 0.62011 0 -0.399035 0.643202 -0.15 -0.404995 0.642596 0 -0.405 0.654711 -0.15 -0.403312 0.654224 0 -0.403446 0.665404 -0.15 -0.398735 0.665055 0 -0.398939 0.674567 -0.15 -0.391571 0.674354 0 -0.391786 0.681588 -0.15 -0.382297 0.681487 0 -0.382472 0.685997 -0.15 -0.371534 0.681588 -0.15 -0.382297 0.685971 0 -0.371632 0.681487 0 -0.382472 0.685997 -0.15 -0.348466 0.6875 -0.15 -0.36 0.6875 0 -0.36 0.681588 -0.15 -0.337703 0.685971 0 -0.348369 0.674567 -0.15 -0.32843 0.681487 0 -0.337528 0.665404 -0.15 -0.321265 0.674354 0 -0.328214 0.665055 0 -0.321061 0.654711 -0.15 -0.316689 0.665404 -0.15 -0.321265 0.665055 0 -0.321061 0.654224 0 -0.316554 0.643202 -0.15 -0.315006 0.642596 0 -0.315 0.631647 -0.15 -0.316329 0.620345 -0.17 -0.320832 0.62058 -0.17 -0.3207 0.620816 -0.17 -0.320569 0.573757 -0.17 -0.530699 0.574087 -0.17 -0.530647 0.574087 -0.15 -0.530647 0.5731 -0.17 -0.530809 0.5731 0 -0.530809 0.581548 -0.15 -0.530008 0.58759 0 -0.530236 0.561351 -0.34 -0.635771 0.549072 -0.34 -0.628676 0.549072 0 -0.628676 0.575037 -0.34 -0.639491 0.561351 -0.34 -0.635771 0.56165 0 -0.635895 0.56165 0 -0.635895 0.589218 -0.34 -0.639588 0.575677 0 -0.639575 0.602953 -0.34 -0.636056 0.590178 0 -0.639461 0.615328 -0.34 -0.629128 0.604146 0 -0.635562 0.625521 -0.34 -0.619267 0.616609 0 -0.628146 0.632852 -0.34 -0.607127 0.625521 -0.34 -0.619267 0.6267 0 -0.617732 0.6267 0 -0.617732 0.636837 -0.34 -0.593517 0.633719 0 -0.605041 0.637208 -0.34 -0.57934 0.637177 0 -0.590958 0.636833 0 -0.57646 0.633942 -0.34 -0.565539 0.633942 -0.15 -0.565539 0.630821 -0.15 -0.558731 0.632712 0 -0.562556 0.621967 -0.15 -0.546694 0.626805 -0.15 -0.55241 0.6251 0 -0.550212 0.610199 -0.15 -0.537484 0.616397 -0.15 -0.541687 0.614527 0 -0.540287 0.616397 -0.15 -0.541687 0.614527 0 -0.540287 0.601727 0 -0.53347 0.596386 -0.15 -0.531782 0.603487 -0.15 -0.534162 0.589028 -0.15 -0.530389 0.573428 -0.17 -0.530753 0.584907 -0.17 -0.510488 0.5731 -0.17 -0.530809 0.5731 0 -0.530809 0.59519 -0.17 -0.489354 0.584907 0 -0.510488 0.603895 -0.17 -0.467523 0.59519 0 -0.489354 0.610974 -0.17 -0.445111 0.603895 0 -0.467523 0.616389 -0.17 -0.422241 0.610974 0 -0.445111 0.62011 -0.17 -0.399035 0.616389 0 -0.422241 0.62011 0 -0.399035 0.617095 -0.15 -0.422529 0.617095 -0.17 -0.422529 0.6117 -0.15 -0.445295 0.6117 -0.17 -0.445295 0.60466 -0.15 -0.467606 0.60466 -0.17 -0.467606 0.596012 -0.15 -0.489346 0.596012 -0.17 -0.489346 0.585803 -0.15 -0.510397 0.585803 -0.17 -0.510397 0.574087 -0.15 -0.530647 0.574087 -0.17 -0.530647 0.583756 -0.17 -0.56504 0.583756 0 -0.56504 0.58868 0 -0.565979 0.58868 -0.17 -0.565979 0.593217 -0.17 -0.568113 0.593217 0 -0.568113 0.601872 -0.17 -0.589974 0.6025 -0.17 -0.585 0.601872 0 -0.589974 0.6025 0 -0.585 0.593217 -0.17 -0.568113 0.593217 0 -0.568113 0.597079 0 -0.571309 0.597079 -0.17 -0.571309 0.600026 -0.17 -0.594635 0.600026 0 -0.594635 0.600026 -0.17 -0.575365 0.600026 0 -0.575365 0.601872 -0.17 -0.580026 0.597079 -0.17 -0.598691 0.600026 -0.17 -0.594635 0.597079 0 -0.598691 0.600026 0 -0.594635 0.601872 0 -0.580026 0.593217 -0.17 -0.601887 0.593217 0 -0.601887 0.58868 -0.17 -0.604021 0.58868 0 -0.604021 0.583756 -0.17 -0.604961 0.583756 0 -0.604961 0.578752 -0.17 -0.604646 0.578752 0 -0.604646 0.573984 -0.17 -0.603096 0.573984 0 -0.603096 0.569752 -0.17 -0.60041 0.569752 0 -0.60041 0.56632 -0.17 -0.596756 0.569752 -0.17 -0.60041 0.56632 0 -0.596756 0.569752 0 -0.60041 0.563904 -0.17 -0.592363 0.563904 0 -0.592363 0.562658 -0.17 -0.587507 0.562658 0 -0.587507 0.562658 0 -0.582493 0.562658 -0.17 -0.582493 0.563904 -0.17 -0.577637 0.563904 0 -0.577637 0.56632 0 -0.573244 0.56632 -0.17 -0.573244 0.56632 -0.17 -0.573244 0.56632 0 -0.573244 0.569752 0 -0.56959 0.569752 -0.17 -0.56959 0.573984 -0.17 -0.566904 0.573984 0 -0.566904 0.578752 0 -0.565354 0.578752 -0.17 -0.565354 0.4725 -0.35 0 0.535965 -0.35 0.07182395 0.524191 -0.35 0.080536 0.515134 -0.35 0.092045 -0.01491796 -0.35 -0.569137 -0.01736795 -0.35 -0.558242 -0.233556 -0.35 -0.652047 -0.220447 -0.35 -0.671992 0.509436 -0.35 0.1055369 0.5075 -0.35 0.120055 -0.02617698 -0.35 -0.529917 -0.03471899 -0.35 -0.512261 -0.245788 -0.35 -0.631552 -0.04231297 -0.35 -0.494178 -0.257119 -0.35 -0.610546 -0.267528 -0.35 -0.589068 -0.04893898 -0.35 -0.475718 -0.276995 -0.35 -0.567158 -0.05457699 -0.35 -0.456933 -0.285503 -0.35 -0.544858 -0.293036 -0.35 -0.522211 0.677281 -0.35 -0.683527 0.690899 -0.35 -0.663926 0.608152 -0.35 -0.615691 -0.299578 -0.35 -0.499257 0.615135 -0.35 -0.608129 0.703653 -0.35 -0.643752 -0.05921196 -0.35 -0.437875 0.599471 -0.35 -0.621222 0.647561 -0.35 -0.720867 0.662826 -0.35 -0.70252 0.619957 -0.35 -0.599034 0.71552 -0.35 -0.623043 -0.305119 -0.35 -0.476042 0.589665 -0.35 -0.624353 -0.06282997 -0.35 -0.418599 0.631513 -0.35 -0.738535 0.622299 -0.35 -0.58901 0.726477 -0.35 -0.60184 -0.02617698 -0.35 -0.190083 -0.01671099 -0.35 -0.172905 -0.01743799 -0.35 -0.162766 -0.309647 -0.35 -0.452608 0.614715 -0.35 -0.755489 0.579385 -0.35 -0.624879 -0.06542199 -0.35 -0.399157 0.622004 -0.35 -0.578721 0.736505 -0.35 -0.580181 -0.313155 -0.35 -0.428999 -0.315635 -0.35 -0.405261 0.273135 -0.35 -0.908497 0.296893 -0.35 -0.906217 0.4725 -0.35 -0.7 0.320531 -0.35 -0.90291 0.344002 -0.35 -0.898579 0.367263 -0.35 -0.893234 0.390271 -0.35 -0.886886 0.412981 -0.35 -0.879545 0.435352 -0.35 -0.871225 0.457341 -0.35 -0.861943 0.478906 -0.35 -0.851716 0.500007 -0.35 -0.840562 0.520605 -0.35 -0.828504 -0.06698 -0.35 -0.379606 0.540659 -0.35 -0.815563 0.033122 -0.35 -0.1264359 0.04249995 -0.35 -0.1303589 0.04249995 -0.35 -0.037 0.560134 -0.35 -0.801765 0.02305895 -0.35 -0.1250039 0.578992 -0.35 -0.787134 0.012959 -0.35 -0.126155 0.597197 -0.35 -0.7717 0.624298 -0.35 -0.542608 0.619094 -0.35 -0.568847 0.61376 -0.35 -0.560044 -0.317082 -0.35 -0.381438 0.2493 -0.35 -0.909743 -0.06749999 -0.35 -0.36 0.633861 -0.35 -0.52462 -0.317495 -0.35 -0.357574 0.745583 -0.35 -0.558107 0.550954 -0.35 -0.606431 -0.316871 -0.35 -0.333714 -0.06698 -0.35 -0.340394 0.00347495 -0.35 -0.129814 -0.05878597 -0.35 -0.07133197 -0.004779994 -0.35 -0.135746 -0.01127296 -0.35 -0.143566 -0.01558494 -0.35 -0.152772 0.64242 -0.35 -0.506132 0.753694 -0.35 -0.53566 0.1324999 -0.35 0 0.08249998 -0.35 0.08224999 0.07163095 -0.35 0.07334798 0.760825 -0.35 -0.512883 0.649948 -0.35 -0.487201 0.09075796 -0.35 0.093616 -0.315214 -0.35 -0.309904 -0.06542199 -0.35 -0.320843 0.656422 -0.35 -0.467884 -0.07878595 -0.35 -0.07133197 0.76696 -0.35 -0.489817 -0.03471899 -0.35 -0.2077389 0.05886197 -0.35 0.06748998 0.661824 -0.35 -0.448241 0.772089 -0.35 -0.466508 0.09586799 -0.35 0.106702 0.04502397 -0.35 0.06505799 0.666136 -0.35 -0.42833 0.09749597 -0.35 0.120657 0.776202 -0.35 -0.442997 0.779291 -0.35 -0.41933 0.669346 -0.35 -0.408211 -0.06282997 -0.35 -0.301401 -0.312525 -0.35 -0.286189 0.03102296 -0.35 0.06621098 0.78135 -0.35 -0.395552 0.671443 -0.35 -0.387947 0.782376 -0.35 -0.371706 -0.308809 -0.35 -0.262612 0.01776999 -0.35 0.07087296 0.782366 -0.35 -0.347839 0.672422 -0.35 -0.367598 -0.304074 -0.35 -0.239219 -0.05921196 -0.35 -0.282125 0.006130993 -0.35 0.07874095 0.78132 -0.35 -0.323994 0.67228 -0.35 -0.347225 0.779241 -0.35 -0.300217 0.671016 -0.35 -0.326892 -0.280383 -0.35 -0.185465 -0.298329 -0.35 -0.216053 0.776133 -0.35 -0.276553 0.668635 -0.35 -0.306659 -0.271668 -0.35 -0.17504 -0.05457699 -0.35 -0.263067 -0.04893898 -0.35 -0.244282 -0.291584 -0.35 -0.193159 0.772001 -0.35 -0.253046 0.665144 -0.35 -0.286588 -0.266081 -0.35 -0.162654 -0.04231297 -0.35 -0.225822 -0.264035 -0.35 -0.1492199 -0.265682 -0.35 -0.1357319 0.766852 -0.35 -0.22974 0.660554 -0.35 -0.266739 -0.2709 -0.35 -0.123185 0.760698 -0.35 -0.2066799 0.654878 -0.35 -0.247173 -0.279304 -0.35 -0.112507 0.753549 -0.35 -0.183908 0.648134 -0.35 -0.227949 -0.2125 -0.35 0.12 -0.290272 -0.35 -0.104485 0.09553599 -0.35 0.134568 0.509465 -0.35 0.134568 -0.003134965 -0.35 0.08930099 -0.01249998 -0.35 0.12 0.5625 -0.35 -0.037 0.745418 -0.35 -0.161468 0.640341 -0.35 -0.209125 0.736322 -0.35 -0.139402 0.631525 -0.35 -0.190759 0.726277 -0.35 -0.117751 0.622438 -0.35 -0.162766 0.621711 -0.35 -0.172905 0.715302 -0.35 -0.09655696 0.620585 -0.35 -0.152772 0.616273 -0.35 -0.143566 0.703418 -0.35 -0.07585799 0.60978 -0.35 -0.135746 0.690647 -0.35 -0.05569499 0.601525 -0.35 -0.129814 0.02249997 -0.35 -0.7 -0.06754696 -0.35 -0.820946 -0.04726594 -0.35 -0.83353 -0.02645897 -0.35 -0.845222 -0.005163967 -0.35 -0.8560001 0.01657897 -0.35 -0.865844 0.03872895 -0.35 -0.874736 0.06124299 -0.35 -0.882658 0.08407998 -0.35 -0.889596 0.107196 -0.35 -0.895536 0.130549 -0.35 -0.900468 0.154093 -0.35 -0.904383 0.177785 -0.35 -0.907272 0.2015799 -0.35 -0.90913 0.2254329 -0.35 -0.909955 -0.08726298 -0.35 -0.807495 0.677013 -0.35 -0.03610497 0.592041 -0.35 -0.126155 -0.106377 -0.35 -0.7932 -0.124852 -0.35 -0.77809 -0.142655 -0.35 -0.762193 0.01893699 -0.35 -0.594841 0.008061945 -0.35 -0.592304 0.662542 -0.35 -0.01712399 0.647262 -0.35 0.001209974 0.6312 -0.35 0.01886498 0.581941 -0.35 -0.1250039 0.571878 -0.35 -0.1264359 0.5625 -0.35 -0.1303589 -0.1597509 -0.35 -0.745538 -0.00168699 -0.35 -0.586859 0.614387 -0.35 0.035806 -0.009551942 -0.35 -0.578931 -0.176108 -0.35 -0.728157 0.596856 -0.35 0.05200099 -0.191696 -0.35 -0.710083 -0.01671099 -0.35 -0.547095 0.578638 -0.35 0.06742095 0.564189 -0.35 0.06502598 -0.206485 -0.35 -0.691349 0.54962 -0.35 0.06652897 0.235889 -0.16 -0.441166 0.228254 -0.16 -0.434246 0.251032 -0.16 -0.414553 0.221334 -0.16 -0.426611 0.245047 -0.16 -0.408209 0.244165 -0.16 -0.447304 0.257713 -0.16 -0.420159 0.215196 -0.16 -0.418335 0.239838 -0.16 -0.401213 0.2098979 -0.16 -0.409497 0.253003 -0.16 -0.452602 0.265 -0.16 -0.424952 0.205493 -0.16 -0.400182 0.235478 -0.16 -0.39366 0.262318 -0.16 -0.457007 0.272794 -0.16 -0.428866 0.202021 -0.16 -0.39048 0.232023 -0.16 -0.385652 0.282016 -0.16 -0.462983 0.27202 -0.16 -0.460479 0.28099 -0.16 -0.431849 0.199518 -0.16 -0.380485 0.229522 -0.16 -0.377296 0.292208 -0.16 -0.464494 0.289476 -0.16 -0.433861 0.198006 -0.16 -0.370292 0.228007 -0.16 -0.368707 0.3025 -0.16 -0.465 0.298139 -0.16 -0.434873 0.1974999 -0.16 -0.36 0.2275 -0.16 -0.36 0.198006 -0.16 -0.349708 0.312792 -0.16 -0.464494 0.306861 -0.16 -0.434873 0.199518 -0.16 -0.339516 0.228007 -0.16 -0.351293 0.322985 -0.16 -0.462983 0.315524 -0.16 -0.433861 0.202021 -0.16 -0.32952 0.229522 -0.16 -0.342704 0.342682 -0.16 -0.457007 0.33298 -0.16 -0.460479 0.32401 -0.16 -0.431849 0.232023 -0.16 -0.334349 0.205493 -0.16 -0.319818 0.332206 -0.16 -0.428866 0.351997 -0.16 -0.452602 0.235478 -0.16 -0.32634 0.2098979 -0.16 -0.310503 0.360835 -0.16 -0.447304 0.34 -0.16 -0.424952 0.239838 -0.16 -0.318787 0.215196 -0.16 -0.301665 0.347287 -0.16 -0.420159 0.369111 -0.16 -0.441166 0.221334 -0.16 -0.293389 0.245047 -0.16 -0.311791 0.353968 -0.16 -0.414553 0.376746 -0.16 -0.434246 0.228254 -0.16 -0.285754 0.251032 -0.16 -0.305447 0.359953 -0.16 -0.408209 0.383666 -0.16 -0.426611 0.235889 -0.16 -0.278834 0.257713 -0.16 -0.299841 0.365162 -0.16 -0.401213 0.389804 -0.16 -0.418335 0.244165 -0.16 -0.272696 0.265 -0.16 -0.295048 0.395102 -0.16 -0.409497 0.369522 -0.16 -0.39366 0.272794 -0.16 -0.291134 0.253003 -0.16 -0.267398 0.399507 -0.16 -0.400182 0.372977 -0.16 -0.385652 0.28099 -0.16 -0.288151 0.262318 -0.16 -0.262993 0.375478 -0.16 -0.377296 0.402979 -0.16 -0.39048 0.27202 -0.16 -0.259521 0.376993 -0.16 -0.368707 0.405482 -0.16 -0.380485 0.289476 -0.16 -0.286139 0.282016 -0.16 -0.257018 0.3775 -0.16 -0.36 0.406994 -0.16 -0.370292 0.298139 -0.16 -0.285127 0.292208 -0.16 -0.255506 0.4075 -0.16 -0.36 0.306861 -0.16 -0.285127 0.3025 -0.16 -0.255 0.376993 -0.16 -0.351293 0.406994 -0.16 -0.349708 0.312792 -0.16 -0.255506 0.315524 -0.16 -0.286139 0.375478 -0.16 -0.342704 0.405482 -0.16 -0.339516 0.32401 -0.16 -0.288151 0.322985 -0.16 -0.257018 0.402979 -0.16 -0.32952 0.372977 -0.16 -0.334349 0.33298 -0.16 -0.259521 0.399507 -0.16 -0.319818 0.369522 -0.16 -0.32634 0.332206 -0.16 -0.291134 0.342682 -0.16 -0.262993 0.365162 -0.16 -0.318787 0.395102 -0.16 -0.310503 0.34 -0.16 -0.295048 0.351997 -0.16 -0.267398 0.389804 -0.16 -0.301665 0.347287 -0.16 -0.299841 0.360835 -0.16 -0.272696 0.359953 -0.16 -0.311791 0.383666 -0.16 -0.293389 0.369111 -0.16 -0.278834 0.353968 -0.16 -0.305447 0.376746 -0.16 -0.285754 0.002499997 0 -0.606235 0.04949998 0 -0.72 0.002499997 0 -0.72 0.03321695 0 -0.571887 0.03707897 0 -0.568691 0.04002594 0 -0.564635 0.02867996 0 -0.574021 0.04187196 0 -0.559974 0.02375596 0 -0.574961 0.04249995 0 -0.555 0.01875197 0 -0.574646 0.01398396 0 -0.573097 -0.01014399 0 -0.599265 0.009751975 0 -0.57041 -0.02053797 0 -0.589245 0.006319999 0 -0.566756 0.04949998 0 -0.501743 0.03321695 0 -0.538113 0.02867996 0 -0.535979 0.03707897 0 -0.541309 0.04002594 0 -0.545365 0.04187196 0 -0.550026 -0.02796697 0 -0.576865 0.003904998 0 -0.562363 -0.03191798 0 -0.562978 0.002657949 0 -0.557507 -0.03211897 0 -0.548542 0.002657949 0 -0.552493 0.01500099 0 -0.500514 0.02375596 0 -0.53504 0.01875197 0 -0.535354 0.041206 0 -0.4858 -0.028557 0 -0.53455 0.003904998 0 -0.547638 0.006319999 0 -0.543244 0.001079976 0 -0.504343 0.01398396 0 -0.536904 0.03391599 0 -0.469374 -0.02147597 0 -0.521968 0.009751975 0 -0.53959 -0.01136499 0 -0.511662 0.001228988 0 -0.467871 0.02765697 0 -0.452528 0.02245396 0 -0.435327 -0.008848965 0 -0.433906 0.01832598 0 -0.417837 -0.01510995 0 -0.399035 0.01528894 0 -0.400124 0.01335495 0 -0.382258 0.01253199 0 -0.364305 -0.06005495 0 -0.398939 -0.03759497 0 -0.405 -0.04922395 0 -0.403446 -0.02596098 0 -0.403495 -0.06935298 0 -0.391786 -0.01510995 0 -0.320965 0.01282197 0 -0.346337 0.01422494 0 -0.328421 0.016734 0 -0.310626 -0.02596098 0 -0.316505 -0.076487 0 -0.382472 -0.08249998 0 -0.36 -0.080971 0 -0.371632 -0.03759497 0 -0.315 -0.008848965 0 -0.286094 0.02034097 0 -0.293021 0.02503097 0 -0.275672 -0.080971 0 -0.348369 -0.076487 0 -0.337528 -0.06935298 0 -0.328214 -0.04922395 0 -0.316554 -0.06005495 0 -0.321061 0.001228988 0 -0.252129 0.03078699 0 -0.258648 0.03758698 0 -0.242013 0.01500099 0 -0.2194859 0.045403 0 -0.225831 0.03707897 0 -0.178691 0.07401496 0 -0.204639 0.068039 0 -0.211381 0.06118798 0 -0.217232 0.03321695 0 -0.181887 0.05359399 0 -0.2220799 0.04002594 0 -0.1746349 0.082901 0 -0.189014 0.079001 0 -0.197135 0.02867996 0 -0.1840209 0.04187196 0 -0.169974 0.08716899 0 -0.171553 0.08564198 0 -0.180432 0.02375596 0 -0.18496 0.04249995 0 -0.165 0.08649098 0 -0.153591 0.08745396 0 -0.162548 0.01875197 0 -0.184646 0.001329958 0 -0.215762 0.04187196 0 -0.160026 0.08429896 0 -0.1448529 0.01398396 0 -0.183097 -0.01093596 0 -0.208669 0.04002594 0 -0.155365 0.07641798 0 -0.128697 0.08091896 0 -0.136501 0.009751975 0 -0.18041 0.03707897 0 -0.151309 0.07087999 0 -0.121591 0.06441295 0 -0.115318 -0.02098298 0 -0.198678 0.006319999 0 -0.176756 -0.028144 0 -0.186452 0.003904998 0 -0.172363 0.04749995 0 -0.11 0.02867996 0 -0.145979 0.02375596 0 -0.14504 0.03321695 0 -0.148113 0.05714094 0 -0.11 -0.03194397 0 -0.172802 0.002657949 0 -0.1675069 -0.03213 0 -0.158635 0.002657949 0 -0.162493 -0.02869099 0 -0.1448889 0.003904998 0 -0.157638 0.006319999 0 -0.153244 0 0 -0.114813 0.01875197 0 -0.145354 0.01398396 0 -0.146903 -0.02185499 0 -0.132479 0.009751975 0 -0.14959 -0.01207494 0 -0.1222259 0 0 0 0.04749995 0 0 0.597079 0 -0.598691 0.6267 0 -0.617732 0.616609 0 -0.628146 0.593217 0 -0.601887 0.604146 0 -0.635562 0.600026 0 -0.594635 0.633719 0 -0.605041 0.58868 0 -0.604021 0.590178 0 -0.639461 0.601872 0 -0.589974 0.637177 0 -0.590958 0.583756 0 -0.604961 0.575677 0 -0.639575 0.6025 0 -0.585 0.636833 0 -0.57646 0.578752 0 -0.604646 0.56165 0 -0.635895 0.601872 0 -0.580026 0.632712 0 -0.562556 0.573984 0 -0.603096 0.549072 0 -0.628676 0.600026 0 -0.575365 0.6251 0 -0.550212 0.569752 0 -0.60041 0.597079 0 -0.571309 0.56632 0 -0.596756 0.563904 0 -0.592363 0.614527 0 -0.540287 0.593217 0 -0.568113 0.4325 0 -0.72 0.4725 0 -0.72 0.562658 0 -0.587507 0.562658 0 -0.582493 0.601727 0 -0.53347 0.58868 0 -0.565979 0.58759 0 -0.530236 0.583756 0 -0.56504 0.5731 0 -0.530809 0.569752 0 -0.56959 0.56632 0 -0.573244 0.573984 0 -0.566904 0.578752 0 -0.565354 0.654224 0 -0.403446 0.674354 0 -0.391786 0.665055 0 -0.398939 0.555142 0 -0.502379 0.584907 0 -0.510488 0.563904 0 -0.577637 0.563535 0 -0.486336 0.59519 0 -0.489354 0.6875 0 -0.36 0.681487 0 -0.382472 0.685971 0 -0.371632 0.57091 0 -0.469801 0.603895 0 -0.467523 0.577239 0 -0.452837 0.610974 0 -0.445111 0.62011 0 -0.399035 0.642596 0 -0.405 0.630961 0 -0.403495 0.582496 0 -0.435512 0.616389 0 -0.422241 0.586663 0 -0.417892 0.674354 0 -0.328214 0.685971 0 -0.348369 0.681487 0 -0.337528 0.589722 0 -0.400047 0.591661 0 -0.382046 0.654224 0 -0.316554 0.665055 0 -0.321061 0.592473 0 -0.363958 0.630961 0 -0.316505 0.642596 0 -0.315 0.62011 0 -0.320965 0.592155 0 -0.345856 0.590708 0 -0.327808 0.588137 0 -0.309886 0.613849 0 -0.286094 0.584453 0 -0.292159 0.57967 0 -0.274697 0.603771 0 -0.252129 0.573807 0 -0.257567 0.566886 0 -0.240836 0.589999 0 -0.2194859 0.558935 0 -0.22457 0.597079 0 -0.178691 0.626951 0 -0.19739 0.616783 0 -0.208008 0.593217 0 -0.181887 0.604165 0 -0.215553 0.600026 0 -0.1746349 0.633943 0 -0.184458 0.58868 0 -0.1840209 0.601872 0 -0.169974 0.63726 0 -0.170136 0.583756 0 -0.18496 0.6025 0 -0.165 0.636664 0 -0.155447 0.578752 0 -0.184646 0.601872 0 -0.160026 0.632198 0 -0.14144 0.549984 0 -0.208832 0.573984 0 -0.183097 0.600026 0 -0.155365 0.624182 0 -0.1291159 0.569752 0 -0.18041 0.597079 0 -0.151309 0.540068 0 -0.193683 0.56632 0 -0.176756 0.563904 0 -0.172363 0.613187 0 -0.119357 0.593217 0 -0.148113 0.6 0 -0.1128579 0.583756 0 -0.14504 0.578752 0 -0.145354 0.58868 0 -0.145979 0.529226 0 -0.1791819 0.562658 0 -0.1675069 0.562658 0 -0.162493 0.517974 0 -0.1571609 0.517501 0 -0.165386 0.519484 0 -0.149062 0.563904 0 -0.157638 0.5575 0 -0.11 0.573984 0 -0.146903 0.569752 0 -0.14959 0.522007 0 -0.141219 0.525501 0 -0.133758 0.56632 0 -0.153244 0.52991 0 -0.126799 0.54118 0 -0.1148239 0.547859 0 -0.11 0.535165 0 -0.120453 0.6 0 0 0.5575 0 0 0.6 0 -0.1128579 0.6 0 0 0.6 -0.34 0 0.6 -0.34 -0.1128579 -0.323668 -0.34 -0.1529819 -0.332373 -0.34 -0.227004 -0.340684 -0.34 -0.219547 -0.319132 -0.34 -0.150847 -0.310477 -0.34 -0.138934 -0.06730395 -0.34 -0.2361249 -0.312322 -0.34 -0.1435959 -0.06009799 -0.34 -0.2163929 -0.05183899 -0.34 -0.197077 -0.328593 -0.34 -0.153921 -0.354563 -0.34 -0.2020969 -0.359958 -0.34 -0.192322 -0.348111 -0.34 -0.21121 0.580724 -0.34 0.112886 0.613627 -0.34 0.099725 0.607018 -0.34 0.08770298 0.575896 -0.34 0.108892 0.597641 -0.34 0.07769 -0.309849 -0.34 -0.133961 0.584408 -0.34 0.117956 0.617054 -0.34 0.113009 -0.04255294 -0.34 -0.178234 -0.333596 -0.34 -0.1536059 0.570225 -0.34 0.106224 -0.310477 -0.34 -0.128987 -0.02903699 -0.34 -0.145794 -0.229959 -0.34 -0.693214 -0.02557295 -0.34 -0.581721 -0.215416 -0.34 -0.712521 -0.02879697 -0.34 -0.57484 0.586715 -0.34 0.123783 0.617087 -0.34 0.126727 -0.364231 -0.34 -0.182006 0.56407 -0.34 0.105049 -0.338364 -0.34 -0.152057 0.5875 -0.34 0.1299999 0.613724 -0.34 0.140027 -0.312322 -0.34 -0.124326 0 -0.34 0 -0.02223396 -0.34 -0.133001 0.557816 -0.34 0.105443 0.6 -0.34 0 0.4725 -0.34 0 -0.315269 -0.34 -0.12027 0.586715 -0.34 0.1362169 0.607174 -0.34 0.152081 0.551856 -0.34 0.107379 -0.367326 -0.34 -0.1712779 -0.342597 -0.34 -0.149371 0.584408 -0.34 0.142044 0.546564 -0.34 0.110737 0.597845 -0.34 0.16214 0.580724 -0.34 0.147114 -0.2436699 -0.34 -0.673308 -0.04255294 -0.34 -0.541766 -0.03104197 -0.34 -0.567581 0.542275 -0.34 0.115305 -0.369207 -0.34 -0.160272 -0.346029 -0.34 -0.145716 0.586317 -0.34 0.169576 0.575896 -0.34 0.151108 -0.369848 -0.34 -0.149125 0.570225 -0.34 0.153776 -0.348444 -0.34 -0.141323 0.625521 -0.34 -0.619267 0.713489 -0.34 -0.665859 0.70009 -0.34 -0.685976 -0.369243 -0.34 -0.137976 -0.349691 -0.34 -0.136467 -0.349691 -0.34 -0.131454 0.573307 -0.34 0.173928 0.615328 -0.34 -0.629128 0.56407 -0.34 0.154951 -0.367399 -0.34 -0.126963 -0.348444 -0.34 -0.126598 -0.364339 -0.34 -0.116225 -0.346029 -0.34 -0.122205 -0.342597 -0.34 -0.11855 -0.338364 -0.34 -0.115864 -0.333596 -0.34 -0.114315 -0.2825 -0.34 0.12 0.685849 -0.34 -0.705507 -0.256525 -0.34 -0.652838 -0.05183899 -0.34 -0.522923 -0.328593 -0.34 -0.114 0.632852 -0.34 -0.607127 -0.323668 -0.34 -0.114939 -0.319132 -0.34 -0.117074 0.726024 -0.34 -0.645191 -0.01249998 -0.34 0.12 0.559624 -0.34 0.174925 0.557816 -0.34 0.154557 0.509465 -0.34 0.134568 0.602953 -0.34 -0.636056 0.539256 -0.34 0.120797 0.537697 -0.34 0.1268669 0.537697 -0.34 0.1331329 0.546121 -0.34 0.172505 0.551856 -0.34 0.152621 0.51472 -0.34 0.1472409 0.670793 -0.34 -0.724417 0.654949 -0.34 -0.742671 0.539256 -0.34 0.139203 0.533636 -0.34 0.166818 0.546564 -0.34 0.149263 0.542275 -0.34 0.144695 0.636837 -0.34 -0.593517 0.737671 -0.34 -0.624011 0.74841 -0.34 -0.602356 0.522948 -0.34 0.158218 0.589218 -0.34 -0.639588 -0.268501 -0.34 -0.631842 0.638345 -0.34 -0.760237 -0.279576 -0.34 -0.610357 -0.06009799 -0.34 -0.503607 0.637208 -0.34 -0.57934 -0.28973 -0.34 -0.588421 -0.06730395 -0.34 -0.483875 0.575037 -0.34 -0.639491 0.621011 -0.34 -0.777084 -0.298944 -0.34 -0.566075 -0.307203 -0.34 -0.543359 -0.07343798 -0.34 -0.463783 0.4725 -0.34 -0.72 0.561351 -0.34 -0.635771 -0.314492 -0.34 -0.520312 -0.07848 -0.34 -0.44339 0.297229 -0.34 -0.926313 0.273161 -0.34 -0.928548 0.321181 -0.34 -0.923059 0.344973 -0.34 -0.918793 0.368563 -0.34 -0.913522 0.391908 -0.34 -0.907256 0.414966 -0.34 -0.900006 0.437697 -0.34 -0.891784 0.460058 -0.34 -0.882606 0.48201 -0.34 -0.872489 0.503514 -0.34 -0.86145 0.52453 -0.34 -0.849509 0.545021 -0.34 -0.836688 0.564949 -0.34 -0.823009 0.58428 -0.34 -0.808498 0.602979 -0.34 -0.793181 0.644682 -0.34 -0.547114 0.633942 -0.34 -0.565539 0.758222 -0.34 -0.580265 0.654398 -0.34 -0.52813 -0.320797 -0.34 -0.496977 0.767088 -0.34 -0.557779 0.24902 -0.34 -0.929761 0.549072 -0.34 -0.628676 -0.326107 -0.34 -0.473396 -0.08241796 -0.34 -0.422755 0.663063 -0.34 -0.508642 0.774992 -0.34 -0.534936 0.670649 -0.34 -0.488711 0.781921 -0.34 -0.511779 0.677134 -0.34 -0.468394 -0.330412 -0.34 -0.449611 -0.08523899 -0.34 -0.401938 0.787862 -0.34 -0.488349 0.682499 -0.34 -0.447754 0.792804 -0.34 -0.464688 -0.03226494 -0.34 -0.159919 0.686728 -0.34 -0.426851 0.796739 -0.34 -0.440839 0.689808 -0.34 -0.405748 0.799658 -0.34 -0.416844 0.801559 -0.34 -0.392748 -0.333705 -0.34 -0.425665 0.691729 -0.34 -0.384508 0.802435 -0.34 -0.368592 -0.33598 -0.34 -0.401601 -0.08693397 -0.34 -0.381 0.692487 -0.34 -0.363195 0.802287 -0.34 -0.344421 -0.337233 -0.34 -0.377462 -0.08749997 -0.34 -0.36 0.692078 -0.34 -0.341872 0.801114 -0.34 -0.320278 -0.33746 -0.34 -0.353292 -0.08693397 -0.34 -0.339 0.690505 -0.34 -0.320604 0.798919 -0.34 -0.296207 0 -0.34 -0.114813 -0.01232498 -0.34 -0.12243 -0.336664 -0.34 -0.329133 0.687772 -0.34 -0.299453 0.795705 -0.34 -0.27225 -0.334843 -0.34 -0.30503 -0.08523899 -0.34 -0.318062 0.683886 -0.34 -0.278484 0.791478 -0.34 -0.2484509 0.67886 -0.34 -0.257758 0.786247 -0.34 -0.224852 -0.332003 -0.34 -0.281026 -0.08241796 -0.34 -0.297245 0.06072396 -0.34 0.112886 0.09553599 -0.34 0.134568 0.1324999 -0.34 0 0.05589598 -0.34 0.108892 0.672708 -0.34 -0.237338 0.780019 -0.34 -0.201497 0.064408 -0.34 0.117956 0.05022495 -0.34 0.106224 0.66545 -0.34 -0.217285 0.772806 -0.34 -0.178426 0.066715 -0.34 0.123783 0.764623 -0.34 -0.155682 0.04406994 -0.34 0.105049 0.657106 -0.34 -0.197658 0.755482 -0.34 -0.133306 0.06749999 -0.34 0.1299999 0.03781598 -0.34 0.105443 0.066715 -0.34 0.1362169 0.08997398 -0.34 0.147771 0.647701 -0.34 -0.178517 0.745401 -0.34 -0.111337 -0.328147 -0.34 -0.257165 0.031856 -0.34 0.107379 0.064408 -0.34 0.142044 0.635965 -0.34 -0.152096 0.081191 -0.34 0.15909 0.637265 -0.34 -0.159919 0.633554 -0.34 -0.144541 0.734397 -0.34 -0.08981597 0.026564 -0.34 0.110737 0.06072396 -0.34 0.147114 -0.323283 -0.34 -0.233487 0.630081 -0.34 -0.137412 0.722491 -0.34 -0.06878 -0.07848 -0.34 -0.27661 -0.07343798 -0.34 -0.256217 0.625619 -0.34 -0.130856 0.709703 -0.34 -0.04826796 0.62026 -0.34 -0.12501 0.06978195 -0.34 0.167757 0.05589598 -0.34 0.151108 0.614117 -0.34 -0.119996 0.696058 -0.34 -0.02831596 0.607316 -0.34 -0.115917 0.002499997 -0.34 -0.72 -0.07256299 -0.34 -0.841494 -0.09270298 -0.34 -0.828127 -0.05187499 -0.34 -0.853995 -0.03067594 -0.34 -0.865607 -0.009002983 -0.34 -0.87631 0.01310396 -0.34 -0.886085 0.03560495 -0.34 -0.894913 0.05846095 -0.34 -0.90278 0.08162897 -0.34 -0.909671 0.105069 -0.34 -0.915573 0.128738 -0.34 -0.920476 0.152594 -0.34 -0.924371 0.176593 -0.34 -0.927252 0.200693 -0.34 -0.929112 0.2248499 -0.34 -0.929949 0.05652296 -0.34 0.173182 0.05022495 -0.34 0.153776 0.04406994 -0.34 0.154951 -0.112257 -0.34 -0.813919 0.681579 -0.34 -0.008960962 -0.131192 -0.34 -0.798894 -0.1494719 -0.34 -0.78308 0.666292 -0.34 0.009762942 0.650226 -0.34 0.027821 0.6 -0.34 -0.1128579 -0.167066 -0.34 -0.766506 -0.004370987 -0.34 -0.602989 0.002499997 -0.34 -0.606235 0.02227497 -0.34 0.115305 0.01925599 -0.34 0.120797 0.01769697 -0.34 0.1268669 0.633408 -0.34 0.045183 -0.010728 -0.34 -0.598828 0.04231196 -0.34 0.175 0.03781598 -0.34 0.154557 -0.016451 -0.34 -0.59383 -0.183941 -0.34 -0.7492 -0.010634 -0.34 0.134205 -0.02143096 -0.34 -0.588091 0.01769697 -0.34 0.1331329 0.615869 -0.34 0.06181597 0.02811294 -0.34 0.173085 0.031856 -0.34 0.152621 -0.2000679 -0.34 -0.731194 -0.005162954 -0.34 0.147446 0.01925599 -0.34 0.139203 0.01489096 -0.34 0.167569 0.026564 -0.34 0.149263 0.02227497 -0.34 0.144695 0.003542959 -0.34 0.158824 -0.03226494 -0.34 -0.560081 -0.315269 -0.34 -0.147652 0.663063 -0.15 -0.508642 0.663063 -0.34 -0.508642 0.654398 -0.34 -0.52813 0.654398 -0.15 -0.52813 0.644682 -0.34 -0.547114 0.644682 -0.15 -0.547114 0.647701 -0.34 -0.178517 0.647701 -0.15 -0.178517 0.657106 -0.15 -0.197658 0.66545 -0.15 -0.217285 0.657106 -0.34 -0.197658 0.66545 -0.34 -0.217285 0.672708 -0.15 -0.237338 0.672708 -0.34 -0.237338 0.67886 -0.15 -0.257758 0.67886 -0.34 -0.257758 0.683886 -0.15 -0.278484 0.683886 -0.34 -0.278484 0.687772 -0.15 -0.299453 0.687772 -0.34 -0.299453 0.690505 -0.15 -0.320604 0.690505 -0.34 -0.320604 0.692078 -0.15 -0.341872 0.692078 -0.34 -0.341872 0.692487 -0.15 -0.363195 0.692487 -0.34 -0.363195 0.691729 -0.15 -0.384508 0.691729 -0.34 -0.384508 0.689808 -0.15 -0.405748 0.689808 -0.34 -0.405748 0.686728 -0.15 -0.426851 0.686728 -0.34 -0.426851 0.682499 -0.34 -0.447754 0.682499 -0.15 -0.447754 0.677134 -0.34 -0.468394 0.677134 -0.15 -0.468394 0.670649 -0.34 -0.488711 0.670649 -0.15 -0.488711 0.631647 -0.15 -0.316329 0.620816 -0.15 -0.320569 0.614548 -0.15 -0.2858 0.643202 -0.15 -0.315006 0.691729 -0.15 -0.384508 0.685997 -0.15 -0.371534 0.692487 -0.15 -0.363195 0.6875 -0.15 -0.36 0.685997 -0.15 -0.348466 0.581548 -0.15 -0.530008 0.574087 -0.15 -0.530647 0.585803 -0.15 -0.510397 0.589028 -0.15 -0.530389 0.681588 -0.15 -0.337703 0.692078 -0.15 -0.341872 0.596386 -0.15 -0.531782 0.603487 -0.15 -0.534162 0.626805 -0.15 -0.55241 0.621967 -0.15 -0.546694 0.644682 -0.15 -0.547114 0.630821 -0.15 -0.558731 0.633942 -0.15 -0.565539 0.674567 -0.15 -0.32843 0.665404 -0.15 -0.321265 0.690505 -0.15 -0.320604 0.610199 -0.15 -0.537484 0.596012 -0.15 -0.489346 0.616397 -0.15 -0.541687 0.654398 -0.15 -0.52813 0.687772 -0.15 -0.299453 0.654711 -0.15 -0.316689 0.604495 -0.15 -0.251931 0.590778 -0.15 -0.219374 0.604076 -0.15 -0.215591 0.60466 -0.15 -0.467606 0.663063 -0.15 -0.508642 0.683886 -0.15 -0.278484 0.616011 -0.15 -0.208612 0.67886 -0.15 -0.257758 0.670649 -0.15 -0.488711 0.677134 -0.15 -0.468394 0.6117 -0.15 -0.445295 0.672708 -0.15 -0.237338 0.66545 -0.15 -0.217285 0.617095 -0.15 -0.422529 0.620816 -0.15 -0.399431 0.631647 -0.15 -0.403672 0.625828 -0.15 -0.198878 0.682499 -0.15 -0.447754 0.632908 -0.15 -0.187002 0.657106 -0.15 -0.197658 0.643202 -0.15 -0.404995 0.636802 -0.15 -0.173736 0.647701 -0.15 -0.178517 0.654711 -0.15 -0.403312 0.637265 -0.15 -0.159919 0.686728 -0.15 -0.426851 0.665404 -0.15 -0.398735 0.689808 -0.15 -0.405748 0.674567 -0.15 -0.391571 0.681588 -0.15 -0.382297 0.549072 -0.34 -0.628676 0.4725 -0.34 -0.72 0.4725 0 -0.72 0.549072 0 -0.628676 0.1324999 -0.34 0 0.09553599 -0.35 0.134568 0.1324999 -0.35 0 0.09553599 -0.34 0.134568 0.4725 -0.34 0 0.1324999 -0.35 0 0.4725 -0.35 0 0.1324999 -0.34 0 0.006130993 -0.47 0.07874095 -0.003134965 -0.47 0.08930099 -0.003134965 -0.35 0.08930099 0.006130993 -0.35 0.07874095 0.01776999 -0.35 0.07087296 0.01776999 -0.47 0.07087296 0.01776999 -0.35 0.07087296 0.03102296 -0.35 0.06621098 0.01776999 -0.47 0.07087296 0.03102296 -0.47 0.06621098 0.04502397 -0.35 0.06505799 0.04502397 -0.47 0.06505799 0.05886197 -0.35 0.06748998 0.05886197 -0.47 0.06748998 0.07163095 -0.35 0.07334798 0.07163095 -0.47 0.07334798 0.08249998 -0.35 0.08224999 0.08249998 -0.47 0.08224999 0.09075796 -0.35 0.093616 0.09075796 -0.47 0.093616 0.09075796 -0.35 0.093616 0.09586799 -0.35 0.106702 0.09075796 -0.47 0.093616 0.09586799 -0.47 0.106702 0.09749597 -0.35 0.120657 0.09749597 -0.47 0.120657 0.09553599 -0.47 0.134568 0.509465 -0.35 0.134568 0.4725 -0.34 0 0.4725 -0.35 0 0.509465 -0.34 0.134568 -0.003134965 -0.47 0.08930099 -0.05878597 -0.47 -0.07133197 -0.05878597 -0.35 -0.07133197 -0.003134965 -0.35 0.08930099 0.5075 -0.47 0.120055 0.509465 -0.35 0.134568 0.5075 -0.35 0.120055 0.509465 -0.47 0.134568 0.509436 -0.47 0.1055369 0.509436 -0.35 0.1055369 0.515134 -0.47 0.092045 0.515134 -0.35 0.092045 0.524191 -0.47 0.080536 0.524191 -0.35 0.080536 0.535965 -0.47 0.07182395 0.535965 -0.35 0.07182395 0.535965 -0.47 0.07182395 0.535965 -0.35 0.07182395 0.54962 -0.35 0.06652897 0.54962 -0.47 0.06652897 0.564189 -0.35 0.06502598 0.564189 -0.47 0.06502598 0.578638 -0.35 0.06742095 0.578638 -0.47 0.06742095 -0.07878595 -0.47 -0.07133197 -0.07878595 -0.35 -0.07133197 -0.05878597 -0.35 -0.07133197 -0.05878597 -0.47 -0.07133197 0.662542 -0.35 -0.01712399 0.677013 -0.35 -0.03610497 0.677013 -0.47 -0.03610497 0.662542 -0.47 -0.01712399 0.647262 -0.47 0.001209974 0.647262 -0.35 0.001209974 0.6312 -0.35 0.01886498 -0.298329 -0.35 -0.216053 -0.291584 -0.35 -0.193159 -0.298329 -0.47 -0.216053 -0.291584 -0.47 -0.193159 0.6312 -0.47 0.01886498 0.614387 -0.47 0.035806 -0.304074 -0.35 -0.239219 -0.304074 -0.47 -0.239219 0.614387 -0.35 0.035806 0.596856 -0.35 0.05200099 0.596856 -0.47 0.05200099 0.578638 -0.35 0.06742095 0.578638 -0.47 0.06742095 -0.308809 -0.35 -0.262612 -0.308809 -0.47 -0.262612 -0.312525 -0.35 -0.286189 -0.312525 -0.47 -0.286189 -0.315214 -0.35 -0.309904 -0.315214 -0.47 -0.309904 -0.316871 -0.35 -0.333714 -0.316871 -0.47 -0.333714 -0.317495 -0.35 -0.357574 -0.317495 -0.47 -0.357574 -0.317082 -0.35 -0.381438 -0.317082 -0.47 -0.381438 -0.315635 -0.35 -0.405261 -0.315635 -0.47 -0.405261 -0.313155 -0.35 -0.428999 -0.313155 -0.47 -0.428999 -0.309647 -0.35 -0.452608 -0.309647 -0.47 -0.452608 -0.305119 -0.35 -0.476042 -0.305119 -0.47 -0.476042 -0.299578 -0.35 -0.499257 -0.299578 -0.47 -0.499257 -0.293036 -0.35 -0.522211 -0.293036 -0.47 -0.52221 -0.285503 -0.35 -0.544858 -0.285503 -0.47 -0.544858 -0.276995 -0.35 -0.567158 -0.276995 -0.47 -0.567158 -0.267528 -0.35 -0.589068 -0.267528 -0.47 -0.589067 -0.257119 -0.35 -0.610546 -0.257119 -0.47 -0.610546 -0.245788 -0.35 -0.631552 -0.245788 -0.47 -0.631552 -0.233556 -0.35 -0.652047 -0.233556 -0.47 -0.652047 -0.220447 -0.35 -0.671992 -0.220447 -0.47 -0.671992 -0.206485 -0.35 -0.691349 -0.206485 -0.47 -0.691349 -0.191696 -0.35 -0.710083 -0.191696 -0.47 -0.710083 -0.176108 -0.47 -0.728157 -0.176108 -0.35 -0.728157 -0.1597509 -0.47 -0.745538 -0.1597509 -0.35 -0.745538 -0.142655 -0.47 -0.762193 -0.142655 -0.35 -0.762193 -0.124852 -0.47 -0.77809 -0.124852 -0.35 -0.77809 -0.106377 -0.47 -0.7932 -0.106377 -0.35 -0.7932 -0.08726298 -0.47 -0.807495 -0.08726298 -0.35 -0.807495 -0.08726298 -0.35 -0.807495 -0.08726298 -0.47 -0.807495 -0.06754696 -0.47 -0.820946 -0.06754696 -0.35 -0.820946 -0.04726594 -0.47 -0.83353 -0.04726594 -0.35 -0.83353 -0.02645897 -0.47 -0.845222 -0.02645897 -0.35 -0.845222 -0.005163967 -0.35 -0.8560001 -0.005163967 -0.47 -0.8560001 0.01657897 -0.35 -0.865844 0.01657897 -0.47 -0.865844 0.03872895 -0.35 -0.874736 0.03872895 -0.47 -0.874736 0.06124299 -0.35 -0.882658 0.06124299 -0.47 -0.882658 0.08407998 -0.35 -0.889596 0.08407998 -0.47 -0.889596 0.107196 -0.35 -0.895536 0.107196 -0.47 -0.895536 0.130549 -0.35 -0.900468 0.130549 -0.47 -0.900468 0.154093 -0.35 -0.904383 0.154093 -0.47 -0.904383 0.177785 -0.35 -0.907272 0.177785 -0.47 -0.907272 0.2015799 -0.35 -0.90913 0.2015799 -0.47 -0.90913 0.2254329 -0.35 -0.909955 0.2254329 -0.47 -0.909955 0.2493 -0.35 -0.909743 0.2493 -0.47 -0.909743 0.273135 -0.35 -0.908497 0.273135 -0.47 -0.908497 0.296893 -0.35 -0.906217 0.296893 -0.47 -0.906217 0.320531 -0.35 -0.90291 0.320531 -0.47 -0.902909 0.344002 -0.35 -0.898579 0.344002 -0.47 -0.898579 0.367263 -0.35 -0.893234 0.367263 -0.47 -0.893234 0.390271 -0.47 -0.886885 0.390271 -0.35 -0.886886 0.412981 -0.47 -0.879544 0.412981 -0.35 -0.879545 0.435352 -0.47 -0.871225 0.435352 -0.35 -0.871225 0.457341 -0.47 -0.861943 0.457341 -0.35 -0.861943 0.478906 -0.47 -0.851716 0.478906 -0.35 -0.851716 0.500007 -0.47 -0.840562 0.500007 -0.35 -0.840562 0.520605 -0.47 -0.828504 0.520605 -0.35 -0.828504 0.540659 -0.47 -0.815563 0.540659 -0.35 -0.815563 0.560134 -0.47 -0.801765 0.560134 -0.35 -0.801765 0.578992 -0.47 -0.787134 0.578992 -0.35 -0.787134 0.597197 -0.35 -0.7717 0.597197 -0.47 -0.771699 0.614715 -0.47 -0.755489 0.614715 -0.35 -0.755489 0.631513 -0.35 -0.738535 0.631513 -0.47 -0.738535 0.647561 -0.47 -0.720867 0.647561 -0.35 -0.720867 0.662826 -0.35 -0.70252 0.662826 -0.47 -0.702519 0.677281 -0.35 -0.683527 0.677281 -0.47 -0.683527 0.690899 -0.35 -0.663926 0.690899 -0.47 -0.663926 0.690899 -0.35 -0.663926 0.690899 -0.47 -0.663926 0.703653 -0.47 -0.643752 0.703653 -0.35 -0.643752 0.71552 -0.35 -0.623043 0.71552 -0.47 -0.623043 0.726477 -0.35 -0.60184 0.726477 -0.47 -0.60184 0.736505 -0.35 -0.580181 0.736505 -0.47 -0.580181 0.745583 -0.35 -0.558107 0.745583 -0.47 -0.558107 0.753694 -0.35 -0.53566 0.753694 -0.47 -0.53566 0.760825 -0.35 -0.512883 0.760825 -0.47 -0.512883 0.76696 -0.35 -0.489817 0.76696 -0.47 -0.489817 0.772089 -0.47 -0.466508 0.772089 -0.35 -0.466508 0.776202 -0.35 -0.442997 0.776202 -0.47 -0.442997 0.779291 -0.47 -0.41933 0.779291 -0.35 -0.41933 0.78135 -0.35 -0.395552 0.78135 -0.47 -0.395552 0.782376 -0.47 -0.371706 0.782376 -0.35 -0.371706 0.782366 -0.35 -0.347839 0.782366 -0.47 -0.347839 0.78132 -0.47 -0.323994 0.78132 -0.35 -0.323994 0.779241 -0.35 -0.300217 0.779241 -0.47 -0.300217 0.776133 -0.47 -0.276553 0.776133 -0.35 -0.276553 0.772001 -0.47 -0.253046 0.772001 -0.35 -0.253046 0.766852 -0.35 -0.22974 0.766852 -0.47 -0.22974 0.760698 -0.47 -0.2066799 0.760698 -0.35 -0.2066799 0.753549 -0.35 -0.183908 0.753549 -0.47 -0.183908 0.745418 -0.47 -0.161468 0.745418 -0.35 -0.161468 0.736322 -0.35 -0.139402 0.736322 -0.47 -0.139402 0.726277 -0.47 -0.117751 0.726277 -0.35 -0.117751 0.715302 -0.35 -0.09655696 0.715302 -0.47 -0.09655696 0.703418 -0.47 -0.07585799 0.703418 -0.35 -0.07585799 0.690647 -0.35 -0.05569499 0.690647 -0.47 -0.05569499 -0.07878595 -0.35 -0.07133197 -0.01249998 -0.47 0.12 -0.01249998 -0.35 0.12 -0.07878595 -0.47 -0.07133197 -0.291584 -0.47 -0.193159 -0.291584 -0.35 -0.193159 -0.280383 -0.35 -0.185465 -0.280383 -0.47 -0.185465 -0.271668 -0.47 -0.17504 -0.271668 -0.35 -0.17504 -0.271668 -0.47 -0.17504 -0.271668 -0.35 -0.17504 -0.266081 -0.35 -0.162654 -0.266081 -0.47 -0.162654 -0.264035 -0.47 -0.1492199 -0.264035 -0.35 -0.1492199 -0.265682 -0.47 -0.1357319 -0.265682 -0.35 -0.1357319 -0.2709 -0.35 -0.123185 -0.2709 -0.47 -0.123185 -0.279304 -0.47 -0.112507 -0.279304 -0.35 -0.112507 -0.290272 -0.35 -0.104485 -0.290272 -0.47 -0.104485 -0.2125 -0.35 0.12 -0.2825 -0.47 0.12 -0.2125 -0.47 0.12 -0.2825 -0.34 0.12 -0.01249998 -0.34 0.12 -0.01249998 -0.35 0.12 -0.2125 -0.35 0.12 -0.2125 -0.47 0.12 0.406994 -0.16 -0.370292 0.4075 -0.16 -0.36 0.4075 -0.1899999 -0.36 0.406994 -0.1899999 -0.370292 0.405482 -0.16 -0.380485 0.405482 -0.1899999 -0.380485 0.402979 -0.1899999 -0.39048 0.402979 -0.16 -0.39048 0.399507 -0.16 -0.400182 0.399507 -0.1899999 -0.400182 0.395102 -0.16 -0.409497 0.395102 -0.1899999 -0.409497 0.389804 -0.16 -0.418335 0.389804 -0.1899999 -0.418335 0.389804 -0.16 -0.418335 0.389804 -0.1899999 -0.418335 0.383666 -0.1899999 -0.426611 0.383666 -0.16 -0.426611 0.376746 -0.1899999 -0.434246 0.376746 -0.16 -0.434246 0.369111 -0.16 -0.441166 0.369111 -0.1899999 -0.441166 0.360835 -0.1899999 -0.447304 0.360835 -0.16 -0.447304 0.351997 -0.16 -0.452602 0.351997 -0.1899999 -0.452602 0.342682 -0.16 -0.457007 0.342682 -0.1899999 -0.457007 0.33298 -0.16 -0.460479 0.33298 -0.1899999 -0.460479 0.322985 -0.16 -0.462983 0.322985 -0.1899999 -0.462983 0.312792 -0.1899999 -0.464494 0.312792 -0.16 -0.464494 0.3025 -0.16 -0.465 0.3025 -0.1899999 -0.465 0.292208 -0.1899999 -0.464494 0.292208 -0.16 -0.464494 0.282016 -0.16 -0.462983 0.282016 -0.1899999 -0.462983 0.27202 -0.1899999 -0.460479 0.27202 -0.16 -0.460479 0.262318 -0.16 -0.457007 0.262318 -0.1899999 -0.457007 0.253003 -0.16 -0.452602 0.253003 -0.1899999 -0.452602 0.244165 -0.16 -0.447304 0.253003 -0.16 -0.452602 0.253003 -0.1899999 -0.452602 0.244165 -0.1899999 -0.447304 0.235889 -0.16 -0.441166 0.235889 -0.1899999 -0.441166 0.228254 -0.16 -0.434246 0.228254 -0.1899999 -0.434246 0.221334 -0.16 -0.426611 0.221334 -0.1899999 -0.426611 0.215196 -0.16 -0.418335 0.215196 -0.1899999 -0.418335 0.2098979 -0.16 -0.409497 0.2098979 -0.1899999 -0.409497 0.205493 -0.16 -0.400182 0.205493 -0.1899999 -0.400182 0.202021 -0.16 -0.39048 0.202021 -0.1899999 -0.39048 0.199518 -0.1899999 -0.380485 0.199518 -0.16 -0.380485 0.198006 -0.16 -0.370292 0.198006 -0.1899999 -0.370292 0.1974999 -0.16 -0.36 0.1974999 -0.1899999 -0.36 0.198006 -0.16 -0.349708 0.198006 -0.1899999 -0.349708 0.199518 -0.16 -0.339516 0.199518 -0.1899999 -0.339516 0.202021 -0.16 -0.32952 0.202021 -0.1899999 -0.32952 0.205493 -0.16 -0.319818 0.205493 -0.1899999 -0.319818 0.2098979 -0.16 -0.310503 0.2098979 -0.1899999 -0.310503 0.215196 -0.16 -0.301665 0.215196 -0.1899999 -0.301665 0.221334 -0.16 -0.293389 0.215196 -0.1899999 -0.301665 0.221334 -0.1899999 -0.293389 0.215196 -0.16 -0.301665 0.228254 -0.16 -0.285754 0.228254 -0.1899999 -0.285754 0.235889 -0.16 -0.278834 0.235889 -0.1899999 -0.278834 0.244165 -0.16 -0.272696 0.244165 -0.1899999 -0.272696 0.253003 -0.1899999 -0.267398 0.253003 -0.16 -0.267398 0.262318 -0.16 -0.262993 0.262318 -0.1899999 -0.262993 0.27202 -0.1899999 -0.259521 0.27202 -0.16 -0.259521 0.282016 -0.1899999 -0.257018 0.282016 -0.16 -0.257018 0.292208 -0.16 -0.255506 0.292208 -0.1899999 -0.255506 0.3025 -0.16 -0.255 0.3025 -0.1899999 -0.255 0.312792 -0.16 -0.255506 0.312792 -0.1899999 -0.255506 0.322985 -0.16 -0.257018 0.322985 -0.1899999 -0.257018 0.33298 -0.16 -0.259521 0.33298 -0.1899999 -0.259521 0.342682 -0.16 -0.262993 0.342682 -0.1899999 -0.262993 0.351997 -0.16 -0.267398 0.351997 -0.1899999 -0.267398 0.360835 -0.16 -0.272696 0.360835 -0.1899999 -0.272696 0.360835 -0.16 -0.272696 0.360835 -0.1899999 -0.272696 0.369111 -0.1899999 -0.278834 0.369111 -0.16 -0.278834 0.376746 -0.1899999 -0.285754 0.376746 -0.16 -0.285754 0.383666 -0.16 -0.293389 0.383666 -0.1899999 -0.293389 0.389804 -0.16 -0.301665 0.389804 -0.1899999 -0.301665 0.395102 -0.1899999 -0.310503 0.395102 -0.16 -0.310503 0.399507 -0.16 -0.319818 0.399507 -0.1899999 -0.319818 0.402979 -0.16 -0.32952 0.402979 -0.1899999 -0.32952 0.405482 -0.16 -0.339516 0.405482 -0.1899999 -0.339516 0.406994 -0.16 -0.349708 0.406994 -0.1899999 -0.349708 -0.01232498 -0.34 -0.12243 0 -0.34 -0.114813 -0.01207494 0 -0.1222259 0 0 -0.114813 -0.02223396 -0.34 -0.133001 -0.02185499 0 -0.132479 -0.02903699 -0.34 -0.145794 -0.02223396 -0.34 -0.133001 -0.02869099 0 -0.1448889 -0.02185499 0 -0.132479 -0.03226494 -0.34 -0.159919 -0.03226494 -0.15 -0.159919 -0.03213 0 -0.158635 -0.03178095 -0.15 -0.173866 -0.03194397 0 -0.172802 -0.02780199 -0.15 -0.187242 -0.028144 0 -0.186452 -0.020585 -0.15 -0.199187 -0.02098298 0 -0.198678 -0.01059299 -0.15 -0.20893 -0.01093596 0 -0.208669 0.001528978 -0.15 -0.215845 0.001329958 0 -0.215762 0.01500099 -0.15 -0.2194859 0.001528978 -0.15 -0.215845 0.01500099 0 -0.2194859 0.001329958 0 -0.215762 0 -0.34 -0.114813 0 -0.34 0 0 0 0 0 0 -0.114813 0.001228988 -0.15 -0.252129 0.01500099 -0.15 -0.2194859 0.01500099 0 -0.2194859 0.001228988 0 -0.252129 -0.008848965 -0.15 -0.286094 -0.008848965 0 -0.286094 -0.01510995 -0.15 -0.320965 -0.01510995 0 -0.320965 0.3025 -0.255 0 0.318512 -0.254497 0 0.33446 -0.252989 0 0.350282 -0.250483 0 0.127941 -0.185887 0 0 -0.34 0 0.365916 -0.246989 0 0.116613 -0.17456 0 0.381299 -0.242519 0 0.139957 -0.196481 0 0.396372 -0.237093 0 0.106019 -0.1625429 0 0.411074 -0.230731 0 0.152615 -0.206299 0 0.096201 -0.1498849 0 0.425347 -0.2234579 0 0.165864 -0.215304 0 0.439136 -0.215304 0 0.08719599 -0.136636 0 0.452385 -0.206299 0 0.179653 -0.2234579 0 0.465043 -0.196481 0 0.07904195 -0.122847 0 0.193926 -0.230731 0 0.47706 -0.185887 0 0.6 -0.34 0 0.07176899 -0.108574 0 0.488387 -0.17456 0 0.498981 -0.1625429 0 0.2086279 -0.237093 0 0.508799 -0.1498849 0 0.06540697 -0.09387201 0 0.517804 -0.136636 0 0.223701 -0.242519 0 0.525958 -0.122847 0 0.533231 -0.108574 0 0.239084 -0.246989 0 0.539593 -0.09387201 0 0 0 0 0.05998098 -0.078799 0 0.05551099 -0.063416 0 0.254718 -0.250483 0 0.05201697 -0.047782 0 0.27054 -0.252989 0 0.04951095 -0.03195995 0 0.286488 -0.254497 0 0.6 0 0 0.545019 -0.078799 0 0.549489 -0.063416 0 0.552983 -0.047782 0 0.04800295 -0.01601195 0 0.555489 -0.03195995 0 0.556997 -0.01601195 0 0.5575 0 0 0.04749995 0 0 -0.02596098 -0.15 -0.316505 -0.01510995 -0.15 -0.320965 -0.01510995 0 -0.320965 -0.03759497 -0.15 -0.315 -0.02596098 0 -0.316505 -0.04922395 -0.15 -0.316554 -0.03759497 0 -0.315 -0.06005495 -0.15 -0.321061 -0.04922395 0 -0.316554 -0.06935298 -0.15 -0.328214 -0.06005495 0 -0.321061 -0.076487 -0.15 -0.337528 -0.06935298 0 -0.328214 -0.080971 -0.15 -0.348369 -0.076487 -0.15 -0.337528 -0.076487 0 -0.337528 -0.076487 0 -0.337528 -0.08249998 -0.15 -0.36 -0.080971 0 -0.348369 -0.080971 -0.15 -0.371632 -0.08249998 0 -0.36 -0.076487 -0.15 -0.382472 -0.080971 0 -0.371632 -0.06935298 -0.15 -0.391786 -0.076487 0 -0.382472 -0.06005495 -0.15 -0.398939 -0.06935298 0 -0.391786 -0.04922395 -0.15 -0.403446 -0.06005495 -0.15 -0.398939 -0.06005495 0 -0.398939 -0.06005495 0 -0.398939 -0.03759497 -0.15 -0.405 -0.04922395 0 -0.403446 -0.02596098 -0.15 -0.403495 -0.03759497 0 -0.405 -0.01510995 -0.15 -0.399035 -0.02596098 0 -0.403495 -0.01510995 0 -0.399035 0.04749995 0 -0.11 0.04749995 0 0 0.04800295 -0.01601195 0 0.04857695 -0.02341496 -0.11 0.04951095 -0.03195995 0 0.05179995 -0.04663199 -0.11 0.05201697 -0.047782 0 0.05551099 -0.063416 0 0.05714094 -0.06945496 -0.11 0.05998098 -0.078799 0 0.06234794 -0.08574199 -0.11 0.06540697 -0.09387201 0 0.06863397 -0.101645 -0.11 0.07176899 -0.108574 0 0.07597196 -0.11709 -0.11 0.07904195 -0.122847 0 0.08432799 -0.132008 -0.11 0.08719599 -0.136636 0 0.09366595 -0.146333 -0.11 0.096201 -0.1498849 0 0.112434 -0.17 -0.037 0.103943 -0.16 -0.11 0.106716 -0.1633819 -0.11 0.109547 -0.166715 -0.11 0.112434 -0.17 -0.11 0.106019 -0.1625429 0 0.123823 -0.181933 -0.037 0.112434 -0.17 -0.037 0.116613 -0.17456 0 0.116613 -0.17456 0 0.135959 -0.193104 -0.037 0.127941 -0.185887 0 0.148792 -0.203467 -0.037 0.139957 -0.196481 0 0.162268 -0.212979 -0.037 0.152615 -0.206299 0 0.165864 -0.215304 0 0.176331 -0.2215999 -0.037 0.179653 -0.2234579 0 0.190922 -0.229293 -0.037 0.193926 -0.230731 0 0.20598 -0.236027 -0.037 0.2086279 -0.237093 0 0.221442 -0.241774 -0.037 0.223701 -0.242519 0 0.2372429 -0.246509 -0.037 0.239084 -0.246989 0 0.253317 -0.250212 -0.037 0.269596 -0.252868 -0.037 0.254718 -0.250483 0 0.27054 -0.252989 0 0.286014 -0.254467 -0.037 0.286488 -0.254497 0 0.3025 -0.255 -0.037 0.3025 -0.255 0 0.318512 -0.254497 0 0.318986 -0.254467 -0.037 0.33446 -0.252989 0 0.335404 -0.252868 -0.037 0.350282 -0.250483 0 0.351683 -0.250212 -0.037 0.365916 -0.246989 0 0.367757 -0.246509 -0.037 0.381299 -0.242519 0 0.383558 -0.241774 -0.037 0.396372 -0.237093 0 0.39902 -0.236027 -0.037 0.411074 -0.230731 0 0.414078 -0.229293 -0.037 0.425347 -0.2234579 0 0.428669 -0.2215999 -0.037 0.439136 -0.215304 0 0.442732 -0.212979 -0.037 0.452385 -0.206299 0 0.456208 -0.203467 -0.037 0.465043 -0.196481 0 0.469041 -0.193104 -0.037 0.47706 -0.185887 0 0.481177 -0.181933 -0.037 0.495453 -0.166715 -0.11 0.492566 -0.17 -0.11 0.492566 -0.17 -0.037 0.498284 -0.1633819 -0.11 0.501057 -0.16 -0.11 0.511334 -0.146333 -0.11 0.488387 -0.17456 0 0.492566 -0.17 -0.037 0.488387 -0.17456 0 0.498981 -0.1625429 0 0.508799 -0.1498849 0 0.520672 -0.132008 -0.11 0.517804 -0.136636 0 0.529028 -0.11709 -0.11 0.525958 -0.122847 0 0.536366 -0.101645 -0.11 0.533231 -0.108574 0 0.542653 -0.08574199 -0.11 0.539593 -0.09387201 0 0.547859 -0.06945496 -0.11 0.545019 -0.078799 0 0.5532 -0.04663199 -0.11 0.549489 -0.063416 0 0.552983 -0.047782 0 0.555489 -0.03195995 0 0.556423 -0.02341496 -0.11 0.556997 -0.01601195 0 0.5575 0 -0.11 0.5575 0 0 -0.008848965 -0.15 -0.433906 -0.01510995 -0.15 -0.399035 -0.008848965 0 -0.433906 -0.01510995 0 -0.399035 0.01500099 -0.15 -0.500514 0.001228988 -0.15 -0.467871 0.001228988 0 -0.467871 0.01500099 0 -0.500514 0.04749995 0 -0.11 0.04857695 -0.02341496 -0.11 0.05714094 0 -0.11 0.05179995 -0.04663199 -0.11 0.05714094 -0.06945496 -0.11 0.01500099 -0.15 -0.500514 0.01500099 0 -0.500514 0.001528978 -0.15 -0.504155 0.001079976 0 -0.504343 -0.01059299 -0.15 -0.51107 -0.01136499 0 -0.511662 -0.020585 -0.15 -0.520814 -0.02147597 0 -0.521968 -0.020585 -0.15 -0.520814 -0.02147597 0 -0.521968 -0.02780199 -0.15 -0.532758 -0.028557 0 -0.53455 -0.03178095 -0.15 -0.546134 -0.03211897 0 -0.548542 -0.03104197 -0.34 -0.567581 -0.03226494 -0.34 -0.560081 -0.03226494 -0.15 -0.560081 -0.02879697 -0.34 -0.57484 -0.03191798 0 -0.562978 -0.02557295 -0.34 -0.581721 -0.02796697 0 -0.576865 -0.02143096 -0.34 -0.588091 -0.02053797 0 -0.589245 -0.016451 -0.34 -0.59383 -0.010728 -0.34 -0.598828 -0.01014399 0 -0.599265 -0.004370987 -0.34 -0.602989 0.002499997 -0.34 -0.606235 -0.004370987 -0.34 -0.602989 0.002499997 0 -0.606235 0.002499997 0 -0.606235 0.05714094 -0.06945496 -0.11 0.05714094 -0.16 -0.11 0.06441295 -0.16 -0.115318 0.06441295 0 -0.115318 0.05714094 0 -0.11 0.07087999 0 -0.121591 0.07087999 -0.16 -0.121591 0.07641798 0 -0.128697 0.07641798 -0.16 -0.128697 0.08091896 0 -0.136501 0.08091896 -0.16 -0.136501 0.08429896 0 -0.1448529 0.08429896 -0.16 -0.1448529 0.08649098 -0.16 -0.153591 0.08649098 0 -0.153591 0.08745396 0 -0.162548 0.08745396 -0.16 -0.162548 0.08716899 0 -0.171553 0.08716899 -0.16 -0.171553 0.08564198 0 -0.180432 0.08564198 -0.16 -0.180432 0.082901 0 -0.189014 0.082901 -0.16 -0.189014 0.079001 0 -0.197135 0.079001 -0.16 -0.197135 0.07401496 0 -0.204639 0.079001 -0.16 -0.197135 0.07401496 -0.16 -0.204639 0.068039 -0.16 -0.211381 0.079001 0 -0.197135 0.068039 0 -0.211381 0.06118798 0 -0.217232 0.06118798 -0.16 -0.217232 0.05359399 0 -0.2220799 0.05359399 -0.16 -0.2220799 0.045403 0 -0.225831 0.045403 -0.16 -0.225831 0.002499997 0 -0.606235 0.002499997 0 -0.72 0.002499997 -0.34 -0.72 0.002499997 -0.34 -0.606235 0.04949998 -0.16 -0.501743 0.04949998 0 -0.501743 0.041206 0 -0.4858 0.041206 -0.16 -0.4858 0.03391599 -0.16 -0.469374 0.03391599 0 -0.469374 0.02765697 -0.16 -0.452528 0.02765697 0 -0.452528 0.02245396 -0.16 -0.435327 0.02245396 0 -0.435327 0.01832598 -0.16 -0.417837 0.01832598 0 -0.417837 0.01528894 -0.16 -0.400124 0.01528894 0 -0.400124 0.01335495 -0.16 -0.382258 0.01335495 0 -0.382258 0.01253199 -0.16 -0.364305 0.01253199 0 -0.364305 0.01282197 -0.16 -0.346337 0.01282197 0 -0.346337 0.01422494 -0.16 -0.328421 0.01422494 0 -0.328421 0.016734 -0.16 -0.310626 0.016734 0 -0.310626 0.02034097 -0.16 -0.293021 0.02034097 0 -0.293021 0.02503097 -0.16 -0.275672 0.02503097 0 -0.275672 0.03078699 -0.16 -0.258648 0.03078699 0 -0.258648 0.03758698 -0.16 -0.242013 0.045403 -0.16 -0.225831 0.03758698 0 -0.242013 0.045403 0 -0.225831 0.04949998 -0.16 -0.72 0.002499997 -0.34 -0.72 0.002499997 0 -0.72 0.04949998 0 -0.72 0.4325 -0.16 -0.72 0.4325 0 -0.72 0.04949998 0 -0.72 0.04949998 -0.16 -0.72 0.547859 -0.06945496 -0.11 0.5532 -0.04663199 -0.11 0.547859 0 -0.11 0.556423 -0.02341496 -0.11 0.5575 0 -0.11 0.517974 0 -0.1571609 0.517501 0 -0.165386 0.517501 -0.16 -0.165386 0.517974 -0.16 -0.1571609 0.519484 0 -0.149062 0.519484 -0.16 -0.149062 0.522007 0 -0.141219 0.522007 -0.16 -0.141219 0.525501 0 -0.133758 0.525501 -0.16 -0.133758 0.52991 0 -0.126799 0.52991 -0.16 -0.126799 0.535165 0 -0.120453 0.52991 -0.16 -0.126799 0.535165 -0.16 -0.120453 0.52991 0 -0.126799 0.54118 -0.16 -0.1148239 0.547859 -0.16 -0.11 0.54118 0 -0.1148239 0.577239 -0.16 -0.452837 0.577239 0 -0.452837 0.57091 0 -0.469801 0.57091 -0.16 -0.469801 0.563535 -0.16 -0.486336 0.563535 0 -0.486336 0.555142 0 -0.502379 0.555142 -0.16 -0.502379 0.529226 0 -0.1791819 0.529226 -0.16 -0.1791819 0.540068 -0.16 -0.193683 0.540068 0 -0.193683 0.549984 -0.16 -0.208832 0.549984 0 -0.208832 0.558935 -0.16 -0.22457 0.558935 0 -0.22457 0.566886 -0.16 -0.240836 0.566886 0 -0.240836 0.573807 -0.16 -0.257567 0.57967 -0.16 -0.274697 0.573807 0 -0.257567 0.57967 0 -0.274697 0.584453 -0.16 -0.292159 0.584453 0 -0.292159 0.588137 -0.16 -0.309886 0.588137 0 -0.309886 0.590708 -0.16 -0.327808 0.592155 -0.16 -0.345856 0.590708 0 -0.327808 0.592155 0 -0.345856 0.592473 -0.16 -0.363958 0.592473 0 -0.363958 0.591661 -0.16 -0.382046 0.591661 0 -0.382046 0.589722 -0.16 -0.400047 0.589722 0 -0.400047 0.586663 -0.16 -0.417892 0.586663 0 -0.417892 0.582496 0 -0.435512 0.582496 -0.16 -0.435512 0.4325 0 -0.72 0.4325 -0.16 -0.72 -0.2825 -0.47 0.12 -0.2825 -0.34 0.12 -0.364339 -0.34 -0.116225 -0.364339 -0.47 -0.116225 -0.367399 -0.47 -0.126963 -0.369243 -0.47 -0.137976 -0.367399 -0.34 -0.126963 -0.369848 -0.47 -0.149125 -0.369243 -0.34 -0.137976 -0.369207 -0.47 -0.160272 -0.369848 -0.34 -0.149125 -0.367326 -0.47 -0.1712779 -0.369207 -0.34 -0.160272 -0.367326 -0.34 -0.1712779 -0.364231 -0.47 -0.182006 -0.364231 -0.34 -0.182006 -0.359958 -0.47 -0.192322 -0.359958 -0.34 -0.192322 -0.354563 -0.47 -0.2020969 -0.348111 -0.47 -0.21121 -0.354563 -0.34 -0.2020969 -0.348111 -0.34 -0.21121 -0.340684 -0.47 -0.219547 -0.340684 -0.34 -0.219547 -0.332373 -0.47 -0.227004 -0.332373 -0.34 -0.227004 -0.323283 -0.47 -0.233487 -0.323283 -0.34 -0.233487 0.08997398 -0.47 0.147771 0.08997398 -0.34 0.147771 0.081191 -0.47 0.15909 0.081191 -0.34 0.15909 0.06978195 -0.47 0.167757 0.06978195 -0.34 0.167757 0.05652296 -0.47 0.173182 0.06978195 -0.47 0.167757 0.05652296 -0.34 0.173182 0.06978195 -0.34 0.167757 0.04231196 -0.47 0.175 0.04231196 -0.34 0.175 0.02811294 -0.47 0.173085 0.02811294 -0.34 0.173085 0.01489096 -0.47 0.167569 0.01489096 -0.34 0.167569 0.003542959 -0.47 0.158824 0.003542959 -0.34 0.158824 -0.005162954 -0.47 0.147446 -0.005162954 -0.34 0.147446 -0.010634 -0.47 0.134205 -0.005162954 -0.47 0.147446 -0.010634 -0.34 0.134205 -0.005162954 -0.34 0.147446 -0.01249998 -0.34 0.12 0.650226 -0.47 0.027821 0.650226 -0.34 0.027821 0.633408 -0.34 0.045183 0.633408 -0.47 0.045183 0.615869 -0.34 0.06181597 0.597641 -0.47 0.07769 0.615869 -0.47 0.06181597 0.597641 -0.34 0.07769 -0.328147 -0.34 -0.257165 -0.328147 -0.47 -0.257165 -0.332003 -0.47 -0.281026 -0.332003 -0.34 -0.281026 -0.334843 -0.47 -0.30503 -0.334843 -0.34 -0.30503 -0.336664 -0.47 -0.329133 -0.336664 -0.34 -0.329133 -0.33746 -0.47 -0.353292 -0.33746 -0.34 -0.353292 -0.337233 -0.47 -0.377462 -0.33598 -0.47 -0.401601 -0.337233 -0.34 -0.377462 -0.333705 -0.47 -0.425665 -0.33598 -0.34 -0.401601 -0.330412 -0.47 -0.449611 -0.333705 -0.34 -0.425665 -0.326107 -0.47 -0.473396 -0.330412 -0.34 -0.449611 -0.320797 -0.47 -0.496977 -0.326107 -0.34 -0.473396 -0.314492 -0.47 -0.520312 -0.320797 -0.34 -0.496977 -0.314492 -0.34 -0.520312 -0.307203 -0.47 -0.543359 -0.307203 -0.34 -0.543359 -0.298944 -0.47 -0.566075 -0.28973 -0.47 -0.588421 -0.298944 -0.34 -0.566075 -0.28973 -0.34 -0.588421 -0.279576 -0.47 -0.610357 -0.279576 -0.34 -0.610357 -0.268501 -0.47 -0.631842 -0.256525 -0.47 -0.652838 -0.268501 -0.34 -0.631842 -0.256525 -0.34 -0.652838 -0.2436699 -0.47 -0.673308 -0.2436699 -0.34 -0.673308 -0.229959 -0.47 -0.693214 -0.229959 -0.34 -0.693214 -0.215416 -0.47 -0.712521 -0.215416 -0.34 -0.712521 -0.2000679 -0.47 -0.731194 -0.2000679 -0.34 -0.731194 -0.183941 -0.47 -0.7492 -0.183941 -0.34 -0.7492 -0.167066 -0.47 -0.766506 -0.167066 -0.34 -0.766506 -0.1494719 -0.47 -0.78308 -0.1494719 -0.34 -0.78308 -0.131192 -0.34 -0.798894 -0.131192 -0.47 -0.798894 -0.112257 -0.47 -0.813919 -0.112257 -0.34 -0.813919 -0.09270298 -0.34 -0.828127 -0.09270298 -0.47 -0.828127 -0.07256299 -0.34 -0.841494 -0.07256299 -0.47 -0.841494 -0.05187499 -0.34 -0.853995 -0.05187499 -0.47 -0.853995 -0.03067594 -0.34 -0.865607 -0.03067594 -0.47 -0.865607 -0.009002983 -0.47 -0.87631 -0.03067594 -0.47 -0.865607 -0.03067594 -0.34 -0.865607 0.01310396 -0.47 -0.886085 -0.009002983 -0.34 -0.87631 0.01310396 -0.34 -0.886085 0.03560495 -0.47 -0.894913 0.03560495 -0.34 -0.894913 0.05846095 -0.47 -0.90278 0.05846095 -0.34 -0.90278 0.08162897 -0.47 -0.909671 0.105069 -0.47 -0.915573 0.08162897 -0.34 -0.909671 0.105069 -0.34 -0.915573 0.128738 -0.47 -0.920476 0.128738 -0.34 -0.920476 0.152594 -0.47 -0.924371 0.152594 -0.34 -0.924371 0.176593 -0.47 -0.927252 0.176593 -0.34 -0.927252 0.200693 -0.47 -0.929112 0.200693 -0.34 -0.929112 0.2248499 -0.47 -0.929949 0.2248499 -0.34 -0.929949 0.24902 -0.47 -0.929761 0.24902 -0.34 -0.929761 0.273161 -0.47 -0.928548 0.273161 -0.34 -0.928548 0.297229 -0.47 -0.926313 0.297229 -0.34 -0.926313 0.321181 -0.47 -0.923059 0.321181 -0.34 -0.923059 0.344973 -0.47 -0.918793 0.344973 -0.34 -0.918793 0.368563 -0.47 -0.913522 0.368563 -0.34 -0.913522 0.391908 -0.47 -0.907256 0.391908 -0.34 -0.907256 0.414966 -0.34 -0.900006 0.414966 -0.47 -0.900006 0.437697 -0.47 -0.891784 0.437697 -0.34 -0.891784 0.460058 -0.47 -0.882606 0.460058 -0.34 -0.882606 0.48201 -0.34 -0.872489 0.48201 -0.47 -0.872489 0.503514 -0.34 -0.86145 0.503514 -0.47 -0.86145 0.52453 -0.34 -0.849509 0.52453 -0.47 -0.849509 0.545021 -0.47 -0.836687 0.545021 -0.34 -0.836688 0.564949 -0.47 -0.823009 0.564949 -0.34 -0.823009 0.58428 -0.47 -0.808498 0.58428 -0.34 -0.808498 0.602979 -0.34 -0.793181 0.602979 -0.47 -0.793181 0.621011 -0.47 -0.777084 0.621011 -0.34 -0.777084 0.638345 -0.34 -0.760237 0.638345 -0.47 -0.760237 0.654949 -0.34 -0.742671 0.654949 -0.47 -0.742671 0.670793 -0.47 -0.724417 0.670793 -0.34 -0.724417 0.685849 -0.47 -0.705507 0.685849 -0.34 -0.705507 0.70009 -0.47 -0.685976 0.70009 -0.34 -0.685976 0.713489 -0.47 -0.665858 0.713489 -0.34 -0.665859 0.713489 -0.47 -0.665858 0.713489 -0.34 -0.665859 0.726024 -0.34 -0.645191 0.726024 -0.47 -0.645191 0.737671 -0.47 -0.624011 0.737671 -0.34 -0.624011 0.74841 -0.47 -0.602356 0.74841 -0.34 -0.602356 0.758222 -0.47 -0.580265 0.758222 -0.34 -0.580265 0.767088 -0.47 -0.557778 0.774992 -0.47 -0.534936 0.767088 -0.34 -0.557779 0.781921 -0.47 -0.511779 0.774992 -0.34 -0.534936 0.787862 -0.47 -0.488349 0.781921 -0.34 -0.511779 0.787862 -0.34 -0.488349 0.792804 -0.34 -0.464688 0.792804 -0.47 -0.464688 0.796739 -0.34 -0.440839 0.796739 -0.47 -0.440839 0.799658 -0.47 -0.416844 0.799658 -0.34 -0.416844 0.801559 -0.34 -0.392748 0.801559 -0.47 -0.392748 0.802435 -0.47 -0.368592 0.802435 -0.34 -0.368592 0.802287 -0.47 -0.344421 0.802287 -0.34 -0.344421 0.801114 -0.34 -0.320278 0.801114 -0.47 -0.320278 0.798919 -0.34 -0.296207 0.798919 -0.47 -0.296207 0.795705 -0.34 -0.27225 0.795705 -0.47 -0.27225 0.791478 -0.34 -0.2484509 0.791478 -0.47 -0.2484509 0.786247 -0.47 -0.224852 0.786247 -0.34 -0.224852 0.780019 -0.47 -0.201497 0.780019 -0.34 -0.201497 0.772806 -0.34 -0.178426 0.772806 -0.47 -0.178426 0.764623 -0.47 -0.155682 0.764623 -0.34 -0.155682 0.755482 -0.34 -0.133306 0.755482 -0.47 -0.133306 0.745401 -0.34 -0.111337 0.745401 -0.47 -0.111337 0.734397 -0.47 -0.08981597 0.734397 -0.34 -0.08981597 0.722491 -0.47 -0.06878 0.722491 -0.34 -0.06878 0.709703 -0.47 -0.04826796 0.709703 -0.34 -0.04826796 0.696058 -0.47 -0.02831596 0.696058 -0.34 -0.02831596 0.681579 -0.34 -0.008960962 0.681579 -0.47 -0.008960962 0.666292 -0.47 0.009762942 0.666292 -0.34 0.009762942 0.607018 -0.47 0.08770298 0.597641 -0.47 0.07769 0.597641 -0.34 0.07769 0.613627 -0.47 0.099725 0.607018 -0.47 0.08770298 0.607018 -0.34 0.08770298 0.607018 -0.34 0.08770298 0.617054 -0.47 0.113009 0.613627 -0.34 0.099725 0.617087 -0.47 0.126727 0.617054 -0.34 0.113009 0.613724 -0.47 0.140027 0.617087 -0.34 0.126727 0.607174 -0.47 0.152081 0.613724 -0.34 0.140027 0.597845 -0.47 0.1621389 0.607174 -0.34 0.152081 0.586317 -0.47 0.169576 0.597845 -0.47 0.1621389 0.597845 -0.34 0.16214 0.597845 -0.34 0.16214 0.573307 -0.47 0.173928 0.586317 -0.34 0.169576 0.559624 -0.47 0.174925 0.573307 -0.34 0.173928 0.546121 -0.47 0.172505 0.559624 -0.34 0.174925 0.533636 -0.47 0.166818 0.546121 -0.34 0.172505 0.522948 -0.47 0.158218 0.533636 -0.34 0.166818 0.51472 -0.47 0.1472409 0.522948 -0.34 0.158218 0.51472 -0.34 0.1472409 0.509465 -0.47 0.134569 0.51472 -0.47 0.1472409 0.51472 -0.34 0.1472409 -0.06009799 -0.15 -0.2163929 -0.06009799 -0.34 -0.2163929 -0.05183899 -0.34 -0.197077 -0.05183899 -0.15 -0.197077 -0.04255294 -0.34 -0.178234 -0.04255294 -0.15 -0.178234 -0.04255294 -0.34 -0.541766 -0.04255294 -0.15 -0.541766 -0.05183899 -0.15 -0.522923 -0.05183899 -0.34 -0.522923 -0.06009799 -0.15 -0.503607 -0.06009799 -0.34 -0.503607 -0.06730395 -0.15 -0.483875 -0.06730395 -0.34 -0.483875 -0.07343798 -0.15 -0.463783 -0.07343798 -0.34 -0.463783 -0.07848 -0.15 -0.44339 -0.07848 -0.34 -0.44339 -0.08241796 -0.15 -0.422755 -0.08241796 -0.34 -0.422755 -0.08523899 -0.15 -0.401938 -0.08523899 -0.34 -0.401938 -0.08693397 -0.15 -0.381 -0.08693397 -0.34 -0.381 -0.08749997 -0.15 -0.36 -0.08749997 -0.34 -0.36 -0.08693397 -0.15 -0.339001 -0.08693397 -0.34 -0.339 -0.08523899 -0.15 -0.318062 -0.08523899 -0.34 -0.318062 -0.08241796 -0.15 -0.297245 -0.08241796 -0.34 -0.297245 -0.07848 -0.34 -0.27661 -0.07848 -0.15 -0.27661 -0.07343798 -0.34 -0.256217 -0.07343798 -0.15 -0.256217 -0.06730395 -0.15 -0.2361249 -0.06730395 -0.34 -0.2361249 0.56407 -0.47 0.154951 0.56407 -0.34 0.154951 0.570225 -0.34 0.153776 0.570225 -0.47 0.153776 0.575896 -0.34 0.151108 0.575896 -0.47 0.151108 0.580724 -0.47 0.147114 0.575896 -0.47 0.151108 0.575896 -0.34 0.151108 0.580724 -0.34 0.147114 0.586715 -0.47 0.123783 0.5875 -0.47 0.1299999 0.586715 -0.34 0.123783 0.584408 -0.47 0.117956 0.5875 -0.34 0.1299999 0.584408 -0.34 0.142044 0.584408 -0.47 0.142044 0.580724 -0.47 0.112886 0.584408 -0.47 0.117956 0.584408 -0.34 0.117956 0.584408 -0.34 0.117956 0.586715 -0.34 0.1362169 0.586715 -0.47 0.1362169 0.575896 -0.47 0.108892 0.580724 -0.34 0.112886 0.575896 -0.34 0.108892 0.570225 -0.47 0.106224 0.570225 -0.34 0.106224 0.56407 -0.47 0.105049 0.557816 -0.47 0.105443 0.56407 -0.34 0.105049 0.557816 -0.34 0.105443 0.551856 -0.47 0.107379 0.551856 -0.34 0.107379 0.546564 -0.47 0.110737 0.546564 -0.34 0.110737 0.542275 -0.47 0.115305 0.546564 -0.47 0.110737 0.542275 -0.34 0.115305 0.546564 -0.34 0.110737 0.539256 -0.47 0.120797 0.539256 -0.34 0.120797 0.537697 -0.47 0.1268669 0.537697 -0.34 0.1268669 0.537697 -0.34 0.1331329 0.537697 -0.47 0.1331329 0.539256 -0.34 0.139203 0.539256 -0.47 0.139203 0.542275 -0.47 0.144695 0.542275 -0.34 0.144695 0.542275 -0.47 0.144695 0.542275 -0.34 0.144695 0.546564 -0.34 0.149263 0.546564 -0.47 0.149263 0.551856 -0.34 0.152621 0.551856 -0.47 0.152621 0.557816 -0.47 0.154557 0.557816 -0.34 0.154557 -0.328593 -0.47 -0.114 -0.328593 -0.34 -0.114 -0.323668 -0.34 -0.114939 -0.323668 -0.47 -0.114939 -0.319132 -0.34 -0.117074 -0.319132 -0.47 -0.117074 -0.315269 -0.47 -0.12027 -0.319132 -0.47 -0.117074 -0.319132 -0.34 -0.117074 -0.315269 -0.34 -0.12027 -0.310477 -0.47 -0.138934 -0.309849 -0.47 -0.133961 -0.310477 -0.34 -0.138934 -0.312322 -0.47 -0.1435959 -0.309849 -0.34 -0.133961 -0.312322 -0.34 -0.124326 -0.312322 -0.47 -0.124326 -0.315269 -0.47 -0.147652 -0.312322 -0.47 -0.1435959 -0.312322 -0.34 -0.1435959 -0.312322 -0.34 -0.1435959 -0.310477 -0.34 -0.128987 -0.310477 -0.47 -0.128987 -0.319132 -0.47 -0.150847 -0.315269 -0.34 -0.147652 -0.319132 -0.34 -0.150847 -0.323668 -0.47 -0.1529819 -0.323668 -0.34 -0.1529819 -0.328593 -0.47 -0.153921 -0.333596 -0.47 -0.1536059 -0.328593 -0.34 -0.153921 -0.333596 -0.34 -0.1536059 -0.338364 -0.47 -0.152057 -0.338364 -0.34 -0.152057 -0.342597 -0.47 -0.149371 -0.342597 -0.34 -0.149371 -0.346029 -0.47 -0.145716 -0.342597 -0.47 -0.149371 -0.346029 -0.34 -0.145716 -0.342597 -0.34 -0.149371 -0.348444 -0.47 -0.141323 -0.348444 -0.34 -0.141323 -0.349691 -0.47 -0.136467 -0.349691 -0.34 -0.136467 -0.349691 -0.34 -0.131454 -0.349691 -0.47 -0.131454 -0.348444 -0.34 -0.126598 -0.348444 -0.47 -0.126598 -0.346029 -0.47 -0.122205 -0.346029 -0.34 -0.122205 -0.346029 -0.47 -0.122205 -0.346029 -0.34 -0.122205 -0.342597 -0.34 -0.11855 -0.342597 -0.47 -0.11855 -0.338364 -0.34 -0.115864 -0.338364 -0.47 -0.115864 -0.333596 -0.47 -0.114315 -0.333596 -0.34 -0.114315 0.04406994 -0.47 0.154951 0.04406994 -0.34 0.154951 0.05022495 -0.34 0.153776 0.05022495 -0.47 0.153776 0.05589598 -0.34 0.151108 0.05589598 -0.47 0.151108 0.06072396 -0.47 0.147114 0.05589598 -0.47 0.151108 0.05589598 -0.34 0.151108 0.06072396 -0.34 0.147114 0.066715 -0.47 0.123783 0.06749999 -0.47 0.1299999 0.066715 -0.34 0.123783 0.064408 -0.47 0.117956 0.06749999 -0.34 0.1299999 0.064408 -0.34 0.142044 0.064408 -0.47 0.142044 0.06072396 -0.47 0.112886 0.064408 -0.47 0.117956 0.064408 -0.34 0.117956 0.064408 -0.34 0.117956 0.066715 -0.34 0.1362169 0.066715 -0.47 0.1362169 0.05589598 -0.47 0.108892 0.06072396 -0.34 0.112886 0.05589598 -0.34 0.108892 0.05022495 -0.47 0.106224 0.05022495 -0.34 0.106224 0.04406994 -0.47 0.105049 0.03781598 -0.47 0.105443 0.04406994 -0.34 0.105049 0.03781598 -0.34 0.105443 0.031856 -0.47 0.107379 0.031856 -0.34 0.107379 0.026564 -0.47 0.110737 0.026564 -0.34 0.110737 0.02227497 -0.47 0.115305 0.026564 -0.47 0.110737 0.02227497 -0.34 0.115305 0.026564 -0.34 0.110737 0.01925599 -0.47 0.120797 0.01925599 -0.34 0.120797 0.01769697 -0.47 0.1268669 0.01769697 -0.34 0.1268669 0.01769697 -0.34 0.1331329 0.01769697 -0.47 0.1331329 0.01925599 -0.34 0.139203 0.01925599 -0.47 0.139203 0.02227497 -0.47 0.144695 0.02227497 -0.34 0.144695 0.02227497 -0.47 0.144695 0.02227497 -0.34 0.144695 0.026564 -0.34 0.149263 0.026564 -0.47 0.149263 0.031856 -0.34 0.152621 0.031856 -0.47 0.152621 0.03781598 -0.47 0.154557 0.03781598 -0.34 0.154557 0.05589598 -0.47 0.151108 0.06978195 -0.47 0.167757 0.05652296 -0.47 0.173182 0.04406994 -0.47 0.154951 0.05022495 -0.47 0.153776 -0.07878595 -0.47 -0.07133197 -0.003134965 -0.47 0.08930099 -0.01249998 -0.47 0.12 0.02227497 -0.47 0.115305 0.01925599 -0.47 0.120797 0.01769697 -0.47 0.1268669 0.04231196 -0.47 0.175 0.03781598 -0.47 0.154557 -0.010634 -0.47 0.134205 0.01769697 -0.47 0.1331329 0.08249998 -0.47 0.08224999 0.09075796 -0.47 0.093616 0.06072396 -0.47 0.112886 0.031856 -0.47 0.152621 0.02811294 -0.47 0.173085 0.07163095 -0.47 0.07334798 0.05589598 -0.47 0.108892 -0.005162954 -0.47 0.147446 0.01925599 -0.47 0.139203 0.02227497 -0.47 0.144695 0.026564 -0.47 0.149263 0.01489096 -0.47 0.167569 0.09586799 -0.47 0.106702 0.064408 -0.47 0.117956 0.003542959 -0.47 0.158824 -0.05878597 -0.47 -0.07133197 0.05886197 -0.47 0.06748998 0.05022495 -0.47 0.106224 0.09749597 -0.47 0.120657 0.066715 -0.47 0.123783 0.04502397 -0.47 0.06505799 0.04406994 -0.47 0.105049 0.09553599 -0.47 0.134568 0.06749999 -0.47 0.1299999 0.01776999 -0.47 0.07087296 0.03102296 -0.47 0.06621098 0.03781598 -0.47 0.105443 0.08997398 -0.47 0.147771 0.066715 -0.47 0.1362169 0.006130993 -0.47 0.07874095 0.031856 -0.47 0.107379 0.064408 -0.47 0.142044 0.081191 -0.47 0.15909 0.026564 -0.47 0.110737 0.06072396 -0.47 0.147114 -0.291584 -0.47 -0.193159 -0.280383 -0.47 -0.185465 -0.315269 -0.47 -0.147652 -0.271668 -0.47 -0.17504 -0.319132 -0.47 -0.150847 -0.312322 -0.47 -0.1435959 -0.266081 -0.47 -0.162654 -0.264035 -0.47 -0.1492199 -0.323668 -0.47 -0.1529819 -0.265682 -0.47 -0.1357319 -0.310477 -0.47 -0.138934 -0.2000679 -0.47 -0.731194 -0.191696 -0.47 -0.710083 -0.215416 -0.47 -0.712521 -0.359958 -0.47 -0.192322 -0.354563 -0.47 -0.2020969 -0.328593 -0.47 -0.153921 -0.2709 -0.47 -0.123185 -0.309849 -0.47 -0.133961 -0.206485 -0.47 -0.691349 -0.279304 -0.47 -0.112507 0.621011 -0.47 -0.777084 0.638345 -0.47 -0.760237 0.614715 -0.47 -0.755489 -0.333596 -0.47 -0.1536059 -0.310477 -0.47 -0.128987 0.631513 -0.47 -0.738535 -0.364231 -0.47 -0.182006 0.654949 -0.47 -0.742671 0.597197 -0.47 -0.771699 -0.290272 -0.47 -0.104485 0.602979 -0.47 -0.793181 -0.338364 -0.47 -0.152057 0.647561 -0.47 -0.720867 0.670793 -0.47 -0.724417 -0.312322 -0.47 -0.124326 0.578992 -0.47 -0.787134 0.58428 -0.47 -0.808498 -0.315269 -0.47 -0.12027 0.662826 -0.47 -0.702519 0.685849 -0.47 -0.705507 -0.342597 -0.47 -0.149371 -0.367326 -0.47 -0.1712779 0.560134 -0.47 -0.801765 0.564949 -0.47 -0.823009 -0.319132 -0.47 -0.117074 -0.323668 -0.47 -0.114939 0.677281 -0.47 -0.683527 -0.369207 -0.47 -0.160272 0.70009 -0.47 -0.685976 -0.346029 -0.47 -0.145716 0.540659 -0.47 -0.815563 0.545021 -0.47 -0.836687 -0.328593 -0.47 -0.114 0.607018 -0.47 0.08770298 0.613627 -0.47 0.099725 0.580724 -0.47 0.112886 0.690899 -0.47 -0.663926 0.713489 -0.47 -0.665858 -0.333596 -0.47 -0.114315 0.597641 -0.47 0.07769 0.575896 -0.47 0.108892 -0.369848 -0.47 -0.149125 -0.348444 -0.47 -0.141323 0.584408 -0.47 0.117956 0.617054 -0.47 0.113009 0.520605 -0.47 -0.828504 0.52453 -0.47 -0.849509 0.703653 -0.47 -0.643752 0.726024 -0.47 -0.645191 -0.369243 -0.47 -0.137976 -0.349691 -0.47 -0.136467 -0.349691 -0.47 -0.131454 0.500007 -0.47 -0.840562 0.503514 -0.47 -0.86145 -0.367399 -0.47 -0.126963 -0.348444 -0.47 -0.126598 0.71552 -0.47 -0.623043 0.737671 -0.47 -0.624011 -0.364339 -0.47 -0.116225 -0.346029 -0.47 -0.122205 -0.342597 -0.47 -0.11855 -0.338364 -0.47 -0.115864 0.478906 -0.47 -0.851716 0.48201 -0.47 -0.872489 0.726477 -0.47 -0.60184 -0.2125 -0.47 0.12 -0.2825 -0.47 0.12 0.74841 -0.47 -0.602356 0.457341 -0.47 -0.861943 0.460058 -0.47 -0.882606 0.736505 -0.47 -0.580181 0.758222 -0.47 -0.580265 0.578638 -0.47 0.06742095 0.570225 -0.47 0.106224 -0.229959 -0.47 -0.693214 0.617087 -0.47 0.126727 0.586715 -0.47 0.123783 0.437697 -0.47 -0.891784 0.435352 -0.47 -0.871225 0.745583 -0.47 -0.558107 0.564189 -0.47 0.06502598 0.56407 -0.47 0.105049 0.767088 -0.47 -0.557778 0.613724 -0.47 0.140027 0.5875 -0.47 0.1299999 0.535965 -0.47 0.07182395 0.54962 -0.47 0.06652897 0.557816 -0.47 0.105443 0.414966 -0.47 -0.900006 0.412981 -0.47 -0.879544 -0.220447 -0.47 -0.671992 0.753694 -0.47 -0.53566 0.607174 -0.47 0.152081 0.586715 -0.47 0.1362169 0.774992 -0.47 -0.534936 0.551856 -0.47 0.107379 0.390271 -0.47 -0.886885 0.391908 -0.47 -0.907256 0.524191 -0.47 0.080536 0.584408 -0.47 0.142044 0.546564 -0.47 0.110737 0.781921 -0.47 -0.511779 0.760825 -0.47 -0.512883 0.597845 -0.47 0.1621389 0.580724 -0.47 0.147114 -0.2436699 -0.47 -0.673308 0.368563 -0.47 -0.913522 0.367263 -0.47 -0.893234 0.787862 -0.47 -0.488349 0.76696 -0.47 -0.489817 0.542275 -0.47 0.115305 0.515134 -0.47 0.092045 0.344973 -0.47 -0.918793 0.344002 -0.47 -0.898579 -0.233556 -0.47 -0.652047 0.772089 -0.47 -0.466508 0.792804 -0.47 -0.464688 0.586317 -0.47 0.169576 0.575896 -0.47 0.151108 0.570225 -0.47 0.153776 0.320531 -0.47 -0.902909 0.321181 -0.47 -0.923059 0.776202 -0.47 -0.442997 0.796739 -0.47 -0.440839 0.539256 -0.47 0.120797 0.509436 -0.47 0.1055369 0.296893 -0.47 -0.906217 0.297229 -0.47 -0.926313 0.779291 -0.47 -0.41933 0.799658 -0.47 -0.416844 0.56407 -0.47 0.154951 0.573307 -0.47 0.173928 0.273135 -0.47 -0.908497 0.273161 -0.47 -0.928548 0.78135 -0.47 -0.395552 0.801559 -0.47 -0.392748 -0.256525 -0.47 -0.652838 0.2493 -0.47 -0.909743 0.24902 -0.47 -0.929761 0.537697 -0.47 0.1268669 0.5075 -0.47 0.120055 0.782376 -0.47 -0.371706 0.802435 -0.47 -0.368592 -0.245788 -0.47 -0.631552 0.2254329 -0.47 -0.909955 0.557816 -0.47 0.154557 0.559624 -0.47 0.174925 0.2248499 -0.47 -0.929949 0.782366 -0.47 -0.347839 0.537697 -0.47 0.1331329 0.509465 -0.47 0.134569 0.802287 -0.47 -0.344421 0.551856 -0.47 0.152621 0.546121 -0.47 0.172505 0.2015799 -0.47 -0.90913 0.539256 -0.47 0.139203 0.51472 -0.47 0.1472409 0.200693 -0.47 -0.929112 0.533636 -0.47 0.166818 0.542275 -0.47 0.144695 0.546564 -0.47 0.149263 0.78132 -0.47 -0.323994 0.522948 -0.47 0.158218 0.801114 -0.47 -0.320278 0.176593 -0.47 -0.927252 -0.268501 -0.47 -0.631842 -0.257119 -0.47 -0.610546 0.177785 -0.47 -0.907272 0.779241 -0.47 -0.300217 -0.279576 -0.47 -0.610357 0.798919 -0.47 -0.296207 0.152594 -0.47 -0.924371 -0.267528 -0.47 -0.589067 0.154093 -0.47 -0.904383 -0.28973 -0.47 -0.588421 0.776133 -0.47 -0.276553 -0.276995 -0.47 -0.567158 0.795705 -0.47 -0.27225 0.128738 -0.47 -0.920476 -0.298944 -0.47 -0.566075 0.130549 -0.47 -0.900468 -0.285503 -0.47 -0.544858 0.772001 -0.47 -0.253046 0.791478 -0.47 -0.2484509 0.105069 -0.47 -0.915573 -0.307203 -0.47 -0.543359 -0.293036 -0.47 -0.52221 0.107196 -0.47 -0.895536 0.766852 -0.47 -0.22974 -0.314492 -0.47 -0.520312 0.786247 -0.47 -0.224852 0.08162897 -0.47 -0.909671 -0.299578 -0.47 -0.499257 0.780019 -0.47 -0.201497 0.08407998 -0.47 -0.889596 -0.320797 -0.47 -0.496977 0.760698 -0.47 -0.2066799 0.05846095 -0.47 -0.90278 -0.305119 -0.47 -0.476042 -0.326107 -0.47 -0.473396 0.772806 -0.47 -0.178426 0.06124299 -0.47 -0.882658 -0.309647 -0.47 -0.452608 0.753549 -0.47 -0.183908 -0.330412 -0.47 -0.449611 0.03560495 -0.47 -0.894913 0.764623 -0.47 -0.155682 -0.313155 -0.47 -0.428999 0.03872895 -0.47 -0.874736 0.745418 -0.47 -0.161468 0.01310396 -0.47 -0.886085 -0.333705 -0.47 -0.425665 0.755482 -0.47 -0.133306 0.01657897 -0.47 -0.865844 -0.315635 -0.47 -0.405261 -0.33598 -0.47 -0.401601 0.736322 -0.47 -0.139402 -0.009002983 -0.47 -0.87631 0.745401 -0.47 -0.111337 -0.317082 -0.47 -0.381438 -0.005163967 -0.47 -0.8560001 -0.337233 -0.47 -0.377462 0.726277 -0.47 -0.117751 -0.317495 -0.47 -0.357574 -0.03067594 -0.47 -0.865607 0.734397 -0.47 -0.08981597 -0.02645897 -0.47 -0.845222 -0.316871 -0.47 -0.333714 -0.33746 -0.47 -0.353292 0.715302 -0.47 -0.09655696 -0.05187499 -0.47 -0.853995 0.722491 -0.47 -0.06878 -0.315214 -0.47 -0.309904 -0.336664 -0.47 -0.329133 -0.04726594 -0.47 -0.83353 0.703418 -0.47 -0.07585799 -0.312525 -0.47 -0.286189 -0.334843 -0.47 -0.30503 -0.07256299 -0.47 -0.841494 0.709703 -0.47 -0.04826796 -0.06754696 -0.47 -0.820946 -0.308809 -0.47 -0.262612 -0.332003 -0.47 -0.281026 0.690647 -0.47 -0.05569499 -0.09270298 -0.47 -0.828127 -0.304074 -0.47 -0.239219 -0.328147 -0.47 -0.257165 0.696058 -0.47 -0.02831596 -0.08726298 -0.47 -0.807495 -0.298329 -0.47 -0.216053 -0.323283 -0.47 -0.233487 0.677013 -0.47 -0.03610497 -0.112257 -0.47 -0.813919 0.681579 -0.47 -0.008960962 -0.106377 -0.47 -0.7932 0.662542 -0.47 -0.01712399 -0.131192 -0.47 -0.798894 0.666292 -0.47 0.009762942 -0.124852 -0.47 -0.77809 0.647262 -0.47 0.001209974 -0.1494719 -0.47 -0.78308 0.650226 -0.47 0.027821 -0.142655 -0.47 -0.762193 0.6312 -0.47 0.01886498 -0.167066 -0.47 -0.766506 0.633408 -0.47 0.045183 -0.1597509 -0.47 -0.745538 0.614387 -0.47 0.035806 -0.183941 -0.47 -0.7492 0.615869 -0.47 0.06181597 -0.176108 -0.47 -0.728157 0.596856 -0.47 0.05200099 -0.332373 -0.47 -0.227004 -0.340684 -0.47 -0.219547 -0.348111 -0.47 -0.21121 0.509465 -0.47 0.134568 0.509465 -0.35 0.134569 0.509465 -0.35 0.134568 0.509465 -0.47 0.134569 0.200908 -0.1899999 -0.470359 0.1921409 -0.1899999 -0.461592 0.228254 -0.1899999 -0.434246 0.1841289 -0.1899999 -0.452132 0.221334 -0.1899999 -0.426611 0.210368 -0.1899999 -0.478371 0.235889 -0.1899999 -0.441166 0.176925 -0.1899999 -0.442042 0.215196 -0.1899999 -0.418335 0.220458 -0.1899999 -0.485575 0.244165 -0.1899999 -0.447304 0.242246 -0.1899999 -0.497366 0.231108 -0.1899999 -0.491921 0.253003 -0.1899999 -0.452602 0.170579 -0.1899999 -0.431392 0.2098979 -0.1899999 -0.409497 0.165134 -0.1899999 -0.420254 0.253795 -0.1899999 -0.501873 0.262318 -0.1899999 -0.457007 0.160627 -0.1899999 -0.408705 0.205493 -0.1899999 -0.400182 0.265677 -0.1899999 -0.50541 0.27202 -0.1899999 -0.460479 0.15709 -0.1899999 -0.396823 0.202021 -0.1899999 -0.39048 0.282016 -0.1899999 -0.462983 0.277811 -0.1899999 -0.507954 0.154546 -0.1899999 -0.384689 0.199518 -0.1899999 -0.380485 0.292208 -0.1899999 -0.464494 0.290113 -0.1899999 -0.509488 0.153012 -0.1899999 -0.372387 0.198006 -0.1899999 -0.370292 0.3025 -0.1899999 -0.465 0.314887 -0.1899999 -0.509488 0.3025 -0.1899999 -0.51 0.1974999 -0.1899999 -0.36 0.1525 -0.1899999 -0.36 0.153012 -0.1899999 -0.347613 0.327189 -0.1899999 -0.507954 0.312792 -0.1899999 -0.464494 0.198006 -0.1899999 -0.349708 0.154546 -0.1899999 -0.335311 0.339323 -0.1899999 -0.50541 0.322985 -0.1899999 -0.462983 0.199518 -0.1899999 -0.339516 0.15709 -0.1899999 -0.323177 0.33298 -0.1899999 -0.460479 0.351205 -0.1899999 -0.501873 0.202021 -0.1899999 -0.32952 0.160627 -0.1899999 -0.311295 0.342682 -0.1899999 -0.457007 0.362754 -0.1899999 -0.497366 0.205493 -0.1899999 -0.319818 0.165134 -0.1899999 -0.299746 0.384542 -0.1899999 -0.485575 0.373892 -0.1899999 -0.491921 0.351997 -0.1899999 -0.452602 0.170579 -0.1899999 -0.288608 0.2098979 -0.1899999 -0.310503 0.176925 -0.1899999 -0.277958 0.360835 -0.1899999 -0.447304 0.215196 -0.1899999 -0.301665 0.1841289 -0.1899999 -0.267868 0.394632 -0.1899999 -0.478371 0.369111 -0.1899999 -0.441166 0.221334 -0.1899999 -0.293389 0.404092 -0.1899999 -0.470359 0.1921409 -0.1899999 -0.258408 0.376746 -0.1899999 -0.434246 0.228254 -0.1899999 -0.285754 0.200908 -0.1899999 -0.249641 0.412859 -0.1899999 -0.461592 0.383666 -0.1899999 -0.426611 0.235889 -0.1899999 -0.278834 0.210368 -0.1899999 -0.241629 0.420871 -0.1899999 -0.452132 0.389804 -0.1899999 -0.418335 0.244165 -0.1899999 -0.272696 0.395102 -0.1899999 -0.409497 0.428075 -0.1899999 -0.442042 0.220458 -0.1899999 -0.234425 0.253003 -0.1899999 -0.267398 0.434421 -0.1899999 -0.431392 0.231108 -0.1899999 -0.228079 0.242246 -0.1899999 -0.222634 0.262318 -0.1899999 -0.262993 0.439866 -0.1899999 -0.420254 0.399507 -0.1899999 -0.400182 0.27202 -0.1899999 -0.259521 0.253795 -0.1899999 -0.218127 0.444373 -0.1899999 -0.408705 0.402979 -0.1899999 -0.39048 0.282016 -0.1899999 -0.257018 0.265677 -0.1899999 -0.21459 0.44791 -0.1899999 -0.396823 0.405482 -0.1899999 -0.380485 0.292208 -0.1899999 -0.255506 0.277811 -0.1899999 -0.212046 0.450454 -0.1899999 -0.384689 0.406994 -0.1899999 -0.370292 0.3025 -0.1899999 -0.255 0.290113 -0.1899999 -0.210512 0.451988 -0.1899999 -0.372387 0.4075 -0.1899999 -0.36 0.3025 -0.1899999 -0.21 0.4525 -0.1899999 -0.36 0.312792 -0.1899999 -0.255506 0.314887 -0.1899999 -0.210512 0.406994 -0.1899999 -0.349708 0.451988 -0.1899999 -0.347613 0.322985 -0.1899999 -0.257018 0.327189 -0.1899999 -0.212046 0.405482 -0.1899999 -0.339516 0.450454 -0.1899999 -0.335311 0.33298 -0.1899999 -0.259521 0.339323 -0.1899999 -0.21459 0.402979 -0.1899999 -0.32952 0.44791 -0.1899999 -0.323177 0.342682 -0.1899999 -0.262993 0.351205 -0.1899999 -0.218127 0.399507 -0.1899999 -0.319818 0.444373 -0.1899999 -0.311295 0.351997 -0.1899999 -0.267398 0.362754 -0.1899999 -0.222634 0.395102 -0.1899999 -0.310503 0.439866 -0.1899999 -0.299746 0.373892 -0.1899999 -0.228079 0.434421 -0.1899999 -0.288608 0.360835 -0.1899999 -0.272696 0.384542 -0.1899999 -0.234425 0.428075 -0.1899999 -0.277958 0.389804 -0.1899999 -0.301665 0.369111 -0.1899999 -0.278834 0.394632 -0.1899999 -0.241629 0.420871 -0.1899999 -0.267868 0.383666 -0.1899999 -0.293389 0.404092 -0.1899999 -0.249641 0.376746 -0.1899999 -0.285754 0.412859 -0.1899999 -0.258408 -0.06935298 -0.15 -0.328214 -0.08523899 -0.15 -0.318062 -0.06005495 -0.15 -0.321061 -0.08241796 -0.15 -0.297245 -0.03226494 -0.15 -0.560081 -0.04255294 -0.15 -0.541766 -0.03178095 -0.15 -0.546134 -0.04922395 -0.15 -0.316554 -0.07848 -0.15 -0.27661 -0.03759497 -0.15 -0.315 -0.05183899 -0.15 -0.522923 -0.02780199 -0.15 -0.532758 -0.06009799 -0.15 -0.503607 -0.020585 -0.15 -0.520814 -0.07343798 -0.15 -0.256217 -0.008848965 -0.15 -0.286094 -0.02596098 -0.15 -0.316505 -0.01510995 -0.15 -0.320965 -0.01059299 -0.15 -0.51107 -0.06730395 -0.15 -0.2361249 0.001228988 -0.15 -0.252129 -0.06009799 -0.15 -0.2163929 -0.05183899 -0.15 -0.197077 -0.020585 -0.15 -0.199187 -0.01059299 -0.15 -0.20893 -0.04255294 -0.15 -0.178234 -0.02780199 -0.15 -0.187242 -0.06730395 -0.15 -0.483875 0.001228988 -0.15 -0.467871 -0.07343798 -0.15 -0.463783 0.001528978 -0.15 -0.215845 0.001528978 -0.15 -0.504155 0.01500099 -0.15 -0.500514 -0.03178095 -0.15 -0.173866 0.01500099 -0.15 -0.2194859 -0.08241796 -0.15 -0.422755 -0.08523899 -0.15 -0.401938 -0.06005495 -0.15 -0.398939 -0.06935298 -0.15 -0.391786 -0.03226494 -0.15 -0.159919 -0.08693397 -0.15 -0.381 -0.076487 -0.15 -0.382472 -0.07848 -0.15 -0.44339 -0.04922395 -0.15 -0.403446 -0.080971 -0.15 -0.371632 -0.08749997 -0.15 -0.36 -0.008848965 -0.15 -0.433906 -0.03759497 -0.15 -0.405 -0.08249998 -0.15 -0.36 -0.02596098 -0.15 -0.403495 -0.080971 -0.15 -0.348369 -0.08693397 -0.15 -0.339001 -0.01510995 -0.15 -0.399035 -0.076487 -0.15 -0.337528 0.103943 -0.16 -0.11 0.05714094 -0.16 -0.11 0.09366595 -0.146333 -0.11 0.08432799 -0.132008 -0.11 0.07597196 -0.11709 -0.11 0.06863397 -0.101645 -0.11 0.06234794 -0.08574199 -0.11 0.05714094 -0.06945496 -0.11 0.501057 -0.16 -0.11 0.511334 -0.146333 -0.11 0.547859 -0.16 -0.11 0.520672 -0.132008 -0.11 0.529028 -0.11709 -0.11 0.536366 -0.101645 -0.11 0.542653 -0.08574199 -0.11 0.547859 -0.06945496 -0.11 0.106716 -0.1633819 -0.11 0.109547 -0.166715 -0.11 0.103943 -0.16 -0.11 0.112434 -0.17 -0.11 0.501057 -0.16 -0.11 0.492566 -0.17 -0.11 0.495453 -0.166715 -0.11 0.498284 -0.1633819 -0.11 0.20598 -0.236027 -0.11 0.190922 -0.229293 -0.11 0.176331 -0.2215999 -0.11 0.492566 -0.17 -0.11 0.481177 -0.181933 -0.11 0.162268 -0.212979 -0.11 0.469041 -0.193104 -0.11 0.148792 -0.203467 -0.11 0.456208 -0.203467 -0.11 0.135959 -0.193104 -0.11 0.442732 -0.212979 -0.11 0.123823 -0.181933 -0.11 0.112434 -0.17 -0.11 0.428669 -0.2215999 -0.11 0.414078 -0.229293 -0.11 0.39902 -0.236027 -0.11 0.383558 -0.241774 -0.11 0.367757 -0.246509 -0.11 0.351683 -0.250212 -0.11 0.335404 -0.252868 -0.11 0.318986 -0.254467 -0.11 0.3025 -0.255 -0.11 0.286014 -0.254467 -0.11 0.269596 -0.252868 -0.11 0.253317 -0.250212 -0.11 0.2372429 -0.246509 -0.11 0.221442 -0.241774 -0.11 0.439866 -0.16 -0.299746 0.434421 -0.16 -0.288608 0.558935 -0.16 -0.22457 0.566886 -0.16 -0.240836 0.428075 -0.16 -0.277958 0.549984 -0.16 -0.208832 0.540068 -0.16 -0.193683 0.420871 -0.16 -0.267868 0.529226 -0.16 -0.1791819 0.412859 -0.16 -0.258408 0.517501 -0.16 -0.165386 0.394632 -0.16 -0.241629 0.384542 -0.16 -0.234425 0.404092 -0.16 -0.249641 0.501057 -0.16 -0.11 0.314887 -0.16 -0.210512 0.3025 -0.16 -0.21 0.103943 -0.16 -0.11 0.327189 -0.16 -0.212046 0.339323 -0.16 -0.21459 0.351205 -0.16 -0.218127 0.200908 -0.16 -0.470359 0.04949998 -0.16 -0.501743 0.1921409 -0.16 -0.461592 0.362754 -0.16 -0.222634 0.373892 -0.16 -0.228079 0.517974 -0.16 -0.1571609 0.519484 -0.16 -0.149062 0.210368 -0.16 -0.478371 0.522007 -0.16 -0.141219 0.525501 -0.16 -0.133758 0.52991 -0.16 -0.126799 0.1841289 -0.16 -0.452132 0.535165 -0.16 -0.120453 0.176925 -0.16 -0.442042 0.54118 -0.16 -0.1148239 0.04949998 -0.16 -0.72 0.220458 -0.16 -0.485575 0.547859 -0.16 -0.11 0.231108 -0.16 -0.491921 0.041206 -0.16 -0.4858 0.170579 -0.16 -0.431392 0.03391599 -0.16 -0.469374 0.165134 -0.16 -0.420254 0.242246 -0.16 -0.497366 0.02765697 -0.16 -0.452528 0.160627 -0.16 -0.408705 0.02245396 -0.16 -0.435327 0.253795 -0.16 -0.501873 0.01832598 -0.16 -0.417837 0.15709 -0.16 -0.396823 0.265677 -0.16 -0.50541 0.277811 -0.16 -0.507954 0.4325 -0.16 -0.72 0.01528894 -0.16 -0.400124 0.154546 -0.16 -0.384689 0.01335495 -0.16 -0.382258 0.153012 -0.16 -0.372387 0.01253199 -0.16 -0.364305 0.290113 -0.16 -0.509488 0.3025 -0.16 -0.51 0.01282197 -0.16 -0.346337 0.1525 -0.16 -0.36 0.314887 -0.16 -0.509488 0.153012 -0.16 -0.347613 0.01422494 -0.16 -0.328421 0.154546 -0.16 -0.335311 0.016734 -0.16 -0.310626 0.02034097 -0.16 -0.293021 0.327189 -0.16 -0.507954 0.03758698 -0.16 -0.242013 0.045403 -0.16 -0.225831 0.05359399 -0.16 -0.2220799 0.15709 -0.16 -0.323177 0.02503097 -0.16 -0.275672 0.339323 -0.16 -0.50541 0.06118798 -0.16 -0.217232 0.351205 -0.16 -0.501873 0.160627 -0.16 -0.311295 0.03078699 -0.16 -0.258648 0.068039 -0.16 -0.211381 0.165134 -0.16 -0.299746 0.362754 -0.16 -0.497366 0.170579 -0.16 -0.288608 0.373892 -0.16 -0.491921 0.07401496 -0.16 -0.204639 0.176925 -0.16 -0.277958 0.384542 -0.16 -0.485575 0.079001 -0.16 -0.197135 0.1841289 -0.16 -0.267868 0.082901 -0.16 -0.189014 0.1921409 -0.16 -0.258408 0.08564198 -0.16 -0.180432 0.200908 -0.16 -0.249641 0.08716899 -0.16 -0.171553 0.210368 -0.16 -0.241629 0.08745396 -0.16 -0.162548 0.220458 -0.16 -0.234425 0.06441295 -0.16 -0.115318 0.05714094 -0.16 -0.11 0.07087999 -0.16 -0.121591 0.07641798 -0.16 -0.128697 0.08091896 -0.16 -0.136501 0.08429896 -0.16 -0.1448529 0.08649098 -0.16 -0.153591 0.231108 -0.16 -0.228079 0.242246 -0.16 -0.222634 0.253795 -0.16 -0.218127 0.265677 -0.16 -0.21459 0.555142 -0.16 -0.502379 0.428075 -0.16 -0.442042 0.434421 -0.16 -0.431392 0.420871 -0.16 -0.452132 0.412859 -0.16 -0.461592 0.404092 -0.16 -0.470359 0.394632 -0.16 -0.478371 0.277811 -0.16 -0.212046 0.439866 -0.16 -0.420254 0.563535 -0.16 -0.486336 0.290113 -0.16 -0.210512 0.57091 -0.16 -0.469801 0.444373 -0.16 -0.408705 0.577239 -0.16 -0.452837 0.582496 -0.16 -0.435512 0.44791 -0.16 -0.396823 0.586663 -0.16 -0.417892 0.450454 -0.16 -0.384689 0.451988 -0.16 -0.372387 0.589722 -0.16 -0.400047 0.591661 -0.16 -0.382046 0.4525 -0.16 -0.36 0.592473 -0.16 -0.363958 0.592155 -0.16 -0.345856 0.451988 -0.16 -0.347613 0.450454 -0.16 -0.335311 0.590708 -0.16 -0.327808 0.588137 -0.16 -0.309886 0.44791 -0.16 -0.323177 0.584453 -0.16 -0.292159 0.444373 -0.16 -0.311295 0.57967 -0.16 -0.274697 0.573807 -0.16 -0.257567 0.4525 -0.1899999 -0.36 0.4525 -0.16 -0.36 0.451988 -0.16 -0.372387 0.451988 -0.1899999 -0.372387 0.450454 -0.16 -0.384689 0.450454 -0.1899999 -0.384689 0.44791 -0.16 -0.396823 0.44791 -0.1899999 -0.396823 0.444373 -0.16 -0.408705 0.444373 -0.1899999 -0.408705 0.439866 -0.16 -0.420254 0.439866 -0.1899999 -0.420254 0.434421 -0.16 -0.431392 0.434421 -0.1899999 -0.431392 0.428075 -0.1899999 -0.442042 0.420871 -0.1899999 -0.452132 0.428075 -0.1899999 -0.442042 0.428075 -0.16 -0.442042 0.428075 -0.16 -0.442042 0.420871 -0.16 -0.452132 0.412859 -0.1899999 -0.461592 0.412859 -0.16 -0.461592 0.404092 -0.1899999 -0.470359 0.404092 -0.16 -0.470359 0.394632 -0.1899999 -0.478371 0.394632 -0.16 -0.478371 0.384542 -0.16 -0.485575 0.384542 -0.1899999 -0.485575 0.373892 -0.16 -0.491921 0.373892 -0.1899999 -0.491921 0.362754 -0.16 -0.497366 0.362754 -0.1899999 -0.497366 0.351205 -0.16 -0.501873 0.351205 -0.1899999 -0.501873 0.339323 -0.16 -0.50541 0.339323 -0.1899999 -0.50541 0.327189 -0.1899999 -0.507954 0.327189 -0.16 -0.507954 0.314887 -0.16 -0.509488 0.314887 -0.1899999 -0.509488 0.3025 -0.16 -0.51 0.3025 -0.1899999 -0.51 0.290113 -0.16 -0.509488 0.290113 -0.1899999 -0.509488 0.277811 -0.1899999 -0.507954 0.277811 -0.16 -0.507954 0.265677 -0.16 -0.50541 0.265677 -0.1899999 -0.50541 0.242246 -0.1899999 -0.497366 0.253795 -0.1899999 -0.501873 0.253795 -0.16 -0.501873 0.242246 -0.16 -0.497366 0.231108 -0.1899999 -0.491921 0.231108 -0.16 -0.491921 0.220458 -0.1899999 -0.485575 0.220458 -0.16 -0.485575 0.210368 -0.1899999 -0.478371 0.210368 -0.16 -0.478371 0.200908 -0.1899999 -0.470359 0.210368 -0.1899999 -0.478371 0.200908 -0.16 -0.470359 0.1921409 -0.1899999 -0.461592 0.210368 -0.16 -0.478371 0.1841289 -0.1899999 -0.452132 0.1921409 -0.16 -0.461592 0.1841289 -0.16 -0.452132 0.176925 -0.1899999 -0.442042 0.176925 -0.16 -0.442042 0.170579 -0.1899999 -0.431392 0.170579 -0.16 -0.431392 0.165134 -0.1899999 -0.420254 0.165134 -0.16 -0.420254 0.160627 -0.1899999 -0.408705 0.160627 -0.16 -0.408705 0.15709 -0.1899999 -0.396823 0.15709 -0.16 -0.396823 0.154546 -0.1899999 -0.384689 0.154546 -0.16 -0.384689 0.153012 -0.16 -0.372387 0.153012 -0.1899999 -0.372387 0.1525 -0.16 -0.36 0.1525 -0.1899999 -0.36 0.153012 -0.16 -0.347613 0.153012 -0.1899999 -0.347613 0.154546 -0.16 -0.335311 0.154546 -0.1899999 -0.335311 0.15709 -0.1899999 -0.323177 0.15709 -0.16 -0.323177 0.160627 -0.16 -0.311295 0.160627 -0.1899999 -0.311295 0.165134 -0.1899999 -0.299746 0.165134 -0.16 -0.299746 0.170579 -0.1899999 -0.288608 0.170579 -0.16 -0.288608 0.176925 -0.1899999 -0.277958 0.176925 -0.16 -0.277958 0.1841289 -0.1899999 -0.267868 0.176925 -0.1899999 -0.277958 0.1841289 -0.16 -0.267868 0.176925 -0.16 -0.277958 0.1921409 -0.1899999 -0.258408 0.1921409 -0.16 -0.258408 0.200908 -0.1899999 -0.249641 0.200908 -0.16 -0.249641 0.210368 -0.1899999 -0.241629 0.210368 -0.16 -0.241629 0.220458 -0.1899999 -0.234425 0.220458 -0.16 -0.234425 0.231108 -0.1899999 -0.228079 0.231108 -0.16 -0.228079 0.242246 -0.1899999 -0.222634 0.242246 -0.16 -0.222634 0.253795 -0.1899999 -0.218127 0.253795 -0.16 -0.218127 0.265677 -0.1899999 -0.21459 0.265677 -0.16 -0.21459 0.277811 -0.1899999 -0.212046 0.277811 -0.16 -0.212046 0.290113 -0.1899999 -0.210512 0.290113 -0.16 -0.210512 0.3025 -0.1899999 -0.21 0.3025 -0.16 -0.21 0.314887 -0.1899999 -0.210512 0.314887 -0.16 -0.210512 0.327189 -0.1899999 -0.212046 0.327189 -0.16 -0.212046 0.339323 -0.1899999 -0.21459 0.339323 -0.16 -0.21459 0.351205 -0.16 -0.218127 0.351205 -0.1899999 -0.218127 0.362754 -0.16 -0.222634 0.362754 -0.1899999 -0.222634 0.373892 -0.16 -0.228079 0.373892 -0.1899999 -0.228079 0.384542 -0.1899999 -0.234425 0.373892 -0.1899999 -0.228079 0.373892 -0.16 -0.228079 0.384542 -0.16 -0.234425 0.394632 -0.16 -0.241629 0.394632 -0.1899999 -0.241629 0.404092 -0.1899999 -0.249641 0.404092 -0.16 -0.249641 0.412859 -0.16 -0.258408 0.412859 -0.1899999 -0.258408 0.420871 -0.16 -0.267868 0.420871 -0.1899999 -0.267868 0.428075 -0.1899999 -0.277958 0.428075 -0.16 -0.277958 0.434421 -0.16 -0.288608 0.434421 -0.1899999 -0.288608 0.439866 -0.16 -0.299746 0.439866 -0.1899999 -0.299746 0.444373 -0.16 -0.311295 0.444373 -0.1899999 -0.311295 0.44791 -0.1899999 -0.323177 0.44791 -0.16 -0.323177 0.450454 -0.1899999 -0.335311 0.450454 -0.16 -0.335311 0.451988 -0.1899999 -0.347613 0.451988 -0.16 -0.347613 0.123823 -0.181933 -0.11 0.135959 -0.193104 -0.11 0.148792 -0.203467 -0.11 0.162268 -0.212979 -0.11 0.176331 -0.2215999 -0.11 0.190922 -0.229293 -0.11 0.20598 -0.236027 -0.11 0.221442 -0.241774 -0.11 0.2372429 -0.246509 -0.11 0.253317 -0.250212 -0.11 0.269596 -0.252868 -0.11 0.286014 -0.254467 -0.11 0.3025 -0.255 -0.11 0.318986 -0.254467 -0.11 0.335404 -0.252868 -0.11 0.351683 -0.250212 -0.11 0.367757 -0.246509 -0.11 0.383558 -0.241774 -0.11 0.39902 -0.236027 -0.11 0.456208 -0.203467 -0.11 0.414078 -0.229293 -0.11 0.428669 -0.2215999 -0.11 0.442732 -0.212979 -0.11 0.469041 -0.193104 -0.11 0.481177 -0.181933 -0.11</float_array>
          <technique_common>
            <accessor source="#shape0_013-mesh-positions-array" count="6742" stride="3">
              <param name="X" type="float"/>
              <param name="Y" type="float"/>
              <param name="Z" type="float"/>
            </accessor>
          </technique_common>
        </source>
        <source id="shape0_013-mesh-normals">
          <float_array id="shape0_013-mesh-normals-array" count="19017">0 -1 3.99366e-6 0 -1 -2.57113e-6 0 -1 3.99133e-6 0 -1 0 0 -1 -3.08794e-6 0 -1 3.98467e-6 0 -1 2.06019e-6 0 -1 4.10667e-6 0 -1 4.00211e-6 0 -1 -4.10378e-6 0 -1 -4.00346e-6 0 -1 -3.97243e-6 0 -1 -4.00439e-6 0 -1 -4.10151e-6 0 -1 4.13849e-6 0 -1 4.005e-6 0 -1 -3.96332e-6 0 -1 4.14387e-6 0 -1 4.00533e-6 0 -1 1.73149e-6 0 -1 -8.20015e-6 0 -1 2.97246e-6 0 -1 -2.0027e-6 0 -1 -4.14392e-6 0 -1 9.91898e-7 0 -1 -4.13851e-6 0 -1 1.98621e-6 0 -1 2.00173e-6 0 -1 1.98836e-6 0 -1 4.00253e-6 0 -1 -4.10395e-6 0 -1 -3.9847e-6 0 -1 -4.12039e-6 0 -1 4.11726e-6 0 -1 4.11082e-6 0 -1 -3.99133e-6 0 -1 4.1138e-6 0 -1 -3.99366e-6 0 -1 -4.10667e-6 0 -1 4.10376e-6 0 -1 -2.06442e-6 0 -1 -4.00184e-6 0 -1 2.06689e-6 0 -1 2.05075e-6 0 -1 -2.06925e-6 0 -1 8.00879e-6 0 -1 3.10791e-6 0 -1 -2.05021e-6 0 -1 -3.9633e-6 0 -1 2.59373e-6 0 -1 -8.01069e-6 0 -1 4.10007e-6 0 -1 -4.14994e-6 0 -1 -4.14389e-6 0 -1 3.96328e-6 0 -1 4.10157e-6 0 -1 -4.13378e-6 0 -1 4.10253e-6 0 -1 4.10395e-6 0 -1 -1.99023e-6 0 -1 9.97092e-7 0 -1 -4.11082e-6 -0.6831732 -0.1674756 0.7107928 -0.6830981 -0.1675556 0.710846 0.2104545 -0.7455003 -0.6324067 0.210358 -0.7455629 -0.6323651 -0.6278963 -0.2766497 0.7274691 -0.627871 -0.2766874 0.7274766 0.4504398 -0.3826341 -0.8066568 0.4773613 -0.3825985 -0.7910403 0.4505271 -0.382588 -0.80663 -0.1417621 -0.9238059 0.3556492 -0.1025483 -0.9608817 0.2572745 0.07328176 -0.9237827 -0.3758397 -0.1571657 -0.9238526 0.3489921 -0.5259774 -0.4835075 0.6996917 -0.525953 -0.4835336 0.699692 0.07328367 -0.9237791 -0.3758481 0.5456792 -0.1674999 -0.8210834 0.5456992 -0.1674906 -0.8210722 -0.706637 -0.1674979 0.6874654 0.3897337 -0.483512 -0.7837882 -0.706542 -0.1675696 0.6875455 0.3897009 -0.4835427 -0.7837856 -0.2132557 -0.8751983 0.4342237 0.02056777 -0.9858633 -0.1662843 0.02057462 -0.9858629 -0.1662864 0.007267236 -0.9984483 -0.05521273 -0.01791864 -0.9984254 0.05315589 0.006889879 -0.9984244 -0.05568957 -0.05350166 -0.9858727 0.1587221 -0.1687666 -0.9238131 0.3436384 -0.1570634 -0.9238286 0.3491017 0.132582 -0.8752005 -0.4652376 -0.2320372 -0.8751888 0.4245038 -0.2775719 -0.8155228 0.5078154 0.2825229 -0.6660295 -0.6903518 0.2524986 -0.7453681 -0.6169853 -0.3582206 -0.7453323 0.5622792 -0.4008269 -0.6659595 0.6291548 0.09246772 -0.923837 -0.37145 0.09246748 -0.9238385 -0.3714463 -0.6659038 -0.2767065 0.6928244 -0.6658238 -0.2767783 0.6928727 0.4773818 -0.3826248 -0.7910151 -0.747983 -0.05112344 0.661746 0.1827373 -0.8154496 -0.549226 -0.7453267 -0.05604261 0.6643399 0.1826861 -0.8154763 -0.5492032 -0.6037141 -0.3824858 0.6994526 0.4267916 -0.4836941 -0.7641264 -0.6037201 -0.3824821 0.6994494 0.4267855 -0.483704 -0.7641235 -0.6401712 -0.3826083 0.6661769 -0.06202566 -0.9858667 0.155627 -0.1135958 -0.9609068 0.252496 0.05299866 -0.9608744 -0.2718667 -0.1025459 -0.9608809 0.2572784 -0.490134 -0.5784994 0.6520024 0.05300927 -0.9608743 -0.2718651 -0.4901792 -0.5784565 0.6520065 0.5319179 -0.276729 -0.8003027 -0.6888027 -0.2767314 0.6700527 0.5318843 -0.2767619 -0.8003138 0.6146045 -0.0560944 -0.7868384 -0.6886716 -0.2768259 0.6701484 0.606739 -0.06992298 -0.7918199 0.363159 -0.5784645 -0.730407 -0.1687684 -0.9238157 0.3436304 -0.1136466 -0.9609159 0.2524384 0.3631688 -0.5784599 -0.7304059 -0.1220541 -0.9609073 0.2485157 0.1048988 -0.9238369 -0.3681325 0.1048702 -0.9238438 -0.3681234 -0.1835921 -0.923803 0.335979 -0.2320092 -0.8751597 0.424579 0.2525084 -0.7453966 -0.6169469 -0.358219 -0.7453286 0.5622851 0.06686651 -0.9609015 -0.2686955 -0.6622499 -0.3826254 0.6442228 -0.6401621 -0.3825913 0.6661956 0.06689423 -0.9609004 -0.2686927 0.4522156 -0.4836659 -0.7493787 -0.7359598 -0.1674487 0.6559909 0.4522484 -0.4836541 -0.7493665 -0.7359687 -0.1674394 0.6559834 0.1527456 -0.8751606 -0.4590889 0.1527675 -0.8751478 -0.4591062 -0.5719366 -0.4835422 0.6626277 -0.57194 -0.4835371 0.6626286 -0.02123713 -0.9984591 0.05126899 0.3977009 -0.5786812 -0.7120127 0.3977684 -0.5786389 -0.7120094 -0.06203508 -0.9858711 0.1555955 0.01079487 -0.9984073 -0.05537497 -0.02077811 -0.9984248 0.05211859 -0.06874018 -0.985879 0.1527005 -0.4481926 -0.6660999 0.5961833 0.01199084 -0.9984645 -0.05408239 0.03205877 -0.985865 -0.1644461 0.03205591 -0.9858667 -0.1644369 0.5113969 -0.3825935 -0.7694774 -0.4482135 -0.6660841 0.5961852 0.5114262 -0.3825567 -0.7694764 -0.6622558 -0.3826309 0.6442134 0.584507 -0.2765949 -0.7627889 0.5996458 -0.1673986 -0.7825617 0.5996537 -0.1673865 -0.7825582 -0.122051 -0.9609047 0.2485277 0.3320789 -0.6661072 -0.6678509 -0.7905564 -0.05605781 0.6098182 -0.8297446 -0.05606192 0.5553208 0.3320617 -0.6661259 -0.6678408 -0.7880123 -0.06163245 0.6125669 0.07585 -0.9609116 -0.2662624 -0.02301776 -0.9984257 0.05115044 0.07592129 -0.9609029 -0.2662737 -0.06872218 -0.9858812 0.1526949 -0.07382911 -0.9858745 0.1503355 0.666077 -0.0560944 -0.7437707 0.6661548 -0.05595874 -0.7437112 0.7145597 -0.05596107 -0.6973327 -0.1836123 -0.9238176 0.3359282 -0.1327993 -0.9609015 0.2429665 -0.3110759 -0.81534 0.4883159 0.2192773 -0.8153689 -0.5358089 0.2193089 -0.8153527 -0.5358205 -0.3111032 -0.8153239 0.4883256 -0.2600889 -0.8750237 0.4082736 0.1833141 -0.8750805 -0.4479176 0.04044407 -0.9858782 -0.1625068 0.01355332 -0.9984257 -0.05442738 0.04046714 -0.985877 -0.1625087 -0.6064123 -0.4836763 0.6311272 0.4214032 -0.578577 -0.6983323 -0.6064494 -0.4836485 0.6311127 0.4213129 -0.5786406 -0.6983342 -0.717357 -0.2767063 0.6394002 0.120891 -0.9237988 -0.363292 -0.7173351 -0.276735 0.6394123 0.1208811 -0.9238024 -0.3632864 0.3852263 -0.6662307 -0.6385433 0.3637076 -0.6662538 -0.6510166 0.3636025 -0.6662979 -0.6510304 -0.5330101 -0.5784141 0.6175252 -0.532912 -0.5785006 0.6175289 0.4845068 -0.4836181 -0.7289491 -0.4005239 -0.7454756 0.5327728 0.4844675 -0.4836452 -0.7289572 -0.400553 -0.7454582 0.5327753 -0.6273595 -0.4837242 0.6102712 -0.627422 -0.4836875 0.6102361 0.5845038 -0.2766152 -0.762784 -0.0255742 -0.9984652 0.04912477 -0.07382303 -0.9858759 0.1503295 -0.02472543 -0.9984255 0.05035161 0.2967761 -0.7454702 -0.5968234 0.296764 -0.7454789 -0.5968186 -0.7783495 -0.16741 0.6051 -0.7783766 -0.1673515 0.6050813 0.04588055 -0.9858804 -0.1610428 0.01667183 -0.9984625 -0.05286663 0.04591572 -0.985876 -0.1610599 -0.1327993 -0.9609023 0.2429636 0.01536941 -0.9984258 -0.05394172 -0.08033365 -0.9858719 0.1469798 0.6576997 -0.1674617 -0.7344303 -0.2058123 -0.9237226 0.3230757 0.6577125 -0.1674526 -0.7344208 -0.260089 -0.8750221 0.4082773 0.1833056 -0.8750618 -0.4479577 -0.5650824 -0.5786272 0.5881093 0.1450468 -0.9237488 -0.354471 -0.5651879 -0.5785574 0.5880765 -0.5846403 -0.5786661 0.568631 0.3852888 -0.6662791 -0.638455 -0.6897454 -0.3825121 0.6147649 -0.6897051 -0.3825584 0.6147813 0.08744245 -0.9608886 -0.2627678 0.08741861 -0.9608911 -0.2627665 -0.4873387 -0.6660915 0.5646442 -0.5167293 -0.666275 0.537651 0.3249329 -0.7456146 -0.5817882 -0.4872757 -0.6661379 0.5646439 -0.8297337 -0.05602854 0.5553405 0.3248724 -0.745634 -0.5817971 -0.8193161 -0.1673685 0.5483692 0.4515424 -0.5785288 -0.6792746 0.451497 -0.5785692 -0.6792703 -0.3478405 -0.8154266 0.4626951 0.5620132 -0.382355 -0.7334479 -0.3478636 -0.8154151 0.4626979 -0.5846018 -0.5786225 0.568715 0.5324376 -0.4834228 -0.6948472 0.5620291 -0.3823257 -0.733451 -0.7294829 -0.3824751 0.5670694 0.7056311 -0.1674569 -0.6885078 0.7146079 -0.05607497 -0.6972741 -0.7586694 -0.2766932 0.5897982 0.2577568 -0.8154115 -0.5183296 -0.7587006 -0.27664 0.5897829 0.2577396 -0.8154178 -0.5183283 -0.03016078 -0.9984233 0.04734122 -0.02690488 -0.9984254 0.04922121 0.6411023 -0.2767058 -0.7158365 -0.08033442 -0.985874 0.1469657 -0.2058147 -0.9237326 0.3230454 0.6410782 -0.2767341 -0.7158471 -0.1488711 -0.9608525 0.2336664 -0.5167372 -0.6662948 0.5376187 0.1450505 -0.9237524 -0.3544602 -0.5344724 -0.6663286 0.5199477 0.1049219 -0.9608588 -0.2564017 0.3443174 -0.7455939 -0.5705571 -0.6534296 -0.4835729 0.5823976 -0.6534104 -0.4835892 0.5824057 0.3443421 -0.7455837 -0.5705555 0.01770883 -0.9984251 -0.05323219 -0.4355186 -0.7454539 0.5046009 0.05288147 -0.9858703 -0.1589445 0.05287694 -0.9858692 -0.158953 -0.4354853 -0.745474 0.5046 -0.3782106 -0.8154169 0.4382376 -0.8656982 -0.04347199 0.4986752 0.2821354 -0.8155665 -0.5052235 -0.8563743 -0.05605518 0.5133039 0.2822169 -0.8155488 -0.5052067 0.412851 -0.6662009 -0.6210721 0.4127821 -0.6662455 -0.62107 -0.8193194 -0.16738 0.5483608 -0.2907897 -0.8751019 0.3868309 0.5324284 -0.4833816 -0.6948829 -0.2908115 -0.8750952 0.3868294 0.7513161 -0.05608624 -0.6575549 -0.5344152 -0.6662784 0.5200706 0.7602667 -0.04410606 -0.6481121 0.7056098 -0.167398 -0.6885439 -0.7294805 -0.3824595 0.567083 0.6877521 -0.2767331 -0.6711303 -0.09004497 -0.9858535 0.1413679 0.2154904 -0.8751072 -0.4333027 0.215469 -0.8751142 -0.4332995 -0.1488679 -0.9608414 0.2337141 0.616424 -0.3824402 -0.688303 -0.8731682 -0.05601817 0.4841895 -0.4618153 -0.7455667 0.4804759 0.6164309 -0.3824263 -0.6883044 -0.4775766 -0.7455992 0.4647606 0.1049314 -0.9608654 -0.2563729 -0.461795 -0.7455762 0.4804806 0.06347787 -0.985858 -0.1550955 -0.6089334 -0.5784574 0.5427588 0.7731366 -0.05605268 -0.6317579 -0.6088937 -0.578489 0.5427697 0.2990339 -0.8155217 -0.4954828 -0.3782109 -0.8154115 0.4382473 0.2989489 -0.8155486 -0.4954897 0.2358595 -0.8752107 -0.4223467 0.2499357 -0.8751792 -0.4142388 0.235935 -0.8751986 -0.4223293 -0.8456876 -0.1674445 0.5067297 -0.8455985 -0.1675457 0.5068448 0.3203194 -0.8154937 -0.4820432 0.36891 -0.7455231 -0.5550683 0.3688405 -0.7455629 -0.5550609 0.4961748 -0.5783228 -0.647575 -0.7985959 -0.2767005 0.5344918 -0.798574 -0.276732 0.5345084 0.4961857 -0.5783218 -0.6475675 -0.2300851 -0.9237861 0.3060722 0.7419463 -0.1674509 -0.6492118 -0.2300897 -0.9237834 0.3060769 0.7418566 -0.1675661 -0.6492846 -0.4776108 -0.7456303 0.4646756 0.6877409 -0.276683 -0.6711625 -0.6910739 -0.4834787 0.5372758 0.6612721 -0.3824287 -0.6453431 -0.6440454 -0.5783588 0.5007063 -0.6911208 -0.4834273 0.5372616 0.1705117 -0.9237811 -0.3428618 -0.09004515 -0.9858551 0.141357 -0.03015673 -0.9984235 0.0473423 0.170515 -0.9237805 -0.342862 0.5839868 -0.483517 -0.6520512 -0.8621801 -0.1675212 0.4781028 -0.8621607 -0.167549 0.4781279 0.5839545 -0.4835481 -0.652057 0.02125865 -0.9984241 -0.05193811 0.06347858 -0.985859 -0.1550886 0.02137631 -0.998438 -0.05162006 -0.4010401 -0.8155066 0.4172719 0.7632614 -0.167575 -0.6239798 -0.4010263 -0.8155136 0.4172716 -0.5567527 -0.6661497 0.496257 0.7634199 -0.1674532 -0.6238185 -0.5567228 -0.666172 0.4962608 0.2499451 -0.8751881 -0.4142139 -0.3162206 -0.8750931 0.366356 -0.3161599 -0.8751198 0.3663448 0.186642 -0.9238382 -0.3341974 -0.3352214 -0.8751947 0.3487992 0.1866145 -0.923843 -0.3341996 -0.8242923 -0.2767536 0.4939127 -0.8242315 -0.2768134 0.4939805 0.3203476 -0.8155205 -0.4819791 -0.8970823 -0.0475654 0.439296 -0.8934955 -0.05600553 0.4455663 0.4537257 -0.6659727 -0.5921262 0.4536887 -0.6659974 -0.5921267 -0.7678479 -0.3824604 0.5139395 -0.767816 -0.3825041 0.5139547 0.7231812 -0.2767649 -0.6327798 -0.1664606 -0.96087 0.2214038 0.7231658 -0.2767753 -0.6327928 -0.1664346 -0.9608768 0.2213942 0.6612839 -0.3824592 -0.6453128 -0.4147559 -0.8155669 0.4035201 0.6264596 -0.4835415 -0.6113396 -0.4148654 -0.8155359 0.40347 0.8017632 -0.05210101 -0.5953666 0.7998704 -0.05603587 -0.5975512 -0.6440361 -0.5784387 0.5006257 -0.5888949 -0.6660774 0.4577593 0.123324 -0.9608787 -0.2479991 0.12334 -0.9608759 -0.2480015 -0.8403376 -0.2768617 0.4660262 -0.8404431 -0.2767468 0.4659041 0.5442188 -0.5784543 -0.607632 -0.3468027 -0.8752008 0.3372709 0.5442006 -0.5784789 -0.6076248 -0.3352079 -0.8751773 0.3488559 0.7439671 -0.2768048 -0.6081876 -0.4975448 -0.745499 0.4434865 -0.4975248 -0.7455105 0.4434899 0.7439556 -0.2768139 -0.6081976 -0.2501968 -0.9237875 0.2898594 -0.2501995 -0.9237845 0.2898662 0.1978033 -0.9238252 -0.3277515 0.1977696 -0.9238349 -0.3277446 -0.7924817 -0.3826228 0.4749448 -0.8080531 -0.3826149 0.4479466 0.1349698 -0.9609156 -0.2417114 -0.792502 -0.3826053 0.4749253 0.1350028 -0.9609096 -0.2417172 -0.8822637 -0.1674585 0.4399641 -0.8822458 -0.1674925 0.4399872 0.2677948 -0.8751654 -0.4029535 0.2678172 -0.8751602 -0.4029498 -0.7274043 -0.4835357 0.4869047 0.3521642 -0.8153509 -0.4595469 0.4054945 -0.745346 -0.5291821 0.4055413 -0.7453095 -0.5291975 -0.7274594 -0.4834753 0.4868825 -0.100678 -0.9858665 0.1339074 0.6953011 -0.3826348 -0.6083973 0.6953759 -0.3825644 -0.6083559 -0.03384917 -0.9984529 0.04411679 -0.03372102 -0.9984248 0.04484319 -0.1006886 -0.985866 0.1339029 0.7152886 -0.3826741 -0.5847417 0.5837813 -0.5784794 -0.5697026 -0.3467955 -0.8751957 0.3372915 0.6264594 -0.4835278 -0.6113507 -0.5263026 -0.7454157 0.4090978 -0.5888947 -0.6660844 0.4577494 0.7898183 -0.1674557 -0.5900388 0.7898591 -0.1673912 -0.5900024 0.07459926 -0.9858638 -0.1500247 0.07459557 -0.985866 -0.1500124 -0.8080276 -0.3825559 0.4480429 0.02561593 -0.9984604 -0.04920148 -0.2652121 -0.9238424 0.2760032 0.02506935 -0.9984139 -0.05041301 0.4976066 -0.6661276 -0.5555732 -0.2743713 -0.9238554 0.2668549 -0.2652395 -0.9238351 0.2760012 -0.4320632 -0.8154701 0.3851364 0.4975954 -0.6661345 -0.5555752 0.7153 -0.3826835 -0.5847216 -0.4320538 -0.815474 0.3851386 -0.1809719 -0.9608765 0.2096797 -0.1809875 -0.9608739 0.2096779 0.1430701 -0.9609023 -0.2370603 -0.924156 -0.05608415 0.3778762 0.1430289 -0.9609079 -0.2370626 -0.9474741 -0.05608236 0.3148775 0.8380224 -0.06033504 -0.5422899 0.8397922 -0.05603981 -0.5400081 0.8741437 -0.05604326 -0.4824232 -0.920758 -0.06695336 0.3843465 -0.7507573 -0.4836853 0.4499023 0.0816614 -0.9858778 -0.1462067 0.02734982 -0.9984259 -0.04896569 -0.7507448 -0.4836955 0.4499122 -0.8599492 -0.2766991 0.4288648 0.08166396 -0.9858776 -0.1462069 0.2119007 -0.923819 -0.3188363 0.2118962 -0.92382 -0.3188367 -0.8598733 -0.2768118 0.4289443 -0.6779006 -0.5784415 0.4537138 0.3521648 -0.8153305 -0.4595826 -0.677847 -0.5784918 0.4537298 0.6586937 -0.4836608 -0.5763636 -0.2743476 -0.9238458 0.2669127 0.6587649 -0.4835988 -0.5763342 -0.5263034 -0.745412 0.4091036 0.5338008 -0.666132 -0.5208886 0.5837837 -0.5785154 -0.5696637 -0.7654498 -0.4836777 0.424432 0.7698772 -0.2767118 -0.5750824 0.7698833 -0.2767106 -0.5750749 -0.7654427 -0.4836841 0.4244375 -0.1918759 -0.9608954 0.1996591 -0.1984562 -0.9609042 0.193076 -0.1918435 -0.9609011 0.1996627 0.4447042 -0.7454566 -0.4965205 -0.3612126 -0.8751236 0.3220003 -0.3612241 -0.8751215 0.3219932 0.444687 -0.745467 -0.4965205 -0.1094737 -0.9858635 0.1268412 -0.03741478 -0.9984653 0.04083192 -0.03688997 -0.9984046 0.04275 0.6776141 -0.4837418 -0.5539252 0.6777938 -0.4836467 -0.5537884 -0.1094497 -0.9858673 0.1268327 0.02975577 -0.998465 -0.04671698 0.08651787 -0.9858756 -0.1434018 0.0865249 -0.9858754 -0.1433987 0.02897757 -0.9984256 -0.04802989 -0.909803 -0.1674227 0.379774 0.8276662 -0.1674254 -0.5356655 -0.9098221 -0.1673741 0.3797495 0.8067477 -0.2766628 -0.5221263 0.8277134 -0.1673263 -0.5356234 -0.699642 -0.5786121 0.4191768 -0.6995631 -0.5786612 0.4192407 0.1532673 -0.9608937 -0.2306352 0.1532852 -0.9608913 -0.2306333 -0.826747 -0.3826227 0.412419 -0.8268523 -0.38249 0.4123309 0.2944307 -0.8750257 -0.3842403 0.2944247 -0.8750309 -0.3842331 -0.619803 -0.6661329 0.4148627 -0.619787 -0.6661466 0.4148649 0.613807 -0.5785962 -0.5370917 0.6137245 -0.5786485 -0.5371296 -0.1984791 -0.9609109 0.1930192 -0.9474694 -0.05605429 0.3148965 0.5338035 -0.6660767 -0.5209565 -0.9355598 -0.1674668 0.3109388 0.4770319 -0.7454559 -0.4655491 -0.3821154 -0.8750694 0.2970548 0.7401944 -0.3825572 -0.5529577 -0.457085 -0.8153747 0.3552992 0.7402353 -0.3825053 -0.5529389 -0.4570336 -0.8154033 0.3552998 -0.7132849 -0.5786141 0.3955129 -0.7132238 -0.578655 0.3955633 0.8741651 -0.05610513 -0.4823771 0.8631972 -0.1673407 -0.4763275 -0.1200502 -0.9858797 0.1167451 -0.116037 -0.9858751 0.1207724 -0.1160542 -0.9858741 0.1207629 0.3861675 -0.8154232 -0.4312306 -0.03886252 -0.9984259 0.04044121 0.3862155 -0.8153997 -0.4312322 -0.2858119 -0.9237971 0.2547754 -0.2858023 -0.923801 0.2547722 0.6315221 -0.5786442 -0.516092 0.6315929 -0.5786144 -0.5160385 -0.8868477 -0.2765784 0.3701425 -0.8868326 -0.2766095 0.3701558 -0.852686 -0.3824562 0.3558846 0.8067555 -0.276736 -0.5220754 -0.6521525 -0.6662417 0.3616893 0.0310505 -0.9984256 -0.04671716 0.09270387 -0.9858728 -0.1395019 -0.6397027 -0.6662485 0.383267 0.09270727 -0.9858726 -0.1395015 -0.6395953 -0.6663085 0.3833419 0.2329635 -0.9237366 -0.3040375 -0.7833195 -0.4835552 0.3906212 -0.7832746 -0.4836037 0.3906515 0.2329779 -0.9237313 -0.3040427 0.5612403 -0.6662089 -0.4910957 -0.9670437 -0.04420363 0.2507442 0.5774002 -0.666302 -0.4718587 -0.9609991 -0.05608397 0.270805 -0.4810637 -0.8154102 0.3220002 0.5611607 -0.6662567 -0.491122 0.4143137 -0.8153974 -0.4043157 -0.5539171 -0.7454582 0.3707666 0.4770304 -0.74548 -0.4655122 -0.5539277 -0.745452 0.3707634 -0.04020035 -0.998426 0.03911149 -0.04090052 -0.9984599 0.03748226 -0.120043 -0.9858777 0.1167689 0.7012317 -0.4835867 -0.5238491 -0.9355549 -0.1673896 0.3109949 0.7012135 -0.4836085 -0.5238534 -0.9489215 -0.1674664 0.2674008 -0.3023579 -0.923765 0.235028 0.9051632 -0.04357683 -0.4228248 0.8975096 -0.05613666 -0.4374073 -0.382106 -0.8750851 0.2970209 0.8413523 -0.2767665 -0.4642484 0.8632028 -0.1673601 -0.4763103 -0.6521591 -0.6662905 0.3615876 -0.2067514 -0.9608829 0.1842767 0.3228558 -0.8751049 -0.3604936 0.3228218 -0.8751181 -0.3604918 -0.2067214 -0.9608893 0.1842769 -0.8527001 -0.382355 0.3559594 0.5773506 -0.6662504 -0.4719923 0.7757087 -0.3824495 -0.5020045 -0.5715982 -0.7455982 0.3425769 0.7757273 -0.38242 -0.5019982 0.7348786 -0.48351 -0.475575 -0.5715898 -0.7456013 0.3425841 -0.7299041 -0.5785397 0.3640493 0.168522 -0.9608474 -0.2199376 0.168533 -0.9608443 -0.2199431 -0.7299146 -0.5785322 0.36404 0.9116687 -0.05605322 -0.407085 -0.9696069 -0.05614042 0.2381402 -0.9489357 -0.1675042 0.2673264 0.5015316 -0.745574 -0.4388457 -0.4810617 -0.8154127 0.3219969 0.5014821 -0.7455965 -0.4388639 0.4143134 -0.8154166 -0.4042776 0.3463437 -0.8751196 -0.3379525 -0.9119032 -0.276663 0.3031341 0.6535005 -0.5784643 -0.4881764 0.6534738 -0.5784898 -0.4881818 -0.9118959 -0.2766782 0.3031421 -0.302362 -0.9237592 0.2350451 0.8862367 -0.1674537 -0.4319073 -0.2186906 -0.9608722 0.1699974 -0.5828093 -0.745599 0.323134 0.8862473 -0.1674172 -0.4318996 -0.5828115 -0.7455981 0.323132 0.8413451 -0.2767156 -0.4642919 0.8089709 -0.3824579 -0.4464214 -0.04188126 -0.9984248 0.03733372 -0.1250669 -0.9858661 0.1114734 -0.125055 -0.9858679 0.1114711 0.255463 -0.9237829 -0.2852438 -0.7528384 -0.5783433 0.3142505 0.2554726 -0.9237798 -0.2852451 -0.807857 -0.4833732 0.3372201 0.5158731 -0.7456552 -0.4217503 -0.807837 -0.4834006 0.3372288 0.5159791 -0.7456263 -0.4216718 -0.4963487 -0.8155657 0.2974739 -0.4964441 -0.8155286 0.2974161 -0.6673858 -0.6661821 0.3328627 0.7348759 -0.4835008 -0.4755884 0.1019402 -0.9858561 -0.1330267 -0.6673389 -0.6662174 0.3328861 0.1019359 -0.9858559 -0.1330311 0.03414642 -0.998426 -0.04449355 0.0341432 -0.9984231 -0.04455989 -0.9573985 -0.1674836 0.2352391 0.9002275 -0.1674515 -0.4019334 0.9002084 -0.1674776 -0.4019653 -0.9574351 -0.1673959 0.2351524 -0.9249556 -0.2767834 0.260477 -0.9249166 -0.2768352 0.2605601 0.4355686 -0.8155046 -0.3810936 -0.9816775 -0.04511475 0.1851326 0.4354956 -0.8155351 -0.3811119 -0.9790531 -0.05613762 0.1957131 0.2740481 -0.9237807 -0.2674454 -0.4021428 -0.8751156 0.2691727 -0.4021476 -0.8751134 0.2691728 0.3463435 -0.8751049 -0.3379909 0.5975644 -0.6661057 -0.4463407 -0.8768028 -0.3824501 0.2914602 0.5975183 -0.6661397 -0.4463517 -0.8767917 -0.3824655 0.2914733 -0.8893128 -0.3826257 0.2504403 0.8638128 -0.2767919 -0.4209676 0.8637832 -0.2768331 -0.4210013 -0.2186956 -0.9608659 0.170027 -0.1322971 -0.9858598 0.1028493 -0.5061243 -0.815532 0.2806168 0.928608 -0.0560286 -0.3668079 0.9169374 -0.1674477 -0.3621979 -0.5060545 -0.8155575 0.2806685 0.9313314 -0.04825836 -0.3609614 -0.7528157 -0.5783995 0.3142016 -0.6883969 -0.6660051 0.28731 0.8089725 -0.382477 -0.4464021 0.7663801 -0.4835423 -0.4229049 -0.4230641 -0.8751909 0.2346441 -0.4150051 -0.8751902 0.2486224 0.1847914 -0.9608753 -0.206327 -0.4149572 -0.8752043 0.2486523 0.1848024 -0.9608727 -0.2063294 -0.5963474 -0.7455716 0.2974774 0.4480953 -0.8155454 -0.3661918 -0.5964129 -0.7455322 0.2974449 0.4480099 -0.8155704 -0.3662407 -0.9331656 -0.276821 0.2292862 -0.9331772 -0.2767996 0.2292647 -0.8972221 -0.382625 0.2204332 0.6848569 -0.5783846 -0.4432181 0.6848189 -0.5784195 -0.4432313 -0.8893203 -0.3826692 0.2503478 0.8774334 -0.2768323 -0.3917583 -0.9667487 -0.1674829 0.1932526 -0.9667838 -0.1673857 0.1931608 0.8774711 -0.2767876 -0.3917054 -0.3182287 -0.923777 0.2129946 -0.3182162 -0.9237812 0.2129949 0.3745533 -0.8751929 -0.3061816 0.364122 -0.8751685 -0.3185831 0.3640881 -0.8751785 -0.3185946 -0.8306626 -0.4835029 0.2760879 0.1982311 -0.9608753 -0.1934509 -0.8306295 -0.4835451 0.2761141 0.2740479 -0.9237823 -0.26744 -0.04423379 -0.9984446 0.03393805 0.5339285 -0.7455345 -0.3988717 -0.1322956 -0.985861 0.1028408 -0.04430532 -0.9984241 0.03444337 0.5339999 -0.7454872 -0.3988648 0.8436623 -0.3826121 -0.376619 -0.42307 -0.8752053 0.2345794 -0.6883865 -0.6660234 0.2872926 0.8305082 -0.3826246 -0.4047895 0.8305203 -0.3826021 -0.404786 -0.615185 -0.7454064 0.2567428 0.9169464 -0.1674656 -0.3621666 -0.3283343 -0.9238374 0.1967763 -0.328352 -0.9238363 0.1967527 -0.5179533 -0.815473 0.2583184 0.7663881 -0.4835159 -0.4229204 0.7142068 -0.5784204 -0.3941301 -0.517955 -0.8154719 0.2583183 0.1117643 -0.9858669 -0.1248013 0.03754156 -0.9984547 -0.04097437 0.1117826 -0.9858638 -0.124809 0.03745645 -0.9984227 -0.04182356 -0.897229 -0.3825748 0.2204921 -0.842476 -0.4837221 0.237165 0.3745591 -0.875199 -0.3061575 -0.8424738 -0.4837209 0.2371754 0.626206 -0.6660659 -0.4052436 -0.9422829 -0.2768086 0.1883611 0.6261461 -0.6661136 -0.4052577 0.8436605 -0.382592 -0.3766434 -0.9423254 -0.2767224 0.1882757 -0.9914056 -0.05485719 0.1187683 -0.9774577 -0.1673668 0.1287045 -0.9888813 -0.07183235 0.130207 0.2880941 -0.9238255 -0.2520883 -0.2301646 -0.9608772 0.1540758 0.2880766 -0.9238331 -0.2520799 -0.2301898 -0.9608726 0.1540671 0.1199179 -0.9858644 -0.1170096 -0.7740271 -0.5785059 0.2573193 -0.7740868 -0.5784434 0.2572797 0.198233 -0.9608796 -0.1934272 0.9505841 -0.06563991 -0.3034491 0.9530629 -0.05609405 -0.2975309 0.9709143 -0.05609226 -0.2327641 -0.7850682 -0.5786365 0.221015 -0.3347741 -0.9238306 0.1856431 0.4637197 -0.8154491 -0.3464202 -0.3347931 -0.9238275 0.1856243 0.463732 -0.8154457 -0.3464119 0.786761 -0.483699 -0.3834612 -0.6152277 -0.7453451 0.2568182 0.7992023 -0.4837048 -0.3567988 -0.2374761 -0.9609116 0.1423168 -0.2375232 -0.9609048 0.1422839 0.7867925 -0.4836705 -0.3834326 0.8937616 -0.2767184 -0.3530117 0.8937279 -0.2767771 -0.353051 -0.4329778 -0.8751584 0.2159351 -0.4329547 -0.8751656 0.2159522 0.859327 -0.38252 -0.3394639 0.7141931 -0.5784854 -0.3940596 -0.8499887 -0.4836192 0.2088823 0.6530168 -0.6661457 -0.3603041 -0.8499488 -0.4836659 0.2089368 -0.785072 -0.5786317 0.2210147 0.2963575 -0.9238464 -0.2422399 0.29635 -0.9238495 -0.2422372 0.5596291 -0.7454251 -0.3621558 0.9978651 -0.05604416 -0.0335319 -0.9060161 -0.3825642 0.1810516 -0.9059845 -0.3826139 0.1811044 0.5596261 -0.7454268 -0.3621571 -0.9774601 -0.1673454 0.1287139 0.7992145 -0.4837539 -0.3567048 -0.04684716 -0.9984101 0.03134673 -0.04674488 -0.9984627 0.02978509 0.2083854 -0.9608998 -0.1823377 0.2083384 -0.9609087 -0.1823446 -0.1392416 -0.9858645 0.09318315 -0.1392146 -0.9858675 0.09319144 -0.7177642 -0.6663237 0.2020577 0.04042458 -0.9984036 -0.03944784 0.1199191 -0.9858641 -0.1170113 -0.7077409 -0.6661416 0.2352834 0.04083055 -0.9984654 -0.03741401 -0.7077637 -0.666122 0.2352703 0.9391981 -0.1673807 -0.2998178 -0.2421097 -0.9609111 0.1342864 -0.2421355 -0.9609065 0.1342725 -0.9970817 -0.05606114 0.05182111 -0.9983111 -0.05605721 -0.01524889 0.9391927 -0.1674041 -0.2998219 0.3876824 -0.8751201 -0.2895985 -0.9845158 -0.1674001 0.05201768 0.3876792 -0.8751211 -0.2895997 -0.9969639 -0.05734407 0.05267596 -0.5343014 -0.8153403 0.2230299 0.7331753 -0.5786114 -0.3572993 -0.5342912 -0.8153463 0.2230325 0.7331221 -0.5786455 -0.3573534 -0.4466681 -0.8750574 0.1864463 -0.1436687 -0.9858766 0.0860629 -0.04810965 -0.9984261 0.02882224 0.8593297 -0.3825156 -0.3394619 -0.1436349 -0.9858801 0.08607852 -0.3426176 -0.9238019 0.1708894 -0.3426233 -0.9237998 0.1708897 0.5835885 -0.7454602 -0.3220461 0.6530314 -0.6660968 -0.360368 -0.7920592 -0.5785824 0.1946403 -0.7920123 -0.578628 0.1946947 0.2143529 -0.9609137 -0.1752079 0.2143765 -0.9609103 -0.1751976 -0.7242004 -0.6662318 0.1779582 0.970914 -0.05609035 -0.2327659 -0.7177712 -0.6662793 0.2021794 0.9587178 -0.1674275 -0.2298437 0.4860095 -0.8153991 -0.3145139 -0.8583276 -0.4836049 0.1714648 0.4860034 -0.8154004 -0.31452 -0.858289 -0.4836547 0.171517 -0.9527465 -0.2766484 0.1254596 0.7448054 -0.5785862 -0.3324201 0.7447678 -0.5786077 -0.3324667 -0.9161008 -0.3823867 0.1205809 0.05607962 -0.9984233 -0.002454698 -0.9527832 -0.2765445 0.125409 0.9977689 -0.05609595 0.03619974 -0.6414129 -0.7456199 0.1806669 0.9925075 -0.05609947 0.108544 0.1260294 -0.9858749 -0.1103065 0.997771 -0.056037 0.03623497 -0.6325503 -0.7454378 0.2102441 0.04221224 -0.9984259 -0.03693234 0.1260501 -0.9858736 -0.1102933 -0.632525 -0.7454558 0.2102569 0.9154508 -0.2766665 -0.2922426 -0.5493236 -0.8154181 0.1825839 -0.1464541 -0.9858766 0.08123219 -0.0491451 -0.9984639 0.02558618 0.9852426 -0.1673825 0.03578019 -0.04904896 -0.9984259 0.02720564 0.9154782 -0.2766032 -0.2922164 -0.1464549 -0.9858766 0.08123022 0.985248 -0.1673456 0.0358029 -0.959605 -0.2767425 0.05071288 -0.9845182 -0.1673821 0.05202931 0.9925267 -0.05594456 0.1084489 0.3067547 -0.9237955 -0.2291364 0.9800606 -0.1673724 0.107087 0.3067475 -0.9237983 -0.229135 -0.3534803 -0.9237343 0.147535 -0.4466522 -0.8750703 0.186424 0.6809462 -0.6662652 -0.3039788 -0.2477962 -0.9608963 0.1235934 0.6703295 -0.6662546 -0.3267465 0.9603148 -0.276727 0.0348972 0.6703327 -0.6662556 -0.3267378 0.9603309 -0.2766683 0.03492105 -0.2478156 -0.9608926 0.123584 0.814056 -0.4836302 -0.3215816 0.8140204 -0.4836708 -0.3216108 -0.7241951 -0.6662397 0.1779499 0.9827208 -0.04194205 0.18028 0.985686 -0.05596882 0.1590303 0.7586233 -0.5784955 -0.2997229 -0.6414188 -0.7456197 0.1806471 0.9808134 -0.05611312 -0.1866988 0.9552628 -0.2767203 0.1043975 0.9849534 -0.04402828 -0.1671184 0.9732866 -0.1674952 0.1570307 -0.7997799 -0.5786139 0.1598696 0.9800519 -0.1674116 0.107106 0.923376 -0.3824256 0.03357863 -0.7998503 -0.5785404 0.1597835 0.5835865 -0.7454647 -0.3220392 0.5068156 -0.8154246 -0.27968 0.1296707 -0.9858787 -0.105966 -0.9161281 -0.3823059 0.1206305 0.9233419 -0.3825121 0.0335282 0.04342865 -0.9984259 -0.03549474 0.04403191 -0.9984587 -0.03378701 0.1296668 -0.9858791 -0.1059666 0.9684871 -0.167474 -0.1843508 0.9587192 -0.1673868 -0.2298679 -0.9857769 -0.1673858 -0.01503092 -0.998314 -0.05601406 -0.01522219 0.9344613 -0.2767387 -0.224049 0.4063118 -0.8750835 -0.2629442 0.973322 -0.1674165 0.1568947 0.9793026 -0.05600225 0.1945003 -0.5493209 -0.815423 0.1825706 0.4063143 -0.8750804 -0.2629507 0.9670025 -0.167393 0.1920567 0.9185138 -0.3824357 0.1003759 -0.959608 -0.2767305 0.05072379 0.9552702 -0.2766965 0.1043932 0.680947 -0.6663091 -0.3038805 -0.9227008 -0.3824197 0.04877114 -0.2556601 -0.9608601 0.1067039 0.874786 -0.4834674 0.03176325 -0.3534781 -0.923735 0.1475358 0.8802534 -0.3823677 -0.2809783 0.8747749 -0.4834879 0.03175437 -0.05020612 -0.998425 0.0250405 -0.1499006 -0.985871 0.07475608 0.8802583 -0.3823608 -0.2809728 -0.1498994 -0.9858713 0.07475316 0.2219011 -0.960877 -0.1657567 0.2218647 -0.9608846 -0.165762 0.5989922 -0.7456333 -0.2919582 0.9486671 -0.2768462 0.1529282 -0.6471617 -0.7455833 0.1590195 0.9486691 -0.2768433 0.152921 -0.6471698 -0.7455775 0.1590137 0.9669633 -0.1674972 0.1921634 -0.5570138 -0.8155553 0.1568606 0.5990581 -0.7455999 -0.291908 0.9424936 -0.2768113 0.1873002 0.6935963 -0.6662178 -0.2740039 -0.5569994 -0.8155642 0.1568655 0.7586213 -0.5785155 -0.2996894 0.9698657 -0.05600523 0.2371161 0.9670554 -0.04207497 0.2510646 -0.731278 -0.6662318 0.1461771 0.9865295 -0.05608022 -0.1536703 0.8701796 -0.4834761 0.09507042 -0.7312864 -0.6662232 0.1461746 -0.867906 -0.4833958 0.1143137 0.9121527 -0.3825654 0.1470423 -0.8679397 -0.4833422 0.1142864 0.9185349 -0.3823916 0.1003516 0.8151947 -0.5784307 0.02959132 0.968481 -0.167407 -0.184444 -0.808858 -0.5782721 0.1065373 -0.9956461 -0.04375952 -0.08230483 0.8152097 -0.5784084 0.02961564 0.4237132 -0.8751006 -0.2338082 0.506811 -0.8154361 -0.2796543 0.9606294 -0.05603623 0.2721236 -0.9961155 -0.05604016 -0.06792199 0.9344729 -0.2766594 -0.2240984 0.8985057 -0.3824383 -0.2154728 -0.9857642 -0.1674567 -0.01507842 -0.4591827 -0.875126 0.1526624 0.3214931 -0.9237704 -0.2080636 -0.4592379 -0.8751021 0.152633 0.9120814 -0.3826778 0.147191 -0.4656493 -0.8752005 0.1311294 0.3214994 -0.9237684 -0.2080633 -0.8741355 -0.4834793 0.04620707 0.6084519 -0.7456424 -0.2716685 -0.9227022 -0.3824155 0.04877591 0.6085618 -0.7455847 -0.2715805 0.9061921 -0.3826212 0.180047 0.9425075 -0.2767871 0.1872663 0.9576698 -0.1674789 0.2341359 -0.2556757 -0.960853 0.1067306 0.8339365 -0.4834163 -0.2661932 0.9576709 -0.1675009 0.2341151 -0.1546496 -0.9858581 0.06455522 0.9334446 -0.2767831 0.2281941 0.8338934 -0.4834741 -0.2662229 0.9485477 -0.1675005 0.2687023 0.8701596 -0.4835079 0.09509199 0.8640522 -0.4837064 0.1394342 0.04494845 -0.9984247 -0.03358578 -0.9932736 -0.05605936 -0.101316 0.1342002 -0.9858685 -0.100268 0.8109028 -0.5784325 0.08861452 0.1342041 -0.9858676 -0.1002709 -0.5620078 -0.8155235 0.1380904 0.5202446 -0.8155268 -0.253499 0.7454159 -0.6660494 0.02707916 -0.5620109 -0.8155208 0.1380936 0.7454002 -0.6660678 0.02706098 0.5201901 -0.8155466 -0.2535474 -0.4656507 -0.8752039 0.1311019 0.948545 -0.1675116 0.2687048 -0.4698265 -0.8751775 0.1154448 0.6936022 -0.6662004 -0.2740311 0.6198703 -0.7455119 -0.2448936 -0.6534989 -0.7455666 0.1306509 -0.6535201 -0.7455512 0.130633 0.8640516 -0.4837111 0.1394222 0.9741317 -0.1674572 -0.1517421 -0.7396009 -0.6659676 0.09735393 0.9741551 -0.1673796 -0.1516773 -0.8087968 -0.5783719 0.1064601 0.9062252 -0.3825682 0.1799929 0.8584851 -0.4836617 0.1705134 -0.983594 -0.1674657 -0.06706827 0.9439432 -0.2768647 -0.1797696 -0.9835894 -0.1675164 -0.0670107 0.9334428 -0.2767785 0.2282067 0.943987 -0.2767853 -0.1796625 0.9965276 -0.07099217 -0.04350739 0.9245369 -0.2768339 0.2619056 0.9922955 -0.05607962 -0.1104757 -0.9608333 -0.2767409 -0.01462423 0.993883 -0.04558587 -0.100592 0.9478281 -0.05602037 0.313821 0.9849684 -0.1672968 -0.04300302 0.9359127 -0.1674584 0.3098791 -0.9608619 -0.2766381 -0.01469731 0.9460749 -0.04700911 0.3205192 0.4237021 -0.8751149 -0.2337743 0.3352734 -0.9237822 -0.1849821 0.8051684 -0.5786402 0.1299208 -0.3633474 -0.9237892 0.1207982 -0.363398 -0.923772 0.1207776 -0.368419 -0.9238538 0.103738 0.8109012 -0.5784335 0.08862274 0.9076059 -0.3826404 -0.172737 0.8512151 -0.4835039 -0.2041002 0.7414894 -0.6660531 0.08103603 0.8984972 -0.3824802 -0.2154337 -0.8145384 -0.5785105 0.04304575 -0.8741275 -0.4834951 0.04619359 0.6661301 -0.7454435 0.02418464 -0.05179893 -0.9984235 0.0216211 -0.0516963 -0.9984335 0.02140641 0.2325435 -0.9608711 -0.1505004 0.6661136 -0.7454585 0.02417522 -0.1546444 -0.985859 0.0645523 0.2325795 -0.9608634 -0.1504939 -0.9807735 -0.1674837 -0.1001633 0.5284008 -0.8155557 -0.2359269 0.5284552 -0.8155328 -0.2358845 0.9245495 -0.2768155 0.2618806 -0.9807735 -0.1675562 -0.1000425 0.7771513 -0.5783547 -0.2480763 0.7771214 -0.5783863 -0.2480963 -0.4698321 -0.875174 0.1154481 0.8052144 -0.5785972 0.1298272 0.8584691 -0.4836862 0.1705243 -0.3684228 -0.9238485 0.1037733 0.4417371 -0.8752083 -0.1971775 0.8000166 -0.578549 0.1589167 0.4348422 -0.8752093 -0.2119459 0.8974736 -0.3826208 0.2194138 0.4348758 -0.8751974 -0.2119264 0.8974791 -0.3825742 0.2194728 -0.5675235 -0.8155096 0.1134076 -0.5674704 -0.8155398 0.1134561 0.8502022 -0.4836629 0.2079101 0.8889134 -0.3826698 0.2517872 0.6198719 -0.7455043 -0.2449127 -0.7396253 -0.6659364 0.09738177 0.9122403 -0.2767373 0.3020497 -0.6609953 -0.7453263 0.08702886 0.9494859 -0.2768035 -0.1478393 0.9359117 -0.1674571 0.3098829 -0.9586915 -0.2768477 -0.06531566 0.9494736 -0.2768303 -0.1478678 0.7414363 -0.6661065 0.08108299 0.6626096 -0.7454515 0.0724613 0.7361658 -0.6663116 0.118697 -0.9587145 -0.2767348 -0.06545555 -0.9875559 -0.05039542 -0.1489756 0.9076088 -0.3826632 -0.1726709 -0.9878972 -0.05604273 -0.1446319 0.5785002 -0.8154121 0.02099436 0.9798273 -0.1674464 -0.1090879 0.5785285 -0.8153911 0.02102667 -0.923847 -0.3825039 -0.01406055 0.9798321 -0.167431 -0.1090684 0.9849593 -0.1673448 -0.04302448 0.8889166 -0.3826643 0.2517846 -0.9238803 -0.3824207 -0.01412373 0.3352855 -0.9237699 -0.1850216 -0.2628601 -0.960871 0.08735871 0.242497 -0.9608796 -0.133812 -0.2665051 -0.960905 0.07507807 -0.2628474 -0.9608734 0.08737105 -0.8145515 -0.578491 0.0430594 0.8512099 -0.483523 -0.2040768 0.7362036 -0.6662826 0.1186245 0.7932166 -0.5784832 -0.1901699 0.1406835 -0.9858609 -0.09102994 -0.7448499 -0.6660693 0.03937476 0.04711425 -0.9984242 -0.03048622 0.731442 -0.6662439 0.1452984 0.0469923 -0.9984468 -0.02993088 -0.9559479 -0.2768647 -0.09751647 0.8000146 -0.578551 0.1589192 0.140671 -0.9858626 -0.09103173 0.4417413 -0.875193 -0.1972355 0.8421382 -0.4836364 0.2385358 -0.9559549 -0.2768014 -0.09762853 0.8502724 -0.48358 0.2078155 -0.3717424 -0.9238315 0.09134095 -0.371748 -0.9238291 0.09134185 0.7106228 -0.6660029 -0.2268379 0.7105792 -0.6660416 -0.226861 0.8771127 -0.3825544 0.2903886 0.912261 -0.2766934 0.3020277 0.9219464 -0.06715941 0.3814505 -0.2664999 -0.9609069 0.07507216 0.344136 -0.9238214 -0.1677039 0.9109982 -0.1673738 0.3769197 0.3441151 -0.9238256 -0.1677239 0.919923 -0.0560317 0.3880751 -0.4744414 -0.8751671 0.09480535 0.8893713 -0.056041 0.453738 -0.4744421 -0.8751671 0.0948016 0.4500015 -0.8751482 -0.1778042 0.6626519 -0.7454164 0.07243514 -0.6609818 -0.7453402 0.08701229 0.5382751 -0.8154903 -0.2126865 0.5754538 -0.8154115 0.06290566 0.6579025 -0.7456043 0.1060123 0.5382993 -0.8154767 -0.2126771 0.912879 -0.3826394 -0.1422643 0.4836473 -0.8750865 0.0175777 -0.919151 -0.3825827 -0.09376484 -0.9217867 -0.3825552 -0.0629341 0.4836584 -0.8750801 0.01758766 0.9129253 -0.3825615 -0.1421771 0.8598213 -0.4836932 -0.1635493 -0.9217618 -0.3826324 -0.06283116 0.8598034 -0.4837156 -0.1635769 0.8420594 -0.4837126 0.2386592 -0.9754815 -0.1674525 -0.1428129 0.9550498 -0.2767276 -0.1063097 0.960083 -0.2765538 -0.04193854 0.6578997 -0.7456077 0.1060057 -0.9754787 -0.1675011 -0.1427754 0.9600697 -0.2766032 -0.04191642 -0.8752368 -0.48351 -0.01337915 0.9231137 -0.3824096 -0.0403034 0.9550285 -0.2767815 -0.1063609 0.731414 -0.6662647 0.1453442 -0.8752359 -0.4835112 -0.01337814 0.1466904 -0.9858638 -0.08096164 0.2425032 -0.9608736 -0.1338444 0.6536613 -0.745556 0.1298968 0.7922959 -0.57855 0.1937711 -0.1589813 -0.9858666 0.05284112 -0.05293917 -0.9984582 0.01669722 0.7922625 -0.5786398 0.1936395 -0.1589754 -0.9858674 0.05284231 0.7846473 -0.5786819 0.222387 -0.1611757 -0.9858809 0.0454021 0.7253153 -0.6660863 -0.173916 -0.05336821 -0.9984175 0.01773345 -0.6656218 -0.7454607 0.03515833 0.793219 -0.5784716 -0.1901954 0.830958 -0.4835819 0.2750589 0.3495849 -0.9238221 -0.1560232 -0.7448205 -0.6661041 0.0393421 0.877152 -0.382494 0.2903495 0.3495281 -0.9238371 -0.1560618 0.6350492 -0.7453899 -0.2027474 -0.9191368 -0.3826061 -0.09380966 -0.2689037 -0.9608983 0.06607055 0.9110344 -0.1672848 0.3768717 0.8880128 -0.2765671 0.3673471 0.6350921 -0.7453588 -0.2027269 -0.2689173 -0.9608957 0.06605195 0.2488697 -0.9609116 -0.1212962 0.4811048 -0.8750846 0.05258494 0.5754596 -0.8154079 0.06289941 -0.9755705 -0.06268107 -0.2105547 -0.9750144 -0.05610483 -0.21494 0.2489029 -0.9609057 -0.121275 -0.9583716 -0.05610114 -0.2799582 0.4499882 -0.8751628 -0.1777657 0.3560851 -0.9238044 -0.1406729 -0.963698 -0.1674078 -0.2079923 0.3826974 -0.9237691 0.01391649 0.3826844 -0.9237747 0.01390165 -0.05398666 -0.9984259 0.01520889 0.864815 -0.4836649 -0.1347719 -0.1611737 -0.9858815 0.0453968 0.8648099 -0.4836742 -0.1347705 0.7846954 -0.5786479 0.2223058 -0.375383 -0.9238255 0.07506179 0.8782295 -0.1673197 0.4480146 -0.3754269 -0.9238111 0.07501745 0.8012408 -0.5786056 -0.1524097 0.8011934 -0.5786495 -0.1524927 0.8893916 -0.05598282 0.4537056 -0.5740159 -0.8153477 0.07559078 -0.4799322 -0.8750262 0.0632022 0.9182744 -0.3825312 -0.1021866 0.5713298 -0.8155409 0.09206306 -0.574054 -0.8153232 0.07556629 0.9182304 -0.3826167 -0.1022626 0.9231218 -0.382391 -0.04029232 0.5713095 -0.8155599 0.0920192 0.6536172 -0.7455877 0.1299366 0.1466889 -0.9858648 -0.08095079 -0.8732364 -0.4836506 -0.0595017 0.04937362 -0.9984087 -0.02724671 -0.8732482 -0.4836268 -0.05952256 0.04914593 -0.9984638 -0.02558857 0.5676329 -0.8155127 0.112837 0.6481735 -0.7454698 -0.1553898 -0.9508252 -0.2767178 -0.1391354 0.7252936 -0.6661192 -0.1738808 0.724379 -0.6662683 0.1770926 0.7325455 -0.6662865 -0.1394252 0.7244058 -0.6662197 0.1771661 0.7174703 -0.666273 0.2032651 0.2528285 -0.960909 -0.1128348 0.2528087 -0.9609116 -0.1128565 0.8309385 -0.4836071 0.275074 -0.9508318 -0.2766792 -0.1391669 0.7743395 -0.5785223 0.2563404 0.5515397 -0.815362 -0.176037 -0.8155831 -0.5785059 -0.0124666 -0.8155854 -0.5785025 -0.01246863 0.8538331 -0.3823363 0.3532535 0.5515105 -0.8153794 -0.1760472 -0.5780616 -0.8154211 0.03054863 -0.6656376 -0.7454457 0.03517705 0.1505612 -0.9858756 -0.07335376 0.887975 -0.2766463 0.367379 0.1505523 -0.9858769 -0.07335275 0.3806846 -0.9237687 0.04160219 0.050426 -0.9984256 -0.02456897 0.481113 -0.8750807 0.05257529 0.4776159 -0.8751938 0.07693505 -0.8707232 -0.4836771 -0.08886897 0.2575557 -0.9608912 -0.1017515 0.2768268 -0.9608674 0.0100466 -0.8707271 -0.4836625 -0.08891123 0.3560846 -0.923805 -0.140671 0.2768374 -0.9608642 0.01005476 -0.05406427 -0.9984656 0.01198345 0.8059247 -0.5785632 -0.1255 -0.05447423 -0.9984254 0.01339238 0.8058742 -0.5786149 -0.125585 -0.1626521 -0.9858745 0.03994911 -0.1626306 -0.985877 0.03997397 0.7175186 -0.6662423 0.2031958 0.8559781 -0.2767112 0.4367292 -0.9637266 -0.1673099 -0.207939 0.7325437 -0.6662877 -0.1394291 0.8781875 -0.1674233 0.4480583 0.8746011 -0.4833382 -0.03817301 -0.2715371 -0.9608959 0.05428349 0.8699265 -0.4835866 -0.09680837 -0.2715237 -0.9608991 0.05429488 0.8745808 -0.4833768 -0.03815156 0.8150517 -0.5782965 -0.03555357 0.4775465 -0.8752228 0.07703566 0.8698822 -0.4836553 -0.09686368 -0.3798024 -0.9237152 0.05000448 -0.4799171 -0.8750357 0.06318455 0.5628839 -0.8154444 -0.1349526 0.6481821 -0.7454595 -0.1554031 0.4744945 -0.8751958 0.09427231 0.5676829 -0.8154849 0.1127861 -0.8136792 -0.5786647 -0.05543786 -0.8136862 -0.5786527 -0.05546075 0.152935 -0.9858757 -0.06826359 0.647359 -0.7455734 0.1582616 0.05120396 -0.998463 -0.02121025 0.6411551 -0.7456216 0.1815725 0.1529203 -0.985877 -0.06827789 0.05121707 -0.9984254 -0.0228796 0.6473525 -0.7455845 0.1582356 0.7743664 -0.5784954 0.25632 -0.9141958 -0.3825577 -0.1337742 0.7080633 -0.6661199 0.2343732 0.4610887 -0.8750654 -0.1471655 0.4610725 -0.8750723 -0.147176 -0.91421 -0.3825072 -0.1338226 -0.7457717 -0.6661041 -0.01140207 -0.7457686 -0.6661078 -0.01139152 0.8088964 -0.4834186 0.3346537 0.1557933 -0.9858699 -0.0615555 0.8538457 -0.3823134 0.3532481 -0.9583757 -0.05608367 -0.2799475 0.25756 -0.9608883 -0.1017668 0.7368724 -0.6662225 -0.1147459 0.3779025 -0.9238368 0.06095474 -0.9463522 -0.1673356 -0.2764352 0.2753801 -0.9608647 0.03008228 -0.4832507 -0.8751094 0.02554148 0.380703 -0.9237617 0.0415892 0.7368388 -0.6662517 -0.1147924 0.6546321 -0.7456064 -0.1246109 0.854119 -0.05598098 0.5170561 0.854123 -0.05599784 0.5170478 -0.5780647 -0.8154189 0.03054761 0.6546086 -0.7456234 -0.1246327 -0.8113338 -0.5786988 -0.08273607 0.1674484 -0.9858621 0.006082534 0.05607956 -0.9984243 0.002034723 0.0556519 -0.9984474 0.002434253 -0.8113643 -0.57864 -0.08284807 0.8149964 -0.5783712 -0.03560787 0.8105872 -0.5786205 -0.09025925 0.1674445 -0.9858628 0.006076991 -0.9393447 -0.2766816 -0.202679 0.7452803 -0.6659557 -0.03256195 0.8106055 -0.5786019 -0.09021562 0.6411179 -0.7456377 0.1816379 0.4705833 -0.8751128 -0.1128227 0.8560088 -0.2766524 0.4367065 -0.9393568 -0.2766029 -0.2027307 -0.1642452 -0.9858732 0.03282701 0.8230682 -0.382415 0.4199022 -0.05565226 -0.9984234 0.007326066 0.562884 -0.8154439 -0.1349549 -0.05500602 -0.9984256 0.01098841 -0.1642414 -0.9858736 0.03283303 0.36488 -0.9237409 -0.1164709 -0.274706 -0.9608485 0.03614968 0.3648676 -0.9237456 -0.116473 0.3779256 -0.9238287 0.06093358 -0.3797777 -0.9237265 0.04998296 0.155794 -0.9858701 -0.06155043 -0.7440092 -0.6662454 -0.05067104 0.05217844 -0.998425 -0.02061456 0.4745267 -0.8751817 0.09424144 0.375511 -0.9238131 0.07457202 0.6584946 -0.7455696 -0.1025223 0.6584477 -0.7456033 -0.1025793 0.562182 -0.8155167 0.1374191 -0.7418861 -0.6662451 -0.07564687 -0.7440276 -0.6662219 -0.05070888 -0.8660648 -0.4835912 -0.1267727 -0.8660786 -0.4835571 -0.1268088 0.5622189 -0.8154777 0.1375001 0.5684252 -0.8155757 -0.1083011 0.5684744 -0.815551 -0.1082299 0.7079885 -0.6661838 0.2344176 -0.6664804 -0.7454532 -0.01017111 0.6326846 -0.7455365 0.2094892 0.7452927 -0.6659427 -0.03254598 0.753862 -0.5782939 0.3118789 -0.666493 -0.7454418 -0.01018542 0.7412145 -0.6661803 -0.08249282 0.8088977 -0.4834201 0.3346483 -0.5787907 -0.8154284 -0.008831322 -0.9434506 -0.05610901 -0.3267305 0.6660302 -0.7453576 -0.02908313 -0.9379788 -0.04354733 -0.3439469 0.741199 -0.6661968 -0.08249765 0.372382 -0.9237741 -0.08929198 0.8263928 -0.05603218 0.5602993 0.4752068 -0.8752026 -0.09054762 0.81493 -0.04182362 0.5780483 0.4705948 -0.8751041 -0.1128422 -0.9223887 -0.2767227 -0.2694877 -0.9463235 -0.1674167 -0.276484 0.2639328 -0.9608543 -0.08425325 0.2639244 -0.9608564 -0.08425623 0.2753406 -0.960875 0.03011143 0.1665631 -0.9858625 0.01821744 0.2733104 -0.9609164 0.04405903 -0.4832576 -0.8751056 0.02554136 0.5718312 -0.815526 -0.08903223 0.5718407 -0.8155212 -0.08901411 0.8220565 -0.2766506 0.4976822 -0.3823997 -0.9237761 0.02021133 0.8433704 -0.167429 0.5105819 -0.7418335 -0.6662939 -0.07573479 0.8159877 -0.1675607 0.5532519 0.8433782 -0.1674676 0.5105564 0.4751916 -0.8752236 -0.09042578 0.5567616 -0.8155567 0.1577466 0.556767 -0.8155539 0.1577419 -0.903178 -0.3824589 -0.1949224 0.7797046 -0.4835166 0.3978346 0.6623299 -0.7455746 -0.07374 -0.9031761 -0.3824644 -0.1949206 0.6623443 -0.7455644 -0.07371526 0.6660508 -0.7453398 -0.02906924 0.8230164 -0.382495 0.4199306 -0.1661695 -0.9858548 0.02187043 0.2733328 -0.9609115 0.04402512 -0.2747133 -0.9608461 0.03615951 0.2693582 -0.9608715 -0.06459158 0.3723822 -0.9237739 -0.08929419 0.2715829 -0.960901 0.05396449 -0.9319337 -0.0559985 -0.3582788 0.1596313 -0.9858607 -0.05095928 0.05346888 -0.9984236 -0.01706832 0.3754787 -0.9238234 0.07460683 0.159648 -0.985858 -0.05095767 -0.6648628 -0.7455919 -0.04527854 0.4654444 -0.8751983 0.1318693 0.05331879 -0.9984362 -0.01680719 0.477999 -0.8752 -0.07444381 0.469957 -0.8751765 0.1149205 -0.6648827 -0.7455708 -0.04533416 0.4699556 -0.8751752 0.114935 0.4780179 -0.8751928 -0.07440769 0.6327644 -0.7454837 0.2094357 -0.8070961 -0.5784739 -0.1181691 -0.8070708 -0.5785183 -0.1181244 0.5494891 -0.8154653 0.1818733 0.3760325 -0.923836 -0.07160067 -0.578768 -0.8154442 -0.008852779 0.3760508 -0.9238318 -0.07155948 0.7538425 -0.5783161 0.3118844 0.6892938 -0.6659935 0.2851786 0.5751901 -0.8155092 -0.06404054 0.8055456 -0.05604523 0.5898774 0.5751918 -0.8155082 -0.06403732 -0.9315876 -0.167514 -0.3226202 0.5784534 -0.8153247 -0.02524453 -0.9315785 -0.167486 -0.3226608 0.5784764 -0.8153079 -0.02526056 0.4836252 -0.8750205 -0.0211184 0.1629194 -0.9858661 -0.03905647 -0.920208 -0.1675071 -0.3537777 0.2693365 -0.9608801 -0.06455624 -0.8868798 -0.3825116 -0.2590928 0.7954107 -0.1675044 0.5824639 0.8160322 -0.1675164 0.5531994 0.05498129 -0.9984611 0.007237732 0.3782511 -0.9238269 -0.05890762 -0.9224048 -0.2766861 -0.2694705 0.1653448 -0.9858762 0.02663218 0.05610132 -0.9984062 0.006130456 0.1665717 -0.9858613 0.01820969 0.3782784 -0.9238175 -0.05887871 -0.3823963 -0.9237775 0.02020734 -0.2766075 -0.9608719 0.0146172 -0.662914 -0.7456297 -0.06768733 0.7953801 -0.2768286 0.5392001 0.2719624 -0.9609127 -0.05180126 0.8220419 -0.2766776 0.4976912 0.2719631 -0.9609134 -0.05178314 -0.662925 -0.7456215 -0.06767064 0.4808365 -0.8751743 -0.05353766 0.480839 -0.8751734 -0.05353003 -0.8556615 -0.4834821 -0.1846305 0.4654683 -0.8751905 0.1318371 0.4835975 -0.8750353 -0.02113705 -0.8556825 -0.483431 -0.1846672 0.7266317 -0.5784285 0.3707112 0.3826658 -0.9237354 -0.0167253 0.1629283 -0.9858642 -0.03906565 0.7797494 -0.4834591 0.3978171 0.0547235 -0.9984155 -0.01311761 0.05416649 -0.9984597 -0.01200896 -0.05565118 -0.9984234 0.007326722 0.05536979 -0.9984261 0.008924424 0.1653293 -0.9858782 0.02665501 -0.1661757 -0.9858535 0.02187943 0.2736087 -0.960898 -0.04258513 0.2735853 -0.9609032 -0.04261755 0.271562 -0.960906 0.05398064 0.1642739 -0.9858742 0.03265565 0.1645196 -0.9858766 -0.03131753 -0.9202138 -0.1674979 -0.3537671 0.1645039 -0.9858787 -0.03133064 0.3718563 -0.9238263 0.09092807 0.3682718 -0.9238486 0.1043048 0.05509525 -0.998426 -0.01048904 -0.5773731 -0.8155305 -0.03937363 -0.5773494 -0.8155495 -0.03932976 0.3718622 -0.9238226 0.0909425 0.3804928 -0.9238138 -0.04235148 0.3804777 -0.9238194 -0.04236274 -0.7379388 -0.66617 -0.1080001 0.2768213 -0.9608454 -0.01208919 0.5494946 -0.8154625 0.1818701 0.382685 -0.9237278 -0.01671129 0.4593928 -0.8751221 0.1520509 0.05490821 -0.9984653 -0.007228136 0.1654737 -0.9858773 -0.02577823 -0.7379421 -0.6661654 -0.1080055 0.05542266 -0.9984257 -0.008630335 0.6160688 -0.7453122 0.2548903 0.1654896 -0.985875 -0.0257647 -0.4838641 -0.8751122 -0.007361948 0.6892834 -0.666004 0.2851791 0.2752246 -0.9608923 -0.03061801 0.276819 -0.9608461 -0.01208806 0.2752155 -0.9608945 -0.03063201 -0.4839047 -0.8750895 -0.007402002 0.1674464 -0.9858541 -0.007314562 0.1664513 -0.9858754 -0.01854115 -0.8969368 -0.2767723 -0.3448212 0.1664719 -0.9858724 -0.01851707 -0.9080135 -0.2767755 -0.3144946 0.05607736 -0.9984235 -0.002444684 0.1674501 -0.9858535 -0.007312715 -0.9080163 -0.2768004 -0.3144649 0.7954479 -0.1674581 0.5824265 0.0557484 -0.9984255 -0.006214201 0.7954025 -0.2768003 0.5391814 -0.9038792 -0.1674717 -0.393644 -0.91539 -0.05598598 -0.3986564 -0.9126372 -0.04699581 -0.4060601 0.779088 -0.05603927 0.624405 -0.8730306 -0.3826314 -0.3023427 0.7708787 -0.04220509 0.6355824 -0.8868938 -0.3824899 -0.2590771 -0.8402307 -0.4834947 -0.2454494 0.7904225 -0.3824899 0.4784702 -0.1673159 -0.9858638 0.008846998 0.7647727 -0.3825703 0.5184235 0.7904185 -0.3823948 0.4785529 -0.2766152 -0.9608695 0.01462543 0.7488517 -0.4834616 0.4533056 -0.5756853 -0.8155556 -0.05878496 -0.575677 -0.8155619 -0.05877757 0.3683077 -0.9238383 0.1042712 0.7265864 -0.5784671 0.37074 0.6643708 -0.666105 0.3389922 -0.7974225 -0.5783595 -0.1720984 -0.7974009 -0.5784016 -0.1720564 0.7557635 -0.05613976 0.6524339 0.05406481 -0.9984655 0.01198256 -0.8969298 -0.2767794 -0.3448337 0.1642767 -0.9858739 0.03264772 -0.4826593 -0.8751907 -0.03288203 -0.482694 -0.8751689 -0.03295546 0.05501645 -0.9984258 0.01092368 0.2689638 -0.9609055 0.06572014 0.2689909 -0.9608936 0.06578373 -0.4812389 -0.8752111 -0.04914212 0.2664116 -0.9609035 0.07542783 0.4593317 -0.8751489 0.1520819 -0.6594644 -0.745518 -0.09648656 -0.6594842 -0.7454965 -0.09651744 0.363487 -0.9237927 0.1203503 -0.3828569 -0.9237894 -0.0058223 0.5350104 -0.8153258 0.2213768 -0.3828747 -0.9237819 -0.005844235 0.6160233 -0.7453469 0.2548988 -0.8730641 -0.3825959 -0.3022906 -0.8623818 -0.3825833 -0.3315535 0.7753153 -0.2767932 0.5676898 0.7753046 -0.276779 0.5677114 -0.8810403 -0.2767425 -0.3836428 0.745441 -0.3825838 0.5458455 -0.903907 -0.1674183 -0.3936031 -0.8402309 -0.4834953 -0.2454475 0.764705 -0.3826316 0.5184779 -0.7829862 -0.5784616 -0.2287243 0.7692397 -0.1674526 0.6166279 0.7692799 -0.1675618 0.6165481 -0.1673035 -0.985866 0.00883454 -0.05557727 -0.9984515 0.002428829 -0.05603319 -0.9984245 0.002955675 0.7497702 -0.2767911 0.6010254 0.7244325 -0.4836829 0.4911705 -0.481252 -0.8752046 -0.04912805 0.7488228 -0.4834959 0.4533169 -0.7291195 -0.6660546 -0.1573405 0.2663474 -0.9609164 0.07549118 -0.72913 -0.6660391 -0.1573579 -0.8623161 -0.3826571 -0.3316391 0.6644095 -0.6660711 0.3389829 0.5937573 -0.7454411 0.3029353 0.7463976 -0.1675772 0.6440564 0.7462686 -0.1674464 0.6442398 -0.3818913 -0.9238406 -0.02603554 -0.3819115 -0.9238309 -0.02607989 0.1611045 -0.9858804 0.04566395 -0.5726732 -0.8154906 -0.08378899 0.1626898 -0.9858761 0.03975427 0.05449134 -0.9984253 0.01333081 0.1627003 -0.9858733 0.03978234 -0.5726999 -0.8154678 -0.08382886 0.2628928 -0.9608902 0.08704811 0.363478 -0.9237959 0.1203538 -0.2769637 -0.9608712 -0.004227519 -0.2769635 -0.9608712 -0.004226148 -0.8858968 -0.06796234 -0.458877 0.5350208 -0.8153198 0.2213737 -0.8828454 -0.05601972 -0.4663112 0.4472622 -0.8750476 0.1850627 -0.8495659 -0.05602037 -0.5244992 0.7454651 -0.3825632 0.545827 -0.8168971 -0.4837093 -0.3141727 0.7243872 -0.4837226 0.491198 -0.8270475 -0.4836612 -0.2864686 -0.827051 -0.483722 -0.286356 -0.8470857 -0.3826031 -0.3688641 -0.8810378 -0.2767423 -0.3836484 0.7497988 -0.276749 0.601009 -0.7159426 -0.6660954 -0.2091488 0.722574 -0.0474776 0.6896614 -0.7829782 -0.5784695 -0.2287317 0.726735 -0.05612188 0.6846215 0.6978315 -0.5784217 0.4224447 -0.3808245 -0.9238298 -0.03887629 -0.3807962 -0.9238439 -0.03881603 0.6750308 -0.5786361 0.4577268 0.6978198 -0.578472 0.4223954 -0.6515806 -0.7454341 -0.140609 0.05290418 -0.9984604 0.01667648 0.1611164 -0.985879 0.04565405 -0.6516126 -0.7453975 -0.1406546 0.05396425 -0.9984259 0.01528966 0.5938225 -0.7453951 0.3029209 -0.8169963 -0.4836139 -0.3140615 0.5156868 -0.8153932 0.2630607 -0.276247 -0.9609022 -0.01883238 0.7275059 -0.2768604 0.6277607 -0.2762538 -0.9608999 -0.01885133 0.7274476 -0.2767924 0.6278582 -0.4787802 -0.8751331 -0.07008153 -0.4787729 -0.8751384 -0.07006698 0.1590257 -0.9858703 0.05263888 0.2629255 -0.9608824 0.0870372 -0.1675122 -0.9858667 -0.002560794 -0.05533653 -0.9984648 -0.002418279 0.3539527 -0.9237266 0.1464468 -0.1675093 -0.9858672 -0.002557218 0.4472765 -0.8750408 0.1850606 -0.05644655 -0.9984053 -8.62016e-4 -0.8754365 -0.1673302 -0.4534443 0.7061765 -0.4836978 0.5170603 -0.8754329 -0.1673066 -0.4534598 0.7061723 -0.4836817 0.517081 0.675031 -0.578632 0.4577317 -0.7612997 -0.5786003 -0.2926508 -0.7706789 -0.578614 -0.2669454 -0.7706774 -0.5786417 -0.2668902 0.7208763 -0.3825561 0.5779172 0.6828838 -0.4836891 0.5474619 0.7208995 -0.3826171 0.5778479 -0.8470689 -0.3826271 -0.3688781 0.7175526 -0.167388 0.6760914 -0.8025221 -0.4835521 -0.349479 -0.7046738 -0.6662462 -0.2440304 -0.6397863 -0.7454842 -0.1868875 -0.7159551 -0.6660846 -0.2091404 0.7175959 -0.1675177 0.6760133 -0.2754264 -0.9609121 -0.02807736 0.6380959 -0.6660711 0.3862421 -0.2754428 -0.9609068 -0.02810025 0.6171938 -0.6662732 0.4185114 0.6380954 -0.6660728 0.38624 -0.8388772 -0.1673553 -0.517955 0.5156355 -0.8154213 0.2630745 -0.8495405 -0.05608367 -0.5245338 0.4310808 -0.8750993 0.2199335 -0.5658534 -0.8154144 -0.1221036 0.6994228 -0.3826153 0.6036667 0.6994765 -0.3826741 0.603567 -0.5658912 -0.8153815 -0.1221489 -0.7612482 -0.5786384 -0.2927098 0.1590384 -0.9858683 0.05263537 0.05326527 -0.9984248 0.01762843 -0.1670789 -0.9858781 -0.01137036 0.2560331 -0.9608467 0.1059283 -0.05595916 -0.9984259 -0.003804028 -0.1670961 -0.9858747 -0.01140069 0.3539553 -0.9237264 0.1464419 -0.3788691 -0.923788 -0.05544388 -0.3788675 -0.9237883 -0.05545175 0.6580753 -0.5785747 0.4818593 0.6580737 -0.5785914 0.4818413 0.6171942 -0.6662771 0.4185048 0.6017048 -0.6662257 0.4405618 -0.8532942 -0.2766673 -0.4419776 -0.8532928 -0.2766084 -0.4420175 0.683006 -0.4835824 0.5474039 -0.7045984 -0.6662948 -0.2441155 -0.6960216 -0.6662779 -0.2676338 0.6994587 -0.2767727 0.6589041 0.6994145 -0.2766432 0.6590054 -0.8025115 -0.4835628 -0.3494886 -0.7477898 -0.5785833 -0.3256561 -0.6397832 -0.7454862 -0.1868898 0.6666536 -0.1674392 0.7263176 0.6747025 -0.06653219 0.7350851 -0.5556394 -0.815427 -0.162308 0.6703411 -0.05607569 0.7399314 0.6149321 -0.05607515 0.7865839 -0.1666005 -0.9858781 -0.01699209 -0.1666036 -0.9858773 -0.01701092 -0.05579447 -0.998426 -0.005699217 0.5702589 -0.7453945 0.3452419 -0.054986 -0.9984609 -0.007238447 0.5702375 -0.7454461 0.3451659 -0.8388835 -0.1673486 -0.5179471 0.5515234 -0.7456315 0.3739729 0.3411502 -0.9237604 0.174021 -0.8176523 -0.2767401 -0.5048363 0.4311415 -0.8750724 0.2199212 -0.4731201 -0.8750625 -0.1020933 -0.4731045 -0.8750736 -0.1020711 0.6626479 -0.48369 0.5717883 -0.6960253 -0.6662772 -0.2676258 0.6626041 -0.4836388 0.5718824 0.15487 -0.9858547 0.0640766 0.2560269 -0.9608478 0.1059338 -0.274022 -0.960887 -0.04010212 0.6016699 -0.6662479 0.440576 -0.2740228 -0.960887 -0.04009789 -0.8204728 -0.3824544 -0.4249157 0.5516306 -0.7455866 0.3739041 -0.8204864 -0.3823073 -0.4250216 -0.6219847 -0.7456137 -0.2391556 -0.6296452 -0.7456312 -0.2181306 0.6364353 -0.5785678 0.5101072 0.6364429 -0.5785823 0.5100814 -0.6296446 -0.7456262 -0.2181496 -0.6837564 -0.6662121 -0.2977226 -0.7478402 -0.5785353 -0.3256256 0.6725322 -0.3825007 0.6335565 0.6725344 -0.3825126 0.6335469 -0.8124093 -0.05607795 -0.5803847 -0.8123837 -0.05601173 -0.580427 0.6498681 -0.2765218 0.7079598 -0.5556495 -0.8154213 -0.1623022 0.6667013 -0.1673468 0.7262949 -0.46454 -0.8750952 -0.1356876 0.4790124 -0.815556 0.3246778 0.4951937 -0.8154159 0.2998006 0.4951946 -0.8154209 0.2997847 0.3411239 -0.9237699 0.1740221 -0.8176593 -0.2767247 -0.5048335 0.2467529 -0.9608684 0.1258777 -0.7862156 -0.3824077 -0.4854168 -0.374383 -0.9237451 -0.0808227 0.6174151 -0.5786579 0.532873 -0.374338 -0.9237686 -0.08076328 0.6173984 -0.5786431 0.5329085 -0.6220433 -0.7455821 -0.2391015 0.6072429 -0.1673892 0.7766833 -0.1657541 -0.9858688 -0.02425754 0.6149667 -0.05601394 0.7865613 0.05183458 -0.9984248 0.02147138 -0.05551159 -0.998425 -0.008127331 0.154872 -0.9858545 0.06407618 -0.1657529 -0.985869 -0.02425539 -0.7773375 -0.4833639 -0.4026239 -0.7773247 -0.4834306 -0.4025686 0.0518698 -0.9984232 0.02146232 0.5376734 -0.7455424 0.3937943 0.5376837 -0.7455757 0.3937172 0.4789619 -0.8155823 0.3246862 -0.5468357 -0.815542 -0.1893734 -0.5402123 -0.8155065 -0.2076535 -0.5468424 -0.8155192 -0.1894515 -0.6837846 -0.6661911 -0.2977049 0.5818957 -0.6662318 0.466404 0.5818967 -0.6662395 0.4663917 -0.6110655 -0.7455318 -0.2660477 -0.8021985 -0.1674641 -0.5730911 0.6371266 -0.4835718 0.6001901 -0.8021697 -0.1673508 -0.5731645 0.637127 -0.4835507 0.6002066 -0.7788144 -0.0560289 -0.6247471 -0.7720125 -0.04473412 -0.6340312 -0.7690189 -0.1675177 -0.6168856 0.6498063 -0.2766221 0.7079774 0.6248141 -0.3823523 0.6807453 -0.4644957 -0.875115 -0.1357111 -0.3675362 -0.9237889 -0.1073842 -0.4571204 -0.8752053 -0.1582933 0.4004437 -0.8751898 0.2714546 0.4140198 -0.8750819 0.2506381 0.414023 -0.8750736 0.2506617 -0.744788 -0.483544 -0.4598653 -0.7861924 -0.3824386 -0.4854299 -0.270778 -0.9608657 -0.05845075 0.2467421 -0.9608704 0.1258832 0.1492564 -0.9858621 0.07614886 -0.270789 -0.9608624 -0.05845391 0.5645012 -0.6662813 0.4872451 0.5645052 -0.6663028 0.4872111 -0.5401394 -0.8155385 -0.2077176 -0.7243738 -0.5783731 -0.3751898 0.6071974 -0.1674643 0.7767028 -0.7243843 -0.5783308 -0.3752346 0.5918513 -0.2766942 0.7570683 0.4669132 -0.815508 0.3419632 -0.4570924 -0.8752136 -0.1583284 0.4669179 -0.8155393 0.3418822 -0.451519 -0.8752029 -0.1736389 -0.5306303 -0.8154931 -0.23109 0.4004226 -0.8751984 0.2714583 -0.6109936 -0.745576 -0.266089 0.3903581 -0.8751727 0.2858204 0.5200096 -0.7455663 0.4167984 0.5200081 -0.7455754 0.4167842 -0.7818922 -0.2767232 -0.5586315 -0.7818827 -0.2766724 -0.5586699 -0.769047 -0.1674792 -0.616861 0.5937076 -0.5785202 0.5593082 0.5937119 -0.5785311 0.5592924 -0.7495946 -0.2767572 -0.6012598 -0.2658815 -0.9608737 -0.07764446 0.5919493 -0.4833802 0.6449338 0.6248153 -0.3823579 0.680741 -0.3675932 -0.9237702 -0.1073499 -0.6940417 -0.5784924 -0.4285474 0.3275958 -0.9237691 0.1983221 0.3276044 -0.9237634 0.1983346 -0.7447724 -0.4835616 -0.459872 -0.05446869 -0.9984425 -0.01207304 0.316837 -0.9238376 0.2147986 -0.1638026 -0.9858595 -0.03535151 0.556218 -0.05601036 0.8291468 -0.1637939 -0.9858611 -0.03535038 -0.05485671 -0.9984241 -0.01183634 0.5562254 -0.05602675 0.8291409 -0.4515874 -0.8751794 -0.1735792 0.04939484 -0.9984483 0.02571815 0.05000782 -0.9984229 0.02551543 -0.6623492 -0.6660166 -0.343097 0.1492438 -0.9858641 0.07614785 0.5044887 -0.7455917 0.4354127 0.5045069 -0.7456107 0.435359 -0.6623594 -0.6659913 -0.3431264 -0.3573112 -0.9238321 -0.1373426 -0.3617079 -0.9238305 -0.1253183 -0.3617037 -0.9238368 -0.1252837 -0.4436274 -0.8751444 -0.1931759 0.5690888 -0.3824278 0.7279334 0.5918636 -0.2766692 0.7570678 -0.5306588 -0.8154788 -0.231075 -0.7518161 -0.3824196 -0.5371479 0.390353 -0.8751744 0.2858223 -0.7518201 -0.382437 -0.5371299 0.3168052 -0.9238438 0.2148193 -0.7495943 -0.2767574 -0.6012601 0.4515759 -0.8155248 0.3619374 0.451575 -0.8155017 0.3619906 -0.7207314 -0.3825301 -0.5781151 -0.7353484 -0.07245481 -0.6738051 -0.7268808 -0.1673666 -0.6660577 0.5428268 -0.6661598 0.5114394 0.5428322 -0.6661996 0.5113817 -0.7273067 -0.05381435 -0.6841996 0.5919337 -0.4834016 0.6449322 -0.1608267 -0.9858639 -0.04698109 0.5516248 -0.578351 0.601016 -0.2658538 -0.9608803 -0.07765853 -0.6940897 -0.578446 -0.428532 0.4950631 -0.04166775 0.8678574 0.5126722 -0.05605876 0.8567525 0.2291485 -0.9609096 0.1553826 -0.63463 -0.6661255 -0.3918185 -0.3572941 -0.9238371 -0.1373534 0.2369624 -0.9608699 0.1434503 0.2369577 -0.9608721 0.1434438 -0.59192 -0.7453975 -0.3066161 -0.5919311 -0.7453792 -0.3066391 0.5492731 -0.16746 0.8186919 0.5492326 -0.167373 0.8187367 -0.2616103 -0.9609126 -0.09059315 0.4381337 -0.8155654 0.3780105 -0.2616115 -0.9609075 -0.09064453 -0.2584472 -0.9609026 -0.09935486 0.4381181 -0.8155493 0.3780636 -0.4435591 -0.8751709 -0.1932129 0.5391494 -0.4835024 0.6895966 -0.3509922 -0.9238124 -0.1528893 -0.7122272 -0.4835423 -0.5088412 0.5691187 -0.3823972 0.7279261 -0.7122235 -0.4835594 -0.50883 0.3088586 -0.9238318 0.2261445 0.3088605 -0.9238278 0.2261583 0.2291914 -0.9609043 0.1553525 -0.6826889 -0.4836593 -0.5477313 -0.7206359 -0.3826227 -0.5781729 0.3775117 -0.8751684 0.3025976 -0.7268533 -0.167432 -0.6660712 0.3775122 -0.8751601 0.3026212 0.485116 -0.7454844 0.4570727 -0.05408692 -0.9984113 -0.01580083 -0.1608167 -0.9858653 -0.04698562 -0.05287063 -0.9984622 -0.01667165 0.4851189 -0.7454812 0.457075 0.5044022 -0.6660296 0.5495298 0.5516591 -0.5783111 0.6010228 -0.5671427 -0.7454774 -0.350161 -0.6346226 -0.6661307 -0.3918215 0.4811847 -0.05600738 0.8748283 -0.2584336 -0.9609047 -0.09936982 -0.6796734 -0.05608677 -0.7313675 0.5062228 -0.1675472 0.8459708 -0.6806578 -0.05825406 -0.7302818 0.5061199 -0.1674559 0.8460504 0.04676449 -0.9984619 0.02978599 -0.5141185 -0.815328 -0.2663128 0.1433449 -0.9858612 0.08677554 0.04829311 -0.9984054 0.02923154 0.1386321 -0.9858761 0.09396576 -0.5141161 -0.8153311 -0.2663077 0.1433404 -0.9858633 0.08675819 -0.1582517 -0.9858765 -0.05480754 0.5353991 -0.2766367 0.79801 -0.1582466 -0.9858782 -0.05479264 -0.05299615 -0.9984261 -0.01835465 0.5354055 -0.2766703 0.7979941 -0.1563208 -0.9858761 -0.06010049 0.3662768 -0.8752025 0.3160095 0.3662594 -0.8751901 0.316064 -0.3510444 -0.9237979 -0.152857 -0.2538933 -0.9608941 -0.1105471 -0.6637341 -0.5784481 -0.4741887 0.5024212 -0.5784117 0.6426608 -0.6637362 -0.578453 -0.4741799 0.539116 -0.4835303 0.6896032 -0.6827061 -0.4836494 -0.5477187 0.2234007 -0.960895 0.1636249 -0.6361949 -0.5785685 -0.5104064 0.2234025 -0.9609027 0.1635767 -0.7085249 -0.2765782 -0.649228 0.1386011 -0.985879 0.09398144 0.04642242 -0.9984259 0.03147637 0.2986951 -0.9238266 0.2394278 0.2987047 -0.9238251 0.239422 -0.6812516 -0.3823912 -0.6242381 -0.7085178 -0.2765128 -0.6492637 0.4212967 -0.8154563 0.3969132 -0.5671369 -0.7454826 -0.3501594 0.4213002 -0.8154367 0.3969497 -0.4925647 -0.8154082 -0.3041211 -0.05118346 -0.9984642 -0.02120178 -0.156309 -0.9858775 -0.06010979 0.5044568 -0.665982 0.5495375 -0.05234885 -0.9984261 -0.02012419 0.4508495 -0.7453281 0.4911422 0.475131 -0.1674856 0.8638282 0.4751735 -0.1675336 0.8637955 -0.6722232 -0.1674804 -0.7211562 -0.6721901 -0.1674097 -0.7212035 0.4933413 -0.2767792 0.8246258 -0.4297792 -0.875061 -0.2226166 0.4933163 -0.2767592 0.8246475 -0.429785 -0.8750566 -0.2226229 -0.25387 -0.9608981 -0.1105659 0.4424602 -0.05600476 0.8950377 -0.1535676 -0.9858723 -0.06687885 -0.6068817 -0.6661218 -0.4335624 0.4307813 -0.04245108 0.9014574 0.5147706 -0.3824009 0.7673206 0.5147933 -0.3824714 0.7672702 -0.6068804 -0.6661256 -0.4335584 -0.636243 -0.5785351 -0.5103842 -0.581704 -0.6662391 -0.4666326 -0.6812902 -0.3823423 -0.6242259 0.2897939 -0.9238404 0.2500774 0.2898154 -0.9238481 0.2500234 0.5024166 -0.5784137 0.6426627 0.4593862 -0.6660812 0.5876225 -0.6289445 -0.05605244 -0.7754271 -0.6289598 -0.05608803 -0.775412 0.4098786 -0.05604463 0.9104168 0.04393357 -0.9984655 0.03371119 -0.411755 -0.8751179 -0.2542178 0.1351215 -0.9858742 0.0989654 0.04525589 -0.9984253 0.03314787 0.1351206 -0.9858751 0.09895771 -0.4925773 -0.8154038 -0.3041125 -0.6552314 -0.2766472 -0.7029497 -0.6552274 -0.2765953 -0.7029738 0.2160612 -0.9609013 0.1731659 0.2160615 -0.9608981 0.1731837 0.3522045 -0.8751299 0.3318127 0.3522025 -0.8751313 0.331811 -0.3401131 -0.9237357 -0.1761687 -0.3401289 -0.9237236 -0.1762021 -0.051436 -0.9984251 -0.02239954 0.3915654 -0.81531 0.4265514 -0.1535714 -0.9858718 -0.06687861 0.4508547 -0.745325 0.4911423 -0.542335 -0.7454947 -0.3874409 0.4631544 -0.2768047 0.8419426 0.4630898 -0.2767302 0.8420026 -0.5423313 -0.7454837 -0.3874672 0.4452435 -0.3825983 0.8095535 -0.5198069 -0.7456037 -0.4169843 0.4743489 -0.3826442 0.7928283 0.4743289 -0.382626 0.792849 -0.5816934 -0.6662477 -0.4666334 -0.6454495 -0.4833686 -0.5913965 0.4369445 -0.1674786 0.8837594 0.4369012 -0.1674298 0.8837899 -0.6454482 -0.4833888 -0.5913815 -0.6015385 -0.5782639 -0.5511465 0.4047271 -0.1674529 0.8989747 -0.5758403 -0.04360771 -0.8163985 0.4876719 -0.4834768 0.7269294 0.4876893 -0.4835373 0.7268776 -0.58776 -0.05607306 -0.8070899 -0.6210687 -0.167414 -0.7656673 0.2096 -0.9609073 0.1809005 0.2096131 -0.9609175 0.1808318 0.4105671 -0.7454121 0.5251623 -0.5803932 -0.1674575 -0.7969328 -0.6210561 -0.1673932 -0.7656821 -0.4117958 -0.8751001 -0.2542123 0.4593994 -0.6660715 0.5876232 0.4046485 -0.1675067 0.8990002 -0.3258459 -0.9237769 -0.2011485 -0.6299696 -0.3824566 -0.6759182 -0.6299808 -0.3824849 -0.6758917 0.1306943 -0.985874 0.1047444 0.04376924 -0.9984256 0.03508162 -0.2460291 -0.9608468 -0.1274485 -0.2460046 -0.9608582 -0.1274102 0.1306933 -0.9858733 0.104753 0.2786668 -0.9238077 0.2625341 0.2786667 -0.9237928 0.2625869 -0.5603068 -0.05602759 -0.8263882 0.3273226 -0.875034 0.3566166 -0.4710181 -0.8154039 -0.3365386 0.3914948 -0.8153509 0.4265381 -0.4710144 -0.8154186 -0.3365086 0.4452443 -0.3825988 0.8095529 -0.5198732 -0.74557 -0.416962 0.4493663 -0.483691 0.7510745 -0.45148 -0.8155035 -0.362105 -0.5499808 -0.6659832 -0.5039719 -0.6014643 -0.5783364 -0.5511512 0.4493476 -0.4836744 0.7510966 0.3944085 -0.2768075 0.8762532 0.4259175 -0.2767925 0.8613828 0.4258903 -0.2767638 0.8614054 -0.5532454 -0.1675227 -0.8159998 -0.5803238 -0.1675125 -0.7969717 -0.5656443 -0.2768028 -0.7768056 0.3454193 -0.02040898 0.9382266 -0.6053534 -0.2766549 -0.7463306 0.3696365 -0.05602067 0.9274862 -0.6053603 -0.2766992 -0.7463086 0.4544965 -0.5784096 0.6774033 -0.2356995 -0.960869 -0.1455215 0.4544968 -0.5784147 0.6773988 -0.3258208 -0.9237843 -0.2011556 0.04090082 -0.9984602 0.03747475 0.1267849 -0.9858776 0.109412 -0.5967872 -0.4834915 -0.6403757 -0.5968025 -0.4835485 -0.6403183 0.1267886 -0.9858781 0.1094041 0.04246437 -0.998426 0.03663653 0.4105272 -0.7454346 0.5251617 0.3565113 -0.8154174 0.4560638 -0.04984217 -0.9984233 -0.02582156 -0.04966819 -0.998431 -0.02585852 -0.1488052 -0.9858586 -0.07707172 -0.1488112 -0.9858572 -0.07707715 0.3944197 -0.2767992 0.8762508 -0.55321 -0.1675584 -0.8160166 0.2015754 -0.9608795 0.1899424 -0.3937678 -0.8750984 -0.2813357 0.2015793 -0.9608895 0.1898872 -0.393763 -0.8751006 -0.281336 0.2589915 -0.9237456 0.2821656 0.3273334 -0.8750265 0.3566253 -0.3774041 -0.8751662 -0.3027383 -0.4514318 -0.8155247 -0.3621175 0.4217815 -0.4836986 0.7669004 0.4217458 -0.483657 0.7669463 -0.5499458 -0.6660128 -0.5039708 -0.4915225 -0.7453295 -0.4504327 0.4187103 -0.5786617 0.6998803 0.4186421 -0.5786232 0.6999529 -0.5656667 -0.2767841 -0.7767959 0.379218 -0.3826236 0.8424922 -0.5195276 -0.04960417 -0.8530126 0.4095217 -0.382583 0.8282043 0.4095155 -0.3825718 0.8282126 -0.5236476 -0.05601286 -0.8500916 0.364984 -0.1674464 0.9158322 -0.5438812 -0.3825632 -0.746886 0.3649936 -0.167456 0.9158264 -0.5820463 -0.3824433 -0.7176066 -0.5820667 -0.3825111 -0.717554 0.3199203 -0.09253752 0.9429146 -0.235683 -0.9608726 -0.1455249 0.4155683 -0.6660734 0.6193944 -0.1425469 -0.9858666 -0.08802002 0.415573 -0.6660867 0.6193768 -0.5561627 -0.5783926 -0.5967789 -0.5561697 -0.5784634 -0.5967038 0.3565703 -0.8153856 0.4560744 0.2980929 -0.8750827 0.3812754 -0.5391926 -0.2768214 -0.7953876 -0.5391862 -0.2768031 -0.7953981 0.3791933 -0.3826422 0.8424947 -0.3115702 -0.9237813 -0.2226029 0.04083591 -0.9984246 0.03848248 0.1219356 -0.985867 0.1148832 0.1219362 -0.9858693 0.1148628 -0.3115656 -0.923785 -0.2225945 -0.2986196 -0.9238234 -0.2395346 0.2590153 -0.9237376 0.2821703 0.1873788 -0.9608432 0.2041315 -0.37742 -0.8751582 -0.3027416 -0.4915438 -0.7453152 -0.4504332 0.3931143 -0.5786312 0.7145958 0.393033 -0.5785332 0.7147198 -0.5437609 -0.3826565 -0.7469258 -0.5184074 -0.3826704 -0.7647334 0.3827761 -0.666252 0.6399928 0.3594554 -0.6662228 0.6534058 0.3828268 -0.6662849 0.6399282 0.359215 -0.483722 0.7981088 -0.5170722 -0.167419 -0.8394088 0.3879737 -0.4836822 0.7845559 0.3879506 -0.4836544 0.7845844 -0.5171283 -0.1675118 -0.8393558 -0.55142 -0.4835718 -0.6797751 0.3557594 -0.276697 0.8926781 -0.5151163 -0.483719 -0.7075812 0.355767 -0.276708 0.8926716 -0.5514152 -0.4835673 -0.6797823 -0.04682809 -0.9984574 -0.02983438 0.3167404 -0.1674923 0.9336069 -0.14256 -0.9858655 -0.08801031 0.3167583 -0.1675181 0.9335963 -0.04782789 -0.9984191 -0.02952778 -0.5085383 -0.6661373 -0.5455731 0.2190877 0.07908427 0.9724949 0.278491 -0.09254866 0.9559694 -0.5085346 -0.6661212 -0.5455963 -0.5185579 -0.3825753 -0.7646789 0.3713802 -0.7454406 0.5535297 0.3713776 -0.7454376 0.5535355 0.2358457 -0.9237717 0.3016999 0.2980512 -0.875097 0.3812752 -0.2253758 -0.9608751 -0.1610119 -0.2253752 -0.9608734 -0.1610225 0.3591447 -0.4837517 0.7981224 -0.4608405 -0.05598825 -0.8857151 0.1133244 -0.9858561 0.1234731 0.1873512 -0.9608489 0.2041301 -0.4651656 -0.06362944 -0.8829339 0.3593924 -0.6662493 0.6534134 -0.2159907 -0.9608992 -0.1732648 -0.2986048 -0.9238263 -0.2395413 0.3421097 -0.7456027 0.571872 -0.4268912 -0.8153327 -0.3911479 -0.4269039 -0.8153012 -0.3911998 -0.3569227 -0.8750182 -0.3270313 0.342122 -0.7456176 0.5718452 0.3615522 -0.5785643 0.7311248 -0.5152253 -0.4836493 -0.7075495 -0.4912424 -0.483676 -0.7243884 0.3346858 -0.5786272 0.743758 0.3615075 -0.5785143 0.7311864 -0.5040473 -0.276742 -0.8181383 -0.4846436 -0.3824771 -0.7866588 0.3420708 -0.3824859 0.8583078 -0.5040494 -0.2767631 -0.8181298 0.3420956 -0.3825243 0.8582808 0.3087357 -0.2766886 0.9100141 -0.5138809 -0.5784427 -0.6335065 -0.480112 -0.578593 -0.6593351 0.3087899 -0.276745 0.9099786 -0.5138744 -0.5784112 -0.6335405 0.2757768 -0.1675196 0.9465118 0.2757402 -0.1674823 0.946529 0.2349184 -0.1674809 0.9574776 -0.4545042 -0.7454348 -0.4875992 0.3225131 -0.8154208 0.4807019 -0.4545009 -0.7454286 -0.4876117 -0.4911939 -0.4836949 -0.7244087 0.3225035 -0.8153859 0.4807674 0.2358673 -0.923765 0.3017038 0.1706072 -0.9608694 0.2182273 -0.1363229 -0.9858655 -0.09739243 -0.04597455 -0.9984026 -0.03284233 -0.1363252 -0.9858641 -0.09740376 -0.04393076 -0.9984657 -0.0337094 -0.4595204 -0.167365 -0.8722557 0.3347291 -0.5786066 0.7437546 -0.4595344 -0.1673977 -0.872242 0.03788161 -0.9984267 0.0413416 0.1133326 -0.985855 0.1234737 0.03795593 -0.9984235 0.04135072 -0.2159544 -0.9609053 -0.1732766 -0.1306371 -0.9858738 -0.1048185 -0.3569045 -0.875024 -0.3270355 0.3211603 -0.7455876 0.5839137 0.3211537 -0.7455748 0.5839338 0.2970889 -0.8155657 0.4965792 -0.2824115 -0.9237323 -0.2587713 0.2970904 -0.815567 0.4965759 0.330545 -0.6662448 0.6684744 -0.4800779 -0.5786093 -0.6593455 0.3305248 -0.6662125 0.6685165 0.3060469 -0.6662778 0.6800069 -0.4845935 -0.3825311 -0.7866634 0.3240787 -0.4835991 0.8130837 -0.4389533 -0.6662501 -0.6028523 -0.4698615 -0.6661362 -0.5792174 -0.4698446 -0.6661111 -0.5792599 0.3240897 -0.4836161 0.8130692 0.2968376 -0.3825566 0.8749503 -0.4003447 -0.05604773 -0.9146489 -0.4003309 -0.05598878 -0.9146587 0.2968929 -0.3826101 0.8749082 0.2686937 -0.2766864 0.9226312 -0.3947024 -0.8153907 -0.4234953 0.2688012 -0.2767962 0.922567 -0.3947045 -0.8154091 -0.4234579 -0.4577329 -0.5786308 -0.6750311 0.2696105 -0.8750981 0.4018875 0.2696092 -0.8750866 0.4019136 0.2309222 -0.1721907 0.9576145 -0.4577238 -0.5786396 -0.6750298 0.2252672 -0.276775 0.9341576 -0.4306456 -0.3824162 -0.8174976 0.1706111 -0.960867 0.218235 0.1032002 -0.9858623 0.1320053 -0.4479032 -0.2767042 -0.8501869 -0.4478805 -0.2766767 -0.8502078 -0.04138416 -0.9984232 -0.03792911 -0.04375296 -0.9984255 -0.03510326 0.3060142 -0.6662961 0.6800036 -0.1306515 -0.9858726 -0.1048116 0.2788973 -0.8155149 0.5071013 0.2789332 -0.8155428 0.5070367 -0.2042681 -0.9608516 -0.1871866 -0.2823863 -0.9237403 -0.2587703 -0.4185156 -0.6662701 -0.6171944 0.2483745 -0.8751909 0.4151518 0.2483797 -0.8751984 0.4151329 0.233199 -0.8751762 0.4238927 0.2953767 -0.7455993 0.5973561 -0.4389489 -0.6662518 -0.6028535 -0.4590793 -0.4835875 -0.7452446 0.295349 -0.7455691 0.5974076 -0.4278076 -0.5785223 -0.694473 0.273453 -0.7456461 0.6076474 0.3020175 -0.578469 0.7577328 -0.4590809 -0.4835841 -0.7452457 -0.3382124 -0.04368448 -0.9400553 0.3020246 -0.5784841 0.7577186 -0.3554666 -0.05607318 -0.9330056 0.281217 -0.4836817 0.828836 -0.3922455 -0.7456212 -0.5386952 0.2811982 -0.4836677 0.8288505 -0.4198915 -0.7454894 -0.517626 -0.4198818 -0.7454531 -0.5176861 -0.3952961 -0.167428 -0.9031661 -0.3952798 -0.1674275 -0.9031733 0.2583515 -0.3826115 0.887053 0.2583408 -0.3825954 0.8870632 -0.3299468 -0.8751091 -0.3540047 0.162385 -0.1476775 0.975614 0.1888788 -0.172217 0.9667813 -0.3299469 -0.8750919 -0.3540468 0.2133701 -0.923768 0.318003 0.2133647 -0.9237536 0.3180484 -0.4185117 -0.6662712 -0.617196 0.2165714 -0.3825725 0.8981844 -0.430687 -0.3823782 -0.8174935 0.1842499 -0.2768276 0.9430899 0.2252464 -0.2767909 0.9341578 0.03388798 -0.9984495 0.0441634 -0.1235892 -0.9858521 -0.1132318 -0.20432 -0.9608401 -0.1871886 0.03458881 -0.9984217 0.04424768 0.1031975 -0.9858631 0.1320015 0.2734786 -0.7456521 0.6076286 -0.3238942 -0.05610948 -0.944428 0.2331691 -0.8751825 0.4238961 0.1965152 -0.9238278 0.3285177 -0.3923166 -0.7455881 -0.5386894 -0.4277566 -0.5785596 -0.6944733 0.196533 -0.9238358 0.3284848 -0.3911333 -0.6661635 -0.6350126 0.2375079 -0.8155379 0.5277196 0.2565006 -0.8154964 0.5188191 -0.3509603 -0.167508 -0.9212861 0.2564978 -0.8154974 0.5188187 -0.3198256 -0.1675055 -0.9325522 -0.3509907 -0.1675144 -0.9212733 -0.3407112 -0.8155111 -0.4678224 0.2761336 -0.6661712 0.692796 -0.3646546 -0.8154079 -0.4495964 0.2761206 -0.6661503 0.6928212 -0.3646674 -0.8154187 -0.4495666 0.2620505 -0.5786229 0.7723504 0.2619889 -0.5785677 0.7724126 -0.3852916 -0.2766457 -0.8803508 -0.3853511 -0.2767516 -0.8802916 0.2448173 -0.4836683 0.8403151 0.2447556 -0.4836083 0.8403677 -0.2610798 -0.9237705 -0.2801524 -0.261081 -0.9237859 -0.2801009 0.1843628 -0.2767415 0.9430931 -0.3739647 -0.7456596 -0.5514908 -0.3738605 -0.745611 -0.5516273 0.1543374 -0.9608698 0.2300201 0.1543365 -0.960868 0.2300283 -0.4080145 -0.4834586 -0.7744624 -0.3802085 -0.5784282 -0.7217079 0.216622 -0.3825218 0.8981937 0.2052175 -0.4835776 0.8509046 -0.4080029 -0.4834635 -0.7744655 0.1772591 -0.3825739 0.9067615 -0.1235703 -0.9858555 -0.1132228 -0.04138296 -0.9984236 -0.03791797 0.142009 -0.1878303 0.9718814 -0.3198999 -0.1674494 -0.9325368 0.2375652 -0.8155298 0.5277062 -0.3406379 -0.8155353 -0.4678335 0.1844818 -0.9238227 0.3354374 0.1844962 -0.9238302 0.3354088 -0.3495179 -0.7455686 -0.5674194 -0.3911502 -0.6661462 -0.6350204 0.142099 -0.9609076 0.2376223 -0.3420974 -0.2767819 -0.8979762 0.1421212 -0.9609132 0.2375865 0.2144201 -0.8751756 0.4336954 -0.3420795 -0.2767552 -0.8979912 0.1985766 -0.8752096 0.4411075 -0.3118014 -0.2767661 -0.9089447 0.2144165 -0.875173 0.4337025 -0.3048616 -0.8751204 -0.3757975 0.2468072 -0.7455233 0.6190972 -0.3048607 -0.8751019 -0.3758413 0.2467675 -0.7454754 0.6191707 -0.284776 -0.8751819 -0.3911002 -0.2824447 -0.05610048 -0.9576418 -0.2742152 -0.04643499 -0.9605467 0.2395501 -0.6662019 0.7062513 -0.2788898 -0.167428 -0.9456154 0.2396084 -0.6662518 0.7061844 -0.3288641 -0.3826875 -0.8633648 -0.3705168 -0.3825376 -0.8463937 0.2281142 -0.5786245 0.7830439 -0.3704678 -0.3824416 -0.8464587 0.2281311 -0.5786402 0.7830274 -0.188869 -0.9608697 -0.2026276 0.1771612 -0.3826459 0.9067503 -0.1888663 -0.9608649 -0.2026534 -0.3247013 -0.8155535 -0.4790006 -0.3246961 -0.8155328 -0.4790394 0.09938335 -0.1878866 0.9771498 0.05990499 -0.1482746 0.9871302 0.02978646 -0.9984621 0.04675763 -0.3802977 -0.578345 -0.7217276 0.09335148 -0.9858622 0.1391449 -0.3477278 -0.6660215 -0.6599248 0.03145688 -0.9984048 0.04688829 0.09335178 -0.985863 0.1391391 0.1911987 -0.5786027 0.7928822 0.167837 -0.4836539 0.8590168 0.2051899 -0.4836032 0.8508967 -0.3118046 -0.276767 -0.9089433 0.1388536 -0.2766759 0.9508786 -0.2714415 -0.8751981 -0.4004344 0.1389364 -0.2767852 0.9508348 -0.2847694 -0.875181 -0.3911069 -0.3036243 -0.8154566 -0.492791 -0.349621 -0.7455087 -0.5674346 0.1986013 -0.8752046 0.441106 -0.2997981 -0.3825782 -0.8739308 -0.3290163 -0.3825986 -0.8633462 0.1334292 -0.9609035 0.2426134 0.1334297 -0.960906 0.242603 -0.2253229 -0.9238311 -0.3094604 -0.2412508 -0.9237783 -0.2973749 0.08595383 -0.9858765 0.143734 0.02879106 -0.9984266 0.04812097 -0.2412475 -0.9237768 -0.2973822 0.08596253 -0.9858789 0.1437129 -0.2788507 -0.1674702 -0.9456194 0.1696982 -0.9238249 0.3431477 0.1696727 -0.9238141 0.3431891 -0.2717999 -0.276736 -0.9217061 0.1571523 -0.9238344 0.3490463 -0.3509694 -0.4834764 -0.8019171 -0.3117025 -0.4836469 -0.8178798 0.2143213 -0.8154288 0.5377195 0.2143467 -0.8154565 0.5376675 -0.3510016 -0.48353 -0.8018708 -0.1142326 -0.9858643 -0.1225666 0.214106 -0.7455455 0.6311265 -0.03760159 -0.9984501 -0.04103207 0.2141274 -0.7455634 0.6310981 -0.1142313 -0.9858642 -0.122569 -0.03825676 -0.9984246 -0.04104757 -0.2714694 -0.875188 -0.400438 0.2085801 -0.6662285 0.7159846 0.2085513 -0.6661956 0.7160236 -0.3107296 -0.7453979 -0.5897704 -0.34769 -0.6660526 -0.6599133 0.1679013 -0.4836063 0.859031 -0.299634 -0.3826872 -0.8739393 0.09723508 -0.2767749 0.9560027 0.09739178 -0.2768719 0.9559587 0.1748942 -0.6661928 0.7249822 0.156451 -0.5786072 0.8004605 -0.2252898 -0.923837 -0.309467 0.1912785 -0.5785428 0.7929067 -0.2537906 -0.8751327 -0.4119867 -0.3035514 -0.8154906 -0.4927795 0.1335071 -0.3824706 0.9142714 -0.3115398 -0.4837302 -0.8178926 -0.2838614 -0.4837015 -0.8279225 0.1335769 -0.3825567 0.9142252 0.09364056 -0.3825834 0.9191634 -0.174499 -0.9608779 -0.2150904 0.1570398 -0.9238516 0.3490515 -0.1629544 -0.9609065 -0.223841 0.02557587 -0.9984652 0.04912453 -0.174498 -0.9608719 -0.2151184 0.02703285 -0.9984256 0.04915016 -0.2090098 -0.05603975 -0.9763066 0.08071535 -0.9858741 0.1467562 0.08071559 -0.985875 0.1467504 -0.2172554 -0.06890904 -0.9736794 0.1135866 -0.9609147 0.2524702 0.1227353 -0.9609002 0.2482075 -0.2717525 -0.2767767 -0.9217079 0.1227388 -0.9609032 0.2481939 -0.2612823 -0.3826399 -0.8861819 0.1791492 -0.8751498 0.4494646 -0.3270905 -0.5784752 -0.7472472 0.1791318 -0.8751266 0.4495166 0.04517483 -0.2765965 0.9599239 -0.3270571 -0.5784156 -0.7473078 0.046112 -0.1946228 0.9797937 -0.2147983 -0.9238364 -0.3168409 -0.2148143 -0.9238467 -0.3168 0.185924 -0.8155167 0.5480555 -0.3106972 -0.7454242 -0.5897542 0.1859252 -0.8155134 0.5480601 -0.2698293 -0.815394 -0.5121766 0.1863625 -0.745576 0.6398324 -0.2839979 -0.4836097 -0.8279293 0.1863563 -0.7455645 0.6398477 0.1563945 -0.5786336 0.8004524 -0.1629915 -0.9609004 -0.2238399 0.09348672 -0.3826684 0.9191437 0.1562361 -0.7455472 0.6478809 -0.2008078 -0.9237976 -0.3259972 0.1429921 -0.6662988 0.7318465 -0.2537801 -0.8751345 -0.4119893 0.174819 -0.6662485 0.7249493 -0.2903558 -0.5786442 -0.7621446 -0.2646386 -0.5785927 -0.7714902 0.126541 -0.4836153 0.8660853 -0.2903377 -0.5786159 -0.7621729 0.08856469 -0.4837408 0.8707189 -0.03555202 -0.9984064 -0.04382592 -0.1055465 -0.9858656 -0.1301117 0.1264554 -0.4835108 0.8661561 -0.03372418 -0.9984645 -0.04394787 -0.1055452 -0.9858654 -0.1301144 0.1136575 -0.960908 0.2524635 -0.09858298 -0.985876 -0.1353882 0.07424193 -0.9858733 0.1501402 -0.214661 -0.1673718 -0.9622409 0.07423889 -0.9858738 0.1501384 0.0248655 -0.9984254 0.05028396 -0.2147006 -0.1674431 -0.9622196 0.06874328 -0.9858777 0.1527074 0.1417607 -0.9238065 0.3556482 0.1417452 -0.9237908 0.3556951 -0.2613295 -0.3825948 -0.8861874 -0.247588 -0.4835591 -0.8395659 0.0434131 -0.3824326 0.922963 -0.2654932 -0.666276 -0.6968427 -0.2990472 -0.6661224 -0.6832655 0.04515218 -0.2766396 0.9599124 -0.2990404 -0.6661134 -0.6832774 0.1554337 -0.8751852 0.458139 -0.155379 -0.9609107 -0.2291465 0.1554202 -0.8751851 0.4581437 -0.1553583 -0.9609043 -0.2291876 -0.1428755 -0.05603867 -0.9881529 -0.1429269 -0.05608367 -0.988143 0.1618314 -0.8155189 0.5556435 0.1618274 -0.8155159 0.5556488 -0.2698853 -0.8153603 -0.5122008 0.1430584 -0.6662584 0.7318702 -0.2256249 -0.8750658 -0.4281979 0.08872079 -0.4836566 0.8707497 -0.264607 -0.5786119 -0.7714865 0.1562336 -0.7455432 0.6478861 0.1278458 -0.7455964 0.6540195 0.1356776 -0.8154959 0.5626351 -0.03301805 -0.9984255 -0.04534894 0.1178858 -0.5785337 0.8070946 -0.09858554 -0.9858773 -0.1353771 0.1178412 -0.5784839 0.8071368 -0.1452462 -0.9608891 -0.2357878 0.02123594 -0.9984591 0.05127 -0.2008143 -0.9237968 -0.3259959 0.02301859 -0.9984255 0.05115371 0.06871885 -0.9858805 0.1527 -0.2419358 -0.6662741 -0.7053694 0.1025485 -0.9608821 0.2572729 -0.2654433 -0.6663016 -0.6968373 0.1025456 -0.9608806 0.2572801 0.04344862 -0.3823793 0.9229834 -0.2092506 -0.2766277 -0.9379186 -0.2092421 -0.2766034 -0.9379277 0.04116225 -0.4833991 0.8744319 -0.2475842 -0.483556 -0.8395689 0.1230242 -0.9238225 0.3625149 -0.230708 -0.5785625 -0.7823294 0.1230018 -0.9238137 0.362545 -0.2672429 -0.7454826 -0.6106038 -0.2672505 -0.7454824 -0.6106007 0.1353129 -0.875185 0.46448 0.1352829 -0.8751751 0.4645076 -0.09395593 -0.9858781 -0.1386243 -0.0297901 -0.9984616 -0.04676622 0.127879 -0.7455784 0.6540336 -0.03146862 -0.9984257 -0.04643106 -0.09396189 -0.9858772 -0.1386265 -0.1410889 -0.1673856 -0.9757438 0.0826652 -0.5787012 0.8113393 0.08248823 -0.5786105 0.8114221 -0.1411662 -0.1675012 -0.9757128 -0.2255881 -0.8750814 -0.4281853 -0.03941941 -0.1945623 0.9800978 -0.1785181 -0.923751 -0.3388444 -0.04775303 -0.1619122 0.9856492 -0.241961 -0.6662606 -0.7053735 0.1110466 -0.8155375 0.5679501 0.135675 -0.8154993 0.5626308 0.1134256 -0.8751541 0.4703616 -0.08784866 -0.9858703 -0.1426272 -0.145228 -0.9608913 -0.2357894 0.1078184 -0.6661598 0.7379746 0.1077938 -0.6661392 0.7379966 0.07542198 -0.6662621 0.7418938 0.02077811 -0.998425 0.05211597 -0.237302 -0.7456344 -0.6226693 -0.2162242 -0.7455725 -0.6303721 0.06203514 -0.9858701 0.155601 -0.2372249 -0.745588 -0.6227543 0.06202554 -0.9858671 0.1556242 -0.2012051 -0.3823887 -0.901829 0.03832978 -0.5784282 0.8148323 -0.2012079 -0.3824055 -0.9018211 0.04112899 -0.4834443 0.8744085 -0.2306419 -0.5786077 -0.7823154 -0.2108886 -0.666211 -0.7153244 0.08897531 -0.9609072 0.2621846 0.08893996 -0.9608957 0.2622388 -0.07618606 -0.05599749 -0.99552 -0.07623106 -0.0560851 -0.9955116 0.10707 -0.9238277 0.3675302 0.107032 -0.9238132 0.3675777 -0.2321021 -0.8154115 -0.5303139 -0.2320968 -0.8154141 -0.5303121 0.1110733 -0.815528 0.5679585 -0.1376001 -0.2766795 -0.9510598 0.07544803 -0.6662557 0.7418969 -0.1375975 -0.2766829 -0.9510592 -0.03859895 -0.2765628 0.9602203 -0.1785071 -0.9237552 -0.3388386 -0.1291149 -0.9608664 -0.245082 -0.0386188 -0.2765222 0.9602313 -0.2161647 -0.7455983 -0.6303619 0.1134321 -0.8751508 0.4703662 0.08975195 -0.9238164 0.3721668 0.09285563 -0.8751837 0.4747961 -0.08785891 -0.9858694 -0.1426268 -0.02942496 -0.9984248 -0.04777038 0.09629487 -0.7454936 0.65952 -0.2060854 -0.8155499 -0.5407471 -0.2060566 -0.8155385 -0.5407752 0.09634536 -0.7455413 0.6594588 -0.1877163 -0.8155343 -0.547418 -0.1906262 -0.483348 -0.8544217 0.03838211 -0.5783511 0.8148847 0.03509676 -0.6659911 0.7451337 0.05381548 -0.9858751 0.1586014 0.01664996 -0.9984657 0.05281263 0.01802378 -0.9984254 0.0531221 0.053801 -0.9858719 0.1586256 -0.1906359 -0.4833391 -0.8544245 -0.210913 -0.6661971 -0.7153301 0.07746767 -0.9609069 0.2658132 -0.1884815 -0.7455575 -0.6392329 -0.07528609 -0.1674172 -0.9830074 0.07741695 -0.960896 0.2658677 -0.07526499 -0.1673852 -0.9830145 0.09275883 -0.8752067 0.4747729 -0.07335734 -0.2766857 -0.9581564 -0.02103435 -0.167468 -0.9856531 -0.009181261 -0.04445856 -0.998969 0.06748658 -0.7456459 0.6629161 -0.02131235 -0.05601739 -0.9982023 -0.1722391 -0.8752116 -0.452038 0.06742304 -0.7456256 0.6629455 -0.03711301 -0.382333 0.9232791 -0.1940266 -0.8751172 -0.4433097 -0.1940221 -0.8751193 -0.4433077 -0.1323124 -0.3824963 -0.9144344 -0.03714185 -0.3822861 0.9232973 -0.1322996 -0.3824781 -0.9144438 0.06492316 -0.9608888 0.2692171 0.07339787 -0.9238372 0.3756831 0.08975005 -0.9238157 0.3721689 -0.1291533 -0.9608561 -0.2451018 -0.1276586 -0.2094971 0.9694402 -0.0781188 -0.9858595 -0.1482518 -0.18771 -0.8155362 -0.5474172 -0.1515384 -0.1517798 0.9767287 0.08363711 -0.8154578 0.5727419 -0.1722272 -0.8752129 -0.45204 0.08362734 -0.8154495 0.5727552 -0.1568968 -0.8752046 -0.4576029 -0.1776671 -0.578382 -0.796184 -0.177637 -0.578352 -0.7962124 -0.1839119 -0.1743214 0.9673616 0.03507101 -0.6660208 0.7451084 -0.1636794 -0.815502 -0.5551266 0.03134196 -0.7453914 0.66589 -0.1884827 -0.7455477 -0.6392441 0.01568222 -0.9984252 0.05386269 0.04682558 -0.9858727 0.1608183 0.04685765 -0.9858753 0.1607934 -0.07331341 -0.2767448 -0.9581428 0.07346814 -0.9238222 0.3757063 -0.02109903 -0.1674125 -0.9856612 0.05860865 -0.8155564 0.5757023 0.05855751 -0.8155379 0.5757334 -0.1535407 -0.9237809 -0.3507909 -0.1535407 -0.9237771 -0.3508008 -0.03518843 -0.4832891 0.8747534 -0.1252781 -0.4834735 -0.866348 -0.03516256 -0.4833317 0.8747309 -0.1253512 -0.4835731 -0.8662818 0.06489676 -0.9608923 0.2692109 0.03925162 -0.9858741 0.1628239 0.05313628 -0.9609049 0.2717323 -0.02578014 -0.9984406 -0.04951691 -0.1254644 -0.276543 0.9527764 -0.02616286 -0.9984241 -0.04964953 -0.07811665 -0.9858604 -0.1482471 -0.1569895 -0.8751784 -0.4576211 -0.1254574 -0.276557 0.9527732 -0.1362803 -0.9238424 -0.3576914 0.06992816 -0.8751543 0.4787641 -0.1242075 -0.9238321 -0.3620867 0.06991624 -0.8751472 0.4787786 -0.1362835 -0.9238386 -0.3576998 0.04894721 -0.8752182 0.4812458 -0.1624445 -0.6659834 -0.7280644 -0.1794872 -0.2767642 0.9440264 -0.1794807 -0.2767704 0.9440259 -0.1624552 -0.6660035 -0.7280437 -0.1368549 -0.8751537 -0.4640871 -0.1637047 -0.8154954 -0.5551289 -0.07050186 -0.3825005 -0.9212617 0.03136324 -0.7453658 0.6659175 0.02723771 -0.8153591 0.5783146 -0.06676656 -0.4835687 -0.8727563 0.05312746 -0.9609031 0.2717405 -0.07047557 -0.3824799 -0.9212722 0.04897361 -0.875208 0.4812617 -0.02062046 -0.2768288 -0.960698 -0.02057641 -0.2767859 -0.9607113 -0.03281551 -0.5782382 0.8152078 0.04300236 -0.1672924 -0.9849691 -0.03277027 -0.5783094 0.8151592 0.05796992 -0.05296242 -0.9969125 0.04350298 -0.07307869 -0.996377 -0.2461094 -0.09345817 0.9647257 -0.1110627 -0.9608745 -0.2537426 0.01198881 -0.998465 0.05407309 -0.1110533 -0.9608702 -0.2537633 0.0131576 -0.998425 0.05453854 0.03928768 -0.9858708 0.1628353 -0.1167377 -0.5784586 -0.8073153 0.03213739 -0.9858745 0.1643735 -0.116756 -0.5784735 -0.8073019 -0.1206264 -0.3823907 0.9160931 -0.172568 -0.3826731 0.9076241 -0.1206271 -0.3823836 0.9160961 -0.1242225 -0.923829 -0.3620893 -0.09858638 -0.9609084 -0.2587195 -0.2473374 -0.1428443 0.9583423 -0.08985483 -0.9609008 -0.2619082 -0.2259801 -0.1742557 0.9584195 -0.09857511 -0.960907 -0.2587292 -0.1451957 -0.745355 -0.6506645 0.05533879 -0.9237957 0.378866 0.05532133 -0.9237853 0.3788934 -0.1726267 -0.3827021 0.9076008 -0.1451823 -0.7453287 -0.6506975 -0.1082794 -0.9238094 -0.367222 -0.1368349 -0.8751563 -0.4640883 0.02277553 -0.8750657 0.4834681 0.02724605 -0.815357 0.5783172 -0.06683951 -0.4834765 -0.8728018 0.03211712 -0.9858765 0.1643658 0.01075696 -0.9984256 0.05505198 -0.01983469 -0.3826442 -0.9236829 0.03873187 -0.9238365 0.3808226 0.03874748 -0.9238448 0.3808013 -0.01977223 -0.3826094 -0.9236987 0.04302132 -0.1673358 -0.9849609 -0.02998578 -0.6659136 0.745426 -0.03000742 -0.6658788 0.7454562 -0.02258288 -0.9984125 -0.05160081 -0.06717151 -0.9858651 -0.1534867 -0.0212171 -0.9984614 -0.05123174 -0.06717246 -0.9858659 -0.153481 -0.1067999 -0.666127 -0.7381522 -0.2738423 -0.1675104 0.9470749 -0.1067618 -0.6660805 -0.7381997 -0.1142732 -0.4833438 0.8679404 -0.08981597 -0.9609068 -0.2618995 -0.1142859 -0.4833192 0.8679525 -0.22053 -0.2767389 0.9352979 0.1225737 -0.05931711 -0.9906853 0.1247715 -0.05605596 -0.9906008 -0.2669119 -0.2768074 0.923112 -0.2205755 -0.276678 0.9353052 -0.05963826 -0.9858773 -0.1564909 -0.3180295 -0.09357422 0.9434517 -0.05433064 -0.9858756 -0.1584224 -0.3149195 -0.167491 0.9342229 -0.05962795 -0.985877 -0.1564965 -0.3261983 -0.06771808 0.9428728 -0.01996898 -0.9984261 -0.05240648 0.04001438 -0.9608824 0.2740508 -0.1260898 -0.8153644 -0.5650508 -0.1260752 -0.8153373 -0.5650931 0.04002952 -0.960886 0.2740362 -0.108247 -0.9238177 -0.3672103 -0.07830017 -0.9608971 -0.265605 -0.1635965 -0.4836391 0.8598427 -0.16354 -0.4836683 0.8598371 -0.06228685 -0.5784584 -0.8133304 -0.06228291 -0.5784658 -0.8133254 0.0180338 -0.9237462 0.3825805 0.02279108 -0.8750554 0.483486 -0.01868814 -0.4836027 -0.8750882 0.02800041 -0.9609062 0.2754549 0.02801442 -0.9609069 0.2754508 -0.01874631 -0.4836446 -0.8750638 0.04191452 -0.276598 -0.9600713 -0.02679836 -0.7452884 0.6662035 0.04193669 -0.2765636 -0.9600802 -0.02681499 -0.7452711 0.6662222 0.04030203 -0.3824079 -0.9231143 -0.2668794 -0.2767738 0.9231315 -0.09545212 -0.7454671 -0.6596724 -0.09540963 -0.7454395 -0.6597098 -0.1064615 -0.5783725 0.8087961 -0.1064873 -0.5783374 0.8088179 -0.01665902 -0.9984648 -0.05282592 -0.05431866 -0.9858766 -0.1584198 -0.2120432 -0.382588 0.8992576 -0.01819211 -0.998426 -0.05305266 0.1210502 -0.1673933 -0.9784306 -0.256597 -0.3826314 0.8875536 -0.2120768 -0.3825455 0.8992677 0.1210689 -0.1673789 -0.9784307 -0.1053992 -0.8750364 -0.4724431 -0.1054028 -0.8750401 -0.4724355 -0.3149138 -0.1674862 0.9342257 -0.3069533 -0.2767545 0.9105969 0.007238686 -0.9984608 0.05498832 0.008108258 -0.9984247 0.0555188 0.02421069 -0.9858694 0.1657578 0.02421402 -0.9858682 0.1657639 -0.07833987 -0.9608893 -0.2656213 -0.3689346 -0.08331668 0.9257135 -0.04738318 -0.9858718 -0.1606598 -0.3649942 -0.1674571 0.9158262 -0.05695229 -0.6661168 -0.7436699 -0.3846844 -0.05604201 0.9213454 -0.1523387 -0.5786678 0.8012095 -0.05691671 -0.6660848 -0.7437012 -0.1524408 -0.5786243 0.8012215 -0.01740139 -0.5785713 -0.8154462 -0.01746565 -0.5785883 -0.8154327 0.01801413 -0.9237571 0.3825549 0.01303064 -0.9608573 0.2767372 0.005676746 -0.9984261 0.05579566 0.01693725 -0.9858765 0.1666155 0.01694858 -0.985879 0.1665996 0.04029428 -0.3823887 -0.9231227 0.1910018 -0.05605262 -0.979988 0.191049 -0.05599719 -0.979982 -0.02328866 -0.8152811 0.578597 -0.02329486 -0.815275 0.5786054 -0.08287137 -0.8154491 -0.5728657 -0.256588 -0.3826286 0.8875573 -0.08286672 -0.815438 -0.5728822 -0.09735238 -0.6659672 0.7396014 -0.1392841 -0.6662909 0.7325683 0.1179948 -0.2766913 -0.9536871 0.1180335 -0.2766371 -0.9536982 -0.09738326 -0.6659374 0.7396242 -0.2008953 -0.4835047 0.8519768 -0.08341664 -0.9237382 -0.373831 -0.2430827 -0.4836053 0.8408548 -0.2008712 -0.4835289 0.8519688 -0.08340889 -0.9237303 -0.3738521 -0.04736506 -0.985876 -0.1606398 -0.01586616 -0.9984251 -0.05381196 -0.05086362 -0.7454775 -0.6645873 -0.3069347 -0.2767351 0.9106091 -0.295107 -0.3825922 0.8755199 -0.4283509 -0.04404467 0.9025384 -0.05084431 -0.7454664 -0.6646012 -0.409875 -0.05603963 0.9104187 -0.3557598 -0.2766956 0.8926784 -0.4047234 -0.167505 0.8989667 -0.01596367 -0.6662266 -0.7455785 -0.01596158 -0.6662401 -0.7455666 0.03816592 -0.4834198 -0.8745564 -0.3649837 -0.1674463 0.9158322 -0.1393699 -0.6663217 0.732524 0.03559505 -0.5782898 -0.8150546 0.03820151 -0.4833778 -0.8745779 0.007876873 -0.9858571 0.1674026 0.256568 -0.04352086 -0.9655458 0.01302212 -0.9608569 0.276739 0.2411442 -0.05602055 -0.9688712 0.1886377 -0.1673977 -0.9676745 -0.01948809 -0.8749915 0.483746 -0.01947337 -0.8750035 0.4837247 0.18861 -0.1674515 -0.9676706 -0.06928658 -0.8751101 -0.4789383 -0.2431269 -0.4836387 0.8408227 -0.06928336 -0.8751069 -0.4789445 0.1134198 -0.3824937 -0.9169703 0.1134858 -0.382401 -0.9170009 -0.08701103 -0.7453454 0.660976 -0.08702999 -0.7453226 0.6609993 -0.2265473 -0.5786556 0.7834755 -0.06034177 -0.9608526 -0.2704095 -0.1872559 -0.5784747 0.7939158 -0.0603314 -0.9608446 -0.2704403 0.2736104 -0.05606782 -0.9602051 -0.1871732 -0.5785549 0.7938769 -0.4401541 -0.05608814 0.8961688 -0.04416692 -0.8154002 -0.5772104 -0.2795276 -0.4836022 0.8294535 -0.2950642 -0.3825414 0.8755565 -0.04420661 -0.8154373 -0.577155 -0.4047096 -0.1674997 0.898974 -0.01428461 -0.7455951 -0.6662462 -0.01426041 -0.7455937 -0.6662483 -0.3557668 -0.2767089 0.8926714 0.03255921 -0.6659601 -0.7452766 -0.3420696 -0.3824846 0.8583088 -0.3944746 -0.276801 0.8762255 0.03560709 -0.5783054 -0.8150431 0.2381164 -0.1674906 -0.9566858 0.238094 -0.1675195 -0.9566862 -0.1245468 -0.7456042 0.6546468 -0.1245357 -0.7456034 0.6546499 0.1838682 -0.2767054 -0.9432002 0.1838697 -0.2767073 -0.9431994 0.002440273 -0.9984354 0.05586475 0.002636194 -0.9984239 0.05605906 0.007872104 -0.9858598 0.1673874 -0.01542079 -0.9237076 0.3827879 -0.0548219 -0.9237782 -0.3789835 -0.01540237 -0.9237179 0.3827641 -0.05481094 -0.923774 -0.3789952 -0.2265115 -0.5786294 0.7835053 0.1074542 -0.4835368 -0.8687035 0.1074562 -0.483533 -0.8687054 -0.07557117 -0.8153151 0.5740649 -0.01222664 -0.9984233 -0.05478543 -0.01212769 -0.9984289 -0.05470734 -0.03649353 -0.985855 -0.1635791 -0.07555669 -0.8153229 0.5740555 -0.0365023 -0.9858587 -0.1635557 -0.1711539 -0.6661915 0.7258756 0.2701684 -0.1674586 -0.9481385 -0.2071158 -0.6662398 0.716399 -0.1712161 -0.6661435 0.7259049 0.270135 -0.1674994 -0.9481409 -0.03693407 -0.8751114 -0.4825102 -0.4346223 -0.1674335 0.8849123 -0.03696155 -0.8751274 -0.4824789 -0.434577 -0.1674804 0.8849256 -0.012344 -0.815492 -0.5786368 -0.2605298 -0.5785946 0.7728859 -0.01238769 -0.8155096 -0.5786111 -0.2795803 -0.4836621 0.8294009 -0.3944202 -0.2767684 0.8762603 0.03254866 -0.665939 -0.7452958 0.02908575 -0.7453587 -0.6660289 -0.4879819 -0.04539722 0.8716724 0.2320826 -0.2768064 -0.9324784 0.2320697 -0.2768138 -0.9324795 -0.4727359 -0.1674207 0.8651539 -0.4787542 -0.0560854 0.8761557 -0.342095 -0.3825258 0.8582803 0.3208222 -0.0489335 -0.9458746 0.3152514 -0.05605328 -0.9473513 -0.3792216 -0.3826408 0.8424828 -0.3240785 -0.4835987 0.8130839 0.1768399 -0.3824278 -0.9069051 0.1767985 -0.3824766 -0.9068924 -0.1081472 -0.8155537 0.568486 -0.1081505 -0.8155491 0.5684921 -0.03964859 -0.9608739 -0.2741339 -0.01113641 -0.9608356 0.2768949 -0.01114171 -0.9608347 0.2768982 -0.03965699 -0.9608722 -0.2741386 0.1001092 -0.5784206 -0.8095725 0.1001409 -0.578382 -0.8095964 -0.2071633 -0.6662772 0.7163506 -0.06318539 -0.8750343 0.4799195 -0.09040731 -0.8752272 0.4751885 0.2632662 -0.2768428 -0.9241478 -0.06316512 -0.8750517 0.4798904 0.2633178 -0.2768245 -0.9241385 -0.1529933 -0.7454794 0.6487324 -0.1529628 -0.7454996 0.6487163 -0.0292297 -0.9237806 -0.381805 -0.1851367 -0.7455856 0.640177 -0.02921754 -0.9237781 -0.3818122 -0.4235877 -0.2767481 0.8625451 -0.4235894 -0.2767363 0.8625481 -0.01039153 -0.875191 -0.4836659 -0.0103209 -0.8751707 -0.4837043 -0.26049 -0.5785472 0.7729349 -0.2381618 -0.6662457 0.7066793 0.02907216 -0.7453387 -0.6660519 0.2231434 -0.382618 -0.8965548 -0.3791877 -0.3826273 0.8425041 -0.407274 -0.3825917 0.829308 0.2231371 -0.3826212 -0.896555 0.2531506 -0.382634 -0.8885416 -0.4608689 -0.2767282 0.843221 -0.4728202 -0.1675246 0.8650876 -0.3240898 -0.4836168 0.8130686 0.3113346 -0.1674183 -0.9354368 0.3112865 -0.1674702 -0.9354435 -0.3020253 -0.5784837 0.7577186 -0.359203 -0.4837471 0.7980991 0.167529 -0.4834727 -0.8591789 -0.09034359 -0.8752085 0.4752349 0.1674415 -0.4835721 -0.8591399 -0.006731748 -0.9858501 0.1674943 -0.0239861 -0.9858651 -0.1658153 -0.002449691 -0.9984233 0.05607998 -0.007325649 -0.9984234 0.05565077 -0.007248878 -0.9984562 -0.05506932 -0.006736338 -0.9858494 0.1674982 -0.002263545 -0.9984104 0.05631864 -0.008042275 -0.998421 -0.05559659 -0.02398675 -0.9858647 -0.1658174 -0.1850842 -0.7455499 0.6402338 0.09158623 -0.666052 -0.7402613 0.09152466 -0.6661101 -0.7402167 0.2531273 -0.3825992 -0.8885632 -0.0499804 -0.923727 0.379777 -0.05000412 -0.923715 0.3798028 -0.02113682 -0.9608734 -0.2761801 -0.1607134 -0.81553 0.5559516 -0.02113234 -0.9608706 -0.2761903 -0.1328672 -0.8154524 0.5633682 -0.1328585 -0.8154602 0.5633589 -0.008197724 -0.9238296 -0.3827165 -0.4073233 -0.3826491 0.8292572 -0.2128344 -0.7455201 0.6315864 -0.008222818 -0.9238334 -0.3827065 0.3733891 -0.1674036 -0.9124454 -0.2381482 -0.6662321 0.7066968 0.3834565 -0.05605453 -0.9218563 -0.3858763 -0.4836769 0.7855929 0.3779433 -0.06465178 -0.9235687 -0.3591563 -0.4837222 0.7981352 0.0211156 -0.8750223 -0.483622 0.02525085 -0.8153213 -0.578458 -0.4430889 -0.3826249 0.8107222 0.02525752 -0.8153123 -0.5784704 -0.4608594 -0.2767157 0.8432301 0.2114208 -0.4836283 -0.8493556 -0.5451224 -0.05577373 0.8364992 0.2114094 -0.4836315 -0.8493566 -0.5359436 -0.07106906 0.8412572 0.2397887 -0.4836459 -0.8417768 -0.5297162 -0.1674091 0.8314896 -0.2761336 -0.6661712 0.692796 -0.3346914 -0.5786083 0.7437703 0.3034617 -0.2767094 -0.9117801 -0.3020166 -0.5784676 0.7577344 -0.07148522 -0.9238412 0.3760419 -0.07155501 -0.9238326 0.3760497 0.3034045 -0.2767752 -0.9117792 0.1560478 -0.5784783 -0.8006322 -0.160709 -0.8155248 0.5559604 0.1561089 -0.5784099 -0.8006698 0.08185404 -0.7454431 -0.6615245 -0.03615307 -0.9608504 0.2746992 -0.0361604 -0.9608451 0.2747166 0.08184617 -0.7454563 -0.6615105 -0.1110786 -0.8751274 0.4709709 -0.1110575 -0.8751333 0.4709652 0.2399263 -0.4837344 -0.8416867 -0.1343472 -0.8751828 0.4647645 -0.004310429 -0.9984031 -0.05632698 -0.01278185 -0.9858657 -0.1670491 -0.002416789 -0.9984659 -0.05531829 -0.01278209 -0.9858652 -0.1670525 -0.3858724 -0.4836732 0.785597 -0.005932629 -0.9609001 -0.2768321 -0.2128507 -0.7455288 0.6315706 -0.005927443 -0.9608967 -0.2768439 -0.1848365 -0.8155016 0.5484458 0.3734056 -0.1674363 -0.9124327 -0.3347216 -0.578627 0.7437421 -0.3595877 -0.578586 0.7320758 0.01672232 -0.9237362 -0.3826643 -0.443057 -0.3825793 0.8107612 -0.4197213 -0.4836446 0.7680639 0.02114009 -0.8750326 -0.4836022 0.1969959 -0.5786671 -0.7914147 -0.5297108 -0.1673822 0.8314985 0.1970444 -0.5786305 -0.7914294 -0.2467682 -0.7454754 0.6191704 0.2917199 -0.3825153 -0.8766879 -0.2761204 -0.6661508 0.6928208 -0.3060392 -0.6662933 0.6799951 0.2917329 -0.3825077 -0.8766869 -0.0517522 -0.96091 0.2719812 -0.05173122 -0.9609114 0.2719801 0.1427196 -0.6661369 -0.732047 -0.600102 -0.0560612 0.7979567 -0.6523399 -0.05605882 0.7558507 -0.5999892 -0.0562635 0.7980273 0.1427324 -0.6661186 -0.7320611 0.4446035 -0.05600249 -0.8939751 0.4445793 -0.05605441 -0.8939839 -0.134362 -0.8751853 0.4647554 0.0710932 -0.8153836 -0.5745393 -0.007326841 -0.9984232 0.05565583 -0.02187752 -0.985854 0.1661727 0.07105523 -0.8154087 -0.5745083 -0.02187258 -0.9858538 0.1661746 0.2235013 -0.578677 -0.7843342 0.2235742 -0.5786553 -0.7843294 -0.08787733 -0.9237975 0.3726605 -0.106316 -0.9238333 0.3677351 -0.0878871 -0.9237945 0.3726655 0.002450287 -0.9984232 -0.05608201 -0.003589034 -0.9858748 -0.1674458 -0.00120157 -0.9984258 -0.0560773 -0.3595896 -0.578594 0.7320685 -0.003582835 -0.985873 -0.1674568 0.3639952 -0.2766153 -0.8893771 0.3639686 -0.2766551 -0.8893755 -0.1848374 -0.8155016 0.5484455 0.349988 -0.38238 -0.8551573 -0.1545187 -0.8751701 0.4584773 -0.3060216 -0.6662768 0.6800191 0.01671457 -0.9237294 -0.3826809 -0.3287854 -0.666239 0.6693473 0.01208913 -0.9608451 -0.2768225 -0.4197138 -0.4836345 0.7680743 0.1801676 -0.6662549 -0.7236325 0.1801494 -0.6662676 -0.7236254 -0.3911188 -0.5785652 0.7157433 0.2043776 -0.6662694 -0.7171575 -0.516354 -0.2765427 0.8104955 0.2763279 -0.4836366 -0.830505 -0.4964825 -0.3823574 0.7792996 0.2763561 -0.483625 -0.8305025 -0.5163297 -0.2765915 0.8104942 0.4868037 -0.05602461 -0.8717129 0.5039124 -0.04372131 -0.8626476 -0.246807 -0.7455237 0.6190968 -0.214347 -0.8154538 0.5376713 -0.2734548 -0.7456423 0.6076514 0.1275316 -0.7454807 -0.6542127 -0.01200795 -0.9984593 0.05417501 -0.01047796 -0.9984259 0.05509984 -0.03129285 -0.9858781 0.1645149 0.1275399 -0.7454746 -0.654218 -0.03128522 -0.9858792 0.1645098 -0.5924558 -0.1674004 0.7880186 0.4389969 -0.1673899 -0.8827584 0.438944 -0.16747 -0.8827695 -0.5924322 -0.167445 0.7880269 -0.1063035 -0.9238293 0.3677485 -0.07689422 -0.9608972 0.2660149 0.05938464 -0.8750976 -0.4802893 0.05940353 -0.8750927 -0.4802957 -0.06355684 -0.9608821 0.269567 0.2042915 -0.6662283 -0.7172203 -0.06357449 -0.9608793 0.2695726 -0.3287802 -0.6662322 0.6693567 0.3499842 -0.3823851 -0.8551566 -0.1222869 -0.9238157 0.3627817 -0.1545382 -0.8751792 0.4584532 0.01208728 -0.9608438 -0.2768272 0.007309794 -0.9858532 -0.167452 0.1609823 -0.7455985 -0.6466589 0.1609588 -0.7456094 -0.6466521 -0.2937821 -0.7456186 0.5981179 -0.2734771 -0.7456571 0.6076231 -0.3576527 -0.6662042 0.6544131 -0.3911476 -0.5786081 0.7156929 0.5158628 -0.05600553 -0.8548387 -0.4964935 -0.3823974 0.7792732 0.2574805 -0.5785421 -0.7739464 0.257519 -0.5785152 -0.7739537 -0.6523408 -0.0560618 0.7558495 -0.6441499 -0.1674025 0.746356 -0.2375168 -0.8155292 0.5277292 -0.1791489 -0.8751482 0.4494679 0.4806661 -0.1674705 -0.8607634 0.4806506 -0.1674773 -0.860771 -0.2143223 -0.8154297 0.5377179 0.1107574 -0.8154042 -0.568198 0.1107642 -0.8154011 -0.568201 -0.5774355 -0.2766832 0.7681241 0.4278458 -0.2767194 -0.8604501 -0.5774613 -0.2766479 0.7681174 0.4278514 -0.2767148 -0.8604488 -0.07693481 -0.9609041 0.2659782 0.04699891 -0.9237682 -0.3800571 -0.03844004 -0.9858697 0.163044 -0.04653251 -0.9858776 0.160873 -0.03846091 -0.9858679 0.16305 0.04699456 -0.9237706 -0.380052 -0.01288151 -0.9984247 0.05460989 -0.2937664 -0.7455999 0.5981488 0.1826543 -0.745613 -0.6408578 -0.122287 -0.9238145 0.3627846 0.1825494 -0.7456542 -0.6408397 0.3315465 -0.4834811 -0.8101377 0.3089853 -0.5783617 -0.7550007 -0.08844643 -0.9608999 0.2623903 0.3315659 -0.4834567 -0.8101443 -0.2375552 -0.8155449 0.5276875 0.007310867 -0.9858551 -0.1674407 -0.3195908 -0.7455797 0.5847843 -0.3576523 -0.6661943 0.6544235 0.002447843 -0.9984232 -0.05608236 0.1397776 -0.8155386 -0.5615683 -0.4703909 -0.4833654 0.7383024 0.1398653 -0.8155077 -0.5615916 0.509449 -0.1674566 -0.8440498 -0.4383436 -0.5783478 0.688018 0.5093773 -0.167519 -0.8440807 -0.4703754 -0.483384 0.7383 -0.7020847 -0.04391443 0.7107381 0.2355104 -0.6661365 -0.7076702 0.2354223 -0.6661967 -0.7076429 -0.6918077 -0.05608081 0.7199007 -0.644158 -0.1674163 0.7463461 0.4684967 -0.2768416 -0.8389694 -0.1791318 -0.8751266 0.4495166 0.4684956 -0.2768372 -0.8389714 -0.1985802 -0.8752069 0.4411109 -0.141744 -0.9237921 0.3556922 0.09261101 -0.8751081 -0.4749833 -0.5551689 -0.3825254 0.738554 0.09258508 -0.8751199 -0.4749667 -0.5552023 -0.3824802 0.7385522 0.5526475 -0.056001 -0.8315315 0.5606684 -0.0459451 -0.8267648 0.4113895 -0.3824325 -0.8273476 0.4113897 -0.3824524 -0.8273383 -0.7156388 -0.05606245 0.6962171 -0.04649841 -0.9858748 0.1608996 -0.01665252 -0.9984653 0.05281919 -0.01557219 -0.9984257 0.05388581 0.03400409 -0.9608665 -0.2749171 -0.2551301 -0.8155066 0.5194783 0.03399634 -0.9608723 -0.2748979 -0.2551161 -0.815513 0.5194754 -0.0884276 -0.9608933 0.262421 0.1585671 -0.8155477 -0.5565415 0.1586305 -0.8155251 -0.5565565 -0.05349069 -0.9858701 0.1587416 -0.198629 -0.8752182 0.4410664 0.2825332 -0.666051 -0.6903269 0.3089947 -0.5783798 -0.754983 -0.21325 -0.8751976 0.4342277 -0.3195718 -0.7455555 0.5848255 -0.2775309 -0.8154893 0.5078917 0.1169173 -0.8751866 -0.4694452 0.1168525 -0.8752041 -0.4694287 0.1325415 -0.875198 -0.4652541 -0.4008223 -0.6659442 0.6291739 0.4965513 -0.2767565 -0.8227045 -0.4383332 -0.57831 0.6880565 0.4964868 -0.2768116 -0.822725 -0.9989941 0 -0.04484313 -0.9989941 0 -0.04484307 -0.9909453 0 -0.1342661 -0.9909455 0 -0.1342654 -0.9749245 0 -0.2225361 -0.9749249 0 -0.2225343 -0.9510544 0 -0.3090235 -0.9510538 0 -0.3090256 -0.919528 0 -0.3930246 -0.9195269 0 -0.3930271 -0.8805986 0 -0.473863 -0.8805976 0 -0.4738649 -0.8345797 0 -0.5508872 -0.8345777 0 -0.5508903 -0.7818322 0 -0.623489 -0.7818352 0 -0.6234853 -0.7227986 0 -0.6910588 -0.6579432 0 -0.7530677 -0.5878043 0 -0.8090032 -0.6579436 0 -0.7530672 -0.5878046 0 -0.809003 -0.5128725 0 -0.8584648 -0.4338995 0 -0.9009614 -0.5128674 0 -0.8584679 -0.4338964 0 -0.9009628 -0.3513664 0 -0.9362381 -0.2660428 0 -0.9639613 -0.3513699 0 -0.9362368 -0.2660429 0 -0.9639612 -0.1785799 0 -0.9839254 -0.1785798 0 -0.9839255 -0.08960342 0 -0.9959776 -0.08959966 0 -0.9959779 0 0 -1 0.08959978 0 -0.9959779 0.08960336 0 -0.9959776 0.1785798 0 -0.9839255 0.1785799 0 -0.9839254 0.2660436 0 -0.963961 0.2660435 0 -0.9639611 0.3513667 0 -0.9362379 0.3513696 0 -0.9362369 0.4338961 0 -0.900963 0.4338989 0 -0.9009616 0.5128725 0 -0.8584648 0.5128674 0 -0.8584679 0.5878046 0 -0.809003 0.5878043 0 -0.8090032 0.657943 0 -0.7530677 0.6579427 0 -0.7530681 0.7228 0 -0.6910573 0.7818342 0 -0.6234864 0.7818318 0 -0.6234894 0.8345782 0 -0.5508895 0.8345804 0 -0.5508863 0.8805973 0 -0.4738655 0.9195268 0 -0.3930273 0.8805966 0 -0.4738667 0.9195281 0 -0.3930244 0.9510548 0 -0.3090223 0.9510542 0 -0.3090243 0.9749245 0 -0.2225361 0.9909454 0 -0.1342656 0.9749249 0 -0.2225343 0.9909453 0 -0.1342659 0.9989939 0 -0.04484575 0.9989939 0 -0.04484575 0.9989939 0 0.04484575 0.9989939 0 0.04484575 0.9909452 0 0.1342666 0.9749247 0 0.2225353 0.9909455 0 0.1342654 0.9749251 0 0.2225335 0.9510545 0 0.3090233 0.9510545 0 0.3090233 0.9195412 0 0.3929938 0.9195411 0 0.3929939 0.8805782 0 0.4739009 0.8805751 0 0.4739067 0.8345794 0 0.5508878 0.8345792 0 0.550888 0.7818356 0 0.6234846 0.7818304 0 0.6234913 0.7227982 0 0.6910592 0.7228018 0 0.6910555 0.6579406 0 0.7530698 0.5878068 0 0.8090015 0.657945 0 0.753066 0.5878021 0 0.8090048 0.5128643 0 0.8584697 0.5128756 0 0.8584629 0.433896 0 0.9009631 0.3513696 0 0.9362369 0.4338961 0 0.900963 0.3513699 0 0.9362368 0.2660469 0 0.9639602 0.2660402 0 0.963962 0.1785833 0 0.9839249 0.08960336 0 0.9959776 0.1785763 0 0.9839261 0.08960342 0 0.9959776 0 0 1 -0.08960336 0 0.9959776 -0.08960342 0 0.9959776 -0.1785762 0 0.9839262 -0.1785835 0 0.9839248 -0.2660393 0 0.9639622 -0.3513696 0 0.9362369 -0.2660463 0 0.9639603 -0.3513699 0 0.9362368 -0.4338964 0 0.9009628 -0.5128752 0 0.8584632 -0.5878019 0 0.8090049 -0.5128647 0 0.8584696 -0.5878069 0 0.8090012 -0.6579453 0 0.7530658 -0.6579415 0 0.753069 -0.7228003 0 0.691057 -0.7818307 0 0.6234909 -0.7227969 0 0.6910607 -0.7818365 0 0.6234835 -0.8345786 0 0.5508889 -0.8345789 0 0.5508887 -0.8805763 0 0.4739046 -0.8805794 0 0.4738987 -0.9195411 0 0.3929939 -0.9195412 0 0.3929938 -0.9510541 0 0.3090245 -0.9510541 0 0.3090246 -0.9749251 0 0.2225335 -0.9749247 0 0.2225353 -0.9909452 0 0.1342666 -0.9909455 0 0.1342654 -0.9989941 0 0.04484307 -0.9989941 0 0.04484313 0.9060246 -2.17361e-4 -0.4232251 0.9070956 1.92013e-4 -0.4209249 0.9324172 -1.86348e-4 -0.3613836 0.9331654 1.48645e-4 -0.3594473 0.9994426 0 0.03338503 0.9545658 -1.68507e-4 -0.2980005 0.9551061 1.29375e-4 -0.2962644 0.9949726 4.39035e-4 0.100147 0.9993424 -4.80399e-4 0.03625702 0.9724454 -1.26231e-4 -0.2331306 0.9727701 1.02541e-4 -0.2317722 0.9860697 7.92116e-4 0.1663303 0.9940727 -8.75285e-4 0.1087146 0.9859093 -8.90752e-5 -0.167281 0.9860704 6.88193e-5 -0.166329 0.9949173 -5.90633e-5 -0.100696 0.9727696 0.00106734 0.231772 0.9949727 3.16548e-5 -0.1001475 0.9835855 -0.001190245 0.1804386 0.9994426 0 -0.03338503 0.9994359 -3.4097e-5 -0.03358435 -0.4277062 0.07026952 0.9011824 -0.5430989 0.0162118 0.8395122 -0.5459281 0.01270717 0.8377357 0.9551048 0.001256585 0.2962657 0.9679117 -0.001425921 0.2512866 0.9331642 0.001360476 0.3594477 0.9471212 -0.001580655 0.3208724 0.9070947 0.001389503 0.4209246 0.9213696 -0.00164467 0.3886843 0.8769398 0.001339793 0.4805985 0.8907702 -0.001630067 0.4544512 0.8428854 0.001206398 0.538092 0.8554645 -0.00152713 0.5178593 0.8050948 9.80658e-4 0.5931455 0.815643 -0.001345694 0.578554 0.7187786 -0.002094626 0.6952359 0.6708056 0.001666426 0.7416314 0.7636615 6.77171e-4 0.6456166 0.7715641 -0.001091301 0.6361507 0.7172547 -9.55116e-4 0.6968104 0.7192717 0 0.6947289 0.7233857 0.003431558 0.6904356 0.6197444 4.91041e-4 0.7848036 0.5659747 -5.51134e-4 0.8244224 0.6480189 -0.01067036 0.7615496 0.6713969 -0.002439379 0.741094 0.6440526 0.01260536 0.7648775 0.6158907 -0.006149053 0.7878077 0.5096075 0.001272022 0.8604062 0.4510124 -0.001886487 0.8925157 0.547754 -0.007914543 0.8366021 0.5525853 0.017735 0.8332677 0.5570583 0.0122866 0.8303826 0.4802311 0.009061753 0.8770953 0.4954595 -0.0116108 0.8685535 0.3903943 0.001690268 0.9206463 0.327992 -0.003852486 0.9446727 0.4401051 -0.005525588 0.8979293 0.431137 -0.01234579 0.9022021 0.2642247 0.001106083 0.9644606 0.3339345 -0.001977741 0.9425942 0.1991698 8.913e-4 0.9799646 0.1332806 -0.001263499 0.9910776 0.2313241 -0.004096746 0.9728682 0.1251714 -0.003029465 0.9921305 0.06676352 0.00145632 0.9977678 0.01686912 -0.003614604 0.9998512 0 -4.24257e-4 1 -0.06676989 3.74576e-4 0.9977684 -0.09062898 -0.003580152 0.9958783 -0.13327 0.001393139 0.9910788 -0.1932974 -0.002582371 0.9811369 -0.1991708 -0.001251637 0.9799641 -0.2642246 8.89729e-4 0.9644609 -0.2940813 -0.004027187 0.955772 -0.3279955 0.001349449 0.9446784 -0.3937122 -0.002535939 0.9192304 -0.3903889 -0.003666758 0.9206429 -0.4510151 0.001759648 0.8925147 -0.4936462 -0.005538403 0.8696452 -0.5096351 -2.69256e-4 0.8603907 -0.5659443 2.60965e-4 0.8244434 -0.488461 -0.01043456 0.8725234 -0.5829342 -0.005331516 0.812502 -0.6197401 0.00290507 0.7848019 -0.6708056 0.00166738 0.7416314 -0.657823 -0.005409181 0.7531532 -0.7187787 -0.002094805 0.6952358 -0.6172137 0.004108965 0.7867849 -0.6010366 -0.005966424 0.7991993 -0.7159752 0 0.6981258 -0.6657623 0.00251156 0.7461597 -0.6533629 -0.004119038 0.7570337 -0.7027606 -0.002662897 0.7114214 -0.7636605 0.00123924 0.6456168 -0.7273118 -0.004840612 0.6862902 -0.7487906 0.02135992 0.6624624 -0.8050926 0.001231312 0.5931479 -0.7918022 -0.001251757 0.6107764 -0.8428852 0.001216888 0.538092 -0.8310517 -0.001236259 0.556194 -0.8769408 0.001205921 0.480597 -0.8665162 -0.001227974 0.4991477 -0.9070949 0.001195073 0.4209245 -0.8980975 -0.001216471 0.4397948 -0.9331872 0.001188278 0.3593887 -0.9256125 -0.001200139 0.3784707 -0.9550861 0.001163125 0.2963265 -0.9489665 -0.001184105 0.3153749 -0.9727699 0.001159906 0.2317702 -0.9679888 -0.001182794 0.2509907 -0.9826773 -0.001157164 0.1853215 -0.9860696 0.001143753 0.1663293 -0.9929001 -0.001144945 0.1189466 -0.9949784 0.001137137 0.1000837 -0.9986516 -0.00112611 0.05190283 -0.9994397 0.001112282 0.03345185 -0.9998828 -0.001122593 -0.01527285 -0.9994398 0.001099526 -0.03345185 -0.9966002 -0.00110042 -0.08238303 -0.9949785 0.001088798 -0.1000837 -0.9888119 -0.00108385 -0.1491641 -0.9860697 0.001074075 -0.1663293 -0.9765522 -0.001067399 -0.2152786 -0.9727703 0.001049816 -0.2317689 -0.9598822 -0.001061558 -0.2804017 -0.9550862 0.001035988 -0.2963265 -0.9388685 -0.00103873 -0.3442745 -0.9331874 0.00101298 -0.3593888 -0.9136475 -0.001027941 -0.406506 -0.9070941 9.99643e-4 -0.4209268 -0.8842337 -0.001009404 -0.4670438 -0.876941 9.76652e-4 -0.4805971 -0.8509022 -9.9339e-4 -0.5253232 -0.842884 9.66575e-4 -0.5380946 -0.8136624 -9.69562e-4 -0.5813369 -0.8050929 9.41436e-4 -0.5931481 -0.7727854 -9.57953e-4 -0.6346667 -0.7636631 9.22675e-4 -0.6456144 -0.7283627 -9.39794e-4 -0.6851912 -0.7187791 9.06003e-4 -0.695238 -0.6708072 8.92895e-4 -0.7416313 -0.680752 -9.12744e-4 -0.7325134 -0.6197405 8.67105e-4 -0.7848063 -0.6299289 -8.92989e-4 -0.7766523 -0.5659432 8.52484e-4 -0.8244438 -0.5763877 -8.76147e-4 -0.8171759 -0.5096322 8.29463e-4 -0.8603921 -0.5201659 -8.50938e-4 -0.8540649 -0.4510145 8.00502e-4 -0.8925163 -0.4615709 -8.34327e-4 -0.887103 -0.3903959 7.81633e-4 -0.9206469 -0.4009817 -8.18957e-4 -0.9160858 -0.3279916 7.6818e-4 -0.9446804 -0.3385369 -7.94327e-4 -0.9409528 -0.2642247 7.38611e-4 -0.964461 -0.2745143 -7.64618e-4 -0.9615827 -0.1991745 7.22048e-4 -0.9799638 -0.2093349 -7.49679e-4 -0.9778438 -0.1332728 7.01068e-4 -0.9910792 -0.1431358 -7.21253e-4 -0.9897029 -0.07629746 -6.96674e-4 -0.9970849 -0.06677109 6.7632e-4 -0.9977681 -0.009189903 -6.73576e-4 -0.9999576 0 6.55649e-4 -0.9999998 0.05804657 -6.47708e-4 -0.9983137 0.06676656 6.23803e-4 -0.9977685 0.1249654 -6.31804e-4 -0.992161 0.1332761 5.97109e-4 -0.9910789 0.1913387 -6.08675e-4 -0.9815239 0.1991749 5.68935e-4 -0.9799638 0.256811 -5.8681e-4 -0.9664615 0.2642247 5.54689e-4 -0.964461 0.3212039 -5.50561e-4 -0.9470099 0.3279913 5.22499e-4 -0.9446806 0.3840689 -5.31896e-4 -0.9233044 0.3903964 5.0136e-4 -0.9206469 0.4453037 -5.0156e-4 -0.8953795 0.4510142 4.65884e-4 -0.8925167 0.5044003 -4.83577e-4 -0.8634699 0.5095997 4.36989e-4 -0.8604115 0.5612605 -4.58052e-4 -0.8276391 0.5659737 4.18436e-4 -0.8244232 0.615576 -4.20871e-4 -0.7880774 0.6197443 3.97766e-4 -0.7848038 0.6671946 -3.88363e-4 -0.7448835 0.6708076 3.66104e-4 -0.7416314 0.7156847 -3.63359e-4 -0.6984236 0.7187793 3.31708e-4 -0.6952382 0.7610052 -3.43461e-4 -0.6487457 0.7636616 3.028e-4 -0.6456167 0.8028565 -3.1284e-4 -0.5961724 0.8050951 2.82843e-4 -0.5931457 0.8411113 -2.7454e-4 -0.5408621 0.8428858 2.48439e-4 -0.5380924 0.8755198 -2.5011e-4 -0.4831824 0.87694 2.23649e-4 -0.4806001 -0.34784 -0.9375538 5.77417e-4 -0.3679042 -0.9298611 -0.002248644 0.7535872 -0.6573449 -0.002059102 0.7656512 -0.6432561 0 0.6829386 -0.7304737 -0.001750946 0.722535 -0.6913339 8.78306e-4 -0.4076882 -0.9131207 0.001097738 -0.4479615 -0.8940514 -0.001606523 0.6764022 -0.7365322 -6.13812e-4 -0.4657411 -0.884921 5.17123e-4 -0.5059244 -0.8625779 -3.51981e-4 0.6052573 -0.7960268 -0.002209186 0.6274734 -0.778638 4.55359e-4 0.5297968 -0.8481241 -9.79631e-4 -0.5219028 -0.8530045 9.2452e-4 -0.5450482 -0.8384047 -4.25295e-4 0.5758762 -0.8175367 7.16094e-4 0.4568934 -0.8895214 -1.71132e-4 -0.6052565 -0.7960274 -0.002209067 0.5219032 -0.8530049 1.27408e-4 -0.5758781 -0.8175354 7.16097e-4 -0.6274715 -0.7786395 4.55357e-4 -0.6829399 -0.7304726 -0.001750767 -0.6764029 -0.7365317 -6.13812e-4 0.4657394 -0.8849197 -0.002001225 0.3951786 -0.9186044 -2.5059e-4 0.349746 -0.9368445 3.09798e-4 -0.7535888 -0.6573429 -0.002059221 -0.7225304 -0.6913387 8.783e-4 0.4076898 -0.91312 9.9e-4 -0.7656534 -0.6432533 0 0.2856085 -0.9583462 -7.8716e-4 0.3478406 -0.9375536 5.77418e-4 0.2866328 -0.9580401 -9.90577e-4 0.2081642 -0.9780927 -0.001542925 0.224133 -0.9745584 7.03809e-4 0.1323904 -0.9911956 -0.002033948 0.1607996 -0.9869863 0.00123316 0.0967279 -0.9953099 0.001419365 0.04963707 -0.9987646 -0.00237745 0.0323171 -0.9994776 4.56936e-4 -0.03231698 -0.9994775 -5.37756e-4 -0.03927445 -0.9992268 -0.001890361 -0.0967282 -0.9953102 0.001217007 -0.1234731 -0.9923457 -0.00209552 -0.1607993 -0.9869862 0.00138545 -0.2024697 -0.9792865 -0.001994967 -0.2241452 -0.9745554 8.77259e-4 -0.2648541 -0.9642885 -5.68674e-4 -0.2866185 -0.958044 0.001274168 -0.3066098 -0.9518353 -3.29633e-4 0 -1 3.32312e-6 0 -1 -2.66497e-6 0 -1 3.32968e-6 0 -1 2.13016e-6 0 -1 -1.06621e-6 0 -1 4.26314e-6 0 -1 8.3242e-7 0 -1 3.32879e-6 0 -1 8.31814e-7 0 -1 -1.06554e-6 0 -1 -3.32468e-6 0 -1 -4.26574e-6 0 -1 3.32467e-6 0 -1 -3.32878e-6 0 -1 4.26576e-6 0 -1 8.32132e-7 0 -1 3.32245e-6 0 -1 -4.26267e-6 0 -1 -1.06671e-6 0 -1 1.06621e-6 0 -1 -3.32968e-6 0 -1 1.06508e-6 0 -1 -5.32993e-7 0 -1 -1.66295e-6 0 -1 -2.49234e-6 0 -1 2.13198e-6 0 -1 8.31471e-7 0 -1 4.26094e-6 0 -1 -2.13016e-6 0 -1 -8.32339e-7 0 -1 -3.32969e-6 0 -1 8.32359e-7 0 -1 -8.31295e-7 0 -1 4.26316e-6 0 -1 7.99158e-7 0 -1 -8.32417e-7 0 -1 3.32879e-6 0 -1 -8.31814e-7 0 -1 -4.26268e-6 0 -1 -8.32132e-7 0 -1 3.32244e-6 0 -1 -2.13241e-6 0 -1 8.32359e-7 0 -1 -4.26093e-6 0 -1 3.32969e-6 0 -1 -8.32336e-7 0 -1 1.66295e-6 0 -1 -3.32312e-6 -7.2836e-7 0 -1 1.47598e-6 0 -1 1.4547e-6 0 -1 0.4082406 0.9128718 -0.002186298 0.4306549 0.9024938 0.006428539 -0.7242093 0.6895803 0 0.466387 0.8845778 -0.002324581 -0.6797335 0.7334592 2.23855e-4 0.5226331 0.8525452 0.004610002 -0.7234027 0.6904264 -2.41049e-4 -0.6327243 0.7743771 4.43908e-4 0.512571 0.8586447 -4.86148e-4 -0.6772487 0.7357541 -4.48763e-4 -0.5670601 0.8236758 0.001076161 -0.6282595 0.7780036 -6.57742e-4 0.5766645 0.816981 3.80857e-4 0.5778613 0.8161346 7.77867e-4 -0.5766555 0.816967 0.005779922 0.6327236 0.7743778 4.43908e-4 0.6282595 0.7780036 -6.57742e-4 -0.4774588 0.8786348 0.005850017 -0.5226361 0.852553 -0.002215504 0.6797304 0.733462 2.23854e-4 0.6772502 0.7357528 -4.48535e-4 -0.4663879 0.88458 8.36156e-4 0.7242085 0.6895811 0 0.7234034 0.6904256 -2.41026e-4 -0.3827627 0.9238035 0.008935809 -0.4082408 0.912874 -7.59175e-4 -0.3483953 0.9373405 -0.003685951 -0.2919301 0.9564176 0.00649625 -0.287052 0.9579114 0.002640485 -0.2003568 0.9796372 0.01297712 -0.2244923 0.9744737 -0.002075314 -0.1610208 0.9869259 -0.007042527 -0.1084674 0.9940086 0.01348024 -0.09693497 0.9952903 8.95303e-4 -0.01452738 0.9997394 0.01760888 -0.03231436 0.9994775 -7.7908e-4 0.03231316 0.9994394 -0.008758306 0.07827019 0.9968129 0.01541966 0.09693503 0.9952896 -0.001524269 0.1610243 0.9869491 0.001629292 0.1683933 0.9856777 0.009123146 0.2244893 0.9744611 -0.005493998 0.2554866 0.9667546 0.01059103 0.2870519 0.9579086 -0.003528237 0.3483914 0.9373307 0.005895078 0.3452576 0.9385016 0.003478765 8.43873e-7 0 -1 -1.4547e-6 0 -1 -8.47732e-7 0 -1 0 -1 8.07666e-7 0 -1 -1.25853e-6 0 -1 -1.21913e-6 0 -1 1.48587e-6 0 -1 -1.19794e-7 0 -1 1.05803e-6 0 -1 -4.66684e-6 0 -1 7.20059e-7 0 -1 -1.15003e-6 0 -1 1.06076e-6 0 -1 -5.27478e-7 0 -1 2.30427e-6 0 -1 3.61916e-6 0 -1 -4.1627e-6 0 -1 -2.80994e-6 0 -1 1.7607e-6 0 -1 5.29201e-7 0 -1 2.88164e-7 0 -1 -2.32217e-6 0 -1 7.29409e-7 0 -1 1.01282e-6 0 -1 -5.78538e-7 0 -1 -5.81179e-7 0 -1 2.31095e-6 0 -1 -2.31286e-6 0 -1 5.06716e-6 0 -1 -5.3886e-7 0 -1 -1.16216e-6 0 -1 2.3122e-6 0 -1 0 0 -1 -1.0827e-5 0 -1 -1.15009e-6 0 -1 2.30411e-6 0 -1 -5.66214e-6 0 -1 -1.53766e-6 0 -1 0 0 -1 -2.27026e-6 0 -1 8.08258e-7 0 -1 -1.28567e-6 0 -1 1.63522e-6 0 -1 -1.9298e-6 0 -1 1.35522e-5 0 -1 -5.14268e-6 0 -1 7.17063e-7 0 -1 -8.8244e-7 0 -1 5.76209e-7 0 -1 -1.00858e-6 0 -1 -3.36431e-7 0 -1 3.28404e-7 0 -1 -1.62785e-7 0 -1 1.11569e-5 0 -1 1.00897e-6 0 -1 -3.64615e-6 0 -1 -6.64689e-7 0 -1 7.26388e-7 0 -1 -4.19424e-6 0 -1 -5.7684e-7 0 -1 4.19948e-6 0 -1 -1.65044e-6 0 -1 -5.78841e-6 0 -1 2.40483e-6 0 -1 -2.30853e-6 0 -1 6.66654e-6 0 -1 -2.40919e-6 0 -1 -1.62804e-7 0 -1 -2.39068e-7 0 -1 -4.02506e-7 0 -1 -1.17779e-6 0 -1 -4.00777e-6 0 -1 1.27867e-6 0 -1 8.35904e-7 0 -1 1.20927e-6 0 -1 9.3087e-7 0 -1 -1.17209e-6 0 -1 -8.05035e-7 0 -1 -2.50947e-6 0 -1 9.29779e-7 0 -1 -4.0736e-7 0 -1 -8.19364e-7 0 -1 1.98296e-7 0 -1 -8.35676e-7 0 -1 4.09447e-7 0 -1 3.27631e-7 0 -1 -1.22284e-6 0 -1 2.79905e-6 0 -1 3.26241e-7 0 -1 8.35321e-7 0 -1 -1.70729e-6 0 -1 -1.00634e-6 0 -1 -8.35132e-7 0 -1 -5.73606e-7 0 -1 1.54852e-6 0 -1 -3.31629e-6 0 -1 1.70709e-6 0 -1 -6.75919e-7 0 -1 9.30856e-7 0 -1 1.70798e-6 0 -1 0 0 -1 9.93036e-7 0 -1 -9.93035e-7 0 -1 2.48421e-6 0 -1 -1.79406e-6 0 -1 -8.35506e-7 0 -1 -1.70798e-6 0 -1 6.75954e-7 0 -1 -1.7071e-6 0 -1 5.73577e-7 0 -1 9.29956e-7 0 -1 -1.0085e-6 0 -1 1.70729e-6 0 -1 -6.01236e-7 0 -1 4.9264e-7 0 -1 -2.29829e-7 0 -1 -3.27631e-7 0 -1 -4.09447e-7 0 -1 8.19365e-7 0 -1 1.62908e-6 0 -1 9.271e-7 0 -1 5.389e-7 0 -1 5.66214e-6 0 -1 -7.17064e-7 0 -1 -1.35523e-5 0 -1 1.85329e-6 0 -1 -1.97586e-6 0 -1 1.79406e-6 0 -1 -2.48421e-6 0 -1 1.06165e-6 0 -1 8.82438e-7 0 -1 -4.35887e-7 0 -1 -3.94387e-7 0 -1 2.90527e-7 0 -1 -2.59901e-5 0 -1 -5.0935e-6 0 -1 -2.07902e-5 0 -1 1.25101e-7 0 -1 3.5989e-7 0 -1 -1.03154e-6 0 -1 -5.80963e-7 0 -1 2.27513e-5 0 -1 5.57141e-6 0 -1 2.848e-5 0 -1 4.62627e-6 0 -1 -3.25555e-7 0 -1 0 0 -1 4.07319e-7 0 -1 -1.96731e-7 0 -1 1.15769e-6 0 -1 7.62093e-7 0 -1 -1.65044e-6 0 -1 2.6439e-6 0 -1 -1.32725e-7 0 -1 -7.64549e-6 0 -1 -3.05512e-7 0 -1 -6.79058e-7 0 -1 4.58762e-6 0 -1 5.10263e-7 0 -1 6.39884e-7 0 -1 3.67539e-7 0 -1 3.43845e-7 0 -1 -7.19775e-7 0 -1 -1.34251e-5 0 -1 -4.75613e-6 0 -1 1.18562e-5 0 -1 1.32256e-6 0 -1 3.62684e-7 0 -1 -1.15998e-6 0 -1 -1.18508e-6 0 -1 5.80046e-7 0 -1 -3.98169e-7 0 -1 -3.53036e-7 0 -1 1.21411e-6 0 -1 1.86144e-6 0 -1 -1.04181e-6 0 -1 5.05587e-7 0 -1 -6.21578e-7 0 -1 0 0 -1 -5.30906e-7 0 0 -1 0 0 -1 0 0 -1 -1.83195e-7 0 -1 0 0 -1 2.47653e-7 0 -1 -1.82418e-7 0 -1 1.94225e-7 0 -1 -2.10562e-7 0 -1 0 0 -1 -2.47653e-7 0 -1 0 0 -1 1.83194e-7 0 -1 0 0 -1 -1.68111e-7 0 -1 0 0 -1 1.48214e-7 0 -1 -1.57814e-7 0 -1 1.31596e-7 0 -1 -0.998309 0 0.05812984 -0.9847975 0 0.1737064 -0.9847973 0 0.1737079 -0.9580093 0 0.2867373 -0.9579988 3.20364e-6 0.2867726 -0.9182062 3.84159e-6 0.3961027 -0.9181874 0 0.3961462 -0.8660613 0 0.4999379 -0.8660612 0 0.4999381 -0.8020874 0 0.5972068 -0.8020843 0 0.597211 -0.7273899 0 0.6862245 -0.7273859 0 0.6862288 -0.6427939 0 0.7660392 -0.642784 0 0.7660475 -0.5495271 0 0.8354759 -0.5495331 0 0.8354721 -0.4487739 0 0.8936454 -0.4487671 0 0.8936488 -0.3420155 0 0.9396944 -0.342008 0 0.9396971 -0.2307046 0 0.9730238 -0.2306964 0 0.9730258 -0.116031 0 0.9932456 -0.1160226 0 0.9932467 0.1160226 0 0.9932467 0.116031 0 0.9932456 0.2307037 0 0.9730241 0.3420091 0 0.9396967 0.2306957 0 0.973026 0.3420166 0 0.939694 0.4487739 0 0.8936454 0.4487671 0 0.8936488 0.5495256 0 0.8354769 0.5495314 0 0.8354731 0.6427939 0 0.7660392 0.642784 0 0.7660475 0.7273899 0 0.6862245 0.8020843 0 0.597211 0.7273859 0 0.6862288 0.8020874 0 0.5972068 0.8660621 0 0.4999367 0.8660621 0 0.4999366 0.9181869 0 0.3961477 0.9182057 4.00399e-6 0.3961042 0.9580098 2.93631e-6 0.2867357 0.9579992 0 0.2867709 0.9847973 0 0.1737079 0.9847975 0 0.1737064 0.998309 0 0.05813157 0.998309 0 -0.05813211 0.9847973 0 -0.1737079 0.9847975 0 -0.1737064 0.958 0 -0.2867686 0.958009 -2.93633e-6 -0.2867381 0.918207 -4.00396e-6 -0.3961011 0.9181869 0 -0.3961477 0.8660621 0 -0.4999367 0.86606 0 -0.4999403 0.8020843 0 -0.597211 0.8020889 0 -0.5972048 0.7273859 0 -0.6862288 0.7273899 0 -0.6862245 0.6427866 0 -0.7660455 0.6427914 0 -0.7660413 0.5495254 0 -0.835477 0.5495286 0 -0.835475 0.4487739 0 -0.8936454 0.4487705 0 -0.8936471 0.342009 0 -0.9396967 0.3420129 0 -0.9396954 0.2306957 0 -0.973026 0.2307038 0 -0.973024 0.1160268 0 -0.9932461 0.116031 0 -0.9932456 -0.116031 0 -0.9932456 -0.1160268 0 -0.9932461 -0.2307046 0 -0.9730238 -0.2306964 0 -0.9730258 -0.3420118 0 -0.9396957 -0.342008 0 -0.9396971 -0.54953 0 -0.835474 -0.4487705 0 -0.8936471 -0.4487739 0 -0.8936454 -0.5495271 0 -0.8354759 -0.6427865 0 -0.7660456 -0.6427916 0 -0.7660412 -0.7273859 0 -0.6862288 -0.8020888 0 -0.5972049 -0.7273899 0 -0.6862245 -0.8020843 0 -0.5972109 -0.8660612 0 -0.4999381 -0.9181874 0 -0.3961462 -0.8660591 0 -0.4999415 -0.9182077 -4.27089e-6 -0.3960996 -0.9580086 0 -0.2867397 -0.9579994 -3.20361e-6 -0.2867702 -0.9847973 0 -0.1737079 -0.9983091 0 -0.05813038 -0.9847975 0 -0.1737064 -1.32352e-5 0 -1 1.33192e-6 0 -1 6.62006e-6 0 -1 1.65291e-6 0 -1 5.53572e-7 0 -1 -1.65589e-6 0 -1 3.3074e-6 0 -1 4.66239e-6 0 -1 -2.21355e-6 0 -1 -6.62445e-6 0 -1 1.32356e-5 0 -1 0 0 -1 -4.50231e-7 0 -1 2.33296e-7 0 -1 -1 0 0 -0.9974393 5.35283e-7 0.07151931 -0.9974393 5.09e-7 0.07151931 -0.9832457 0 -0.1822856 -0.9832423 -1.01807e-6 -0.1823034 -0.9055656 -2.54503e-6 -0.4242066 -0.769405 -3.20129e-6 -0.6387614 -0.9055827 0 -0.4241698 -0.5835533 0 -0.812075 -0.7693668 0 -0.6388074 -0.5835532 0 -0.812075 -0.3599465 0 -0.932973 -0.1132265 0 -0.9935692 -0.3599482 0 -0.9329724 0.1408844 0 -0.9900261 -0.1132305 0 -0.9935688 0.3859137 0 -0.9225349 0.3859136 0 -0.922535 -0.9239516 0 -0.3825095 -0.901517 0 -0.4327437 -0.9015166 0 -0.4327446 -0.8763347 0 -0.4817028 -0.8763234 -3.04763e-6 -0.4817233 -0.8558335 0 0.5172514 -0.8558348 0 0.5172495 -0.8829765 0 0.4694175 -0.8829747 0 0.4694207 -0.9074716 0 0.4201134 -0.9074723 0 0.420112 -0.9292258 0 0.3695126 -0.9292263 0 0.3695112 -0.9481662 0 0.3177749 -0.9642038 0 0.2651625 -0.9481667 0 0.3177738 -0.9642038 0 0.2651626 -0.9773437 0 0.2116588 -0.9773437 0 0.2116589 -0.9875102 0 0.1575556 -0.9946882 0 0.1029348 -0.9875102 0 0.1575556 -0.9946882 0 0.1029348 -0.9988448 0 0.04805511 -0.9988447 0 0.04805529 -0.9999758 0 -0.006971657 -0.9999758 0 -0.006971657 -0.9980735 0 -0.06204396 -0.9980735 0 -0.06204384 -0.9931471 0 -0.1168712 -0.9852086 0 -0.1713591 -0.9852086 0 -0.1713591 -0.974289 0 -0.2253019 -0.974289 0 -0.2253019 -0.9604051 0 -0.2786072 -0.9436191 0 -0.3310332 -0.9436189 0 -0.3310338 -0.9239514 0 -0.3825101 -0.05110144 0 0.9986935 -0.05110144 0 0.9986935 -0.3041577 0 0.9526218 -0.3041722 0 0.9526172 -0.5373393 0 0.8433662 -0.5373449 0 0.8433626 -0.7346677 0 0.6784271 -0.7346715 0 0.6784231 -0.8835103 0 0.4684118 -0.8835085 0 0.4684153 -0.9737744 0 0.2275161 -0.9995892 0 -0.02866375 -0.9737739 0 0.2275178 -0.9592112 0 -0.2826905 -0.9995892 0 -0.02866351 -0.9592119 0 -0.2826883 -0.8552473 0 -0.5182201 -0.8552472 0 -0.5182203 0.5443207 0 0.8388773 0.5443226 0 0.8388761 -0.7662848 0 0.6425011 -0.7662855 0 0.6425004 0.9994266 0 0.03386259 0.9994266 0 0.03386259 0.9982677 0 -0.05883711 0.9756357 0 0.2193968 0.9982677 0 -0.05883759 0.9756361 0 0.2193954 0.8769966 0 0.4804967 0.8769982 0 0.4804936 0.7099218 0 0.7042806 0.7099254 0 0.7042769 0.4876221 0 0.8730549 0.4876163 0 0.873058 0.2271876 0 0.973851 0.2271876 0 0.973851 0.9219976 0 0.3871957 0.9219977 0 0.3871955 0.9001835 0 0.4355109 0.9001851 0 0.4355075 0.8758267 0 0.482626 0.8758247 0 0.4826293 0.8758257 -2.68745e-6 -0.4826277 0.8758139 0 -0.4826489 0.9001839 0 -0.43551 0.921998 0 -0.3871948 0.9219976 0 -0.3871957 0.9412056 0 -0.3378345 0.9577913 0 -0.2874644 0.9412053 0 -0.3378352 0.9716763 0 -0.2363163 0.9716762 0 -0.2363168 0.9828376 0 -0.1844735 0.9828376 0 -0.1844732 0.9912298 0 -0.1321499 0.9912298 0 -0.1321502 0.9968399 0 -0.07943713 0.9996485 0 -0.02651298 0.9968399 0 -0.07943731 0.9996486 0 -0.02651309 0.9996485 0 0.02651298 0.9968402 4.61637e-7 0.07943314 0.9968399 0 0.07943713 0.9912289 0 0.1321566 0.9912297 7.25428e-7 0.1321505 0.9828376 0 0.1844728 0.9828374 0 0.1844742 0.9716763 0 0.2363163 0.9577912 0 0.287465 0.9412053 0 0.3378352 0.9412058 0 0.3378338 -0.3859142 0 -0.9225348 -0.3859142 0 -0.9225347 -0.1408843 0 -0.9900261 -0.1408843 0 -0.9900261 0.1132266 0 -0.9935692 0.3599463 0 -0.9329731 0.1132306 0 -0.9935687 0.5835535 0 -0.8120747 0.3599479 0 -0.9329724 0.5835534 0 -0.8120748 0.7694037 -3.53917e-6 -0.638763 0.905567 -2.36341e-6 -0.4242035 0.7693654 0 -0.638809 0.9055842 0 -0.4241666 0.9832454 -1.01797e-6 -0.1822866 0.9832421 0 -0.1823045 0.9974393 3.8175e-7 0.07151949 0.9974393 3.97657e-7 0.07151955 1 0 0 -0.1873299 0 -0.9822971 -0.4256131 0 -0.9049053 -0.4256417 0 -0.9048918 -0.9921237 0 0.1252623 -0.6375456 0 -0.7704127 -0.637556 0 -0.7704041 -0.9297347 0 0.3682302 -0.9297371 0 0.3682243 -0.8089977 0 -0.5878118 -0.8090038 0 -0.5878036 -0.9297394 0 -0.3682183 -0.8090038 0 0.5878036 -0.8090098 0 0.5877952 -0.9297371 0 -0.3682243 -0.9921237 0 -0.1252623 -0.637556 0 0.7704041 -0.6375456 0 0.7704127 -0.4256274 0 0.9048986 -0.4256131 0 0.9049053 -0.1874986 0 0.9822649 -0.1875324 0 0.9822585 0.06281346 0 0.9980253 0.06283086 0 0.9980243 0.3089814 0 0.9510681 0.5360022 0 0.8442167 0.5360146 0 0.8442087 0.728905 0 0.684615 0.7288967 0 0.6846237 0.8763105 0 0.4817468 0.9685744 0 0.2487244 0.8763186 0 0.481732 0.9685733 0 0.2487286 0.9685602 0 -0.2487791 0.9685625 0 -0.2487707 0.8763551 0 -0.4816656 0.8763633 0 -0.4816508 0.728905 0 -0.684615 0.7288967 0 -0.6846237 0.5358775 0 -0.8442957 0.5358651 0 -0.8443037 0.3091554 0 -0.9510116 0.06262189 0 -0.9980373 0.0626567 0 -0.9980352 -0.1873257 -5.68217e-6 -0.982298 -0.1875155 0 -0.9822617 -0.4256238 0 -0.9049002 -0.4256203 0 -0.904902 -0.9921236 0 0.1252633 -0.6375534 0 -0.7704063 -0.6375508 0 -0.7704085 -0.6375508 0 0.7704085 -0.6375534 0 0.7704063 -0.4256203 0 0.904902 -0.4256238 0 0.9049002 -0.187313 0 0.9823003 -0.1873299 0 0.9822971 0.06262189 0 0.9980373 0.3091672 5.58726e-6 0.9510077 0.5358651 4.95809e-6 0.8443037 0.3089735 0 0.9510707 0.5360115 0 0.8442108 0.7289029 0 0.6846172 0.8763592 2.83401e-6 0.4816582 0.9685621 1.45714e-6 0.2487718 0.8763115 0 0.481745 0.9685739 0 0.2487265 0.9685744 0 -0.2487244 0.9685614 -1.45581e-6 -0.248775 0.8763592 -2.83401e-6 -0.4816582 0.8763136 0 -0.4817413 0.7289029 0 -0.6846172 0.7289009 0 -0.6846193 0.5360115 0 -0.8442108 0.3089735 0 -0.9510707 0.3089814 0 -0.9510681 0.06282651 0 -0.9980245 0.06262624 -5.77375e-6 -0.998037 -0.1873257 -5.73767e-6 -0.982298 -0.4256206 0 -0.9049018 -0.425617 0 -0.9049035 -0.9921253 0 0.1252491 -0.9921253 0 0.1252502 -0.6375566 0 -0.7704036 -0.6375541 0 -0.7704057 -0.9297358 0 0.3682274 -0.8090009 0 -0.5878075 -0.9297358 0 -0.3682274 -0.8090009 0 0.5878075 -0.9921253 0 -0.1252491 -0.6375541 0 0.7704057 -0.6375566 0 0.7704036 -0.425617 0 0.9049035 -0.4256206 0 0.9049018 0.06262201 0 0.9980374 0.3091698 5.60011e-6 0.9510069 0.5358607 5.0513e-6 0.8443064 0.3089761 0 0.9510699 0.5360072 0 0.8442135 0.7289053 0 0.6846145 0.8762738 2.73131e-6 0.4818137 0.9686114 1.10404e-6 0.24858 0.876226 0 0.4819004 0.9686231 0 0.2485348 0.9686235 0 -0.2485327 0.9686106 -1.09298e-6 -0.2485832 0.8762738 -2.73131e-6 -0.4818137 0.876228 0 -0.4818967 0.7289053 0 -0.6846145 0.7289033 0 -0.6846167 0.5360072 0 -0.8442135 0.3089761 0 -0.9510699 0.308984 0 -0.9510672 0.06282663 0 -0.9980245 0.06262636 -5.77056e-6 -0.9980371 0.1446123 0 -0.9894884 0.1451659 -6.9492e-6 -0.9894074 0.1371394 2.0236e-4 -0.9905518 0.1423425 0 -0.9898175 0.2736189 8.1508e-5 -0.9618382 0.2675184 6.69581e-4 -0.9635526 0.5047842 -8.03848e-5 -0.8632456 0.5132035 8.14231e-4 -0.8582666 0.7040986 -7.64381e-4 -0.7101019 0.7222465 0.001454055 -0.6916343 0.8589456 -0.001350283 -0.5120652 0.8796539 0.001995921 -0.4756101 0.9595153 -0.001842975 -0.2816503 0.9742112 0.002439379 -0.2256252 0.9864714 0 0.1639333 0.9994365 -0.002246856 -0.03349119 0.9526481 0.00600028 0.3040159 0.9991741 0.002794981 0.04054015 0.8989963 -4.09324e-4 0.4379562 0.9675456 0.001553833 0.2526915 0.9527314 -0.005239188 0.3037688 0.8266983 6.14817e-4 0.5626452 0.7371408 -3.42805e-4 0.6757391 0.8382747 0.001239895 0.5452469 0.6323255 2.73592e-4 0.7747028 0.5143486 -2.04931e-4 0.8575813 0.6638198 0.001374483 0.7478913 0.3857628 0 0.9225981 0.442063 0.001441895 0.8969829 -0.9215466 0 -0.3882681 -0.9215465 0 -0.3882682 -0.9586609 0 -0.2845512 -0.9841362 0 -0.1774149 -0.9841364 0 -0.1774141 0.9842609 0 0.1767215 0.984261 0 0.1767213 0.9213572 0 0.3887174 0.9586881 0 0.2844592 0.9586881 0 0.2844595 0.9213573 0 0.3887169 -0.4891741 0 0.8721863 -0.3801592 6.52538e-4 0.9249209 -0.485379 0 -0.8743039 -0.4897042 7.01984e-5 -0.8718888 -0.4924924 1.50886e-4 -0.8703168 -0.4891328 0 -0.8722093 -0.3646083 -5.69013e-4 -0.9311609 -0.3801664 6.52536e-4 -0.9249179 -0.1137504 -4.92867e-4 -0.9935092 -0.1282837 5.83469e-4 -0.9917374 0.1446933 -4.1396e-4 -0.9894766 0.132469 5.01993e-4 -0.9911871 0.3935031 -3.34958e-4 -0.9193232 0.384186 4.22872e-4 -0.9232556 0.6159332 -2.54628e-4 -0.7877983 0.6097053 3.40292e-4 -0.7926282 0.7972866 -1.6814e-4 -0.6036009 0.7939265 2.5615e-4 -0.6080138 0.9253677 -8.7545e-5 -0.3790706 0.9240626 1.7519e-4 -0.3822412 0.9916163 0 0.1292177 0.9916164 0 -0.1292166 0.9914713 8.57337e-5 -0.1303254 0.9253677 -8.4976e-5 0.3790706 0.9914699 8.67994e-5 0.1303363 0.797257 -1.68284e-4 0.60364 0.9240756 1.75175e-4 0.3822098 0.6159862 -2.59602e-4 0.7877569 0.7939234 2.51918e-4 0.6080179 0.6097053 3.40292e-4 0.7926282 0.3934346 -3.34869e-4 0.9193526 0.384186 4.16786e-4 0.9232556 0.1446933 -4.20407e-4 0.9894765 0.1324607 4.95775e-4 0.9911881 -0.1137546 -4.98996e-4 0.9935088 -0.4923606 1.50899e-4 0.8703913 -0.4899669 7.55855e-5 0.8717412 -0.4852471 0 0.8743771 -0.1282754 5.76854e-4 0.9917385 -0.3645342 -5.74678e-4 0.9311899 -0.1555224 0 0.9878324 -0.1555225 0 0.9878324 -0.1556171 0 0.9878175 -0.1619429 0 0.9868002 -0.03950649 0.003110229 0.9992145 -0.0853284 5.14637e-4 0.9963528 -0.5003014 0 -0.8658514 -0.262296 -1.21336e-4 -0.9649875 -0.4977851 1.2126e-4 -0.8673004 -0.006836056 -2.34131e-4 -0.9999767 -0.2537617 2.38565e-4 -0.9672668 0.2490514 -3.41242e-4 -0.9684902 0.007863819 3.51371e-4 -0.999969 0.4885001 -4.46336e-4 -0.8725637 0.2688558 4.5606e-4 -0.9631804 0.6953045 -5.43936e-4 -0.7187151 0.511362 5.55485e-4 -0.8593652 0.856028 -6.34609e-4 -0.5169292 0.7181524 6.51505e-4 -0.6958856 0.9597069 -7.22783e-4 -0.2810022 0.8750774 7.37743e-4 -0.4839825 0.9996575 -8.02818e-4 -0.02615875 0.9711527 8.23942e-4 -0.238457 0.9997183 9.01721e-4 0.02371913 0.9731227 0 0.2302876 0.969982 -9.90075e-4 0.2431752 0.9090285 -8.33176e-4 0.416733 0.9587713 0.002210855 0.2841706 0.7633004 -7.89923e-4 0.6460434 0.8440505 0.001736879 0.536261 0.8511728 0.002653479 0.5248789 0.5612546 -7.27829e-4 0.827643 0.6685209 0.001392662 0.7436921 0.6844048 0.00280565 0.7290969 0.4700669 0.002930104 0.8826259 0.3177912 -6.45609e-4 0.9481605 0.4435762 0.001069843 0.8962361 0.05086606 -5.31038e-4 0.9987055 0.1859953 7.81213e-4 0.9825503 0.2230025 0.003029584 0.9748132 -0.1684854 3.13767e-4 0.9857042 -0.1617939 1.05446e-4 0.9868246 -0.1619359 1.05306e-4 0.9868013 -0.1619359 1.0529e-4 0.9868013 0.8646458 0 -0.502382 0.8992083 0 -0.4375209 0.8646467 0 -0.5023804 0.9288778 0 -0.3703863 0.9535638 0 -0.3011911 0.9730958 0 -0.2304009 0.9535641 0 -0.30119 0.9873872 0 -0.1583238 0.9730957 0 -0.2304017 -0.9872713 0 0.1590456 -0.9730511 0 0.23059 -0.953651 0 0.3009152 -0.9730514 0 0.2305889 -0.9291825 0 0.3696214 -0.9536506 0 0.3009163 -0.8997722 0 0.4363601 -0.9291831 0 0.36962 -0.8655698 0 0.5007884 -0.899773 0 0.4363586 -0.8655688 0 0.5007901 -0.4256098 0 -0.9049069 -0.4256241 0 -0.9049001 -0.9921251 0 0.1252513 -0.6375488 0 -0.77041 -0.6375592 0 -0.7704014 -0.9297381 0 0.3682215 -0.9297335 0 0.3682335 -0.8090069 0 -0.5877991 -0.8089949 0 -0.5878158 -0.9921257 0 -0.125247 -0.6375592 0 0.7704014 -0.6375488 0 0.77041 -0.4256098 0 0.9049069 -0.4256384 0 0.9048934 -0.1875155 0 0.9822617 0.06281358 0 0.9980254 0.309158 0 0.9510107 0.5358607 0 0.8443064 0.3091738 0 0.9510056 0.5358732 0 0.8442986 0.7288993 0 0.6846211 0.7289074 0 0.6846123 0.876225 0 0.4819023 0.9686235 0 0.2485327 0.8762291 0 0.4818949 0.9686225 0 0.2485369 0.9686225 0 -0.2485369 0.876225 0 -0.4819023 0.8762331 0 -0.4818875 0.7289074 0 -0.6846123 0.5358607 0 -0.8443064 0.5358482 0 -0.8443143 0.3091738 0 -0.9510056 0.309158 0 -0.9510107 0.06262201 0 -0.9980374 0.06263941 0 -0.9980363 0 -1 3.5162e-7 0 -1 -5.76407e-6 0 -1 1.27034e-6 0 -1 -9.43205e-7 0 -1 3.09423e-6 0 -1 -2.54129e-6 0 -1 -2.529e-6 0 -1 -1.63477e-6 0 -1 1.43835e-6 0 -1 3.291e-6 0 -1 2.06468e-6 0 -1 -7.34657e-6 0 -1 2.5095e-6 0 -1 -1.55764e-6 0 -1 1.65608e-6 0 -1 9.86077e-7 0 -1 -1.02328e-6 0 -1 5.2895e-7 0 -1 -1.07486e-6 0 -1 1.80039e-6 0 -1 9.11371e-7 0 -1 -1.25331e-6 0 -1 -3.03829e-6 0 -1 -3.13353e-6 0 -1 4.53465e-7 0 -1 3.03929e-6 0 -1 -4.9745e-6 0 -1 -3.16759e-6 0 -1 6.95497e-7 0 -1 3.1993e-6 0 -1 -1.49308e-6 0 -1 -4.76052e-6 0 -1 1.71535e-6 0 -1 1.50524e-6 0 -1 -7.20196e-7 0 -1 3.27605e-6 0 -1 -2.71954e-6 0 -1 -2.83397e-6 0 -1 -7.0858e-7 0 -1 3.16371e-7 0 -1 -4.12552e-7 0 -1 3.31656e-6 0 -1 -7.76072e-6 0 -1 3.30663e-6 0 -1 3.25755e-6 0 -1 -3.27548e-6 0 -1 3.24565e-6 0 -1 -5.55802e-6 0 -1 5.99122e-6 0 -1 -2.74387e-6 0 -1 3.22904e-6 0 -1 -1.69829e-7 0 -1 7.4371e-6 0 -1 -1.42816e-6 0 -1 1.40426e-6 0 -1 -3.26629e-6 0 -1 -1.03883e-6 0 -1 -5.14516e-7 0 -1 -1.27083e-7 0 -1 -4.89469e-7 0 -1 -1.73398e-6 0 -1 1.01361e-6 0 -1 2.05606e-6 0 -1 1.99604e-6 0 -1 4.10432e-7 0 -1 -1.74252e-6 0 -1 -1.01959e-6 0 -1 -9.58828e-7 0 -1 0 0 -1 7.44717e-7 0 -1 4.39993e-7 0 -1 6.25486e-7 0 -1 -7.07262e-7 0 -1 2.75209e-6 0 1 0 0 1 1.51282e-6 0 1 -3.01367e-6 0 1 3.01889e-6 0 1 1.77901e-6 0 1 -1.51224e-6 0 1 -8.86157e-7 0 1 -3.5512e-6 0 1 8.87107e-7 0 1 -8.89028e-7 0 1 7.53707e-7 0 1 -5.65822e-7 0 1 -8.89029e-7 0 1 7.55255e-7 0 1 3.55121e-6 0 1 -3.01889e-6 0 1 -1.77232e-6 0 1 2.26026e-6 0 1 -1.77902e-6 0 1 7.54987e-7 0 1 1.50998e-6 0 1 -4.44753e-7 0 1 -1.51282e-6 0 1 1.77231e-6 0 1 -8.87107e-7 0 1 7.56118e-7 0 1 8.89028e-7 0 1 -7.53714e-7 0 1 -3.54741e-6 0 1 0 0 1 3.02185e-6 0 1 4.43303e-7 0 1 4.43297e-7 0 1 3.54742e-6 0 1 -3.02215e-6 0 1 7.5445e-7 0 1 -7.53708e-7 0 1 -7.55256e-7 0 1 1.77232e-6 0 1 -7.56412e-7 0 1 -2.93624e-6 0 1 5.08119e-7 0 1 -1.02043e-6 0 1 4.53187e-7 0 1 8.50527e-7 0 1 -1.93005e-6 0 1 -7.06025e-6 0 1 9.12499e-7 0 1 1.12656e-5 0 1 -1.03337e-6 0 1 -1.79502e-6 0 1 7.96251e-7 0 1 -1.14472e-5 0 1 -2.67644e-6 0 1 1.05483e-6 0 1 -1.7904e-7 0 1 -4.25862e-6 0 1 8.96186e-6 0 1 1.01859e-5 0 1 -1.21742e-6 0 1 -3.84299e-7 0 1 -4.22833e-7 0 1 2.71731e-6 0 1 3.98543e-6 0 1 -2.92584e-6 0 1 -5.97729e-6 0 1 -6.55136e-6 0 1 -1.52766e-6 0 1 3.13783e-6 0 1 -1.72888e-6 0 1 1.78024e-6 0 1 -3.51346e-6 0 1 1.03142e-6 0 1 -3.89034e-7 0 1 6.61271e-6 0 1 3.37936e-6 0 1 -3.64774e-6 0 1 3.17761e-6 0 1 -4.58103e-6 0 1 -1.22701e-6 0 1 2.66256e-6 0 1 -6.82381e-6 0 1 -2.41815e-5 0 1 -3.7781e-7 0 1 1.93133e-6 0 1 -4.02753e-7 0 1 9.73606e-7 0 1 6.05489e-7 0 1 -9.01677e-7 0 1 3.87598e-7 0 1 1.43723e-7 0 1 2.59827e-6 0 1 1.1447e-5 0 1 -2.19152e-6 0 1 -2.58076e-6 0 1 3.52996e-7 0 1 -3.56389e-7 0 1 2.16301e-6 0 1 -1.73305e-6 0 1 -1.70807e-6 0 1 -7.478e-7 0 1 5.56339e-7 0 1 3.16843e-6 0 1 2.54571e-6 0 1 3.2493e-7 0 1 1.09116e-6 0 1 4.70053e-6 0 1 -5.43335e-7 0 1 -2.51131e-6 0 1 2.69432e-6 0 1 1.25576e-6 0 1 -3.31283e-6 0 1 8.14482e-7 0 1 -4.2611e-7 0 1 8.90015e-7 0 1 -4.63652e-7 0 1 -4.81738e-7 0 1 9.97815e-7 0 1 -5.14731e-7 0 1 -2.75204e-7 0 1 -2.78585e-7 0 1 8.41341e-7 0 1 2.80741e-7 0 1 -5.58884e-7 0 1 -1.10642e-6 0 1 2.72323e-7 0 1 1.64342e-7 0 1 -3.00725e-6 0 1 8.32486e-7 0 1 2.85029e-6 0 1 -1.68436e-7 0 1 3.06567e-6 0 1 -1.53147e-6 0 1 1.48901e-6 0 1 1.20152e-6 0 1 -3.11416e-6 0 1 7.77943e-7 0 1 -2.47768e-6 0 1 -2.60758e-6 0 1 -3.49041e-7 0 1 2.18166e-7 0 1 3.15082e-6 0 1 8.97094e-7 0 1 -9.53599e-7 0 1 1.45971e-6 0 1 -3.17395e-6 0 1 -6.25915e-7 0 1 -6.78925e-7 0 1 6.26074e-7 0 1 1.22396e-6 0 1 4.30025e-7 0 1 -2.46664e-6 0 1 -8.70987e-7 0 1 9.53806e-7 0 1 -1.73267e-7 0 1 2.46822e-6 0 1 -4.30155e-7 0 1 1.35486e-6 0 1 -2.47178e-6 0 1 3.39525e-7 0 1 5.11815e-7 0 1 4.53251e-6 0 1 -5.29361e-7 0 1 5.06686e-7 0 1 -6.74949e-7 0 1 3.08891e-6 0 1 1.16853e-6 0 1 -1.25396e-6 0 1 -9.89502e-7 0 1 -8.10346e-6 0 1 1.34369e-6 0 1 1.68653e-6 0 1 -2.8539e-6 0 1 3.3072e-6 0 1 1.80513e-7 0 1 3.34903e-7 0 1 3.42797e-6 0 1 -4.0497e-6 0 1 -1.34964e-6 0 1 -2.69805e-7 0 1 -5.36482e-7 0 1 7.95815e-7 0 1 -5.22044e-7 0 1 -5.11229e-7 0 1 9.67855e-7 0 1 -4.68134e-7 0 1 4.34096e-7 0 1 -8.32973e-7 0 1 1.19632e-6 0 1 -1.14375e-6 0 1 -7.28126e-7 0 1 1.51146e-7 0 1 3.67113e-6 0 1 2.14902e-6 0 1 6.69776e-7 0 1 -6.87854e-7 0 1 -2.05329e-6 0 1 -4.07412e-7 0 1 2.01418e-5 0 1 -5.26736e-6 0 1 6.00075e-7 0 1 6.51048e-7 0 1 -1.48453e-6 0 1 0 0 1 -4.47606e-6 0 1 -4.02598e-7 0 1 1.34868e-6 0 1 -6.50469e-6 0 1 4.88888e-6 0 1 -3.19799e-6 0 1 3.53211e-6 0 1 3.42213e-6 0 1 1.43657e-6 0 1 5.98451e-7 0 1 -8.50358e-6 0 1 -6.46776e-7 0 1 1.72854e-6 0 1 1.46379e-6 0.9137482 0 -0.4062812 0.9137482 0 -0.4062812 0.8901857 0 -0.455598 0.8901864 0 -0.4555966 0.8639404 0 -0.5035941 0.8639405 0 -0.5035941 0.8720839 0 0.4893566 0.8720833 0 0.4893574 0.8975107 0 0.4409929 0.920288 0 0.3912416 0.9202886 0 0.3912404 0.9403047 0 0.3403339 0.9403045 0 0.3403345 0.9574897 0 0.2884676 0.9718341 0 0.2356661 0.9574895 0 0.2884681 0.9718339 0 0.2356669 0.9832583 0 0.1822179 0.9832583 0 0.1822175 0.9917547 0 0.1281509 0.9917548 0 0.1281506 0.9972763 0 0.0737577 0.9972763 0 0.0737577 0.9998161 0 0.01917803 0.9998161 0 0.01917791 0.9993682 0 -0.0355423 0.9993682 0 -0.03554219 0.9959351 0 -0.09007501 0.9959351 0 -0.09007465 0.9895163 0 -0.1444215 0.9895164 0 -0.144421 0.9801418 0 -0.1982979 0.9801416 0 -0.1982986 0.9678386 0 -0.2515721 0.9678384 0 -0.2515732 0.952648 0 -0.3040754 0.9526477 0 -0.3040765 0.9345932 0 -0.3557184 0.9345932 0 -0.3557184 0 1 8.66267e-7 0 1 -1.24049e-6 0 1 -5.52062e-7 0 1 -7.84949e-7 0 1 -4.08161e-7 0 1 1.8381e-6 0 1 8.43671e-7 0 1 -3.78658e-7 0 1 3.82085e-6 0 1 -3.50408e-6 0 1 2.77516e-6 0 1 -8.24049e-7 0 1 -1.14655e-6 0 1 1.26377e-6 0 1 -1.22505e-6 0 1 1.26253e-6 0 1 -1.148e-6 0 1 -1.26385e-6 0 1 -1.64433e-6 0 1 4.15486e-7 0 1 -1.28345e-6 0 1 1.49233e-6 0 1 1.14619e-6 0 1 -5.1587e-7 0 1 -1.42664e-6 0 1 -8.34145e-7 0 1 5.71395e-7 0 1 1.2114e-6 0 1 -1.16928e-6 0 1 -8.67807e-7 0 1 -9.79117e-7 0.7662836 0 -0.6425027 0.9642826 0 0.2648756 0.9642829 0 0.2648743 -0.7516586 0 -0.6595525 -0.7516589 0 -0.659552 -0.5600438 0 -0.8284631 -0.3318369 0 -0.9433368 -0.5600435 0 -0.8284632 -0.08207291 0 -0.9966263 0.1730946 0 -0.9849052 -0.08207404 0 -0.9966263 0.4169809 0 -0.9089154 0.6336292 0 -0.7736369 0.8090133 0 -0.5877905 0.6336295 0 -0.7736367 0.9314991 0 -0.3637437 0.8090123 0 -0.5877917 0.9932638 0 -0.1158753 0.931499 0 -0.3637442 0.9902197 0 0.1395177 0.9932638 0 -0.1158751 -0.9642809 0 0.2648818 -0.9642806 0 0.2648831 0.9449002 0 -0.3273588 0.9449 0 -0.327359 -0.9909583 0 0.1341707 -0.9909583 0 0.1341705 -0.9912254 0 -0.1321828 -0.9212167 0 -0.3890502 -0.7858452 0 -0.6184233 -0.7858455 0 -0.6184231 -0.5948091 0 -0.803867 -0.3615413 0 -0.9323561 -0.5948098 0 -0.8038665 -0.1026203 0 -0.9947206 -0.3615404 0 -0.9323565 0.163525 0 -0.9865392 -0.1026187 0 -0.9947208 0.1635235 0 -0.9865395 -0.7952442 0 -0.6062893 -0.7952445 0 -0.6062891 -0.7681868 0 -0.6402258 -0.7681869 0 -0.6402258 -0.7396895 0 -0.6729484 0.9592353 0 -0.2826088 0.9592351 0 -0.2826092 -0.7396894 0 -0.6729485 -0.7097835 0 -0.7044199 0.9705993 0 -0.2407014 -0.6785643 0 -0.7345411 0.9705994 0 -0.2407013 -0.6785641 0 -0.7345412 -0.6460591 0 -0.7632874 -0.6460589 0 -0.7632876 0.9801234 0 -0.1983891 0.9801235 0 -0.1983888 0.9878062 0 -0.1556886 0.9878061 0 -0.1556891 0.9936329 0 -0.1126663 0.9936329 0 -0.1126663 0.9975873 0 -0.06942379 0.9996582 0 -0.02614367 0.9998503 0 0.01730382 0.9998504 0 0.01730382 0.9981605 0 0.06062763 0.9981606 0 0.0606274 0.9945869 0 0.1039081 0.9945868 0 0.1039084 0.9891403 0 0.1469741 0.9891403 0 0.146974 0.9818395 0 0.189714 0.9818396 0 0.1897133 0.9726775 0 0.2321608 0.9726776 0 0.2321602 0.961704 2.27615e-6 0.2740902 0.9617009 0 0.2741011 0.9488837 0 0.315626 0.9488883 2.92648e-6 0.315612 0.9343096 0 0.3564626 0.9343103 0 0.3564608 0.9179724 3.57685e-6 0.3966445 0.9179666 0 0.3966577 0.8998888 0 0.4361196 0.8998986 3.57674e-6 0.4360992 0.88012 0 0.4747512 0.8801189 0 0.4747534 0.8586929 0 0.5124906 0.8586915 0 0.5124928 0.8356612 0 0.5492455 0.8356626 0 0.5492433 0.811038 0 0.5849937 0.7849028 0 0.6196189 0.784905 0 0.6196162 0.7572654 0 0.6531073 0.7282324 0 0.6853303 0.6978087 0 0.7162842 0.6978085 0 0.7162843 0.6660485 0 0.7459085 0.6660513 0 0.7459061 0.6330903 0 0.7740781 0.633087 0 0.7740808 0.5989117 0 0.8008151 0.5989186 0 0.80081 0.5635706 0 0.8260679 0.5635743 0 0.8260654 0.5272367 0 0.8497185 0.5272327 0 0.849721 0.4898835 0 0.871788 0.4515869 0 0.8922271 0.4515827 0 0.8922293 0.412436 0 0.9109867 0.4124405 0 0.9109846 0.3725423 0 0.9280153 0.3725513 0 0.9280117 0.3319196 0 0.9433077 0.3319244 0 0.943306 0.2906856 0 0.9568186 0.2906858 0 0.9568186 0.2488831 0 0.9685335 0.2488784 0 0.9685348 0.206632 0 0.9784187 0.2066369 0 0.9784177 0.1640282 0 0.9864556 0.1640333 0 0.9864549 0.1210418 0 0.9926475 0.0778436 0 0.9969657 0.1210469 0 0.9926468 0.07784879 0 0.9969652 0.03456729 0 0.9994024 -0.008886098 0 0.9999606 -0.008880913 0 0.9999606 -0.05220407 0 0.9986365 -0.05220413 0 0.9986365 -0.0955289 0 0.9954267 -0.13855 8.37291e-6 0.9903554 -0.1385959 0 0.990349 -0.181463 0 0.9833978 -0.1814228 8.29202e-6 0.9834052 -0.2239496 0 0.9746007 -0.2239446 0 0.9746019 -0.2660057 0 0.9639715 -0.2659623 8.12923e-6 0.9639834 -0.3075814 7.96685e-6 0.9515218 -0.3075816 7.64167e-6 0.9515217 -0.3485442 7.47888e-6 0.9372924 -0.3485856 0 0.937277 -0.38889 0 0.9212843 -0.3888945 0 0.9212823 -0.4284937 0 0.9035448 -0.428498 0 0.9035428 -0.4673327 0 0.8840816 -0.4673243 0 0.884086 -0.5051988 0 0.863003 -0.5051947 0 0.8630055 -0.5422152 0 0.8402398 -0.5781067 0 0.8159613 -0.5781065 0 0.8159614 -0.6129934 0 0.7900881 -0.6129902 0 0.7900907 -0.6466691 0 0.7627707 -0.6466935 6.50341e-6 0.76275 -0.679174 5.85315e-6 0.7339774 -0.6791992 0 0.733954 -0.7103654 0 0.7038331 -0.7103678 0 0.7038307 -0.740229 0 0.6723549 -0.7402266 0 0.6723575 -0.7687202 0 0.6395853 -0.7687351 5.2027e-6 0.6395674 -0.79575 0 0.6056254 -0.7957385 4.55243e-6 0.6056405 -0.8212484 0 0.570571 -0.8452532 0 0.534366 -0.845252 0 0.5343681 -0.8676421 0 0.4971893 -0.8676422 0 0.4971891 -0.8883897 0 0.4590903 -0.9074566 0 0.4201461 -0.8883885 0 0.4590924 -0.9074566 0 0.420146 -0.924844 0 0.3803468 -0.9404857 0 0.3398335 -0.9404851 0 0.3398352 -0.9543228 0 0.2987777 -0.9664013 0 0.2570382 -0.9543225 0 0.2987785 -0.9664011 0 0.2570388 -0.9766351 0 0.2149044 -0.9766353 0 0.214904 -0.9850406 0 0.1723232 -0.9850406 0 0.1723232 -0.99159 0 0.1294194 -0.9962719 0 0.08626919 -0.9962719 0 0.08626919 -0.9990757 0 0.0429877 -0.9990757 0 0.0429877 -1 0 -4.19557e-4 -1 0 -4.19558e-4 -0.9990393 0 -0.04382461 -0.9990394 0 -0.04382449 -0.9961994 0 -0.08710289 -0.9961994 0 -0.08710318 -0.9914849 0 -0.1302216 -0.991485 0 -0.1302211 -0.9849 0 -0.1731244 -0.9848999 0 -0.1731246 -0.976454 0 -0.215726 -0.976454 0 -0.2157258 -0.9661862 0 -0.2578454 -0.9661863 0 -0.2578451 -0.9540881 0 -0.2995262 -0.954088 0 -0.2995266 -0.9401834 0 -0.340669 -0.9401836 0 -0.340668 -0.92453 0 -0.3811094 -0.9245303 0 -0.3811088 -0.9071251 0 -0.420861 -0.9071251 0 -0.4208612 -0.8880025 0 -0.4598386 -0.8880023 0 -0.4598392 -0.8672313 0 -0.4979057 -0.8672311 0 -0.497906 -0.844798 0 -0.5350853 -0.844798 0 -0.5350856 -0.8207834 0 -0.5712396 -0.8207835 0 -0.5712395 -0.9449011 0 0.3273562 -0.9449011 0 0.3273561 0.5661947 0 -0.8242716 0.767225 0 -0.6413781 0.9115554 0 -0.4111776 0.7672252 0 -0.6413779 0.9115555 0 -0.4111773 0.9886001 0 -0.1505655 0.9886001 0 -0.1505651 0.9926269 0 0.1212103 0.9233366 0 0.3839917 0.992627 0 0.12121 0.9233367 0 0.3839914 0.7858119 0 0.6184657 0.5903491 0 0.807148 0.7858121 0 0.6184655 0.5903484 0 0.8071486 -2.04686e-7 0 1 0.9449006 0 -0.3273573 0.9449006 0 -0.3273574 0.9987937 0 -0.04910647 0.9987936 0 -0.04910618 0.9891766 0 -0.1467305 0.9891764 0 -0.1467313 0.9700453 0 -0.2429242 0.970045 0 -0.2429255 0.9415269 0 -0.3369379 0.9415268 0 -0.3369383 0.9040151 0 -0.4275006 0.904014 0 -0.427503 0.857699 0 -0.5141522 0.8032045 0 -0.5957035 0.8032027 0 -0.5957058 0.7409479 0 -0.6715627 0.7409482 0 -0.6715623 0.6715632 0 -0.7409474 0.5957031 0 -0.8032048 0.5957034 0 -0.8032044 0.5141478 0 -0.8577017 0.5141567 0 -0.8576963 0.4275052 0 -0.9040129 0.4275003 0 -0.9040153 0.336941 0 -0.9415258 0.3369354 0 -0.9415278 0.2430114 0 -0.9700235 0.1466346 0 -0.9891908 0.2430226 0 -0.9700207 0.04910671 0 -0.9987936 -0.04910689 0 -0.9987936 0.04911279 0 -0.9987933 -0.04911291 0 -0.9987933 -0.1466488 0 -0.9891886 -0.1466489 0 -0.9891886 -0.2429875 0 -0.9700294 -0.2429986 0 -0.9700266 -0.3369417 0 -0.9415255 -0.3369363 0 -0.9415275 -0.4275052 0 -0.9040129 -0.4275003 0 -0.9040153 -0.5141478 0 -0.8577017 -0.5141567 0 -0.8576963 -0.5957038 0 -0.8032043 -0.6715632 0 -0.7409474 -0.7409482 0 -0.6715623 -0.7409479 0 -0.6715627 -0.8032027 0 -0.5957058 -0.8032045 0 -0.5957035 -0.8576983 0 -0.5141533 -0.8576982 0 -0.5141536 -0.904014 0 -0.427503 -0.9040151 0 -0.4275006 -0.9415269 0 -0.3369379 -0.9415268 0 -0.3369383 -0.9700449 0 -0.2429257 -0.9700454 0 -0.2429241 -0.9891764 0 -0.1467314 -0.9891766 0 -0.1467304 -0.9987936 0 -0.04910618 -0.9987937 0 -0.04910647 -0.9987936 0 0.04910618 -0.9987937 0 0.04910647 -0.9891743 0 0.1467454 -0.9891743 0 0.1467453 -0.970051 0 0.2429013 -0.9700513 0 0.2429001 -0.9415268 0 0.3369383 -0.9415262 0 0.3369399 -0.9040151 0 0.4275006 -0.904014 0 0.427503 -0.8576982 0 0.5141536 -0.8576983 0 0.5141533 -0.8032045 0 0.5957035 -0.8032027 0 0.5957058 -0.7409479 0 0.6715627 -0.7409482 0 0.6715623 -0.6715598 0 0.7409504 -0.6715632 0 0.7409474 -0.5957038 0 0.8032043 -0.5957077 0 0.8032013 -0.5141523 0 0.857699 -0.4275003 0 0.9040153 -0.3369417 0 0.9415255 -0.4275052 0 0.9040129 -0.2429024 0 0.9700508 -0.3369363 0 0.9415275 -0.2428994 0 0.9700515 -0.1467462 0 0.9891742 -0.1467431 0 0.9891747 -0.04910391 0 0.9987938 0.04910373 0 0.9987938 0.04910373 0 0.9987938 0.1467289 0 0.9891768 0.1467319 0 0.9891763 0.2429264 0 0.9700447 0.2429234 0 0.9700455 0.336941 0 0.9415258 0.3369354 0 0.9415278 0.4275052 0 0.9040129 0.4275003 0 0.9040153 0.5141523 0 0.857699 0.595707 0 0.8032019 0.6715598 0 0.7409504 0.5957034 0 0.8032044 0.6715632 0 0.7409474 0.7409479 0 0.6715627 0.7409482 0 0.6715623 0.8032023 0 0.5957064 0.857699 0 0.5141522 0.8032048 0 0.595703 0.904014 0 0.427503 0.9040151 0 0.4275006 0.9415261 0 0.3369402 0.9415269 0 0.3369379 0.9700511 0 0.2429016 0.9700514 0 0.2429 0.9891743 0 0.1467453 0.9891743 0 0.1467454 0.9987936 0 0.04910618 0.9987937 0 0.04910647 -0.5257184 -1.2383e-4 0.8506587 -0.5231875 0 0.8522176 -0.7295829 -2.36716e-4 0.6838924 -0.7235994 1.17935e-4 0.6902202 -0.8829235 -3.51251e-4 0.4695169 -0.8759031 2.35612e-4 0.4824871 -0.9748671 0 0.2227874 -0.9737305 3.84796e-4 0.2277039 -0.9701004 -0.001204371 0.2427015 -0.9993981 -8.40006e-4 -0.03468191 -0.9999133 0.001012265 -0.01312792 -0.9584902 -6.83657e-4 -0.2851249 -0.9633657 8.55467e-4 -0.26819 -0.8559087 -5.16263e-4 -0.5171269 -0.862881 6.94443e-4 -0.5054066 -0.6981304 -3.50628e-4 -0.7159706 -0.7051271 5.35188e-4 -0.7090807 -0.4954975 -1.76732e-4 -0.8686095 -0.500594 3.6156e-4 -0.8656822 -0.2609036 0 -0.9653649 -0.2628247 1.85198e-4 -0.9648436 -0.9213567 0 0.3887183 -0.9586883 0 0.2844592 -0.9586883 0 0.2844588 -0.9842609 0 0.1767215 -0.9842609 0 0.1767218 0.38016 0 0.9249207 0.1282905 0 0.9917367 0.3801673 0 0.9249178 -0.1324492 0 0.9911898 0.1282863 0 0.9917372 -0.3841825 0 0.9232572 -0.1324534 0 0.9911893 -0.6097455 0 0.7925974 -0.3841861 0 0.9232558 -0.7938842 0 0.6080691 -0.6097508 0 0.7925933 -0.9240754 0 0.3822104 -0.7938827 0 0.6080712 -0.9914698 0 0.130337 -0.9240748 0 0.3822119 -0.9914714 0 -0.1303255 -0.9914698 0 0.1303375 -0.9240624 0 -0.3822418 -0.9914712 0 -0.1303261 -0.7938842 0 -0.6080691 -0.6097481 0 -0.7925954 -0.7938827 0 -0.6080712 -0.3841825 0 -0.9232572 -0.1324617 0 -0.9911881 -0.3841861 0 -0.9232558 0.1282947 0 -0.9917361 -0.1324534 0 -0.9911893 0.38016 0 -0.9249207 0.3801636 0 -0.9249193 0.999507 0.03139835 0 0.9989417 0.04594737 0.002120375 0.9955586 0.09413719 -0.001140415 0.9904989 0.1375018 0.002271115 0.987688 0.1564371 -3.12986e-4 0.975925 0.2181063 3.54961e-4 0.9736915 0.227862 0.001918673 0.9602795 0.279038 -0.001089632 0.9525054 0.3045191 0.001275539 0.9408923 0.3387039 -0.001132071 0.9299846 0.3675963 0.001306712 0.917757 0.3971407 -0.00113964 0.9032402 0.4291334 0.001289188 0.8909917 0.4540182 -0.001105129 0.8724573 0.488689 0.001226663 0.8607639 0.5090036 -0.001027166 0.8377271 0.5460881 0.00113362 0.8270517 0.5621252 -9.08121e-4 0.7801902 0.6255385 0.002219378 0.7992039 0.6009659 -0.01063513 0.7732886 0.6340467 -0.003091335 0.7621716 0.6473743 -0.001009762 0.7511451 0.6601372 0 0.7901006 0.612829 0.01347643 0.7233998 0.6904212 0.003385007 0.7501192 0.6612948 -0.003222882 0.6772463 0.7357493 0.003249764 0.707072 0.7071347 -0.003127574 0.6282565 0.7780001 0.003123283 0.6613259 0.7500929 -0.002997994 0.5766617 0.8169778 0.002948701 0.6128824 0.7901691 -0.00284636 0.5621242 0.8270486 -0.002662479 0.5226367 0.8525511 0.002777993 0.5090026 0.8607616 -0.002476274 0.4663872 0.8845771 0.00254625 0.4540166 0.8909905 -0.002232789 0.4082405 0.9128715 0.002334117 0.3971408 0.9177556 -0.001981317 0.3483974 0.9373446 0.002071619 0.3387032 0.9408918 -0.001734614 0.2870528 0.9579132 0.00176227 0.2790381 0.9602791 -0.001426696 0.2244922 0.9744748 0.001471877 0.1610241 0.9869499 0.001130759 0.2181074 0.9759241 -0.001111626 0.156437 0.9876877 -7.6208e-4 0.09693521 0.9952904 7.8279e-4 0.09413713 0.9955592 -3.9911e-4 0.03231447 0.9994778 3.96762e-4 0.0314005 0.9995069 0 -0.0314005 0.9995069 0 -0.03231441 0.9994778 3.98287e-4 -0.09413743 0.9955592 -3.99111e-4 -0.09693491 0.9952905 7.81262e-4 -0.1564366 0.9876878 -7.60507e-4 -0.1610251 0.9869497 0.001130759 -0.218106 0.9759245 -0.001111626 -0.2244935 0.9744745 0.001471757 -0.2790373 0.9602793 -0.001426696 -0.2870528 0.9579132 0.001762449 -0.3387042 0.9408913 -0.001734614 -0.3483975 0.9373446 0.002072155 -0.3971396 0.9177561 -0.001982092 -0.4082393 0.912872 0.002334654 -0.4540178 0.8909899 -0.002232015 -0.466386 0.8845778 0.002546072 -0.5090053 0.8607599 -0.002476274 -0.5226346 0.8525524 0.002777934 -0.5621227 0.8270496 -0.002662479 -0.5766652 0.8169753 0.002948164 -0.6128816 0.7901696 -0.00284636 -0.6282557 0.7780006 0.003123641 -0.6612955 0.7501197 -0.002991557 -0.6772463 0.7357493 0.003267884 -0.751151 0.6601306 0 -0.7621687 0.6473778 -0.001009941 -0.7732971 0.6340363 -0.003091752 -0.7992004 0.6009706 -0.01063472 -0.7071034 0.7071033 -0.003115117 -0.7233991 0.6904219 0.003384411 -0.7501192 0.6612948 -0.003222525 -0.7801898 0.6255391 0.002219557 -0.7901014 0.6128281 0.01347565 -0.8377288 0.5460852 0.00113362 -0.8270502 0.5621274 -9.07987e-4 -0.8724569 0.4886896 0.001226544 -0.8607639 0.5090036 -0.001027286 -0.9032381 0.4291378 0.001289427 -0.8909943 0.4540132 -0.00110507 -0.9299619 0.3676537 0.001302361 -0.9177588 0.3971367 -0.001139581 -0.9525226 0.3044652 0.001270174 -0.9408941 0.3386993 -0.001141011 -0.9736912 0.2278637 0.001918792 -0.9602792 0.2790389 -0.001089692 -0.9759251 0.2181059 3.54746e-4 -0.9876875 0.1564392 -3.13143e-4 -0.9904995 0.1374983 0.002271115 -0.9955586 0.09413719 -0.001140475 -0.9989417 0.04594522 0.002120316 -0.999507 0.03140151 0 -0.9842609 0 -0.1767215 -0.9842609 0 -0.1767218 -0.9213567 0 -0.3887183 -0.9586883 0 -0.2844592 -0.2609003 0 0.9653658 -0.2652034 4.14569e-4 0.9641925 -0.4955055 -3.94583e-4 0.8686048 -0.5069358 7.92867e-4 0.8619834 -0.6981649 -7.67689e-4 0.7159366 -0.7138287 0.001147627 0.7003195 -0.8558882 -0.001105248 0.5171598 -0.8714665 0.00147289 0.4904531 -0.9584892 -0.001418054 0.2851252 -0.9690895 0.001776754 0.2467032 -0.9869638 0 -0.1609427 -0.999397 -0.001695156 0.03468191 -0.9553411 0.00551337 -0.2954537 -0.999901 0.0020442 -0.01392191 -0.9055334 -3.16375e-4 -0.4242752 -0.9707263 9.39187e-4 -0.2401869 -0.9618242 -0.003060042 -0.2736514 -0.8383526 3.51671e-4 -0.5451282 -0.7552831 -2.40783e-4 -0.6553988 -0.8574612 0.001311361 -0.5145471 -0.6577888 1.61843e-4 -0.7532025 -0.547674 -1.34614e-4 -0.8366919 -0.6940342 0.00136584 -0.7199408 -0.4271621 0 -0.9041752 -0.4827523 0.001395106 -0.875756 0.5902948 0 0.8071879 0.5902939 0 0.8071884 0.5902961 0 0.8071868 0.6962581 0 0.7177914 0.7887528 0 0.6147106 0.7887548 0 0.6147081 0.8662483 0 0.4996138 0.866249 0 0.4996127 0.9269687 0 0.3751389 0.9699465 0 0.2433184 0.9269691 0 0.3751381 0.9942701 0 0.106898 0.9994996 0 -0.03163325 0.9994996 0 -0.03163313 0.9855319 0 -0.1694903 0.9855319 0 -0.1694898 0.9525929 0 -0.3042483 0.9014408 0 -0.4329025 0.9014394 0 -0.4329055 0.8329027 0 -0.5534195 0.7483388 0 -0.6633169 0.748341 0 -0.6633143 0.6494277 0 -0.7604235 0.5380958 0 -0.8428838 0.4163599 0 -0.9091999 0.8871343 0 0.4615115 0.9140265 0 0.4056546 0.9140273 0 0.4056527 0.9373902 0 0.3482811 0.9571702 0 0.2895261 0.9373908 0 0.3482794 0.9571697 0 0.2895275 0.9732593 0 0.2297097 0.9856178 0 0.1689899 0.9732595 0 0.2297086 0.9856176 0 0.1689907 0.994192 0 0.1076214 0.998951 0 0.04579389 0.998951 0 0.04579365 0.9998698 0 -0.01613765 0.9969479 0 -0.07807064 0.9969478 0 -0.07807105 0.9902061 0 -0.1396137 0.9902061 0 -0.1396141 0.9796496 0 -0.2007157 0.9653483 0 -0.2609651 0.9796497 0 -0.2007151 0.9653485 0 -0.2609645 0.9473167 0 -0.3202986 0.925649 0 -0.3783835 0.9004646 0 -0.4349294 -1.86498e-6 0 -1 1.09567e-6 0 -1 -0.9983505 0 0.0574156 -0.9983505 0 0.0574153 -0.9830607 0 0.1832804 -0.983061 0 0.1832794 -0.9519563 0 0.3062339 -0.951956 0 0.3062347 -0.905614 0 0.424103 -0.8447322 0 0.5351895 -0.8447313 0 0.5351907 -0.770204 0 0.6377977 -0.7702051 0 0.6377964 -0.5855123 0 0.8106635 -0.6832911 0 0.7301461 -0.5855124 0 0.8106635 -0.5855126 0 0.8106634 -0.9369183 0 0.3495485 -0.9132753 0 0.4073429 -0.8860691 0 0.4635533 -0.8860701 0 0.4635512 -0.7619828 0 -0.6475972 -0.7619824 0 -0.6475979 -0.8008952 0 -0.5988047 -0.8366934 0 -0.5476717 -0.8008947 0 -0.5988053 -0.8366946 0 -0.54767 -0.8692433 0 -0.4943847 -0.8692439 0 -0.4943835 -0.8984112 0 -0.4391553 -0.9240593 0 -0.3822495 -0.8984122 0 -0.4391533 -0.9461175 0 -0.3238235 -0.9240596 0 -0.3822486 -0.9644742 0 -0.2641773 -0.9644744 0 -0.2641766 -0.9790812 0 -0.2034706 -0.9898662 0 -0.1420037 -0.9790812 0 -0.2034701 -0.9968016 0 -0.07991671 -0.9968016 0 -0.07991629 -0.9998458 0 -0.01756387 -0.9998458 0 -0.01756387 -0.998994 0 0.04484611 -0.9942486 0 0.1070968 -0.9989939 0 0.04484623 -0.9942487 0 0.1070962 -0.9856238 0 0.1689547 -0.9731565 0 0.2301446 -0.9731562 0 0.2301457 -0.9569171 0 0.2903617 -0.9569166 0 0.2903631 -0.8711815 0 0.4909612 -0.944901 0 0.3273564 -0.9449011 0 0.3273562 -0.9617126 0 0.27406 -0.9862705 0 0.1651383 -0.9617127 0 0.2740595 -0.9985309 0 0.05418676 -0.9862704 0 0.1651388 -0.9983507 0 -0.05741107 -0.9985309 0 0.05418676 -0.9857078 0 -0.1684644 -0.9983507 0 -0.05741095 -0.9857078 0 -0.1684645 -0.9608145 0 -0.2771923 -0.9608145 0 -0.2771925 -0.9238804 0 -0.3826814 -0.8755065 0 -0.4832065 -0.9238806 0 -0.3826806 -0.8161542 0 -0.5778342 -0.8755052 0 -0.4832088 -0.8161525 0 -0.5778366 -0.7466823 0 -0.6651809 -0.6678323 0 -0.7443118 -0.7466822 0 -0.6651811 -0.6678307 0 -0.7443132 -0.5806519 0 -0.814152 -0.5806521 0 -0.814152 0.9215644 0 0.388226 0.9215647 0 0.3882249 0.9215645 0 0.3882257 0.7900518 0 0.6130402 0.7900503 0 0.6130421 0.6049134 0 0.7962913 0.6049132 0 0.7962915 0.3786843 0 0.925526 0.3786827 0 0.9255266 0.1268949 0 0.9919162 0.1268988 0 0.9919157 -0.1336585 0 0.9910274 -0.1336604 0 0.9910272 -0.385024 0 0.9229066 -0.610401 0 0.7920926 -0.3850206 0 0.9229081 -0.6104022 0 0.7920917 -0.7941832 0 0.6076785 -0.7941837 0 0.6076777 -0.9242152 0 0.3818723 -0.9242149 0 0.381873 -0.9914821 0 0.1302433 -0.9914821 0 0.1302431 -0.9914822 0 0.1302423 0.7182702 0 0.6957643 0.7182701 0 0.6957644 0.688117 0 0.7255998 0.6567338 0 0.7541226 0.6881173 0 0.7255995 0.6567339 0 0.7541224 -0.9795458 0 0.2012213 -0.9795458 0 0.2012211 -0.9871928 0 0.1595326 -0.9871926 0 0.1595334 -0.9930735 0 0.1174946 -0.9971584 0 0.07533514 -0.9930735 0 0.1174947 -0.9971584 0 0.07533538 -0.9994577 0 0.03293013 -0.999956 0 -0.009390294 -0.9994577 0 0.03293007 -0.9986556 0 -0.05183821 -0.999956 0 -0.009390294 -0.9955609 0 -0.09411942 -0.9986555 0 -0.05183833 -0.9906765 0 -0.1362358 -0.9955609 0 -0.09411942 -0.9840119 0 -0.1781027 -0.9906765 0 -0.1362356 -0.9755719 0 -0.2196803 -0.9653816 0 -0.2608418 -0.9755718 0 -0.2196807 -0.9653817 0 -0.2608417 -0.9534522 0 -0.3015441 -0.9398117 0 -0.3416929 -0.9534518 0 -0.3015456 -0.9244921 0 -0.3812013 -0.9244928 0 -0.3811996 -0.9074918 0 -0.4200699 -0.888857 0 -0.4581848 -0.9074918 0 -0.4200698 -0.8686295 0 -0.4954624 -0.888859 0 -0.4581812 -0.8686296 0 -0.4954622 -0.8468581 0 -0.5318192 -0.823547 0 -0.5672481 -0.8468566 0 -0.5318215 -0.7987518 0 -0.6016607 -0.772536 0 -0.634971 -0.7987519 0 -0.6016606 -0.772534 0 -0.6349735 -0.7449046 0 -0.667171 -0.7159677 0 -0.6981335 -0.7449027 0 -0.6671732 -0.7159653 0 -0.6981359 -0.6856923 0 -0.7278916 -0.6542537 0 -0.7562752 -0.654251 0 -0.7562775 -0.621589 0 -0.7833436 -0.6215863 0 -0.7833458 -0.5878183 0 -0.8089929 -0.5878181 0 -0.8089933 -0.5529877 0 -0.8331895 -0.5529944 0 -0.833185 -0.517174 0 -0.8558804 -0.5171776 0 -0.8558781 -0.4804115 0 -0.8770433 -0.4804078 0 -0.8770452 -0.4427912 0 -0.8966248 -0.4043965 0 -0.9145839 -0.4427875 0 -0.8966265 -0.4044005 0 -0.9145821 -0.3652346 0 -0.9309155 -0.3254593 0 -0.9455561 -0.285092 0 -0.9585003 -0.2441709 0 -0.9697322 -0.2028399 0 -0.979212 -0.2028444 0 -0.979211 -0.1611397 0 -0.9869317 -0.161135 0 -0.9869324 -0.1191895 0 -0.9928715 -0.07694995 0 -0.997035 -0.1191942 0 -0.992871 -0.03462702 0 -0.9994003 -0.03462696 0 -0.9994003 0.007782042 0 -0.9999697 0.007777333 0 -0.9999698 0.05018597 0 -0.99874 0.09246188 0 -0.9957163 0.05018126 0 -0.9987401 0.09246182 0 -0.9957163 0.1346165 0 -0.9908978 0.1346212 0 -0.9908971 0.1764837 0 -0.9843036 0.1764929 0 -0.9843019 0.2180603 0 -0.9759353 0.2592352 0 -0.9658142 0.2180693 0 -0.9759333 0.2592307 0 -0.9658154 0.299951 0 -0.9539546 0.2999467 0 -0.9539561 0.3401415 0 -0.9403743 0.3401374 0 -0.9403759 0.3797101 0 -0.9251056 0.3797099 0 -0.9251057 0.4185526 0 -0.9081927 0.4185606 0 -0.9081889 0.4566871 0 -0.8896275 0.4566872 0 -0.8896273 0.4940118 0 -0.8694552 0.4940119 0 -0.8694551 0.5304483 0 -0.8477174 0.5304214 -6.52043e-6 -0.8477341 0.5658938 -6.53088e-6 -0.8244782 0.5659262 0 -0.8244559 0.6003361 0 -0.7997478 0.6003364 0 -0.7997476 0.6336771 0 -0.7735977 0.6336828 0 -0.773593 0.6659448 0 -0.7460011 0.6659472 0 -0.7459989 0.6969623 0 -0.7171078 0.7267252 0 -0.6869284 0.7552011 0 -0.6554933 0.7823199 0 -0.622877 0.7823201 0 -0.6228768 0.8080142 0 -0.5891631 0.808016 0 -0.5891606 0.8322975 0 -0.5543292 0.8322846 -4.1495e-6 -0.5543487 0.8550346 -4.14925e-6 -0.5185711 0.8550232 0 -0.5185898 0.8762505 0 -0.4818559 0.8762506 0 -0.4818556 0.8958871 0 -0.444282 0.895887 0 -0.4442821 0.9139069 0 -0.4059239 0.9303033 0 -0.3667913 0.9139077 0 -0.405922 0.9450221 -3.20594e-6 -0.3270067 0.9302968 -2.37114e-6 -0.3668075 0.9580323 0 -0.2866604 0.9450271 0 -0.3269922 0.9693239 0 -0.2457868 0.9580323 0 -0.2866603 0.969324 0 -0.2457867 0.978876 0 -0.204455 0.9788762 0 -0.2044544 0.98666 0 -0.1627944 0.98666 0 -0.1627947 0.9926817 0 -0.1207609 0.9926817 0 -0.1207608 0.9969025 0 -0.07864701 0.9969025 0 -0.07864725 0.9993431 0 -0.03624081 0.9993431 0 -0.03624075 0.9999813 0 0.006122827 0.9999814 0 0.006122827 0.998822 0 0.0485264 0.998822 0 0.04852664 0.9958681 0 0.09081202 0.9958682 0 0.09081184 0.9911207 0 0.1329659 0.9911207 0 0.1329655 0.9845902 0 0.1748774 0.9763032 0 0.2164075 0.9763031 0 0.2164078 0.9662348 0 0.2576635 0.9662346 0 0.2576642 0.9544411 0 0.2983996 0.9544411 0 0.2983995 0.9409512 0 0.3385425 0.9409514 0 0.3385421 0.9257332 0 0.3781776 0.9257333 0 0.3781773 0.9088786 0 0.4170607 0.9088789 0 0.4170603 0.8903608 0 0.4552558 0.8903608 0 0.4552558 0.8702783 0 0.4925605 0.8702783 0 0.4925605 0.8485916 0 0.5290486 0.8485918 0 0.5290485 0.8254301 0 0.5645043 0.8254302 0 0.5645042 0.8007397 0 0.5990126 0.8007394 0 0.5990129 0.7746189 0 0.6324284 0.7746191 0 0.6324282 0.7471122 0 0.664698 0.7299075 0 -0.6835461 0.8763108 0 -0.4817461 0.7299073 0 -0.6835462 0.9682978 0 -0.2497988 0.8763107 0 -0.4817466 0.9999971 0 -0.002407073 0.9682978 0 -0.2497987 0.9694871 0 0.2451426 0.9999971 0 -0.002407073 0.8786571 0 0.4774535 0.7331801 0 0.6800346 0.8786575 0 0.4774526 0.5421034 -6.15143e-6 0.8403119 0.7332128 -5.22194e-6 0.6799994 0.3172331 0 0.9483477 0.5420544 0 0.8403434 0.07267183 0 0.9973559 0.317231 0 0.9483484 -0.1764089 0 0.984317 -0.4145287 0 0.9100362 -0.1764069 0 0.9843174 -0.6268981 0 0.7791013 -0.4145268 0 0.9100371 -0.8001639 0 0.5997814 -0.6268993 0 0.7791004 -0.9237228 3.39443e-6 0.3830616 -0.9237337 0 0.3830354 -0.9237334 0 0.3830362 -0.9194774 0 0.3931431 -0.919477 0 0.3931439 -0.8969923 0 0.4420462 -0.8969927 0 0.4420455 -0.8718637 0 0.4897485 -0.8718641 0 0.4897478 -0.8718651 0 -0.4897462 -0.8718633 0 -0.4897494 -0.8969916 0 -0.4420477 -0.8969931 0 -0.4420447 -0.9194775 0 -0.3931425 -0.919477 0 -0.3931438 -0.9393221 0 -0.3430365 -0.939323 0 -0.343034 -0.9564212 0 -0.2919908 -0.9564212 0 -0.2919907 -0.9707694 0 -0.2400145 -0.9822727 0 -0.1874582 -0.9707694 0 -0.2400144 -0.9822727 0 -0.1874582 -0.9909426 0 -0.1342868 -0.9909426 0 -0.1342862 -0.9967394 0 -0.08068925 -0.9996371 0 -0.02694255 -0.9967394 0 -0.08068954 -0.9996371 0 -0.02694243 -0.999637 0 0.02694386 -0.9996371 0 0.02694255 -0.9967397 0 0.08068549 -0.9967393 4.08347e-7 0.08068907 -0.9909426 0 0.1342868 -0.9909426 0 0.1342865 -0.9822728 0 0.1874578 -0.9822728 0 0.1874578 -0.9707691 0 0.2400153 -0.9707694 0 0.2400145 -0.9564212 0 0.2919908 -0.9564211 0 0.2919912 -0.9393228 0 0.3430346 -0.9393228 0 0.3430348 -0.1875127 0 -0.9822622 -0.1875172 0 -0.9822613 -0.4257028 0 -0.9048631 -0.4257065 0 -0.9048613 -0.6374192 0 -0.7705172 -0.9921225 0 0.1252716 -0.9297809 0 0.3681134 -0.9921227 0 0.1252705 -0.8089859 0 -0.587828 -0.8089861 0 -0.5878279 -0.8089861 0 0.5878279 -0.9297806 0 0.3681143 -0.9297803 0 -0.3681151 -0.9297809 0 -0.3681134 -0.6374192 0 0.7705172 -0.8089851 0 0.5878291 -0.9921227 0 -0.125271 -0.9921227 0 -0.1252711 -0.4257028 0 0.9048631 -0.187515 0 0.9822617 -0.4257047 0 0.9048622 0.06287592 0 0.9980214 -0.1875149 0 0.9822618 0.06287366 0 0.9980216 0.3089432 0 0.9510805 0.5357816 0 0.8443567 0.3089409 0 0.9510813 0.5357815 0 0.8443568 0.7290214 0 0.684491 0.7290212 0 0.6844911 0.8763211 0 0.4817276 0.9685662 0 0.2487562 0.8763217 0 0.4817263 0.9685658 0 0.2487575 0.9685662 0 -0.2487564 0.9685658 0 -0.2487573 0.8763211 0 -0.4817276 0.8763212 0 -0.4817273 0.7290223 0 -0.68449 0.7290203 0 -0.6844921 0.5357815 0 -0.8443568 0.5357816 0 -0.8443567 0.3089473 0 -0.9510792 0.3089389 0 -0.9510819 0.06287819 0 -0.9980213 0.06287366 0 -0.9980216 -0.1872845 0 -0.9823057 -0.1872845 0 -0.9823057 -0.4258652 0 -0.9047867 -0.4258654 0 -0.9047867 -0.6374524 0 -0.7704897 -0.6374526 0 -0.7704896 -0.9921208 0 0.1252856 -0.9298322 0 0.3679841 -0.9921208 0 0.1252857 -0.8090038 0 -0.5878036 -0.809002 0 -0.5878061 -0.809004 0 0.5878033 -0.9298313 0 0.367986 -0.9298058 0 -0.3680506 -0.929805 0 -0.3680526 -0.637332 0 0.7705894 -0.8090038 0 0.5878036 -0.9921238 0 -0.1252615 -0.9921239 0 -0.1252608 -0.6373355 0 0.7705864 -0.425863 0 0.9047877 -0.1872873 0 0.9823052 -0.4258676 0 0.9047856 0.06283521 0 0.9980239 -0.1872818 0 0.9823063 0.06283527 0 0.9980239 0.3089727 0 0.951071 0.5357806 0 0.8443573 0.3089779 0 0.9510694 0.728995 0 0.6845191 0.876314 0 0.4817404 0.9685732 0 0.2487288 0.8763155 0 0.4817376 0.9685735 0 0.2487277 0.9685735 0 -0.2487277 0.9685729 0 -0.2487303 0.8763167 0 -0.4817357 0.8763142 0 -0.4817401 0.728995 0 -0.6845191 0.7289963 0 -0.6845177 0.5357766 0 -0.8443599 0.3089779 0 -0.9510694 0.06283527 0 -0.9980239 0.06283807 0 -0.9980238 -0.187513 0 -0.9822621 -0.1875174 0 -0.9822613 -0.4257043 0 -0.9048624 -0.4257083 0 -0.9048605 -0.637417 0 -0.7705192 -0.6374172 0 -0.7705188 -0.9297806 0 0.3681145 -0.8089852 0 -0.5878292 -0.808985 0 -0.5878294 -0.808985 0 0.5878294 -0.9297802 0 0.3681153 -0.9297798 0 -0.3681161 -0.9297806 0 -0.3681145 -0.637417 0 0.7705192 -0.8089844 0 0.5878303 -0.6374172 0 0.7705188 -0.4257045 0 0.9048622 -0.1875152 0 0.9822617 -0.4257062 0 0.9048615 0.0628761 0 0.9980214 0.06287384 0 0.9980215 0.3089424 0 0.9510807 0.5357813 0 0.8443568 0.3089404 0 0.9510814 0.7290189 0 0.6844936 0.8763235 0 0.4817231 0.9685646 0 0.2487621 0.8763239 0 0.4817224 0.9685644 0 0.2487634 0.9685646 0 -0.2487623 0.9685644 0 -0.2487633 0.8763235 0 -0.4817231 0.8763234 0 -0.4817233 0.72902 0 -0.6844924 0.7290179 0 -0.6844947 0.5357813 0 -0.8443568 0.3089466 0 -0.9510794 0.3089383 0 -0.9510822 0.06287837 0 -0.9980212 0.06287384 0 -0.9980215 0 -1 -3.1455e-6 0 -1 3.67113e-6 0 -1 -1.37656e-6 0 -1 9.7349e-7 0 -1 -1.05347e-5 0 -1 -2.77005e-6 0 -1 4.47606e-6 0 -1 -4.88888e-6 0 -1 -1.98251e-6 0 -1 1.15639e-5 0 -1 3.19799e-6 0 -1 -2.87315e-6 0 -1 -1.91197e-6 0 -1 -4.28551e-6 0 -1 1.6759e-6 0 -1 8.44185e-7 0 -1 -8.35837e-7 0 -1 5.01585e-6 0 -1 -5.87123e-6 0 -1 -1.2595e-5 0 -1 3.63622e-6 0 -1 -6.13779e-6 0 -1 2.96579e-6 0 -1 6.85594e-6 0 -1 -5.3837e-6 0 -1 9.25895e-7 0 -1 1.44639e-5 0 -1 -5.48468e-6 0 -1 5.64271e-6 0 -1 -2.0424e-6 0 -1 -1.93853e-6 0 -1 -3.67778e-6 0 -1 9.6936e-7 0 -1 -4.25862e-6 0 -1 -3.87699e-6 0 -1 5.09296e-6 0 -1 -1.93847e-6 0 -1 3.87789e-6 0 -1 -3.87662e-6 0 -1 -1.93844e-6 0 -1 -3.87846e-6 0 -1 1.93845e-6 0 -1 5.94385e-6 0 -1 -3.8792e-6 0 -1 3.87551e-6 0 -1 4.49671e-5 0 -1 1.93853e-6 0 -1 3.65e-6 0 -1 8.65119e-6 0 -1 1.93877e-6 0 -1 1.93883e-6 0 -1 -3.87699e-6 0 -1 -2.13004e-5 0 -1 2.72953e-5 0 -1 -4.83629e-5 0 -1 0 0 -1 5.2425e-7 0 -1 -2.26113e-6 0 -1 -3.96371e-6 0 -1 -4.47163e-6 0 -1 -3.87049e-6 0 -1 9.23749e-6 0 -1 3.74449e-6 0 -1 -8.0389e-7 0 -1 -1.94003e-6 0 -1 1.91887e-6 0 -1 3.34368e-6 0 -1 1.98194e-6 0 -1 -3.87347e-6 0 -1 1.9405e-6 0 -1 1.31029e-5 0 -1 3.87793e-6 0 -1 1.94095e-6 0 -1 -3.50766e-6 0 -1 -3.09887e-6 0 -1 -3.56049e-6 0 -1 -1.94209e-6 0 -1 3.89303e-6 0 -1 3.37937e-6 0 -1 -3.88724e-6 0 -1 -1.93853e-6 0 -1 3.85526e-6 0 -1 4.38376e-6 0 -1 -3.441e-6 0 -1 -3.90166e-6 0 -1 -1.1536e-5 0 -1 2.77617e-6 0 -1 -3.89573e-6 0 -1 3.87654e-6 0 -1 -3.89545e-6 0 -1 -9.69783e-7 0 -1 3.89337e-6 0 -1 3.90006e-6 0 -1 -3.87519e-6 0 -1 1.94001e-6 0 -1 -1.92654e-6 0 -1 -3.8743e-6 0 -1 1.94039e-6 0 -1 2.91128e-6 0 -1 -1.92885e-6 0 -1 -1.45602e-6 0 -1 3.89667e-6 0 -1 -1.92973e-6 0 -1 1.45657e-6 0 -1 -3.8704e-6 0 -1 3.86894e-6 0 -1 3.39981e-6 0 -1 -1.21458e-6 0 -1 3.87031e-6 0 -1 -3.88415e-6 0 -1 3.88831e-6 0 -1 -3.88289e-6 0 -1 3.88936e-6 0 -1 -1.93326e-6 0 -1 3.88167e-6 0 -1 3.89333e-6 0 -1 -3.87336e-6 0 -1 -1.93401e-6 0 -1 3.88088e-6 0 -1 3.87462e-6 0 -1 1.93599e-6 0 -1 -3.87282e-6 0 -1 3.87808e-6 0 -1 3.87704e-6 0 -1 3.87375e-6 0 -1 1.93867e-6 0 -1 3.87965e-6 0 1 2.00302e-6 0 1 1.00238e-6 0 1 1.00393e-6 0 1 2.0056e-6 0 1 5.00838e-7 0 1 -5.00694e-7 0 1 5.01033e-7 0 1 -8.36425e-7 0 1 -4.01311e-6 0 1 3.34158e-6 0 1 -3.34159e-6 0 1 -6.27315e-7 0 1 1.00327e-6 0 1 4.01313e-6 0 1 5.00991e-7 0 1 -8.37061e-7 0 1 5.00837e-7 0 1 1.67332e-6 0 1 8.35785e-7 0 1 -4.0112e-6 0 1 1.00393e-6 0 1 1.00238e-6 0 1 8.37e-7 0 1 -1.00152e-6 0 1 -4.18434e-7 0 1 1.67374e-6 0 1 -2.00475e-6 0 1 -2.00785e-6 0 1 1.67223e-6 0 1 4.18053e-7 0 1 8.34977e-7 0 1 -8.35787e-7 0 1 -5.00837e-7 0 1 5.00701e-7 0 1 3.34825e-6 0 1 -5.01018e-7 0 1 2.50821e-7 0 1 8.36424e-7 0 1 -4.01311e-6 0 1 3.34158e-6 0 1 -1.00327e-6 0 1 4.01313e-6 0 1 -3.34159e-6 0 1 8.36419e-7 0 1 -1.00167e-6 0 1 8.37058e-7 0 1 -4.0112e-6 0 1 1.67332e-6 0 1 -8.35786e-7 0 1 2.00785e-6 0 1 4.18052e-7 0 1 -1.67223e-6 0 1 2.00475e-6 0 1 -1.67374e-6 0 1 4.185e-7 0 1 -6.55595e-7 0 1 1.52825e-6 0 1 -1.52977e-7 0 1 -1.28778e-6 0 1 -1.49942e-6 0 1 -8.15025e-7 0 1 1.14608e-6 0 1 -1.67219e-6 0 1 7.46591e-7 0 1 -4.18235e-7 0 1 8.3617e-7 0 1 1.28777e-6 0 1 -1.30036e-6 0 1 4.90103e-7 0 1 1.44198e-6 0 1 -9.50503e-7 0 1 8.74127e-7 0 1 -1.52825e-6 0 1 -1.29804e-6 0 1 5.57435e-7 0 1 -7.46591e-7 0 1 8.15027e-7 0 1 -2.00163e-6 0 1 -5.57462e-7 0 1 -1.14608e-6 0 1 2.69165e-7 -7.15473e-7 0 -1 3.95073e-6 0 -1 3.57736e-7 0 -1 -3.64096e-7 0 -1 8.4719e-7 0 -1 -3.9515e-6 0 -1 0.4082416 0.9128741 0 0.4663884 0.8845801 0 0.4082415 0.9128741 0 -0.7234013 0.6904278 0 0.5226386 0.8525544 0 0.4663883 0.8845801 0 -0.6772472 0.7357556 0 -0.7234075 0.6904214 0 0.5766649 0.8169807 0 0.5226386 0.8525544 0 -0.6282576 0.7780054 0 -0.6772503 0.7357527 0 0.6282591 0.7780042 0 0.5766642 0.8169813 0 -0.5766657 0.8169803 0 -0.6282605 0.778003 0 0.6772503 0.7357527 0 0.6282598 0.7780036 0 0.7234036 0.6904255 0 0.6772487 0.7357541 0 -0.5226379 0.8525549 0 -0.5766657 0.8169803 0 0.7234036 0.6904255 0 -0.4663878 0.8845804 0 -0.522638 0.8525549 0 -0.4082404 0.9128745 0 -0.466389 0.8845798 0 -0.3483977 0.9373469 0 -0.4082415 0.9128741 0 -0.2870528 0.9579149 0 -0.3483987 0.9373465 0 -0.2244926 0.9744759 0 -0.2870536 0.9579145 0 -0.1610248 0.9869504 0 -0.2244932 0.9744758 0 -0.09693485 0.9952908 0 -0.1610252 0.9869503 0 -0.09693545 0.9952908 0 -0.03231436 0.9994778 0 -0.03231447 0.9994778 0 0.03231447 0.9994778 0 0.09693545 0.9952908 0 0.09693545 0.9952908 0 0.1610243 0.9869505 0 0.1610247 0.9869504 0 0.2244932 0.9744758 0 0.2244925 0.9744759 0 0.2870536 0.9579145 0 0.2870536 0.9579145 0 0.3483972 0.9373471 0 0.3483977 0.9373469 0 0 1 2.14649e-6 0 1 -1.46983e-6 0 1 -2.14466e-6 0 1 1.47114e-6 0 1 -2.14451e-6 0 1 1.47083e-6 0 1 2.25168e-6 0 1 -4.38303e-7 0 1 5.55864e-6 0 1 -2.44748e-6 0 1 1.93608e-6 0 1 -1.85562e-6 0 1 1.80443e-6 0 1 -7.70976e-7 0 1 -1.91574e-6 0 1 -2.22928e-6 0 1 2.17116e-6 0 1 3.33875e-7 0 1 5.2007e-7 0 1 1.4819e-6 0 1 -2.14598e-6 0 1 -5.27781e-7 0 1 1.48109e-6 0 1 2.03056e-7 0 1 7.02487e-7 0 1 -6.64432e-7 0 1 0 0 1 1.48209e-6 0 1 1.481e-6 0 1 1.17823e-6 0 1 -1.10229e-6 0 1 -1.74546e-7 0 1 -2.14444e-6 0 1 1.4811e-6 0 1 1.0086e-6 0 1 3.1562e-6 0 1 0 0 1 -2.14491e-6 0 1 8.23579e-7 0 1 -4.03442e-7 0 1 3.257e-7 0 1 -3.32499e-7 0 1 -2.37802e-6 0 1 -1.87731e-6 0 1 -3.418e-7 0 1 -1.80443e-6 0 1 3.71124e-6 0 1 2.16993e-6 0 1 -2.227e-6 0 1 2.32109e-6 0 1 -2.66367e-6 0 1 -2.14437e-6 0 1 1.47098e-6 0 1 -1.47097e-6 0 1 2.14449e-6 0 1 -1.47112e-6 0 1 2.14625e-6 0 1 2.14461e-6 0 1 -1.4709e-6 -0.9991469 0 0.04129642 -0.999147 0 0.04129618 -0.992315 0 0.1237378 -0.992315 0 0.1237379 -0.9787205 0 0.2051982 -0.9787202 0 0.2051994 -0.9584376 0 0.2853025 -0.9584375 0 0.2853028 -0.9315757 0 0.3635476 -0.9315752 0 0.363549 -0.898392 0 0.4391946 -0.8983921 0 0.4391944 -0.8590536 0 0.5118857 -0.813854 0 0.5810694 -0.8590552 0 0.511883 -0.813852 0 0.5810722 -0.7630926 0 0.6462891 -0.7071093 0 0.7071043 -0.7071065 0 0.7071071 -0.6462884 0 0.7630933 -0.6462913 0 0.7630908 -0.5810675 0 0.8138554 -0.5810711 0 0.8138528 -0.5118865 0 0.8590532 -0.5118828 0 0.8590553 -0.4391939 0 0.8983923 -0.4391943 0 0.898392 -0.3635507 0 0.9315745 -0.3635465 0 0.9315761 -0.285299 0 0.9584386 -0.2853126 0 0.9584345 -0.205202 0 0.9787197 -0.2051876 0 0.9787227 -0.1237378 0 0.992315 -0.1237328 0 0.9923156 -0.04130172 0 0.9991468 -0.04129666 0 0.9991469 0.04129678 0 0.9991469 0.04130172 0 0.9991468 0.1237328 0 0.9923156 0.1237378 0 0.992315 0.2051882 0 0.9787225 0.2052022 0 0.9787196 0.3635465 0 0.9315761 0.2853122 0 0.9584347 0.2852981 0 0.9584389 0.3635507 0 0.9315745 0.4391946 0 0.898392 0.511886 0 0.8590536 0.5118823 0 0.8590557 0.5810681 0 0.8138549 0.5810717 0 0.8138524 0.6462919 0 0.7630903 0.7071052 0 0.7071084 0.646289 0 0.7630928 0.7630926 0 0.6462891 0.7071081 0 0.7071056 0.813854 0 0.5810694 0.813852 0 0.5810722 0.8590545 0 0.5118843 0.8983921 0 0.4391944 0.8590558 0 0.5118822 0.898392 0 0.4391946 0.9315758 0 0.3635473 0.931575 0 0.3635492 0.9584369 0 0.2853048 0.9787204 0 0.2051982 0.9787207 0 0.2051972 0.9923152 0 0.1237367 0.9923152 0 0.1237365 0.999147 0 0.04129737 0.999147 0 0.04129761 0.999147 0 -0.04129737 0.999147 0 -0.04129761 0.9923151 0 -0.1237373 0.9923152 0 -0.1237365 0.9787204 0 -0.2051982 0.9787207 0 -0.2051972 0.9584373 0 -0.2853034 0.9584369 0 -0.2853048 0.9315758 0 -0.3635473 0.931575 0 -0.3635492 0.898393 0 -0.4391924 0.8590545 0 -0.5118843 0.898392 0 -0.4391946 0.813854 0 -0.5810694 0.813852 0 -0.5810722 0.7630907 0 -0.6462916 0.7071065 0 -0.7071071 0.7630949 0 -0.6462867 0.7071068 0 -0.7071068 0.646289 0 -0.7630928 0.6462905 0 -0.7630915 0.5810715 0 -0.8138526 0.5118841 0 -0.8590546 0.5810701 0 -0.8138536 0.5118823 0 -0.8590557 0.4391946 0 -0.898392 0.3635487 0 -0.9315753 0.3635485 0 -0.9315754 0.285305 0 -0.9584369 0.2853031 0 -0.9584374 0.205195 0 -0.9787211 0.2052002 0 -0.9787201 0.1237378 0 -0.992315 0.1237353 0 -0.9923154 0.04129928 0 -0.9991469 -0.04129916 0 -0.9991468 -0.04129922 0 -0.9991468 -0.1237353 0 -0.9923154 -0.2051948 0 -0.9787212 -0.1237378 0 -0.992315 -0.2051996 0 -0.9787203 -0.2853059 0 -0.9584366 -0.2853034 0 -0.9584373 -0.3635485 0 -0.9315754 -0.3635487 0 -0.9315753 -0.4391939 0 -0.8983923 -0.4391943 0 -0.898392 -0.5118828 0 -0.8590553 -0.5118846 0 -0.8590543 -0.5810708 0 -0.813853 -0.5810695 0 -0.813854 -0.6462884 0 -0.7630933 -0.6462898 0 -0.7630921 -0.7071077 0 -0.7071059 -0.7071081 0 -0.7071056 -0.7630907 0 -0.6462916 -0.7630949 0 -0.6462867 -0.813854 0 -0.5810694 -0.813852 0 -0.5810722 -0.8590539 0 -0.5118853 -0.8590536 0 -0.5118857 -0.8983929 0 -0.4391927 -0.8983921 0 -0.4391944 -0.9315757 0 -0.3635476 -0.9315752 0 -0.363549 -0.9584375 0 -0.2853028 -0.9584379 0 -0.2853011 -0.9787202 0 -0.2051994 -0.9787205 0 -0.2051982 -0.9923149 0 -0.1237385 -0.992315 0 -0.1237378 -0.999147 0 -0.04129618 -0.9991469 0 -0.04129642 -4.41915e-6 0 1 5.53474e-6 0 1 -6.62006e-6 0 1 -7.65835e-7 0 1 9.63489e-7 0 1 -6.61446e-6 0 1 -1.702e-7 0 1 4.13229e-7 0 1 -2.76789e-7 0 1 -1.38093e-7 0 1 3.31178e-6 0 1 6.61463e-6 0 1 2.66422e-6 0 1 1.32356e-5 0 1 -2.36797e-7 0 1 1.32338e-5 0 1</float_array>
          <technique_common>
            <accessor source="#shape0_013-mesh-normals-array" count="6339" stride="3">
              <param name="X" type="float"/>
              <param name="Y" type="float"/>
              <param name="Z" type="float"/>
            </accessor>
          </technique_common>
        </source>
        <vertices id="shape0_013-mesh-vertices">
          <input semantic="POSITION" source="#shape0_013-mesh-positions"/>
        </vertices>
        <triangles material="R3MPerception-Metallic-material" count="8008">
          <input semantic="VERTEX" source="#shape0_013-mesh-vertices" offset="0"/>
          <input semantic="NORMAL" source="#shape0_013-mesh-normals" offset="1"/>
          <p>0 0 1 0 2 0 2 1 1 1 3 1 1 2 4 2 3 2 0 3 2 3 5 3 6 3 0 3 5 3 3 4 4 4 7 4 4 3 8 3 7 3 9 3 6 3 10 3 6 3 5 3 10 3 8 5 11 5 12 5 7 6 8 6 12 6 13 3 9 3 14 3 9 7 10 7 14 7 11 3 15 3 16 3 12 3 11 3 16 3 17 8 13 8 18 8 13 9 14 9 18 9 16 3 15 3 19 3 15 3 20 3 19 3 21 10 17 10 22 10 17 3 18 3 22 3 20 11 23 11 24 11 19 3 20 3 24 3 25 12 21 12 26 12 21 13 22 13 26 13 23 3 27 3 28 3 24 14 23 14 28 14 25 3 26 3 29 3 30 15 25 15 29 15 27 16 31 16 32 16 28 17 27 17 32 17 30 3 29 3 33 3 34 18 30 18 33 18 32 3 31 3 35 3 31 3 36 3 35 3 35 19 36 19 37 19 38 3 34 3 39 3 34 20 33 20 39 20 35 3 37 3 40 3 40 21 37 21 41 21 38 3 39 3 42 3 43 22 38 22 42 22 40 23 41 23 44 23 44 24 41 24 45 24 43 3 42 3 46 3 47 3 43 3 46 3 44 25 45 25 48 25 48 26 45 26 49 26 47 3 46 3 50 3 51 27 47 27 50 27 48 3 49 3 52 3 51 3 50 3 53 3 52 28 49 28 54 28 51 29 53 29 55 29 52 3 54 3 56 3 55 30 53 30 57 30 56 3 54 3 58 3 55 3 57 3 59 3 56 3 58 3 60 3 59 3 57 3 61 3 60 31 58 31 62 31 59 3 61 3 63 3 60 32 62 32 64 32 63 3 61 3 65 3 64 3 62 3 66 3 63 3 65 3 67 3 64 33 66 33 68 33 67 34 65 34 69 34 68 35 66 35 70 35 67 3 69 3 71 3 68 36 70 36 72 36 71 3 69 3 73 3 72 37 70 37 74 37 71 3 73 3 75 3 72 3 74 3 76 3 75 3 73 3 77 3 76 3 74 3 78 3 75 3 77 3 79 3 76 3 78 3 80 3 79 3 77 3 81 3 80 3 78 3 82 3 79 3 81 3 83 3 80 38 82 38 84 38 83 3 81 3 85 3 84 3 82 3 86 3 83 3 85 3 87 3 84 39 86 39 88 39 87 40 85 40 89 40 87 3 89 3 90 3 88 41 86 41 91 41 92 3 88 3 91 3 90 42 89 42 93 42 92 3 91 3 94 3 95 43 92 43 94 43 90 3 93 3 96 3 96 44 93 44 97 44 95 45 94 45 98 45 99 3 95 3 98 3 96 3 97 3 100 3 100 46 97 46 101 46 99 3 98 3 102 3 103 47 99 47 102 47 100 48 101 48 104 48 104 49 101 49 105 49 104 3 105 3 106 3 103 50 102 50 107 50 108 51 103 51 107 51 105 52 109 52 110 52 106 3 105 3 110 3 108 3 107 3 111 3 112 3 108 3 111 3 109 53 113 53 114 53 110 54 109 54 114 54 112 3 111 3 115 3 116 3 112 3 115 3 113 14 117 14 118 14 114 3 113 3 118 3 116 3 115 3 119 3 120 55 116 55 119 55 117 56 121 56 122 56 118 3 117 3 122 3 120 3 119 3 123 3 124 57 120 57 123 57 121 3 125 3 126 3 122 3 121 3 126 3 124 3 123 3 127 3 128 58 124 58 127 58 129 3 128 3 130 3 128 3 127 3 130 3 125 3 131 3 132 3 126 59 125 59 132 59 129 3 130 3 133 3 134 3 129 3 133 3 131 3 135 3 136 3 132 3 131 3 136 3 136 60 135 60 137 60 135 3 138 3 137 3 134 3 133 3 139 3 140 61 134 61 139 61 137 3 138 3 141 3 140 3 139 3 141 3 138 3 140 3 141 3 142 62 143 62 144 62 142 63 144 63 145 63 146 64 147 64 148 64 146 65 149 65 147 65 150 66 151 66 152 66 150 67 152 67 143 67 153 68 154 68 155 68 153 69 155 69 156 69 153 70 157 70 154 70 158 71 159 71 160 71 158 72 161 72 159 72 162 73 163 73 164 73 158 74 160 74 165 74 166 75 167 75 168 75 166 76 168 76 169 76 162 77 164 77 170 77 171 78 172 78 173 78 171 79 173 79 174 79 175 80 145 80 176 80 177 81 178 81 157 81 175 82 142 82 145 82 177 83 179 83 178 83 180 84 165 84 181 84 182 85 183 85 184 85 182 86 185 86 183 86 182 87 25 87 30 87 186 88 123 88 187 88 182 89 30 89 185 89 186 90 187 90 161 90 188 91 165 91 180 91 188 92 158 92 165 92 189 93 190 93 191 93 192 94 180 94 181 94 192 95 181 95 193 95 194 96 195 96 196 96 197 97 146 97 148 97 198 98 193 98 199 98 200 99 201 99 202 99 203 100 162 100 170 100 203 101 170 101 190 101 204 102 143 102 142 102 204 103 150 103 143 103 205 104 153 104 156 104 206 105 207 105 208 105 209 106 191 106 149 106 206 107 176 107 207 107 209 108 149 108 146 108 210 109 151 109 150 109 211 110 177 110 157 110 210 111 169 111 151 111 211 112 157 112 153 112 210 113 150 113 204 113 212 114 186 114 161 114 212 115 158 115 188 115 213 116 184 116 163 116 212 117 161 117 158 117 214 118 167 118 166 118 213 119 163 119 162 119 214 120 202 120 167 120 215 121 156 121 172 121 216 122 204 122 142 122 215 123 172 123 171 123 217 124 218 124 219 124 216 125 142 125 175 125 217 126 174 126 218 126 220 127 179 127 177 127 221 128 188 128 180 128 222 129 212 129 188 129 220 130 196 130 179 130 222 131 188 131 221 131 223 132 190 132 189 132 223 133 203 133 190 133 224 134 221 134 180 134 224 135 180 135 192 135 225 136 146 136 197 136 226 137 193 137 198 137 227 138 213 138 162 138 228 139 204 139 216 139 228 140 210 140 204 140 227 141 162 141 203 141 229 142 211 142 153 142 230 143 176 143 206 143 229 144 153 144 205 144 230 145 175 145 176 145 231 146 191 146 209 146 231 147 189 147 191 147 232 148 169 148 210 148 232 149 166 149 169 149 233 150 127 150 123 150 234 151 177 151 211 151 234 152 220 152 177 152 233 153 186 153 212 153 235 154 25 154 182 154 233 155 123 155 186 155 233 156 212 156 222 156 236 157 200 157 202 157 235 158 21 158 25 158 235 159 184 159 213 159 235 160 182 160 184 160 237 161 205 161 156 161 236 162 202 162 214 162 237 163 156 163 215 163 238 164 228 164 216 164 239 165 215 165 171 165 239 166 174 166 217 166 239 167 171 167 174 167 240 168 222 168 221 168 241 169 194 169 196 169 242 170 208 170 243 170 242 171 243 171 244 171 241 172 196 172 220 172 242 173 206 173 208 173 245 174 203 174 223 174 246 175 127 175 233 175 245 176 227 176 203 176 246 177 233 177 222 177 246 178 222 178 240 178 247 179 217 179 219 179 247 180 219 180 248 180 247 181 248 181 249 181 250 182 221 182 224 182 250 183 240 183 221 183 251 184 192 184 193 184 252 185 209 185 146 185 252 186 146 186 225 186 251 187 193 187 226 187 251 188 224 188 192 188 252 189 231 189 209 189 253 190 213 190 227 190 253 191 21 191 235 191 253 192 235 192 213 192 254 193 232 193 210 193 255 194 211 194 229 194 254 195 210 195 228 195 255 196 234 196 211 196 256 197 175 197 230 197 257 198 223 198 189 198 256 199 216 199 175 199 257 200 189 200 231 200 258 201 234 201 255 201 258 202 220 202 234 202 258 203 241 203 220 203 259 204 166 204 232 204 259 205 214 205 166 205 260 206 229 206 205 206 261 207 198 207 262 207 260 208 205 208 237 208 261 209 226 209 198 209 263 210 228 210 238 210 263 211 254 211 228 211 264 212 215 212 239 212 265 213 130 213 127 213 265 214 246 214 240 214 265 215 127 215 246 215 266 216 225 216 197 216 266 217 197 217 267 217 268 218 230 218 206 218 268 219 206 219 242 219 269 220 253 220 227 220 269 221 17 221 21 221 269 222 227 222 245 222 270 223 240 223 250 223 269 224 21 224 253 224 270 225 265 225 240 225 271 226 217 226 247 226 272 227 250 227 224 227 271 228 239 228 217 228 272 229 224 229 251 229 273 230 231 230 252 230 274 231 232 231 254 231 273 232 257 232 231 232 274 233 259 233 232 233 274 234 254 234 263 234 275 235 258 235 255 235 276 236 238 236 216 236 276 237 216 237 256 237 277 238 223 238 257 238 277 239 245 239 223 239 278 240 236 240 214 240 279 241 280 241 281 241 282 242 267 242 283 242 278 243 214 243 259 243 284 244 242 244 244 244 282 245 266 245 267 245 284 246 268 246 242 246 285 247 255 247 229 247 285 248 229 248 260 248 286 249 251 249 226 249 287 250 237 250 215 250 286 251 226 251 261 251 288 252 274 252 263 252 287 253 260 253 237 253 287 254 215 254 264 254 289 255 276 255 256 255 290 256 271 256 247 256 290 257 247 257 249 257 289 258 230 258 268 258 291 259 252 259 225 259 289 260 256 260 230 260 291 261 225 261 266 261 292 262 133 262 130 262 292 263 130 263 265 263 293 264 264 264 239 264 292 265 265 265 270 265 294 266 250 266 272 266 293 267 239 267 271 267 294 268 270 268 250 268 295 269 279 269 281 269 296 270 257 270 273 270 295 271 281 271 297 271 296 272 277 272 257 272 298 273 283 273 299 273 300 274 238 274 276 274 300 275 263 275 238 275 298 276 282 276 283 276 301 277 17 277 269 277 302 278 262 278 279 278 301 279 269 279 245 279 301 280 245 280 277 280 302 281 261 281 262 281 302 282 286 282 261 282 303 283 304 283 305 283 306 284 266 284 282 284 303 285 307 285 304 285 306 286 291 286 266 286 308 287 255 287 285 287 308 288 275 288 255 288 309 289 268 289 284 289 310 290 272 290 251 290 311 291 260 291 287 291 310 292 251 292 286 292 312 293 290 293 249 293 313 294 295 294 297 294 312 295 249 295 314 295 315 296 271 296 290 296 316 297 276 297 289 297 315 298 293 298 271 298 317 299 292 299 270 299 318 300 273 300 252 300 318 301 252 301 291 301 317 302 270 302 294 302 319 303 287 303 264 303 320 304 303 304 305 304 321 305 279 305 295 305 319 306 264 306 293 306 321 307 295 307 313 307 322 308 277 308 296 308 321 309 302 309 279 309 322 310 301 310 277 310 323 311 263 311 300 311 324 312 312 312 314 312 323 313 288 313 263 313 325 314 282 314 298 314 326 315 286 315 302 315 325 316 306 316 282 316 327 317 318 317 291 317 327 318 306 318 325 318 327 319 291 319 306 319 328 320 329 320 307 320 328 321 307 321 303 321 330 322 325 322 298 322 330 323 299 323 331 323 330 324 298 324 299 324 332 325 285 325 260 325 333 326 268 326 309 326 333 327 289 327 268 327 332 328 260 328 311 328 334 329 272 329 310 329 335 330 315 330 290 330 334 331 294 331 272 331 335 332 290 332 312 332 336 333 321 333 313 333 337 334 293 334 315 334 338 335 300 335 276 335 337 336 319 336 293 336 338 337 323 337 300 337 338 338 276 338 316 338 339 339 273 339 318 339 340 340 292 340 317 340 340 341 133 341 292 341 339 342 296 342 273 342 341 343 311 343 287 343 342 344 303 344 320 344 342 345 328 345 303 345 341 346 287 346 319 346 343 347 17 347 301 347 343 348 301 348 322 348 343 349 13 349 17 349 344 350 302 350 321 350 345 351 335 351 312 351 344 352 326 352 302 352 346 353 313 353 297 353 345 354 312 354 324 354 346 355 297 355 347 355 348 356 327 356 325 356 349 357 310 357 286 357 349 358 286 358 326 358 350 359 318 359 327 359 349 360 326 360 344 360 350 361 339 361 318 361 351 362 329 362 328 362 351 363 352 363 329 363 353 364 325 364 330 364 354 365 305 365 355 365 354 366 320 366 305 366 356 367 308 367 285 367 356 368 285 368 332 368 357 369 289 369 333 369 357 370 316 370 289 370 358 371 315 371 335 371 359 372 317 372 294 372 358 373 337 373 315 373 359 374 294 374 334 374 360 375 319 375 337 375 361 376 321 376 336 376 360 377 341 377 319 377 361 378 344 378 321 378 362 379 314 379 363 379 362 380 324 380 314 380 364 381 323 381 338 381 365 382 346 382 347 382 366 383 322 383 296 383 366 384 296 384 339 384 367 385 328 385 342 385 367 386 351 386 328 386 368 387 332 387 311 387 369 388 344 388 361 388 368 389 311 389 341 389 369 390 349 390 344 390 370 391 358 391 335 391 371 392 313 392 346 392 371 393 336 393 313 393 370 394 335 394 345 394 372 395 310 395 349 395 372 396 334 396 310 396 373 397 350 397 327 397 373 398 327 398 348 398 374 399 352 399 351 399 374 400 351 400 367 400 375 401 339 401 350 401 374 402 376 402 352 402 375 403 366 403 339 403 377 404 320 404 354 404 377 405 342 405 320 405 378 406 348 406 325 406 378 407 325 407 353 407 379 408 316 408 357 408 380 409 353 409 330 409 380 410 331 410 381 410 380 411 330 411 331 411 379 412 338 412 316 412 382 413 317 413 359 413 383 414 337 414 358 414 383 415 360 415 337 415 382 416 139 416 133 416 382 417 133 417 340 417 382 418 340 418 317 418 383 419 358 419 370 419 384 420 368 420 341 420 385 421 369 421 361 421 384 422 341 422 360 422 386 423 371 423 346 423 386 424 346 424 365 424 387 425 324 425 362 425 387 426 345 426 324 426 388 427 322 427 366 427 388 428 343 428 322 428 389 429 374 429 367 429 388 430 9 430 13 430 390 431 349 431 369 431 388 432 13 432 343 432 391 433 332 433 368 433 390 434 369 434 385 434 390 435 372 435 349 435 392 436 336 436 371 436 391 437 356 437 332 437 393 438 383 438 370 438 392 439 361 439 336 439 394 440 359 440 334 440 394 441 334 441 372 441 395 442 350 442 373 442 396 443 355 443 397 443 395 444 375 444 350 444 396 445 397 445 398 445 399 446 362 446 363 446 399 447 363 447 400 447 401 448 402 448 403 448 396 449 354 449 355 449 404 450 376 450 374 450 405 451 366 451 375 451 405 452 9 452 388 452 404 453 406 453 376 453 407 454 342 454 377 454 405 455 388 455 366 455 408 456 373 456 348 456 408 457 348 457 378 457 407 458 367 458 342 458 409 459 410 459 411 459 412 460 353 460 380 460 409 461 365 461 410 461 413 462 384 462 360 462 414 463 390 463 385 463 413 464 360 464 383 464 415 465 371 465 386 465 416 466 391 466 368 466 416 467 368 467 384 467 417 468 374 468 389 468 418 469 370 469 345 469 418 470 345 470 387 470 417 471 404 471 374 471 419 472 372 472 390 472 419 473 390 473 414 473 419 474 394 474 372 474 420 475 381 475 421 475 422 476 385 476 361 476 422 477 361 477 392 477 420 478 380 478 381 478 423 479 359 479 394 479 423 480 141 480 139 480 423 481 139 481 382 481 424 482 383 482 393 482 424 483 413 483 383 483 423 484 382 484 359 484 425 485 6 485 9 485 425 486 375 486 395 486 425 487 405 487 375 487 425 488 9 488 405 488 426 489 354 489 396 489 427 490 387 490 362 490 426 491 377 491 354 491 427 492 418 492 387 492 427 493 362 493 399 493 428 494 409 494 411 494 428 495 411 495 429 495 430 496 395 496 373 496 430 497 373 497 408 497 431 498 367 498 407 498 431 499 389 499 367 499 432 500 378 500 353 500 432 501 353 501 412 501 433 502 386 502 365 502 433 503 365 503 409 503 434 504 384 504 413 504 434 505 416 505 384 505 435 506 419 506 414 506 436 507 396 507 398 507 437 508 391 508 416 508 436 509 426 509 396 509 438 510 420 510 421 510 439 511 422 511 392 511 440 512 393 512 370 512 439 513 371 513 415 513 440 514 370 514 418 514 439 515 392 515 371 515 441 516 404 516 417 516 441 517 442 517 404 517 443 518 401 518 403 518 443 519 444 519 401 519 445 520 419 520 435 520 445 521 394 521 419 521 445 522 423 522 394 522 446 523 412 523 380 523 445 524 141 524 423 524 446 525 380 525 420 525 447 526 414 526 385 526 447 527 385 527 422 527 448 528 434 528 413 528 448 529 413 529 424 529 449 530 407 530 377 530 449 531 377 531 426 531 449 532 431 532 407 532 450 533 418 533 427 533 451 534 428 534 452 534 453 535 6 535 425 535 453 536 395 536 430 536 451 537 409 537 428 537 453 538 425 538 395 538 451 539 433 539 409 539 454 540 408 540 378 540 455 541 389 541 431 541 455 542 417 542 389 542 454 543 378 543 432 543 456 544 437 544 416 544 457 545 398 545 458 545 459 546 460 546 461 546 457 547 436 547 398 547 462 548 439 548 415 548 456 549 416 549 434 549 463 550 446 550 420 550 462 551 415 551 386 551 463 552 420 552 438 552 462 553 386 553 433 553 464 554 141 554 445 554 464 555 137 555 141 555 464 556 445 556 435 556 465 557 393 557 440 557 466 558 426 558 436 558 465 559 424 559 393 559 466 560 436 560 457 560 467 561 447 561 422 561 468 562 403 562 469 562 468 563 443 563 403 563 467 564 422 564 439 564 470 565 471 565 444 565 470 566 444 566 443 566 472 567 451 567 452 567 473 568 435 568 414 568 474 569 432 569 412 569 474 570 412 570 446 570 473 571 414 571 447 571 475 572 431 572 449 572 476 573 459 573 461 573 477 574 440 574 418 574 478 575 462 575 433 575 477 576 418 576 450 576 477 577 465 577 440 577 478 578 433 578 451 578 479 579 441 579 417 579 480 580 408 580 454 580 480 581 430 581 408 581 479 582 417 582 455 582 481 583 468 583 469 583 482 584 457 584 458 584 483 585 466 585 457 585 484 586 438 586 459 586 485 587 439 587 462 587 484 588 463 588 438 588 486 589 446 589 463 589 486 590 474 590 446 590 487 591 426 591 466 591 488 592 448 592 424 592 488 593 424 593 465 593 487 594 449 594 426 594 489 595 447 595 467 595 490 596 443 596 468 596 489 597 473 597 447 597 491 598 451 598 472 598 490 599 470 599 443 599 491 600 478 600 451 600 492 601 471 601 470 601 492 602 493 602 471 602 494 603 137 603 464 603 494 604 435 604 473 604 494 605 464 605 435 605 495 606 432 606 474 606 496 607 479 607 455 607 495 608 454 608 432 608 496 609 455 609 431 609 497 610 459 610 476 610 496 611 431 611 475 611 497 612 484 612 459 612 498 613 462 613 478 613 498 614 485 614 462 614 499 615 452 615 500 615 501 616 465 616 477 616 502 617 453 617 430 617 499 618 472 618 452 618 502 619 430 619 480 619 502 620 0 620 6 620 502 621 6 621 453 621 503 622 483 622 457 622 504 623 490 623 468 623 504 624 468 624 481 624 503 625 457 625 482 625 505 626 487 626 466 626 505 627 466 627 483 627 506 628 486 628 463 628 507 629 458 629 508 629 506 630 463 630 484 630 507 631 482 631 458 631 509 632 495 632 474 632 510 633 439 633 485 633 510 634 467 634 439 634 509 635 474 635 486 635 511 636 476 636 461 636 512 637 475 637 449 637 511 638 461 638 513 638 512 639 449 639 487 639 512 640 487 640 505 640 514 641 470 641 490 641 514 642 492 642 470 642 515 643 473 643 489 643 515 644 494 644 473 644 516 645 478 645 491 645 517 646 481 646 469 646 517 647 504 647 481 647 516 648 498 648 478 648 517 649 469 649 518 649 519 650 479 650 496 650 520 651 499 651 500 651 521 652 493 652 492 652 521 653 522 653 493 653 523 654 498 654 516 654 523 655 485 655 498 655 524 656 454 656 495 656 523 657 510 657 485 657 524 658 480 658 454 658 525 659 472 659 499 659 526 660 484 660 497 660 525 661 491 661 472 661 526 662 506 662 484 662 527 663 483 663 503 663 527 664 505 664 483 664 528 665 505 665 527 665 529 666 465 666 501 666 529 667 488 667 465 667 528 668 512 668 505 668 530 669 490 669 504 669 531 670 482 670 507 670 531 671 503 671 482 671 530 672 514 672 490 672 532 673 489 673 467 673 532 674 467 674 510 674 533 675 506 675 526 675 533 676 486 676 506 676 533 677 509 677 486 677 534 678 496 678 475 678 535 679 524 679 495 679 534 680 475 680 512 680 535 681 495 681 509 681 536 682 136 682 137 682 537 683 497 683 476 683 536 684 494 684 515 684 536 685 137 685 494 685 537 686 476 686 511 686 538 687 514 687 530 687 539 688 523 688 516 688 540 689 499 689 520 689 538 690 492 690 514 690 538 691 521 691 492 691 540 692 525 692 499 692 541 693 504 693 517 693 542 694 532 694 510 694 542 695 510 695 523 695 543 696 491 696 525 696 544 697 522 697 521 697 544 698 545 698 522 698 543 699 516 699 491 699 546 700 502 700 480 700 546 701 1 701 0 701 546 702 480 702 524 702 546 703 0 703 502 703 547 704 528 704 527 704 548 705 512 705 528 705 549 706 533 706 526 706 548 707 534 707 512 707 550 708 511 708 513 708 551 709 527 709 503 709 550 710 513 710 552 710 553 711 538 711 530 711 551 712 503 712 531 712 554 713 508 713 555 713 554 714 531 714 507 714 554 715 507 715 508 715 556 716 535 716 509 716 557 717 515 717 489 717 556 718 509 718 533 718 557 719 489 719 532 719 558 720 546 720 524 720 559 721 519 721 496 721 559 722 496 722 534 722 558 723 524 723 535 723 560 724 517 724 518 724 560 725 518 725 561 725 560 726 561 726 562 726 559 727 534 727 548 727 563 728 542 728 523 728 564 729 497 729 537 729 563 730 523 730 539 730 564 731 526 731 497 731 565 732 521 732 538 732 566 733 525 733 540 733 565 734 538 734 553 734 567 735 532 735 542 735 567 736 557 736 532 736 565 737 544 737 521 737 568 738 504 738 541 738 568 739 530 739 504 739 569 740 516 740 543 740 569 741 539 741 516 741 568 742 553 742 530 742 570 743 545 743 544 743 571 744 528 744 547 744 572 745 550 745 552 745 571 746 548 746 528 746 573 747 559 747 548 747 574 748 556 748 533 748 574 749 533 749 549 749 575 750 511 750 550 750 576 751 577 751 578 751 579 752 547 752 527 752 579 753 527 753 551 753 575 754 537 754 511 754 580 755 531 755 554 755 581 756 565 756 553 756 582 757 136 757 536 757 582 758 132 758 136 758 583 759 535 759 556 759 583 760 558 760 535 760 582 761 536 761 515 761 582 762 515 762 557 762 584 763 585 763 586 763 587 764 1 764 546 764 587 765 546 765 558 765 584 766 520 766 585 766 587 767 4 767 1 767 584 768 540 768 520 768 588 769 517 769 560 769 589 770 567 770 542 770 589 771 542 771 563 771 590 772 555 772 591 772 590 773 591 773 592 773 588 774 541 774 517 774 593 775 526 775 564 775 590 776 580 776 554 776 593 777 549 777 526 777 590 778 554 778 555 778 594 779 543 779 525 779 595 780 544 780 565 780 594 781 525 781 566 781 595 782 570 782 544 782 594 783 569 783 543 783 596 784 557 784 567 784 596 785 132 785 582 785 597 786 553 786 568 786 596 787 582 787 557 787 598 788 539 788 569 788 598 789 563 789 539 789 599 790 575 790 550 790 599 791 550 791 572 791 600 792 573 792 548 792 600 793 548 793 571 793 601 794 556 794 574 794 601 795 583 795 556 795 602 796 573 796 600 796 603 797 560 797 562 797 604 798 584 798 586 798 603 799 588 799 560 799 605 800 537 800 575 800 606 801 571 801 547 801 605 802 564 802 537 802 606 803 547 803 579 803 607 804 531 804 580 804 608 805 565 805 581 805 608 806 595 806 565 806 607 807 579 807 551 807 36 808 31 808 609 808 607 809 551 809 531 809 610 810 578 810 611 810 612 811 584 811 604 811 610 812 611 812 613 812 614 813 558 813 583 813 610 814 576 814 578 814 612 815 566 815 540 815 614 816 4 816 587 816 614 817 587 817 558 817 612 818 540 818 584 818 615 819 541 819 588 819 612 820 594 820 566 820 616 821 596 821 567 821 616 822 126 822 132 822 617 823 576 823 610 823 616 824 132 824 596 824 615 825 568 825 541 825 616 826 567 826 589 826 617 827 618 827 576 827 619 828 607 828 580 828 619 829 580 829 590 829 620 830 610 830 613 830 621 831 574 831 549 831 620 832 617 832 610 832 621 833 549 833 593 833 622 834 598 834 569 834 622 835 569 835 594 835 623 836 624 836 625 836 626 837 563 837 598 837 623 838 572 838 624 838 627 839 618 839 617 839 623 840 599 840 572 840 627 841 628 841 618 841 626 842 589 842 563 842 629 843 553 843 597 843 629 844 581 844 553 844 630 845 602 845 600 845 631 846 613 846 632 846 631 847 620 847 613 847 629 848 608 848 581 848 633 849 612 849 604 849 634 850 603 850 562 850 635 851 627 851 617 851 634 852 562 852 636 852 635 853 620 853 631 853 637 854 600 854 571 854 635 855 617 855 620 855 638 856 628 856 627 856 637 857 571 857 606 857 639 858 575 858 599 858 639 859 605 859 575 859 640 860 583 860 601 860 641 861 579 861 607 861 638 862 642 862 628 862 640 863 4 863 614 863 640 864 8 864 4 864 640 865 614 865 583 865 643 866 603 866 634 866 643 867 588 867 603 867 644 868 619 868 590 868 644 869 590 869 592 869 643 870 615 870 588 870 645 871 564 871 605 871 646 872 635 872 631 872 647 873 631 873 632 873 648 874 594 874 612 874 645 875 593 875 564 875 647 876 646 876 631 876 649 877 638 877 627 877 650 878 607 878 619 878 649 879 627 879 635 879 651 880 623 880 625 880 650 881 641 881 607 881 652 882 626 882 598 882 653 883 642 883 638 883 652 884 598 884 622 884 654 885 597 885 568 885 653 886 655 886 642 886 656 887 126 887 616 887 656 888 616 888 589 888 654 889 568 889 615 889 656 890 589 890 626 890 657 891 574 891 621 891 657 892 601 892 574 892 658 893 599 893 623 893 659 894 649 894 635 894 660 895 604 895 661 895 659 896 635 896 646 896 660 897 633 897 604 897 662 898 646 898 647 898 663 899 648 899 612 899 658 900 639 900 599 900 662 901 659 901 646 901 664 902 651 902 625 902 663 903 612 903 633 903 665 904 608 904 629 904 666 905 647 905 632 905 666 906 632 906 667 906 668 907 600 907 637 907 669 908 634 908 636 908 670 909 653 909 638 909 668 910 630 910 600 910 671 911 606 911 579 911 670 912 649 912 659 912 671 913 579 913 641 913 670 914 638 914 649 914 672 915 655 915 653 915 673 916 643 916 634 916 671 917 637 917 606 917 674 918 592 918 675 918 672 919 676 919 655 919 677 920 645 920 605 920 677 921 605 921 639 921 678 922 666 922 667 922 674 923 644 923 592 923 679 924 615 924 643 924 679 925 654 925 615 925 680 926 619 926 644 926 681 927 622 927 594 927 682 928 621 928 593 928 681 929 594 929 648 929 683 930 670 930 659 930 681 931 648 931 663 931 682 932 593 932 645 932 684 933 671 933 641 933 685 934 658 934 623 934 684 935 641 935 650 935 685 936 623 936 651 936 686 937 683 937 659 937 686 938 659 938 662 938 687 939 647 939 666 939 688 940 626 940 652 940 689 941 597 941 654 941 687 942 662 942 647 942 688 943 656 943 626 943 687 944 686 944 662 944 689 945 629 945 597 945 687 946 666 946 678 946 690 947 653 947 670 947 690 948 670 948 683 948 691 949 8 949 640 949 692 950 674 950 675 950 691 951 640 951 601 951 690 952 672 952 653 952 691 953 601 953 657 953 693 954 633 954 660 954 694 955 639 955 658 955 695 956 676 956 672 956 693 957 663 957 633 957 695 958 696 958 676 958 694 959 677 959 639 959 697 960 681 960 663 960 698 961 687 961 678 961 697 962 663 962 693 962 699 963 651 963 664 963 699 964 685 964 651 964 700 965 660 965 661 965 700 966 661 966 701 966 702 967 690 967 683 967 703 968 634 968 669 968 704 969 668 969 637 969 703 970 673 970 634 970 704 971 637 971 671 971 705 972 683 972 686 972 705 973 702 973 683 973 706 974 644 974 674 974 707 975 643 975 673 975 706 976 680 976 644 976 708 977 686 977 687 977 707 978 679 978 643 978 709 979 577 979 576 979 708 980 687 980 698 980 709 981 669 981 636 981 710 982 650 982 619 982 709 983 636 983 577 983 711 984 678 984 667 984 709 985 576 985 618 985 711 986 698 986 678 986 710 987 619 987 680 987 711 988 667 988 712 988 713 989 645 989 677 989 713 990 682 990 645 990 714 991 690 991 702 991 715 992 622 992 681 992 715 993 652 993 622 993 715 994 681 994 697 994 714 995 672 995 690 995 716 996 679 996 707 996 716 997 689 997 654 997 714 998 695 998 672 998 716 999 654 999 679 999 717 1000 704 1000 671 1000 717 1001 671 1001 684 1001 718 1002 719 1002 720 1002 721 1003 126 1003 656 1003 721 1004 122 1004 126 1004 722 1005 621 1005 682 1005 718 1006 723 1006 719 1006 721 1007 656 1007 688 1007 722 1008 657 1008 621 1008 724 1009 706 1009 674 1009 725 1010 658 1010 685 1010 725 1011 694 1011 658 1011 726 1012 708 1012 698 1012 724 1013 674 1013 692 1013 727 1014 665 1014 629 1014 727 1015 629 1015 689 1015 728 1016 697 1016 693 1016 729 1017 714 1017 702 1017 730 1018 702 1018 705 1018 731 1019 715 1019 697 1019 732 1020 694 1020 725 1020 730 1021 729 1021 702 1021 732 1022 677 1022 694 1022 733 1023 686 1023 708 1023 732 1024 713 1024 677 1024 733 1025 705 1025 686 1025 734 1026 693 1026 660 1026 734 1027 660 1027 700 1027 733 1028 730 1028 705 1028 733 1029 708 1029 726 1029 735 1030 685 1030 699 1030 736 1031 668 1031 704 1031 737 1032 726 1032 698 1032 738 1033 700 1033 701 1033 739 1034 673 1034 703 1034 737 1035 698 1035 711 1035 740 1036 680 1036 706 1036 739 1037 707 1037 673 1037 741 1038 695 1038 714 1038 742 1039 718 1039 720 1039 741 1040 714 1040 729 1040 740 1041 710 1041 680 1041 743 1042 675 1042 744 1042 745 1043 716 1043 707 1043 743 1044 692 1044 675 1044 746 1045 723 1045 718 1045 747 1046 669 1046 709 1046 746 1047 748 1047 723 1047 749 1048 650 1048 710 1048 747 1049 703 1049 669 1049 747 1050 709 1050 618 1050 750 1051 733 1051 726 1051 749 1052 684 1052 650 1052 751 1053 682 1053 713 1053 752 1054 652 1054 715 1054 751 1055 722 1055 682 1055 752 1056 715 1056 731 1056 752 1057 688 1057 652 1057 753 1058 704 1058 717 1058 754 1059 689 1059 716 1059 755 1060 741 1060 729 1060 754 1061 727 1061 689 1061 756 1062 657 1062 722 1062 753 1063 736 1063 704 1063 756 1064 8 1064 691 1064 757 1065 755 1065 729 1065 756 1066 11 1066 8 1066 758 1067 740 1067 706 1067 757 1068 729 1068 730 1068 756 1069 691 1069 657 1069 759 1070 732 1070 725 1070 760 1071 733 1071 750 1071 758 1072 706 1072 724 1072 760 1073 730 1073 733 1073 761 1074 697 1074 728 1074 761 1075 731 1075 697 1075 762 1076 665 1076 727 1076 762 1077 763 1077 665 1077 764 1078 750 1078 726 1078 764 1079 726 1079 737 1079 765 1080 711 1080 712 1080 766 1081 752 1081 731 1081 767 1082 713 1082 732 1082 765 1083 737 1083 711 1083 767 1084 751 1084 713 1084 765 1085 712 1085 768 1085 769 1086 693 1086 734 1086 765 1087 768 1087 770 1087 769 1088 728 1088 693 1088 771 1089 759 1089 725 1089 772 1090 718 1090 742 1090 773 1091 700 1091 738 1091 771 1092 725 1092 685 1092 772 1093 746 1093 718 1093 772 1094 742 1094 774 1094 771 1095 685 1095 735 1095 775 1096 745 1096 707 1096 776 1097 748 1097 746 1097 777 1098 740 1098 758 1098 777 1099 710 1099 740 1099 776 1100 778 1100 748 1100 775 1101 707 1101 739 1101 779 1102 754 1102 716 1102 777 1103 749 1103 710 1103 779 1104 716 1104 745 1104 780 1105 760 1105 750 1105 781 1106 692 1106 743 1106 782 1107 703 1107 747 1107 782 1108 747 1108 618 1108 783 1109 772 1109 774 1109 781 1110 724 1110 692 1110 782 1111 618 1111 628 1111 784 1112 684 1112 749 1112 782 1113 628 1113 642 1113 782 1114 739 1114 703 1114 785 1115 755 1115 757 1115 784 1116 717 1116 684 1116 786 1117 756 1117 722 1117 786 1118 722 1118 751 1118 787 1119 783 1119 774 1119 788 1120 757 1120 730 1120 789 1121 721 1121 688 1121 789 1122 118 1122 122 1122 788 1123 730 1123 760 1123 789 1124 688 1124 752 1124 788 1125 760 1125 780 1125 789 1126 752 1126 766 1126 790 1127 762 1127 727 1127 789 1128 122 1128 721 1128 791 1129 773 1129 738 1129 790 1130 727 1130 754 1130 792 1131 780 1131 750 1131 793 1132 767 1132 732 1132 794 1133 736 1133 753 1133 792 1134 750 1134 764 1134 793 1135 732 1135 759 1135 795 1136 699 1136 796 1136 797 1137 777 1137 758 1137 798 1138 731 1138 761 1138 799 1139 737 1139 765 1139 799 1140 764 1140 737 1140 795 1141 735 1141 699 1141 798 1142 766 1142 731 1142 800 1143 751 1143 767 1143 801 1144 776 1144 746 1144 801 1145 746 1145 772 1145 802 1146 743 1146 744 1146 802 1147 744 1147 803 1147 800 1148 786 1148 751 1148 802 1149 803 1149 804 1149 805 1150 759 1150 771 1150 805 1151 793 1151 759 1151 802 1152 781 1152 743 1152 806 1153 778 1153 776 1153 806 1154 807 1154 778 1154 808 1155 118 1155 789 1155 809 1156 745 1156 775 1156 808 1157 789 1157 766 1157 809 1158 779 1158 745 1158 810 1159 788 1159 780 1159 811 1160 761 1160 728 1160 812 1161 799 1161 765 1161 811 1162 728 1162 769 1162 813 1163 754 1163 779 1163 813 1164 790 1164 754 1164 812 1165 765 1165 770 1165 814 1166 734 1166 700 1166 814 1167 769 1167 734 1167 815 1168 775 1168 739 1168 816 1169 772 1169 783 1169 814 1170 700 1170 773 1170 815 1171 739 1171 782 1171 815 1172 782 1172 642 1172 816 1173 801 1173 772 1173 817 1174 783 1174 787 1174 818 1175 756 1175 786 1175 819 1176 784 1176 749 1176 818 1177 11 1177 756 1177 819 1178 749 1178 777 1178 818 1179 15 1179 11 1179 817 1180 816 1180 783 1180 820 1181 795 1181 796 1181 821 1182 758 1182 724 1182 822 1183 762 1183 790 1183 823 1184 785 1184 757 1184 822 1185 790 1185 813 1185 823 1186 757 1186 788 1186 823 1187 788 1187 810 1187 824 1188 767 1188 793 1188 824 1189 800 1189 767 1189 825 1190 780 1190 792 1190 821 1191 724 1191 781 1191 825 1192 810 1192 780 1192 826 1193 771 1193 735 1193 827 1194 717 1194 784 1194 827 1195 753 1195 717 1195 828 1196 792 1196 764 1196 826 1197 735 1197 795 1197 829 1198 814 1198 773 1198 829 1199 773 1199 791 1199 830 1200 818 1200 786 1200 828 1201 764 1201 799 1201 830 1202 786 1202 800 1202 831 1203 806 1203 776 1203 830 1204 15 1204 818 1204 831 1205 776 1205 801 1205 831 1206 801 1206 816 1206 832 1207 777 1207 797 1207 833 1208 824 1208 793 1208 834 1209 835 1209 807 1209 832 1210 819 1210 777 1210 833 1211 793 1211 805 1211 834 1212 807 1212 806 1212 836 1213 114 1213 118 1213 837 1214 813 1214 779 1214 836 1215 118 1215 808 1215 837 1216 779 1216 809 1216 836 1217 766 1217 798 1217 836 1218 808 1218 766 1218 838 1219 823 1219 810 1219 839 1220 828 1220 799 1220 840 1221 781 1221 802 1221 841 1222 822 1222 813 1222 839 1223 799 1223 812 1223 842 1224 815 1224 642 1224 843 1225 798 1225 761 1225 842 1226 775 1226 815 1226 843 1227 761 1227 811 1227 842 1228 642 1228 655 1228 842 1229 655 1229 676 1229 844 1230 831 1230 816 1230 842 1231 809 1231 775 1231 845 1232 811 1232 769 1232 845 1233 769 1233 814 1233 846 1234 826 1234 795 1234 846 1235 795 1235 820 1235 847 1236 844 1236 816 1236 847 1237 816 1237 817 1237 848 1238 784 1238 819 1238 848 1239 827 1239 784 1239 849 1240 800 1240 824 1240 850 1241 787 1241 851 1241 849 1242 20 1242 15 1242 850 1243 851 1243 852 1243 849 1244 830 1244 800 1244 849 1245 15 1245 830 1245 850 1246 817 1246 787 1246 853 1247 810 1247 825 1247 854 1248 758 1248 821 1248 853 1249 838 1249 810 1249 855 1250 771 1250 826 1250 855 1251 805 1251 771 1251 854 1252 797 1252 758 1252 856 1253 753 1253 827 1253 856 1254 794 1254 753 1254 857 1255 825 1255 792 1255 858 1256 849 1256 824 1256 857 1257 792 1257 828 1257 859 1258 802 1258 804 1258 858 1259 824 1259 833 1259 860 1260 813 1260 837 1260 861 1261 831 1261 844 1261 859 1262 840 1262 802 1262 861 1263 834 1263 806 1263 862 1264 845 1264 814 1264 861 1265 806 1265 831 1265 860 1266 841 1266 813 1266 863 1267 820 1267 864 1267 865 1268 812 1268 770 1268 865 1269 770 1269 866 1269 862 1270 814 1270 829 1270 863 1271 846 1271 820 1271 867 1272 848 1272 819 1272 868 1273 609 1273 835 1273 868 1274 36 1274 609 1274 868 1275 37 1275 36 1275 867 1276 819 1276 832 1276 869 1277 842 1277 676 1277 869 1278 809 1278 842 1278 868 1279 835 1279 834 1279 870 1280 781 1280 840 1280 869 1281 676 1281 696 1281 869 1282 837 1282 809 1282 871 1283 850 1283 852 1283 872 1284 855 1284 826 1284 873 1285 828 1285 839 1285 870 1286 821 1286 781 1286 874 1287 836 1287 798 1287 873 1288 857 1288 828 1288 874 1289 110 1289 114 1289 872 1290 826 1290 846 1290 874 1291 114 1291 836 1291 874 1292 798 1292 843 1292 875 1293 805 1293 855 1293 876 1294 843 1294 811 1294 875 1295 833 1295 805 1295 877 1296 861 1296 844 1296 876 1297 811 1297 845 1297 878 1298 849 1298 858 1298 879 1299 856 1299 827 1299 878 1300 20 1300 849 1300 880 1301 844 1301 847 1301 880 1302 877 1302 844 1302 881 1303 863 1303 864 1303 881 1304 864 1304 882 1304 883 1305 817 1305 850 1305 879 1306 848 1306 867 1306 879 1307 827 1307 848 1307 884 1308 797 1308 854 1308 884 1309 832 1309 797 1309 883 1310 847 1310 817 1310 885 1311 872 1311 846 1311 885 1312 846 1312 863 1312 886 1313 838 1313 853 1313 887 1314 829 1314 791 1314 888 1315 871 1315 852 1315 889 1316 869 1316 696 1316 890 1317 853 1317 825 1317 887 1318 791 1318 891 1318 889 1319 837 1319 869 1319 890 1320 825 1320 857 1320 887 1321 862 1321 829 1321 892 1322 859 1322 804 1322 893 1323 719 1323 723 1323 892 1324 804 1324 894 1324 889 1325 860 1325 837 1325 895 1326 875 1326 855 1326 896 1327 865 1327 866 1327 895 1328 872 1328 885 1328 896 1329 866 1329 897 1329 895 1330 855 1330 872 1330 898 1331 870 1331 840 1331 898 1332 840 1332 859 1332 899 1333 833 1333 875 1333 899 1334 858 1334 833 1334 900 1335 834 1335 861 1335 900 1336 868 1336 834 1336 900 1337 861 1337 877 1337 901 1338 845 1338 862 1338 902 1339 863 1339 881 1339 902 1340 885 1340 863 1340 903 1341 873 1341 839 1341 901 1342 876 1342 845 1342 903 1343 839 1343 812 1343 904 1344 879 1344 867 1344 903 1345 865 1345 896 1345 903 1346 812 1346 865 1346 905 1347 895 1347 885 1347 906 1348 883 1348 850 1348 906 1349 850 1349 871 1349 907 1350 821 1350 870 1350 908 1351 890 1351 857 1351 909 1352 881 1352 882 1352 907 1353 854 1353 821 1353 909 1354 882 1354 893 1354 909 1355 893 1355 723 1355 908 1356 857 1356 873 1356 910 1357 874 1357 843 1357 911 1358 900 1358 877 1358 910 1359 843 1359 876 1359 912 1360 899 1360 875 1360 912 1361 875 1361 895 1361 913 1362 911 1362 877 1362 914 1363 892 1363 894 1363 915 1364 858 1364 899 1364 915 1365 20 1365 878 1365 913 1366 877 1366 880 1366 915 1367 878 1367 858 1367 916 1368 891 1368 917 1368 918 1369 883 1369 906 1369 915 1370 23 1370 20 1370 919 1371 905 1371 885 1371 918 1372 880 1372 847 1372 916 1373 887 1373 891 1373 918 1374 847 1374 883 1374 919 1375 885 1375 902 1375 920 1376 871 1376 888 1376 921 1377 832 1377 884 1377 921 1378 867 1378 832 1378 920 1379 906 1379 871 1379 922 1380 912 1380 895 1380 923 1381 862 1381 887 1381 922 1382 895 1382 905 1382 924 1383 853 1383 890 1383 924 1384 886 1384 853 1384 925 1385 881 1385 909 1385 926 1386 896 1386 897 1386 925 1387 902 1387 881 1387 927 1388 859 1388 892 1388 925 1389 909 1389 723 1389 927 1390 898 1390 859 1390 925 1391 723 1391 748 1391 925 1392 748 1392 778 1392 928 1393 915 1393 899 1393 927 1394 892 1394 914 1394 928 1395 899 1395 912 1395 929 1396 907 1396 870 1396 930 1397 896 1397 926 1397 930 1398 903 1398 896 1398 931 1399 41 1399 37 1399 932 1400 905 1400 919 1400 929 1401 870 1401 898 1401 931 1402 900 1402 911 1402 931 1403 37 1403 868 1403 931 1404 868 1404 900 1404 932 1405 922 1405 905 1405 933 1406 876 1406 901 1406 933 1407 910 1407 876 1407 934 1408 916 1408 917 1408 935 1409 903 1409 930 1409 936 1410 928 1410 912 1410 935 1411 873 1411 903 1411 936 1412 912 1412 922 1412 934 1413 917 1413 937 1413 938 1414 919 1414 902 1414 938 1415 902 1415 925 1415 939 1416 884 1416 854 1416 940 1417 918 1417 906 1417 938 1418 925 1418 778 1418 939 1419 854 1419 907 1419 941 1420 924 1420 890 1420 938 1421 778 1421 807 1421 942 1422 915 1422 928 1422 941 1423 890 1423 908 1423 942 1424 23 1424 915 1424 942 1425 27 1425 23 1425 943 1426 110 1426 874 1426 944 1427 41 1427 931 1427 944 1428 931 1428 911 1428 943 1429 874 1429 910 1429 945 1430 922 1430 932 1430 945 1431 936 1431 922 1431 946 1432 911 1432 913 1432 946 1433 944 1433 911 1433 947 1434 942 1434 928 1434 948 1435 927 1435 914 1435 947 1436 928 1436 936 1436 949 1437 880 1437 918 1437 949 1438 918 1438 940 1438 947 1439 27 1439 942 1439 950 1440 887 1440 916 1440 950 1441 923 1441 887 1441 949 1442 913 1442 880 1442 951 1443 932 1443 919 1443 951 1444 919 1444 938 1444 952 1445 904 1445 867 1445 951 1446 807 1446 835 1446 953 1447 906 1447 920 1447 951 1448 938 1448 807 1448 953 1449 940 1449 906 1449 954 1450 31 1450 27 1450 954 1451 936 1451 945 1451 952 1452 867 1452 921 1452 954 1453 27 1453 947 1453 955 1454 920 1454 888 1454 954 1455 947 1455 936 1455 956 1456 901 1456 862 1456 957 1457 886 1457 924 1457 958 1458 945 1458 932 1458 958 1459 951 1459 835 1459 958 1460 932 1460 951 1460 956 1461 862 1461 923 1461 958 1462 835 1462 609 1462 959 1463 954 1463 945 1463 960 1464 927 1464 948 1464 959 1465 945 1465 958 1465 960 1466 898 1466 927 1466 959 1467 609 1467 31 1467 959 1468 958 1468 609 1468 960 1469 929 1469 898 1469 961 1470 930 1470 926 1470 959 1471 31 1471 954 1471 962 1472 935 1472 930 1472 963 1473 948 1473 914 1473 963 1474 914 1474 894 1474 963 1475 894 1475 964 1475 965 1476 926 1476 897 1476 966 1477 929 1477 960 1477 965 1478 897 1478 967 1478 966 1479 907 1479 929 1479 966 1480 939 1480 907 1480 968 1481 908 1481 873 1481 969 1482 943 1482 910 1482 968 1483 935 1483 962 1483 968 1484 873 1484 935 1484 969 1485 910 1485 933 1485 968 1486 941 1486 908 1486 970 1487 950 1487 916 1487 970 1488 916 1488 934 1488 971 1489 949 1489 940 1489 972 1490 924 1490 941 1490 972 1491 957 1491 924 1491 973 1492 921 1492 884 1492 973 1493 884 1493 939 1493 974 1494 965 1494 967 1494 975 1495 45 1495 41 1495 976 1496 960 1496 948 1496 975 1497 944 1497 946 1497 977 1498 923 1498 950 1498 977 1499 956 1499 923 1499 975 1500 41 1500 944 1500 978 1501 946 1501 913 1501 978 1502 913 1502 949 1502 977 1503 950 1503 970 1503 978 1504 949 1504 971 1504 979 1505 940 1505 953 1505 980 1506 934 1506 937 1506 980 1507 937 1507 981 1507 979 1508 971 1508 940 1508 982 1509 901 1509 956 1509 983 1510 953 1510 920 1510 982 1511 933 1511 901 1511 983 1512 920 1512 955 1512 984 1513 966 1513 960 1513 984 1514 960 1514 976 1514 985 1515 930 1515 961 1515 985 1516 962 1516 930 1516 986 1517 976 1517 948 1517 987 1518 962 1518 985 1518 986 1519 948 1519 963 1519 988 1520 939 1520 966 1520 987 1521 968 1521 962 1521 988 1522 973 1522 939 1522 989 1523 961 1523 926 1523 989 1524 926 1524 965 1524 990 1525 943 1525 969 1525 990 1526 106 1526 110 1526 990 1527 110 1527 943 1527 989 1528 985 1528 961 1528 991 1529 968 1529 987 1529 992 1530 977 1530 970 1530 991 1531 941 1531 968 1531 993 1532 952 1532 921 1532 994 1533 978 1533 971 1533 993 1534 921 1534 973 1534 995 1535 984 1535 976 1535 996 1536 957 1536 972 1536 997 1537 983 1537 955 1537 998 1538 989 1538 965 1538 998 1539 965 1539 974 1539 999 1540 982 1540 956 1540 999 1541 956 1541 977 1541 1000 1542 978 1542 994 1542 1001 1543 934 1543 980 1543 1000 1544 946 1544 978 1544 1000 1545 45 1545 975 1545 1000 1546 975 1546 946 1546 1001 1547 970 1547 934 1547 1002 1548 994 1548 971 1548 1002 1549 971 1549 979 1549 1003 1550 933 1550 982 1550 1003 1551 969 1551 933 1551 1004 1552 963 1552 964 1552 1005 1553 953 1553 983 1553 1004 1554 964 1554 1006 1554 1005 1555 979 1555 953 1555 1004 1556 1006 1556 1007 1556 1008 1557 987 1557 985 1557 1009 1558 984 1558 995 1558 1010 1559 991 1559 987 1559 1009 1560 988 1560 966 1560 1009 1561 966 1561 984 1561 1011 1562 995 1562 976 1562 1011 1563 976 1563 986 1563 1012 1564 985 1564 989 1564 1013 1565 993 1565 973 1565 1014 1566 967 1566 1015 1566 1013 1567 973 1567 988 1567 1014 1568 974 1568 967 1568 1016 1569 941 1569 991 1569 1017 1570 977 1570 992 1570 1017 1571 999 1571 977 1571 1016 1572 991 1572 1010 1572 1016 1573 972 1573 941 1573 1018 1574 981 1574 1019 1574 1020 1575 49 1575 45 1575 1020 1576 1000 1576 994 1576 1018 1577 980 1577 981 1577 1020 1578 45 1578 1000 1578 1021 1579 983 1579 997 1579 1022 1580 1009 1580 995 1580 1021 1581 1005 1581 983 1581 1023 1582 982 1582 999 1582 1024 1583 989 1583 998 1583 1023 1584 1003 1584 982 1584 1024 1585 1012 1585 989 1585 1025 1586 970 1586 1001 1586 1025 1587 992 1587 970 1587 1026 1588 1020 1588 994 1588 1026 1589 994 1589 1002 1589 1027 1590 990 1590 969 1590 1027 1591 104 1591 106 1591 1028 1592 1002 1592 979 1592 1027 1593 969 1593 1003 1593 1028 1594 979 1594 1005 1594 1027 1595 106 1595 990 1595 1029 1596 986 1596 963 1596 1030 1597 987 1597 1008 1597 1029 1598 963 1598 1004 1598 1030 1599 1010 1599 987 1599 1031 1600 1016 1600 1010 1600 1032 1601 1009 1601 1022 1601 1032 1602 988 1602 1009 1602 1032 1603 1013 1603 988 1603 1033 1604 1008 1604 985 1604 1033 1605 1030 1605 1008 1605 1033 1606 985 1606 1012 1606 1034 1607 995 1607 1011 1607 1035 1608 998 1608 974 1608 1034 1609 1022 1609 995 1609 1036 1610 1013 1610 1032 1610 1037 1611 1018 1611 1019 1611 1036 1612 993 1612 1013 1612 1035 1613 974 1613 1014 1613 1038 1614 999 1614 1017 1614 1039 1615 972 1615 1016 1615 1038 1616 1023 1616 999 1616 1039 1617 1016 1617 1031 1617 1039 1618 996 1618 972 1618 1040 1619 1029 1619 1004 1619 1041 1620 1005 1620 1021 1620 1040 1621 1004 1621 1007 1621 1041 1622 1028 1622 1005 1622 1042 1623 1001 1623 980 1623 1043 1624 1012 1624 1024 1624 1043 1625 1033 1625 1012 1625 1042 1626 980 1626 1018 1626 1044 1627 1032 1627 1022 1627 1045 1628 1020 1628 1026 1628 1045 1629 49 1629 1020 1629 1046 1630 1027 1630 1003 1630 1047 1631 1026 1631 1002 1631 1046 1632 104 1632 1027 1632 1046 1633 1003 1633 1023 1633 1047 1634 1002 1634 1028 1634 1048 1635 1017 1635 992 1635 1048 1636 992 1636 1025 1636 1049 1637 1010 1637 1030 1637 1049 1638 1031 1638 1010 1638 1050 1639 1039 1639 1031 1639 1050 1640 1031 1640 1049 1640 1051 1641 986 1641 1029 1641 1051 1642 1011 1642 986 1642 1052 1643 1030 1643 1033 1643 1053 1644 1036 1644 1032 1644 1053 1645 1032 1645 1044 1645 1054 1646 1024 1646 998 1646 1054 1647 998 1647 1035 1647 1055 1648 1022 1648 1034 1648 1055 1649 1044 1649 1022 1649 1056 1650 1018 1650 1037 1650 1057 1651 1035 1651 1014 1651 1057 1652 1014 1652 1015 1652 1056 1653 1042 1653 1018 1653 1057 1654 1015 1654 1058 1654 1057 1655 1058 1655 1059 1655 1060 1656 1023 1656 1038 1656 1060 1657 1046 1657 1023 1657 1060 1658 104 1658 1046 1658 1061 1659 1021 1659 997 1659 1060 1660 100 1660 104 1660 1061 1661 997 1661 1062 1661 1063 1662 1029 1662 1040 1662 1061 1663 1062 1663 1064 1663 1065 1664 1047 1664 1028 1664 1063 1665 1051 1665 1029 1665 1065 1666 1028 1666 1041 1666 1066 1667 1001 1667 1042 1667 1066 1668 1025 1668 1001 1668 1067 1669 1033 1669 1043 1669 1068 1670 1053 1670 1044 1670 1067 1671 1052 1671 1033 1671 1069 1672 1045 1672 1026 1672 1069 1673 1026 1673 1047 1673 1070 1674 1017 1674 1048 1674 1071 1675 1050 1675 1049 1675 1070 1676 1038 1676 1017 1676 1072 1677 1034 1677 1011 1677 1073 1678 1061 1678 1064 1678 1072 1679 1011 1679 1051 1679 1074 1680 1075 1680 1076 1680 1074 1681 1056 1681 1037 1681 1077 1682 1049 1682 1030 1682 1077 1683 1030 1683 1052 1683 1074 1684 1037 1684 1075 1684 1078 1685 1068 1685 1044 1685 1078 1686 1044 1686 1055 1686 1079 1687 1043 1687 1024 1687 1079 1688 1024 1688 1054 1688 1080 1689 1040 1689 1007 1689 1080 1690 1007 1690 1081 1690 1082 1691 1054 1691 1035 1691 1083 1692 1042 1692 1056 1692 1082 1693 1035 1693 1057 1693 1083 1694 1066 1694 1042 1694 1084 1695 1061 1695 1073 1695 1084 1696 1021 1696 1061 1696 1084 1697 1041 1697 1021 1697 1085 1698 1047 1698 1065 1698 1086 1699 1051 1699 1063 1699 1085 1700 1069 1700 1047 1700 1086 1701 1072 1701 1051 1701 1087 1702 1048 1702 1025 1702 1088 1703 1052 1703 1067 1703 1087 1704 1025 1704 1066 1704 1088 1705 1077 1705 1052 1705 1089 1706 1074 1706 1076 1706 1090 1707 1082 1707 1057 1707 1091 1708 1060 1708 1038 1708 1090 1709 1057 1709 1059 1709 1092 1710 54 1710 49 1710 1091 1711 100 1711 1060 1711 1092 1712 1045 1712 1069 1712 1091 1713 1038 1713 1070 1713 1093 1714 1055 1714 1034 1714 1093 1715 1034 1715 1072 1715 1092 1716 49 1716 1045 1716 1094 1717 1073 1717 1064 1717 1094 1718 1064 1718 1095 1718 1096 1719 1084 1719 1073 1719 1097 1720 1083 1720 1056 1720 1097 1721 1074 1721 1089 1721 1097 1722 1056 1722 1074 1722 1098 1723 1068 1723 1078 1723 1099 1724 1071 1724 1049 1724 1099 1725 1049 1725 1077 1725 1100 1726 1089 1726 1076 1726 1101 1727 1040 1727 1080 1727 1102 1728 1067 1728 1043 1728 1101 1729 1063 1729 1040 1729 1102 1730 1043 1730 1079 1730 1103 1731 1080 1731 1081 1731 1103 1732 1081 1732 1104 1732 1103 1733 1101 1733 1080 1733 1105 1734 1054 1734 1082 1734 1105 1735 1079 1735 1054 1735 1106 1736 1066 1736 1083 1736 1106 1737 1087 1737 1066 1737 1106 1738 1083 1738 1097 1738 1107 1739 1084 1739 1096 1739 1107 1740 1041 1740 1084 1740 1107 1741 1065 1741 1041 1741 1108 1742 1093 1742 1072 1742 1108 1743 1072 1743 1086 1743 1109 1744 1070 1744 1048 1744 1110 1745 1069 1745 1085 1745 1110 1746 1092 1746 1069 1746 1109 1747 1048 1747 1087 1747 1111 1748 1077 1748 1088 1748 1111 1749 1099 1749 1077 1749 1112 1750 1097 1750 1089 1750 1113 1751 1055 1751 1093 1751 1114 1752 1082 1752 1090 1752 1113 1753 1078 1753 1055 1753 1114 1754 1105 1754 1082 1754 1115 1755 1073 1755 1094 1755 1116 1756 1106 1756 1097 1756 1115 1757 1096 1757 1073 1757 1116 1758 1097 1758 1112 1758 1117 1759 1112 1759 1089 1759 1118 1760 1107 1760 1096 1760 1117 1761 1089 1761 1100 1761 1118 1762 1096 1762 1115 1762 1119 1763 1095 1763 1120 1763 1119 1764 1094 1764 1095 1764 1121 1765 1086 1765 1063 1765 1121 1766 1063 1766 1101 1766 1122 1767 1101 1767 1103 1767 1123 1768 1088 1768 1067 1768 1123 1769 1067 1769 1102 1769 1122 1770 1121 1770 1101 1770 1124 1771 1109 1771 1087 1771 1125 1772 1102 1772 1079 1772 1125 1773 1079 1773 1105 1773 1124 1774 1087 1774 1106 1774 1126 1775 1113 1775 1093 1775 1127 1776 1085 1776 1065 1776 1127 1777 1065 1777 1107 1777 1126 1778 1093 1778 1108 1778 1128 1779 96 1779 100 1779 1127 1780 1107 1780 1118 1780 1128 1781 1070 1781 1109 1781 1129 1782 1130 1782 1131 1782 1128 1783 1091 1783 1070 1783 1128 1784 100 1784 1091 1784 1129 1785 1131 1785 1132 1785 1133 1786 1116 1786 1112 1786 1134 1787 58 1787 54 1787 1134 1788 54 1788 1092 1788 1135 1789 1078 1789 1113 1789 1134 1790 1092 1790 1110 1790 1136 1791 1120 1791 1137 1791 1136 1792 1119 1792 1120 1792 1135 1793 1098 1793 1078 1793 1138 1794 1116 1794 1133 1794 1138 1795 1124 1795 1106 1795 1138 1796 1106 1796 1116 1796 1139 1797 1133 1797 1112 1797 1140 1798 1125 1798 1105 1798 1140 1799 1105 1799 1114 1799 1139 1800 1112 1800 1117 1800 1141 1801 1086 1801 1121 1801 1142 1802 1118 1802 1115 1802 1141 1803 1108 1803 1086 1803 1143 1804 1127 1804 1118 1804 1144 1805 1121 1805 1122 1805 1145 1806 1094 1806 1119 1806 1145 1807 1115 1807 1094 1807 1144 1808 1141 1808 1121 1808 1146 1809 1103 1809 1104 1809 1146 1810 1122 1810 1103 1810 1147 1811 1137 1811 1148 1811 1147 1812 1148 1812 1149 1812 1146 1813 1104 1813 1150 1813 1151 1814 1102 1814 1125 1814 1152 1815 1128 1815 1109 1815 1151 1816 1123 1816 1102 1816 1152 1817 1109 1817 1124 1817 1153 1818 1113 1818 1126 1818 1154 1819 1132 1819 1155 1819 1154 1820 1129 1820 1132 1820 1156 1821 1127 1821 1143 1821 1153 1822 1135 1822 1113 1822 1157 1823 1138 1823 1133 1823 1156 1824 1085 1824 1127 1824 1156 1825 1110 1825 1085 1825 1158 1826 1117 1826 1100 1826 1158 1827 1100 1827 1159 1827 1160 1828 1161 1828 1130 1828 1160 1829 1130 1829 1129 1829 1162 1830 1152 1830 1124 1830 1163 1831 1145 1831 1119 1831 1162 1832 1124 1832 1138 1832 1162 1833 1138 1833 1157 1833 1163 1834 1119 1834 1136 1834 1164 1835 1133 1835 1139 1835 1165 1836 1151 1836 1125 1836 1164 1837 1157 1837 1133 1837 1166 1838 1108 1838 1141 1838 1165 1839 1125 1839 1140 1839 1166 1840 1126 1840 1108 1840 1167 1841 1143 1841 1118 1841 1167 1842 1118 1842 1142 1842 1168 1843 1156 1843 1143 1843 1169 1844 1166 1844 1141 1844 1169 1845 1141 1845 1144 1845 1170 1846 1142 1846 1115 1846 1171 1847 1122 1847 1146 1847 1170 1848 1115 1848 1145 1848 1172 1849 1137 1849 1147 1849 1173 1850 96 1850 1128 1850 1173 1851 1128 1851 1152 1851 1173 1852 90 1852 96 1852 1172 1853 1136 1853 1137 1853 1174 1854 1147 1854 1149 1854 1175 1855 1123 1855 1151 1855 1176 1856 1158 1856 1159 1856 1177 1857 1135 1857 1153 1857 1178 1858 1154 1858 1155 1858 1179 1859 1162 1859 1157 1859 1180 1860 1150 1860 1181 1860 1182 1861 1129 1861 1154 1861 1180 1862 1146 1862 1150 1862 1182 1863 1160 1863 1129 1863 1183 1864 62 1864 58 1864 1184 1865 1117 1865 1158 1865 1183 1866 1110 1866 1156 1866 1183 1867 58 1867 1134 1867 1183 1868 1156 1868 1168 1868 1184 1869 1139 1869 1117 1869 1183 1870 1134 1870 1110 1870 1185 1871 1152 1871 1162 1871 1186 1872 1161 1872 1160 1872 1185 1873 1173 1873 1152 1873 1185 1874 90 1874 1173 1874 1186 1875 1187 1875 1161 1875 1185 1876 1162 1876 1179 1876 1188 1877 1145 1877 1163 1877 1188 1878 1170 1878 1145 1878 1189 1879 1157 1879 1164 1879 1189 1880 1179 1880 1157 1880 1190 1881 1126 1881 1166 1881 1191 1882 1175 1882 1151 1882 1190 1883 1153 1883 1126 1883 1191 1884 1151 1884 1165 1884 1192 1885 1166 1885 1169 1885 1193 1886 1168 1886 1143 1886 1192 1887 1190 1887 1166 1887 1193 1888 1143 1888 1167 1888 1194 1889 1144 1889 1122 1889 1195 1890 1183 1890 1168 1890 1195 1891 62 1891 1183 1891 1196 1892 1167 1892 1142 1892 1196 1893 1142 1893 1170 1893 1194 1894 1169 1894 1144 1894 1194 1895 1122 1895 1171 1895 1197 1896 1163 1896 1136 1896 1198 1897 1158 1897 1176 1897 1197 1898 1136 1898 1172 1898 1198 1899 1184 1899 1158 1899 1199 1900 87 1900 90 1900 1199 1901 1185 1901 1179 1901 1200 1902 1147 1902 1174 1902 1199 1903 90 1903 1185 1903 1200 1904 1172 1904 1147 1904 1201 1905 1154 1905 1178 1905 1201 1906 1182 1906 1154 1906 1202 1907 1171 1907 1146 1907 1202 1908 1146 1908 1180 1908 1203 1909 1186 1909 1160 1909 1204 1910 1164 1910 1139 1910 1203 1911 1160 1911 1182 1911 1204 1912 1139 1912 1184 1912 1205 1913 1179 1913 1189 1913 1206 1914 1178 1914 1155 1914 1205 1915 1199 1915 1179 1915 1207 1916 1153 1916 1190 1916 1206 1917 1155 1917 1208 1917 1209 1918 1210 1918 1187 1918 1209 1919 1187 1919 1186 1919 1207 1920 1177 1920 1153 1920 1211 1921 1190 1921 1192 1921 1211 1922 1207 1922 1190 1922 1212 1923 1169 1923 1194 1923 1213 1924 1170 1924 1188 1924 1213 1925 1196 1925 1170 1925 1214 1926 1175 1926 1191 1926 1215 1927 1200 1927 1174 1927 1216 1928 1181 1928 1217 1928 1216 1929 1180 1929 1181 1929 1218 1930 1206 1930 1208 1930 1219 1931 66 1931 62 1931 1220 1932 1204 1932 1184 1932 1219 1933 1168 1933 1193 1933 1219 1934 62 1934 1195 1934 1219 1935 1195 1935 1168 1935 1220 1936 1184 1936 1198 1936 1221 1937 1171 1937 1202 1937 1221 1938 1194 1938 1171 1938 1222 1939 1193 1939 1167 1939 1222 1940 1167 1940 1196 1940 1223 1941 1163 1941 1197 1941 1223 1942 1188 1942 1163 1942 1224 1943 1164 1943 1204 1943 1224 1944 1189 1944 1164 1944 1225 1945 87 1945 1199 1945 1226 1946 1197 1946 1172 1946 1225 1947 1199 1947 1205 1947 1226 1948 1172 1948 1200 1948 1227 1949 1176 1949 1228 1949 1229 1950 1182 1950 1201 1950 1229 1951 1203 1951 1182 1951 1227 1952 1198 1952 1176 1952 1230 1953 1203 1953 1229 1953 1231 1954 1227 1954 1228 1954 1230 1955 1209 1955 1186 1955 1230 1956 1186 1956 1203 1956 1232 1957 1207 1957 1211 1957 1233 1958 1169 1958 1212 1958 1234 1959 1201 1959 1178 1959 1234 1960 1178 1960 1206 1960 1233 1961 1192 1961 1169 1961 1233 1962 1211 1962 1192 1962 1234 1963 1206 1963 1218 1963 1235 1964 1217 1964 1236 1964 1237 1965 1210 1965 1209 1965 1237 1966 1238 1966 1210 1966 1235 1967 1216 1967 1217 1967 1239 1968 1202 1968 1180 1968 1240 1969 1222 1969 1196 1969 1240 1970 1196 1970 1213 1970 1241 1971 1226 1971 1200 1971 1239 1972 1216 1972 1235 1972 1239 1973 1180 1973 1216 1973 1242 1974 1204 1974 1220 1974 1241 1975 1200 1975 1215 1975 1243 1976 1234 1976 1218 1976 1242 1977 1224 1977 1204 1977 1244 1978 1212 1978 1194 1978 1244 1979 1194 1979 1221 1979 1245 1980 1193 1980 1222 1980 1245 1981 66 1981 1219 1981 1246 1982 1189 1982 1224 1982 1246 1983 1205 1983 1189 1983 1245 1984 1219 1984 1193 1984 1247 1985 1188 1985 1223 1985 1247 1986 1213 1986 1188 1986 1248 1987 1235 1987 1236 1987 1249 1988 1223 1988 1197 1988 1250 1989 1220 1989 1198 1989 1249 1990 1197 1990 1226 1990 1250 1991 1198 1991 1227 1991 1251 1992 1230 1992 1229 1992 1252 1993 1227 1993 1231 1993 1253 1994 1209 1994 1230 1994 1252 1995 1250 1995 1227 1995 1254 1996 1232 1996 1211 1996 1254 1997 1211 1997 1233 1997 1253 1998 1237 1998 1209 1998 1255 1999 1234 1999 1243 1999 1255 2000 1229 2000 1201 2000 1255 2001 1201 2001 1234 2001 1256 2002 1235 2002 1248 2002 1256 2003 1239 2003 1235 2003 1257 2004 1239 2004 1256 2004 1258 2005 1208 2005 1259 2005 1257 2006 1221 2006 1202 2006 1258 2007 1218 2007 1208 2007 1257 2008 1202 2008 1239 2008 1260 2009 1238 2009 1237 2009 1261 2010 1246 2010 1224 2010 1260 2011 1262 2011 1238 2011 1261 2012 1224 2012 1242 2012 1263 2013 70 2013 66 2013 1263 2014 1222 2014 1240 2014 1264 2015 1233 2015 1212 2015 1264 2016 1212 2016 1244 2016 1263 2017 1245 2017 1222 2017 1263 2018 66 2018 1245 2018 1265 2019 1226 2019 1241 2019 1265 2020 1249 2020 1226 2020 1266 2021 87 2021 1225 2021 1266 2022 83 2022 87 2022 1266 2023 1205 2023 1246 2023 1266 2024 1225 2024 1205 2024 1267 2025 1255 2025 1243 2025 1268 2026 1256 2026 1248 2026 1269 2027 1213 2027 1247 2027 1270 2028 1220 2028 1250 2028 1269 2029 1240 2029 1213 2029 1270 2030 1242 2030 1220 2030 1271 2031 1247 2031 1223 2031 1271 2032 1223 2032 1249 2032 1272 2033 1270 2033 1250 2033 1272 2034 1250 2034 1252 2034 1273 2035 1230 2035 1251 2035 1273 2036 1253 2036 1230 2036 1274 2037 1232 2037 1254 2037 1275 2038 1252 2038 1231 2038 1276 2039 1237 2039 1253 2039 1276 2040 1260 2040 1237 2040 1277 2041 1257 2041 1256 2041 1278 2042 1255 2042 1267 2042 1279 2043 1236 2043 1280 2043 1278 2044 1251 2044 1229 2044 1278 2045 1229 2045 1255 2045 1279 2046 1248 2046 1236 2046 1281 2047 1243 2047 1218 2047 1282 2048 1257 2048 1277 2048 1281 2049 1218 2049 1258 2049 1282 2050 1221 2050 1257 2050 1282 2051 1244 2051 1221 2051 1283 2052 1258 2052 1259 2052 1284 2053 1246 2053 1261 2053 1285 2054 1241 2054 1215 2054 1284 2055 1266 2055 1246 2055 1285 2056 1215 2056 1286 2056 1287 2057 1233 2057 1264 2057 1287 2058 1254 2058 1233 2058 1288 2059 1249 2059 1265 2059 1288 2060 1271 2060 1249 2060 1289 2061 1256 2061 1268 2061 1289 2062 1277 2062 1256 2062 1290 2063 1278 2063 1267 2063 1291 2064 1242 2064 1270 2064 1292 2065 70 2065 1263 2065 1292 2066 1263 2066 1240 2066 1292 2067 1240 2067 1269 2067 1291 2068 1261 2068 1242 2068 1293 2069 1291 2069 1270 2069 1294 2070 1247 2070 1271 2070 1294 2071 1269 2071 1247 2071 1293 2072 1270 2072 1272 2072 1295 2073 1252 2073 1275 2073 1296 2074 1276 2074 1253 2074 1296 2075 1253 2075 1273 2075 1297 2076 1282 2076 1277 2076 1297 2077 1277 2077 1289 2077 1298 2078 1286 2078 1299 2078 1298 2079 1299 2079 1300 2079 1298 2080 1285 2080 1286 2080 1301 2081 1278 2081 1290 2081 1302 2082 1248 2082 1279 2082 1301 2083 1273 2083 1251 2083 1301 2084 1251 2084 1278 2084 1302 2085 1268 2085 1248 2085 1303 2086 1244 2086 1282 2086 1304 2087 1243 2087 1281 2087 1303 2088 1282 2088 1297 2088 1304 2089 1267 2089 1243 2089 1303 2090 1264 2090 1244 2090 1305 2091 79 2091 83 2091 1306 2092 1281 2092 1258 2092 1305 2093 1266 2093 1284 2093 1306 2094 1258 2094 1283 2094 1305 2095 83 2095 1266 2095 1307 2096 1274 2096 1254 2096 1308 2097 1259 2097 1309 2097 1308 2098 1283 2098 1259 2098 1307 2099 1254 2099 1287 2099 1310 2100 1297 2100 1289 2100 1311 2101 1241 2101 1285 2101 1311 2102 1265 2102 1241 2102 1312 2103 1294 2103 1271 2103 1312 2104 1271 2104 1288 2104 1313 2105 1261 2105 1291 2105 1313 2106 1284 2106 1261 2106 1314 2107 1301 2107 1290 2107 1315 2108 1316 2108 1317 2108 1318 2109 1292 2109 1269 2109 1318 2110 1269 2110 1294 2110 1315 2111 1319 2111 1316 2111 1320 2112 1298 2112 1300 2112 1321 2113 1313 2113 1291 2113 1321 2114 1291 2114 1293 2114 1322 2115 1285 2115 1298 2115 1323 2116 1272 2116 1252 2116 1323 2117 1252 2117 1295 2117 1323 2118 1293 2118 1272 2118 1322 2119 1311 2119 1285 2119 1324 2120 1273 2120 1301 2120 1325 2121 1303 2121 1297 2121 1325 2122 1297 2122 1310 2122 1324 2123 1301 2123 1314 2123 1324 2124 1296 2124 1273 2124 1326 2125 1289 2125 1268 2125 1326 2126 1310 2126 1289 2126 1327 2127 1267 2127 1304 2127 1326 2128 1268 2128 1302 2128 1327 2129 1290 2129 1267 2129 1328 2130 1281 2130 1306 2130 1329 2131 1264 2131 1303 2131 1329 2132 1303 2132 1325 2132 1328 2133 1304 2133 1281 2133 1329 2134 1287 2134 1264 2134 1330 2135 1306 2135 1283 2135 1330 2136 1283 2136 1308 2136 1330 2137 1308 2137 1309 2137 1331 2138 1275 2138 1332 2138 1333 2139 1265 2139 1311 2139 1331 2140 1295 2140 1275 2140 1334 2141 1325 2141 1310 2141 1333 2142 1288 2142 1265 2142 1335 2143 1294 2143 1312 2143 1335 2144 1318 2144 1294 2144 1336 2145 1305 2145 1284 2145 1336 2146 79 2146 1305 2146 1336 2147 1284 2147 1313 2147 1336 2148 75 2148 79 2148 1337 2149 1338 2149 1319 2149 1339 2150 1324 2150 1314 2150 1337 2151 1319 2151 1315 2151 1340 2152 74 2152 70 2152 1340 2153 1292 2153 1318 2153 1340 2154 70 2154 1292 2154 1341 2155 1313 2155 1321 2155 1341 2156 1336 2156 1313 2156 1342 2157 1293 2157 1323 2157 1343 2158 1298 2158 1320 2158 1343 2159 1322 2159 1298 2159 1344 2160 1333 2160 1311 2160 1342 2161 1321 2161 1293 2161 1344 2162 1311 2162 1322 2162 1345 2163 1320 2163 1300 2163 1346 2164 1329 2164 1325 2164 1345 2165 1300 2165 1347 2165 1348 2166 1324 2166 1339 2166 1349 2167 1310 2167 1326 2167 1350 2168 1290 2168 1327 2168 1351 2169 1352 2169 1353 2169 1351 2170 1332 2170 1354 2170 1351 2171 1354 2171 1352 2171 1350 2172 1314 2172 1290 2172 1355 2173 1327 2173 1304 2173 1356 2174 1317 2174 1357 2174 1356 2175 1315 2175 1317 2175 1355 2176 1304 2176 1328 2176 1358 2177 1328 2177 1306 2177 1359 2178 1323 2178 1295 2178 1358 2179 1306 2179 1330 2179 1359 2180 1295 2180 1331 2180 1360 2181 1346 2181 1325 2181 1361 2182 1312 2182 1288 2182 1361 2183 1288 2183 1333 2183 1362 2184 1330 2184 1309 2184 1360 2185 1325 2185 1334 2185 1362 2186 1358 2186 1330 2186 1363 2187 1364 2187 1365 2187 1366 2188 1318 2188 1335 2188 1366 2189 1340 2189 1318 2189 1363 2190 1338 2190 1337 2190 1363 2191 1365 2191 1338 2191 1367 2192 71 2192 75 2192 1367 2193 75 2193 1336 2193 1368 2194 1348 2194 1339 2194 1367 2195 1336 2195 1341 2195 1369 2196 1322 2196 1343 2196 1369 2197 1344 2197 1322 2197 1370 2198 1341 2198 1321 2198 1370 2199 1321 2199 1342 2199 1371 2200 1353 2200 1372 2200 1373 2201 1333 2201 1344 2201 1373 2202 1361 2202 1333 2202 1373 2203 1344 2203 1369 2203 1374 2204 1320 2204 1345 2204 1371 2205 1351 2205 1353 2205 1375 2206 1334 2206 1310 2206 1374 2207 1343 2207 1320 2207 1375 2208 1360 2208 1334 2208 1374 2209 1345 2209 1376 2209 1377 2210 1339 2210 1314 2210 1375 2211 1310 2211 1349 2211 1378 2212 1357 2212 1379 2212 1377 2213 1314 2213 1350 2213 1378 2214 1356 2214 1357 2214 1380 2215 1350 2215 1327 2215 1381 2216 1351 2216 1371 2216 1380 2217 1327 2217 1355 2217 1381 2218 1332 2218 1351 2218 1381 2219 1331 2219 1332 2219 1382 2220 1315 2220 1356 2220 1382 2221 1337 2221 1315 2221 1383 2222 1355 2222 1328 2222 1383 2223 1328 2223 1358 2223 1384 2224 1323 2224 1359 2224 1385 2225 1309 2225 1386 2225 1385 2226 1362 2226 1309 2226 1384 2227 1342 2227 1323 2227 1387 2228 1335 2228 1312 2228 1387 2229 1312 2229 1361 2229 1388 2230 1371 2230 1372 2230 1389 2231 1383 2231 1358 2231 1390 2232 1364 2232 1363 2232 1389 2233 1362 2233 1385 2233 1389 2234 1358 2234 1362 2234 1391 2235 78 2235 74 2235 1392 2236 1367 2236 1341 2236 1392 2237 1341 2237 1370 2237 1391 2238 74 2238 1340 2238 1391 2239 1340 2239 1366 2239 1393 2240 1374 2240 1376 2240 1394 2241 1378 2241 1379 2241 1395 2242 1373 2242 1369 2242 1396 2243 1387 2243 1361 2243 1397 2244 1381 2244 1371 2244 1398 2245 1360 2245 1375 2245 1396 2246 1361 2246 1373 2246 1399 2247 1388 2247 1372 2247 1400 2248 1374 2248 1393 2248 1400 2249 1369 2249 1343 2249 1401 2250 1382 2250 1356 2250 1400 2251 1343 2251 1374 2251 1401 2252 1378 2252 1394 2252 1401 2253 1356 2253 1378 2253 1402 2254 1381 2254 1397 2254 1403 2255 1339 2255 1377 2255 1402 2256 1331 2256 1381 2256 1403 2257 1368 2257 1339 2257 1402 2258 1359 2258 1331 2258 1404 2259 1350 2259 1380 2259 1404 2260 1377 2260 1350 2260 1405 2261 1337 2261 1382 2261 1405 2262 1363 2262 1337 2262 1406 2263 1380 2263 1355 2263 1406 2264 1355 2264 1383 2264 1407 2265 1342 2265 1384 2265 1407 2266 1370 2266 1342 2266 1408 2267 1389 2267 1385 2267 1409 2268 1371 2268 1388 2268 1409 2269 1397 2269 1371 2269 1410 2270 1335 2270 1387 2270 1410 2271 1366 2271 1335 2271 1411 2272 1412 2272 1364 2272 1411 2273 1413 2273 1412 2273 1414 2274 1383 2274 1389 2274 1414 2275 1406 2275 1383 2275 1411 2276 1364 2276 1390 2276 1414 2277 1389 2277 1408 2277 1415 2278 1367 2278 1392 2278 1415 2279 71 2279 1367 2279 1416 2280 1385 2280 1386 2280 1417 2281 1401 2281 1394 2281 1418 2282 1400 2282 1393 2282 1419 2283 1402 2283 1397 2283 1420 2284 1396 2284 1373 2284 1420 2285 1373 2285 1395 2285 1421 2286 1409 2286 1388 2286 1421 2287 1388 2287 1399 2287 1422 2288 1410 2288 1387 2288 1423 2289 1382 2289 1401 2289 1422 2290 1387 2290 1396 2290 1424 2291 1369 2291 1400 2291 1423 2292 1405 2292 1382 2292 1424 2293 1400 2293 1418 2293 1423 2294 1401 2294 1417 2294 1424 2295 1395 2295 1369 2295 1425 2296 1384 2296 1359 2296 1426 2297 1393 2297 1376 2297 1425 2298 1359 2298 1402 2298 1426 2299 1376 2299 1427 2299 1425 2300 1402 2300 1419 2300 1428 2301 1394 2301 1379 2301 1428 2302 1379 2302 1429 2302 1430 2303 1377 2303 1404 2303 1428 2304 1417 2304 1394 2304 1430 2305 1403 2305 1377 2305 1431 2306 1405 2306 1423 2306 1431 2307 1363 2307 1405 2307 1432 2308 1404 2308 1380 2308 1431 2309 1390 2309 1363 2309 1432 2310 1380 2310 1406 2310 1433 2311 1370 2311 1407 2311 1434 2312 1414 2312 1408 2312 1433 2313 1392 2313 1370 2313 1435 2314 1419 2314 1397 2314 1435 2315 1397 2315 1409 2315 1436 2316 1416 2316 1386 2316 1436 2317 1386 2317 1437 2317 1438 2318 82 2318 78 2318 1439 2319 1413 2319 1411 2319 1438 2320 1366 2320 1410 2320 1440 2321 1421 2321 1399 2321 1438 2322 78 2322 1391 2322 1438 2323 1391 2323 1366 2323 1441 2324 1432 2324 1406 2324 1441 2325 1414 2325 1434 2325 1441 2326 1406 2326 1414 2326 1442 2327 1423 2327 1417 2327 1443 2328 1408 2328 1385 2328 1444 2329 1419 2329 1435 2329 1443 2330 1385 2330 1416 2330 1444 2331 1425 2331 1419 2331 1445 2332 1435 2332 1409 2332 1445 2333 1409 2333 1421 2333 1446 2334 1424 2334 1418 2334 1447 2335 1423 2335 1442 2335 1447 2336 1431 2336 1423 2336 1448 2337 1396 2337 1420 2337 1448 2338 1422 2338 1396 2338 1449 2339 1425 2339 1444 2339 1449 2340 1407 2340 1384 2340 1450 2341 1410 2341 1422 2341 1450 2342 82 2342 1438 2342 1449 2343 1384 2343 1425 2343 1450 2344 1438 2344 1410 2344 1451 2345 1417 2345 1428 2345 1452 2346 1420 2346 1395 2346 1452 2347 1395 2347 1424 2347 1451 2348 1442 2348 1417 2348 1452 2349 1424 2349 1446 2349 1453 2350 1390 2350 1431 2350 1453 2351 1431 2351 1447 2351 1454 2352 1418 2352 1393 2352 1454 2353 1393 2353 1426 2353 1453 2354 1411 2354 1390 2354 1455 2355 1392 2355 1433 2355 1456 2356 1426 2356 1427 2356 1455 2357 67 2357 71 2357 1456 2358 1427 2358 1457 2358 1455 2359 1415 2359 1392 2359 1455 2360 71 2360 1415 2360 1458 2361 1444 2361 1435 2361 1459 2362 1404 2362 1432 2362 1459 2363 1430 2363 1404 2363 1460 2364 1445 2364 1421 2364 1460 2365 1421 2365 1440 2365 1461 2366 1441 2366 1434 2366 1462 2367 1447 2367 1442 2367 1463 2368 1416 2368 1436 2368 1463 2369 1443 2369 1416 2369 1464 2370 1459 2370 1432 2370 1464 2371 1441 2371 1461 2371 1465 2372 1449 2372 1444 2372 1464 2373 1432 2373 1441 2373 1466 2374 1458 2374 1435 2374 1466 2375 1435 2375 1445 2375 1467 2376 1408 2376 1443 2376 1468 2377 1453 2377 1447 2377 1468 2378 1447 2378 1462 2378 1467 2379 1434 2379 1408 2379 1467 2380 1443 2380 1463 2380 1469 2381 1407 2381 1449 2381 1470 2382 1452 2382 1446 2382 1469 2383 1449 2383 1465 2383 1471 2384 86 2384 82 2384 1469 2385 1433 2385 1407 2385 1471 2386 82 2386 1450 2386 1472 2387 1429 2387 1473 2387 1471 2388 1422 2388 1448 2388 1471 2389 1450 2389 1422 2389 1472 2390 1428 2390 1429 2390 1474 2391 1452 2391 1470 2391 1474 2392 1448 2392 1420 2392 1475 2393 1442 2393 1451 2393 1474 2394 1420 2394 1452 2394 1475 2395 1462 2395 1442 2395 1476 2396 1418 2396 1454 2396 1477 2397 1411 2397 1453 2397 1476 2398 1446 2398 1418 2398 1478 2399 1463 2399 1436 2399 1477 2400 1439 2400 1411 2400 1478 2401 1436 2401 1437 2401 1479 2402 1444 2402 1458 2402 1479 2403 1465 2403 1444 2403 1480 2404 1426 2404 1456 2404 1481 2405 1445 2405 1460 2405 1480 2406 1454 2406 1426 2406 1481 2407 1466 2407 1445 2407 1482 2408 1457 2408 1483 2408 1484 2409 1468 2409 1462 2409 1482 2410 1456 2410 1457 2410 1485 2411 1464 2411 1461 2411 1486 2412 1469 2412 1465 2412 1487 2413 1467 2413 1463 2413 1488 2414 1482 2414 1483 2414 1489 2415 1479 2415 1458 2415 1490 2416 1464 2416 1485 2416 1489 2417 1458 2417 1466 2417 1490 2418 1459 2418 1464 2418 1491 2419 1477 2419 1453 2419 1491 2420 1468 2420 1484 2420 1492 2421 1434 2421 1467 2421 1491 2422 1453 2422 1468 2422 1492 2423 1467 2423 1487 2423 1493 2424 67 2424 1455 2424 1493 2425 1455 2425 1433 2425 1492 2426 1461 2426 1434 2426 1493 2427 63 2427 67 2427 1493 2428 1433 2428 1469 2428 1494 2429 1474 2429 1470 2429 1493 2430 1469 2430 1486 2430 1495 2431 1448 2431 1474 2431 1496 2432 1451 2432 1428 2432 1495 2433 1471 2433 1448 2433 1495 2434 86 2434 1471 2434 1496 2435 1428 2435 1472 2435 1495 2436 1474 2436 1494 2436 1497 2437 1470 2437 1446 2437 1497 2438 1446 2438 1476 2438 1498 2439 1462 2439 1475 2439 1498 2440 1484 2440 1462 2440 1499 2441 1487 2441 1463 2441 1500 2442 1501 2442 1502 2442 1500 2443 1460 2443 1440 2443 1499 2444 1463 2444 1478 2444 1500 2445 1440 2445 1501 2445 1503 2446 1476 2446 1454 2446 1504 2447 1465 2447 1479 2447 1503 2448 1454 2448 1480 2448 1504 2449 1486 2449 1465 2449 1505 2450 1472 2450 1473 2450 1505 2451 1473 2451 1506 2451 1507 2452 1456 2452 1482 2452 1507 2453 1480 2453 1456 2453 1508 2454 1466 2454 1481 2454 1509 2455 1490 2455 1485 2455 1508 2456 1489 2456 1466 2456 1510 2457 1492 2457 1487 2457 1511 2458 1491 2458 1484 2458 1512 2459 1482 2459 1488 2459 1512 2460 1488 2460 1513 2460 1512 2461 1507 2461 1482 2461 1514 2462 63 2462 1493 2462 1515 2463 1485 2463 1461 2463 1514 2464 1493 2464 1486 2464 1515 2465 1461 2465 1492 2465 1516 2466 1504 2466 1479 2466 1517 2467 91 2467 86 2467 1516 2468 1479 2468 1489 2468 1517 2469 86 2469 1495 2469 1517 2470 1495 2470 1494 2470 1518 2471 1502 2471 1519 2471 1520 2472 1470 2472 1497 2472 1518 2473 1500 2473 1502 2473 1520 2474 1494 2474 1470 2474 1521 2475 1487 2475 1499 2475 1522 2476 1475 2476 1451 2476 1522 2477 1451 2477 1496 2477 1521 2478 1510 2478 1487 2478 1523 2479 1484 2479 1498 2479 1524 2480 1497 2480 1476 2480 1523 2481 1511 2481 1484 2481 1524 2482 1476 2482 1503 2482 1525 2483 1481 2483 1460 2483 1525 2484 1460 2484 1500 2484 1526 2485 1503 2485 1480 2485 1526 2486 1480 2486 1507 2486 1527 2487 1514 2487 1486 2487 1527 2488 59 2488 63 2488 1528 2489 1512 2489 1513 2489 1527 2490 63 2490 1514 2490 1527 2491 1486 2491 1504 2491 1529 2492 1472 2492 1505 2492 1530 2493 1492 2493 1510 2493 1530 2494 1515 2494 1492 2494 1529 2495 1496 2495 1472 2495 1531 2496 1489 2496 1508 2496 1532 2497 1478 2497 1437 2497 1531 2498 1516 2498 1489 2498 1532 2499 1437 2499 1533 2499 1534 2500 1518 2500 1519 2500 1535 2501 1512 2501 1528 2501 1535 2502 1507 2502 1512 2502 1535 2503 1526 2503 1507 2503 1536 2504 1527 2504 1504 2504 1536 2505 1504 2505 1516 2505 1537 2506 1509 2506 1485 2506 1537 2507 1485 2507 1515 2507 1537 2508 1515 2508 1530 2508 1538 2509 91 2509 1517 2509 1539 2510 1525 2510 1500 2510 1539 2511 1518 2511 1534 2511 1538 2512 1517 2512 1494 2512 1539 2513 1500 2513 1518 2513 1538 2514 1494 2514 1520 2514 1540 2515 1475 2515 1522 2515 1541 2516 1530 2516 1510 2516 1540 2517 1498 2517 1475 2517 1541 2518 1510 2518 1521 2518 1542 2519 1511 2519 1523 2519 1542 2520 1543 2520 1511 2520 1544 2521 1497 2521 1524 2521 1544 2522 1520 2522 1497 2522 1545 2523 1506 2523 1546 2523 1545 2524 1505 2524 1506 2524 1547 2525 1503 2525 1526 2525 1547 2526 1524 2526 1503 2526 1548 2527 1481 2527 1525 2527 1548 2528 1508 2528 1481 2528 1549 2529 1535 2529 1528 2529 1550 2530 1496 2530 1529 2530 1551 2531 1537 2531 1530 2531 1550 2532 1522 2532 1496 2532 1552 2533 1499 2533 1478 2533 1553 2534 1516 2534 1531 2534 1553 2535 1536 2535 1516 2535 1552 2536 1478 2536 1532 2536 1554 2537 1539 2537 1534 2537 1555 2538 1526 2538 1535 2538 1555 2539 1547 2539 1526 2539 1555 2540 1535 2540 1549 2540 1556 2541 1527 2541 1536 2541 1556 2542 59 2542 1527 2542 1557 2543 1528 2543 1513 2543 1558 2544 1525 2544 1539 2544 1558 2545 1548 2545 1525 2545 1557 2546 1513 2546 1559 2546 1558 2547 1539 2547 1554 2547 1560 2548 1498 2548 1540 2548 1561 2549 1530 2549 1541 2549 1561 2550 1551 2550 1530 2550 1562 2551 1538 2551 1520 2551 1562 2552 94 2552 91 2552 1562 2553 91 2553 1538 2553 1562 2554 1520 2554 1544 2554 1560 2555 1523 2555 1498 2555 1563 2556 1543 2556 1542 2556 1564 2557 1544 2557 1524 2557 1565 2558 1554 2558 1534 2558 1566 2559 1505 2559 1545 2559 1564 2560 1524 2560 1547 2560 1566 2561 1529 2561 1505 2561 1567 2562 1555 2562 1549 2562 1566 2563 1550 2563 1529 2563 1568 2564 1566 2564 1545 2564 1568 2565 1546 2565 1569 2565 1570 2566 1557 2566 1559 2566 1568 2567 1545 2567 1546 2567 1571 2568 1548 2568 1558 2568 1570 2569 1559 2569 1572 2569 1573 2570 1499 2570 1552 2570 1571 2571 1508 2571 1548 2571 1571 2572 1531 2572 1508 2572 1574 2573 1540 2573 1522 2573 1573 2574 1521 2574 1499 2574 1574 2575 1522 2575 1550 2575 1575 2576 1564 2576 1547 2576 1575 2577 1555 2577 1567 2577 1575 2578 1547 2578 1555 2578 1576 2579 1536 2579 1553 2579 1577 2580 1532 2580 1533 2580 1576 2581 1556 2581 1536 2581 1578 2582 1558 2582 1554 2582 1577 2583 1533 2583 1579 2583 1580 2584 1549 2584 1528 2584 1581 2585 1571 2585 1558 2585 1580 2586 1528 2586 1557 2586 1581 2587 1558 2587 1578 2587 1582 2588 1542 2588 1523 2588 1582 2589 1523 2589 1560 2589 1583 2590 1577 2590 1579 2590 1584 2591 1551 2591 1561 2591 1585 2592 1578 2592 1554 2592 1586 2593 1570 2593 1572 2593 1585 2594 1554 2594 1565 2594 1587 2595 94 2595 1562 2595 1587 2596 1562 2596 1544 2596 1587 2597 1544 2597 1564 2597 1588 2598 1550 2598 1566 2598 1589 2599 1575 2599 1567 2599 1590 2600 1566 2600 1568 2600 1591 2601 1557 2601 1570 2601 1591 2602 1580 2602 1557 2602 1592 2603 1553 2603 1531 2603 1592 2604 1531 2604 1571 2604 1593 2605 1521 2605 1573 2605 1594 2606 1560 2606 1540 2606 1593 2607 1541 2607 1521 2607 1594 2608 1540 2608 1574 2608 1595 2609 1564 2609 1575 2609 1595 2610 1587 2610 1564 2610 1595 2611 1575 2611 1589 2611 1596 2612 55 2612 59 2612 1597 2613 1532 2613 1577 2613 1596 2614 59 2614 1556 2614 1596 2615 1556 2615 1576 2615 1598 2616 1581 2616 1578 2616 1597 2617 1552 2617 1532 2617 1599 2618 1592 2618 1571 2618 1600 2619 1567 2619 1549 2619 1599 2620 1581 2620 1598 2620 1600 2621 1549 2621 1580 2621 1599 2622 1571 2622 1581 2622 1600 2623 1580 2623 1591 2623 1601 2624 1563 2624 1542 2624 1602 2625 1597 2625 1577 2625 1602 2626 1577 2626 1583 2626 1601 2627 1542 2627 1582 2627 1603 2628 1598 2628 1578 2628 1603 2629 1578 2629 1585 2629 1604 2630 1550 2630 1588 2630 1605 2631 1570 2631 1586 2631 1605 2632 1591 2632 1570 2632 1604 2633 1594 2633 1574 2633 1606 2634 1595 2634 1589 2634 1604 2635 1574 2635 1550 2635 1607 2636 1600 2636 1591 2636 1608 2637 1588 2637 1566 2637 1608 2638 1566 2638 1590 2638 1609 2639 1561 2639 1541 2639 1610 2640 1590 2640 1568 2640 1609 2641 1541 2641 1593 2641 1610 2642 1569 2642 1611 2642 1610 2643 1568 2643 1569 2643 1612 2644 1579 2644 1613 2644 1614 2645 1553 2645 1592 2645 1615 2646 98 2646 94 2646 1614 2647 1576 2647 1553 2647 1615 2648 94 2648 1587 2648 1615 2649 1587 2649 1595 2649 1616 2650 1560 2650 1594 2650 1615 2651 1595 2651 1606 2651 1616 2652 1582 2652 1560 2652 1617 2653 1573 2653 1552 2653 1617 2654 1597 2654 1602 2654 1617 2655 1552 2655 1597 2655 1618 2656 1599 2656 1598 2656 1619 2657 1614 2657 1592 2657 1620 2658 1579 2658 1612 2658 1619 2659 1599 2659 1618 2659 1620 2660 1583 2660 1579 2660 1619 2661 1592 2661 1599 2661 1621 2662 1585 2662 1565 2662 1622 2663 1567 2663 1600 2663 1622 2664 1589 2664 1567 2664 1623 2665 1617 2665 1602 2665 1621 2666 1565 2666 1624 2666 1625 2667 1618 2667 1598 2667 1625 2668 1598 2668 1603 2668 1626 2669 1607 2669 1591 2669 1626 2670 1591 2670 1605 2670 1627 2671 1594 2671 1604 2671 1628 2672 1615 2672 1606 2672 1628 2673 98 2673 1615 2673 1629 2674 1588 2674 1608 2674 1630 2675 1622 2675 1600 2675 1630 2676 1600 2676 1607 2676 1629 2677 1604 2677 1588 2677 1631 2678 1590 2678 1610 2678 1632 2679 1584 2679 1561 2679 1632 2680 1561 2680 1609 2680 1633 2681 55 2681 1596 2681 1633 2682 1576 2682 1614 2682 1633 2683 51 2683 55 2683 1633 2684 1596 2684 1576 2684 1634 2685 1601 2685 1582 2685 1635 2686 1620 2686 1612 2686 1634 2687 1582 2687 1616 2687 1636 2688 1593 2688 1573 2688 1637 2689 1619 2689 1618 2689 1636 2690 1573 2690 1617 2690 1638 2691 1583 2691 1620 2691 1639 2692 1610 2692 1611 2692 1639 2693 1611 2693 1640 2693 1638 2694 1620 2694 1635 2694 1638 2695 1602 2695 1583 2695 1641 2696 1614 2696 1619 2696 1642 2697 1612 2697 1613 2697 1641 2698 1619 2698 1637 2698 1642 2699 1635 2699 1612 2699 1641 2700 1633 2700 1614 2700 1642 2701 1613 2701 1643 2701 1641 2702 51 2702 1633 2702 1644 2703 1589 2703 1622 2703 1645 2704 1585 2704 1621 2704 1645 2705 1603 2705 1585 2705 1644 2706 1606 2706 1589 2706 1646 2707 1618 2707 1625 2707 1646 2708 1637 2708 1618 2708 1647 2709 1636 2709 1617 2709 1647 2710 1617 2710 1623 2710 1648 2711 1616 2711 1594 2711 1648 2712 1594 2712 1627 2712 1649 2713 1630 2713 1607 2713 1649 2714 1607 2714 1626 2714 1650 2715 1627 2715 1604 2715 1651 2716 1644 2716 1622 2716 1651 2717 1622 2717 1630 2717 1650 2718 1604 2718 1629 2718 1652 2719 1608 2719 1590 2719 1653 2720 1586 2720 1654 2720 1652 2721 1590 2721 1631 2721 1653 2722 1605 2722 1586 2722 1652 2723 1629 2723 1608 2723 1655 2724 1638 2724 1635 2724 1656 2725 1624 2725 1657 2725 1656 2726 1621 2726 1624 2726 1658 2727 1609 2727 1593 2727 1658 2728 1593 2728 1636 2728 1659 2729 47 2729 51 2729 1659 2730 1641 2730 1637 2730 1660 2731 1623 2731 1602 2731 1659 2732 51 2732 1641 2732 1661 2733 1631 2733 1610 2733 1660 2734 1638 2734 1655 2734 1660 2735 1602 2735 1638 2735 1661 2736 1610 2736 1639 2736 1662 2737 1625 2737 1603 2737 1662 2738 1603 2738 1645 2738 1663 2739 1635 2739 1642 2739 1663 2740 1655 2740 1635 2740 1664 2741 102 2741 98 2741 1664 2742 98 2742 1628 2742 1664 2743 1628 2743 1606 2743 1664 2744 1606 2744 1644 2744 1665 2745 1637 2745 1646 2745 1666 2746 1642 2746 1643 2746 1665 2747 1659 2747 1637 2747 1666 2748 1663 2748 1642 2748 1667 2749 1616 2749 1648 2749 1666 2750 1643 2750 1668 2750 1669 2751 1658 2751 1636 2751 1667 2752 1634 2752 1616 2752 1669 2753 1636 2753 1647 2753 1670 2754 1627 2754 1650 2754 1670 2755 1648 2755 1627 2755 1671 2756 1630 2756 1649 2756 1671 2757 1651 2757 1630 2757 1672 2758 102 2758 1664 2758 1672 2759 1644 2759 1651 2759 1672 2760 1664 2760 1644 2760 1673 2761 1629 2761 1652 2761 1674 2762 1639 2762 1640 2762 1674 2763 1640 2763 1675 2763 1676 2764 1605 2764 1653 2764 1676 2765 1626 2765 1605 2765 1677 2766 1645 2766 1621 2766 1678 2767 1660 2767 1655 2767 1677 2768 1621 2768 1656 2768 1679 2769 1609 2769 1658 2769 1679 2770 1658 2770 1669 2770 1680 2771 1631 2771 1661 2771 1680 2772 1652 2772 1631 2772 1679 2773 1632 2773 1609 2773 1681 2774 1623 2774 1660 2774 1682 2775 1646 2775 1625 2775 1681 2776 1660 2776 1678 2776 1681 2777 1647 2777 1623 2777 1682 2778 1625 2778 1662 2778 1683 2779 1659 2779 1665 2779 1683 2780 47 2780 1659 2780 1684 2781 1657 2781 1685 2781 1686 2782 1655 2782 1663 2782 1686 2783 1678 2783 1655 2783 1687 2784 1668 2784 1688 2784 1684 2785 1656 2785 1657 2785 1687 2786 1666 2786 1668 2786 1689 2787 1686 2787 1663 2787 1689 2788 1666 2788 1687 2788 1690 2789 1648 2789 1670 2789 1690 2790 1667 2790 1648 2790 1691 2791 1629 2791 1673 2791 1689 2792 1663 2792 1666 2792 1692 2793 1679 2793 1669 2793 1691 2794 1670 2794 1650 2794 1691 2795 1650 2795 1629 2795 1693 2796 1672 2796 1651 2796 1694 2797 1675 2797 1695 2797 1693 2798 1651 2798 1671 2798 1694 2799 1674 2799 1675 2799 1696 2800 1661 2800 1639 2800 1697 2801 1649 2801 1626 2801 1697 2802 1626 2802 1676 2802 1696 2803 1639 2803 1674 2803 1698 2804 1645 2804 1677 2804 1699 2805 1681 2805 1678 2805 1698 2806 1662 2806 1645 2806 1700 2807 1673 2807 1652 2807 1700 2808 1652 2808 1680 2808 1701 2809 1653 2809 1654 2809 1701 2810 1654 2810 1702 2810 1703 2811 1681 2811 1699 2811 1704 2812 1646 2812 1682 2812 1703 2813 1669 2813 1647 2813 1704 2814 1665 2814 1646 2814 1705 2815 1694 2815 1695 2815 1703 2816 1647 2816 1681 2816 1706 2817 1687 2817 1688 2817 1707 2818 1656 2818 1684 2818 1708 2819 1699 2819 1678 2819 1708 2820 1678 2820 1686 2820 1707 2821 1677 2821 1656 2821 1709 2822 1689 2822 1687 2822 1710 2823 1685 2823 1711 2823 1710 2824 1684 2824 1685 2824 1712 2825 1686 2825 1689 2825 1713 2826 1690 2826 1670 2826 1712 2827 1708 2827 1686 2827 1712 2828 1689 2828 1709 2828 1713 2829 1670 2829 1691 2829 1714 2830 1674 2830 1694 2830 1714 2831 1696 2831 1674 2831 1715 2832 1702 2832 1716 2832 1715 2833 1701 2833 1702 2833 1717 2834 1661 2834 1696 2834 1717 2835 1680 2835 1661 2835 1718 2836 107 2836 102 2836 1718 2837 102 2837 1672 2837 1718 2838 1672 2838 1693 2838 1719 2839 1649 2839 1697 2839 1720 2840 1662 2840 1698 2840 1719 2841 1671 2841 1649 2841 1720 2842 1682 2842 1662 2842 1721 2843 1703 2843 1699 2843 1722 2844 1673 2844 1700 2844 1722 2845 1691 2845 1673 2845 1723 2846 1653 2846 1701 2846 1724 2847 47 2847 1683 2847 1724 2848 43 2848 47 2848 1724 2849 1665 2849 1704 2849 1723 2850 1676 2850 1653 2850 1724 2851 1683 2851 1665 2851 1725 2852 1692 2852 1669 2852 1726 2853 1694 2853 1705 2853 1725 2854 1703 2854 1721 2854 1725 2855 1669 2855 1703 2855 1726 2856 1714 2856 1694 2856 1727 2857 1698 2857 1677 2857 1728 2858 1687 2858 1706 2858 1727 2859 1677 2859 1707 2859 1728 2860 1709 2860 1687 2860 1729 2861 1707 2861 1684 2861 1730 2862 1721 2862 1699 2862 1729 2863 1684 2863 1710 2863 1730 2864 1699 2864 1708 2864 1731 2865 1712 2865 1709 2865 1732 2866 1690 2866 1713 2866 1733 2867 1710 2867 1711 2867 1734 2868 1688 2868 1735 2868 1736 2869 1717 2869 1696 2869 1736 2870 1696 2870 1714 2870 1734 2871 1728 2871 1706 2871 1734 2872 1706 2872 1688 2872 1737 2873 1708 2873 1712 2873 1738 2874 1695 2874 1739 2874 1738 2875 1705 2875 1695 2875 1737 2876 1712 2876 1731 2876 1737 2877 1730 2877 1708 2877 1740 2878 1700 2878 1680 2878 1740 2879 1680 2879 1717 2879 1741 2880 1701 2880 1715 2880 1741 2881 1723 2881 1701 2881 1742 2882 1682 2882 1720 2882 1743 2883 1693 2883 1671 2883 1743 2884 1671 2884 1719 2884 1742 2885 1704 2885 1682 2885 1744 2886 1713 2886 1691 2886 1744 2887 1691 2887 1722 2887 1745 2888 1725 2888 1721 2888 1746 2889 1697 2889 1676 2889 1746 2890 1723 2890 1741 2890 1747 2891 1714 2891 1726 2891 1746 2892 1676 2892 1723 2892 1747 2893 1736 2893 1714 2893 1748 2894 1715 2894 1716 2894 1748 2895 1716 2895 1749 2895 1750 2896 1698 2896 1727 2896 1748 2897 1749 2897 1751 2897 1750 2898 1720 2898 1698 2898 1752 2899 1709 2899 1728 2899 1752 2900 1731 2900 1709 2900 1753 2901 1727 2901 1707 2901 1753 2902 1707 2902 1729 2902 1754 2903 1721 2903 1730 2903 1754 2904 1745 2904 1721 2904 1755 2905 1710 2905 1733 2905 1756 2906 1740 2906 1717 2906 1757 2907 1737 2907 1731 2907 1757 2908 1731 2908 1752 2908 1756 2909 1717 2909 1736 2909 1756 2910 1736 2910 1747 2910 1758 2911 1752 2911 1728 2911 1758 2912 1728 2912 1734 2912 1759 2913 1730 2913 1737 2913 1760 2914 1726 2914 1705 2914 1760 2915 1705 2915 1738 2915 1759 2916 1754 2916 1730 2916 1759 2917 1737 2917 1757 2917 1761 2918 1700 2918 1740 2918 1762 2919 1746 2919 1741 2919 1761 2920 1722 2920 1700 2920 1763 2921 1718 2921 1693 2921 1764 2922 1704 2922 1742 2922 1763 2923 111 2923 107 2923 1763 2924 115 2924 111 2924 1764 2925 38 2925 43 2925 1763 2926 1693 2926 1743 2926 1763 2927 107 2927 1718 2927 1764 2928 43 2928 1724 2928 1764 2929 1724 2929 1704 2929 1765 2930 1748 2930 1751 2930 1766 2931 1732 2931 1713 2931 1766 2932 1713 2932 1744 2932 1767 2933 1756 2933 1747 2933 1768 2934 1719 2934 1697 2934 1768 2935 1697 2935 1746 2935 1769 2936 1720 2936 1750 2936 1770 2937 1748 2937 1765 2937 1769 2938 1742 2938 1720 2938 1770 2939 1741 2939 1715 2939 1770 2940 1715 2940 1748 2940 1771 2941 1750 2941 1727 2941 1772 2942 1757 2942 1752 2942 1773 2943 1765 2943 1751 2943 1771 2944 1727 2944 1753 2944 1774 2945 1760 2945 1738 2945 1775 2946 1745 2946 1754 2946 1774 2947 1739 2947 1776 2947 1777 2948 1757 2948 1772 2948 1774 2949 1738 2949 1739 2949 1777 2950 1759 2950 1757 2950 1778 2951 1753 2951 1729 2951 1778 2952 1710 2952 1755 2952 1779 2953 1772 2953 1752 2953 1778 2954 1729 2954 1710 2954 1779 2955 1752 2955 1758 2955 1780 2956 1761 2956 1740 2956 1781 2957 1735 2957 1782 2957 1780 2958 1740 2958 1756 2958 1781 2959 1734 2959 1735 2959 1780 2960 1756 2960 1767 2960 1781 2961 1758 2961 1734 2961 1783 2962 1775 2962 1754 2962 1783 2963 1759 2963 1777 2963 1784 2964 1726 2964 1760 2964 1783 2965 1754 2965 1759 2965 1785 2966 1746 2966 1762 2966 1785 2967 1768 2967 1746 2967 1784 2968 1747 2968 1726 2968 1786 2969 1722 2969 1761 2969 1787 2970 1770 2970 1765 2970 1786 2971 1744 2971 1722 2971 1788 2972 1755 2972 1733 2972 1789 2973 1719 2973 1768 2973 1789 2974 1743 2974 1719 2974 1788 2975 1733 2975 1790 2975 1791 2976 1741 2976 1770 2976 1791 2977 1762 2977 1741 2977 1792 2978 1780 2978 1767 2978 1791 2979 1770 2979 1787 2979 1793 2980 38 2980 1764 2980 1793 2981 1764 2981 1742 2981 1793 2982 34 2982 38 2982 1793 2983 1742 2983 1769 2983 1794 2984 1777 2984 1772 2984 1795 2985 1750 2985 1771 2985 1796 2986 1765 2986 1773 2986 1795 2987 1769 2987 1750 2987 1796 2988 1787 2988 1765 2988 1797 2989 1760 2989 1774 2989 1798 2990 1783 2990 1777 2990 1798 2991 1777 2991 1794 2991 1799 2992 1771 2992 1753 2992 1800 2993 1772 2993 1779 2993 1800 2994 1794 2994 1772 2994 1799 2995 1753 2995 1778 2995 1801 2996 1761 2996 1780 2996 1802 2997 1758 2997 1781 2997 1801 2998 1786 2998 1761 2998 1803 2999 1796 2999 1773 2999 1804 3000 1767 3000 1747 3000 1805 3001 1775 3001 1783 3001 1805 3002 1783 3002 1798 3002 1804 3003 1747 3003 1784 3003 1806 3004 1768 3004 1785 3004 1806 3005 1789 3005 1768 3005 1807 3006 1766 3006 1744 3006 1808 3007 1782 3007 1809 3007 1808 3008 1809 3008 1810 3008 1808 3009 1781 3009 1782 3009 1807 3010 1744 3010 1786 3010 1811 3011 1776 3011 1812 3011 1811 3012 1774 3012 1776 3012 1813 3013 1791 3013 1787 3013 1814 3014 1755 3014 1788 3014 1815 3015 115 3015 1763 3015 1815 3016 1763 3016 1743 3016 1814 3017 1778 3017 1755 3017 1815 3018 1743 3018 1789 3018 1816 3019 1801 3019 1780 3019 1816 3020 1780 3020 1792 3020 1817 3021 1762 3021 1791 3021 1817 3022 1791 3022 1813 3022 1817 3023 1785 3023 1762 3023 1818 3024 30 3024 34 3024 1818 3025 1793 3025 1769 3025 1818 3026 34 3026 1793 3026 1819 3027 1798 3027 1794 3027 1818 3028 1769 3028 1795 3028 1820 3029 1784 3029 1760 3029 1820 3030 1760 3030 1797 3030 1821 3031 1787 3031 1796 3031 1820 3032 1804 3032 1784 3032 1821 3033 1813 3033 1787 3033 1822 3034 1805 3034 1798 3034 1823 3035 1771 3035 1799 3035 1822 3036 1798 3036 1819 3036 1823 3037 1795 3037 1771 3037 1824 3038 1794 3038 1800 3038 1825 3039 1786 3039 1801 3039 1825 3040 1807 3040 1786 3040 1824 3041 1819 3041 1794 3041 1825 3042 1801 3042 1816 3042 1826 3043 1779 3043 1758 3043 1827 3044 1792 3044 1767 3044 1826 3045 1800 3045 1779 3045 1827 3046 1767 3046 1804 3046 1826 3047 1758 3047 1802 3047 1828 3048 1811 3048 1812 3048 1828 3049 1812 3049 1829 3049 1830 3050 1796 3050 1803 3050 1830 3051 1821 3051 1796 3051 1830 3052 1803 3052 1831 3052 1832 3053 1788 3053 1790 3053 1833 3054 119 3054 115 3054 1833 3055 115 3055 1815 3055 1833 3056 1789 3056 1806 3056 1832 3057 1790 3057 1834 3057 1833 3058 1815 3058 1789 3058 152 3059 1781 3059 1808 3059 1835 3060 1774 3060 1811 3060 1835 3061 1797 3061 1774 3061 152 3062 1802 3062 1781 3062 1836 3063 1817 3063 1813 3063 1837 3064 1817 3064 1836 3064 164 3065 1799 3065 1778 3065 164 3066 1778 3066 1814 3066 1837 3067 1806 3067 1785 3067 1838 3068 1825 3068 1816 3068 1837 3069 1785 3069 1817 3069 1839 3070 1822 3070 1819 3070 178 3071 1804 3071 1820 3071 1840 3072 1836 3072 1813 3072 1840 3073 1813 3073 1821 3073 183 3074 1795 3074 1823 3074 183 3075 1818 3075 1795 3075 1841 3076 1834 3076 1842 3076 1841 3077 1832 3077 1834 3077 1843 3078 1831 3078 1844 3078 1843 3079 1830 3079 1831 3079 1845 3080 1839 3080 1819 3080 1845 3081 1819 3081 1824 3081 173 3082 1828 3082 1829 3082 168 3083 1800 3083 1826 3083 1846 3084 1816 3084 1792 3084 1846 3085 1792 3085 1827 3085 144 3086 1808 3086 1810 3086 144 3087 152 3087 1808 3087 1847 3088 1830 3088 1843 3088 1847 3089 1840 3089 1821 3089 1848 3090 1811 3090 1828 3090 1848 3091 1835 3091 1811 3091 1847 3092 1821 3092 1830 3092 1849 3093 1814 3093 1788 3093 1849 3094 1788 3094 1832 3094 151 3095 1826 3095 1802 3095 154 3096 1797 3096 1835 3096 151 3097 1802 3097 152 3097 154 3098 1820 3098 1797 3098 1850 3099 1837 3099 1836 3099 163 3100 1823 3100 1799 3100 1851 3101 1806 3101 1837 3101 1851 3102 1837 3102 1850 3102 1851 3103 1833 3103 1806 3103 163 3104 1799 3104 164 3104 1851 3105 119 3105 1833 3105 1852 3106 1843 3106 1844 3106 149 3107 1841 3107 1842 3107 159 3108 1836 3108 1840 3108 149 3109 1842 3109 147 3109 179 3110 1827 3110 1804 3110 179 3111 1846 3111 1827 3111 159 3112 1850 3112 1836 3112 179 3113 1804 3113 178 3113 1853 3114 1847 3114 1843 3114 185 3115 1818 3115 183 3115 199 3116 1852 3116 1844 3116 201 3117 1839 3117 1845 3117 185 3118 30 3118 1818 3118 1854 3119 1832 3119 1841 3119 167 3120 1800 3120 168 3120 1854 3121 1849 3121 1832 3121 172 3122 1848 3122 1828 3122 167 3123 1845 3123 1824 3123 172 3124 1828 3124 173 3124 167 3125 1824 3125 1800 3125 145 3126 1810 3126 207 3126 195 3127 1838 3127 1816 3127 195 3128 1816 3128 1846 3128 145 3129 144 3129 1810 3129 143 3130 152 3130 144 3130 155 3131 1835 3131 1848 3131 160 3132 1840 3132 1847 3132 155 3133 154 3133 1835 3133 160 3134 1847 3134 1853 3134 160 3135 159 3135 1840 3135 170 3136 164 3136 1814 3136 169 3137 168 3137 1826 3137 170 3138 1814 3138 1849 3138 169 3139 1826 3139 151 3139 174 3140 173 3140 1829 3140 174 3141 1829 3141 218 3141 157 3142 1820 3142 154 3142 157 3143 178 3143 1820 3143 176 3144 145 3144 207 3144 187 3145 1851 3145 1850 3145 187 3146 123 3146 119 3146 187 3147 119 3147 1851 3147 184 3148 183 3148 1823 3148 181 3149 1843 3149 1852 3149 184 3150 1823 3150 163 3150 181 3151 1853 3151 1843 3151 161 3152 1850 3152 159 3152 191 3153 1854 3153 1841 3153 191 3154 1841 3154 149 3154 161 3155 187 3155 1850 3155 165 3156 160 3156 1853 3156 196 3157 195 3157 1846 3157 196 3158 1846 3158 179 3158 165 3159 1853 3159 181 3159 193 3160 1852 3160 199 3160 193 3161 181 3161 1852 3161 190 3162 1849 3162 1854 3162 190 3163 170 3163 1849 3163 190 3164 1854 3164 191 3164 202 3165 201 3165 1845 3165 156 3166 1848 3166 172 3166 202 3167 1845 3167 167 3167 156 3168 155 3168 1848 3168 1855 3169 1856 3169 1857 3169 1855 3170 1857 3170 1858 3170 1859 3171 1855 3171 1858 3171 1859 3172 1858 3172 1860 3172 1861 3173 1859 3173 1860 3173 1861 3174 1860 3174 1862 3174 1863 3175 1861 3175 1862 3175 1863 3176 1862 3176 1864 3176 1865 3177 1863 3177 1864 3177 1865 3178 1864 3178 1866 3178 1865 3179 1866 3179 1867 3179 1868 3180 1865 3180 1867 3180 1869 3181 1868 3181 1867 3181 1869 3182 1867 3182 1870 3182 1871 3183 1869 3183 1870 3183 1871 3184 1870 3184 1872 3184 1873 3185 1871 3185 1874 3185 1871 3185 1872 3185 1874 3185 1875 3186 1873 3186 1874 3186 1876 3187 1875 3187 1877 3187 1875 3188 1874 3188 1877 3188 1876 3189 1877 3189 1878 3189 1879 3190 1876 3190 1880 3190 1881 3191 1882 3191 1883 3191 1876 3192 1878 3192 1880 3192 1881 3193 1883 3193 1884 3193 1885 3194 1881 3194 1886 3194 1887 3195 1885 3195 1886 3195 1881 3196 1884 3196 1886 3196 1887 3197 1886 3197 1888 3197 1887 3198 1888 3198 1889 3198 1890 3199 1887 3199 1889 3199 1890 3200 1889 3200 1891 3200 1892 3201 1890 3201 1891 3201 1893 3202 1892 3202 1891 3202 1893 3202 1891 3202 1894 3202 1893 3203 1894 3203 1895 3203 1896 3204 1893 3204 1895 3204 1897 3205 1896 3205 1895 3205 1897 3206 1895 3206 1898 3206 1897 3207 1898 3207 1899 3207 1900 3208 1897 3208 1899 3208 1900 3209 1899 3209 1901 3209 1902 3210 1900 3210 1901 3210 1902 3211 1901 3211 1903 3211 1904 3212 1902 3212 1903 3212 1905 3213 1904 3213 1903 3213 1905 3214 1903 3214 1906 3214 1905 3215 1906 3215 1907 3215 1908 3216 1905 3216 1907 3216 1908 3217 1907 3217 1909 3217 1910 3218 1908 3218 1909 3218 1910 3219 1909 3219 1911 3219 1912 3219 1910 3219 1911 3219 1913 3220 1912 3220 1911 3220 1913 3221 1911 3221 1914 3221 1913 3222 1914 3222 1915 3222 1916 3223 1913 3223 1915 3223 1917 3224 1918 3224 1919 3224 1920 3225 1917 3225 1919 3225 1918 3226 1921 3226 1919 3226 1920 3227 1919 3227 1922 3227 1923 3228 1920 3228 1924 3228 1920 3229 1922 3229 1924 3229 1925 3230 1923 3230 1926 3230 1927 3231 1925 3231 1926 3231 1923 3232 1924 3232 1926 3232 1927 3233 1926 3233 1928 3233 1929 3234 1927 3234 1930 3234 1927 3235 1928 3235 1930 3235 1931 3236 1929 3236 1932 3236 1929 3237 1930 3237 1932 3237 1933 3238 1931 3238 1934 3238 1935 3239 1933 3239 1934 3239 1931 3240 1932 3240 1934 3240 1935 3241 1934 3241 1936 3241 1935 3242 1936 3242 1937 3242 1938 3243 1935 3243 1937 3243 1938 3244 1937 3244 1939 3244 1940 3245 1938 3245 1939 3245 1941 3246 1940 3246 1939 3246 1941 3247 1939 3247 1942 3247 1941 3248 1942 3248 1943 3248 1944 3249 1941 3249 1943 3249 1945 3250 1944 3250 1943 3250 1945 3251 1943 3251 1946 3251 1947 3252 1945 3252 1948 3252 1945 3253 1946 3253 1948 3253 1949 3254 1947 3254 1950 3254 1951 3255 1949 3255 1950 3255 1947 3256 1948 3256 1950 3256 1951 3257 1950 3257 1952 3257 1953 3258 1954 3258 1955 3258 1954 3259 1956 3259 1955 3259 1957 3260 1953 3260 1958 3260 1959 3261 1957 3261 1958 3261 1953 3262 1955 3262 1958 3262 1959 3263 1958 3263 1960 3263 1961 3264 1959 3264 1962 3264 1959 3265 1960 3265 1962 3265 1963 3266 1961 3266 1964 3266 1965 3267 1963 3267 1964 3267 1961 3268 1962 3268 1964 3268 1965 3269 1964 3269 1966 3269 1967 3270 1965 3270 1968 3270 1969 3271 1967 3271 1968 3271 1965 3270 1966 3270 1968 3270 1969 3272 1968 3272 1970 3272 1971 3273 1969 3273 1972 3273 1969 3274 1970 3274 1972 3274 1973 3275 1971 3275 1974 3275 1975 3276 1973 3276 1974 3276 1971 3277 1972 3277 1974 3277 1975 3278 1974 3278 1976 3278 1977 3279 1975 3279 1978 3279 1975 3279 1976 3279 1978 3279 1979 3280 1977 3280 1980 3280 1981 3281 1979 3281 1980 3281 1977 3282 1978 3282 1980 3282 1981 3283 1980 3283 1982 3283 1983 3284 1981 3284 1984 3284 1981 3285 1982 3285 1984 3285 1985 3286 1983 3286 1986 3286 1987 3287 1985 3287 1986 3287 1983 3288 1984 3288 1986 3288 1987 3289 1986 3289 1988 3289 1989 3290 1987 3290 1990 3290 1987 3291 1988 3291 1990 3291 1991 3292 1992 3292 1993 3292 1994 3293 1991 3293 1993 3293 1995 3294 1994 3294 1993 3294 1995 3295 1993 3295 1996 3295 1995 3296 1996 3296 1997 3296 1998 3297 1995 3297 1997 3297 1998 3298 1997 3298 1999 3298 2000 3299 1998 3299 1999 3299 2001 3300 2000 3300 1999 3300 2001 3301 1999 3301 2002 3301 2001 3302 2002 3302 1857 3302 1856 3303 2001 3303 1857 3303 469 3304 403 3304 2003 3304 469 3305 2003 3305 2004 3305 518 3306 469 3306 2004 3306 518 3307 2004 3307 2005 3307 578 3308 2006 3308 2007 3308 561 3309 518 3309 2005 3309 561 3310 2005 3310 2008 3310 611 3311 2007 3311 2009 3311 611 3312 578 3312 2007 3312 562 3313 561 3313 2008 3313 562 3314 2008 3314 2010 3314 613 3315 2009 3315 2011 3315 613 3316 611 3316 2009 3316 636 3317 562 3317 2010 3317 636 3318 2010 3318 2012 3318 577 3319 636 3319 2012 3319 632 3320 2011 3320 2013 3320 577 3321 2012 3321 2014 3321 632 3322 613 3322 2011 3322 578 3323 2014 3323 2006 3323 578 3324 577 3324 2014 3324 1668 3325 2015 3325 1688 3325 2015 3326 2016 3326 1735 3326 1735 3327 2016 3327 1782 3327 667 3328 2013 3328 2017 3328 667 3329 632 3329 2013 3329 712 3330 2017 3330 2018 3330 712 3331 667 3331 2017 3331 768 3332 2018 3332 2019 3332 768 3333 712 3333 2018 3333 770 3334 2019 3334 2020 3334 770 3335 768 3335 2019 3335 866 3336 2020 3336 2021 3336 866 3337 770 3337 2020 3337 897 3338 2021 3338 2022 3338 897 3339 866 3339 2021 3339 2023 3340 2024 3340 2025 3340 2023 3341 2025 3341 2026 3341 967 3342 2022 3342 2024 3342 967 3343 897 3343 2022 3343 967 3344 2024 3344 2023 3344 2027 3345 967 3345 2023 3345 1015 3346 967 3346 2027 3346 2028 3347 2026 3347 2029 3347 2030 3348 2031 3348 2032 3348 2028 3349 2023 3349 2026 3349 1058 3350 1015 3350 2027 3350 2033 3351 1058 3351 2027 3351 1059 3352 1058 3352 2033 3352 2034 3353 2032 3353 2035 3353 2034 3354 2035 3354 2036 3354 2034 3355 2030 3355 2032 3355 1132 3356 2037 3356 2038 3356 1132 3357 1131 3357 2037 3357 1155 3358 2038 3358 2039 3358 1155 3359 1132 3359 2038 3359 2040 3360 2036 3360 2041 3360 2040 3361 2041 3361 2042 3361 2040 3362 2034 3362 2036 3362 1208 3363 1155 3363 2039 3363 2043 3364 2042 3364 2044 3364 2043 3365 2040 3365 2042 3365 2045 3366 2044 3366 2046 3366 2045 3367 2046 3367 2047 3367 2045 3368 2043 3368 2044 3368 2048 3369 2045 3369 2047 3369 2048 3370 2047 3370 2049 3370 2050 3371 2048 3371 2049 3371 2050 3372 2049 3372 2051 3372 2050 3373 2051 3373 2052 3373 2053 3374 2050 3374 2052 3374 2053 3375 2052 3375 2054 3375 2055 3376 2053 3376 2054 3376 2055 3377 2054 3377 2056 3377 2055 3378 2056 3378 2057 3378 2058 3379 2055 3379 2057 3379 2058 3380 2057 3380 2059 3380 2060 3381 2058 3381 2059 3381 2060 3382 2059 3382 2061 3382 2060 3383 2061 3383 2062 3383 2063 3384 2060 3384 2062 3384 2063 3385 2062 3385 2064 3385 2063 3386 2064 3386 2065 3386 1735 3387 1688 3387 2015 3387 2066 3388 2063 3388 2065 3388 2066 3389 2065 3389 2067 3389 2068 3390 2067 3390 2069 3390 2068 3391 2066 3391 2067 3391 2070 3392 2068 3392 2069 3392 1809 3393 2016 3393 2071 3393 1809 3394 1782 3394 2016 3394 2072 3395 2068 3395 2070 3395 1810 3396 2071 3396 2072 3396 1810 3397 1809 3397 2071 3397 207 3398 1810 3398 2072 3398 208 3399 2070 3399 2073 3399 208 3400 2072 3400 2070 3400 208 3401 207 3401 2072 3401 243 3402 2073 3402 2074 3402 243 3403 208 3403 2073 3403 304 3404 2075 3404 2076 3404 244 3405 243 3405 2074 3405 305 3406 2076 3406 2077 3406 305 3407 304 3407 2076 3407 355 3408 2077 3408 2078 3408 355 3409 305 3409 2077 3409 397 3410 2078 3410 2079 3410 397 3411 355 3411 2078 3411 398 3412 2079 3412 2080 3412 398 3413 397 3413 2079 3413 458 3414 2080 3414 2081 3414 458 3415 398 3415 2080 3415 508 3416 458 3416 2081 3416 508 3417 2081 3417 2082 3417 555 3418 508 3418 2082 3418 555 3419 2082 3419 2083 3419 591 3420 555 3420 2083 3420 591 3421 2083 3421 2084 3421 592 3422 591 3422 2084 3422 592 3423 2084 3423 2085 3423 675 3424 592 3424 2085 3424 675 3425 2085 3425 2086 3425 744 3426 675 3426 2086 3426 744 3427 2086 3427 2087 3427 803 3428 744 3428 2087 3428 803 3429 2087 3429 2088 3429 804 3430 803 3430 2088 3430 804 3431 2088 3431 2089 3431 894 3432 804 3432 2089 3432 894 3433 2089 3433 2090 3433 964 3434 894 3434 2090 3434 964 3435 2090 3435 2091 3435 1006 3436 964 3436 2091 3436 1006 3437 2091 3437 2092 3437 1007 3438 1006 3438 2092 3438 1007 3439 2092 3439 2093 3439 1081 3440 1007 3440 2093 3440 1081 3441 2093 3441 2094 3441 1104 3442 1081 3442 2094 3442 1104 3443 2094 3443 2095 3443 1150 3444 1104 3444 2095 3444 1150 3445 2095 3445 2096 3445 1181 3446 2096 3446 2097 3446 1181 3447 1150 3447 2096 3447 1217 3448 2097 3448 2098 3448 1217 3449 1181 3449 2097 3449 1236 3450 2098 3450 2099 3450 1236 3451 1217 3451 2098 3451 1280 3452 2099 3452 2100 3452 1280 3453 1236 3453 2099 3453 1317 3454 2101 3454 2102 3454 1317 3455 1316 3455 2101 3455 1357 3456 2102 3456 2103 3456 1357 3457 1317 3457 2102 3457 1379 3458 2103 3458 2104 3458 1379 3459 1357 3459 2103 3459 1429 3460 2104 3460 2105 3460 1429 3461 1379 3461 2104 3461 1473 3462 2105 3462 2106 3462 1473 3463 1429 3463 2105 3463 1506 3464 2106 3464 2107 3464 1506 3465 1473 3465 2106 3465 1546 3466 1506 3466 2107 3466 1546 3467 2107 3467 2108 3467 1569 3468 1546 3468 2108 3468 1569 3469 2108 3469 2109 3469 1611 3470 1569 3470 2109 3470 1611 3471 2109 3471 2110 3471 1640 3472 1611 3472 2110 3472 1640 3473 2110 3473 2111 3473 1675 3474 1640 3474 2111 3474 1675 3475 2111 3475 2112 3475 1695 3476 1675 3476 2112 3476 1695 3477 2112 3477 2113 3477 1739 3478 1695 3478 2113 3478 1739 3479 2113 3479 2114 3479 1776 3480 1739 3480 2114 3480 1776 3481 2114 3481 2115 3481 1812 3482 1776 3482 2115 3482 1812 3483 2115 3483 2116 3483 1829 3484 1812 3484 2116 3484 1829 3485 2116 3485 2117 3485 218 3486 1829 3486 2117 3486 218 3487 2117 3487 2118 3487 219 3488 218 3488 2118 3488 219 3489 2118 3489 2119 3489 248 3490 219 3490 2119 3490 248 3491 2119 3491 2120 3491 249 3492 248 3492 2120 3492 249 3493 2120 3493 2121 3493 314 3494 249 3494 2121 3494 314 3495 2121 3495 2122 3495 363 3496 314 3496 2122 3496 363 3497 2122 3497 2123 3497 400 3498 363 3498 2123 3498 400 3499 2123 3499 2124 3499 403 3500 402 3500 2125 3500 403 3501 2125 3501 2003 3501 2126 3502 2127 3502 2128 3502 2129 3503 2126 3503 2128 3503 2130 3504 2131 3504 2132 3504 2131 3505 2133 3505 2132 3505 2134 3506 2135 3506 2136 3506 2130 3507 2132 3507 2137 3507 2129 3508 2128 3508 2138 3508 2139 3509 2129 3509 2138 3509 2134 3510 2136 3510 2140 3510 2139 3511 2138 3511 2141 3511 2142 3512 2139 3512 2141 3512 2143 3513 2134 3513 2144 3513 2134 3514 2140 3514 2144 3514 2145 3515 2143 3515 2146 3515 2142 3516 2141 3516 2147 3516 2148 3517 2142 3517 2147 3517 2143 3518 2144 3518 2146 3518 2149 3519 2145 3519 2150 3519 2151 3520 2148 3520 2152 3520 2145 3521 2146 3521 2150 3521 2148 3522 2147 3522 2152 3522 2151 3523 2152 3523 2153 3523 2154 3524 2151 3524 2155 3524 2151 3525 2153 3525 2155 3525 2149 3526 2150 3526 2156 3526 2157 3527 2149 3527 2158 3527 2159 3528 2157 3528 2158 3528 2160 3529 2161 3529 2162 3529 2161 3530 2163 3530 2162 3530 2149 3531 2156 3531 2158 3531 2160 3532 2162 3532 2164 3532 2165 3533 2159 3533 2166 3533 2159 3534 2158 3534 2166 3534 2165 3535 2166 3535 2167 3535 2168 3536 2165 3536 2169 3536 2165 3537 2167 3537 2169 3537 2170 3538 2168 3538 2171 3538 2168 3539 2169 3539 2171 3539 2170 3540 2171 3540 2172 3540 2173 3541 2170 3541 2172 3541 2173 3542 2172 3542 2174 3542 2173 3543 2174 3543 2175 3543 2176 3544 2173 3544 2175 3544 2176 3545 2175 3545 2177 3545 2178 3546 2176 3546 2177 3546 2178 3547 2177 3547 2179 3547 2180 3548 2178 3548 2179 3548 2180 3549 2179 3549 2181 3549 2182 3550 2180 3550 2181 3550 2182 3551 2181 3551 2127 3551 2126 3552 2182 3552 2127 3552 2183 3 2184 3 2185 3 2184 3553 2186 3553 2185 3553 2185 3 2186 3 2187 3 2186 3 2188 3 2187 3 2183 3554 2185 3554 2189 3554 2190 3 2183 3 2189 3 2188 3555 2191 3555 2192 3555 2187 3 2188 3 2192 3 2190 3556 2189 3556 2193 3556 2194 3 2190 3 2193 3 2191 3 2195 3 2196 3 2192 3 2191 3 2196 3 2197 3 2198 3 2199 3 2198 3 2194 3 2199 3 2194 3557 2193 3557 2199 3557 2195 3 2200 3 2201 3 2200 3 2202 3 2201 3 2196 3 2195 3 2201 3 2197 3 2199 3 2203 3 2204 3 2197 3 2203 3 2201 3558 2202 3558 2205 3558 2202 3 2206 3 2205 3 2207 3559 2204 3559 2208 3559 2204 3 2203 3 2208 3 2206 3560 2209 3560 2210 3560 2205 3 2206 3 2210 3 2211 3561 2207 3561 2212 3561 2207 3562 2208 3562 2212 3562 2213 3563 2214 3563 2215 3563 2210 3564 2209 3564 2215 3564 2209 3565 2213 3565 2215 3565 2216 3 2217 3 2218 3 2217 3 2211 3 2218 3 2211 3 2212 3 2218 3 2214 3566 2219 3566 2220 3566 2215 3567 2214 3567 2220 3567 2221 3 2216 3 2222 3 2216 3 2218 3 2222 3 2219 3 2223 3 2224 3 2220 3 2219 3 2224 3 2221 3 2222 3 2225 3 2226 3568 2221 3568 2225 3568 2223 3 2227 3 2228 3 2227 3569 2229 3569 2228 3569 2224 3570 2223 3570 2228 3570 2226 3571 2225 3571 2230 3571 2231 3 2232 3 2230 3 2232 3 2226 3 2230 3 2229 3 2233 3 2234 3 2228 3 2229 3 2234 3 2231 3572 2230 3572 2235 3572 2236 3 2231 3 2235 3 2233 3573 2237 3573 2238 3573 2234 3 2233 3 2238 3 2236 3574 2235 3574 2239 3574 2240 3 2236 3 2239 3 2237 3 2241 3 2242 3 2238 3 2237 3 2242 3 2240 3575 2239 3575 2243 3575 2244 3576 2240 3576 2243 3576 2242 3 2241 3 2245 3 2245 3577 2241 3577 2246 3577 2244 3 2243 3 2247 3 2243 3 2248 3 2247 3 2249 3578 2245 3578 2250 3578 2245 3579 2246 3579 2250 3579 2247 3 2248 3 2251 3 2248 3580 2252 3580 2251 3580 2253 3581 2249 3581 2254 3581 2249 3582 2250 3582 2254 3582 2251 3583 2252 3583 2255 3583 2252 3 2256 3 2255 3 2257 3 2253 3 2258 3 2253 3584 2254 3584 2258 3584 2255 3 2256 3 2259 3 2256 3 2260 3 2259 3 2257 3585 2258 3585 2261 3585 2259 3 2260 3 2262 3 2263 3 2257 3 2264 3 2257 3 2261 3 2264 3 2262 3 2260 3 2265 3 2260 3586 2266 3586 2265 3586 2267 3 2263 3 2268 3 2263 3 2264 3 2268 3 2266 3 2269 3 2270 3 2265 3 2266 3 2270 3 2271 3587 2267 3587 2272 3587 2267 3588 2268 3588 2272 3588 2270 3589 2269 3589 2273 3589 2269 3 2274 3 2273 3 2271 3590 2272 3590 2275 3590 2273 3 2274 3 2276 3 2277 3 2271 3 2278 3 2271 3 2275 3 2278 3 2276 3 2274 3 2279 3 2274 3 2280 3 2279 3 2281 3 2277 3 2282 3 2277 3 2278 3 2282 3 2279 3566 2280 3566 2283 3566 2280 3 2284 3 2283 3 2281 3 2282 3 2285 3 2286 3 2281 3 2285 3 2283 3 2284 3 2287 3 2284 3591 2288 3591 2287 3591 2289 3 2286 3 2290 3 2286 3592 2285 3592 2290 3592 2287 3 2288 3 2291 3 2289 3 2290 3 2292 3 2288 3 2293 3 2294 3 2291 3593 2288 3593 2294 3593 2295 3594 2289 3594 2296 3594 2289 3 2292 3 2296 3 2293 3 2297 3 2298 3 2294 3 2293 3 2298 3 2299 3 2295 3 2300 3 2295 3595 2296 3595 2300 3595 2297 3596 2301 3596 2302 3596 2298 3597 2297 3597 2302 3597 2303 3 2299 3 2304 3 2299 3598 2300 3598 2304 3598 2301 3 2303 3 2305 3 2302 3 2301 3 2305 3 2303 3599 2304 3599 2306 3599 2305 3600 2303 3600 2306 3600 2307 3202 2308 3202 2309 3202 2310 3601 2307 3601 2309 3601 2311 3602 2307 3602 2310 3602 2312 3202 2307 3202 2311 3202 2313 3603 2312 3603 2311 3603 2314 3202 2312 3202 2313 3202 2315 3604 2316 3604 2317 3604 2315 3605 2317 3605 2318 3605 2319 3606 2320 3606 2321 3606 2322 3607 2315 3607 2318 3607 2323 3608 2321 3608 2324 3608 2325 3609 2322 3609 2318 3609 2323 3610 2319 3610 2321 3610 2326 3611 2324 3611 2327 3611 2325 3612 2318 3612 2328 3612 2326 3613 2323 3613 2324 3613 2329 3614 2327 3614 2330 3614 2329 3615 2326 3615 2327 3615 2331 3616 2325 3616 2328 3616 2331 3617 2328 3617 2332 3617 2333 3618 2329 3618 2330 3618 2334 3619 2332 3619 2335 3619 2334 3620 2331 3620 2332 3620 2336 3621 2330 3621 2337 3621 2336 3622 2333 3622 2330 3622 2338 3623 2335 3623 2339 3623 2338 3624 2334 3624 2335 3624 2340 3625 2336 3625 2337 3625 2341 3626 2339 3626 2342 3626 2341 3627 2338 3627 2339 3627 2343 3628 2337 3628 2344 3628 2343 3629 2340 3629 2337 3629 2345 3630 2343 3630 2344 3630 2346 3631 2345 3631 2344 3631 2347 3632 2345 3632 2346 3632 2348 3633 2346 3633 2349 3633 2348 3634 2347 3634 2346 3634 2350 3635 2348 3635 2349 3635 2351 3636 2350 3636 2349 3636 2352 3637 2350 3637 2351 3637 2353 3638 2351 3638 2354 3638 2353 3639 2352 3639 2351 3639 2355 3640 2353 3640 2354 3640 2356 3641 2355 3641 2354 3641 2357 3642 2355 3642 2356 3642 2358 3643 2357 3643 2356 3643 2358 3644 2356 3644 2359 3644 2360 3645 2358 3645 2359 3645 2360 3646 2359 3646 2361 3646 2362 3647 2360 3647 2361 3647 2316 3648 2362 3648 2361 3648 2316 3649 2361 3649 2317 3649 2363 3650 2364 3650 2365 3650 2366 3202 2365 3202 2367 3202 2366 3651 2363 3651 2365 3651 2368 3202 2364 3202 2363 3202 2369 3652 2370 3652 2364 3652 2369 3202 2364 3202 2368 3202 2371 3653 2372 3653 2373 3653 2371 3654 2373 3654 2374 3654 2371 3 2374 3 2375 3 2376 3 2377 3 2378 3 2379 3 2380 3 2381 3 2382 3 2381 3 2380 3 2382 3 2380 3 2383 3 2384 3 2380 3 2379 3 2385 3655 2382 3655 2383 3655 2386 3656 2387 3656 2388 3656 2386 3657 2388 3657 2389 3657 2386 3 2389 3 2390 3 2391 3 2380 3 2384 3 2392 3658 2393 3658 2394 3658 2395 3659 2393 3659 2392 3659 2396 3660 2385 3660 2383 3660 2396 3661 2383 3661 2397 3661 2398 3 2392 3 2394 3 2398 3662 2394 3662 2399 3662 2400 3 2375 3 2401 3 2402 3 2393 3 2395 3 2403 3 2380 3 2391 3 2402 3663 2404 3663 2393 3663 2400 3 2371 3 2375 3 2403 3 2405 3 2380 3 2406 3664 2396 3664 2397 3664 2406 3 2397 3 2407 3 2408 3665 2409 3665 2410 3665 2408 3666 2410 3666 2411 3666 2412 3 2398 3 2399 3 2408 3667 2411 3667 2387 3667 2412 3 2399 3 2413 3 2414 3 2405 3 2403 3 2415 3 2404 3 2402 3 2408 3 2387 3 2386 3 2414 3668 2416 3668 2405 3668 2415 3669 2417 3669 2404 3669 2418 3 2401 3 2419 3 2420 3670 2412 3670 2413 3670 2418 3 2400 3 2401 3 2421 3671 2409 3671 2408 3671 2422 3 2406 3 2407 3 2423 3 2417 3 2415 3 2424 3 2376 3 2425 3 2423 3672 2426 3672 2417 3672 2421 3673 2427 3673 2409 3673 2424 3 2377 3 2376 3 2428 3 2418 3 2419 3 2428 3 2419 3 2429 3 2430 3 2422 3 2407 3 2431 3 2420 3 2413 3 2432 3 2416 3 2414 3 2433 3 2427 3 2421 3 2433 3674 2434 3674 2427 3674 2435 3 2422 3 2430 3 2436 3 2426 3 2423 3 2437 3675 2428 3675 2429 3675 2437 3676 2429 3676 2438 3676 2439 3 2431 3 2413 3 2440 3 2434 3 2433 3 2440 3677 2441 3677 2434 3677 2442 3678 2426 3678 2436 3678 2442 3679 2443 3679 2426 3679 2444 3680 2437 3680 2438 3680 2444 3 2441 3 2440 3 2444 3681 2438 3681 2441 3681 2445 3682 2413 3682 2446 3682 2445 3683 2439 3683 2413 3683 2447 3684 2435 3684 2430 3684 2447 3685 2448 3685 2435 3685 2449 3686 2443 3686 2442 3686 2450 3687 2424 3687 2425 3687 2451 3 2452 3 2371 3 2453 3 2454 3 2455 3 2453 3688 2455 3688 2456 3688 2457 3 2424 3 2458 3 2457 3 2458 3 2459 3 2457 3689 2459 3689 2460 3689 2457 3690 2460 3690 2461 3690 2457 3691 2461 3691 2462 3691 2457 3692 2462 3692 2463 3692 2457 3693 2463 3693 2464 3693 2465 3694 2443 3694 2449 3694 2458 3 2424 3 2466 3 2466 3 2424 3 2467 3 2467 3695 2424 3695 2468 3695 2468 3 2424 3 2469 3 2465 3696 2470 3696 2443 3696 2469 3 2424 3 2471 3 2452 3 2472 3 2371 3 2371 3 2472 3 2372 3 2372 3 2472 3 2473 3 2474 3 2448 3 2447 3 2475 3 2470 3 2465 3 2475 3697 2476 3697 2470 3697 2474 3698 2477 3698 2448 3698 2478 3 2476 3 2475 3 2479 3 2424 3 2450 3 2480 3 2477 3 2474 3 2480 3699 2481 3699 2477 3699 2482 3 2432 3 2483 3 2482 3 2483 3 2484 3 2482 3 2484 3 2485 3 2482 3700 2486 3700 2416 3700 2482 3701 2487 3701 2486 3701 2482 3702 2488 3702 2487 3702 2482 3 2416 3 2432 3 2489 3 2482 3 2485 3 2490 3703 2491 3703 2492 3703 2493 3 2489 3 2485 3 2494 3704 2495 3704 2481 3704 2496 3705 2497 3705 2491 3705 2494 3 2481 3 2480 3 2498 3706 2485 3706 2499 3706 2498 3707 2499 3707 2500 3707 2498 3 2493 3 2485 3 2496 3 2491 3 2490 3 2501 3 2490 3 2492 3 2454 3 2502 3 2455 3 2501 3708 2492 3708 2503 3708 2504 3709 2505 3709 2495 3709 2504 3 2495 3 2494 3 2506 3710 2507 3710 2497 3710 2508 3711 2424 3711 2479 3711 2509 3712 2500 3712 2510 3712 2509 3713 2510 3713 2511 3713 2506 3 2497 3 2496 3 2509 3714 2511 3714 2505 3714 2512 3 2501 3 2503 3 2509 3 2498 3 2500 3 2509 3 2505 3 2504 3 2512 3715 2503 3715 2445 3715 2513 3 2507 3 2506 3 2513 3716 2514 3716 2507 3716 2471 3 2424 3 2508 3 2515 3717 2516 3717 2488 3717 2515 3 2488 3 2482 3 2517 3 2512 3 2445 3 2517 3 2445 3 2446 3 2518 3 2514 3 2513 3 2518 3718 2519 3718 2514 3718 2520 3719 2521 3719 2498 3719 2520 3 2498 3 2509 3 2522 3720 2517 3720 2446 3720 2523 3721 2524 3721 2519 3721 2523 3722 2519 3722 2518 3722 2525 3 2526 3 2516 3 2525 3723 2516 3723 2515 3723 2527 3724 2522 3724 2446 3724 2528 3725 2521 3725 2520 3725 2529 3726 2478 3726 2524 3726 2529 3 2524 3 2523 3 2528 3727 2530 3727 2521 3727 2531 3728 2527 3728 2446 3728 2532 3 2478 3 2529 3 2533 3729 2530 3729 2528 3729 2534 3730 2535 3730 2526 3730 2532 3731 2536 3731 2476 3731 2532 3732 2476 3732 2478 3732 2534 3733 2526 3733 2525 3733 2537 3 2530 3 2533 3 2538 3 2531 3 2446 3 2539 3 2536 3 2532 3 2539 3734 2540 3734 2541 3734 2539 3735 2541 3735 2536 3735 2542 3 2537 3 2533 3 2543 3736 2544 3736 2535 3736 2545 3737 2538 3737 2446 3737 2543 3738 2546 3738 2544 3738 2547 3 2540 3 2539 3 2543 3739 2535 3739 2534 3739 2547 3 2548 3 2540 3 2549 3 2545 3 2446 3 2550 3740 2548 3740 2547 3740 2551 3 2537 3 2542 3 2551 3741 2552 3741 2537 3741 2553 3742 2546 3742 2543 3742 2550 3743 2554 3743 2548 3743 2553 3744 2555 3744 2546 3744 2556 3745 2549 3745 2446 3745 2557 3746 2554 3746 2550 3746 2557 3747 2558 3747 2554 3747 2559 3748 2552 3748 2551 3748 2560 3749 2558 3749 2557 3749 2559 3750 2561 3750 2552 3750 2560 3751 2562 3751 2563 3751 2560 3752 2563 3752 2558 3752 2564 3753 2565 3753 2555 3753 2564 3754 2566 3754 2565 3754 2564 3755 2555 3755 2553 3755 2567 3756 2562 3756 2560 3756 2567 3757 2568 3757 2562 3757 2569 3758 2568 3758 2567 3758 2569 3759 2570 3759 2568 3759 2571 3760 2561 3760 2559 3760 2571 3761 2572 3761 2561 3761 2573 3 2574 3 2570 3 2573 3762 2570 3762 2569 3762 2575 3763 2576 3763 2556 3763 2575 3 2577 3 2576 3 2575 3764 2578 3764 2577 3764 2575 3765 2579 3765 2578 3765 2575 3 2556 3 2446 3 2580 3 2579 3 2575 3 2581 3766 2582 3766 2583 3766 2581 3767 2583 3767 2574 3767 2581 3 2574 3 2573 3 2584 3 2580 3 2575 3 2585 3768 2586 3768 2582 3768 2585 3 2582 3 2581 3 2587 3769 2584 3769 2575 3769 2588 3770 2572 3770 2571 3770 2589 3 2572 3 2588 3 2590 3771 2591 3771 2592 3771 2590 3772 2592 3772 2593 3772 2594 3773 2592 3773 2595 3773 2594 3774 2593 3774 2592 3774 2596 3 2597 3 2598 3 2596 3 2599 3 2597 3 2596 3775 2600 3775 2599 3775 2596 3776 2601 3776 2600 3776 2602 3 2591 3 2590 3 2603 3777 2604 3777 2566 3777 2603 3778 2605 3778 2604 3778 2603 3779 2606 3779 2605 3779 2607 3 2587 3 2575 3 2603 3 2566 3 2564 3 2608 3780 2595 3780 2586 3780 2608 3 2594 3 2595 3 2609 3 2591 3 2602 3 2609 3781 2610 3781 2591 3781 2611 3 2608 3 2586 3 2611 3 2586 3 2585 3 2611 3782 2585 3782 2612 3782 2613 3 2610 3 2609 3 2613 3783 2614 3783 2610 3783 2615 3 2572 3 2589 3 2615 3784 2616 3784 2572 3784 2615 3785 2617 3785 2616 3785 2615 3786 2564 3786 2617 3786 2615 3 2603 3 2564 3 2618 3 2611 3 2612 3 2472 3787 2596 3787 2598 3787 2618 3 2612 3 2619 3 2472 3788 2620 3788 2621 3788 2472 3789 2598 3789 2620 3789 2622 3 2614 3 2613 3 2622 3790 2623 3790 2614 3790 2624 3 2603 3 2615 3 2624 3791 2625 3791 2603 3791 2624 3792 2626 3792 2625 3792 2624 3793 2627 3793 2626 3793 2628 3794 2623 3794 2622 3794 2629 3795 2630 3795 2606 3795 2631 3 2607 3 2575 3 2629 3 2606 3 2603 3 2632 3 2623 3 2628 3 2633 3 2627 3 2624 3 2634 3 2632 3 2628 3 2635 3796 2636 3796 2630 3796 2635 3797 2637 3797 2636 3797 2635 3 2630 3 2629 3 2638 3 2627 3 2633 3 2639 3798 2472 3798 2621 3798 2639 3 2637 3 2635 3 2639 3 2621 3 2637 3 2640 3799 2634 3799 2641 3799 2640 3 2632 3 2634 3 2642 3 2631 3 2575 3 2457 3800 2643 3800 2601 3800 2457 3 2644 3 2643 3 2457 3 2645 3 2644 3 2457 3801 2646 3801 2645 3801 2457 3802 2464 3802 2646 3802 2457 3 2601 3 2596 3 2647 3 2627 3 2638 3 2647 3803 2648 3803 2627 3803 2649 3804 2472 3804 2650 3804 2651 3 2641 3 2652 3 2653 3 2472 3 2639 3 2653 3 2650 3 2472 3 2651 3 2640 3 2641 3 2453 3805 2654 3805 2655 3805 2656 3 2472 3 2649 3 2453 3806 2655 3806 2657 3806 2453 3807 2657 3807 2658 3807 2453 3808 2658 3808 2659 3808 2453 3809 2659 3809 2618 3809 2453 3 2618 3 2619 3 2660 3 2648 3 2647 3 2453 3810 2456 3810 2654 3810 2453 3811 2661 3811 2662 3811 2663 3 2653 3 2639 3 2453 3812 2619 3812 2661 3812 2664 3 2472 3 2656 3 2665 3 2652 3 2666 3 2667 3 2663 3 2639 3 2667 3813 2668 3813 2389 3813 2665 3 2651 3 2652 3 2667 3814 2669 3814 2668 3814 2667 3815 2639 3815 2669 3815 2473 3 2472 3 2664 3 2670 3 2666 3 2671 3 2672 3816 2667 3816 2389 3816 2670 3817 2665 3817 2666 3817 2455 3818 2671 3818 2673 3818 2455 3819 2673 3819 2674 3819 2455 3 2674 3 2675 3 2455 3 2675 3 2456 3 2455 3820 2670 3820 2671 3820 2676 3 2648 3 2660 3 2676 3821 2677 3821 2648 3821 2377 3 2453 3 2662 3 2377 3 2662 3 2678 3 2388 3822 2672 3822 2389 3822 2679 3823 2377 3823 2678 3823 2680 3824 2677 3824 2676 3824 2380 3825 2681 3825 2642 3825 2380 3826 2682 3826 2681 3826 2380 3827 2405 3827 2682 3827 2380 3828 2642 3828 2575 3828 2378 3 2377 3 2679 3 2390 3829 2389 3829 2677 3829 2390 3 2677 3 2680 3 2683 3830 2684 3830 2685 3830 2683 3202 2686 3202 2687 3202 2683 3202 2688 3202 2689 3202 2683 3831 2689 3831 2690 3831 2683 3832 2690 3832 2684 3832 2689 3202 2688 3202 2691 3202 2691 3202 2688 3202 2692 3202 2693 3202 2694 3202 2695 3202 2696 3202 2694 3202 2693 3202 2688 3833 2697 3833 2698 3833 2688 3834 2699 3834 2697 3834 2688 3835 2696 3835 2699 3835 2688 3202 2694 3202 2696 3202 2700 3202 2688 3202 2698 3202 2701 3202 2688 3202 2700 3202 2702 3202 2688 3202 2701 3202 2703 3836 2688 3836 2702 3836 2704 3837 2688 3837 2703 3837 2705 3838 2688 3838 2704 3838 2692 3202 2688 3202 2705 3202 2687 3202 2706 3202 2707 3202 2687 3839 2686 3839 2706 3839 2683 3840 2708 3840 2686 3840 2683 3841 2709 3841 2708 3841 2683 3842 2710 3842 2709 3842 2683 3843 2711 3843 2710 3843 2683 3844 2712 3844 2711 3844 2683 3845 2713 3845 2712 3845 2683 3846 2714 3846 2713 3846 2683 3847 2715 3847 2714 3847 2683 3848 2685 3848 2715 3848 2716 3849 2717 3849 2718 3849 2716 3849 2718 3849 2719 3849 2720 3850 2716 3850 2719 3850 2720 3851 2719 3851 2721 3851 2720 3852 2721 3852 2722 3852 2723 3853 2720 3853 2722 3853 2724 3854 2723 3854 2722 3854 2724 3855 2722 3855 2725 3855 2724 3856 2725 3856 2726 3856 2727 3857 2724 3857 2726 3857 2728 3858 2729 3858 2730 3858 2731 3859 2728 3859 2730 3859 2731 3860 2730 3860 2732 3860 2733 3861 2731 3861 2732 3861 2734 3862 2733 3862 2732 3862 2734 3863 2732 3863 2735 3863 2734 3864 2735 3864 2736 3864 2737 3865 2734 3865 2736 3865 2738 3866 2737 3866 2736 3866 2738 3867 2736 3867 2739 3867 2738 3868 2739 3868 2740 3868 2741 3869 2738 3869 2740 3869 2742 3870 2741 3870 2740 3870 2742 3871 2740 3871 2743 3871 2742 3872 2743 3872 2744 3872 2745 3873 2742 3873 2744 3873 2746 3270 2745 3270 2747 3270 2745 3270 2744 3270 2747 3270 2748 3874 2746 3874 2747 3874 2748 3875 2747 3875 2749 3875 2750 3876 2748 3876 2751 3876 2752 3877 2750 3877 2751 3877 2748 3878 2749 3878 2751 3878 2752 3879 2751 3879 2753 3879 2754 3880 2752 3880 2755 3880 2752 3881 2753 3881 2755 3881 2756 3882 2754 3882 2757 3882 2754 3883 2755 3883 2757 3883 2758 3884 2759 3884 2760 3884 2759 3885 2761 3885 2760 3885 2762 3886 2758 3886 2763 3886 2764 3887 2762 3887 2763 3887 2758 3888 2760 3888 2763 3888 2764 3889 2763 3889 2765 3889 2764 3890 2765 3890 2766 3890 2767 3891 2764 3891 2766 3891 2767 3892 2766 3892 2768 3892 2769 3893 2767 3893 2768 3893 2769 3894 2768 3894 2770 3894 2771 3895 2769 3895 2770 3895 2771 3896 2770 3896 2772 3896 2773 3897 2771 3897 2772 3897 2774 3898 2773 3898 2772 3898 2774 3898 2772 3898 2775 3898 2774 3899 2775 3899 2776 3899 2777 3899 2774 3899 2776 3899 2777 3900 2776 3900 2778 3900 2779 3901 2777 3901 2778 3901 2779 3902 2778 3902 2780 3902 2781 3903 2779 3903 2780 3903 2781 3904 2780 3904 2782 3904 2783 3905 2781 3905 2782 3905 2783 3906 2782 3906 2784 3906 2785 3907 2783 3907 2784 3907 2786 3908 2787 3908 2788 3908 2786 3909 2788 3909 2789 3909 2786 3910 2789 3910 2790 3910 2791 3911 2786 3911 2790 3911 2791 3912 2790 3912 2792 3912 2793 3913 2791 3913 2792 3913 2793 3914 2792 3914 2794 3914 2795 3915 2793 3915 2794 3915 2795 3916 2794 3916 2796 3916 2797 3917 2795 3917 2796 3917 2797 3918 2796 3918 2798 3918 2799 3919 2797 3919 2798 3919 2800 3920 2799 3920 2798 3920 2800 3921 2798 3921 2801 3921 2800 3922 2801 3922 2802 3922 2803 3923 2800 3923 2802 3923 2803 3202 2802 3202 2804 3202 2805 3202 2803 3202 2804 3202 2806 3924 2805 3924 2804 3924 2806 3925 2804 3925 2807 3925 2808 3926 2806 3926 2807 3926 2808 3927 2807 3927 2809 3927 2808 3928 2809 3928 2810 3928 2811 3929 2808 3929 2810 3929 2812 3930 2813 3930 2814 3930 2811 3931 2810 3931 2815 3931 2816 3932 2811 3932 2815 3932 2812 3933 2814 3933 2817 3933 2818 3934 2812 3934 2819 3934 2812 3935 2817 3935 2819 3935 2820 3936 2818 3936 2821 3936 2822 3937 2820 3937 2821 3937 2818 3938 2819 3938 2821 3938 2822 3939 2821 3939 2823 3939 2824 3940 2822 3940 2825 3940 2826 3941 2824 3941 2825 3941 2822 3942 2823 3942 2825 3942 2826 3943 2825 3943 2827 3943 2828 3944 2826 3944 2829 3944 2826 3945 2827 3945 2829 3945 2830 3946 2828 3946 2831 3946 2717 3947 2830 3947 2831 3947 2828 3948 2829 3948 2831 3948 2717 3947 2831 3947 2718 3947 2832 3949 2833 3949 2834 3949 2835 3202 2832 3202 2834 3202 2836 3950 2834 3950 2837 3950 2836 3202 2835 3202 2834 3202 2838 3951 2839 3951 2836 3951 2838 3202 2836 3202 2837 3202 2840 3202 2838 3202 2837 3202 2841 3202 2842 3202 2840 3202 2841 3202 2840 3202 2837 3202 2843 3952 2844 3952 2845 3952 2846 3953 2845 3953 2841 3953 2846 3202 2843 3202 2845 3202 2847 3954 2848 3954 2846 3954 2849 3955 2850 3955 2847 3955 2849 3202 2847 3202 2846 3202 2851 3956 2852 3956 2849 3956 2851 3957 2853 3957 2852 3957 2851 3958 2854 3958 2853 3958 2851 3959 2855 3959 2854 3959 2851 3202 2841 3202 2837 3202 2851 3960 2846 3960 2841 3960 2851 3961 2849 3961 2846 3961 2856 3962 2851 3962 2837 3962 2857 3202 2858 3202 2856 3202 2857 3202 2856 3202 2837 3202 2859 3963 2860 3963 2861 3963 2859 3963 2861 3963 2862 3963 2863 3964 2864 3964 2865 3964 2863 3965 2865 3965 2866 3965 2867 3966 2863 3966 2868 3966 2863 3967 2866 3967 2868 3967 2869 3968 2867 3968 2870 3968 2871 3969 2869 3969 2870 3969 2867 3970 2868 3970 2870 3970 2872 3971 2871 3971 2873 3971 2871 3972 2870 3972 2873 3972 2872 3973 2873 3973 2874 3973 2875 3974 2876 3974 2877 3974 2878 3975 2875 3975 2877 3975 2876 3976 2879 3976 2877 3976 2880 3977 2878 3977 2881 3977 2878 3978 2877 3978 2881 3978 2882 3979 2880 3979 2883 3979 2880 3977 2881 3977 2883 3977 2882 3980 2883 3980 2884 3980 2885 3981 2886 3981 2887 3981 2888 3982 2885 3982 2887 3982 2888 3983 2887 3983 2889 3983 2888 3984 2889 3984 2865 3984 2864 3985 2888 3985 2865 3985 2890 3986 2891 3986 2892 3986 2893 3987 2890 3987 2892 3987 2894 3988 2893 3988 2895 3988 2893 3989 2892 3989 2895 3989 2896 3990 2894 3990 2897 3990 2894 3991 2895 3991 2897 3991 2898 3992 2896 3992 2899 3992 2896 3993 2897 3993 2899 3993 2900 3994 2898 3994 2901 3994 2902 3995 2900 3995 2901 3995 2898 3996 2899 3996 2901 3996 2902 3997 2901 3997 2903 3997 2904 3998 2902 3998 2905 3998 2902 3999 2903 3999 2905 3999 2906 4000 2904 4000 2907 4000 2908 4001 2906 4001 2907 4001 2904 4002 2905 4002 2907 4002 2908 4003 2907 4003 2909 4003 2910 4004 2908 4004 2911 4004 2908 4005 2909 4005 2911 4005 2912 4006 2910 4006 2913 4006 2910 4007 2911 4007 2913 4007 2914 4008 2912 4008 2915 4008 2912 4009 2913 4009 2915 4009 2916 4010 2914 4010 2917 4010 2918 4011 2916 4011 2917 4011 2914 4010 2915 4010 2917 4010 2918 4012 2917 4012 2919 4012 2920 4013 2918 4013 2919 4013 2920 4014 2919 4014 2921 4014 2920 4015 2921 4015 2922 4015 2923 4015 2920 4015 2922 4015 2923 4016 2922 4016 2886 4016 2924 4017 2923 4017 2886 4017 2885 4018 2924 4018 2886 4018 2925 4019 2926 4019 2927 4019 2928 4020 2925 4020 2927 4020 2929 4021 2928 4021 2930 4021 2928 4022 2927 4022 2930 4022 2931 4023 2929 4023 2932 4023 2929 4024 2930 4024 2932 4024 2933 4025 2931 4025 2934 4025 2931 4026 2932 4026 2934 4026 2935 4027 2936 4027 2937 4027 2936 4028 2938 4028 2937 4028 2939 4029 2935 4029 2940 4029 2941 4030 2939 4030 2940 4030 2935 4031 2937 4031 2940 4031 2942 4032 2941 4032 2943 4032 2941 4033 2940 4033 2943 4033 2942 4034 2943 4034 2944 4034 2890 4035 2942 4035 2891 4035 2942 4036 2944 4036 2891 4036 2945 4037 2946 4037 2926 4037 2925 4038 2945 4038 2926 4038 2947 4039 2948 4039 2946 4039 2945 4040 2947 4040 2946 4040 2949 3270 2950 3270 2948 3270 2947 3270 2949 3270 2948 3270 2951 4041 2952 4041 2953 4041 2954 4042 2951 4042 2953 4042 2955 4043 2956 4043 2957 4043 2958 4044 2955 4044 2959 4044 2955 4045 2957 4045 2959 4045 2958 4046 2959 4046 2960 4046 2961 4047 2958 4047 2962 4047 2958 4048 2960 4048 2962 4048 2963 4049 2961 4049 2964 4049 2961 4050 2962 4050 2964 4050 2965 4051 2966 4051 2967 4051 2966 4052 2968 4052 2967 4052 2969 4053 2965 4053 2970 4053 2965 4054 2967 4054 2970 4054 2971 4055 2972 4055 2973 4055 2974 4056 2971 4056 2973 4056 2975 4057 2974 4057 2973 4057 2975 4058 2973 4058 2976 4058 2975 4059 2976 4059 2957 4059 2956 4060 2975 4060 2957 4060 2977 4061 2978 4061 2979 4061 2980 4062 2977 4062 2979 4062 2981 4063 2980 4063 2982 4063 2983 4064 2981 4064 2982 4064 2980 4063 2979 4063 2982 4063 2983 4065 2982 4065 2984 4065 2985 4066 2983 4066 2986 4066 2987 4067 2985 4067 2986 4067 2983 4068 2984 4068 2986 4068 2987 4067 2986 4067 2988 4067 2989 4069 2987 4069 2990 4069 2987 4070 2988 4070 2990 4070 2991 4071 2989 4071 2992 4071 2989 4072 2990 4072 2992 4072 2993 4073 2991 4073 2994 4073 2991 4074 2992 4074 2994 4074 2995 4075 2993 4075 2996 4075 2997 4076 2995 4076 2996 4076 2993 4077 2994 4077 2996 4077 2997 4078 2996 4078 2998 4078 2999 4079 2997 4079 3000 4079 2997 4079 2998 4079 3000 4079 3001 4080 2999 4080 3002 4080 2999 4081 3000 4081 3002 4081 3003 4082 3001 4082 3004 4082 3001 4083 3002 4083 3004 4083 3003 4084 3004 4084 3005 4084 3006 4085 3003 4085 3005 4085 3006 4086 3005 4086 3007 4086 3008 4086 3006 4086 3007 4086 3008 4087 3007 4087 3009 4087 3010 4087 3008 4087 3009 4087 3010 4088 3009 4088 2972 4088 2971 4089 3010 4089 2972 4089 3011 4090 3012 4090 3013 4090 3014 4091 3011 4091 3013 4091 3015 4092 3014 4092 3016 4092 3014 4093 3013 4093 3016 4093 3017 4094 3015 4094 3018 4094 3019 4095 3017 4095 3018 4095 3015 4096 3016 4096 3018 4096 3020 4097 3019 4097 3021 4097 3019 4098 3018 4098 3021 4098 3020 4099 3021 4099 3022 4099 3023 4100 3020 4100 3024 4100 3025 4101 3026 4101 3027 4101 3020 4102 3022 4102 3024 4102 3025 4103 3027 4103 3028 4103 3029 4104 3025 4104 3030 4104 3025 4105 3028 4105 3030 4105 2977 4106 3029 4106 2978 4106 3029 4107 3030 4107 2978 4107 3031 4108 3032 4108 3033 4108 3031 4108 3033 4108 3034 4108 3035 4109 3036 4109 3037 4109 3038 4109 3035 4109 3037 4109 3039 4110 3038 4110 3037 4110 3039 4111 3037 4111 3040 4111 3041 4112 3042 4112 3043 4112 3042 4112 3044 4112 3043 4112 3045 4113 3046 4113 3047 4113 3048 4114 3045 4114 3047 4114 3049 4115 3041 4115 3050 4115 3041 4116 3043 4116 3050 4116 3051 4117 3048 4117 3052 4117 3048 4118 3047 4118 3052 4118 3053 4119 3051 4119 3052 4119 3054 4120 3055 4120 3056 4120 3055 4121 3057 4121 3056 4121 3053 4122 3052 4122 3058 4122 3042 4123 3053 4123 3044 4123 3053 4123 3058 4123 3044 4123 3059 4124 3054 4124 3060 4124 3054 4125 3056 4125 3060 4125 3061 4126 3059 4126 3062 4126 3059 4127 3060 4127 3062 4127 3063 4128 3061 4128 3064 4128 3061 4129 3062 4129 3064 4129 3065 4130 3063 4130 3066 4130 3063 4131 3064 4131 3066 4131 3067 4132 3065 4132 3068 4132 3069 4133 3067 4133 3068 4133 3065 4132 3066 4132 3068 4132 3069 4134 3068 4134 3070 4134 3071 4135 3072 4135 3073 4135 3072 4136 3074 4136 3073 4136 3075 4137 3071 4137 3076 4137 3077 4138 3075 4138 3076 4138 3071 4139 3073 4139 3076 4139 3077 4140 3076 4140 3078 4140 3077 4108 3078 4108 3079 4108 3080 4108 3077 4108 3079 4108 3081 4141 3080 4141 3079 4141 3081 4142 3079 4142 3082 4142 3081 4143 3082 4143 3083 4143 3084 4144 3081 4144 3083 4144 3085 4145 3086 4145 3087 4145 3088 4146 3085 4146 3087 4146 3089 4147 3088 4147 3087 4147 3089 4148 3087 4148 3090 4148 3089 4149 3090 4149 3091 4149 3092 4149 3089 4149 3091 4149 3035 4150 3092 4150 3091 4150 3035 4151 3091 4151 3036 4151 3093 4152 3094 4152 3095 4152 3096 4153 3093 4153 3095 4153 3097 4154 3096 4154 3095 4154 3097 4155 3095 4155 3098 4155 3099 4112 3100 4112 3101 4112 3100 4156 3102 4156 3101 4156 3103 4157 3104 4157 3105 4157 3106 4158 3103 4158 3105 4158 3107 4116 3099 4116 3108 4116 3099 4116 3101 4116 3108 4116 3109 4118 3106 4118 3110 4118 3106 4118 3105 4118 3110 4118 3111 4122 3109 4122 3110 4122 3112 4120 3113 4120 3114 4120 3113 4120 3115 4120 3114 4120 3111 4122 3110 4122 3116 4122 3100 4123 3111 4123 3102 4123 3111 4123 3116 4123 3102 4123 3117 4159 3112 4159 3118 4159 3112 4160 3114 4160 3118 4160 3119 4161 3117 4161 3120 4161 3117 4162 3118 4162 3120 4162 3121 4163 3119 4163 3122 4163 3119 4164 3120 4164 3122 4164 3123 4165 3121 4165 3124 4165 3121 4165 3122 4165 3124 4165 3125 4166 3123 4166 3126 4166 3127 4167 3125 4167 3126 4167 3123 4168 3124 4168 3126 4168 3127 4169 3126 4169 3128 4169 3129 4170 3130 4170 3131 4170 3130 4170 3132 4170 3131 4170 3133 4171 3129 4171 3134 4171 3135 4172 3133 4172 3134 4172 3129 4173 3131 4173 3134 4173 3135 4174 3134 4174 3136 4174 3135 4108 3136 4108 3137 4108 3138 4108 3135 4108 3137 4108 3139 4175 3138 4175 3137 4175 3139 4176 3137 4176 3140 4176 3139 4177 3140 4177 3141 4177 3142 4178 3139 4178 3141 4178 3143 4179 3144 4179 3145 4179 3146 4180 3143 4180 3145 4180 3147 4181 3146 4181 3145 4181 3147 4181 3145 4181 3148 4181 3147 4182 3148 4182 3149 4182 3150 4183 3147 4183 3149 4183 3093 4184 3150 4184 3149 4184 3093 4185 3149 4185 3094 4185 3151 4186 3152 4186 3153 4186 3154 4153 3151 4153 3153 4153 3155 4187 3154 4187 3153 4187 3155 4188 3153 4188 3156 4188 3157 4189 3158 4189 3159 4189 3158 4190 3160 4190 3159 4190 3161 4191 3162 4191 3163 4191 3164 4192 3161 4192 3163 4192 3165 4193 3157 4193 3166 4193 3157 4193 3159 4193 3166 4193 3167 4194 3164 4194 3168 4194 3164 4194 3163 4194 3168 4194 3169 4195 3167 4195 3168 4195 3170 4196 3171 4196 3172 4196 3171 4196 3173 4196 3172 4196 3169 4195 3168 4195 3174 4195 3158 4197 3169 4197 3160 4197 3169 4197 3174 4197 3160 4197 3175 4198 3170 4198 3176 4198 3170 4199 3172 4199 3176 4199 3177 4200 3175 4200 3178 4200 3175 4201 3176 4201 3178 4201 3179 4163 3177 4163 3180 4163 3177 4164 3178 4164 3180 4164 3181 4202 3179 4202 3182 4202 3179 4202 3180 4202 3182 4202 3183 4203 3181 4203 3184 4203 3185 4204 3183 4204 3184 4204 3181 4205 3182 4205 3184 4205 3185 4206 3184 4206 3186 4206 3187 4207 3188 4207 3189 4207 3188 4207 3190 4207 3189 4207 3191 4208 3187 4208 3192 4208 3193 4209 3191 4209 3192 4209 3187 4210 3189 4210 3192 4210 3193 4211 3192 4211 3194 4211 3193 4108 3194 4108 3195 4108 3196 4108 3193 4108 3195 4108 3197 4212 3196 4212 3195 4212 3197 4213 3195 4213 3198 4213 3197 4214 3198 4214 3199 4214 3200 4215 3197 4215 3199 4215 3201 4216 3202 4216 3203 4216 3204 4217 3201 4217 3203 4217 3205 4218 3204 4218 3203 4218 3205 4218 3203 4218 3206 4218 3205 4219 3206 4219 3207 4219 3208 4220 3205 4220 3207 4220 3151 4221 3208 4221 3207 4221 3151 4222 3207 4222 3152 4222 3209 4223 3210 4223 3211 4223 3210 4224 3212 4224 3211 4224 3212 4225 3213 4225 3211 4225 3211 4226 3213 4226 3214 4226 3215 4227 3211 4227 3216 4227 3211 4228 3214 4228 3216 4228 3215 4229 3216 4229 3217 4229 3217 4230 3216 4230 3218 4230 3217 4231 3218 4231 3219 4231 3219 4232 3218 4232 3220 4232 3221 4233 3222 4233 3223 4233 3223 4234 3222 4234 3224 4234 3223 4235 3224 4235 3225 4235 3225 4236 3224 4236 3226 4236 3227 4237 3228 4237 3229 4237 3225 4238 3226 4238 3229 4238 3227 4239 3229 4239 3230 4239 3229 4240 3226 4240 3231 4240 3232 4241 3230 4241 3233 4241 3230 4242 3229 4242 3233 4242 3229 4243 3231 4243 3233 4243 3234 4244 3232 4244 3235 4244 3236 4245 3234 4245 3235 4245 3232 4246 3233 4246 3235 4246 3237 4247 3236 4247 3238 4247 3239 4248 3240 4248 3241 4248 3236 4249 3235 4249 3238 4249 3242 4250 3239 4250 3243 4250 3239 4251 3241 4251 3243 4251 3244 4252 3245 4252 3246 4252 3244 4253 3247 4253 3245 4253 3248 4254 3246 4254 3249 4254 3248 4254 3244 4254 3246 4254 3250 4255 3249 4255 3251 4255 3250 4256 3248 4256 3249 4256 3252 4257 3253 4257 3254 4257 3252 4258 3254 4258 3255 4258 3256 4259 3257 4259 3258 4259 3257 4260 3252 4260 3258 4260 3252 4261 3255 4261 3258 4261 3256 4262 3258 4262 3259 4262 3260 4263 3261 4263 3262 4263 3261 4264 3263 4264 3262 4264 3264 4265 3265 4265 3266 4265 3265 4266 3267 4266 3266 4266 3267 4267 3268 4267 3266 4267 3266 4268 3268 4268 3269 4268 3270 4269 3271 4269 3272 4269 3271 4270 3273 4270 3272 4270 3274 4271 3270 4271 3275 4271 3270 4272 3272 4272 3275 4272 3276 4273 3274 4273 3277 4273 3274 4274 3275 4274 3277 4274 3278 4275 3276 4275 3279 4275 3276 4276 3277 4276 3279 4276 3280 4277 3278 4277 3281 4277 3278 4278 3279 4278 3281 4278 3282 4279 3280 4279 3283 4279 3280 4280 3281 4280 3283 4280 3284 4281 3285 4281 3286 4281 3285 4282 3287 4282 3286 4282 3288 4283 3289 4283 3290 4283 3289 4284 3284 4284 3290 4284 3284 4285 3286 4285 3290 4285 3291 4286 3288 4286 3292 4286 3288 4287 3290 4287 3292 4287 3293 4288 3291 4288 3294 4288 3291 4289 3292 4289 3294 4289 3295 4290 3293 4290 3296 4290 3293 4291 3294 4291 3296 4291 3295 4292 3296 4292 3297 4292 3298 4293 3299 4293 3300 4293 3298 4294 3300 4294 3301 4294 3302 4295 3298 4295 3301 4295 3302 4296 3301 4296 3303 4296 3304 4297 3302 4297 3303 4297 3260 4298 3305 4298 3261 4298 3305 4299 3306 4299 3261 4299 3306 4300 3307 4300 3261 4300 3304 4301 3303 4301 3263 4301 3261 4302 3304 4302 3263 4302 3308 4303 3309 4304 3310 4305 3311 4306 3310 4306 3312 4306 3313 4307 3314 4307 3312 4307 3310 4308 3313 4308 3312 4308 3315 4309 3316 4309 3317 4309 3318 4310 3319 4310 3320 4310 3315 4311 3317 4311 3321 4311 3322 4312 3318 4312 3323 4312 3318 4313 3320 4313 3323 4313 3324 4314 3322 4314 3325 4314 3322 4315 3323 4315 3325 4315 3326 4316 3324 4316 3327 4316 3324 4317 3325 4317 3327 4317 3328 4318 3326 4318 3329 4318 3326 4319 3327 4319 3329 4319 3330 4320 3331 4320 3332 4320 3328 4321 3329 4321 3333 4321 3334 4322 3330 4322 3335 4322 3330 4323 3332 4323 3335 4323 3336 4324 3334 4324 3337 4324 3334 4325 3335 4325 3337 4325 3336 4326 3337 4326 3338 4326 3339 4327 3336 4327 3340 4327 3336 4328 3338 4328 3340 4328 3341 4329 3340 4329 3342 4329 3340 4330 3338 4330 3342 4330 3343 4331 3344 4331 3345 4331 3344 4332 3341 4332 3345 4332 3341 4333 3342 4333 3345 4333 3346 4334 3347 4334 3348 4334 3349 4335 3343 4335 3350 4335 3343 4336 3345 4336 3350 4336 3346 4337 3348 4337 3351 4337 3352 4338 3353 4338 3351 4338 3353 4339 3346 4339 3351 4339 3313 4340 3354 4340 3314 4340 3354 4341 3352 4341 3314 4341 3352 4342 3351 4342 3314 4342 3311 4343 3355 4343 3310 4343 3355 4344 3308 4345 3310 4346 3356 4347 3357 4347 3358 4347 3359 4348 3356 4348 3360 4348 3356 4349 3358 4349 3360 4349 3361 4350 3359 4350 3362 4350 3359 4348 3360 4348 3362 4348 3363 4351 3361 4351 3364 4351 3361 4350 3362 4350 3364 4350 3365 4352 3363 4352 3366 4352 3363 4353 3364 4353 3366 4353 3367 4354 3365 4354 3368 4354 3365 4355 3366 4355 3368 4355 3367 4354 3368 4354 3369 4354 3264 4356 3266 4356 3370 4356 3371 4357 3370 4357 3372 4357 3371 4356 3264 4356 3370 4356 3373 4358 3372 4358 3374 4358 3373 4359 3371 4359 3372 4359 3375 4360 3374 4360 3376 4360 3375 4361 3373 4361 3374 4361 3377 4362 3376 4362 3378 4362 3377 4363 3375 4363 3376 4363 3379 4364 3378 4364 3380 4364 3379 4365 3377 4365 3378 4365 3381 4366 3379 4366 3380 4366 3382 4109 3383 4109 3384 4109 3385 4109 3382 4109 3384 4109 3386 4367 3385 4367 3384 4367 3386 4368 3384 4368 3387 4368 3388 4189 3389 4189 3390 4189 3389 4369 3391 4369 3390 4369 3392 4370 3393 4370 3394 4370 3395 4371 3392 4371 3394 4371 3396 4372 3388 4372 3397 4372 3388 4373 3390 4373 3397 4373 3398 4374 3395 4374 3399 4374 3395 4375 3394 4375 3399 4375 3400 4195 3398 4195 3399 4195 3401 4196 3402 4196 3403 4196 3402 4196 3404 4196 3403 4196 3400 4195 3399 4195 3405 4195 3389 4376 3400 4376 3391 4376 3400 4197 3405 4197 3391 4197 3406 4377 3401 4377 3407 4377 3401 4378 3403 4378 3407 4378 3408 4379 3406 4379 3409 4379 3406 4380 3407 4380 3409 4380 3410 4128 3408 4128 3411 4128 3408 4381 3409 4381 3411 4381 3412 4382 3410 4382 3413 4382 3410 4382 3411 4382 3413 4382 3414 4383 3412 4383 3415 4383 3416 4384 3414 4384 3415 4384 3412 4385 3413 4385 3415 4385 3416 4386 3415 4386 3417 4386 3418 4387 3419 4387 3420 4387 3419 4388 3421 4388 3420 4388 3422 4389 3418 4389 3423 4389 3424 4390 3422 4390 3423 4390 3418 4391 3420 4391 3423 4391 3424 4392 3423 4392 3425 4392 3424 4108 3425 4108 3426 4108 3427 4108 3424 4108 3426 4108 3428 4212 3427 4212 3426 4212 3428 4393 3426 4393 3429 4393 3428 4394 3429 4394 3430 4394 3431 4395 3428 4395 3430 4395 3432 4396 3433 4396 3434 4396 3435 4396 3432 4396 3434 4396 3436 4397 3435 4397 3434 4397 3436 4398 3434 4398 3437 4398 3436 4399 3437 4399 3438 4399 3439 4400 3436 4400 3438 4400 3382 4401 3439 4401 3438 4401 3382 4402 3438 4402 3383 4402 3440 3 3441 3 3442 3 3440 4403 3442 4403 3443 4403 3444 4404 3445 4404 3446 4404 3447 3 3444 3 3446 3 3440 4405 3443 4405 3448 4405 3440 4406 3448 4406 3449 4406 3450 3 3451 3 3452 3 3445 3 3450 3 3452 3 3446 3 3445 3 3452 3 3451 3 3453 3 3454 3 3452 3 3451 3 3454 3 3454 3 3453 3 3455 3 3453 4407 3456 4407 3457 4407 3455 3 3453 3 3457 3 3456 3 3458 3 3459 3 3457 4408 3456 4408 3459 4408 3459 4409 3458 4409 3460 4409 3461 4410 3462 4410 3463 4410 3460 3 3458 3 3464 3 3463 3 3462 3 3465 3 3462 3 3466 3 3465 3 3458 3 3467 3 3464 3 3461 4411 3463 4411 3468 4411 3469 3 3470 3 3468 3 3470 3 3461 3 3468 3 3465 3 3466 3 3471 3 3466 4412 3472 4412 3471 4412 3464 3 3467 3 3473 3 3469 4413 3468 4413 3474 4413 3467 3 3475 3 3473 3 3476 3 3469 3 3474 3 3471 4414 3472 4414 3477 4414 3472 3 3478 3 3477 3 3479 3 3480 3 3481 3 3473 4415 3475 4415 3482 4415 3483 3 3476 3 3484 3 3476 4416 3474 4416 3484 4416 3475 3 3485 3 3482 3 3477 3 3478 3 3486 3 3478 3 3487 3 3486 3 3482 3 3485 3 3488 3 3488 3 3485 3 3489 3 3490 4417 3491 4417 3492 4417 3491 3 3493 3 3492 3 3493 3 3494 3 3492 3 3494 3 3495 3 3492 3 3495 4418 3496 4418 3492 4418 3496 4419 3497 4419 3492 4419 3497 4420 3498 4420 3492 4420 3498 3 3499 3 3492 3 3499 3 3500 3 3492 3 3500 3 3501 3 3492 3 3501 3 3502 3 3492 3 3485 3 3503 3 3489 3 3502 3 3504 3 3492 3 3505 3 3506 3 3507 3 3504 3 3508 3 3492 3 3509 3 3505 3 3507 3 3508 3 3510 3 3492 3 3511 4421 3509 4421 3507 4421 3510 3 3512 3 3492 3 3512 3 3483 3 3492 3 3483 3 3484 3 3492 3 3486 4422 3487 4422 3513 4422 3514 4423 3486 4423 3513 4423 3515 4424 3514 4424 3513 4424 3489 3 3503 3 3516 3 3490 3 3492 3 3517 3 3503 4425 3518 4425 3516 4425 3513 4426 3487 4426 3519 4426 3516 3 3518 3 3520 3 3487 3 3521 3 3519 3 3492 4427 3484 4427 3522 4427 3520 3 3518 3 3523 3 3518 4428 3524 4428 3523 4428 3525 3 3511 3 3526 3 3527 3 3525 3 3526 3 3528 3 3527 3 3526 3 3529 4429 3528 4429 3526 4429 3519 4430 3521 4430 3530 4430 3511 3 3507 3 3526 3 3521 3 3531 3 3530 3 3532 4431 3533 4431 3534 4431 3531 3 3535 3 3536 3 3530 4432 3531 4432 3536 4432 3533 4433 3532 4433 3537 4433 3523 3 3524 3 3538 3 3524 3 3539 3 3538 3 3536 3 3535 3 3540 3 3481 4434 3529 4434 3541 4434 3535 3 3542 3 3540 3 3529 4435 3526 4435 3541 4435 3479 4436 3481 4436 3541 4436 3543 3 3479 3 3541 3 3507 3 3532 3 3544 3 3540 3 3542 3 3545 3 3532 4437 3534 4437 3544 4437 3542 3 3546 3 3545 3 3537 3 3532 3 3547 3 3507 3 3544 3 3548 3 3545 4438 3546 4438 3549 4438 3547 4439 3532 4439 3550 4439 3546 3 3551 3 3549 3 3551 3 3552 3 3553 3 3539 3 3554 3 3555 3 3538 3 3539 3 3555 3 3507 3 3548 3 3556 3 3549 3 3551 3 3553 3 3552 4440 3557 4440 3558 4440 3557 3 3559 3 3558 3 3553 3 3552 3 3558 3 3555 3 3554 3 3560 3 3507 4441 3556 4441 3561 4441 3559 3 3562 3 3563 3 3526 4442 3507 4442 3561 4442 3558 3 3559 3 3563 3 3560 3 3554 3 3564 3 3554 3 3565 3 3564 3 3526 4443 3561 4443 3566 4443 3562 3 3567 3 3568 3 3563 3 3562 3 3568 3 3567 3 3569 3 3570 3 3568 4444 3567 4444 3570 4444 3564 3 3565 3 3571 3 3572 4445 3564 4445 3571 4445 3569 3 3573 3 3574 3 3571 3 3565 3 3575 3 3570 4446 3569 4446 3574 4446 3576 4447 3577 4447 3575 4447 3565 3 3576 3 3575 3 3572 3 3571 3 3578 3 3573 3 3579 3 3580 3 3575 3 3577 3 3581 3 3577 4448 3582 4448 3581 4448 3574 3 3573 3 3580 3 3581 3 3582 3 3583 3 3543 3 3541 3 3583 3 3582 4449 3543 4449 3583 4449 3583 3 3541 3 3584 3 3579 3 3585 3 3586 3 3580 3 3579 3 3586 3 3584 4450 3541 4450 3587 4450 3585 3 3588 3 3589 3 3587 4451 3541 4451 3590 4451 3586 3 3585 3 3589 3 3588 4452 3591 4452 3592 4452 3589 4453 3588 4453 3592 4453 3590 4454 3541 4454 3593 4454 3594 3 3590 3 3593 3 3550 4455 3532 4455 3595 4455 3449 3 3596 3 3440 3 3566 3 3597 3 3526 3 3593 3 3541 3 3598 3 3532 3 3507 3 3599 3 3440 3 3532 3 3599 3 3591 3 3600 3 3601 3 3592 3 3591 3 3601 3 3600 3 3602 3 3603 3 3601 3 3600 3 3603 3 3602 3 3604 3 3605 3 3606 3 3603 3 3605 3 3603 3 3602 3 3605 3 3604 3 3607 3 3608 3 3605 3 3604 3 3608 3 3608 3 3607 3 3609 3 3607 4456 3610 4456 3609 4456 3609 3 3610 3 3611 3 3610 4457 3612 4457 3611 4457 3611 4458 3612 4458 3613 4458 3517 3 3492 3 3614 3 3615 4459 3616 4459 3614 4459 3616 3 3617 3 3614 3 3617 4460 3618 4460 3614 4460 3618 4461 3619 4461 3614 4461 3619 3 3620 3 3614 3 3620 4462 3621 4462 3614 4462 3621 3 3622 3 3614 3 3622 3 3623 3 3614 3 3623 3 3624 3 3614 3 3624 4463 3625 4463 3614 4463 3625 3 3626 3 3614 3 3626 3 3627 3 3614 3 3627 3 3628 3 3614 3 3628 3 3517 3 3614 3 3615 3 3614 3 3629 3 3613 4464 3612 4464 3630 4464 3631 3 3613 3 3630 3 3629 4465 3614 4465 3632 4465 3632 3 3614 3 3633 3 3633 4466 3614 4466 3634 4466 3614 4467 3635 4467 3636 4467 3630 3 3637 3 3599 3 3637 4468 3638 4468 3599 4468 3638 3 3639 3 3599 3 3631 3 3630 3 3599 3 3640 3 3631 3 3599 3 3641 4469 3640 4469 3599 4469 3642 3 3641 3 3599 3 3634 3 3614 3 3643 3 3614 4470 3636 4470 3644 4470 3643 4471 3614 4471 3644 4471 3599 3 3639 3 3645 3 3643 4472 3644 4472 3646 4472 3643 3 3646 3 3647 3 3599 4473 3645 4473 3648 4473 3647 3 3646 3 3649 3 3445 3 3650 3 3450 3 3648 3 3651 3 3652 3 3599 3 3648 3 3652 3 3649 3 3646 3 3653 3 3646 3 3444 3 3653 3 3599 4474 3652 4474 3654 4474 3599 3 3654 3 3440 3 3440 4475 3654 4475 3441 4475 3653 4476 3444 4476 3447 4476 3655 4477 3656 4477 3657 4477 3656 4477 3658 4477 3659 4477 3657 4477 3656 4477 3659 4477 3660 4478 3655 4478 3661 4478 3655 4477 3657 4477 3661 4477 3658 4479 3662 4479 3663 4479 3662 4480 3664 4480 3663 4480 3659 4481 3658 4481 3663 4481 3665 4482 3660 4482 3666 4482 3660 4483 3661 4483 3666 4483 3664 4477 3667 4477 3668 4477 3663 4484 3664 4484 3668 4484 3669 4477 3665 4477 3670 4477 3665 4485 3666 4485 3670 4485 3667 4477 3671 4477 3672 4477 3668 4477 3667 4477 3672 4477 3673 4477 3674 4477 3675 4477 3674 4477 3669 4477 3675 4477 3669 4486 3670 4486 3675 4486 3671 4477 3676 4477 3677 4477 3672 4477 3671 4477 3677 4477 3678 4477 3673 4477 3679 4477 3673 4477 3675 4477 3679 4477 3676 4477 3680 4477 3681 4477 3677 4477 3676 4477 3681 4477 3682 4477 3678 4477 3683 4477 3678 4477 3679 4477 3683 4477 3680 4477 3684 4477 3685 4477 3684 4477 3686 4477 3685 4477 3681 4477 3680 4477 3685 4477 3687 4477 3682 4477 3688 4477 3682 4477 3683 4477 3688 4477 3686 4477 3689 4477 3690 4477 3685 4477 3686 4477 3690 4477 3691 4477 3687 4477 3692 4477 3687 4477 3688 4477 3692 4477 3689 4477 3693 4477 3694 4477 3690 4477 3689 4477 3694 4477 3695 4487 3696 4487 3697 4487 3696 4488 3691 4488 3697 4488 3691 4477 3692 4477 3697 4477 3694 4477 3693 4477 3698 4477 3693 4477 3699 4477 3698 4477 3695 4489 3697 4489 3700 4489 3701 4490 3695 4490 3700 4490 3698 4477 3699 4477 3702 4477 3699 4477 3703 4477 3702 4477 3704 4477 3701 4477 3705 4477 3701 4477 3700 4477 3705 4477 3702 4491 3703 4491 3706 4491 3703 4492 3707 4492 3706 4492 3704 4493 3705 4493 3708 4493 3704 4477 3708 4477 3709 4477 3706 4494 3707 4494 3710 4494 3706 4495 3710 4495 3711 4495 3709 4477 3708 4477 3712 4477 3709 4477 3712 4477 3713 4477 3711 4496 3710 4496 3714 4496 3711 4477 3714 4477 3715 4477 3713 4477 3712 4477 3716 4477 3713 4497 3716 4497 3717 4497 3715 4477 3714 4477 3718 4477 3715 4477 3718 4477 3719 4477 3717 4498 3716 4498 3720 4498 3717 4477 3720 4477 3721 4477 3719 4499 3718 4499 3722 4499 3723 4500 3719 4500 3722 4500 3721 4477 3720 4477 3724 4477 3720 4484 3725 4484 3724 4484 3726 4501 3723 4501 3727 4501 3723 4502 3722 4502 3727 4502 3724 4477 3725 4477 3728 4477 3725 4477 3729 4477 3728 4477 3730 4503 3726 4503 3731 4503 3726 4477 3727 4477 3731 4477 3729 4477 3732 4477 3733 4477 3728 4477 3729 4477 3733 4477 3730 4504 3731 4504 3734 4504 3732 4505 3735 4505 3736 4505 3733 4477 3732 4477 3736 4477 3737 4506 3730 4506 3738 4506 3730 4477 3734 4477 3738 4477 3735 4477 3739 4477 3740 4477 3736 4507 3735 4507 3740 4507 3741 4508 3737 4508 3742 4508 3737 4477 3738 4477 3742 4477 3740 4477 3739 4477 3743 4477 3744 4477 3741 4477 3745 4477 3741 4477 3742 4477 3745 4477 3739 4477 3746 4477 3747 4477 3743 4477 3739 4477 3747 4477 3744 4477 3745 4477 3748 4477 3749 4509 3744 4509 3748 4509 3746 4510 3750 4510 3751 4510 3747 4511 3746 4511 3751 4511 3752 4477 3749 4477 3753 4477 3749 4477 3748 4477 3753 4477 3751 4477 3750 4477 3754 4477 3750 4477 3755 4477 3754 4477 3752 4512 3753 4512 3756 4512 3754 4477 3755 4477 3757 4477 3755 4477 3758 4477 3757 4477 3759 4477 3752 4477 3760 4477 3752 4513 3756 4513 3760 4513 3758 4491 3761 4491 3762 4491 3757 4477 3758 4477 3762 4477 3763 4477 3759 4477 3764 4477 3759 4514 3760 4514 3764 4514 3762 4477 3761 4477 3765 4477 3766 4515 3763 4515 3767 4515 3763 4477 3764 4477 3767 4477 3761 4477 3768 4477 3769 4477 3765 4477 3761 4477 3769 4477 3766 4516 3767 4516 3770 4516 3771 4477 3766 4477 3770 4477 3768 4477 3771 4477 3772 4477 3769 4477 3768 4477 3772 4477 3771 4477 3770 4477 3772 4477 3773 4477 3774 4477 3775 4477 3776 4477 3774 4477 3773 4477 3776 4477 3777 4477 3774 4477 3778 4477 3774 4477 3777 4477 3779 4477 3776 4477 3773 4477 3780 4477 3774 4477 3778 4477 3781 4477 3779 4477 3773 4477 3782 4477 3774 4477 3780 4477 3783 4477 3781 4477 3773 4477 3784 4477 3773 4477 3785 4477 3784 4477 3783 4477 3773 4477 3786 4477 3784 4477 3785 4477 3787 4477 3788 4477 3786 4477 3787 4477 3786 4477 3785 4477 3789 4477 3790 4477 3791 4477 3789 4477 3792 4477 3790 4477 3789 4477 3793 4477 3792 4477 3789 4477 3794 4477 3793 4477 3789 4477 3782 4477 3794 4477 3795 4477 3796 4477 3788 4477 3795 4477 3788 4477 3787 4477 3797 4477 3798 4477 3796 4477 3797 4477 3796 4477 3795 4477 3799 4477 3800 4477 3798 4477 3799 4477 3798 4477 3797 4477 3801 4477 3802 4477 3803 4477 3801 4477 3791 4477 3802 4477 3801 4477 3804 4477 3789 4477 3801 4477 3789 4477 3791 4477 3805 4477 3806 4477 3800 4477 3805 4477 3807 4477 3806 4477 3805 4477 3800 4477 3799 4477 3808 4477 3803 4477 3809 4477 3808 4477 3801 4477 3803 4477 3810 4477 3804 4477 3801 4477 3811 4477 3812 4477 3807 4477 3811 4477 3807 4477 3805 4477 3813 4477 3808 4477 3809 4477 3813 4477 3809 4477 3812 4477 3813 4477 3812 4477 3811 4477 3814 4477 3810 4477 3801 4477 3814 4477 3815 4477 3810 4477 3816 4477 3815 4477 3814 4477 3817 4477 3816 4477 3814 4477 3817 4477 3818 4477 3816 4477 3819 4477 3818 4477 3817 4477 3819 4477 3820 4477 3818 4477 3819 4477 3821 4477 3820 4477 3822 4477 3821 4477 3819 4477 3823 4477 3824 4477 3825 4477 3823 4477 3826 4477 3824 4477 3823 4477 3819 4477 3826 4477 3827 4477 3819 4477 3823 4477 3828 4477 3822 4477 3819 4477 3828 4477 3829 4477 3822 4477 3828 4477 3830 4477 3829 4477 3828 4477 3831 4477 3830 4477 3832 4477 3819 4477 3827 4477 3832 4477 3827 4477 3833 4477 3832 4477 3828 4477 3819 4477 3834 4477 3833 4477 3835 4477 3836 4477 3832 4477 3833 4477 3837 4477 3831 4477 3828 4477 3837 4477 3838 4477 3831 4477 3837 4477 3839 4477 3838 4477 3840 4477 3833 4477 3834 4477 3841 4477 3833 4477 3840 4477 3841 4477 3836 4477 3833 4477 3842 4477 3843 4477 3836 4477 3842 4477 3844 4477 3843 4477 3842 4477 3836 4477 3841 4477 3845 4477 3846 4477 3839 4477 3845 4477 3847 4477 3846 4477 3845 4477 3839 4477 3837 4477 3848 4477 3847 4477 3845 4477 3848 4477 3849 4477 3847 4477 3850 4477 3851 4477 3852 4477 3850 4477 3852 4477 3853 4477 3854 4477 3850 4477 3853 4477 3854 4477 3853 4477 3855 4477 3856 4477 3851 4477 3850 4477 3856 4477 3857 4477 3858 4477 3856 4477 3858 4477 3851 4477 3859 4477 3849 4477 3848 4477 3859 4477 3854 4477 3855 4477 3859 4477 3855 4477 3849 4477 3860 4477 3861 4477 3862 4477 3860 4477 3862 4477 3857 4477 3860 4477 3857 4477 3856 4477 3863 4477 3859 4477 3848 4477 3864 4477 3865 4477 3866 4477 3864 4477 3866 4477 3861 4477 3864 4477 3861 4477 3860 4477 3867 4477 3848 4477 3868 4477 3867 4477 3863 4477 3848 4477 3869 4477 3870 4477 3865 4477 3869 4477 3865 4477 3864 4477 3871 4477 3868 4477 3872 4477 3871 4477 3867 4477 3868 4477 3873 4477 3870 4477 3869 4477 3873 4477 3874 4477 3875 4477 3873 4477 3875 4477 3870 4477 3876 4477 3871 4477 3872 4477 3877 4477 3878 4477 3874 4477 3877 4477 3874 4477 3873 4477 3879 4477 3878 4477 3877 4477 3880 4477 3876 4477 3872 4477 3880 4477 3881 4477 3876 4477 3882 4477 3881 4477 3880 4477 3882 4477 3883 4477 3881 4477 3884 4477 3885 4477 3886 4477 3884 4477 3887 4477 3885 4477 3884 4477 3877 4477 3887 4477 3884 4477 3888 4477 3879 4477 3884 4477 3879 4477 3877 4477 3889 4477 3883 4477 3882 4477 3889 4477 3890 4477 3883 4477 3891 4477 3890 4477 3889 4477 3891 4477 3892 4477 3890 4477 3893 4477 3892 4477 3891 4477 3893 4477 3894 4477 3892 4477 3893 4477 3895 4477 3894 4477 3896 4477 3884 4477 3886 4477 3896 4477 3897 4477 3898 4477 3896 4477 3886 4477 3897 4477 3899 4477 3895 4477 3893 4477 3899 4477 3900 4477 3895 4477 3901 4477 3896 4477 3898 4477 3901 4477 3900 4477 3899 4477 3901 4477 3898 4477 3900 4477 3902 4477 3903 4477 3884 4477 3902 4477 3884 4477 3896 4477 3789 4477 3774 4477 3782 4477 3904 4477 3905 4477 3906 4477 3907 4477 3904 4477 3906 4477 3907 4477 3906 4477 3908 4477 3909 4477 3905 4477 3904 4477 3909 4477 3910 4477 3905 4477 3911 4477 3907 4477 3908 4477 3911 4477 3908 4477 3912 4477 3913 4477 3910 4477 3909 4477 3913 4477 3914 4477 3910 4477 3915 4477 3911 4477 3912 4477 3915 4477 3912 4477 3916 4477 3917 4477 3914 4477 3913 4477 3917 4477 3918 4477 3914 4477 3919 4477 3916 4477 3920 4477 3919 4477 3915 4477 3916 4477 3921 4477 3918 4477 3917 4477 3921 4477 3922 4477 3918 4477 3923 4477 3920 4477 3924 4477 3923 4477 3919 4477 3920 4477 3925 4477 3922 4477 3921 4477 3926 4477 3922 4477 3925 4477 3927 4477 3923 4477 3924 4477 3928 4477 3926 4477 3925 4477 3929 4477 3927 4477 3924 4477 3930 4477 3929 4477 3924 4477 3931 4477 3928 4477 3932 4477 3931 4477 3926 4477 3928 4477 3933 4477 3924 4477 3934 4477 3935 4477 3930 4477 3924 4477 3936 4477 3924 4477 3933 4477 3936 4477 3935 4477 3924 4477 3937 4477 3932 4477 3938 4477 3937 4477 3931 4477 3932 4477 3939 4477 3937 4477 3938 4477 3939 4477 3938 4477 3940 4477 3941 4477 3942 4477 3943 4477 3941 4477 3944 4477 3942 4477 3941 4477 3945 4477 3944 4477 3941 4477 3940 4477 3945 4477 3941 4477 3939 4477 3940 4477 3946 4477 3947 4477 3948 4477 3949 4477 3936 4477 3933 4477 3949 4477 3950 4477 3941 4477 3949 4477 3941 4477 3943 4477 3949 4477 3951 4477 3936 4477 3949 4477 3943 4477 3951 4477 3952 4477 3950 4477 3949 4477 3952 4477 3953 4477 3950 4477 3954 4477 3955 4477 3947 4477 3954 4477 3956 4477 3955 4477 3957 4477 3953 4477 3952 4477 3957 4477 3958 4477 3953 4477 3959 4477 3958 4477 3957 4477 3959 4477 3960 4477 3958 4477 3961 4477 3947 4477 3946 4477 3961 4477 3962 4477 3963 4477 3961 4477 3946 4477 3962 4477 3964 4477 3960 4477 3959 4477 3964 4477 3965 4477 3960 4477 3966 4477 3965 4477 3964 4477 3967 4477 3968 4477 3954 4477 3967 4477 3969 4477 3968 4477 3970 4477 3965 4477 3966 4477 3970 4477 3961 4477 3965 4477 3971 4477 3961 4477 3970 4477 3972 4477 3973 4477 3967 4477 3974 4477 3961 4477 3971 4477 3975 4477 3976 4477 3972 4477 3977 4477 3954 4477 3947 4477 3977 4477 3967 4477 3954 4477 3977 4477 3947 4477 3961 4477 3977 4477 3972 4477 3967 4477 3977 4477 3961 4477 3974 4477 3977 4477 3975 4477 3972 4477 3978 4477 3977 4477 3974 4477 3979 4477 3977 4477 3978 4477 3980 4477 3981 4477 3977 4477 3980 4477 3977 4477 3979 4477 3982 4477 3981 4477 3980 4477 3983 4477 3984 4477 3981 4477 3983 4477 3981 4477 3982 4477 3985 4477 3984 4477 3983 4477 3986 4477 3984 4477 3985 4477 3986 4477 3987 4477 3984 4477 3988 4477 3987 4477 3986 4477 3989 4477 3990 4477 3991 4477 3992 4477 3989 4477 3991 4477 3992 4477 3991 4477 3993 4477 3994 4477 3990 4477 3989 4477 3994 4477 3995 4477 3990 4477 3996 4477 3993 4477 3987 4477 3996 4477 3992 4477 3993 4477 3997 4477 3998 4477 3995 4477 3997 4477 3995 4477 3994 4477 3999 4477 3996 4477 3987 4477 4000 4477 4001 4477 3998 4477 4000 4477 3998 4477 3997 4477 4002 4477 3999 4477 3987 4477 4003 4477 4004 4477 4001 4477 4003 4477 4001 4477 4000 4477 4005 4477 4002 4477 3987 4477 4005 4477 3987 4477 3988 4477 4006 4477 4002 4477 4005 4477 4007 4477 4004 4477 4003 4477 4008 4477 4004 4477 4007 4477 4009 4477 4006 4477 4005 4477 4010 4477 4008 4477 4007 4477 4011 4477 4012 4477 4009 4477 4011 4477 4013 4477 4012 4477 4011 4477 4009 4477 4005 4477 4014 4477 4010 4477 4015 4477 4014 4477 4008 4477 4010 4477 4016 4477 4017 4477 4018 4477 4016 4477 4019 4477 4017 4477 4016 4477 4015 4477 4019 4477 4016 4477 4014 4477 4015 4477 4020 4477 4013 4477 4011 4477 4020 4477 4021 4477 4013 4477 4020 4477 4022 4477 4021 4477 4023 4477 4020 4477 4024 4477 4023 4477 4022 4477 4020 4477 4025 4477 4026 4477 4022 4477 4025 4477 4022 4477 4023 4477 4027 4477 4028 4477 4029 4477 4027 4477 4018 4477 4028 4477 4027 4477 4016 4477 4018 4477 4030 4477 4026 4477 4025 4477 4031 4477 4032 4477 4026 4477 4031 4477 4026 4477 4030 4477 4033 4477 4032 4477 4031 4477 4034 4477 4035 4477 4027 4477 4034 4477 4027 4477 4029 4477 4036 4477 4029 4477 4032 4477 4036 4477 4034 4477 4029 4477 4036 4477 4032 4477 4033 4477 4037 4477 4016 4477 4027 4477 4038 4477 4037 4477 4027 4477 4039 4108 4040 4108 4041 4108 4039 4108 4041 4108 4042 4108 4043 4477 4044 4477 4045 4477 4043 4517 4046 4517 4044 4517 4047 4477 4048 4477 4049 4477 4047 4518 4050 4518 4048 4518 4047 4519 4051 4519 4050 4519 4052 4520 4053 4520 4054 4520 4052 4521 4055 4521 4053 4521 4056 4522 4057 4522 4058 4522 4052 4523 4043 4523 4055 4523 4059 4524 4058 4524 4060 4524 4061 4525 4051 4525 4047 4525 4059 4477 4056 4477 4058 4477 4062 4526 4063 4526 4057 4526 4062 4477 4057 4477 4056 4477 4061 4527 4064 4527 4051 4527 4065 4477 4052 4477 4054 4477 4066 4477 4059 4477 4060 4477 4067 4528 4068 4528 4064 4528 4067 4529 4064 4529 4061 4529 4069 4530 4070 4530 4071 4530 4069 4531 4072 4531 4070 4531 4073 4532 4074 4532 4063 4532 4073 4477 4063 4477 4062 4477 4075 4533 4065 4533 4054 4533 4076 4534 4066 4534 4060 4534 4077 4535 4065 4535 4075 4535 4078 4536 4079 4536 4074 4536 4078 4477 4074 4477 4073 4477 4080 4537 4081 4537 4082 4537 4080 4477 4068 4477 4067 4477 4083 4538 4060 4538 4084 4538 4080 4539 4082 4539 4068 4539 4083 4477 4084 4477 4085 4477 4083 4477 4076 4477 4060 4477 4086 4477 4081 4477 4080 4477 4087 4540 4088 4540 4079 4540 4087 4477 4079 4477 4078 4477 4089 4477 4083 4477 4085 4477 4090 4477 4077 4477 4075 4477 4090 4541 4091 4541 4077 4541 4092 4542 4088 4542 4087 4542 4093 4477 4089 4477 4085 4477 4094 4477 4088 4477 4092 4477 4095 4543 4094 4543 4092 4543 4096 4544 4097 4544 4098 4544 4096 4545 4098 4545 4072 4545 4096 4477 4072 4477 4069 4477 4099 4477 4093 4477 4085 4477 4100 4477 4091 4477 4090 4477 4100 4546 4101 4546 4091 4546 4102 4477 4094 4477 4095 4477 4102 4547 4095 4547 4103 4547 4104 4477 4101 4477 4100 4477 4105 4548 4102 4548 4103 4548 4104 4549 4106 4549 4101 4549 4107 4550 4108 4550 4109 4550 4110 4477 4106 4477 4104 4477 4110 4551 4111 4551 4106 4551 4110 4477 4112 4477 4111 4477 4113 4552 4102 4552 4105 4552 4114 4477 4107 4477 4109 4477 4113 4553 4105 4553 4115 4553 4116 4554 4117 4554 4112 4554 4116 4555 4112 4555 4110 4555 4118 4556 4119 4556 4117 4556 4118 4557 4120 4557 4119 4557 4118 4558 4121 4558 4120 4558 4118 4559 4122 4559 4121 4559 4118 4477 4117 4477 4116 4477 4123 4477 4081 4477 4086 4477 4114 4560 4109 4560 4124 4560 4125 4561 4126 4561 4097 4561 4125 4477 4097 4477 4096 4477 4123 4562 4127 4562 4122 4562 4128 4477 4108 4477 4107 4477 4123 4563 4129 4563 4127 4563 4123 4564 4130 4564 4129 4564 4123 4565 4086 4565 4130 4565 4128 4566 4131 4566 4108 4566 4123 4477 4122 4477 4118 4477 4123 4567 4132 4567 4081 4567 4133 4477 4113 4477 4115 4477 4133 4477 4115 4477 4134 4477 4135 4477 4099 4477 4085 4477 4136 4568 4114 4568 4124 4568 4135 4569 4137 4569 4099 4569 4135 4570 4138 4570 4137 4570 4135 4477 4139 4477 4138 4477 4140 4477 4134 4477 4141 4477 4140 4571 4133 4571 4134 4571 4142 4477 4139 4477 4135 4477 4136 4572 4143 4572 4144 4572 4136 4573 4124 4573 4143 4573 4142 4574 4145 4574 4139 4574 4146 4575 4147 4575 4148 4575 4146 4576 4141 4576 4147 4576 4146 4477 4140 4477 4141 4477 4149 4477 4131 4477 4128 4477 4149 4577 4150 4577 4131 4577 4149 4578 4151 4578 4150 4578 4152 4477 4146 4477 4148 4477 4152 4579 4148 4579 4145 4579 4152 4477 4145 4477 4142 4477 4153 4477 4136 4477 4144 4477 4154 4580 4126 4580 4125 4580 4153 4581 4144 4581 4155 4581 4156 4477 4126 4477 4154 4477 4156 4582 4157 4582 4126 4582 4158 4583 4151 4583 4149 4583 4159 4477 4157 4477 4156 4477 4159 4584 4160 4584 4157 4584 4161 4477 4153 4477 4155 4477 4161 4477 4155 4477 4162 4477 4163 4585 4160 4585 4159 4585 4164 4586 4165 4586 4160 4586 4164 4477 4160 4477 4163 4477 4166 4587 4167 4587 4161 4587 4168 4588 4169 4588 4165 4588 4166 4589 4170 4589 4171 4589 4166 4590 4172 4590 4170 4590 4166 4591 4173 4591 4172 4591 4166 4592 4174 4592 4173 4592 4166 4593 4175 4593 4174 4593 4166 4594 4176 4594 4175 4594 4166 4595 4177 4595 4176 4595 4168 4477 4165 4477 4164 4477 4166 4477 4178 4477 4177 4477 4166 4477 4161 4477 4162 4477 4166 4477 4179 4477 4178 4477 4166 4596 4180 4596 4179 4596 4166 4597 4181 4597 4180 4597 4166 4598 4182 4598 4181 4598 4166 4599 4183 4599 4182 4599 4166 4600 4184 4600 4183 4600 4166 4601 4185 4601 4184 4601 4166 4602 4162 4602 4185 4602 4186 4477 4158 4477 4187 4477 4186 4477 4151 4477 4158 4477 4186 4603 4188 4603 4151 4603 4189 4604 4188 4604 4186 4604 4190 4477 4169 4477 4168 4477 4189 4605 4191 4605 4188 4605 4192 4477 4166 4477 4171 4477 4193 4477 4167 4477 4166 4477 4194 4606 4195 4606 4169 4606 4196 4477 4191 4477 4189 4477 4196 4607 4197 4607 4191 4607 4194 4477 4169 4477 4190 4477 4198 4608 4197 4608 4196 4608 4198 4609 4199 4609 4197 4609 4200 4477 4199 4477 4198 4477 4201 4610 4202 4610 4195 4610 4200 4611 4203 4611 4199 4611 4204 4612 4203 4612 4200 4612 4204 4613 4205 4613 4203 4613 4201 4614 4195 4614 4194 4614 4068 4477 4206 4477 4064 4477 4207 4615 4208 4615 4205 4615 4207 4477 4205 4477 4204 4477 4209 4616 4210 4616 4208 4616 4209 4617 4211 4617 4210 4617 4209 4618 4208 4618 4207 4618 4212 4477 4202 4477 4201 4477 4213 4477 4211 4477 4209 4477 4213 4619 4214 4619 4211 4619 4215 4620 4216 4620 4202 4620 4217 4621 4218 4621 4214 4621 4215 4477 4202 4477 4212 4477 4217 4622 4214 4622 4213 4622 4219 4477 4216 4477 4215 4477 4219 4623 4220 4623 4216 4623 4221 4624 4222 4624 4218 4624 4221 4477 4218 4477 4217 4477 4223 4625 4224 4625 4220 4625 4225 4626 4226 4626 4222 4626 4223 4477 4220 4477 4219 4477 4225 4477 4222 4477 4221 4477 4081 4477 4227 4477 4228 4477 4081 4627 4228 4627 4082 4627 4229 4628 4224 4628 4223 4628 4230 4629 4231 4629 4226 4629 4230 4477 4226 4477 4225 4477 4232 4630 4233 4630 4224 4630 4234 4631 4235 4631 4231 4631 4234 4477 4231 4477 4230 4477 4232 4632 4224 4632 4229 4632 4236 4633 4237 4633 4235 4633 4238 4634 4239 4634 4233 4634 4236 4477 4235 4477 4234 4477 4238 4635 4233 4635 4232 4635 4240 4636 4241 4636 4242 4636 4243 4477 4240 4477 4242 4477 4244 4637 4245 4637 4237 4637 4246 4477 4241 4477 4240 4477 4244 4477 4237 4477 4236 4477 4247 4638 4243 4638 4242 4638 4247 4639 4242 4639 4081 4639 4248 4640 4249 4640 4245 4640 4250 4477 4241 4477 4246 4477 4248 4641 4251 4641 4249 4641 4248 4642 4245 4642 4244 4642 4252 4477 4247 4477 4081 4477 4253 4643 4254 4643 4251 4643 4255 4477 4241 4477 4250 4477 4253 4477 4251 4477 4248 4477 4256 4477 4252 4477 4081 4477 4257 4644 4258 4644 4241 4644 4259 4645 4260 4645 4254 4645 4259 4477 4254 4477 4253 4477 4257 4477 4241 4477 4255 4477 4261 4477 4239 4477 4238 4477 4262 4477 4256 4477 4081 4477 4263 4477 4258 4477 4257 4477 4264 4477 4260 4477 4259 4477 4265 4477 4258 4477 4263 4477 4264 4646 4259 4646 4266 4646 4267 4647 4268 4647 4260 4647 4269 4477 4262 4477 4081 4477 4267 4477 4260 4477 4264 4477 4270 4477 4265 4477 4263 4477 4271 4477 4239 4477 4261 4477 4272 4648 4273 4648 4268 4648 4271 4649 4274 4649 4239 4649 4271 4650 4275 4650 4274 4650 4272 4477 4268 4477 4267 4477 4271 4651 4048 4651 4275 4651 4276 4652 4277 4652 4273 4652 4276 4477 4273 4477 4272 4477 4278 4477 4277 4477 4276 4477 4279 4477 4265 4477 4270 4477 4279 4653 4270 4653 4280 4653 4281 4654 4277 4654 4278 4654 4282 4477 4277 4477 4281 4477 4283 4477 4282 4477 4281 4477 4284 4655 4285 4655 4286 4655 4284 4656 4287 4656 4285 4656 4284 4657 4288 4657 4287 4657 4284 4658 4289 4658 4288 4658 4284 4659 4290 4659 4289 4659 4284 4660 4291 4660 4290 4660 4284 4477 4292 4477 4291 4477 4284 4661 4293 4661 4292 4661 4284 4662 4294 4662 4293 4662 4284 4477 4295 4477 4294 4477 4284 4663 4296 4663 4295 4663 4284 4664 4297 4664 4296 4664 4284 4665 4298 4665 4297 4665 4284 4666 4299 4666 4298 4666 4284 4667 4192 4667 4299 4667 4284 4668 4166 4668 4192 4668 4300 4477 4279 4477 4280 4477 4300 4669 4301 4669 4302 4669 4300 4477 4280 4477 4301 4477 4303 4670 4284 4670 4286 4670 4304 4477 4282 4477 4283 4477 4305 4477 4284 4477 4303 4477 4306 4477 4284 4477 4305 4477 4084 4477 4304 4477 4283 4477 4084 4671 4307 4671 4304 4671 4084 4672 4308 4672 4307 4672 4084 4477 4283 4477 4309 4477 4310 4673 4284 4673 4306 4673 4132 4674 4269 4674 4081 4674 4311 4477 4312 4477 4284 4477 4132 4675 4313 4675 4269 4675 4132 4676 4314 4676 4313 4676 4132 4677 4315 4677 4314 4677 4316 4477 4308 4477 4084 4477 4317 4678 4311 4678 4284 4678 4318 4477 4300 4477 4302 4477 4318 4477 4302 4477 4319 4477 4320 4679 4317 4679 4284 4679 4321 4477 4284 4477 4310 4477 4321 4680 4320 4680 4284 4680 4322 4681 4315 4681 4132 4681 4321 4682 4323 4682 4320 4682 4322 4477 4324 4477 4315 4477 4325 4477 4316 4477 4084 4477 4326 4477 4319 4477 4327 4477 4326 4477 4318 4477 4319 4477 4328 4683 4323 4683 4321 4683 4329 4684 4330 4684 4324 4684 4329 4685 4324 4685 4322 4685 4331 4686 4326 4686 4327 4686 4060 4477 4325 4477 4084 4477 4331 4687 4332 4687 4333 4687 4331 4688 4327 4688 4332 4688 4334 4689 4331 4689 4333 4689 4334 4477 4333 4477 4330 4477 4334 4477 4330 4477 4329 4477 4046 4690 4271 4690 4044 4690 4097 4691 4335 4691 4098 4691 4046 4477 4336 4477 4271 4477 4071 4477 4323 4477 4328 4477 4049 4692 4048 4692 4271 4692 4049 4477 4271 4477 4336 4477 4071 4693 4070 4693 4323 4693 4043 4694 4045 4694 4055 4694 4337 4695 4338 4695 4339 4695 4340 4696 4337 4696 4339 4696 4340 4697 4339 4697 4341 4697 4342 4698 4340 4698 4341 4698 3340 4699 4342 4699 4341 4699 3340 4700 4341 4700 3339 4700 3229 4701 3228 4701 4343 4701 4344 4702 3229 4702 4343 4702 4345 4703 4344 4703 4343 4703 4346 4704 4345 4704 4347 4704 4345 4703 4343 4703 4347 4703 4346 4705 4347 4705 4348 4705 4349 4706 4346 4706 4350 4706 4346 4707 4348 4707 4350 4707 4351 4708 4349 4708 4352 4708 4353 4709 4351 4709 4352 4709 4349 4710 4350 4710 4352 4710 4353 4711 4352 4711 4354 4711 4355 4712 4353 4712 4356 4712 4353 4713 4354 4713 4356 4713 4357 4714 4355 4714 4358 4714 4355 4715 4356 4715 4358 4715 4359 4716 4357 4716 4360 4716 4357 4717 4358 4717 4360 4717 4361 4718 4359 4718 4362 4718 4359 4719 4360 4719 4362 4719 4363 4720 4361 4720 4364 4720 4361 4721 4362 4721 4364 4721 4365 4722 4363 4722 4366 4722 4363 4723 4364 4723 4366 4723 4367 4724 4365 4724 4368 4724 4365 4725 4366 4725 4368 4725 4367 4726 4368 4726 4369 4726 4370 4727 4367 4727 4369 4727 4370 4728 4369 4728 4371 4728 4372 4729 4370 4729 4371 4729 4372 4730 4371 4730 4373 4730 4374 4731 4372 4731 4373 4731 4374 4732 4373 4732 4338 4732 4337 4733 4374 4733 4338 4733 4375 4734 4376 4734 4377 4734 4378 4735 4375 4735 4377 4735 4379 4477 4380 4477 4381 4477 4380 4477 4382 4477 4381 4477 4381 4736 4382 4736 4383 4736 4384 4477 4385 4477 4386 4477 4387 4737 4384 4737 4386 4737 4383 4477 4388 4477 4389 4477 4390 4738 4387 4738 4386 4738 4381 4477 4383 4477 4389 4477 4391 4739 4390 4739 4386 4739 4392 4477 4393 4477 4394 4477 4395 4477 4392 4477 4394 4477 4396 4477 4395 4477 4394 4477 4397 4477 4398 4477 4399 4477 4388 4477 4397 4477 4399 4477 4400 4740 4391 4740 4401 4740 4389 4477 4388 4477 4399 4477 4391 4741 4386 4741 4401 4741 4402 4742 4400 4742 4403 4742 4393 4743 4402 4743 4403 4743 4394 4477 4393 4477 4403 4477 4399 4477 4398 4477 4404 4477 4398 4744 4405 4744 4404 4744 4400 4745 4401 4745 4403 4745 4406 4477 4407 4477 4408 4477 4401 4746 4409 4746 4410 4746 4378 4477 4377 4477 4411 4477 4405 4477 4378 4477 4411 4477 4403 4747 4401 4747 4410 4747 4404 4748 4405 4748 4411 4748 4406 4477 4408 4477 4412 4477 4377 4477 4406 4477 4413 4477 4410 4749 4409 4749 4414 4749 4411 4477 4377 4477 4413 4477 4414 4477 4409 4477 4415 4477 4409 4750 4416 4750 4415 4750 4413 4477 4406 4477 4417 4477 4417 4751 4406 4751 4418 4751 4419 4477 4420 4477 4421 4477 4412 4752 4422 4752 4418 4752 4406 4753 4412 4753 4418 4753 4415 4477 4416 4477 4423 4477 4422 4754 4424 4754 4425 4754 4418 4755 4422 4755 4425 4755 4416 4756 4419 4756 4423 4756 4419 4477 4421 4477 4426 4477 4423 4757 4419 4757 4426 4757 4424 4758 4427 4758 4428 4758 4423 4759 4426 4759 4429 4759 4425 4477 4424 4477 4428 4477 4428 4760 4427 4760 4430 4760 4423 4761 4429 4761 4431 4761 4431 4762 4429 4762 4432 4762 4431 4763 4432 4763 4433 4763 4432 4477 4434 4477 4433 4477 4433 4477 4434 4477 4379 4477 4434 4477 4435 4477 4379 4477 4379 4764 4435 4764 4380 4764 4436 4765 4437 4765 4438 4765 4436 4765 4438 4765 4439 4765 4440 4766 4441 4766 4442 4766 4440 4767 4443 4767 4441 4767 4444 3270 4445 3270 4446 3270 4444 3270 4447 3270 4445 3270 4448 4768 4449 4768 4450 4768 4448 4769 4450 4769 4451 4769 4448 4770 4451 4770 4452 4770 4453 4771 4454 4771 4455 4771 4456 4772 4448 4772 4452 4772 4457 4773 4455 4773 4458 4773 4457 4771 4453 4771 4455 4771 4459 4774 4458 4774 4460 4774 4459 4775 4457 4775 4458 4775 4461 4776 4460 4776 4462 4776 4461 4774 4459 4774 4460 4774 4463 4777 4462 4777 4464 4777 4463 4776 4461 4776 4462 4776 4465 4778 4464 4778 4466 4778 4465 4779 4463 4779 4464 4779 4467 4780 4468 4780 4469 4780 4470 4781 4465 4781 4466 4781 4471 4782 4469 4782 4472 4782 4471 4783 4467 4783 4469 4783 4473 4784 4472 4784 4441 4784 4473 4785 4471 4785 4472 4785 4474 4784 4473 4784 4441 4784 4475 4786 4476 4786 4477 4786 4478 4787 4476 4787 4475 4787 4479 4788 4480 4788 4481 4788 4479 4789 4481 4789 4482 4789 4483 4790 4484 4790 4485 4790 4483 4791 4486 4791 4484 4791 4487 4792 4485 4792 4488 4792 4487 4792 4483 4792 4485 4792 4489 4793 4488 4793 4490 4793 4489 4793 4487 4793 4488 4793 4491 4794 4490 4794 4492 4794 4491 4795 4489 4795 4490 4795 4493 4796 4492 4796 4494 4796 4495 4797 4496 4797 4497 4797 4493 4798 4491 4798 4492 4798 4498 4799 4497 4799 4499 4799 4498 4800 4495 4800 4497 4800 4500 4801 4499 4801 4501 4801 4500 4802 4498 4802 4499 4802 4502 4803 4500 4803 4501 4803 4503 3202 4504 3202 4505 3202 4506 3202 4503 3202 4505 3202 4507 4804 4508 4804 4509 4804 4507 4805 4509 4805 4510 4805 4507 4806 4510 4806 4511 4806 4512 4807 4507 4807 4511 4807 4513 4808 4512 4808 4511 4808 4514 4809 4515 4809 4516 4809 4515 4810 4517 4810 4516 4810 4513 4811 4511 4811 4518 4811 4513 4812 4518 4812 4519 4812 4520 4813 4514 4813 4521 4813 4522 4812 4513 4812 4519 4812 4523 4814 4522 4814 4519 4814 4514 4815 4516 4815 4521 4815 4523 4816 4519 4816 4524 4816 4525 4817 4523 4817 4524 4817 4525 4818 4524 4818 4526 4818 4527 4819 4520 4819 4528 4819 4520 4820 4521 4820 4528 4820 4529 4821 4527 4821 4530 4821 4527 4822 4528 4822 4530 4822 4531 4823 4529 4823 4532 4823 4529 4824 4530 4824 4532 4824 4533 4825 4531 4825 4534 4825 4531 4825 4532 4825 4534 4825 4535 4826 4533 4826 4536 4826 4533 4826 4534 4826 4536 4826 4537 4827 4535 4827 4538 4827 4535 4828 4536 4828 4538 4828 4539 4829 4537 4829 4540 4829 4537 4830 4538 4830 4540 4830 4541 4831 4539 4831 4542 4831 4539 4832 4540 4832 4542 4832 4543 4833 4541 4833 4544 4833 4541 4834 4542 4834 4544 4834 4545 4835 4543 4835 4546 4835 4543 4836 4544 4836 4546 4836 4547 4837 4545 4837 4548 4837 4545 4838 4546 4838 4548 4838 4549 4839 4547 4839 4550 4839 4547 4840 4548 4840 4550 4840 4551 4841 4549 4841 4552 4841 4549 4842 4550 4842 4552 4842 4553 4843 4551 4843 4554 4843 4551 4844 4552 4844 4554 4844 4555 4845 4553 4845 4556 4845 4553 4846 4554 4846 4556 4846 4557 4847 4555 4847 4558 4847 4555 4848 4556 4848 4558 4848 4559 4849 4557 4849 4560 4849 4557 4850 4558 4850 4560 4850 4561 4851 4559 4851 4562 4851 4559 4852 4560 4852 4562 4852 4563 4853 4561 4853 4564 4853 4561 4854 4562 4854 4564 4854 4565 4855 4563 4855 4566 4855 4563 4855 4564 4855 4566 4855 4567 4856 4565 4856 4568 4856 4565 4857 4566 4857 4568 4857 4567 4858 4568 4858 4569 4858 4570 4858 4567 4858 4569 4858 4570 4859 4569 4859 4571 4859 4572 4859 4570 4859 4571 4859 4572 4860 4571 4860 4573 4860 4574 4861 4572 4861 4573 4861 4574 4862 4573 4862 4575 4862 4576 4863 4574 4863 4575 4863 4576 4864 4575 4864 4577 4864 4578 4865 4576 4865 4577 4865 4578 4866 4577 4866 4579 4866 4580 4867 4578 4867 4579 4867 4581 4868 4582 4868 4583 4868 4584 4869 4581 4869 4583 4869 4584 4870 4583 4870 4585 4870 4586 4871 4584 4871 4585 4871 4586 4872 4585 4872 4587 4872 4588 4872 4586 4872 4587 4872 4589 4873 4588 4873 4590 4873 4588 4874 4587 4874 4590 4874 4591 4875 4589 4875 4592 4875 4589 4876 4590 4876 4592 4876 4593 4877 4591 4877 4594 4877 4591 4878 4592 4878 4594 4878 4595 4879 4593 4879 4596 4879 4593 4880 4594 4880 4596 4880 4597 4881 4595 4881 4598 4881 4595 4882 4596 4882 4598 4882 4599 4883 4597 4883 4600 4883 4597 4884 4598 4884 4600 4884 4601 4885 4599 4885 4602 4885 4599 4886 4600 4886 4602 4886 4603 4887 4601 4887 4604 4887 4601 4888 4602 4888 4604 4888 4605 4889 4603 4889 4606 4889 4607 4890 4605 4890 4606 4890 4603 4891 4604 4891 4606 4891 4607 4892 4606 4892 4608 4892 4609 4893 4607 4893 4610 4893 4607 4893 4608 4893 4610 4893 4611 4894 4609 4894 4612 4894 4609 4895 4610 4895 4612 4895 4613 4896 4611 4896 4614 4896 4611 4897 4612 4897 4614 4897 4615 4898 4613 4898 4616 4898 4613 4898 4614 4898 4616 4898 4617 4899 4615 4899 4618 4899 4615 4900 4616 4900 4618 4900 4619 4901 4617 4901 4620 4901 4617 4902 4618 4902 4620 4902 4621 4903 4619 4903 4622 4903 4619 4904 4620 4904 4622 4904 4621 4905 4622 4905 4623 4905 4624 4906 4621 4906 4623 4906 4624 4907 4623 4907 4625 4907 4626 4908 4624 4908 4625 4908 4626 4909 4625 4909 4627 4909 4628 4910 4626 4910 4627 4910 4628 4911 4627 4911 4629 4911 4630 4912 4628 4912 4629 4912 4630 4913 4629 4913 4631 4913 4632 4914 4630 4914 4631 4914 4632 4915 4631 4915 4633 4915 4634 4916 4632 4916 4633 4916 4634 4917 4633 4917 4635 4917 4636 4918 4634 4918 4635 4918 4636 4919 4635 4919 4637 4919 4638 4919 4636 4919 4637 4919 4638 4920 4637 4920 4639 4920 4640 4921 4638 4921 4639 4921 4640 4922 4639 4922 4641 4922 4642 4923 4640 4923 4641 4923 4643 4924 4642 4924 4641 4924 4643 4925 4641 4925 4644 4925 4643 4926 4644 4926 4645 4926 4646 4927 4643 4927 4645 4927 4647 4928 4646 4928 4645 4928 4647 4929 4645 4929 4648 4929 4647 4930 4648 4930 4649 4930 4650 4931 4647 4931 4649 4931 4651 4932 4650 4932 4649 4932 4651 4933 4649 4933 4652 4933 4653 4934 4651 4934 4654 4934 4651 4935 4652 4935 4654 4935 4655 4936 4653 4936 4654 4936 4655 4936 4654 4936 4656 4936 4657 4937 4658 4937 4659 4937 4660 4938 4657 4938 4659 4938 4661 4939 4660 4939 4659 4939 4661 4940 4659 4940 4662 4940 4663 4941 4661 4941 4664 4941 4665 4942 4663 4942 4664 4942 4661 4943 4662 4943 4664 4943 4665 4944 4664 4944 4666 4944 4667 4945 4665 4945 4668 4945 4669 4946 4667 4946 4668 4946 4665 4945 4666 4945 4668 4945 4669 4947 4668 4947 4670 4947 4671 4948 4669 4948 4672 4948 4673 4949 4671 4949 4672 4949 4669 4950 4670 4950 4672 4950 4673 4951 4672 4951 4674 4951 4673 4952 4674 4952 4675 4952 4676 4953 4673 4953 4675 4953 4677 4954 4676 4954 4675 4954 4677 4955 4675 4955 4678 4955 4677 4956 4678 4956 4679 4956 4680 4956 4677 4956 4679 4956 4681 4957 4680 4957 4679 4957 4681 4958 4679 4958 4682 4958 4681 4959 4682 4959 4683 4959 4684 4960 4681 4960 4683 4960 4685 4961 4684 4961 4683 4961 4685 4962 4683 4962 4686 4962 4685 4963 4686 4963 4687 4963 4688 4964 4685 4964 4687 4964 4689 4965 4688 4965 4687 4965 4689 4966 4687 4966 4690 4966 4689 4967 4690 4967 4691 4967 4692 4968 4689 4968 4691 4968 4692 4969 4691 4969 4693 4969 4694 4970 4692 4970 4693 4970 4695 4971 4694 4971 4693 4971 4695 4972 4693 4972 4696 4972 4695 4973 4696 4973 4697 4973 4698 4974 4695 4974 4697 4974 4699 4975 4698 4975 4697 4975 4699 4976 4697 4976 4700 4976 4699 4977 4700 4977 4701 4977 4702 4978 4699 4978 4701 4978 4703 4979 4702 4979 4701 4979 4703 4980 4701 4980 4704 4980 4703 4981 4704 4981 4705 4981 4706 4982 4703 4982 4705 4982 4707 4983 4706 4983 4705 4983 4707 4984 4705 4984 4708 4984 4707 4985 4708 4985 4709 4985 4710 4986 4707 4986 4709 4986 4711 4987 4710 4987 4709 4987 4711 4988 4709 4988 4712 4988 4711 4989 4712 4989 4509 4989 4508 4990 4711 4990 4509 4990 4713 4991 4714 4991 4715 4991 4716 4992 4714 4992 4713 4992 4717 4993 4718 4993 4719 4993 4720 4993 4717 4993 4719 4993 4721 4994 4719 4994 4722 4994 4723 4995 4724 4995 4725 4995 4721 4996 4720 4996 4719 4996 4726 4997 4723 4997 4725 4997 4727 4998 4725 4998 4728 4998 4727 4999 4726 4999 4725 4999 4729 5000 4728 5000 4730 5000 4729 5001 4730 5001 4731 5001 4729 5002 4727 5002 4728 5002 4732 5003 4729 5003 4731 5003 4733 5004 4731 5004 4734 5004 4733 5005 4734 5005 4735 5005 4733 5006 4732 5006 4731 5006 4736 5007 4733 5007 4735 5007 4737 3270 4738 3270 4739 3270 4737 5008 4740 5008 4738 5008 4741 3270 4737 3270 4742 3270 4741 3270 4740 3270 4737 3270 4743 5009 4736 5009 4735 5009 4744 5010 4736 5010 4743 5010 4745 5011 4746 5011 4747 5011 4745 5012 4747 5012 4748 5012 4749 5013 4745 5013 4748 5013 4749 5014 4748 5014 4750 5014 4749 5015 4750 5015 4751 5015 4752 5016 4749 5016 4751 5016 4753 5017 4752 5017 4751 5017 4753 5018 4751 5018 4754 5018 4755 5019 4753 5019 4754 5019 4755 5020 4754 5020 4756 5020 4757 5021 4755 5021 4756 5021 4757 5021 4756 5021 4758 5021 4759 5022 4760 5022 4761 5022 4762 5023 4759 5023 4761 5023 4762 5024 4761 5024 4763 5024 4764 5025 4762 5025 4763 5025 4765 5026 4764 5026 4763 5026 4765 5026 4763 5026 4766 5026 4765 5027 4766 5027 4767 5027 4768 5028 4765 5028 4767 5028 4769 5029 4767 5029 4770 5029 4769 5030 4768 5030 4767 5030 4771 5031 4770 5031 4772 5031 4771 5032 4769 5032 4770 5032 4773 5033 4772 5033 4774 5033 4773 5034 4771 5034 4772 5034 4775 5035 4774 5035 4776 5035 4775 5036 4776 5036 4777 5036 4775 5037 4773 5037 4774 5037 4778 5036 4775 5036 4777 5036 4779 5038 4777 5038 4780 5038 4779 5039 4780 5039 4781 5039 4779 5040 4778 5040 4777 5040 4782 5041 4779 5041 4781 5041 4783 5042 4782 5042 4781 5042 4783 5043 4781 5043 4784 5043 4783 5044 4784 5044 4785 5044 4786 5045 4783 5045 4785 5045 4787 5046 4786 5046 4785 5046 4787 5047 4785 5047 4788 5047 4789 5048 4787 5048 4788 5048 4789 5049 4788 5049 4790 5049 4791 5050 4792 5050 4793 5050 4791 5051 4793 5051 4794 5051 4795 5052 4791 5052 4794 5052 4795 5052 4794 5052 4796 5052 4797 5053 4795 5053 4796 5053 4797 5053 4796 5053 4798 5053 4799 5054 4797 5054 4798 5054 4799 5055 4798 5055 4800 5055 4801 5056 4799 5056 4800 5056 4801 5057 4800 5057 4802 5057 4803 5058 4801 5058 4802 5058 4803 5059 4802 5059 4804 5059 4805 5060 4803 5060 4804 5060 4805 5061 4804 5061 4806 5061 4807 5062 4805 5062 4806 5062 4807 5063 4806 5063 4808 5063 4807 5064 4808 5064 4809 5064 4810 5065 4807 5065 4809 5065 4811 5066 4810 5066 4809 5066 4811 5067 4809 5067 4812 5067 4813 5068 4811 5068 4812 5068 4813 5069 4812 5069 4814 5069 4815 5070 4813 5070 4814 5070 4815 5071 4814 5071 4816 5071 4817 5072 4815 5072 4816 5072 4817 5073 4816 5073 4818 5073 4819 5074 4817 5074 4818 5074 4819 5075 4818 5075 4820 5075 4821 5076 4820 5076 4822 5076 4821 5077 4819 5077 4820 5077 4823 5078 4822 5078 4824 5078 4823 5079 4821 5079 4822 5079 4825 5080 4824 5080 4826 5080 4825 5081 4823 5081 4824 5081 4827 5082 4828 5082 4829 5082 4827 5083 4830 5083 4828 5083 4831 5084 4829 5084 4832 5084 4831 5085 4827 5085 4829 5085 4833 5086 4832 5086 4834 5086 4833 5087 4831 5087 4832 5087 4835 5088 4833 5088 4834 5088 4835 5089 4834 5089 4836 5089 4835 5090 4836 5090 4837 5090 4838 5090 4835 5090 4837 5090 4839 5091 4837 5091 4840 5091 4839 5092 4840 5092 4841 5092 4839 5093 4838 5093 4837 5093 4842 5094 4841 5094 4843 5094 4842 5095 4839 5095 4841 5095 4844 5096 4842 5096 4843 5096 4845 5097 4843 5097 4846 5097 4845 5098 4844 5098 4843 5098 4847 5099 4846 5099 4848 5099 4847 5099 4845 5099 4846 5099 4849 5100 4848 5100 4850 5100 4849 5101 4847 5101 4848 5101 4851 5102 4850 5102 4852 5102 4851 5103 4849 5103 4850 5103 4853 5104 4852 5104 4854 5104 4853 5105 4851 5105 4852 5105 4855 5106 4854 5106 4856 5106 4855 5107 4853 5107 4854 5107 4857 5108 4856 5108 4858 5108 4857 5109 4855 5109 4856 5109 4859 5110 4858 5110 4860 5110 4861 5111 4862 5111 4863 5111 4859 5110 4857 5110 4858 5110 4864 5112 4863 5112 4865 5112 4864 5113 4861 5113 4863 5113 4866 5114 4864 5114 4865 5114 4867 5115 4865 5115 4868 5115 4867 5116 4866 5116 4865 5116 4869 5117 4868 5117 4870 5117 4869 5118 4870 5118 4871 5118 4869 5119 4867 5119 4868 5119 4872 5118 4869 5118 4871 5118 4873 5120 4871 5120 4874 5120 4873 5121 4872 5121 4871 5121 4875 5122 4874 5122 4876 5122 4875 5123 4873 5123 4874 5123 4877 5124 4876 5124 4878 5124 4877 5125 4875 5125 4876 5125 4879 5126 4878 5126 4880 5126 4879 5127 4877 5127 4878 5127 4746 5128 4880 5128 4747 5128 4746 5129 4879 5129 4880 5129 4881 5130 4882 5130 4883 5130 4882 5131 4884 5131 4883 5131 4885 5132 4881 5132 4886 5132 4881 5133 4883 5133 4886 5133 4887 5134 4888 5134 4889 5134 4888 5135 4890 5135 4889 5135 4891 5136 4887 5136 4892 5136 4887 5137 4889 5137 4892 5137 4892 5138 4889 5138 4893 5138 4894 5139 4892 5139 4895 5139 4892 5140 4893 5140 4895 5140 4896 5141 4894 5141 4897 5141 4894 5142 4895 5142 4897 5142 4898 5143 4896 5143 4899 5143 4896 5144 4897 5144 4899 5144 4900 5145 4898 5145 4901 5145 4898 5146 4899 5146 4901 5146 4902 5147 4900 5147 4903 5147 4900 5148 4901 5148 4903 5148 4904 5149 4905 5149 4906 5149 4905 5150 4907 5150 4906 5150 4908 3963 4909 3963 4910 3963 4908 3963 4910 3963 4911 3963 4912 5151 4913 5151 4914 5151 4912 5151 4914 5151 4915 5151 4916 5152 4912 5152 4917 5152 4912 5153 4915 5153 4917 5153 4918 5154 4916 5154 4919 5154 4916 5155 4917 5155 4919 5155 4444 3270 4920 3270 4447 3270 4444 3270 4921 3270 4920 3270 4444 3270 4922 3270 4921 3270 4444 3270 4923 3270 4922 3270 4924 3270 4925 3270 4447 3270 4444 3270 4926 3270 4923 3270 4924 3270 4927 3270 4925 3270 4928 3270 4926 3270 4444 3270 4929 3270 4924 3270 4447 3270 4930 3270 4928 3270 4444 3270 4931 3270 4925 3270 4927 3270 4932 3270 4930 3270 4444 3270 4933 3270 4929 3270 4447 3270 4934 3270 4925 3270 4931 3270 4935 3270 4932 3270 4444 3270 4936 3270 4933 3270 4447 3270 4937 3270 4935 3270 4444 3270 4938 3270 4925 3270 4934 3270 4939 3270 4937 3270 4444 3270 4940 3270 4936 3270 4447 3270 4941 3270 4939 3270 4444 3270 4942 3270 4925 3270 4938 3270 4943 3270 4940 3270 4447 3270 4944 3270 4941 3270 4444 3270 4944 3270 4444 3270 4945 3270 4946 3270 4925 3270 4942 3270 4947 3270 4944 3270 4945 3270 4948 3270 4947 3270 4945 3270 4949 3270 4943 3270 4447 3270 4950 3270 4948 3270 4945 3270 4951 3270 4925 3270 4946 3270 4952 3270 4950 3270 4945 3270 4953 3270 4949 3270 4447 3270 4954 3270 4952 3270 4945 3270 4955 3270 4954 3270 4945 3270 4956 3270 4953 3270 4447 3270 4957 3270 4955 3270 4945 3270 4958 3270 4959 3270 4960 3270 4958 3270 4951 3270 4959 3270 4958 3270 4925 3270 4951 3270 4961 3270 4956 3270 4447 3270 4962 3270 4958 3270 4960 3270 4963 3270 4961 3270 4447 3270 4964 3270 4958 3270 4962 3270 4965 3270 4963 3270 4447 3270 4966 3270 4967 3270 4957 3270 4966 3270 4968 3270 4967 3270 4966 3270 4969 3270 4968 3270 4970 3270 4958 3270 4964 3270 4966 3270 4971 3270 4969 3270 4966 3270 4972 3270 4971 3270 4966 3270 4957 3270 4945 3270 4966 3270 4973 3270 4972 3270 4920 3270 4965 3270 4447 3270 4974 3270 4958 3270 4970 3270 4975 5156 4976 5156 4977 5156 4978 5157 4975 5157 4979 5157 4975 5158 4977 5158 4979 5158 4980 5159 4978 5159 4981 5159 4978 5160 4979 5160 4981 5160 4982 5161 4980 5161 4983 5161 4980 5162 4981 5162 4983 5162 4984 5163 4982 5163 4985 5163 4982 5164 4983 5164 4985 5164 4986 5165 4984 5165 4987 5165 4984 5166 4985 5166 4987 5166 4988 5167 4989 5167 4990 5167 4986 5168 4987 5168 4991 5168 4992 5169 4988 5169 4993 5169 4988 5170 4990 5170 4993 5170 4994 5171 4992 5171 4995 5171 4992 5172 4993 5172 4995 5172 4996 5173 4994 5173 4997 5173 4994 5174 4995 5174 4997 5174 4998 5175 4996 5175 4999 5175 4996 5173 4997 5173 4999 5173 5000 5176 4998 5176 5001 5176 4998 5177 4999 5177 5001 5177 5002 5178 5003 5178 5004 5178 5000 5176 5001 5176 5005 5176 5006 5179 5002 5179 5007 5179 5002 5180 5004 5180 5007 5180 5008 5181 5006 5181 5009 5181 5006 5182 5007 5182 5009 5182 5010 5183 5008 5183 5011 5183 5008 5181 5009 5181 5011 5181 5010 5184 5011 5184 5012 5184 5013 5185 5014 5185 5015 5185 5016 5186 5013 5186 5015 5186 5016 5187 5015 5187 5017 5187 5018 5188 5016 5188 5017 5188 5018 5189 5017 5189 5019 5189 5018 5190 5019 5190 5020 5190 5021 5191 5018 5191 5020 5191 5021 5192 5020 5192 5022 5192 5023 5193 5021 5193 5022 5193 5023 5194 5022 5194 5024 5194 5025 5195 5023 5195 5024 5195 5025 5196 5024 5196 5026 5196 5027 5197 5025 5197 5026 5197 5027 5198 5026 5198 5028 5198 5029 5199 5027 5199 5028 5199 5029 5200 5028 5200 5030 5200 5031 5201 5029 5201 5030 5201 5031 5202 5030 5202 5032 5202 5031 5203 5032 5203 5033 5203 5034 5204 5031 5204 5033 5204 5035 5205 5034 5205 5033 5205 5036 5206 5035 5206 5033 5206 5037 5207 5036 5207 5033 5207 5033 5208 5032 5208 5038 5208 5039 5209 5040 5209 5041 5209 5033 5210 5038 5210 5042 5210 5043 5211 5039 5211 5044 5211 5039 5212 5041 5212 5044 5212 5045 5213 5043 5213 5046 5213 5043 5214 5044 5214 5046 5214 5047 5215 5045 5215 5048 5215 5045 5216 5046 5216 5048 5216 5047 5217 5048 5217 5049 5217 5050 5218 5047 5218 5049 5218 5050 5219 5049 5219 5051 5219 5052 5220 5050 5220 5051 5220 5052 5221 5051 5221 5053 5221 5054 5222 5052 5222 5053 5222 5054 5223 5053 5223 5055 5223 5056 5224 5054 5224 5055 5224 5056 5225 5055 5225 5057 5225 5058 5226 5056 5226 5057 5226 5058 5227 5057 5227 5059 5227 5060 5228 5058 5228 5059 5228 5061 5229 5060 5229 5062 5229 5060 5230 5059 5230 5062 5230 5061 5231 5062 5231 5063 5231 5061 5232 5063 5232 5064 5232 5064 5233 5063 5233 5065 5233 5064 5234 5065 5234 5066 5234 5066 5235 5065 5235 5067 5235 5066 5236 5067 5236 5068 5236 5069 5237 5066 5237 5068 5237 5069 5238 5068 5238 5070 5238 5071 5239 5069 5239 5070 5239 5071 5240 5070 5240 5072 5240 5073 5241 5071 5241 5072 5241 5073 5242 5072 5242 5074 5242 5075 5243 5073 5243 5074 5243 5075 5244 5074 5244 5076 5244 5077 5245 5075 5245 5076 5245 5077 5246 5076 5246 5078 5246 5079 5247 5077 5247 5078 5247 5079 5248 5078 5248 5080 5248 5081 5249 5079 5249 5080 5249 5081 5250 5080 5250 5082 5250 5083 5251 5081 5251 5082 5251 5083 5252 5082 5252 5084 5252 5085 5253 5083 5253 5084 5253 5085 5254 5084 5254 5086 5254 5087 5255 5085 5255 5086 5255 5087 5256 5086 5256 5088 5256 5089 5257 5087 5257 5088 5257 5089 5258 5088 5258 5090 5258 5091 5259 5089 5259 5090 5259 5092 5260 5093 5260 5094 5260 5095 5261 5092 5261 5094 5261 5096 5262 5095 5262 5094 5262 5096 5263 5094 5263 5097 5263 5091 5264 5090 5264 5098 5264 5099 5265 5091 5265 5098 5265 5094 5266 5100 5266 5101 5266 5097 5267 5094 5267 5102 5267 5094 5268 5101 5268 5102 5268 5103 5269 5097 5269 5104 5269 5097 5270 5102 5270 5104 5270 5105 5271 5103 5271 5106 5271 5103 5272 5104 5272 5106 5272 5107 5273 5105 5273 5108 5273 5105 5274 5106 5274 5108 5274 5109 5275 5107 5275 5110 5275 5107 5276 5108 5276 5110 5276 5111 5277 5109 5277 5112 5277 5109 5278 5110 5278 5112 5278 5113 5279 5111 5279 5114 5279 5111 5280 5112 5280 5114 5280 5113 5281 5114 5281 5115 5281 5113 5282 5115 5282 5116 5282 5117 5283 5113 5283 5116 5283 5117 5284 5116 5284 5118 5284 5119 5285 5117 5285 5118 5285 5119 5286 5118 5286 5120 5286 5121 5287 5122 5287 5123 5287 5122 5288 5124 5288 5123 5288 5125 5289 5126 5289 5127 5289 5126 5290 5121 5290 5127 5290 5121 5290 5123 5290 5127 5290 5125 5289 5127 5289 5128 5289 5129 3270 5130 3270 5131 3270 5132 3270 5133 3270 5131 3270 5130 3270 5132 3270 5131 3270 5134 5291 5135 5291 5136 5291 5136 5292 5135 5292 5137 5292 5136 5293 5137 5293 5138 5293 5138 5294 5137 5294 5139 5294 5138 5295 5139 5295 5140 5295 5140 5296 5139 5296 5141 5296 5142 5297 5143 5297 5144 5297 5144 5298 5143 5298 5145 5298 5144 5299 5145 5299 5146 5299 5146 5300 5145 5300 5147 5300 5148 5301 5149 5301 5150 5301 5146 5302 5147 5302 5150 5302 5148 5303 5150 5303 5151 5303 5150 5304 5147 5304 5152 5304 5153 5305 5151 5305 5154 5305 5151 5306 5150 5306 5154 5306 5150 5307 5152 5307 5154 5307 5155 5308 5153 5308 5156 5308 5157 5309 5155 5309 5156 5309 5153 5310 5154 5310 5156 5310 5158 5311 5157 5311 5159 5311 5160 5312 5158 5312 5159 5312 5157 5313 5156 5313 5159 5313 5161 5314 5162 5314 5163 5314 5160 5315 5159 5315 5164 5315 5165 5316 5166 5316 5167 5316 5168 5317 5169 5317 5165 5317 5168 5318 5165 5318 5167 5318 5170 5319 5167 5319 5171 5319 5170 5319 5168 5319 5167 5319 5172 5320 5171 5320 5173 5320 5172 5321 5170 5321 5171 5321 5174 5322 5173 5322 5175 5322 5174 5323 5172 5323 5173 5323 5176 5324 5175 5324 5177 5324 5176 5325 5177 5325 5178 5325 5176 5326 5174 5326 5175 5326 5179 5325 5176 5325 5178 5325 5180 5327 5178 5327 5181 5327 5180 5327 5179 5327 5178 5327 5182 5328 5181 5328 5183 5328 5182 5329 5180 5329 5181 5329 5184 5330 5183 5330 5185 5330 5184 5331 5182 5331 5183 5331 5186 5332 5185 5332 5187 5332 5186 5332 5184 5332 5185 5332 5188 5333 5187 5333 5189 5333 5188 5334 5186 5334 5187 5334 5190 5335 5191 5335 5192 5335 5190 5336 5192 5336 5193 5336 5190 5335 5194 5335 5191 5335 5195 5337 5190 5337 5193 5337 5196 5338 5193 5338 5197 5338 5196 5338 5195 5338 5193 5338 5198 5339 5196 5339 5197 5339 5198 5339 5197 5339 5199 5339 5200 5340 5198 5340 5199 5340 5200 5340 5199 5340 5201 5340 5202 3963 5203 3963 5204 3963 5202 3963 5204 3963 5205 3963 5206 5341 5207 5341 5208 5341 5209 5341 5206 5341 5208 5341 5210 5342 5209 5342 5211 5342 5209 5343 5208 5343 5211 5343 5212 5344 5210 5344 5213 5344 5214 5345 5212 5345 5213 5345 5210 5346 5211 5346 5213 5346 5214 5347 5213 5347 5215 5347 5216 5348 5214 5348 5217 5348 5218 5349 5216 5349 5217 5349 5214 5350 5215 5350 5217 5350 5218 5351 5217 5351 5219 5351 5220 5352 5218 5352 5221 5352 5218 5352 5219 5352 5221 5352 5222 5353 5220 5353 5223 5353 5220 5354 5221 5354 5223 5354 5224 5355 5222 5355 5225 5355 5226 5356 5224 5356 5225 5356 5222 5355 5223 5355 5225 5355 5226 5357 5225 5357 5227 5357 5228 5358 5226 5358 5229 5358 5226 5359 5227 5359 5229 5359 5230 5360 5228 5360 5231 5360 5232 5361 5230 5361 5231 5361 5228 5362 5229 5362 5231 5362 5232 5363 5231 5363 5233 5363 5234 5364 5232 5364 5235 5364 5236 5365 5234 5365 5235 5365 5232 5364 5233 5364 5235 5364 5237 5366 5236 5366 5238 5366 5236 5365 5235 5365 5238 5365 5237 5366 5238 5366 5239 5366 5240 5367 5241 5367 5242 5367 5240 3202 5242 3202 5243 3202 5241 3202 5240 3202 4437 3202 4437 3202 5240 3202 5244 3202 5244 3202 5245 3202 4438 3202 4437 5368 5244 5368 4438 5368 5246 4108 5207 4108 5206 4108 5246 4108 5206 4108 5247 4108 5248 3270 5249 3270 5250 3270 5249 3270 5251 3270 5250 3270 5250 3270 5251 3270 5252 3270 5253 5369 5254 5369 5255 5369 5253 5370 5255 5370 5256 5370 5257 5371 5256 5371 5258 5371 5257 5372 5253 5372 5256 5372 5259 5373 5258 5373 5260 5373 5259 5374 5257 5374 5258 5374 5261 5375 5260 5375 5262 5375 5261 5375 5259 5375 5260 5375 5263 5376 5262 5376 5264 5376 5263 5377 5261 5377 5262 5377 5265 5378 5266 5378 5267 5378 5265 5379 5268 5379 5266 5379 5248 5380 5269 5380 5270 5380 5271 5381 5267 5381 5269 5381 5271 5381 5265 5381 5267 5381 5271 5382 5269 5382 5248 5382 5250 5383 5271 5383 5248 5383 5272 5384 5273 5384 5274 5384 5275 5384 5272 5384 5274 5384 5276 5385 5275 5385 5274 5385 5276 5385 5274 5385 5277 5385 5276 5386 5277 5386 5278 5386 5279 5387 5276 5387 5278 5387 5255 5388 5254 5388 5280 5388 5281 5389 5255 5389 5280 5389 5282 5390 5281 5390 5283 5390 5284 5391 5282 5391 5283 5391 5281 5392 5280 5392 5283 5392 5284 5393 5283 5393 5285 5393 5286 5394 5284 5394 5287 5394 5284 5395 5285 5395 5287 5395 5288 5396 5286 5396 5289 5396 5290 5397 5288 5397 5289 5397 5286 5398 5287 5398 5289 5398 5291 5399 5290 5399 5292 5399 5290 5400 5289 5400 5292 5400 5291 5399 5292 5399 5293 5399 5294 5401 5291 5401 5295 5401 5291 5402 5293 5402 5295 5402 5296 5403 5294 5403 5297 5403 5298 5404 5296 5404 5297 5404 5294 5405 5295 5405 5297 5405 5299 5406 5298 5406 5300 5406 5298 5404 5297 5404 5300 5404 5299 5407 5300 5407 5301 5407 5302 5408 5299 5408 5303 5408 5299 5409 5301 5409 5303 5409 5304 5410 5302 5410 5305 5410 5306 5411 5304 5411 5305 5411 5302 5412 5303 5412 5305 5412 5306 5413 5305 5413 5307 5413 5308 5414 5306 5414 5307 5414 5308 5414 5307 5414 5309 5414 5308 5415 5309 5415 5310 5415 5311 5416 5308 5416 5310 5416 5311 5417 5310 5417 5273 5417 5272 5418 5311 5418 5273 5418 5279 5419 5278 5419 5312 5419 5313 5419 5279 5419 5312 5419 5314 5420 5315 5420 5316 5420 5317 5421 5314 5421 5316 5421 5318 5422 5317 5422 5316 5422 5319 5423 5318 5423 5320 5423 5318 5424 5316 5424 5320 5424 5321 5425 5319 5425 5322 5425 5319 5426 5320 5426 5322 5426 5323 5427 5321 5427 5324 5427 5321 5428 5322 5428 5324 5428 5325 5429 5323 5429 5326 5429 5323 5430 5324 5430 5326 5430 5325 5431 5326 5431 5327 5431 5328 5432 5325 5432 5329 5432 5325 5433 5327 5433 5329 5433 5330 5434 5328 5434 5331 5434 5332 5435 5330 5435 5331 5435 5328 5436 5329 5436 5331 5436 5333 5437 5332 5437 5334 5437 5332 5438 5331 5438 5334 5438 5333 5439 5334 5439 5335 5439 5336 5440 5333 5440 5337 5440 5338 5441 5336 5441 5337 5441 5333 5442 5335 5442 5337 5442 5338 5443 5337 5443 5339 5443 5340 5444 5338 5444 5341 5444 5338 5445 5339 5445 5341 5445 5342 5446 4474 5446 4441 5446 4441 5447 4443 5447 5343 5447 5342 5448 4441 5448 5343 5448 5344 5449 5342 5449 5345 5449 5342 5450 5343 5450 5345 5450 5346 5451 5344 5451 5347 5451 5344 5452 5345 5452 5347 5452 5348 5453 5349 5453 5350 5453 5349 5454 5351 5454 5350 5454 5352 5455 5348 5455 5353 5455 5348 5456 5350 5456 5353 5456 5354 5457 5352 5457 5355 5457 5352 5458 5353 5458 5355 5458 5356 5459 5354 5459 5357 5459 5358 5460 5356 5460 5357 5460 5354 5461 5355 5461 5357 5461 5358 5462 5357 5462 5359 5462 5360 5463 5358 5463 5361 5463 5358 5464 5359 5464 5361 5464 5362 5465 5363 5465 5364 5465 5363 5466 5365 5466 5364 5466 4714 5467 5362 5467 4715 5467 5362 5468 5364 5468 4715 5468 4715 5469 5364 5469 5366 5469 5367 5470 5368 5470 5369 5470 5370 5471 5367 5471 5369 5471 5370 5472 5369 5472 5371 5472 5372 5473 5373 5473 5371 5473 5373 5474 5370 5474 5371 5474 5372 5475 5371 5475 5374 5475 5340 5476 5341 5476 5375 5476 5376 5477 5340 5477 5375 5477 5377 5478 5376 5478 5378 5478 5376 5479 5375 5479 5378 5479 5379 5480 5377 5480 5380 5480 5381 5481 5379 5481 5380 5481 5377 5482 5378 5482 5380 5482 5381 5483 5380 5483 5382 5483 5383 5484 5381 5484 5384 5484 5385 5485 5383 5485 5384 5485 5381 5486 5382 5486 5384 5486 5386 5487 5385 5487 5387 5487 5385 5488 5384 5488 5387 5488 5388 5489 5386 5489 5389 5489 5386 5490 5387 5490 5389 5490 5390 5491 5388 5491 5391 5491 5388 5492 5389 5492 5391 5492 5392 5493 5390 5493 5393 5493 5390 5494 5391 5494 5393 5494 5394 5495 5392 5495 5395 5495 5392 5493 5393 5493 5395 5493 5396 5496 5394 5496 5397 5496 5394 5497 5395 5497 5397 5497 5396 5498 5397 5498 5398 5498 5399 5499 5396 5499 5400 5499 5401 5500 5399 5500 5400 5500 5396 5501 5398 5501 5400 5501 5402 5502 5401 5502 5403 5502 5401 5500 5400 5500 5403 5500 5402 5503 5403 5503 5404 5503 5405 5504 5402 5504 5406 5504 5407 5505 5405 5505 5406 5505 5402 5506 5404 5506 5406 5506 5408 5507 5407 5507 5409 5507 5407 5508 5406 5508 5409 5508 5408 5509 5409 5509 5410 5509 5411 5510 5408 5510 5412 5510 5413 5511 5411 5511 5412 5511 5408 5512 5410 5512 5412 5512 5413 5511 5412 5511 5414 5511 5415 5513 5413 5513 5416 5513 5417 5514 5415 5514 5416 5514 5413 5515 5414 5515 5416 5515 5417 5516 5416 5516 5418 5516 5419 5517 5417 5517 5420 5517 5421 5518 5419 5518 5420 5518 5417 5519 5418 5519 5420 5519 5421 5520 5420 5520 5422 5520 5423 5521 5421 5521 5422 5521 5423 5521 5422 5521 5424 5521 5423 5522 5424 5522 5425 5522 5426 5523 5423 5523 5425 5523 5427 5524 5426 5524 5425 5524 5427 5525 5425 5525 5428 5525 5427 5526 5428 5526 5429 5526 5430 5527 5427 5527 5429 5527 5430 5528 5429 5528 5431 5528 5432 5529 5430 5529 5431 5529 5432 5530 5431 5530 5433 5530 5434 5531 5432 5531 5433 5531 5434 5532 5433 5532 5435 5532 5436 5533 5434 5533 5435 5533 5437 5534 5438 5534 5439 5534 5440 5535 5437 5535 5441 5535 5437 5536 5439 5536 5441 5536 5440 5537 5441 5537 5442 5537 5443 5538 5440 5538 5444 5538 5440 5538 5442 5538 5444 5538 5445 5539 5443 5539 5446 5539 5447 5540 5445 5540 5446 5540 5443 5539 5444 5539 5446 5539 5448 5541 5447 5541 5449 5541 5447 5540 5446 5540 5449 5540 5448 5541 5449 5541 5450 5541 5451 5542 5448 5542 5452 5542 5448 5543 5450 5543 5452 5543 5453 5544 5451 5544 5454 5544 5451 5545 5452 5545 5454 5545 5455 5546 5453 5546 5456 5546 5457 5547 5455 5547 5456 5547 5453 5548 5454 5548 5456 5548 5457 5547 5456 5547 5458 5547 5459 5549 5457 5549 5460 5549 5457 5550 5458 5550 5460 5550 5461 5551 5459 5551 5462 5551 5459 5552 5460 5552 5462 5552 5463 5553 5461 5553 5464 5553 5465 5554 5463 5554 5464 5554 5461 5555 5462 5555 5464 5555 5465 5556 5464 5556 5466 5556 5467 5557 5465 5557 5468 5557 5465 5558 5466 5558 5468 5558 5469 5559 5467 5559 5470 5559 5467 5560 5468 5560 5470 5560 5471 5561 5469 5561 5472 5561 5473 5562 5471 5562 5472 5562 5469 5563 5470 5563 5472 5563 5473 5564 5472 5564 5474 5564 5473 5565 5474 5565 5475 5565 5476 5566 5473 5566 5475 5566 5477 5567 5476 5567 5475 5567 5477 5568 5475 5568 5478 5568 5479 5569 5477 5569 5478 5569 5479 5570 5478 5570 5480 5570 5479 5571 5480 5571 5481 5571 5482 5572 5479 5572 5481 5572 5482 5573 5481 5573 5483 5573 5484 5574 5482 5574 5483 5574 5484 5575 5483 5575 5485 5575 5486 5576 5484 5576 5485 5576 5487 5577 5486 5577 5485 5577 5487 5578 5485 5578 5488 5578 5489 5579 5487 5579 5488 5579 5489 5580 5488 5580 5490 5580 5491 5581 5489 5581 5490 5581 5491 5582 5490 5582 5492 5582 5491 5583 5492 5583 5493 5583 5494 5584 5491 5584 5493 5584 5495 5585 5494 5585 5493 5585 5495 5586 5493 5586 5496 5586 5495 5587 5496 5587 5497 5587 5498 5587 5495 5587 5497 5587 5498 5588 5497 5588 5499 5588 5500 5588 5498 5588 5499 5588 5501 5589 5500 5589 5499 5589 5501 5589 5499 5589 5502 5589 5503 5590 5501 5590 5502 5590 5503 5591 5502 5591 5504 5591 5505 5592 5503 5592 5504 5592 5505 5593 5504 5593 5506 5593 5507 5594 5505 5594 5506 5594 5507 5595 5506 5595 5508 5595 5509 5596 5510 5596 5511 5596 5512 5597 5509 5597 5511 5597 5513 5598 5512 5598 5511 5598 5513 5599 5511 5599 5514 5599 5515 5600 5513 5600 5516 5600 5513 5601 5514 5601 5516 5601 5517 5602 5515 5602 5518 5602 5519 5603 5517 5603 5518 5603 5515 5604 5516 5604 5518 5604 5520 5605 5519 5605 5521 5605 5519 5606 5518 5606 5521 5606 5522 5607 5520 5607 5523 5607 5520 5608 5521 5608 5523 5608 5524 5609 5522 5609 5525 5609 5522 5610 5523 5610 5525 5610 5524 5611 5525 5611 5526 5611 5524 5612 5526 5612 5527 5612 5528 5613 5524 5613 5527 5613 5528 5614 5527 5614 5529 5614 5530 5615 5528 5615 5529 5615 5531 5616 5530 5616 5529 5616 5531 5617 5529 5617 5532 5617 5531 5618 5532 5618 5533 5618 5534 5619 5531 5619 5533 5619 5535 5620 5534 5620 5533 5620 5535 5621 5533 5621 5536 5621 5537 5622 5535 5622 5536 5622 5537 5623 5536 5623 5538 5623 5537 5624 5538 5624 5539 5624 5540 5625 5537 5625 5539 5625 5540 5626 5539 5626 5541 5626 5542 5627 5540 5627 5541 5627 5542 5628 5541 5628 5543 5628 5544 5629 5542 5629 5543 5629 5544 5630 5543 5630 5545 5630 5546 5630 5544 5630 5545 5630 5547 5631 5546 5631 5545 5631 5547 5632 5545 5632 5548 5632 5549 5633 5547 5633 5548 5633 5549 5634 5548 5634 5550 5634 5549 5635 5550 5635 5551 5635 5552 5636 5549 5636 5551 5636 5553 5637 5552 5637 5551 5637 5553 5638 5551 5638 5554 5638 5553 5639 5554 5639 5555 5639 5556 5640 5553 5640 5555 5640 5556 5641 5555 5641 5557 5641 5558 5642 5556 5642 5557 5642 5559 5643 5558 5643 5557 5643 5559 5644 5557 5644 5560 5644 5561 5645 5559 5645 5560 5645 5561 5646 5560 5646 5562 5646 5563 5647 5561 5647 5562 5647 5563 5648 5562 5648 5564 5648 5565 5649 5563 5649 5564 5649 5565 5650 5564 5650 5566 5650 5565 5651 5566 5651 5567 5651 5568 5652 5565 5652 5567 5652 5569 5653 5568 5653 5567 5653 5569 5654 5567 5654 5570 5654 5569 5655 5570 5655 5368 5655 5367 5655 5569 5655 5368 5655 5571 5656 5572 5656 5573 5656 5574 5657 5575 5657 5576 5657 5571 5658 5573 5658 5577 5658 5578 5659 5574 5659 5579 5659 5574 5660 5576 5660 5579 5660 5580 5661 5578 5661 5581 5661 5578 5662 5579 5662 5581 5662 5582 5663 5580 5663 5583 5663 5580 5664 5581 5664 5583 5664 5584 5665 5582 5665 5585 5665 5582 5663 5583 5663 5585 5663 5586 5666 5584 5666 5587 5666 5584 5667 5585 5667 5587 5667 5588 5668 5589 5668 5590 5668 5586 5669 5587 5669 5591 5669 5592 5670 5588 5670 5593 5670 5588 5671 5590 5671 5593 5671 5594 5672 5592 5672 5595 5672 5592 5673 5593 5673 5595 5673 5596 5674 5594 5674 5597 5674 5594 5672 5595 5672 5597 5672 5598 5675 5596 5675 5599 5675 5596 5676 5597 5676 5599 5676 5600 5677 5598 5677 5601 5677 5598 5678 5599 5678 5601 5678 5602 5679 5600 5679 5603 5679 5600 5680 5601 5680 5603 5680 5602 5679 5603 5679 5604 5679 5605 5681 5606 5681 4475 5681 5606 5682 5607 5682 4475 5682 4475 5683 5607 5683 4478 5683 5608 5684 5609 5684 5610 5684 5611 5685 5608 5685 5610 5685 5611 5686 5610 5686 5612 5686 5613 5687 5611 5687 5612 5687 5613 5688 5612 5688 4891 5688 4892 5689 5613 5689 4891 5689 5150 5690 5149 5690 5614 5690 5615 5691 5150 5691 5614 5691 5616 5692 5615 5692 5617 5692 5615 5693 5614 5693 5617 5693 5618 5694 5616 5694 5619 5694 5616 5695 5617 5695 5619 5695 5620 5696 5618 5696 5621 5696 5618 5697 5619 5697 5621 5697 5622 5698 5620 5698 5623 5698 5620 5699 5621 5699 5623 5699 5624 5700 5622 5700 5625 5700 5626 5701 5624 5701 5625 5701 5622 5702 5623 5702 5625 5702 5626 5703 5625 5703 5627 5703 5628 5704 5626 5704 5629 5704 5626 5705 5627 5705 5629 5705 5630 5706 5628 5706 5631 5706 5632 5707 5630 5707 5631 5707 5628 5708 5629 5708 5631 5708 5632 5709 5631 5709 5633 5709 5634 5710 5632 5710 5635 5710 5632 5711 5633 5711 5635 5711 5636 5712 5634 5712 5637 5712 5634 5713 5635 5713 5637 5713 5638 5714 5636 5714 5639 5714 5636 5715 5637 5715 5639 5715 5638 5716 5639 5716 5640 5716 5641 5717 5638 5717 5640 5717 5641 5718 5640 5718 5642 5718 5643 5719 5641 5719 5642 5719 5644 5720 5643 5720 5642 5720 5644 5721 5642 5721 5645 5721 5644 5722 5645 5722 5609 5722 5608 5723 5644 5723 5609 5723 5646 5724 5647 5724 5648 5724 5649 5725 5646 5725 5648 5725 5649 5726 5648 5726 5650 5726 5651 5727 5649 5727 5650 5727 5652 5728 5653 5728 5654 5728 5652 5728 5654 5728 5655 5728 5656 5729 5657 5729 5658 5729 5659 5730 5656 5730 5658 5730 5657 5731 5660 5731 5658 5731 5652 5732 5655 5732 5661 5732 5662 5733 5652 5733 5661 5733 5663 5734 5664 5734 5665 5734 5659 5735 5658 5735 5666 5735 5662 5736 5661 5736 5667 5736 5668 5737 5662 5737 5667 5737 5669 5738 5663 5738 5670 5738 5663 5739 5665 5739 5670 5739 5657 5740 5668 5740 5660 5740 5668 5741 5667 5741 5660 5741 5669 5738 5670 5738 5671 5738 5672 5742 5669 5742 5673 5742 5674 5743 5672 5743 5673 5743 5669 5744 5671 5744 5673 5744 5675 5745 5674 5745 5676 5745 5674 5746 5673 5746 5676 5746 5675 5747 5676 5747 5677 5747 5678 5748 5675 5748 5679 5748 5680 5749 5678 5749 5679 5749 5675 5750 5677 5750 5679 5750 5680 5751 5679 5751 5681 5751 5682 5752 5683 5752 5684 5752 5683 5753 5685 5753 5684 5753 5686 5754 5682 5754 5687 5754 5688 5755 5686 5755 5687 5755 5682 5756 5684 5756 5687 5756 5688 5757 5687 5757 5689 5757 5688 4108 5689 4108 5690 4108 5691 4108 5688 4108 5690 4108 5691 5758 5690 5758 5692 5758 5693 5759 5691 5759 5692 5759 5694 5760 5693 5760 5692 5760 5694 5761 5692 5761 5695 5761 5696 5762 5697 5762 5698 5762 5699 5763 5696 5763 5698 5763 5699 5764 5698 5764 5700 5764 5701 5765 5699 5765 5700 5765 5702 5766 5701 5766 5700 5766 5702 5767 5700 5767 5703 5767 5702 5768 5703 5768 5647 5768 5646 5769 5702 5769 5647 5769 5704 5770 5705 5770 5706 5770 5707 5771 5704 5771 5706 5771 5707 5772 5706 5772 5708 5772 5709 5773 5707 5773 5708 5773 5710 5774 5711 5774 5712 5774 5710 5775 5712 5775 5713 5775 5714 5776 5715 5776 5716 5776 5717 5777 5714 5777 5716 5777 5715 5778 5718 5778 5716 5778 5710 5779 5713 5779 5719 5779 5720 5780 5710 5780 5719 5780 5721 5781 5722 5781 5723 5781 5717 5782 5716 5782 5724 5782 5720 5783 5719 5783 5725 5783 5726 5784 5720 5784 5725 5784 5727 5785 5721 5785 5728 5785 5721 5786 5723 5786 5728 5786 5715 5787 5726 5787 5718 5787 5726 5788 5725 5788 5718 5788 5727 5789 5728 5789 5729 5789 5730 5790 5727 5790 5731 5790 5732 5791 5730 5791 5731 5791 5727 5792 5729 5792 5731 5792 5733 5793 5732 5793 5734 5793 5732 5794 5731 5794 5734 5794 5733 5795 5734 5795 5735 5795 5736 5796 5733 5796 5737 5796 5738 5797 5736 5797 5737 5797 5733 5798 5735 5798 5737 5798 5738 5797 5737 5797 5739 5797 5740 5799 5741 5799 5742 5799 5741 5799 5743 5799 5742 5799 5744 5800 5740 5800 5745 5800 5746 5801 5744 5801 5745 5801 5740 5802 5742 5802 5745 5802 5746 5803 5745 5803 5747 5803 5746 4108 5747 4108 5748 4108 5749 4108 5746 4108 5748 4108 5749 5804 5748 5804 5750 5804 5751 5805 5749 5805 5750 5805 5752 5806 5751 5806 5750 5806 5752 5807 5750 5807 5753 5807 5754 5808 5755 5808 5756 5808 5757 5809 5754 5809 5756 5809 5757 5810 5756 5810 5758 5810 5759 5810 5757 5810 5758 5810 5760 5811 5759 5811 5758 5811 5760 5811 5758 5811 5761 5811 5760 5812 5761 5812 5705 5812 5704 5813 5760 5813 5705 5813 5762 5814 5763 5814 5764 5814 5765 5815 5762 5815 5764 5815 5765 5816 5764 5816 5766 5816 5767 5817 5765 5817 5766 5817 5768 5818 5769 5818 5770 5818 5768 5819 5770 5819 5771 5819 5772 5729 5773 5729 5774 5729 5775 5820 5772 5820 5774 5820 5773 5731 5776 5731 5774 5731 5768 5821 5771 5821 5777 5821 5778 5822 5768 5822 5777 5822 5779 5823 5780 5823 5781 5823 5775 5824 5774 5824 5782 5824 5778 5825 5777 5825 5783 5825 5784 5826 5778 5826 5783 5826 5785 5827 5779 5827 5786 5827 5779 5828 5781 5828 5786 5828 5773 5740 5784 5740 5776 5740 5784 5741 5783 5741 5776 5741 5785 5829 5786 5829 5787 5829 5788 5830 5785 5830 5789 5830 5790 5831 5788 5831 5789 5831 5785 5832 5787 5832 5789 5832 5791 5833 5790 5833 5792 5833 5790 5831 5789 5831 5792 5831 5791 5834 5792 5834 5793 5834 5794 5835 5791 5835 5795 5835 5796 5836 5794 5836 5795 5836 5791 5837 5793 5837 5795 5837 5796 5836 5795 5836 5797 5836 5798 5838 5799 5838 5800 5838 5799 5838 5801 5838 5800 5838 5802 5839 5798 5839 5803 5839 5804 5840 5802 5840 5803 5840 5798 5841 5800 5841 5803 5841 5804 5842 5803 5842 5805 5842 5804 4108 5805 4108 5806 4108 5807 4108 5804 4108 5806 4108 5807 5843 5806 5843 5808 5843 5809 5844 5807 5844 5808 5844 5810 5845 5809 5845 5808 5845 5810 5846 5808 5846 5811 5846 5812 5847 5813 5847 5814 5847 5815 5848 5812 5848 5814 5848 5815 5849 5814 5849 5816 5849 5817 5849 5815 5849 5816 5849 5818 5850 5817 5850 5816 5850 5818 5851 5816 5851 5819 5851 5818 5852 5819 5852 5763 5852 5762 5853 5818 5853 5763 5853 5820 5854 5821 5854 5822 5854 5823 5855 5824 5855 5822 5855 5824 5856 5820 5856 5822 5856 5825 5857 5826 5857 5827 5857 5826 3 5828 3 5827 3 5828 5858 5829 5858 5827 5858 5829 3 5830 3 5827 3 5823 3 5822 3 5831 3 5832 5859 5823 5859 5831 5859 5827 5860 5830 5860 5833 5860 5830 3 5834 3 5833 3 5835 3 5836 3 5837 3 5838 3 5832 3 5839 3 5832 3 5831 3 5839 3 5840 3 5835 3 5841 3 5833 5861 5834 5861 5842 5861 5835 5862 5837 5862 5841 5862 5834 5863 5843 5863 5842 5863 5844 3 5845 3 5846 3 5836 3 5847 3 5848 3 5845 3 5838 3 5846 3 5838 5864 5839 5864 5846 5864 5837 3 5836 3 5848 3 5844 5865 5846 5865 5849 5865 5843 3 5844 3 5849 3 5842 3 5843 3 5849 3 5825 3 5850 3 5826 3 5851 3 5840 3 5852 3 5840 5866 5841 5866 5852 5866 5847 5867 5853 5867 5854 5867 5848 3 5847 3 5854 3 5855 5868 5851 5868 5856 5868 5851 3 5852 3 5856 3 5853 3 5857 3 5858 3 5854 3 5853 3 5858 3 5859 5869 5860 5869 5861 5869 5860 5870 5855 5870 5861 5870 5855 3 5856 3 5861 3 5857 5871 5862 5871 5863 5871 5858 3 5857 3 5863 3 5864 3 5859 3 5865 3 5859 3 5861 3 5865 3 5863 3 5862 3 5866 3 5866 3 5862 3 5867 3 5864 5872 5865 5872 5868 5872 5866 5873 5867 5873 5869 5873 5864 5874 5868 5874 5826 5874 5826 5875 5868 5875 5828 5875 5869 5876 5867 5876 5821 5876 5820 5877 5869 5877 5821 5877 5870 5878 5871 5878 5872 5878 5871 3 5873 3 5872 3 5870 5879 5872 5879 5874 5879 5872 5880 5873 5880 5875 5880 5873 5881 5876 5881 5875 5881 5876 5882 5877 5882 5875 5882 5870 3 5874 3 5878 3 5877 3 5879 3 5880 3 5881 3 5882 3 5883 3 5875 3 5877 3 5880 3 5884 3 5885 3 5886 3 5870 5883 5878 5883 5886 5883 5885 3 5870 3 5886 3 5879 3 5887 3 5888 3 5883 5884 5882 5884 5889 5884 5887 5885 5890 5885 5888 5885 5880 3 5879 3 5888 3 5891 3 5892 3 5893 3 5884 3 5886 3 5894 3 5888 3 5890 3 5895 3 5893 5886 5892 5886 5896 5886 5884 5887 5894 5887 5897 5887 5892 3 5898 3 5896 3 5891 3 5893 3 5899 3 5895 3 5890 3 5900 3 5901 5888 5891 5888 5899 5888 5897 5889 5894 5889 5902 5889 5896 5890 5898 5890 5903 5890 5898 5891 5904 5891 5903 5891 5895 3 5900 3 5905 3 5901 3 5899 3 5906 3 5907 5892 5901 5892 5906 5892 5905 3 5900 3 5908 3 5903 5893 5904 5893 5909 5893 5904 3 5910 3 5909 3 5902 3 5911 3 5912 3 5897 3 5902 3 5912 3 5907 5894 5906 5894 5913 5894 5914 3 5907 3 5913 3 5908 3 5900 3 5915 3 5915 3 5900 3 5916 3 5909 5895 5910 5895 5917 5895 5912 5896 5911 5896 5918 5896 5910 3 5919 3 5917 3 5911 3 5920 3 5918 3 5914 5897 5913 5897 5921 5897 5922 5898 5914 5898 5921 5898 5916 5899 5900 5899 5923 5899 5924 3 5925 3 5926 3 5917 5900 5919 5900 5927 5900 5919 3 5928 3 5927 3 5923 3 5900 3 5929 3 5930 5901 5924 5901 5931 5901 5924 3 5926 3 5931 3 5918 3 5920 3 5932 3 5920 3 5933 3 5932 3 5926 5902 5925 5902 5934 5902 5925 3 5935 3 5934 3 5922 3 5921 3 5936 3 5937 3 5922 3 5936 3 5927 5903 5928 5903 5938 5903 5928 3 5939 3 5938 3 5932 3 5933 3 5940 3 5933 3 5941 3 5940 3 5941 3 5942 3 5940 3 5937 3 5936 3 5943 3 5944 3 5937 3 5943 3 5940 3 5942 3 5945 3 5942 3 5946 3 5945 3 5938 5904 5939 5904 5947 5904 5939 5905 5948 5905 5947 5905 5945 3 5946 3 5949 3 5946 3 5950 3 5949 3 5950 5906 5951 5906 5949 5906 5951 5907 5952 5907 5949 5907 5952 5908 5929 5908 5949 5908 5944 3 5943 3 5953 3 5954 3 5944 3 5953 3 5947 3 5948 3 5955 3 5900 3 5956 3 5957 3 5929 5909 5900 5909 5957 5909 5948 3 5958 3 5955 3 5949 5910 5929 5910 5957 5910 5954 3 5953 3 5959 3 5960 3 5954 3 5959 3 5955 3 5958 3 5961 3 5958 3 5962 3 5961 3 5963 5911 5930 5911 5964 5911 5930 5912 5931 5912 5964 5912 5883 3 5889 3 5965 3 5935 5913 5966 5913 5967 5913 5968 5914 5960 5914 5969 5914 5960 3 5959 3 5969 3 5934 5915 5935 5915 5967 5915 5961 3 5962 3 5970 3 5971 3 5963 3 5972 3 5962 3 5973 3 5970 3 5963 5916 5964 5916 5972 5916 5966 3 5974 3 5975 3 5967 3 5966 3 5975 3 5976 3 5977 3 5978 3 5977 5917 5971 5917 5978 5917 5971 3 5972 3 5978 3 5979 3 5968 3 5980 3 5968 3 5969 3 5980 3 5965 3 5889 3 5981 3 5970 5918 5973 5918 5982 5918 5974 3 5983 3 5984 3 5973 3 5985 3 5982 3 5975 3 5974 3 5984 3 5976 5919 5978 5919 5986 5919 5979 3 5980 3 5987 3 5988 3 5979 3 5987 3 5976 5920 5986 5920 5989 5920 5984 3 5983 3 5990 3 5989 5921 5986 5921 5991 5921 5985 5922 5992 5922 5993 5922 5990 3 5983 3 5994 3 5982 5923 5985 5923 5993 5923 5990 5924 5994 5924 5995 5924 5965 5925 5981 5925 5996 5925 5997 3 5988 3 5998 3 5988 3 5987 3 5998 3 5992 3 5999 3 6000 3 5993 5926 5992 5926 6000 5926 5991 3 6001 3 6002 3 5989 5927 5991 5927 6002 5927 6003 3 5997 3 6004 3 5996 3 5981 3 6005 3 5997 3 5998 3 6004 3 6000 3 5999 3 6006 3 5999 3 6007 3 6006 3 5995 5928 5994 5928 6008 5928 6009 5929 5995 5929 6008 5929 6009 3 6008 3 6010 3 6003 3 6004 3 6011 3 6012 3 6003 3 6011 3 6006 5930 6007 5930 6013 5930 6007 3 6014 3 6013 3 6001 3 6015 3 6016 3 6012 5931 6011 5931 6017 5931 6002 3 6001 3 6016 3 6018 3 6012 3 6017 3 6013 3 6014 3 6019 3 6014 3 6020 3 6019 3 6021 3 6010 3 6022 3 6018 3 6017 3 6023 3 6010 5932 6008 5932 6022 5932 6024 3 6018 3 6023 3 6019 5933 6020 5933 6025 5933 6020 3 6026 3 6025 3 5996 3 6005 3 6027 3 6024 3 6023 3 6028 3 6029 3 6024 3 6028 3 6015 3 6030 3 6031 3 6016 3 6015 3 6031 3 6025 3 6026 3 6032 3 6026 3 6033 3 6032 3 6027 5934 6005 5934 6034 5934 6029 3 6028 3 6035 3 6036 3 6021 3 6037 3 6038 5935 6029 5935 6035 5935 6021 3 6022 3 6037 3 6032 3 6033 3 6039 3 6030 3 6040 3 6041 3 6033 3 6042 3 6039 3 6031 5936 6030 5936 6041 5936 6043 3 6036 3 6044 3 6036 5937 6037 5937 6044 5937 6038 5938 6035 5938 6045 5938 6040 5939 6046 5939 6047 5939 6048 3 6038 3 6045 3 6041 3 6040 3 6047 3 6043 3 6044 3 6049 3 6050 3 6051 3 6049 3 6051 3 6043 3 6049 3 6039 3 6042 3 6052 3 6047 5940 6046 5940 6053 5940 6042 3 6054 3 6052 3 6046 3 6050 3 6053 3 6050 3 6049 3 6053 3 6048 3 6045 3 6055 3 6027 3 6034 3 6056 3 6056 3 6034 3 6057 3 6055 3 6045 3 6058 3 6052 3 6054 3 6059 3 6056 3 6057 3 6060 3 6054 3 6061 3 6059 3 6055 3 6058 3 6062 3 6060 3 6057 3 6063 3 6062 3 6058 3 6064 3 6060 3 6063 3 6065 3 6059 5941 6061 5941 6066 5941 6065 3 6063 3 6067 3 6061 3 6068 3 6066 3 6062 3 6064 3 6069 3 6065 5942 6067 5942 6070 5942 6069 5943 6064 5943 6071 5943 6070 3 6067 3 6072 3 6066 3 6068 3 6073 3 6068 3 6074 3 6073 3 6069 3 6071 3 6075 3 6070 3 6072 3 6076 3 6076 5944 6072 5944 6077 5944 6075 5945 6071 5945 6078 5945 6073 5946 6074 5946 6079 5946 6076 5947 6077 5947 6080 5947 6074 3 6081 3 6079 3 6075 3 6078 3 6082 3 6080 5948 6077 5948 6083 5948 6079 5949 6081 5949 6084 5949 6082 3 6078 3 6085 3 6080 5950 6083 5950 6086 5950 6079 3 6084 3 6087 3 6082 3 6085 3 6088 3 6086 5951 6083 5951 6089 5951 6086 3 6089 3 6090 3 6087 3 6084 3 6091 3 6088 3 6085 3 6092 3 6090 5952 6089 5952 6093 5952 6087 3 6091 3 6094 3 6090 3 6093 3 6095 3 6088 3 6092 3 6096 3 6094 5953 6091 5953 6097 5953 6095 5954 6093 5954 6098 5954 6096 3 6092 3 6099 3 6094 5955 6097 5955 6100 5955 6096 3 6099 3 6101 3 6095 3 6098 3 6102 3 6100 5956 6097 5956 6103 5956 6101 3 6099 3 6104 3 6102 5957 6098 5957 6105 5957 6102 5958 6105 5958 6106 5958 6100 3 6103 3 6107 3 6101 5959 6104 5959 6108 5959 6107 3 6103 3 6109 3 6106 5960 6105 5960 6110 5960 6108 3 6104 3 6111 3 6106 3 6110 3 6112 3 6107 3 6109 3 6113 3 6112 5961 6110 5961 6114 5961 6108 5962 6111 5962 6115 5962 6113 3 6109 3 6116 3 6115 5963 6111 5963 6117 5963 6114 5964 6118 5964 6119 5964 6112 3 6114 3 6119 3 6113 3 6116 3 6120 3 6115 3 6117 3 6121 3 6120 3 6116 3 6122 3 6118 3 6123 3 6124 3 6119 3 6118 3 6124 3 6121 5965 6117 5965 6125 5965 6120 5966 6122 5966 6126 5966 6123 3 6127 3 6128 3 6124 3 6123 3 6128 3 6121 3 6125 3 6129 3 6126 5967 6122 5967 6130 5967 6129 5968 6125 5968 6131 5968 6127 5969 6132 5969 6133 5969 6128 3 6127 3 6133 3 6126 3 6130 3 6134 3 6129 5970 6131 5970 6135 5970 6132 3 6136 3 6137 3 6134 5971 6130 5971 6138 5971 6133 3 6132 3 6137 3 6135 5972 6131 5972 6139 5972 6136 3 6140 3 6141 3 6134 3 6138 3 6142 3 6137 3 6136 3 6141 3 6135 5973 6139 5973 6143 5973 6142 3 6138 3 6144 3 6143 3 6139 3 6145 3 6142 3 6144 3 6146 3 6143 3 6145 3 6147 3 6146 3 6144 3 6148 3 6147 3 6145 3 6149 3 6146 3 6148 3 6150 3 6147 3 6149 3 6151 3 6150 5974 6148 5974 6152 5974 6151 3 6149 3 6153 3 6150 3 6152 3 6154 3 6151 3 6153 3 6155 3 6154 5975 6152 5975 6156 5975 6155 5976 6153 5976 6157 5976 6154 3 6156 3 6158 3 6155 5977 6157 5977 6159 5977 6158 5978 6156 5978 6160 5978 6159 3 6157 3 6161 3 6158 3 6160 3 6162 3 6159 3 6161 3 5881 3 6162 3 6160 3 5930 3 6141 3 6140 3 6163 3 5881 5979 6161 5979 5882 5979 6140 3 5870 3 6164 3 6163 3 6140 3 6164 3 6162 5980 5930 5980 5963 5980 6164 3 5870 3 6165 3 6165 3 5870 3 5885 3 6166 3963 6167 3963 6168 3963 6166 3963 6169 3963 6167 3963 4486 3270 6168 3270 4484 3270 4486 3270 6166 3270 6168 3270 6170 4477 6171 4477 6172 4477 6171 4477 6173 4477 6174 4477 6172 5981 6171 5981 6174 5981 6175 4477 6170 4477 6176 4477 6170 4477 6172 4477 6176 4477 6173 4477 6177 4477 6178 4477 6174 4477 6173 4477 6178 4477 6179 4477 6175 4477 6180 4477 6175 5982 6176 5982 6180 5982 6181 4477 6182 4477 6183 4477 6182 4477 6179 4477 6183 4477 6179 5983 6180 5983 6183 5983 6177 4477 6184 4477 6185 4477 6184 4477 6186 4477 6185 4477 6178 4477 6177 4477 6185 4477 6187 4477 6181 4477 6188 4477 6181 4477 6183 4477 6188 4477 6186 4477 6189 4477 6190 4477 6185 5984 6186 5984 6190 5984 6191 4477 6187 4477 6192 4477 6187 5985 6188 5985 6192 5985 6189 4477 6193 4477 6194 4477 6190 4477 6189 4477 6194 4477 6191 5986 6192 5986 6195 5986 6196 4477 6191 4477 6195 4477 6193 4477 6197 4477 6198 4477 6194 4477 6193 4477 6198 4477 6196 5987 6195 5987 6199 5987 6200 5988 6196 5988 6199 5988 6197 4477 6201 4477 6202 4477 6198 4477 6197 4477 6202 4477 6200 4477 6199 4477 6203 4477 6204 4477 6205 4477 6203 4477 6205 4477 6200 4477 6203 4477 6202 5989 6201 5989 6206 5989 6201 5990 6207 5990 6206 5990 6207 5991 6208 5991 6206 5991 6209 5992 6204 5992 6210 5992 6204 5993 6203 5993 6210 5993 6206 5994 6208 5994 6211 5994 6208 4477 6212 4477 6211 4477 6213 4477 6209 4477 6214 4477 6209 5995 6210 5995 6214 5995 6211 4477 6212 4477 6215 4477 6212 4477 6216 4477 6215 4477 6213 4477 6214 4477 6217 4477 6218 5996 6213 5996 6217 5996 6215 4477 6216 4477 6219 4477 6216 4477 6220 4477 6219 4477 6218 5997 6217 5997 6221 5997 6222 4477 6218 4477 6221 4477 6219 4477 6220 4477 6223 4477 6220 5998 6224 5998 6223 5998 6225 4477 6226 4477 6227 4477 6226 5999 6222 5999 6227 5999 6222 4477 6221 4477 6227 4477 6224 4477 6228 4477 6229 4477 6228 4477 6230 4477 6229 4477 6223 6000 6224 6000 6229 6000 6225 6001 6227 6001 6231 6001 6229 4477 6230 4477 6232 4477 6232 4477 6230 4477 6233 4477 6225 4477 6231 4477 6234 4477 6234 6002 6231 6002 6235 6002 6232 4477 6233 4477 6236 4477 6234 4477 6235 4477 6237 4477 6236 4477 6233 4477 6238 4477 6237 4477 6235 4477 6239 4477 6236 4477 6238 4477 6240 4477 6240 6003 6238 6003 6241 6003 6237 4477 6239 4477 6242 4477 6242 6004 6239 6004 6243 6004 6240 4477 6241 4477 6244 4477 6244 6005 6241 6005 6245 6005 6242 6006 6243 6006 6246 6006 6246 6007 6243 6007 6247 6007 6244 4477 6245 4477 6248 4477 6247 6008 6249 6008 6250 6008 6246 6009 6247 6009 6250 6009 6248 6010 6245 6010 6251 6010 6252 4477 6248 4477 6251 4477 6250 4477 6249 4477 6253 4477 6252 6011 6251 6011 6254 6011 6252 6012 6254 6012 6255 6012 6256 4477 6252 4477 6255 4477 6253 4477 6249 4477 6257 4477 6249 5984 6258 5984 6257 5984 6259 6013 6256 6013 6260 6013 6256 4477 6255 4477 6260 4477 6257 4477 6258 4477 6261 4477 6258 4477 6262 4477 6261 4477 6263 6014 6259 6014 6264 6014 6259 4477 6260 4477 6264 4477 6261 6015 6262 6015 6265 6015 6262 4477 6266 4477 6265 4477 6267 6016 6263 6016 6268 6016 6263 4477 6264 4477 6268 4477 6265 4477 6266 4477 6269 4477 6266 4477 6270 4477 6269 4477 6271 6017 6267 6017 6272 6017 6267 6018 6268 6018 6272 6018 6269 4477 6270 4477 6273 4477 6270 6019 6274 6019 6273 6019 6271 4477 6272 4477 6275 4477 6273 6020 6274 6020 6276 6020 6277 6021 6271 6021 6278 6021 6271 4477 6275 4477 6278 4477 6274 6022 6279 6022 6280 6022 6276 6023 6274 6023 6280 6023 6281 4477 6277 4477 6282 4477 6277 6024 6278 6024 6282 6024 6279 4477 6283 4477 6284 4477 6280 4477 6279 4477 6284 4477 6285 4477 6281 4477 6286 4477 6281 4477 6282 4477 6286 4477 6283 4477 6287 4477 6288 4477 6284 4477 6283 4477 6288 4477 6289 6025 6285 6025 6290 6025 6285 6026 6286 6026 6290 6026 6287 4477 6291 4477 6292 4477 6288 4477 6287 4477 6292 4477 6293 4477 6289 4477 6294 4477 6289 4477 6290 4477 6294 4477 6291 6027 6295 6027 6296 6027 6292 6028 6291 6028 6296 6028 6293 6029 6294 6029 6297 6029 6296 4477 6295 4477 6298 4477 6299 4477 6293 4477 6300 4477 6293 6011 6297 6011 6300 6011 6298 4477 6295 4477 6301 4477 6295 6030 6302 6030 6301 6030 6303 4477 6299 4477 6304 4477 6299 6031 6300 6031 6304 6031 6301 6032 6302 6032 6305 6032 6302 6033 6306 6033 6305 6033 6303 4477 6304 4477 6307 4477 6308 4477 6303 4477 6307 4477 6305 6034 6306 6034 6309 6034 6308 6035 6307 6035 6309 6035 6306 4477 6308 4477 6309 4477 6310 4477 6311 4477 6312 4477 6312 6036 6311 6036 6313 6036 6314 6037 6315 6037 6316 6037 6312 4477 6313 4477 6317 4477 6317 6038 6313 6038 6318 6038 6317 4477 6318 4477 6319 4477 6315 6039 6320 6039 6321 6039 6316 4477 6315 4477 6321 4477 6320 6040 6322 6040 6323 6040 6321 4477 6320 4477 6323 4477 6318 4477 6324 4477 6325 4477 6319 6041 6318 6041 6325 6041 6326 4477 6319 4477 6325 4477 6327 6042 6326 6042 6325 6042 6323 6043 6322 6043 6328 6043 6324 4477 6329 4477 6330 4477 6329 4477 6331 4477 6330 4477 6325 6044 6324 6044 6330 6044 6331 4477 6332 4477 6333 4477 6330 6045 6331 6045 6334 6045 6331 6046 6333 6046 6334 6046 6332 6047 6335 6047 6336 6047 6333 6048 6332 6048 6336 6048 6322 4477 6337 4477 6338 4477 6337 4477 6339 4477 6338 4477 6330 4477 6334 4477 6340 4477 6341 4477 6328 4477 6338 4477 6342 6049 6341 6049 6338 6049 6336 6050 6335 6050 6343 6050 6328 4477 6322 4477 6338 4477 6330 6051 6340 6051 6344 6051 6345 6052 6346 6052 6347 6052 6346 4477 6348 4477 6347 4477 6343 6053 6335 6053 6349 6053 6346 4477 6350 4477 6351 4477 6348 4477 6346 4477 6351 4477 6352 4477 6345 4477 6353 4477 6345 6054 6347 6054 6353 6054 6351 4477 6350 4477 6354 4477 6354 6055 6350 6055 6355 6055 6339 4477 6352 4477 6356 4477 6338 6056 6339 6056 6356 6056 6356 6057 6352 6057 6357 6057 6352 4477 6353 4477 6357 4477 6354 6058 6355 6058 6358 6058 6356 4477 6357 4477 6359 4477 6358 4477 6355 4477 6360 4477 6360 6059 6355 6059 6361 6059 6356 6060 6359 6060 6362 6060 6360 4477 6361 4477 6363 4477 6363 6061 6361 6061 6311 6061 6363 4477 6311 4477 6310 4477 6364 3202 6365 3202 6366 3202 6366 6062 6365 6062 6367 6062 6367 3202 6365 3202 6368 3202 6368 3202 6365 3202 6369 3202 6369 3202 6365 3202 6370 3202 6370 6063 6365 6063 6371 6063 6372 3202 6373 3202 6374 3202 6374 6064 6373 6064 6375 6064 6374 6065 6375 6065 6376 6065 6374 3202 6376 3202 6377 3202 6374 6066 6377 6066 6378 6066 6378 6067 6379 6067 6374 6067 6380 3270 6381 3270 6382 3270 6381 3270 6383 3270 6384 3270 6383 3270 6385 3270 6384 3270 6385 3270 6386 3270 6384 3270 6386 3270 6387 3270 6384 3270 6382 3270 6381 3270 6384 3270 5054 6068 6388 6068 6389 6068 5052 6069 6389 6069 6390 6069 5052 6070 5054 6070 6389 6070 5099 6071 6391 6071 6392 6071 5050 6072 6390 6072 6393 6072 5050 6073 5052 6073 6390 6073 5091 6074 6392 6074 6394 6074 5091 6075 5099 6075 6392 6075 5047 6076 6393 6076 6395 6076 5047 6077 5050 6077 6393 6077 5089 6078 6394 6078 6396 6078 5089 6079 5091 6079 6394 6079 5045 6080 6395 6080 6397 6080 5045 6081 5047 6081 6395 6081 5087 6082 6396 6082 6398 6082 5087 6083 5089 6083 6396 6083 5043 6084 6397 6084 6399 6084 5043 6085 5045 6085 6397 6085 5039 6086 6399 6086 6400 6086 5039 6087 5043 6087 6399 6087 5085 6088 6398 6088 6401 6088 5085 6089 5087 6089 6398 6089 5040 6090 5039 6090 6400 6090 5083 6091 6401 6091 6402 6091 5083 6092 5085 6092 6401 6092 5081 6093 6402 6093 6403 6093 5081 6094 5083 6094 6402 6094 5079 6095 6403 6095 6404 6095 5079 6096 5081 6096 6403 6096 5077 6097 6404 6097 6405 6097 5077 6098 5079 6098 6404 6098 5075 6099 6405 6099 6406 6099 5075 6100 5077 6100 6405 6100 5073 6101 6406 6101 6407 6101 5073 6102 5075 6102 6406 6102 5071 6103 6407 6103 6408 6103 5071 6104 5073 6104 6407 6104 5069 6105 5071 6105 6408 6105 5069 6106 6408 6106 6409 6106 5066 6107 5069 6107 6409 6107 5066 6108 6409 6108 6410 6108 5064 6108 5066 6108 6410 6108 5064 6109 6410 6109 6411 6109 5061 6110 5064 6110 6411 6110 5061 6111 6411 6111 6412 6111 5060 6112 5061 6112 6412 6112 5060 6113 6412 6113 6413 6113 5058 6114 5060 6114 6413 6114 5058 6115 6413 6115 6414 6115 5056 6116 5058 6116 6414 6116 5056 6117 6414 6117 6388 6117 5054 6118 5056 6118 6388 6118 6415 6119 6416 6119 6417 6119 6418 6120 6415 6120 6417 6120 6416 6121 6419 6121 6420 6121 6417 4477 6416 4477 6420 4477 6420 6122 6419 6122 6421 6122 6419 6123 6422 6123 6421 6123 6421 6124 6422 6124 6423 6124 6422 4477 6424 4477 6423 4477 6423 4477 6424 4477 6425 4477 6426 6125 6427 6125 6425 6125 6428 4477 6426 4477 6425 4477 6424 4477 6428 4477 6425 4477 6425 6126 6427 6126 6429 6126 6430 6127 6431 6127 6429 6127 6431 4477 6432 4477 6429 4477 6433 6128 6430 6128 6429 6128 6434 4477 6433 4477 6429 4477 6435 4477 6434 4477 6429 4477 6436 4477 6437 4477 6438 4477 6439 6129 6435 6129 6429 6129 6440 6130 6439 6130 6429 6130 6427 6131 6440 6131 6429 6131 6441 4477 6425 4477 6429 4477 6442 4477 6441 4477 6429 4477 6437 6132 6436 6132 6443 6132 6444 6133 6442 6133 6429 6133 6444 4477 6429 4477 6445 4477 6445 4477 6429 4477 6446 4477 6438 6134 6437 6134 6447 6134 6446 4477 6429 4477 6448 4477 6447 6135 6437 6135 6449 6135 6448 4477 6429 4477 6450 4477 6451 4477 6437 4477 6452 4477 6437 6136 6443 6136 6452 6136 6450 4477 6429 4477 6453 4477 6451 6137 6452 6137 6454 6137 6437 6138 6455 6138 6456 6138 6449 6139 6437 6139 6456 6139 6455 4477 6457 4477 6458 4477 6456 4477 6455 4477 6458 4477 6451 6140 6454 6140 6459 6140 6457 4477 6460 4477 6461 4477 6460 6141 6462 6141 6461 6141 6458 4477 6457 4477 6461 4477 6451 6142 6459 6142 6463 6142 6462 4477 6464 4477 6465 4477 6461 4477 6462 4477 6465 4477 6451 6143 6463 6143 6466 6143 6451 6144 6466 6144 6467 6144 6468 6145 6451 6145 6467 6145 6464 6146 6469 6146 6470 6146 6465 4477 6464 4477 6470 4477 6469 4477 6471 4477 6472 4477 6471 6147 6473 6147 6472 6147 6470 4477 6469 4477 6472 4477 6468 6148 6467 6148 6474 6148 6468 6149 6474 6149 6475 6149 6473 4477 6476 4477 6477 4477 6472 4477 6473 4477 6477 4477 6468 6150 6475 6150 6478 6150 6477 6151 6476 6151 6479 6151 6476 4477 6480 4477 6479 4477 6479 4477 6480 4477 6481 4477 6480 4477 6482 4477 6481 4477 6482 6152 6483 6152 6481 6152 6468 6153 6478 6153 6484 6153 6485 4477 6486 4477 6487 4477 6481 4477 6483 4477 6488 4477 6483 4477 6489 4477 6488 4477 6468 4477 6484 4477 6490 4477 6485 6154 6487 6154 6491 6154 6468 6155 6490 6155 6492 6155 6488 4477 6489 4477 6493 4477 6489 4477 6494 4477 6493 4477 6491 4477 6495 4477 6496 4477 6493 6156 6494 6156 6496 6156 6494 4477 6485 4477 6496 4477 6485 6157 6491 6157 6496 6157 6468 6158 6492 6158 6497 6158 6496 4477 6495 4477 6498 4477 6468 6159 6497 6159 6499 6159 6495 4477 6500 4477 6501 4477 6498 4477 6495 4477 6501 4477 6468 6160 6499 6160 6502 6160 6500 4477 6503 4477 6504 4477 6501 6161 6500 6161 6504 6161 6503 4477 6505 4477 6506 4477 6504 4477 6503 4477 6506 4477 6505 4477 6507 4477 6508 4477 6506 4477 6505 4477 6508 4477 6507 4477 6509 4477 6510 4477 6508 4477 6507 4477 6510 4477 6509 4477 6511 4477 6512 4477 6510 4477 6509 4477 6512 4477 6513 4477 6514 4477 6432 4477 6515 4477 6513 4477 6432 4477 6516 4477 6515 4477 6432 4477 6517 4477 6516 4477 6432 4477 6518 4477 6517 4477 6432 4477 6519 6162 6518 6162 6432 6162 6511 4477 6519 4477 6432 4477 6512 6163 6511 6163 6432 6163 6512 6164 6432 6164 6520 6164 6520 6165 6432 6165 6521 6165 6521 4477 6432 4477 6522 4477 6522 4477 6432 4477 6523 4477 6468 4477 6502 4477 6524 4477 6525 4477 6526 4477 6524 4477 6527 6166 6525 6166 6524 6166 6528 6167 6527 6167 6524 6167 6529 6168 6528 6168 6524 6168 6530 4477 6529 4477 6524 4477 6502 6169 6530 6169 6524 6169 6523 4477 6432 4477 6531 4477 6526 6170 6532 6170 6533 6170 6524 6171 6526 6171 6533 6171 6531 4477 6432 4477 6534 4477 6534 4477 6432 4477 6431 4477 6533 4477 6532 4477 6535 4477 6532 4477 6536 4477 6535 4477 6535 4477 6536 4477 6537 4477 6537 4477 6536 4477 6538 4477 6536 4477 6539 4477 6538 4477 6538 4477 6539 4477 6540 4477 6539 4477 6541 4477 6540 4477 6541 4477 6542 4477 6543 4477 6540 4477 6541 4477 6543 4477 6543 4477 6542 4477 6544 4477 6542 4477 6545 4477 6546 4477 6544 4477 6542 4477 6546 4477 6546 6172 6545 6172 6547 6172 6545 6173 6548 6173 6547 6173 6548 4477 6549 4477 6550 4477 6547 6174 6548 6174 6550 6174 6550 4477 6549 4477 6551 4477 6549 6175 6552 6175 6553 6175 6551 4477 6549 4477 6553 4477 6552 6176 6554 6176 6555 6176 6553 6177 6552 6177 6555 6177 6554 4477 6415 4477 6556 4477 6555 4477 6554 4477 6556 4477 6556 4477 6415 4477 6418 4477 6557 6178 6558 6178 6559 6178 6560 6179 6557 6179 6559 6179 6560 6180 6559 6180 6561 6180 6562 6181 6560 6181 6561 6181 6562 6182 6561 6182 6563 6182 6564 6183 6562 6183 6563 6183 6564 6184 6563 6184 6565 6184 6566 6185 6564 6185 6565 6185 6566 6186 6565 6186 6567 6186 6568 6187 6566 6187 6567 6187 6568 6188 6567 6188 6569 6188 6570 6189 6568 6189 6569 6189 6571 6190 6570 6190 6569 6190 6572 6191 6573 6191 6574 6191 6571 6192 6569 6192 6575 6192 6572 6193 6574 6193 6576 6193 6577 6194 6572 6194 6578 6194 6579 6195 6577 6195 6578 6195 6572 6194 6576 6194 6578 6194 6579 6196 6578 6196 6580 6196 6581 6197 6579 6197 6582 6197 6579 6198 6580 6198 6582 6198 6581 6199 6582 6199 6583 6199 6584 6200 6581 6200 6583 6200 6584 6201 6583 6201 6585 6201 6586 6202 6584 6202 6585 6202 6586 6203 6585 6203 6587 6203 6588 6204 6586 6204 6587 6204 6588 6205 6587 6205 6589 6205 6590 6206 6588 6206 6589 6206 6590 6207 6589 6207 6591 6207 6592 6208 6590 6208 6591 6208 6593 6209 6592 6209 6591 6209 6593 6210 6591 6210 6594 6210 6593 6211 6594 6211 6595 6211 6596 6212 6593 6212 6595 6212 6596 6213 6595 6213 6597 6213 6598 6214 6596 6214 6597 6214 6598 6215 6597 6215 6599 6215 6600 6216 6598 6216 6599 6216 6601 6217 6600 6217 6599 6217 6601 6218 6599 6218 6602 6218 6601 6219 6602 6219 6603 6219 6604 6220 6601 6220 6603 6220 6605 6221 6606 6221 6607 6221 6604 6222 6603 6222 6607 6222 6606 6223 6604 6223 6607 6223 6605 6224 6607 6224 6608 6224 6609 6225 6605 6225 6610 6225 6605 6225 6608 6225 6610 6225 6611 6226 6609 6226 6612 6226 6609 6227 6610 6227 6612 6227 6613 6228 6611 6228 6614 6228 6611 6229 6612 6229 6614 6229 6615 6230 6616 6230 6617 6230 6618 6231 6615 6231 6617 6231 6616 6232 6619 6232 6617 6232 6620 6233 6618 6233 6621 6233 6618 6234 6617 6234 6621 6234 6620 6233 6621 6233 6622 6233 6623 6235 6620 6235 6624 6235 6620 6236 6622 6236 6624 6236 6625 6237 6623 6237 6626 6237 6627 6238 6625 6238 6626 6238 6623 6239 6624 6239 6626 6239 6627 6240 6626 6240 6628 6240 6629 6241 6627 6241 6630 6241 6627 6242 6628 6242 6630 6242 6631 6243 6629 6243 6632 6243 6633 6244 6631 6244 6632 6244 6629 6243 6630 6243 6632 6243 6633 6245 6632 6245 6634 6245 6633 6246 6634 6246 6635 6246 6636 6247 6633 6247 6635 6247 6636 6248 6635 6248 6637 6248 6638 6249 6636 6249 6637 6249 6638 6250 6637 6250 6639 6250 6640 6251 6638 6251 6639 6251 6640 6252 6639 6252 6641 6252 6642 6253 6640 6253 6641 6253 6643 6254 6642 6254 6641 6254 6643 6255 6641 6255 6644 6255 6643 6256 6644 6256 6645 6256 6646 6257 6643 6257 6645 6257 6647 6258 6646 6258 6648 6258 6646 6259 6645 6259 6648 6259 6649 6260 6647 6260 6650 6260 6651 6261 6649 6261 6650 6261 6647 6262 6648 6262 6650 6262 6651 6261 6650 6261 6652 6261 6653 6263 6654 6263 6655 6263 6654 6264 6656 6264 6655 6264 6657 6265 6653 6265 6658 6265 6659 6266 6657 6266 6658 6266 6653 6267 6655 6267 6658 6267 6659 6268 6658 6268 6660 6268 6661 6269 6659 6269 6662 6269 6659 6270 6660 6270 6662 6270 6663 6271 6661 6271 6664 6271 6665 6272 6663 6272 6664 6272 6661 6273 6662 6273 6664 6273 6665 6274 6664 6274 6666 6274 6667 6275 6665 6275 6668 6275 6665 6275 6666 6275 6668 6275 6669 6276 6667 6276 6670 6276 6667 6277 6668 6277 6670 6277 6671 6278 6669 6278 6672 6278 6669 6279 6670 6279 6672 6279 6673 6280 6671 6280 6674 6280 6671 6281 6672 6281 6674 6281 6675 6282 6673 6282 6676 6282 6673 6283 6674 6283 6676 6283 6677 6284 6675 6284 6678 6284 6675 6284 6676 6284 6678 6284 6679 6285 6677 6285 6680 6285 6677 6286 6678 6286 6680 6286 6681 6287 6679 6287 6682 6287 6683 6288 6681 6288 6682 6288 6679 6289 6680 6289 6682 6289 6683 6290 6682 6290 6684 6290 6683 6291 6684 6291 6685 6291 6686 6292 6683 6292 6685 6292 6686 6293 6685 6293 6687 6293 6688 6294 6686 6294 6687 6294 6688 6295 6687 6295 6689 6295 6690 6296 6688 6296 6689 6296 6691 6297 6692 6297 6693 6297 6691 6298 6693 6298 6694 6298 6691 6299 6694 6299 6695 6299 6696 6300 6691 6300 6695 6300 6697 6301 6696 6301 6695 6301 6697 6302 6695 6302 6698 6302 6697 6303 6698 6303 6699 6303 6700 6304 6697 6304 6699 6304 6700 6305 6699 6305 6701 6305 6702 6306 6700 6306 6701 6306 6703 6307 6702 6307 6701 6307 6703 6308 6701 6308 6704 6308 6703 6309 6704 6309 6705 6309 6706 6310 6703 6310 6705 6310 6706 6311 6705 6311 6707 6311 6708 6312 6706 6312 6707 6312 6708 6313 6707 6313 6709 6313 6710 6314 6708 6314 6709 6314 6711 6315 6710 6315 6709 6315 6711 6316 6709 6316 6712 6316 6713 6317 6711 6317 6714 6317 6711 6318 6712 6318 6714 6318 6715 6319 6713 6319 6716 6319 6713 6320 6714 6320 6716 6320 6557 6321 6715 6321 6558 6321 6715 6322 6716 6322 6558 6322 6717 3270 6718 3270 6719 3270 6717 6323 6719 6323 6720 6323 6383 3270 6717 3270 6721 3270 6717 6324 6720 6324 6721 6324 6721 6325 6722 6325 6723 6325 6383 6326 6721 6326 6723 6326 6383 6327 6723 6327 6724 6327 6724 6328 6725 6328 6726 6328 6383 6329 6724 6329 6726 6329 6727 6330 6728 6330 6729 6330 6726 6331 6727 6331 6730 6331 6727 6332 6729 6332 6730 6332 6730 6333 6731 6333 6732 6333 6732 6334 6733 6334 6734 6334 6730 3270 6732 3270 6734 3270 6734 6335 6735 6335 6736 6335 6735 3270 6737 3270 6736 3270 6737 3270 6738 3270 6736 3270 6738 6336 6739 6336 6736 6336 6383 3270 6726 3270 6736 3270 6726 6337 6730 6337 6736 6337 6730 3270 6734 3270 6736 3270 6383 3270 6736 3270 6740 3270 6740 6338 6741 6338 6385 6338 6383 3270 6740 3270 6385 3270</p>
        </triangles>
      </mesh>
    </geometry>
  </library_geometries>
  <library_visual_scenes>
    <visual_scene id="Scene" name="Scene">
      <node id="node" name="node" type="NODE">
        <matrix sid="transform">0.1 0 0 0 0 7.54979e-9 -0.1 0 0 0.1 7.54979e-9 0 0 0 0 1</matrix>
        <instance_geometry url="#shape0_013-mesh" name="node">
          <bind_material>
            <technique_common>
              <instance_material symbol="R3MPerception-Metallic-material" target="#R3MPerception-Metallic-material"/>
            </technique_common>
          </bind_material>
        </instance_geometry>
      </node>
    </visual_scene>
  </library_visual_scenes>
  <scene>
    <instance_visual_scene url="#Scene"/>
  </scene>
</COLLADA>