ply
format ascii 1.0
comment Created by Blender 3.6.5 - www.blender.org
element vertex 6742
property float x
property float y
property float z
property float nx
property float ny
property float nz
property float s
property float t
element face 8008
property list uchar uint vertex_indices
end_header
0.389276 -0.350000 -0.463416 0.018423 -0.999587 -0.022062 0.897750 0.916351
0.397960 -0.350000 -0.455459 0.020241 -0.999590 -0.020263 0.895219 0.919347
0.388883 -0.350000 -0.450349 -0.481475 -0.717347 0.503582 0.893397 0.916395
0.396634 -0.350000 -0.442242 -0.524680 -0.717345 0.458396 0.890803 0.919082
0.405916 -0.350000 -0.446776 0.021894 -0.999592 -0.018354 0.892436 0.922110
0.380436 -0.350000 -0.457729 -0.434397 -0.717345 0.544716 0.895739 0.913485
0.379933 -0.350000 -0.470586 0.016549 -0.999588 -0.023450 0.900011 0.913146
0.403627 -0.350000 -0.433473 -0.563656 -0.717346 0.409521 0.887979 0.921527
0.413086 -0.350000 -0.437433 0.023517 -0.999589 -0.016425 0.889423 0.924621
0.370000 -0.350000 -0.476913 0.014275 -0.999592 -0.024742 0.901983 0.909756
0.371362 -0.350000 -0.464322 -0.383817 -0.717348 0.581461 0.897812 0.910378
0.419413 -0.350000 -0.427500 0.024809 -0.999589 -0.014357 0.886203 0.926859
0.409806 -0.350000 -0.424112 -0.598095 -0.717346 0.357346 0.884947 0.923708
0.359554 -0.350000 -0.482352 0.012086 -0.999588 -0.026023 0.903653 0.906207
0.361734 -0.350000 -0.470074 -0.330152 -0.717344 0.613528 0.899597 0.907097
0.424852 -0.350000 -0.417053 0.025885 -0.999592 -0.012069 0.882800 0.928809
0.415121 -0.350000 -0.414236 -0.627720 -0.717346 0.302295 0.881732 0.925609
0.348673 -0.350000 -0.486858 0.009875 -0.999588 -0.026937 0.905007 0.902526
0.351628 -0.350000 -0.474941 -0.273829 -0.717347 0.640649 0.901081 0.903669
0.419529 -0.350000 -0.403922 -0.652290 -0.717346 0.244810 0.878359 0.927214
0.429359 -0.350000 -0.406173 0.026987 -0.999588 -0.009743 0.879240 0.930454
0.337441 -0.350000 -0.490400 0.007395 -0.999592 -0.027587 0.906035 0.898742
0.341127 -0.350000 -0.478882 -0.215297 -0.717346 0.662618 0.902252 0.900123
0.432900 -0.350000 -0.394941 0.027711 -0.999588 -0.007475 0.875550 0.931783
0.422995 -0.350000 -0.393255 -0.671609 -0.717346 0.185351 0.874856 0.928510
0.325943 -0.350000 -0.492949 0.004951 -0.999589 -0.028228 0.906729 0.894882
0.330315 -0.350000 -0.481866 -0.155033 -0.717346 0.679249 0.903100 0.896485
0.435449 -0.350000 -0.383442 0.028131 -0.999592 -0.004971 0.871758 0.932785
0.425491 -0.350000 -0.382320 -0.685521 -0.717346 0.124401 0.871251 0.929487
0.319279 -0.350000 -0.483869 -0.093521 -0.717346 0.690412 0.903618 0.892786
0.314266 -0.350000 -0.494486 0.002448 -0.999586 -0.028665 0.907084 0.890976
0.436986 -0.350000 -0.371766 0.028605 -0.999588 -0.002389 0.867893 0.933453
0.426997 -0.350000 -0.371205 -0.693913 -0.717345 0.062452 0.867573 0.930136
0.308108 -0.350000 -0.484874 -0.031257 -0.717346 0.696016 0.903803 0.889056
0.302500 -0.350000 -0.495000 0.000116 -0.999588 -0.028698 0.907097 0.887054
0.427500 -0.350000 -0.360000 -0.696717 -0.717346 -0.000000 0.863851 0.930454
0.437500 -0.350000 -0.360000 0.028772 -0.999586 -0.000056 0.863985 0.933781
0.436986 -0.350000 -0.348234 0.028575 -0.999589 0.002483 0.860063 0.933768
0.290734 -0.350000 -0.494486 -0.002510 -0.999590 -0.028528 0.906769 0.883146
0.296892 -0.350000 -0.484874 0.031257 -0.717346 0.696016 0.903653 0.885323
0.426997 -0.350000 -0.348795 -0.693913 -0.717345 -0.062452 0.860116 0.930436
0.435449 -0.350000 -0.336558 0.028135 -0.999592 0.004954 0.856157 0.933413
0.285721 -0.350000 -0.483869 0.093521 -0.717346 0.690412 0.903169 0.881620
0.279058 -0.350000 -0.492949 -0.005051 -0.999587 -0.028284 0.906101 0.879281
0.425491 -0.350000 -0.337680 -0.685521 -0.717346 -0.124401 0.856398 0.930084
0.432900 -0.350000 -0.325059 0.027594 -0.999592 0.007401 0.852297 0.932719
0.274685 -0.350000 -0.481866 0.155033 -0.717346 0.679250 0.902355 0.877975
0.267559 -0.350000 -0.490400 -0.007332 -0.999588 -0.027747 0.905099 0.875489
0.422995 -0.350000 -0.326745 -0.671609 -0.717346 -0.185351 0.852726 0.929400
0.429359 -0.350000 -0.313827 0.026963 -0.999587 0.009911 0.848513 0.931690
0.263873 -0.350000 -0.478882 0.215297 -0.717346 0.662617 0.901217 0.874417
0.256327 -0.350000 -0.486858 -0.009775 -0.999592 -0.026838 0.903770 0.871799
0.419529 -0.350000 -0.316078 -0.652290 -0.717346 -0.244810 0.849130 0.928390
0.253372 -0.350000 -0.474941 0.273829 -0.717346 0.640650 0.899765 0.870976
0.424852 -0.350000 -0.302947 0.026092 -0.999586 0.012108 0.844832 0.930337
0.245447 -0.350000 -0.482352 -0.012159 -0.999589 -0.025981 0.902125 0.868239
0.415121 -0.350000 -0.305765 -0.627720 -0.717345 -0.302296 0.845639 0.927061
0.243266 -0.350000 -0.470074 0.330152 -0.717344 0.613528 0.898011 0.867678
0.419413 -0.350000 -0.292500 0.024844 -0.999589 0.014326 0.841283 0.928667
0.235000 -0.350000 -0.476913 -0.014293 -0.999588 -0.024875 0.900175 0.864836
0.409806 -0.350000 -0.295888 -0.598095 -0.717346 -0.357346 0.842282 0.925425
0.233638 -0.350000 -0.464322 0.383818 -0.717347 0.581461 0.895967 0.864551
0.413086 -0.350000 -0.282567 0.023403 -0.999592 0.016380 0.837893 0.926694
0.225067 -0.350000 -0.470586 -0.016378 -0.999592 -0.023400 0.897937 0.861616
0.403627 -0.350000 -0.286527 -0.563656 -0.717345 -0.409520 0.839084 0.923494
0.224564 -0.350000 -0.457729 0.434397 -0.717345 0.544715 0.893652 0.861620
0.405916 -0.350000 -0.273224 0.021882 -0.999592 0.018372 0.834688 0.924434
0.215724 -0.350000 -0.463416 -0.018436 -0.999589 -0.021935 0.895426 0.858603
0.396634 -0.350000 -0.277758 -0.524679 -0.717346 -0.458396 0.836073 0.921285
0.216117 -0.350000 -0.450349 0.481475 -0.717346 0.503583 0.891084 0.858909
0.397960 -0.350000 -0.264541 0.020251 -0.999587 0.020373 0.831693 0.921903
0.207041 -0.350000 -0.455459 -0.020385 -0.999586 -0.020294 0.892663 0.855820
0.388883 -0.350000 -0.269651 -0.481476 -0.717346 -0.503583 0.833271 0.918814
0.208366 -0.350000 -0.442242 0.524679 -0.717346 0.458397 0.888282 0.856438
0.389276 -0.350000 -0.256584 0.018524 -0.999586 0.021998 0.828929 0.919120
0.199084 -0.350000 -0.446776 -0.021911 -0.999588 -0.018536 0.889667 0.853289
0.380436 -0.350000 -0.262271 -0.434397 -0.717346 -0.544715 0.830703 0.916102
0.201373 -0.350000 -0.433473 0.563656 -0.717346 0.409521 0.885271 0.854229
0.379933 -0.350000 -0.249415 0.016459 -0.999589 0.023482 0.826418 0.916107
0.191915 -0.350000 -0.437433 -0.023463 -0.999590 -0.016415 0.886462 0.851028
0.371362 -0.350000 -0.255678 -0.383817 -0.717347 -0.581462 0.828388 0.913171
0.195194 -0.350000 -0.424112 0.598096 -0.717346 0.357346 0.882074 0.852298
0.370000 -0.350000 -0.243087 0.014287 -0.999592 0.024735 0.824180 0.912887
0.185587 -0.350000 -0.427500 -0.024902 -0.999587 -0.014310 0.883072 0.849056
0.361734 -0.350000 -0.249926 -0.330154 -0.717344 -0.613528 0.826345 0.910044
0.189879 -0.350000 -0.414236 0.627720 -0.717346 0.302295 0.878716 0.850662
0.359554 -0.350000 -0.237648 0.012068 -0.999592 0.025901 0.822230 0.909483
0.180148 -0.350000 -0.417053 -0.025969 -0.999588 -0.012211 0.879523 0.847386
0.351628 -0.350000 -0.245059 -0.273828 -0.717348 -0.640648 0.824590 0.906747
0.185471 -0.350000 -0.403922 0.652290 -0.717346 0.244810 0.875225 0.849333
0.175642 -0.350000 -0.406173 -0.026840 -0.999592 -0.009765 0.875842 0.846032
0.348673 -0.350000 -0.233141 0.009808 -0.999591 0.026875 0.820585 0.905923
0.341127 -0.350000 -0.241118 -0.215296 -0.717345 -0.662619 0.823138 0.903306
0.182005 -0.350000 -0.393255 0.671609 -0.717347 0.185351 0.871629 0.848322
0.337441 -0.350000 -0.229600 0.007392 -0.999591 0.027611 0.819256 0.902233
0.330315 -0.350000 -0.238134 -0.155033 -0.717347 -0.679249 0.822000 0.899748
0.172100 -0.350000 -0.394941 -0.027710 -0.999589 -0.007387 0.872058 0.845004
0.179509 -0.350000 -0.382320 0.685522 -0.717345 0.124403 0.867957 0.847638
0.325943 -0.350000 -0.227051 0.004944 -0.999591 0.028167 0.818254 0.898442
0.319279 -0.350000 -0.236131 -0.093521 -0.717345 -0.690413 0.821186 0.896103
0.169551 -0.350000 -0.383442 -0.028242 -0.999588 -0.005032 0.868198 0.844310
0.178003 -0.350000 -0.371205 0.693912 -0.717346 0.062454 0.864239 0.847286
0.314266 -0.350000 -0.225514 0.002419 -0.999589 0.028568 0.817586 0.894577
0.308108 -0.350000 -0.235126 -0.031259 -0.717346 -0.696015 0.820702 0.892399
0.168014 -0.350000 -0.371766 -0.028455 -0.999592 -0.002498 0.864292 0.843955
0.177500 -0.350000 -0.360000 0.696717 -0.717346 -0.000000 0.860504 0.847269
0.167500 -0.350000 -0.360000 -0.028649 -0.999590 0.000021 0.860370 0.843941
0.302500 -0.350000 -0.225000 -0.000049 -0.999585 0.028811 0.817258 0.890669
0.296892 -0.350000 -0.235126 0.031259 -0.717346 -0.696015 0.820552 0.888667
0.178003 -0.350000 -0.348795 0.693912 -0.717346 -0.062455 0.856782 0.847586
0.168014 -0.350000 -0.348234 -0.028645 -0.999586 0.002575 0.856462 0.844270
0.290734 -0.350000 -0.225514 -0.002512 -0.999584 0.028716 0.817271 0.886747
0.285721 -0.350000 -0.236131 0.093521 -0.717345 -0.690413 0.820737 0.884937
0.179509 -0.350000 -0.337680 0.685522 -0.717345 -0.124403 0.853104 0.848236
0.169551 -0.350000 -0.336558 -0.028285 -0.999588 0.004871 0.852597 0.844938
0.279058 -0.350000 -0.227051 -0.004879 -0.999588 0.028280 0.817626 0.882841
0.274685 -0.350000 -0.238134 0.155032 -0.717347 -0.679249 0.821256 0.881238
0.182005 -0.350000 -0.326745 0.671609 -0.717347 -0.185351 0.849499 0.849213
0.172100 -0.350000 -0.325059 -0.027594 -0.999592 0.007408 0.848805 0.845940
0.267559 -0.350000 -0.229600 -0.007378 -0.999591 0.027636 0.818321 0.878981
0.263873 -0.350000 -0.241118 0.215296 -0.717346 -0.662618 0.822104 0.877600
0.185471 -0.350000 -0.316078 0.652290 -0.717346 -0.244811 0.845996 0.850509
0.175642 -0.350000 -0.313827 -0.026962 -0.999588 0.009870 0.845115 0.847269
0.256327 -0.350000 -0.233141 -0.009807 -0.999591 0.026882 0.819349 0.875196
0.253372 -0.350000 -0.245059 0.273828 -0.717347 -0.640649 0.823274 0.874053
0.189879 -0.350000 -0.305765 0.627720 -0.717346 -0.302295 0.842623 0.852114
0.180148 -0.350000 -0.302947 -0.026042 -0.999588 0.012051 0.841555 0.848914
0.245447 -0.350000 -0.237648 -0.012063 -0.999592 0.025896 0.820702 0.871515
0.243266 -0.350000 -0.249926 0.330154 -0.717344 -0.613527 0.824758 0.870626
0.233638 -0.350000 -0.255678 0.383817 -0.717346 -0.581462 0.826544 0.867345
0.235000 -0.350000 -0.243087 -0.014450 -0.999588 0.024801 0.822372 0.867967
0.195194 -0.350000 -0.295888 0.598096 -0.717346 -0.357346 0.839408 0.854015
0.185587 -0.350000 -0.292500 -0.024733 -0.999592 0.014282 0.838152 0.850863
0.225067 -0.350000 -0.249415 -0.016434 -0.999586 0.023597 0.824345 0.864577
0.224564 -0.350000 -0.262271 0.434397 -0.717346 -0.544715 0.828616 0.864237
0.201373 -0.350000 -0.286527 0.563657 -0.717346 -0.409520 0.836376 0.856196
0.191915 -0.350000 -0.282567 -0.023467 -0.999589 0.016472 0.834932 0.853102
0.199084 -0.350000 -0.273224 -0.022003 -0.999589 0.018406 0.831919 0.855612
0.208366 -0.350000 -0.277758 0.524678 -0.717346 -0.458397 0.833552 0.858640
0.215724 -0.350000 -0.256584 -0.018399 -0.999590 0.021955 0.826605 0.861372
0.216117 -0.350000 -0.269651 0.481476 -0.717345 -0.503583 0.830958 0.861328
0.207041 -0.350000 -0.264541 -0.020207 -0.999592 0.020192 0.829136 0.858376
0.144997 -0.280027 -0.202497 -0.687283 -0.222390 0.691510 0.264515 0.847708
0.151379 -0.280027 -0.196363 -0.656544 -0.222309 0.720784 0.264392 0.850079
0.150232 -0.270077 -0.195121 -0.669167 -0.111857 0.734645 0.261053 0.849759
0.143801 -0.270077 -0.201301 -0.700593 -0.109444 0.705118 0.261177 0.847371
0.367865 -0.330365 -0.539589 0.216883 -0.781241 -0.585340 0.922789 0.908217
0.359943 -0.323640 -0.550153 0.208678 -0.706710 -0.676029 0.926191 0.905443
0.370439 -0.323640 -0.546660 0.245889 -0.706500 -0.663624 0.925169 0.908982
0.357767 -0.330365 -0.542948 0.184042 -0.781444 -0.596216 0.923772 0.904812
0.153274 -0.289725 -0.198416 -0.635675 -0.329974 0.697879 0.267669 0.850611
0.164467 -0.289725 -0.188755 -0.592374 -0.329903 0.735022 0.267480 0.854721
0.162714 -0.280027 -0.186580 -0.611808 -0.222259 0.759139 0.264200 0.854241
0.410544 -0.299050 -0.547137 0.452527 -0.433646 -0.779211 0.056160 0.919714
0.406997 -0.289725 -0.553541 0.440420 -0.330002 -0.834942 0.059382 0.917988
0.412475 -0.289725 -0.550482 0.474050 -0.330090 -0.816282 0.059348 0.920023
0.419763 -0.289725 -0.546084 0.505231 -0.330038 -0.797381 0.059294 0.922761
0.405162 -0.299050 -0.550143 0.420435 -0.433531 -0.797048 0.056194 0.917715
0.236916 -0.344950 -0.208894 -0.129218 -0.943637 0.304715 0.811015 0.869064
0.246161 -0.344950 -0.205209 -0.114229 -0.943582 0.310815 0.809913 0.872190
0.233203 -0.341087 -0.200340 -0.169647 -0.900659 0.400041 0.808116 0.867946
0.249478 -0.347744 -0.214322 -0.077078 -0.974718 0.209724 0.812993 0.873170
0.339434 -0.344950 -0.520531 0.071681 -0.943594 -0.323252 0.916082 0.899004
0.328566 -0.344950 -0.522650 0.052075 -0.943497 -0.327263 0.916641 0.895360
0.330042 -0.341087 -0.531857 0.068341 -0.900486 -0.429482 0.919721 0.895729
0.228944 -0.341087 -0.202258 -0.184908 -0.900734 0.393049 0.808696 0.866503
0.169955 -0.307883 -0.195563 -0.531534 -0.531490 0.659537 0.273694 0.856230
0.181358 -0.307883 -0.186991 -0.482462 -0.531407 0.696302 0.273531 0.860363
0.178558 -0.299050 -0.182992 -0.513282 -0.433344 0.740780 0.270491 0.859615
0.166891 -0.299050 -0.191762 -0.565502 -0.433416 0.701682 0.270658 0.855387
0.341525 -0.341087 -0.529618 0.094103 -0.900605 -0.424329 0.919130 0.899580
0.430260 -0.280027 -0.542461 0.566656 -0.222249 -0.793415 0.062501 0.926454
0.421253 -0.280027 -0.548447 0.521818 -0.222350 -0.823570 0.062580 0.923020
0.422154 -0.270077 -0.549878 0.531858 -0.111875 -0.839411 0.065924 0.923176
0.431230 -0.270077 -0.543846 0.575532 -0.112478 -0.810007 0.065845 0.926637
0.140727 -0.280027 -0.206885 -0.713475 -0.222346 0.664466 0.264605 0.846110
0.139499 -0.270077 -0.205723 -0.727202 -0.111874 0.677246 0.261267 0.845761
0.402843 -0.307883 -0.545847 0.395159 -0.531632 -0.749144 0.053144 0.917370
0.392156 -0.299050 -0.556610 0.371554 -0.433375 -0.821056 0.056257 0.912956
0.390130 -0.307883 -0.552168 0.349238 -0.531447 -0.771749 0.053206 0.912718
0.222634 -0.341087 -0.205357 -0.200013 -0.900664 0.385745 0.809643 0.864361
0.218580 -0.336205 -0.197508 -0.245158 -0.846374 0.472809 0.806972 0.863120
0.325457 -0.349434 -0.503249 0.017730 -0.993573 -0.111793 0.910149 0.894583
0.316012 -0.347744 -0.514437 0.018635 -0.974619 -0.223093 0.913743 0.891291
0.327032 -0.347744 -0.513074 0.035153 -0.974659 -0.220918 0.913437 0.894976
0.315144 -0.349434 -0.504525 0.009433 -0.993553 -0.112973 0.910435 0.891134
0.252881 -0.349434 -0.223672 -0.038955 -0.993604 0.105989 0.816151 0.874176
0.259473 -0.349434 -0.221450 -0.033638 -0.993638 0.107479 0.815500 0.876400
0.232884 -0.344950 -0.210708 -0.140823 -0.943695 0.299346 0.811565 0.867699
0.352832 -0.341087 -0.526613 0.128161 -0.900663 -0.415187 0.918281 0.903383
0.347547 -0.341087 -0.528119 0.111995 -0.900735 -0.419683 0.918711 0.901604
0.355387 -0.336205 -0.535069 0.157092 -0.846369 -0.508903 0.921124 0.904122
0.211059 -0.336205 -0.201619 -0.271108 -0.846174 0.458792 0.808239 0.860563
0.206943 -0.330365 -0.194490 -0.317570 -0.781230 0.537428 0.805806 0.859292
0.384917 -0.323640 -0.540735 0.291796 -0.706450 -0.644813 0.047671 0.912106
0.370439 -0.323640 -0.546660 0.245889 -0.706500 -0.663624 0.047712 0.906927
0.387707 -0.316114 -0.546854 0.322541 -0.622855 -0.712755 0.050332 0.912434
0.384917 -0.323640 -0.540735 0.291796 -0.706450 -0.644813 0.923392 0.913879
0.188565 -0.323640 -0.197284 -0.403115 -0.706409 0.581795 0.806483 0.853142
0.203180 -0.323640 -0.187973 -0.360038 -0.706490 0.609298 0.803581 0.858130
0.188565 -0.323640 -0.197284 -0.403115 -0.706409 0.581795 0.279038 0.862292
0.203180 -0.323640 -0.187973 -0.360038 -0.706490 0.609298 0.278869 0.867518
0.184708 -0.316114 -0.191775 -0.445585 -0.622813 0.643085 0.276392 0.861259
0.345134 -0.344950 -0.519112 0.085296 -0.943696 -0.319630 0.915686 0.900920
0.146972 -0.289725 -0.204472 -0.665425 -0.330089 0.669515 0.267791 0.848270
0.417704 -0.299050 -0.542816 0.482299 -0.433580 -0.761181 0.056107 0.922404
0.130574 -0.270077 -0.215736 -0.762862 -0.112216 0.636748 0.261474 0.842384
0.139088 -0.260000 -0.205334 -0.729467 -0.019563 0.683737 0.257910 0.845648
0.129066 -0.260000 -0.216662 -0.769378 -0.025634 0.638279 0.258144 0.841853
0.365050 -0.336205 -0.531854 0.185155 -0.846179 -0.499698 0.920183 0.907380
0.155895 -0.299050 -0.201253 -0.606829 -0.433501 0.666209 0.270844 0.851349
0.408103 -0.307883 -0.542909 0.425311 -0.531762 -0.732352 0.053111 0.919324
0.240777 -0.347744 -0.217790 -0.087162 -0.974757 0.205550 0.814030 0.870229
0.337260 -0.347744 -0.511080 0.048361 -0.974727 -0.218101 0.912911 0.898406
0.173620 -0.316114 -0.200111 -0.490893 -0.622904 0.609110 0.276551 0.857240
0.428658 -0.289725 -0.540172 0.548656 -0.329896 -0.768209 0.059216 0.926153
0.142756 -0.289725 -0.208806 -0.690795 -0.330026 0.643339 0.267879 0.846692
0.446529 -0.270077 -0.532123 0.635193 -0.113110 -0.764026 0.065674 0.932615
0.434974 -0.260000 -0.541867 0.590264 -0.029382 -0.806675 0.069171 0.928017
0.446893 -0.260000 -0.532557 0.641490 -0.028210 -0.766613 0.069034 0.932691
0.400068 -0.316114 -0.540708 0.364928 -0.623059 -0.691827 0.050272 0.916956
0.226912 -0.344950 -0.213641 -0.152352 -0.943640 0.293823 0.812461 0.865672
0.236983 -0.347744 -0.219498 -0.094967 -0.974798 0.201868 0.814547 0.868943
0.350136 -0.344950 -0.517687 0.097628 -0.943639 -0.316252 0.915279 0.902603
0.215475 -0.341087 -0.209269 -0.221238 -0.900492 0.374389 0.810849 0.861927
0.381794 -0.330365 -0.533888 0.257379 -0.781194 -0.568764 0.921078 0.912928
0.192882 -0.330365 -0.203448 -0.355578 -0.781152 0.513192 0.808599 0.854493
0.342624 -0.347744 -0.509745 0.057518 -0.974798 -0.215547 0.912538 0.900209
0.149703 -0.299050 -0.207203 -0.635206 -0.433648 0.639111 0.270964 0.849049
0.415101 -0.307883 -0.538686 0.453308 -0.531679 -0.715422 0.053060 0.921953
0.131869 -0.280027 -0.216823 -0.749213 -0.222260 0.623923 0.264810 0.842759
0.362028 -0.341087 -0.523553 0.151093 -0.900497 -0.407770 0.917386 0.906484
0.159207 -0.307883 -0.204840 -0.570362 -0.531592 0.626176 0.273876 0.852283
0.244739 -0.349434 -0.226918 -0.043962 -0.993636 0.103710 0.817122 0.871424
0.405182 -0.316114 -0.537851 0.392754 -0.623201 -0.676288 0.050240 0.918857
0.335029 -0.349434 -0.501383 0.024451 -0.993617 -0.110128 0.909656 0.897792
0.177841 -0.323640 -0.205346 -0.444088 -0.706504 0.551034 0.279191 0.858405
0.426443 -0.299050 -0.537008 0.523772 -0.433404 -0.733365 0.056031 0.925737
0.145561 -0.299050 -0.211461 -0.659437 -0.433568 0.614135 0.271050 0.847499
0.445444 -0.280027 -0.530826 0.622206 -0.222222 -0.750651 0.062332 0.932387
0.231363 -0.347744 -0.222258 -0.102770 -0.974759 0.198199 0.815391 0.867036
0.396873 -0.323640 -0.534790 0.330112 -0.706661 -0.625824 0.047613 0.916481
0.120288 -0.270077 -0.228968 -0.805995 -0.112345 0.581163 0.261753 0.838420
0.119828 -0.260000 -0.228638 -0.811542 -0.028585 0.583594 0.258397 0.838289
0.111416 -0.260000 -0.241207 -0.848049 -0.026702 0.529244 0.258666 0.834972
0.347331 -0.347744 -0.508403 0.065858 -0.974758 -0.213329 0.912155 0.901793
0.241188 -0.349434 -0.228516 -0.047917 -0.993645 0.101850 0.817606 0.870221
0.457768 -0.270077 -0.522058 0.687479 -0.111832 -0.717542 0.065516 0.937140
0.458159 -0.260000 -0.522466 0.691544 -0.028195 -0.721783 0.068874 0.937227
0.468722 -0.260000 -0.511642 0.737477 -0.026629 -0.674847 0.068693 0.941607
0.220137 -0.344950 -0.217344 -0.168581 -0.943505 0.285270 0.813602 0.863368
0.197603 -0.336205 -0.210191 -0.303569 -0.846101 0.438132 0.810912 0.855970
0.378379 -0.336205 -0.526399 0.219727 -0.846137 -0.485563 0.918547 0.911889
0.340049 -0.349434 -0.500133 0.029021 -0.993645 -0.108752 0.909308 0.899479
0.153155 -0.307883 -0.210655 -0.597008 -0.531758 0.600679 0.273993 0.850036
0.411988 -0.316114 -0.533745 0.418614 -0.623112 -0.660677 0.050190 0.921413
0.134009 -0.289725 -0.218619 -0.725413 -0.329902 0.604104 0.268082 0.843383
0.358839 -0.344950 -0.514791 0.115130 -0.943508 -0.310706 0.914432 0.905538
0.401820 -0.323640 -0.532027 0.355262 -0.706804 -0.611733 0.047582 0.918319
0.163169 -0.316114 -0.209130 -0.526731 -0.623015 0.578279 0.276728 0.853403
0.423642 -0.307883 -0.533009 0.492319 -0.531474 -0.689317 0.052985 0.925210
0.182563 -0.330365 -0.211206 -0.391704 -0.781243 0.486032 0.811042 0.850956
0.177841 -0.323640 -0.205346 -0.444088 -0.706504 0.551034 0.809022 0.849466
0.149107 -0.307883 -0.214817 -0.619798 -0.531668 0.577217 0.274078 0.848520
0.443651 -0.289725 -0.528683 0.602446 -0.329854 -0.726812 0.059049 0.932011
0.235928 -0.349434 -0.231099 -0.051843 -0.993638 0.099976 0.818395 0.868436
0.393297 -0.330365 -0.528168 0.291143 -0.781399 -0.551953 0.919329 0.916832
0.396873 -0.323640 -0.534790 0.330112 -0.706661 -0.625824 0.921574 0.917936
0.121660 -0.280027 -0.229955 -0.790509 -0.222246 0.570704 0.265086 0.838825
0.344454 -0.349434 -0.498878 0.033234 -0.993637 -0.107615 0.908949 0.900962
0.224987 -0.347744 -0.225743 -0.113796 -0.974666 0.192555 0.816465 0.864868
0.456598 -0.280027 -0.520837 0.674515 -0.222266 -0.704008 0.062175 0.936878
0.202669 -0.341087 -0.217427 -0.247746 -0.900427 0.357565 0.813392 0.857557
0.374714 -0.341087 -0.518362 0.179314 -0.900459 -0.396257 0.915828 0.910774
0.157285 -0.316114 -0.214785 -0.551308 -0.623197 0.554693 0.276841 0.851217
0.408402 -0.323640 -0.528055 0.378668 -0.706713 -0.597635 0.047534 0.920792
0.136968 -0.299050 -0.221102 -0.692509 -0.433414 0.576701 0.271249 0.844248
0.355522 -0.347744 -0.505678 0.077716 -0.974667 -0.209726 0.911358 0.904555
0.167732 -0.323640 -0.214071 -0.476485 -0.706620 0.523116 0.279363 0.854693
0.167732 -0.323640 -0.214071 -0.476485 -0.706620 0.523116 0.811790 0.845986
0.163169 -0.316114 -0.209130 -0.526731 -0.623015 0.578279 0.810077 0.844538
0.157285 -0.316114 -0.214785 -0.551308 -0.623197 0.554693 0.811880 0.842504
0.398057 -0.330365 -0.525510 0.313304 -0.781536 -0.539484 0.918508 0.918451
0.401820 -0.323640 -0.532027 0.355262 -0.706804 -0.611733 0.920720 0.919620
0.111897 -0.270077 -0.241505 -0.839365 -0.111861 0.531933 0.262022 0.835112
0.420292 -0.316114 -0.528225 0.454679 -0.622889 -0.636613 0.050117 0.924580
0.187729 -0.336205 -0.217614 -0.334390 -0.846185 0.414915 0.813249 0.852586
0.441173 -0.299050 -0.525721 0.575126 -0.433349 -0.693858 0.055867 0.931492
0.153348 -0.316114 -0.218832 -0.572373 -0.623100 0.533044 0.276924 0.849744
0.123929 -0.289725 -0.231586 -0.765400 -0.329883 0.552576 0.268355 0.839498
0.468304 -0.270077 -0.511260 0.729796 -0.111859 -0.674452 0.065335 0.941508
0.389387 -0.336205 -0.520925 0.248514 -0.846329 -0.471134 0.916873 0.915625
0.229962 -0.349434 -0.234360 -0.057574 -0.993577 0.097411 0.819400 0.866407
0.454665 -0.289725 -0.518819 0.653086 -0.329908 -0.681645 0.058893 0.936446
0.208018 -0.344950 -0.225065 -0.188801 -0.943451 0.272497 0.816009 0.859232
0.162041 -0.323640 -0.219541 -0.498680 -0.706803 0.501744 0.813533 0.844019
0.370845 -0.344950 -0.509878 0.136642 -0.943477 -0.301961 0.912958 0.909599
0.153348 -0.316114 -0.218832 -0.572373 -0.623100 0.533044 0.813173 0.841140
0.404390 -0.330365 -0.521688 0.333961 -0.781450 -0.527073 0.917322 0.920610
0.408402 -0.323640 -0.528055 0.378668 -0.706713 -0.597635 0.919487 0.921863
0.140708 -0.307883 -0.224240 -0.650914 -0.531490 0.542060 0.274272 0.845343
0.352119 -0.349434 -0.496328 0.039320 -0.993578 -0.106100 0.908203 0.903547
0.172838 -0.330365 -0.219599 -0.420247 -0.781359 0.461379 0.813704 0.847607
0.108134 -0.270077 -0.247783 -0.861096 -0.109339 0.496546 0.192194 0.838894
0.111416 -0.260000 -0.241207 -0.848049 -0.026702 0.529244 0.195445 0.837131
0.103867 -0.260000 -0.254312 -0.882849 -0.025796 0.468949 0.195661 0.840544
0.393941 -0.336205 -0.518381 0.267405 -0.846455 -0.460443 0.916087 0.917174
0.111897 -0.270077 -0.241505 -0.839365 -0.111861 0.531933 0.192088 0.837274
0.416435 -0.323640 -0.522716 0.411332 -0.706490 -0.575915 0.047463 0.923855
0.113332 -0.280027 -0.242398 -0.823525 -0.222320 0.521901 0.265354 0.835542
0.193272 -0.341087 -0.224491 -0.272873 -0.900500 0.338586 0.815617 0.854336
0.438040 -0.307883 -0.521977 0.540590 -0.531414 -0.652198 0.052825 0.930835
0.474427 -0.270077 -0.504264 0.758815 -0.109510 -0.642034 0.065213 0.944113
0.158233 -0.323640 -0.223454 -0.517754 -0.706704 0.482183 0.814785 0.842699
0.478534 -0.260000 -0.500132 0.782917 -0.025799 -0.621591 0.068491 0.945809
0.467055 -0.280027 -0.510121 0.716028 -0.222304 -0.661728 0.061995 0.941214
0.127065 -0.299050 -0.233841 -0.730685 -0.433391 0.527515 0.271518 0.840431
0.213580 -0.347744 -0.233009 -0.127475 -0.974627 0.183989 0.818730 0.860975
0.385190 -0.341087 -0.513152 0.202758 -0.900627 -0.384395 0.914235 0.914330
0.451993 -0.299050 -0.516031 0.623463 -0.433414 -0.650727 0.055714 0.935849
0.104366 -0.270077 -0.254578 -0.879362 -0.111877 0.462823 0.192303 0.840678
0.167362 -0.330365 -0.224862 -0.439783 -0.781536 0.442484 0.815382 0.845715
0.366822 -0.347744 -0.501053 0.092247 -0.974645 -0.203858 0.909971 0.908376
0.145181 -0.316114 -0.227994 -0.601148 -0.622903 0.500613 0.277113 0.846654
0.478091 -0.270077 -0.499780 0.782951 -0.111876 -0.611940 0.065133 0.945700
0.400002 -0.336205 -0.514724 0.285053 -0.846375 -0.449883 0.914952 0.919240
0.178422 -0.336205 -0.225646 -0.358727 -0.846291 0.393837 0.815797 0.849382
0.389525 -0.341087 -0.510731 0.218145 -0.900734 -0.375621 0.913488 0.915805
0.109599 -0.280027 -0.248628 -0.844586 -0.222387 0.487050 0.188864 0.839309
0.113332 -0.280027 -0.242398 -0.823525 -0.222320 0.521901 0.188759 0.837701
0.412119 -0.330365 -0.516552 0.362814 -0.781232 -0.507980 0.915716 0.923250
0.416435 -0.323640 -0.522716 0.411332 -0.706490 -0.575915 0.917818 0.924607
0.434292 -0.316114 -0.517498 0.499270 -0.622821 -0.602349 0.049961 0.930050
0.115705 -0.289725 -0.243873 -0.797347 -0.329993 0.505315 0.268619 0.836256
0.199124 -0.344950 -0.231751 -0.207923 -0.943508 0.257994 0.818115 0.856184
0.473131 -0.280027 -0.503177 0.744407 -0.222392 -0.629603 0.061874 0.943799
0.163698 -0.330365 -0.228628 -0.456632 -0.781441 0.425249 0.816586 0.844445
0.464991 -0.289725 -0.508238 0.693272 -0.329971 -0.640697 0.058716 0.940727
0.131028 -0.307883 -0.236691 -0.686802 -0.531461 0.495835 0.274535 0.841613
0.380760 -0.344950 -0.504947 0.154447 -0.943613 -0.292816 0.911450 0.912964
0.219287 -0.349434 -0.241160 -0.064539 -0.993557 0.093158 0.821520 0.862764
0.448616 -0.307883 -0.512505 0.586013 -0.531490 -0.611642 0.052675 0.935094
0.105859 -0.280027 -0.255372 -0.862766 -0.222353 0.454085 0.188972 0.841079
0.362693 -0.349434 -0.492000 0.046657 -0.993565 -0.103203 0.906905 0.907123
0.173182 -0.336205 -0.230682 -0.375347 -0.846455 0.377662 0.817403 0.847570
0.476769 -0.280027 -0.498727 0.768173 -0.222342 -0.600396 0.061795 0.945374
0.150333 -0.323640 -0.232317 -0.543832 -0.706503 0.452880 0.817628 0.839952
0.145181 -0.316114 -0.227994 -0.601148 -0.622903 0.500613 0.816113 0.838300
0.395292 -0.341087 -0.507251 0.232563 -0.900664 -0.367041 0.912407 0.917770
0.184415 -0.341087 -0.232136 -0.292694 -0.900592 0.321346 0.818042 0.851286
0.384863 -0.344950 -0.502656 0.166136 -0.943696 -0.286071 0.910742 0.914359
0.112018 -0.289725 -0.250025 -0.817721 -0.330094 0.471561 0.185603 0.839994
0.115705 -0.289725 -0.243873 -0.797347 -0.329993 0.505315 0.185500 0.838406
0.407397 -0.336205 -0.509809 0.309730 -0.846176 -0.433653 0.913415 0.921766
0.099094 -0.270077 -0.265150 -0.902765 -0.112401 0.415187 0.192462 0.843513
0.097215 -0.260000 -0.267896 -0.912745 -0.029105 0.407492 0.195863 0.844198
0.429976 -0.323640 -0.512340 0.451681 -0.706418 -0.544939 0.047313 0.929145
0.118985 -0.299050 -0.245912 -0.761163 -0.433521 0.482381 0.271777 0.837246
0.470991 -0.289725 -0.501381 0.720732 -0.330089 -0.609579 0.058597 0.943280
0.205210 -0.347744 -0.239302 -0.140349 -0.974667 0.174146 0.820712 0.858106
0.462138 -0.299050 -0.505635 0.661809 -0.433500 -0.611626 0.055540 0.940055
0.169677 -0.336205 -0.234286 -0.389759 -0.846367 0.362976 0.818555 0.846356
0.486346 -0.270077 -0.488730 0.815120 -0.112148 -0.568333 0.064931 0.949361
0.487551 -0.260000 -0.487989 0.822614 -0.028017 -0.567909 0.068269 0.949815
0.135770 -0.316114 -0.240101 -0.634293 -0.622875 0.457928 0.277368 0.843027
0.135770 -0.316114 -0.240101 -0.634293 -0.622875 0.457928 0.820015 0.835006
0.376153 -0.347744 -0.496413 0.104194 -0.974740 -0.197547 0.908552 0.911543
0.108326 -0.289725 -0.256685 -0.835340 -0.330032 0.439643 0.185710 0.841742
0.444575 -0.316114 -0.508288 0.541206 -0.622906 -0.564875 0.049816 0.934190
0.179428 -0.341087 -0.236928 -0.306202 -0.900735 0.308086 0.819570 0.849563
0.474583 -0.289725 -0.496987 0.743746 -0.330026 -0.581313 0.058519 0.944835
0.156098 -0.330365 -0.237154 -0.479679 -0.781244 0.399457 0.819322 0.841802
0.190742 -0.344950 -0.238986 -0.222980 -0.943583 0.244809 0.820410 0.853298
0.390321 -0.344950 -0.499362 0.177144 -0.943640 -0.279576 0.909720 0.916220
0.115363 -0.299050 -0.251956 -0.780586 -0.433647 0.450150 0.182453 0.840940
0.380013 -0.347744 -0.494257 0.112036 -0.974798 -0.192917 0.907886 0.912857
0.118985 -0.299050 -0.245912 -0.761163 -0.433521 0.482381 0.182351 0.839380
0.100626 -0.280027 -0.265865 -0.886617 -0.222258 0.405599 0.189130 0.843892
0.402331 -0.341087 -0.502573 0.252757 -0.900492 -0.353875 0.910945 0.920175
0.123131 -0.307883 -0.248490 -0.715415 -0.531617 0.453393 0.274788 0.838499
0.425146 -0.330365 -0.506569 0.398418 -0.781160 -0.480680 0.912569 0.927719
0.429976 -0.323640 -0.512340 0.451681 -0.706418 -0.544939 0.914547 0.929252
0.211455 -0.349434 -0.247049 -0.070951 -0.993578 0.088139 0.823375 0.860079
0.468032 -0.299050 -0.498898 0.688001 -0.433649 -0.581896 0.055422 0.942563
0.458531 -0.307883 -0.502345 0.622045 -0.531584 -0.574873 0.052505 0.939205
0.176092 -0.341087 -0.240358 -0.317988 -0.900661 0.296132 0.820666 0.848407
0.141230 -0.323640 -0.244028 -0.573826 -0.706471 0.414273 0.821403 0.836766
0.484961 -0.280027 -0.487760 0.800271 -0.222254 -0.556929 0.061595 0.949008
0.371425 -0.349434 -0.487658 0.052604 -0.993624 -0.099716 0.905577 0.910087
0.111735 -0.299050 -0.258499 -0.797418 -0.433573 0.419689 0.182558 0.842658
0.186022 -0.344950 -0.243522 -0.233203 -0.943696 0.234637 0.821856 0.851666
0.439922 -0.323640 -0.503432 0.489604 -0.706504 -0.511019 0.047172 0.933150
0.162404 -0.336205 -0.242445 -0.409496 -0.846183 0.341008 0.821172 0.843826
0.471561 -0.299050 -0.494581 0.709988 -0.433569 -0.554919 0.055345 0.944090
0.197321 -0.347744 -0.246111 -0.150450 -0.974720 0.165185 0.822871 0.855390
0.385151 -0.347744 -0.491157 0.119495 -0.974759 -0.188590 0.906923 0.914608
0.092022 -0.270077 -0.282092 -0.930966 -0.112832 0.347234 0.192691 0.848192
0.091491 -0.260000 -0.281895 -0.937434 -0.028564 0.346990 0.196049 0.848077
0.086721 -0.260000 -0.296248 -0.958195 -0.026577 0.284879 0.196221 0.852162
0.495245 -0.270077 -0.474978 0.852878 -0.112219 -0.509907 0.064670 0.953479
0.495731 -0.260000 -0.475268 0.858466 -0.028149 -0.512097 0.068027 0.953607
0.495245 -0.270077 -0.474978 0.852878 -0.112219 -0.509907 0.926476 0.511413
0.495731 -0.260000 -0.475268 0.858466 -0.028149 -0.512097 0.929834 0.511287
0.503039 -0.260000 -0.462026 0.890203 -0.026301 -0.454803 0.930016 0.515142
0.119591 -0.307883 -0.254397 -0.733646 -0.531761 0.423077 0.179452 0.842137
0.375038 -0.349434 -0.485640 0.056529 -0.993645 -0.097334 0.904954 0.911316
0.123131 -0.307883 -0.248490 -0.715415 -0.531617 0.453393 0.179352 0.840612
0.103158 -0.289725 -0.267045 -0.858453 -0.329901 0.392715 0.185866 0.844520
0.396982 -0.344950 -0.494935 0.192595 -0.943505 -0.269641 0.908336 0.918496
0.128091 -0.316114 -0.251573 -0.660682 -0.623044 0.418706 0.823730 0.832298
0.131028 -0.307883 -0.236691 -0.686802 -0.531461 0.495835 0.818809 0.833478
0.123131 -0.307883 -0.248490 -0.715415 -0.531617 0.453393 0.822629 0.830693
0.419864 -0.336205 -0.500256 0.340140 -0.846109 -0.410372 0.910404 0.926042
0.464293 -0.307883 -0.495760 0.646633 -0.531756 -0.546901 0.052390 0.941656
0.182864 -0.344950 -0.246768 -0.242215 -0.943637 0.225567 0.822894 0.850572
0.147340 -0.330365 -0.248421 -0.506144 -0.781212 0.365412 0.822953 0.838737
0.454216 -0.316114 -0.498408 0.574455 -0.623012 -0.530902 0.049650 0.938188
0.116045 -0.307883 -0.260792 -0.749482 -0.531678 0.394456 0.179555 0.843816
0.482672 -0.289725 -0.486158 0.774848 -0.329904 -0.539234 0.058321 0.948423
0.192879 -0.347744 -0.250379 -0.157264 -0.974798 0.158233 0.824232 0.853855
0.434716 -0.330365 -0.497998 0.431848 -0.781245 -0.450736 0.909845 0.931018
0.439922 -0.323640 -0.503432 0.489604 -0.706504 -0.511019 0.911716 0.932681
0.169170 -0.341087 -0.248123 -0.334164 -0.900499 0.278275 0.823157 0.846000
0.204072 -0.349434 -0.253420 -0.076019 -0.993612 0.083403 0.825396 0.857538
0.467741 -0.307883 -0.491540 0.667310 -0.531667 -0.521562 0.052315 0.943149
0.379846 -0.349434 -0.482739 0.060281 -0.993638 -0.095128 0.904053 0.912955
0.093608 -0.280027 -0.282679 -0.913127 -0.222231 0.341779 0.189357 0.848536
0.493794 -0.280027 -0.474112 0.836607 -0.222249 -0.500694 0.061336 0.953094
0.124649 -0.316114 -0.257318 -0.677481 -0.623201 0.390691 0.825595 0.831075
0.119591 -0.307883 -0.254397 -0.733646 -0.531761 0.423077 0.824547 0.829435
0.391420 -0.347744 -0.486991 0.130007 -0.974665 -0.182005 0.905621 0.916750
0.106659 -0.299050 -0.268678 -0.819520 -0.433403 0.374898 0.182711 0.845387
0.414195 -0.341087 -0.493482 0.277591 -0.900433 -0.334908 0.908079 0.924244
0.133803 -0.323640 -0.255124 -0.597653 -0.706647 0.378762 0.824995 0.834147
0.459819 -0.316114 -0.492006 0.597133 -0.623194 -0.505036 0.049539 0.940571
0.189908 -0.347744 -0.253434 -0.163392 -0.974757 0.152155 0.825209 0.852825
0.087264 -0.270077 -0.296408 -0.950011 -0.111865 0.291489 0.192862 0.852267
0.449248 -0.323640 -0.493876 0.519665 -0.706609 -0.480262 0.047012 0.937017
0.449248 -0.323640 -0.493876 0.519665 -0.706609 -0.480262 0.908661 0.935912
0.154022 -0.336205 -0.253227 -0.432096 -0.846154 0.311954 0.824648 0.840893
0.479508 -0.299050 -0.483943 0.739701 -0.433418 -0.514773 0.055151 0.947616
0.121201 -0.316114 -0.263535 -0.692129 -0.623108 0.364273 0.176739 0.845201
0.124649 -0.316114 -0.257318 -0.677481 -0.623201 0.390691 0.176639 0.843569
0.502534 -0.270077 -0.461769 0.881952 -0.111859 -0.457874 0.926657 0.515259
0.493794 -0.280027 -0.474112 0.836607 -0.222249 -0.500694 0.923144 0.511790
0.199915 -0.349434 -0.257415 -0.079345 -0.993645 0.079835 0.826669 0.856101
0.429022 -0.336205 -0.492055 0.368660 -0.846187 -0.384782 0.907797 0.929199
0.176313 -0.344950 -0.254117 -0.254622 -0.943509 0.212036 0.825251 0.848294
0.463172 -0.316114 -0.487903 0.616254 -0.623094 -0.481647 0.049466 0.942023
0.096228 -0.289725 -0.283649 -0.884125 -0.329865 0.330926 0.186090 0.849105
0.491394 -0.289725 -0.472680 0.810032 -0.329894 -0.484787 0.058065 0.952459
0.130473 -0.323640 -0.260680 -0.612810 -0.706806 0.353397 0.826800 0.832964
0.121201 -0.316114 -0.263535 -0.692129 -0.623108 0.364273 0.827618 0.829845
0.385713 -0.349434 -0.478840 0.065776 -0.993577 -0.092074 0.902834 0.914959
0.408211 -0.344950 -0.486331 0.211543 -0.943456 -0.255226 0.905623 0.922347
0.111083 -0.307883 -0.270741 -0.770297 -0.531480 0.352380 0.179704 0.846483
0.454667 -0.323640 -0.487683 0.540129 -0.706803 -0.456826 0.046904 0.939322
0.085713 -0.270077 -0.301912 -0.961204 -0.109522 0.253164 0.192922 0.853862
0.082925 -0.260000 -0.310888 -0.975599 -0.025651 0.218054 0.196376 0.856437
0.454667 -0.323640 -0.487683 0.540129 -0.706803 -0.456826 0.906673 0.937798
0.459819 -0.316114 -0.492006 0.597133 -0.623194 -0.505036 0.908173 0.939458
0.463172 -0.316114 -0.487903 0.616254 -0.623094 -0.481647 0.906852 0.940629
0.140194 -0.330365 -0.259097 -0.527111 -0.781384 0.334057 0.826410 0.836216
0.443688 -0.330365 -0.488804 0.458333 -0.781352 -0.423580 0.906906 0.934126
0.197134 -0.349434 -0.260274 -0.082442 -0.993636 0.076753 0.827583 0.855137
0.475509 -0.307883 -0.481142 0.695271 -0.531492 -0.483853 0.052125 0.946595
0.088885 -0.280027 -0.296887 -0.932084 -0.222331 0.285987 0.189527 0.852581
0.161194 -0.341087 -0.258384 -0.352618 -0.900473 0.254575 0.826465 0.843208
0.505906 -0.270077 -0.454850 0.900723 -0.109336 -0.420408 0.926744 0.517302
0.509440 -0.260000 -0.448323 0.919760 -0.025392 -0.391660 0.930183 0.519206
0.501028 -0.280027 -0.461002 0.865313 -0.222320 -0.449230 0.923324 0.515606
0.491394 -0.289725 -0.472680 0.810032 -0.329894 -0.484787 0.919881 0.512412
0.127138 -0.323640 -0.266695 -0.626082 -0.706713 0.329513 0.828756 0.831774
0.183743 -0.347744 -0.260351 -0.171872 -0.974667 0.143123 0.827428 0.850681
0.422911 -0.341087 -0.485676 0.300840 -0.900501 -0.313996 0.905598 0.927249
0.099850 -0.299050 -0.284989 -0.844032 -0.433364 0.315921 0.182931 0.849892
0.457911 -0.323640 -0.483715 0.557447 -0.706702 -0.435689 0.905396 0.938930
0.488077 -0.299050 -0.470702 0.773293 -0.433394 -0.462805 0.054900 0.951580
0.136990 -0.330365 -0.264443 -0.540435 -0.781537 0.311657 0.828146 0.835079
0.116376 -0.316114 -0.273209 -0.711401 -0.622897 0.325434 0.176884 0.847795
0.401988 -0.347744 -0.478893 0.142827 -0.974631 -0.172324 0.903068 0.920374
0.508920 -0.270077 -0.448100 0.916033 -0.111872 -0.385187 0.926824 0.519313
0.083478 -0.270077 -0.311012 -0.969965 -0.111878 0.215990 0.193016 0.856531
0.087346 -0.280027 -0.302350 -0.942756 -0.222390 0.248503 0.189587 0.854164
0.448902 -0.330365 -0.482846 0.476340 -0.781535 -0.402868 0.904993 0.935941
0.147184 -0.336205 -0.263443 -0.449934 -0.846315 0.285150 0.827956 0.838481
0.437608 -0.336205 -0.483256 0.391234 -0.846286 -0.361575 0.904985 0.932174
0.091564 -0.289725 -0.297679 -0.902454 -0.330005 0.276899 0.186258 0.853099
0.470725 -0.316114 -0.477792 0.642114 -0.622903 -0.446857 0.049281 0.945373
0.168764 -0.344950 -0.263828 -0.268697 -0.943488 0.193988 0.828382 0.845652
0.504374 -0.280027 -0.454136 0.883469 -0.222395 -0.412338 0.923411 0.517634
0.133782 -0.330365 -0.270229 -0.552165 -0.781447 0.290609 0.830028 0.833934
0.498537 -0.289725 -0.459736 0.837810 -0.329985 -0.434953 0.920059 0.516181
0.488077 -0.299050 -0.470702 0.773293 -0.433394 -0.462805 0.916727 0.513273
0.191365 -0.349434 -0.266746 -0.086952 -0.993578 0.072405 0.829660 0.853131
0.416460 -0.344950 -0.478943 0.229231 -0.943509 -0.239256 0.903275 0.925191
0.104428 -0.307883 -0.286684 -0.793349 -0.531430 0.296949 0.179920 0.850887
0.452023 -0.330365 -0.479027 0.491635 -0.781440 -0.384249 0.903765 0.937030
0.144119 -0.336205 -0.268559 -0.461259 -0.846455 0.265997 0.829617 0.837393
0.122471 -0.323640 -0.276051 -0.643575 -0.706497 0.294404 0.831807 0.830096
0.116376 -0.316114 -0.273209 -0.711401 -0.622897 0.325434 0.830772 0.828110
0.483884 -0.307883 -0.468201 0.726847 -0.531470 -0.435009 0.051880 0.950470
0.395602 -0.349434 -0.471262 0.072305 -0.993559 -0.087253 0.900445 0.918351
0.085127 -0.280027 -0.311381 -0.951658 -0.222350 0.211916 0.189680 0.856812
0.507365 -0.280027 -0.447437 0.898743 -0.222350 -0.377918 0.923490 0.519630
0.090045 -0.289725 -0.303073 -0.912771 -0.330090 0.240602 0.186317 0.854662
0.442596 -0.336205 -0.477555 0.406552 -0.846453 -0.343849 0.903154 0.933910
0.081476 -0.270077 -0.321027 -0.979872 -0.112470 0.164926 0.193111 0.859514
0.080122 -0.260000 -0.325751 -0.988228 -0.030036 0.150013 0.196514 0.860880
0.431082 -0.341087 -0.477303 0.319222 -0.900586 -0.295028 0.902921 0.930080
0.154686 -0.341087 -0.268107 -0.367103 -0.900614 0.232657 0.829613 0.840913
0.465216 -0.323640 -0.473935 0.580892 -0.706503 -0.404250 0.902240 0.941492
0.095268 -0.299050 -0.298773 -0.861493 -0.433543 0.264331 0.183096 0.853816
0.470725 -0.316114 -0.477792 0.642114 -0.622903 -0.446857 0.903589 0.943277
0.501842 -0.289725 -0.452955 0.855371 -0.330092 -0.399225 0.920144 0.518183
0.176638 -0.347744 -0.269490 -0.181390 -0.974653 0.130957 0.830374 0.848195
0.141048 -0.336205 -0.274096 -0.471302 -0.846372 0.248048 0.831418 0.836297
0.513399 -0.270077 -0.436761 0.935301 -0.112368 -0.335537 0.926948 0.522728
0.514906 -0.260000 -0.434220 0.944202 -0.028442 -0.328138 0.930335 0.523461
0.109906 -0.316114 -0.288711 -0.732704 -0.622841 0.274252 0.177094 0.852076
0.109906 -0.316114 -0.288711 -0.732704 -0.622841 0.274252 0.835844 0.825749
0.495095 -0.299050 -0.457984 0.799787 -0.433517 -0.415216 0.916902 0.516975
0.483884 -0.307883 -0.468201 0.726847 -0.531470 -0.435009 0.913722 0.514360
0.151769 -0.341087 -0.272975 -0.376285 -0.900734 0.216995 0.831194 0.839877
0.409750 -0.347744 -0.471941 0.154731 -0.974667 -0.161498 0.900858 0.923050
0.129292 -0.330365 -0.279232 -0.567661 -0.781236 0.259675 0.832963 0.832319
0.445583 -0.336205 -0.473901 0.419641 -0.846364 -0.327977 0.901979 0.934953
0.087854 -0.289725 -0.311991 -0.921399 -0.330037 0.205180 0.186409 0.857278
0.093776 -0.299050 -0.304073 -0.871321 -0.433647 0.229672 0.183154 0.855351
0.478869 -0.316114 -0.465209 0.671279 -0.622880 -0.401752 0.049042 0.949141
0.504795 -0.289725 -0.446340 0.870168 -0.330033 -0.365904 0.920222 0.520154
0.083141 -0.280027 -0.321321 -0.961891 -0.222251 0.159283 0.189774 0.859773
0.162605 -0.344950 -0.273030 -0.279649 -0.943602 0.177234 0.831361 0.843480
0.435830 -0.341087 -0.471877 0.331655 -0.900733 -0.280509 0.901179 0.931732
0.099950 -0.307883 -0.300157 -0.809712 -0.531639 0.248446 0.180080 0.854722
0.424193 -0.344950 -0.471019 0.243188 -0.943579 -0.224761 0.900742 0.927870
0.184716 -0.349434 -0.275299 -0.091767 -0.993570 0.066315 0.832417 0.850804
0.459052 -0.330365 -0.469618 0.512368 -0.781244 -0.356563 0.900728 0.939495
0.498342 -0.299050 -0.451322 0.816529 -0.433648 -0.381090 0.916985 0.518942
0.148847 -0.341087 -0.278245 -0.384517 -0.900663 0.202370 0.832908 0.838834
0.116213 -0.323640 -0.291046 -0.662862 -0.706438 0.248113 0.836712 0.827813
0.511810 -0.280027 -0.436183 0.918319 -0.222259 -0.327554 0.923612 0.523020
0.159844 -0.344950 -0.277637 -0.286575 -0.943697 0.165261 0.832857 0.842499
0.136752 -0.336205 -0.282710 -0.484603 -0.846179 0.221678 0.834227 0.834752
0.490744 -0.307883 -0.455770 0.751719 -0.531613 -0.390264 0.913893 0.517979
0.478869 -0.316114 -0.465209 0.671279 -0.622880 -0.401752 0.910904 0.515661
0.402867 -0.349434 -0.464756 0.078232 -0.993578 -0.081744 0.898377 0.920855
0.091623 -0.299050 -0.312834 -0.879571 -0.433580 0.195866 0.183244 0.857921
0.098492 -0.307883 -0.305336 -0.818923 -0.531759 0.215864 0.180137 0.856223
0.438672 -0.341087 -0.468400 0.342368 -0.900657 -0.267582 0.900061 0.932725
0.473093 -0.323640 -0.461763 0.607282 -0.706479 -0.363449 0.898295 0.944276
0.085892 -0.289725 -0.321806 -0.931336 -0.329892 0.154221 0.186502 0.860201
0.478869 -0.316114 -0.465209 0.671279 -0.622880 -0.401752 0.899511 0.946155
0.501243 -0.299050 -0.444824 0.830667 -0.433575 -0.349292 0.917062 0.520878
0.078920 -0.270077 -0.340439 -0.989488 -0.113424 0.089715 0.193271 0.865428
0.078323 -0.260000 -0.340768 -0.995960 -0.028445 0.085179 0.196634 0.865473
0.428687 -0.344950 -0.465883 0.252587 -0.943696 -0.213632 0.899094 0.929434
0.170841 -0.347744 -0.278150 -0.188671 -0.974733 0.119579 0.833178 0.846150
0.417028 -0.347744 -0.464482 0.164092 -0.974717 -0.151661 0.898474 0.925572
0.105551 -0.316114 -0.301811 -0.747761 -0.623066 0.229439 0.177250 0.855806
0.518867 -0.270077 -0.419632 0.957328 -0.112714 -0.266116 0.927110 0.527972
0.519413 -0.260000 -0.419783 0.963677 -0.028094 -0.265588 0.930470 0.527887
0.522939 -0.260000 -0.405075 0.979047 -0.026106 -0.201952 0.930588 0.532465
0.157078 -0.344950 -0.282625 -0.292887 -0.943640 0.154146 0.834480 0.841512
0.452309 -0.336205 -0.464897 0.437399 -0.846184 -0.304392 0.899073 0.937312
0.493917 -0.307883 -0.449259 0.767426 -0.531762 -0.358172 0.913975 0.519901
0.123270 -0.330365 -0.293658 -0.584689 -0.781180 0.218854 0.837683 0.830123
0.168243 -0.347744 -0.282487 -0.193259 -0.974798 0.111447 0.834586 0.845227
0.509185 -0.289725 -0.435227 0.889148 -0.329900 -0.317145 0.920343 0.523501
0.144758 -0.341087 -0.286443 -0.395456 -0.900495 0.180895 0.835581 0.837363
0.485538 -0.316114 -0.453122 0.694210 -0.623038 -0.360412 0.911070 0.519180
0.096387 -0.307883 -0.313899 -0.826697 -0.531680 0.184090 0.180226 0.858734
0.485538 -0.316114 -0.453122 0.694210 -0.623038 -0.360412 0.895579 0.948536
0.104133 -0.316114 -0.306848 -0.756236 -0.623195 0.199339 0.177305 0.857265
0.431377 -0.344950 -0.462592 0.260786 -0.943637 -0.203813 0.898034 0.930373
0.466630 -0.330365 -0.457908 0.535652 -0.781220 -0.320580 0.896933 0.942173
0.526934 -0.270077 -0.360000 0.993570 -0.113201 -0.002069 0.927474 0.546934
0.526992 -0.260000 -0.375116 0.997456 -0.029457 -0.064909 0.930771 0.541992
0.527500 -0.260000 -0.360000 0.999603 -0.028145 0.001267 0.930835 0.546897
0.089696 -0.299050 -0.322477 -0.889093 -0.433403 0.147227 0.183336 0.860793
0.080604 -0.280027 -0.340587 -0.970887 -0.222220 0.089425 0.189933 0.865643
0.496752 -0.307883 -0.442907 0.780733 -0.531676 -0.328294 0.914050 0.521794
0.179292 -0.349434 -0.283404 -0.095269 -0.993620 0.060357 0.835041 0.848891
0.421258 -0.347744 -0.459649 0.170334 -0.974798 -0.144068 0.896923 0.927044
0.112001 -0.323640 -0.303717 -0.676416 -0.706672 0.207548 0.840872 0.826242
0.105551 -0.316114 -0.301811 -0.747761 -0.623066 0.229439 0.840144 0.824125
0.104133 -0.316114 -0.306848 -0.756236 -0.623195 0.199339 0.841801 0.823586
0.409678 -0.349434 -0.457776 0.082919 -0.993610 -0.076575 0.896146 0.923215
0.517237 -0.280027 -0.419183 0.939107 -0.222239 -0.262084 0.923774 0.528224
0.165640 -0.347744 -0.287180 -0.197570 -0.974759 0.103979 0.836113 0.844299
0.078104 -0.270077 -0.355883 -0.993542 -0.111947 0.018516 0.193376 0.870254
0.077538 -0.260000 -0.355872 -0.999425 -0.028533 0.018336 0.196736 0.870194
0.077769 -0.260000 -0.370995 -0.998523 -0.026837 -0.047233 0.196819 0.875023
0.445073 -0.341087 -0.459831 0.356933 -0.900500 -0.248393 0.897295 0.934969
0.130989 -0.336205 -0.296516 -0.499163 -0.846125 0.186842 0.838743 0.832650
0.488624 -0.316114 -0.446791 0.708677 -0.623199 -0.330756 0.911150 0.521049
0.176860 -0.349434 -0.287462 -0.097506 -0.993645 0.056230 0.836358 0.848027
0.505556 -0.299050 -0.433906 0.848820 -0.433405 -0.302762 0.917181 0.524167
0.153208 -0.344950 -0.290384 -0.301327 -0.943506 0.137834 0.837009 0.840121
0.479544 -0.323640 -0.450073 0.627983 -0.706641 -0.326031 0.894492 0.946579
0.102087 -0.316114 -0.315174 -0.763434 -0.623111 0.170002 0.177391 0.859707
0.423789 -0.347744 -0.456552 0.175916 -0.974757 -0.137484 0.895926 0.927928
0.110629 -0.323640 -0.308588 -0.684046 -0.706803 0.180307 0.174694 0.858465
0.522384 -0.270077 -0.404962 0.971539 -0.111861 -0.208805 0.927228 0.532538
0.110629 -0.323640 -0.308588 -0.684046 -0.706803 0.180307 0.842475 0.825720
0.459561 -0.336205 -0.453691 0.457287 -0.846161 -0.273680 0.895441 0.939875
0.094504 -0.307883 -0.323325 -0.835692 -0.531479 0.138381 0.180315 0.861542
0.083388 -0.289725 -0.340830 -0.940056 -0.329844 0.086586 0.186659 0.865997
0.491381 -0.316114 -0.440615 0.720990 -0.623106 -0.303172 0.911223 0.522889
0.447577 -0.349434 -0.360000 0.113374 -0.993552 -0.000422 0.864119 0.937135
0.526343 -0.270077 -0.343725 0.991112 -0.111819 0.072063 0.927522 0.552289
0.526908 -0.260000 -0.343683 0.996971 -0.028330 0.072429 0.930883 0.552266
0.119218 -0.330365 -0.305849 -0.596566 -0.781410 0.183049 0.841685 0.828611
0.525133 -0.260000 -0.327453 0.989433 -0.026269 0.142594 0.930910 0.557683
0.413635 -0.349434 -0.453254 0.085941 -0.993645 -0.072689 0.894694 0.924592
0.514543 -0.289725 -0.418441 0.909280 -0.329873 -0.253760 0.920502 0.528640
0.174424 -0.349434 -0.291854 -0.099671 -0.993637 0.052444 0.837787 0.847158
0.524657 -0.280027 -0.343847 0.972424 -0.222246 0.070704 0.924183 0.552358
0.525244 -0.280027 -0.360000 0.974992 -0.222210 -0.003575 0.924135 0.547043
0.079794 -0.280027 -0.355914 -0.974816 -0.222259 0.018297 0.190037 0.870432
0.524574 -0.270077 -0.327535 0.984766 -0.111853 0.133133 0.927549 0.557693
0.437435 -0.344950 -0.454482 0.271973 -0.943509 -0.189266 0.895417 0.932497
0.139274 -0.341087 -0.299582 -0.407360 -0.900448 0.152482 0.839879 0.835363
0.482529 -0.323640 -0.443949 0.641027 -0.706806 -0.299183 0.892494 0.947654
0.488624 -0.316114 -0.446791 0.708677 -0.623199 -0.330756 0.893514 0.949648
0.491381 -0.316114 -0.440615 0.720990 -0.623106 -0.303172 0.891496 0.950648
0.161998 -0.347744 -0.294483 -0.203396 -0.974666 0.093035 0.838494 0.842989
0.521870 -0.289725 -0.344050 0.941539 -0.329877 0.068458 0.920906 0.552471
0.522450 -0.289725 -0.360000 0.944032 -0.329835 -0.003462 0.920859 0.547223
0.500968 -0.307883 -0.432236 0.797835 -0.531485 -0.284575 0.914166 0.525008
0.108650 -0.323640 -0.316642 -0.690583 -0.706716 0.153779 0.174777 0.860827
0.523524 -0.270077 -0.321027 0.978315 -0.108877 0.176198 0.927553 0.559886
0.522187 -0.260000 -0.311394 0.976083 -0.025050 0.215952 0.930914 0.563120
0.117898 -0.330365 -0.310536 -0.603256 -0.781535 0.159012 0.843227 0.828109
0.523524 -0.270077 -0.398973 0.979470 -0.109453 -0.169291 0.927270 0.534421
0.522901 -0.280027 -0.327779 0.966187 -0.222310 0.130616 0.924209 0.557721
0.525469 -0.260000 -0.390164 0.990697 -0.025176 -0.133739 0.930689 0.537174
0.100255 -0.316114 -0.324339 -0.771798 -0.622894 0.127796 0.177478 0.862437
0.518018 -0.299050 -0.344330 0.898840 -0.433376 0.065353 0.917734 0.552628
0.472837 -0.330365 -0.446660 0.553862 -0.781377 -0.287553 0.893273 0.944389
0.416004 -0.349434 -0.450355 0.088765 -0.993635 -0.069352 0.893761 0.925419
0.087235 -0.299050 -0.341167 -0.897435 -0.433334 0.082660 0.183490 0.866487
0.518587 -0.299050 -0.360000 0.901232 -0.433323 -0.003306 0.917688 0.547472
0.520728 -0.280027 -0.404623 0.953205 -0.222329 -0.204867 0.923890 0.532755
0.078334 -0.270077 -0.370967 -0.992861 -0.111857 -0.041404 0.193459 0.875071
0.451975 -0.341087 -0.449166 0.373171 -0.900479 -0.223340 0.893839 0.937409
0.521860 -0.280027 -0.321321 0.959558 -0.222375 0.172621 0.924213 0.559898
0.521635 -0.270077 -0.311516 0.970213 -0.111877 0.214874 0.927553 0.563116
0.127112 -0.336205 -0.308181 -0.509211 -0.846340 0.156249 0.842573 0.831203
0.520136 -0.289725 -0.328183 0.935480 -0.329979 0.126458 0.920932 0.557767
0.082588 -0.289725 -0.355965 -0.943849 -0.329901 0.017717 0.186761 0.870727
0.485195 -0.323640 -0.437975 0.652188 -0.706712 -0.274241 0.890542 0.948621
0.148018 -0.344950 -0.302819 -0.310429 -0.943468 0.116200 0.841077 0.838227
0.513149 -0.307883 -0.344684 0.844860 -0.531449 0.061429 0.914707 0.552827
0.510820 -0.299050 -0.417415 0.868049 -0.433365 -0.242253 0.917337 0.529215
0.513705 -0.307883 -0.360000 0.847123 -0.531388 -0.003109 0.914662 0.547787
0.171016 -0.349434 -0.298688 -0.102902 -0.993578 0.047063 0.840016 0.845932
0.429491 -0.347744 -0.448920 0.183584 -0.974667 -0.127754 0.893463 0.929927
0.475708 -0.330365 -0.440768 0.565320 -0.781536 -0.263845 0.891351 0.945423
0.519108 -0.289725 -0.321806 0.929042 -0.330074 0.167130 0.920936 0.559917
0.115994 -0.330365 -0.318285 -0.609050 -0.781450 0.135624 0.845780 0.827372
0.108650 -0.323640 -0.316642 -0.690583 -0.706716 0.153779 0.845128 0.824954
0.519984 -0.280027 -0.311881 0.951901 -0.222351 0.210818 0.924213 0.563103
0.125849 -0.336205 -0.312666 -0.514877 -0.846453 0.135714 0.844048 0.830723
0.495480 -0.316114 -0.430239 0.736835 -0.622898 -0.262815 0.888098 0.952151
0.495480 -0.316114 -0.430239 0.736835 -0.622898 -0.262815 0.911336 0.526015
0.519287 -0.270077 -0.301912 0.961229 -0.108914 0.253333 0.927544 0.566405
0.518084 -0.260000 -0.295590 0.957567 -0.025536 0.287078 0.930896 0.568548
0.106878 -0.323640 -0.325507 -0.698212 -0.706495 0.115608 0.174861 0.863467
0.524908 -0.270077 -0.390088 0.984986 -0.111881 -0.131470 0.927328 0.537235
0.516315 -0.299050 -0.328742 0.893028 -0.433508 0.120716 0.917760 0.557831
0.092098 -0.307883 -0.341592 -0.843551 -0.531399 0.077699 0.180466 0.867107
0.507324 -0.316114 -0.345107 0.780274 -0.622860 0.056732 0.911862 0.553064
0.521860 -0.280027 -0.398679 0.960689 -0.222386 -0.166198 0.923933 0.534624
0.078920 -0.270077 -0.379561 -0.990429 -0.109400 -0.084156 0.193498 0.877860
0.079015 -0.260000 -0.386068 -0.992803 -0.025969 -0.116910 0.196884 0.879937
0.507865 -0.316114 -0.360000 0.782380 -0.622795 -0.002873 0.911818 0.548164
0.465500 -0.336205 -0.442928 0.472770 -0.846310 -0.245455 0.891939 0.941995
0.517542 -0.270077 -0.295752 0.949962 -0.111874 0.291644 0.927535 0.568530
0.517991 -0.289725 -0.404063 0.922901 -0.330005 -0.198369 0.920618 0.533115
0.080023 -0.280027 -0.370885 -0.974128 -0.222315 -0.040623 0.190119 0.875212
0.135583 -0.341087 -0.310684 -0.415454 -0.900636 0.127482 0.843524 0.833986
0.443967 -0.344950 -0.444389 0.284355 -0.943493 -0.170185 0.892146 0.934806
0.515304 -0.299050 -0.322477 0.886856 -0.433630 0.159538 0.917764 0.559943
0.086449 -0.299050 -0.356036 -0.901038 -0.433410 0.016915 0.183590 0.871134
0.478274 -0.330365 -0.435021 0.575191 -0.781447 -0.241861 0.889473 0.946354
0.517256 -0.289725 -0.312485 0.921636 -0.330034 0.204120 0.920936 0.563082
0.517654 -0.280027 -0.302350 0.942710 -0.222381 0.248685 0.924205 0.566367
0.157113 -0.347744 -0.306185 -0.209583 -0.974639 0.078453 0.842322 0.841207
0.506114 -0.307883 -0.416117 0.815920 -0.531436 -0.227707 0.914319 0.529943
0.511484 -0.307883 -0.329448 0.839361 -0.531601 0.113465 0.914731 0.557912
0.421340 -0.349434 -0.443213 0.092877 -0.993578 -0.064630 0.891456 0.927290
0.079577 -0.270077 -0.386002 -0.986152 -0.111876 -0.122422 0.193523 0.879972
0.124027 -0.336205 -0.320081 -0.519853 -0.846375 0.115763 0.846491 0.830018
0.468248 -0.336205 -0.437290 0.482496 -0.846456 -0.225190 0.890100 0.942985
0.500617 -0.323640 -0.345595 0.705892 -0.706458 0.051323 0.909235 0.553337
0.501140 -0.323640 -0.360000 0.707819 -0.706389 -0.002600 0.909192 0.548597
0.134381 -0.341087 -0.314953 -0.420027 -0.900733 0.110712 0.844928 0.833529
0.515922 -0.280027 -0.296236 0.932030 -0.222352 0.286145 0.924195 0.568476
0.489160 -0.323640 -0.427939 0.666583 -0.706498 -0.237756 0.887256 0.950075
0.114289 -0.330365 -0.326813 -0.615853 -0.781235 0.101966 0.848595 0.826690
0.106878 -0.323640 -0.325507 -0.698212 -0.706495 0.115608 0.848054 0.824245
0.510496 -0.307883 -0.323325 0.833527 -0.531740 0.149952 0.914735 0.559976
0.523233 -0.280027 -0.389861 0.966396 -0.222354 -0.128984 0.923990 0.537417
0.097917 -0.316114 -0.342101 -0.779075 -0.622809 0.071763 0.177625 0.867848
0.513485 -0.299050 -0.313319 0.879794 -0.433583 0.194853 0.917764 0.563052
0.080604 -0.280027 -0.379413 -0.971447 -0.222394 -0.082660 0.190158 0.877981
0.519108 -0.289725 -0.398194 0.930132 -0.330088 -0.160921 0.920659 0.534960
0.514955 -0.289725 -0.303073 0.912729 -0.330076 0.240782 0.920928 0.566305
0.526080 -0.270077 -0.379561 0.990487 -0.112511 -0.079229 0.927388 0.540598
0.082813 -0.289725 -0.370748 -0.943169 -0.329976 -0.039333 0.186843 0.875447
0.513399 -0.270077 -0.283239 0.932113 -0.112323 0.344310 0.927504 0.572885
0.512845 -0.260000 -0.280126 0.933763 -0.029257 0.356695 0.930856 0.573938
0.457627 -0.341087 -0.438922 0.385741 -0.900609 -0.200269 0.890506 0.939426
0.505705 -0.316114 -0.330293 0.775153 -0.623024 0.104781 0.911886 0.558008
0.144526 -0.344950 -0.313326 -0.316466 -0.943620 0.097113 0.844527 0.836924
0.514207 -0.299050 -0.403289 0.881016 -0.433535 -0.189364 0.917451 0.533612
0.091330 -0.307883 -0.356125 -0.846919 -0.531484 0.015897 0.180564 0.871649
0.493111 -0.330365 -0.346141 0.622640 -0.781198 0.045272 0.860098 0.952481
0.501140 -0.323640 -0.360000 0.707819 -0.706389 -0.002600 0.864810 0.954970
0.500617 -0.323640 -0.345595 0.705892 -0.706458 0.051323 0.860010 0.954989
0.166445 -0.349434 -0.309639 -0.106086 -0.993563 0.039741 0.843598 0.844265
0.435638 -0.347744 -0.439420 0.191955 -0.974656 -0.114884 0.890384 0.932100
0.493614 -0.330365 -0.360000 0.624363 -0.781131 -0.002295 0.864716 0.952463
0.081257 -0.280027 -0.385807 -0.967541 -0.222348 -0.120108 0.190183 0.880077
0.470703 -0.336205 -0.431790 0.490957 -0.846371 -0.206439 0.888303 0.943875
0.513245 -0.289725 -0.297036 0.902400 -0.330028 0.277049 0.920918 0.568387
0.500483 -0.316114 -0.414566 0.753547 -0.622848 -0.210300 0.911484 0.530813
0.132647 -0.341087 -0.322010 -0.424128 -0.900664 0.094445 0.847253 0.832858
0.504745 -0.316114 -0.324339 0.769729 -0.623172 0.138474 0.911889 0.560015
0.508718 -0.307883 -0.314374 0.826905 -0.531684 0.183139 0.914735 0.563015
0.143388 -0.344950 -0.317366 -0.319891 -0.943695 0.084318 0.845856 0.836492
0.460242 -0.341087 -0.433556 0.393611 -0.900735 -0.183706 0.888756 0.940368
0.511224 -0.299050 -0.304073 0.871285 -0.433628 0.229844 0.917756 0.566219
0.122396 -0.336205 -0.328243 -0.525741 -0.846179 0.087045 0.849185 0.829365
0.482089 -0.330365 -0.425365 0.587952 -0.781239 -0.209708 0.886311 0.947753
0.104616 -0.323640 -0.342687 -0.704822 -0.706407 0.064926 0.175002 0.868702
0.511810 -0.280027 -0.283817 0.913867 -0.222237 0.339791 0.924164 0.572798
0.104616 -0.323640 -0.342687 -0.704822 -0.706407 0.064926 0.853740 0.823263
0.520464 -0.289725 -0.389487 0.935673 -0.330032 -0.124879 0.920716 0.537718
0.083388 -0.289725 -0.379170 -0.940549 -0.330094 -0.080030 0.186881 0.878180
0.499050 -0.323640 -0.331266 0.701204 -0.706631 0.094786 0.909258 0.558120
0.499050 -0.323640 -0.331266 0.701204 -0.706631 0.094786 0.855221 0.954660
0.081476 -0.270077 -0.398973 -0.978044 -0.112262 -0.175576 0.193563 0.884283
0.081271 -0.260000 -0.401023 -0.982611 -0.028492 -0.183475 0.196929 0.884914
0.515304 -0.299050 -0.397523 0.887892 -0.433648 -0.153615 0.917492 0.535425
0.484901 -0.336205 -0.346738 0.531555 -0.846141 0.038650 0.860193 0.949738
0.524396 -0.280027 -0.379413 0.972080 -0.222255 -0.075255 0.924049 0.540755
0.485383 -0.336205 -0.360000 0.533049 -0.846082 -0.001961 0.864612 0.949721
0.086671 -0.299050 -0.370559 -0.900370 -0.433502 -0.037549 0.183670 0.875771
0.509544 -0.299050 -0.298142 0.861439 -0.433566 0.264469 0.917746 0.568265
0.449317 -0.344950 -0.434694 0.293848 -0.943598 -0.152565 0.888992 0.936716
0.153826 -0.347744 -0.316074 -0.213490 -0.974746 0.065516 0.845569 0.839981
0.097170 -0.316114 -0.356232 -0.782166 -0.622897 0.014682 0.177720 0.872264
0.509424 -0.307883 -0.402311 0.828065 -0.531632 -0.177977 0.914430 0.534240
0.498122 -0.323640 -0.325507 0.696256 -0.706780 0.125257 0.909262 0.560061
0.427093 -0.349434 -0.434323 0.097108 -0.993572 -0.058183 0.888575 0.929324
0.503016 -0.316114 -0.315635 0.763630 -0.623109 0.169127 0.911889 0.562970
0.084032 -0.289725 -0.385483 -0.936780 -0.330030 -0.116287 0.186906 0.880251
0.462579 -0.341087 -0.428322 0.400550 -0.900662 -0.168426 0.887045 0.941216
0.506509 -0.307883 -0.305336 0.818896 -0.531739 0.216016 0.914728 0.566110
0.141747 -0.344950 -0.324045 -0.323059 -0.943641 0.071938 0.848056 0.835856
0.494000 -0.323640 -0.412779 0.681716 -0.706446 -0.190257 0.908870 0.531814
0.489160 -0.323640 -0.427939 0.666583 -0.706498 -0.237756 0.908726 0.527174
0.509185 -0.289725 -0.284773 0.884842 -0.329868 0.329000 0.920888 0.572656
0.505986 -0.270077 -0.265322 0.901851 -0.112786 0.417067 0.927433 0.579217
0.152755 -0.347744 -0.319876 -0.215723 -0.974798 0.056860 0.846819 0.839574
0.451792 -0.344950 -0.429616 0.299771 -0.943696 -0.139909 0.887335 0.937607
0.506499 -0.260000 -0.265083 0.906289 -0.028765 0.421679 0.930794 0.579262
0.131095 -0.341087 -0.329777 -0.429024 -0.900496 0.071026 0.849817 0.832237
0.499079 -0.260000 -0.250539 0.873317 -0.028741 0.486304 0.930710 0.584492
0.474354 -0.336205 -0.422550 0.501927 -0.846180 -0.179023 0.885277 0.945214
0.491604 -0.330365 -0.332355 0.618445 -0.781369 0.083593 0.855491 0.952164
0.112113 -0.330365 -0.343343 -0.621715 -0.781147 0.057273 0.854066 0.825745
0.498122 -0.323640 -0.325507 0.696256 -0.706780 0.125257 0.853292 0.954428
0.516637 -0.299050 -0.388969 0.893197 -0.433576 -0.119210 0.917547 0.538134
0.476091 -0.341087 -0.347378 0.433786 -0.900464 0.031540 0.860293 0.946796
0.087235 -0.299050 -0.378833 -0.897839 -0.433644 -0.076401 0.183708 0.878457
0.476550 -0.341087 -0.360000 0.435037 -0.900411 -0.001603 0.864499 0.946779
0.510496 -0.307883 -0.396675 0.834498 -0.531761 -0.144374 0.914470 0.536012
0.504866 -0.307883 -0.299539 0.809652 -0.531673 0.248570 0.914718 0.568110
0.083141 -0.280027 -0.398679 -0.959421 -0.222257 -0.173533 0.190223 0.884355
0.521613 -0.289725 -0.379170 0.941204 -0.329889 -0.072861 0.920774 0.541014
0.490711 -0.330365 -0.326813 0.614033 -0.781512 0.110463 0.853635 0.951941
0.091547 -0.307883 -0.370321 -0.846261 -0.531599 -0.035286 0.180642 0.876181
0.496449 -0.323640 -0.317088 0.690760 -0.706715 0.152986 0.909261 0.562919
0.440673 -0.347744 -0.430297 0.198257 -0.974730 -0.102938 0.887416 0.933897
0.496449 -0.323640 -0.317088 0.690760 -0.706715 0.152986 0.850469 0.953984
0.500867 -0.316114 -0.306848 0.756214 -0.623173 0.199488 0.911882 0.565980
0.163369 -0.349434 -0.318894 -0.107753 -0.993628 0.033068 0.846636 0.843117
0.503702 -0.316114 -0.401141 0.764709 -0.623060 -0.164368 0.911592 0.534991
0.103894 -0.323640 -0.356356 -0.707590 -0.706499 0.013283 0.858279 0.822839
0.505556 -0.299050 -0.286094 0.844716 -0.433367 0.314083 0.917717 0.572458
0.454003 -0.344950 -0.424662 0.305102 -0.943639 -0.128288 0.885716 0.938409
0.103894 -0.323640 -0.356356 -0.707590 -0.706499 0.013283 0.175095 0.872973
0.486745 -0.330365 -0.410779 0.601317 -0.781188 -0.167820 0.881521 0.949497
0.494000 -0.323640 -0.412779 0.681716 -0.706446 -0.190257 0.882276 0.951888
0.087868 -0.299050 -0.385035 -0.894257 -0.433569 -0.111008 0.183732 0.880490
0.151211 -0.347744 -0.326162 -0.217922 -0.974759 0.048526 0.848890 0.838976
0.504454 -0.280027 -0.266035 0.885412 -0.222213 0.408249 0.924094 0.579083
0.443002 -0.347744 -0.425517 0.202155 -0.974798 -0.094351 0.885857 0.934736
0.483459 -0.336205 -0.333545 0.527905 -0.846301 0.071354 0.855784 0.949435
0.085076 -0.270077 -0.415653 -0.962995 -0.112437 -0.244948 0.193593 0.889942
0.084527 -0.260000 -0.415793 -0.968374 -0.028505 -0.247869 0.196954 0.889932
0.088768 -0.260000 -0.430311 -0.950125 -0.026587 -0.310735 0.196960 0.894967
0.466053 -0.341087 -0.419528 0.409592 -0.900496 -0.146087 0.884166 0.942490
0.466791 -0.344950 -0.348054 0.330557 -0.943480 0.024035 0.860397 0.943690
0.467225 -0.344950 -0.360000 0.331548 -0.943437 -0.001222 0.864378 0.943675
0.162367 -0.349434 -0.322451 -0.108842 -0.993645 0.028686 0.847807 0.842736
0.511799 -0.307883 -0.388314 0.839500 -0.531682 -0.112048 0.914524 0.538659
0.499270 -0.316114 -0.301211 0.747696 -0.623101 0.229553 0.911873 0.567924
0.140277 -0.344950 -0.331396 -0.326900 -0.943508 0.054116 0.850483 0.835269
0.498585 -0.270077 -0.250814 0.868205 -0.111824 0.483441 0.927350 0.584434
0.504745 -0.316114 -0.395661 0.770619 -0.623195 -0.133321 0.911631 0.536714
0.120313 -0.336205 -0.344061 -0.530784 -0.846095 0.048897 0.854420 0.828461
0.517765 -0.299050 -0.378833 0.898516 -0.433395 -0.069553 0.917605 0.541372
0.482605 -0.336205 -0.328243 0.524084 -0.846432 0.094284 0.854008 0.949222
0.489101 -0.330365 -0.318714 0.609204 -0.781452 0.134923 0.850918 0.951514
0.431805 -0.349434 -0.425785 0.100118 -0.993618 -0.051953 0.885797 0.931006
0.092098 -0.307883 -0.378408 -0.843847 -0.531758 -0.071805 0.180679 0.878806
0.497113 -0.323640 -0.399794 0.691751 -0.706665 -0.148681 0.877997 0.953098
0.085892 -0.289725 -0.398194 -0.928943 -0.329901 -0.168020 0.186945 0.884475
0.497113 -0.323640 -0.399794 0.691751 -0.706665 -0.148681 0.908974 0.535856
0.494371 -0.323640 -0.308588 0.684037 -0.706777 0.180444 0.909254 0.565830
0.445083 -0.347744 -0.420855 0.205810 -0.974758 -0.086536 0.884333 0.935491
0.500968 -0.307883 -0.287764 0.793985 -0.531442 0.295224 0.914689 0.572208
0.478809 -0.336205 -0.408592 0.513356 -0.846132 -0.143271 0.880693 0.946883
0.097381 -0.316114 -0.370035 -0.781524 -0.623023 -0.032586 0.177796 0.876671
0.501920 -0.289725 -0.267213 0.857297 -0.329835 0.395285 0.920819 0.578861
0.111418 -0.330365 -0.356494 -0.624123 -0.781238 0.011717 0.858432 0.825338
0.433984 -0.349434 -0.421312 0.101996 -0.993645 -0.047604 0.884338 0.931791
0.474719 -0.341087 -0.334823 0.430724 -0.900604 0.058217 0.856097 0.946507
0.092717 -0.307883 -0.384470 -0.840501 -0.531668 -0.104341 0.180703 0.880794
0.457291 -0.344950 -0.416339 0.312095 -0.943508 -0.111311 0.882991 0.939615
0.457119 -0.347744 -0.348758 0.223161 -0.974647 0.016226 0.860505 0.940461
0.457527 -0.347744 -0.360000 0.223875 -0.974618 -0.000827 0.864251 0.940446
0.160921 -0.349434 -0.328334 -0.109926 -0.993638 0.024476 0.849745 0.842177
0.506011 -0.316114 -0.387531 0.775258 -0.623112 -0.103472 0.911684 0.539288
0.492827 -0.323640 -0.303136 0.676354 -0.706702 0.207647 0.909245 0.567711
0.497108 -0.280027 -0.251637 0.851835 -0.222243 0.474326 0.924011 0.584260
0.086713 -0.280027 -0.415234 -0.945071 -0.222242 -0.239687 0.190253 0.889972
0.498122 -0.323640 -0.394493 0.697056 -0.706804 -0.120585 0.909012 0.537523
0.512902 -0.307883 -0.378408 0.844549 -0.531473 -0.065372 0.914580 0.541825
0.149828 -0.347744 -0.333080 -0.220655 -0.974668 0.036523 0.851174 0.838423
0.473905 -0.341087 -0.329777 0.427547 -0.900715 0.076917 0.854407 0.946304
0.129113 -0.341087 -0.344831 -0.433182 -0.900423 0.039907 0.854799 0.831376
0.489740 -0.330365 -0.398287 0.610089 -0.781406 -0.131133 0.877404 0.950661
0.481065 -0.336205 -0.320492 0.519989 -0.846374 0.115166 0.851409 0.948813
0.097917 -0.316114 -0.377899 -0.779247 -0.623200 -0.066304 0.177832 0.879223
0.435932 -0.349434 -0.416949 0.103828 -0.993637 -0.043645 0.882913 0.932497
0.487102 -0.330365 -0.310536 0.603255 -0.781512 0.159129 0.848171 0.950958
0.494371 -0.323640 -0.308588 0.684037 -0.706777 0.180444 0.847613 0.953406
0.492827 -0.323640 -0.303136 0.676354 -0.706702 0.207647 0.845778 0.952966
0.495480 -0.316114 -0.289761 0.733292 -0.622850 0.272656 0.911845 0.571910
0.089696 -0.299050 -0.397523 -0.886807 -0.433411 -0.160399 0.183771 0.884641
0.470293 -0.341087 -0.406245 0.418943 -0.900453 -0.116923 0.879803 0.944078
0.104098 -0.323640 -0.369707 -0.706974 -0.706625 -0.029479 0.175168 0.877236
0.498419 -0.299050 -0.268843 0.818427 -0.433329 0.377363 0.917648 0.578554
0.448178 -0.347744 -0.413022 0.210667 -0.974666 -0.075132 0.881768 0.936625
0.089306 -0.270077 -0.430134 -0.946712 -0.111864 -0.302032 0.193599 0.894965
0.499347 -0.323640 -0.386630 0.701279 -0.706716 -0.093597 0.909063 0.540013
0.465493 -0.344950 -0.336172 0.328122 -0.943594 0.044342 0.856426 0.943417
0.119648 -0.336205 -0.356645 -0.532805 -0.846179 0.010002 0.858599 0.828071
0.490711 -0.330365 -0.393187 0.614729 -0.781536 -0.106346 0.875720 0.951052
0.498122 -0.323640 -0.394493 0.697056 -0.706804 -0.120585 0.876247 0.953504
0.490151 -0.270077 -0.236882 0.836576 -0.111857 0.536310 0.927245 0.589529
0.490624 -0.260000 -0.236572 0.836884 -0.026467 0.546739 0.930605 0.589600
0.098518 -0.316114 -0.383793 -0.776182 -0.623102 -0.096357 0.177855 0.881156
0.447195 -0.349434 -0.349479 0.112959 -0.993566 0.008154 0.860614 0.937148
0.507083 -0.316114 -0.377899 0.779977 -0.622889 -0.060372 0.911738 0.542366
0.089420 -0.289725 -0.414541 -0.915052 -0.329881 -0.232075 0.186974 0.890021
0.485616 -0.330365 -0.305291 0.596499 -0.781441 0.183134 0.846405 0.950534
0.481675 -0.336205 -0.396638 0.520757 -0.846335 -0.111937 0.876753 0.947997
0.494667 -0.289725 -0.252996 0.824779 -0.329875 0.459261 0.920737 0.583973
0.159627 -0.349434 -0.334808 -0.111624 -0.993579 0.018470 0.851882 0.841659
0.461304 -0.344950 -0.403768 0.319248 -0.943473 -0.089101 0.878862 0.941119
0.138402 -0.344950 -0.345643 -0.330125 -0.943447 0.030415 0.855198 0.834454
0.464723 -0.344950 -0.331396 0.325630 -0.943681 0.058580 0.854827 0.943225
0.438828 -0.349434 -0.409619 0.106579 -0.993578 -0.038006 0.880513 0.933559
0.104616 -0.323640 -0.377313 -0.704861 -0.706805 -0.059975 0.175203 0.879704
0.472440 -0.341087 -0.322400 0.424236 -0.900664 0.093958 0.851933 0.945915
0.491889 -0.330365 -0.385621 0.618485 -0.781449 -0.082545 0.873218 0.951546
0.499347 -0.323640 -0.386630 0.701279 -0.706716 -0.093597 0.873647 0.954017
0.479151 -0.336205 -0.312666 0.514884 -0.846433 0.135818 0.848779 0.948281
0.094504 -0.307883 -0.396675 -0.833540 -0.531490 -0.150766 0.180740 0.884850
0.482605 -0.336205 -0.391757 0.524668 -0.846454 -0.090769 0.875142 0.948371
0.489160 -0.323640 -0.292061 0.663388 -0.706449 0.246670 0.909218 0.571566
0.111614 -0.330365 -0.369339 -0.623536 -0.781362 -0.025998 0.862709 0.825231
0.489160 -0.323640 -0.292061 0.663388 -0.706449 0.246670 0.842044 0.951894
0.500384 -0.323640 -0.377313 0.705613 -0.706490 -0.054614 0.909115 0.542990
0.493992 -0.307883 -0.270902 0.769292 -0.531391 0.354703 0.914622 0.578167
0.104098 -0.323640 -0.369707 -0.706974 -0.706625 -0.029479 0.862724 0.822728
0.091601 -0.270077 -0.436761 -0.933634 -0.109354 -0.341129 0.193595 0.897299
0.500384 -0.323640 -0.377313 0.705613 -0.706490 -0.054614 0.870561 0.954487
0.093975 -0.260000 -0.444511 -0.926249 -0.025674 -0.376036 0.196946 0.899998
0.473021 -0.341087 -0.394868 0.424882 -0.900630 -0.091328 0.876054 0.945138
0.486346 -0.270077 -0.231270 0.812446 -0.108846 0.572786 0.927196 0.591608
0.481178 -0.260000 -0.223255 0.793797 -0.025011 0.607668 0.930480 0.594560
0.090912 -0.280027 -0.429606 -0.928847 -0.222322 -0.296336 0.190258 0.894957
0.451955 -0.347744 -0.401191 0.215531 -0.974642 -0.060156 0.877882 0.938041
0.455896 -0.347744 -0.337575 0.221384 -0.974728 0.029914 0.856767 0.940204
0.128480 -0.341087 -0.356807 -0.434791 -0.900495 0.008162 0.858776 0.831005
0.483732 -0.336205 -0.384517 0.527906 -0.846375 -0.070459 0.872748 0.948843
0.488737 -0.280027 -0.237810 0.820795 -0.222312 0.526187 0.923908 0.589317
0.105198 -0.323640 -0.383014 -0.702116 -0.706707 -0.087162 0.175225 0.881574
0.473905 -0.341087 -0.390223 0.428015 -0.900733 -0.074043 0.874520 0.945495
0.477729 -0.336205 -0.307647 0.509143 -0.846369 0.156314 0.847090 0.947875
0.093162 -0.299050 -0.413583 -0.873553 -0.433382 -0.221551 0.183800 0.890089
0.491292 -0.299050 -0.254875 0.787377 -0.433374 0.438434 0.917568 0.583577
0.492887 -0.330365 -0.376657 0.622384 -0.781228 -0.048168 0.870249 0.951998
0.148063 -0.347744 -0.346489 -0.222901 -0.974625 0.020539 0.855612 0.837656
0.455172 -0.347744 -0.333080 0.219610 -0.974787 0.039509 0.855262 0.940023
0.463886 -0.344950 -0.393000 0.323647 -0.943616 -0.069573 0.875314 0.942122
0.463336 -0.344950 -0.324415 0.323140 -0.943641 0.071567 0.852485 0.942857
0.094499 -0.270077 -0.444299 -0.919528 -0.111878 -0.376765 0.193585 0.899983
0.442362 -0.349434 -0.398547 0.109093 -0.993564 -0.030484 0.876876 0.934883
0.112113 -0.330365 -0.376657 -0.621614 -0.781536 -0.052892 0.865151 0.825299
0.104616 -0.323640 -0.377313 -0.704861 -0.706805 -0.059975 0.865261 0.822799
0.470619 -0.341087 -0.314953 0.420045 -0.900714 0.110802 0.849430 0.945409
0.474978 -0.341087 -0.383333 0.430698 -0.900664 -0.057482 0.872242 0.945944
0.482089 -0.330365 -0.294635 0.585147 -0.781192 0.217583 0.842813 0.949503
0.100255 -0.316114 -0.395661 -0.769807 -0.622903 -0.139242 0.177892 0.885101
0.464723 -0.344950 -0.388604 0.325972 -0.943696 -0.056393 0.873862 0.942459
0.119836 -0.336205 -0.368937 -0.532251 -0.846296 -0.022188 0.862691 0.827969
0.488697 -0.316114 -0.273366 0.710497 -0.622798 0.327592 0.911780 0.577703
0.484687 -0.336205 -0.375939 0.531319 -0.846173 -0.041119 0.869906 0.949276
0.480728 -0.270077 -0.223598 0.788760 -0.111878 0.604435 0.927120 0.594477
0.093190 -0.280027 -0.436183 -0.915765 -0.222393 -0.334539 0.190254 0.897274
0.454384 -0.347744 -0.391057 0.218341 -0.974743 -0.046940 0.874543 0.938985
0.093566 -0.289725 -0.428733 -0.899323 -0.329996 -0.286916 0.186980 0.894944
0.484961 -0.280027 -0.232240 0.796938 -0.222378 0.561638 0.923858 0.591381
0.446051 -0.349434 -0.339014 0.111793 -0.993616 0.015131 0.857116 0.936908
0.465738 -0.344950 -0.382083 0.328064 -0.943640 -0.043784 0.871706 0.942884
0.137803 -0.344950 -0.356978 -0.331303 -0.943504 0.006219 0.858962 0.834103
0.112673 -0.330365 -0.382142 -0.619225 -0.781441 -0.076872 0.866983 0.825412
0.486401 -0.289725 -0.239343 0.794713 -0.329977 0.509456 0.920635 0.588967
0.455172 -0.347744 -0.386920 0.219825 -0.974798 -0.038029 0.873177 0.939302
0.105198 -0.323640 -0.383014 -0.702116 -0.706707 -0.087162 0.867166 0.822916
0.475887 -0.341087 -0.375169 0.433577 -0.900492 -0.033549 0.869537 0.946356
0.097891 -0.307883 -0.412372 -0.821090 -0.531456 -0.208244 0.180769 0.890176
0.469266 -0.341087 -0.310176 0.415390 -0.900659 0.127531 0.847823 0.945023
0.487027 -0.307883 -0.257250 0.740091 -0.531447 0.412103 0.914544 0.583076
0.444636 -0.349434 -0.389064 0.110211 -0.993626 -0.023689 0.873751 0.935767
0.157975 -0.349434 -0.347356 -0.112864 -0.993556 0.010403 0.856035 0.840942
0.445373 -0.349434 -0.334808 0.110827 -0.993640 0.019938 0.855708 0.936738
0.456128 -0.347744 -0.380783 0.221297 -0.974759 -0.029534 0.871148 0.939702
0.453866 -0.347744 -0.326510 0.217978 -0.974759 0.048276 0.853059 0.939677
0.445373 -0.349434 -0.385192 0.110911 -0.993645 -0.019186 0.872472 0.936064
0.096066 -0.280027 -0.443664 -0.902174 -0.222352 -0.369651 0.190244 0.899937
0.461612 -0.344950 -0.317366 0.319916 -0.943681 0.084387 0.850117 0.942378
0.120313 -0.336205 -0.375939 -0.530544 -0.846455 -0.045144 0.865028 0.828034
0.466598 -0.344950 -0.374357 0.330375 -0.943504 -0.025559 0.869147 0.943274
0.106878 -0.323640 -0.394493 -0.696409 -0.706503 -0.125966 0.175261 0.885389
0.474354 -0.336205 -0.297450 0.499550 -0.846135 0.185755 0.843652 0.946889
0.446267 -0.349434 -0.379449 0.111630 -0.993638 -0.014894 0.870573 0.936438
0.482599 -0.323640 -0.276203 0.642781 -0.706397 0.296371 0.836679 0.949923
0.128658 -0.341087 -0.368505 -0.434279 -0.900597 -0.018102 0.862671 0.830908
0.482599 -0.323640 -0.276203 0.642781 -0.706397 0.296371 0.909155 0.577170
0.456937 -0.347744 -0.373511 0.223003 -0.974665 -0.017249 0.868739 0.940069
0.447025 -0.349434 -0.372644 0.112819 -0.993577 -0.008720 0.868319 0.936782
0.095815 -0.289725 -0.435227 -0.886640 -0.330091 -0.323896 0.186976 0.897231
0.479386 -0.280027 -0.224626 0.773868 -0.222357 0.593031 0.923784 0.594228
0.482672 -0.289725 -0.233842 0.771594 -0.330073 0.543777 0.920586 0.591005
0.099094 -0.270077 -0.454850 -0.898109 -0.112428 -0.425158 0.193561 0.903793
0.100123 -0.260000 -0.458329 -0.898208 -0.029206 -0.438599 0.196912 0.905002
0.474427 -0.270077 -0.215736 0.764377 -0.108958 0.635497 0.927033 0.597452
0.097235 -0.299050 -0.427526 -0.858510 -0.433526 -0.273890 0.183805 0.894925
0.470791 -0.260000 -0.210657 0.746620 -0.024614 0.664795 0.930335 0.599346
0.483172 -0.299050 -0.241461 0.758649 -0.433505 0.486338 0.917467 0.588483
0.147499 -0.347744 -0.357156 -0.223634 -0.974664 0.004198 0.859154 0.837326
0.120849 -0.336205 -0.381188 -0.528539 -0.846369 -0.065617 0.866781 0.828142
0.460332 -0.344950 -0.312845 0.316402 -0.943638 0.097146 0.848595 0.942012
0.481924 -0.316114 -0.260092 0.683512 -0.622861 0.380599 0.911703 0.582477
0.103549 -0.316114 -0.410924 -0.758319 -0.622869 -0.192321 0.177919 0.890279
0.470367 -0.270077 -0.211033 0.737976 -0.111875 0.665488 0.926976 0.599250
0.444151 -0.349434 -0.328659 0.109953 -0.993638 0.024352 0.853645 0.936414
0.098655 -0.289725 -0.442614 -0.873490 -0.330033 -0.357900 0.186966 0.899862
0.129113 -0.341087 -0.375169 -0.432806 -0.900734 -0.036826 0.864894 0.830970
0.452245 -0.347744 -0.319876 0.215756 -0.974787 0.056913 0.850829 0.939226
0.466053 -0.341087 -0.300472 0.407669 -0.900458 0.151592 0.844551 0.944084
0.114289 -0.330365 -0.393187 -0.614261 -0.781242 -0.111109 0.870680 0.825802
0.106878 -0.323640 -0.394493 -0.696409 -0.706503 -0.125966 0.871009 0.823322
0.137972 -0.344950 -0.368050 -0.330838 -0.943587 -0.013787 0.862648 0.834011
0.475776 -0.330365 -0.279378 0.566996 -0.781136 0.261425 0.837651 0.947607
0.099444 -0.299050 -0.433906 -0.846376 -0.433651 -0.309184 0.183801 0.897173
0.477167 -0.289725 -0.226324 0.749263 -0.330036 0.574179 0.920512 0.593816
0.100626 -0.280027 -0.454136 -0.880329 -0.222255 -0.419075 0.190221 0.903719
0.479508 -0.299050 -0.236057 0.736558 -0.433630 0.519084 0.917420 0.590485
0.101872 -0.307883 -0.426000 -0.806913 -0.531619 -0.257434 0.180774 0.894903
0.473131 -0.280027 -0.216823 0.749553 -0.222382 0.623471 0.923697 0.597180
0.157448 -0.349434 -0.357338 -0.113142 -0.993576 0.002187 0.859349 0.840632
0.479090 -0.307883 -0.244139 0.713057 -0.531598 0.457115 0.914446 0.587872
0.129623 -0.341087 -0.380165 -0.431214 -0.900660 -0.053536 0.866563 0.831073
0.110064 -0.323640 -0.409257 -0.686030 -0.706464 -0.173987 0.175287 0.890398
0.451039 -0.347744 -0.315621 0.213429 -0.974758 0.065535 0.849398 0.938882
0.102235 -0.299050 -0.441163 -0.833835 -0.433578 -0.341656 0.183792 0.899757
0.476048 -0.323640 -0.263363 0.618354 -0.706459 0.344315 0.909081 0.581787
0.476048 -0.323640 -0.263363 0.618354 -0.706459 0.344315 0.832319 0.947915
0.469103 -0.280027 -0.212155 0.724054 -0.222342 0.652924 0.923640 0.598965
0.138402 -0.344950 -0.374357 -0.329623 -0.943696 -0.028047 0.864752 0.834070
0.442633 -0.349434 -0.322451 0.108882 -0.993640 0.028720 0.851559 0.935992
0.122396 -0.336205 -0.391757 -0.524383 -0.846183 -0.094853 0.870319 0.828515
0.457291 -0.344950 -0.303661 0.310652 -0.943478 0.115522 0.845499 0.941123
0.147658 -0.347744 -0.367576 -0.223227 -0.974722 -0.009300 0.862623 0.837239
0.107678 -0.270077 -0.471422 -0.863846 -0.112927 -0.490935 0.193498 0.909914
0.468313 -0.336205 -0.282850 0.484074 -0.846084 0.223191 0.838713 0.945074
0.107187 -0.260000 -0.471703 -0.867708 -0.028472 -0.496258 0.196859 0.909955
0.115132 -0.260000 -0.484572 -0.832408 -0.028467 -0.553432 0.196787 0.914836
0.474100 -0.299050 -0.228671 0.715252 -0.433574 0.548114 0.917347 0.593247
0.104032 -0.307883 -0.432236 -0.795477 -0.531762 -0.290595 0.180770 0.897099
0.475509 -0.307883 -0.238858 0.692268 -0.531741 0.487869 0.914399 0.589828
0.103158 -0.289725 -0.452955 -0.852363 -0.329900 -0.405763 0.186943 0.903596
0.470991 -0.289725 -0.218619 0.725719 -0.330075 0.603641 0.920427 0.596731
0.107420 -0.316114 -0.424175 -0.745181 -0.623046 -0.237736 0.177924 0.894875
0.461199 -0.270077 -0.201301 0.699492 -0.112315 0.705759 0.926843 0.603021
0.459518 -0.260000 -0.198846 0.696887 -0.028109 0.716630 0.930171 0.603931
0.474207 -0.316114 -0.247343 0.658510 -0.623022 0.422147 0.911608 0.587140
0.138884 -0.344950 -0.379085 -0.328458 -0.943638 -0.040781 0.866332 0.834167
0.117355 -0.330365 -0.407391 -0.605116 -0.781206 -0.153464 0.875447 0.826632
0.110064 -0.323640 -0.409257 -0.686030 -0.706464 -0.173987 0.875964 0.824184
0.441505 -0.349434 -0.318470 0.107673 -0.993636 0.033075 0.850219 0.935670
0.469474 -0.330365 -0.267024 0.545428 -0.781198 0.303707 0.833457 0.945675
0.106759 -0.307883 -0.439330 -0.783712 -0.531678 -0.321113 0.180761 0.899625
0.148063 -0.347744 -0.373511 -0.222287 -0.974798 -0.018913 0.864603 0.837294
0.467013 -0.289725 -0.214010 0.701037 -0.330027 0.632162 0.920370 0.598494
0.131095 -0.341087 -0.390223 -0.427915 -0.900499 -0.077404 0.869930 0.831428
0.448178 -0.347744 -0.306978 0.209722 -0.974645 0.077992 0.846483 0.938045
0.157597 -0.349434 -0.367089 -0.112737 -0.993614 -0.004735 0.862596 0.840551
0.460304 -0.341087 -0.286577 0.395064 -0.900414 0.182151 0.839850 0.942357
0.109145 -0.280027 -0.470583 -0.848274 -0.222229 -0.480671 0.190159 0.909794
0.470223 -0.307883 -0.231639 0.672254 -0.531681 0.515160 0.914328 0.592527
0.470725 -0.316114 -0.242208 0.639280 -0.623173 0.450530 0.911563 0.589042
0.109520 -0.316114 -0.430239 -0.734584 -0.623196 -0.268352 0.177921 0.897011
0.468032 -0.299050 -0.221102 0.692764 -0.433626 0.576235 0.917263 0.596111
0.106659 -0.299050 -0.451322 -0.813703 -0.433403 -0.387362 0.183769 0.903426
0.460003 -0.280027 -0.202497 0.684935 -0.222233 0.693885 0.923508 0.602707
0.113808 -0.323640 -0.422074 -0.674089 -0.706652 -0.215051 0.175292 0.894844
0.113808 -0.323640 -0.422074 -0.674089 -0.706652 -0.215051 0.880278 0.825258
0.148517 -0.347744 -0.377961 -0.221564 -0.974758 -0.027512 0.866090 0.837386
0.468584 -0.323640 -0.251032 0.595694 -0.706627 0.381873 0.908989 0.586297
0.115604 -0.270077 -0.484259 -0.827522 -0.111832 -0.550183 0.193426 0.914783
0.462282 -0.336205 -0.271029 0.465634 -0.846143 0.259279 0.834699 0.943226
0.125329 -0.336205 -0.405349 -0.516592 -0.846149 -0.131014 0.874881 0.829309
0.464124 -0.299050 -0.216573 0.669212 -0.433568 0.603468 0.917208 0.597843
0.112172 -0.316114 -0.437136 -0.723740 -0.623108 -0.296542 0.177912 0.899467
0.438828 -0.349434 -0.310381 0.106144 -0.993567 0.039477 0.847492 0.934888
0.157975 -0.349434 -0.372644 -0.112153 -0.993645 -0.009542 0.864449 0.840603
0.451850 -0.344950 -0.290510 0.301082 -0.943440 0.138816 0.841050 0.939489
0.140277 -0.344950 -0.388604 -0.326058 -0.943508 -0.058982 0.869518 0.834503
0.465585 -0.316114 -0.235188 0.620812 -0.623111 0.475736 0.911494 0.591667
0.465216 -0.323640 -0.246065 0.578260 -0.706779 0.407527 0.908945 0.588137
0.111571 -0.289725 -0.469196 -0.821336 -0.329858 -0.465405 0.186882 0.909595
0.464293 -0.307883 -0.224240 0.651106 -0.531737 0.541587 0.914246 0.595327
0.115840 -0.323640 -0.427939 -0.664460 -0.706805 -0.242733 0.175289 0.896910
0.458028 -0.289725 -0.204472 0.663179 -0.329869 0.671848 0.920240 0.602189
0.111083 -0.307883 -0.449259 -0.764830 -0.531477 -0.364097 0.180739 0.903211
0.120957 -0.330365 -0.419722 -0.594523 -0.781389 -0.189667 0.879598 0.827665
0.447053 -0.270077 -0.188317 0.641631 -0.112725 0.758685 0.926630 0.608175
0.447418 -0.260000 -0.187884 0.644203 -0.027823 0.764348 0.929988 0.608293
0.434555 -0.260000 -0.177828 0.584385 -0.025780 0.811067 0.929789 0.612408
0.158400 -0.349434 -0.376808 -0.111776 -0.993636 -0.013893 0.865840 0.840689
0.462292 -0.330365 -0.255161 0.525390 -0.781366 0.336798 0.829413 0.943444
0.468584 -0.323640 -0.251032 0.595694 -0.706627 0.381873 0.828116 0.945597
0.117011 -0.280027 -0.483323 -0.811917 -0.222260 -0.539806 0.190087 0.914626
0.465216 -0.323640 -0.246065 0.578260 -0.706779 0.407527 0.826419 0.944542
0.454565 -0.341087 -0.275326 0.379996 -0.900462 0.211592 0.836030 0.940598
0.133886 -0.341087 -0.403159 -0.421575 -0.900469 -0.106915 0.874271 0.832183
0.460473 -0.307883 -0.219814 0.628984 -0.531671 0.567190 0.914192 0.597019
0.118405 -0.323640 -0.434610 -0.654674 -0.706714 -0.268248 0.175280 0.899285
0.443057 -0.347744 -0.294601 0.203302 -0.974619 0.093732 0.842297 0.936507
0.149828 -0.347744 -0.386920 -0.220089 -0.974667 -0.039815 0.869088 0.837702
0.460244 -0.323640 -0.239275 0.561569 -0.706717 0.430339 0.908879 0.590676
0.114923 -0.299050 -0.467279 -0.784093 -0.433356 -0.444298 0.183709 0.909319
0.459052 -0.330365 -0.250381 0.509970 -0.781511 0.359403 0.827779 0.942430
0.122912 -0.330365 -0.425365 -0.585982 -0.781537 -0.214066 0.881502 0.828240
0.115840 -0.323640 -0.427939 -0.664460 -0.706805 -0.242733 0.882257 0.825856
0.118405 -0.323640 -0.434610 -0.654674 -0.706714 -0.268248 0.884511 0.826620
0.459819 -0.316114 -0.227994 0.601267 -0.623170 0.500138 0.911414 0.594389
0.116376 -0.316114 -0.446791 -0.706350 -0.622895 -0.336262 0.177890 0.902954
0.455297 -0.299050 -0.207203 0.633103 -0.433373 0.641380 0.917080 0.601473
0.124374 -0.270077 -0.496535 -0.792161 -0.111853 -0.599975 0.193335 0.919557
0.123925 -0.260000 -0.496879 -0.794243 -0.027030 -0.606999 0.196696 0.919622
0.445964 -0.280027 -0.189610 0.630395 -0.222211 0.743791 0.923297 0.607823
0.128776 -0.336205 -0.417150 -0.507477 -0.846320 -0.161893 0.878853 0.830298
0.455409 -0.336205 -0.259676 0.448474 -0.846299 0.287486 0.830829 0.941091
0.446418 -0.344950 -0.279862 0.289566 -0.943480 0.161238 0.837434 0.937824
0.119338 -0.289725 -0.481776 -0.786124 -0.329905 -0.522659 0.186811 0.914366
0.142920 -0.344950 -0.400847 -0.321247 -0.943485 -0.081470 0.873627 0.835218
0.456104 -0.316114 -0.223690 0.580849 -0.623100 0.523795 0.911361 0.596035
0.125379 -0.330365 -0.431783 -0.577383 -0.781448 -0.236577 0.883671 0.828975
0.434223 -0.270077 -0.178286 0.583230 -0.111819 0.804574 0.926431 0.612280
0.159627 -0.349434 -0.385192 -0.111344 -0.993578 -0.020145 0.868646 0.840985
0.434036 -0.349434 -0.298799 0.102957 -0.993553 0.047460 0.843574 0.933448
0.119161 -0.307883 -0.464855 -0.737008 -0.531426 -0.417618 0.180680 0.908971
0.454268 -0.330365 -0.243849 0.495267 -0.781450 0.379534 0.825541 0.940926
0.460244 -0.323640 -0.239275 0.561569 -0.706717 0.430339 0.824093 0.942979
0.452309 -0.336205 -0.255103 0.435264 -0.846433 0.306751 0.829266 0.940120
0.130646 -0.336205 -0.422550 -0.500134 -0.846455 -0.182703 0.880675 0.830848
0.122471 -0.323640 -0.443949 -0.639002 -0.706496 -0.304204 0.175259 0.902658
0.454667 -0.323640 -0.232317 0.543877 -0.706779 0.452395 0.908801 0.593309
0.122471 -0.323640 -0.443949 -0.639002 -0.706496 -0.304204 0.887673 0.827848
0.125716 -0.280027 -0.495506 -0.777217 -0.222303 -0.588656 0.189997 0.919364
0.451845 -0.307883 -0.210655 0.595082 -0.531440 0.602867 0.914067 0.600568
0.130574 -0.270077 -0.504264 -0.756008 -0.112440 -0.644833 0.193265 0.922631
0.133524 -0.260000 -0.508567 -0.749288 -0.030014 -0.661564 0.196586 0.924292
0.444165 -0.289725 -0.191748 0.610374 -0.329840 0.720173 0.920032 0.607240
0.137167 -0.341087 -0.414389 -0.414052 -0.900619 -0.132086 0.878052 0.833125
0.448024 -0.341087 -0.264522 0.365919 -0.900601 0.234565 0.832348 0.938566
0.122554 -0.299050 -0.479638 -0.750466 -0.433415 -0.498951 0.183639 0.914007
0.152315 -0.347744 -0.398442 -0.216869 -0.974650 -0.054998 0.872956 0.838375
0.437945 -0.347744 -0.284581 0.195487 -0.974646 0.108853 0.838894 0.934940
0.451074 -0.323640 -0.228154 0.525423 -0.706704 0.473814 0.908751 0.594901
0.133008 -0.336205 -0.428692 -0.492825 -0.846373 -0.201931 0.882750 0.831552
0.124231 -0.316114 -0.461955 -0.680673 -0.622835 -0.385695 0.177833 0.908555
0.433230 -0.280027 -0.179655 0.572230 -0.222243 0.789405 0.923099 0.611896
0.447732 -0.336205 -0.248852 0.422736 -0.846374 0.323953 0.827125 0.938681
0.138947 -0.341087 -0.419528 -0.407998 -0.900734 -0.149046 0.879786 0.833648
0.129292 -0.330365 -0.440768 -0.563627 -0.781234 -0.268323 0.886713 0.830157
0.445073 -0.341087 -0.260169 0.355087 -0.900716 0.250249 0.830860 0.937642
0.448902 -0.330365 -0.237154 0.479650 -0.781512 0.398967 0.823242 0.939230
0.454667 -0.323640 -0.232317 0.543877 -0.706779 0.452395 0.821703 0.941216
0.127933 -0.289725 -0.493806 -0.752516 -0.329965 -0.569950 0.186722 0.919045
0.131869 -0.280027 -0.503177 -0.740093 -0.222256 -0.634716 0.189927 0.922414
0.447715 -0.316114 -0.214785 0.549590 -0.622853 0.556781 0.911239 0.599485
0.146024 -0.344950 -0.411476 -0.315413 -0.943605 -0.100617 0.877205 0.836109
0.441677 -0.299050 -0.194702 0.582702 -0.433331 0.687520 0.916875 0.606436
0.126620 -0.307883 -0.476935 -0.705388 -0.531493 -0.468981 0.180612 0.913553
0.440228 -0.344950 -0.269637 0.278757 -0.943592 0.178688 0.833949 0.935901
0.161954 -0.349434 -0.395975 -0.109771 -0.993568 -0.027790 0.872265 0.841615
0.420698 -0.270077 -0.169213 0.532075 -0.111855 0.839276 0.261443 0.940189
0.434223 -0.270077 -0.178286 0.583230 -0.111819 0.804574 0.261711 0.944266
0.434555 -0.260000 -0.177828 0.584385 -0.025780 0.811067 0.258355 0.944402
0.420996 -0.260000 -0.168732 0.531358 -0.023036 0.846834 0.258086 0.940314
0.141194 -0.341087 -0.425374 -0.402071 -0.900664 -0.164750 0.881761 0.834318
0.429251 -0.349434 -0.289421 0.098978 -0.993566 0.055047 0.840390 0.931982
0.130069 -0.323640 -0.458616 -0.615794 -0.706432 -0.348929 0.175204 0.908075
0.445446 -0.330365 -0.233149 0.463391 -0.781441 0.417874 0.821863 0.938133
0.451074 -0.323640 -0.228154 0.525423 -0.706704 0.473814 0.820269 0.940077
0.147709 -0.344950 -0.416339 -0.310727 -0.943697 -0.113514 0.878846 0.836604
0.136752 -0.336205 -0.437290 -0.481157 -0.846178 -0.229066 0.885661 0.832682
0.431590 -0.289725 -0.181917 0.554056 -0.329878 0.764332 0.919836 0.611263
0.130998 -0.299050 -0.491457 -0.718372 -0.433488 -0.544086 0.183551 0.918603
0.440717 -0.341087 -0.254220 0.344893 -0.900664 0.264297 0.828822 0.936272
0.437435 -0.344950 -0.265518 0.270443 -0.943681 0.190594 0.832541 0.935027
0.134009 -0.289725 -0.501381 -0.716582 -0.329897 -0.614555 0.186653 0.922057
0.442596 -0.336205 -0.242445 0.409387 -0.846431 0.340524 0.824924 0.937058
0.143801 -0.270077 -0.518699 -0.704592 -0.113590 -0.700463 0.193105 0.928535
0.442959 -0.323640 -0.219541 0.497200 -0.706449 0.503708 0.817295 0.937492
0.456104 -0.316114 -0.223690 0.580849 -0.623100 0.523795 0.818844 0.941814
0.447715 -0.316114 -0.214785 0.549590 -0.622853 0.556781 0.815768 0.939142
0.143887 -0.260000 -0.519583 -0.704333 -0.028303 -0.709305 0.196458 0.928825
0.438533 -0.307883 -0.198437 0.547715 -0.531396 0.646240 0.913867 0.605418
0.155237 -0.347744 -0.408445 -0.212798 -0.974735 -0.067879 0.876323 0.839213
0.131483 -0.316114 -0.473701 -0.651455 -0.622905 -0.433123 0.177767 0.913010
0.414717 -0.270077 -0.165634 0.494640 -0.108815 0.862259 0.261335 0.938367
0.406814 -0.260000 -0.160642 0.464081 -0.026365 0.885400 0.257839 0.935977
0.432119 -0.347744 -0.274957 0.188082 -0.974726 0.120558 0.835614 0.933131
0.149836 -0.344950 -0.421872 -0.306260 -0.943640 -0.125491 0.880715 0.837238
0.136602 -0.330365 -0.454880 -0.543175 -0.781173 -0.307780 0.891507 0.832400
0.130069 -0.323640 -0.458616 -0.615794 -0.706432 -0.348929 0.892655 0.830180
0.419808 -0.280027 -0.170650 0.522041 -0.222310 0.823439 0.264779 0.939827
0.433230 -0.280027 -0.179655 0.572230 -0.222243 0.789405 0.265045 0.943874
0.156822 -0.347744 -0.413022 -0.209545 -0.974798 -0.076550 0.877867 0.839680
0.439289 -0.336205 -0.238612 0.395527 -0.846367 0.356681 0.823605 0.936009
0.144758 -0.341087 -0.433556 -0.392640 -0.900495 -0.186929 0.884531 0.835394
0.429324 -0.299050 -0.185044 0.528929 -0.433377 0.729670 0.916683 0.610388
0.134873 -0.307883 -0.488487 -0.675205 -0.531580 -0.511392 0.180526 0.918045
0.433312 -0.344950 -0.259887 0.262706 -0.943641 0.201315 0.830612 0.933731
0.429491 -0.347744 -0.271080 0.182392 -0.974787 0.128542 0.834288 0.932308
0.136968 -0.299050 -0.498898 -0.684079 -0.433404 -0.586683 0.183484 0.921562
0.435830 -0.341087 -0.248123 0.333978 -0.900714 0.277800 0.826728 0.934728
0.144997 -0.280027 -0.517503 -0.692346 -0.222216 -0.686496 0.189768 0.928274
0.437638 -0.330365 -0.224862 0.438558 -0.781193 0.444302 0.819001 0.935647
0.164689 -0.349434 -0.405336 -0.107427 -0.993622 -0.034286 0.875417 0.842399
0.434771 -0.316114 -0.202904 0.505857 -0.622801 0.596848 0.811642 0.934994
0.434771 -0.316114 -0.202904 0.505857 -0.622801 0.596848 0.911045 0.604201
0.137084 -0.323640 -0.469978 -0.589340 -0.706506 -0.391826 0.896530 0.832362
0.137084 -0.323640 -0.469978 -0.589340 -0.706506 -0.391826 0.175140 0.912384
0.406552 -0.270077 -0.161143 0.459783 -0.111877 0.880956 0.261197 0.935863
0.158824 -0.347744 -0.418229 -0.206590 -0.974759 -0.084651 0.879627 0.840276
0.155337 -0.270077 -0.529451 -0.651968 -0.112040 -0.749923 0.192954 0.933101
0.154966 -0.260000 -0.529879 -0.655439 -0.028433 -0.754713 0.196313 0.933200
0.413872 -0.280027 -0.167099 0.485269 -0.222377 0.845613 0.264672 0.938019
0.423800 -0.349434 -0.280415 0.094968 -0.993615 0.060907 0.837320 0.930288
0.143747 -0.336205 -0.450794 -0.463723 -0.846120 -0.262759 0.890248 0.834829
0.166172 -0.349434 -0.409619 -0.105724 -0.993645 -0.038623 0.876862 0.842836
0.418337 -0.289725 -0.173025 0.505455 -0.329977 0.797264 0.268051 0.939233
0.431590 -0.289725 -0.181917 0.554056 -0.329878 0.764332 0.268314 0.943229
0.432682 -0.341087 -0.244475 0.322692 -0.900660 0.291002 0.825472 0.933729
0.153208 -0.344950 -0.429616 -0.299181 -0.943506 -0.142436 0.883337 0.838256
0.139508 -0.316114 -0.484934 -0.623561 -0.623000 -0.472274 0.177683 0.917378
0.426458 -0.307883 -0.188997 0.497165 -0.531450 0.685848 0.913679 0.609281
0.140708 -0.307883 -0.495760 -0.642987 -0.531484 -0.551446 0.180460 0.920938
0.425610 -0.347744 -0.265781 0.177209 -0.974759 0.135799 0.832473 0.931088
0.146972 -0.289725 -0.515528 -0.670361 -0.329838 -0.664698 0.186495 0.927843
0.421340 -0.349434 -0.276787 0.092043 -0.993640 0.064870 0.836080 0.929519
0.428687 -0.344950 -0.254117 0.254365 -0.943680 0.211579 0.828630 0.932269
0.431818 -0.336205 -0.230682 0.374401 -0.846138 0.379309 0.820866 0.933629
0.143351 -0.330365 -0.465811 -0.519819 -0.781246 -0.345604 0.895234 0.834499
0.168046 -0.349434 -0.414492 -0.104210 -0.993638 -0.042709 0.878508 0.843394
0.430440 -0.323640 -0.208049 0.457648 -0.706398 0.539964 0.813303 0.933480
0.405768 -0.280027 -0.162641 0.451104 -0.222353 0.864329 0.264534 0.935533
0.156446 -0.280027 -0.528175 -0.639867 -0.222256 -0.735644 0.189618 0.932806
0.412475 -0.289725 -0.169518 0.469836 -0.330076 0.818721 0.267945 0.937448
0.151415 -0.341087 -0.446408 -0.378445 -0.900443 -0.214435 0.888897 0.837437
0.161998 -0.347744 -0.425517 -0.201945 -0.974666 -0.096148 0.882094 0.841235
0.397350 -0.270077 -0.156594 0.424591 -0.109003 0.898800 0.261053 0.933019
0.144846 -0.323640 -0.480843 -0.564085 -0.706602 -0.427225 0.175059 0.916610
0.392082 -0.260000 -0.153602 0.473871 -0.649394 0.594755 0.257615 0.931414
0.416302 -0.299050 -0.176308 0.482518 -0.433503 0.761086 0.271219 0.938415
0.429324 -0.299050 -0.185044 0.528929 -0.433377 0.729670 0.271478 0.942341
0.145181 -0.316114 -0.492006 -0.593827 -0.622895 -0.509285 0.177619 0.920190
0.149703 -0.299050 -0.512797 -0.639965 -0.433333 -0.634560 0.183329 0.927247
0.425708 -0.344950 -0.250664 0.245794 -0.943637 0.221662 0.827442 0.931324
0.423031 -0.316114 -0.193726 0.459160 -0.622856 0.633421 0.910863 0.607957
0.423031 -0.316114 -0.193726 0.459160 -0.622856 0.633421 0.808431 0.931210
0.167054 -0.270077 -0.538955 -0.605671 -0.111854 -0.787814 0.192792 0.937288
0.166712 -0.260000 -0.539406 -0.604599 -0.026681 -0.796083 0.196151 0.937397
0.391857 -0.270077 -0.154121 0.387981 -0.111874 0.914852 0.260974 0.931311
0.417709 -0.349434 -0.271829 0.089388 -0.993638 0.068502 0.834381 0.928377
0.150205 -0.336205 -0.461254 -0.443761 -0.846185 -0.295037 0.893816 0.836838
0.158278 -0.289725 -0.526066 -0.619541 -0.329900 -0.712274 0.186348 0.932318
0.421258 -0.347744 -0.260351 0.171549 -0.974787 0.142691 0.830608 0.929712
0.425572 -0.341087 -0.236928 0.305538 -0.900460 0.309547 0.822866 0.931465
0.159509 -0.344950 -0.441779 -0.288398 -0.943464 -0.163410 0.887469 0.840190
0.171016 -0.349434 -0.421312 -0.102163 -0.993578 -0.048646 0.880817 0.844291
0.425593 -0.330365 -0.213805 0.403684 -0.781141 0.476295 0.815161 0.931787
0.150819 -0.330365 -0.476264 -0.497517 -0.781341 -0.376807 0.898812 0.836844
0.144846 -0.323640 -0.480843 -0.564085 -0.706602 -0.427225 0.900249 0.834799
0.404473 -0.289725 -0.165117 0.436757 -0.330036 0.836851 0.267810 0.934993
0.410544 -0.299050 -0.172863 0.448505 -0.433630 0.781543 0.271115 0.936661
0.150333 -0.323640 -0.487683 -0.537204 -0.706500 -0.460728 0.902598 0.836533
0.150333 -0.323640 -0.487683 -0.537204 -0.706500 -0.460728 0.174997 0.919330
0.153155 -0.307883 -0.509345 -0.601544 -0.531394 -0.596460 0.180309 0.926494
0.396636 -0.280027 -0.158126 0.416208 -0.222380 0.881657 0.264392 0.932711
0.173770 -0.270077 -0.543846 -0.571592 -0.109367 -0.813217 0.192696 0.939511
0.179072 -0.260000 -0.548124 -0.547543 -0.025801 -0.836380 0.195973 0.941398
0.413731 -0.307883 -0.180458 0.453525 -0.531595 0.715348 0.274243 0.937382
0.426458 -0.307883 -0.188997 0.497165 -0.531450 0.685848 0.274495 0.941220
0.168074 -0.280027 -0.537607 -0.594246 -0.222314 -0.772948 0.189457 0.936961
0.418454 -0.347744 -0.257102 0.165801 -0.974758 0.149524 0.829489 0.928823
0.419084 -0.323640 -0.199171 0.415387 -0.706459 0.573036 0.810197 0.929820
0.157561 -0.341087 -0.456364 -0.362125 -0.900500 -0.240761 0.892292 0.839349
0.391184 -0.280027 -0.155672 0.380660 -0.222346 0.897586 0.264313 0.931016
0.160810 -0.299050 -0.523149 -0.591441 -0.433409 -0.679966 0.183184 0.931643
0.413635 -0.349434 -0.266746 0.086574 -0.993640 0.072007 0.832636 0.927089
0.167927 -0.347744 -0.436965 -0.194713 -0.974636 -0.110325 0.885983 0.843054
0.418978 -0.344950 -0.243522 0.232828 -0.943477 0.235887 0.824975 0.929180
0.179382 -0.270077 -0.547651 -0.539543 -0.111876 -0.834492 0.192614 0.941279
0.420291 -0.336205 -0.220102 0.344649 -0.846088 0.406636 0.817191 0.929935
0.157352 -0.336205 -0.471257 -0.424690 -0.846275 -0.321648 0.897240 0.839082
0.402682 -0.299050 -0.168539 0.416932 -0.433579 0.798860 0.270982 0.934250
0.156098 -0.330365 -0.482846 -0.473829 -0.781242 -0.406383 0.901073 0.838513
0.408103 -0.307883 -0.177091 0.421534 -0.531737 0.734551 0.274141 0.935668
0.157285 -0.316114 -0.505215 -0.555569 -0.622802 -0.550873 0.177472 0.925593
0.395455 -0.289725 -0.160658 0.402969 -0.330078 0.853619 0.267669 0.932206
0.174740 -0.280027 -0.542461 -0.560568 -0.222390 -0.797688 0.189362 0.939167
0.169760 -0.289725 -0.535379 -0.575362 -0.329978 -0.748381 0.186189 0.936421
0.379261 -0.270077 -0.149101 0.345116 -0.101600 0.933045 0.260806 0.927366
0.370015 -0.266583 -0.145621 0.369149 -0.689777 0.622846 0.259528 0.924464
0.410656 -0.316114 -0.185423 0.418831 -0.623021 0.660626 0.277084 0.936149
0.165326 -0.344950 -0.451201 -0.275927 -0.943509 -0.183452 0.890682 0.842000
0.423031 -0.316114 -0.193726 0.459160 -0.622856 0.633421 0.277330 0.939880
0.411012 -0.349434 -0.263706 0.083640 -0.993636 0.075448 0.831589 0.926257
0.164012 -0.307883 -0.519463 -0.555916 -0.531478 -0.639131 0.180167 0.930791
0.414667 -0.330365 -0.205264 0.366396 -0.781200 0.505451 0.812173 0.928265
0.176565 -0.349434 -0.432025 -0.098585 -0.993561 -0.055833 0.884456 0.845994
0.390072 -0.289725 -0.158235 0.368557 -0.330029 0.869050 0.267591 0.930533
0.180310 -0.280027 -0.546237 -0.529359 -0.222348 -0.818743 0.189281 0.940922
0.412121 -0.347744 -0.250379 0.157181 -0.974645 0.159250 0.827168 0.926805
0.164362 -0.341087 -0.465883 -0.346528 -0.900578 -0.262446 0.895550 0.841484
0.414602 -0.341087 -0.226859 0.281277 -0.900416 0.331864 0.819368 0.927949
0.162404 -0.336205 -0.477555 -0.404496 -0.846184 -0.346924 0.899403 0.840679
0.400418 -0.307883 -0.172865 0.391866 -0.531681 0.750837 0.274011 0.933311
0.162041 -0.323640 -0.500459 -0.502619 -0.706402 -0.498368 0.174855 0.924556
0.162041 -0.323640 -0.500459 -0.502619 -0.706402 -0.498368 0.907006 0.840258
0.405182 -0.316114 -0.182149 0.389268 -0.623177 0.678322 0.276985 0.934482
0.176342 -0.289725 -0.540172 -0.542738 -0.330092 -0.772318 0.186095 0.938599
0.393822 -0.299050 -0.164158 0.384674 -0.433624 0.814859 0.270844 0.931512
0.190283 -0.270077 -0.554366 -0.493741 -0.112303 -0.862327 0.192452 0.944498
0.191989 -0.260000 -0.555991 -0.489735 -0.028479 -0.871406 0.195780 0.945184
0.378683 -0.280027 -0.150690 0.337225 -0.222319 0.914797 0.264147 0.927101
0.172091 -0.299050 -0.532300 -0.549249 -0.433515 -0.714416 0.183028 0.935674
0.369918 -0.270077 -0.145931 0.297993 -0.130063 0.945666 0.260695 0.924416
0.173402 -0.347744 -0.445832 -0.186252 -0.974667 -0.123830 0.889006 0.844757
0.407114 -0.323640 -0.191140 0.378877 -0.706624 0.597608 0.807365 0.925945
0.410656 -0.316114 -0.185423 0.418831 -0.623021 0.660626 0.805502 0.927204
0.167841 -0.316114 -0.515054 -0.513412 -0.622893 -0.590265 0.177334 0.929771
0.409836 -0.336205 -0.211928 0.312799 -0.846140 0.431512 0.814331 0.926566
0.181843 -0.289725 -0.543901 -0.512531 -0.330031 -0.792712 0.186015 0.940332
0.388534 -0.299050 -0.161778 0.351831 -0.433565 0.829600 0.270767 0.929867
0.171763 -0.344950 -0.460211 -0.264000 -0.943572 -0.199941 0.893766 0.844021
0.405085 -0.349434 -0.257415 0.079549 -0.993567 0.080603 0.829417 0.924369
0.169170 -0.341087 -0.471877 -0.330080 -0.900500 -0.283101 0.897609 0.843004
0.408596 -0.344950 -0.233992 0.214362 -0.943443 0.252912 0.821665 0.925853
0.167362 -0.330365 -0.495138 -0.443358 -0.781142 -0.439604 0.905314 0.842096
0.397711 -0.316114 -0.178039 0.361880 -0.623111 0.693380 0.276859 0.932190
0.178558 -0.299050 -0.537008 -0.518089 -0.433653 -0.737244 0.182936 0.937815
0.401820 -0.323640 -0.187973 0.352112 -0.706781 0.613578 0.806240 0.924226
0.405182 -0.316114 -0.182149 0.389268 -0.623177 0.678322 0.804340 0.925426
0.397711 -0.316114 -0.178039 0.361880 -0.623111 0.693380 0.802872 0.922995
0.391759 -0.307883 -0.168583 0.361546 -0.531735 0.765861 0.273876 0.930635
0.191128 -0.280027 -0.552902 -0.483194 -0.222253 -0.846834 0.189120 0.944117
0.175038 -0.307883 -0.528407 -0.516244 -0.531605 -0.671481 0.180015 0.934731
0.377727 -0.289725 -0.153315 0.326507 -0.329985 0.885722 0.267427 0.926667
0.181688 -0.349434 -0.440323 -0.094256 -0.993578 -0.062599 0.887286 0.847587
0.369410 -0.280027 -0.147544 0.293024 -0.222352 0.929890 0.264037 0.924173
0.172251 -0.323640 -0.509976 -0.464463 -0.706494 -0.533985 0.174721 0.928597
0.360588 -0.270077 -0.143213 0.242134 -0.050935 0.968905 0.260595 0.921452
0.349589 -0.270938 -0.140665 0.247785 -0.742491 0.622342 0.260779 0.917928
0.183961 -0.299050 -0.540672 -0.489266 -0.433573 -0.756725 0.182857 0.939517
0.403150 -0.330365 -0.197537 0.334164 -0.781362 0.527074 0.809447 0.924537
0.404651 -0.341087 -0.219080 0.255267 -0.900463 0.352145 0.816647 0.924742
0.179460 -0.347744 -0.454311 -0.178144 -0.974712 -0.134916 0.891909 0.846659
0.386590 -0.307883 -0.166257 0.330675 -0.531667 0.779733 0.273801 0.929028
0.205650 -0.270077 -0.562462 -0.430344 -0.112527 -0.895624 0.064761 0.852744
0.191989 -0.260000 -0.555991 -0.489735 -0.028479 -0.871406 0.067865 0.848971
0.205406 -0.260000 -0.562972 -0.431350 -0.028392 -0.901738 0.068118 0.852619
0.402350 -0.347744 -0.241411 0.144743 -0.974621 0.170771 0.824053 0.923674
0.190283 -0.270077 -0.554366 -0.493741 -0.112303 -0.862327 0.064469 0.848575
0.394593 -0.323640 -0.183998 0.327349 -0.706716 0.627212 0.804821 0.921874
0.176313 -0.344950 -0.465883 -0.251501 -0.943512 -0.215714 0.895714 0.845459
0.398057 -0.330365 -0.194490 0.310530 -0.781512 0.541120 0.808365 0.922883
0.173182 -0.336205 -0.489318 -0.378516 -0.846091 -0.375307 0.903461 0.844108
0.389291 -0.316114 -0.173876 0.333870 -0.623172 0.707240 0.276728 0.929588
0.181358 -0.307883 -0.533009 -0.486937 -0.531761 -0.692909 0.179925 0.936823
0.192525 -0.289725 -0.550482 -0.467844 -0.329899 -0.819932 0.185856 0.943487
0.376406 -0.299050 -0.156944 0.311689 -0.433517 0.845525 0.270606 0.926069
0.368571 -0.289725 -0.150208 0.283709 -0.330037 0.900325 0.267318 0.923776
0.178562 -0.316114 -0.523750 -0.476758 -0.623024 -0.620115 0.177186 0.933602
0.360150 -0.280027 -0.144846 0.251199 -0.222852 0.941932 0.263937 0.921231
0.177185 -0.330365 -0.504294 -0.409678 -0.781230 -0.471002 0.908492 0.845242
0.172251 -0.323640 -0.509976 -0.464463 -0.706494 -0.533985 0.910309 0.843528
0.398815 -0.336205 -0.204535 0.285245 -0.846295 0.449911 0.811724 0.922998
0.186639 -0.307883 -0.536590 -0.459854 -0.531673 -0.711237 0.179848 0.938487
0.399179 -0.344950 -0.226630 0.194520 -0.943479 0.268344 0.819089 0.922818
0.187357 -0.349434 -0.448258 -0.089967 -0.993607 -0.068200 0.890002 0.849367
0.206380 -0.280027 -0.560937 -0.422974 -0.222244 -0.878465 0.061426 0.853118
0.191128 -0.280027 -0.552902 -0.483194 -0.222253 -0.846834 0.061136 0.848980
0.384265 -0.316114 -0.171614 0.305369 -0.623099 0.720068 0.276655 0.928025
0.395941 -0.349434 -0.249022 0.073307 -0.993554 0.086472 0.826501 0.921439
0.183743 -0.347744 -0.459649 -0.169754 -0.974670 -0.145605 0.893742 0.848013
0.179428 -0.341087 -0.483072 -0.308916 -0.900418 -0.306296 0.901471 0.846267
0.391104 -0.330365 -0.190666 0.288700 -0.781449 0.553164 0.807000 0.920621
0.393941 -0.336205 -0.201619 0.265041 -0.846432 0.461850 0.810688 0.921415
0.386449 -0.323640 -0.179971 0.302003 -0.706778 0.639733 0.803372 0.919218
0.184708 -0.316114 -0.528225 -0.449665 -0.623195 -0.639866 0.177098 0.935636
0.389291 -0.316114 -0.173876 0.333870 -0.623172 0.707240 0.801374 0.920249
0.386449 -0.323640 -0.179971 0.302003 -0.706778 0.639733 0.279363 0.928384
0.194456 -0.299050 -0.547137 -0.446623 -0.433410 -0.782741 0.182701 0.942617
0.374736 -0.307883 -0.161532 0.292958 -0.531612 0.794710 0.273644 0.925316
0.182621 -0.323640 -0.518388 -0.431277 -0.706631 -0.560956 0.913247 0.846866
0.178562 -0.316114 -0.523750 -0.476758 -0.623024 -0.620115 0.914969 0.845447
0.184708 -0.316114 -0.528225 -0.449665 -0.623195 -0.639866 0.916541 0.847432
0.167841 -0.316114 -0.515054 -0.513412 -0.622893 -0.590265 0.911932 0.841996
0.367410 -0.299050 -0.153892 0.270826 -0.433579 0.859455 0.270499 0.923229
0.219471 -0.270077 -0.568511 -0.376225 -0.111860 -0.919751 0.064995 0.856607
0.219262 -0.260000 -0.569037 -0.371432 -0.026446 -0.928083 0.068353 0.856492
0.359427 -0.289725 -0.147545 0.242721 -0.330018 0.912236 0.267220 0.920871
0.182583 -0.336205 -0.498080 -0.349737 -0.846173 -0.402088 0.906502 0.847118
0.189843 -0.316114 -0.531707 -0.424664 -0.623100 -0.656816 0.177024 0.937254
0.394163 -0.341087 -0.212044 0.232739 -0.900598 0.367090 0.814165 0.921347
0.349256 -0.280027 -0.142219 0.207720 -0.224704 0.952030 0.263834 0.917746
0.207586 -0.289725 -0.558416 -0.409537 -0.329876 -0.850565 0.058154 0.853737
0.194456 -0.299050 -0.547137 -0.446623 -0.433410 -0.782741 0.054706 0.850578
0.192525 -0.289725 -0.550482 -0.467844 -0.329899 -0.819932 0.057868 0.849651
0.393487 -0.347744 -0.234482 0.131321 -0.974647 0.181159 0.821629 0.920818
0.191365 -0.349434 -0.453254 -0.085865 -0.993580 -0.073659 0.891718 0.850634
0.381587 -0.323640 -0.177783 0.276230 -0.706705 0.651357 0.279292 0.926872
0.387288 -0.336205 -0.197959 0.246420 -0.846374 0.472153 0.809381 0.919250
0.186022 -0.344950 -0.476478 -0.235426 -0.943444 -0.233426 0.899370 0.848548
0.188565 -0.323640 -0.522716 -0.406740 -0.706805 -0.578782 0.914767 0.848786
0.189843 -0.316114 -0.531707 -0.424664 -0.623100 -0.656816 0.917768 0.849094
0.389525 -0.341087 -0.209269 0.216219 -0.900715 0.376778 0.813179 0.919841
0.383268 -0.330365 -0.186792 0.266338 -0.781510 0.564187 0.805606 0.918065
0.196897 -0.307883 -0.542909 -0.419796 -0.531488 -0.735725 0.179695 0.941516
0.381587 -0.323640 -0.177783 0.276230 -0.706705 0.651357 0.802579 0.917630
0.372739 -0.316114 -0.167020 0.270549 -0.623032 0.733917 0.276501 0.924416
0.225739 -0.270077 -0.570899 -0.338143 -0.109375 -0.934717 0.065093 0.858392
0.233493 -0.260000 -0.574157 -0.306126 -0.025525 -0.951649 0.068568 0.860572
0.365944 -0.307883 -0.158549 0.254547 -0.531683 0.807787 0.273539 0.922540
0.187163 -0.330365 -0.512387 -0.380379 -0.781369 -0.494747 0.911318 0.848454
0.220096 -0.280027 -0.566940 -0.369120 -0.222322 -0.902399 0.061658 0.856952
0.358428 -0.299050 -0.151276 0.231702 -0.433558 0.870828 0.270403 0.920375
0.188375 -0.341087 -0.491410 -0.285403 -0.900490 -0.328121 0.904366 0.849132
0.341179 -0.280027 -0.140641 0.164432 -0.218595 0.961862 0.263766 0.915146
0.328314 -0.273786 -0.137555 0.136891 -0.762108 0.632813 0.261571 0.911034
0.389253 -0.344950 -0.219970 0.177303 -0.943590 0.279646 0.816741 0.919605
0.193532 -0.323640 -0.526084 -0.384140 -0.706708 -0.594138 0.915954 0.850393
0.348669 -0.289725 -0.144951 0.201229 -0.330033 0.922272 0.267118 0.917429
0.209252 -0.299050 -0.554932 -0.390965 -0.433378 -0.811991 0.054987 0.854592
0.387647 -0.349434 -0.242538 0.066519 -0.993566 0.091664 0.824233 0.918766
0.192879 -0.347744 -0.469621 -0.158967 -0.974622 -0.157614 0.897183 0.850920
0.378591 -0.330365 -0.184687 0.243615 -0.781440 0.574459 0.804843 0.916537
0.233667 -0.270077 -0.573618 -0.301796 -0.111874 -0.946786 0.065210 0.860677
0.383193 -0.341087 -0.205786 0.201042 -0.900664 0.385209 0.811936 0.917780
0.384863 -0.344950 -0.217344 0.164677 -0.943682 0.286960 0.815808 0.918179
0.192882 -0.330365 -0.516552 -0.358701 -0.781537 -0.510425 0.912781 0.850301
0.199818 -0.316114 -0.537851 -0.387695 -0.622904 -0.679473 0.176875 0.940200
0.199818 -0.316114 -0.537851 -0.387695 -0.622904 -0.679473 0.919946 0.852331
0.379790 -0.336205 -0.194252 0.227322 -0.846431 0.481539 0.808047 0.916805
0.226317 -0.280027 -0.569310 -0.331747 -0.222392 -0.916780 0.061755 0.858724
0.192130 -0.336205 -0.505824 -0.324695 -0.846299 -0.422316 0.909207 0.850192
0.370439 -0.323640 -0.173340 0.244742 -0.706637 0.663902 0.279144 0.923381
0.364189 -0.316114 -0.164120 0.235069 -0.623109 0.745974 0.276400 0.921717
0.221130 -0.289725 -0.564345 -0.357391 -0.329996 -0.873713 0.058383 0.857523
0.357164 -0.307883 -0.155991 0.217777 -0.531655 0.818484 0.273445 0.919750
0.194489 -0.344950 -0.484370 -0.217474 -0.943501 -0.250023 0.902109 0.851259
0.340694 -0.289725 -0.143392 0.158794 -0.330005 0.930528 0.267051 0.914862
0.197661 -0.330365 -0.519791 -0.338783 -0.781445 -0.523995 0.913923 0.851848
0.384145 -0.347744 -0.228214 0.119632 -0.974725 0.188680 0.819418 0.917793
0.211359 -0.307883 -0.550528 -0.367486 -0.531450 -0.763226 0.051965 0.855672
0.196897 -0.307883 -0.542909 -0.419796 -0.531488 -0.735725 0.051690 0.851749
0.199818 -0.316114 -0.537851 -0.387695 -0.622904 -0.679473 0.048858 0.853151
0.347859 -0.299050 -0.148727 0.192097 -0.433577 0.880403 0.270302 0.916994
0.199915 -0.349434 -0.462585 -0.080498 -0.993555 -0.079808 0.894937 0.853354
0.328176 -0.280027 -0.138741 0.119531 -0.232491 0.965226 0.263671 0.910933
0.234185 -0.280027 -0.572009 -0.296104 -0.222353 -0.928914 0.061871 0.860992
0.375314 -0.336205 -0.192237 0.207937 -0.846365 0.490335 0.807317 0.915343
0.197603 -0.336205 -0.509809 -0.306148 -0.846455 -0.435646 0.910606 0.851959
0.378870 -0.344950 -0.214048 0.153136 -0.943641 0.293414 0.814631 0.916229
0.203180 -0.323640 -0.532027 -0.350729 -0.706502 -0.614691 0.918061 0.853524
0.380013 -0.347744 -0.225743 0.111061 -0.974787 0.193533 0.818540 0.916452
0.227273 -0.289725 -0.566685 -0.321196 -0.330088 -0.887623 0.058479 0.859272
0.376057 -0.341087 -0.202258 0.185451 -0.900714 0.392839 0.810666 0.915453
0.197461 -0.341087 -0.498781 -0.264926 -0.900600 -0.344577 0.906940 0.852057
0.367865 -0.330365 -0.180411 0.215857 -0.781374 0.585543 0.803276 0.913025
0.370439 -0.323640 -0.173340 0.244742 -0.706637 0.663902 0.800951 0.913980
0.244412 -0.270077 -0.576787 -0.251083 -0.112453 -0.961411 0.065356 0.863823
0.248037 -0.260000 -0.578309 -0.239950 -0.029299 -0.970343 0.068762 0.864842
0.362169 -0.323640 -0.170534 0.212635 -0.706715 0.674789 0.279046 0.920770
0.222559 -0.299050 -0.560756 -0.341177 -0.433527 -0.834058 0.055213 0.858311
0.355652 -0.316114 -0.161633 0.201112 -0.623084 0.755858 0.276308 0.919004
0.200848 -0.347744 -0.477048 -0.146801 -0.974662 -0.168773 0.899761 0.853472
0.340023 -0.299050 -0.147196 0.151587 -0.433543 0.888291 0.270236 0.914472
0.202176 -0.336205 -0.512909 -0.289166 -0.846370 -0.447259 0.911699 0.853439
0.321913 -0.280027 -0.138104 0.070072 -0.219743 0.973038 0.263633 0.908893
0.304029 -0.274996 -0.136263 0.006087 -0.773194 0.634141 0.261851 0.903068
0.378905 -0.349434 -0.236673 0.060393 -0.993614 0.095305 0.822164 0.915936
0.213879 -0.316114 -0.545260 -0.339395 -0.622861 -0.704880 0.049125 0.856965
0.213879 -0.316114 -0.545260 -0.339395 -0.622861 -0.704880 0.922599 0.856911
0.346834 -0.307883 -0.153500 0.180547 -0.531680 0.827478 0.273347 0.916445
0.235042 -0.289725 -0.569350 -0.286688 -0.330032 -0.899382 0.058594 0.861512
0.327854 -0.289725 -0.141517 0.116011 -0.330026 0.936816 0.266958 0.910702
0.202669 -0.341087 -0.502573 -0.249749 -0.900735 -0.355391 0.908271 0.853739
0.206943 -0.330365 -0.525510 -0.309357 -0.781241 -0.542181 0.915950 0.854860
0.371797 -0.341087 -0.200340 0.169647 -0.900659 0.400043 0.809971 0.914061
0.228594 -0.299050 -0.563056 -0.306611 -0.433648 -0.847313 0.055307 0.860030
0.374373 -0.347744 -0.222641 0.103298 -0.974759 0.197924 0.817433 0.914617
0.203088 -0.344950 -0.491346 -0.201823 -0.943590 -0.262498 0.904545 0.854027
0.375038 -0.349434 -0.234360 0.056046 -0.993640 0.097667 0.821343 0.914680
0.244850 -0.280027 -0.575154 -0.244193 -0.222254 -0.943914 0.062016 0.864113
0.372116 -0.344950 -0.210708 0.141242 -0.943680 0.299196 0.813429 0.914027
0.224365 -0.307883 -0.556221 -0.320665 -0.531627 -0.783930 0.052185 0.859308
0.365050 -0.336205 -0.188146 0.184255 -0.846303 0.499822 0.805818 0.911982
0.207372 -0.349434 -0.469535 -0.074321 -0.993575 -0.085353 0.897350 0.855742
0.359909 -0.330365 -0.177712 0.187531 -0.781451 0.595118 0.802272 0.910414
0.362169 -0.323640 -0.170534 0.212635 -0.706715 0.674789 0.799907 0.911266
0.207022 -0.341087 -0.505524 -0.235919 -0.900661 -0.364900 0.909311 0.855148
0.353912 -0.323640 -0.168129 0.181920 -0.706687 0.683738 0.278957 0.918146
0.216781 -0.323640 -0.539193 -0.307042 -0.706459 -0.637684 0.920627 0.857954
0.339175 -0.307883 -0.152003 0.142472 -0.531642 0.834900 0.273282 0.913980
0.236227 -0.299050 -0.565673 -0.273669 -0.433580 -0.858553 0.055419 0.862230
0.321670 -0.289725 -0.140887 0.070010 -0.329952 0.941398 0.266920 0.908687
0.345608 -0.316114 -0.159210 0.166732 -0.623111 0.764155 0.276213 0.915791
0.208018 -0.344950 -0.494935 -0.190208 -0.943696 -0.270664 0.905805 0.855619
0.211059 -0.336205 -0.518381 -0.264090 -0.846183 -0.462851 0.913639 0.856322
0.327409 -0.299050 -0.145353 0.110742 -0.433569 0.894290 0.270145 0.910385
0.230264 -0.307883 -0.558468 -0.288163 -0.531765 -0.796359 0.052277 0.860988
0.208941 -0.347744 -0.483613 -0.136175 -0.974725 -0.177110 0.902053 0.856077
0.368084 -0.344950 -0.208894 0.129216 -0.943637 0.304715 0.812772 0.912709
0.369760 -0.349434 -0.231457 0.052104 -0.993638 0.099841 0.820306 0.912963
0.262926 -0.270077 -0.580918 -0.178089 -0.113018 -0.977503 0.065577 0.869365
0.262826 -0.260000 -0.581475 -0.176258 -0.028356 -0.983935 0.068936 0.869281
0.368017 -0.347744 -0.219498 0.095258 -0.974787 0.201782 0.816302 0.912544
0.245573 -0.289725 -0.572455 -0.236433 -0.329897 -0.913930 0.058737 0.864594
0.362028 -0.341087 -0.196447 0.150340 -0.900603 0.407814 0.808545 0.910863
0.226526 -0.316114 -0.550795 -0.296136 -0.623052 -0.723954 0.049340 0.860500
0.304022 -0.280027 -0.137262 0.003324 -0.235686 0.971824 0.263546 0.903020
0.212137 -0.344950 -0.497728 -0.179699 -0.943638 -0.277949 0.906790 0.856953
0.357436 -0.336205 -0.185563 0.160068 -0.846375 0.507965 0.804857 0.909483
0.220029 -0.330365 -0.532404 -0.270829 -0.781201 -0.562474 0.918419 0.859122
0.351964 -0.330365 -0.175398 0.160445 -0.781422 0.603023 0.801395 0.907802
0.353912 -0.323640 -0.168129 0.181920 -0.706687 0.683738 0.798996 0.908550
0.237724 -0.307883 -0.561027 -0.257220 -0.531682 -0.806940 0.052387 0.863138
0.338161 -0.316114 -0.157755 0.131574 -0.623068 0.771022 0.276150 0.913394
0.213580 -0.347744 -0.486991 -0.128270 -0.974798 -0.182524 0.903239 0.857575
0.321333 -0.299050 -0.144735 0.066829 -0.433475 0.898684 0.270107 0.908405
0.344196 -0.323640 -0.165786 0.150823 -0.706713 0.691237 0.798086 0.905349
0.215475 -0.341087 -0.510731 -0.215506 -0.900498 -0.377704 0.911157 0.857891
0.344196 -0.323640 -0.165786 0.150823 -0.706713 0.691237 0.278865 0.915038
0.232261 -0.316114 -0.552980 -0.266108 -0.623197 -0.735399 0.049429 0.862134
0.326846 -0.307883 -0.150203 0.104091 -0.531670 0.840531 0.273193 0.909986
0.214946 -0.349434 -0.475679 -0.068743 -0.993615 -0.089462 0.899496 0.858180
0.364223 -0.347744 -0.217790 0.087162 -0.974757 0.205550 0.815683 0.911304
0.363812 -0.349434 -0.228516 0.048074 -0.993640 0.101829 0.819248 0.911023
0.263224 -0.280027 -0.579253 -0.176068 -0.222229 -0.958965 0.062235 0.869614
0.358839 -0.344950 -0.205209 0.114531 -0.943592 0.310670 0.811422 0.909683
0.246573 -0.299050 -0.568724 -0.225707 -0.433403 -0.872478 0.055560 0.865258
0.304003 -0.289725 -0.140056 0.003229 -0.329793 0.944048 0.266834 0.902888
0.229014 -0.323640 -0.544547 -0.267886 -0.706656 -0.654885 0.922572 0.861952
0.226526 -0.316114 -0.550795 -0.296136 -0.623052 -0.723954 0.924610 0.861045
0.232261 -0.316114 -0.552980 -0.266108 -0.623197 -0.735399 0.925414 0.862924
0.354783 -0.341087 -0.193989 0.130591 -0.900663 0.414430 0.807630 0.908485
0.217457 -0.347744 -0.489619 -0.121217 -0.974758 -0.187492 0.904166 0.858830
0.277857 -0.270077 -0.583077 -0.109113 -0.111831 -0.987719 0.065727 0.873942
0.277795 -0.260000 -0.583640 -0.109756 -0.028348 -0.993554 0.069087 0.873870
0.349834 -0.336205 -0.183349 0.136951 -0.846350 0.514720 0.804018 0.906983
0.223581 -0.336205 -0.524979 -0.231211 -0.846144 -0.480189 0.916002 0.860400
0.336993 -0.323640 -0.164378 0.119018 -0.706673 0.697458 0.278804 0.912720
0.320908 -0.307883 -0.149598 0.062814 -0.531560 0.844688 0.273156 0.908051
0.239515 -0.316114 -0.555468 -0.237539 -0.623108 -0.745193 0.049536 0.864225
0.342617 -0.330365 -0.173144 0.133015 -0.781449 0.609627 0.800520 0.904721
0.336993 -0.323640 -0.164378 0.119018 -0.706673 0.697458 0.797521 0.902971
0.219287 -0.349434 -0.478840 -0.064718 -0.993645 -0.092092 0.900606 0.859582
0.326173 -0.316114 -0.156004 0.096129 -0.623100 0.776213 0.276063 0.909510
0.220137 -0.344950 -0.502656 -0.164207 -0.943508 -0.287801 0.908537 0.859549
0.360261 -0.349434 -0.226918 0.043962 -0.993636 0.103710 0.818669 0.909863
0.234561 -0.323640 -0.546660 -0.240706 -0.706804 -0.665198 0.923350 0.863770
0.239515 -0.316114 -0.555468 -0.237539 -0.623108 -0.745193 0.926339 0.865304
0.355522 -0.347744 -0.214322 0.077277 -0.974725 0.209615 0.814413 0.908455
0.303977 -0.299050 -0.143918 0.003082 -0.433276 0.901256 0.270023 0.902708
0.263717 -0.289725 -0.576503 -0.170477 -0.329854 -0.928512 0.058953 0.870025
0.247836 -0.307883 -0.564009 -0.212151 -0.531477 -0.820076 0.052525 0.866098
0.351982 -0.344950 -0.202882 0.099474 -0.943641 0.315669 0.810556 0.907432
0.231798 -0.330365 -0.537555 -0.236265 -0.781395 -0.577582 0.920290 0.862969
0.347547 -0.341087 -0.191881 0.111734 -0.900640 0.419955 0.806832 0.906106
0.222915 -0.349434 -0.481299 -0.061141 -0.993637 -0.094594 0.901473 0.860757
0.335687 -0.330365 -0.171789 0.104966 -0.781408 0.615129 0.799977 0.902434
0.278043 -0.280027 -0.581397 -0.107055 -0.222264 -0.969091 0.062385 0.874157
0.320399 -0.316114 -0.155417 0.058006 -0.622987 0.780079 0.276028 0.907628
0.227393 -0.341087 -0.517010 -0.188687 -0.900464 -0.391871 0.913406 0.861773
0.283087 -0.280027 -0.138104 -0.077886 -0.228469 0.970431 0.263488 0.896070
0.279349 -0.274024 -0.137299 -0.123303 -0.768028 0.628435 0.261461 0.894874
0.241578 -0.323640 -0.549067 -0.214871 -0.706713 -0.674082 0.924245 0.866072
0.340889 -0.336205 -0.181192 0.113538 -0.846374 0.520347 0.803181 0.904036
0.224987 -0.347744 -0.494257 -0.110838 -0.974667 -0.194267 0.905810 0.861273
0.325398 -0.323640 -0.162684 0.086954 -0.706707 0.702143 0.278720 0.908963
0.352119 -0.349434 -0.223672 0.039050 -0.993608 0.105917 0.817480 0.907197
0.237135 -0.330365 -0.539589 -0.212278 -0.781538 -0.586632 0.921038 0.864718
0.264398 -0.299050 -0.572701 -0.162750 -0.433350 -0.886409 0.055772 0.870594
0.303943 -0.307883 -0.148800 0.002895 -0.531328 0.847161 0.273074 0.902482
0.249348 -0.316114 -0.558367 -0.195929 -0.622889 -0.757378 0.049670 0.867103
0.241578 -0.323640 -0.549067 -0.214871 -0.706713 -0.674082 0.046901 0.865476
0.349068 -0.347744 -0.212133 0.067101 -0.974759 0.212936 0.813598 0.906337
0.292899 -0.270077 -0.584229 -0.048565 -0.111851 -0.992537 0.065855 0.878649
0.292875 -0.260000 -0.584794 -0.044230 -0.026839 -0.998661 0.069215 0.878589
0.345134 -0.344950 -0.200888 0.085112 -0.943622 0.319895 0.809800 0.905180
0.234843 -0.336205 -0.529908 -0.201673 -0.846325 -0.493013 0.917793 0.864081
0.334257 -0.336205 -0.179895 0.089599 -0.846336 0.525060 0.802661 0.901847
0.278349 -0.289725 -0.578620 -0.103655 -0.329906 -0.938306 0.059101 0.874512
0.319813 -0.323640 -0.162116 0.052468 -0.706592 0.705673 0.278685 0.907143
0.283330 -0.289725 -0.140887 -0.080674 -0.329776 0.940606 0.266776 0.896025
0.231416 -0.344950 -0.508598 -0.143784 -0.943481 -0.298613 0.910665 0.863222
0.243886 -0.330365 -0.541904 -0.189501 -0.781449 -0.594498 0.921899 0.866933
0.339034 -0.341087 -0.189828 0.092631 -0.900663 0.424530 0.806035 0.903301
0.229962 -0.349434 -0.485640 -0.056071 -0.993578 -0.098282 0.903011 0.863043
0.324530 -0.330365 -0.170160 0.076690 -0.781441 0.619249 0.799285 0.898743
0.239950 -0.336205 -0.531854 -0.181181 -0.846454 -0.500689 0.918508 0.865755
0.325398 -0.323640 -0.162684 0.086954 -0.706707 0.702143 0.796802 0.899135
0.265258 -0.307883 -0.567896 -0.152979 -0.531422 -0.833180 0.052732 0.871314
0.303903 -0.316114 -0.154640 0.002672 -0.622729 0.782433 0.275947 0.902214
0.346080 -0.349434 -0.221623 0.033847 -0.993638 0.107412 0.816717 0.905215
0.251088 -0.323640 -0.551871 -0.177243 -0.706495 -0.685164 0.047030 0.868260
0.342624 -0.347744 -0.210255 0.057417 -0.974747 0.215805 0.812887 0.904218
0.251088 -0.323640 -0.551871 -0.177243 -0.706495 -0.685164 0.925305 0.869199
0.292972 -0.280027 -0.582540 -0.047650 -0.222305 -0.973812 0.062512 0.878828
0.332723 -0.341087 -0.188595 0.073098 -0.900632 0.428391 0.805540 0.901217
0.302500 -0.270077 -0.584434 0.008314 -0.112407 -0.993627 0.065925 0.881701
0.307999 -0.260000 -0.584933 0.026426 -0.029961 -0.999202 0.069320 0.883415
0.319157 -0.330365 -0.169613 0.046274 -0.781331 0.622400 0.799031 0.896963
0.238111 -0.341087 -0.521701 -0.164551 -0.900623 -0.402246 0.915111 0.865276
0.319813 -0.323640 -0.162116 0.052468 -0.706592 0.705673 0.796539 0.897285
0.283667 -0.299050 -0.144735 -0.077017 -0.433251 0.897977 0.269967 0.895966
0.278773 -0.299050 -0.574781 -0.098952 -0.433412 -0.895747 0.055918 0.875002
0.337077 -0.344950 -0.198945 0.070557 -0.943640 0.323366 0.809046 0.902525
0.235601 -0.347744 -0.499850 -0.097070 -0.974647 -0.201595 0.907813 0.864730
0.263821 -0.280027 -0.140641 -0.155975 -0.221312 0.962649 0.263476 0.889599
0.246410 -0.336205 -0.534069 -0.161750 -0.846372 -0.507436 0.919332 0.867875
0.257643 -0.271317 -0.140246 -0.240735 -0.745046 0.622056 0.260551 0.887581
0.323581 -0.336205 -0.178336 0.065462 -0.846368 0.528561 0.801999 0.898315
0.242972 -0.341087 -0.523553 -0.147806 -0.900734 -0.408452 0.915792 0.866869
0.266288 -0.316114 -0.562147 -0.141285 -0.622828 -0.769496 0.049872 0.872174
0.257951 -0.280027 -0.141757 -0.202842 -0.225735 0.952837 0.263481 0.887613
0.303857 -0.323640 -0.161365 0.002417 -0.706324 0.707884 0.278608 0.901906
0.253036 -0.330365 -0.544602 -0.156332 -0.781235 -0.604345 0.922919 0.869941
0.303857 -0.323640 -0.161365 0.002417 -0.706324 0.707884 0.796075 0.891986
0.340049 -0.349434 -0.219867 0.028999 -0.993619 0.108999 0.816052 0.903232
0.293091 -0.289725 -0.579748 -0.046139 -0.329968 -0.942864 0.059227 0.879124
0.331104 -0.344950 -0.197777 0.055683 -0.943614 0.326332 0.808578 0.900554
0.302500 -0.280027 -0.582744 0.010831 -0.222258 -0.974928 0.062581 0.881858
0.318439 -0.336205 -0.177813 0.039497 -0.846268 0.531291 0.801756 0.896611
0.241560 -0.344950 -0.513038 -0.125351 -0.943609 -0.306413 0.912278 0.866538
0.284092 -0.307883 -0.149598 -0.072395 -0.531301 0.844084 0.273019 0.895893
0.279310 -0.307883 -0.569928 -0.093008 -0.531494 -0.841941 0.052874 0.875621
0.335041 -0.347744 -0.208427 0.047597 -0.974759 0.218127 0.812177 0.901720
0.239895 -0.349434 -0.490874 -0.049169 -0.993567 -0.102015 0.904886 0.866278
0.264306 -0.289725 -0.143392 -0.149871 -0.329926 0.932034 0.266765 0.889636
0.249120 -0.341087 -0.525662 -0.131958 -0.900665 -0.413993 0.916576 0.868886
0.246161 -0.344950 -0.514791 -0.112564 -0.943697 -0.311072 0.912923 0.868045
0.322563 -0.341087 -0.187111 0.053409 -0.900660 0.431230 0.804910 0.897856
0.267474 -0.323640 -0.555527 -0.127819 -0.706424 -0.696151 0.047226 0.873165
0.258510 -0.289725 -0.144494 -0.196556 -0.330027 0.923281 0.266770 0.887674
0.255166 -0.336205 -0.536651 -0.133456 -0.846175 -0.515924 0.920308 0.870754
0.293257 -0.299050 -0.575889 -0.044045 -0.433495 -0.900079 0.056041 0.879533
0.303806 -0.330365 -0.168890 0.002130 -0.781070 0.624440 0.798585 0.891865
0.329420 -0.347744 -0.207328 0.037565 -0.974741 0.220154 0.811736 0.899864
0.317669 -0.341087 -0.186613 0.032224 -0.900575 0.433505 0.804679 0.896235
0.302500 -0.289725 -0.579950 0.010491 -0.329900 -0.943958 0.059294 0.882116
0.284601 -0.316114 -0.155417 -0.066862 -0.622704 0.779596 0.275894 0.895806
0.322061 -0.270077 -0.583580 0.083899 -0.113739 -0.989962 0.066036 0.888039
0.323098 -0.260000 -0.584055 0.092178 -0.028158 -0.995344 0.069401 0.888327
0.235938 -0.270077 -0.145663 -0.284940 -0.126863 0.950113 0.260188 0.880182
0.235846 -0.266800 -0.145369 -0.347411 -0.700418 0.623474 0.259092 0.880167
0.245148 -0.347744 -0.504028 -0.084570 -0.974738 -0.206722 0.909331 0.867851
0.332953 -0.349434 -0.218155 0.024017 -0.993638 0.110031 0.815387 0.900894
0.279951 -0.316114 -0.564123 -0.085898 -0.622908 -0.777565 0.050010 0.876363
0.264977 -0.299050 -0.147196 -0.143070 -0.433446 0.889750 0.269956 0.889688
0.251979 -0.344950 -0.516787 -0.100514 -0.943641 -0.315340 0.913665 0.869955
0.249478 -0.347744 -0.505678 -0.075909 -0.974798 -0.209778 0.909938 0.869269
0.244850 -0.280027 -0.144846 -0.247738 -0.216298 0.944373 0.263506 0.883154
0.268801 -0.330365 -0.548120 -0.112748 -0.781166 -0.614058 0.924301 0.875140
0.321488 -0.344950 -0.196373 0.040686 -0.943637 0.328471 0.807981 0.897373
0.259283 -0.299050 -0.148279 -0.187641 -0.433566 0.881369 0.269960 0.887761
0.267474 -0.323640 -0.555527 -0.127819 -0.706424 -0.696151 0.926741 0.874603
0.257453 -0.341087 -0.528119 -0.108901 -0.900495 -0.421011 0.917505 0.871626
0.303750 -0.336205 -0.177121 0.001817 -0.846023 0.533144 0.801329 0.891733
0.293465 -0.307883 -0.571012 -0.041399 -0.531585 -0.845993 0.052995 0.880050
0.327692 -0.349434 -0.217127 0.018972 -0.993616 0.111206 0.814975 0.899157
0.302500 -0.299050 -0.576087 0.010017 -0.433408 -0.901142 0.056108 0.882472
0.316857 -0.344950 -0.195902 0.024548 -0.943572 0.330257 0.807763 0.895838
0.321913 -0.280027 -0.581896 0.081186 -0.222215 -0.971612 0.062691 0.888147
0.285187 -0.323640 -0.162116 -0.060492 -0.706298 0.705325 0.278556 0.895708
0.248829 -0.349434 -0.494784 -0.042681 -0.993623 -0.104362 0.906306 0.869199
0.280689 -0.323640 -0.557439 -0.077708 -0.706506 -0.703428 0.047359 0.877216
0.236439 -0.280027 -0.147278 -0.291165 -0.222351 0.930475 0.263533 0.880272
0.265825 -0.307883 -0.152003 -0.134467 -0.531532 0.836297 0.273008 0.889757
0.254954 -0.347744 -0.507556 -0.067803 -0.974759 -0.212715 0.910636 0.871066
0.245573 -0.289725 -0.147545 -0.239503 -0.329999 0.913093 0.266795 0.883271
0.338015 -0.270077 -0.581606 0.156506 -0.112131 -0.981291 0.066098 0.893325
0.338104 -0.260000 -0.582165 0.158180 -0.028303 -0.987005 0.069458 0.893302
0.252881 -0.349434 -0.496328 -0.038299 -0.993645 -0.105842 0.906874 0.870526
0.225739 -0.270077 -0.149101 -0.341628 -0.121963 0.931888 0.260232 0.876667
0.223425 -0.263386 -0.149421 -0.424364 -0.674013 0.604667 0.258009 0.875893
0.320370 -0.347744 -0.206006 0.027445 -0.974758 0.221573 0.811175 0.896870
0.270253 -0.336205 -0.540017 -0.096258 -0.846113 -0.524239 0.921631 0.875728
0.259866 -0.344950 -0.519112 -0.082978 -0.943504 -0.320802 0.914544 0.872548
0.260259 -0.307883 -0.153062 -0.176357 -0.531668 0.828389 0.273013 0.887873
0.293715 -0.316114 -0.565177 -0.038233 -0.623004 -0.781284 0.050127 0.880669
0.303689 -0.341087 -0.185954 0.001481 -0.900358 0.435148 0.804273 0.891592
0.302500 -0.307883 -0.571205 0.009414 -0.531488 -0.847013 0.053060 0.882923
0.316012 -0.347744 -0.205563 0.016558 -0.974713 0.222845 0.810969 0.895426
0.321670 -0.289725 -0.579113 0.078608 -0.329839 -0.940759 0.059404 0.888326
0.285843 -0.330365 -0.169613 -0.053363 -0.781040 0.622197 0.798585 0.885878
0.285187 -0.323640 -0.162116 -0.060492 -0.706298 0.705325 0.796075 0.885764
0.237268 -0.289725 -0.149946 -0.281910 -0.330038 0.900889 0.266821 0.880426
0.281516 -0.330365 -0.549959 -0.068540 -0.781246 -0.620449 0.925083 0.879346
0.280689 -0.323640 -0.557439 -0.077708 -0.706506 -0.703428 0.927554 0.878974
0.266839 -0.316114 -0.157755 -0.124185 -0.622952 0.772340 0.275883 0.889840
0.258005 -0.349434 -0.498085 -0.034196 -0.993638 -0.107304 0.907528 0.872208
0.246573 -0.299050 -0.151276 -0.228633 -0.433534 0.871651 0.269985 0.883436
0.337747 -0.280027 -0.579937 0.153224 -0.222255 -0.962873 0.062752 0.893394
0.271810 -0.341087 -0.531322 -0.078558 -0.900439 -0.427830 0.918763 0.876360
0.226317 -0.280027 -0.150690 -0.336312 -0.222312 0.915135 0.263577 0.876783
0.319223 -0.349434 -0.215890 0.013860 -0.993636 0.111782 0.814450 0.896355
0.262376 -0.347744 -0.509745 -0.056007 -0.974666 -0.216541 0.911464 0.873507
0.213143 -0.270077 -0.154121 -0.390350 -0.114191 0.913558 0.260306 0.872292
0.294003 -0.323640 -0.558458 -0.034589 -0.706608 -0.706759 0.047473 0.881382
0.212918 -0.260000 -0.153602 -0.490564 -0.640339 0.591027 0.256945 0.872246
0.261427 -0.316114 -0.158784 -0.162864 -0.623099 0.764999 0.275888 0.888009
0.302500 -0.316114 -0.565365 0.008699 -0.622902 -0.782252 0.050190 0.883463
0.303626 -0.344950 -0.195279 0.001127 -0.943397 0.331665 0.807378 0.891444
0.315144 -0.349434 -0.215475 0.008361 -0.993603 0.112623 0.814257 0.895004
0.321333 -0.299050 -0.575265 0.075044 -0.433326 -0.898107 0.056215 0.888574
0.352822 -0.270077 -0.578720 0.215166 -0.111859 -0.970150 0.066130 0.898330
0.352949 -0.260000 -0.579271 0.222503 -0.026508 -0.974572 0.069491 0.898319
0.286561 -0.336205 -0.177813 -0.045560 -0.845996 0.531239 0.801329 0.886004
0.282419 -0.336205 -0.541777 -0.058511 -0.846185 -0.529667 0.922379 0.879753
0.238413 -0.299050 -0.153635 -0.269109 -0.433578 0.859995 0.270011 0.880640
0.268007 -0.323640 -0.164378 -0.112332 -0.706557 0.698684 0.278546 0.889937
0.337305 -0.289725 -0.577178 0.148355 -0.329895 -0.932287 0.059464 0.893507
0.247836 -0.307883 -0.155991 -0.214890 -0.531623 0.819267 0.273036 0.883645
0.273454 -0.344950 -0.522144 -0.059868 -0.943460 -0.326035 0.915735 0.877028
0.264951 -0.349434 -0.500133 -0.028329 -0.993577 -0.109551 0.908302 0.874492
0.294325 -0.330365 -0.550939 -0.030511 -0.781347 -0.623351 0.925581 0.883595
0.294003 -0.323640 -0.558458 -0.034589 -0.706608 -0.706759 0.928071 0.883391
0.227273 -0.289725 -0.153315 -0.325624 -0.329976 0.886050 0.266865 0.876980
0.207650 -0.270077 -0.156594 -0.423282 -0.109464 0.899361 0.260344 0.870372
0.199254 -0.260000 -0.160087 -0.450755 0.001111 0.892647 0.257050 0.867456
0.213816 -0.280027 -0.155672 -0.380660 -0.222347 0.897586 0.263650 0.872442
0.302500 -0.323640 -0.558640 0.007875 -0.706503 -0.707666 0.047534 0.884084
0.320908 -0.307883 -0.570401 0.070535 -0.531391 -0.844185 0.053165 0.888887
0.262772 -0.323640 -0.165374 -0.147322 -0.706702 0.692003 0.278550 0.888166
0.303559 -0.347744 -0.204977 0.000759 -0.974589 0.223998 0.810607 0.891290
0.360588 -0.270077 -0.576787 0.256236 -0.109348 -0.960409 0.066137 0.900993
0.367566 -0.260000 -0.575387 0.289965 -0.025610 -0.956694 0.069498 0.903355
0.352443 -0.280027 -0.577072 0.211106 -0.222317 -0.951845 0.062784 0.898361
0.287331 -0.341087 -0.186613 -0.037186 -0.900336 0.433605 0.804273 0.886140
0.283389 -0.341087 -0.532997 -0.047746 -0.900500 -0.432227 0.919475 0.880191
0.239861 -0.307883 -0.158297 -0.252932 -0.531679 0.808296 0.273062 0.880913
0.336694 -0.299050 -0.573365 0.141624 -0.433399 -0.890005 0.056274 0.893664
0.269313 -0.330365 -0.171789 -0.099074 -0.781299 0.616244 0.799088 0.880349
0.268007 -0.323640 -0.164378 -0.112332 -0.706557 0.698684 0.796598 0.880017
0.249348 -0.316114 -0.161633 -0.198449 -0.623053 0.756587 0.275911 0.883898
0.275164 -0.347744 -0.512598 -0.040423 -0.974633 -0.220128 0.912585 0.877724
0.367403 -0.270077 -0.574845 0.293096 -0.111877 -0.949515 0.066138 0.903352
0.199514 -0.270077 -0.160590 -0.457424 -0.111878 0.882183 0.260410 0.867514
0.294677 -0.336205 -0.542716 -0.026045 -0.846279 -0.532103 0.922855 0.883819
0.228594 -0.299050 -0.156944 -0.310846 -0.433503 0.845843 0.270054 0.877255
0.208365 -0.280027 -0.158126 -0.415030 -0.222392 0.882209 0.263688 0.870536
0.302500 -0.330365 -0.551114 0.006947 -0.781245 -0.624185 0.925749 0.886313
0.302500 -0.323640 -0.558640 0.007875 -0.706503 -0.707666 0.928246 0.886215
0.214928 -0.289725 -0.158235 -0.368558 -0.330027 0.869050 0.266937 0.872693
0.320399 -0.316114 -0.564583 0.065140 -0.622798 -0.779666 0.050292 0.889261
0.360150 -0.280027 -0.575154 0.251374 -0.222391 -0.941994 0.062792 0.901004
0.264277 -0.330365 -0.172747 -0.129931 -0.781440 0.610303 0.799339 0.878660
0.262772 -0.323640 -0.165374 -0.147322 -0.706702 0.692003 0.796859 0.878261
0.351817 -0.289725 -0.574349 0.204396 -0.329984 -0.921593 0.059496 0.898412
0.303491 -0.349434 -0.214927 0.000422 -0.993535 0.113525 0.813919 0.891134
0.288143 -0.344950 -0.195902 -0.028344 -0.943377 0.330508 0.807378 0.886284
0.284413 -0.344950 -0.523729 -0.036381 -0.943509 -0.329343 0.916409 0.880654
0.241593 -0.316114 -0.163875 -0.233580 -0.623112 0.746439 0.275936 0.881241
0.335921 -0.307883 -0.568544 0.133120 -0.531470 -0.836551 0.053223 0.893862
0.270743 -0.336205 -0.179895 -0.084571 -0.846239 0.526048 0.801810 0.880713
0.276919 -0.349434 -0.502804 -0.020481 -0.993560 -0.111441 0.909351 0.878438
0.251088 -0.323640 -0.168129 -0.179517 -0.706656 0.684405 0.278573 0.884189
0.366914 -0.280027 -0.573227 0.287566 -0.222345 -0.931595 0.062792 0.903346
0.295055 -0.341087 -0.533890 -0.021253 -0.900583 -0.434164 0.919929 0.884061
0.200289 -0.280027 -0.162092 -0.448789 -0.222352 0.865533 0.263753 0.867699
0.302500 -0.336205 -0.542883 0.005934 -0.846189 -0.532850 0.923016 0.886420
0.230264 -0.307883 -0.161532 -0.292169 -0.531597 0.795010 0.273104 0.877605
0.209545 -0.289725 -0.160658 -0.401827 -0.330092 0.854151 0.266975 0.870811
0.319813 -0.323640 -0.557884 0.058932 -0.706396 -0.705359 0.047633 0.889693
0.319813 -0.323640 -0.557884 0.058932 -0.706396 -0.705359 0.928226 0.891986
0.190283 -0.270077 -0.165634 -0.503274 -0.112501 0.856772 0.260496 0.864249
0.186057 -0.260000 -0.167475 -0.522309 -0.026752 0.852337 0.257178 0.862781
0.359427 -0.289725 -0.572455 0.243376 -0.330096 -0.912033 0.059503 0.901021
0.216466 -0.299050 -0.161778 -0.351829 -0.433566 0.829600 0.270124 0.873043
0.379261 -0.270077 -0.570899 0.343680 -0.112343 -0.932343 0.066126 0.907511
0.381889 -0.260000 -0.570529 0.354151 -0.028463 -0.934755 0.069481 0.908386
0.350951 -0.299050 -0.570585 0.195123 -0.433510 -0.879771 0.056305 0.898482
0.265923 -0.336205 -0.180812 -0.110907 -0.846367 0.520925 0.802051 0.879097
0.285478 -0.347744 -0.514090 -0.024558 -0.974667 -0.222307 0.913219 0.881136
0.288989 -0.347744 -0.205563 -0.019143 -0.974576 0.223237 0.810607 0.886434
0.334997 -0.316114 -0.562778 0.122944 -0.622885 -0.772593 0.050348 0.894099
0.243588 -0.323640 -0.170298 -0.211289 -0.706715 0.675212 0.278597 0.881620
0.272277 -0.341087 -0.188595 -0.069002 -0.900551 0.429239 0.804730 0.881104
0.366106 -0.289725 -0.570552 0.278418 -0.330032 -0.901977 0.059503 0.903334
0.253036 -0.330365 -0.175398 -0.158325 -0.781391 0.603623 0.800071 0.874884
0.251088 -0.323640 -0.168129 -0.179517 -0.706656 0.684405 0.797619 0.874337
0.295454 -0.344950 -0.524574 -0.016194 -0.943575 -0.330762 0.916838 0.884316
0.243588 -0.323640 -0.170298 -0.211289 -0.706715 0.675212 0.798240 0.871812
0.201571 -0.289725 -0.164574 -0.434515 -0.330034 0.838018 0.267039 0.868010
0.302500 -0.341087 -0.534050 0.004846 -0.900505 -0.434818 0.920081 0.886536
0.232261 -0.316114 -0.167020 -0.269819 -0.623017 0.734199 0.275976 0.878024
0.319157 -0.330365 -0.550387 0.051983 -0.781134 -0.622196 0.925730 0.891865
0.358428 -0.299050 -0.568724 0.232329 -0.433648 -0.870616 0.056312 0.901046
0.211178 -0.299050 -0.164158 -0.383581 -0.433645 0.815363 0.270161 0.871195
0.191128 -0.280027 -0.167099 -0.495987 -0.222246 0.839407 0.263839 0.864459
0.218410 -0.307883 -0.166257 -0.330675 -0.531668 0.779733 0.273173 0.873488
0.378683 -0.280027 -0.569310 0.338742 -0.222259 -0.914251 0.062780 0.907473
0.349856 -0.307883 -0.565828 0.183393 -0.531608 -0.826898 0.053253 0.898571
0.267690 -0.341087 -0.189467 -0.090485 -0.900658 0.425003 0.804959 0.879566
0.289856 -0.349434 -0.215475 -0.009728 -0.993528 0.113170 0.813919 0.886589
0.286570 -0.349434 -0.504200 -0.012483 -0.993578 -0.112458 0.909945 0.881631
0.245820 -0.330365 -0.177484 -0.186343 -0.781448 0.595496 0.800668 0.872455
0.333933 -0.323640 -0.556137 0.111219 -0.706488 -0.698932 0.047687 0.894372
0.364989 -0.299050 -0.566855 0.265778 -0.433573 -0.861032 0.056313 0.903318
0.273896 -0.344950 -0.197777 -0.052567 -0.943553 0.327023 0.807812 0.881518
0.295868 -0.347744 -0.514885 -0.010929 -0.974714 -0.223189 0.913623 0.884582
0.255166 -0.336205 -0.183349 -0.135141 -0.846321 0.515245 0.802751 0.875484
0.302500 -0.344950 -0.524725 0.003696 -0.943515 -0.331309 0.916983 0.886659
0.203344 -0.299050 -0.168006 -0.414791 -0.433578 0.799974 0.270224 0.868443
0.234561 -0.323640 -0.173340 -0.244081 -0.706619 0.664164 0.799132 0.868768
0.395619 -0.270077 -0.564205 0.410484 -0.112624 -0.904886 0.066080 0.913363
0.234561 -0.323640 -0.173340 -0.244081 -0.706619 0.664164 0.278636 0.878508
0.395854 -0.260000 -0.564720 0.414746 -0.028260 -0.909498 0.069440 0.913391
0.213241 -0.307883 -0.168583 -0.360513 -0.531758 0.766331 0.273209 0.871681
0.318439 -0.336205 -0.542187 0.044379 -0.846085 -0.531198 0.922998 0.891733
0.192525 -0.289725 -0.169518 -0.480231 -0.329890 0.812743 0.267123 0.864811
0.357164 -0.307883 -0.564009 0.218359 -0.531759 -0.818261 0.053260 0.901077
0.173770 -0.270077 -0.176154 -0.567141 -0.113251 0.815797 0.260687 0.858345
0.173385 -0.260000 -0.175733 -0.571320 -0.025527 0.820331 0.257328 0.858243
0.220735 -0.316114 -0.171614 -0.305369 -0.623097 0.720069 0.276043 0.874021
0.377727 -0.289725 -0.566685 0.327984 -0.329896 -0.885209 0.059491 0.907409
0.269555 -0.344950 -0.198603 -0.068927 -0.943637 0.323727 0.808028 0.880063
0.348547 -0.316114 -0.560136 0.169357 -0.623035 -0.763640 0.050378 0.898678
0.248261 -0.336205 -0.185345 -0.159054 -0.846374 0.508285 0.803323 0.873159
0.332742 -0.330365 -0.548706 0.098100 -0.781225 -0.616493 0.925352 0.896408
0.275580 -0.347744 -0.207328 -0.035467 -0.974701 0.220679 0.811015 0.881949
0.333933 -0.323640 -0.556137 0.111219 -0.706488 -0.698932 0.927834 0.896708
0.257453 -0.341087 -0.191881 -0.110260 -0.900618 0.420393 0.805625 0.876128
0.363577 -0.307883 -0.562181 0.249802 -0.531673 -0.809273 0.053261 0.903298
0.296294 -0.349434 -0.504944 -0.005473 -0.993608 -0.112748 0.910322 0.884856
0.205584 -0.307883 -0.172344 -0.389857 -0.531681 0.751882 0.273271 0.868991
0.302500 -0.347744 -0.515027 0.002500 -0.974673 -0.223622 0.913759 0.886787
0.237135 -0.330365 -0.180411 -0.215278 -0.781357 0.585778 0.801526 0.869526
0.394918 -0.280027 -0.562666 0.401969 -0.222240 -0.888274 0.062734 0.913281
0.215709 -0.316114 -0.173876 -0.332916 -0.623196 0.707667 0.276079 0.872264
0.317669 -0.341087 -0.533387 0.036216 -0.900415 -0.433522 0.920064 0.891592
0.194456 -0.299050 -0.172863 -0.458455 -0.433401 0.775876 0.270308 0.865300
0.355652 -0.316114 -0.558367 0.201643 -0.623199 -0.755621 0.050385 0.901115
0.174740 -0.280027 -0.177539 -0.555299 -0.222214 0.801414 0.264028 0.858600
0.223413 -0.323640 -0.177783 -0.276231 -0.706705 0.651356 0.800461 0.864999
0.376406 -0.299050 -0.563056 0.313105 -0.433412 -0.845056 0.056301 0.907322
0.223413 -0.323640 -0.177783 -0.276231 -0.706705 0.651356 0.278701 0.874636
0.271495 -0.347744 -0.208105 -0.046498 -0.974757 0.218371 0.811219 0.880579
0.347039 -0.323640 -0.553582 0.153204 -0.706636 -0.690792 0.047716 0.898801
0.161653 -0.270077 -0.185264 -0.623585 -0.111855 0.773712 0.260860 0.853953
0.161298 -0.260000 -0.184823 -0.627445 -0.029589 0.778099 0.257501 0.853861
0.149848 -0.260000 -0.194705 -0.677169 -0.027605 0.735309 0.257695 0.849657
0.409128 -0.270077 -0.557487 0.463644 -0.111860 -0.878932 0.066014 0.918305
0.409396 -0.260000 -0.557985 0.473408 -0.026286 -0.880451 0.069374 0.918345
0.250881 -0.341087 -0.193781 -0.129764 -0.900664 0.414688 0.806170 0.873915
0.331440 -0.336205 -0.540579 0.083749 -0.846167 -0.526296 0.922637 0.896080
0.277308 -0.349434 -0.217127 -0.017919 -0.993597 0.111553 0.814300 0.882392
0.361888 -0.316114 -0.556590 0.230692 -0.623106 -0.747342 0.050385 0.903274
0.259866 -0.344950 -0.200888 -0.083994 -0.943604 0.320244 0.808659 0.876808
0.302500 -0.349434 -0.505077 0.001271 -0.993582 -0.113111 0.910450 0.886919
0.208264 -0.316114 -0.177533 -0.360025 -0.623111 0.694345 0.276139 0.869649
0.393758 -0.289725 -0.560124 0.389204 -0.329874 -0.860060 0.059446 0.913144
0.239950 -0.336205 -0.188146 -0.183765 -0.846288 0.500027 0.804143 0.870356
0.218551 -0.323640 -0.179971 -0.301136 -0.706804 0.640113 0.278735 0.872937
0.316857 -0.344950 -0.524098 0.027600 -0.943440 -0.330392 0.916967 0.891444
0.196897 -0.307883 -0.177091 -0.430921 -0.531473 0.729276 0.273352 0.865919
0.353912 -0.323640 -0.551871 0.182389 -0.706807 -0.683490 0.047722 0.901158
0.176342 -0.289725 -0.179828 -0.537664 -0.329844 0.775964 0.267310 0.859025
0.374736 -0.307883 -0.558468 0.294304 -0.531488 -0.794296 0.053249 0.907211
0.414717 -0.270077 -0.554366 0.499300 -0.109407 -0.859494 0.065979 0.920382
0.422456 -0.260000 -0.550356 0.533297 -0.025366 -0.845548 0.069284 0.923228
0.226409 -0.330365 -0.184687 -0.243615 -0.781440 0.574460 0.802805 0.865900
0.218551 -0.323640 -0.179971 -0.301136 -0.706804 0.640113 0.801124 0.863352
0.345351 -0.330365 -0.546248 0.135123 -0.781371 -0.609262 0.924703 0.900636
0.273485 -0.349434 -0.217854 -0.023474 -0.993636 0.110170 0.814491 0.881110
0.347039 -0.323640 -0.553582 0.153204 -0.706636 -0.690792 0.927159 0.901103
0.408324 -0.280027 -0.556000 0.454892 -0.222327 -0.862348 0.062669 0.918186
0.253646 -0.344950 -0.202686 -0.098845 -0.943641 0.315867 0.809174 0.874714
0.262376 -0.347744 -0.210255 -0.056667 -0.974734 0.216060 0.811812 0.877516
0.359943 -0.323640 -0.550153 0.208678 -0.706710 -0.676029 0.047723 0.903246
0.211350 -0.323640 -0.183508 -0.325669 -0.706715 0.628087 0.278793 0.870407
0.242972 -0.341087 -0.196447 -0.149941 -0.900590 0.407991 0.806951 0.871248
0.351964 -0.330365 -0.544602 0.160850 -0.781536 -0.602767 0.924244 0.902859
0.353912 -0.323640 -0.551871 0.182389 -0.706807 -0.683490 0.926682 0.903413
0.221732 -0.330365 -0.186792 -0.265568 -0.781534 0.564515 0.803443 0.864315
0.211350 -0.323640 -0.183508 -0.325669 -0.706715 0.628087 0.802204 0.860908
0.199818 -0.316114 -0.182149 -0.397977 -0.622890 0.673515 0.276218 0.866662
0.372739 -0.316114 -0.552980 0.271804 -0.622899 -0.733566 0.050374 0.907079
0.229686 -0.336205 -0.192237 -0.207937 -0.846365 0.490335 0.805367 0.866886
0.413872 -0.280027 -0.552902 0.489629 -0.222386 -0.843094 0.062634 0.920247
0.343506 -0.336205 -0.538227 0.115336 -0.846304 -0.520064 0.922015 0.900127
0.256523 -0.347744 -0.211948 -0.066677 -0.974759 0.213070 0.812297 0.875546
0.264951 -0.349434 -0.219867 -0.028626 -0.993613 0.109155 0.815046 0.878244
0.214803 -0.330365 -0.190195 -0.287221 -0.781450 0.553932 0.804482 0.861964
0.225210 -0.336205 -0.194252 -0.226662 -0.846454 0.481810 0.805978 0.865370
0.349834 -0.336205 -0.536651 0.137282 -0.846455 -0.514458 0.921576 0.902253
0.426997 -0.260000 -0.348795 -0.714042 -0.697147 -0.064264 0.946047 0.098357
0.427500 -0.260000 -0.360000 -0.716928 -0.697147 -0.000000 0.946095 0.101968
0.427500 -0.350000 -0.360000 -0.696717 -0.717346 -0.000000 0.916175 0.101908
0.426997 -0.350000 -0.348795 -0.693913 -0.717345 -0.062452 0.916127 0.098297
0.425491 -0.260000 -0.337680 -0.705407 -0.697147 -0.128010 0.946018 0.094675
0.425491 -0.350000 -0.337680 -0.685521 -0.717346 -0.124401 0.916098 0.094615
0.422995 -0.260000 -0.326745 -0.691093 -0.697146 -0.190728 0.946008 0.090952
0.422995 -0.350000 -0.326745 -0.671609 -0.717346 -0.185351 0.916088 0.090892
0.419529 -0.260000 -0.316078 -0.671213 -0.697146 -0.251912 0.946018 0.087217
0.419529 -0.350000 -0.316078 -0.652290 -0.717346 -0.244810 0.916098 0.087157
0.415121 -0.260000 -0.305765 -0.645929 -0.697147 -0.311065 0.946047 0.083501
0.415121 -0.350000 -0.305765 -0.627720 -0.717345 -0.302296 0.916127 0.083441
0.409806 -0.350000 -0.295888 -0.598095 -0.717346 -0.357346 0.916175 0.079773
0.409806 -0.260000 -0.295888 -0.615446 -0.697147 -0.367713 0.946095 0.079833
0.403627 -0.260000 -0.286527 -0.580007 -0.697147 -0.421400 0.946162 0.076243
0.403627 -0.350000 -0.286527 -0.563656 -0.717345 -0.409520 0.916242 0.076183
0.396634 -0.260000 -0.277758 -0.539899 -0.697147 -0.471694 0.946248 0.072760
0.396634 -0.350000 -0.277758 -0.524679 -0.717346 -0.458396 0.916328 0.072700
0.388883 -0.260000 -0.269651 -0.495443 -0.697146 -0.518192 0.946351 0.069412
0.388883 -0.350000 -0.269651 -0.481476 -0.717346 -0.503583 0.916431 0.069352
0.380436 -0.260000 -0.262271 -0.446998 -0.697147 -0.560517 0.946471 0.066226
0.371362 -0.260000 -0.255678 -0.394952 -0.697146 -0.598332 0.946606 0.063228
0.380436 -0.350000 -0.262271 -0.434397 -0.717346 -0.544715 0.916551 0.066166
0.371362 -0.350000 -0.255678 -0.383817 -0.717347 -0.581462 0.916686 0.063168
0.361734 -0.260000 -0.249926 -0.339730 -0.697149 -0.631322 0.946757 0.060441
0.361734 -0.350000 -0.249926 -0.330154 -0.717344 -0.613528 0.916837 0.060381
0.351628 -0.260000 -0.245059 -0.281773 -0.697145 -0.659237 0.133794 0.963483
0.361734 -0.260000 -0.249926 -0.339730 -0.697149 -0.631322 0.133975 0.966266
0.361734 -0.350000 -0.249926 -0.330154 -0.717344 -0.613528 0.104084 0.966266
0.351628 -0.350000 -0.245059 -0.273828 -0.717348 -0.640648 0.103902 0.963483
0.341127 -0.260000 -0.241118 -0.221541 -0.697148 -0.681839 0.133631 0.960487
0.341127 -0.350000 -0.241118 -0.215296 -0.717345 -0.662619 0.103740 0.960487
0.330315 -0.260000 -0.238134 -0.159530 -0.697146 -0.698954 0.133489 0.957303
0.330315 -0.350000 -0.238134 -0.155033 -0.717347 -0.679249 0.103597 0.957303
0.319279 -0.350000 -0.236131 -0.093521 -0.717345 -0.690413 0.103477 0.953957
0.319279 -0.260000 -0.236131 -0.096234 -0.697148 -0.710440 0.133368 0.953957
0.308108 -0.350000 -0.235126 -0.031259 -0.717346 -0.696015 0.103378 0.950476
0.308108 -0.260000 -0.235126 -0.032165 -0.697147 -0.716207 0.133269 0.950476
0.296892 -0.260000 -0.235126 0.032165 -0.697147 -0.716206 0.133194 0.946887
0.296892 -0.350000 -0.235126 0.031259 -0.717346 -0.696015 0.103302 0.946887
0.285721 -0.350000 -0.236131 0.093521 -0.717345 -0.690413 0.103251 0.943220
0.285721 -0.260000 -0.236131 0.096234 -0.697148 -0.710440 0.133142 0.943220
0.274685 -0.260000 -0.238134 0.159530 -0.697146 -0.698954 0.133115 0.939504
0.274685 -0.350000 -0.238134 0.155032 -0.717347 -0.679249 0.103223 0.939504
0.263873 -0.350000 -0.241118 0.215296 -0.717346 -0.662618 0.103220 0.935770
0.263873 -0.260000 -0.241118 0.221541 -0.697147 -0.681839 0.133111 0.935770
0.253372 -0.350000 -0.245059 0.273828 -0.717347 -0.640649 0.103241 0.932046
0.253372 -0.260000 -0.245059 0.281773 -0.697145 -0.659236 0.133133 0.932046
0.243266 -0.350000 -0.249926 0.330154 -0.717344 -0.613527 0.103287 0.928363
0.243266 -0.260000 -0.249926 0.339730 -0.697148 -0.631322 0.133178 0.928363
0.233638 -0.260000 -0.255678 0.394952 -0.697146 -0.598331 0.133247 0.924751
0.233638 -0.350000 -0.255678 0.383817 -0.717346 -0.581462 0.103356 0.924751
0.224564 -0.350000 -0.262271 0.434397 -0.717346 -0.544715 0.103449 0.921239
0.224564 -0.260000 -0.262271 0.446999 -0.697146 -0.560517 0.133340 0.921239
0.216117 -0.350000 -0.269651 0.481476 -0.717345 -0.503583 0.103564 0.917855
0.216117 -0.260000 -0.269651 0.495443 -0.697147 -0.518191 0.133455 0.917855
0.208366 -0.350000 -0.277758 0.524678 -0.717346 -0.458397 0.103700 0.914626
0.208366 -0.260000 -0.277758 0.539899 -0.697146 -0.471695 0.133592 0.914626
0.201373 -0.260000 -0.286527 0.580007 -0.697147 -0.421399 0.133749 0.911579
0.201373 -0.350000 -0.286527 0.563657 -0.717346 -0.409520 0.103858 0.911579
0.195194 -0.350000 -0.295888 0.598096 -0.717346 -0.357346 0.104034 0.908738
0.195194 -0.260000 -0.295888 0.615446 -0.697147 -0.367712 0.133926 0.908738
0.189879 -0.260000 -0.305765 0.645929 -0.697147 -0.311065 0.430555 0.913944
0.195194 -0.260000 -0.295888 0.615446 -0.697147 -0.367712 0.430422 0.911060
0.189879 -0.350000 -0.305765 0.627720 -0.717346 -0.302295 0.460479 0.913944
0.185471 -0.260000 -0.316078 0.671213 -0.697147 -0.251912 0.430673 0.917029
0.195194 -0.350000 -0.295888 0.598096 -0.717346 -0.357346 0.460345 0.911060
0.185471 -0.350000 -0.316078 0.652290 -0.717346 -0.244811 0.460597 0.917029
0.182005 -0.260000 -0.326745 0.691094 -0.697146 -0.190728 0.430776 0.920291
0.182005 -0.350000 -0.326745 0.671609 -0.717347 -0.185351 0.460699 0.920291
0.179509 -0.260000 -0.337680 0.705406 -0.697148 -0.128011 0.430861 0.923703
0.179509 -0.350000 -0.337680 0.685522 -0.717345 -0.124403 0.460785 0.923703
0.178003 -0.260000 -0.348795 0.714042 -0.697147 -0.064266 0.430929 0.927237
0.178003 -0.350000 -0.348795 0.693912 -0.717346 -0.062455 0.460853 0.927237
0.177500 -0.260000 -0.360000 0.716929 -0.697147 -0.000000 0.430979 0.930865
0.177500 -0.350000 -0.360000 0.696717 -0.717346 -0.000000 0.460902 0.930865
0.178003 -0.260000 -0.371205 0.714042 -0.697147 0.064266 0.431010 0.934558
0.178003 -0.350000 -0.371205 0.693912 -0.717346 0.062454 0.460934 0.934558
0.179509 -0.260000 -0.382320 0.705407 -0.697147 0.128011 0.431023 0.938286
0.179509 -0.350000 -0.382320 0.685522 -0.717345 0.124403 0.460946 0.938286
0.182005 -0.260000 -0.393255 0.691093 -0.697146 0.190728 0.431017 0.942020
0.182005 -0.350000 -0.393255 0.671609 -0.717347 0.185351 0.460940 0.942020
0.185471 -0.350000 -0.403922 0.652290 -0.717346 0.244810 0.460915 0.945729
0.185471 -0.260000 -0.403922 0.671213 -0.697147 0.251912 0.430992 0.945729
0.189879 -0.350000 -0.414236 0.627720 -0.717346 0.302295 0.460872 0.949382
0.189879 -0.260000 -0.414236 0.645930 -0.697147 0.311064 0.430948 0.949382
0.195194 -0.260000 -0.424112 0.615446 -0.697147 0.367713 0.430886 0.952952
0.195194 -0.350000 -0.424112 0.598096 -0.717346 0.357346 0.460810 0.952952
0.201373 -0.350000 -0.433473 0.563656 -0.717346 0.409521 0.460730 0.956409
0.201373 -0.260000 -0.433473 0.580007 -0.697147 0.421400 0.430807 0.956409
0.208366 -0.260000 -0.442242 0.539899 -0.697147 0.471694 0.430710 0.959725
0.208366 -0.350000 -0.442242 0.524679 -0.717346 0.458397 0.460634 0.959725
0.216117 -0.260000 -0.450349 0.495443 -0.697146 0.518192 0.430597 0.962873
0.216117 -0.350000 -0.450349 0.481475 -0.717346 0.503583 0.460521 0.962873
0.224564 -0.260000 -0.457729 0.446998 -0.697147 0.560516 0.430469 0.965829
0.224564 -0.350000 -0.457729 0.434397 -0.717345 0.544715 0.460392 0.965829
0.233638 -0.260000 -0.464322 0.394953 -0.697146 0.598331 0.430326 0.968568
0.233638 -0.350000 -0.464322 0.383818 -0.717347 0.581461 0.460250 0.968568
0.243266 -0.260000 -0.470074 0.339728 -0.697148 0.631323 0.917953 0.187410
0.233638 -0.260000 -0.464322 0.394953 -0.697146 0.598331 0.917764 0.184478
0.243266 -0.350000 -0.470074 0.330152 -0.717344 0.613528 0.947843 0.187201
0.233638 -0.350000 -0.464322 0.383818 -0.717347 0.581461 0.947654 0.184269
0.253372 -0.260000 -0.474941 0.281773 -0.697146 0.659235 0.918123 0.190538
0.253372 -0.350000 -0.474941 0.273829 -0.717346 0.640650 0.948014 0.190329
0.263873 -0.260000 -0.478882 0.221543 -0.697146 0.681840 0.918274 0.193836
0.263873 -0.350000 -0.478882 0.215297 -0.717346 0.662617 0.948164 0.193628
0.274685 -0.260000 -0.481866 0.159530 -0.697147 0.698954 0.918403 0.197278
0.274685 -0.350000 -0.481866 0.155033 -0.717346 0.679250 0.948294 0.197070
0.285721 -0.260000 -0.483869 0.096234 -0.697147 0.710440 0.918511 0.200836
0.285721 -0.350000 -0.483869 0.093521 -0.717346 0.690412 0.948401 0.200628
0.296892 -0.260000 -0.484874 0.032164 -0.697147 0.716206 0.918595 0.204482
0.296892 -0.350000 -0.484874 0.031257 -0.717346 0.696016 0.948486 0.204274
0.308108 -0.260000 -0.484874 -0.032164 -0.697147 0.716206 0.918656 0.208186
0.308108 -0.350000 -0.484874 -0.031257 -0.717346 0.696016 0.948546 0.207977
0.319279 -0.260000 -0.483869 -0.096234 -0.697147 0.710440 0.918693 0.211918
0.319279 -0.350000 -0.483869 -0.093521 -0.717346 0.690412 0.948583 0.211709
0.330315 -0.260000 -0.481866 -0.159531 -0.697147 0.698954 0.918705 0.215648
0.330315 -0.350000 -0.481866 -0.155033 -0.717346 0.679249 0.948595 0.215440
0.341127 -0.260000 -0.478882 -0.221542 -0.697147 0.681840 0.918693 0.219347
0.341127 -0.350000 -0.478882 -0.215297 -0.717346 0.662618 0.948583 0.219138
0.351628 -0.260000 -0.474941 -0.281773 -0.697146 0.659235 0.918656 0.222984
0.351628 -0.350000 -0.474941 -0.273829 -0.717347 0.640649 0.948546 0.222775
0.361734 -0.260000 -0.470074 -0.339728 -0.697149 0.631323 0.918595 0.226530
0.361734 -0.350000 -0.470074 -0.330152 -0.717344 0.613528 0.948486 0.226321
0.371362 -0.260000 -0.464322 -0.394954 -0.697145 0.598332 0.918511 0.229957
0.371362 -0.350000 -0.464322 -0.383817 -0.717348 0.581461 0.948401 0.229748
0.380436 -0.260000 -0.457729 -0.446997 -0.697148 0.560516 0.918403 0.233236
0.380436 -0.350000 -0.457729 -0.434397 -0.717345 0.544716 0.948294 0.233028
0.388883 -0.260000 -0.450349 -0.495444 -0.697146 0.518192 0.918274 0.236343
0.388883 -0.350000 -0.450349 -0.481475 -0.717347 0.503582 0.948164 0.236134
0.396634 -0.260000 -0.442242 -0.539899 -0.697148 0.471693 0.918123 0.239251
0.396634 -0.350000 -0.442242 -0.524680 -0.717345 0.458396 0.948014 0.239042
0.403627 -0.260000 -0.433473 -0.580006 -0.697147 0.421401 0.917953 0.241937
0.403627 -0.350000 -0.433473 -0.563656 -0.717346 0.409521 0.947843 0.241728
0.409806 -0.260000 -0.424112 -0.615446 -0.697146 0.367713 0.917764 0.244379
0.409806 -0.350000 -0.424112 -0.598095 -0.717346 0.357346 0.947654 0.244171
0.409806 -0.260000 -0.424112 -0.615446 -0.697146 0.367713 0.946757 0.120580
0.409806 -0.350000 -0.424112 -0.598095 -0.717346 0.357346 0.916837 0.120520
0.415121 -0.350000 -0.414236 -0.627720 -0.717346 0.302295 0.916686 0.117911
0.415121 -0.260000 -0.414236 -0.645929 -0.697147 0.311065 0.946606 0.117971
0.419529 -0.260000 -0.403922 -0.671213 -0.697147 0.251912 0.946471 0.115132
0.419529 -0.350000 -0.403922 -0.652290 -0.717346 0.244810 0.916551 0.115072
0.422995 -0.350000 -0.393255 -0.671609 -0.717346 0.185351 0.916431 0.112027
0.422995 -0.260000 -0.393255 -0.691093 -0.697146 0.190728 0.946351 0.112087
0.425491 -0.350000 -0.382320 -0.685521 -0.717346 0.124401 0.916328 0.108801
0.425491 -0.260000 -0.382320 -0.705408 -0.697147 0.128010 0.946248 0.108861
0.426997 -0.260000 -0.371205 -0.714042 -0.697147 0.064264 0.946162 0.105479
0.426997 -0.350000 -0.371205 -0.693913 -0.717345 0.062452 0.916242 0.105419
0.503317 -0.170000 -0.461477 0.624313 -0.714642 -0.315470 0.959947 0.515303
0.509646 -0.170000 -0.447838 0.643980 -0.714651 -0.273064 0.960112 0.519351
0.515051 -0.170000 -0.433806 0.660771 -0.714661 -0.229436 0.960263 0.523587
0.527500 -0.170000 -0.360000 0.699426 -0.714705 -0.000000 0.960759 0.546897
0.526998 -0.170000 -0.344972 0.697937 -0.714640 0.046624 0.960804 0.551840
0.519506 -0.170000 -0.419444 0.674611 -0.714670 -0.184787 0.960396 0.527992
0.525492 -0.170000 -0.330010 0.693387 -0.714516 0.093170 0.960830 0.556825
0.522991 -0.170000 -0.404817 0.685436 -0.714681 -0.139314 0.960513 0.532546
0.522991 -0.170000 -0.315183 0.685708 -0.714421 0.139311 0.960838 0.561830
0.525492 -0.170000 -0.389990 0.693202 -0.714690 -0.093220 0.960613 0.537229
0.519506 -0.170000 -0.300556 0.674938 -0.714348 0.184838 0.960827 0.566834
0.526998 -0.170000 -0.375028 0.697868 -0.714701 -0.046710 0.960695 0.542020
0.189407 -0.250669 -0.165488 -0.599289 -0.580805 0.550926 0.254044 0.863978
0.168966 -0.240403 -0.178910 -0.674069 -0.544485 0.499167 0.250879 0.856659
0.515051 -0.170000 -0.286194 0.661122 -0.714304 0.229539 0.960798 0.571813
0.509646 -0.170000 -0.272162 0.644327 -0.714282 0.273211 0.960749 0.576746
0.503317 -0.170000 -0.258523 0.624627 -0.714286 0.315652 0.960682 0.581610
0.496090 -0.170000 -0.245336 0.602111 -0.714317 0.356670 0.960598 0.586384
0.487999 -0.170000 -0.232662 0.576889 -0.714370 0.396074 0.960495 0.591047
0.479080 -0.170000 -0.220556 0.549069 -0.714452 0.433683 0.960375 0.595577
0.457600 -0.202408 -0.197000 0.636072 0.617125 0.463216 0.949291 0.604658
0.469372 -0.170000 -0.209073 0.518180 -0.714900 0.469476 0.960238 0.599955
0.458918 -0.170000 -0.198265 0.486766 -0.714808 0.502104 0.960086 0.604160
0.447766 -0.170000 -0.188178 0.451085 -0.715216 0.533844 0.959917 0.608174
0.457600 -0.227088 -0.197000 0.834169 -0.383478 0.396366 0.941085 0.604658
0.436553 -0.216921 -0.179294 0.015491 0.731392 0.681781 0.944143 0.611800
0.435965 -0.170000 -0.178859 0.414692 -0.714715 0.563216 0.959734 0.611980
0.436553 -0.216921 -0.179294 0.015491 0.731392 0.681781 0.244090 0.945026
0.435965 -0.170000 -0.178859 0.414692 -0.714715 0.563216 0.228493 0.944880
0.423569 -0.170000 -0.170349 0.376531 -0.715041 0.589016 0.228243 0.941150
0.438874 -0.238804 -0.181039 0.693138 -0.532486 0.485816 0.936904 0.611080
0.413100 -0.229767 -0.164060 0.008362 0.728469 0.685028 0.247903 0.937925
0.410631 -0.170000 -0.162686 0.335456 -0.714824 0.613592 0.228011 0.937206
0.397210 -0.170000 -0.155904 0.295038 -0.714957 0.633869 0.227798 0.933065
0.438874 -0.238804 -0.181039 0.693138 -0.532486 0.485816 0.251408 0.945704
0.417230 -0.249924 -0.166449 0.612433 -0.574833 0.542672 0.254671 0.939174
0.405135 -0.255129 -0.159773 0.544208 -0.606879 0.579254 0.256194 0.935463
0.388752 -0.239970 -0.152189 0.005723 0.727065 0.686545 0.250916 0.930387
0.383367 -0.170000 -0.150034 0.250076 -0.715128 0.652728 0.227606 0.928744
0.369162 -0.170000 -0.145102 0.208130 -0.715140 0.667275 0.227434 0.924265
0.366053 -0.246953 -0.144162 0.003128 0.726063 0.687621 0.252958 0.923230
0.354660 -0.170000 -0.141129 0.162136 -0.714525 0.680563 0.227285 0.919646
0.342524 -0.251839 -0.138588 0.001853 0.725449 0.688274 0.254360 0.915696
0.339924 -0.170000 -0.138134 0.115850 -0.714779 0.689688 0.227158 0.914908
0.325022 -0.170000 -0.136130 0.070611 -0.714751 0.695805 0.227054 0.910072
0.318586 -0.254492 -0.135576 0.000174 0.725962 0.687735 0.255079 0.907918
0.310018 -0.170000 -0.135126 0.022949 -0.714646 0.699109 0.226974 0.905160
0.293968 -0.254857 -0.135162 -0.000039 0.725371 0.688358 0.255098 0.899806
0.294982 -0.170000 -0.135126 -0.023192 -0.714716 0.699031 0.226918 0.900195
0.279979 -0.170000 -0.136130 -0.069797 -0.714530 0.696114 0.226886 0.895197
0.270433 -0.252976 -0.137297 -0.000985 0.725427 0.688298 0.254437 0.891943
0.265076 -0.170000 -0.138134 -0.116913 -0.714741 0.689549 0.226878 0.890190
0.247880 -0.249082 -0.141730 -0.003750 0.725215 0.688513 0.253165 0.884307
0.250340 -0.170000 -0.141129 -0.161660 -0.714776 0.680413 0.226895 0.885195
0.235838 -0.170000 -0.145102 -0.207192 -0.714488 0.668265 0.226936 0.880236
0.225405 -0.243067 -0.148620 -0.004497 0.726196 0.687473 0.251249 0.876594
0.221633 -0.170000 -0.150034 -0.252268 -0.715095 0.651920 0.227001 0.875333
0.203043 -0.234805 -0.158175 -0.009100 0.727560 0.685984 0.248650 0.868805
0.207790 -0.170000 -0.155904 -0.293154 -0.715088 0.634594 0.227090 0.870510
0.194369 -0.170000 -0.162686 -0.336536 -0.714724 0.613117 0.227203 0.865787
0.181069 -0.224231 -0.170581 -0.014931 0.728961 0.684392 0.245354 0.861023
0.181432 -0.170000 -0.170349 -0.376246 -0.714709 0.589601 0.227338 0.861187
0.169035 -0.170000 -0.178859 -0.414543 -0.714475 0.563631 0.227496 0.856728
0.162871 -0.213375 -0.183566 -0.028592 0.732679 0.679974 0.241991 0.854464
0.157234 -0.170000 -0.188178 -0.452053 -0.714363 0.534166 0.227675 0.852431
0.147400 -0.202408 -0.197000 -0.639397 0.615246 0.461133 0.238613 0.848786
0.146082 -0.170000 -0.198265 -0.486766 -0.714808 0.502104 0.227875 0.848316
0.135628 -0.170000 -0.209073 -0.518035 -0.714972 0.469525 0.228095 0.844401
0.157745 -0.233818 -0.187747 -0.720707 -0.517088 0.461738 0.248862 0.852579
0.147400 -0.227088 -0.197000 -0.839886 -0.380349 0.387202 0.246810 0.848770
0.125920 -0.170000 -0.220556 -0.549220 -0.714320 0.433709 0.228334 0.840703
0.117001 -0.170000 -0.232662 -0.576961 -0.714322 0.396056 0.228591 0.837239
0.117001 -0.170000 -0.232662 -0.576961 -0.714322 0.396056 0.225213 0.834972
0.108910 -0.170000 -0.245336 -0.602122 -0.714327 0.356632 0.225436 0.838194
0.101683 -0.170000 -0.258523 -0.624596 -0.714329 0.315616 0.225646 0.841664
0.095354 -0.170000 -0.272162 -0.644277 -0.714335 0.273192 0.225842 0.845368
0.089950 -0.170000 -0.286194 -0.661082 -0.714337 0.229549 0.226023 0.849289
0.085494 -0.170000 -0.300556 -0.674932 -0.714343 0.184880 0.226189 0.853409
0.082009 -0.170000 -0.315183 -0.685771 -0.714346 0.139382 0.226338 0.857710
0.079508 -0.170000 -0.330010 -0.693545 -0.714350 0.093267 0.226470 0.862173
0.078003 -0.170000 -0.344972 -0.698221 -0.714355 0.046736 0.226584 0.866777
0.077500 -0.170000 -0.360000 -0.699778 -0.714360 -0.000005 0.226681 0.871502
0.078003 -0.170000 -0.375028 -0.698211 -0.714364 -0.046746 0.226759 0.876328
0.079508 -0.170000 -0.389990 -0.693525 -0.714369 -0.093274 0.226818 0.881232
0.082009 -0.170000 -0.404817 -0.685741 -0.714375 -0.139387 0.226857 0.886193
0.085494 -0.170000 -0.419444 -0.674893 -0.714381 -0.184880 0.226878 0.891188
0.089950 -0.170000 -0.433806 -0.661034 -0.714383 -0.229543 0.226878 0.896195
0.095354 -0.170000 -0.447838 -0.644219 -0.714391 -0.273179 0.226860 0.901193
0.101683 -0.170000 -0.461477 -0.624531 -0.714395 -0.315596 0.226822 0.906157
0.108910 -0.170000 -0.474664 -0.602050 -0.714403 -0.356601 0.226765 0.911067
0.117001 -0.170000 -0.487338 -0.576885 -0.714405 -0.396016 0.226688 0.915900
0.125920 -0.170000 -0.499444 -0.549140 -0.714413 -0.433658 0.226594 0.920636
0.135628 -0.170000 -0.510927 -0.518943 -0.714418 -0.469366 0.226481 0.925251
0.146082 -0.170000 -0.521735 -0.486431 -0.714424 -0.502975 0.226350 0.929727
0.157234 -0.170000 -0.531822 -0.451745 -0.714431 -0.534336 0.226202 0.934043
0.169035 -0.170000 -0.541141 -0.415041 -0.714437 -0.563312 0.226038 0.938179
0.181432 -0.170000 -0.549651 -0.376486 -0.714443 -0.589771 0.225858 0.942118
0.194369 -0.170000 -0.557314 -0.336252 -0.714449 -0.613593 0.225663 0.945842
0.194369 -0.170000 -0.557314 -0.336252 -0.714449 -0.613593 0.097803 0.849610
0.207790 -0.170000 -0.564096 -0.294513 -0.714458 -0.634675 0.098052 0.853277
0.221633 -0.170000 -0.569966 -0.251461 -0.714462 -0.652925 0.098282 0.857165
0.235838 -0.170000 -0.574898 -0.207288 -0.714471 -0.668254 0.098492 0.861254
0.250340 -0.170000 -0.578871 -0.162189 -0.714477 -0.680600 0.098682 0.865527
0.265076 -0.170000 -0.581866 -0.116366 -0.714485 -0.689906 0.098851 0.869965
0.279979 -0.170000 -0.583870 -0.070021 -0.714492 -0.696130 0.098998 0.874548
0.294982 -0.170000 -0.584874 -0.023369 -0.714498 -0.699247 0.099122 0.879255
0.310018 -0.170000 -0.584874 0.023383 -0.714505 -0.699239 0.099224 0.884066
0.325022 -0.170000 -0.583870 0.070034 -0.714515 -0.696106 0.099301 0.888959
0.339924 -0.170000 -0.581866 0.116374 -0.714522 -0.689866 0.099355 0.893912
0.354660 -0.170000 -0.578871 0.162191 -0.714529 -0.680546 0.099384 0.898904
0.369162 -0.170000 -0.574898 0.207281 -0.714537 -0.668185 0.099389 0.903910
0.383367 -0.170000 -0.569966 0.251445 -0.714544 -0.652842 0.099370 0.908911
0.397210 -0.170000 -0.564096 0.294484 -0.714555 -0.634579 0.099326 0.913882
0.410631 -0.170000 -0.557314 0.336210 -0.714561 -0.613487 0.099258 0.918802
0.423569 -0.170000 -0.549651 0.376428 -0.714571 -0.589653 0.099167 0.923649
0.435965 -0.170000 -0.541141 0.414967 -0.714579 -0.563187 0.099052 0.928402
0.447766 -0.170000 -0.531822 0.451652 -0.714588 -0.534205 0.098914 0.933038
0.458918 -0.170000 -0.521735 0.486318 -0.714596 -0.502839 0.098754 0.937538
0.469372 -0.170000 -0.510927 0.518812 -0.714605 -0.469227 0.098572 0.941880
0.479080 -0.170000 -0.499444 0.548988 -0.714615 -0.433519 0.098370 0.946047
0.487999 -0.170000 -0.487338 0.576710 -0.714622 -0.395880 0.098148 0.950019
0.496090 -0.170000 -0.474664 0.601853 -0.714634 -0.356470 0.097907 0.953778
0.496090 -0.170000 -0.474664 0.601853 -0.714634 -0.356470 0.959766 0.511461
0.212918 -0.260000 -0.153602 -0.490564 -0.640339 0.591027 0.947622 0.415560
0.215214 -0.260780 -0.037000 -0.222330 -0.663760 -0.714138 0.908793 0.416324
0.198562 -0.254602 -0.037000 -0.264427 -0.648046 -0.714223 0.908787 0.410782
0.189407 -0.250669 -0.165488 -0.599289 -0.580805 0.550926 0.951570 0.407735
0.500281 -0.191070 -0.197000 0.516026 -0.498617 -0.696490 0.970021 0.563920
0.518660 -0.170000 -0.197000 0.199960 -0.969087 -0.144521 0.962710 0.565286
0.507235 -0.183599 -0.037000 0.521125 -0.467065 -0.714338 0.965550 0.512190
0.518660 -0.170000 -0.037000 0.330281 -0.708849 -0.623256 0.960838 0.513043
0.479857 -0.210165 -0.197000 0.462853 -0.548314 -0.696505 0.962022 0.504477
0.500281 -0.191070 -0.197000 0.516026 -0.498617 -0.696490 0.962002 0.511287
0.494956 -0.196432 -0.037000 0.489444 -0.500030 -0.714433 0.908726 0.509511
0.494956 -0.196432 -0.037000 0.489444 -0.500030 -0.714433 0.970021 0.511287
0.182344 -0.247361 -0.037000 -0.305942 -0.629529 -0.714208 0.908779 0.405384
0.168966 -0.240403 -0.178910 -0.674069 -0.544485 0.499167 0.956029 0.400933
0.481874 -0.208446 -0.037000 0.456547 -0.530176 -0.714478 0.908738 0.505149
0.166627 -0.239089 -0.037000 -0.345750 -0.608577 -0.714206 0.908771 0.400154
0.157745 -0.233818 -0.187747 -0.720707 -0.517088 0.461738 0.958965 0.397199
0.457600 -0.227088 -0.197000 0.834169 -0.383478 0.396366 0.962039 0.497057
0.468044 -0.219591 -0.037000 0.421338 -0.558798 -0.714296 0.908750 0.500539
0.438874 -0.238804 -0.181039 0.693138 -0.532486 0.485816 0.956736 0.490816
0.453524 -0.229819 -0.037000 0.384213 -0.584915 -0.714321 0.908761 0.495698
0.151476 -0.229819 -0.037000 -0.384446 -0.584944 -0.714172 0.908761 0.395113
0.147400 -0.227088 -0.197000 -0.839886 -0.380349 0.387202 0.962039 0.393758
0.417230 -0.249924 -0.166449 0.612433 -0.574833 0.542672 0.951890 0.483603
0.438373 -0.239089 -0.037000 0.345151 -0.608291 -0.714740 0.908771 0.490649
0.125143 -0.210165 -0.197000 -0.462853 -0.548314 -0.696505 0.962022 0.386354
0.136956 -0.219591 -0.037000 -0.421338 -0.558797 -0.714297 0.908750 0.390283
0.123126 -0.208446 -0.037000 -0.456547 -0.530176 -0.714478 0.908738 0.385682
0.104719 -0.191070 -0.197000 -0.516027 -0.498617 -0.696489 0.962002 0.379561
0.110044 -0.196432 -0.037000 -0.489444 -0.500031 -0.714432 0.908726 0.381332
0.422656 -0.247361 -0.037000 0.306230 -0.628897 -0.714641 0.908779 0.485411
0.405135 -0.255129 -0.159773 0.544208 -0.606879 0.579254 0.949672 0.479573
0.406438 -0.254602 -0.037000 0.264465 -0.648067 -0.714190 0.908787 0.480006
0.392082 -0.260000 -0.153602 0.473871 -0.649394 0.594755 0.947622 0.475224
0.086340 -0.170000 -0.197000 -0.199961 -0.969087 -0.144521 0.970554 0.375618
0.104719 -0.191070 -0.197000 -0.516027 -0.498617 -0.696489 0.963178 0.377314
0.097765 -0.183599 -0.037000 -0.521125 -0.467064 -0.714339 0.965802 0.325817
0.110044 -0.196432 -0.037000 -0.489444 -0.500031 -0.714432 0.961287 0.326958
0.086340 -0.170000 -0.037000 -0.330282 -0.708848 -0.623256 0.970554 0.324766
0.370015 -0.266583 -0.145621 0.369149 -0.689777 0.622846 0.944971 0.467872
0.389786 -0.260780 -0.037000 0.221732 -0.663552 -0.714516 0.908793 0.474458
0.372770 -0.265871 -0.037000 0.179139 -0.676311 -0.714502 0.908799 0.468789
0.349589 -0.270938 -0.140665 0.247785 -0.742491 0.622342 0.943325 0.461068
0.355460 -0.269852 -0.037000 0.134920 -0.686858 -0.714158 0.908803 0.463023
0.328314 -0.273786 -0.137555 0.136891 -0.762108 0.632813 0.942292 0.453981
0.337930 -0.272708 -0.037000 0.090237 -0.694244 -0.714061 0.908806 0.457184
0.320252 -0.274426 -0.037000 0.044966 -0.698491 -0.714204 0.908808 0.451296
0.304029 -0.274996 -0.136263 0.006087 -0.773194 0.634141 0.941864 0.445894
0.302500 -0.275000 -0.037000 -0.000222 -0.699671 -0.714465 0.908808 0.445385
0.284748 -0.274426 -0.037000 -0.044780 -0.698327 -0.714377 0.908808 0.439473
0.279349 -0.274024 -0.137299 -0.123303 -0.768028 0.628435 0.942208 0.437676
0.267070 -0.272708 -0.037000 -0.090155 -0.694241 -0.714074 0.908806 0.433587
0.257643 -0.271317 -0.140246 -0.240735 -0.745046 0.622056 0.943186 0.430449
0.249540 -0.269852 -0.037000 -0.134922 -0.686896 -0.714122 0.908803 0.427751
0.235846 -0.266800 -0.145369 -0.347411 -0.700418 0.623474 0.944887 0.423192
0.232231 -0.265871 -0.037000 -0.178796 -0.676831 -0.714095 0.908799 0.421988
0.223425 -0.263386 -0.149421 -0.424364 -0.674013 0.604667 0.946233 0.419057
0.380436 -0.260000 -0.457729 -0.446997 -0.697148 0.560516 0.593846 0.908428
0.388883 -0.260000 -0.450349 -0.495444 -0.697146 0.518192 0.596766 0.910756
0.353968 -0.260000 -0.414553 -0.475928 -0.720431 0.504453 0.585686 0.923187
0.396634 -0.260000 -0.442242 -0.539899 -0.697148 0.471693 0.599466 0.913338
0.359953 -0.260000 -0.408209 -0.531272 -0.720431 0.445790 0.587771 0.925208
0.403627 -0.260000 -0.433473 -0.580006 -0.697147 0.421401 0.601923 0.916150
0.347287 -0.260000 -0.420159 -0.414148 -0.720431 0.556292 0.583379 0.921421
0.371362 -0.260000 -0.464322 -0.394954 -0.697145 0.598332 0.590729 0.906370
0.409806 -0.260000 -0.424112 -0.615446 -0.697146 0.367713 0.604119 0.919172
0.365162 -0.260000 -0.401213 -0.579433 -0.720431 0.381101 0.589609 0.927457
0.340000 -0.260000 -0.424952 -0.346762 -0.720433 0.600610 0.580883 0.919936
0.361734 -0.260000 -0.470074 -0.339728 -0.697149 0.631323 0.587439 0.904600
0.415121 -0.260000 -0.414236 -0.645929 -0.697147 0.311065 0.606034 0.922379
0.369522 -0.260000 -0.393660 -0.619757 -0.720433 0.311253 0.591172 0.929905
0.341127 -0.260000 -0.478882 -0.221542 -0.697147 0.681840 0.580453 0.901978
0.351628 -0.260000 -0.474941 -0.281773 -0.697146 0.659235 0.584005 0.903132
0.332206 -0.260000 -0.428866 -0.274690 -0.720430 0.636809 0.578232 0.918750
0.419529 -0.260000 -0.403922 -0.671213 -0.697147 0.251912 0.607655 0.925744
0.372977 -0.260000 -0.385651 -0.651703 -0.720430 0.237201 0.592441 0.932517
0.422995 -0.260000 -0.393255 -0.691093 -0.697146 0.190728 0.608967 0.929241
0.324010 -0.260000 -0.431849 -0.198905 -0.720431 0.664391 0.575461 0.917880
0.330315 -0.260000 -0.481866 -0.159531 -0.697147 0.698954 0.576811 0.901147
0.375478 -0.260000 -0.377296 -0.674830 -0.720432 0.159941 0.593398 0.935260
0.425491 -0.260000 -0.382320 -0.705408 -0.697147 0.128010 0.609961 0.932841
0.319279 -0.260000 -0.483869 -0.096234 -0.697147 0.710440 0.573110 0.900645
0.315524 -0.260000 -0.433861 -0.120430 -0.720431 0.682990 0.572608 0.917338
0.426997 -0.260000 -0.371205 -0.714042 -0.697147 0.064264 0.610628 0.936516
0.376993 -0.260000 -0.368707 -0.688837 -0.720432 0.080513 0.594030 0.938094
0.308108 -0.260000 -0.484874 -0.032164 -0.697147 0.716206 0.569379 0.900478
0.306861 -0.260000 -0.434873 -0.040325 -0.720431 0.692353 0.569711 0.917131
0.427500 -0.260000 -0.360000 -0.716928 -0.697147 -0.000000 0.610963 0.940236
0.426997 -0.260000 -0.348795 -0.714042 -0.697147 -0.064264 0.610963 0.943971
0.377500 -0.260000 -0.360000 -0.693526 -0.720431 -0.000000 0.594329 0.940983
0.285721 -0.260000 -0.483869 0.096234 -0.697147 0.710440 0.561946 0.901147
0.296892 -0.260000 -0.484874 0.032164 -0.697147 0.716206 0.565647 0.900645
0.298139 -0.260000 -0.434873 0.040325 -0.720431 0.692353 0.566809 0.917261
0.425491 -0.260000 -0.337680 -0.705407 -0.697147 -0.128010 0.610628 0.947691
0.376993 -0.260000 -0.351293 -0.688837 -0.720432 -0.080514 0.594290 0.943887
0.274685 -0.260000 -0.481866 0.159530 -0.697147 0.698954 0.558304 0.901978
0.289476 -0.260000 -0.433861 0.120429 -0.720431 0.682990 0.563942 0.917727
0.422995 -0.260000 -0.326745 -0.691093 -0.697146 -0.190728 0.609961 0.951366
0.375478 -0.260000 -0.342704 -0.674831 -0.720432 -0.159941 0.593915 0.946768
0.280990 -0.260000 -0.431849 0.198905 -0.720431 0.664391 0.561149 0.918523
0.263873 -0.260000 -0.478882 0.221543 -0.697146 0.681840 0.554752 0.903132
0.419529 -0.260000 -0.316078 -0.671213 -0.697146 -0.251912 0.608967 0.954967
0.372977 -0.260000 -0.334348 -0.651703 -0.720430 -0.237201 0.593208 0.949584
0.415121 -0.260000 -0.305765 -0.645929 -0.697147 -0.311065 0.607655 0.958464
0.272794 -0.260000 -0.428866 0.274691 -0.720431 0.636808 0.558467 0.919638
0.243266 -0.260000 -0.470074 0.339728 -0.697148 0.631323 0.548028 0.906370
0.253372 -0.260000 -0.474941 0.281773 -0.697146 0.659235 0.551318 0.904600
0.409806 -0.260000 -0.295888 -0.615446 -0.697147 -0.367713 0.606034 0.961829
0.369522 -0.260000 -0.326340 -0.619757 -0.720432 -0.311252 0.592178 0.952300
0.265000 -0.260000 -0.424952 0.346762 -0.720432 0.600612 0.555933 0.921057
0.233638 -0.260000 -0.464322 0.394953 -0.697146 0.598331 0.544911 0.908428
0.403627 -0.260000 -0.286527 -0.580007 -0.697147 -0.421400 0.604119 0.965035
0.365162 -0.260000 -0.318787 -0.579432 -0.720431 -0.381100 0.590840 0.954878
0.257713 -0.260000 -0.420159 0.414146 -0.720432 0.556293 0.553580 0.922760
0.224564 -0.260000 -0.457729 0.446998 -0.697147 0.560516 0.541991 0.910757
0.396634 -0.260000 -0.277758 -0.539899 -0.697147 -0.471694 0.601923 0.968057
0.359953 -0.260000 -0.311791 -0.531272 -0.720431 -0.445791 0.589212 0.957283
0.251032 -0.260000 -0.414553 0.475928 -0.720431 0.504452 0.551441 0.924725
0.216117 -0.260000 -0.450349 0.495443 -0.697146 0.518192 0.539291 0.913338
0.353968 -0.260000 -0.305447 -0.475928 -0.720431 -0.504452 0.587316 0.959483
0.388883 -0.260000 -0.269651 -0.495443 -0.697146 -0.518192 0.599466 0.970870
0.208366 -0.260000 -0.442242 0.539899 -0.697147 0.471694 0.536834 0.916151
0.245047 -0.260000 -0.408209 0.531272 -0.720431 0.445791 0.549545 0.926925
0.347287 -0.260000 -0.299841 -0.414147 -0.720432 -0.556292 0.585177 0.961448
0.380436 -0.260000 -0.262271 -0.446998 -0.697147 -0.560517 0.596766 0.973451
0.201373 -0.260000 -0.433473 0.580007 -0.697147 0.421400 0.534638 0.919172
0.239838 -0.260000 -0.401213 0.579432 -0.720432 0.381098 0.547917 0.929330
0.340000 -0.260000 -0.295048 -0.346764 -0.720432 -0.600611 0.582824 0.963151
0.371362 -0.260000 -0.255678 -0.394952 -0.697146 -0.598332 0.593846 0.975780
0.195194 -0.260000 -0.424112 0.615446 -0.697147 0.367713 0.532723 0.922379
0.235478 -0.260000 -0.393660 0.619758 -0.720431 0.311254 0.546579 0.931908
0.332206 -0.260000 -0.291134 -0.274690 -0.720432 -0.636807 0.580290 0.964570
0.361734 -0.260000 -0.249926 -0.339730 -0.697149 -0.631322 0.590729 0.977838
0.189879 -0.260000 -0.414236 0.645930 -0.697147 0.311064 0.531102 0.925744
0.232023 -0.260000 -0.385651 0.651701 -0.720432 0.237200 0.545549 0.934623
0.351628 -0.260000 -0.245059 -0.281773 -0.697145 -0.659237 0.587439 0.979608
0.185471 -0.260000 -0.403922 0.671213 -0.697147 0.251912 0.529790 0.929241
0.324010 -0.260000 -0.288151 -0.198905 -0.720431 -0.664392 0.577608 0.965685
0.341127 -0.260000 -0.241118 -0.221541 -0.697148 -0.681839 0.584005 0.981076
0.182005 -0.260000 -0.393255 0.691093 -0.697146 0.190728 0.528796 0.932841
0.229522 -0.260000 -0.377296 0.674833 -0.720431 0.159937 0.544842 0.937440
0.315524 -0.260000 -0.286139 -0.120430 -0.720432 -0.682989 0.574815 0.966481
0.330315 -0.260000 -0.238134 -0.159530 -0.697146 -0.698954 0.580453 0.982230
0.228007 -0.260000 -0.368707 0.688837 -0.720431 0.080513 0.544467 0.940320
0.179509 -0.260000 -0.382320 0.705407 -0.697147 0.128011 0.528129 0.936517
0.306861 -0.260000 -0.285127 -0.040324 -0.720431 -0.692353 0.571948 0.966947
0.319279 -0.260000 -0.236131 -0.096234 -0.697148 -0.710440 0.576811 0.983061
0.178003 -0.260000 -0.371205 0.714042 -0.697147 0.064266 0.527794 0.940237
0.227500 -0.260000 -0.360000 0.693527 -0.720431 0.000000 0.544428 0.943225
0.308108 -0.260000 -0.235126 -0.032165 -0.697147 -0.716207 0.573110 0.983562
0.177500 -0.260000 -0.360000 0.716929 -0.697147 -0.000000 0.527794 0.943972
0.298139 -0.260000 -0.285127 0.040324 -0.720431 -0.692353 0.569046 0.967077
0.296892 -0.260000 -0.235126 0.032165 -0.697147 -0.716206 0.569378 0.983730
0.178003 -0.260000 -0.348795 0.714042 -0.697147 -0.064266 0.528129 0.947692
0.228007 -0.260000 -0.351293 0.688837 -0.720431 -0.080513 0.544727 0.946114
0.289476 -0.260000 -0.286139 0.120429 -0.720432 -0.682990 0.566149 0.966870
0.285721 -0.260000 -0.236131 0.096234 -0.697148 -0.710440 0.565647 0.983562
0.179509 -0.260000 -0.337680 0.705406 -0.697148 -0.128011 0.528796 0.951367
0.229522 -0.260000 -0.342704 0.674832 -0.720431 -0.159938 0.545359 0.948948
0.274685 -0.260000 -0.238134 0.159530 -0.697146 -0.698954 0.561946 0.983061
0.280990 -0.260000 -0.288151 0.198905 -0.720431 -0.664392 0.563296 0.966328
0.182005 -0.260000 -0.326745 0.691094 -0.697146 -0.190728 0.529790 0.954967
0.232023 -0.260000 -0.334348 0.651701 -0.720432 -0.237200 0.546316 0.951691
0.272794 -0.260000 -0.291134 0.274691 -0.720432 -0.636806 0.560525 0.965458
0.263873 -0.260000 -0.241118 0.221541 -0.697147 -0.681839 0.558304 0.982230
0.185471 -0.260000 -0.316078 0.671213 -0.697147 -0.251912 0.531102 0.958464
0.253372 -0.260000 -0.245059 0.281773 -0.697145 -0.659236 0.554752 0.981076
0.235478 -0.260000 -0.326340 0.619759 -0.720431 -0.311254 0.547585 0.954303
0.189879 -0.260000 -0.305765 0.645929 -0.697147 -0.311065 0.532723 0.961829
0.265000 -0.260000 -0.295048 0.346764 -0.720431 -0.600612 0.557874 0.964272
0.243266 -0.260000 -0.249926 0.339730 -0.697148 -0.631322 0.551318 0.979608
0.239838 -0.260000 -0.318787 0.579432 -0.720432 -0.381098 0.549148 0.956751
0.195194 -0.260000 -0.295888 0.615446 -0.697147 -0.367712 0.534638 0.965036
0.257713 -0.260000 -0.299841 0.414145 -0.720432 -0.556293 0.555378 0.962787
0.233638 -0.260000 -0.255678 0.394952 -0.697146 -0.598331 0.548028 0.977838
0.245047 -0.260000 -0.311791 0.531272 -0.720431 -0.445791 0.550986 0.959000
0.201373 -0.260000 -0.286527 0.580007 -0.697147 -0.421399 0.536834 0.968058
0.251032 -0.260000 -0.305447 0.475928 -0.720431 -0.504452 0.553071 0.961021
0.224564 -0.260000 -0.262271 0.446999 -0.697146 -0.560517 0.544911 0.975780
0.208366 -0.260000 -0.277758 0.539899 -0.697146 -0.471695 0.539291 0.970870
0.216117 -0.260000 -0.269651 0.495443 -0.697147 -0.518191 0.541991 0.973451
0.479857 -0.210165 -0.197000 0.462853 -0.548314 -0.696505 0.746226 0.812506
0.457600 -0.227088 -0.197000 0.834169 -0.383478 0.396366 0.747104 0.803383
0.457600 -0.202408 -0.197000 0.636072 0.617125 0.463216 0.752949 0.809130
0.469922 -0.192340 -0.197000 -0.459660 0.527995 -0.714097 0.752628 0.814343
0.481593 -0.181524 -0.197000 -0.491649 0.498251 -0.714162 0.752628 0.819579
0.500281 -0.191070 -0.197000 0.516026 -0.498617 -0.696490 0.746265 0.821708
0.492566 -0.170000 -0.197000 -0.254991 -0.813504 -0.522676 0.752949 0.824818
0.518660 -0.170000 -0.197000 0.199960 -0.969087 -0.144521 0.747221 0.830894
0.190922 -0.229293 -0.120000 0.312344 0.642050 -0.700152 0.356590 0.657973
0.205980 -0.236027 -0.120000 0.268918 0.662260 -0.699354 0.356590 0.662988
0.203043 -0.234805 -0.158175 -0.009100 0.727560 0.685984 0.343877 0.662010
0.181069 -0.224231 -0.170581 -0.014931 0.728961 0.684392 0.339746 0.654692
0.492566 -0.170000 -0.120000 -0.769238 -0.329244 -0.547605 0.356590 0.758424
0.492566 -0.170000 -0.197000 -0.254991 -0.813504 -0.522676 0.330948 0.758424
0.481593 -0.181524 -0.197000 -0.491649 0.498251 -0.714162 0.330948 0.754770
0.176331 -0.221600 -0.120000 0.354996 0.620328 -0.699408 0.356590 0.653114
0.481177 -0.181933 -0.120000 -0.500424 0.509476 -0.700007 0.356590 0.754631
0.469922 -0.192340 -0.197000 -0.459660 0.527995 -0.714097 0.330948 0.750883
0.162268 -0.212979 -0.120000 0.392386 0.597566 -0.699248 0.356590 0.648431
0.469041 -0.193104 -0.120000 -0.466395 0.540717 -0.700072 0.356590 0.750590
0.457600 -0.202408 -0.197000 0.636072 0.617125 0.463216 0.330948 0.746780
0.162871 -0.213375 -0.183566 -0.028592 0.732679 0.679974 0.335422 0.648632
0.456208 -0.203467 -0.120000 -0.429821 0.571305 -0.699188 0.356590 0.746316
0.436553 -0.216921 -0.179294 0.015491 0.731392 0.681781 0.336845 0.739771
0.148792 -0.203467 -0.120000 0.430318 0.570018 -0.699933 0.356590 0.643944
0.147400 -0.202408 -0.197000 -0.639397 0.615246 0.461133 0.330948 0.643480
0.442732 -0.212979 -0.120000 -0.394694 0.596156 -0.699153 0.356590 0.741829
0.135959 -0.193104 -0.120000 0.466395 0.540717 -0.700072 0.356590 0.639670
0.135078 -0.192340 -0.197000 0.459660 0.527996 -0.714096 0.330948 0.639377
0.428669 -0.221600 -0.120000 -0.352807 0.621154 -0.699782 0.356590 0.737145
0.413100 -0.229767 -0.164060 0.008362 0.728469 0.685028 0.341918 0.731961
0.123823 -0.181933 -0.120000 0.500425 0.509476 -0.700007 0.356590 0.635629
0.123407 -0.181524 -0.197000 0.491648 0.498251 -0.714163 0.330948 0.635490
0.414078 -0.229293 -0.120000 -0.312859 0.642101 -0.699875 0.356590 0.732286
0.112434 -0.170000 -0.120000 0.769232 -0.329254 -0.547607 0.356590 0.631836
0.112434 -0.170000 -0.197000 0.254991 -0.813505 -0.522676 0.330948 0.631836
0.399020 -0.236027 -0.120000 -0.270971 0.660914 -0.699834 0.356590 0.727272
0.388752 -0.239970 -0.152189 0.005723 0.727065 0.686545 0.345871 0.723853
0.383558 -0.241774 -0.120000 -0.225676 0.677956 -0.699604 0.356590 0.722123
0.366053 -0.246953 -0.144162 0.003128 0.726063 0.687621 0.348544 0.716294
0.367757 -0.246509 -0.120000 -0.183850 0.690306 -0.699769 0.356590 0.716861
0.351683 -0.250212 -0.120000 -0.138954 0.700975 -0.699519 0.356590 0.711508
0.342524 -0.251839 -0.138588 0.001853 0.725449 0.688274 0.350400 0.708458
0.335404 -0.252868 -0.120000 -0.090029 0.709490 -0.698941 0.356590 0.706087
0.318586 -0.254492 -0.135576 0.000174 0.725962 0.687735 0.351403 0.700487
0.318986 -0.254467 -0.120000 -0.046557 0.712734 -0.699887 0.356590 0.700620
0.302500 -0.255000 -0.120000 -0.002220 0.715736 -0.698367 0.356590 0.695130
0.293968 -0.254857 -0.135162 -0.000039 0.725371 0.688358 0.351541 0.692289
0.286014 -0.254467 -0.120000 0.048175 0.713529 -0.698967 0.356590 0.689640
0.270433 -0.252976 -0.137297 -0.000985 0.725427 0.688298 0.350830 0.684451
0.269596 -0.252868 -0.120000 0.092877 0.708222 -0.699854 0.356590 0.684173
0.253317 -0.250212 -0.120000 0.135953 0.701596 -0.699486 0.356590 0.678751
0.247880 -0.249082 -0.141730 -0.003750 0.725215 0.688513 0.349354 0.676941
0.237243 -0.246509 -0.120000 0.183106 0.690288 -0.699982 0.356590 0.673398
0.225405 -0.243067 -0.148620 -0.004497 0.726196 0.687473 0.347059 0.669456
0.221442 -0.241774 -0.120000 0.229240 0.677057 -0.699316 0.356590 0.668137
0.123407 -0.181524 -0.197000 0.491648 0.498251 -0.714163 0.353850 0.849413
0.125143 -0.210165 -0.197000 -0.462853 -0.548314 -0.696505 0.360388 0.842497
0.104719 -0.191070 -0.197000 -0.516027 -0.498617 -0.696489 0.360348 0.851508
0.112434 -0.170000 -0.197000 0.254991 -0.813505 -0.522676 0.353522 0.854542
0.086340 -0.170000 -0.197000 -0.199961 -0.969087 -0.144521 0.359372 0.860501
0.135078 -0.192340 -0.197000 0.459660 0.527996 -0.714096 0.353850 0.844285
0.147400 -0.202408 -0.197000 -0.639397 0.615246 0.461133 0.353523 0.839179
0.147400 -0.227088 -0.197000 -0.839886 -0.380349 0.387202 0.359492 0.833562
0.562500 -0.170000 -0.130359 -0.178730 -0.946553 -0.268502 0.168911 0.595231
0.563904 -0.170000 -0.157637 0.628996 -0.736438 -0.249044 0.177995 0.595698
0.566320 -0.170000 -0.153244 0.547309 -0.736431 -0.397646 0.176532 0.596503
0.569752 -0.170000 -0.149590 0.431227 -0.736437 -0.521253 0.175315 0.597645
0.573984 -0.170000 -0.146903 0.288043 -0.736437 -0.612121 0.174421 0.599055
0.157234 -0.170000 -0.188178 -0.452053 -0.714363 0.534166 0.188166 0.460273
0.112434 -0.170000 -0.197000 0.254991 -0.813505 -0.522676 0.191103 0.445354
0.146082 -0.170000 -0.198265 -0.486766 -0.714808 0.502104 0.191525 0.456559
0.566320 -0.170000 -0.596756 0.547314 -0.736429 0.397644 0.324225 0.596503
0.550954 -0.170000 -0.606431 -0.067594 -0.889899 0.451122 0.327447 0.591386
0.569752 -0.170000 -0.600410 0.431217 -0.736443 0.521252 0.325442 0.597646
0.573984 -0.170000 -0.603096 0.288045 -0.736428 0.612130 0.326337 0.599056
0.579385 -0.170000 -0.624879 0.198371 -0.643866 0.738976 0.333591 0.600854
0.563904 -0.170000 -0.592363 0.628995 -0.736439 0.249045 0.322763 0.595699
0.578752 -0.170000 -0.604646 0.126772 -0.736439 0.664520 0.326853 0.600643
0.631525 -0.170000 -0.190759 -0.634215 -0.700963 -0.326225 0.189025 0.618217
0.597079 -0.170000 -0.178691 -0.493157 -0.736433 0.463101 0.185006 0.606746
0.593217 -0.170000 -0.181887 -0.362490 -0.736438 0.571192 0.186070 0.605460
0.590778 -0.170000 -0.219374 -0.237993 -0.873966 -0.423725 0.198554 0.604647
0.640341 -0.170000 -0.209125 -0.651210 -0.700962 -0.290823 0.195141 0.621153
0.562658 -0.170000 -0.587507 0.671174 -0.736435 0.084788 0.321145 0.595284
0.009752 -0.170000 -0.570410 0.431233 -0.736433 0.521254 0.315452 0.411160
-0.009552 -0.170000 -0.578931 0.589747 -0.676996 0.440313 0.318290 0.404732
-0.001687 -0.170000 -0.586859 0.445041 -0.676997 0.586185 0.320930 0.407351
0.006320 -0.170000 -0.566756 0.547307 -0.736434 0.397642 0.314235 0.410018
0.583756 -0.170000 -0.604961 -0.042485 -0.736437 0.675171 0.326958 0.602310
0.589665 -0.170000 -0.624353 -0.131456 -0.679260 0.722028 0.333416 0.604277
0.013984 -0.170000 -0.573097 0.288043 -0.736441 0.612116 0.316347 0.412570
0.008062 -0.170000 -0.592304 0.265652 -0.676996 0.686371 0.322743 0.410598
0.571878 -0.170000 -0.126436 0.194812 -0.679595 -0.707248 0.167605 0.598353
0.578752 -0.170000 -0.145354 0.126757 -0.736437 -0.664525 0.173905 0.600643
0.003905 -0.170000 -0.562363 0.629000 -0.736435 0.249044 0.312772 0.409213
0.562658 -0.170000 -0.582493 0.671174 -0.736435 -0.084787 0.319476 0.595284
-0.014918 -0.170000 -0.569137 0.688485 -0.676997 0.260121 0.315028 0.402945
0.458918 -0.170000 -0.521735 0.486318 -0.714596 -0.502839 0.299243 0.560737
0.588680 -0.170000 -0.604021 -0.209056 -0.736432 0.643400 0.326645 0.603950
0.599471 -0.170000 -0.621222 -0.311364 -0.679261 0.664573 0.332373 0.607543
0.621711 -0.170000 -0.172906 -0.615261 -0.776730 -0.134702 0.183080 0.614948
0.602500 -0.170000 -0.165000 -0.676513 -0.736430 -0.000000 0.180447 0.608551
0.601872 -0.170000 -0.169974 -0.655251 -0.736439 0.168237 0.182103 0.608342
0.600026 -0.170000 -0.174635 -0.592827 -0.736434 0.325915 0.183656 0.607727
0.018752 -0.170000 -0.574646 0.126754 -0.736435 0.664527 0.316863 0.414158
0.018937 -0.170000 -0.594841 0.377779 -0.872335 0.310345 0.323588 0.414219
0.563904 -0.170000 -0.577637 0.628995 -0.736439 -0.249044 0.317859 0.595699
0.002658 -0.170000 -0.557507 0.671172 -0.736437 0.084792 0.311155 0.408798
0.469372 -0.170000 -0.510927 0.518812 -0.714605 -0.469227 0.295644 0.564218
-0.017368 -0.170000 -0.558242 0.733565 -0.676996 0.059657 0.311400 0.402129
0.581941 -0.170000 -0.125004 0.010245 -0.679594 -0.733517 0.167128 0.601705
0.583756 -0.170000 -0.145039 -0.042485 -0.736433 -0.675175 0.173800 0.602309
0.023756 -0.170000 -0.574961 -0.042482 -0.736433 0.675176 0.316967 0.415824
0.622438 -0.170000 -0.162767 -0.732444 -0.679594 -0.040959 0.179703 0.615190
0.593217 -0.170000 -0.601887 -0.362486 -0.736436 0.571198 0.325934 0.605460
0.002658 -0.170000 -0.552493 0.671171 -0.736437 -0.084792 0.309486 0.408798
0.112434 -0.170000 -0.120000 0.769232 -0.329254 -0.547607 0.165462 0.445354
0.169035 -0.170000 -0.178859 -0.414543 -0.714475 0.563631 0.185062 0.464203
-0.016711 -0.170000 -0.547095 0.616116 -0.775239 0.139306 0.307688 0.402348
0.601872 -0.170000 -0.160026 -0.655251 -0.736439 -0.168237 0.178791 0.608342
0.592041 -0.170000 -0.126155 -0.174981 -0.679595 -0.712413 0.167511 0.605068
0.588680 -0.170000 -0.145979 -0.209051 -0.736434 -0.643399 0.174113 0.603949
0.608152 -0.170000 -0.615691 -0.470657 -0.679259 0.563106 0.330531 0.610434
0.028680 -0.170000 -0.574021 -0.209046 -0.736434 0.643400 0.316655 0.417464
0.566320 -0.170000 -0.573244 0.547309 -0.736431 -0.397647 0.316396 0.596503
0.620585 -0.170000 -0.152772 -0.698468 -0.679595 -0.224262 0.176375 0.614573
0.600026 -0.170000 -0.155365 -0.592826 -0.736435 -0.325916 0.177239 0.607727
0.597079 -0.170000 -0.598691 -0.493152 -0.736437 0.463099 0.324870 0.606747
0.003905 -0.170000 -0.547638 0.629002 -0.736434 -0.249043 0.307869 0.409213
0.601525 -0.170000 -0.129814 -0.348908 -0.679594 -0.645302 0.168730 0.608226
0.593217 -0.170000 -0.148113 -0.362490 -0.736438 -0.571192 0.174824 0.605460
0.033217 -0.170000 -0.571887 -0.362487 -0.736437 0.571194 0.315944 0.418975
0.616273 -0.170000 -0.143567 -0.619383 -0.679593 -0.393087 0.173310 0.613137
0.597079 -0.170000 -0.151309 -0.493156 -0.736433 -0.463102 0.175888 0.606746
0.006320 -0.170000 -0.543244 0.547308 -0.736435 -0.397640 0.306406 0.410018
-0.026177 -0.170000 -0.529917 0.633345 -0.701191 0.327422 0.301967 0.399196
0.609780 -0.170000 -0.135746 -0.500297 -0.679596 -0.536518 0.170705 0.610975
0.037079 -0.170000 -0.568691 -0.493155 -0.736435 0.463101 0.314880 0.420261
0.022500 -0.170000 -0.700000 0.566604 -0.579153 0.586125 0.358607 0.415406
0.615135 -0.170000 -0.608129 -0.598776 -0.679262 0.424348 0.328013 0.612759
0.600026 -0.170000 -0.594635 -0.592831 -0.736433 0.325911 0.323519 0.607728
0.009752 -0.170000 -0.539590 0.431219 -0.736437 -0.521258 0.305189 0.411160
0.181432 -0.170000 -0.170349 -0.376246 -0.714709 0.589601 0.182228 0.468331
0.562500 -0.170000 -0.037000 -0.577350 -0.577350 -0.577350 0.137822 0.595230
0.518660 -0.170000 -0.037000 0.330281 -0.708849 -0.623256 0.137822 0.580631
0.086340 -0.170000 -0.197000 -0.199961 -0.969087 -0.144521 0.191103 0.436665
0.086340 -0.170000 -0.037000 -0.330282 -0.708848 -0.623256 0.137822 0.436665
0.042500 -0.170000 -0.130359 0.178730 -0.946553 -0.268502 0.168911 0.422065
0.041872 -0.170000 -0.160026 -0.655252 -0.736437 -0.168241 0.178791 0.421856
0.492566 -0.170000 -0.120000 -0.769238 -0.329244 -0.547605 0.165462 0.571942
0.294982 -0.170000 -0.135126 -0.023192 -0.714716 0.699031 0.170499 0.506144
0.310018 -0.170000 -0.135126 0.022949 -0.714646 0.699109 0.170499 0.511152
0.325022 -0.170000 -0.136130 0.070611 -0.714751 0.695805 0.170833 0.516148
0.339924 -0.170000 -0.138134 0.115850 -0.714779 0.689688 0.171501 0.521111
0.354660 -0.170000 -0.141129 0.162136 -0.714525 0.680563 0.172498 0.526018
0.369162 -0.170000 -0.145102 0.208130 -0.715140 0.667275 0.173821 0.530847
0.383367 -0.170000 -0.150034 0.250076 -0.715128 0.652728 0.175463 0.535577
0.013984 -0.170000 -0.536904 0.288038 -0.736434 -0.612126 0.304294 0.412570
0.279979 -0.170000 -0.136130 -0.069797 -0.714530 0.696114 0.170833 0.501148
0.265076 -0.170000 -0.138134 -0.116913 -0.714741 0.689549 0.171501 0.496185
0.250340 -0.170000 -0.141129 -0.161660 -0.714776 0.680413 0.172498 0.491278
0.235838 -0.170000 -0.145102 -0.207192 -0.714488 0.668265 0.173821 0.486449
-0.034719 -0.170000 -0.512261 0.649807 -0.701189 0.293403 0.296088 0.396351
0.221633 -0.170000 -0.150034 -0.252268 -0.715095 0.651920 0.175463 0.481719
0.518660 -0.170000 -0.197000 0.199960 -0.969087 -0.144521 0.191103 0.580631
0.562658 -0.170000 -0.162493 0.671174 -0.736435 -0.084788 0.179612 0.595283
0.619957 -0.170000 -0.599034 -0.687242 -0.679261 0.257495 0.324984 0.614365
0.018752 -0.170000 -0.535354 0.126762 -0.736435 -0.664526 0.303778 0.414158
-0.042313 -0.170000 -0.494178 0.664442 -0.701190 0.258555 0.290066 0.393822
0.601872 -0.170000 -0.589974 -0.655251 -0.736439 0.168236 0.321967 0.608342
0.023756 -0.170000 -0.535040 -0.042474 -0.736433 -0.675176 0.303673 0.415824
0.194369 -0.170000 -0.162686 -0.336536 -0.714724 0.613117 0.179677 0.472639
0.622299 -0.170000 -0.589010 -0.730201 -0.679259 0.073579 0.321646 0.615145
0.602500 -0.170000 -0.585000 -0.676513 -0.736431 0.000000 0.320311 0.608552
0.573100 -0.170000 -0.530809 0.196537 -0.970967 0.136365 0.302265 0.598761
0.569752 -0.170000 -0.569590 0.431221 -0.736439 -0.521255 0.315179 0.597646
0.573984 -0.170000 -0.566904 0.288046 -0.736432 -0.612125 0.314284 0.599056
0.578752 -0.170000 -0.565354 0.126760 -0.736439 -0.664521 0.313769 0.600643
0.479080 -0.170000 -0.499444 0.548988 -0.714615 -0.433519 0.291820 0.567451
0.487999 -0.170000 -0.487338 0.576710 -0.714622 -0.395880 0.287788 0.570422
0.496090 -0.170000 -0.474664 0.601853 -0.714634 -0.356470 0.283568 0.573116
0.573428 -0.170000 -0.530753 -0.116871 -0.706340 0.698158 0.302246 0.598870
0.146082 -0.170000 -0.521735 -0.486431 -0.714424 -0.502975 0.299243 0.456560
0.042500 -0.170000 -0.555000 -0.676509 -0.736434 -0.000000 0.310320 0.422066
0.041872 -0.170000 -0.559974 -0.655252 -0.736437 0.168240 0.311977 0.421857
0.573757 -0.170000 -0.530699 -0.112595 -0.706418 0.698782 0.302228 0.598980
0.622004 -0.170000 -0.578721 -0.724798 -0.679261 -0.115207 0.318220 0.615047
0.601872 -0.170000 -0.580026 -0.655252 -0.736438 -0.168235 0.318654 0.608342
0.135628 -0.170000 -0.510927 -0.518943 -0.714418 -0.469366 0.295644 0.453079
0.041872 -0.170000 -0.550026 -0.655252 -0.736437 -0.168242 0.308664 0.421857
0.574087 -0.170000 -0.530647 -0.325605 -0.817880 0.474398 0.302211 0.599090
0.583756 -0.170000 -0.565040 -0.042485 -0.736431 -0.675177 0.313664 0.602310
0.588680 -0.170000 -0.565979 -0.209047 -0.736435 -0.643399 0.313977 0.603949
0.157234 -0.170000 -0.531822 -0.451745 -0.714431 -0.534336 0.302602 0.460273
0.042500 -0.170000 -0.037000 0.577350 -0.577350 -0.577350 0.137822 0.422065
0.040026 -0.170000 -0.564635 -0.592829 -0.736434 0.325913 0.313529 0.421242
0.619094 -0.170000 -0.568847 -0.671398 -0.679259 -0.296363 0.314932 0.614077
0.600026 -0.170000 -0.575365 -0.592827 -0.736435 -0.325913 0.317102 0.607728
0.125920 -0.170000 -0.499444 -0.549140 -0.714413 -0.433658 0.291820 0.449846
0.040026 -0.170000 -0.545365 -0.592830 -0.736433 -0.325912 0.307112 0.421242
0.207790 -0.170000 -0.155904 -0.293154 -0.715088 0.634594 0.177418 0.477109
0.613760 -0.170000 -0.560044 -0.536299 -0.844028 -0.000278 0.312000 0.612301
0.593217 -0.170000 -0.568113 -0.362488 -0.736437 -0.571195 0.314687 0.605460
0.597079 -0.170000 -0.571309 -0.493153 -0.736435 -0.463103 0.315752 0.606746
0.169035 -0.170000 -0.541141 -0.415041 -0.714437 -0.563312 0.305705 0.464203
0.117001 -0.170000 -0.487338 -0.576885 -0.714405 -0.396016 0.287788 0.446875
0.037079 -0.170000 -0.541309 -0.493153 -0.736437 -0.463100 0.305761 0.420261
0.584907 -0.170000 -0.510488 0.631166 -0.698934 -0.336333 0.295497 0.602693
0.503317 -0.170000 -0.461477 0.624313 -0.714642 -0.315470 0.279177 0.575522
0.181432 -0.170000 -0.549651 -0.376486 -0.714443 -0.589771 0.308539 0.468332
0.108910 -0.170000 -0.474664 -0.602050 -0.714403 -0.356601 0.283568 0.444181
0.033217 -0.170000 -0.538113 -0.362489 -0.736435 -0.571196 0.304697 0.418974
0.624298 -0.170000 -0.542608 -0.620286 -0.700963 0.351989 0.306194 0.615811
0.585803 -0.170000 -0.510397 -0.617136 -0.715409 0.327618 0.295467 0.602991
0.194369 -0.170000 -0.557314 -0.336252 -0.714449 -0.613593 0.311091 0.472640
0.101683 -0.170000 -0.461477 -0.624531 -0.714395 -0.315596 0.279177 0.441775
0.028680 -0.170000 -0.535979 -0.209045 -0.736437 -0.643397 0.303986 0.417464
0.595190 -0.170000 -0.489354 0.654150 -0.698934 -0.289100 0.288460 0.606117
0.509646 -0.170000 -0.447838 0.643980 -0.714651 -0.273064 0.274634 0.577630
0.207790 -0.170000 -0.564096 -0.294513 -0.714458 -0.634675 0.313349 0.477109
0.633861 -0.170000 -0.524620 -0.638720 -0.700962 0.317315 0.300204 0.618995
0.095354 -0.170000 -0.447838 -0.644219 -0.714391 -0.273179 0.274634 0.439667
0.596012 -0.170000 -0.489346 -0.639376 -0.715409 0.281760 0.288457 0.606391
0.221633 -0.170000 -0.569966 -0.251461 -0.714462 -0.652925 0.315304 0.481719
0.089950 -0.170000 -0.433806 -0.661034 -0.714383 -0.229543 0.269962 0.437867
0.642420 -0.170000 -0.506132 -0.655218 -0.700962 0.281678 0.294047 0.621845
0.603895 -0.170000 -0.467523 0.673604 -0.698934 -0.240308 0.281190 0.609016
0.515051 -0.170000 -0.433806 0.660771 -0.714661 -0.229436 0.269962 0.579430
-0.048939 -0.170000 -0.475718 0.677209 -0.701190 0.222983 0.283919 0.391616
0.604660 -0.170000 -0.467606 -0.658214 -0.715408 0.234407 0.281218 0.609271
0.235838 -0.170000 -0.574898 -0.207288 -0.714471 -0.668254 0.316947 0.486450
0.085494 -0.170000 -0.419444 -0.674893 -0.714381 -0.184880 0.265179 0.436383
-0.059212 -0.170000 -0.437875 0.697003 -0.701190 0.150064 0.271317 0.388195
-0.054577 -0.170000 -0.456933 0.688073 -0.701190 0.186785 0.277663 0.389738
0.649948 -0.170000 -0.487201 -0.669727 -0.700963 0.245188 0.287743 0.624352
0.610974 -0.170000 -0.445111 0.689426 -0.698933 -0.190220 0.273727 0.611373
0.519506 -0.170000 -0.419444 0.674611 -0.714670 -0.184787 0.265179 0.580913
0.250340 -0.170000 -0.578871 -0.162189 -0.714477 -0.680600 0.318270 0.491279
0.522991 -0.170000 -0.404817 0.685436 -0.714681 -0.139314 0.260308 0.582074
0.082009 -0.170000 -0.404817 -0.685741 -0.714375 -0.139387 0.260308 0.435223
-0.062830 -0.170000 -0.418599 0.703977 -0.701189 0.112918 0.264898 0.386990
0.265076 -0.170000 -0.581866 -0.116366 -0.714485 -0.689906 0.319267 0.496186
0.079508 -0.170000 -0.389990 -0.693525 -0.714369 -0.093274 0.255371 0.434390
0.656422 -0.170000 -0.467884 -0.682207 -0.700962 0.207956 0.281310 0.626508
0.611700 -0.170000 -0.445295 -0.673548 -0.715409 0.185803 0.273788 0.611615
0.616389 -0.170000 -0.422241 0.701527 -0.698935 -0.139106 0.266111 0.613176
-0.065422 -0.170000 -0.399158 0.708970 -0.701190 0.075455 0.258424 0.386127
0.525492 -0.170000 -0.389990 0.693202 -0.714690 -0.093220 0.255371 0.582907
0.279979 -0.170000 -0.583870 -0.070021 -0.714492 -0.696130 0.319934 0.501149
0.078003 -0.170000 -0.375028 -0.698211 -0.714364 -0.046746 0.250388 0.433888
-0.066980 -0.170000 -0.379606 0.711974 -0.701189 0.037781 0.251913 0.385608
0.661824 -0.170000 -0.448241 -0.692620 -0.700962 0.170090 0.274769 0.628307
0.077500 -0.170000 -0.360000 -0.699778 -0.714360 -0.000005 0.245384 0.433721
0.617095 -0.170000 -0.422529 -0.685301 -0.715408 0.136211 0.266207 0.613412
-0.066980 -0.170000 -0.340394 0.711974 -0.701189 -0.037781 0.238855 0.385608
-0.067500 -0.170000 -0.360000 0.712974 -0.701190 -0.000000 0.245384 0.385435
0.620110 -0.170000 -0.399035 0.143844 -0.943007 -0.300078 0.258383 0.614416
0.526998 -0.170000 -0.375028 0.697868 -0.714701 -0.046710 0.250388 0.583408
0.527500 -0.170000 -0.360000 0.699426 -0.714705 -0.000000 0.245384 0.583576
0.078003 -0.170000 -0.344972 -0.698221 -0.714355 0.046736 0.240379 0.433888
-0.065422 -0.170000 -0.320843 0.708970 -0.701190 -0.075455 0.232344 0.386127
0.079508 -0.170000 -0.330010 -0.693545 -0.714350 0.093267 0.235397 0.434390
-0.062830 -0.170000 -0.301401 0.703977 -0.701189 -0.112918 0.225870 0.386990
0.666136 -0.170000 -0.428330 -0.700932 -0.700962 0.131708 0.268138 0.629743
0.620816 -0.170000 -0.399431 -0.456288 -0.861725 -0.221879 0.258515 0.614651
0.082009 -0.170000 -0.315183 -0.685771 -0.714346 0.139382 0.230459 0.435222
-0.059212 -0.170000 -0.282125 0.697003 -0.701190 -0.150064 0.219451 0.388195
0.472500 -0.170000 -0.700000 -0.330653 -0.623179 0.708743 0.358607 0.565261
0.294982 -0.170000 -0.584874 -0.023369 -0.714498 -0.699247 0.320269 0.506145
0.310018 -0.170000 -0.584874 0.023383 -0.714505 -0.699239 0.320269 0.511152
0.325022 -0.170000 -0.583870 0.070034 -0.714515 -0.696106 0.319934 0.516149
0.339924 -0.170000 -0.581866 0.116374 -0.714522 -0.689866 0.319267 0.521111
0.354660 -0.170000 -0.578871 0.162191 -0.714529 -0.680546 0.318270 0.526018
0.085494 -0.170000 -0.300556 -0.674932 -0.714343 0.184880 0.225588 0.436383
-0.048939 -0.170000 -0.244282 0.677209 -0.701190 -0.222983 0.206849 0.391616
-0.054577 -0.170000 -0.263067 0.688073 -0.701190 -0.186785 0.213104 0.389738
0.369162 -0.170000 -0.574898 0.207281 -0.714537 -0.668185 0.316947 0.530848
0.089950 -0.170000 -0.286194 -0.661082 -0.714337 0.229549 0.220806 0.437867
-0.042313 -0.170000 -0.225822 0.664442 -0.701190 -0.258554 0.200701 0.393822
0.383367 -0.170000 -0.569966 0.251445 -0.714544 -0.652842 0.315304 0.535578
0.669346 -0.170000 -0.408211 -0.707117 -0.700963 0.092931 0.261439 0.630812
0.671443 -0.170000 -0.387947 -0.711162 -0.700961 0.053871 0.254690 0.631510
0.006320 -0.170000 -0.176756 0.547310 -0.736434 0.397639 0.184362 0.410017
-0.016711 -0.170000 -0.172906 0.615034 -0.776861 -0.134983 0.183080 0.402348
-0.026177 -0.170000 -0.190083 0.633345 -0.701191 -0.327423 0.188800 0.399195
0.009752 -0.170000 -0.180410 0.431220 -0.736438 0.521257 0.185579 0.411160
0.013984 -0.170000 -0.183096 0.288039 -0.736434 0.612126 0.186473 0.412569
-0.034719 -0.170000 -0.207739 0.649807 -0.701188 -0.293403 0.194679 0.396351
0.492566 -0.170000 -0.197000 -0.254991 -0.813504 -0.522676 0.191103 0.571942
0.479080 -0.170000 -0.220556 0.549069 -0.714452 0.433683 0.198948 0.567451
0.487999 -0.170000 -0.232662 0.576889 -0.714370 0.396074 0.202979 0.570421
0.469372 -0.170000 -0.209073 0.518180 -0.714900 0.469476 0.195124 0.564218
0.458918 -0.170000 -0.198265 0.486766 -0.714808 0.502104 0.191525 0.560737
0.447766 -0.170000 -0.188178 0.451085 -0.715216 0.533844 0.188166 0.557023
0.003905 -0.170000 -0.172362 0.629002 -0.736434 0.249043 0.182899 0.409213
0.620110 -0.170000 -0.320965 0.143209 -0.941196 0.306007 0.232385 0.614416
0.526998 -0.170000 -0.344972 0.697937 -0.714640 0.046624 0.240379 0.583408
0.525492 -0.170000 -0.330010 0.693387 -0.714516 0.093170 0.235397 0.582907
0.522991 -0.170000 -0.315183 0.685708 -0.714421 0.139311 0.230459 0.582074
0.397210 -0.170000 -0.564096 0.294484 -0.714555 -0.634579 0.313349 0.540188
0.018752 -0.170000 -0.184646 0.126764 -0.736435 0.664526 0.186989 0.414157
0.002658 -0.170000 -0.167507 0.671171 -0.736437 0.084793 0.181282 0.408798
-0.017438 -0.170000 -0.162767 0.732444 -0.679594 -0.040962 0.179703 0.402106
0.023756 -0.170000 -0.184960 -0.042477 -0.736435 0.675174 0.187094 0.415823
0.095354 -0.170000 -0.272162 -0.644277 -0.714335 0.273192 0.216133 0.439666
0.002658 -0.170000 -0.162493 0.671171 -0.736437 -0.084792 0.179612 0.408798
-0.015585 -0.170000 -0.152772 0.698467 -0.679595 -0.224264 0.176375 0.402723
0.672422 -0.170000 -0.367598 -0.713044 -0.700966 0.014644 0.247914 0.631836
0.620580 -0.170000 -0.399300 -0.344705 -0.706461 -0.618135 0.258471 0.614572
0.620345 -0.170000 -0.399168 -0.348518 -0.706323 -0.616152 0.258427 0.614494
0.028680 -0.170000 -0.184021 -0.209047 -0.736434 0.643401 0.186781 0.417463
0.101683 -0.170000 -0.258523 -0.624596 -0.714329 0.315616 0.211591 0.441774
0.496090 -0.170000 -0.245336 0.602111 -0.714317 0.356670 0.207200 0.573116
0.503317 -0.170000 -0.258523 0.624627 -0.714286 0.315652 0.211591 0.575522
0.003905 -0.170000 -0.157637 0.629001 -0.736434 -0.249043 0.177995 0.409213
-0.011273 -0.170000 -0.143567 0.619384 -0.679594 -0.393086 0.173310 0.404159
0.672280 -0.170000 -0.347225 -0.712774 -0.700961 -0.024627 0.241130 0.631789
0.620345 -0.170000 -0.320832 -0.348530 -0.706356 0.616108 0.232340 0.614494
0.620580 -0.170000 -0.320700 -0.344751 -0.706428 0.618147 0.232296 0.614572
0.620816 -0.170000 -0.320569 -0.454613 -0.864131 0.215881 0.232253 0.614651
0.006320 -0.170000 -0.153244 0.547310 -0.736434 -0.397639 0.176532 0.410017
0.613849 -0.170000 -0.286094 0.699705 -0.694857 0.166091 0.220773 0.612330
0.519506 -0.170000 -0.300556 0.674938 -0.714348 0.184838 0.225588 0.580913
0.410631 -0.170000 -0.557314 0.336210 -0.714561 -0.613487 0.311091 0.544657
-0.004780 -0.170000 -0.135746 0.500299 -0.679596 -0.536517 0.170705 0.406321
0.671016 -0.170000 -0.326892 -0.710336 -0.700964 -0.063820 0.234359 0.631368
0.009752 -0.170000 -0.149590 0.431226 -0.736436 -0.521254 0.175315 0.411160
0.603771 -0.170000 -0.252129 0.677057 -0.694856 0.242422 0.209462 0.608974
0.515051 -0.170000 -0.286194 0.661122 -0.714304 0.229539 0.220806 0.579430
0.509646 -0.170000 -0.272162 0.644327 -0.714282 0.273211 0.216133 0.577630
0.668635 -0.170000 -0.306659 -0.705748 -0.700962 -0.102816 0.227621 0.630575
0.589999 -0.170000 -0.219486 0.312462 -0.933224 -0.177373 0.198592 0.604388
0.003475 -0.170000 -0.129814 0.348908 -0.679594 -0.645303 0.168730 0.409070
0.013984 -0.170000 -0.146903 0.288043 -0.736436 -0.612122 0.174421 0.412569
0.423569 -0.170000 -0.549651 0.376428 -0.714571 -0.589653 0.308539 0.548966
0.435965 -0.170000 -0.178859 0.414692 -0.714715 0.563216 0.185062 0.553093
0.423569 -0.170000 -0.170349 0.376531 -0.715041 0.589016 0.182228 0.548965
0.410631 -0.170000 -0.162686 0.335456 -0.714824 0.613592 0.179677 0.544657
0.397210 -0.170000 -0.155904 0.295038 -0.714957 0.633869 0.177418 0.540187
0.665144 -0.170000 -0.286588 -0.699019 -0.700962 -0.141505 0.220937 0.629412
0.614548 -0.170000 -0.285800 -0.675437 -0.719715 -0.160608 0.220675 0.612563
0.566320 -0.170000 -0.176756 0.547308 -0.736432 0.397645 0.184362 0.596503
0.569752 -0.170000 -0.180410 0.431221 -0.736438 0.521256 0.185579 0.597645
0.012959 -0.170000 -0.126155 0.174981 -0.679595 -0.712413 0.167511 0.412228
0.018752 -0.170000 -0.145354 0.126757 -0.736437 -0.664524 0.173905 0.414157
0.573984 -0.170000 -0.183096 0.288039 -0.736435 0.612126 0.186473 0.599055
0.042500 -0.170000 -0.165000 -0.676509 -0.736434 -0.000000 0.180447 0.422065
0.041872 -0.170000 -0.169974 -0.655252 -0.736437 0.168241 0.182103 0.421856
0.563904 -0.170000 -0.172362 0.628996 -0.736438 0.249044 0.182899 0.595698
0.040026 -0.170000 -0.174635 -0.592828 -0.736434 0.325913 0.183656 0.421242
0.037079 -0.170000 -0.178691 -0.493155 -0.736435 0.463100 0.185006 0.420260
0.033217 -0.170000 -0.181887 -0.362487 -0.736438 0.571194 0.186070 0.418974
0.660554 -0.170000 -0.266739 -0.690171 -0.700961 -0.179768 0.214327 0.627884
0.108910 -0.170000 -0.245336 -0.602122 -0.714327 0.356632 0.207200 0.444181
0.117001 -0.170000 -0.232662 -0.576961 -0.714322 0.396056 0.202979 0.446875
0.578752 -0.170000 -0.184646 0.126764 -0.736435 0.664526 0.186989 0.600643
0.562658 -0.170000 -0.167507 0.671174 -0.736435 0.084789 0.181282 0.595283
0.023059 -0.170000 -0.125004 -0.010244 -0.679594 -0.733517 0.167128 0.415591
0.023756 -0.170000 -0.145039 -0.042485 -0.736433 -0.675175 0.173800 0.415823
0.583756 -0.170000 -0.184960 -0.042477 -0.736436 0.675172 0.187094 0.602309
0.590518 -0.170000 -0.219412 0.103156 -0.706599 -0.700055 0.198567 0.604561
0.590259 -0.170000 -0.219450 0.099767 -0.706470 -0.700676 0.198579 0.604475
0.033122 -0.170000 -0.126436 -0.194811 -0.679594 -0.707248 0.167605 0.418943
0.028680 -0.170000 -0.145979 -0.209050 -0.736433 -0.643400 0.174113 0.417463
0.588680 -0.170000 -0.184021 -0.209048 -0.736434 0.643400 0.186781 0.603949
0.033217 -0.170000 -0.148113 -0.362487 -0.736437 -0.571194 0.174824 0.418974
0.037079 -0.170000 -0.151309 -0.493154 -0.736435 -0.463101 0.175888 0.420260
0.040026 -0.170000 -0.155365 -0.592828 -0.736435 -0.325914 0.177239 0.421242
0.654878 -0.170000 -0.247173 -0.679229 -0.700964 -0.217481 0.207811 0.625993
0.604495 -0.170000 -0.251931 -0.653676 -0.719715 -0.233918 0.209396 0.609215
0.125920 -0.170000 -0.220556 -0.549220 -0.714320 0.433709 0.198948 0.449845
0.135628 -0.170000 -0.209073 -0.518035 -0.714972 0.469525 0.195124 0.453078
0.648134 -0.170000 -0.227949 -0.666232 -0.700962 -0.254535 0.201410 0.623747
0.435965 -0.170000 -0.541141 0.414967 -0.714579 -0.563187 0.305705 0.553094
0.447766 -0.170000 -0.531822 0.451652 -0.714588 -0.534205 0.302602 0.557024
0.562500 -0.350000 -0.037000 -0.301511 -0.904535 -0.301510 0.848956 0.545971
0.337930 -0.272708 -0.037000 0.090237 -0.694244 -0.714061 0.874621 0.474644
0.355460 -0.269852 -0.037000 0.134920 -0.686858 -0.714158 0.875570 0.480274
0.494956 -0.196432 -0.037000 0.489444 -0.500030 -0.714433 0.899949 0.525428
0.562500 -0.170000 -0.037000 -0.577350 -0.577350 -0.577350 0.908726 0.547228
0.042500 -0.350000 -0.037000 0.301512 -0.904535 -0.301509 0.848956 0.379561
0.302500 -0.275000 -0.037000 -0.000222 -0.699671 -0.714465 0.873860 0.463290
0.320252 -0.274426 -0.037000 0.044966 -0.698491 -0.714204 0.874051 0.468975
0.284748 -0.274426 -0.037000 -0.044780 -0.698327 -0.714377 0.874051 0.457613
0.267070 -0.272708 -0.037000 -0.090155 -0.694241 -0.714074 0.874621 0.451968
0.097765 -0.183599 -0.037000 -0.521125 -0.467064 -0.714339 0.904210 0.398409
0.042500 -0.170000 -0.037000 0.577350 -0.577350 -0.577350 0.908726 0.380818
0.086340 -0.170000 -0.037000 -0.330282 -0.708848 -0.623256 0.908726 0.394848
0.110044 -0.196432 -0.037000 -0.489444 -0.500031 -0.714432 0.899949 0.402249
0.136956 -0.219591 -0.037000 -0.421338 -0.558797 -0.714297 0.892259 0.410699
0.151476 -0.229819 -0.037000 -0.384446 -0.584944 -0.714172 0.888863 0.415275
0.123126 -0.208446 -0.037000 -0.456547 -0.530176 -0.714478 0.895960 0.406351
0.166627 -0.239089 -0.037000 -0.345750 -0.608577 -0.714206 0.885785 0.420059
0.182344 -0.247361 -0.037000 -0.305942 -0.629529 -0.714208 0.883038 0.425031
0.198562 -0.254602 -0.037000 -0.264427 -0.648046 -0.714223 0.880634 0.430170
0.215214 -0.260780 -0.037000 -0.222330 -0.663760 -0.714138 0.878582 0.435456
0.232231 -0.265871 -0.037000 -0.178796 -0.676831 -0.714095 0.876892 0.440866
0.249540 -0.269852 -0.037000 -0.134922 -0.686896 -0.714122 0.875570 0.446377
0.507235 -0.183599 -0.037000 0.521125 -0.467065 -0.714338 0.904210 0.529447
0.518660 -0.170000 -0.037000 0.330281 -0.708849 -0.623256 0.908726 0.533198
0.481874 -0.208446 -0.037000 0.456547 -0.530176 -0.714478 0.895960 0.521157
0.468044 -0.219591 -0.037000 0.421338 -0.558798 -0.714296 0.892259 0.516654
0.453524 -0.229819 -0.037000 0.384213 -0.584915 -0.714321 0.888863 0.511936
0.438373 -0.239089 -0.037000 0.345151 -0.608291 -0.714740 0.885785 0.507022
0.422656 -0.247361 -0.037000 0.306230 -0.628897 -0.714641 0.883038 0.501935
0.406438 -0.254602 -0.037000 0.264465 -0.648067 -0.714190 0.880634 0.496694
0.389786 -0.260780 -0.037000 0.221732 -0.663552 -0.714516 0.878582 0.491322
0.372770 -0.265871 -0.037000 0.179139 -0.676311 -0.714502 0.876892 0.485841
0.376993 -0.260000 -0.368707 -0.688837 -0.720432 0.080513 0.080553 0.962929
0.377500 -0.260000 -0.360000 -0.693526 -0.720431 -0.000000 0.080613 0.965645
0.377500 -0.160000 -0.360000 -0.693526 0.720431 0.000000 0.047368 0.965645
0.376993 -0.160000 -0.368707 -0.688837 0.720432 0.080513 0.047308 0.962929
0.375478 -0.260000 -0.377296 -0.674830 -0.720432 0.159941 0.080475 0.960351
0.375478 -0.160000 -0.377296 -0.674830 0.720432 0.159941 0.047230 0.960351
0.372977 -0.160000 -0.385652 -0.651703 0.720430 0.237201 0.047136 0.957945
0.372977 -0.260000 -0.385651 -0.651703 -0.720430 0.237201 0.080380 0.957945
0.369522 -0.260000 -0.393660 -0.619757 -0.720433 0.311253 0.080270 0.955744
0.369522 -0.160000 -0.393660 -0.619757 0.720433 0.311253 0.047025 0.955744
0.365162 -0.160000 -0.401213 -0.579432 0.720431 0.381101 0.046901 0.953778
0.365162 -0.260000 -0.401213 -0.579433 -0.720431 0.381101 0.080146 0.953778
0.365162 -0.260000 -0.401213 -0.579433 -0.720431 0.381101 0.171035 0.984721
0.365162 -0.160000 -0.401213 -0.579432 0.720431 0.381101 0.137822 0.984721
0.359953 -0.160000 -0.408209 -0.531272 0.720431 0.445790 0.137974 0.982702
0.359953 -0.260000 -0.408209 -0.531272 -0.720431 0.445790 0.171187 0.982702
0.353968 -0.160000 -0.414553 -0.475928 0.720431 0.504452 0.138108 0.980454
0.353968 -0.260000 -0.414553 -0.475928 -0.720431 0.504453 0.171321 0.980454
0.347287 -0.260000 -0.420159 -0.414148 -0.720431 0.556292 0.171435 0.978007
0.347287 -0.160000 -0.420159 -0.414147 0.720432 0.556292 0.138222 0.978007
0.340000 -0.160000 -0.424952 -0.346763 0.720432 0.600611 0.138315 0.975396
0.340000 -0.260000 -0.424952 -0.346762 -0.720433 0.600610 0.171527 0.975396
0.332206 -0.260000 -0.428866 -0.274690 -0.720430 0.636809 0.171597 0.972654
0.332206 -0.160000 -0.428866 -0.274691 0.720431 0.636808 0.138384 0.972654
0.324010 -0.160000 -0.431849 -0.198905 0.720431 0.664391 0.138431 0.969820
0.324010 -0.260000 -0.431849 -0.198905 -0.720431 0.664391 0.171643 0.969820
0.315524 -0.260000 -0.433861 -0.120430 -0.720431 0.682990 0.171665 0.966931
0.315524 -0.160000 -0.433861 -0.120430 0.720431 0.682990 0.138453 0.966931
0.306861 -0.160000 -0.434873 -0.040325 0.720431 0.692353 0.138450 0.964027
0.306861 -0.260000 -0.434873 -0.040325 -0.720431 0.692353 0.171662 0.964027
0.298139 -0.260000 -0.434873 0.040325 -0.720431 0.692353 0.171635 0.961147
0.298139 -0.160000 -0.434873 0.040325 0.720432 0.692353 0.138423 0.961147
0.289476 -0.260000 -0.433861 0.120429 -0.720431 0.682990 0.171584 0.958329
0.289476 -0.160000 -0.433861 0.120429 0.720431 0.682990 0.138371 0.958329
0.280990 -0.260000 -0.431849 0.198905 -0.720431 0.664391 0.171509 0.955613
0.280990 -0.160000 -0.431849 0.198905 0.720431 0.664391 0.138297 0.955613
0.272794 -0.260000 -0.428866 0.274691 -0.720431 0.636808 0.171412 0.953034
0.272794 -0.160000 -0.428866 0.274692 0.720432 0.636807 0.138199 0.953034
0.265000 -0.260000 -0.424952 0.346762 -0.720432 0.600612 0.171293 0.950627
0.265000 -0.160000 -0.424952 0.346763 0.720431 0.600612 0.138081 0.950627
0.257713 -0.260000 -0.420159 0.414146 -0.720432 0.556293 0.171155 0.948426
0.257713 -0.160000 -0.420159 0.414145 0.720432 0.556293 0.137943 0.948426
0.251032 -0.260000 -0.414553 0.475928 -0.720431 0.504452 0.829465 0.986998
0.257713 -0.260000 -0.420159 0.414146 -0.720432 0.556293 0.829363 0.989261
0.251032 -0.160000 -0.414553 0.475928 0.720431 0.504452 0.796216 0.986998
0.257713 -0.160000 -0.420159 0.414145 0.720432 0.556293 0.796114 0.989261
0.245047 -0.260000 -0.408209 0.531272 -0.720431 0.445791 0.829552 0.984540
0.245047 -0.160000 -0.408209 0.531272 0.720431 0.445791 0.796303 0.984540
0.239838 -0.260000 -0.401213 0.579432 -0.720432 0.381098 0.829622 0.981918
0.239838 -0.160000 -0.401213 0.579432 0.720432 0.381099 0.796374 0.981918
0.235478 -0.160000 -0.393660 0.619758 0.720431 0.311254 0.796426 0.979170
0.235478 -0.260000 -0.393660 0.619758 -0.720431 0.311254 0.829675 0.979170
0.232023 -0.160000 -0.385652 0.651701 0.720432 0.237200 0.796461 0.976330
0.232023 -0.260000 -0.385651 0.651701 -0.720432 0.237200 0.829709 0.976330
0.229522 -0.160000 -0.377296 0.674832 0.720431 0.159937 0.796476 0.973439
0.229522 -0.260000 -0.377296 0.674833 -0.720431 0.159937 0.829725 0.973439
0.228007 -0.160000 -0.368707 0.688837 0.720431 0.080513 0.796473 0.970536
0.228007 -0.260000 -0.368707 0.688837 -0.720431 0.080513 0.829722 0.970536
0.227500 -0.260000 -0.360000 0.693527 -0.720431 0.000000 0.829699 0.967658
0.227500 -0.160000 -0.360000 0.693527 0.720431 0.000000 0.796451 0.967658
0.228007 -0.160000 -0.351293 0.688837 0.720431 -0.080513 0.796410 0.964846
0.228007 -0.260000 -0.351293 0.688837 -0.720431 -0.080513 0.829658 0.964846
0.229522 -0.160000 -0.342704 0.674833 0.720431 -0.159938 0.796351 0.962138
0.229522 -0.260000 -0.342704 0.674832 -0.720431 -0.159938 0.829599 0.962138
0.232023 -0.160000 -0.334349 0.651701 0.720432 -0.237200 0.796275 0.959569
0.232023 -0.260000 -0.334348 0.651701 -0.720432 -0.237200 0.829523 0.959569
0.235478 -0.160000 -0.326340 0.619759 0.720430 -0.311254 0.796182 0.957176
0.235478 -0.260000 -0.326340 0.619759 -0.720431 -0.311254 0.829431 0.957176
0.239838 -0.160000 -0.318787 0.579432 0.720432 -0.381098 0.796075 0.954989
0.239838 -0.260000 -0.318787 0.579432 -0.720432 -0.381098 0.829323 0.954989
0.245047 -0.260000 -0.311791 0.531272 -0.720431 -0.445791 0.863186 0.986916
0.239838 -0.260000 -0.318787 0.579432 -0.720432 -0.381098 0.863058 0.989228
0.239838 -0.160000 -0.318787 0.579432 0.720432 -0.381098 0.829845 0.989228
0.245047 -0.160000 -0.311791 0.531272 0.720431 -0.445792 0.829973 0.986916
0.251032 -0.160000 -0.305447 0.475928 0.720431 -0.504452 0.830081 0.984415
0.251032 -0.260000 -0.305447 0.475928 -0.720431 -0.504452 0.863294 0.984415
0.257713 -0.160000 -0.299841 0.414145 0.720432 -0.556293 0.830167 0.981759
0.257713 -0.260000 -0.299841 0.414145 -0.720432 -0.556293 0.863379 0.981759
0.265000 -0.160000 -0.295048 0.346764 0.720430 -0.600612 0.830229 0.978985
0.265000 -0.260000 -0.295048 0.346764 -0.720431 -0.600612 0.863442 0.978985
0.272794 -0.160000 -0.291134 0.274691 0.720432 -0.636807 0.830268 0.976130
0.272794 -0.260000 -0.291134 0.274691 -0.720432 -0.636806 0.863481 0.976130
0.280990 -0.160000 -0.288151 0.198905 0.720430 -0.664392 0.830283 0.973232
0.280990 -0.260000 -0.288151 0.198905 -0.720431 -0.664392 0.863495 0.973232
0.289476 -0.260000 -0.286139 0.120429 -0.720432 -0.682990 0.863485 0.970331
0.289476 -0.160000 -0.286139 0.120430 0.720431 -0.682990 0.830272 0.970331
0.298139 -0.160000 -0.285127 0.040325 0.720431 -0.692353 0.830238 0.967466
0.298139 -0.260000 -0.285127 0.040324 -0.720431 -0.692353 0.863450 0.967466
0.306861 -0.160000 -0.285127 -0.040325 0.720431 -0.692353 0.830179 0.964676
0.306861 -0.260000 -0.285127 -0.040324 -0.720431 -0.692353 0.863392 0.964676
0.315524 -0.260000 -0.286139 -0.120430 -0.720432 -0.682989 0.863310 0.961998
0.315524 -0.160000 -0.286139 -0.120431 0.720432 -0.682990 0.830097 0.961998
0.324010 -0.260000 -0.288151 -0.198905 -0.720431 -0.664392 0.863206 0.959468
0.324010 -0.160000 -0.288151 -0.198905 0.720430 -0.664392 0.829993 0.959468
0.332206 -0.160000 -0.291134 -0.274690 0.720431 -0.636808 0.829869 0.957121
0.332206 -0.260000 -0.291134 -0.274690 -0.720432 -0.636807 0.863081 0.957121
0.347287 -0.260000 -0.299841 -0.414147 -0.720432 -0.556292 0.080403 0.987771
0.340000 -0.260000 -0.295048 -0.346764 -0.720432 -0.600611 0.080296 0.990020
0.340000 -0.160000 -0.295048 -0.346764 0.720431 -0.600611 0.047051 0.990020
0.340000 -0.160000 -0.295048 -0.346764 0.720431 -0.600611 0.829725 0.954989
0.340000 -0.260000 -0.295048 -0.346764 -0.720432 -0.600611 0.862937 0.954989
0.347287 -0.160000 -0.299841 -0.414147 0.720431 -0.556293 0.047158 0.987771
0.353968 -0.260000 -0.305447 -0.475928 -0.720431 -0.504452 0.080494 0.985324
0.353968 -0.160000 -0.305447 -0.475928 0.720431 -0.504453 0.047249 0.985324
0.359953 -0.260000 -0.311791 -0.531272 -0.720431 -0.445791 0.080568 0.982712
0.359953 -0.160000 -0.311791 -0.531272 0.720431 -0.445791 0.047323 0.982712
0.365162 -0.260000 -0.318787 -0.579432 -0.720431 -0.381100 0.080623 0.979971
0.365162 -0.160000 -0.318787 -0.579432 0.720431 -0.381100 0.047379 0.979971
0.369522 -0.260000 -0.326340 -0.619757 -0.720432 -0.311252 0.080660 0.977136
0.369522 -0.160000 -0.326340 -0.619757 0.720432 -0.311253 0.047416 0.977136
0.372977 -0.260000 -0.334348 -0.651703 -0.720430 -0.237201 0.080678 0.974247
0.372977 -0.160000 -0.334349 -0.651703 0.720430 -0.237201 0.047433 0.974247
0.375478 -0.260000 -0.342704 -0.674831 -0.720432 -0.159941 0.080675 0.971343
0.375478 -0.160000 -0.342704 -0.674831 0.720432 -0.159941 0.047431 0.971343
0.376993 -0.260000 -0.351293 -0.688837 -0.720432 -0.080514 0.080654 0.968463
0.376993 -0.160000 -0.351293 -0.688837 0.720432 -0.080514 0.047409 0.968463
0.148792 -0.203467 -0.120000 0.430318 0.570018 -0.699933 0.126709 0.653378
0.135959 -0.193104 -0.120000 0.466395 0.540717 -0.700072 0.130150 0.649343
0.123823 -0.181933 -0.120000 0.500425 0.509476 -0.700007 0.133860 0.645537
0.162268 -0.212979 -0.120000 0.392386 0.597566 -0.699248 0.123551 0.657624
0.176331 -0.221600 -0.120000 0.354996 0.620328 -0.699408 0.120688 0.662064
0.112434 -0.170000 -0.120000 0.769232 -0.329254 -0.547607 0.137822 0.641976
0.205980 -0.236027 -0.120000 0.268918 0.662260 -0.699354 0.115897 0.671452
0.190922 -0.229293 -0.120000 0.312344 0.642050 -0.700152 0.118134 0.666680
0.221442 -0.241774 -0.120000 0.229240 0.677057 -0.699316 0.113989 0.676359
0.253317 -0.250212 -0.120000 0.135953 0.701596 -0.699486 0.111187 0.686501
0.237243 -0.246509 -0.120000 0.183106 0.690288 -0.699982 0.112417 0.681383
0.302500 -0.255000 -0.120000 -0.002220 0.715736 -0.698367 0.109598 0.702207
0.286014 -0.254467 -0.120000 0.048175 0.713529 -0.698967 0.109775 0.696935
0.269596 -0.252868 -0.120000 0.092877 0.708222 -0.699854 0.110305 0.691692
0.318986 -0.254467 -0.120000 -0.046557 0.712734 -0.699887 0.109775 0.707487
0.351683 -0.250212 -0.120000 -0.138954 0.700975 -0.699519 0.111187 0.717980
0.335404 -0.252868 -0.120000 -0.090029 0.709490 -0.698941 0.110305 0.712752
0.383558 -0.241774 -0.120000 -0.225676 0.677956 -0.699604 0.113989 0.728240
0.367757 -0.246509 -0.120000 -0.183850 0.690306 -0.699769 0.112417 0.723150
0.456208 -0.203467 -0.120000 -0.429821 0.571305 -0.699188 0.126709 0.751756
0.399020 -0.236027 -0.120000 -0.270971 0.660914 -0.699834 0.115897 0.733228
0.414078 -0.229293 -0.120000 -0.312859 0.642101 -0.699875 0.118134 0.738094
0.428669 -0.221600 -0.120000 -0.352807 0.621154 -0.699782 0.120688 0.742817
0.442732 -0.212979 -0.120000 -0.394694 0.596156 -0.699153 0.123551 0.747377
0.469041 -0.193104 -0.120000 -0.466395 0.540717 -0.700072 0.130150 0.755936
0.492566 -0.170000 -0.120000 -0.769238 -0.329244 -0.547605 0.137822 0.763625
0.481177 -0.181933 -0.120000 -0.500424 0.509476 -0.700007 0.133860 0.759897
0.562500 -0.350000 -0.130359 -0.459333 -0.559328 -0.690047 0.916088 0.000541
0.562500 -0.350000 -0.037000 -0.301511 -0.904535 -0.301510 0.945754 0.000000
0.562500 -0.170000 -0.037000 -0.577350 -0.577350 -0.577350 0.945754 0.059840
0.562500 -0.170000 -0.130359 -0.178730 -0.946553 -0.268502 0.916088 0.060381
0.622438 -0.170000 -0.162767 -0.732444 -0.679594 -0.040959 0.702063 0.759361
0.621711 -0.170000 -0.172906 -0.615261 -0.776730 -0.134702 0.702084 0.762512
0.621711 -0.350000 -0.172905 -0.743534 -0.648581 -0.162785 0.642252 0.761528
0.622438 -0.350000 -0.162766 -0.674995 -0.736857 -0.037747 0.642231 0.758378
0.620585 -0.170000 -0.152772 -0.698468 -0.679595 -0.224262 0.702095 0.756001
0.620585 -0.350000 -0.152772 -0.643684 -0.736856 -0.206672 0.642263 0.755018
0.616273 -0.170000 -0.143567 -0.619383 -0.679593 -0.393087 0.702177 0.752647
0.616273 -0.350000 -0.143566 -0.570800 -0.736858 -0.362254 0.642344 0.751664
0.609780 -0.170000 -0.135746 -0.500297 -0.679596 -0.536518 0.702303 0.749517
0.601525 -0.170000 -0.129814 -0.348908 -0.679594 -0.645302 0.702465 0.746812
0.609780 -0.350000 -0.135746 -0.461059 -0.736855 -0.494439 0.642470 0.748534
0.601525 -0.350000 -0.129814 -0.321541 -0.736857 -0.594688 0.642633 0.745829
0.592041 -0.170000 -0.126155 -0.174981 -0.679595 -0.712413 0.930942 0.882640
0.601525 -0.170000 -0.129814 -0.348908 -0.679594 -0.645302 0.928246 0.882789
0.592041 -0.350000 -0.126155 -0.161257 -0.736856 -0.656536 0.930942 0.822858
0.581941 -0.170000 -0.125004 0.010245 -0.679594 -0.733517 0.934067 0.882546
0.601525 -0.350000 -0.129814 -0.321541 -0.736857 -0.594688 0.928246 0.823007
0.571878 -0.170000 -0.126436 0.194812 -0.679595 -0.707248 0.937419 0.882511
0.581941 -0.350000 -0.125004 0.009442 -0.736857 -0.675983 0.934067 0.822763
0.562500 -0.170000 -0.130359 -0.178730 -0.946553 -0.268502 0.940782 0.882540
0.571878 -0.350000 -0.126436 0.179532 -0.736857 -0.651775 0.937419 0.822729
0.562500 -0.350000 -0.130359 -0.459333 -0.559328 -0.690047 0.940782 0.822757
0.640341 -0.170000 -0.209125 -0.651210 -0.700962 -0.290823 0.701730 0.775873
0.648134 -0.350000 -0.227949 -0.654650 -0.713357 -0.250110 0.641751 0.781645
0.640341 -0.350000 -0.209125 -0.639890 -0.713357 -0.285767 0.641897 0.774889
0.631525 -0.170000 -0.190759 -0.634215 -0.700963 -0.326225 0.701897 0.769160
0.631525 -0.350000 -0.190759 -0.623192 -0.713355 -0.320555 0.642064 0.768177
0.613760 -0.170000 -0.560044 -0.536299 -0.844028 -0.000278 0.702465 0.884763
0.613760 -0.350000 -0.560044 -0.794666 -0.607047 -0.000412 0.642633 0.883780
0.624298 -0.350000 -0.542608 -0.609505 -0.713356 0.345871 0.642411 0.879285
0.624298 -0.170000 -0.542608 -0.620286 -0.700963 0.351989 0.702243 0.880268
0.633861 -0.170000 -0.524620 -0.638720 -0.700962 0.317315 0.702041 0.875500
0.633861 -0.350000 -0.524620 -0.627618 -0.713356 0.311800 0.642208 0.874517
0.642420 -0.170000 -0.506132 -0.655218 -0.700962 0.281678 0.701858 0.870474
0.642420 -0.350000 -0.506132 -0.643828 -0.713357 0.276781 0.642026 0.869491
0.649948 -0.170000 -0.487201 -0.669727 -0.700963 0.245188 0.701696 0.865205
0.649948 -0.350000 -0.487201 -0.658087 -0.713355 0.240926 0.641863 0.864222
0.656422 -0.170000 -0.467884 -0.682207 -0.700962 0.207956 0.701554 0.859708
0.656422 -0.350000 -0.467884 -0.670349 -0.713356 0.204341 0.641722 0.858725
0.661824 -0.170000 -0.448241 -0.692620 -0.700962 0.170090 0.701434 0.854001
0.661824 -0.350000 -0.448241 -0.680580 -0.713357 0.167133 0.641602 0.853018
0.666136 -0.170000 -0.428330 -0.700932 -0.700962 0.131708 0.701336 0.848101
0.666136 -0.350000 -0.428330 -0.688748 -0.713356 0.129418 0.641504 0.847118
0.669346 -0.170000 -0.408211 -0.707117 -0.700963 0.092931 0.701260 0.842026
0.669346 -0.350000 -0.408211 -0.694828 -0.713355 0.091316 0.641428 0.841043
0.671443 -0.170000 -0.387947 -0.711162 -0.700961 0.053871 0.701206 0.835794
0.671443 -0.350000 -0.387947 -0.698799 -0.713357 0.052934 0.641374 0.834810
0.672422 -0.170000 -0.367598 -0.713044 -0.700966 0.014644 0.701175 0.829423
0.672422 -0.350000 -0.367598 -0.700654 -0.713356 0.014390 0.641343 0.828440
0.672280 -0.170000 -0.347225 -0.712774 -0.700961 -0.024627 0.701166 0.822935
0.672280 -0.350000 -0.347225 -0.700383 -0.713357 -0.024199 0.641334 0.821951
0.671016 -0.170000 -0.326892 -0.710336 -0.700964 -0.063820 0.701180 0.816347
0.671016 -0.350000 -0.326892 -0.697992 -0.713355 -0.062711 0.641348 0.815363
0.668635 -0.170000 -0.306659 -0.705748 -0.700962 -0.102816 0.701216 0.809680
0.668635 -0.350000 -0.306659 -0.693481 -0.713356 -0.101029 0.641384 0.808697
0.665144 -0.170000 -0.286588 -0.699019 -0.700962 -0.141505 0.701275 0.802954
0.665144 -0.350000 -0.286588 -0.686869 -0.713356 -0.139045 0.641443 0.801971
0.660554 -0.170000 -0.266739 -0.690171 -0.700961 -0.179768 0.701356 0.796190
0.660554 -0.350000 -0.266739 -0.678173 -0.713357 -0.176643 0.641524 0.795207
0.654878 -0.350000 -0.247173 -0.667425 -0.713355 -0.213702 0.641627 0.788425
0.654878 -0.170000 -0.247173 -0.679229 -0.700964 -0.217481 0.701459 0.789408
0.648134 -0.170000 -0.227949 -0.666232 -0.700962 -0.254535 0.701584 0.782629
0.579385 -0.170000 -0.624879 0.198371 -0.643866 0.738976 0.047463 0.836050
0.579385 -0.350000 -0.624879 0.161105 -0.783493 0.600153 0.107245 0.835848
0.589665 -0.350000 -0.624353 -0.121018 -0.737248 0.664696 0.107276 0.839266
0.589665 -0.170000 -0.624353 -0.131456 -0.679260 0.722028 0.047494 0.839468
0.599471 -0.170000 -0.621222 -0.311364 -0.679261 0.664573 0.047460 0.842840
0.599471 -0.350000 -0.621222 -0.286641 -0.737247 0.611803 0.107242 0.842638
0.608152 -0.170000 -0.615691 -0.470657 -0.679259 0.563106 0.047365 0.845945
0.608152 -0.350000 -0.615691 -0.433283 -0.737249 0.518391 0.107147 0.845743
0.615135 -0.170000 -0.608129 -0.598776 -0.679262 0.424348 0.047213 0.848575
0.615135 -0.350000 -0.608129 -0.551233 -0.737246 0.390654 0.106996 0.848373
0.619957 -0.170000 -0.599034 -0.687242 -0.679261 0.257495 0.702363 0.897771
0.615135 -0.170000 -0.608129 -0.598776 -0.679262 0.424348 0.702465 0.900182
0.619957 -0.350000 -0.599034 -0.632672 -0.737247 0.237049 0.642531 0.896787
0.615135 -0.350000 -0.608129 -0.551233 -0.737246 0.390654 0.642633 0.899199
0.622299 -0.170000 -0.589010 -0.730201 -0.679259 0.073579 0.702310 0.894817
0.622299 -0.350000 -0.589010 -0.672216 -0.737250 0.067736 0.642478 0.893834
0.622004 -0.170000 -0.578721 -0.724798 -0.679261 -0.115207 0.702310 0.891518
0.619094 -0.170000 -0.568847 -0.671398 -0.679259 -0.296363 0.702363 0.888091
0.622004 -0.350000 -0.578721 -0.667247 -0.737247 -0.106059 0.642478 0.890534
0.619094 -0.350000 -0.568847 -0.618087 -0.737247 -0.272828 0.642531 0.887107
0.550954 -0.170000 -0.606431 -0.067594 -0.889899 0.451122 0.046901 0.827453
0.550954 -0.350000 -0.606431 -0.120282 -0.584049 0.802758 0.106683 0.827251
0.472500 -0.170000 -0.700000 -0.330653 -0.623179 0.708743 0.048806 0.797532
0.472500 -0.350000 -0.700000 -0.244567 -0.815708 0.524221 0.108589 0.797330
0.022500 -0.170000 -0.700000 0.566604 -0.579153 0.586125 0.046901 0.648926
0.022500 -0.350000 -0.700000 0.302180 -0.900541 0.312592 0.106683 0.648724
0.018937 -0.170000 -0.594841 0.377779 -0.872335 0.310345 0.099389 0.908738
0.018937 -0.350000 -0.594841 0.622485 -0.592462 0.511371 0.099389 0.848891
0.022500 -0.350000 -0.700000 0.302180 -0.900541 0.312592 0.133975 0.848575
0.022500 -0.170000 -0.700000 0.566604 -0.579153 0.586125 0.133975 0.908422
-0.017368 -0.170000 -0.558242 0.733565 -0.676996 0.059657 0.917478 0.195216
-0.016711 -0.170000 -0.547095 0.616116 -0.775239 0.139306 0.917495 0.198816
-0.016711 -0.350000 -0.547095 0.741524 -0.649640 0.167661 0.857650 0.198227
-0.014918 -0.170000 -0.569137 0.688485 -0.676997 0.260121 0.917520 0.191498
-0.017368 -0.350000 -0.558242 0.670484 -0.739918 0.054527 0.857633 0.194627
-0.014918 -0.350000 -0.569137 0.629283 -0.739916 0.237755 0.857675 0.190910
-0.009552 -0.170000 -0.578931 0.589747 -0.676996 0.440313 0.917618 0.187954
-0.009552 -0.350000 -0.578931 0.539031 -0.739919 0.402450 0.857773 0.187365
-0.001687 -0.170000 -0.586859 0.445041 -0.676997 0.586185 0.917764 0.184858
-0.001687 -0.350000 -0.586859 0.406773 -0.739916 0.535780 0.857920 0.184269
0.008062 -0.170000 -0.592304 0.265652 -0.676996 0.686371 0.749466 0.803222
-0.001687 -0.170000 -0.586859 0.445041 -0.676997 0.586185 0.746479 0.803383
0.008062 -0.350000 -0.592304 0.242808 -0.739918 0.627349 0.749466 0.743439
-0.001687 -0.350000 -0.586859 0.406773 -0.739916 0.535780 0.746479 0.743600
0.018937 -0.170000 -0.594841 0.377779 -0.872335 0.310345 0.752949 0.803127
0.018937 -0.350000 -0.594841 0.622485 -0.592462 0.511371 0.752949 0.743344
-0.042313 -0.170000 -0.494178 0.664442 -0.701190 0.258555 0.917030 0.217751
-0.042313 -0.350000 -0.494178 0.653320 -0.713121 0.254227 0.857186 0.217162
-0.034719 -0.350000 -0.512261 0.638928 -0.713122 0.288491 0.857323 0.210766
-0.034719 -0.170000 -0.512261 0.649807 -0.701189 0.293403 0.917167 0.211355
-0.026177 -0.170000 -0.529917 0.633345 -0.701191 0.327422 0.917322 0.205037
-0.026177 -0.350000 -0.529917 0.622747 -0.713120 0.321943 0.857478 0.204448
-0.016711 -0.170000 -0.172906 0.615034 -0.776861 -0.134983 0.917648 0.321073
-0.016711 -0.350000 -0.172905 0.743528 -0.648489 -0.163183 0.857804 0.320485
-0.026177 -0.350000 -0.190083 0.622747 -0.713119 -0.321943 0.857617 0.315481
-0.026177 -0.170000 -0.190083 0.633345 -0.701191 -0.327423 0.917462 0.316069
-0.034719 -0.170000 -0.207739 0.649807 -0.701188 -0.293403 0.917292 0.310850
-0.034719 -0.350000 -0.207739 0.638928 -0.713122 -0.288491 0.857448 0.310262
-0.042313 -0.170000 -0.225822 0.664442 -0.701190 -0.258554 0.917140 0.305430
-0.042313 -0.350000 -0.225822 0.653320 -0.713121 -0.254226 0.857296 0.304842
-0.048939 -0.170000 -0.244282 0.677209 -0.701190 -0.222983 0.917007 0.299825
-0.048939 -0.350000 -0.244282 0.665873 -0.713121 -0.219250 0.857163 0.299236
-0.054577 -0.170000 -0.263067 0.688073 -0.701190 -0.186785 0.916892 0.294050
-0.054577 -0.350000 -0.263067 0.676556 -0.713121 -0.183658 0.857048 0.293461
-0.059212 -0.170000 -0.282125 0.697003 -0.701190 -0.150064 0.916796 0.288121
-0.059212 -0.350000 -0.282125 0.685337 -0.713121 -0.147552 0.856952 0.287533
-0.062830 -0.170000 -0.301401 0.703977 -0.701189 -0.112918 0.916720 0.282056
-0.062830 -0.350000 -0.301401 0.692192 -0.713122 -0.111028 0.856875 0.281467
-0.065422 -0.170000 -0.320843 0.708970 -0.701190 -0.075455 0.916662 0.275870
-0.065422 -0.350000 -0.320843 0.697105 -0.713120 -0.074192 0.856818 0.275282
-0.066980 -0.170000 -0.340394 0.711974 -0.701189 -0.037781 0.916625 0.269583
-0.066980 -0.350000 -0.340394 0.700055 -0.713122 -0.037148 0.856781 0.268994
-0.067500 -0.170000 -0.360000 0.712974 -0.701190 -0.000000 0.916607 0.263210
-0.067500 -0.350000 -0.360000 0.701041 -0.713121 -0.000000 0.856763 0.262622
-0.066980 -0.170000 -0.379606 0.711974 -0.701189 0.037781 0.916609 0.256771
-0.066980 -0.350000 -0.379606 0.700055 -0.713122 0.037148 0.856764 0.256182
-0.065422 -0.170000 -0.399158 0.708970 -0.701190 0.075455 0.916630 0.250283
-0.065422 -0.350000 -0.399157 0.697104 -0.713121 0.074192 0.856786 0.249694
-0.062830 -0.170000 -0.418599 0.703977 -0.701189 0.112918 0.916671 0.243764
-0.062830 -0.350000 -0.418599 0.692192 -0.713122 0.111028 0.856827 0.243176
-0.059212 -0.350000 -0.437875 0.685337 -0.713121 0.147552 0.856888 0.236645
-0.059212 -0.170000 -0.437875 0.697003 -0.701190 0.150064 0.916732 0.237233
-0.054577 -0.350000 -0.456933 0.676556 -0.713121 0.183659 0.856968 0.230120
-0.054577 -0.170000 -0.456933 0.688073 -0.701190 0.186785 0.916812 0.230709
-0.048939 -0.350000 -0.475718 0.665874 -0.713121 0.219250 0.857068 0.223620
-0.048939 -0.170000 -0.475718 0.677209 -0.701190 0.222983 0.916912 0.224209
0.042500 -0.170000 -0.130359 0.178730 -0.946553 -0.268502 0.335098 0.931709
0.042500 -0.350000 -0.130359 0.459333 -0.559328 -0.690047 0.335098 0.871926
0.033122 -0.350000 -0.126436 -0.179531 -0.736857 -0.651775 0.337736 0.871772
0.033122 -0.170000 -0.126436 -0.194811 -0.679594 -0.707248 0.337736 0.931554
0.023059 -0.170000 -0.125004 -0.010244 -0.679594 -0.733517 0.340824 0.931453
0.023059 -0.350000 -0.125004 -0.009441 -0.736857 -0.675983 0.340824 0.871671
0.012959 -0.170000 -0.126155 0.174981 -0.679595 -0.712413 0.344162 0.931412
0.012959 -0.350000 -0.126155 0.161257 -0.736856 -0.656537 0.344162 0.871630
0.003475 -0.170000 -0.129814 0.348908 -0.679594 -0.645303 0.347534 0.931434
-0.004780 -0.170000 -0.135746 0.500299 -0.679596 -0.536517 0.350723 0.931516
0.003475 -0.350000 -0.129814 0.321541 -0.736858 -0.594687 0.347534 0.871651
-0.004780 -0.350000 -0.135746 0.461060 -0.736855 -0.494438 0.350723 0.871734
-0.011273 -0.170000 -0.143567 0.619384 -0.679594 -0.393086 0.353523 0.931655
-0.011273 -0.350000 -0.143566 0.570801 -0.736858 -0.362253 0.353523 0.871872
-0.015585 -0.170000 -0.152772 0.698467 -0.679595 -0.224264 0.917678 0.327579
-0.011273 -0.170000 -0.143567 0.619384 -0.679594 -0.393086 0.917764 0.330309
-0.011273 -0.350000 -0.143566 0.570801 -0.736858 -0.362253 0.857920 0.329721
-0.015585 -0.350000 -0.152772 0.643684 -0.736856 -0.206674 0.857834 0.326990
-0.017438 -0.170000 -0.162767 0.732444 -0.679594 -0.040962 0.917639 0.324433
-0.017438 -0.350000 -0.162766 0.674994 -0.736857 -0.037749 0.857795 0.323844
0.042500 -0.170000 -0.130359 0.178730 -0.946553 -0.268502 0.946589 0.180427
0.042500 -0.170000 -0.037000 0.577350 -0.577350 -0.577350 0.916088 0.180766
0.042500 -0.350000 -0.037000 0.301512 -0.904535 -0.301509 0.916088 0.120919
0.042500 -0.350000 -0.130359 0.459333 -0.559328 -0.690047 0.946589 0.120580
0.023756 -0.170000 -0.535040 -0.042474 -0.736433 -0.675176 0.963333 0.063984
0.023756 -0.000000 -0.535040 -0.042474 0.736433 -0.675176 0.963333 0.120445
0.028680 -0.000000 -0.535979 -0.209045 0.736437 -0.643398 0.961844 0.120500
0.028680 -0.170000 -0.535979 -0.209045 -0.736437 -0.643397 0.961844 0.064039
0.033217 -0.170000 -0.538113 -0.362489 -0.736435 -0.571196 0.960590 0.064119
0.033217 -0.000000 -0.538113 -0.362489 0.736435 -0.571196 0.960590 0.120580
0.041872 -0.170000 -0.559974 -0.655252 -0.736437 0.168240 0.519986 0.908152
0.042500 -0.170000 -0.555000 -0.676509 -0.736434 -0.000000 0.521504 0.908112
0.041872 -0.000000 -0.559974 -0.655252 0.736437 0.168240 0.519986 0.964668
0.042500 -0.000000 -0.555000 -0.676509 0.736434 -0.000001 0.521504 0.964628
0.033217 -0.170000 -0.538113 -0.362489 -0.736435 -0.571196 0.527794 0.908186
0.033217 -0.000000 -0.538113 -0.362489 0.736435 -0.571196 0.527794 0.964702
0.037079 -0.000000 -0.541309 -0.493153 0.736437 -0.463100 0.526394 0.964649
0.037079 -0.170000 -0.541309 -0.493153 -0.736437 -0.463100 0.526394 0.908133
0.040026 -0.170000 -0.564635 -0.592829 -0.736434 0.325913 0.518688 0.908214
0.040026 -0.000000 -0.564635 -0.592828 0.736435 0.325912 0.518688 0.964729
0.040026 -0.170000 -0.545365 -0.592830 -0.736433 -0.325912 0.524812 0.908102
0.040026 -0.000000 -0.545365 -0.592830 0.736433 -0.325912 0.524812 0.964618
0.041872 -0.170000 -0.550026 -0.655252 -0.736437 -0.168242 0.523147 0.908095
0.037079 -0.170000 -0.568691 -0.493155 -0.736435 0.463101 0.288461 0.891741
0.040026 -0.170000 -0.564635 -0.592829 -0.736434 0.325913 0.289608 0.891829
0.037079 -0.000000 -0.568691 -0.493155 0.736435 0.463101 0.288461 0.948202
0.040026 -0.000000 -0.564635 -0.592828 0.736435 0.325912 0.289608 0.948290
0.041872 -0.000000 -0.550026 -0.655252 0.736437 -0.168242 0.523147 0.964611
0.033217 -0.170000 -0.571887 -0.362487 -0.736437 0.571194 0.287049 0.891676
0.033217 -0.000000 -0.571887 -0.362487 0.736438 0.571194 0.287049 0.948137
0.028680 -0.170000 -0.574021 -0.209046 -0.736434 0.643400 0.285459 0.891639
0.028680 -0.000000 -0.574021 -0.209047 0.736434 0.643400 0.285459 0.948100
0.023756 -0.170000 -0.574961 -0.042482 -0.736433 0.675176 0.283793 0.891631
0.023756 -0.000000 -0.574961 -0.042482 0.736433 0.675175 0.283793 0.948093
0.018752 -0.170000 -0.574646 0.126754 -0.736435 0.664527 0.282154 0.891654
0.018752 -0.000000 -0.574646 0.126754 0.736435 0.664527 0.282154 0.948116
0.013984 -0.170000 -0.573097 0.288043 -0.736441 0.612116 0.280646 0.891707
0.013984 -0.000000 -0.573097 0.288044 0.736441 0.612116 0.280646 0.948168
0.009752 -0.170000 -0.570410 0.431233 -0.736433 0.521254 0.279363 0.891784
0.009752 -0.000000 -0.570410 0.431232 0.736433 0.521254 0.279363 0.948246
0.006320 -0.170000 -0.566756 0.547307 -0.736434 0.397642 0.956146 0.623538
0.009752 -0.170000 -0.570410 0.431233 -0.736433 0.521254 0.957561 0.623588
0.006320 -0.000000 -0.566756 0.547307 0.736434 0.397642 0.956146 0.680061
0.009752 -0.000000 -0.570410 0.431232 0.736433 0.521254 0.957561 0.680111
0.003905 -0.170000 -0.562363 0.629000 -0.736435 0.249044 0.954555 0.623510
0.003905 -0.000000 -0.562363 0.629000 0.736434 0.249044 0.954555 0.680032
0.002658 -0.170000 -0.557507 0.671172 -0.736437 0.084792 0.952888 0.623505
0.002658 -0.000000 -0.557507 0.671171 0.736437 0.084792 0.952888 0.680027
0.002658 -0.000000 -0.552493 0.671171 0.736437 -0.084793 0.951250 0.680045
0.002658 -0.170000 -0.552493 0.671171 -0.736437 -0.084792 0.951250 0.623523
0.003905 -0.170000 -0.547638 0.629002 -0.736434 -0.249043 0.949744 0.623563
0.003905 -0.000000 -0.547638 0.629002 0.736434 -0.249043 0.949744 0.680086
0.006320 -0.000000 -0.543244 0.547308 0.736435 -0.397640 0.948465 0.680146
0.006320 -0.170000 -0.543244 0.547308 -0.736435 -0.397640 0.948465 0.623624
0.006320 -0.170000 -0.543244 0.547308 -0.736435 -0.397640 0.969669 0.064057
0.006320 -0.000000 -0.543244 0.547308 0.736435 -0.397640 0.969669 0.120519
0.009752 -0.000000 -0.539590 0.431219 0.736437 -0.521259 0.968234 0.120457
0.009752 -0.170000 -0.539590 0.431219 -0.736437 -0.521258 0.968234 0.063995
0.013984 -0.170000 -0.536904 0.288038 -0.736434 -0.612126 0.966631 0.063961
0.013984 -0.000000 -0.536904 0.288038 0.736435 -0.612126 0.966631 0.120423
0.018752 -0.000000 -0.535354 0.126762 0.736435 -0.664526 0.964963 0.120419
0.018752 -0.170000 -0.535354 0.126762 -0.736435 -0.664526 0.964963 0.063957
0.023756 -0.170000 -0.145039 -0.042485 -0.736433 -0.675175 0.463689 0.911086
0.023756 -0.000000 -0.145040 -0.042484 0.736433 -0.675175 0.463689 0.967548
0.028680 -0.000000 -0.145979 -0.209049 0.736434 -0.643400 0.462201 0.967603
0.028680 -0.170000 -0.145979 -0.209050 -0.736433 -0.643400 0.462201 0.911141
0.033217 -0.170000 -0.148113 -0.362487 -0.736437 -0.571194 0.460946 0.911222
0.033217 -0.000000 -0.148113 -0.362488 0.736437 -0.571194 0.460946 0.967683
0.041872 -0.170000 -0.169974 -0.655252 -0.736437 0.168241 0.957124 0.742807
0.042500 -0.170000 -0.165000 -0.676509 -0.736434 -0.000000 0.958642 0.742767
0.041872 -0.000000 -0.169974 -0.655252 0.736437 0.168241 0.957124 0.799323
0.042500 -0.000000 -0.165000 -0.676510 0.736434 -0.000000 0.958642 0.799283
0.033217 -0.170000 -0.148113 -0.362487 -0.736437 -0.571194 0.964932 0.742841
0.033217 -0.000000 -0.148113 -0.362488 0.736437 -0.571194 0.964932 0.799357
0.037079 -0.000000 -0.151309 -0.493154 0.736435 -0.463101 0.963532 0.799304
0.037079 -0.170000 -0.151309 -0.493154 -0.736435 -0.463101 0.963532 0.742788
0.040026 -0.170000 -0.174635 -0.592828 -0.736434 0.325913 0.955826 0.742868
0.040026 -0.000000 -0.174635 -0.592828 0.736434 0.325913 0.955826 0.799384
0.040026 -0.170000 -0.155365 -0.592828 -0.736435 -0.325914 0.961950 0.742757
0.040026 -0.000000 -0.155365 -0.592828 0.736434 -0.325914 0.961950 0.799273
0.041872 -0.170000 -0.160026 -0.655252 -0.736437 -0.168241 0.960285 0.742750
0.037079 -0.170000 -0.178691 -0.493155 -0.736435 0.463100 0.288461 0.835082
0.040026 -0.170000 -0.174635 -0.592828 -0.736434 0.325913 0.289608 0.835170
0.037079 -0.000000 -0.178691 -0.493155 0.736435 0.463100 0.288461 0.891543
0.040026 -0.000000 -0.174635 -0.592828 0.736434 0.325913 0.289608 0.891631
0.041872 -0.000000 -0.160026 -0.655252 0.736437 -0.168241 0.960285 0.799266
0.033217 -0.170000 -0.181887 -0.362487 -0.736438 0.571194 0.287049 0.835017
0.033217 -0.000000 -0.181887 -0.362487 0.736438 0.571194 0.287049 0.891478
0.028680 -0.170000 -0.184021 -0.209047 -0.736434 0.643401 0.285459 0.834979
0.028680 -0.000000 -0.184021 -0.209047 0.736434 0.643401 0.285459 0.891441
0.023756 -0.170000 -0.184960 -0.042477 -0.736435 0.675174 0.283793 0.834972
0.023756 -0.000000 -0.184960 -0.042477 0.736435 0.675173 0.283793 0.891434
0.018752 -0.170000 -0.184646 0.126764 -0.736435 0.664526 0.282154 0.834995
0.018752 -0.000000 -0.184646 0.126764 0.736435 0.664526 0.282154 0.891457
0.013984 -0.170000 -0.183096 0.288039 -0.736434 0.612126 0.280646 0.835048
0.013984 -0.000000 -0.183097 0.288039 0.736434 0.612126 0.280646 0.891509
0.009752 -0.170000 -0.180410 0.431220 -0.736438 0.521257 0.279363 0.835125
0.009752 -0.000000 -0.180410 0.431220 0.736438 0.521256 0.279363 0.891587
0.006320 -0.170000 -0.176756 0.547310 -0.736434 0.397639 0.956146 0.680588
0.009752 -0.170000 -0.180410 0.431220 -0.736438 0.521257 0.957561 0.680638
0.006320 -0.000000 -0.176756 0.547310 0.736434 0.397638 0.956146 0.737110
0.009752 -0.000000 -0.180410 0.431220 0.736438 0.521256 0.957561 0.737160
0.003905 -0.170000 -0.172362 0.629002 -0.736434 0.249043 0.954555 0.680560
0.003905 -0.000000 -0.172363 0.629002 0.736434 0.249043 0.954555 0.737082
0.002658 -0.170000 -0.167507 0.671171 -0.736437 0.084793 0.952888 0.680555
0.002658 -0.000000 -0.167507 0.671171 0.736437 0.084793 0.952888 0.737077
0.002658 -0.000000 -0.162493 0.671172 0.736437 -0.084793 0.951250 0.737095
0.002658 -0.170000 -0.162493 0.671171 -0.736437 -0.084792 0.951250 0.680573
0.003905 -0.170000 -0.157637 0.629001 -0.736434 -0.249043 0.949744 0.680613
0.003905 -0.000000 -0.157638 0.629001 0.736434 -0.249043 0.949744 0.737135
0.006320 -0.000000 -0.153244 0.547310 0.736434 -0.397639 0.948465 0.737196
0.006320 -0.170000 -0.153244 0.547310 -0.736434 -0.397639 0.948465 0.680673
0.006320 -0.170000 -0.153244 0.547310 -0.736434 -0.397639 0.470026 0.911160
0.006320 -0.000000 -0.153244 0.547310 0.736434 -0.397639 0.470026 0.967622
0.009752 -0.000000 -0.149590 0.431226 0.736436 -0.521254 0.468590 0.967560
0.009752 -0.170000 -0.149590 0.431226 -0.736436 -0.521254 0.468590 0.911098
0.013984 -0.170000 -0.146903 0.288043 -0.736436 -0.612122 0.466988 0.911064
0.013984 -0.000000 -0.146903 0.288043 0.736436 -0.612122 0.466988 0.967525
0.018752 -0.000000 -0.145354 0.126758 0.736437 -0.664525 0.465319 0.967521
0.018752 -0.170000 -0.145354 0.126757 -0.736437 -0.664524 0.465319 0.911060
0.583756 -0.170000 -0.145039 -0.042485 -0.736433 -0.675175 0.960304 0.623958
0.583756 -0.000000 -0.145040 -0.042484 0.736433 -0.675175 0.960304 0.680419
0.588680 -0.000000 -0.145979 -0.209050 0.736435 -0.643399 0.958816 0.680474
0.588680 -0.170000 -0.145979 -0.209051 -0.736434 -0.643399 0.958816 0.624013
0.593217 -0.170000 -0.148113 -0.362490 -0.736438 -0.571192 0.957561 0.624093
0.593217 -0.000000 -0.148113 -0.362491 0.736437 -0.571192 0.957561 0.680555
0.601872 -0.170000 -0.169974 -0.655251 -0.736439 0.168237 0.958132 0.120638
0.602500 -0.170000 -0.165000 -0.676513 -0.736430 -0.000000 0.959650 0.120597
0.601872 -0.000000 -0.169974 -0.655251 0.736439 0.168236 0.958132 0.177154
0.602500 -0.000000 -0.165000 -0.676513 0.736430 -0.000000 0.959650 0.177113
0.593217 -0.170000 -0.148113 -0.362490 -0.736438 -0.571192 0.965940 0.120671
0.593217 -0.000000 -0.148113 -0.362491 0.736437 -0.571192 0.965940 0.177187
0.597079 -0.000000 -0.151309 -0.493156 0.736433 -0.463102 0.964540 0.177134
0.597079 -0.170000 -0.151309 -0.493156 -0.736433 -0.463102 0.964540 0.120618
0.600026 -0.170000 -0.174635 -0.592827 -0.736434 0.325915 0.956834 0.120699
0.600026 -0.000000 -0.174635 -0.592827 0.736434 0.325915 0.956834 0.177215
0.600026 -0.170000 -0.155365 -0.592826 -0.736435 -0.325916 0.962958 0.120587
0.600026 -0.000000 -0.155365 -0.592826 0.736434 -0.325916 0.962958 0.177103
0.601872 -0.170000 -0.160026 -0.655251 -0.736439 -0.168237 0.961293 0.120580
0.597079 -0.170000 -0.178691 -0.493157 -0.736433 0.463101 0.955687 0.120689
0.600026 -0.170000 -0.174635 -0.592827 -0.736434 0.325915 0.956834 0.120778
0.597079 -0.000000 -0.178691 -0.493157 0.736433 0.463101 0.955687 0.177151
0.600026 -0.000000 -0.174635 -0.592827 0.736434 0.325915 0.956834 0.177239
0.601872 -0.000000 -0.160026 -0.655251 0.736439 -0.168237 0.961293 0.177096
0.593217 -0.170000 -0.181887 -0.362490 -0.736438 0.571192 0.954275 0.120625
0.593217 -0.000000 -0.181887 -0.362490 0.736438 0.571191 0.954275 0.177086
0.588680 -0.170000 -0.184021 -0.209048 -0.736434 0.643400 0.952685 0.120587
0.588680 -0.000000 -0.184021 -0.209048 0.736435 0.643400 0.952685 0.177049
0.583756 -0.170000 -0.184960 -0.042477 -0.736436 0.675172 0.951019 0.120580
0.583756 -0.000000 -0.184960 -0.042477 0.736435 0.675174 0.951019 0.177042
0.578752 -0.170000 -0.184646 0.126764 -0.736435 0.664526 0.949380 0.120603
0.578752 -0.000000 -0.184646 0.126764 0.736435 0.664526 0.949380 0.177065
0.573984 -0.170000 -0.183096 0.288039 -0.736435 0.612126 0.947872 0.120655
0.573984 -0.000000 -0.183097 0.288039 0.736435 0.612126 0.947872 0.177117
0.569752 -0.170000 -0.180410 0.431221 -0.736438 0.521256 0.946589 0.120733
0.569752 -0.000000 -0.180410 0.431221 0.736438 0.521255 0.946589 0.177195
0.566320 -0.170000 -0.176756 0.547308 -0.736432 0.397645 0.956277 0.184303
0.569752 -0.170000 -0.180410 0.431221 -0.736438 0.521256 0.957692 0.184353
0.566320 -0.000000 -0.176756 0.547309 0.736432 0.397645 0.956277 0.240825
0.569752 -0.000000 -0.180410 0.431221 0.736438 0.521255 0.957692 0.240875
0.563904 -0.170000 -0.172362 0.628996 -0.736438 0.249044 0.954686 0.184274
0.563904 -0.000000 -0.172363 0.628997 0.736438 0.249044 0.954686 0.240797
0.562658 -0.170000 -0.167507 0.671174 -0.736435 0.084789 0.953019 0.184269
0.562658 -0.000000 -0.167507 0.671174 0.736435 0.084789 0.953019 0.240791
0.562658 -0.000000 -0.162493 0.671174 0.736435 -0.084788 0.951381 0.240810
0.562658 -0.170000 -0.162493 0.671174 -0.736435 -0.084788 0.951381 0.184287
0.563904 -0.170000 -0.157637 0.628996 -0.736438 -0.249044 0.949875 0.184328
0.563904 -0.000000 -0.157638 0.628996 0.736438 -0.249044 0.949875 0.240850
0.566320 -0.000000 -0.153244 0.547309 0.736431 -0.397646 0.948595 0.240910
0.566320 -0.170000 -0.153244 0.547309 -0.736431 -0.397646 0.948595 0.184388
0.566320 -0.170000 -0.153244 0.547309 -0.736431 -0.397646 0.966641 0.624032
0.566320 -0.000000 -0.153244 0.547309 0.736431 -0.397646 0.966641 0.680493
0.569752 -0.000000 -0.149590 0.431227 0.736436 -0.521253 0.965205 0.680431
0.569752 -0.170000 -0.149590 0.431227 -0.736437 -0.521253 0.965205 0.623970
0.573984 -0.170000 -0.146903 0.288043 -0.736437 -0.612121 0.963603 0.623936
0.573984 -0.000000 -0.146903 0.288043 0.736437 -0.612121 0.963603 0.680397
0.578752 -0.000000 -0.145354 0.126757 0.736437 -0.664525 0.961934 0.680393
0.578752 -0.170000 -0.145354 0.126757 -0.736437 -0.664525 0.961934 0.623932
0.590778 -0.170000 -0.219374 -0.237993 -0.873966 -0.423725 0.641075 0.900481
0.590518 -0.170000 -0.219412 0.103156 -0.706599 -0.700055 0.641161 0.900480
0.590778 -0.150000 -0.219374 -0.103997 0.265611 -0.958455 0.641075 0.907123
0.590259 -0.170000 -0.219450 0.099767 -0.706470 -0.700676 0.641247 0.900479
0.589999 -0.170000 -0.219486 0.312462 -0.933224 -0.177373 0.641334 0.900478
0.589999 -0.000000 -0.219486 0.354428 0.919228 -0.171465 0.641334 0.956939
0.604076 -0.150000 -0.215591 0.265317 0.736522 -0.622207 0.636470 0.907124
0.604165 -0.000000 -0.215553 0.289337 0.678482 -0.675238 0.636438 0.956943
0.616011 -0.150000 -0.208612 0.412101 0.736386 -0.536571 0.632007 0.907042
0.616783 -0.000000 -0.208008 0.457707 0.678619 -0.574440 0.631705 0.956852
0.625828 -0.150000 -0.198878 0.533073 0.736185 -0.416971 0.627967 0.906881
0.626951 -0.000000 -0.197390 0.593383 0.678824 -0.432544 0.627471 0.956673
0.625828 -0.150000 -0.198878 0.533073 0.736185 -0.416971 0.423835 0.883779
0.626951 -0.000000 -0.197390 0.593383 0.678824 -0.432544 0.473728 0.884679
0.632908 -0.150000 -0.187002 0.620395 0.736013 -0.270913 0.423975 0.887204
0.633943 -0.000000 -0.184458 0.686628 0.678993 -0.259827 0.473866 0.888455
0.636802 -0.150000 -0.173736 0.668513 0.735869 -0.107642 0.424055 0.891287
0.637260 -0.000000 -0.170136 0.730801 0.679133 -0.068618 0.473935 0.892921
0.635965 -0.340000 -0.152096 0.669459 0.724762 0.162928 0.360879 0.897795
0.637265 -0.340000 -0.159919 0.700127 0.670267 0.246099 0.360901 0.895155
0.637265 -0.150000 -0.159919 0.965703 0.088188 0.244213 0.424069 0.895772
0.633554 -0.340000 -0.144541 0.640211 0.724628 0.255036 0.360837 0.900418
0.636664 -0.000000 -0.155447 0.723788 0.677748 0.129571 0.473930 0.897759
0.630081 -0.340000 -0.137412 0.596869 0.723740 0.346336 0.360774 0.902971
0.632198 -0.000000 -0.141440 0.665191 0.677593 0.313671 0.473852 0.902623
0.625619 -0.340000 -0.130856 0.541121 0.723746 0.428228 0.360692 0.905400
0.624182 -0.000000 -0.129116 0.556596 0.678701 0.479131 0.473705 0.907164
0.620260 -0.340000 -0.125010 0.473703 0.723693 0.501871 0.360593 0.907654
0.614117 -0.340000 -0.119996 0.396794 0.723711 0.564621 0.360478 0.909688
0.613187 -0.000000 -0.119357 0.409756 0.678739 0.609437 0.473500 0.911060
0.607316 -0.340000 -0.115917 0.311359 0.723671 0.615919 0.044830 0.723971
0.614117 -0.340000 -0.119996 0.396794 0.723711 0.564621 0.046901 0.723846
0.613187 -0.000000 -0.119357 0.409756 0.678739 0.609437 0.046901 0.836788
0.600000 -0.340000 -0.112858 0.665225 0.601080 0.442920 0.042545 0.724073
0.600000 -0.000000 -0.112858 0.450681 0.847428 0.280628 0.042825 0.836995
0.604495 -0.170000 -0.251931 -0.653676 -0.719715 -0.233918 0.353523 0.810125
0.590778 -0.150000 -0.219374 -0.103997 0.265611 -0.958455 0.360236 0.798413
0.604495 -0.150000 -0.251931 -0.653676 0.719715 -0.233918 0.360171 0.810125
0.590778 -0.170000 -0.219374 -0.237993 -0.873966 -0.423725 0.353587 0.798413
0.614548 -0.170000 -0.285800 -0.675437 -0.719715 -0.160608 0.353533 0.821889
0.614548 -0.150000 -0.285800 -0.675437 0.719715 -0.160609 0.360182 0.821889
0.620816 -0.170000 -0.320569 -0.454613 -0.864131 0.215881 0.353618 0.833562
0.620816 -0.150000 -0.320569 -0.660575 0.248358 0.708490 0.360267 0.833562
0.613849 -0.170000 -0.286094 0.699705 -0.694857 0.166091 0.964081 0.822925
0.620110 -0.170000 -0.320965 0.143209 -0.941196 0.306007 0.975878 0.822914
0.620110 -0.000000 -0.320965 0.178696 0.928304 0.326067 0.975878 0.879436
0.613849 -0.000000 -0.286094 0.699705 0.694857 0.166091 0.964081 0.879447
0.589999 -0.170000 -0.219486 0.312462 -0.933224 -0.177373 0.940782 0.822728
0.603771 -0.170000 -0.252129 0.677057 -0.694856 0.242422 0.952335 0.822863
0.603771 -0.000000 -0.252129 0.677057 0.694856 0.242422 0.952335 0.879385
0.589999 -0.000000 -0.219486 0.354428 0.919228 -0.171465 0.940782 0.879251
0.620110 -0.170000 -0.320965 0.143209 -0.941196 0.306007 0.610963 0.900478
0.620816 -0.150000 -0.320569 -0.660575 0.248358 0.708490 0.611213 0.907128
0.620110 -0.000000 -0.320965 0.178696 0.928304 0.326067 0.610963 0.956939
0.630961 -0.000000 -0.316505 -0.188207 0.679126 0.709483 0.614737 0.957013
0.620816 -0.170000 -0.399431 -0.456288 -0.861725 -0.221879 0.982797 0.000000
0.620580 -0.170000 -0.399300 -0.344705 -0.706461 -0.618135 0.982862 0.000004
0.620816 -0.150000 -0.399431 -0.659187 0.244150 -0.711240 0.982797 0.006649
0.620345 -0.170000 -0.399168 -0.348518 -0.706323 -0.616152 0.982928 0.000007
0.620110 -0.170000 -0.399035 0.143844 -0.943007 -0.300078 0.982993 0.000011
0.620110 -0.000000 -0.399035 0.179320 0.930262 -0.320087 0.982993 0.056527
0.631647 -0.150000 -0.403672 -0.162945 0.737214 -0.655717 0.982885 0.742921
0.620816 -0.150000 -0.399431 -0.659187 0.244150 -0.711240 0.985959 0.742750
0.630961 -0.000000 -0.403495 -0.188206 0.679126 -0.709484 0.983088 0.792732
0.620110 -0.000000 -0.399035 0.179320 0.930262 -0.320087 0.986148 0.792555
0.643202 -0.150000 -0.404995 0.010562 0.737238 -0.675551 0.979310 0.743030
0.642596 -0.000000 -0.405000 0.001576 0.679100 -0.734044 0.979505 0.792845
0.654711 -0.150000 -0.403312 0.183350 0.737264 -0.650249 0.975472 0.743068
0.654224 -0.000000 -0.403446 0.191263 0.679071 -0.708718 0.975641 0.792887
0.665404 -0.150000 -0.398735 0.343875 0.737291 -0.581508 0.971628 0.743033
0.665055 -0.000000 -0.398939 0.367966 0.679043 -0.635217 0.971759 0.792855
0.674567 -0.150000 -0.391571 0.481410 0.737314 -0.473933 0.968035 0.742928
0.674354 -0.000000 -0.391786 0.519668 0.679016 -0.518539 0.968123 0.792751
0.681588 -0.150000 -0.382297 0.586769 0.737347 -0.334696 0.964932 0.742759
0.681487 -0.000000 -0.382472 0.636062 0.678986 -0.366611 0.964981 0.792581
0.685997 -0.150000 -0.371534 0.652929 0.737371 -0.173112 0.982981 0.882953
0.681588 -0.150000 -0.382297 0.586769 0.737347 -0.334696 0.986213 0.882828
0.685971 -0.000000 -0.371632 0.709234 0.678957 -0.189752 0.983101 0.932825
0.681487 -0.000000 -0.382472 0.636062 0.678986 -0.366611 0.986353 0.932698
0.685997 -0.150000 -0.348466 0.652929 0.737371 0.173113 0.975445 0.883051
0.687500 -0.150000 -0.360000 0.675471 0.737387 0.000000 0.979310 0.883029
0.687500 -0.000000 -0.360000 0.734194 0.678940 0.000000 0.979399 0.932902
0.681588 -0.150000 -0.337703 0.586770 0.737346 0.334696 0.971644 0.883015
0.685971 -0.000000 -0.348369 0.709234 0.678957 0.189751 0.975501 0.932923
0.674567 -0.150000 -0.328430 0.481411 0.737314 0.473932 0.968162 0.882926
0.681487 -0.000000 -0.337528 0.636062 0.678986 0.366610 0.971670 0.932887
0.665404 -0.150000 -0.321265 0.343874 0.737292 0.581508 0.965230 0.882789
0.674354 -0.000000 -0.328214 0.519667 0.679015 0.518541 0.968167 0.932796
0.665055 -0.000000 -0.321061 0.367964 0.679044 0.635218 0.965230 0.932656
0.654711 -0.150000 -0.316689 0.183349 0.737264 0.650250 0.622573 0.907115
0.665404 -0.150000 -0.321265 0.343874 0.737292 0.581508 0.625908 0.906972
0.665055 -0.000000 -0.321061 0.367964 0.679044 0.635218 0.625802 0.956797
0.654224 -0.000000 -0.316554 0.191265 0.679071 0.708717 0.622418 0.956939
0.643202 -0.150000 -0.315006 0.010562 0.737239 0.675550 0.618844 0.907192
0.642596 -0.000000 -0.315000 0.001576 0.679099 0.734045 0.618644 0.957013
0.631647 -0.150000 -0.316329 -0.162946 0.737213 0.655717 0.614971 0.907196
0.620345 -0.170000 -0.320832 -0.348530 -0.706356 0.616108 0.611046 0.900480
0.620580 -0.170000 -0.320700 -0.344751 -0.706428 0.618147 0.611129 0.900483
0.620816 -0.170000 -0.320569 -0.454613 -0.864131 0.215881 0.611213 0.900485
0.573757 -0.170000 -0.530699 -0.112595 -0.706418 0.698782 0.946978 0.064119
0.574087 -0.170000 -0.530647 -0.325605 -0.817880 0.474398 0.947089 0.064120
0.574087 -0.150000 -0.530647 -0.340120 0.163355 0.926085 0.947089 0.070762
0.573100 -0.170000 -0.530809 0.196537 -0.970967 0.136365 0.946757 0.064119
0.573100 -0.000000 -0.530809 0.235323 0.961485 0.142019 0.946757 0.120580
0.581548 -0.150000 -0.530008 -0.012185 0.722784 0.690966 0.949581 0.070754
0.587590 -0.000000 -0.530236 0.067904 0.679698 0.730342 0.951567 0.120549
0.561351 -0.340000 -0.635771 -0.259798 0.737291 -0.623624 0.356659 0.631836
0.549072 -0.340000 -0.628676 0.140575 0.587043 -0.797257 0.360137 0.632022
0.549072 -0.000000 -0.628676 0.082102 0.883192 -0.461769 0.360137 0.745054
0.575037 -0.340000 -0.639491 -0.091701 0.737253 -0.669364 0.349487 0.758602
0.561351 -0.340000 -0.635771 -0.259798 0.737291 -0.623624 0.353523 0.758424
0.561650 -0.000000 -0.635895 -0.278452 0.678668 -0.679613 0.353438 0.871351
0.561650 -0.000000 -0.635895 -0.278452 0.678668 -0.679613 0.356590 0.744863
0.589218 -0.340000 -0.639588 0.082510 0.737213 -0.670603 0.344959 0.758700
0.575677 -0.000000 -0.639575 -0.091136 0.678707 -0.728732 0.349290 0.871531
0.602953 -0.340000 -0.636056 0.251254 0.737182 -0.627244 0.340238 0.758710
0.590178 -0.000000 -0.639461 0.102495 0.678748 -0.727184 0.344640 0.871626
0.615328 -0.340000 -0.629128 0.403314 0.737147 -0.542173 0.335639 0.758632
0.604146 -0.000000 -0.635562 0.288983 0.678784 -0.675086 0.339811 0.871629
0.625521 -0.340000 -0.619267 0.528567 0.737116 -0.421043 0.331467 0.758471
0.616609 -0.000000 -0.628146 0.455370 0.678818 -0.576060 0.335139 0.871540
0.632852 -0.340000 -0.607127 0.618686 0.737085 -0.271905 0.360623 0.749324
0.625521 -0.340000 -0.619267 0.528567 0.737116 -0.421043 0.360478 0.745829
0.626700 -0.000000 -0.617732 0.590079 0.678853 -0.436996 0.473540 0.747359
0.626700 -0.000000 -0.617732 0.590079 0.678853 -0.436996 0.330948 0.871366
0.636837 -0.340000 -0.593517 0.667673 0.737059 -0.104670 0.360704 0.753515
0.633719 -0.000000 -0.605041 0.683758 0.678882 -0.267569 0.473679 0.751054
0.637208 -0.340000 -0.579340 0.672097 0.737174 0.069712 0.360718 0.758123
0.637177 -0.000000 -0.590958 0.729899 0.678911 -0.079546 0.473751 0.755433
0.636833 -0.000000 -0.576460 0.725148 0.679145 0.113675 0.473751 0.760192
0.633942 -0.340000 -0.565539 0.766243 0.632359 -0.113991 0.360662 0.762842
0.633942 -0.150000 -0.565539 0.981397 0.160436 0.105449 0.423830 0.763459
0.630821 -0.150000 -0.558731 0.606753 0.722931 0.330488 0.423774 0.765884
0.632712 -0.000000 -0.562556 0.669869 0.679476 0.299312 0.473679 0.765000
0.621967 -0.150000 -0.546694 0.495489 0.722881 0.481594 0.423611 0.770386
0.626805 -0.150000 -0.552410 0.556898 0.722924 0.408958 0.423701 0.768207
0.625100 -0.000000 -0.550212 0.568234 0.679580 0.463984 0.473539 0.769522
0.610199 -0.150000 -0.537484 0.347662 0.722842 0.597186 0.958723 0.070485
0.616397 -0.150000 -0.541687 0.426224 0.722874 0.543863 0.960590 0.070365
0.614527 -0.000000 -0.540287 0.427181 0.679626 0.596343 0.960032 0.120223
0.616397 -0.150000 -0.541687 0.426224 0.722874 0.543863 0.423508 0.772380
0.614527 -0.000000 -0.540287 0.427181 0.679626 0.596343 0.473343 0.773445
0.601727 -0.000000 -0.533470 0.256445 0.679666 0.687233 0.956097 0.120427
0.596386 -0.150000 -0.531782 0.174165 0.722808 0.668741 0.954405 0.070665
0.603487 -0.150000 -0.534162 0.264026 0.722836 0.638591 0.956648 0.070586
0.589028 -0.150000 -0.530389 0.082306 0.722803 0.686136 0.952035 0.070722
0.573428 -0.170000 -0.530753 -0.116871 -0.706340 0.698158 0.946868 0.064119
0.584907 -0.170000 -0.510488 0.631166 -0.698934 -0.336333 0.508078 0.908385
0.573100 -0.170000 -0.530809 0.196537 -0.970967 0.136365 0.513955 0.908095
0.573100 -0.000000 -0.530809 0.235323 0.961485 0.142019 0.513955 0.964617
0.595190 -0.170000 -0.489354 0.654150 -0.698934 -0.289100 0.501836 0.908651
0.584907 -0.000000 -0.510488 0.631167 0.698934 -0.336333 0.508078 0.964907
0.603895 -0.170000 -0.467523 0.673604 -0.698934 -0.240308 0.495265 0.908890
0.595190 -0.000000 -0.489354 0.654150 0.698933 -0.289100 0.501836 0.965173
0.610974 -0.170000 -0.445111 0.689426 -0.698933 -0.190220 0.488400 0.909101
0.603895 -0.000000 -0.467523 0.673604 0.698934 -0.240309 0.495265 0.965412
0.616389 -0.170000 -0.422241 0.701527 -0.698935 -0.139106 0.481277 0.909283
0.610974 -0.000000 -0.445111 0.689426 0.698933 -0.190220 0.488400 0.965623
0.620110 -0.170000 -0.399035 0.143844 -0.943007 -0.300078 0.473935 0.909436
0.616389 -0.000000 -0.422241 0.701527 0.698935 -0.139106 0.481277 0.965805
0.620110 -0.000000 -0.399035 0.179320 0.930262 -0.320087 0.473935 0.965958
0.617095 -0.150000 -0.422529 -0.685301 0.715408 0.136211 0.975828 0.006852
0.617095 -0.170000 -0.422529 -0.685301 -0.715408 0.136211 0.975828 0.000203
0.611700 -0.150000 -0.445295 -0.673548 0.715409 0.185803 0.969131 0.007083
0.611700 -0.170000 -0.445295 -0.673548 -0.715409 0.185803 0.969131 0.000434
0.604660 -0.150000 -0.467606 -0.658214 0.715408 0.234406 0.962742 0.007343
0.604660 -0.170000 -0.467606 -0.658214 -0.715408 0.234407 0.962742 0.000694
0.596012 -0.150000 -0.489346 -0.639376 0.715409 0.281760 0.956695 0.007628
0.596012 -0.170000 -0.489346 -0.639376 -0.715409 0.281760 0.956695 0.000980
0.585803 -0.150000 -0.510397 -0.617135 0.715409 0.327618 0.951023 0.007939
0.585803 -0.170000 -0.510397 -0.617136 -0.715409 0.327618 0.951023 0.001290
0.574087 -0.150000 -0.530647 -0.340120 0.163355 0.926085 0.945754 0.008273
0.574087 -0.170000 -0.530647 -0.325605 -0.817880 0.474398 0.945754 0.001624
0.583756 -0.170000 -0.565040 -0.042485 -0.736431 -0.675177 0.960435 0.184295
0.583756 -0.000000 -0.565040 -0.042485 0.736431 -0.675177 0.960435 0.240757
0.588680 -0.000000 -0.565979 -0.209047 0.736435 -0.643399 0.958946 0.240812
0.588680 -0.170000 -0.565979 -0.209047 -0.736435 -0.643399 0.958946 0.184350
0.593217 -0.170000 -0.568113 -0.362488 -0.736437 -0.571195 0.957692 0.184431
0.593217 -0.000000 -0.568113 -0.362488 0.736437 -0.571195 0.957692 0.240892
0.601872 -0.170000 -0.589974 -0.655251 -0.736439 0.168236 0.958859 0.680612
0.602500 -0.170000 -0.585000 -0.676513 -0.736431 0.000000 0.960377 0.680572
0.601872 -0.000000 -0.589974 -0.655251 0.736439 0.168236 0.958859 0.737128
0.602500 -0.000000 -0.585000 -0.676513 0.736431 -0.000000 0.960377 0.737088
0.593217 -0.170000 -0.568113 -0.362488 -0.736437 -0.571195 0.966667 0.680646
0.593217 -0.000000 -0.568113 -0.362488 0.736437 -0.571195 0.966667 0.737161
0.597079 -0.000000 -0.571309 -0.493153 0.736435 -0.463103 0.965267 0.737109
0.597079 -0.170000 -0.571309 -0.493153 -0.736435 -0.463103 0.965267 0.680593
0.600026 -0.170000 -0.594635 -0.592831 -0.736433 0.325911 0.957561 0.680673
0.600026 -0.000000 -0.594635 -0.592831 0.736433 0.325911 0.957561 0.737189
0.600026 -0.170000 -0.575365 -0.592827 -0.736435 -0.325913 0.963685 0.680562
0.600026 -0.000000 -0.575365 -0.592827 0.736435 -0.325913 0.963685 0.737078
0.601872 -0.170000 -0.580026 -0.655252 -0.736438 -0.168235 0.962020 0.680555
0.597079 -0.170000 -0.598691 -0.493152 -0.736437 0.463099 0.750250 0.900292
0.600026 -0.170000 -0.594635 -0.592831 -0.736433 0.325911 0.751397 0.900380
0.597079 -0.000000 -0.598691 -0.493152 0.736437 0.463099 0.750250 0.956753
0.600026 -0.000000 -0.594635 -0.592831 0.736433 0.325911 0.751397 0.956841
0.601872 -0.000000 -0.580026 -0.655252 0.736438 -0.168235 0.962020 0.737070
0.593217 -0.170000 -0.601887 -0.362486 -0.736436 0.571198 0.748838 0.900227
0.593217 -0.000000 -0.601887 -0.362486 0.736436 0.571197 0.748838 0.956688
0.588680 -0.170000 -0.604021 -0.209056 -0.736432 0.643400 0.747248 0.900189
0.588680 -0.000000 -0.604021 -0.209056 0.736432 0.643400 0.747248 0.956651
0.583756 -0.170000 -0.604961 -0.042485 -0.736437 0.675171 0.745582 0.900182
0.583756 -0.000000 -0.604961 -0.042485 0.736437 0.675171 0.745582 0.956644
0.578752 -0.170000 -0.604646 0.126772 -0.736439 0.664520 0.743943 0.900205
0.578752 -0.000000 -0.604646 0.126772 0.736439 0.664520 0.743943 0.956667
0.573984 -0.170000 -0.603096 0.288045 -0.736428 0.612130 0.742435 0.900258
0.573984 -0.000000 -0.603096 0.288045 0.736428 0.612130 0.742435 0.956719
0.569752 -0.170000 -0.600410 0.431217 -0.736443 0.521252 0.741152 0.900335
0.569752 -0.000000 -0.600410 0.431217 0.736443 0.521252 0.741152 0.956797
0.566320 -0.170000 -0.596756 0.547314 -0.736429 0.397644 0.752778 0.837712
0.569752 -0.170000 -0.600410 0.431217 -0.736443 0.521252 0.754193 0.837762
0.566320 -0.000000 -0.596756 0.547314 0.736429 0.397644 0.752778 0.894234
0.569752 -0.000000 -0.600410 0.431217 0.736443 0.521252 0.754193 0.894284
0.563904 -0.170000 -0.592363 0.628995 -0.736439 0.249045 0.751187 0.837684
0.563904 -0.000000 -0.592363 0.628995 0.736438 0.249045 0.751187 0.894206
0.562658 -0.170000 -0.587507 0.671174 -0.736435 0.084788 0.749520 0.837678
0.562658 -0.000000 -0.587507 0.671174 0.736435 0.084788 0.749520 0.894201
0.562658 -0.000000 -0.582493 0.671174 0.736435 -0.084787 0.747882 0.894219
0.562658 -0.170000 -0.582493 0.671174 -0.736435 -0.084787 0.747882 0.837697
0.563904 -0.170000 -0.577637 0.628995 -0.736439 -0.249044 0.746376 0.837737
0.563904 -0.000000 -0.577637 0.628995 0.736439 -0.249044 0.746376 0.894259
0.566320 -0.000000 -0.573244 0.547309 0.736431 -0.397647 0.745096 0.894320
0.566320 -0.170000 -0.573244 0.547309 -0.736431 -0.397647 0.745096 0.837797
0.566320 -0.170000 -0.573244 0.547309 -0.736431 -0.397647 0.966771 0.184369
0.566320 -0.000000 -0.573244 0.547309 0.736431 -0.397647 0.966771 0.240831
0.569752 -0.000000 -0.569590 0.431221 0.736438 -0.521255 0.965336 0.240769
0.569752 -0.170000 -0.569590 0.431221 -0.736439 -0.521255 0.965336 0.184307
0.573984 -0.170000 -0.566904 0.288046 -0.736432 -0.612125 0.963733 0.184273
0.573984 -0.000000 -0.566904 0.288046 0.736432 -0.612125 0.963733 0.240734
0.578752 -0.000000 -0.565354 0.126760 0.736440 -0.664521 0.962065 0.240730
0.578752 -0.170000 -0.565354 0.126760 -0.736439 -0.664521 0.962065 0.184269
0.472500 -0.350000 0.000000 -0.297090 -0.871705 0.389702 0.405291 0.642637
0.535965 -0.350000 0.071824 -0.325381 -0.738341 -0.590746 0.381373 0.663771
0.524191 -0.350000 0.080536 -0.469756 -0.738340 -0.483925 0.378472 0.659851
0.515134 -0.350000 0.092045 -0.580818 -0.738338 -0.342794 0.374639 0.656834
-0.014918 -0.350000 -0.569137 0.629283 -0.739916 0.237755 0.594818 0.480323
-0.017368 -0.350000 -0.558242 0.670484 -0.739918 0.054527 0.591190 0.479507
-0.233556 -0.350000 -0.652047 0.603268 -0.702255 0.378028 0.622428 0.407514
-0.220447 -0.350000 -0.671992 0.586299 -0.702256 0.403845 0.629070 0.411880
0.509436 -0.350000 0.105537 -0.650692 -0.738341 -0.177351 0.370146 0.654937
0.507500 -0.350000 0.120055 -0.674429 -0.738340 0.000671 0.365312 0.654292
-0.026177 -0.350000 -0.529917 0.622747 -0.713120 0.321943 0.581758 0.476573
-0.034719 -0.350000 -0.512261 0.638928 -0.713122 0.288491 0.575878 0.473729
-0.245788 -0.350000 -0.631552 0.619101 -0.702256 0.351498 0.615603 0.403441
-0.042313 -0.350000 -0.494178 0.653320 -0.713121 0.254227 0.569856 0.471200
-0.257119 -0.350000 -0.610546 0.633767 -0.702256 0.324309 0.608608 0.399667
-0.267528 -0.350000 -0.589068 0.647241 -0.702255 0.296508 0.601455 0.396201
-0.048939 -0.350000 -0.475718 0.665874 -0.713121 0.219250 0.563709 0.468993
-0.276995 -0.350000 -0.567158 0.659495 -0.702256 0.268147 0.594159 0.393048
-0.054577 -0.350000 -0.456933 0.676556 -0.713121 0.183659 0.557453 0.467116
-0.285503 -0.350000 -0.544858 0.670508 -0.702256 0.239283 0.586733 0.390215
-0.293036 -0.350000 -0.522211 0.680258 -0.702256 0.209968 0.579191 0.387707
0.677281 -0.350000 -0.683527 -0.575729 -0.702255 0.418776 0.632911 0.710832
0.690899 -0.350000 -0.663926 -0.593354 -0.702256 0.393404 0.626384 0.715367
0.608152 -0.350000 -0.615691 -0.433283 -0.737249 0.518391 0.610321 0.687811
-0.299578 -0.350000 -0.499257 0.688728 -0.702255 0.180256 0.571548 0.385528
0.615135 -0.350000 -0.608129 -0.551233 -0.737246 0.390654 0.607803 0.690137
0.703653 -0.350000 -0.643752 -0.609866 -0.702254 0.367291 0.619666 0.719614
-0.059212 -0.350000 -0.437875 0.685337 -0.713121 0.147552 0.551107 0.465572
0.599471 -0.350000 -0.621222 -0.286641 -0.737247 0.611803 0.612163 0.684920
0.647561 -0.350000 -0.720867 -0.537258 -0.702256 0.467109 0.645346 0.700935
0.662826 -0.350000 -0.702520 -0.557018 -0.702255 0.443361 0.639236 0.706018
0.619957 -0.350000 -0.599034 -0.632672 -0.737247 0.237049 0.604774 0.691743
0.715520 -0.350000 -0.623043 -0.625226 -0.702256 0.340484 0.612770 0.723566
-0.305119 -0.350000 -0.476042 0.695899 -0.702255 0.150205 0.563817 0.383683
0.589665 -0.350000 -0.624353 -0.121018 -0.737248 0.664696 0.613206 0.681655
-0.062830 -0.350000 -0.418599 0.692192 -0.713122 0.111028 0.544688 0.464367
0.631513 -0.350000 -0.738535 -0.516486 -0.702254 0.489980 0.651229 0.695591
0.622299 -0.350000 -0.589010 -0.672216 -0.737250 0.067736 0.601436 0.692522
0.726477 -0.350000 -0.601840 -0.639407 -0.702256 0.313041 0.605709 0.727215
-0.026177 -0.350000 -0.190083 0.622747 -0.713119 -0.321943 0.468590 0.476573
-0.016711 -0.350000 -0.172905 0.743528 -0.648489 -0.163183 0.462870 0.479725
-0.017438 -0.350000 -0.162766 0.674994 -0.736857 -0.037749 0.459493 0.479483
-0.309647 -0.350000 -0.452608 0.701761 -0.702256 0.119872 0.556013 0.382175
0.614715 -0.350000 -0.755489 -0.494741 -0.702257 0.511925 0.656875 0.689997
0.579385 -0.350000 -0.624879 0.161105 -0.783493 0.600153 0.613381 0.678232
-0.065422 -0.350000 -0.399157 0.697104 -0.713121 0.074192 0.538214 0.463504
0.622004 -0.350000 -0.578721 -0.667247 -0.737247 -0.106059 0.598010 0.692424
0.736505 -0.350000 -0.580181 -0.652388 -0.702254 0.285006 0.598496 0.730554
-0.313155 -0.350000 -0.428999 0.706300 -0.702256 0.089313 0.548151 0.381007
-0.315635 -0.350000 -0.405261 0.709511 -0.702255 0.058586 0.540246 0.380181
0.273135 -0.350000 -0.908497 -0.052599 -0.702256 0.709978 0.707828 0.576248
0.296893 -0.350000 -0.906217 -0.083349 -0.702256 0.707029 0.707069 0.584160
0.472500 -0.350000 -0.700000 -0.244567 -0.815708 0.524221 0.638397 0.642638
0.320531 -0.350000 -0.902910 -0.113947 -0.702255 0.702748 0.705967 0.592031
0.344002 -0.350000 -0.898579 -0.144332 -0.702255 0.697142 0.704525 0.599847
0.367263 -0.350000 -0.893234 -0.174440 -0.702257 0.690222 0.702745 0.607593
0.390271 -0.350000 -0.886886 -0.204218 -0.702255 0.682006 0.700631 0.615255
0.412981 -0.350000 -0.879545 -0.233616 -0.702255 0.672504 0.698187 0.622818
0.435352 -0.350000 -0.871225 -0.262575 -0.702255 0.661734 0.695416 0.630268
0.457341 -0.350000 -0.861943 -0.291035 -0.702256 0.649719 0.692325 0.637590
0.478906 -0.350000 -0.851716 -0.318948 -0.702255 0.636483 0.688919 0.644771
0.500007 -0.350000 -0.840562 -0.346265 -0.702255 0.622044 0.685205 0.651798
0.520605 -0.350000 -0.828504 -0.372926 -0.702256 0.606434 0.681190 0.658657
-0.066980 -0.350000 -0.379606 0.700055 -0.713122 0.037148 0.531703 0.462985
0.540659 -0.350000 -0.815563 -0.398885 -0.702255 0.589686 0.676880 0.665336
0.033122 -0.350000 -0.126436 -0.179531 -0.736857 -0.651775 0.447395 0.496320
0.042500 -0.350000 -0.130359 0.459333 -0.559328 -0.690047 0.448701 0.499443
0.042500 -0.350000 -0.037000 0.301512 -0.904535 -0.301509 0.417612 0.499443
0.560134 -0.350000 -0.801765 -0.424092 -0.702256 0.571824 0.672285 0.671821
0.023059 -0.350000 -0.125004 -0.009441 -0.736857 -0.675983 0.446918 0.492969
0.578992 -0.350000 -0.787134 -0.448501 -0.702255 0.552887 0.667413 0.678101
0.012959 -0.350000 -0.126155 0.161257 -0.736856 -0.656537 0.447301 0.489605
0.597197 -0.350000 -0.771700 -0.472068 -0.702255 0.532907 0.662273 0.684163
0.624298 -0.350000 -0.542608 -0.609505 -0.713356 0.345871 0.585984 0.693188
0.619094 -0.350000 -0.568847 -0.618087 -0.737247 -0.272828 0.594722 0.691455
0.613760 -0.350000 -0.560044 -0.794666 -0.607047 -0.000412 0.591790 0.689679
-0.317082 -0.350000 -0.381438 0.711383 -0.702256 0.027749 0.532313 0.379699
0.249300 -0.350000 -0.909743 -0.021747 -0.702254 0.711594 0.708243 0.568310
-0.067500 -0.350000 -0.360000 0.701041 -0.713121 -0.000000 0.525174 0.462812
0.633861 -0.350000 -0.524620 -0.627618 -0.713356 0.311800 0.579994 0.696373
-0.317495 -0.350000 -0.357574 0.711919 -0.702255 -0.003141 0.524366 0.379561
0.745583 -0.350000 -0.558107 -0.664139 -0.702256 0.256430 0.591145 0.733577
0.550954 -0.350000 -0.606431 -0.120282 -0.584049 0.802758 0.607238 0.668764
-0.316871 -0.350000 -0.333714 0.711111 -0.702256 -0.034025 0.516420 0.379769
-0.066980 -0.350000 -0.340394 0.700055 -0.713122 -0.037148 0.518645 0.462985
0.003475 -0.350000 -0.129814 0.321541 -0.736858 -0.594687 0.448520 0.486447
-0.058786 -0.350000 -0.071332 0.292637 -0.863350 -0.411084 0.429045 0.465714
-0.004780 -0.350000 -0.135746 0.461060 -0.736855 -0.494438 0.450495 0.483698
-0.011273 -0.350000 -0.143566 0.570801 -0.736858 -0.362253 0.453100 0.481536
-0.015585 -0.350000 -0.152772 0.643684 -0.736856 -0.206674 0.456165 0.480100
0.642420 -0.350000 -0.506132 -0.643828 -0.713357 0.276781 0.573837 0.699223
0.753694 -0.350000 -0.535660 -0.674637 -0.702257 0.227377 0.583670 0.736278
0.132500 -0.350000 0.000000 0.297091 -0.871704 0.389704 0.405291 0.529414
0.082500 -0.350000 0.082250 0.491538 -0.737016 -0.463895 0.377901 0.512763
0.071631 -0.350000 0.073348 0.357979 -0.737015 -0.573288 0.380865 0.509143
0.760825 -0.350000 -0.512883 -0.683868 -0.702255 0.197896 0.576085 0.738653
0.649948 -0.350000 -0.487201 -0.658087 -0.713355 0.240926 0.567533 0.701730
0.090758 -0.350000 0.093616 0.593027 -0.737017 -0.324230 0.374116 0.515513
-0.315214 -0.350000 -0.309904 0.708966 -0.702256 -0.064843 0.508492 0.380321
-0.065422 -0.350000 -0.320843 0.697105 -0.713120 -0.074192 0.512134 0.463504
0.656422 -0.350000 -0.467884 -0.670349 -0.713356 0.204341 0.561100 0.703886
-0.078786 -0.350000 -0.071332 -0.276667 -0.940567 -0.196951 0.429045 0.459053
0.766960 -0.350000 -0.489817 -0.691811 -0.702255 0.168035 0.568404 0.740696
-0.034719 -0.350000 -0.207739 0.638928 -0.713122 -0.288491 0.474470 0.473728
0.058862 -0.350000 0.067490 0.201060 -0.737017 -0.645276 0.382816 0.504891
0.661824 -0.350000 -0.448241 -0.680580 -0.713357 0.167133 0.554559 0.705684
0.772089 -0.350000 -0.466508 -0.698448 -0.702257 0.137864 0.560642 0.742404
0.095868 -0.350000 0.106702 0.655824 -0.737016 -0.163410 0.369758 0.517215
0.045024 -0.350000 0.065058 0.031023 -0.737015 -0.675164 0.383626 0.500283
0.666136 -0.350000 -0.428330 -0.688748 -0.713356 0.129418 0.547928 0.707120
0.097496 -0.350000 0.120657 0.675827 -0.737016 0.008071 0.365111 0.517757
0.776202 -0.350000 -0.442997 -0.703773 -0.702255 0.107433 0.552813 0.743773
0.779291 -0.350000 -0.419330 -0.707770 -0.702256 0.076797 0.544931 0.744802
0.669346 -0.350000 -0.408211 -0.694828 -0.713355 0.091316 0.541229 0.708189
-0.062830 -0.350000 -0.301401 0.692192 -0.713122 -0.111028 0.505660 0.464367
-0.312525 -0.350000 -0.286189 0.705486 -0.702254 -0.095543 0.500594 0.381216
0.031023 -0.350000 0.066211 -0.141037 -0.737016 -0.660996 0.383242 0.495621
0.781350 -0.350000 -0.395552 -0.710436 -0.702256 0.046018 0.537013 0.745488
0.671443 -0.350000 -0.387947 -0.698799 -0.713357 0.052934 0.534480 0.708888
0.782376 -0.350000 -0.371706 -0.711764 -0.702255 0.015151 0.529072 0.745829
-0.308809 -0.350000 -0.262612 0.700674 -0.702257 -0.126060 0.492743 0.382454
0.017770 -0.350000 0.070873 -0.303899 -0.737017 -0.603699 0.381689 0.491207
0.782366 -0.350000 -0.347839 -0.711750 -0.702256 -0.015742 0.521124 0.745826
0.672422 -0.350000 -0.367598 -0.700654 -0.713356 0.014390 0.527704 0.709214
-0.304074 -0.350000 -0.239219 0.694547 -0.702255 -0.156338 0.484953 0.384030
-0.059212 -0.350000 -0.282125 0.685337 -0.713121 -0.147552 0.499241 0.465572
0.006131 -0.350000 0.078741 -0.446929 -0.737015 -0.507013 0.379069 0.487331
0.781320 -0.350000 -0.323994 -0.710398 -0.702255 -0.046605 0.513184 0.745478
0.672280 -0.350000 -0.347225 -0.700383 -0.713357 -0.024199 0.520920 0.709166
0.779241 -0.350000 -0.300217 -0.707707 -0.702256 -0.077384 0.505266 0.744785
0.671016 -0.350000 -0.326892 -0.697992 -0.713355 -0.062711 0.514149 0.708745
-0.280383 -0.350000 -0.185465 0.453350 -0.739010 -0.498336 0.467052 0.391920
-0.298329 -0.350000 -0.216053 0.687111 -0.702254 -0.186326 0.477238 0.385944
0.776133 -0.350000 -0.276553 -0.703683 -0.702256 -0.108015 0.497385 0.743750
0.668635 -0.350000 -0.306659 -0.693481 -0.713356 -0.101029 0.507411 0.707952
-0.271668 -0.350000 -0.175040 0.570784 -0.739010 -0.357868 0.463581 0.394822
-0.054577 -0.350000 -0.263067 0.676556 -0.713121 -0.183658 0.492894 0.467115
-0.048939 -0.350000 -0.244282 0.665873 -0.713121 -0.219250 0.486639 0.468993
-0.291584 -0.350000 -0.193159 0.622591 -0.638970 -0.451771 0.469614 0.388190
0.772001 -0.350000 -0.253046 -0.698334 -0.702255 -0.138443 0.489557 0.742374
0.665144 -0.350000 -0.286588 -0.686869 -0.713356 -0.139045 0.500727 0.706790
-0.266081 -0.350000 -0.162654 0.646062 -0.739009 -0.190971 0.459456 0.396682
-0.042313 -0.350000 -0.225822 0.653320 -0.713121 -0.254226 0.480491 0.471199
-0.264035 -0.350000 -0.149220 0.673622 -0.739009 -0.009971 0.454982 0.397364
-0.265682 -0.350000 -0.135732 0.651430 -0.739010 0.171767 0.450491 0.396815
0.766852 -0.350000 -0.229740 -0.691670 -0.702256 -0.168609 0.481796 0.740660
0.660554 -0.350000 -0.266739 -0.678173 -0.713357 -0.176643 0.494117 0.705261
-0.270900 -0.350000 -0.123185 0.581124 -0.739010 0.340821 0.446313 0.395078
0.760698 -0.350000 -0.206680 -0.683705 -0.702255 -0.198458 0.474117 0.738610
0.654878 -0.350000 -0.247173 -0.667425 -0.713355 -0.213702 0.487601 0.703371
-0.279304 -0.350000 -0.112507 0.467903 -0.739008 0.484701 0.442757 0.392279
0.753549 -0.350000 -0.183908 -0.674450 -0.702256 -0.227934 0.466534 0.736229
0.648134 -0.350000 -0.227949 -0.654650 -0.713357 -0.250110 0.481200 0.701125
-0.212500 -0.350000 0.120000 0.306477 -0.393212 0.866866 0.365330 0.414525
-0.290272 -0.350000 -0.104485 0.767375 -0.594658 0.239828 0.440085 0.388627
0.095536 -0.350000 0.134568 0.954701 -0.020496 0.296860 0.360478 0.517104
0.509465 -0.350000 0.134568 -0.971666 -0.017200 0.235731 0.360478 0.654946
-0.003135 -0.350000 0.089301 0.159860 -0.554924 -0.816397 0.375553 0.484246
-0.012500 -0.350000 0.120000 -0.855454 -0.230143 0.463932 0.365330 0.481127
0.562500 -0.350000 -0.037000 -0.301511 -0.904535 -0.301510 0.417612 0.672608
0.745418 -0.350000 -0.161468 -0.663926 -0.702256 -0.256980 0.459061 0.733522
0.640341 -0.350000 -0.209125 -0.639890 -0.713357 -0.285767 0.474931 0.698530
0.736322 -0.350000 -0.139402 -0.652152 -0.702255 -0.285545 0.451713 0.730493
0.631525 -0.350000 -0.190759 -0.623192 -0.713355 -0.320555 0.468815 0.695594
0.726277 -0.350000 -0.117751 -0.639148 -0.702256 -0.313569 0.444503 0.727147
0.622438 -0.350000 -0.162766 -0.674995 -0.736857 -0.037747 0.459493 0.692568
0.621711 -0.350000 -0.172905 -0.743534 -0.648581 -0.162785 0.462870 0.692326
0.715302 -0.350000 -0.096557 -0.624944 -0.702256 -0.341002 0.437445 0.723493
0.620585 -0.350000 -0.152772 -0.643684 -0.736856 -0.206672 0.456165 0.691951
0.616273 -0.350000 -0.143566 -0.570800 -0.736858 -0.362254 0.453100 0.690515
0.703418 -0.350000 -0.075858 -0.609561 -0.702255 -0.367795 0.430552 0.719535
0.609780 -0.350000 -0.135746 -0.461059 -0.736855 -0.494439 0.450495 0.688353
0.690647 -0.350000 -0.055695 -0.593029 -0.702256 -0.393895 0.423838 0.715282
0.601525 -0.350000 -0.129814 -0.321541 -0.736857 -0.594688 0.448520 0.685604
0.022500 -0.350000 -0.700000 0.302180 -0.900541 0.312592 0.638397 0.492784
-0.067547 -0.350000 -0.820946 0.388383 -0.702255 0.596654 0.678673 0.462797
-0.047266 -0.350000 -0.833530 0.362132 -0.702256 0.612941 0.682863 0.469551
-0.026459 -0.350000 -0.845222 0.335199 -0.702255 0.628076 0.686757 0.476480
-0.005164 -0.350000 -0.856000 0.307635 -0.702256 0.642026 0.690346 0.483571
0.016579 -0.350000 -0.865844 0.279492 -0.702255 0.654769 0.693624 0.490812
0.038729 -0.350000 -0.874736 0.250818 -0.702255 0.666279 0.696585 0.498188
0.061243 -0.350000 -0.882658 0.221675 -0.702256 0.676533 0.699223 0.505686
0.084080 -0.350000 -0.889596 0.192116 -0.702255 0.685513 0.701534 0.513291
0.107196 -0.350000 -0.895536 0.162193 -0.702255 0.693203 0.703512 0.520989
0.130549 -0.350000 -0.900468 0.131967 -0.702256 0.699586 0.705154 0.528765
0.154093 -0.350000 -0.904383 0.101493 -0.702255 0.704653 0.706458 0.536606
0.177785 -0.350000 -0.907272 0.070824 -0.702255 0.708394 0.707420 0.544495
0.201580 -0.350000 -0.909130 0.040021 -0.702255 0.710799 0.708039 0.552419
0.225433 -0.350000 -0.909955 0.009147 -0.702256 0.711866 0.708313 0.560363
-0.087263 -0.350000 -0.807495 0.413905 -0.702255 0.579241 0.674194 0.456232
0.677013 -0.350000 -0.036105 -0.575382 -0.702255 -0.419254 0.417314 0.710742
0.592041 -0.350000 -0.126155 -0.161257 -0.736856 -0.656536 0.447301 0.682446
-0.106377 -0.350000 -0.793200 0.438645 -0.702256 0.560738 0.669433 0.449866
-0.124852 -0.350000 -0.778090 0.462558 -0.702256 0.541181 0.664402 0.443714
-0.142655 -0.350000 -0.762193 0.485603 -0.702255 0.520603 0.659108 0.437786
0.018937 -0.350000 -0.594841 0.622485 -0.592462 0.511371 0.603378 0.491597
0.008062 -0.350000 -0.592304 0.242808 -0.739918 0.627349 0.602533 0.487975
0.662542 -0.350000 -0.017124 -0.556650 -0.702256 -0.443821 0.410993 0.705923
0.647262 -0.350000 0.001210 -0.536872 -0.702255 -0.467554 0.404888 0.700834
0.631200 -0.350000 0.018865 -0.516080 -0.702256 -0.490407 0.399009 0.695486
0.581941 -0.350000 -0.125004 0.009442 -0.736857 -0.675983 0.446918 0.679082
0.571878 -0.350000 -0.126436 0.179532 -0.736857 -0.651775 0.447395 0.675731
0.562500 -0.350000 -0.130359 -0.459333 -0.559328 -0.690047 0.448701 0.672608
-0.159751 -0.350000 -0.745538 0.507734 -0.702255 0.499042 0.653561 0.432092
-0.001687 -0.350000 -0.586859 0.406773 -0.739916 0.535780 0.600720 0.484729
0.614387 -0.350000 0.035806 -0.494318 -0.702256 -0.512335 0.393367 0.689887
-0.009552 -0.350000 -0.578931 0.539031 -0.739919 0.402450 0.598080 0.482110
-0.176108 -0.350000 -0.728157 0.528906 -0.702256 0.476544 0.647773 0.426645
0.596856 -0.350000 0.052001 -0.471626 -0.702256 -0.533297 0.387974 0.684049
-0.191696 -0.350000 -0.710083 0.549082 -0.702256 0.453151 0.641754 0.421454
-0.016711 -0.350000 -0.547095 0.741524 -0.649640 0.167661 0.587478 0.479726
0.578638 -0.350000 0.067421 -0.207801 -0.623684 -0.753550 0.382839 0.677982
0.564189 -0.350000 0.065026 0.020710 -0.738340 -0.674110 0.383637 0.673170
-0.206485 -0.350000 -0.691349 0.568226 -0.702255 0.428902 0.635516 0.416529
0.549620 -0.350000 0.066529 -0.157935 -0.738339 -0.655677 0.383136 0.668319
0.235889 -0.160000 -0.441166 -0.455381 0.696228 -0.554882 0.428324 0.957764
0.228254 -0.160000 -0.434246 -0.507576 0.696228 -0.507576 0.427011 0.960934
0.251032 -0.160000 -0.414553 0.475928 0.720431 0.504452 0.418281 0.956001
0.221334 -0.160000 -0.426611 -0.554883 0.696228 -0.455381 0.425394 0.963960
0.245047 -0.160000 -0.408209 0.531272 0.720431 0.445791 0.416963 0.958590
0.244165 -0.160000 -0.447304 -0.398800 0.696227 -0.596847 0.429320 0.954480
0.257713 -0.160000 -0.420159 0.414145 0.720432 0.556293 0.419289 0.953278
0.215196 -0.160000 -0.418335 -0.596846 0.696228 -0.398800 0.423487 0.966813
0.239838 -0.160000 -0.401213 0.579432 0.720432 0.381099 0.415354 0.961008
0.209898 -0.160000 -0.409497 -0.633062 0.696228 -0.338379 0.421310 0.969466
0.253003 -0.160000 -0.452602 -0.338378 0.696229 -0.633061 0.429990 0.951115
0.265000 -0.160000 -0.424952 0.346763 0.720431 0.600612 0.419975 0.950455
0.205493 -0.160000 -0.400182 -0.663181 0.696227 -0.274697 0.418884 0.971892
0.235478 -0.160000 -0.393660 0.619758 0.720431 0.311254 0.413475 0.963222
0.262318 -0.160000 -0.457007 -0.274699 0.696227 -0.663181 0.430326 0.947700
0.272794 -0.160000 -0.428866 0.274692 0.720432 0.636807 0.420328 0.947572
0.202021 -0.160000 -0.390480 -0.686910 0.696229 -0.208374 0.416231 0.974069
0.232023 -0.160000 -0.385652 0.651701 0.720432 0.237200 0.411352 0.965204
0.282016 -0.160000 -0.462983 -0.140042 0.696227 -0.704029 0.429990 0.940854
0.272020 -0.160000 -0.460479 -0.208373 0.696229 -0.686911 0.430326 0.944268
0.280990 -0.160000 -0.431849 0.198905 0.720431 0.664391 0.420343 0.944668
0.199518 -0.160000 -0.380485 -0.704030 0.696226 -0.140041 0.413378 0.975976
0.229522 -0.160000 -0.377296 0.674832 0.720431 0.159937 0.409013 0.966926
0.292208 -0.160000 -0.464494 -0.070357 0.696227 -0.714365 0.429321 0.937488
0.289476 -0.160000 -0.433861 0.120429 0.720431 0.682990 0.420022 0.941781
0.198006 -0.160000 -0.370292 -0.714364 0.696228 -0.070356 0.410352 0.977593
0.228007 -0.160000 -0.368707 0.688837 0.720431 0.080513 0.406489 0.968364
0.302500 -0.160000 -0.465000 0.000000 0.696229 -0.717820 0.428324 0.934204
0.298139 -0.160000 -0.434873 0.040325 0.720432 0.692353 0.419368 0.938952
0.197500 -0.160000 -0.360000 -0.717821 0.696228 0.000000 0.407182 0.978906
0.227500 -0.160000 -0.360000 0.693527 0.720431 0.000000 0.403816 0.969500
0.198006 -0.160000 -0.349708 -0.714364 0.696228 0.070356 0.403898 0.979902
0.312792 -0.160000 -0.464494 0.070357 0.696227 -0.714365 0.427011 0.931034
0.306861 -0.160000 -0.434873 -0.040325 0.720431 0.692353 0.418389 0.936217
0.199518 -0.160000 -0.339516 -0.704030 0.696226 0.140040 0.400533 0.980572
0.228007 -0.160000 -0.351293 0.688837 0.720431 -0.080513 0.401029 0.970318
0.322985 -0.160000 -0.462983 0.140042 0.696227 -0.704029 0.425394 0.928008
0.315524 -0.160000 -0.433861 -0.120430 0.720431 0.682990 0.417100 0.933614
0.202021 -0.160000 -0.329520 -0.686911 0.696229 0.208373 0.397118 0.980908
0.229522 -0.160000 -0.342704 0.674833 0.720431 -0.159938 0.398166 0.970806
0.342682 -0.160000 -0.457007 0.274697 0.696227 -0.663181 0.421311 0.922502
0.332980 -0.160000 -0.460479 0.208373 0.696229 -0.686911 0.423487 0.925155
0.324010 -0.160000 -0.431849 -0.198905 0.720431 0.664391 0.415517 0.931179
0.232023 -0.160000 -0.334349 0.651701 0.720432 -0.237200 0.395266 0.970959
0.205493 -0.160000 -0.319818 -0.663181 0.696227 0.274698 0.393686 0.980908
0.332206 -0.160000 -0.428866 -0.274691 0.720431 0.636808 0.413662 0.928944
0.351997 -0.160000 -0.452602 0.338379 0.696228 -0.633061 0.418884 0.920076
0.235478 -0.160000 -0.326340 0.619759 0.720430 -0.311254 0.392367 0.970775
0.209898 -0.160000 -0.310503 -0.633061 0.696228 0.338379 0.390272 0.980572
0.360835 -0.160000 -0.447304 0.398802 0.696227 -0.596845 0.416232 0.917899
0.340000 -0.160000 -0.424952 -0.346763 0.720432 0.600611 0.411561 0.926939
0.239838 -0.160000 -0.318787 0.579432 0.720432 -0.381098 0.389510 0.970255
0.215196 -0.160000 -0.301665 -0.596846 0.696228 0.398800 0.386906 0.979902
0.347287 -0.160000 -0.420159 -0.414147 0.720432 0.556292 0.409240 0.925192
0.369111 -0.160000 -0.441166 0.455381 0.696229 -0.554882 0.413379 0.915993
0.221334 -0.160000 -0.293389 -0.554884 0.696227 0.455380 0.383622 0.978906
0.245047 -0.160000 -0.311791 0.531272 0.720431 -0.445792 0.386732 0.969407
0.353968 -0.160000 -0.414553 -0.475928 0.720431 0.504452 0.406733 0.923726
0.376746 -0.160000 -0.434246 0.507574 0.696228 -0.507578 0.410352 0.914375
0.228254 -0.160000 -0.285754 -0.507576 0.696228 0.507575 0.380452 0.977593
0.251032 -0.160000 -0.305447 0.475928 0.720431 -0.504452 0.384072 0.968242
0.359953 -0.160000 -0.408209 -0.531272 0.720431 0.445790 0.404072 0.922561
0.383666 -0.160000 -0.426611 0.554881 0.696228 -0.455383 0.407182 0.913062
0.235889 -0.160000 -0.278834 -0.455381 0.696228 0.554883 0.377426 0.975975
0.257713 -0.160000 -0.299841 0.414145 0.720432 -0.556293 0.381564 0.966776
0.365162 -0.160000 -0.401213 -0.579432 0.720431 0.381101 0.401295 0.921713
0.389804 -0.160000 -0.418335 0.596848 0.696226 -0.398800 0.403899 0.912066
0.244165 -0.160000 -0.272696 -0.398799 0.696228 0.596847 0.374573 0.974069
0.265000 -0.160000 -0.295048 0.346764 0.720430 -0.600612 0.379244 0.965029
0.395102 -0.160000 -0.409497 0.633061 0.696229 -0.338377 0.400533 0.911396
0.369522 -0.160000 -0.393660 -0.619757 0.720433 0.311253 0.398437 0.921193
0.272794 -0.160000 -0.291134 0.274691 0.720432 -0.636807 0.377142 0.963024
0.253003 -0.160000 -0.267398 -0.338379 0.696228 0.633060 0.371920 0.971892
0.399507 -0.160000 -0.400182 0.663181 0.696227 -0.274698 0.397118 0.911060
0.372977 -0.160000 -0.385652 -0.651703 0.720430 0.237201 0.395539 0.921009
0.280990 -0.160000 -0.288151 0.198905 0.720430 -0.664392 0.375288 0.960789
0.262318 -0.160000 -0.262993 -0.274698 0.696227 0.663181 0.369494 0.969466
0.375478 -0.160000 -0.377296 -0.674830 0.720432 0.159941 0.392638 0.921162
0.402979 -0.160000 -0.390480 0.686912 0.696228 -0.208370 0.393687 0.911060
0.272020 -0.160000 -0.259521 -0.208373 0.696229 0.686910 0.367317 0.966813
0.376993 -0.160000 -0.368707 -0.688837 0.720432 0.080513 0.389775 0.921650
0.405482 -0.160000 -0.380485 0.704028 0.696228 -0.140041 0.390272 0.911396
0.289476 -0.160000 -0.286139 0.120430 0.720431 -0.682990 0.373705 0.958354
0.282016 -0.160000 -0.257018 -0.140042 0.696226 0.704029 0.365411 0.963960
0.377500 -0.160000 -0.360000 -0.693526 0.720431 0.000000 0.386988 0.922468
0.406994 -0.160000 -0.370292 0.714364 0.696228 -0.070360 0.386906 0.912066
0.298139 -0.160000 -0.285127 0.040325 0.720431 -0.692353 0.372415 0.955751
0.292208 -0.160000 -0.255506 -0.070357 0.696228 0.714364 0.363793 0.960934
0.407500 -0.160000 -0.360000 0.717821 0.696227 0.000000 0.383623 0.913062
0.306861 -0.160000 -0.285127 -0.040325 0.720431 -0.692353 0.371437 0.953016
0.302500 -0.160000 -0.255000 0.000000 0.696228 0.717821 0.362480 0.957764
0.376993 -0.160000 -0.351293 -0.688837 0.720432 -0.080514 0.384315 0.923604
0.406994 -0.160000 -0.349708 0.714364 0.696228 0.070360 0.380453 0.914375
0.312792 -0.160000 -0.255506 0.070357 0.696228 0.714364 0.361484 0.954480
0.315524 -0.160000 -0.286139 -0.120431 0.720432 -0.682990 0.370783 0.950187
0.375478 -0.160000 -0.342704 -0.674831 0.720432 -0.159941 0.381792 0.925042
0.405482 -0.160000 -0.339516 0.704028 0.696228 0.140040 0.377426 0.915992
0.324010 -0.160000 -0.288151 -0.198905 0.720430 -0.664392 0.370461 0.947300
0.322985 -0.160000 -0.257018 0.140042 0.696226 0.704029 0.360815 0.951114
0.402979 -0.160000 -0.329520 0.686912 0.696228 0.208370 0.374573 0.917899
0.372977 -0.160000 -0.334349 -0.651703 0.720430 -0.237201 0.379453 0.926764
0.332980 -0.160000 -0.259521 0.208373 0.696229 0.686910 0.360478 0.947699
0.399507 -0.160000 -0.319818 0.663181 0.696226 0.274699 0.371921 0.920076
0.369522 -0.160000 -0.326340 -0.619757 0.720432 -0.311253 0.377329 0.928746
0.332206 -0.160000 -0.291134 -0.274690 0.720431 -0.636808 0.370477 0.944396
0.342682 -0.160000 -0.262993 0.274697 0.696227 0.663181 0.360478 0.944268
0.365162 -0.160000 -0.318787 -0.579432 0.720431 -0.381100 0.375450 0.930960
0.395102 -0.160000 -0.310503 0.633060 0.696229 0.338378 0.369494 0.922502
0.340000 -0.160000 -0.295048 -0.346764 0.720431 -0.600611 0.370830 0.941513
0.351997 -0.160000 -0.267398 0.338380 0.696227 0.633061 0.360815 0.940853
0.389804 -0.160000 -0.301665 0.596848 0.696227 0.398800 0.367317 0.925155
0.347287 -0.160000 -0.299841 -0.414147 0.720431 -0.556293 0.371515 0.938690
0.360835 -0.160000 -0.272696 0.398801 0.696228 0.596845 0.361484 0.937488
0.359953 -0.160000 -0.311791 -0.531272 0.720431 -0.445791 0.373841 0.933378
0.383666 -0.160000 -0.293389 0.554882 0.696228 0.455382 0.365411 0.928008
0.369111 -0.160000 -0.278834 0.455380 0.696228 0.554883 0.362480 0.934204
0.353968 -0.160000 -0.305447 -0.475928 0.720431 -0.504453 0.372523 0.935967
0.376746 -0.160000 -0.285754 0.507575 0.696228 0.507577 0.363793 0.931034
0.002500 -0.000000 -0.606235 -0.465174 0.841414 -0.275020 0.815098 0.417357
0.049500 -0.000000 -0.720000 0.577347 0.577357 -0.577347 0.796888 0.380634
0.002500 -0.000000 -0.720000 -0.577350 0.577350 -0.577350 0.812503 0.379561
0.033217 -0.000000 -0.571887 -0.362487 0.736438 0.571194 0.805677 0.429470
0.037079 -0.000000 -0.568691 -0.493155 0.736435 0.463101 0.804467 0.430620
0.040026 -0.000000 -0.564635 -0.592828 0.736435 0.325912 0.803580 0.432034
0.028680 -0.000000 -0.574021 -0.209047 0.736434 0.643400 0.807136 0.428657
0.041872 -0.000000 -0.559974 -0.655252 0.736437 0.168240 0.803074 0.433625
0.023756 -0.000000 -0.574961 -0.042482 0.736433 0.675175 0.808750 0.428233
0.042500 -0.000000 -0.555000 -0.676509 0.736434 -0.000001 0.802978 0.435292
0.018752 -0.000000 -0.574646 0.126754 0.736435 0.664527 0.810420 0.428223
0.013984 -0.000000 -0.573097 0.288044 0.736441 0.612116 0.812039 0.428629
-0.010144 -0.000000 -0.599265 -0.435614 0.679226 -0.590671 0.819458 0.419384
0.009752 -0.000000 -0.570410 0.431232 0.736433 0.521254 0.813507 0.429425
-0.020538 -0.000000 -0.589245 -0.574331 0.679210 -0.456966 0.823140 0.422476
0.006320 -0.000000 -0.566756 0.547307 0.736434 0.397642 0.814730 0.430561
0.049500 -0.000000 -0.501743 0.732021 0.657342 0.179016 0.801868 0.453145
0.033217 -0.000000 -0.538113 -0.362489 0.736435 -0.571196 0.806448 0.440690
0.028680 -0.000000 -0.535979 -0.209045 0.736437 -0.643398 0.808004 0.441296
0.037079 -0.000000 -0.541309 -0.493153 0.736437 -0.463100 0.805092 0.439716
0.040026 -0.000000 -0.545365 -0.592830 0.736433 -0.325912 0.804020 0.438436
0.041872 -0.000000 -0.550026 -0.655252 0.736437 -0.168242 0.803301 0.436930
-0.027967 -0.000000 -0.576865 -0.674501 0.678454 -0.291116 0.825891 0.426420
0.003905 -0.000000 -0.562363 0.629000 0.736434 0.249044 0.815633 0.431965
-0.031918 -0.000000 -0.562978 -0.726636 0.678523 -0.107735 0.827520 0.430943
0.002658 -0.000000 -0.557507 0.671171 0.736437 0.084792 0.816158 0.433550
-0.032119 -0.000000 -0.548542 -0.728701 0.679383 0.086224 0.827916 0.435735
0.002658 -0.000000 -0.552493 0.671171 0.736437 -0.084793 0.816272 0.435215
0.015001 -0.000000 -0.500514 -0.353730 0.919469 0.171619 0.813358 0.452766
0.023756 -0.000000 -0.535040 -0.042474 0.736433 -0.675176 0.809661 0.441495
0.018752 -0.000000 -0.535354 0.126762 0.736435 -0.664526 0.811316 0.441277
0.041206 -0.000000 -0.485800 0.630704 0.714147 0.303654 0.804987 0.458252
-0.028557 -0.000000 -0.534550 -0.681237 0.679284 0.272927 0.827052 0.440464
0.003905 -0.000000 -0.547638 0.629002 0.736434 -0.249043 0.815969 0.436857
0.006320 -0.000000 -0.543244 0.547308 0.736435 -0.397640 0.815267 0.438372
0.001080 -0.000000 -0.504343 -0.285860 0.678932 0.676265 0.817895 0.451176
0.013984 -0.000000 -0.536904 0.288038 0.736435 -0.612126 0.812865 0.440653
0.033916 -0.000000 -0.469374 0.648300 0.714148 0.264005 0.807784 0.463543
-0.021476 -0.000000 -0.521968 -0.586815 0.679178 0.440869 0.824987 0.444806
0.009752 -0.000000 -0.539590 0.431219 0.736437 -0.521259 0.814210 0.439664
-0.011365 -0.000000 -0.511662 -0.451931 0.679059 0.578478 0.821863 0.448461
0.001229 -0.000000 -0.467871 -0.677057 0.694857 -0.242422 0.818678 0.463297
0.027657 -0.000000 -0.452528 0.663409 0.714148 0.223342 0.810248 0.468997
0.022454 -0.000000 -0.435327 0.675968 0.714148 0.181823 0.812369 0.474593
-0.008849 -0.000000 -0.433906 -0.699706 0.694857 -0.166091 0.822801 0.474351
0.018326 -0.000000 -0.417837 0.685932 0.714148 0.139604 0.814140 0.480310
-0.015110 -0.000000 -0.399035 -0.178834 0.928244 -0.326161 0.825677 0.485793
0.015289 -0.000000 -0.400124 0.693263 0.714147 0.096851 0.815553 0.486125
0.013355 -0.000000 -0.382258 0.697930 0.714149 0.053724 0.816603 0.492016
0.012532 -0.000000 -0.364305 0.699919 0.714147 0.010393 0.817286 0.497962
-0.060055 -0.000000 -0.398939 -0.368011 0.678910 -0.635334 0.840611 0.484799
-0.037595 -0.000000 -0.405000 -0.001558 0.678912 -0.734218 0.833011 0.483298
-0.049224 -0.000000 -0.403446 -0.191283 0.678911 -0.708866 0.836910 0.483549
-0.025961 -0.000000 -0.403495 0.188275 0.678910 -0.709672 0.829180 0.484064
-0.069353 -0.000000 -0.391786 -0.519723 0.678912 -0.518620 0.843863 0.486964
-0.015110 -0.000000 -0.320965 -0.178834 0.928244 0.326161 0.827458 0.511730
0.012822 -0.000000 -0.346337 0.699217 0.714149 -0.032978 0.817600 0.503938
0.014225 -0.000000 -0.328421 0.695832 0.714148 -0.076226 0.817542 0.509922
0.016734 -0.000000 -0.310626 0.689775 0.714148 -0.119179 0.817115 0.515892
-0.025961 -0.000000 -0.316505 0.188275 0.678911 0.709671 0.831165 0.512964
-0.076487 -0.000000 -0.382472 -0.636112 0.678911 -0.366663 0.846446 0.489895
-0.082500 -0.000000 -0.360000 -0.734220 0.678911 0.000000 0.848956 0.497224
-0.080971 -0.000000 -0.371632 -0.709270 0.678910 -0.189781 0.848183 0.493394
-0.037595 -0.000000 -0.315000 -0.001558 0.678910 0.734219 0.835065 0.513199
-0.008849 -0.000000 -0.286094 -0.699706 0.694857 0.166091 0.826174 0.523458
0.020341 -0.000000 -0.293021 0.681069 0.714148 -0.161674 0.816318 0.521823
0.025031 -0.000000 -0.275672 0.669748 0.714148 -0.203547 0.815156 0.527693
-0.080971 -0.000000 -0.348369 -0.709270 0.678910 0.189780 0.848714 0.501123
-0.076487 -0.000000 -0.337528 -0.636112 0.678911 0.366662 0.847472 0.504827
-0.069353 -0.000000 -0.328214 -0.519723 0.678911 0.518622 0.845314 0.508084
-0.049224 -0.000000 -0.316554 -0.191284 0.678911 0.708865 0.838892 0.512417
-0.060055 -0.000000 -0.321061 -0.368009 0.678911 0.635334 0.842388 0.510673
0.001229 -0.000000 -0.252129 -0.677057 0.694857 0.242422 0.823601 0.534972
0.030787 -0.000000 -0.258648 0.655853 0.714148 -0.244641 0.813632 0.533481
0.037587 -0.000000 -0.242013 0.639442 0.714147 -0.284795 0.811753 0.539162
0.015001 -0.000000 -0.219486 -0.353001 0.919720 -0.171773 0.819770 0.546131
0.045403 -0.000000 -0.225831 0.427345 0.791891 -0.436216 0.809525 0.544717
0.037079 -0.000000 -0.178691 -0.493155 0.736435 0.463100 0.813366 0.560188
0.074015 -0.000000 -0.204639 0.572251 0.691835 -0.440333 0.800503 0.552410
0.068039 -0.000000 -0.211381 0.505867 0.691836 -0.515229 0.802335 0.550034
0.061188 -0.000000 -0.217232 0.429769 0.691836 -0.580225 0.804477 0.547934
0.033217 -0.000000 -0.181887 -0.362487 0.736438 0.571194 0.814576 0.559038
0.053594 -0.000000 -0.222080 0.345414 0.691836 -0.634076 0.806889 0.546150
0.040026 -0.000000 -0.174635 -0.592828 0.736434 0.325913 0.812480 0.561603
0.082901 -0.000000 -0.189014 0.670969 0.691837 -0.266764 0.797907 0.557804
0.079001 -0.000000 -0.197135 0.627640 0.691836 -0.356975 0.799018 0.555017
0.028680 -0.000000 -0.184021 -0.209047 0.736434 0.643401 0.816035 0.558226
0.041872 -0.000000 -0.169974 -0.655252 0.736437 0.168241 0.811973 0.563194
0.087169 -0.000000 -0.171553 0.718376 0.691836 -0.072796 0.796888 0.563703
0.085642 -0.000000 -0.180432 0.701409 0.691836 -0.171428 0.797193 0.560718
0.023756 -0.000000 -0.184960 -0.042477 0.736435 0.675173 0.817649 0.557801
0.042500 -0.000000 -0.165000 -0.676510 0.736434 -0.000000 0.811878 0.564860
0.086491 -0.000000 -0.153591 0.710846 0.691835 0.126737 0.797523 0.569655
0.087454 -0.000000 -0.162548 0.721540 0.691837 0.027231 0.796999 0.566701
0.018752 -0.000000 -0.184646 0.126764 0.736435 0.664526 0.819319 0.557792
0.001330 -0.000000 -0.215762 -0.282427 0.679324 -0.677314 0.824397 0.547056
0.041872 -0.000000 -0.160026 -0.655252 0.736437 -0.168241 0.812200 0.566499
0.084299 -0.000000 -0.144853 0.686492 0.691837 0.223810 0.798451 0.572508
0.013984 -0.000000 -0.183097 0.288039 0.736434 0.612126 0.820938 0.558198
-0.010936 -0.000000 -0.208669 -0.446057 0.679385 -0.582639 0.828634 0.549133
0.040026 -0.000000 -0.155365 -0.592828 0.736434 -0.325914 0.812919 0.568005
0.076418 -0.000000 -0.128697 0.598945 0.691836 0.403271 0.801438 0.577695
0.080919 -0.000000 -0.136501 0.648953 0.691836 0.316579 0.799764 0.575205
0.009752 -0.000000 -0.180410 0.431220 0.736438 0.521256 0.822406 0.558993
0.037079 -0.000000 -0.151309 -0.493154 0.736435 -0.463101 0.813991 0.569285
0.070880 -0.000000 -0.121591 0.537430 0.691836 0.482215 0.803439 0.579930
0.064413 -0.000000 -0.115318 0.465593 0.691836 0.551893 0.805731 0.581866
-0.020983 -0.000000 -0.198678 -0.580060 0.679443 -0.449319 0.832200 0.552223
0.006320 -0.000000 -0.176756 0.547310 0.736434 0.397638 0.823629 0.560129
-0.028144 -0.000000 -0.186452 -0.675554 0.679498 -0.286198 0.834858 0.556121
0.003905 -0.000000 -0.172363 0.629002 0.736434 0.249043 0.824532 0.561534
0.047500 -0.000000 -0.110000 0.298326 0.909195 0.290458 0.811471 0.583247
0.028680 -0.000000 -0.145979 -0.209049 0.736434 -0.643400 0.816903 0.570864
0.023756 -0.000000 -0.145040 -0.042484 0.736433 -0.675175 0.818560 0.571064
0.033217 -0.000000 -0.148113 -0.362488 0.736437 -0.571194 0.815347 0.570259
0.057141 -0.000000 -0.110000 0.237683 0.643441 0.727661 0.808268 0.583467
-0.031944 -0.000000 -0.172802 -0.726202 0.679553 -0.104106 0.836432 0.560570
0.002658 -0.000000 -0.167507 0.671171 0.736437 0.084793 0.825057 0.563119
-0.032130 -0.000000 -0.158635 -0.728968 0.679193 0.085460 0.836817 0.565272
0.002658 -0.000000 -0.162493 0.671172 0.736437 -0.084793 0.825171 0.564784
-0.028691 -0.000000 -0.144889 -0.683364 0.679069 0.268102 0.835988 0.569917
0.003905 -0.000000 -0.157638 0.629001 0.736434 -0.249043 0.824868 0.566426
0.006320 -0.000000 -0.153244 0.547310 0.736434 -0.397639 0.824166 0.567940
0.000000 -0.000000 -0.114813 -0.480103 0.835078 0.268602 0.827142 0.580564
0.018752 -0.000000 -0.145354 0.126758 0.736437 -0.664525 0.820215 0.570845
0.013984 -0.000000 -0.146903 0.288043 0.736436 -0.612122 0.821764 0.570222
-0.021855 -0.000000 -0.132479 -0.591812 0.679294 0.433956 0.834000 0.574197
0.009752 -0.000000 -0.149590 0.431226 0.736436 -0.521254 0.823109 0.569233
-0.012075 -0.000000 -0.122226 -0.461335 0.679254 0.570775 0.830985 0.577826
0.000000 0.000000 0.000000 -0.577350 0.577350 0.577350 0.829762 0.618708
0.047500 0.000000 0.000000 0.567387 0.585498 0.579020 0.813981 0.619792
0.597079 -0.000000 -0.598691 -0.493152 0.736437 0.463099 0.753158 0.048168
0.626700 -0.000000 -0.617732 0.590079 0.678853 -0.436996 0.742454 0.043380
0.616609 -0.000000 -0.628146 0.455370 0.678818 -0.576060 0.745255 0.039447
0.593217 -0.000000 -0.601887 -0.362486 0.736436 0.571197 0.754270 0.046923
0.604146 -0.000000 -0.635562 0.288983 0.678784 -0.675086 0.748988 0.036382
0.600026 -0.000000 -0.594635 -0.592831 0.736433 0.325911 0.752390 0.049651
0.633719 -0.000000 -0.605041 0.683758 0.678882 -0.267569 0.740777 0.047909
0.588680 -0.000000 -0.604021 -0.209056 0.736432 0.643400 0.755657 0.045993
0.590178 -0.000000 -0.639461 0.102495 0.678748 -0.727184 0.753391 0.034400
0.601872 -0.000000 -0.589974 -0.655251 0.736439 0.168236 0.752016 0.051278
0.637177 -0.000000 -0.590958 0.729899 0.678911 -0.079546 0.740343 0.052719
0.583756 -0.000000 -0.604961 -0.042485 0.736437 0.675171 0.757231 0.045438
0.575677 -0.000000 -0.639575 -0.091136 0.678707 -0.728732 0.758160 0.033637
0.602500 -0.000000 -0.585000 -0.676513 0.736431 -0.000000 0.752058 0.052947
0.636833 -0.000000 -0.576460 0.725148 0.679145 0.113675 0.741181 0.057475
0.578752 -0.000000 -0.604646 0.126772 0.736439 0.664520 0.758894 0.045291
0.561650 -0.000000 -0.635895 -0.278452 0.678668 -0.679613 0.762962 0.034148
0.601872 -0.000000 -0.580026 -0.655252 0.736438 -0.168235 0.752513 0.054553
0.632712 -0.000000 -0.562556 0.669869 0.679476 0.299312 0.743233 0.061847
0.573984 -0.000000 -0.603096 0.288045 0.736428 0.612130 0.760541 0.045563
0.549072 -0.000000 -0.628676 0.082102 0.883192 -0.461769 0.767464 0.035896
0.600026 -0.000000 -0.575365 -0.592827 0.736435 -0.325913 0.753354 0.055995
0.625100 -0.000000 -0.550212 0.568234 0.679580 0.463984 0.746356 0.065530
0.569752 -0.000000 -0.600410 0.431217 0.736443 0.521252 0.762069 0.046236
0.597079 -0.000000 -0.571309 -0.493153 0.736435 -0.463103 0.754527 0.057183
0.566320 -0.000000 -0.596756 0.547314 0.736429 0.397644 0.763382 0.047267
0.563904 -0.000000 -0.592363 0.628995 0.736438 0.249045 0.764397 0.048593
0.614527 -0.000000 -0.540287 0.427181 0.679626 0.596343 0.750334 0.068269
0.593217 -0.000000 -0.568113 -0.362488 0.736437 -0.571195 0.755958 0.058042
0.432500 -0.000000 -0.720000 -0.718197 0.555057 -0.419648 0.801278 0.000000
0.472500 -0.000000 -0.720000 0.330653 0.623179 -0.708743 0.788108 0.002000
0.562658 -0.000000 -0.587507 0.671174 0.736435 0.084788 0.765050 0.050129
0.562658 -0.000000 -0.582493 0.671174 0.736435 -0.084787 0.765300 0.051780
0.601727 -0.000000 -0.533470 0.256445 0.679666 0.687233 0.754889 0.069873
0.588680 -0.000000 -0.565979 -0.209047 0.736435 -0.643399 0.757559 0.058518
0.587590 -0.000000 -0.530236 0.067904 0.679698 0.730342 0.759705 0.070231
0.583756 -0.000000 -0.565040 -0.042485 0.736431 -0.675177 0.759227 0.058581
0.573100 -0.000000 -0.530809 0.235323 0.961485 0.142019 0.764447 0.069318
0.569752 -0.000000 -0.569590 0.431221 0.736438 -0.521255 0.763610 0.056383
0.566320 -0.000000 -0.573244 0.547309 0.736431 -0.397647 0.764557 0.055008
0.573984 -0.000000 -0.566904 0.288046 0.736432 -0.612125 0.762351 0.057479
0.578752 -0.000000 -0.565354 0.126760 0.736440 -0.664521 0.760858 0.058227
0.654224 -0.000000 -0.403446 0.191263 0.679071 -0.708718 0.744106 0.115307
0.674354 -0.000000 -0.391786 0.519668 0.679016 -0.518539 0.738061 0.120152
0.665055 -0.000000 -0.398939 0.367966 0.679043 -0.635217 0.740765 0.117332
0.555142 -0.000000 -0.502379 -0.618244 0.710638 0.335809 0.771780 0.077780
0.584907 -0.000000 -0.510488 0.631167 0.698934 -0.336333 0.761576 0.076599
0.563904 -0.000000 -0.577637 0.628995 0.736439 -0.249044 0.765133 0.053441
0.563535 -0.000000 -0.486336 -0.630032 0.714200 0.304922 0.769819 0.083482
0.595190 -0.000000 -0.489354 0.654150 0.698933 -0.289100 0.759246 0.084071
0.687500 -0.000000 -0.360000 0.734194 0.678940 0.000000 0.735322 0.131274
0.681487 -0.000000 -0.382472 0.636062 0.678986 -0.366611 0.736178 0.123575
0.685971 -0.000000 -0.371632 0.709234 0.678957 -0.189752 0.735244 0.127368
0.570910 -0.000000 -0.469801 -0.647831 0.714201 0.265014 0.768218 0.089295
0.603895 -0.000000 -0.467523 0.673604 0.698934 -0.240309 0.757472 0.091694
0.577239 -0.000000 -0.452837 -0.663106 0.714200 0.224072 0.766983 0.095196
0.610974 -0.000000 -0.445111 0.689426 0.698933 -0.190220 0.756262 0.099427
0.620110 -0.000000 -0.399035 0.179320 0.930262 -0.320087 0.755558 0.115053
0.642596 -0.000000 -0.405000 0.001576 0.679100 -0.734044 0.747856 0.114214
0.630961 -0.000000 -0.403495 -0.188206 0.679126 -0.709484 0.751762 0.114127
0.582496 -0.000000 -0.435512 -0.675795 0.714201 0.182257 0.766118 0.101163
0.616389 -0.000000 -0.422241 0.701527 0.698935 -0.139106 0.755623 0.107227
0.586663 -0.000000 -0.417892 -0.685852 0.714201 0.139729 0.765627 0.107172
0.674354 -0.000000 -0.328214 0.519667 0.679015 0.518541 0.741240 0.141082
0.685971 -0.000000 -0.348369 0.709234 0.678957 0.189751 0.736407 0.135027
0.681487 -0.000000 -0.337528 0.636062 0.678986 0.366610 0.738426 0.138372
0.589722 -0.000000 -0.400047 -0.693235 0.714201 0.096657 0.765512 0.113201
0.591661 -0.000000 -0.382046 -0.697915 0.714202 0.053208 0.765774 0.119224
0.654224 -0.000000 -0.316554 0.191265 0.679071 0.708717 0.748450 0.143915
0.665055 -0.000000 -0.321061 0.367964 0.679044 0.635218 0.744659 0.142972
0.592473 -0.000000 -0.363958 -0.699876 0.714201 0.009551 0.766411 0.125220
0.630961 -0.000000 -0.316505 -0.188207 0.679126 0.709483 0.756112 0.142768
0.642596 -0.000000 -0.315000 0.001576 0.679099 0.734045 0.752356 0.143845
0.620110 -0.000000 -0.320965 0.178696 0.928304 0.326067 0.759461 0.140757
0.592155 -0.000000 -0.345856 -0.699108 0.714200 -0.034138 0.767421 0.131164
0.590708 -0.000000 -0.327808 -0.695614 0.714202 -0.077698 0.768799 0.137034
0.588137 -0.000000 -0.309886 -0.689411 0.714200 -0.120956 0.770542 0.142806
0.613849 -0.000000 -0.286094 0.699705 0.694857 0.166091 0.763266 0.151924
0.584453 -0.000000 -0.292159 -0.680519 0.714201 -0.163740 0.772641 0.148458
0.579670 -0.000000 -0.274697 -0.668975 0.714201 -0.205887 0.775089 0.153968
0.603771 -0.000000 -0.252129 0.677057 0.694856 0.242422 0.768282 0.162603
0.573807 -0.000000 -0.257567 -0.654824 0.714201 -0.247231 0.777876 0.159315
0.566886 -0.000000 -0.240836 -0.638118 0.714202 -0.287613 0.780991 0.164477
0.589999 -0.000000 -0.219486 0.354428 0.919228 -0.171465 0.774449 0.172662
0.558935 -0.000000 -0.224570 -0.618928 0.714200 -0.326873 0.784422 0.169435
0.597079 -0.000000 -0.178691 -0.493157 0.736433 0.463101 0.774157 0.186447
0.626951 -0.000000 -0.197390 0.593383 0.678824 -0.432544 0.763388 0.181784
0.616783 -0.000000 -0.208008 0.457707 0.678619 -0.574440 0.766204 0.177780
0.593217 -0.000000 -0.181887 -0.362490 0.736438 0.571191 0.775269 0.185202
0.604165 -0.000000 -0.215553 0.289337 0.678482 -0.675238 0.769981 0.174665
0.600026 -0.000000 -0.174635 -0.592827 0.736434 0.325915 0.773390 0.187930
0.633943 -0.000000 -0.184458 0.686628 0.678993 -0.259827 0.761732 0.186391
0.588680 -0.000000 -0.184021 -0.209048 0.736435 0.643400 0.776656 0.184272
0.601872 -0.000000 -0.169974 -0.655251 0.736439 0.168236 0.773015 0.189556
0.637260 -0.000000 -0.170136 0.730801 0.679133 -0.068618 0.761356 0.191272
0.583756 -0.000000 -0.184960 -0.042477 0.736435 0.675174 0.778230 0.183717
0.602500 -0.000000 -0.165000 -0.676513 0.736430 -0.000000 0.773057 0.191225
0.636664 -0.000000 -0.155447 0.723788 0.677748 0.129571 0.762287 0.196079
0.578752 -0.000000 -0.184646 0.126764 0.736435 0.664526 0.779893 0.183570
0.601872 -0.000000 -0.160026 -0.655251 0.736439 -0.168237 0.773513 0.192832
0.632198 -0.000000 -0.141440 0.665191 0.677593 0.313671 0.764457 0.200467
0.549984 -0.000000 -0.208832 -0.597324 0.714201 -0.364857 0.788156 0.174169
0.573984 -0.000000 -0.183097 0.288039 0.736435 0.612126 0.781541 0.183842
0.600026 -0.000000 -0.155365 -0.592826 0.736434 -0.325916 0.774353 0.194274
0.624182 -0.000000 -0.129116 0.556596 0.678701 0.479131 0.767713 0.204124
0.569752 -0.000000 -0.180410 0.431221 0.736438 0.521255 0.783069 0.184514
0.597079 -0.000000 -0.151309 -0.493156 0.736433 -0.463102 0.775526 0.195462
0.540068 -0.000000 -0.193683 -0.573391 0.714201 -0.401422 0.792178 0.178660
0.566320 -0.000000 -0.176756 0.547309 0.736432 0.397645 0.784381 0.185546
0.563904 -0.000000 -0.172363 0.628997 0.736438 0.249044 0.785396 0.186872
0.613187 -0.000000 -0.119357 0.409756 0.678739 0.609437 0.771821 0.206787
0.593217 -0.000000 -0.148113 -0.362491 0.736437 -0.571192 0.776958 0.196321
0.600000 -0.000000 -0.112858 0.450681 0.847428 0.280628 0.776487 0.208267
0.583756 -0.000000 -0.145040 -0.042484 0.736433 -0.675175 0.780226 0.196860
0.578752 -0.000000 -0.145354 0.126757 0.736437 -0.664525 0.781858 0.196506
0.588680 -0.000000 -0.145979 -0.209050 0.736435 -0.643399 0.778558 0.196797
0.529226 -0.000000 -0.179182 -0.547225 0.714200 -0.436420 0.796472 0.182893
0.562658 -0.000000 -0.167507 0.671174 0.736435 0.084789 0.786049 0.188408
0.562658 -0.000000 -0.162493 0.671174 0.736435 -0.084788 0.786300 0.190059
0.517974 -0.000000 -0.157161 -0.715563 0.693118 0.086931 0.801278 0.189580
0.517501 -0.000000 -0.165386 -0.734611 0.632211 -0.246283 0.801022 0.186848
0.519484 -0.000000 -0.149062 -0.698821 0.693118 0.176742 0.801186 0.192322
0.563904 -0.000000 -0.157638 0.628996 0.736438 -0.249044 0.786132 0.191720
0.557500 -0.000000 -0.110000 -0.298326 0.909195 0.290458 0.790623 0.207083
0.573984 -0.000000 -0.146903 0.288043 0.736437 -0.612121 0.783350 0.195758
0.569752 -0.000000 -0.149590 0.431227 0.736436 -0.521253 0.784610 0.194662
0.522007 -0.000000 -0.141219 -0.670851 0.693115 0.263723 0.800747 0.195030
0.525501 -0.000000 -0.133758 -0.632101 0.693120 0.346459 0.799970 0.197662
0.566320 -0.000000 -0.153244 0.547309 0.736431 -0.397646 0.785557 0.193287
0.529910 -0.000000 -0.126799 -0.583203 0.693114 0.423636 0.798866 0.200173
0.541180 -0.000000 -0.114824 -0.458221 0.693118 0.556436 0.795754 0.204679
0.547859 -0.000000 -0.110000 -0.235384 0.643968 0.727942 0.793797 0.206601
0.535165 -0.000000 -0.120453 -0.524923 0.693118 0.494008 0.797453 0.202525
0.600000 0.000000 0.000000 0.577350 0.577350 0.577350 0.782130 0.245424
0.557500 0.000000 0.000000 -0.567386 0.585499 0.579021 0.796122 0.243299
0.600000 -0.000000 -0.112858 0.450681 0.847428 0.280628 0.174694 0.948017
0.600000 0.000000 0.000000 0.577350 0.577350 0.577350 0.137822 0.948426
0.600000 -0.340000 0.000000 0.301511 0.904534 0.301512 0.137822 0.835381
0.600000 -0.340000 -0.112858 0.665225 0.601080 0.442920 0.174694 0.834972
-0.323668 -0.340000 -0.152982 -0.209054 0.736436 0.643396 0.643147 0.015353
-0.332373 -0.340000 -0.227004 -0.449706 0.694753 -0.561322 0.619099 0.009211
-0.340684 -0.340000 -0.219547 -0.509478 0.694755 -0.507688 0.621927 0.006797
-0.319132 -0.340000 -0.150847 -0.362494 0.736436 0.571192 0.643651 0.016944
-0.310477 -0.340000 -0.138934 -0.655256 0.736433 0.168243 0.647201 0.020327
-0.067304 -0.340000 -0.236125 -0.664643 0.713219 0.222639 0.604384 0.096300
-0.312322 -0.340000 -0.143596 -0.592826 0.736437 0.325910 0.645744 0.019512
-0.060098 -0.340000 -0.216393 -0.651691 0.713219 0.258102 0.610579 0.099550
-0.051839 -0.340000 -0.197077 -0.636848 0.713220 0.292817 0.616590 0.103129
-0.328593 -0.340000 -0.153921 -0.042476 0.736437 0.675172 0.643054 0.013686
-0.354563 -0.340000 -0.202097 -0.609306 0.694755 -0.382180 0.628299 0.002987
-0.359958 -0.340000 -0.192322 -0.648112 0.694756 -0.311875 0.631764 0.001637
-0.348111 -0.340000 -0.211210 -0.562902 0.694753 -0.447727 0.625006 0.004714
0.580724 -0.340000 0.112886 -0.493155 0.736436 0.463099 0.690970 0.325605
0.613627 -0.340000 0.099725 0.681503 0.680084 -0.270258 0.685173 0.335884
0.607018 -0.340000 0.087703 0.593418 0.680083 -0.430514 0.681496 0.333172
0.575896 -0.340000 0.108892 -0.362488 0.736437 0.571194 0.689864 0.323835
0.597641 -0.340000 0.077690 0.416822 0.908741 0.021202 0.678605 0.329634
-0.309849 -0.340000 -0.133961 -0.676505 0.736438 0.000000 0.648815 0.020754
0.584408 -0.340000 0.117956 -0.592830 0.736435 0.325907 0.692480 0.327044
0.617054 -0.340000 0.113009 0.727185 0.680086 -0.093196 0.689406 0.337601
-0.042553 -0.340000 -0.178234 -0.620159 0.713219 0.326684 0.622399 0.107026
-0.333596 -0.340000 -0.153606 0.126766 0.736434 0.664526 0.643379 0.012048
0.570225 -0.340000 0.106224 -0.209052 0.736433 0.643400 0.689234 0.321845
-0.310477 -0.340000 -0.128987 -0.655256 0.736433 -0.168242 0.650484 0.020766
-0.029037 -0.340000 -0.145794 -0.632411 0.737935 0.235600 0.632510 0.112919
-0.229959 -0.340000 -0.693214 -0.577519 0.702366 -0.416118 0.460694 0.022430
-0.025573 -0.340000 -0.581721 -0.603762 0.723005 -0.335761 0.488471 0.094815
-0.215416 -0.340000 -0.712521 -0.559358 0.702365 -0.440230 0.453680 0.026378
-0.028797 -0.340000 -0.574840 -0.643965 0.723849 -0.247694 0.490884 0.094054
0.586715 -0.340000 0.123783 -0.655255 0.736435 0.168239 0.694302 0.328063
0.617087 -0.340000 0.126727 0.727632 0.680082 0.089669 0.693932 0.338218
-0.364231 -0.340000 -0.182006 -0.678841 0.694754 -0.237680 0.635358 0.000683
0.564070 -0.340000 0.105049 -0.042480 0.736437 0.675171 0.689118 0.319762
-0.338364 -0.340000 -0.152057 0.288043 0.736436 0.612122 0.644101 0.010543
0.587500 -0.340000 0.130000 -0.676508 0.736435 0.000000 0.696319 0.328597
0.613724 -0.340000 0.140027 0.682801 0.680084 0.266961 0.698471 0.337695
-0.312322 -0.340000 -0.124326 -0.592827 0.736437 -0.325910 0.652104 0.020363
0.000000 -0.340000 0.000000 -0.301511 0.904535 0.301510 0.679350 0.128941
-0.022234 -0.340000 -0.133001 -0.548922 0.737894 0.392680 0.636432 0.115730
0.557816 -0.340000 0.105443 0.126769 0.736436 0.664524 0.689524 0.317715
0.600000 -0.340000 0.000000 0.301511 0.904534 0.301512 0.652858 0.326983
0.472500 -0.340000 0.000000 -0.275205 0.236691 0.931794 0.658488 0.284899
-0.315269 -0.340000 -0.120270 -0.493155 0.736434 -0.463103 0.653573 0.019569
0.586715 -0.340000 0.136217 -0.655256 0.736434 -0.168237 0.698406 0.328612
0.607174 -0.340000 0.152081 0.595493 0.680085 0.427637 0.702739 0.336066
0.551856 -0.340000 0.107379 0.288042 0.736432 0.612127 0.690427 0.315833
-0.367326 -0.340000 -0.171278 -0.701107 0.694754 -0.160518 0.639035 0.000135
-0.342597 -0.340000 -0.149371 0.431221 0.736434 0.521261 0.645174 0.009264
0.584408 -0.340000 0.142044 -0.592829 0.736437 -0.325906 0.700431 0.328108
0.546564 -0.340000 0.110737 0.431218 0.736438 0.521259 0.691768 0.314235
0.597845 -0.340000 0.162140 0.471139 0.680084 0.561706 0.706471 0.333431
0.580724 -0.340000 0.147114 -0.493153 0.736436 -0.463102 0.702267 0.327116
-0.243670 -0.340000 -0.673308 -0.594641 0.702365 -0.391261 0.467870 0.018783
-0.042553 -0.340000 -0.541766 -0.620158 0.713219 -0.326685 0.502408 0.090974
-0.031042 -0.340000 -0.567581 -0.671268 0.723966 -0.158973 0.493379 0.093634
0.542275 -0.340000 0.115305 0.547307 0.736434 0.397643 0.693466 0.313021
-0.369207 -0.340000 -0.160272 -0.714633 0.694753 -0.081352 0.642751 -0.000000
-0.346029 -0.340000 -0.145716 0.547305 0.736440 0.397634 0.646532 0.008293
0.586317 -0.340000 0.169576 0.317469 0.680083 0.660833 0.709434 0.329954
0.575896 -0.340000 0.151108 -0.362487 0.736437 -0.571196 0.703799 0.325699
-0.369848 -0.340000 -0.149125 -0.719244 0.694756 -0.001178 0.646459 0.000280
0.570225 -0.340000 0.153776 -0.209054 0.736433 -0.643400 0.704930 0.323945
-0.348444 -0.340000 -0.141323 0.629008 0.736428 0.249044 0.648089 0.007690
0.625521 -0.340000 -0.619267 0.528567 0.737116 -0.421043 0.447330 0.308063
0.713489 -0.340000 -0.665859 0.600660 0.702366 -0.381954 0.428067 0.335042
0.700090 -0.340000 -0.685976 0.583928 0.702364 -0.407078 0.422019 0.329731
-0.369243 -0.340000 -0.137976 -0.714895 0.694754 0.079007 0.650112 0.000972
-0.349691 -0.340000 -0.136467 0.671167 0.736440 0.084800 0.649747 0.007493
-0.349691 -0.340000 -0.131454 0.671168 0.736439 -0.084799 0.651401 0.007714
0.573307 -0.340000 0.173928 0.144048 0.680085 0.718843 0.711445 0.325852
0.615328 -0.340000 -0.629128 0.403314 0.737147 -0.542173 0.444525 0.304264
0.564070 -0.340000 0.154951 -0.042482 0.736437 -0.675171 0.705589 0.321965
-0.367399 -0.340000 -0.126963 -0.701630 0.694754 0.158215 0.653665 0.002067
-0.348444 -0.340000 -0.126598 0.629010 0.736427 -0.249042 0.652949 0.008340
-0.364339 -0.340000 -0.116225 -0.680240 0.700875 0.214585 0.657075 0.003552
-0.346029 -0.340000 -0.122205 0.547302 0.736443 -0.397634 0.654292 0.009331
-0.342597 -0.340000 -0.118550 0.431218 0.736433 -0.521266 0.655347 0.010625
-0.338364 -0.340000 -0.115864 0.288042 0.736436 -0.612123 0.656047 0.012141
-0.333596 -0.340000 -0.114315 0.126766 0.736435 -0.664526 0.656348 0.013783
-0.282500 -0.340000 0.120000 -0.465270 0.596945 0.653591 0.731432 0.040994
0.685849 -0.340000 -0.705507 0.566141 0.702365 -0.431470 0.416201 0.324168
-0.256525 -0.340000 -0.652838 -0.610696 0.702364 -0.365697 0.475194 0.015444
-0.051839 -0.340000 -0.522923 -0.636848 0.713220 -0.292818 0.509038 0.088741
-0.328593 -0.340000 -0.114000 -0.042477 0.736436 -0.675173 0.656231 0.015449
0.632852 -0.340000 -0.607127 0.618686 0.737085 -0.271905 0.451013 0.311020
-0.323668 -0.340000 -0.114939 -0.209054 0.736436 -0.643396 0.655703 0.017033
-0.319132 -0.340000 -0.117074 -0.362495 0.736436 -0.571192 0.654798 0.018436
0.726024 -0.340000 -0.645191 0.616314 0.702365 -0.356147 0.434335 0.340092
-0.012500 -0.340000 0.120000 -0.302139 0.888866 0.344426 0.719511 0.130113
0.559624 -0.340000 0.174925 -0.038332 0.680084 0.732132 0.712378 0.321380
0.557816 -0.340000 0.154557 0.126765 0.736435 -0.664525 0.705735 0.319883
0.509465 -0.340000 0.134568 -0.681615 0.693310 0.233926 0.701272 0.303041
0.602953 -0.340000 -0.636056 0.251254 0.737182 -0.627244 0.442785 0.299873
0.539256 -0.340000 0.120797 0.628999 0.736438 0.249036 0.695412 0.312266
0.537697 -0.340000 0.126867 0.671176 0.736434 0.084785 0.697484 0.312020
0.537697 -0.340000 0.133133 0.671176 0.736434 -0.084784 0.699552 0.312297
0.546121 -0.340000 0.172505 -0.218333 0.680083 0.699870 0.712176 0.316816
0.551856 -0.340000 0.152621 0.288044 0.736437 -0.612120 0.705359 0.317831
0.514720 -0.340000 0.147241 -0.636898 0.680085 0.363106 0.705223 0.305336
0.670793 -0.340000 -0.724417 0.547340 0.702365 -0.455084 0.410624 0.318364
0.654949 -0.340000 -0.742671 0.527554 0.702365 -0.477881 0.405298 0.312328
0.539256 -0.340000 0.139203 0.629000 0.736438 -0.249035 0.701487 0.313079
0.533636 -0.340000 0.166818 -0.384745 0.680085 0.624064 0.710850 0.312444
0.546564 -0.340000 0.149263 0.431224 0.736433 -0.521260 0.704485 0.315936
0.542275 -0.340000 0.144695 0.547303 0.736436 -0.397645 0.703166 0.314318
0.636837 -0.340000 -0.593517 0.667673 0.737059 -0.104670 0.455329 0.312936
0.737671 -0.340000 -0.624011 0.630859 0.702366 -0.329696 0.440812 0.344872
0.748410 -0.340000 -0.602356 0.644268 0.702366 -0.302656 0.447485 0.349372
0.522948 -0.340000 0.158218 -0.527222 0.680083 0.509435 0.708483 0.308536
0.589218 -0.340000 -0.639588 0.082510 0.737213 -0.670603 0.442225 0.295184
-0.268501 -0.340000 -0.631842 -0.625650 0.702366 -0.339476 0.482653 0.012418
0.638345 -0.340000 -0.760237 0.506819 0.702366 -0.499816 0.400233 0.306072
-0.279576 -0.340000 -0.610357 -0.639481 0.702365 -0.312647 0.490234 0.009712
-0.060098 -0.340000 -0.503607 -0.651692 0.713219 -0.258102 0.515778 0.086868
0.637208 -0.340000 -0.579340 0.672097 0.737174 0.069712 0.459992 0.313684
-0.289730 -0.340000 -0.588421 -0.652161 0.702365 -0.285253 0.497923 0.007329
-0.067304 -0.340000 -0.483875 -0.664643 0.713219 -0.222639 0.522609 0.085361
0.575037 -0.340000 -0.639491 -0.091701 0.737253 -0.669364 0.442883 0.290507
0.621011 -0.340000 -0.777084 0.485175 0.702365 -0.520854 0.395438 0.299607
-0.298944 -0.340000 -0.566075 -0.663668 0.702366 -0.257347 0.505705 0.005274
-0.307203 -0.340000 -0.543359 -0.673982 0.702366 -0.228979 0.513568 0.003551
-0.073438 -0.340000 -0.463783 -0.675666 0.713220 -0.186528 0.529512 0.084223
0.472500 -0.340000 -0.720000 0.244567 0.815708 -0.524221 0.420837 0.253108
0.561351 -0.340000 -0.635771 -0.259798 0.737291 -0.623624 0.444715 0.286154
-0.314492 -0.340000 -0.520312 -0.683085 0.702364 -0.200197 0.521497 0.002163
-0.078480 -0.340000 -0.443390 -0.684731 0.713219 -0.149874 0.536466 0.083459
0.297229 -0.340000 -0.926313 0.080833 0.702365 -0.707213 0.360478 0.186147
0.273161 -0.340000 -0.928548 0.050777 0.702366 -0.710002 0.360803 0.178104
0.321181 -0.340000 -0.923059 0.110746 0.702365 -0.703149 0.360495 0.194197
0.344973 -0.340000 -0.918793 0.140456 0.702366 -0.697821 0.360852 0.202238
0.368563 -0.340000 -0.913522 0.169916 0.702364 -0.691240 0.361550 0.210257
0.391908 -0.340000 -0.907256 0.199068 0.702367 -0.683413 0.362588 0.218239
0.414966 -0.340000 -0.900006 0.227864 0.702364 -0.674361 0.363963 0.226170
0.437697 -0.340000 -0.891784 0.256250 0.702366 -0.664092 0.365673 0.234036
0.460058 -0.340000 -0.882606 0.284174 0.702365 -0.652632 0.367715 0.241822
0.482010 -0.340000 -0.872489 0.311587 0.702366 -0.639997 0.370085 0.249514
0.503514 -0.340000 -0.861450 0.338440 0.702365 -0.626212 0.372779 0.257099
0.524530 -0.340000 -0.849509 0.364688 0.702365 -0.611299 0.375793 0.264563
0.545021 -0.340000 -0.836688 0.390277 0.702366 -0.595287 0.379120 0.271893
0.564949 -0.340000 -0.823009 0.415163 0.702366 -0.578206 0.382755 0.279075
0.584280 -0.340000 -0.808498 0.439302 0.702366 -0.560086 0.386691 0.286096
0.602979 -0.340000 -0.793181 0.462654 0.702365 -0.540957 0.390921 0.292944
0.644682 -0.340000 -0.547114 0.614913 0.713313 -0.336253 0.470299 0.317574
0.633942 -0.340000 -0.565539 0.766243 0.632359 -0.113991 0.464692 0.313215
0.758222 -0.340000 -0.580265 0.656521 0.702365 -0.275070 0.454344 0.353586
0.654398 -0.340000 -0.528130 0.632376 0.713313 -0.302135 0.476136 0.321619
-0.320797 -0.340000 -0.496977 -0.690956 0.702367 -0.171057 0.529477 0.001112
0.767088 -0.340000 -0.557779 0.667595 0.702364 -0.246985 0.461375 0.357505
0.249020 -0.340000 -0.929761 0.020633 0.702365 -0.711518 0.361469 0.170083
0.549072 -0.340000 -0.628676 0.140575 0.587043 -0.797257 0.447600 0.282415
-0.326107 -0.340000 -0.473396 -0.697589 0.702365 -0.141610 0.537495 0.000401
-0.082418 -0.340000 -0.422755 -0.691808 0.713219 -0.112790 0.543450 0.083071
0.663063 -0.340000 -0.508642 0.647946 0.713313 -0.267116 0.482186 0.325339
0.774992 -0.340000 -0.534936 0.677465 0.702366 -0.218457 0.468565 0.361123
0.670649 -0.340000 -0.488711 0.661578 0.713313 -0.231299 0.488430 0.328723
0.781921 -0.340000 -0.511779 0.686117 0.702366 -0.189542 0.475903 0.364432
0.677134 -0.340000 -0.468394 0.673232 0.713313 -0.194789 0.494849 0.331761
-0.330412 -0.340000 -0.449611 -0.702965 0.702366 -0.111906 0.545536 0.000030
-0.085239 -0.340000 -0.401938 -0.696876 0.713220 -0.075375 0.550446 0.083059
0.787862 -0.340000 -0.488349 0.693536 0.702365 -0.160284 0.483374 0.367428
0.682499 -0.340000 -0.447754 0.682873 0.713313 -0.157696 0.501425 0.334443
0.792804 -0.340000 -0.464688 0.699708 0.702366 -0.130736 0.490965 0.370104
-0.032265 -0.340000 -0.159919 -0.687276 0.676276 0.265146 0.627990 0.111230
0.686728 -0.340000 -0.426851 0.690474 0.713312 -0.120135 0.508138 0.336762
0.796739 -0.340000 -0.440839 0.704622 0.702365 -0.100951 0.498664 0.372456
0.689808 -0.340000 -0.405748 0.696005 0.713315 -0.082211 0.514968 0.338710
0.799658 -0.340000 -0.416844 0.708268 0.702366 -0.070986 0.506454 0.374479
0.801559 -0.340000 -0.392748 0.710641 0.702366 -0.040897 0.514324 0.376170
-0.333705 -0.340000 -0.425665 -0.707078 0.702365 -0.082003 0.553585 -0.000000
0.691729 -0.340000 -0.384508 0.699461 0.713313 -0.044039 0.521893 0.340282
0.802435 -0.340000 -0.368592 0.711736 0.702365 -0.010732 0.522259 0.377526
-0.335980 -0.340000 -0.401601 -0.709918 0.702366 -0.051952 0.561628 0.000312
-0.086934 -0.340000 -0.381000 -0.699925 0.713219 -0.037742 0.557432 0.083424
0.692487 -0.340000 -0.363195 0.700822 0.713313 -0.005740 0.528895 0.341474
0.802287 -0.340000 -0.344421 0.711551 0.702365 0.019455 0.530243 0.378544
-0.337233 -0.340000 -0.377462 -0.711483 0.702365 -0.021806 0.569651 0.000964
-0.087500 -0.340000 -0.360000 -0.700941 0.713220 0.000000 0.564388 0.084164
0.692078 -0.340000 -0.341872 0.700089 0.713312 0.032574 0.535951 0.342280
0.801114 -0.340000 -0.320278 0.710086 0.702365 0.049606 0.538264 0.379223
-0.337460 -0.340000 -0.353292 -0.711767 0.702366 0.008378 0.577639 0.001956
-0.086934 -0.340000 -0.339000 -0.699925 0.713218 0.037742 0.571295 0.085278
0.690505 -0.340000 -0.320604 0.697260 0.713314 0.070793 0.543040 0.342700
0.798919 -0.340000 -0.296207 0.707344 0.702366 0.079666 0.546306 0.379561
0.000000 -0.340000 -0.114813 -0.690632 0.612153 0.385092 0.641454 0.123871
-0.012325 -0.340000 -0.122430 -0.427304 0.737931 0.522369 0.639484 0.119467
-0.336664 -0.340000 -0.329133 -0.710772 0.702365 0.038546 0.585578 0.003286
0.687772 -0.340000 -0.299453 0.692347 0.713314 0.108806 0.550142 0.342732
0.795705 -0.340000 -0.272250 0.703331 0.702365 0.109582 0.554355 0.379558
-0.334843 -0.340000 -0.305030 -0.708499 0.702365 0.068646 0.593453 0.004951
-0.085239 -0.340000 -0.318062 -0.696876 0.713220 0.075375 0.578131 0.086762
0.683886 -0.340000 -0.278484 0.685365 0.713313 0.146490 0.557235 0.342375
0.791478 -0.340000 -0.248451 0.698053 0.702366 0.139302 0.562397 0.379214
0.678860 -0.340000 -0.257758 0.676334 0.713312 0.183732 0.564298 0.341631
0.786247 -0.340000 -0.224852 0.691520 0.702365 0.168773 0.570418 0.378529
-0.332003 -0.340000 -0.281026 -0.704951 0.702365 0.098623 0.601251 0.006948
-0.082418 -0.340000 -0.297245 -0.691807 0.713219 0.112789 0.584878 0.088613
0.060724 -0.340000 0.112886 -0.493155 0.736435 0.463100 0.713929 0.153968
0.095536 -0.340000 0.134568 0.681507 0.692709 0.236013 0.719549 0.166416
0.132500 -0.340000 0.000000 0.275205 0.236693 0.931793 0.673500 0.172675
0.055896 -0.340000 0.108892 -0.362490 0.736437 0.571194 0.712824 0.152198
0.672708 -0.340000 -0.237338 0.665278 0.713314 0.220429 0.571310 0.340502
0.780019 -0.340000 -0.201497 0.683741 0.702366 0.197940 0.578402 0.377505
0.064408 -0.340000 0.117956 -0.592829 0.736435 0.325910 0.715440 0.155408
0.050225 -0.340000 0.106224 -0.209053 0.736434 0.643399 0.712194 0.150209
0.665450 -0.340000 -0.217285 0.652234 0.713313 0.256467 0.578249 0.338992
0.772806 -0.340000 -0.178426 0.674735 0.702366 0.226749 0.586335 0.376143
0.066715 -0.340000 0.123783 -0.655254 0.736436 0.168240 0.717262 0.156427
0.764623 -0.340000 -0.155682 0.664515 0.702366 0.255151 0.594203 0.374446
0.044070 -0.340000 0.105049 -0.042480 0.736437 0.675171 0.712078 0.148125
0.657106 -0.340000 -0.197658 0.637241 0.713313 0.291734 0.585096 0.337104
0.755482 -0.340000 -0.133306 0.653101 0.702365 0.283095 0.601993 0.372417
0.067500 -0.340000 0.130000 -0.676508 0.736435 0.000000 0.719279 0.156960
0.037816 -0.340000 0.105443 0.126769 0.736437 0.664523 0.712484 0.146078
0.066715 -0.340000 0.136217 -0.655255 0.736435 -0.168239 0.721366 0.156976
0.089974 -0.340000 0.147771 0.633730 0.678933 0.370723 0.724153 0.165163
0.647701 -0.340000 -0.178517 0.620341 0.713313 0.326131 0.591829 0.334845
0.745401 -0.340000 -0.111337 0.640511 0.702365 0.310530 0.609689 0.370059
-0.328147 -0.340000 -0.257165 -0.700136 0.702366 0.128421 0.608957 0.009275
0.031856 -0.340000 0.107379 0.288043 0.736432 0.612126 0.713386 0.144196
0.064408 -0.340000 0.142044 -0.592827 0.736437 -0.325910 0.723391 0.156472
0.635965 -0.340000 -0.152096 0.669459 0.724762 0.162928 0.601068 0.332138
0.081191 -0.340000 0.159090 0.516484 0.678934 0.521817 0.728276 0.162764
0.637265 -0.340000 -0.159919 0.700127 0.670267 0.246099 0.598428 0.332222
0.633554 -0.340000 -0.144541 0.640211 0.724628 0.255036 0.603668 0.331676
0.734397 -0.340000 -0.089816 0.626769 0.702365 0.337406 0.617279 0.367378
0.026564 -0.340000 0.110737 0.431219 0.736439 0.521257 0.714728 0.142598
0.060724 -0.340000 0.147114 -0.493152 0.736435 -0.463103 0.725227 0.155480
-0.323283 -0.340000 -0.233487 -0.486443 0.852561 -0.191085 0.616557 0.011925
0.630081 -0.340000 -0.137412 0.596869 0.723740 0.346336 0.606174 0.330844
0.722491 -0.340000 -0.068780 0.611901 0.702365 0.363677 0.624748 0.364376
-0.078480 -0.340000 -0.276610 -0.684731 0.713219 0.149874 0.591515 0.090823
-0.073438 -0.340000 -0.256217 -0.675666 0.713220 0.186528 0.598023 0.093388
0.625619 -0.340000 -0.130856 0.541121 0.723746 0.428228 0.608535 0.329661
0.709703 -0.340000 -0.048268 0.595931 0.702366 0.389293 0.632083 0.361061
0.620260 -0.340000 -0.125010 0.473703 0.723693 0.501871 0.610701 0.328150
0.069782 -0.340000 0.167757 0.364194 0.678933 0.637505 0.731641 0.159381
0.055896 -0.340000 0.151108 -0.362489 0.736436 -0.571195 0.726759 0.154062
0.614117 -0.340000 -0.119996 0.396794 0.723711 0.564621 0.612628 0.326344
0.696058 -0.340000 -0.028316 0.578891 0.702366 0.414206 0.639270 0.357438
0.607316 -0.340000 -0.115917 0.311359 0.723671 0.615919 0.614274 0.324280
0.002500 -0.340000 -0.720000 -0.301511 0.904534 -0.301511 0.441589 0.097975
-0.072563 -0.340000 -0.841494 -0.380964 0.702365 -0.601290 0.404802 0.067835
-0.092703 -0.340000 -0.828127 -0.406114 0.702366 -0.584597 0.410103 0.061778
-0.051875 -0.340000 -0.853995 -0.355128 0.702366 -0.616901 0.399763 0.074111
-0.030676 -0.340000 -0.865607 -0.328655 0.702365 -0.631403 0.394994 0.080596
-0.009003 -0.340000 -0.876310 -0.301589 0.702365 -0.644769 0.390504 0.087277
0.013104 -0.340000 -0.886085 -0.273982 0.702365 -0.656976 0.386302 0.094142
0.035605 -0.340000 -0.894913 -0.245882 0.702366 -0.668000 0.382394 0.101179
0.058461 -0.340000 -0.902780 -0.217341 0.702365 -0.677825 0.378788 0.108376
0.081629 -0.340000 -0.909671 -0.188408 0.702366 -0.686429 0.375491 0.115719
0.105069 -0.340000 -0.915573 -0.159136 0.702365 -0.693801 0.372508 0.123195
0.128738 -0.340000 -0.920476 -0.129576 0.702366 -0.699923 0.369844 0.130791
0.152594 -0.340000 -0.924371 -0.099787 0.702365 -0.704787 0.367505 0.138493
0.176593 -0.340000 -0.927252 -0.069818 0.702366 -0.708384 0.365495 0.146287
0.200693 -0.340000 -0.929112 -0.039722 0.702365 -0.710708 0.363817 0.154160
0.224850 -0.340000 -0.929949 -0.009553 0.702365 -0.711753 0.362474 0.162096
0.056523 -0.340000 0.173182 0.187190 0.678933 0.709937 0.734017 0.155244
0.050225 -0.340000 0.153776 -0.209055 0.736433 -0.643399 0.727890 0.152308
0.044070 -0.340000 0.154951 -0.042482 0.736437 -0.675171 0.728549 0.150328
-0.112257 -0.340000 -0.813919 -0.430532 0.702366 -0.566855 0.415656 0.055950
0.681579 -0.340000 -0.008961 0.560810 0.702365 0.438378 0.646298 0.353514
-0.131192 -0.340000 -0.798894 -0.454179 0.702365 -0.548092 0.421452 0.050364
-0.149472 -0.340000 -0.783080 -0.477009 0.702366 -0.528342 0.427479 0.045028
0.666292 -0.340000 0.009763 0.541720 0.702366 0.461759 0.653153 0.349295
0.650226 -0.340000 0.027821 0.521657 0.702365 0.484311 0.659823 0.344789
0.600000 -0.340000 -0.112858 0.665225 0.601080 0.442920 0.615607 0.322000
-0.167066 -0.340000 -0.766506 -0.498978 0.702366 -0.507645 0.433726 0.039953
-0.004371 -0.340000 -0.602989 -0.337511 0.722971 -0.602826 0.480514 0.100874
0.002500 -0.340000 -0.606235 -0.673123 0.604176 -0.426470 0.479140 0.102998
0.022275 -0.340000 0.115305 0.547310 0.736434 0.397639 0.716426 0.141384
0.019256 -0.340000 0.120797 0.629001 0.736434 0.249042 0.718372 0.140630
0.017697 -0.340000 0.126867 0.671172 0.736437 0.084792 0.720444 0.140384
0.633408 -0.340000 0.045183 0.500652 0.702365 0.505995 0.666296 0.340005
-0.010728 -0.340000 -0.598828 -0.417428 0.722996 -0.550482 0.482169 0.098959
0.042312 -0.340000 0.175000 -0.002515 0.678933 0.734196 0.735244 0.150633
0.037816 -0.340000 0.154557 0.126766 0.736436 -0.664525 0.728695 0.148247
-0.016451 -0.340000 -0.593830 -0.489216 0.722983 -0.487815 0.484071 0.097291
-0.183941 -0.340000 -0.749200 -0.520053 0.702365 -0.486033 0.440183 0.035147
-0.010634 -0.340000 0.134205 -0.709291 0.678934 0.189621 0.724117 0.131356
-0.021431 -0.340000 -0.588091 -0.551887 0.723009 -0.415547 0.486185 0.095900
0.017697 -0.340000 0.133133 0.671172 0.736437 -0.084792 0.722512 0.140660
0.615869 -0.340000 0.061816 0.478751 0.702367 0.526763 0.672561 0.334950
0.028113 -0.340000 0.173085 -0.192048 0.678933 0.708637 0.735239 0.145862
0.031856 -0.340000 0.152621 0.288046 0.736437 -0.612120 0.728319 0.146194
-0.200068 -0.340000 -0.731194 -0.540190 0.702366 -0.463547 0.446839 0.030619
-0.005163 -0.340000 0.147446 -0.636255 0.678933 0.366373 0.728246 0.133747
0.019256 -0.340000 0.139203 0.629002 0.736434 -0.249041 0.724447 0.141443
0.014891 -0.340000 0.167569 -0.368552 0.678933 0.634996 0.734002 0.141255
0.026564 -0.340000 0.149263 0.431225 0.736434 -0.521258 0.727445 0.144299
0.022275 -0.340000 0.144695 0.547306 0.736436 -0.397641 0.726126 0.142682
0.003543 -0.340000 0.158824 -0.520048 0.678933 0.518267 0.731617 0.137123
-0.032265 -0.340000 -0.560081 -0.700737 0.669926 -0.245289 0.495909 0.093561
-0.315269 -0.340000 -0.147652 -0.493154 0.736434 0.463103 0.644535 0.018360
0.663063 -0.150000 -0.508642 0.659328 0.701005 -0.271808 0.424408 0.780176
0.663063 -0.340000 -0.508642 0.647946 0.713313 -0.267116 0.361239 0.779559
0.654398 -0.340000 -0.528130 0.632376 0.713313 -0.302135 0.361066 0.773749
0.654398 -0.150000 -0.528130 0.643485 0.701004 -0.307442 0.424235 0.774366
0.644682 -0.340000 -0.547114 0.614913 0.713313 -0.336253 0.360873 0.768171
0.644682 -0.150000 -0.547114 0.625716 0.701004 -0.342160 0.424042 0.768788
0.647701 -0.340000 -0.178517 0.620341 0.713313 0.326131 0.361091 0.888408
0.647701 -0.150000 -0.178517 0.631238 0.701004 0.331861 0.424260 0.889025
0.657106 -0.150000 -0.197658 0.648434 0.701005 0.296859 0.424430 0.882166
0.665450 -0.150000 -0.217285 0.663691 0.701005 0.260972 0.424580 0.875217
0.657106 -0.340000 -0.197658 0.637241 0.713313 0.291734 0.361261 0.881549
0.665450 -0.340000 -0.217285 0.652234 0.713313 0.256467 0.361411 0.874600
0.672708 -0.150000 -0.237338 0.676966 0.701003 0.224301 0.424709 0.868198
0.672708 -0.340000 -0.237338 0.665278 0.713314 0.220429 0.361540 0.867581
0.678860 -0.150000 -0.257758 0.688214 0.701005 0.186960 0.424817 0.861131
0.678860 -0.340000 -0.257758 0.676334 0.713312 0.183732 0.361648 0.860514
0.683886 -0.150000 -0.278484 0.697404 0.701005 0.149063 0.424903 0.854036
0.683886 -0.340000 -0.278484 0.685365 0.713313 0.146490 0.361734 0.853419
0.687772 -0.150000 -0.299453 0.704511 0.701003 0.110717 0.424968 0.846935
0.687772 -0.340000 -0.299453 0.692347 0.713314 0.108806 0.361799 0.846318
0.690505 -0.150000 -0.320604 0.709510 0.701004 0.072036 0.425011 0.839849
0.690505 -0.340000 -0.320604 0.697260 0.713314 0.070793 0.361842 0.839232
0.692078 -0.150000 -0.341872 0.712385 0.701005 0.033146 0.425031 0.832798
0.692078 -0.340000 -0.341872 0.700089 0.713312 0.032574 0.361863 0.832182
0.692487 -0.150000 -0.363195 0.713133 0.701004 -0.005841 0.425030 0.825805
0.692487 -0.340000 -0.363195 0.700822 0.713313 -0.005740 0.361861 0.825189
0.691729 -0.150000 -0.384508 0.711747 0.701005 -0.044812 0.425006 0.818891
0.691729 -0.340000 -0.384508 0.699461 0.713313 -0.044039 0.361837 0.818274
0.689808 -0.150000 -0.405748 0.708235 0.701003 -0.083655 0.424961 0.812075
0.689808 -0.340000 -0.405748 0.696005 0.713315 -0.082211 0.361792 0.811458
0.686728 -0.150000 -0.426851 0.702600 0.701006 -0.122245 0.424893 0.805378
0.686728 -0.340000 -0.426851 0.690474 0.713312 -0.120135 0.361724 0.804761
0.682499 -0.340000 -0.447754 0.682873 0.713313 -0.157696 0.361635 0.798203
0.682499 -0.150000 -0.447754 0.694870 0.701004 -0.160466 0.424804 0.798820
0.677134 -0.340000 -0.468394 0.673232 0.713313 -0.194789 0.361524 0.791804
0.677134 -0.150000 -0.468394 0.685059 0.701004 -0.198211 0.424693 0.792421
0.670649 -0.340000 -0.488711 0.661578 0.713313 -0.231299 0.361392 0.785583
0.670649 -0.150000 -0.488711 0.673200 0.701004 -0.235363 0.424561 0.786200
0.631647 -0.150000 -0.316329 -0.162946 0.737213 0.655717 0.729509 0.712883
0.620816 -0.150000 -0.320569 -0.660575 0.248358 0.708490 0.733035 0.711279
0.614548 -0.150000 -0.285800 -0.675437 0.719715 -0.160609 0.735739 0.722729
0.643202 -0.150000 -0.315006 0.010562 0.737239 0.675550 0.725690 0.713529
0.691729 -0.150000 -0.384508 0.711747 0.701005 -0.044812 0.708314 0.691282
0.685997 -0.150000 -0.371534 0.652929 0.737371 -0.173112 0.710451 0.695494
0.692487 -0.150000 -0.363195 0.713133 0.701004 -0.005841 0.708442 0.698383
0.687500 -0.150000 -0.360000 0.675471 0.737387 0.000000 0.710157 0.699356
0.685997 -0.150000 -0.348466 0.652929 0.737371 0.173113 0.710862 0.703165
0.581548 -0.150000 -0.530008 -0.012185 0.722784 0.690966 0.742358 0.640934
0.574087 -0.150000 -0.530647 -0.340120 0.163355 0.926085 0.744828 0.640588
0.585803 -0.150000 -0.510397 -0.617135 0.715409 0.327618 0.741293 0.647531
0.589028 -0.150000 -0.530389 0.082306 0.722803 0.686136 0.739864 0.640941
0.681588 -0.150000 -0.337703 0.586770 0.737346 0.334696 0.712520 0.706665
0.692078 -0.150000 -0.341872 0.712385 0.701005 0.033146 0.708958 0.705466
0.596386 -0.150000 -0.531782 0.174165 0.722808 0.668741 0.737392 0.640609
0.603487 -0.150000 -0.534162 0.264026 0.722836 0.638591 0.734988 0.639944
0.626805 -0.150000 -0.552410 0.556898 0.722924 0.408958 0.726909 0.634291
0.621967 -0.150000 -0.546694 0.495489 0.722881 0.481594 0.728620 0.636106
0.644682 -0.150000 -0.547114 0.625716 0.701004 -0.342160 0.721059 0.636371
0.630821 -0.150000 -0.558731 0.606753 0.722931 0.330488 0.725461 0.632261
0.633942 -0.150000 -0.565539 0.981397 0.160436 0.105449 0.724302 0.630053
0.674567 -0.150000 -0.328430 0.481411 0.737314 0.473932 0.715020 0.709624
0.665404 -0.150000 -0.321265 0.343874 0.737292 0.581508 0.718195 0.711843
0.690505 -0.150000 -0.320604 0.709510 0.701004 0.072036 0.709860 0.712510
0.610199 -0.150000 -0.537484 0.347662 0.722842 0.597186 0.732697 0.638959
0.596012 -0.150000 -0.489346 -0.639376 0.715409 0.281760 0.738273 0.654713
0.616397 -0.150000 -0.541687 0.426224 0.722874 0.543863 0.730561 0.637672
0.654398 -0.150000 -0.528130 0.643485 0.701004 -0.307442 0.718166 0.642857
0.687772 -0.150000 -0.299453 0.704511 0.701003 0.110717 0.711146 0.719495
0.654711 -0.150000 -0.316689 0.183349 0.737264 0.650250 0.721832 0.713174
0.604495 -0.150000 -0.251931 -0.653676 0.719715 -0.233918 0.739686 0.733813
0.590778 -0.150000 -0.219374 -0.103997 0.265611 -0.958455 0.744828 0.744395
0.604076 -0.150000 -0.215591 0.265317 0.736522 -0.622207 0.740473 0.745889
0.604660 -0.150000 -0.467606 -0.658214 0.715408 0.234406 0.735785 0.662097
0.663063 -0.150000 -0.508642 0.659328 0.701005 -0.271808 0.715633 0.649492
0.683886 -0.150000 -0.278484 0.697404 0.701005 0.149063 0.712812 0.726399
0.616011 -0.150000 -0.208612 0.412101 0.736386 -0.536571 0.736629 0.748423
0.678860 -0.150000 -0.257758 0.688214 0.701005 0.186960 0.714853 0.733201
0.670649 -0.150000 -0.488711 0.673200 0.701004 -0.235363 0.713465 0.656255
0.677134 -0.150000 -0.468394 0.685059 0.701004 -0.198211 0.711671 0.663127
0.611700 -0.150000 -0.445295 -0.673548 0.715409 0.185803 0.733842 0.669641
0.672708 -0.150000 -0.237338 0.676966 0.701003 0.224301 0.717263 0.739882
0.665450 -0.150000 -0.217285 0.663691 0.701005 0.260972 0.720034 0.746421
0.617095 -0.150000 -0.422529 -0.685301 0.715408 0.136211 0.732454 0.677308
0.620816 -0.150000 -0.399431 -0.659187 0.244150 -0.711240 0.731628 0.685055
0.631647 -0.150000 -0.403672 -0.162945 0.737214 -0.655717 0.727951 0.683838
0.625828 -0.150000 -0.198878 0.533073 0.736185 -0.416971 0.733538 0.751835
0.682499 -0.150000 -0.447754 0.694870 0.701004 -0.160466 0.710255 0.670086
0.632908 -0.150000 -0.187002 0.620395 0.736013 -0.270913 0.731395 0.755910
0.657106 -0.150000 -0.197658 0.648434 0.701005 0.296859 0.723159 0.752798
0.643202 -0.150000 -0.404995 0.010562 0.737238 -0.675551 0.724085 0.683604
0.636802 -0.150000 -0.173736 0.668513 0.735869 -0.107642 0.730337 0.760391
0.647701 -0.150000 -0.178517 0.631238 0.701004 0.331861 0.726627 0.758996
0.654711 -0.150000 -0.403312 0.183350 0.737264 -0.650249 0.720288 0.684369
0.637265 -0.150000 -0.159919 0.965703 0.088188 0.244213 0.730429 0.764994
0.686728 -0.150000 -0.426851 0.702600 0.701006 -0.122245 0.709222 0.677113
0.665404 -0.150000 -0.398735 0.343875 0.737291 -0.581508 0.716814 0.686082
0.689808 -0.150000 -0.405748 0.708235 0.701003 -0.083655 0.708574 0.684185
0.674567 -0.150000 -0.391571 0.481410 0.737314 -0.473933 0.713895 0.688628
0.681588 -0.150000 -0.382297 0.586769 0.737347 -0.334696 0.711725 0.691836
0.549072 -0.340000 -0.628676 0.140575 0.587043 -0.797257 0.801278 0.183315
0.472500 -0.340000 -0.720000 0.244567 0.815708 -0.524221 0.803169 0.150397
0.472500 -0.000000 -0.720000 0.330653 0.623179 -0.708743 0.916088 0.151351
0.549072 -0.000000 -0.628676 0.082102 0.883192 -0.461769 0.914197 0.184269
0.132500 -0.340000 0.000000 0.275205 0.236693 0.931793 0.917764 0.330309
0.095536 -0.350000 0.134568 0.954701 -0.020496 0.296860 0.921089 0.283947
0.132500 -0.350000 0.000000 0.297091 -0.871704 0.389704 0.921089 0.330296
0.095536 -0.340000 0.134568 0.681507 0.692709 0.236013 0.917764 0.283961
0.472500 -0.340000 0.000000 -0.275205 0.236691 0.931794 0.799396 0.665613
0.132500 -0.350000 0.000000 0.297091 -0.871704 0.389704 0.796075 0.777871
0.472500 -0.350000 0.000000 -0.297090 -0.871705 0.389702 0.796075 0.665582
0.132500 -0.340000 0.000000 0.275205 0.236693 0.931793 0.799396 0.777903
0.006131 -0.470000 0.078741 -0.485175 -0.679459 -0.550400 0.981142 0.200907
-0.003135 -0.470000 0.089301 0.055568 -0.957278 -0.283780 0.985420 0.201017
-0.003135 -0.350000 0.089301 0.159860 -0.554924 -0.816397 0.985420 0.240910
0.006131 -0.350000 0.078741 -0.446929 -0.737015 -0.507013 0.981142 0.240800
0.017770 -0.350000 0.070873 -0.303899 -0.737017 -0.603699 0.977483 0.240631
0.017770 -0.470000 0.070873 -0.329906 -0.679458 -0.655362 0.279363 0.945743
0.017770 -0.350000 0.070873 -0.303899 -0.737017 -0.603699 0.279363 0.985598
0.031023 -0.350000 0.066211 -0.141037 -0.737016 -0.660996 0.275553 0.985796
0.017770 -0.470000 0.070873 -0.329906 -0.679458 -0.655362 0.977483 0.200737
0.031023 -0.470000 0.066211 -0.153107 -0.679458 -0.717562 0.275553 0.945941
0.045024 -0.350000 0.065058 0.031023 -0.737015 -0.675164 0.271180 0.985917
0.045024 -0.470000 0.065058 0.033678 -0.679459 -0.732940 0.271180 0.946062
0.058862 -0.350000 0.067490 0.201060 -0.737017 -0.645276 0.266528 0.985953
0.058862 -0.470000 0.067490 0.218267 -0.679458 -0.700498 0.266528 0.946098
0.071631 -0.350000 0.073348 0.357979 -0.737015 -0.573288 0.261901 0.985903
0.071631 -0.470000 0.073348 0.388613 -0.679459 -0.622347 0.261901 0.946047
0.082500 -0.350000 0.082250 0.491538 -0.737016 -0.463895 0.257602 0.985768
0.082500 -0.470000 0.082250 0.533601 -0.679458 -0.503593 0.257602 0.945913
0.090758 -0.350000 0.093616 0.593027 -0.737017 -0.324230 0.253910 0.985559
0.090758 -0.470000 0.093616 0.643778 -0.679458 -0.351977 0.961276 0.296853
0.090758 -0.350000 0.093616 0.593027 -0.737017 -0.324230 0.921379 0.297018
0.095868 -0.350000 0.106702 0.655824 -0.737016 -0.163410 0.921221 0.293072
0.090758 -0.470000 0.093616 0.643778 -0.679458 -0.351977 0.253910 0.945704
0.095868 -0.470000 0.106702 0.711946 -0.679458 -0.177394 0.961119 0.292908
0.097496 -0.350000 0.120657 0.675827 -0.737016 0.008071 0.921122 0.288619
0.097496 -0.470000 0.120657 0.733662 -0.679458 0.008761 0.961020 0.288454
0.095536 -0.470000 0.134568 0.707494 -0.679196 0.195310 0.960986 0.283783
0.509465 -0.350000 0.134568 -0.971666 -0.017200 0.235731 0.906464 0.370373
0.472500 -0.340000 0.000000 -0.275205 0.236691 0.931794 0.867383 0.375161
0.472500 -0.350000 0.000000 -0.297090 -0.871705 0.389702 0.867383 0.371837
0.509465 -0.340000 0.134568 -0.681615 0.693310 0.233926 0.906464 0.373698
-0.003135 -0.470000 0.089301 0.055568 -0.957278 -0.283780 -0.000000 0.988554
-0.058786 -0.470000 -0.071332 0.465270 -0.596945 -0.653591 -0.000000 0.939636
-0.058786 -0.350000 -0.071332 0.292637 -0.863350 -0.411084 0.039877 0.940944
-0.003135 -0.350000 0.089301 0.159860 -0.554924 -0.816397 0.039877 0.989862
0.507500 -0.470000 0.120055 -0.734756 -0.678331 0.000732 0.192855 0.946089
0.509465 -0.350000 0.134568 -0.971666 -0.017200 0.235731 0.197271 0.985862
0.507500 -0.350000 0.120055 -0.674429 -0.738340 0.000671 0.192855 0.985982
0.509465 -0.470000 0.134568 -0.997738 0.000000 0.067218 0.197271 0.945968
0.509436 -0.470000 0.105537 -0.708898 -0.678330 -0.193215 0.188049 0.946137
0.509436 -0.350000 0.105537 -0.650692 -0.738341 -0.177351 0.188049 0.986031
0.515134 -0.470000 0.092045 -0.632769 -0.678332 -0.373455 0.183194 0.946110
0.515134 -0.350000 0.092045 -0.580818 -0.738338 -0.342794 0.183194 0.986003
0.524191 -0.470000 0.080536 -0.511776 -0.678331 -0.527212 0.178634 0.946009
0.524191 -0.350000 0.080536 -0.469756 -0.738340 -0.483925 0.178634 0.985903
0.535965 -0.470000 0.071824 -0.354487 -0.678330 -0.643590 0.174694 0.945842
0.535965 -0.350000 0.071824 -0.325381 -0.738341 -0.590746 0.174694 0.985735
0.535965 -0.470000 0.071824 -0.354487 -0.678330 -0.643590 0.226878 0.945842
0.535965 -0.350000 0.071824 -0.325381 -0.738341 -0.590746 0.226878 0.985697
0.549620 -0.350000 0.066529 -0.157935 -0.738339 -0.655677 0.222998 0.985912
0.549620 -0.470000 0.066529 -0.172062 -0.678331 -0.714326 0.222998 0.946057
0.564189 -0.350000 0.065026 0.020710 -0.738340 -0.674110 0.218476 0.986045
0.564189 -0.470000 0.065026 0.022563 -0.678330 -0.734411 0.218476 0.946190
0.578638 -0.350000 0.067421 -0.207801 -0.623684 -0.753550 0.213632 0.986087
0.578638 -0.470000 0.067421 -0.154093 -0.814868 -0.558789 0.213632 0.946232
-0.078786 -0.470000 -0.071332 -0.673944 -0.561811 -0.479759 0.359921 0.758424
-0.078786 -0.350000 -0.071332 -0.276667 -0.940567 -0.196951 0.359921 0.798279
-0.058786 -0.350000 -0.071332 0.292637 -0.863350 -0.411084 0.353523 0.798413
-0.058786 -0.470000 -0.071332 0.465270 -0.596945 -0.653591 0.353523 0.758558
0.662542 -0.350000 -0.017124 -0.556650 -0.702256 -0.443821 0.795514 0.415127
0.677013 -0.350000 -0.036105 -0.575382 -0.702255 -0.419254 0.795290 0.422598
0.677013 -0.470000 -0.036105 -0.567486 -0.712024 -0.413500 0.755398 0.422244
0.662542 -0.470000 -0.017124 -0.549013 -0.712023 -0.437731 0.755622 0.414773
0.647262 -0.470000 0.001210 -0.529504 -0.712024 -0.461137 0.755863 0.407427
0.647262 -0.350000 0.001210 -0.536872 -0.702255 -0.467554 0.795755 0.407781
0.631200 -0.350000 0.018865 -0.516080 -0.702256 -0.490407 0.796014 0.400573
-0.298329 -0.350000 -0.216053 0.687111 -0.702254 -0.186326 0.754450 0.630833
-0.291584 -0.350000 -0.193159 0.622591 -0.638970 -0.451771 0.754193 0.623789
-0.298329 -0.470000 -0.216053 0.677681 -0.712023 -0.183769 0.794347 0.630548
-0.291584 -0.470000 -0.193159 0.495467 -0.790730 -0.359525 0.794090 0.623505
0.631200 -0.470000 0.018865 -0.508998 -0.712023 -0.483677 0.756122 0.400219
0.614387 -0.470000 0.035806 -0.487535 -0.712023 -0.505305 0.756397 0.393163
-0.304074 -0.350000 -0.239219 0.694547 -0.702255 -0.156338 0.754691 0.638029
-0.304074 -0.470000 -0.239219 0.685016 -0.712024 -0.154193 0.794588 0.637744
0.614387 -0.350000 0.035806 -0.494318 -0.702256 -0.512335 0.796289 0.393517
0.596856 -0.350000 0.052001 -0.471626 -0.702256 -0.533297 0.796581 0.386627
0.596856 -0.470000 0.052001 -0.465154 -0.712023 -0.525980 0.756689 0.386273
0.578638 -0.350000 0.067421 -0.207801 -0.623684 -0.753550 0.796888 0.379915
0.578638 -0.470000 0.067421 -0.154093 -0.814868 -0.558789 0.756996 0.379561
-0.308809 -0.350000 -0.262612 0.700674 -0.702257 -0.126060 0.754915 0.645365
-0.308809 -0.470000 -0.262612 0.691062 -0.712022 -0.124330 0.794812 0.645080
-0.312525 -0.350000 -0.286189 0.705486 -0.702254 -0.095543 0.755122 0.652827
-0.312525 -0.470000 -0.286189 0.695803 -0.712024 -0.094232 0.795019 0.652542
-0.315214 -0.350000 -0.309904 0.708966 -0.702256 -0.064843 0.755311 0.660400
-0.315214 -0.470000 -0.309904 0.699238 -0.712023 -0.063954 0.795208 0.660116
-0.316871 -0.350000 -0.333714 0.711111 -0.702256 -0.034025 0.755482 0.668071
-0.316871 -0.470000 -0.333714 0.701354 -0.712023 -0.033559 0.795379 0.667786
-0.317495 -0.350000 -0.357574 0.711919 -0.702255 -0.003141 0.755635 0.675825
-0.317495 -0.470000 -0.357574 0.702148 -0.712024 -0.003097 0.795533 0.675540
-0.317082 -0.350000 -0.381438 0.711383 -0.702256 0.027749 0.755770 0.683647
-0.317082 -0.470000 -0.381438 0.701623 -0.712023 0.027369 0.795667 0.683363
-0.315635 -0.350000 -0.405261 0.709511 -0.702255 0.058586 0.755886 0.691523
-0.315635 -0.470000 -0.405261 0.699774 -0.712024 0.057782 0.795783 0.691239
-0.313155 -0.350000 -0.428999 0.706300 -0.702256 0.089313 0.755983 0.699438
-0.313155 -0.470000 -0.428999 0.696609 -0.712023 0.088088 0.795880 0.699154
-0.309647 -0.350000 -0.452608 0.701761 -0.702256 0.119872 0.756061 0.707377
-0.309647 -0.470000 -0.452608 0.692131 -0.712023 0.118227 0.795958 0.707093
-0.305119 -0.350000 -0.476042 0.695899 -0.702255 0.150205 0.756119 0.715325
-0.305119 -0.470000 -0.476042 0.686350 -0.712023 0.148144 0.796016 0.715040
-0.299578 -0.350000 -0.499257 0.688728 -0.702255 0.180256 0.756158 0.723267
-0.299578 -0.470000 -0.499257 0.679276 -0.712024 0.177783 0.796055 0.722982
-0.293036 -0.350000 -0.522211 0.680258 -0.702256 0.209968 0.756178 0.731188
-0.293036 -0.470000 -0.522210 0.670923 -0.712023 0.207087 0.796075 0.730903
-0.285503 -0.350000 -0.544858 0.670508 -0.702256 0.239283 0.756178 0.739073
-0.285503 -0.470000 -0.544858 0.661307 -0.712023 0.235999 0.796075 0.738788
-0.276995 -0.350000 -0.567158 0.659495 -0.702256 0.268147 0.756158 0.746907
-0.276995 -0.470000 -0.567158 0.650446 -0.712023 0.264468 0.796055 0.746623
-0.267528 -0.350000 -0.589068 0.647241 -0.702255 0.296508 0.756119 0.754676
-0.267528 -0.470000 -0.589067 0.638359 -0.712024 0.292439 0.796016 0.754392
-0.257119 -0.350000 -0.610546 0.633767 -0.702256 0.324309 0.756061 0.762365
-0.257119 -0.470000 -0.610546 0.625071 -0.712023 0.319859 0.795958 0.762081
-0.245788 -0.350000 -0.631552 0.619101 -0.702256 0.351498 0.755983 0.769959
-0.245788 -0.470000 -0.631552 0.610606 -0.712023 0.346675 0.795880 0.769675
-0.233556 -0.350000 -0.652047 0.603268 -0.702255 0.378028 0.755886 0.777445
-0.233556 -0.470000 -0.652047 0.594989 -0.712024 0.372840 0.795783 0.777160
-0.220447 -0.350000 -0.671992 0.586299 -0.702256 0.403845 0.755770 0.784808
-0.220447 -0.470000 -0.671992 0.578254 -0.712023 0.398304 0.795667 0.784523
-0.206485 -0.350000 -0.691349 0.568226 -0.702255 0.428902 0.755635 0.792033
-0.206485 -0.470000 -0.691349 0.560428 -0.712023 0.423017 0.795533 0.791749
-0.191696 -0.350000 -0.710083 0.549082 -0.702256 0.453151 0.755482 0.799109
-0.191696 -0.470000 -0.710083 0.541548 -0.712023 0.446933 0.795379 0.798824
-0.176108 -0.470000 -0.728157 0.521649 -0.712023 0.470006 0.795208 0.805736
-0.176108 -0.350000 -0.728157 0.528906 -0.702256 0.476544 0.755311 0.806020
-0.159751 -0.470000 -0.745538 0.500767 -0.712024 0.492194 0.795019 0.812470
-0.159751 -0.350000 -0.745538 0.507734 -0.702255 0.499042 0.755122 0.812755
-0.142655 -0.470000 -0.762193 0.478939 -0.712024 0.513458 0.794812 0.819016
-0.142655 -0.350000 -0.762193 0.485603 -0.702255 0.520603 0.754915 0.819300
-0.124852 -0.470000 -0.778090 0.456211 -0.712023 0.533755 0.794588 0.825359
-0.124852 -0.350000 -0.778090 0.462558 -0.702256 0.541181 0.754691 0.825644
-0.106377 -0.470000 -0.793200 0.432627 -0.712023 0.553044 0.794347 0.831489
-0.106377 -0.350000 -0.793200 0.438645 -0.702256 0.560738 0.754450 0.831774
-0.087263 -0.470000 -0.807495 0.408225 -0.712024 0.571292 0.794090 0.837394
-0.087263 -0.350000 -0.807495 0.413905 -0.702255 0.579241 0.754193 0.837678
-0.087263 -0.350000 -0.807495 0.413905 -0.702255 0.579241 0.046901 0.385590
-0.087263 -0.470000 -0.807495 0.408225 -0.712024 0.571292 0.086756 0.385435
-0.067547 -0.470000 -0.820946 0.383053 -0.712023 0.588467 0.087164 0.391368
-0.067547 -0.350000 -0.820946 0.388383 -0.702255 0.596654 0.047309 0.391524
-0.047266 -0.470000 -0.833530 0.357164 -0.712023 0.604531 0.087554 0.397526
-0.047266 -0.350000 -0.833530 0.362132 -0.702256 0.612941 0.047699 0.397682
-0.026459 -0.470000 -0.845222 0.330599 -0.712024 0.619457 0.087925 0.403896
-0.026459 -0.350000 -0.845222 0.335199 -0.702255 0.628076 0.048070 0.404051
-0.005164 -0.350000 -0.856000 0.307635 -0.702256 0.642026 0.048422 0.410621
-0.005164 -0.470000 -0.856000 0.303414 -0.712022 0.633217 0.088276 0.410466
0.016579 -0.350000 -0.865844 0.279492 -0.702255 0.654769 0.048753 0.417379
0.016579 -0.470000 -0.865844 0.275656 -0.712023 0.645783 0.088607 0.417224
0.038729 -0.350000 -0.874736 0.250818 -0.702255 0.666279 0.049063 0.424313
0.038729 -0.470000 -0.874736 0.247376 -0.712024 0.657136 0.088917 0.424157
0.061243 -0.350000 -0.882658 0.221675 -0.702256 0.676533 0.049351 0.431408
0.061243 -0.470000 -0.882658 0.218634 -0.712022 0.667250 0.089206 0.431252
0.084080 -0.350000 -0.889596 0.192116 -0.702255 0.685513 0.049617 0.438652
0.084080 -0.470000 -0.889596 0.189480 -0.712024 0.676106 0.089472 0.438496
0.107196 -0.350000 -0.895536 0.162193 -0.702255 0.693203 0.049861 0.446031
0.107196 -0.470000 -0.895536 0.159967 -0.712024 0.683691 0.089716 0.445875
0.130549 -0.350000 -0.900468 0.131967 -0.702256 0.699586 0.050082 0.453531
0.130549 -0.470000 -0.900468 0.130156 -0.712022 0.689988 0.089937 0.453375
0.154093 -0.350000 -0.904383 0.101493 -0.702255 0.704653 0.050279 0.461138
0.154093 -0.470000 -0.904383 0.100100 -0.712023 0.694984 0.090134 0.460982
0.177785 -0.350000 -0.907272 0.070824 -0.702255 0.708394 0.050453 0.468838
0.177785 -0.470000 -0.907272 0.069852 -0.712024 0.698672 0.090307 0.468682
0.201580 -0.350000 -0.909130 0.040021 -0.702255 0.710799 0.050602 0.476616
0.201580 -0.470000 -0.909130 0.039472 -0.712023 0.701046 0.090457 0.476460
0.225433 -0.350000 -0.909955 0.009147 -0.702256 0.711866 0.050727 0.484458
0.225433 -0.470000 -0.909955 0.009021 -0.712022 0.702099 0.090582 0.484302
0.249300 -0.350000 -0.909743 -0.021747 -0.702254 0.711594 0.050827 0.492348
0.249300 -0.470000 -0.909743 -0.021449 -0.712024 0.701827 0.090682 0.492193
0.273135 -0.350000 -0.908497 -0.052599 -0.702256 0.709978 0.050902 0.500273
0.273135 -0.470000 -0.908497 -0.051877 -0.712022 0.700238 0.090757 0.500117
0.296893 -0.350000 -0.906217 -0.083349 -0.702256 0.707029 0.050952 0.508217
0.296893 -0.470000 -0.906217 -0.082205 -0.712023 0.697327 0.090807 0.508061
0.320531 -0.350000 -0.902910 -0.113947 -0.702255 0.702748 0.050978 0.516164
0.320531 -0.470000 -0.902909 -0.112383 -0.712024 0.693103 0.090832 0.516009
0.344002 -0.350000 -0.898579 -0.144332 -0.702255 0.697142 0.050978 0.524101
0.344002 -0.470000 -0.898579 -0.142351 -0.712024 0.687574 0.090832 0.523945
0.367263 -0.350000 -0.893234 -0.174440 -0.702257 0.690222 0.050952 0.532012
0.367263 -0.470000 -0.893234 -0.172046 -0.712022 0.680753 0.090807 0.531856
0.390271 -0.470000 -0.886885 -0.201415 -0.712023 0.672648 0.090757 0.539727
0.390271 -0.350000 -0.886886 -0.204218 -0.702255 0.682006 0.050902 0.539882
0.412981 -0.470000 -0.879544 -0.230410 -0.712023 0.663275 0.090682 0.547541
0.412981 -0.350000 -0.879545 -0.233616 -0.702255 0.672504 0.050827 0.547697
0.435352 -0.470000 -0.871225 -0.258972 -0.712023 0.652653 0.090582 0.555286
0.435352 -0.350000 -0.871225 -0.262575 -0.702255 0.661734 0.050727 0.555441
0.457341 -0.470000 -0.861943 -0.287042 -0.712022 0.640805 0.090457 0.562945
0.457341 -0.350000 -0.861943 -0.291035 -0.702256 0.649719 0.050602 0.563101
0.478906 -0.470000 -0.851716 -0.314571 -0.712024 0.627748 0.090307 0.570506
0.478906 -0.350000 -0.851716 -0.318948 -0.702255 0.636483 0.050453 0.570661
0.500007 -0.470000 -0.840562 -0.341513 -0.712024 0.613507 0.090134 0.577952
0.500007 -0.350000 -0.840562 -0.346265 -0.702255 0.622044 0.050279 0.578108
0.520605 -0.470000 -0.828504 -0.367809 -0.712022 0.598114 0.089937 0.585272
0.520605 -0.350000 -0.828504 -0.372926 -0.702256 0.606434 0.050082 0.585427
0.540659 -0.470000 -0.815563 -0.393411 -0.712024 0.581593 0.089716 0.592449
0.540659 -0.350000 -0.815563 -0.398885 -0.702255 0.589686 0.049861 0.592605
0.560134 -0.470000 -0.801765 -0.418273 -0.712023 0.563978 0.089472 0.599472
0.560134 -0.350000 -0.801765 -0.424092 -0.702256 0.571824 0.049617 0.599628
0.578992 -0.470000 -0.787134 -0.442347 -0.712023 0.545300 0.089206 0.606327
0.578992 -0.350000 -0.787134 -0.448501 -0.702255 0.552887 0.049351 0.606483
0.597197 -0.350000 -0.771700 -0.472068 -0.702255 0.532907 0.049063 0.613157
0.597197 -0.470000 -0.771699 -0.465590 -0.712023 0.525594 0.088917 0.613001
0.614715 -0.470000 -0.755489 -0.487953 -0.712022 0.504902 0.088607 0.619482
0.614715 -0.350000 -0.755489 -0.494741 -0.702257 0.511925 0.048753 0.619638
0.631513 -0.350000 -0.738535 -0.516486 -0.702254 0.489980 0.048422 0.625912
0.631513 -0.470000 -0.738535 -0.509397 -0.712024 0.483255 0.088276 0.625757
0.647561 -0.470000 -0.720867 -0.529886 -0.712023 0.460700 0.087925 0.631814
0.647561 -0.350000 -0.720867 -0.537258 -0.702256 0.467109 0.048070 0.631970
0.662826 -0.350000 -0.702520 -0.557018 -0.702255 0.443361 0.047699 0.637798
0.662826 -0.470000 -0.702519 -0.549374 -0.712023 0.437276 0.087554 0.637642
0.677281 -0.350000 -0.683527 -0.575729 -0.702255 0.418776 0.047309 0.643386
0.677281 -0.470000 -0.683527 -0.567829 -0.712023 0.413029 0.087164 0.643230
0.690899 -0.350000 -0.663926 -0.593354 -0.702256 0.393404 0.046901 0.648724
0.690899 -0.470000 -0.663926 -0.585213 -0.712023 0.388007 0.086756 0.648568
0.690899 -0.350000 -0.663926 -0.593354 -0.702256 0.393404 0.796888 0.623505
0.690899 -0.470000 -0.663926 -0.585213 -0.712023 0.388007 0.756996 0.623151
0.703653 -0.470000 -0.643752 -0.601495 -0.712024 0.362250 0.756689 0.618007
0.703653 -0.350000 -0.643752 -0.609866 -0.702254 0.367291 0.796581 0.618361
0.715520 -0.350000 -0.623043 -0.625226 -0.702256 0.340484 0.796289 0.612960
0.715520 -0.470000 -0.623043 -0.616647 -0.712023 0.335812 0.756397 0.612606
0.726477 -0.350000 -0.601840 -0.639407 -0.702256 0.313041 0.796014 0.607311
0.726477 -0.470000 -0.601840 -0.630634 -0.712023 0.308746 0.756122 0.606957
0.736505 -0.350000 -0.580181 -0.652388 -0.702254 0.285006 0.795755 0.601424
0.736505 -0.470000 -0.580181 -0.643434 -0.712024 0.281094 0.755863 0.601070
0.745583 -0.350000 -0.558107 -0.664139 -0.702256 0.256430 0.795514 0.595312
0.745583 -0.470000 -0.558107 -0.655026 -0.712023 0.252911 0.755622 0.594958
0.753694 -0.350000 -0.535660 -0.674637 -0.702257 0.227377 0.795290 0.588984
0.753694 -0.470000 -0.535660 -0.665382 -0.712022 0.224258 0.755398 0.588630
0.760825 -0.350000 -0.512883 -0.683868 -0.702255 0.197896 0.795084 0.582454
0.760825 -0.470000 -0.512883 -0.674482 -0.712024 0.195180 0.755192 0.582100
0.766960 -0.350000 -0.489817 -0.691811 -0.702255 0.168035 0.794897 0.575734
0.766960 -0.470000 -0.489817 -0.682316 -0.712024 0.165730 0.755005 0.575380
0.772089 -0.470000 -0.466508 -0.688866 -0.712022 0.135973 0.754836 0.568482
0.772089 -0.350000 -0.466508 -0.698448 -0.702257 0.137864 0.794728 0.568836
0.776202 -0.350000 -0.442997 -0.703773 -0.702255 0.107433 0.794578 0.561773
0.776202 -0.470000 -0.442997 -0.694114 -0.712024 0.105958 0.754686 0.561419
0.779291 -0.470000 -0.419330 -0.698059 -0.712023 0.075743 0.754556 0.554204
0.779291 -0.350000 -0.419330 -0.707770 -0.702256 0.076797 0.794448 0.554559
0.781350 -0.350000 -0.395552 -0.710436 -0.702256 0.046018 0.794338 0.547206
0.781350 -0.470000 -0.395552 -0.700687 -0.712023 0.045387 0.754446 0.546852
0.782376 -0.470000 -0.371706 -0.701996 -0.712024 0.014943 0.754355 0.539376
0.782376 -0.350000 -0.371706 -0.711764 -0.702255 0.015151 0.794247 0.539730
0.782366 -0.350000 -0.347839 -0.711750 -0.702256 -0.015742 0.794176 0.532144
0.782366 -0.470000 -0.347839 -0.701985 -0.712022 -0.015526 0.754284 0.531790
0.781320 -0.470000 -0.323994 -0.700649 -0.712024 -0.045966 0.754233 0.524108
0.781320 -0.350000 -0.323994 -0.710398 -0.702255 -0.046605 0.794125 0.524462
0.779241 -0.350000 -0.300217 -0.707707 -0.702256 -0.077384 0.794095 0.516699
0.779241 -0.470000 -0.300217 -0.697996 -0.712023 -0.076322 0.754203 0.516345
0.776133 -0.470000 -0.276553 -0.694027 -0.712023 -0.106533 0.754193 0.508515
0.776133 -0.350000 -0.276553 -0.703683 -0.702256 -0.108015 0.794085 0.508869
0.772001 -0.470000 -0.253046 -0.688752 -0.712023 -0.136543 0.754203 0.500633
0.772001 -0.350000 -0.253046 -0.698334 -0.702255 -0.138443 0.794095 0.500987
0.766852 -0.350000 -0.229740 -0.691670 -0.702256 -0.168609 0.794125 0.493069
0.766852 -0.470000 -0.229740 -0.682180 -0.712023 -0.166295 0.754233 0.492715
0.760698 -0.470000 -0.206680 -0.674322 -0.712024 -0.195734 0.754284 0.484774
0.760698 -0.350000 -0.206680 -0.683705 -0.702255 -0.198458 0.794176 0.485128
0.753549 -0.350000 -0.183908 -0.674450 -0.702256 -0.227934 0.794247 0.477180
0.753549 -0.470000 -0.183908 -0.665196 -0.712023 -0.224806 0.754355 0.476826
0.745418 -0.470000 -0.161468 -0.654816 -0.712023 -0.253454 0.754446 0.468886
0.745418 -0.350000 -0.161468 -0.663926 -0.702256 -0.256980 0.794338 0.469240
0.736322 -0.350000 -0.139402 -0.652152 -0.702255 -0.285545 0.794448 0.461323
0.736322 -0.470000 -0.139402 -0.643202 -0.712024 -0.281626 0.754556 0.460969
0.726277 -0.470000 -0.117751 -0.630379 -0.712023 -0.309267 0.754686 0.453089
0.726277 -0.350000 -0.117751 -0.639148 -0.702256 -0.313569 0.794578 0.453444
0.715302 -0.350000 -0.096557 -0.624944 -0.702256 -0.341002 0.794728 0.445617
0.715302 -0.470000 -0.096557 -0.616369 -0.712023 -0.336322 0.754836 0.445263
0.703418 -0.470000 -0.075858 -0.601195 -0.712024 -0.362748 0.755005 0.437503
0.703418 -0.350000 -0.075858 -0.609561 -0.702255 -0.367795 0.794897 0.437857
0.690647 -0.350000 -0.055695 -0.593029 -0.702256 -0.393895 0.795084 0.430179
0.690647 -0.470000 -0.055695 -0.584892 -0.712023 -0.388491 0.755192 0.429825
-0.078786 -0.350000 -0.071332 -0.276667 -0.940567 -0.196951 0.913304 0.737196
-0.012500 -0.470000 0.120000 -0.664475 -0.730627 0.157027 0.955532 0.791394
-0.012500 -0.350000 0.120000 -0.855454 -0.230143 0.463932 0.915638 0.791394
-0.078786 -0.470000 -0.071332 -0.673944 -0.561811 -0.479759 0.953198 0.737196
-0.291584 -0.470000 -0.193159 0.495467 -0.790730 -0.359525 0.213632 0.946130
-0.291584 -0.350000 -0.193159 0.622591 -0.638970 -0.451771 0.213632 0.985985
-0.280383 -0.350000 -0.185465 0.453350 -0.739010 -0.498336 0.209338 0.985881
-0.280383 -0.470000 -0.185465 0.494793 -0.677763 -0.543891 0.209338 0.946026
-0.271668 -0.470000 -0.175040 0.622963 -0.677763 -0.390583 0.205586 0.945842
-0.271668 -0.350000 -0.175040 0.570784 -0.739010 -0.357868 0.205586 0.985697
-0.271668 -0.470000 -0.175040 0.622963 -0.677763 -0.390583 0.290996 0.834972
-0.271668 -0.350000 -0.175040 0.570784 -0.739010 -0.357868 0.330884 0.835873
-0.266081 -0.350000 -0.162654 0.646062 -0.739009 -0.190971 0.330948 0.839562
-0.266081 -0.470000 -0.162654 0.705120 -0.677763 -0.208428 0.291060 0.838661
-0.264035 -0.470000 -0.149220 0.735199 -0.677764 -0.010882 0.291050 0.842919
-0.264035 -0.350000 -0.149220 0.673622 -0.739009 -0.009971 0.330938 0.843820
-0.265682 -0.470000 -0.135732 0.710980 -0.677763 0.187469 0.290967 0.847431
-0.265682 -0.350000 -0.135732 0.651430 -0.739010 0.171767 0.330855 0.848332
-0.270900 -0.350000 -0.123185 0.581124 -0.739010 0.340821 0.330705 0.852766
-0.270900 -0.470000 -0.123185 0.634248 -0.677763 0.371977 0.290817 0.851864
-0.279304 -0.470000 -0.112507 0.510673 -0.677765 0.529007 0.290610 0.855891
-0.279304 -0.350000 -0.112507 0.467903 -0.739008 0.484701 0.330498 0.856793
-0.290272 -0.350000 -0.104485 0.767375 -0.594658 0.239828 0.330251 0.860116
-0.290272 -0.470000 -0.104485 0.474122 -0.867901 0.148178 0.290363 0.859215
-0.212500 -0.350000 0.120000 0.306477 -0.393212 0.866866 0.039853 0.916487
-0.282500 -0.470000 0.120000 -0.465270 -0.596944 0.653591 0.000000 0.939229
-0.212500 -0.470000 0.120000 0.673944 -0.561811 0.479759 0.000000 0.916110
-0.282500 -0.340000 0.120000 -0.465270 0.596945 0.653591 0.043174 0.939636
-0.012500 -0.340000 0.120000 -0.302139 0.888866 0.344426 0.043174 0.850465
-0.012500 -0.350000 0.120000 -0.855454 -0.230143 0.463932 0.039853 0.850434
-0.212500 -0.350000 0.120000 0.306477 -0.393212 0.866866 0.330948 0.928475
-0.212500 -0.470000 0.120000 0.673944 -0.561811 0.479759 0.291060 0.927574
0.406994 -0.160000 -0.370292 0.714364 0.696228 -0.070360 0.966751 0.665967
0.407500 -0.160000 -0.360000 0.717821 0.696227 0.000000 0.966704 0.662637
0.407500 -0.190000 -0.360000 0.695713 0.718320 0.000000 0.976679 0.662637
0.406994 -0.190000 -0.370292 0.692363 0.718320 -0.068193 0.976726 0.665967
0.405482 -0.160000 -0.380485 0.704028 0.696228 -0.140041 0.966816 0.669200
0.405482 -0.190000 -0.380485 0.682345 0.718319 -0.135728 0.976790 0.669200
0.402979 -0.190000 -0.390480 0.665757 0.718319 -0.201953 0.976872 0.672304
0.402979 -0.160000 -0.390480 0.686912 0.696228 -0.208370 0.966898 0.672304
0.399507 -0.160000 -0.400182 0.663181 0.696227 -0.274698 0.966997 0.675249
0.399507 -0.190000 -0.400182 0.642754 0.718321 -0.266237 0.976971 0.675249
0.395102 -0.160000 -0.409497 0.633061 0.696229 -0.338377 0.967111 0.678009
0.395102 -0.190000 -0.409497 0.613566 0.718318 -0.327957 0.977086 0.678009
0.389804 -0.160000 -0.418335 0.596848 0.696226 -0.398800 0.967241 0.680555
0.389804 -0.190000 -0.418335 0.578464 0.718321 -0.386517 0.977215 0.680555
0.389804 -0.160000 -0.418335 0.596848 0.696226 -0.398800 0.866726 0.377269
0.389804 -0.190000 -0.418335 0.578464 0.718321 -0.386517 0.856763 0.377243
0.383666 -0.190000 -0.426611 0.537792 0.718319 -0.441358 0.856921 0.374515
0.383666 -0.160000 -0.426611 0.554881 0.696228 -0.455383 0.866885 0.374541
0.376746 -0.190000 -0.434246 0.491942 0.718320 -0.491945 0.857060 0.371597
0.376746 -0.160000 -0.434246 0.507574 0.696228 -0.507578 0.867024 0.371623
0.369111 -0.160000 -0.441166 0.455381 0.696229 -0.554882 0.867142 0.368541
0.369111 -0.190000 -0.441166 0.441357 0.718319 -0.537794 0.857178 0.368515
0.360835 -0.190000 -0.447304 0.386519 0.718320 -0.578463 0.857274 0.365300
0.360835 -0.160000 -0.447304 0.398802 0.696227 -0.596845 0.867238 0.365326
0.351997 -0.160000 -0.452602 0.338379 0.696228 -0.633061 0.867310 0.362009
0.351997 -0.190000 -0.452602 0.327957 0.718320 -0.613564 0.857346 0.361984
0.342682 -0.160000 -0.457007 0.274697 0.696227 -0.663181 0.867359 0.358622
0.342682 -0.190000 -0.457007 0.266237 0.718320 -0.642755 0.857395 0.358597
0.332980 -0.160000 -0.460479 0.208373 0.696229 -0.686911 0.867383 0.355198
0.332980 -0.190000 -0.460479 0.201956 0.718318 -0.665757 0.857420 0.355172
0.322985 -0.160000 -0.462983 0.140042 0.696227 -0.704029 0.867383 0.351769
0.322985 -0.190000 -0.462983 0.135728 0.718320 -0.682344 0.857420 0.351743
0.312792 -0.190000 -0.464494 0.068190 0.718320 -0.692363 0.857395 0.348342
0.312792 -0.160000 -0.464494 0.070357 0.696227 -0.714365 0.867359 0.348368
0.302500 -0.160000 -0.465000 0.000000 0.696229 -0.717820 0.867310 0.345028
0.302500 -0.190000 -0.465000 0.000000 0.718319 -0.695714 0.857346 0.345002
0.292208 -0.190000 -0.464494 -0.068190 0.718320 -0.692363 0.857274 0.341756
0.292208 -0.160000 -0.464494 -0.070357 0.696227 -0.714365 0.867238 0.341782
0.282016 -0.160000 -0.462983 -0.140042 0.696227 -0.704029 0.867142 0.338660
0.282016 -0.190000 -0.462983 -0.135728 0.718320 -0.682344 0.857178 0.338634
0.272020 -0.190000 -0.460479 -0.201956 0.718318 -0.665757 0.857060 0.335667
0.272020 -0.160000 -0.460479 -0.208373 0.696229 -0.686911 0.867024 0.335693
0.262318 -0.160000 -0.457007 -0.274699 0.696227 -0.663181 0.866885 0.332909
0.262318 -0.190000 -0.457007 -0.266238 0.718320 -0.642755 0.856921 0.332883
0.253003 -0.160000 -0.452602 -0.338378 0.696229 -0.633061 0.866726 0.330335
0.253003 -0.190000 -0.452602 -0.327958 0.718319 -0.613565 0.856763 0.330309
0.244165 -0.160000 -0.447304 -0.398800 0.696227 -0.596847 0.972154 0.508724
0.253003 -0.160000 -0.452602 -0.338378 0.696229 -0.633061 0.972013 0.511287
0.253003 -0.190000 -0.452602 -0.327958 0.718319 -0.613565 0.962039 0.511253
0.244165 -0.190000 -0.447304 -0.386517 0.718320 -0.578464 0.962181 0.508690
0.235889 -0.160000 -0.441166 -0.455381 0.696228 -0.554882 0.972281 0.505950
0.235889 -0.190000 -0.441166 -0.441357 0.718319 -0.537794 0.962308 0.505916
0.228254 -0.160000 -0.434246 -0.507576 0.696228 -0.507576 0.972392 0.502991
0.228254 -0.190000 -0.434246 -0.491943 0.718320 -0.491944 0.962419 0.502957
0.221334 -0.160000 -0.426611 -0.554883 0.696228 -0.455381 0.972486 0.499876
0.221334 -0.190000 -0.426611 -0.537794 0.718319 -0.441356 0.962513 0.499842
0.215196 -0.160000 -0.418335 -0.596846 0.696228 -0.398800 0.972563 0.496635
0.215196 -0.190000 -0.418335 -0.578464 0.718320 -0.386518 0.962590 0.496601
0.209898 -0.160000 -0.409497 -0.633062 0.696228 -0.338379 0.972621 0.493299
0.209898 -0.190000 -0.409497 -0.613564 0.718319 -0.327957 0.962648 0.493265
0.205493 -0.160000 -0.400182 -0.663181 0.696227 -0.274697 0.972660 0.489900
0.205493 -0.190000 -0.400182 -0.642755 0.718320 -0.266237 0.962687 0.489866
0.202021 -0.160000 -0.390480 -0.686910 0.696229 -0.208374 0.972679 0.486472
0.202021 -0.190000 -0.390480 -0.665757 0.718318 -0.201957 0.962706 0.486438
0.199518 -0.190000 -0.380485 -0.682344 0.718321 -0.135727 0.962706 0.483012
0.199518 -0.160000 -0.380485 -0.704030 0.696226 -0.140041 0.972679 0.483046
0.198006 -0.160000 -0.370292 -0.714364 0.696228 -0.070356 0.972660 0.479656
0.198006 -0.190000 -0.370292 -0.692364 0.718319 -0.068189 0.962687 0.479623
0.197500 -0.160000 -0.360000 -0.717821 0.696228 0.000000 0.972621 0.476335
0.197500 -0.190000 -0.360000 -0.695714 0.718319 0.000000 0.962648 0.476302
0.198006 -0.160000 -0.349708 -0.714364 0.696228 0.070356 0.972563 0.473115
0.198006 -0.190000 -0.349708 -0.692364 0.718319 0.068189 0.962590 0.473081
0.199518 -0.160000 -0.339516 -0.704030 0.696226 0.140040 0.972486 0.470027
0.199518 -0.190000 -0.339516 -0.682344 0.718321 0.135727 0.962513 0.469993
0.202021 -0.160000 -0.329520 -0.686911 0.696229 0.208373 0.972392 0.467099
0.202021 -0.190000 -0.329520 -0.665757 0.718318 0.201957 0.962419 0.467066
0.205493 -0.160000 -0.319818 -0.663181 0.696227 0.274698 0.972281 0.464362
0.205493 -0.190000 -0.319818 -0.642755 0.718320 0.266238 0.962308 0.464328
0.209898 -0.160000 -0.310503 -0.633061 0.696228 0.338379 0.972154 0.461840
0.209898 -0.190000 -0.310503 -0.613564 0.718319 0.327958 0.962181 0.461806
0.215196 -0.160000 -0.301665 -0.596846 0.696228 0.398800 0.972013 0.459559
0.215196 -0.190000 -0.301665 -0.578465 0.718320 0.386517 0.962039 0.459525
0.221334 -0.160000 -0.293389 -0.554884 0.696227 0.455380 0.967351 0.193955
0.215196 -0.190000 -0.301665 -0.578465 0.718320 0.386517 0.977483 0.191524
0.221334 -0.190000 -0.293389 -0.537794 0.718320 0.441355 0.977314 0.193906
0.215196 -0.160000 -0.301665 -0.596846 0.696228 0.398800 0.967519 0.191573
0.228254 -0.160000 -0.285754 -0.507576 0.696228 0.507575 0.967202 0.196568
0.228254 -0.190000 -0.285754 -0.491944 0.718319 0.491943 0.977165 0.196519
0.235889 -0.160000 -0.278834 -0.455381 0.696228 0.554883 0.967073 0.199386
0.235889 -0.190000 -0.278834 -0.441356 0.718320 0.537794 0.977036 0.199337
0.244165 -0.160000 -0.272696 -0.398799 0.696228 0.596847 0.966966 0.202383
0.244165 -0.190000 -0.272696 -0.386517 0.718319 0.578465 0.976929 0.202334
0.253003 -0.190000 -0.267398 -0.327958 0.718319 0.613564 0.976845 0.205480
0.253003 -0.160000 -0.267398 -0.338379 0.696228 0.633060 0.966881 0.205529
0.262318 -0.160000 -0.262993 -0.274698 0.696227 0.663181 0.966820 0.208794
0.262318 -0.190000 -0.262993 -0.266237 0.718321 0.642755 0.976784 0.208745
0.272020 -0.190000 -0.259521 -0.201956 0.718318 0.665758 0.976747 0.212098
0.272020 -0.160000 -0.259521 -0.208373 0.696229 0.686910 0.966784 0.212147
0.282016 -0.190000 -0.257018 -0.135728 0.718321 0.682344 0.976735 0.215506
0.282016 -0.160000 -0.257018 -0.140042 0.696226 0.704029 0.966771 0.215555
0.292208 -0.160000 -0.255506 -0.070357 0.696228 0.714364 0.966784 0.218986
0.292208 -0.190000 -0.255506 -0.068190 0.718319 0.692364 0.976747 0.218937
0.302500 -0.160000 -0.255000 0.000000 0.696228 0.717821 0.966820 0.222406
0.302500 -0.190000 -0.255000 0.000000 0.718319 0.695714 0.976784 0.222357
0.312792 -0.160000 -0.255506 0.070357 0.696228 0.714364 0.966881 0.225783
0.312792 -0.190000 -0.255506 0.068190 0.718319 0.692364 0.976845 0.225734
0.322985 -0.160000 -0.257018 0.140042 0.696226 0.704029 0.966966 0.229084
0.322985 -0.190000 -0.257018 0.135728 0.718321 0.682344 0.976929 0.229035
0.332980 -0.160000 -0.259521 0.208373 0.696229 0.686910 0.967073 0.232277
0.332980 -0.190000 -0.259521 0.201957 0.718318 0.665757 0.977036 0.232228
0.342682 -0.160000 -0.262993 0.274697 0.696227 0.663181 0.967202 0.235332
0.342682 -0.190000 -0.262993 0.266236 0.718320 0.642755 0.977165 0.235283
0.351997 -0.160000 -0.267398 0.338380 0.696227 0.633061 0.967351 0.238219
0.351997 -0.190000 -0.267398 0.327958 0.718320 0.613563 0.977314 0.238170
0.360835 -0.160000 -0.272696 0.398801 0.696228 0.596845 0.967519 0.240910
0.360835 -0.190000 -0.272696 0.386519 0.718319 0.578464 0.977483 0.240861
0.360835 -0.160000 -0.272696 0.398801 0.696228 0.596845 0.967245 0.631105
0.360835 -0.190000 -0.272696 0.386519 0.718319 0.578464 0.977219 0.631105
0.369111 -0.190000 -0.278834 0.441356 0.718319 0.537794 0.977090 0.633644
0.369111 -0.160000 -0.278834 0.455380 0.696228 0.554883 0.967115 0.633644
0.376746 -0.190000 -0.285754 0.491943 0.718319 0.491945 0.976975 0.636397
0.376746 -0.160000 -0.285754 0.507575 0.696228 0.507577 0.967000 0.636397
0.383666 -0.160000 -0.293389 0.554882 0.696228 0.455382 0.966901 0.639338
0.383666 -0.190000 -0.293389 0.537792 0.718320 0.441357 0.976875 0.639338
0.389804 -0.160000 -0.301665 0.596848 0.696227 0.398800 0.966818 0.642438
0.389804 -0.190000 -0.301665 0.578464 0.718321 0.386516 0.976792 0.642438
0.395102 -0.190000 -0.310503 0.613566 0.718318 0.327958 0.976727 0.645667
0.395102 -0.160000 -0.310503 0.633060 0.696229 0.338378 0.966753 0.645667
0.399507 -0.160000 -0.319818 0.663181 0.696226 0.274699 0.966706 0.648994
0.399507 -0.190000 -0.319818 0.642754 0.718321 0.266238 0.976680 0.648994
0.402979 -0.160000 -0.329520 0.686912 0.696228 0.208370 0.966677 0.652388
0.402979 -0.190000 -0.329520 0.665757 0.718319 0.201953 0.976651 0.652388
0.405482 -0.160000 -0.339516 0.704028 0.696228 0.140040 0.966667 0.655815
0.405482 -0.190000 -0.339516 0.682346 0.718319 0.135728 0.976642 0.655815
0.406994 -0.160000 -0.349708 0.714364 0.696228 0.070360 0.966676 0.659242
0.406994 -0.190000 -0.349708 0.692363 0.718319 0.068193 0.976651 0.659242
-0.012325 -0.340000 -0.122430 -0.427304 0.737931 0.522369 0.748552 0.630276
0.000000 -0.340000 -0.114813 -0.690632 0.612153 0.385092 0.752949 0.630421
-0.012075 -0.000000 -0.122226 -0.461335 0.679254 0.570775 0.748644 0.743203
0.000000 -0.000000 -0.114813 -0.480103 0.835078 0.268602 0.752949 0.743344
-0.022234 -0.340000 -0.133001 -0.548922 0.737894 0.392680 0.744828 0.630053
-0.021855 -0.000000 -0.132479 -0.591812 0.679294 0.433956 0.744975 0.742987
-0.029037 -0.340000 -0.145794 -0.632411 0.737935 0.235600 0.527940 0.749219
-0.022234 -0.340000 -0.133001 -0.548922 0.737894 0.392680 0.527794 0.745829
-0.028691 -0.000000 -0.144889 -0.683364 0.679069 0.268102 0.640950 0.750756
-0.021855 -0.000000 -0.132479 -0.591812 0.679294 0.433956 0.640804 0.747490
-0.032265 -0.340000 -0.159919 -0.687276 0.676276 0.265146 0.528016 0.753388
-0.032265 -0.150000 -0.159919 -0.968915 0.088249 0.231118 0.591173 0.754388
-0.032130 -0.000000 -0.158635 -0.728968 0.679193 0.085460 0.641030 0.754783
-0.031781 -0.150000 -0.173866 -0.667517 0.736564 -0.109062 0.591174 0.758869
-0.031944 -0.000000 -0.172802 -0.726202 0.679553 -0.104106 0.641037 0.759304
-0.027802 -0.150000 -0.187242 -0.618526 0.736617 -0.273533 0.591104 0.763515
-0.028144 -0.000000 -0.186452 -0.675554 0.679498 -0.286198 0.640971 0.764020
-0.020585 -0.150000 -0.199187 -0.529724 0.736669 -0.420370 0.590968 0.768028
-0.020983 -0.000000 -0.198678 -0.580060 0.679443 -0.449319 0.640837 0.768616
-0.010593 -0.150000 -0.208930 -0.406834 0.736724 -0.540115 0.590775 0.772116
-0.010936 -0.000000 -0.208669 -0.446057 0.679385 -0.582639 0.640643 0.772789
0.001529 -0.150000 -0.215845 -0.257773 0.736780 -0.625066 0.590537 0.775518
0.001330 -0.000000 -0.215762 -0.282427 0.679324 -0.677314 0.640402 0.776261
0.015001 -0.150000 -0.219486 -0.738130 0.570571 -0.360019 0.702465 0.746005
0.001529 -0.150000 -0.215845 -0.257773 0.736780 -0.625066 0.706439 0.745829
0.015001 -0.000000 -0.219486 -0.353001 0.919720 -0.171773 0.702465 0.795823
0.001330 -0.000000 -0.215762 -0.282427 0.679324 -0.677314 0.706495 0.795645
0.000000 -0.340000 -0.114813 -0.690632 0.612153 0.385092 0.708313 0.765660
0.000000 -0.340000 0.000000 -0.301511 0.904535 0.301510 0.744797 0.764994
0.000000 0.000000 0.000000 -0.577350 0.577350 0.577350 0.744797 0.878026
0.000000 -0.000000 -0.114813 -0.480103 0.835078 0.268602 0.708313 0.878691
0.001229 -0.150000 -0.252129 -0.653569 0.719782 0.234012 0.781738 0.929591
0.015001 -0.150000 -0.219486 -0.738130 0.570571 -0.360019 0.790739 0.929147
0.015001 -0.000000 -0.219486 -0.353001 0.919720 -0.171773 0.790739 0.979014
0.001229 -0.000000 -0.252129 -0.677057 0.694857 0.242422 0.781738 0.979458
-0.008849 -0.150000 -0.286094 -0.675433 0.719782 0.160329 0.771949 0.929974
-0.008849 -0.000000 -0.286094 -0.699706 0.694857 0.166091 0.771949 0.979841
-0.015110 -0.150000 -0.320965 -0.396023 0.566997 0.722274 0.761491 0.930292
-0.015110 -0.000000 -0.320965 -0.178834 0.928244 0.326161 0.761491 0.980159
0.302500 -0.255000 0.000000 -0.000000 0.699895 0.714246 0.827626 0.722024
0.318512 -0.254497 0.000000 -0.043857 0.698571 0.714195 0.827793 0.716738
0.334460 -0.252989 0.000000 -0.087645 0.694534 0.714101 0.828293 0.711476
0.350282 -0.250483 0.000000 -0.131097 0.687755 0.714008 0.829126 0.706258
0.127941 -0.185887 0.000000 0.479607 0.510810 0.713477 0.850579 0.779892
0.000000 -0.340000 0.000000 -0.301511 0.904535 0.301510 0.799396 0.821662
0.365916 -0.246989 0.000000 -0.174042 0.678247 0.713926 0.830286 0.701106
0.116613 -0.174560 0.000000 0.510762 0.479701 0.713448 0.854341 0.783668
0.381299 -0.242519 0.000000 -0.216313 0.666056 0.713847 0.831770 0.696039
0.139957 -0.196481 0.000000 0.446556 0.539896 0.713513 0.847060 0.775890
0.396372 -0.237093 0.000000 -0.257737 0.651225 0.713777 0.833573 0.691078
0.106019 -0.162543 0.000000 0.539790 0.441850 0.716516 0.858332 0.787205
0.411074 -0.230731 0.000000 -0.298151 0.633816 0.713711 0.835686 0.686243
0.152615 -0.206299 0.000000 0.411745 0.566842 0.713552 0.843800 0.771679
0.096201 -0.149885 0.000000 0.563323 0.412835 0.715705 0.862535 0.790487
0.425347 -0.223458 0.000000 -0.337394 0.613894 0.713653 0.838101 0.681551
0.165864 -0.215304 0.000000 0.375310 0.591539 0.713600 0.840809 0.767275
0.439136 -0.215304 0.000000 -0.375310 0.591539 0.713600 0.840809 0.677023
0.087196 -0.136636 0.000000 0.591187 0.375213 0.713942 0.866936 0.793502
0.452385 -0.206299 0.000000 -0.411744 0.566842 0.713552 0.843800 0.672676
0.179653 -0.223458 0.000000 0.337394 0.613894 0.713653 0.838101 0.762695
0.465043 -0.196481 0.000000 -0.446556 0.539895 0.713513 0.847060 0.668526
0.079042 -0.122847 0.000000 0.613612 0.337358 0.713912 0.871515 0.796239
0.193926 -0.230731 0.000000 0.298151 0.633816 0.713711 0.835686 0.757958
0.477060 -0.185887 0.000000 -0.479607 0.510810 0.713477 0.850579 0.664591
0.600000 -0.340000 0.000000 0.301511 0.904534 0.301512 0.799396 0.623505
0.071769 -0.108574 0.000000 0.633606 0.298162 0.713893 0.876255 0.798685
0.488387 -0.174560 0.000000 -0.510762 0.479700 0.713449 0.854341 0.660885
0.498981 -0.162543 0.000000 -0.539791 0.441849 0.716516 0.858332 0.657424
0.208628 -0.237093 0.000000 0.257737 0.651225 0.713777 0.833573 0.753083
0.508799 -0.149885 0.000000 -0.563323 0.412837 0.715704 0.862535 0.654221
0.065407 -0.093872 0.000000 0.651085 0.257782 0.713888 0.881138 0.800833
0.517804 -0.136636 0.000000 -0.591187 0.375213 0.713942 0.866936 0.651289
0.223701 -0.242519 0.000000 0.216313 0.666056 0.713847 0.831771 0.748088
0.525958 -0.122847 0.000000 -0.613613 0.337357 0.713912 0.871515 0.648639
0.533231 -0.108574 0.000000 -0.633606 0.298163 0.713892 0.876255 0.646282
0.239084 -0.246989 0.000000 0.174043 0.678247 0.713925 0.830286 0.742993
0.539593 -0.093872 0.000000 -0.651084 0.257782 0.713889 0.881138 0.644227
0.000000 0.000000 0.000000 -0.577350 0.577350 0.577350 0.912314 0.822728
0.059981 -0.078799 0.000000 0.665982 0.216379 0.713897 0.886144 0.802672
0.055511 -0.063416 0.000000 0.678069 0.173762 0.714163 0.891253 0.804196
0.254718 -0.250483 0.000000 0.131097 0.687754 0.714008 0.829126 0.737819
0.052017 -0.047782 0.000000 0.687462 0.131293 0.714253 0.896445 0.805399
0.270540 -0.252989 0.000000 0.087644 0.694534 0.714101 0.828293 0.732586
0.049511 -0.031960 0.000000 0.694540 0.087930 0.714060 0.901700 0.806277
0.286488 -0.254497 0.000000 0.043857 0.698571 0.714195 0.827793 0.727314
0.600000 0.000000 0.000000 0.577350 0.577350 0.577350 0.912314 0.624571
0.545019 -0.078799 0.000000 -0.665982 0.216379 0.713896 0.886144 0.642482
0.549489 -0.063416 0.000000 -0.678069 0.173765 0.714163 0.891253 0.641054
0.552983 -0.047782 0.000000 -0.687461 0.131293 0.714255 0.896445 0.639949
0.048003 -0.016012 0.000000 0.698675 0.043699 0.714104 0.906996 0.806825
0.555489 -0.031960 0.000000 -0.694541 0.087927 0.714060 0.901700 0.639171
0.556997 -0.016012 0.000000 -0.698675 0.043700 0.714103 0.906996 0.638723
0.557500 0.000000 0.000000 -0.567386 0.585499 0.579021 0.912314 0.638607
0.047500 0.000000 0.000000 0.567387 0.585498 0.579020 0.912314 0.807041
-0.025961 -0.150000 -0.316505 0.173134 0.737658 0.652599 0.350130 0.932057
-0.015110 -0.150000 -0.320965 -0.396023 0.566997 0.722274 0.353523 0.931916
-0.015110 -0.000000 -0.320965 -0.178834 0.928244 0.326161 0.353523 0.981735
-0.037595 -0.150000 -0.315000 -0.001433 0.737658 0.675173 0.346352 0.932130
-0.025961 -0.000000 -0.316505 0.188275 0.678911 0.709671 0.350130 0.981876
-0.049224 -0.150000 -0.316554 -0.175902 0.737657 0.651859 0.342445 0.932128
-0.037595 -0.000000 -0.315000 -0.001558 0.678910 0.734219 0.346352 0.981948
-0.060055 -0.150000 -0.321061 -0.338414 0.737658 0.584241 0.338676 0.932054
-0.049224 -0.000000 -0.316554 -0.191284 0.678911 0.708865 0.342445 0.981947
-0.069353 -0.150000 -0.328214 -0.477927 0.737657 0.476914 0.335299 0.931911
-0.060055 -0.000000 -0.321061 -0.368009 0.678911 0.635334 0.338676 0.981873
-0.076487 -0.150000 -0.337528 -0.584957 0.737657 0.337175 0.332544 0.931709
-0.069353 -0.000000 -0.328214 -0.519723 0.678911 0.518622 0.335299 0.981730
-0.080971 -0.150000 -0.348369 -0.652230 0.737658 0.174518 0.980192 0.379707
-0.076487 -0.150000 -0.337528 -0.584957 0.737657 0.337175 0.983191 0.379561
-0.076487 -0.000000 -0.337528 -0.636112 0.678911 0.366662 0.983191 0.429428
-0.076487 -0.000000 -0.337528 -0.636112 0.678911 0.366662 0.332544 0.981528
-0.082500 -0.150000 -0.360000 -0.675176 0.737657 0.000000 0.976648 0.379803
-0.080971 -0.000000 -0.348369 -0.709270 0.678910 0.189780 0.980192 0.429574
-0.080971 -0.150000 -0.371632 -0.652229 0.737659 -0.174518 0.972800 0.379842
-0.082500 -0.000000 -0.360000 -0.734220 0.678911 0.000000 0.976648 0.429670
-0.076487 -0.150000 -0.382472 -0.584956 0.737657 -0.337177 0.968908 0.379822
-0.080971 -0.000000 -0.371632 -0.709270 0.678910 -0.189781 0.972800 0.429709
-0.069353 -0.150000 -0.391786 -0.477929 0.737657 -0.476914 0.965238 0.379744
-0.076487 -0.000000 -0.382472 -0.636112 0.678911 -0.366663 0.968908 0.429689
-0.060055 -0.150000 -0.398939 -0.338415 0.737658 -0.584239 0.962039 0.379613
-0.069353 -0.000000 -0.391786 -0.519723 0.678912 -0.518620 0.965238 0.429611
-0.049224 -0.150000 -0.403446 -0.175900 0.737658 -0.651859 0.977262 0.120758
-0.060055 -0.150000 -0.398939 -0.338415 0.737658 -0.584239 0.980311 0.120580
-0.060055 -0.000000 -0.398939 -0.368011 0.678910 -0.635334 0.980311 0.170399
-0.060055 -0.000000 -0.398939 -0.368011 0.678910 -0.635334 0.962039 0.429480
-0.037595 -0.150000 -0.405000 -0.001433 0.737657 -0.675174 0.973685 0.120873
-0.049224 -0.000000 -0.403446 -0.191283 0.678911 -0.708866 0.977262 0.170577
-0.025961 -0.150000 -0.403495 0.173133 0.737658 -0.652599 0.969824 0.120916
-0.037595 -0.000000 -0.405000 -0.001558 0.678912 -0.734218 0.973685 0.170691
-0.015110 -0.150000 -0.399035 -0.396022 0.566997 -0.722275 0.965940 0.120885
-0.025961 -0.000000 -0.403495 0.188275 0.678910 -0.709672 0.969824 0.170735
-0.015110 -0.000000 -0.399035 -0.178834 0.928244 -0.326161 0.965940 0.170704
0.047500 -0.000000 -0.110000 0.298326 0.909195 0.290458 0.965230 0.938277
0.047500 0.000000 0.000000 0.567387 0.585498 0.579020 0.929425 0.941387
0.048003 -0.016012 0.000000 0.698675 0.043699 0.714104 0.929056 0.936085
0.048577 -0.023415 -0.110000 0.713427 0.065751 0.697638 0.964713 0.930529
0.049511 -0.031960 0.000000 0.694540 0.087930 0.714060 0.928755 0.930818
0.051800 -0.046632 -0.110000 0.704401 0.131106 0.697589 0.964342 0.922875
0.052017 -0.047782 0.000000 0.687462 0.131293 0.714253 0.928523 0.925606
0.055511 -0.063416 0.000000 0.678069 0.173762 0.714163 0.928360 0.920470
0.057141 -0.069455 -0.110000 0.882605 0.151352 0.445086 0.964121 0.915380
0.059981 -0.078799 0.000000 0.665982 0.216379 0.713897 0.928267 0.915430
0.062348 -0.085742 -0.110000 0.659075 0.235306 -0.714318 0.964054 0.910050
0.065407 -0.093872 0.000000 0.651085 0.257782 0.713888 0.928246 0.910506
0.068634 -0.101645 -0.110000 0.641820 0.278956 -0.714318 0.964068 0.904863
0.071769 -0.108574 0.000000 0.633606 0.298162 0.713893 0.928295 0.905717
0.075972 -0.117090 -0.110000 0.621668 0.321347 -0.714329 0.964162 0.899841
0.079042 -0.122847 0.000000 0.613612 0.337358 0.713912 0.928414 0.901083
0.084328 -0.132008 -0.110000 0.598707 0.362281 -0.714354 0.964337 0.895007
0.087196 -0.136636 0.000000 0.591187 0.375213 0.713942 0.928604 0.896621
0.093666 -0.146333 -0.110000 0.570394 0.402696 -0.715882 0.964591 0.890383
0.096201 -0.149885 0.000000 0.563323 0.412835 0.715705 0.928863 0.892349
0.112434 -0.170000 -0.037000 0.752667 0.658399 0.001645 0.941468 0.884853
0.103943 -0.160000 -0.110000 0.438181 0.898813 -0.011511 0.964923 0.885991
0.106716 -0.163382 -0.110000 0.545249 0.454409 0.704426 0.965020 0.884907
0.109547 -0.166715 -0.110000 0.536801 0.463497 0.704993 0.965123 0.883839
0.112434 -0.170000 -0.110000 0.524759 0.480708 0.702530 0.965230 0.882789
0.106019 -0.162543 0.000000 0.539790 0.441850 0.716516 0.929190 0.888285
0.123823 -0.181933 -0.037000 0.700693 0.713462 0.001225 0.024310 0.727639
0.112434 -0.170000 -0.037000 0.752667 0.658399 0.001645 0.024310 0.723846
0.116613 -0.174560 0.000000 0.510762 0.479701 0.713448 0.036631 0.725238
0.116613 -0.174560 0.000000 0.510762 0.479701 0.713448 0.929585 0.884443
0.135959 -0.193104 -0.037000 0.653100 0.757271 0.001179 0.024310 0.731680
0.127941 -0.185887 0.000000 0.479607 0.510810 0.713477 0.036631 0.729010
0.148792 -0.203467 -0.037000 0.602773 0.797912 0.001123 0.024310 0.735954
0.139957 -0.196481 0.000000 0.446556 0.539896 0.713513 0.036631 0.733012
0.162268 -0.212979 -0.037000 0.549925 0.835213 0.001059 0.024310 0.740442
0.152615 -0.206299 0.000000 0.411745 0.566842 0.713552 0.036631 0.737227
0.165864 -0.215304 0.000000 0.375310 0.591539 0.713600 0.036631 0.741639
0.176331 -0.221600 -0.037000 0.494774 0.869021 0.000985 0.024310 0.745125
0.179653 -0.223458 0.000000 0.337394 0.613894 0.713653 0.036631 0.746231
0.190922 -0.229293 -0.037000 0.437547 0.899195 0.000903 0.024310 0.749984
0.193926 -0.230731 0.000000 0.298151 0.633816 0.713711 0.036631 0.750984
0.205980 -0.236027 -0.037000 0.378495 0.925603 0.000813 0.024310 0.754998
0.208628 -0.237093 0.000000 0.257737 0.651225 0.713777 0.036631 0.755880
0.221442 -0.241774 -0.037000 0.317858 0.948138 0.000713 0.024310 0.760147
0.223701 -0.242519 0.000000 0.216313 0.666056 0.713847 0.036631 0.760899
0.237243 -0.246509 -0.037000 0.255886 0.966707 0.000603 0.024310 0.765409
0.239084 -0.246989 0.000000 0.174043 0.678247 0.713925 0.036631 0.766022
0.253317 -0.250212 -0.037000 0.192842 0.981230 0.000485 0.024310 0.770762
0.269596 -0.252868 -0.037000 0.128993 0.991645 0.000358 0.024310 0.776183
0.254718 -0.250483 0.000000 0.131097 0.687754 0.714008 0.036631 0.771228
0.270540 -0.252989 0.000000 0.087644 0.694534 0.714101 0.036631 0.776497
0.286014 -0.254467 -0.037000 0.064602 0.997911 0.000221 0.024310 0.781650
0.286488 -0.254497 0.000000 0.043857 0.698571 0.714195 0.036631 0.781808
0.302500 -0.255000 -0.037000 -0.000000 1.000000 0.000149 0.024310 0.787140
0.302500 -0.255000 0.000000 -0.000000 0.699895 0.714246 0.036631 0.787140
0.318512 -0.254497 0.000000 -0.043857 0.698571 0.714195 0.036631 0.792472
0.318986 -0.254467 -0.037000 -0.064602 0.997911 0.000221 0.024310 0.792630
0.334460 -0.252989 0.000000 -0.087645 0.694534 0.714101 0.036631 0.797783
0.335404 -0.252868 -0.037000 -0.128993 0.991645 0.000358 0.024310 0.798097
0.350282 -0.250483 0.000000 -0.131097 0.687755 0.714008 0.036631 0.803052
0.351683 -0.250212 -0.037000 -0.192841 0.981230 0.000485 0.024310 0.803519
0.365916 -0.246989 0.000000 -0.174042 0.678247 0.713926 0.036631 0.808258
0.367757 -0.246509 -0.037000 -0.255886 0.966707 0.000603 0.024310 0.808872
0.381299 -0.242519 0.000000 -0.216313 0.666056 0.713847 0.036631 0.813381
0.383558 -0.241774 -0.037000 -0.317858 0.948138 0.000712 0.024310 0.814133
0.396372 -0.237093 0.000000 -0.257737 0.651225 0.713777 0.036631 0.818400
0.399020 -0.236027 -0.037000 -0.378495 0.925603 0.000813 0.024310 0.819282
0.411074 -0.230731 0.000000 -0.298151 0.633816 0.713711 0.036631 0.823296
0.414078 -0.229293 -0.037000 -0.437549 0.899194 0.000903 0.024310 0.824297
0.425347 -0.223458 0.000000 -0.337394 0.613894 0.713653 0.036631 0.828050
0.428669 -0.221600 -0.037000 -0.494774 0.869021 0.000986 0.024310 0.829156
0.439136 -0.215304 0.000000 -0.375310 0.591539 0.713600 0.036631 0.832641
0.442732 -0.212979 -0.037000 -0.549924 0.835214 0.001059 0.024310 0.833839
0.452385 -0.206299 0.000000 -0.411744 0.566842 0.713552 0.036631 0.837053
0.456208 -0.203467 -0.037000 -0.602773 0.797912 0.001123 0.024310 0.838327
0.465043 -0.196481 0.000000 -0.446556 0.539895 0.713513 0.036631 0.841269
0.469041 -0.193104 -0.037000 -0.653101 0.757270 0.001179 0.024310 0.842600
0.477060 -0.185887 0.000000 -0.479607 0.510810 0.713477 0.036631 0.845270
0.481177 -0.181933 -0.037000 -0.700692 0.713463 0.001225 0.024310 0.846642
0.495453 -0.166715 -0.110000 -0.536801 0.463492 0.704997 0.872186 0.554613
0.492566 -0.170000 -0.110000 -0.524763 0.480705 0.702528 0.872346 0.553547
0.492566 -0.170000 -0.037000 -0.752667 0.658399 0.001644 0.895324 0.550334
0.498284 -0.163382 -0.110000 -0.545243 0.454412 0.704428 0.872033 0.555695
0.501057 -0.160000 -0.110000 -0.438177 0.898815 -0.011515 0.871888 0.556793
0.511334 -0.146333 -0.110000 -0.570394 0.402694 -0.715883 0.871396 0.561238
0.488387 -0.174560 0.000000 -0.510762 0.479700 0.713449 0.036631 0.849042
0.492566 -0.170000 -0.037000 -0.752667 0.658399 0.001644 0.024310 0.850434
0.488387 -0.174560 0.000000 -0.510762 0.479700 0.713449 0.907210 0.547228
0.498981 -0.162543 0.000000 -0.539791 0.441849 0.716516 0.906620 0.551126
0.508799 -0.149885 0.000000 -0.563323 0.412837 0.715704 0.906134 0.555241
0.520672 -0.132008 -0.110000 -0.598709 0.362280 -0.714353 0.871026 0.565906
0.517804 -0.136636 0.000000 -0.591187 0.375213 0.713942 0.905754 0.559556
0.529028 -0.117090 -0.110000 -0.621667 0.321347 -0.714329 0.870778 0.570777
0.525958 -0.122847 0.000000 -0.613613 0.337357 0.713912 0.905482 0.564055
0.536366 -0.101645 -0.110000 -0.641820 0.278956 -0.714318 0.870654 0.575827
0.533231 -0.108574 0.000000 -0.633606 0.298163 0.713892 0.905318 0.568719
0.542653 -0.085742 -0.110000 -0.659075 0.235306 -0.714318 0.870655 0.581036
0.539593 -0.093872 0.000000 -0.651084 0.257782 0.713889 0.905263 0.573531
0.547859 -0.069455 -0.110000 -0.881216 0.151583 0.447750 0.870781 0.586378
0.545019 -0.078799 0.000000 -0.665982 0.216379 0.713896 0.905318 0.578471
0.553200 -0.046632 -0.110000 -0.704401 0.131106 0.697589 0.871155 0.593876
0.549489 -0.063416 0.000000 -0.678069 0.173765 0.714163 0.905482 0.583519
0.552983 -0.047782 0.000000 -0.687461 0.131293 0.714255 0.905754 0.588657
0.555489 -0.031960 0.000000 -0.694541 0.087927 0.714060 0.906134 0.593862
0.556423 -0.023415 -0.110000 -0.713426 0.065751 0.697638 0.871758 0.601518
0.556997 -0.016012 0.000000 -0.698675 0.043700 0.714103 0.906620 0.599116
0.557500 -0.000000 -0.110000 -0.298326 0.909195 0.290458 0.872586 0.609239
0.557500 0.000000 0.000000 -0.567386 0.585499 0.579021 0.907210 0.604397
-0.008849 -0.150000 -0.433906 -0.675433 0.719781 -0.160329 0.951787 0.941473
-0.015110 -0.150000 -0.399035 -0.396022 0.566997 -0.722275 0.963491 0.941387
-0.008849 -0.000000 -0.433906 -0.699706 0.694857 -0.166091 0.951787 0.991340
-0.015110 -0.000000 -0.399035 -0.178834 0.928244 -0.326161 0.963491 0.991254
0.015001 -0.150000 -0.500514 -0.738130 0.570571 0.360018 0.928246 0.941418
0.001229 -0.150000 -0.467871 -0.653569 0.719782 -0.234012 0.939990 0.941484
0.001229 -0.000000 -0.467871 -0.677057 0.694857 -0.242422 0.939990 0.991351
0.015001 -0.000000 -0.500514 -0.353730 0.919469 0.171619 0.928246 0.991285
0.047500 -0.000000 -0.110000 0.298326 0.909195 0.290458 0.134638 0.786723
0.048577 -0.023415 -0.110000 0.713427 0.065751 0.697638 0.134994 0.778943
0.057141 -0.000000 -0.110000 0.237683 0.643441 0.727661 0.137822 0.786693
0.051800 -0.046632 -0.110000 0.704401 0.131106 0.697589 0.136058 0.771222
0.057141 -0.069455 -0.110000 0.882605 0.151352 0.445086 0.137822 0.763625
0.015001 -0.150000 -0.500514 -0.738130 0.570571 0.360018 0.979290 0.680845
0.015001 -0.000000 -0.500514 -0.353730 0.919469 0.171619 0.979635 0.730662
0.001529 -0.150000 -0.504155 -0.257744 0.736746 0.625119 0.974685 0.680831
0.001080 -0.000000 -0.504343 -0.285860 0.678932 0.676265 0.974873 0.730647
-0.010593 -0.150000 -0.511070 -0.406867 0.736624 0.540227 0.970385 0.680732
-0.011365 -0.000000 -0.511662 -0.451931 0.679059 0.578478 0.970449 0.730540
-0.020585 -0.150000 -0.520814 -0.529837 0.736509 0.420508 0.966667 0.680555
-0.021476 -0.000000 -0.521968 -0.586815 0.679178 0.440869 0.966667 0.730350
-0.020585 -0.150000 -0.520814 -0.529837 0.736509 0.420508 0.591214 0.870248
-0.021476 -0.000000 -0.521968 -0.586815 0.679178 0.440869 0.641093 0.871316
-0.027802 -0.150000 -0.532758 -0.618721 0.736408 0.273656 0.591368 0.873327
-0.028557 -0.000000 -0.534550 -0.681237 0.679284 0.272927 0.641245 0.874612
-0.031781 -0.150000 -0.546134 -0.667785 0.736310 0.109134 0.591458 0.877184
-0.032119 -0.000000 -0.548542 -0.728701 0.679383 0.086224 0.641327 0.878705
-0.031042 -0.340000 -0.567581 -0.671268 0.723966 -0.158973 0.528302 0.883073
-0.032265 -0.340000 -0.560081 -0.700737 0.669926 -0.245289 0.528321 0.880568
-0.032265 -0.150000 -0.560081 -0.967342 0.088320 -0.237589 0.591478 0.881568
-0.028797 -0.340000 -0.574840 -0.643965 0.723849 -0.247694 0.528263 0.885603
-0.031918 -0.000000 -0.562978 -0.726636 0.678523 -0.107735 0.641334 0.883313
-0.025573 -0.340000 -0.581721 -0.603762 0.723005 -0.335761 0.528203 0.888110
-0.027967 -0.000000 -0.576865 -0.674501 0.678454 -0.291116 0.641265 0.888119
-0.021431 -0.340000 -0.588091 -0.551887 0.723009 -0.415547 0.528125 0.890546
-0.020538 -0.000000 -0.589245 -0.574331 0.679210 -0.456966 0.641126 0.892791
-0.016451 -0.340000 -0.593830 -0.489216 0.722983 -0.487815 0.528030 0.892864
-0.010728 -0.340000 -0.598828 -0.417428 0.722996 -0.550482 0.527919 0.895021
-0.010144 -0.000000 -0.599265 -0.435614 0.679226 -0.590671 0.640925 0.897007
-0.004371 -0.340000 -0.602989 -0.337511 0.722971 -0.602826 0.527794 0.896975
0.002500 -0.340000 -0.606235 -0.673123 0.604176 -0.426470 0.036631 0.724000
-0.004371 -0.340000 -0.602989 -0.337511 0.722971 -0.602826 0.038527 0.723846
0.002500 -0.000000 -0.606235 -0.465174 0.841414 -0.275020 0.038527 0.836907
0.002500 -0.000000 -0.606235 -0.465174 0.841414 -0.275020 0.640676 0.900478
0.057141 -0.069455 -0.110000 0.882605 0.151352 0.445086 0.301071 0.958579
0.057141 -0.160000 -0.110000 0.797979 0.543406 -0.260652 0.301071 0.928475
0.064413 -0.160000 -0.115318 0.445442 0.723043 0.528006 0.303277 0.928589
0.064413 -0.000000 -0.115318 0.465593 0.691836 0.551893 0.303277 0.981786
0.057141 -0.000000 -0.110000 0.237683 0.643441 0.727661 0.301071 0.981672
0.070880 -0.000000 -0.121591 0.537430 0.691836 0.482215 0.305744 0.981882
0.070880 -0.160000 -0.121591 0.514170 0.723043 0.461344 0.305744 0.928685
0.076418 -0.000000 -0.128697 0.598945 0.691836 0.403271 0.308423 0.981958
0.076418 -0.160000 -0.128697 0.573021 0.723044 0.385817 0.308423 0.928761
0.080919 -0.000000 -0.136501 0.648953 0.691836 0.316579 0.311262 0.982013
0.080919 -0.160000 -0.136501 0.620865 0.723043 0.302878 0.311262 0.928815
0.084299 -0.000000 -0.144853 0.686492 0.691837 0.223810 0.314209 0.982044
0.084299 -0.160000 -0.144853 0.656781 0.723042 0.214124 0.314209 0.928847
0.086491 -0.160000 -0.153591 0.680077 0.723045 0.121251 0.317205 0.928855
0.086491 -0.000000 -0.153591 0.710846 0.691835 0.126737 0.317205 0.982053
0.087454 -0.000000 -0.162548 0.721540 0.691837 0.027231 0.320194 0.982038
0.087454 -0.160000 -0.162548 0.690313 0.723042 0.026052 0.320194 0.928841
0.087169 -0.000000 -0.171553 0.718376 0.691836 -0.072796 0.323117 0.982000
0.087169 -0.160000 -0.171553 0.687282 0.723044 -0.069645 0.323117 0.928803
0.085642 -0.000000 -0.180432 0.701409 0.691836 -0.171428 0.325919 0.981940
0.085642 -0.160000 -0.180432 0.671052 0.723043 -0.164009 0.325919 0.928743
0.082901 -0.000000 -0.189014 0.670969 0.691837 -0.266764 0.328547 0.981859
0.082901 -0.160000 -0.189014 0.641929 0.723042 -0.255218 0.328547 0.928661
0.079001 -0.000000 -0.197135 0.627640 0.691836 -0.356975 0.330948 0.981758
0.079001 -0.160000 -0.197135 0.600475 0.723043 -0.341524 0.330948 0.928560
0.074015 -0.000000 -0.204639 0.572251 0.691835 -0.440333 0.963127 0.618568
0.079001 -0.160000 -0.197135 0.600475 0.723043 -0.341524 0.960838 0.565286
0.074015 -0.160000 -0.204639 0.547482 0.723044 -0.421273 0.963127 0.565427
0.068039 -0.160000 -0.211381 0.483973 0.723043 -0.492929 0.965661 0.565544
0.079001 -0.000000 -0.197135 0.627640 0.691836 -0.356975 0.960838 0.618426
0.068039 -0.000000 -0.211381 0.505867 0.691836 -0.515229 0.965661 0.618684
0.061188 -0.000000 -0.217232 0.429769 0.691836 -0.580225 0.968393 0.618775
0.061188 -0.160000 -0.217232 0.411169 0.723043 -0.555112 0.968393 0.565635
0.053594 -0.000000 -0.222080 0.345414 0.691836 -0.634076 0.971271 0.618837
0.053594 -0.160000 -0.222080 0.330464 0.723043 -0.606632 0.971271 0.565697
0.045403 -0.000000 -0.225831 0.427345 0.791891 -0.436216 0.974238 0.618869
0.045403 -0.160000 -0.225831 0.538759 0.638200 -0.549944 0.974238 0.565729
0.002500 -0.000000 -0.606235 -0.465174 0.841414 -0.275020 0.948465 0.736537
0.002500 -0.000000 -0.720000 -0.577350 0.577350 -0.577350 0.912314 0.737196
0.002500 -0.340000 -0.720000 -0.301511 0.904534 -0.301511 0.912314 0.624164
0.002500 -0.340000 -0.606235 -0.673123 0.604176 -0.426470 0.948465 0.623505
0.049500 -0.160000 -0.501743 0.625957 0.764686 0.153078 0.474599 0.817140
0.049500 -0.000000 -0.501743 0.732021 0.657342 0.179016 0.527794 0.817684
0.041206 -0.000000 -0.485800 0.630704 0.714147 0.303654 0.527641 0.823426
0.041206 -0.160000 -0.485800 0.643275 0.700200 0.309706 0.474446 0.822882
0.033916 -0.160000 -0.469374 0.661224 0.700198 0.269268 0.474312 0.828717
0.033916 -0.000000 -0.469374 0.648300 0.714148 0.264005 0.527507 0.829261
0.027657 -0.160000 -0.452528 0.676632 0.700199 0.227794 0.474198 0.834624
0.027657 -0.000000 -0.452528 0.663409 0.714148 0.223342 0.527393 0.835168
0.022454 -0.160000 -0.435327 0.689442 0.700199 0.185447 0.474104 0.840578
0.022454 -0.000000 -0.435327 0.675968 0.714148 0.181823 0.527298 0.841122
0.018326 -0.160000 -0.417837 0.699605 0.700199 0.142387 0.474030 0.846558
0.018326 -0.000000 -0.417837 0.685932 0.714148 0.139604 0.527225 0.847102
0.015289 -0.160000 -0.400124 0.707080 0.700200 0.098781 0.473977 0.852541
0.015289 -0.000000 -0.400124 0.693263 0.714147 0.096851 0.527172 0.853085
0.013355 -0.160000 -0.382258 0.711843 0.700198 0.054795 0.473946 0.858502
0.013355 -0.000000 -0.382258 0.697930 0.714149 0.053724 0.527140 0.859047
0.012532 -0.160000 -0.364305 0.713868 0.700200 0.010600 0.473935 0.864421
0.012532 -0.000000 -0.364305 0.699919 0.714147 0.010393 0.527130 0.864965
0.012822 -0.160000 -0.346337 0.713156 0.700198 -0.033635 0.473946 0.870273
0.012822 -0.000000 -0.346337 0.699217 0.714149 -0.032978 0.527140 0.870817
0.014225 -0.160000 -0.328421 0.709702 0.700199 -0.077745 0.473977 0.876036
0.014225 -0.000000 -0.328421 0.695832 0.714148 -0.076226 0.527172 0.876581
0.016734 -0.160000 -0.310626 0.703524 0.700199 -0.121554 0.474030 0.881689
0.016734 -0.000000 -0.310626 0.689775 0.714148 -0.119179 0.527225 0.882233
0.020341 -0.160000 -0.293021 0.694644 0.700199 -0.164896 0.474104 0.887209
0.020341 -0.000000 -0.293021 0.681069 0.714148 -0.161674 0.527298 0.887754
0.025031 -0.160000 -0.275672 0.683097 0.700199 -0.207605 0.474198 0.892576
0.025031 -0.000000 -0.275672 0.669748 0.714148 -0.203547 0.527393 0.893120
0.030787 -0.160000 -0.258648 0.668927 0.700198 -0.249517 0.474312 0.897768
0.030787 -0.000000 -0.258648 0.655853 0.714148 -0.244641 0.527507 0.898312
0.037587 -0.160000 -0.242013 0.652187 0.700199 -0.290471 0.474446 0.902766
0.045403 -0.160000 -0.225831 0.538759 0.638200 -0.549944 0.474599 0.907551
0.037587 -0.000000 -0.242013 0.639442 0.714147 -0.284795 0.527641 0.903310
0.045403 -0.000000 -0.225831 0.427345 0.791891 -0.436216 0.527794 0.908095
0.049500 -0.160000 -0.720000 0.301511 0.301511 -0.904534 0.861247 0.015545
0.002500 -0.340000 -0.720000 -0.301511 0.904534 -0.301511 0.801278 -0.000000
0.002500 -0.000000 -0.720000 -0.577350 0.577350 -0.577350 0.914197 0.000954
0.049500 -0.000000 -0.720000 0.577347 0.577357 -0.577347 0.914386 0.015994
0.432500 -0.160000 -0.720000 -0.293435 0.446867 -0.845107 0.862789 0.138102
0.432500 -0.000000 -0.720000 -0.718197 0.555057 -0.419648 0.915927 0.138551
0.049500 -0.000000 -0.720000 0.577347 0.577357 -0.577347 0.527732 0.746373
0.049500 -0.160000 -0.720000 0.301511 0.301511 -0.904534 0.474538 0.745829
0.547859 -0.069455 -0.110000 -0.881216 0.151583 0.447750 0.967934 0.301698
0.553200 -0.046632 -0.110000 -0.704401 0.131106 0.697589 0.969698 0.309262
0.547859 -0.000000 -0.110000 -0.235384 0.643968 0.727942 0.967934 0.324766
0.556423 -0.023415 -0.110000 -0.713426 0.065751 0.697638 0.970762 0.316963
0.557500 -0.000000 -0.110000 -0.298326 0.909195 0.290458 0.971118 0.324736
0.517974 -0.000000 -0.157161 -0.715563 0.693118 0.086931 0.856763 0.194248
0.517501 -0.000000 -0.165386 -0.734611 0.632211 -0.246283 0.856746 0.196815
0.517501 -0.160000 -0.165386 -0.567475 0.801110 -0.190250 0.803576 0.195304
0.517974 -0.160000 -0.157161 -0.687203 0.721652 0.083486 0.803593 0.192736
0.519484 -0.000000 -0.149062 -0.698821 0.693118 0.176742 0.856757 0.191823
0.519484 -0.160000 -0.149062 -0.671124 0.721653 0.169737 0.803587 0.190312
0.522007 -0.000000 -0.141219 -0.670851 0.693115 0.263723 0.856728 0.189580
0.522007 -0.160000 -0.141219 -0.644258 0.721655 0.253269 0.803558 0.188069
0.525501 -0.000000 -0.133758 -0.632101 0.693120 0.346459 0.856678 0.187555
0.525501 -0.160000 -0.133758 -0.607052 0.721650 0.332729 0.803508 0.186044
0.529910 -0.000000 -0.126799 -0.583203 0.693114 0.423636 0.856607 0.185780
0.529910 -0.160000 -0.126799 -0.560082 0.721656 0.406842 0.803437 0.184269
0.535165 -0.000000 -0.120453 -0.524923 0.693118 0.494008 0.963294 0.324554
0.529910 -0.160000 -0.126799 -0.560082 0.721656 0.406842 0.961287 0.271278
0.535165 -0.160000 -0.120453 -0.504118 0.721652 0.474429 0.963294 0.271414
0.529910 -0.000000 -0.126799 -0.583203 0.693114 0.423636 0.961287 0.324418
0.541180 -0.160000 -0.114824 -0.440060 0.721653 0.534383 0.965522 0.271531
0.547859 -0.160000 -0.110000 -0.798824 0.543286 -0.258304 0.967934 0.271626
0.541180 -0.000000 -0.114824 -0.458221 0.693118 0.556436 0.965522 0.324671
0.577239 -0.160000 -0.452837 -0.676422 0.700148 0.228572 0.801373 0.292573
0.577239 -0.000000 -0.452837 -0.663106 0.714200 0.224072 0.854543 0.294084
0.570910 -0.000000 -0.469801 -0.647831 0.714201 0.265014 0.854623 0.298848
0.570910 -0.160000 -0.469801 -0.660842 0.700147 0.270336 0.801453 0.297337
0.563535 -0.160000 -0.486336 -0.642684 0.700149 0.311046 0.801557 0.301862
0.563535 -0.000000 -0.486336 -0.630032 0.714200 0.304922 0.854727 0.303373
0.555142 -0.000000 -0.502379 -0.618244 0.710638 0.335809 0.854854 0.307641
0.555142 -0.160000 -0.502379 -0.624421 0.703610 0.339164 0.801684 0.306129
0.529226 -0.000000 -0.179182 -0.547225 0.714200 -0.436420 0.856452 0.202360
0.529226 -0.160000 -0.179182 -0.558214 0.700148 -0.445185 0.803282 0.200849
0.540068 -0.160000 -0.193683 -0.584907 0.700148 -0.409484 0.803004 0.206531
0.540068 -0.000000 -0.193683 -0.573391 0.714201 -0.401422 0.856174 0.208042
0.549984 -0.160000 -0.208832 -0.609321 0.700147 -0.372185 0.802743 0.212327
0.549984 -0.000000 -0.208832 -0.597324 0.714201 -0.364857 0.855913 0.213839
0.558935 -0.160000 -0.224570 -0.631357 0.700149 -0.333437 0.802502 0.218216
0.558935 -0.000000 -0.224570 -0.618928 0.714200 -0.326873 0.855672 0.219727
0.566886 -0.160000 -0.240836 -0.650935 0.700147 -0.293390 0.802280 0.224172
0.566886 -0.000000 -0.240836 -0.638118 0.714202 -0.287613 0.855450 0.225684
0.573807 -0.160000 -0.257567 -0.667975 0.700148 -0.252196 0.802078 0.230175
0.579670 -0.160000 -0.274697 -0.682410 0.700148 -0.210022 0.801898 0.236199
0.573807 -0.000000 -0.257567 -0.654824 0.714201 -0.247231 0.855248 0.231686
0.579670 -0.000000 -0.274697 -0.668975 0.714201 -0.205887 0.855068 0.237711
0.584453 -0.160000 -0.292159 -0.694186 0.700148 -0.167029 0.801739 0.242223
0.584453 -0.000000 -0.292159 -0.680519 0.714201 -0.163740 0.854909 0.243734
0.588137 -0.160000 -0.309886 -0.703256 0.700148 -0.123385 0.801603 0.248221
0.588137 -0.000000 -0.309886 -0.689411 0.714200 -0.120956 0.854773 0.249732
0.590708 -0.160000 -0.327808 -0.709586 0.700147 -0.079259 0.801491 0.254171
0.592155 -0.160000 -0.345856 -0.713148 0.700148 -0.034824 0.801401 0.260050
0.590708 -0.000000 -0.327808 -0.695614 0.714202 -0.077698 0.854661 0.255683
0.592155 -0.000000 -0.345856 -0.699108 0.714200 -0.034138 0.854571 0.261562
0.592473 -0.160000 -0.363958 -0.713931 0.700148 0.009743 0.801336 0.265835
0.592473 -0.000000 -0.363958 -0.699876 0.714201 0.009551 0.854506 0.267346
0.591661 -0.160000 -0.382046 -0.711933 0.700147 0.054277 0.801295 0.271503
0.591661 -0.000000 -0.382046 -0.697915 0.714202 0.053208 0.854465 0.273014
0.589722 -0.160000 -0.400047 -0.707157 0.700148 0.098599 0.801278 0.277032
0.589722 -0.000000 -0.400047 -0.693235 0.714201 0.096657 0.854448 0.278543
0.586663 -0.160000 -0.417892 -0.699627 0.700147 0.142535 0.801285 0.282400
0.586663 -0.000000 -0.417892 -0.685852 0.714201 0.139729 0.854455 0.283911
0.582496 -0.000000 -0.435512 -0.675795 0.714201 0.182257 0.854487 0.289099
0.582496 -0.160000 -0.435512 -0.689368 0.700148 0.185917 0.801317 0.287587
0.432500 -0.000000 -0.720000 -0.718197 0.555057 -0.419648 0.856763 0.364657
0.432500 -0.160000 -0.720000 -0.293435 0.446867 -0.845107 0.803593 0.363146
-0.282500 -0.470000 0.120000 -0.465270 -0.596944 0.653591 0.000000 0.385435
-0.282500 -0.340000 0.120000 -0.465270 0.596945 0.653591 0.043218 0.385569
-0.364339 -0.340000 -0.116225 -0.680240 0.700875 0.214585 0.045891 0.452493
-0.364339 -0.470000 -0.116225 -0.680240 -0.700876 0.214585 0.002673 0.452358
-0.367399 -0.470000 -0.126963 -0.701630 -0.694754 0.158215 0.002782 0.455466
-0.369243 -0.470000 -0.137976 -0.714895 -0.694754 0.079007 0.002870 0.458782
-0.367399 -0.340000 -0.126963 -0.701630 0.694754 0.158215 0.046000 0.455601
-0.369848 -0.470000 -0.149125 -0.719244 -0.694756 -0.001178 0.002935 0.462265
-0.369243 -0.340000 -0.137976 -0.714895 0.694754 0.079007 0.046088 0.458917
-0.369207 -0.470000 -0.160272 -0.714633 -0.694753 -0.081352 0.002976 0.465871
-0.369848 -0.340000 -0.149125 -0.719244 0.694756 -0.001178 0.046152 0.462399
-0.367326 -0.470000 -0.171278 -0.701107 -0.694754 -0.160518 0.002994 0.469556
-0.369207 -0.340000 -0.160272 -0.714633 0.694753 -0.081352 0.046194 0.466006
-0.367326 -0.340000 -0.171278 -0.701107 0.694754 -0.160518 0.046211 0.469690
-0.364231 -0.470000 -0.182006 -0.678841 -0.694755 -0.237680 0.002987 0.473273
-0.364231 -0.340000 -0.182006 -0.678841 0.694754 -0.237680 0.046205 0.473408
-0.359958 -0.470000 -0.192322 -0.648114 -0.694754 -0.311873 0.002956 0.476976
-0.359958 -0.340000 -0.192322 -0.648112 0.694756 -0.311875 0.046174 0.477111
-0.354563 -0.470000 -0.202097 -0.609307 -0.694755 -0.382179 0.002902 0.480620
-0.348111 -0.470000 -0.211210 -0.562902 -0.694753 -0.447727 0.002824 0.484158
-0.354563 -0.340000 -0.202097 -0.609306 0.694755 -0.382180 0.046120 0.480755
-0.348111 -0.340000 -0.211210 -0.562902 0.694753 -0.447727 0.046042 0.484293
-0.340684 -0.470000 -0.219547 -0.509478 -0.694755 -0.507688 0.002725 0.487547
-0.340684 -0.340000 -0.219547 -0.509478 0.694755 -0.507688 0.045942 0.487681
-0.332373 -0.470000 -0.227004 -0.449705 -0.694754 -0.561322 0.002604 0.490743
-0.332373 -0.340000 -0.227004 -0.449706 0.694753 -0.561322 0.045822 0.490878
-0.323283 -0.470000 -0.233487 -0.486443 -0.852561 -0.191085 0.002464 0.493709
-0.323283 -0.340000 -0.233487 -0.486443 0.852561 -0.191085 0.045682 0.493843
0.089974 -0.470000 0.147771 0.633730 -0.678933 0.370723 0.961021 0.279110
0.089974 -0.340000 0.147771 0.633730 0.678933 0.370723 0.917799 0.279288
0.081191 -0.470000 0.159090 0.516484 -0.678933 0.521817 0.961124 0.274846
0.081191 -0.340000 0.159090 0.516484 0.678934 0.521817 0.917901 0.275024
0.069782 -0.470000 0.167757 0.364194 -0.678933 0.637505 0.961287 0.271278
0.069782 -0.340000 0.167757 0.364194 0.678933 0.637505 0.918065 0.271456
0.056523 -0.470000 0.173182 0.187190 -0.678933 0.709937 0.984964 0.941814
0.069782 -0.470000 0.167757 0.364194 -0.678933 0.637505 0.989111 0.941642
0.056523 -0.340000 0.173182 0.187190 0.678933 0.709937 0.984964 0.984990
0.069782 -0.340000 0.167757 0.364194 0.678933 0.637505 0.989111 0.984818
0.042312 -0.470000 0.175000 -0.002515 -0.678933 0.734196 0.980349 0.941902
0.042312 -0.340000 0.175000 -0.002515 0.678933 0.734196 0.980349 0.985078
0.028113 -0.470000 0.173085 -0.192048 -0.678933 0.708637 0.975578 0.941900
0.028113 -0.340000 0.173085 -0.192048 0.678933 0.708637 0.975578 0.985076
0.014891 -0.470000 0.167569 -0.368552 -0.678933 0.634996 0.970976 0.941809
0.014891 -0.340000 0.167569 -0.368552 0.678933 0.634996 0.970976 0.984985
0.003543 -0.470000 0.158824 -0.520048 -0.678933 0.518267 0.966853 0.941634
0.003543 -0.340000 0.158824 -0.520048 0.678933 0.518267 0.966853 0.984810
-0.005163 -0.470000 0.147446 -0.636255 -0.678934 0.366373 0.963491 0.941387
-0.005163 -0.340000 0.147446 -0.636255 0.678933 0.366373 0.963491 0.984563
-0.010634 -0.470000 0.134205 -0.709291 -0.678934 0.189621 0.955649 0.795722
-0.005163 -0.470000 0.147446 -0.636255 -0.678934 0.366373 0.955826 0.799384
-0.010634 -0.340000 0.134205 -0.709291 0.678934 0.189621 0.912431 0.795722
-0.005163 -0.340000 0.147446 -0.636255 0.678933 0.366373 0.912608 0.799384
-0.012500 -0.340000 0.120000 -0.302139 0.888866 0.344426 0.912314 0.791394
0.650226 -0.470000 0.027821 0.521657 -0.702365 0.484311 0.709143 0.610273
0.650226 -0.340000 0.027821 0.521657 0.702365 0.484311 0.752366 0.610371
0.633408 -0.340000 0.045183 0.500652 0.702365 0.505995 0.752104 0.617127
0.633408 -0.470000 0.045183 0.500652 -0.702365 0.505995 0.708882 0.617029
0.615869 -0.340000 0.061816 0.478751 0.702367 0.526763 0.751828 0.623692
0.597641 -0.470000 0.077690 0.416822 -0.908741 0.021202 0.708313 0.629955
0.615869 -0.470000 0.061816 0.478750 -0.702367 0.526763 0.708605 0.623594
0.597641 -0.340000 0.077690 0.416822 0.908741 0.021202 0.751536 0.630053
-0.328147 -0.340000 -0.257165 -0.700136 0.702366 0.128421 0.045887 0.500884
-0.328147 -0.470000 -0.257165 -0.700136 -0.702366 0.128421 0.002670 0.500749
-0.332003 -0.470000 -0.281026 -0.704952 -0.702365 0.098623 0.002857 0.507948
-0.332003 -0.340000 -0.281026 -0.704951 0.702365 0.098623 0.046075 0.508083
-0.334843 -0.470000 -0.305030 -0.708499 -0.702365 0.068646 0.003025 0.515293
-0.334843 -0.340000 -0.305030 -0.708499 0.702365 0.068646 0.046243 0.515428
-0.336664 -0.470000 -0.329133 -0.710772 -0.702365 0.038546 0.003175 0.522772
-0.336664 -0.340000 -0.329133 -0.710772 0.702365 0.038546 0.046393 0.522906
-0.337460 -0.470000 -0.353292 -0.711767 -0.702366 0.008378 0.003306 0.530370
-0.337460 -0.340000 -0.353292 -0.711767 0.702366 0.008378 0.046524 0.530504
-0.337233 -0.470000 -0.377462 -0.711483 -0.702365 -0.021806 0.003418 0.538073
-0.335980 -0.470000 -0.401601 -0.709918 -0.702366 -0.051952 0.003511 0.545869
-0.337233 -0.340000 -0.377462 -0.711483 0.702365 -0.021806 0.046636 0.538208
-0.333705 -0.470000 -0.425665 -0.707078 -0.702365 -0.082003 0.003583 0.553743
-0.335980 -0.340000 -0.401601 -0.709918 0.702366 -0.051952 0.046728 0.546004
-0.330412 -0.470000 -0.449611 -0.702965 -0.702366 -0.111906 0.003637 0.561680
-0.333705 -0.340000 -0.425665 -0.707078 0.702365 -0.082003 0.046801 0.553877
-0.326107 -0.470000 -0.473396 -0.697589 -0.702365 -0.141611 0.003670 0.569667
-0.330412 -0.340000 -0.449611 -0.702965 0.702366 -0.111906 0.046854 0.561815
-0.320797 -0.470000 -0.496977 -0.690956 -0.702367 -0.171057 0.003683 0.577689
-0.326107 -0.340000 -0.473396 -0.697589 0.702365 -0.141610 0.046888 0.569802
-0.314492 -0.470000 -0.520312 -0.683085 -0.702365 -0.200197 0.003677 0.585732
-0.320797 -0.340000 -0.496977 -0.690956 0.702367 -0.171057 0.046901 0.577824
-0.314492 -0.340000 -0.520312 -0.683085 0.702364 -0.200197 0.046895 0.585867
-0.307203 -0.470000 -0.543359 -0.673981 -0.702366 -0.228979 0.003651 0.593782
-0.307203 -0.340000 -0.543359 -0.673982 0.702366 -0.228979 0.046868 0.593917
-0.298944 -0.470000 -0.566075 -0.663668 -0.702366 -0.257346 0.003604 0.601823
-0.289730 -0.470000 -0.588421 -0.652161 -0.702366 -0.285252 0.003539 0.609841
-0.298944 -0.340000 -0.566075 -0.663668 0.702366 -0.257347 0.046822 0.601958
-0.289730 -0.340000 -0.588421 -0.652161 0.702365 -0.285253 0.046756 0.609976
-0.279576 -0.470000 -0.610357 -0.639480 -0.702365 -0.312647 0.003453 0.617823
-0.279576 -0.340000 -0.610357 -0.639481 0.702365 -0.312647 0.046671 0.617957
-0.268501 -0.470000 -0.631842 -0.625650 -0.702366 -0.339475 0.003348 0.625753
-0.256525 -0.470000 -0.652838 -0.610696 -0.702365 -0.365697 0.003224 0.633617
-0.268501 -0.340000 -0.631842 -0.625650 0.702366 -0.339476 0.046566 0.625887
-0.256525 -0.340000 -0.652838 -0.610696 0.702364 -0.365697 0.046441 0.633752
-0.243670 -0.470000 -0.673308 -0.594641 -0.702366 -0.391261 0.003080 0.641401
-0.243670 -0.340000 -0.673308 -0.594641 0.702365 -0.391261 0.046298 0.641536
-0.229959 -0.470000 -0.693214 -0.577519 -0.702366 -0.416118 0.002918 0.649092
-0.229959 -0.340000 -0.693214 -0.577519 0.702366 -0.416118 0.046136 0.649227
-0.215416 -0.470000 -0.712521 -0.559358 -0.702365 -0.440230 0.002738 0.656675
-0.215416 -0.340000 -0.712521 -0.559358 0.702365 -0.440230 0.045955 0.656810
-0.200068 -0.470000 -0.731194 -0.540190 -0.702366 -0.463547 0.002539 0.664137
-0.200068 -0.340000 -0.731194 -0.540190 0.702366 -0.463547 0.045757 0.664272
-0.183941 -0.470000 -0.749200 -0.520053 -0.702365 -0.486033 0.002322 0.671464
-0.183941 -0.340000 -0.749200 -0.520053 0.702365 -0.486033 0.045540 0.671599
-0.167066 -0.470000 -0.766506 -0.498978 -0.702366 -0.507645 0.002088 0.678643
-0.167066 -0.340000 -0.766506 -0.498978 0.702366 -0.507645 0.045306 0.678778
-0.149472 -0.470000 -0.783080 -0.477008 -0.702366 -0.528342 0.001837 0.685661
-0.149472 -0.340000 -0.783080 -0.477009 0.702366 -0.528342 0.045055 0.685796
-0.131192 -0.340000 -0.798894 -0.454179 0.702365 -0.548092 0.044787 0.692641
-0.131192 -0.470000 -0.798894 -0.454179 -0.702365 -0.548092 0.001569 0.692506
-0.112257 -0.470000 -0.813919 -0.430532 -0.702366 -0.566855 0.001285 0.699166
-0.112257 -0.340000 -0.813919 -0.430532 0.702366 -0.566855 0.044503 0.699300
-0.092703 -0.340000 -0.828127 -0.406114 0.702366 -0.584597 0.044204 0.705762
-0.092703 -0.470000 -0.828127 -0.406114 -0.702366 -0.584597 0.000986 0.705627
-0.072563 -0.340000 -0.841494 -0.380964 0.702365 -0.601290 0.043889 0.712014
-0.072563 -0.470000 -0.841494 -0.380964 -0.702365 -0.601290 0.000672 0.711879
-0.051875 -0.340000 -0.853995 -0.355128 0.702366 -0.616901 0.043561 0.718046
-0.051875 -0.470000 -0.853995 -0.355128 -0.702366 -0.616901 0.000343 0.717911
-0.030676 -0.340000 -0.865607 -0.328655 0.702365 -0.631403 0.043218 0.723846
-0.030676 -0.470000 -0.865607 -0.328654 -0.702365 -0.631403 0.000000 0.723711
-0.009003 -0.470000 -0.876310 -0.301589 -0.702366 -0.644769 0.091228 0.391380
-0.030676 -0.470000 -0.865607 -0.328654 -0.702365 -0.631403 0.090832 0.385435
-0.030676 -0.340000 -0.865607 -0.328655 0.702365 -0.631403 0.134009 0.385435
0.013104 -0.470000 -0.886085 -0.273982 -0.702365 -0.656976 0.091604 0.397551
-0.009003 -0.340000 -0.876310 -0.301589 0.702365 -0.644769 0.134404 0.391380
0.013104 -0.340000 -0.886085 -0.273982 0.702365 -0.656976 0.134780 0.397551
0.035605 -0.470000 -0.894913 -0.245882 -0.702366 -0.668000 0.091961 0.403934
0.035605 -0.340000 -0.894913 -0.245882 0.702366 -0.668000 0.135138 0.403934
0.058461 -0.470000 -0.902780 -0.217341 -0.702365 -0.677825 0.092298 0.410521
0.058461 -0.340000 -0.902780 -0.217341 0.702365 -0.677825 0.135475 0.410521
0.081629 -0.470000 -0.909671 -0.188408 -0.702366 -0.686429 0.092615 0.417297
0.105069 -0.470000 -0.915573 -0.159136 -0.702365 -0.693801 0.092910 0.424251
0.081629 -0.340000 -0.909671 -0.188408 0.702366 -0.686429 0.135791 0.417297
0.105069 -0.340000 -0.915573 -0.159136 0.702365 -0.693801 0.136086 0.424251
0.128738 -0.470000 -0.920476 -0.129576 -0.702366 -0.699923 0.093183 0.431371
0.128738 -0.340000 -0.920476 -0.129576 0.702366 -0.699923 0.136360 0.431371
0.152594 -0.470000 -0.924371 -0.099787 -0.702366 -0.704787 0.093435 0.438644
0.152594 -0.340000 -0.924371 -0.099787 0.702365 -0.704787 0.136611 0.438644
0.176593 -0.470000 -0.927252 -0.069818 -0.702366 -0.708384 0.093663 0.446057
0.176593 -0.340000 -0.927252 -0.069818 0.702366 -0.708384 0.136840 0.446057
0.200693 -0.470000 -0.929112 -0.039722 -0.702365 -0.710708 0.093869 0.453595
0.200693 -0.340000 -0.929112 -0.039722 0.702365 -0.710708 0.137045 0.453595
0.224850 -0.470000 -0.929949 -0.009553 -0.702365 -0.711752 0.094051 0.461247
0.224850 -0.340000 -0.929949 -0.009553 0.702365 -0.711753 0.137227 0.461247
0.249020 -0.470000 -0.929761 0.020633 -0.702366 -0.711517 0.094209 0.468998
0.249020 -0.340000 -0.929761 0.020633 0.702365 -0.711518 0.137385 0.468998
0.273161 -0.470000 -0.928548 0.050777 -0.702366 -0.710002 0.094343 0.476834
0.273161 -0.340000 -0.928548 0.050777 0.702366 -0.710002 0.137519 0.476834
0.297229 -0.470000 -0.926313 0.080833 -0.702365 -0.707213 0.094453 0.484741
0.297229 -0.340000 -0.926313 0.080833 0.702365 -0.707213 0.137629 0.484741
0.321181 -0.470000 -0.923059 0.110746 -0.702365 -0.703149 0.094538 0.492704
0.321181 -0.340000 -0.923059 0.110746 0.702365 -0.703149 0.137714 0.492704
0.344973 -0.470000 -0.918793 0.140456 -0.702366 -0.697821 0.094599 0.500711
0.344973 -0.340000 -0.918793 0.140456 0.702366 -0.697821 0.137775 0.500710
0.368563 -0.470000 -0.913522 0.169915 -0.702365 -0.691240 0.094635 0.508745
0.368563 -0.340000 -0.913522 0.169916 0.702364 -0.691240 0.137811 0.508745
0.391908 -0.470000 -0.907256 0.199068 -0.702366 -0.683413 0.094646 0.516793
0.391908 -0.340000 -0.907256 0.199068 0.702367 -0.683413 0.137822 0.516793
0.414966 -0.340000 -0.900006 0.227864 0.702364 -0.674361 0.137808 0.524840
0.414966 -0.470000 -0.900006 0.227864 -0.702365 -0.674360 0.094632 0.524840
0.437697 -0.470000 -0.891784 0.256250 -0.702366 -0.664092 0.094593 0.532872
0.437697 -0.340000 -0.891784 0.256250 0.702366 -0.664092 0.137769 0.532872
0.460058 -0.470000 -0.882606 0.284174 -0.702365 -0.652632 0.094530 0.540874
0.460058 -0.340000 -0.882606 0.284174 0.702365 -0.652632 0.137706 0.540874
0.482010 -0.340000 -0.872489 0.311587 0.702366 -0.639997 0.137618 0.548832
0.482010 -0.470000 -0.872489 0.311587 -0.702366 -0.639996 0.094442 0.548832
0.503514 -0.340000 -0.861450 0.338440 0.702365 -0.626212 0.137505 0.556731
0.503514 -0.470000 -0.861450 0.338440 -0.702365 -0.626212 0.094329 0.556731
0.524530 -0.340000 -0.849509 0.364688 0.702365 -0.611299 0.137368 0.564558
0.524530 -0.470000 -0.849509 0.364688 -0.702365 -0.611299 0.094192 0.564558
0.545021 -0.470000 -0.836687 0.390277 -0.702366 -0.595286 0.094031 0.572298
0.545021 -0.340000 -0.836688 0.390277 0.702366 -0.595287 0.137207 0.572298
0.564949 -0.470000 -0.823009 0.415163 -0.702366 -0.578206 0.093846 0.579938
0.564949 -0.340000 -0.823009 0.415163 0.702366 -0.578206 0.137023 0.579938
0.584280 -0.470000 -0.808498 0.439302 -0.702366 -0.560086 0.093638 0.587463
0.584280 -0.340000 -0.808498 0.439302 0.702366 -0.560086 0.136815 0.587463
0.602979 -0.340000 -0.793181 0.462654 0.702365 -0.540957 0.136583 0.594860
0.602979 -0.470000 -0.793181 0.462654 -0.702365 -0.540957 0.093407 0.594860
0.621011 -0.470000 -0.777084 0.485175 -0.702365 -0.520854 0.093153 0.602116
0.621011 -0.340000 -0.777084 0.485175 0.702365 -0.520854 0.136330 0.602116
0.638345 -0.340000 -0.760237 0.506819 0.702366 -0.499816 0.136054 0.609218
0.638345 -0.470000 -0.760237 0.506819 -0.702366 -0.499816 0.092877 0.609218
0.654949 -0.340000 -0.742671 0.527554 0.702365 -0.477881 0.135756 0.616152
0.654949 -0.470000 -0.742671 0.527554 -0.702365 -0.477881 0.092580 0.616152
0.670793 -0.470000 -0.724417 0.547340 -0.702366 -0.455084 0.092261 0.622907
0.670793 -0.340000 -0.724417 0.547340 0.702365 -0.455084 0.135437 0.622907
0.685849 -0.470000 -0.705507 0.566141 -0.702366 -0.431470 0.091921 0.629471
0.685849 -0.340000 -0.705507 0.566141 0.702365 -0.431470 0.135098 0.629471
0.700090 -0.470000 -0.685976 0.583928 -0.702364 -0.407078 0.091562 0.635831
0.700090 -0.340000 -0.685976 0.583928 0.702364 -0.407078 0.134738 0.635831
0.713489 -0.470000 -0.665858 0.600660 -0.702366 -0.381954 0.091183 0.641976
0.713489 -0.340000 -0.665859 0.600660 0.702366 -0.381954 0.134360 0.641976
0.713489 -0.470000 -0.665858 0.600660 -0.702366 -0.381954 0.708313 0.379561
0.713489 -0.340000 -0.665859 0.600660 0.702366 -0.381954 0.751536 0.379659
0.726024 -0.340000 -0.645191 0.616314 0.702365 -0.356147 0.751828 0.385604
0.726024 -0.470000 -0.645191 0.616314 -0.702365 -0.356147 0.708605 0.385506
0.737671 -0.470000 -0.624011 0.630859 -0.702366 -0.329696 0.708882 0.391675
0.737671 -0.340000 -0.624011 0.630859 0.702366 -0.329696 0.752104 0.391773
0.748410 -0.470000 -0.602356 0.644268 -0.702366 -0.302656 0.709143 0.398058
0.748410 -0.340000 -0.602356 0.644268 0.702366 -0.302656 0.752366 0.398156
0.758222 -0.470000 -0.580265 0.656521 -0.702366 -0.275069 0.709388 0.404643
0.758222 -0.340000 -0.580265 0.656521 0.702365 -0.275070 0.752611 0.404741
0.767088 -0.470000 -0.557778 0.667595 -0.702364 -0.246984 0.709617 0.411419
0.774992 -0.470000 -0.534936 0.677465 -0.702366 -0.218457 0.709829 0.418372
0.767088 -0.340000 -0.557779 0.667595 0.702364 -0.246985 0.752840 0.411517
0.781921 -0.470000 -0.511779 0.686116 -0.702366 -0.189542 0.710024 0.425491
0.774992 -0.340000 -0.534936 0.677465 0.702366 -0.218457 0.753052 0.418470
0.787862 -0.470000 -0.488349 0.693536 -0.702365 -0.160284 0.710202 0.432763
0.781921 -0.340000 -0.511779 0.686117 0.702366 -0.189542 0.753247 0.425589
0.787862 -0.340000 -0.488349 0.693536 0.702365 -0.160284 0.753425 0.432861
0.792804 -0.340000 -0.464688 0.699708 0.702366 -0.130736 0.753584 0.440273
0.792804 -0.470000 -0.464688 0.699708 -0.702366 -0.130736 0.710361 0.440175
0.796739 -0.340000 -0.440839 0.704622 0.702365 -0.100951 0.753726 0.447811
0.796739 -0.470000 -0.440839 0.704623 -0.702365 -0.100951 0.710503 0.447713
0.799658 -0.470000 -0.416844 0.708268 -0.702366 -0.070986 0.710626 0.455365
0.799658 -0.340000 -0.416844 0.708268 0.702366 -0.070986 0.753849 0.455463
0.801559 -0.340000 -0.392748 0.710641 0.702366 -0.040897 0.753954 0.463213
0.801559 -0.470000 -0.392748 0.710641 -0.702366 -0.040897 0.710731 0.463115
0.802435 -0.470000 -0.368592 0.711736 -0.702365 -0.010732 0.710817 0.470950
0.802435 -0.340000 -0.368592 0.711736 0.702365 -0.010732 0.754040 0.471048
0.802287 -0.470000 -0.344421 0.711551 -0.702365 0.019455 0.710884 0.478857
0.802287 -0.340000 -0.344421 0.711551 0.702365 0.019455 0.754107 0.478955
0.801114 -0.340000 -0.320278 0.710086 0.702365 0.049606 0.754154 0.486918
0.801114 -0.470000 -0.320278 0.710086 -0.702365 0.049606 0.710932 0.486820
0.798919 -0.340000 -0.296207 0.707344 0.702366 0.079666 0.754183 0.494924
0.798919 -0.470000 -0.296207 0.707344 -0.702366 0.079666 0.710960 0.494826
0.795705 -0.340000 -0.272250 0.703331 0.702365 0.109582 0.754193 0.502959
0.795705 -0.470000 -0.272250 0.703331 -0.702365 0.109582 0.710970 0.502861
0.791478 -0.340000 -0.248451 0.698053 0.702366 0.139302 0.754183 0.511006
0.791478 -0.470000 -0.248451 0.698053 -0.702366 0.139302 0.710960 0.510908
0.786247 -0.470000 -0.224852 0.691520 -0.702365 0.168773 0.710932 0.518956
0.786247 -0.340000 -0.224852 0.691520 0.702365 0.168773 0.754154 0.519054
0.780019 -0.470000 -0.201497 0.683741 -0.702366 0.197941 0.710884 0.526987
0.780019 -0.340000 -0.201497 0.683741 0.702366 0.197940 0.754107 0.527085
0.772806 -0.340000 -0.178426 0.674735 0.702366 0.226749 0.754040 0.535088
0.772806 -0.470000 -0.178426 0.674735 -0.702365 0.226750 0.710817 0.534990
0.764623 -0.470000 -0.155682 0.664515 -0.702365 0.255151 0.710731 0.542948
0.764623 -0.340000 -0.155682 0.664515 0.702366 0.255151 0.753954 0.543046
0.755482 -0.340000 -0.133306 0.653101 0.702365 0.283095 0.753849 0.550946
0.755482 -0.470000 -0.133306 0.653100 -0.702365 0.283095 0.710626 0.550848
0.745401 -0.340000 -0.111337 0.640511 0.702365 0.310530 0.753726 0.558773
0.745401 -0.470000 -0.111337 0.640511 -0.702365 0.310530 0.710503 0.558675
0.734397 -0.470000 -0.089816 0.626769 -0.702365 0.337406 0.710361 0.566415
0.734397 -0.340000 -0.089816 0.626769 0.702365 0.337406 0.753584 0.566513
0.722491 -0.470000 -0.068780 0.611901 -0.702365 0.363677 0.710202 0.574055
0.722491 -0.340000 -0.068780 0.611901 0.702365 0.363677 0.753425 0.574153
0.709703 -0.470000 -0.048268 0.595931 -0.702366 0.389293 0.710024 0.581581
0.709703 -0.340000 -0.048268 0.595931 0.702366 0.389293 0.753247 0.581679
0.696058 -0.470000 -0.028316 0.578892 -0.702366 0.414207 0.709829 0.588979
0.696058 -0.340000 -0.028316 0.578891 0.702366 0.414206 0.753052 0.589077
0.681579 -0.340000 -0.008961 0.560810 0.702365 0.438378 0.752840 0.596333
0.681579 -0.470000 -0.008961 0.560810 -0.702365 0.438378 0.709617 0.596235
0.666292 -0.470000 0.009763 0.541720 -0.702366 0.461759 0.709388 0.603338
0.666292 -0.340000 0.009763 0.541720 0.702366 0.461759 0.752611 0.603436
0.607018 -0.470000 0.087703 0.593418 -0.680083 -0.430514 0.038527 0.723846
0.597641 -0.470000 0.077690 0.416822 -0.908741 0.021202 0.042452 0.724017
0.597641 -0.340000 0.077690 0.416822 0.908741 0.021202 0.042452 0.767193
0.613627 -0.470000 0.099725 0.681503 -0.680084 -0.270259 0.248287 0.945869
0.607018 -0.470000 0.087703 0.593418 -0.680083 -0.430514 0.251789 0.945704
0.607018 -0.340000 0.087703 0.593418 0.680083 -0.430514 0.251789 0.988927
0.607018 -0.340000 0.087703 0.593418 0.680083 -0.430514 0.038527 0.767023
0.617054 -0.470000 0.113009 0.727185 -0.680085 -0.093197 0.244168 0.945980
0.613627 -0.340000 0.099725 0.681503 0.680084 -0.270258 0.248287 0.989092
0.617087 -0.470000 0.126727 0.727632 -0.680082 0.089669 0.239689 0.946030
0.617054 -0.340000 0.113009 0.727185 0.680086 -0.093196 0.244168 0.989203
0.613724 -0.470000 0.140027 0.682802 -0.680085 0.266958 0.235127 0.946017
0.617087 -0.340000 0.126727 0.727632 0.680082 0.089669 0.239689 0.989253
0.607174 -0.470000 0.152081 0.595495 -0.680083 0.427636 0.230766 0.945940
0.613724 -0.340000 0.140027 0.682801 0.680084 0.266961 0.235127 0.989240
0.597845 -0.470000 0.162139 0.471137 -0.680084 0.561707 0.226878 0.945805
0.607174 -0.340000 0.152081 0.595493 0.680085 0.427637 0.230766 0.989163
0.586317 -0.470000 0.169576 0.317471 -0.680085 0.660831 0.934568 0.331773
0.597845 -0.470000 0.162139 0.471137 -0.680084 0.561707 0.938057 0.331558
0.597845 -0.340000 0.162140 0.471139 0.680084 0.561706 0.938057 0.374734
0.597845 -0.340000 0.162140 0.471139 0.680084 0.561706 0.226878 0.989028
0.573307 -0.470000 0.173928 0.144051 -0.680084 0.718843 0.930458 0.331918
0.586317 -0.340000 0.169576 0.317469 0.680083 0.660833 0.934568 0.374949
0.559624 -0.470000 0.174925 -0.038333 -0.680084 0.732132 0.925982 0.331985
0.573307 -0.340000 0.173928 0.144048 0.680085 0.718843 0.930458 0.375094
0.546121 -0.470000 0.172505 -0.218329 -0.680085 0.699869 0.921419 0.331969
0.559624 -0.340000 0.174925 -0.038332 0.680084 0.732132 0.925982 0.375161
0.533636 -0.470000 0.166818 -0.384741 -0.680084 0.624067 0.917053 0.331871
0.546121 -0.340000 0.172505 -0.218333 0.680083 0.699870 0.921419 0.375145
0.522948 -0.470000 0.158218 -0.527221 -0.680083 0.509436 0.913154 0.331697
0.533636 -0.340000 0.166818 -0.384745 0.680085 0.624064 0.917052 0.375047
0.514720 -0.470000 0.147241 -0.636897 -0.680084 0.363109 0.909967 0.331459
0.522948 -0.340000 0.158218 -0.527222 0.680083 0.509435 0.913154 0.374874
0.514720 -0.340000 0.147241 -0.636898 0.680085 0.363106 0.909967 0.374635
0.509465 -0.470000 0.134569 -0.716130 -0.683244 0.142605 0.906464 0.330480
0.514720 -0.470000 0.147241 -0.636897 -0.680084 0.363109 0.909967 0.330309
0.514720 -0.340000 0.147241 -0.636898 0.680085 0.363106 0.909967 0.373527
-0.060098 -0.150000 -0.216393 -0.662966 0.701095 0.262568 0.591774 0.769573
-0.060098 -0.340000 -0.216393 -0.651691 0.713219 0.258102 0.528617 0.768573
-0.051839 -0.340000 -0.197077 -0.636848 0.713220 0.292817 0.528437 0.763254
-0.051839 -0.150000 -0.197077 -0.647867 0.701095 0.297884 0.591594 0.764254
-0.042553 -0.340000 -0.178234 -0.620159 0.713219 0.326684 0.528236 0.758188
-0.042553 -0.150000 -0.178234 -0.630887 0.701095 0.332336 0.591393 0.759188
-0.042553 -0.340000 -0.541766 -0.620158 0.713219 -0.326685 0.528513 0.873726
-0.042553 -0.150000 -0.541766 -0.630887 0.701095 -0.332337 0.591670 0.874726
-0.051839 -0.150000 -0.522923 -0.647867 0.701095 -0.297884 0.591842 0.867815
-0.051839 -0.340000 -0.522923 -0.636848 0.713220 -0.292818 0.528685 0.866815
-0.060098 -0.150000 -0.503607 -0.662966 0.701095 -0.262567 0.591993 0.860856
-0.060098 -0.340000 -0.503607 -0.651692 0.713219 -0.258102 0.528836 0.859856
-0.067304 -0.150000 -0.483875 -0.676142 0.701095 -0.226491 0.592123 0.853869
-0.067304 -0.340000 -0.483875 -0.664643 0.713219 -0.222639 0.528966 0.852869
-0.073438 -0.150000 -0.463783 -0.687357 0.701094 -0.189755 0.592231 0.846875
-0.073438 -0.340000 -0.463783 -0.675666 0.713220 -0.186528 0.529074 0.845874
-0.078480 -0.150000 -0.443390 -0.696577 0.701095 -0.152467 0.592316 0.839893
-0.078480 -0.340000 -0.443390 -0.684731 0.713219 -0.149874 0.529159 0.838893
-0.082418 -0.150000 -0.422755 -0.703775 0.701096 -0.114741 0.592379 0.832943
-0.082418 -0.340000 -0.422755 -0.691808 0.713219 -0.112790 0.529223 0.831943
-0.085239 -0.150000 -0.401938 -0.708934 0.701094 -0.076679 0.592420 0.826047
-0.085239 -0.340000 -0.401938 -0.696876 0.713220 -0.075375 0.529263 0.825047
-0.086934 -0.150000 -0.381000 -0.712033 0.701095 -0.038394 0.592438 0.819224
-0.086934 -0.340000 -0.381000 -0.699925 0.713219 -0.037742 0.529281 0.818224
-0.087500 -0.150000 -0.360000 -0.713068 0.701095 0.000000 0.592434 0.812494
-0.087500 -0.340000 -0.360000 -0.700941 0.713220 0.000000 0.529277 0.811494
-0.086934 -0.150000 -0.339001 -0.712033 0.701095 0.038394 0.592406 0.805876
-0.086934 -0.340000 -0.339000 -0.699925 0.713218 0.037742 0.529249 0.804876
-0.085239 -0.150000 -0.318062 -0.708934 0.701094 0.076679 0.592356 0.799390
-0.085239 -0.340000 -0.318062 -0.696876 0.713220 0.075375 0.529199 0.798390
-0.082418 -0.150000 -0.297245 -0.703776 0.701095 0.114740 0.592284 0.793054
-0.082418 -0.340000 -0.297245 -0.691807 0.713219 0.112789 0.529127 0.792054
-0.078480 -0.340000 -0.276610 -0.684731 0.713219 0.149874 0.529032 0.785886
-0.078480 -0.150000 -0.276610 -0.696577 0.701095 0.152467 0.592189 0.786886
-0.073438 -0.340000 -0.256217 -0.675666 0.713220 0.186528 0.528915 0.779906
-0.073438 -0.150000 -0.256217 -0.687357 0.701094 0.189755 0.592072 0.780906
-0.067304 -0.150000 -0.236125 -0.676142 0.701095 0.226491 0.591934 0.775129
-0.067304 -0.340000 -0.236125 -0.664643 0.713219 0.222639 0.528777 0.774129
0.564070 -0.470000 0.154951 -0.042482 -0.736437 -0.675171 0.293150 0.928508
0.564070 -0.340000 0.154951 -0.042482 0.736437 -0.675171 0.293150 0.971684
0.570225 -0.340000 0.153776 -0.209054 0.736433 -0.643400 0.291289 0.971753
0.570225 -0.470000 0.153776 -0.209054 -0.736433 -0.643400 0.291289 0.928576
0.575896 -0.340000 0.151108 -0.362487 0.736437 -0.571196 0.289722 0.971853
0.575896 -0.470000 0.151108 -0.362487 -0.736436 -0.571196 0.289722 0.928677
0.580724 -0.470000 0.147114 -0.493152 -0.736436 -0.463101 0.982312 0.459572
0.575896 -0.470000 0.151108 -0.362487 -0.736436 -0.571196 0.984062 0.459638
0.575896 -0.340000 0.151108 -0.362487 0.736437 -0.571196 0.984062 0.502856
0.580724 -0.340000 0.147114 -0.493153 0.736436 -0.463102 0.982312 0.502790
0.586715 -0.470000 0.123783 -0.655255 -0.736435 0.168239 0.974301 0.459597
0.587500 -0.470000 0.130000 -0.676508 -0.736435 0.000000 0.976199 0.459546
0.586715 -0.340000 0.123783 -0.655255 0.736435 0.168239 0.974301 0.502815
0.584408 -0.470000 0.117956 -0.592830 -0.736436 0.325907 0.972679 0.459673
0.587500 -0.340000 0.130000 -0.676508 0.736435 0.000000 0.976199 0.502764
0.584408 -0.340000 0.142044 -0.592829 0.736437 -0.325906 0.980334 0.502752
0.584408 -0.470000 0.142044 -0.592829 -0.736437 -0.325906 0.980334 0.459534
0.580724 -0.470000 0.112886 -0.493155 -0.736436 0.463099 0.949430 0.331595
0.584408 -0.470000 0.117956 -0.592830 -0.736436 0.325907 0.950864 0.331706
0.584408 -0.340000 0.117956 -0.592830 0.736435 0.325907 0.950864 0.374882
0.584408 -0.340000 0.117956 -0.592830 0.736435 0.325907 0.972679 0.502891
0.586715 -0.340000 0.136217 -0.655256 0.736434 -0.168237 0.978252 0.502743
0.586715 -0.470000 0.136217 -0.655256 -0.736434 -0.168237 0.978252 0.459525
0.575896 -0.470000 0.108892 -0.362488 -0.736437 0.571194 0.947665 0.331514
0.580724 -0.340000 0.112886 -0.493155 0.736436 0.463099 0.949430 0.374772
0.575896 -0.340000 0.108892 -0.362488 0.736437 0.571194 0.947665 0.374691
0.570225 -0.470000 0.106224 -0.209053 -0.736433 0.643400 0.945678 0.331468
0.570225 -0.340000 0.106224 -0.209052 0.736433 0.643400 0.945678 0.374644
0.564070 -0.470000 0.105049 -0.042480 -0.736437 0.675171 0.943595 0.331459
0.557816 -0.470000 0.105443 0.126769 -0.736436 0.664524 0.941546 0.331488
0.564070 -0.340000 0.105049 -0.042480 0.736437 0.675171 0.943595 0.374635
0.557816 -0.340000 0.105443 0.126769 0.736436 0.664524 0.941546 0.374664
0.551856 -0.470000 0.107379 0.288042 -0.736432 0.612127 0.939661 0.331553
0.551856 -0.340000 0.107379 0.288042 0.736432 0.612127 0.939661 0.374729
0.546564 -0.470000 0.110737 0.431218 -0.736438 0.521259 0.938057 0.331650
0.546564 -0.340000 0.110737 0.431218 0.736438 0.521259 0.938057 0.374826
0.542275 -0.470000 0.115305 0.547307 -0.736434 0.397642 0.980720 0.271320
0.546564 -0.470000 0.110737 0.431218 -0.736438 0.521259 0.982489 0.271382
0.542275 -0.340000 0.115305 0.547307 0.736434 0.397643 0.980720 0.314543
0.546564 -0.340000 0.110737 0.431218 0.736438 0.521259 0.982489 0.314605
0.539256 -0.470000 0.120797 0.629000 -0.736438 0.249036 0.978731 0.271284
0.539256 -0.340000 0.120797 0.628999 0.736438 0.249036 0.978731 0.314507
0.537697 -0.470000 0.126867 0.671175 -0.736434 0.084785 0.976647 0.271278
0.537697 -0.340000 0.126867 0.671176 0.736434 0.084785 0.976647 0.314501
0.537697 -0.340000 0.133133 0.671176 0.736434 -0.084784 0.974600 0.314523
0.537697 -0.470000 0.133133 0.671176 -0.736434 -0.084784 0.974600 0.271300
0.539256 -0.340000 0.139203 0.629000 0.736438 -0.249035 0.972717 0.314574
0.539256 -0.470000 0.139203 0.629000 -0.736438 -0.249035 0.972717 0.271351
0.542275 -0.470000 0.144695 0.547303 -0.736436 -0.397645 0.971118 0.271426
0.542275 -0.340000 0.144695 0.547303 0.736436 -0.397645 0.971118 0.314649
0.542275 -0.470000 0.144695 0.547303 -0.736436 -0.397645 0.301071 0.928600
0.542275 -0.340000 0.144695 0.547303 0.736436 -0.397645 0.301071 0.971776
0.546564 -0.340000 0.149263 0.431224 0.736433 -0.521260 0.299277 0.971699
0.546564 -0.470000 0.149263 0.431224 -0.736434 -0.521259 0.299277 0.928522
0.551856 -0.340000 0.152621 0.288044 0.736437 -0.612120 0.297274 0.971656
0.551856 -0.470000 0.152621 0.288045 -0.736437 -0.612120 0.297274 0.928480
0.557816 -0.470000 0.154557 0.126765 -0.736435 -0.664525 0.295188 0.928475
0.557816 -0.340000 0.154557 0.126765 0.736435 -0.664525 0.295188 0.971651
-0.328593 -0.470000 -0.114000 -0.042477 -0.736436 -0.675172 0.979962 0.631131
-0.328593 -0.340000 -0.114000 -0.042477 0.736436 -0.675173 0.979962 0.674308
-0.323668 -0.340000 -0.114939 -0.209054 0.736436 -0.643396 0.978474 0.674363
-0.323668 -0.470000 -0.114939 -0.209054 -0.736436 -0.643396 0.978474 0.631186
-0.319132 -0.340000 -0.117074 -0.362495 0.736436 -0.571192 0.977219 0.674443
-0.319132 -0.470000 -0.117074 -0.362494 -0.736436 -0.571192 0.977219 0.631267
-0.315269 -0.470000 -0.120270 -0.493155 -0.736433 -0.463103 0.983583 0.822766
-0.319132 -0.470000 -0.117074 -0.362494 -0.736436 -0.571192 0.984984 0.822819
-0.319132 -0.340000 -0.117074 -0.362495 0.736436 -0.571192 0.984984 0.866037
-0.315269 -0.340000 -0.120270 -0.493155 0.736434 -0.463103 0.983583 0.865984
-0.310477 -0.470000 -0.138934 -0.655256 -0.736433 0.168243 0.977175 0.822786
-0.309849 -0.470000 -0.133961 -0.676505 -0.736438 0.000000 0.978693 0.822746
-0.310477 -0.340000 -0.138934 -0.655256 0.736433 0.168243 0.977175 0.866004
-0.312322 -0.470000 -0.143596 -0.592826 -0.736437 0.325910 0.975878 0.822847
-0.309849 -0.340000 -0.133961 -0.676505 0.736438 0.000000 0.978693 0.865964
-0.312322 -0.340000 -0.124326 -0.592827 0.736437 -0.325910 0.982001 0.865954
-0.312322 -0.470000 -0.124326 -0.592827 -0.736437 -0.325909 0.982001 0.822735
-0.315269 -0.470000 -0.147652 -0.493155 -0.736433 0.463103 0.959962 0.331617
-0.312322 -0.470000 -0.143596 -0.592826 -0.736437 0.325910 0.961109 0.331706
-0.312322 -0.340000 -0.143596 -0.592826 0.736437 0.325910 0.961109 0.374882
-0.312322 -0.340000 -0.143596 -0.592826 0.736437 0.325910 0.975878 0.866065
-0.310477 -0.340000 -0.128987 -0.655256 0.736433 -0.168242 0.980336 0.865946
-0.310477 -0.470000 -0.128987 -0.655256 -0.736433 -0.168242 0.980336 0.822728
-0.319132 -0.470000 -0.150847 -0.362495 -0.736435 0.571192 0.958550 0.331553
-0.315269 -0.340000 -0.147652 -0.493154 0.736434 0.463103 0.959962 0.374794
-0.319132 -0.340000 -0.150847 -0.362494 0.736436 0.571192 0.958550 0.374729
-0.323668 -0.470000 -0.152982 -0.209054 -0.736436 0.643396 0.956960 0.331515
-0.323668 -0.340000 -0.152982 -0.209054 0.736436 0.643396 0.956960 0.374692
-0.328593 -0.470000 -0.153921 -0.042477 -0.736436 0.675172 0.955294 0.331508
-0.333596 -0.470000 -0.153606 0.126766 -0.736434 0.664526 0.953655 0.331531
-0.328593 -0.340000 -0.153921 -0.042476 0.736437 0.675172 0.955294 0.374685
-0.333596 -0.340000 -0.153606 0.126766 0.736434 0.664526 0.953655 0.374708
-0.338364 -0.470000 -0.152057 0.288043 -0.736436 0.612122 0.952147 0.331583
-0.338364 -0.340000 -0.152057 0.288043 0.736436 0.612122 0.952147 0.374760
-0.342597 -0.470000 -0.149371 0.431221 -0.736434 0.521262 0.950864 0.331661
-0.342597 -0.340000 -0.149371 0.431221 0.736434 0.521261 0.950864 0.374838
-0.346029 -0.470000 -0.145716 0.547306 -0.736440 0.397634 0.760076 0.929181
-0.342597 -0.470000 -0.149371 0.431221 -0.736434 0.521262 0.761491 0.929231
-0.346029 -0.340000 -0.145716 0.547305 0.736440 0.397634 0.760076 0.972404
-0.342597 -0.340000 -0.149371 0.431221 0.736434 0.521261 0.761491 0.972454
-0.348444 -0.470000 -0.141323 0.629008 -0.736428 0.249044 0.758485 0.929152
-0.348444 -0.340000 -0.141323 0.629008 0.736428 0.249044 0.758485 0.972375
-0.349691 -0.470000 -0.136467 0.671168 -0.736439 0.084800 0.756818 0.929147
-0.349691 -0.340000 -0.136467 0.671167 0.736440 0.084800 0.756818 0.972370
-0.349691 -0.340000 -0.131454 0.671168 0.736439 -0.084799 0.755180 0.972388
-0.349691 -0.470000 -0.131454 0.671168 -0.736439 -0.084799 0.755180 0.929165
-0.348444 -0.340000 -0.126598 0.629010 0.736427 -0.249042 0.753674 0.972429
-0.348444 -0.470000 -0.126598 0.629010 -0.736427 -0.249042 0.753674 0.929206
-0.346029 -0.470000 -0.122205 0.547303 -0.736442 -0.397634 0.752395 0.929266
-0.346029 -0.340000 -0.122205 0.547302 0.736443 -0.397634 0.752395 0.972489
-0.346029 -0.470000 -0.122205 0.547303 -0.736442 -0.397634 0.986299 0.631205
-0.346029 -0.340000 -0.122205 0.547302 0.736443 -0.397634 0.986299 0.674382
-0.342597 -0.340000 -0.118550 0.431218 0.736433 -0.521266 0.984863 0.674320
-0.342597 -0.470000 -0.118550 0.431218 -0.736432 -0.521266 0.984863 0.631143
-0.338364 -0.340000 -0.115864 0.288042 0.736436 -0.612123 0.983261 0.674285
-0.338364 -0.470000 -0.115864 0.288042 -0.736436 -0.612122 0.983261 0.631109
-0.333596 -0.470000 -0.114315 0.126766 -0.736434 -0.664526 0.981592 0.631105
-0.333596 -0.340000 -0.114315 0.126766 0.736435 -0.664526 0.981592 0.674281
0.044070 -0.470000 0.154951 -0.042482 -0.736437 -0.675171 0.973450 0.521941
0.044070 -0.340000 0.154951 -0.042482 0.736437 -0.675171 0.973450 0.565117
0.050225 -0.340000 0.153776 -0.209055 0.736433 -0.643399 0.971589 0.565186
0.050225 -0.470000 0.153776 -0.209055 -0.736433 -0.643399 0.971589 0.522009
0.055896 -0.340000 0.151108 -0.362489 0.736436 -0.571195 0.970021 0.565286
0.055896 -0.470000 0.151108 -0.362489 -0.736436 -0.571195 0.970021 0.522110
0.060724 -0.470000 0.147114 -0.493152 -0.736435 -0.463103 0.983870 0.575550
0.055896 -0.470000 0.151108 -0.362489 -0.736436 -0.571195 0.985620 0.575616
0.055896 -0.340000 0.151108 -0.362489 0.736436 -0.571195 0.985620 0.618834
0.060724 -0.340000 0.147114 -0.493152 0.736435 -0.463103 0.983870 0.618768
0.066715 -0.470000 0.123783 -0.655254 -0.736436 0.168240 0.975860 0.575575
0.067500 -0.470000 0.130000 -0.676508 -0.736435 0.000000 0.977757 0.575524
0.066715 -0.340000 0.123783 -0.655254 0.736436 0.168240 0.975860 0.618793
0.064408 -0.470000 0.117956 -0.592828 -0.736435 0.325910 0.974238 0.575651
0.067500 -0.340000 0.130000 -0.676508 0.736435 0.000000 0.977757 0.618742
0.064408 -0.340000 0.142044 -0.592827 0.736437 -0.325910 0.981892 0.618729
0.064408 -0.470000 0.142044 -0.592827 -0.736436 -0.325910 0.981892 0.575511
0.060724 -0.470000 0.112886 -0.493155 -0.736435 0.463101 0.981042 0.064094
0.064408 -0.470000 0.117956 -0.592828 -0.736435 0.325910 0.982476 0.064204
0.064408 -0.340000 0.117956 -0.592829 0.736435 0.325910 0.982476 0.107381
0.064408 -0.340000 0.117956 -0.592829 0.736435 0.325910 0.974238 0.618869
0.066715 -0.340000 0.136217 -0.655255 0.736435 -0.168239 0.979811 0.618720
0.066715 -0.470000 0.136217 -0.655255 -0.736435 -0.168239 0.979811 0.575502
0.055896 -0.470000 0.108892 -0.362490 -0.736437 0.571194 0.979277 0.064013
0.060724 -0.340000 0.112886 -0.493155 0.736435 0.463100 0.981042 0.107270
0.055896 -0.340000 0.108892 -0.362490 0.736437 0.571194 0.979277 0.107189
0.050225 -0.470000 0.106224 -0.209053 -0.736434 0.643399 0.977290 0.063966
0.050225 -0.340000 0.106224 -0.209053 0.736434 0.643399 0.977290 0.107143
0.044070 -0.470000 0.105049 -0.042480 -0.736437 0.675172 0.975207 0.063957
0.037816 -0.470000 0.105443 0.126769 -0.736437 0.664523 0.973158 0.063986
0.044070 -0.340000 0.105049 -0.042480 0.736437 0.675171 0.975207 0.107134
0.037816 -0.340000 0.105443 0.126769 0.736437 0.664523 0.973158 0.107162
0.031856 -0.470000 0.107379 0.288043 -0.736432 0.612127 0.971273 0.064051
0.031856 -0.340000 0.107379 0.288043 0.736432 0.612126 0.971273 0.107228
0.026564 -0.470000 0.110737 0.431219 -0.736439 0.521257 0.969669 0.064149
0.026564 -0.340000 0.110737 0.431219 0.736439 0.521257 0.969669 0.107325
0.022275 -0.470000 0.115305 0.547309 -0.736435 0.397639 0.980156 0.333984
0.026564 -0.470000 0.110737 0.431219 -0.736439 0.521257 0.981925 0.334047
0.022275 -0.340000 0.115305 0.547310 0.736434 0.397639 0.980156 0.377207
0.026564 -0.340000 0.110737 0.431219 0.736439 0.521257 0.981925 0.377269
0.019256 -0.470000 0.120797 0.629001 -0.736434 0.249042 0.978167 0.333949
0.019256 -0.340000 0.120797 0.629001 0.736434 0.249042 0.978167 0.377172
0.017697 -0.470000 0.126867 0.671172 -0.736437 0.084792 0.976084 0.333942
0.017697 -0.340000 0.126867 0.671172 0.736437 0.084792 0.976084 0.377165
0.017697 -0.340000 0.133133 0.671172 0.736437 -0.084792 0.974036 0.377188
0.017697 -0.470000 0.133133 0.671172 -0.736436 -0.084792 0.974036 0.333965
0.019256 -0.340000 0.139203 0.629002 0.736434 -0.249041 0.972154 0.377238
0.019256 -0.470000 0.139203 0.629002 -0.736434 -0.249042 0.972154 0.334016
0.022275 -0.470000 0.144695 0.547306 -0.736436 -0.397641 0.970554 0.334091
0.022275 -0.340000 0.144695 0.547306 0.736436 -0.397641 0.970554 0.377314
0.022275 -0.470000 0.144695 0.547306 -0.736436 -0.397641 0.981371 0.522033
0.022275 -0.340000 0.144695 0.547306 0.736436 -0.397641 0.981371 0.565209
0.026564 -0.340000 0.149263 0.431225 0.736434 -0.521258 0.979576 0.565132
0.026564 -0.470000 0.149263 0.431225 -0.736434 -0.521258 0.979576 0.521955
0.031856 -0.340000 0.152621 0.288046 0.736437 -0.612120 0.977573 0.565089
0.031856 -0.470000 0.152621 0.288046 -0.736436 -0.612120 0.977573 0.521913
0.037816 -0.470000 0.154557 0.126766 -0.736436 -0.664524 0.975488 0.521908
0.037816 -0.340000 0.154557 0.126766 0.736436 -0.664525 0.975488 0.565084
0.055896 -0.470000 0.151108 -0.362489 -0.736436 -0.571195 0.773450 0.922104
0.069782 -0.470000 0.167757 0.364194 -0.678933 0.637505 0.776095 0.928822
0.056523 -0.470000 0.173182 0.187190 -0.678933 0.709937 0.771335 0.929147
0.044070 -0.470000 0.154951 -0.042482 -0.736437 -0.675171 0.769310 0.922079
0.050225 -0.470000 0.153776 -0.209055 -0.736433 -0.643399 0.771378 0.922353
-0.078786 -0.470000 -0.071332 -0.673944 -0.561811 -0.479759 0.754193 0.837679
-0.003135 -0.470000 0.089301 0.055568 -0.957278 -0.283780 0.761269 0.896381
-0.012500 -0.470000 0.120000 -0.664475 -0.730627 0.157027 0.755092 0.905103
0.022275 -0.470000 0.115305 0.547309 -0.736435 0.397639 0.766576 0.907264
0.019256 -0.470000 0.120797 0.629001 -0.736434 0.249042 0.765046 0.908683
0.017697 -0.470000 0.126867 0.671172 -0.736437 0.084792 0.763917 0.910438
0.042312 -0.470000 0.175000 -0.002515 -0.678933 0.734196 0.766653 0.928232
0.037816 -0.470000 0.154557 0.126766 -0.736436 -0.664524 0.767374 0.921299
-0.010634 -0.470000 0.134205 -0.709291 -0.678934 0.189621 0.754193 0.909788
0.017697 -0.470000 0.133133 0.671172 -0.736436 -0.084792 0.763260 0.912419
0.082500 -0.470000 0.082250 0.533601 -0.679458 -0.503593 0.789076 0.903127
0.090758 -0.470000 0.093616 0.643778 -0.679458 -0.351977 0.790496 0.907585
0.060724 -0.470000 0.112886 -0.493155 -0.736435 0.463101 0.778983 0.910529
0.031856 -0.470000 0.152621 0.288046 -0.736436 -0.612120 0.765693 0.920063
0.028113 -0.470000 0.173085 -0.192048 -0.678933 0.708637 0.762365 0.926139
0.071631 -0.470000 0.073348 0.388613 -0.679459 -0.622347 0.786574 0.899175
0.055896 -0.470000 0.108892 -0.362490 -0.736437 0.571194 0.777875 0.908760
-0.005163 -0.470000 0.147446 -0.636255 -0.678934 0.366373 0.754534 0.914547
0.019256 -0.470000 0.139203 0.629002 -0.736434 -0.249042 0.763117 0.914501
0.022275 -0.470000 0.144695 0.547306 -0.736436 -0.397641 0.763495 0.916553
0.026564 -0.470000 0.149263 0.431225 -0.736434 -0.521258 0.764373 0.918447
0.014891 -0.470000 0.167569 -0.368552 -0.678933 0.634996 0.758764 0.923010
0.095868 -0.470000 0.106702 0.711946 -0.679458 -0.177394 0.790739 0.912258
0.064408 -0.470000 0.117956 -0.592828 -0.736435 0.325910 0.779616 0.912517
0.003543 -0.470000 0.158824 -0.520048 -0.678933 0.518267 0.756094 0.919056
-0.058786 -0.470000 -0.071332 0.465270 -0.596945 -0.653591 0.760515 0.839775
0.058862 -0.470000 0.067490 0.218267 -0.679458 -0.700498 0.783152 0.895985
0.050225 -0.470000 0.106224 -0.209053 -0.736434 0.643399 0.776362 0.907323
0.097496 -0.470000 0.120657 0.733662 -0.679458 0.008761 0.789791 0.916839
0.066715 -0.470000 0.123783 -0.655254 -0.736436 0.168240 0.779734 0.914601
0.045024 -0.470000 0.065058 0.033678 -0.679459 -0.732940 0.779033 0.893766
0.044070 -0.470000 0.105049 -0.042480 -0.736437 0.675172 0.774540 0.906306
0.095536 -0.470000 0.134568 0.707494 -0.679196 0.195310 0.787714 0.921031
0.067500 -0.470000 0.130000 -0.676508 -0.736435 0.000000 0.779331 0.916648
0.017770 -0.470000 0.070873 -0.329906 -0.679458 -0.655362 0.769809 0.892747
0.031023 -0.470000 0.066211 -0.153107 -0.679458 -0.717562 0.774486 0.892663
0.037816 -0.470000 0.105443 0.126769 -0.736437 0.664523 0.772522 0.905775
0.089974 -0.470000 0.147771 0.633730 -0.678933 0.370723 0.784572 0.924621
0.066715 -0.470000 0.136217 -0.655255 -0.736435 -0.168239 0.778431 0.918531
0.006131 -0.470000 0.078741 -0.485175 -0.679459 -0.550400 0.765305 0.894014
0.031856 -0.470000 0.107379 0.288043 -0.736432 0.612127 0.770435 0.905763
0.064408 -0.470000 0.142044 -0.592827 -0.736436 -0.325910 0.777091 0.920131
0.081191 -0.470000 0.159090 0.516484 -0.678933 0.521817 0.780609 0.927278
0.026564 -0.470000 0.110737 0.431219 -0.736439 0.521257 0.768410 0.906269
0.060724 -0.470000 0.147114 -0.493152 -0.736435 -0.463103 0.775395 0.921348
-0.291584 -0.470000 -0.193159 0.495467 -0.790730 -0.359525 0.103867 0.025082
-0.280383 -0.470000 -0.185465 0.494793 -0.677763 -0.543891 0.101553 0.028970
-0.315269 -0.470000 -0.147652 -0.493155 -0.736433 0.463103 0.088231 0.018197
-0.271668 -0.470000 -0.175040 0.622963 -0.677763 -0.390583 0.098277 0.032093
-0.319132 -0.470000 -0.150847 -0.362495 -0.736435 0.571192 0.089209 0.016844
-0.312322 -0.470000 -0.143596 -0.592826 -0.736437 0.325910 0.086947 0.019264
-0.266081 -0.470000 -0.162654 0.705120 -0.677763 -0.208428 0.094282 0.034218
-0.264035 -0.470000 -0.149220 0.735199 -0.677764 -0.010882 0.089863 0.035188
-0.323668 -0.470000 -0.152982 -0.209054 -0.736436 0.643396 0.089820 0.015291
-0.265682 -0.470000 -0.135732 0.710980 -0.677763 0.187469 0.085345 0.034933
-0.310477 -0.470000 -0.138934 -0.655256 -0.736433 0.168243 0.085438 0.019979
-0.200068 -0.470000 -0.731194 -0.540190 -0.702366 -0.463547 0.284641 0.043833
-0.191696 -0.470000 -0.710083 0.541548 -0.712023 0.446933 0.277807 0.047072
-0.215416 -0.470000 -0.712521 -0.559358 -0.702365 -0.440230 0.278103 0.039137
-0.359958 -0.470000 -0.192322 -0.648114 -0.694754 -0.311873 0.102107 0.002379
-0.354563 -0.470000 -0.202097 -0.609307 -0.694755 -0.382179 0.105472 0.003960
-0.328593 -0.470000 -0.153921 -0.042477 -0.736436 0.675172 0.090026 0.013634
-0.270900 -0.470000 -0.123185 0.634248 -0.677763 0.371977 0.081063 0.033471
-0.309849 -0.470000 -0.133961 -0.676505 -0.736438 0.000000 0.083799 0.020295
-0.206485 -0.470000 -0.691349 0.560428 -0.712023 0.423017 0.271261 0.042564
-0.279304 -0.470000 -0.112507 0.510673 -0.677765 0.529007 0.077332 0.030910
0.621011 -0.470000 -0.777084 0.485175 -0.702365 -0.520854 0.317686 0.315686
0.638345 -0.470000 -0.760237 0.506819 -0.702366 -0.499816 0.312463 0.321811
0.614715 -0.470000 -0.755489 -0.487953 -0.712022 0.504902 0.310373 0.314062
-0.333596 -0.470000 -0.153606 0.126766 -0.736434 0.664526 0.089813 0.011978
-0.310477 -0.470000 -0.128987 -0.655256 -0.736433 -0.168242 0.082133 0.020194
0.631513 -0.470000 -0.738535 -0.509397 -0.712024 0.483255 0.305103 0.320011
-0.364231 -0.470000 -0.182006 -0.678841 -0.694755 -0.237680 0.098586 0.001183
0.654949 -0.470000 -0.742671 0.527554 -0.702365 -0.477881 0.306986 0.327709
0.597197 -0.470000 -0.771699 -0.465590 -0.712023 0.525594 0.315380 0.307889
-0.290272 -0.470000 -0.104485 0.474122 -0.867901 0.148178 0.074429 0.027439
0.602979 -0.470000 -0.793181 0.462654 -0.702365 -0.540957 0.322644 0.309345
-0.338364 -0.470000 -0.152057 0.288043 -0.736436 0.612122 0.089195 0.010427
0.647561 -0.470000 -0.720867 -0.529886 -0.712023 0.460700 0.299580 0.325727
0.670793 -0.470000 -0.724417 0.547340 -0.702366 -0.455084 0.301263 0.333370
-0.312322 -0.470000 -0.124326 -0.592827 -0.736437 -0.325909 0.080544 0.019682
0.578992 -0.470000 -0.787134 -0.442347 -0.712023 0.545300 0.320115 0.301505
0.584280 -0.470000 -0.808498 0.439302 -0.702366 -0.560086 0.327328 0.302799
-0.315269 -0.470000 -0.120270 -0.493155 -0.736433 -0.463103 0.079132 0.018791
0.662826 -0.470000 -0.702519 -0.549374 -0.712023 0.437276 0.293814 0.331197
0.685849 -0.470000 -0.705507 0.566141 -0.702366 -0.431470 0.295306 0.338783
-0.342597 -0.470000 -0.149371 0.431221 -0.736434 0.521262 0.088210 0.009079
-0.367326 -0.470000 -0.171278 -0.701107 -0.694754 -0.160518 0.094954 0.000386
0.560134 -0.470000 -0.801765 -0.418273 -0.712023 0.563978 0.324568 0.294921
0.564949 -0.470000 -0.823009 0.415163 -0.702366 -0.578206 0.331732 0.296061
-0.319132 -0.470000 -0.117074 -0.362494 -0.736436 -0.571192 0.077986 0.017576
-0.323668 -0.470000 -0.114939 -0.209054 -0.736436 -0.643396 0.077179 0.016115
0.677281 -0.470000 -0.683527 -0.567829 -0.712023 0.413029 0.287816 0.336412
-0.369207 -0.470000 -0.160272 -0.714633 -0.694753 -0.081352 0.091256 0.000000
0.700090 -0.470000 -0.685976 0.583928 -0.702364 -0.407078 0.289124 0.343938
-0.346029 -0.470000 -0.145716 0.547306 -0.736440 0.397634 0.086921 0.008018
0.540659 -0.470000 -0.815563 -0.393411 -0.712024 0.581593 0.328731 0.288151
0.545021 -0.470000 -0.836687 0.390277 -0.702366 -0.595286 0.335845 0.289142
-0.328593 -0.470000 -0.114000 -0.042477 -0.736436 -0.675172 0.076760 0.014499
0.607018 -0.470000 0.087703 0.593418 -0.680083 -0.430514 0.030011 0.329778
0.613627 -0.470000 0.099725 0.681503 -0.680084 -0.270259 0.026160 0.332234
0.580724 -0.470000 0.112886 -0.493155 -0.736436 0.463099 0.021073 0.321586
0.690899 -0.470000 -0.663926 -0.585213 -0.712023 0.388007 0.281597 0.341362
0.713489 -0.470000 -0.665858 0.600660 -0.702366 -0.381954 0.282729 0.348827
-0.333596 -0.470000 -0.114315 0.126766 -0.736434 -0.664526 0.076756 0.012830
0.597641 -0.470000 0.077690 0.416822 -0.908741 0.021202 0.033135 0.326444
0.575896 -0.470000 0.108892 -0.362488 -0.736437 0.571194 0.022296 0.319894
-0.369848 -0.470000 -0.149125 -0.719244 -0.694756 -0.001178 0.087538 0.000028
-0.348444 -0.470000 -0.141323 0.629008 -0.736428 0.249044 0.085409 0.007310
0.584408 -0.470000 0.117956 -0.592830 -0.736436 0.325907 0.019468 0.322920
0.617054 -0.470000 0.113009 0.727185 -0.680085 -0.093197 0.021820 0.333661
0.520605 -0.470000 -0.828504 -0.367809 -0.712022 0.598114 0.332596 0.281206
0.524530 -0.470000 -0.849509 0.364688 -0.702365 -0.611299 0.339661 0.282055
0.703653 -0.470000 -0.643752 -0.601495 -0.712024 0.362250 0.275170 0.346038
0.726024 -0.470000 -0.645191 0.616314 -0.702365 -0.356147 0.276133 0.353440
-0.369243 -0.470000 -0.137976 -0.714895 -0.694754 0.079007 0.083846 0.000471
-0.349691 -0.470000 -0.136467 0.671168 -0.736439 0.084800 0.083769 0.007001
-0.349691 -0.470000 -0.131454 0.671168 -0.736439 -0.084799 0.082103 0.007110
0.500007 -0.470000 -0.840562 -0.341513 -0.712024 0.613507 0.336157 0.274100
0.503514 -0.470000 -0.861450 0.338440 -0.702365 -0.626212 0.343174 0.274813
-0.367399 -0.470000 -0.126963 -0.701630 -0.694754 0.158215 0.080227 0.001323
-0.348444 -0.470000 -0.126598 0.629010 -0.736427 -0.249042 0.080516 0.007629
0.715520 -0.470000 -0.623043 -0.616647 -0.712023 0.335812 0.268546 0.350430
0.737671 -0.470000 -0.624011 0.630859 -0.702366 -0.329696 0.269347 0.357770
-0.364339 -0.470000 -0.116225 -0.680240 -0.700876 0.214585 0.076725 0.002572
-0.346029 -0.470000 -0.122205 0.547303 -0.736442 -0.397634 0.079108 0.008527
-0.342597 -0.470000 -0.118550 0.431218 -0.736432 -0.521266 0.077968 0.009747
-0.338364 -0.470000 -0.115864 0.288042 -0.736436 -0.612122 0.077168 0.011212
0.478906 -0.470000 -0.851716 -0.314571 -0.712024 0.627748 0.339406 0.266846
0.482010 -0.470000 -0.872489 0.311587 -0.702366 -0.639996 0.346376 0.267428
0.726477 -0.470000 -0.601840 -0.630634 -0.712023 0.308746 0.261737 0.354531
-0.212500 -0.470000 0.120000 0.673944 -0.561811 0.479759 0.001517 0.058148
-0.282500 -0.470000 0.120000 -0.465270 -0.596944 0.653591 -0.000000 0.034887
0.748410 -0.470000 -0.602356 0.644268 -0.702366 -0.302656 0.262384 0.361808
0.457341 -0.470000 -0.861943 -0.287042 -0.712022 0.640805 0.342337 0.259458
0.460058 -0.470000 -0.882606 0.284174 -0.702365 -0.652632 0.349263 0.259914
0.736505 -0.470000 -0.580181 -0.643434 -0.712024 0.281094 0.254757 0.358332
0.758222 -0.470000 -0.580265 0.656521 -0.702366 -0.275069 0.255256 0.365547
0.578638 -0.470000 0.067421 -0.154093 -0.814868 -0.558789 0.036136 0.319907
0.570225 -0.470000 0.106224 -0.209053 -0.736433 0.643400 0.023059 0.317952
-0.229959 -0.470000 -0.693214 -0.577519 -0.702366 -0.416118 0.271372 0.034723
0.617087 -0.470000 0.126727 0.727632 -0.680082 0.089669 0.017262 0.333969
0.586715 -0.470000 0.123783 -0.655255 -0.736435 0.168239 0.017582 0.323812
0.437697 -0.470000 -0.891784 0.256250 -0.702366 -0.664092 0.351828 0.252284
0.435352 -0.470000 -0.871225 -0.258972 -0.712023 0.652653 0.344945 0.251950
0.745583 -0.470000 -0.558107 -0.655026 -0.712023 0.252911 0.247619 0.361827
0.564189 -0.470000 0.065026 0.022563 -0.678330 -0.734411 0.036619 0.315054
0.564070 -0.470000 0.105049 -0.042480 -0.736437 0.675171 0.023316 0.315881
0.767088 -0.470000 -0.557778 0.667595 -0.702364 -0.246984 0.247976 0.368980
0.613724 -0.470000 0.140027 0.682802 -0.680085 0.266958 0.012769 0.333140
0.587500 -0.470000 0.130000 -0.676508 -0.736435 0.000000 0.015533 0.324208
0.535965 -0.470000 0.071824 -0.354487 -0.678330 -0.643590 0.033748 0.305822
0.549620 -0.470000 0.066529 -0.172062 -0.678331 -0.714326 0.035803 0.310245
0.557816 -0.470000 0.105443 0.126769 -0.736436 0.664524 0.023050 0.313812
0.414966 -0.470000 -0.900006 0.227864 -0.702365 -0.674360 0.354067 0.244552
0.412981 -0.470000 -0.879544 -0.230410 -0.712023 0.663275 0.347225 0.244336
-0.220447 -0.470000 -0.671992 0.578254 -0.712023 0.398304 0.264526 0.038344
0.753694 -0.470000 -0.535660 -0.665382 -0.712022 0.224258 0.240336 0.365009
0.607174 -0.470000 0.152081 0.595495 -0.680083 0.427636 0.008622 0.331225
0.586715 -0.470000 0.136217 -0.655256 -0.736434 -0.168237 0.013450 0.324082
0.774992 -0.470000 -0.534936 0.677465 -0.702366 -0.218457 0.240556 0.372102
0.551856 -0.470000 0.107379 0.288042 -0.736432 0.612127 0.022277 0.311873
0.390271 -0.470000 -0.886885 -0.201415 -0.712023 0.672648 0.349172 0.236630
0.391908 -0.470000 -0.907256 0.199068 -0.702366 -0.683413 0.355977 0.236733
0.524191 -0.470000 0.080536 -0.511776 -0.678331 -0.527212 0.030598 0.302098
0.584408 -0.470000 0.142044 -0.592829 -0.736437 -0.325906 0.011464 0.323442
0.546564 -0.470000 0.110737 0.431218 -0.736438 0.521259 0.021047 0.310188
0.781921 -0.470000 -0.511779 0.686116 -0.702366 -0.189542 0.233011 0.374906
0.760825 -0.470000 -0.512883 -0.674482 -0.712024 0.195180 0.232921 0.367872
0.597845 -0.470000 0.162139 0.471137 -0.680084 0.561707 0.005077 0.328342
0.580724 -0.470000 0.147114 -0.493152 -0.736436 -0.463101 0.009699 0.322327
-0.243670 -0.470000 -0.673308 -0.594641 -0.702366 -0.391261 0.264460 0.030598
0.368563 -0.470000 -0.913522 0.169915 -0.702365 -0.691240 0.357553 0.228839
0.367263 -0.470000 -0.893234 -0.172046 -0.712022 0.680753 0.350783 0.228847
0.787862 -0.470000 -0.488349 0.693536 -0.702365 -0.160284 0.225354 0.377388
0.766960 -0.470000 -0.489817 -0.682316 -0.712024 0.165730 0.225389 0.370411
0.542275 -0.470000 0.115305 0.547307 -0.736434 0.397642 0.019436 0.308861
0.515134 -0.470000 0.092045 -0.632769 -0.678332 -0.373455 0.026577 0.299338
0.344973 -0.470000 -0.918793 0.140456 -0.702366 -0.697821 0.358793 0.220886
0.344002 -0.470000 -0.898579 -0.142351 -0.712024 0.687574 0.352055 0.221002
-0.233556 -0.470000 -0.652047 0.594989 -0.712024 0.372840 0.257614 0.034419
0.772089 -0.470000 -0.466508 -0.688866 -0.712022 0.135973 0.217755 0.372620
0.792804 -0.470000 -0.464688 0.699708 -0.702366 -0.130736 0.217599 0.379543
0.586317 -0.470000 0.169576 0.317471 -0.680085 0.660831 0.002356 0.324673
0.575896 -0.470000 0.151108 -0.362487 -0.736436 -0.571196 0.008267 0.320809
0.570225 -0.470000 0.153776 -0.209054 -0.736433 -0.643400 0.007257 0.318983
0.320531 -0.470000 -0.902909 -0.112383 -0.712024 0.693103 0.352985 0.213108
0.321181 -0.470000 -0.923059 0.110746 -0.702365 -0.703149 0.359695 0.212888
0.776202 -0.470000 -0.442997 -0.694114 -0.712024 0.105958 0.210031 0.374497
0.796739 -0.470000 -0.440839 0.704623 -0.702365 -0.100951 0.209759 0.381368
0.539256 -0.470000 0.120797 0.629000 -0.736438 0.249036 0.017545 0.307977
0.509436 -0.470000 0.105537 -0.708898 -0.678330 -0.193215 0.021970 0.297737
0.296893 -0.470000 -0.906217 -0.082205 -0.712023 0.697327 0.353572 0.205182
0.297229 -0.470000 -0.926313 0.080833 -0.702365 -0.707213 0.360257 0.204858
0.779291 -0.470000 -0.419330 -0.698059 -0.712023 0.075743 0.202233 0.376036
0.799658 -0.470000 -0.416844 0.708268 -0.702366 -0.070986 0.201849 0.382858
0.564070 -0.470000 0.154951 -0.042482 -0.736437 -0.675171 0.006734 0.316963
0.573307 -0.470000 0.173928 0.144051 -0.680084 0.718843 0.000628 0.320444
0.273135 -0.470000 -0.908497 -0.051877 -0.712022 0.700238 0.353815 0.197237
0.273161 -0.470000 -0.928548 0.050777 -0.702366 -0.710002 0.360478 0.196812
0.781350 -0.470000 -0.395552 -0.700687 -0.712023 0.045387 0.194376 0.377236
0.801559 -0.470000 -0.392748 0.710641 -0.702366 -0.040897 0.193883 0.384012
-0.256525 -0.470000 -0.652838 -0.610696 -0.702365 -0.365697 0.257379 0.026770
0.249300 -0.470000 -0.909743 -0.021449 -0.712024 0.701827 0.353712 0.189290
0.249020 -0.470000 -0.929761 0.020633 -0.702366 -0.711517 0.360358 0.188763
0.537697 -0.470000 0.126867 0.671175 -0.736434 0.084785 0.015495 0.307591
0.507500 -0.470000 0.120055 -0.734756 -0.678331 0.000732 0.017104 0.297408
0.782376 -0.470000 -0.371706 -0.701996 -0.712024 0.014943 0.186475 0.378093
0.802435 -0.470000 -0.368592 0.711736 -0.702365 -0.010732 0.185875 0.384827
-0.245788 -0.470000 -0.631552 0.610606 -0.712023 0.346675 0.250538 0.030799
0.225433 -0.470000 -0.909955 0.009021 -0.712022 0.702099 0.353265 0.181354
0.557816 -0.470000 0.154557 0.126765 -0.736435 -0.664525 0.006729 0.314876
0.559624 -0.470000 0.174925 -0.038333 -0.680084 0.732132 0.000000 0.315919
0.224850 -0.470000 -0.929949 -0.009553 -0.702365 -0.711752 0.359897 0.180727
0.782366 -0.470000 -0.347839 -0.701985 -0.712022 -0.015526 0.178543 0.378607
0.537697 -0.470000 0.133133 0.671176 -0.736434 -0.084784 0.013412 0.307726
0.509465 -0.470000 0.134569 -0.716130 -0.683244 0.142605 0.012323 0.298376
0.802287 -0.470000 -0.344421 0.711551 -0.702365 0.019455 0.177839 0.385301
0.551856 -0.470000 0.152621 0.288045 -0.736437 -0.612120 0.007243 0.312854
0.546121 -0.470000 0.172505 -0.218329 -0.680085 0.699869 0.000512 0.311379
0.201580 -0.470000 -0.909130 0.039472 -0.712023 0.701046 0.352474 0.173446
0.539256 -0.470000 0.139203 0.629000 -0.736438 -0.249035 0.011429 0.308376
0.514720 -0.470000 0.147241 -0.636897 -0.680084 0.363109 0.008226 0.300397
0.200693 -0.470000 -0.929112 -0.039722 -0.702365 -0.710708 0.359095 0.172718
0.533636 -0.470000 0.166818 -0.384741 -0.680084 0.624067 0.002131 0.307107
0.542275 -0.470000 0.144695 0.547303 -0.736436 -0.397645 0.009670 0.309498
0.546564 -0.470000 0.149263 0.431224 -0.736434 -0.521259 0.008244 0.311023
0.781320 -0.470000 -0.323994 -0.700649 -0.712024 -0.045966 0.170597 0.378776
0.522948 -0.470000 0.158218 -0.527221 -0.680083 0.509436 0.004757 0.303369
0.801114 -0.470000 -0.320278 0.710086 -0.702365 0.049606 0.169791 0.385435
0.176593 -0.470000 -0.927252 -0.069818 -0.702366 -0.708384 0.357955 0.164750
-0.268501 -0.470000 -0.631842 -0.625650 -0.702366 -0.339475 0.250142 0.023245
-0.257119 -0.470000 -0.610546 0.625071 -0.712023 0.319859 0.243312 0.027489
0.177785 -0.470000 -0.907272 0.069852 -0.712024 0.698672 0.351341 0.165579
0.779241 -0.470000 -0.300217 -0.697996 -0.712023 -0.076322 0.162651 0.378601
-0.279576 -0.470000 -0.610357 -0.639480 -0.702365 -0.312647 0.242763 0.020031
0.798919 -0.470000 -0.296207 0.707344 -0.702366 0.079666 0.161745 0.385227
0.152594 -0.470000 -0.924371 -0.099787 -0.702366 -0.704787 0.356477 0.156837
-0.267528 -0.470000 -0.589067 0.638359 -0.712024 0.292439 0.235950 0.024495
0.154093 -0.470000 -0.904383 0.100100 -0.712023 0.694984 0.349868 0.157768
-0.289730 -0.470000 -0.588421 -0.652161 -0.702366 -0.285252 0.235254 0.017132
0.776133 -0.470000 -0.276553 -0.694027 -0.712023 -0.106533 0.154720 0.378081
-0.276995 -0.470000 -0.567158 0.650446 -0.712023 0.264468 0.228464 0.021824
0.795705 -0.470000 -0.272250 0.703331 -0.702365 0.109582 0.153714 0.384678
0.128738 -0.470000 -0.920476 -0.129576 -0.702366 -0.699923 0.354666 0.148994
-0.298944 -0.470000 -0.566075 -0.663668 -0.702366 -0.257346 0.227628 0.014554
0.130549 -0.470000 -0.900468 0.130156 -0.712022 0.689988 0.348056 0.150029
-0.285503 -0.470000 -0.544858 0.661307 -0.712023 0.235999 0.220869 0.019480
0.772001 -0.470000 -0.253046 -0.688752 -0.712023 -0.136543 0.146819 0.377217
0.791478 -0.470000 -0.248451 0.698053 -0.702366 0.139302 0.145714 0.383789
0.105069 -0.470000 -0.915573 -0.159136 -0.702365 -0.693801 0.352524 0.141235
-0.307203 -0.470000 -0.543359 -0.673981 -0.702366 -0.228979 0.219900 0.012302
-0.293036 -0.470000 -0.522210 0.670923 -0.712023 0.207087 0.213180 0.017468
0.107196 -0.470000 -0.895536 0.159967 -0.712024 0.683691 0.345911 0.142376
0.766852 -0.470000 -0.229740 -0.682180 -0.712023 -0.166295 0.138963 0.376011
-0.314492 -0.470000 -0.520312 -0.683085 -0.702365 -0.200197 0.212084 0.010379
0.786247 -0.470000 -0.224852 0.691520 -0.702365 0.168773 0.137759 0.382562
0.081629 -0.470000 -0.909671 -0.188408 -0.702366 -0.686429 0.350054 0.133574
-0.299578 -0.470000 -0.499257 0.679276 -0.712024 0.177783 0.205411 0.015791
0.780019 -0.470000 -0.201497 0.683741 -0.702366 0.197941 0.129863 0.380999
0.084080 -0.470000 -0.889596 0.189480 -0.712024 0.676106 0.343436 0.134823
-0.320797 -0.470000 -0.496977 -0.690956 -0.702367 -0.171057 0.204193 0.008790
0.760698 -0.470000 -0.206680 -0.674322 -0.712024 -0.195734 0.131166 0.374466
0.058461 -0.470000 -0.902780 -0.217341 -0.702365 -0.677825 0.347262 0.126024
-0.305119 -0.470000 -0.476042 0.686350 -0.712023 0.148144 0.197576 0.014453
-0.326107 -0.470000 -0.473396 -0.697589 -0.702365 -0.141611 0.196242 0.007536
0.772806 -0.470000 -0.178426 0.674735 -0.702365 0.226750 0.122040 0.379102
0.061243 -0.470000 -0.882658 0.218634 -0.712022 0.667250 0.340636 0.127385
-0.309647 -0.470000 -0.452608 0.692131 -0.712023 0.118227 0.189691 0.013456
0.753549 -0.470000 -0.183908 -0.665196 -0.712023 -0.224806 0.123444 0.372584
-0.330412 -0.470000 -0.449611 -0.702965 -0.702366 -0.111906 0.188245 0.006621
0.035605 -0.470000 -0.894913 -0.245882 -0.702366 -0.668000 0.344153 0.118600
0.764623 -0.470000 -0.155682 0.664515 -0.702365 0.255151 0.114305 0.376875
-0.313155 -0.470000 -0.428999 0.696609 -0.712023 0.088088 0.181770 0.012803
0.038729 -0.470000 -0.874736 0.247376 -0.712024 0.657136 0.337515 0.120075
0.745418 -0.470000 -0.161468 -0.654816 -0.712023 -0.253454 0.115811 0.370368
0.013104 -0.470000 -0.886085 -0.273982 -0.702365 -0.656976 0.340731 0.111314
-0.333705 -0.470000 -0.425665 -0.707078 -0.702365 -0.082003 0.180216 0.006046
0.755482 -0.470000 -0.133306 0.653100 -0.702365 0.283095 0.106671 0.374323
0.016579 -0.470000 -0.865844 0.275656 -0.712023 0.645783 0.334081 0.112907
-0.315635 -0.470000 -0.405261 0.699774 -0.712024 0.057782 0.173828 0.012493
-0.335980 -0.470000 -0.401601 -0.709918 -0.702366 -0.051952 0.172170 0.005811
0.736322 -0.470000 -0.139402 -0.643202 -0.712024 -0.281626 0.108281 0.367824
-0.009003 -0.470000 -0.876310 -0.301589 -0.702366 -0.644769 0.337004 0.104179
0.745401 -0.470000 -0.111337 0.640511 -0.702365 0.310530 0.099152 0.371449
-0.317082 -0.470000 -0.381438 0.701623 -0.712023 0.027369 0.165880 0.012528
-0.005164 -0.470000 -0.856000 0.303414 -0.712022 0.633217 0.330338 0.105895
-0.337233 -0.470000 -0.377462 -0.711483 -0.702365 -0.021806 0.164122 0.005918
0.726277 -0.470000 -0.117751 -0.630379 -0.712023 -0.309267 0.100869 0.364955
-0.317495 -0.470000 -0.357574 0.702148 -0.712024 -0.003097 0.157941 0.012908
-0.030676 -0.470000 -0.865607 -0.328654 -0.702365 -0.631403 0.332978 0.097209
0.734397 -0.470000 -0.089816 0.626769 -0.702365 0.337406 0.091762 0.368259
-0.026459 -0.470000 -0.845222 0.330599 -0.712024 0.619457 0.326295 0.099052
-0.316871 -0.470000 -0.333714 0.701354 -0.712023 -0.033559 0.150026 0.013632
-0.337460 -0.470000 -0.353292 -0.711767 -0.702366 0.008378 0.156085 0.006366
0.715302 -0.470000 -0.096557 -0.616369 -0.712023 -0.336322 0.093588 0.361767
-0.051875 -0.470000 -0.853995 -0.355128 -0.702366 -0.616901 0.328660 0.090416
0.722491 -0.470000 -0.068780 0.611901 -0.702365 0.363677 0.084514 0.364758
-0.315214 -0.470000 -0.309904 0.699238 -0.712023 -0.063954 0.142149 0.014699
-0.336664 -0.470000 -0.329133 -0.710772 -0.702365 0.038546 0.148074 0.007155
-0.047266 -0.470000 -0.833530 0.357164 -0.712023 0.604531 0.321959 0.092391
0.703418 -0.470000 -0.075858 -0.601195 -0.712024 -0.362748 0.086452 0.358267
-0.312525 -0.470000 -0.286189 0.695803 -0.712024 -0.094232 0.134327 0.016107
-0.334843 -0.470000 -0.305030 -0.708499 -0.702365 0.068646 0.140104 0.008282
-0.072563 -0.470000 -0.841494 -0.380964 -0.702365 -0.601290 0.324057 0.083813
0.709703 -0.470000 -0.048268 0.595931 -0.702366 0.389293 0.077420 0.360953
-0.067547 -0.470000 -0.820946 0.383053 -0.712023 0.588467 0.317338 0.085925
-0.308809 -0.470000 -0.262612 0.691062 -0.712022 -0.124330 0.126573 0.017852
-0.332003 -0.470000 -0.281026 -0.704952 -0.702365 0.098623 0.132189 0.009746
0.690647 -0.470000 -0.055695 -0.584892 -0.712023 -0.388491 0.079475 0.354460
-0.092703 -0.470000 -0.828127 -0.406114 -0.702366 -0.584597 0.319179 0.077410
-0.304074 -0.470000 -0.239219 0.685016 -0.712024 -0.154193 0.118902 0.019933
-0.328147 -0.470000 -0.257165 -0.700136 -0.702366 0.128421 0.124343 0.011545
0.696058 -0.470000 -0.028316 0.578892 -0.702366 0.414207 0.070495 0.356851
-0.087263 -0.470000 -0.807495 0.408225 -0.712024 0.571292 0.312440 0.079664
-0.298329 -0.470000 -0.216053 0.677681 -0.712023 -0.183769 0.111328 0.022344
-0.323283 -0.470000 -0.233487 -0.486443 -0.852561 -0.191085 0.116581 0.013674
0.677013 -0.470000 -0.036105 -0.567486 -0.712024 -0.413500 0.072670 0.350354
-0.112257 -0.470000 -0.813919 -0.430532 -0.702366 -0.566855 0.314034 0.071220
0.681579 -0.470000 -0.008961 0.560810 -0.702365 0.438378 0.063749 0.352459
-0.106377 -0.470000 -0.793200 0.432627 -0.712023 0.553044 0.307276 0.073623
0.662542 -0.470000 -0.017124 -0.549013 -0.712023 -0.437731 0.066049 0.345957
-0.131192 -0.470000 -0.798894 -0.454179 -0.702365 -0.548092 0.308630 0.065253
0.666292 -0.470000 0.009763 0.541720 -0.702366 0.461759 0.057196 0.347785
-0.124852 -0.470000 -0.778090 0.456211 -0.712023 0.533755 0.301855 0.067811
0.647262 -0.470000 0.001210 -0.529504 -0.712024 -0.461137 0.059625 0.341276
-0.149472 -0.470000 -0.783080 -0.477008 -0.702366 -0.528342 0.302979 0.059521
0.650226 -0.470000 0.027821 0.521657 -0.702365 0.484311 0.050846 0.342838
-0.142655 -0.470000 -0.762193 0.478939 -0.712024 0.513458 0.296186 0.062239
0.631200 -0.470000 0.018865 -0.508998 -0.712023 -0.483677 0.053411 0.336321
-0.167066 -0.470000 -0.766506 -0.498978 -0.702366 -0.507645 0.297090 0.054034
0.633408 -0.470000 0.045183 0.500652 -0.702365 0.505995 0.044713 0.337625
-0.159751 -0.470000 -0.745538 0.500767 -0.712024 0.492194 0.290281 0.056919
0.614387 -0.470000 0.035806 -0.487535 -0.712023 -0.505305 0.047417 0.331102
-0.183941 -0.470000 -0.749200 -0.520053 -0.702365 -0.486033 0.290974 0.048801
0.615869 -0.470000 0.061816 0.478750 -0.702367 0.526763 0.038805 0.332157
-0.176108 -0.470000 -0.728157 0.521649 -0.712023 0.470006 0.284151 0.051860
0.596856 -0.470000 0.052001 -0.465154 -0.712023 -0.525980 0.041655 0.325627
-0.332373 -0.470000 -0.227004 -0.449705 -0.694754 -0.561322 0.114229 0.010794
-0.340684 -0.470000 -0.219547 -0.509478 -0.694755 -0.507688 0.111571 0.008194
-0.348111 -0.470000 -0.211210 -0.562902 -0.694753 -0.447727 0.108640 0.005906
0.509465 -0.470000 0.134568 -1.000000 0.000000 0.000000 0.197271 0.945968
0.509465 -0.350000 0.134569 -1.000000 0.000000 0.000000 0.197271 0.985862
0.509465 -0.350000 0.134568 -1.000000 0.000000 0.000000 0.197271 0.985862
0.509465 -0.470000 0.134569 -0.716130 -0.683244 0.142605 0.197271 0.945968
0.200908 -0.190000 -0.470359 0.485052 0.697923 0.526904 0.741152 0.948027
0.192141 -0.190000 -0.461592 0.526904 0.697923 0.485052 0.741152 0.952155
0.228254 -0.190000 -0.434246 -0.491943 0.718320 -0.491944 0.726209 0.950091
0.184129 -0.190000 -0.452132 0.565160 0.697922 0.439884 0.740811 0.956270
0.221334 -0.190000 -0.426611 -0.537794 0.718319 -0.441356 0.726040 0.953518
0.210368 -0.190000 -0.478371 0.439885 0.697922 0.565160 0.740811 0.943912
0.235889 -0.190000 -0.441166 -0.441357 0.718319 -0.537794 0.726040 0.946664
0.176925 -0.190000 -0.442042 0.599556 0.697922 0.391710 0.740131 0.960342
0.215196 -0.190000 -0.418335 -0.578464 0.718320 -0.386518 0.725537 0.956913
0.220458 -0.190000 -0.485575 0.391709 0.697923 0.599556 0.740131 0.939840
0.244165 -0.190000 -0.447304 -0.386517 0.718320 -0.578464 0.725537 0.943269
0.242246 -0.190000 -0.497366 0.287683 0.697923 0.655852 0.737777 0.931933
0.231108 -0.190000 -0.491921 0.340860 0.697923 0.629856 0.739118 0.935838
0.253003 -0.190000 -0.452602 -0.327958 0.718319 -0.613565 0.724703 0.939941
0.170579 -0.190000 -0.431392 0.629856 0.697923 0.340860 0.739118 0.964344
0.209898 -0.190000 -0.409497 -0.613564 0.718319 -0.327957 0.724703 0.960241
0.165134 -0.190000 -0.420254 0.655852 0.697923 0.287683 0.737777 0.968249
0.253795 -0.190000 -0.501873 0.232540 0.697922 0.677370 0.736119 0.928152
0.262318 -0.190000 -0.457007 -0.266238 0.718320 -0.642755 0.723547 0.936710
0.160627 -0.190000 -0.408705 0.677370 0.697922 0.232540 0.736119 0.972030
0.205493 -0.190000 -0.400182 -0.642755 0.718320 -0.266237 0.723547 0.963472
0.265677 -0.190000 -0.505410 0.175811 0.697924 0.694257 0.734154 0.924522
0.272020 -0.190000 -0.460479 -0.201956 0.718318 -0.665757 0.722080 0.933608
0.157090 -0.190000 -0.396823 0.694258 0.697924 0.175810 0.734154 0.975660
0.202021 -0.190000 -0.390480 -0.665757 0.718318 -0.201957 0.722080 0.966574
0.282016 -0.190000 -0.462983 -0.135728 0.718320 -0.682344 0.720316 0.930665
0.277811 -0.190000 -0.507954 0.117879 0.697922 0.706406 0.731896 0.921065
0.154546 -0.190000 -0.384689 0.706405 0.697922 0.117880 0.731896 0.979117
0.199518 -0.190000 -0.380485 -0.682344 0.718321 -0.135727 0.720316 0.969517
0.292208 -0.190000 -0.464494 -0.068190 0.718320 -0.692363 0.718272 0.927909
0.290113 -0.190000 -0.509488 0.059141 0.697923 0.713726 0.729360 0.917807
0.153012 -0.190000 -0.372387 0.713728 0.697922 0.059140 0.729360 0.982375
0.198006 -0.190000 -0.370292 -0.692364 0.718319 -0.068189 0.718272 0.972273
0.302500 -0.190000 -0.465000 0.000000 0.718319 -0.695714 0.715968 0.925366
0.314887 -0.190000 -0.509488 -0.059141 0.697923 0.713726 0.723526 0.911974
0.302500 -0.190000 -0.510000 0.000000 0.697922 0.716174 0.726564 0.914770
0.197500 -0.190000 -0.360000 -0.695714 0.718319 0.000000 0.715968 0.974816
0.152500 -0.190000 -0.360000 0.716172 0.697923 -0.000000 0.726564 0.985412
0.153012 -0.190000 -0.347613 0.713728 0.697922 -0.059140 0.723526 0.988208
0.327189 -0.190000 -0.507954 -0.117879 0.697922 0.706406 0.720268 0.909438
0.312792 -0.190000 -0.464494 0.068190 0.718320 -0.692363 0.713425 0.923062
0.198006 -0.190000 -0.349708 -0.692364 0.718319 0.068189 0.713425 0.977120
0.154546 -0.190000 -0.335311 0.706406 0.697922 -0.117880 0.720268 0.990744
0.339323 -0.190000 -0.505410 -0.175811 0.697924 0.694257 0.716812 0.907180
0.322985 -0.190000 -0.462983 0.135728 0.718320 -0.682344 0.710669 0.921018
0.199518 -0.190000 -0.339516 -0.682344 0.718321 0.135727 0.710669 0.979164
0.157090 -0.190000 -0.323177 0.694258 0.697924 -0.175810 0.716812 0.993002
0.332980 -0.190000 -0.460479 0.201956 0.718318 -0.665757 0.707726 0.919254
0.351205 -0.190000 -0.501873 -0.232541 0.697922 0.677369 0.713181 0.905215
0.202021 -0.190000 -0.329520 -0.665757 0.718318 0.201957 0.707726 0.980928
0.160627 -0.190000 -0.311295 0.677370 0.697922 -0.232540 0.713181 0.994967
0.342682 -0.190000 -0.457007 0.266237 0.718320 -0.642755 0.704624 0.917787
0.362754 -0.190000 -0.497366 -0.287682 0.697923 0.655852 0.709401 0.903557
0.205493 -0.190000 -0.319818 -0.642755 0.718320 0.266238 0.704624 0.982395
0.165134 -0.190000 -0.299746 0.655852 0.697923 -0.287683 0.709401 0.996625
0.384542 -0.190000 -0.485575 -0.391711 0.697922 0.599556 0.701494 0.901203
0.373892 -0.190000 -0.491921 -0.340859 0.697923 0.629857 0.705496 0.902216
0.351997 -0.190000 -0.452602 0.327957 0.718320 -0.613564 0.701393 0.916631
0.170579 -0.190000 -0.288608 0.629856 0.697922 -0.340861 0.705496 0.997966
0.209898 -0.190000 -0.310503 -0.613564 0.718319 0.327958 0.701393 0.983551
0.176925 -0.190000 -0.277958 0.599556 0.697923 -0.391710 0.701494 0.998979
0.360835 -0.190000 -0.447304 0.386519 0.718320 -0.578463 0.698064 0.915797
0.215196 -0.190000 -0.301665 -0.578465 0.718320 0.386517 0.698064 0.984385
0.184129 -0.190000 -0.267868 0.565161 0.697922 -0.439885 0.697421 0.999659
0.394632 -0.190000 -0.478371 -0.439884 0.697923 0.565159 0.697421 0.900523
0.369111 -0.190000 -0.441166 0.441357 0.718319 -0.537794 0.694670 0.915293
0.221334 -0.190000 -0.293389 -0.537794 0.718320 0.441355 0.694670 0.984889
0.404092 -0.190000 -0.470359 -0.485050 0.697923 0.526906 0.693307 0.900182
0.192141 -0.190000 -0.258408 0.526905 0.697924 -0.485050 0.693307 1.000000
0.376746 -0.190000 -0.434246 0.491942 0.718320 -0.491945 0.691243 0.915125
0.228254 -0.190000 -0.285754 -0.491944 0.718319 0.491943 0.691243 0.985057
0.200908 -0.190000 -0.249641 0.485053 0.697923 -0.526903 0.689179 1.000000
0.412859 -0.190000 -0.461592 -0.526904 0.697923 0.485052 0.689179 0.900182
0.383666 -0.190000 -0.426611 0.537792 0.718319 -0.441358 0.687815 0.915293
0.235889 -0.190000 -0.278834 -0.441356 0.718320 0.537794 0.687815 0.984889
0.210368 -0.190000 -0.241629 0.439884 0.697922 -0.565162 0.685064 0.999659
0.420871 -0.190000 -0.452132 -0.565161 0.697922 0.439884 0.685064 0.900523
0.389804 -0.190000 -0.418335 0.578464 0.718321 -0.386517 0.684421 0.915797
0.244165 -0.190000 -0.272696 -0.386517 0.718319 0.578465 0.684421 0.984385
0.395102 -0.190000 -0.409497 0.613566 0.718318 -0.327957 0.681093 0.916631
0.428075 -0.190000 -0.442042 -0.599556 0.697923 0.391710 0.680992 0.901203
0.220458 -0.190000 -0.234425 0.391709 0.697923 -0.599556 0.680992 0.998979
0.253003 -0.190000 -0.267398 -0.327958 0.718319 0.613564 0.681093 0.983551
0.434421 -0.190000 -0.431392 -0.629856 0.697922 0.340860 0.676990 0.902216
0.231108 -0.190000 -0.228079 0.340861 0.697922 -0.629856 0.676990 0.997966
0.242246 -0.190000 -0.222634 0.287683 0.697923 -0.655852 0.673085 0.996625
0.262318 -0.190000 -0.262993 -0.266237 0.718321 0.642755 0.677862 0.982395
0.439866 -0.190000 -0.420254 -0.655853 0.697923 0.287681 0.673085 0.903557
0.399507 -0.190000 -0.400182 0.642754 0.718321 -0.266237 0.677862 0.917787
0.272020 -0.190000 -0.259521 -0.201956 0.718318 0.665758 0.674760 0.980928
0.253795 -0.190000 -0.218127 0.232541 0.697922 -0.677370 0.669304 0.994967
0.444373 -0.190000 -0.408705 -0.677369 0.697923 0.232540 0.669304 0.905215
0.402979 -0.190000 -0.390480 0.665757 0.718319 -0.201953 0.674760 0.919254
0.282016 -0.190000 -0.257018 -0.135728 0.718321 0.682344 0.671817 0.979164
0.265677 -0.190000 -0.214590 0.175810 0.697923 -0.694258 0.665673 0.993002
0.447910 -0.190000 -0.396823 -0.694259 0.697922 0.175810 0.665673 0.907180
0.405482 -0.190000 -0.380485 0.682345 0.718319 -0.135728 0.671817 0.921018
0.292208 -0.190000 -0.255506 -0.068190 0.718319 0.692364 0.669061 0.977120
0.277811 -0.190000 -0.212046 0.117880 0.697923 -0.706405 0.662217 0.990744
0.450454 -0.190000 -0.384689 -0.706404 0.697924 0.117880 0.662217 0.909438
0.406994 -0.190000 -0.370292 0.692363 0.718320 -0.068193 0.669061 0.923062
0.302500 -0.190000 -0.255000 0.000000 0.718319 0.695714 0.666518 0.974816
0.290113 -0.190000 -0.210512 0.059141 0.697922 -0.713727 0.658959 0.988208
0.451988 -0.190000 -0.372387 -0.713728 0.697922 0.059144 0.658959 0.911974
0.407500 -0.190000 -0.360000 0.695713 0.718320 0.000000 0.666518 0.925366
0.302500 -0.190000 -0.210000 -0.000000 0.697923 -0.716173 0.655922 0.985412
0.452500 -0.190000 -0.360000 -0.716173 0.697923 -0.000000 0.655922 0.914770
0.312792 -0.190000 -0.255506 0.068190 0.718319 0.692364 0.664214 0.972273
0.314887 -0.190000 -0.210512 -0.059141 0.697922 -0.713727 0.653126 0.982375
0.406994 -0.190000 -0.349708 0.692363 0.718319 0.068193 0.664214 0.927909
0.451988 -0.190000 -0.347613 -0.713728 0.697922 -0.059144 0.653126 0.917807
0.322985 -0.190000 -0.257018 0.135728 0.718321 0.682344 0.662170 0.969517
0.327189 -0.190000 -0.212046 -0.117880 0.697923 -0.706405 0.650590 0.979117
0.405482 -0.190000 -0.339516 0.682346 0.718319 0.135728 0.662170 0.930665
0.450454 -0.190000 -0.335311 -0.706404 0.697924 -0.117880 0.650590 0.921065
0.332980 -0.190000 -0.259521 0.201957 0.718318 0.665757 0.660405 0.966574
0.339323 -0.190000 -0.214590 -0.175810 0.697923 -0.694258 0.648332 0.975660
0.402979 -0.190000 -0.329520 0.665757 0.718319 0.201953 0.660405 0.933608
0.447910 -0.190000 -0.323177 -0.694259 0.697923 -0.175810 0.648332 0.924522
0.342682 -0.190000 -0.262993 0.266236 0.718320 0.642755 0.658938 0.963472
0.351205 -0.190000 -0.218127 -0.232541 0.697922 -0.677369 0.646367 0.972030
0.399507 -0.190000 -0.319818 0.642754 0.718321 0.266238 0.658938 0.936710
0.444373 -0.190000 -0.311295 -0.677369 0.697923 -0.232540 0.646367 0.928153
0.351997 -0.190000 -0.267398 0.327958 0.718320 0.613563 0.657782 0.960241
0.362754 -0.190000 -0.222634 -0.287682 0.697923 -0.655852 0.644708 0.968249
0.395102 -0.190000 -0.310503 0.613566 0.718318 0.327958 0.657782 0.939941
0.439866 -0.190000 -0.299746 -0.655853 0.697923 -0.287681 0.644708 0.931933
0.373892 -0.190000 -0.228079 -0.340860 0.697922 -0.629857 0.643368 0.964344
0.434421 -0.190000 -0.288608 -0.629856 0.697921 -0.340861 0.643368 0.935838
0.360835 -0.190000 -0.272696 0.386519 0.718319 0.578464 0.656949 0.956913
0.384542 -0.190000 -0.234425 -0.391711 0.697923 -0.599555 0.642354 0.960342
0.428075 -0.190000 -0.277958 -0.599555 0.697923 -0.391710 0.642354 0.939840
0.389804 -0.190000 -0.301665 0.578464 0.718321 0.386516 0.656949 0.943269
0.369111 -0.190000 -0.278834 0.441356 0.718319 0.537794 0.656445 0.953518
0.394632 -0.190000 -0.241629 -0.439883 0.697923 -0.565161 0.641675 0.956270
0.420871 -0.190000 -0.267868 -0.565161 0.697922 -0.439884 0.641675 0.943912
0.383666 -0.190000 -0.293389 0.537792 0.718320 0.441357 0.656445 0.946664
0.404092 -0.190000 -0.249641 -0.485052 0.697922 -0.526905 0.641334 0.952155
0.376746 -0.190000 -0.285754 0.491943 0.718319 0.491945 0.656277 0.950091
0.412859 -0.190000 -0.258408 -0.526905 0.697924 -0.485051 0.641334 0.948027
-0.069353 -0.150000 -0.328214 -0.477927 0.737657 0.476914 0.763335 0.322639
-0.085239 -0.150000 -0.318062 -0.708934 0.701094 0.076679 0.768625 0.326019
-0.060055 -0.150000 -0.321061 -0.338414 0.737658 0.584241 0.760239 0.325021
-0.082418 -0.150000 -0.297245 -0.703776 0.701095 0.114740 0.767686 0.332951
-0.032265 -0.150000 -0.560081 -0.967342 0.088320 -0.237589 0.750984 0.245424
-0.042553 -0.150000 -0.541766 -0.630887 0.701095 -0.332337 0.754410 0.251524
-0.031781 -0.150000 -0.546134 -0.667785 0.736310 0.109134 0.750823 0.250069
-0.049224 -0.150000 -0.316554 -0.175902 0.737657 0.651859 0.756632 0.326521
-0.078480 -0.150000 -0.276610 -0.696577 0.701095 0.152467 0.766374 0.339823
-0.037595 -0.150000 -0.315000 -0.001433 0.737658 0.675173 0.752759 0.327039
-0.051839 -0.150000 -0.522923 -0.647867 0.701095 -0.297884 0.757502 0.257798
-0.027802 -0.150000 -0.532758 -0.618721 0.736408 0.273656 0.749498 0.254523
-0.060098 -0.150000 -0.503607 -0.662966 0.701095 -0.262567 0.760253 0.264231
-0.020585 -0.150000 -0.520814 -0.529837 0.736509 0.420508 0.747094 0.258501
-0.073438 -0.150000 -0.256217 -0.687357 0.701094 0.189755 0.764695 0.346614
-0.008849 -0.150000 -0.286094 -0.675433 0.719782 0.160329 0.743186 0.336665
-0.025961 -0.150000 -0.316505 0.173134 0.737658 0.652599 0.748885 0.326538
-0.015110 -0.150000 -0.320965 -0.396023 0.566997 0.722274 0.745271 0.325052
-0.010593 -0.150000 -0.511070 -0.406867 0.736624 0.540227 0.743767 0.261745
-0.067304 -0.150000 -0.236125 -0.676142 0.701095 0.226491 0.762653 0.353305
0.001229 -0.150000 -0.252129 -0.653569 0.719782 0.234012 0.739830 0.347975
-0.060098 -0.150000 -0.216393 -0.662966 0.701095 0.262568 0.760253 0.359876
-0.051839 -0.150000 -0.197077 -0.647867 0.701095 0.297884 0.757502 0.366308
-0.020585 -0.150000 -0.199187 -0.529724 0.736669 -0.420370 0.747094 0.365606
-0.010593 -0.150000 -0.208930 -0.406834 0.736724 -0.540115 0.743767 0.362361
-0.042553 -0.150000 -0.178234 -0.630887 0.701095 0.332336 0.754410 0.372583
-0.027802 -0.150000 -0.187242 -0.618526 0.736617 -0.273533 0.749498 0.369584
-0.067304 -0.150000 -0.483875 -0.676142 0.701095 -0.226491 0.762653 0.270802
0.001229 -0.150000 -0.467871 -0.653569 0.719782 -0.234012 0.739830 0.276131
-0.073438 -0.150000 -0.463783 -0.687357 0.701094 -0.189755 0.764695 0.277493
0.001529 -0.150000 -0.215845 -0.257773 0.736780 -0.625066 0.739731 0.360059
0.001529 -0.150000 -0.504155 -0.257744 0.736746 0.625119 0.739731 0.264048
0.015001 -0.150000 -0.500514 -0.738130 0.570571 0.360018 0.735244 0.265261
-0.031781 -0.150000 -0.173866 -0.667517 0.736564 -0.109062 0.750823 0.374038
0.015001 -0.150000 -0.219486 -0.738130 0.570571 -0.360019 0.735244 0.358846
-0.082418 -0.150000 -0.422755 -0.703775 0.701096 -0.114741 0.767686 0.291155
-0.085239 -0.150000 -0.401938 -0.708934 0.701094 -0.076679 0.768625 0.298088
-0.060055 -0.150000 -0.398939 -0.338415 0.737658 -0.584239 0.760239 0.299086
-0.069353 -0.150000 -0.391786 -0.477929 0.737657 -0.476914 0.763335 0.301468
-0.032265 -0.150000 -0.159919 -0.968915 0.088249 0.231118 0.750984 0.378683
-0.086934 -0.150000 -0.381000 -0.712033 0.701095 -0.038394 0.769190 0.305060
-0.076487 -0.150000 -0.382472 -0.584956 0.737657 -0.337177 0.765711 0.304570
-0.078480 -0.150000 -0.443390 -0.696577 0.701095 -0.152467 0.766374 0.284284
-0.049224 -0.150000 -0.403446 -0.175900 0.737658 -0.651859 0.756632 0.297585
-0.080971 -0.150000 -0.371632 -0.652229 0.737659 -0.174518 0.767204 0.308180
-0.087500 -0.150000 -0.360000 -0.713068 0.701095 0.000000 0.769378 0.312053
-0.008849 -0.150000 -0.433906 -0.675433 0.719781 -0.160329 0.743186 0.287442
-0.037595 -0.150000 -0.405000 -0.001433 0.737657 -0.675174 0.752759 0.297068
-0.082500 -0.150000 -0.360000 -0.675176 0.737657 0.000000 0.767713 0.312053
-0.025961 -0.150000 -0.403495 0.173133 0.737658 -0.652599 0.748885 0.297569
-0.080971 -0.150000 -0.348369 -0.652230 0.737658 0.174518 0.767204 0.315927
-0.086934 -0.150000 -0.339001 -0.712033 0.701095 0.038394 0.769190 0.319046
-0.015110 -0.150000 -0.399035 -0.396022 0.566997 -0.722275 0.745271 0.299054
-0.076487 -0.150000 -0.337528 -0.584957 0.737657 0.337175 0.765711 0.319537
0.103943 -0.160000 -0.110000 0.438181 0.898813 -0.011511 0.948595 0.241225
0.057141 -0.160000 -0.110000 0.797979 0.543406 -0.260652 0.963569 0.240910
0.093666 -0.146333 -0.110000 0.570394 0.402696 -0.715882 0.951883 0.245695
0.084328 -0.132008 -0.110000 0.598707 0.362281 -0.714354 0.954871 0.250390
0.075972 -0.117090 -0.110000 0.621668 0.321347 -0.714329 0.957545 0.255289
0.068634 -0.101645 -0.110000 0.641820 0.278956 -0.714318 0.959892 0.260369
0.062348 -0.085742 -0.110000 0.659075 0.235306 -0.714318 0.961904 0.265608
0.057141 -0.069455 -0.110000 0.882605 0.151352 0.445086 0.963569 0.270983
0.501057 -0.160000 -0.110000 -0.438177 0.898815 -0.011515 0.099389 0.953778
0.511334 -0.146333 -0.110000 -0.570394 0.402694 -0.715883 0.098477 0.959365
0.547859 -0.160000 -0.110000 -0.798824 0.543286 -0.258304 0.086096 0.960679
0.520672 -0.132008 -0.110000 -0.598709 0.362280 -0.714353 0.097927 0.965010
0.529028 -0.117090 -0.110000 -0.621667 0.321347 -0.714329 0.097744 0.970686
0.536366 -0.101645 -0.110000 -0.641820 0.278956 -0.714318 0.097927 0.976370
0.542653 -0.085742 -0.110000 -0.659075 0.235306 -0.714318 0.098477 0.982034
0.547859 -0.069455 -0.110000 -0.881216 0.151583 0.447750 0.099389 0.987654
0.106716 -0.163382 -0.110000 0.545249 0.454409 0.704426 0.799805 0.375650
0.109547 -0.166715 -0.110000 0.536801 0.463497 0.704993 0.798698 0.374705
0.103943 -0.160000 -0.110000 0.438181 0.898813 -0.011511 0.800929 0.376576
0.112434 -0.170000 -0.110000 0.524759 0.480708 0.702530 0.797607 0.373741
0.501057 -0.160000 -0.110000 -0.438177 0.898815 -0.011515 0.800929 0.245424
0.492566 -0.170000 -0.110000 -0.524763 0.480705 0.702528 0.797607 0.248197
0.495453 -0.166715 -0.110000 -0.536801 0.463492 0.704997 0.798698 0.247254
0.498284 -0.163382 -0.110000 -0.545243 0.454412 0.704428 0.799805 0.246330
0.205980 -0.236027 -0.110000 0.270347 0.661100 0.699900 -0.000000 0.754998
0.190922 -0.229293 -0.110000 0.312522 0.642240 0.699898 -0.000000 0.749984
0.176331 -0.221600 -0.110000 0.353394 0.620689 0.699898 -0.000000 0.745125
0.492566 -0.170000 -0.110000 -0.524763 0.480705 0.702528 0.000000 0.850434
0.481177 -0.181933 -0.110000 -0.500464 0.509585 0.699899 0.000000 0.846642
0.162268 -0.212979 -0.110000 0.392783 0.596542 0.699899 -0.000000 0.740442
0.469041 -0.193104 -0.110000 -0.466473 0.540873 0.699899 0.000000 0.842600
0.148792 -0.203467 -0.110000 0.430527 0.569901 0.699899 -0.000000 0.735954
0.456208 -0.203467 -0.110000 -0.430528 0.569901 0.699899 0.000000 0.838327
0.135959 -0.193104 -0.110000 0.466473 0.540874 0.699899 -0.000000 0.731680
0.442732 -0.212979 -0.110000 -0.392782 0.596543 0.699899 0.000000 0.833839
0.123823 -0.181933 -0.110000 0.500465 0.509585 0.699899 -0.000000 0.727639
0.112434 -0.170000 -0.110000 0.524759 0.480708 0.702530 -0.000000 0.723846
0.428669 -0.221600 -0.110000 -0.353394 0.620689 0.699899 0.000000 0.829156
0.414078 -0.229293 -0.110000 -0.312523 0.642239 0.699898 0.000000 0.824297
0.399020 -0.236027 -0.110000 -0.270346 0.661099 0.699901 0.000000 0.819282
0.383558 -0.241774 -0.110000 -0.227042 0.677196 0.699898 0.000000 0.814133
0.367757 -0.246509 -0.110000 -0.182783 0.690458 0.699899 0.000000 0.808872
0.351683 -0.250212 -0.110000 -0.137759 0.700832 0.699898 0.000000 0.803519
0.335404 -0.252868 -0.110000 -0.092161 0.708271 0.699899 0.000000 0.798097
0.318986 -0.254467 -0.110000 -0.046178 0.712747 0.699899 0.000000 0.792630
0.302500 -0.255000 -0.110000 -0.000000 0.714242 0.699899 0.000000 0.787140
0.286014 -0.254467 -0.110000 0.046178 0.712748 0.699899 0.000000 0.781650
0.269596 -0.252868 -0.110000 0.092161 0.708271 0.699899 -0.000000 0.776183
0.253317 -0.250212 -0.110000 0.137759 0.700831 0.699899 -0.000000 0.770762
0.237243 -0.246509 -0.110000 0.182782 0.690458 0.699899 -0.000000 0.765409
0.221442 -0.241774 -0.110000 0.227042 0.677196 0.699898 -0.000000 0.760147
0.439866 -0.160000 -0.299746 -0.638807 0.716527 -0.280204 0.188642 0.771785
0.434421 -0.160000 -0.288608 -0.613484 0.716529 -0.332001 0.190455 0.775494
0.558935 -0.160000 -0.224570 -0.631357 0.700149 -0.333437 0.148991 0.796819
0.566886 -0.160000 -0.240836 -0.650935 0.700147 -0.293390 0.146343 0.791402
0.428075 -0.160000 -0.277958 -0.583973 0.716527 -0.381529 0.192568 0.779041
0.549984 -0.160000 -0.208832 -0.609321 0.700147 -0.372185 0.151971 0.802060
0.540068 -0.160000 -0.193683 -0.584907 0.700148 -0.409484 0.155273 0.807105
0.420871 -0.160000 -0.267868 -0.550470 0.716528 -0.428450 0.194967 0.782401
0.529226 -0.160000 -0.179182 -0.558214 0.700148 -0.445185 0.158884 0.811934
0.412859 -0.160000 -0.258408 -0.513211 0.716527 -0.472445 0.197635 0.785551
0.517501 -0.160000 -0.165386 -0.567475 0.801110 -0.190250 0.162788 0.816528
0.394632 -0.160000 -0.241629 -0.428450 0.716527 -0.550471 0.203705 0.791139
0.384542 -0.160000 -0.234425 -0.381530 0.716528 -0.583972 0.207065 0.793537
0.404092 -0.160000 -0.249641 -0.472445 0.716528 -0.513209 0.200555 0.788470
0.501057 -0.160000 -0.110000 -0.438177 0.898815 -0.011515 0.168264 0.834972
0.314887 -0.160000 -0.210512 -0.057604 0.716528 -0.695176 0.230261 0.801501
0.302500 -0.160000 -0.210000 0.000000 0.716527 -0.697559 0.234386 0.801671
0.103943 -0.160000 -0.110000 0.438181 0.898813 -0.011511 0.300508 0.834972
0.327189 -0.160000 -0.212046 -0.114816 0.716528 -0.688045 0.226164 0.800990
0.339323 -0.160000 -0.214590 -0.171241 0.716527 -0.676214 0.222124 0.800143
0.351205 -0.160000 -0.218127 -0.226497 0.716528 -0.659763 0.218167 0.798965
0.200908 -0.160000 -0.470359 0.472445 0.716527 0.513210 0.268217 0.714969
0.049500 -0.160000 -0.501743 0.625957 0.764686 0.153078 0.318638 0.704518
0.192141 -0.160000 -0.461592 0.513210 0.716527 0.472445 0.271137 0.717888
0.362754 -0.160000 -0.222634 -0.280205 0.716527 -0.638807 0.214321 0.797464
0.373892 -0.160000 -0.228079 -0.332000 0.716528 -0.613485 0.210612 0.795651
0.517974 -0.160000 -0.157161 -0.687203 0.721652 0.083486 0.162631 0.819267
0.519484 -0.160000 -0.149062 -0.671124 0.721653 0.169737 0.162128 0.821964
0.210368 -0.160000 -0.478371 0.428451 0.716529 0.550470 0.265067 0.712301
0.522007 -0.160000 -0.141219 -0.644258 0.721655 0.253269 0.161288 0.824576
0.525501 -0.160000 -0.133758 -0.607052 0.721650 0.332729 0.160124 0.827061
0.529910 -0.160000 -0.126799 -0.560082 0.721656 0.406842 0.158656 0.829378
0.184129 -0.160000 -0.452132 0.550470 0.716528 0.428451 0.273805 0.721039
0.535165 -0.160000 -0.120453 -0.504118 0.721652 0.474429 0.156906 0.831491
0.176925 -0.160000 -0.442042 0.583972 0.716528 0.381529 0.276204 0.724399
0.541180 -0.160000 -0.114824 -0.440060 0.721653 0.534383 0.154903 0.833366
0.049500 -0.160000 -0.720000 0.301511 0.301511 -0.904534 0.318638 0.631836
0.220458 -0.160000 -0.485575 0.381528 0.716528 0.583973 0.261707 0.709902
0.547859 -0.160000 -0.110000 -0.798824 0.543286 -0.258304 0.152679 0.834972
0.231108 -0.160000 -0.491921 0.332000 0.716528 0.613485 0.258160 0.707789
0.041206 -0.160000 -0.485800 0.643275 0.700200 0.309706 0.321399 0.709827
0.170579 -0.160000 -0.431392 0.613485 0.716528 0.332001 0.278317 0.727945
0.033916 -0.160000 -0.469374 0.661224 0.700198 0.269268 0.323827 0.715297
0.165134 -0.160000 -0.420254 0.638806 0.716527 0.280206 0.280130 0.731654
0.242246 -0.160000 -0.497366 0.280206 0.716527 0.638806 0.254451 0.705975
0.027657 -0.160000 -0.452528 0.676632 0.700199 0.227794 0.325911 0.720907
0.160627 -0.160000 -0.408705 0.659763 0.716528 0.226496 0.281631 0.735500
0.022454 -0.160000 -0.435327 0.689442 0.700199 0.185447 0.327644 0.726635
0.253795 -0.160000 -0.501873 0.226496 0.716528 0.659763 0.250605 0.704475
0.018326 -0.160000 -0.417837 0.699605 0.700199 0.142387 0.329019 0.732459
0.157090 -0.160000 -0.396823 0.676215 0.716527 0.171241 0.282809 0.739457
0.265677 -0.160000 -0.505410 0.171242 0.716527 0.676215 0.246648 0.703297
0.277811 -0.160000 -0.507954 0.114815 0.716529 0.688044 0.242608 0.702449
0.432500 -0.160000 -0.720000 -0.293435 0.446867 -0.845107 0.191095 0.631836
0.015289 -0.160000 -0.400124 0.707080 0.700200 0.098781 0.330030 0.738358
0.154546 -0.160000 -0.384689 0.688044 0.716528 0.114816 0.283656 0.743498
0.013355 -0.160000 -0.382258 0.711843 0.700198 0.054795 0.330674 0.744308
0.153012 -0.160000 -0.372387 0.695176 0.716528 0.057603 0.284167 0.747595
0.012532 -0.160000 -0.364305 0.713868 0.700200 0.010600 0.330948 0.750286
0.290113 -0.160000 -0.509488 0.057604 0.716527 0.695177 0.238511 0.701939
0.302500 -0.160000 -0.510000 -0.000000 0.716528 0.697558 0.234386 0.701768
0.012822 -0.160000 -0.346337 0.713156 0.700198 -0.033635 0.330852 0.756270
0.152500 -0.160000 -0.360000 0.697560 0.716527 -0.000000 0.284338 0.751720
0.314887 -0.160000 -0.509488 -0.057604 0.716527 0.695177 0.230261 0.701939
0.153012 -0.160000 -0.347613 0.695176 0.716528 -0.057603 0.284167 0.755845
0.014225 -0.160000 -0.328421 0.709702 0.700199 -0.077745 0.330385 0.762236
0.154546 -0.160000 -0.335311 0.688044 0.716528 -0.114816 0.283656 0.759941
0.016734 -0.160000 -0.310626 0.703524 0.700199 -0.121554 0.329549 0.768162
0.020341 -0.160000 -0.293021 0.694644 0.700199 -0.164896 0.328348 0.774025
0.327189 -0.160000 -0.507954 -0.114815 0.716529 0.688044 0.226164 0.702449
0.037587 -0.160000 -0.242013 0.652187 0.700199 -0.290471 0.322605 0.791011
0.045403 -0.160000 -0.225831 0.538759 0.638200 -0.549944 0.320002 0.796399
0.053594 -0.160000 -0.222080 0.330464 0.723043 -0.606632 0.317274 0.797648
0.157090 -0.160000 -0.323177 0.676215 0.716527 -0.171241 0.282809 0.763982
0.025031 -0.160000 -0.275672 0.683097 0.700199 -0.207605 0.326786 0.779802
0.339323 -0.160000 -0.505410 -0.171242 0.716527 0.676214 0.222124 0.703297
0.061188 -0.160000 -0.217232 0.411169 0.723043 -0.555112 0.314745 0.799263
0.351205 -0.160000 -0.501873 -0.226496 0.716528 0.659763 0.218167 0.704475
0.160627 -0.160000 -0.311295 0.659763 0.716528 -0.226495 0.281631 0.767939
0.030787 -0.160000 -0.258648 0.668927 0.700198 -0.249517 0.324869 0.785471
0.068039 -0.160000 -0.211381 0.483973 0.723043 -0.492929 0.312464 0.801211
0.165134 -0.160000 -0.299746 0.638806 0.716527 -0.280206 0.280130 0.771785
0.362754 -0.160000 -0.497366 -0.280205 0.716527 0.638807 0.214321 0.705975
0.170579 -0.160000 -0.288608 0.613484 0.716528 -0.332001 0.278317 0.775494
0.373892 -0.160000 -0.491921 -0.331999 0.716528 0.613485 0.210612 0.707789
0.074015 -0.160000 -0.204639 0.547482 0.723044 -0.421273 0.310474 0.803456
0.176925 -0.160000 -0.277958 0.583973 0.716527 -0.381529 0.276204 0.779041
0.384542 -0.160000 -0.485575 -0.381529 0.716528 0.583972 0.207065 0.709902
0.079001 -0.160000 -0.197135 0.600475 0.723043 -0.341524 0.308814 0.805955
0.184129 -0.160000 -0.267868 0.550470 0.716528 -0.428451 0.273805 0.782401
0.082901 -0.160000 -0.189014 0.641929 0.723042 -0.255218 0.307515 0.808660
0.192141 -0.160000 -0.258408 0.513211 0.716526 -0.472445 0.271137 0.785551
0.085642 -0.160000 -0.180432 0.671052 0.723043 -0.164009 0.306602 0.811518
0.200908 -0.160000 -0.249641 0.472446 0.716528 -0.513208 0.268217 0.788470
0.087169 -0.160000 -0.171553 0.687282 0.723044 -0.069645 0.306093 0.814474
0.210368 -0.160000 -0.241629 0.428449 0.716529 -0.550471 0.265067 0.791139
0.087454 -0.160000 -0.162548 0.690313 0.723042 0.026052 0.305999 0.817473
0.220458 -0.160000 -0.234425 0.381529 0.716527 -0.583974 0.261707 0.793537
0.064413 -0.160000 -0.115318 0.445442 0.723043 0.528006 0.313671 0.833201
0.057141 -0.160000 -0.110000 0.797979 0.543406 -0.260652 0.316093 0.834972
0.070880 -0.160000 -0.121591 0.514170 0.723043 0.461344 0.311518 0.831112
0.076418 -0.160000 -0.128697 0.573021 0.723044 0.385817 0.309674 0.828746
0.080919 -0.160000 -0.136501 0.620865 0.723043 0.302878 0.308175 0.826147
0.084299 -0.160000 -0.144853 0.656781 0.723042 0.214124 0.307049 0.823366
0.086491 -0.160000 -0.153591 0.680077 0.723045 0.121251 0.306319 0.820456
0.231108 -0.160000 -0.228079 0.332000 0.716528 -0.613484 0.258160 0.795651
0.242246 -0.160000 -0.222634 0.280206 0.716527 -0.638807 0.254451 0.797464
0.253795 -0.160000 -0.218127 0.226496 0.716528 -0.659763 0.250605 0.798965
0.265677 -0.160000 -0.214590 0.171241 0.716527 -0.676214 0.246648 0.800143
0.555142 -0.160000 -0.502379 -0.624421 0.703610 0.339164 0.150253 0.704306
0.428075 -0.160000 -0.442042 -0.583973 0.716528 0.381529 0.192568 0.724399
0.434421 -0.160000 -0.431392 -0.613484 0.716528 0.332000 0.190455 0.727945
0.420871 -0.160000 -0.452132 -0.550471 0.716528 0.428450 0.194967 0.721039
0.412859 -0.160000 -0.461592 -0.513209 0.716527 0.472445 0.197635 0.717888
0.404092 -0.160000 -0.470359 -0.472444 0.716527 0.513211 0.200555 0.714969
0.394632 -0.160000 -0.478371 -0.428452 0.716528 0.550470 0.203705 0.712301
0.277811 -0.160000 -0.212046 0.114816 0.716528 -0.688044 0.242608 0.800990
0.439866 -0.160000 -0.420254 -0.638807 0.716528 0.280204 0.188642 0.731654
0.563535 -0.160000 -0.486336 -0.642684 0.700149 0.311046 0.147459 0.709648
0.290113 -0.160000 -0.210512 0.057604 0.716528 -0.695176 0.238511 0.801501
0.570910 -0.160000 -0.469801 -0.660842 0.700147 0.270336 0.145003 0.715155
0.444373 -0.160000 -0.408705 -0.659764 0.716527 0.226496 0.187141 0.735500
0.577239 -0.160000 -0.452837 -0.676422 0.700148 0.228572 0.142895 0.720804
0.582496 -0.160000 -0.435512 -0.689368 0.700148 0.185917 0.141144 0.726573
0.447910 -0.160000 -0.396823 -0.676214 0.716528 0.171240 0.185963 0.739457
0.586663 -0.160000 -0.417892 -0.699627 0.700147 0.142535 0.139757 0.732441
0.450454 -0.160000 -0.384689 -0.688046 0.716527 0.114816 0.185116 0.743498
0.451988 -0.160000 -0.372387 -0.695175 0.716528 0.057607 0.184605 0.747595
0.589722 -0.160000 -0.400047 -0.707157 0.700148 0.098599 0.138738 0.738384
0.591661 -0.160000 -0.382046 -0.711933 0.700147 0.054277 0.138092 0.744378
0.452500 -0.160000 -0.360000 -0.697559 0.716528 -0.000000 0.184434 0.751720
0.592473 -0.160000 -0.363958 -0.713931 0.700148 0.009743 0.137822 0.750402
0.592155 -0.160000 -0.345856 -0.713148 0.700148 -0.034824 0.137928 0.756430
0.451988 -0.160000 -0.347613 -0.695175 0.716528 -0.057606 0.184605 0.755845
0.450454 -0.160000 -0.335311 -0.688046 0.716527 -0.114816 0.185116 0.759941
0.590708 -0.160000 -0.327808 -0.709586 0.700147 -0.079259 0.138410 0.762440
0.588137 -0.160000 -0.309886 -0.703256 0.700148 -0.123385 0.139266 0.768408
0.447910 -0.160000 -0.323177 -0.676214 0.716528 -0.171240 0.185963 0.763982
0.584453 -0.160000 -0.292159 -0.694186 0.700148 -0.167029 0.140493 0.774311
0.444373 -0.160000 -0.311295 -0.659764 0.716527 -0.226496 0.187141 0.767939
0.579670 -0.160000 -0.274697 -0.682410 0.700148 -0.210022 0.142085 0.780127
0.573807 -0.160000 -0.257567 -0.667975 0.700148 -0.252196 0.144038 0.785831
0.452500 -0.190000 -0.360000 -0.716173 0.697923 -0.000000 0.120825 0.813372
0.452500 -0.160000 -0.360000 -0.697559 0.716528 -0.000000 0.130799 0.813404
0.451988 -0.160000 -0.372387 -0.695175 0.716528 0.057607 0.130867 0.817290
0.451988 -0.190000 -0.372387 -0.713728 0.697922 0.059144 0.120894 0.817257
0.450454 -0.160000 -0.384689 -0.688046 0.716527 0.114816 0.130955 0.821047
0.450454 -0.190000 -0.384689 -0.706404 0.697924 0.117880 0.120981 0.821014
0.447910 -0.160000 -0.396823 -0.676214 0.716528 0.171240 0.131060 0.824649
0.447910 -0.190000 -0.396823 -0.694259 0.697922 0.175810 0.121087 0.824617
0.444373 -0.160000 -0.408705 -0.659764 0.716527 0.226496 0.131184 0.828073
0.444373 -0.190000 -0.408705 -0.677369 0.697923 0.232540 0.121210 0.828041
0.439866 -0.160000 -0.420254 -0.638807 0.716528 0.280204 0.131323 0.831295
0.439866 -0.190000 -0.420254 -0.655853 0.697923 0.287681 0.121350 0.831262
0.434421 -0.160000 -0.431392 -0.613484 0.716528 0.332000 0.131479 0.834292
0.434421 -0.190000 -0.431392 -0.629856 0.697922 0.340860 0.121505 0.834260
0.428075 -0.190000 -0.442042 -0.599556 0.697923 0.391710 0.121676 0.837013
0.420871 -0.190000 -0.452132 -0.565161 0.697922 0.439884 0.119774 0.834266
0.428075 -0.190000 -0.442042 -0.599556 0.697923 0.391710 0.119561 0.837078
0.428075 -0.160000 -0.442042 -0.583973 0.716528 0.381529 0.109598 0.837104
0.428075 -0.160000 -0.442042 -0.583973 0.716528 0.381529 0.131649 0.837045
0.420871 -0.160000 -0.452132 -0.550471 0.716528 0.428450 0.109810 0.834293
0.412859 -0.190000 -0.461592 -0.526904 0.697923 0.485052 0.119969 0.831215
0.412859 -0.160000 -0.461592 -0.513209 0.716527 0.472445 0.110005 0.831241
0.404092 -0.190000 -0.470359 -0.485050 0.697923 0.526906 0.120143 0.827944
0.404092 -0.160000 -0.470359 -0.472444 0.716527 0.513211 0.110180 0.827970
0.394632 -0.190000 -0.478371 -0.439884 0.697923 0.565159 0.120297 0.824476
0.394632 -0.160000 -0.478371 -0.428452 0.716528 0.550470 0.110334 0.824503
0.384542 -0.160000 -0.485575 -0.381529 0.716528 0.583972 0.110466 0.820862
0.384542 -0.190000 -0.485575 -0.391711 0.697922 0.599556 0.120430 0.820835
0.373892 -0.160000 -0.491921 -0.331999 0.716528 0.613485 0.110575 0.817073
0.373892 -0.190000 -0.491921 -0.340859 0.697923 0.629857 0.120539 0.817046
0.362754 -0.160000 -0.497366 -0.280205 0.716527 0.638807 0.110661 0.813161
0.362754 -0.190000 -0.497366 -0.287682 0.697923 0.655852 0.120625 0.813135
0.351205 -0.160000 -0.501873 -0.226496 0.716528 0.659763 0.110723 0.809154
0.351205 -0.190000 -0.501873 -0.232541 0.697922 0.677369 0.120687 0.809128
0.339323 -0.160000 -0.505410 -0.171242 0.716527 0.676214 0.110760 0.805078
0.339323 -0.190000 -0.505410 -0.175811 0.697924 0.694257 0.120724 0.805052
0.327189 -0.190000 -0.507954 -0.117879 0.697922 0.706406 0.120736 0.800936
0.327189 -0.160000 -0.507954 -0.114815 0.716529 0.688044 0.110773 0.800962
0.314887 -0.160000 -0.509488 -0.057604 0.716527 0.695177 0.110760 0.796834
0.314887 -0.190000 -0.509488 -0.059141 0.697923 0.713726 0.120724 0.796807
0.302500 -0.160000 -0.510000 -0.000000 0.716528 0.697558 0.110723 0.792721
0.302500 -0.190000 -0.510000 0.000000 0.697922 0.716174 0.120687 0.792695
0.290113 -0.160000 -0.509488 0.057604 0.716527 0.695177 0.110661 0.788653
0.290113 -0.190000 -0.509488 0.059141 0.697923 0.713726 0.120625 0.788626
0.277811 -0.190000 -0.507954 0.117879 0.697922 0.706406 0.120539 0.784629
0.277811 -0.160000 -0.507954 0.114815 0.716529 0.688044 0.110575 0.784656
0.265677 -0.160000 -0.505410 0.171242 0.716527 0.676215 0.110466 0.780758
0.265677 -0.190000 -0.505410 0.175811 0.697924 0.694257 0.120430 0.780731
0.242246 -0.190000 -0.497366 0.287683 0.697923 0.655852 0.120143 0.773338
0.253795 -0.190000 -0.501873 0.232540 0.697922 0.677370 0.120297 0.776959
0.253795 -0.160000 -0.501873 0.226496 0.716528 0.659763 0.110334 0.776986
0.242246 -0.160000 -0.497366 0.280206 0.716527 0.638806 0.110180 0.773365
0.231108 -0.190000 -0.491921 0.340860 0.697923 0.629856 0.119969 0.769893
0.231108 -0.160000 -0.491921 0.332000 0.716528 0.613485 0.110005 0.769920
0.220458 -0.190000 -0.485575 0.391709 0.697923 0.599556 0.119774 0.766648
0.220458 -0.160000 -0.485575 0.381528 0.716528 0.583973 0.109810 0.766675
0.210368 -0.190000 -0.478371 0.439885 0.697922 0.565160 0.119561 0.763625
0.210368 -0.160000 -0.478371 0.428451 0.716529 0.550470 0.109598 0.763652
0.200908 -0.190000 -0.470359 0.485052 0.697923 0.526904 0.860423 0.550455
0.210368 -0.190000 -0.478371 0.439885 0.697922 0.565160 0.860568 0.547228
0.200908 -0.160000 -0.470359 0.472445 0.716527 0.513210 0.870398 0.550455
0.192141 -0.190000 -0.461592 0.526904 0.697923 0.485052 0.860294 0.553885
0.210368 -0.160000 -0.478371 0.428451 0.716529 0.550470 0.870542 0.547228
0.184129 -0.190000 -0.452132 0.565160 0.697922 0.439884 0.860181 0.557492
0.192141 -0.160000 -0.461592 0.513210 0.716527 0.472445 0.870268 0.553885
0.184129 -0.160000 -0.452132 0.550470 0.716528 0.428451 0.870156 0.557492
0.176925 -0.190000 -0.442042 0.599556 0.697922 0.391710 0.860085 0.561253
0.176925 -0.160000 -0.442042 0.583972 0.716528 0.381529 0.870060 0.561253
0.170579 -0.190000 -0.431392 0.629856 0.697923 0.340860 0.860007 0.565142
0.170579 -0.160000 -0.431392 0.613485 0.716528 0.332001 0.869982 0.565142
0.165134 -0.190000 -0.420254 0.655852 0.697923 0.287683 0.859948 0.569132
0.165134 -0.160000 -0.420254 0.638806 0.716527 0.280206 0.869922 0.569132
0.160627 -0.190000 -0.408705 0.677370 0.697922 0.232540 0.859907 0.573196
0.160627 -0.160000 -0.408705 0.659763 0.716528 0.226496 0.869881 0.573196
0.157090 -0.190000 -0.396823 0.694258 0.697924 0.175810 0.859885 0.577306
0.157090 -0.160000 -0.396823 0.676215 0.716527 0.171241 0.869860 0.577306
0.154546 -0.190000 -0.384689 0.706405 0.697922 0.117880 0.859882 0.581434
0.154546 -0.160000 -0.384689 0.688044 0.716528 0.114816 0.869857 0.581434
0.153012 -0.160000 -0.372387 0.695176 0.716528 0.057603 0.869873 0.585552
0.153012 -0.190000 -0.372387 0.713728 0.697922 0.059140 0.859899 0.585552
0.152500 -0.160000 -0.360000 0.697560 0.716527 -0.000000 0.869909 0.589632
0.152500 -0.190000 -0.360000 0.716172 0.697923 -0.000000 0.859934 0.589632
0.153012 -0.160000 -0.347613 0.695176 0.716528 -0.057603 0.869963 0.593646
0.153012 -0.190000 -0.347613 0.713728 0.697922 -0.059140 0.859988 0.593646
0.154546 -0.160000 -0.335311 0.688044 0.716528 -0.114816 0.870036 0.597566
0.154546 -0.190000 -0.335311 0.706406 0.697922 -0.117880 0.860061 0.597566
0.157090 -0.190000 -0.323177 0.694258 0.697924 -0.175810 0.860152 0.601366
0.157090 -0.160000 -0.323177 0.676215 0.716527 -0.171241 0.870126 0.601366
0.160627 -0.160000 -0.311295 0.659763 0.716528 -0.226495 0.870234 0.605020
0.160627 -0.190000 -0.311295 0.677370 0.697922 -0.232540 0.860260 0.605020
0.165134 -0.190000 -0.299746 0.655852 0.697923 -0.287683 0.860385 0.608503
0.165134 -0.160000 -0.299746 0.638806 0.716527 -0.280206 0.870359 0.608503
0.170579 -0.190000 -0.288608 0.629856 0.697922 -0.340861 0.860525 0.611790
0.170579 -0.160000 -0.288608 0.613484 0.716528 -0.332001 0.870499 0.611790
0.176925 -0.190000 -0.277958 0.599556 0.697923 -0.391710 0.860680 0.614861
0.176925 -0.160000 -0.277958 0.583973 0.716527 -0.381529 0.870654 0.614861
0.184129 -0.190000 -0.267868 0.565161 0.697922 -0.439885 0.849724 0.550464
0.176925 -0.190000 -0.277958 0.599556 0.697923 -0.391710 0.849919 0.547228
0.184129 -0.160000 -0.267868 0.550470 0.716528 -0.428451 0.859688 0.550488
0.176925 -0.160000 -0.277958 0.583973 0.716527 -0.381529 0.859882 0.547252
0.192141 -0.190000 -0.258408 0.526905 0.697924 -0.485050 0.849549 0.553901
0.192141 -0.160000 -0.258408 0.513211 0.716526 -0.472445 0.859513 0.553925
0.200908 -0.190000 -0.249641 0.485053 0.697923 -0.526903 0.849395 0.557515
0.200908 -0.160000 -0.249641 0.472446 0.716528 -0.513208 0.859359 0.557539
0.210368 -0.190000 -0.241629 0.439884 0.697922 -0.565162 0.849263 0.561281
0.210368 -0.160000 -0.241629 0.428449 0.716529 -0.550471 0.859227 0.561305
0.220458 -0.190000 -0.234425 0.391709 0.697923 -0.599556 0.849154 0.565174
0.220458 -0.160000 -0.234425 0.381529 0.716527 -0.583974 0.859118 0.565198
0.231108 -0.190000 -0.228079 0.340861 0.697922 -0.629856 0.849068 0.569168
0.231108 -0.160000 -0.228079 0.332000 0.716528 -0.613484 0.859032 0.569192
0.242246 -0.190000 -0.222634 0.287683 0.697923 -0.655852 0.849006 0.573234
0.242246 -0.160000 -0.222634 0.280206 0.716527 -0.638807 0.858970 0.573258
0.253795 -0.190000 -0.218127 0.232541 0.697922 -0.677370 0.848969 0.577345
0.253795 -0.160000 -0.218127 0.226496 0.716528 -0.659763 0.858933 0.577369
0.265677 -0.190000 -0.214590 0.175810 0.697923 -0.694258 0.848957 0.581474
0.265677 -0.160000 -0.214590 0.171241 0.716527 -0.676214 0.858920 0.581498
0.277811 -0.190000 -0.212046 0.117880 0.697923 -0.706405 0.848969 0.585591
0.277811 -0.160000 -0.212046 0.114816 0.716528 -0.688044 0.858933 0.585615
0.290113 -0.190000 -0.210512 0.059141 0.697922 -0.713727 0.849006 0.589669
0.290113 -0.160000 -0.210512 0.057604 0.716528 -0.695176 0.858970 0.589693
0.302500 -0.190000 -0.210000 -0.000000 0.697923 -0.716173 0.849068 0.593679
0.302500 -0.160000 -0.210000 0.000000 0.716527 -0.697559 0.859032 0.593703
0.314887 -0.190000 -0.210512 -0.059141 0.697922 -0.713727 0.849154 0.597595
0.314887 -0.160000 -0.210512 -0.057604 0.716528 -0.695176 0.859118 0.597619
0.327189 -0.190000 -0.212046 -0.117880 0.697923 -0.706405 0.849263 0.601390
0.327189 -0.160000 -0.212046 -0.114816 0.716528 -0.688045 0.859227 0.601414
0.339323 -0.190000 -0.214590 -0.175810 0.697923 -0.694258 0.849395 0.605038
0.339323 -0.160000 -0.214590 -0.171241 0.716527 -0.676214 0.859359 0.605062
0.351205 -0.160000 -0.218127 -0.226497 0.716528 -0.659763 0.859513 0.608537
0.351205 -0.190000 -0.218127 -0.232541 0.697922 -0.677369 0.849549 0.608513
0.362754 -0.160000 -0.222634 -0.280205 0.716527 -0.638807 0.859688 0.611816
0.362754 -0.190000 -0.222634 -0.287682 0.697923 -0.655852 0.849724 0.611792
0.373892 -0.160000 -0.228079 -0.332000 0.716528 -0.613485 0.859882 0.614877
0.373892 -0.190000 -0.228079 -0.340860 0.697922 -0.629857 0.849919 0.614853
0.384542 -0.190000 -0.234425 -0.391711 0.697923 -0.599555 0.121505 0.766702
0.373892 -0.190000 -0.228079 -0.340860 0.697922 -0.629857 0.121676 0.763625
0.373892 -0.160000 -0.228079 -0.332000 0.716528 -0.613485 0.131649 0.763658
0.384542 -0.160000 -0.234425 -0.381530 0.716528 -0.583972 0.131479 0.766734
0.394632 -0.160000 -0.241629 -0.428450 0.716527 -0.550471 0.131323 0.770028
0.394632 -0.190000 -0.241629 -0.439883 0.697923 -0.565161 0.121350 0.769996
0.404092 -0.190000 -0.249641 -0.485052 0.697922 -0.526905 0.121210 0.773483
0.404092 -0.160000 -0.249641 -0.472445 0.716528 -0.513209 0.131184 0.773516
0.412859 -0.160000 -0.258408 -0.513211 0.716527 -0.472445 0.131060 0.777174
0.412859 -0.190000 -0.258408 -0.526905 0.697924 -0.485051 0.121087 0.777142
0.420871 -0.160000 -0.267868 -0.550470 0.716528 -0.428450 0.130955 0.780978
0.420871 -0.190000 -0.267868 -0.565161 0.697922 -0.439884 0.120981 0.780946
0.428075 -0.190000 -0.277958 -0.599555 0.697923 -0.391710 0.120894 0.784869
0.428075 -0.160000 -0.277958 -0.583973 0.716527 -0.381529 0.130867 0.784901
0.434421 -0.160000 -0.288608 -0.613484 0.716529 -0.332001 0.130799 0.788917
0.434421 -0.190000 -0.288608 -0.629856 0.697921 -0.340861 0.120825 0.788885
0.439866 -0.160000 -0.299746 -0.638807 0.716527 -0.280204 0.130749 0.792999
0.439866 -0.190000 -0.299746 -0.655853 0.697923 -0.287681 0.120776 0.792966
0.444373 -0.160000 -0.311295 -0.659764 0.716527 -0.226496 0.130719 0.797118
0.444373 -0.190000 -0.311295 -0.677369 0.697923 -0.232540 0.120746 0.797085
0.447910 -0.190000 -0.323177 -0.694259 0.697923 -0.175810 0.120736 0.801213
0.447910 -0.160000 -0.323177 -0.676214 0.716528 -0.171240 0.130710 0.801246
0.450454 -0.190000 -0.335311 -0.706404 0.697924 -0.117880 0.120746 0.805322
0.450454 -0.160000 -0.335311 -0.688046 0.716527 -0.114816 0.130719 0.805355
0.451988 -0.190000 -0.347613 -0.713728 0.697922 -0.059144 0.120776 0.809385
0.451988 -0.160000 -0.347613 -0.695175 0.716528 -0.057606 0.130749 0.809417
0.123823 -0.181933 -0.110000 0.500465 0.509585 0.699899 0.793645 0.369942
0.135959 -0.193104 -0.110000 0.466473 0.540874 0.699899 0.789934 0.365899
0.148792 -0.203467 -0.110000 0.430527 0.569901 0.699899 0.786493 0.361628
0.162268 -0.212979 -0.110000 0.392783 0.596542 0.699899 0.783334 0.357148
0.176331 -0.221600 -0.110000 0.353394 0.620689 0.699898 0.780471 0.352476
0.190922 -0.229293 -0.110000 0.312522 0.642240 0.699898 0.777916 0.347633
0.205980 -0.236027 -0.110000 0.270347 0.661100 0.699900 0.775679 0.342639
0.221442 -0.241774 -0.110000 0.227042 0.677196 0.699898 0.773771 0.337514
0.237243 -0.246509 -0.110000 0.182782 0.690458 0.699899 0.772198 0.332281
0.253317 -0.250212 -0.110000 0.137759 0.700831 0.699899 0.770968 0.326961
0.269596 -0.252868 -0.110000 0.092161 0.708271 0.699899 0.770086 0.321576
0.286014 -0.254467 -0.110000 0.046178 0.712748 0.699899 0.769555 0.316149
0.302500 -0.255000 -0.110000 -0.000000 0.714242 0.699899 0.769378 0.310702
0.318986 -0.254467 -0.110000 -0.046178 0.712747 0.699899 0.769555 0.305259
0.335404 -0.252868 -0.110000 -0.092161 0.708271 0.699899 0.770086 0.299842
0.351683 -0.250212 -0.110000 -0.137759 0.700832 0.699898 0.770968 0.294474
0.367757 -0.246509 -0.110000 -0.182783 0.690458 0.699899 0.772198 0.289177
0.383558 -0.241774 -0.110000 -0.227042 0.677196 0.699898 0.773771 0.283973
0.399020 -0.236027 -0.110000 -0.270346 0.661099 0.699901 0.775679 0.278885
0.456208 -0.203467 -0.110000 -0.430528 0.569901 0.699899 0.786493 0.260100
0.414078 -0.229293 -0.110000 -0.312523 0.642239 0.699898 0.777916 0.273933
0.428669 -0.221600 -0.110000 -0.353394 0.620689 0.699899 0.780471 0.269138
0.442732 -0.212979 -0.110000 -0.392782 0.596543 0.699899 0.783334 0.264521
0.469041 -0.193104 -0.110000 -0.466473 0.540873 0.699899 0.789934 0.255894
0.481177 -0.181933 -0.110000 -0.500464 0.509585 0.699899 0.793645 0.251921
3 0 1 2
3 2 1 3
3 1 4 3
3 0 2 5
3 6 0 5
3 3 4 7
3 4 8 7
3 9 6 10
3 6 5 10
3 8 11 12
3 7 8 12
3 13 9 14
3 9 10 14
3 11 15 16
3 12 11 16
3 17 13 18
3 13 14 18
3 16 15 19
3 15 20 19
3 21 17 22
3 17 18 22
3 20 23 24
3 19 20 24
3 25 21 26
3 21 22 26
3 23 27 28
3 24 23 28
3 25 26 29
3 30 25 29
3 27 31 32
3 28 27 32
3 30 29 33
3 34 30 33
3 32 31 35
3 31 36 35
3 35 36 37
3 38 34 39
3 34 33 39
3 35 37 40
3 40 37 41
3 38 39 42
3 43 38 42
3 40 41 44
3 44 41 45
3 43 42 46
3 47 43 46
3 44 45 48
3 48 45 49
3 47 46 50
3 51 47 50
3 48 49 52
3 51 50 53
3 52 49 54
3 51 53 55
3 52 54 56
3 55 53 57
3 56 54 58
3 55 57 59
3 56 58 60
3 59 57 61
3 60 58 62
3 59 61 63
3 60 62 64
3 63 61 65
3 64 62 66
3 63 65 67
3 64 66 68
3 67 65 69
3 68 66 70
3 67 69 71
3 68 70 72
3 71 69 73
3 72 70 74
3 71 73 75
3 72 74 76
3 75 73 77
3 76 74 78
3 75 77 79
3 76 78 80
3 79 77 81
3 80 78 82
3 79 81 83
3 80 82 84
3 83 81 85
3 84 82 86
3 83 85 87
3 84 86 88
3 87 85 89
3 87 89 90
3 88 86 91
3 92 88 91
3 90 89 93
3 92 91 94
3 95 92 94
3 90 93 96
3 96 93 97
3 95 94 98
3 99 95 98
3 96 97 100
3 100 97 101
3 99 98 102
3 103 99 102
3 100 101 104
3 104 101 105
3 104 105 106
3 103 102 107
3 108 103 107
3 105 109 110
3 106 105 110
3 108 107 111
3 112 108 111
3 109 113 114
3 110 109 114
3 112 111 115
3 116 112 115
3 113 117 118
3 114 113 118
3 116 115 119
3 120 116 119
3 117 121 122
3 118 117 122
3 120 119 123
3 124 120 123
3 121 125 126
3 122 121 126
3 124 123 127
3 128 124 127
3 129 128 130
3 128 127 130
3 125 131 132
3 126 125 132
3 129 130 133
3 134 129 133
3 131 135 136
3 132 131 136
3 136 135 137
3 135 138 137
3 134 133 139
3 140 134 139
3 137 138 141
3 140 139 141
3 138 140 141
3 142 143 144
3 142 144 145
3 146 147 148
3 146 149 147
3 150 151 152
3 150 152 143
3 153 154 155
3 153 155 156
3 153 157 154
3 158 159 160
3 158 161 159
3 162 163 164
3 158 160 165
3 166 167 168
3 166 168 169
3 162 164 170
3 171 172 173
3 171 173 174
3 175 145 176
3 177 178 157
3 175 142 145
3 177 179 178
3 180 165 181
3 182 183 184
3 182 185 183
3 182 25 30
3 186 123 187
3 182 30 185
3 186 187 161
3 188 165 180
3 188 158 165
3 189 190 191
3 192 180 181
3 192 181 193
3 194 195 196
3 197 146 148
3 198 193 199
3 200 201 202
3 203 162 170
3 203 170 190
3 204 143 142
3 204 150 143
3 205 153 156
3 206 207 208
3 209 191 149
3 206 176 207
3 209 149 146
3 210 151 150
3 211 177 157
3 210 169 151
3 211 157 153
3 210 150 204
3 212 186 161
3 212 158 188
3 213 184 163
3 212 161 158
3 214 167 166
3 213 163 162
3 214 202 167
3 215 156 172
3 216 204 142
3 215 172 171
3 217 218 219
3 216 142 175
3 217 174 218
3 220 179 177
3 221 188 180
3 222 212 188
3 220 196 179
3 222 188 221
3 223 190 189
3 223 203 190
3 224 221 180
3 224 180 192
3 225 146 197
3 226 193 198
3 227 213 162
3 228 204 216
3 228 210 204
3 227 162 203
3 229 211 153
3 230 176 206
3 229 153 205
3 230 175 176
3 231 191 209
3 231 189 191
3 232 169 210
3 232 166 169
3 233 127 123
3 234 177 211
3 234 220 177
3 233 186 212
3 235 25 182
3 233 123 186
3 233 212 222
3 236 200 202
3 235 21 25
3 235 184 213
3 235 182 184
3 237 205 156
3 236 202 214
3 237 156 215
3 238 228 216
3 239 215 171
3 239 174 217
3 239 171 174
3 240 222 221
3 241 194 196
3 242 208 243
3 242 243 244
3 241 196 220
3 242 206 208
3 245 203 223
3 246 127 233
3 245 227 203
3 246 233 222
3 246 222 240
3 247 217 219
3 247 219 248
3 247 248 249
3 250 221 224
3 250 240 221
3 251 192 193
3 252 209 146
3 252 146 225
3 251 193 226
3 251 224 192
3 252 231 209
3 253 213 227
3 253 21 235
3 253 235 213
3 254 232 210
3 255 211 229
3 254 210 228
3 255 234 211
3 256 175 230
3 257 223 189
3 256 216 175
3 257 189 231
3 258 234 255
3 258 220 234
3 258 241 220
3 259 166 232
3 259 214 166
3 260 229 205
3 261 198 262
3 260 205 237
3 261 226 198
3 263 228 238
3 263 254 228
3 264 215 239
3 265 130 127
3 265 246 240
3 265 127 246
3 266 225 197
3 266 197 267
3 268 230 206
3 268 206 242
3 269 253 227
3 269 17 21
3 269 227 245
3 270 240 250
3 269 21 253
3 270 265 240
3 271 217 247
3 272 250 224
3 271 239 217
3 272 224 251
3 273 231 252
3 274 232 254
3 273 257 231
3 274 259 232
3 274 254 263
3 275 258 255
3 276 238 216
3 276 216 256
3 277 223 257
3 277 245 223
3 278 236 214
3 279 280 281
3 282 267 283
3 278 214 259
3 284 242 244
3 282 266 267
3 284 268 242
3 285 255 229
3 285 229 260
3 286 251 226
3 287 237 215
3 286 226 261
3 288 274 263
3 287 260 237
3 287 215 264
3 289 276 256
3 290 271 247
3 290 247 249
3 289 230 268
3 291 252 225
3 289 256 230
3 291 225 266
3 292 133 130
3 292 130 265
3 293 264 239
3 292 265 270
3 294 250 272
3 293 239 271
3 294 270 250
3 295 279 281
3 296 257 273
3 295 281 297
3 296 277 257
3 298 283 299
3 300 238 276
3 300 263 238
3 298 282 283
3 301 17 269
3 302 262 279
3 301 269 245
3 301 245 277
3 302 261 262
3 302 286 261
3 303 304 305
3 306 266 282
3 303 307 304
3 306 291 266
3 308 255 285
3 308 275 255
3 309 268 284
3 310 272 251
3 311 260 287
3 310 251 286
3 312 290 249
3 313 295 297
3 312 249 314
3 315 271 290
3 316 276 289
3 315 293 271
3 317 292 270
3 318 273 252
3 318 252 291
3 317 270 294
3 319 287 264
3 320 303 305
3 321 279 295
3 319 264 293
3 321 295 313
3 322 277 296
3 321 302 279
3 322 301 277
3 323 263 300
3 324 312 314
3 323 288 263
3 325 282 298
3 326 286 302
3 325 306 282
3 327 318 291
3 327 306 325
3 327 291 306
3 328 329 307
3 328 307 303
3 330 325 298
3 330 299 331
3 330 298 299
3 332 285 260
3 333 268 309
3 333 289 268
3 332 260 311
3 334 272 310
3 335 315 290
3 334 294 272
3 335 290 312
3 336 321 313
3 337 293 315
3 338 300 276
3 337 319 293
3 338 323 300
3 338 276 316
3 339 273 318
3 340 292 317
3 340 133 292
3 339 296 273
3 341 311 287
3 342 303 320
3 342 328 303
3 341 287 319
3 343 17 301
3 343 301 322
3 343 13 17
3 344 302 321
3 345 335 312
3 344 326 302
3 346 313 297
3 345 312 324
3 346 297 347
3 348 327 325
3 349 310 286
3 349 286 326
3 350 318 327
3 349 326 344
3 350 339 318
3 351 329 328
3 351 352 329
3 353 325 330
3 354 305 355
3 354 320 305
3 356 308 285
3 356 285 332
3 357 289 333
3 357 316 289
3 358 315 335
3 359 317 294
3 358 337 315
3 359 294 334
3 360 319 337
3 361 321 336
3 360 341 319
3 361 344 321
3 362 314 363
3 362 324 314
3 364 323 338
3 365 346 347
3 366 322 296
3 366 296 339
3 367 328 342
3 367 351 328
3 368 332 311
3 369 344 361
3 368 311 341
3 369 349 344
3 370 358 335
3 371 313 346
3 371 336 313
3 370 335 345
3 372 310 349
3 372 334 310
3 373 350 327
3 373 327 348
3 374 352 351
3 374 351 367
3 375 339 350
3 374 376 352
3 375 366 339
3 377 320 354
3 377 342 320
3 378 348 325
3 378 325 353
3 379 316 357
3 380 353 330
3 380 331 381
3 380 330 331
3 379 338 316
3 382 317 359
3 383 337 358
3 383 360 337
3 382 139 133
3 382 133 340
3 382 340 317
3 383 358 370
3 384 368 341
3 385 369 361
3 384 341 360
3 386 371 346
3 386 346 365
3 387 324 362
3 387 345 324
3 388 322 366
3 388 343 322
3 389 374 367
3 388 9 13
3 390 349 369
3 388 13 343
3 391 332 368
3 390 369 385
3 390 372 349
3 392 336 371
3 391 356 332
3 393 383 370
3 392 361 336
3 394 359 334
3 394 334 372
3 395 350 373
3 396 355 397
3 395 375 350
3 396 397 398
3 399 362 363
3 399 363 400
3 401 402 403
3 396 354 355
3 404 376 374
3 405 366 375
3 405 9 388
3 404 406 376
3 407 342 377
3 405 388 366
3 408 373 348
3 408 348 378
3 407 367 342
3 409 410 411
3 412 353 380
3 409 365 410
3 413 384 360
3 414 390 385
3 413 360 383
3 415 371 386
3 416 391 368
3 416 368 384
3 417 374 389
3 418 370 345
3 418 345 387
3 417 404 374
3 419 372 390
3 419 390 414
3 419 394 372
3 420 381 421
3 422 385 361
3 422 361 392
3 420 380 381
3 423 359 394
3 423 141 139
3 423 139 382
3 424 383 393
3 424 413 383
3 423 382 359
3 425 6 9
3 425 375 395
3 425 405 375
3 425 9 405
3 426 354 396
3 427 387 362
3 426 377 354
3 427 418 387
3 427 362 399
3 428 409 411
3 428 411 429
3 430 395 373
3 430 373 408
3 431 367 407
3 431 389 367
3 432 378 353
3 432 353 412
3 433 386 365
3 433 365 409
3 434 384 413
3 434 416 384
3 435 419 414
3 436 396 398
3 437 391 416
3 436 426 396
3 438 420 421
3 439 422 392
3 440 393 370
3 439 371 415
3 440 370 418
3 439 392 371
3 441 404 417
3 441 442 404
3 443 401 403
3 443 444 401
3 445 419 435
3 445 394 419
3 445 423 394
3 446 412 380
3 445 141 423
3 446 380 420
3 447 414 385
3 447 385 422
3 448 434 413
3 448 413 424
3 449 407 377
3 449 377 426
3 449 431 407
3 450 418 427
3 451 428 452
3 453 6 425
3 453 395 430
3 451 409 428
3 453 425 395
3 451 433 409
3 454 408 378
3 455 389 431
3 455 417 389
3 454 378 432
3 456 437 416
3 457 398 458
3 459 460 461
3 457 436 398
3 462 439 415
3 456 416 434
3 463 446 420
3 462 415 386
3 463 420 438
3 462 386 433
3 464 141 445
3 464 137 141
3 464 445 435
3 465 393 440
3 466 426 436
3 465 424 393
3 466 436 457
3 467 447 422
3 468 403 469
3 468 443 403
3 467 422 439
3 470 471 444
3 470 444 443
3 472 451 452
3 473 435 414
3 474 432 412
3 474 412 446
3 473 414 447
3 475 431 449
3 476 459 461
3 477 440 418
3 478 462 433
3 477 418 450
3 477 465 440
3 478 433 451
3 479 441 417
3 480 408 454
3 480 430 408
3 479 417 455
3 481 468 469
3 482 457 458
3 483 466 457
3 484 438 459
3 485 439 462
3 484 463 438
3 486 446 463
3 486 474 446
3 487 426 466
3 488 448 424
3 488 424 465
3 487 449 426
3 489 447 467
3 490 443 468
3 489 473 447
3 491 451 472
3 490 470 443
3 491 478 451
3 492 471 470
3 492 493 471
3 494 137 464
3 494 435 473
3 494 464 435
3 495 432 474
3 496 479 455
3 495 454 432
3 496 455 431
3 497 459 476
3 496 431 475
3 497 484 459
3 498 462 478
3 498 485 462
3 499 452 500
3 501 465 477
3 502 453 430
3 499 472 452
3 502 430 480
3 502 0 6
3 502 6 453
3 503 483 457
3 504 490 468
3 504 468 481
3 503 457 482
3 505 487 466
3 505 466 483
3 506 486 463
3 507 458 508
3 506 463 484
3 507 482 458
3 509 495 474
3 510 439 485
3 510 467 439
3 509 474 486
3 511 476 461
3 512 475 449
3 511 461 513
3 512 449 487
3 512 487 505
3 514 470 490
3 514 492 470
3 515 473 489
3 515 494 473
3 516 478 491
3 517 481 469
3 517 504 481
3 516 498 478
3 517 469 518
3 519 479 496
3 520 499 500
3 521 493 492
3 521 522 493
3 523 498 516
3 523 485 498
3 524 454 495
3 523 510 485
3 524 480 454
3 525 472 499
3 526 484 497
3 525 491 472
3 526 506 484
3 527 483 503
3 527 505 483
3 528 505 527
3 529 465 501
3 529 488 465
3 528 512 505
3 530 490 504
3 531 482 507
3 531 503 482
3 530 514 490
3 532 489 467
3 532 467 510
3 533 506 526
3 533 486 506
3 533 509 486
3 534 496 475
3 535 524 495
3 534 475 512
3 535 495 509
3 536 136 137
3 537 497 476
3 536 494 515
3 536 137 494
3 537 476 511
3 538 514 530
3 539 523 516
3 540 499 520
3 538 492 514
3 538 521 492
3 540 525 499
3 541 504 517
3 542 532 510
3 542 510 523
3 543 491 525
3 544 522 521
3 544 545 522
3 543 516 491
3 546 502 480
3 546 1 0
3 546 480 524
3 546 0 502
3 547 528 527
3 548 512 528
3 549 533 526
3 548 534 512
3 550 511 513
3 551 527 503
3 550 513 552
3 553 538 530
3 551 503 531
3 554 508 555
3 554 531 507
3 554 507 508
3 556 535 509
3 557 515 489
3 556 509 533
3 557 489 532
3 558 546 524
3 559 519 496
3 559 496 534
3 558 524 535
3 560 517 518
3 560 518 561
3 560 561 562
3 559 534 548
3 563 542 523
3 564 497 537
3 563 523 539
3 564 526 497
3 565 521 538
3 566 525 540
3 565 538 553
3 567 532 542
3 567 557 532
3 565 544 521
3 568 504 541
3 568 530 504
3 569 516 543
3 569 539 516
3 568 553 530
3 570 545 544
3 571 528 547
3 572 550 552
3 571 548 528
3 573 559 548
3 574 556 533
3 574 533 549
3 575 511 550
3 576 577 578
3 579 547 527
3 579 527 551
3 575 537 511
3 580 531 554
3 581 565 553
3 582 136 536
3 582 132 136
3 583 535 556
3 583 558 535
3 582 536 515
3 582 515 557
3 584 585 586
3 587 1 546
3 587 546 558
3 584 520 585
3 587 4 1
3 584 540 520
3 588 517 560
3 589 567 542
3 589 542 563
3 590 555 591
3 590 591 592
3 588 541 517
3 593 526 564
3 590 580 554
3 593 549 526
3 590 554 555
3 594 543 525
3 595 544 565
3 594 525 566
3 595 570 544
3 594 569 543
3 596 557 567
3 596 132 582
3 597 553 568
3 596 582 557
3 598 539 569
3 598 563 539
3 599 575 550
3 599 550 572
3 600 573 548
3 600 548 571
3 601 556 574
3 601 583 556
3 602 573 600
3 603 560 562
3 604 584 586
3 603 588 560
3 605 537 575
3 606 571 547
3 605 564 537
3 606 547 579
3 607 531 580
3 608 565 581
3 608 595 565
3 607 579 551
3 36 31 609
3 607 551 531
3 610 578 611
3 612 584 604
3 610 611 613
3 614 558 583
3 610 576 578
3 612 566 540
3 614 4 587
3 614 587 558
3 612 540 584
3 615 541 588
3 612 594 566
3 616 596 567
3 616 126 132
3 617 576 610
3 616 132 596
3 615 568 541
3 616 567 589
3 617 618 576
3 619 607 580
3 619 580 590
3 620 610 613
3 621 574 549
3 620 617 610
3 621 549 593
3 622 598 569
3 622 569 594
3 623 624 625
3 626 563 598
3 623 572 624
3 627 618 617
3 623 599 572
3 627 628 618
3 626 589 563
3 629 553 597
3 629 581 553
3 630 602 600
3 631 613 632
3 631 620 613
3 629 608 581
3 633 612 604
3 634 603 562
3 635 627 617
3 634 562 636
3 635 620 631
3 637 600 571
3 635 617 620
3 638 628 627
3 637 571 606
3 639 575 599
3 639 605 575
3 640 583 601
3 641 579 607
3 638 642 628
3 640 4 614
3 640 8 4
3 640 614 583
3 643 603 634
3 643 588 603
3 644 619 590
3 644 590 592
3 643 615 588
3 645 564 605
3 646 635 631
3 647 631 632
3 648 594 612
3 645 593 564
3 647 646 631
3 649 638 627
3 650 607 619
3 649 627 635
3 651 623 625
3 650 641 607
3 652 626 598
3 653 642 638
3 652 598 622
3 654 597 568
3 653 655 642
3 656 126 616
3 656 616 589
3 654 568 615
3 656 589 626
3 657 574 621
3 657 601 574
3 658 599 623
3 659 649 635
3 660 604 661
3 659 635 646
3 660 633 604
3 662 646 647
3 663 648 612
3 658 639 599
3 662 659 646
3 664 651 625
3 663 612 633
3 665 608 629
3 666 647 632
3 666 632 667
3 668 600 637
3 669 634 636
3 670 653 638
3 668 630 600
3 671 606 579
3 670 649 659
3 671 579 641
3 670 638 649
3 672 655 653
3 673 643 634
3 671 637 606
3 674 592 675
3 672 676 655
3 677 645 605
3 677 605 639
3 678 666 667
3 674 644 592
3 679 615 643
3 679 654 615
3 680 619 644
3 681 622 594
3 682 621 593
3 681 594 648
3 683 670 659
3 681 648 663
3 682 593 645
3 684 671 641
3 685 658 623
3 684 641 650
3 685 623 651
3 686 683 659
3 686 659 662
3 687 647 666
3 688 626 652
3 689 597 654
3 687 662 647
3 688 656 626
3 687 686 662
3 689 629 597
3 687 666 678
3 690 653 670
3 690 670 683
3 691 8 640
3 692 674 675
3 691 640 601
3 690 672 653
3 691 601 657
3 693 633 660
3 694 639 658
3 695 676 672
3 693 663 633
3 695 696 676
3 694 677 639
3 697 681 663
3 698 687 678
3 697 663 693
3 699 651 664
3 699 685 651
3 700 660 661
3 700 661 701
3 702 690 683
3 703 634 669
3 704 668 637
3 703 673 634
3 704 637 671
3 705 683 686
3 705 702 683
3 706 644 674
3 707 643 673
3 706 680 644
3 708 686 687
3 707 679 643
3 709 577 576
3 708 687 698
3 709 669 636
3 710 650 619
3 709 636 577
3 711 678 667
3 709 576 618
3 711 698 678
3 710 619 680
3 711 667 712
3 713 645 677
3 713 682 645
3 714 690 702
3 715 622 681
3 715 652 622
3 715 681 697
3 714 672 690
3 716 679 707
3 716 689 654
3 714 695 672
3 716 654 679
3 717 704 671
3 717 671 684
3 718 719 720
3 721 126 656
3 721 122 126
3 722 621 682
3 718 723 719
3 721 656 688
3 722 657 621
3 724 706 674
3 725 658 685
3 725 694 658
3 726 708 698
3 724 674 692
3 727 665 629
3 727 629 689
3 728 697 693
3 729 714 702
3 730 702 705
3 731 715 697
3 732 694 725
3 730 729 702
3 732 677 694
3 733 686 708
3 732 713 677
3 733 705 686
3 734 693 660
3 734 660 700
3 733 730 705
3 733 708 726
3 735 685 699
3 736 668 704
3 737 726 698
3 738 700 701
3 739 673 703
3 737 698 711
3 740 680 706
3 739 707 673
3 741 695 714
3 742 718 720
3 741 714 729
3 740 710 680
3 743 675 744
3 745 716 707
3 743 692 675
3 746 723 718
3 747 669 709
3 746 748 723
3 749 650 710
3 747 703 669
3 747 709 618
3 750 733 726
3 749 684 650
3 751 682 713
3 752 652 715
3 751 722 682
3 752 715 731
3 752 688 652
3 753 704 717
3 754 689 716
3 755 741 729
3 754 727 689
3 756 657 722
3 753 736 704
3 756 8 691
3 757 755 729
3 756 11 8
3 758 740 706
3 757 729 730
3 756 691 657
3 759 732 725
3 760 733 750
3 758 706 724
3 760 730 733
3 761 697 728
3 761 731 697
3 762 665 727
3 762 763 665
3 764 750 726
3 764 726 737
3 765 711 712
3 766 752 731
3 767 713 732
3 765 737 711
3 767 751 713
3 765 712 768
3 769 693 734
3 765 768 770
3 769 728 693
3 771 759 725
3 772 718 742
3 773 700 738
3 771 725 685
3 772 746 718
3 772 742 774
3 771 685 735
3 775 745 707
3 776 748 746
3 777 740 758
3 777 710 740
3 776 778 748
3 775 707 739
3 779 754 716
3 777 749 710
3 779 716 745
3 780 760 750
3 781 692 743
3 782 703 747
3 782 747 618
3 783 772 774
3 781 724 692
3 782 618 628
3 784 684 749
3 782 628 642
3 782 739 703
3 785 755 757
3 784 717 684
3 786 756 722
3 786 722 751
3 787 783 774
3 788 757 730
3 789 721 688
3 789 118 122
3 788 730 760
3 789 688 752
3 788 760 780
3 789 752 766
3 790 762 727
3 789 122 721
3 791 773 738
3 790 727 754
3 792 780 750
3 793 767 732
3 794 736 753
3 792 750 764
3 793 732 759
3 795 699 796
3 797 777 758
3 798 731 761
3 799 737 765
3 799 764 737
3 795 735 699
3 798 766 731
3 800 751 767
3 801 776 746
3 801 746 772
3 802 743 744
3 802 744 803
3 800 786 751
3 802 803 804
3 805 759 771
3 805 793 759
3 802 781 743
3 806 778 776
3 806 807 778
3 808 118 789
3 809 745 775
3 808 789 766
3 809 779 745
3 810 788 780
3 811 761 728
3 812 799 765
3 811 728 769
3 813 754 779
3 813 790 754
3 812 765 770
3 814 734 700
3 814 769 734
3 815 775 739
3 816 772 783
3 814 700 773
3 815 739 782
3 815 782 642
3 816 801 772
3 817 783 787
3 818 756 786
3 819 784 749
3 818 11 756
3 819 749 777
3 818 15 11
3 817 816 783
3 820 795 796
3 821 758 724
3 822 762 790
3 823 785 757
3 822 790 813
3 823 757 788
3 823 788 810
3 824 767 793
3 824 800 767
3 825 780 792
3 821 724 781
3 825 810 780
3 826 771 735
3 827 717 784
3 827 753 717
3 828 792 764
3 826 735 795
3 829 814 773
3 829 773 791
3 830 818 786
3 828 764 799
3 830 786 800
3 831 806 776
3 830 15 818
3 831 776 801
3 831 801 816
3 832 777 797
3 833 824 793
3 834 835 807
3 832 819 777
3 833 793 805
3 834 807 806
3 836 114 118
3 837 813 779
3 836 118 808
3 837 779 809
3 836 766 798
3 836 808 766
3 838 823 810
3 839 828 799
3 840 781 802
3 841 822 813
3 839 799 812
3 842 815 642
3 843 798 761
3 842 775 815
3 843 761 811
3 842 642 655
3 842 655 676
3 844 831 816
3 842 809 775
3 845 811 769
3 845 769 814
3 846 826 795
3 846 795 820
3 847 844 816
3 847 816 817
3 848 784 819
3 848 827 784
3 849 800 824
3 850 787 851
3 849 20 15
3 850 851 852
3 849 830 800
3 849 15 830
3 850 817 787
3 853 810 825
3 854 758 821
3 853 838 810
3 855 771 826
3 855 805 771
3 854 797 758
3 856 753 827
3 856 794 753
3 857 825 792
3 858 849 824
3 857 792 828
3 859 802 804
3 858 824 833
3 860 813 837
3 861 831 844
3 859 840 802
3 861 834 806
3 862 845 814
3 861 806 831
3 860 841 813
3 863 820 864
3 865 812 770
3 865 770 866
3 862 814 829
3 863 846 820
3 867 848 819
3 868 609 835
3 868 36 609
3 868 37 36
3 867 819 832
3 869 842 676
3 869 809 842
3 868 835 834
3 870 781 840
3 869 676 696
3 869 837 809
3 871 850 852
3 872 855 826
3 873 828 839
3 870 821 781
3 874 836 798
3 873 857 828
3 874 110 114
3 872 826 846
3 874 114 836
3 874 798 843
3 875 805 855
3 876 843 811
3 875 833 805
3 877 861 844
3 876 811 845
3 878 849 858
3 879 856 827
3 878 20 849
3 880 844 847
3 880 877 844
3 881 863 864
3 881 864 882
3 883 817 850
3 879 848 867
3 879 827 848
3 884 797 854
3 884 832 797
3 883 847 817
3 885 872 846
3 885 846 863
3 886 838 853
3 887 829 791
3 888 871 852
3 889 869 696
3 890 853 825
3 887 791 891
3 889 837 869
3 890 825 857
3 887 862 829
3 892 859 804
3 893 719 723
3 892 804 894
3 889 860 837
3 895 875 855
3 896 865 866
3 895 872 885
3 896 866 897
3 895 855 872
3 898 870 840
3 898 840 859
3 899 833 875
3 899 858 833
3 900 834 861
3 900 868 834
3 900 861 877
3 901 845 862
3 902 863 881
3 902 885 863
3 903 873 839
3 901 876 845
3 903 839 812
3 904 879 867
3 903 865 896
3 903 812 865
3 905 895 885
3 906 883 850
3 906 850 871
3 907 821 870
3 908 890 857
3 909 881 882
3 907 854 821
3 909 882 893
3 909 893 723
3 908 857 873
3 910 874 843
3 911 900 877
3 910 843 876
3 912 899 875
3 912 875 895
3 913 911 877
3 914 892 894
3 915 858 899
3 915 20 878
3 913 877 880
3 915 878 858
3 916 891 917
3 918 883 906
3 915 23 20
3 919 905 885
3 918 880 847
3 916 887 891
3 918 847 883
3 919 885 902
3 920 871 888
3 921 832 884
3 921 867 832
3 920 906 871
3 922 912 895
3 923 862 887
3 922 895 905
3 924 853 890
3 924 886 853
3 925 881 909
3 926 896 897
3 925 902 881
3 927 859 892
3 925 909 723
3 927 898 859
3 925 723 748
3 925 748 778
3 928 915 899
3 927 892 914
3 928 899 912
3 929 907 870
3 930 896 926
3 930 903 896
3 931 41 37
3 932 905 919
3 929 870 898
3 931 900 911
3 931 37 868
3 931 868 900
3 932 922 905
3 933 876 901
3 933 910 876
3 934 916 917
3 935 903 930
3 936 928 912
3 935 873 903
3 936 912 922
3 934 917 937
3 938 919 902
3 938 902 925
3 939 884 854
3 940 918 906
3 938 925 778
3 939 854 907
3 941 924 890
3 938 778 807
3 942 915 928
3 941 890 908
3 942 23 915
3 942 27 23
3 943 110 874
3 944 41 931
3 944 931 911
3 943 874 910
3 945 922 932
3 945 936 922
3 946 911 913
3 946 944 911
3 947 942 928
3 948 927 914
3 947 928 936
3 949 880 918
3 949 918 940
3 947 27 942
3 950 887 916
3 950 923 887
3 949 913 880
3 951 932 919
3 951 919 938
3 952 904 867
3 951 807 835
3 953 906 920
3 951 938 807
3 953 940 906
3 954 31 27
3 954 936 945
3 952 867 921
3 954 27 947
3 955 920 888
3 954 947 936
3 956 901 862
3 957 886 924
3 958 945 932
3 958 951 835
3 958 932 951
3 956 862 923
3 958 835 609
3 959 954 945
3 960 927 948
3 959 945 958
3 960 898 927
3 959 609 31
3 959 958 609
3 960 929 898
3 961 930 926
3 959 31 954
3 962 935 930
3 963 948 914
3 963 914 894
3 963 894 964
3 965 926 897
3 966 929 960
3 965 897 967
3 966 907 929
3 966 939 907
3 968 908 873
3 969 943 910
3 968 935 962
3 968 873 935
3 969 910 933
3 968 941 908
3 970 950 916
3 970 916 934
3 971 949 940
3 972 924 941
3 972 957 924
3 973 921 884
3 973 884 939
3 974 965 967
3 975 45 41
3 976 960 948
3 975 944 946
3 977 923 950
3 977 956 923
3 975 41 944
3 978 946 913
3 978 913 949
3 977 950 970
3 978 949 971
3 979 940 953
3 980 934 937
3 980 937 981
3 979 971 940
3 982 901 956
3 983 953 920
3 982 933 901
3 983 920 955
3 984 966 960
3 984 960 976
3 985 930 961
3 985 962 930
3 986 976 948
3 987 962 985
3 986 948 963
3 988 939 966
3 987 968 962
3 988 973 939
3 989 961 926
3 989 926 965
3 990 943 969
3 990 106 110
3 990 110 943
3 989 985 961
3 991 968 987
3 992 977 970
3 991 941 968
3 993 952 921
3 994 978 971
3 993 921 973
3 995 984 976
3 996 957 972
3 997 983 955
3 998 989 965
3 998 965 974
3 999 982 956
3 999 956 977
3 1000 978 994
3 1001 934 980
3 1000 946 978
3 1000 45 975
3 1000 975 946
3 1001 970 934
3 1002 994 971
3 1002 971 979
3 1003 933 982
3 1003 969 933
3 1004 963 964
3 1005 953 983
3 1004 964 1006
3 1005 979 953
3 1004 1006 1007
3 1008 987 985
3 1009 984 995
3 1010 991 987
3 1009 988 966
3 1009 966 984
3 1011 995 976
3 1011 976 986
3 1012 985 989
3 1013 993 973
3 1014 967 1015
3 1013 973 988
3 1014 974 967
3 1016 941 991
3 1017 977 992
3 1017 999 977
3 1016 991 1010
3 1016 972 941
3 1018 981 1019
3 1020 49 45
3 1020 1000 994
3 1018 980 981
3 1020 45 1000
3 1021 983 997
3 1022 1009 995
3 1021 1005 983
3 1023 982 999
3 1024 989 998
3 1023 1003 982
3 1024 1012 989
3 1025 970 1001
3 1025 992 970
3 1026 1020 994
3 1026 994 1002
3 1027 990 969
3 1027 104 106
3 1028 1002 979
3 1027 969 1003
3 1028 979 1005
3 1027 106 990
3 1029 986 963
3 1030 987 1008
3 1029 963 1004
3 1030 1010 987
3 1031 1016 1010
3 1032 1009 1022
3 1032 988 1009
3 1032 1013 988
3 1033 1008 985
3 1033 1030 1008
3 1033 985 1012
3 1034 995 1011
3 1035 998 974
3 1034 1022 995
3 1036 1013 1032
3 1037 1018 1019
3 1036 993 1013
3 1035 974 1014
3 1038 999 1017
3 1039 972 1016
3 1038 1023 999
3 1039 1016 1031
3 1039 996 972
3 1040 1029 1004
3 1041 1005 1021
3 1040 1004 1007
3 1041 1028 1005
3 1042 1001 980
3 1043 1012 1024
3 1043 1033 1012
3 1042 980 1018
3 1044 1032 1022
3 1045 1020 1026
3 1045 49 1020
3 1046 1027 1003
3 1047 1026 1002
3 1046 104 1027
3 1046 1003 1023
3 1047 1002 1028
3 1048 1017 992
3 1048 992 1025
3 1049 1010 1030
3 1049 1031 1010
3 1050 1039 1031
3 1050 1031 1049
3 1051 986 1029
3 1051 1011 986
3 1052 1030 1033
3 1053 1036 1032
3 1053 1032 1044
3 1054 1024 998
3 1054 998 1035
3 1055 1022 1034
3 1055 1044 1022
3 1056 1018 1037
3 1057 1035 1014
3 1057 1014 1015
3 1056 1042 1018
3 1057 1015 1058
3 1057 1058 1059
3 1060 1023 1038
3 1060 1046 1023
3 1060 104 1046
3 1061 1021 997
3 1060 100 104
3 1061 997 1062
3 1063 1029 1040
3 1061 1062 1064
3 1065 1047 1028
3 1063 1051 1029
3 1065 1028 1041
3 1066 1001 1042
3 1066 1025 1001
3 1067 1033 1043
3 1068 1053 1044
3 1067 1052 1033
3 1069 1045 1026
3 1069 1026 1047
3 1070 1017 1048
3 1071 1050 1049
3 1070 1038 1017
3 1072 1034 1011
3 1073 1061 1064
3 1072 1011 1051
3 1074 1075 1076
3 1074 1056 1037
3 1077 1049 1030
3 1077 1030 1052
3 1074 1037 1075
3 1078 1068 1044
3 1078 1044 1055
3 1079 1043 1024
3 1079 1024 1054
3 1080 1040 1007
3 1080 1007 1081
3 1082 1054 1035
3 1083 1042 1056
3 1082 1035 1057
3 1083 1066 1042
3 1084 1061 1073
3 1084 1021 1061
3 1084 1041 1021
3 1085 1047 1065
3 1086 1051 1063
3 1085 1069 1047
3 1086 1072 1051
3 1087 1048 1025
3 1088 1052 1067
3 1087 1025 1066
3 1088 1077 1052
3 1089 1074 1076
3 1090 1082 1057
3 1091 1060 1038
3 1090 1057 1059
3 1092 54 49
3 1091 100 1060
3 1092 1045 1069
3 1091 1038 1070
3 1093 1055 1034
3 1093 1034 1072
3 1092 49 1045
3 1094 1073 1064
3 1094 1064 1095
3 1096 1084 1073
3 1097 1083 1056
3 1097 1074 1089
3 1097 1056 1074
3 1098 1068 1078
3 1099 1071 1049
3 1099 1049 1077
3 1100 1089 1076
3 1101 1040 1080
3 1102 1067 1043
3 1101 1063 1040
3 1102 1043 1079
3 1103 1080 1081
3 1103 1081 1104
3 1103 1101 1080
3 1105 1054 1082
3 1105 1079 1054
3 1106 1066 1083
3 1106 1087 1066
3 1106 1083 1097
3 1107 1084 1096
3 1107 1041 1084
3 1107 1065 1041
3 1108 1093 1072
3 1108 1072 1086
3 1109 1070 1048
3 1110 1069 1085
3 1110 1092 1069
3 1109 1048 1087
3 1111 1077 1088
3 1111 1099 1077
3 1112 1097 1089
3 1113 1055 1093
3 1114 1082 1090
3 1113 1078 1055
3 1114 1105 1082
3 1115 1073 1094
3 1116 1106 1097
3 1115 1096 1073
3 1116 1097 1112
3 1117 1112 1089
3 1118 1107 1096
3 1117 1089 1100
3 1118 1096 1115
3 1119 1095 1120
3 1119 1094 1095
3 1121 1086 1063
3 1121 1063 1101
3 1122 1101 1103
3 1123 1088 1067
3 1123 1067 1102
3 1122 1121 1101
3 1124 1109 1087
3 1125 1102 1079
3 1125 1079 1105
3 1124 1087 1106
3 1126 1113 1093
3 1127 1085 1065
3 1127 1065 1107
3 1126 1093 1108
3 1128 96 100
3 1127 1107 1118
3 1128 1070 1109
3 1129 1130 1131
3 1128 1091 1070
3 1128 100 1091
3 1129 1131 1132
3 1133 1116 1112
3 1134 58 54
3 1134 54 1092
3 1135 1078 1113
3 1134 1092 1110
3 1136 1120 1137
3 1136 1119 1120
3 1135 1098 1078
3 1138 1116 1133
3 1138 1124 1106
3 1138 1106 1116
3 1139 1133 1112
3 1140 1125 1105
3 1140 1105 1114
3 1139 1112 1117
3 1141 1086 1121
3 1142 1118 1115
3 1141 1108 1086
3 1143 1127 1118
3 1144 1121 1122
3 1145 1094 1119
3 1145 1115 1094
3 1144 1141 1121
3 1146 1103 1104
3 1146 1122 1103
3 1147 1137 1148
3 1147 1148 1149
3 1146 1104 1150
3 1151 1102 1125
3 1152 1128 1109
3 1151 1123 1102
3 1152 1109 1124
3 1153 1113 1126
3 1154 1132 1155
3 1154 1129 1132
3 1156 1127 1143
3 1153 1135 1113
3 1157 1138 1133
3 1156 1085 1127
3 1156 1110 1085
3 1158 1117 1100
3 1158 1100 1159
3 1160 1161 1130
3 1160 1130 1129
3 1162 1152 1124
3 1163 1145 1119
3 1162 1124 1138
3 1162 1138 1157
3 1163 1119 1136
3 1164 1133 1139
3 1165 1151 1125
3 1164 1157 1133
3 1166 1108 1141
3 1165 1125 1140
3 1166 1126 1108
3 1167 1143 1118
3 1167 1118 1142
3 1168 1156 1143
3 1169 1166 1141
3 1169 1141 1144
3 1170 1142 1115
3 1171 1122 1146
3 1170 1115 1145
3 1172 1137 1147
3 1173 96 1128
3 1173 1128 1152
3 1173 90 96
3 1172 1136 1137
3 1174 1147 1149
3 1175 1123 1151
3 1176 1158 1159
3 1177 1135 1153
3 1178 1154 1155
3 1179 1162 1157
3 1180 1150 1181
3 1182 1129 1154
3 1180 1146 1150
3 1182 1160 1129
3 1183 62 58
3 1184 1117 1158
3 1183 1110 1156
3 1183 58 1134
3 1183 1156 1168
3 1184 1139 1117
3 1183 1134 1110
3 1185 1152 1162
3 1186 1161 1160
3 1185 1173 1152
3 1185 90 1173
3 1186 1187 1161
3 1185 1162 1179
3 1188 1145 1163
3 1188 1170 1145
3 1189 1157 1164
3 1189 1179 1157
3 1190 1126 1166
3 1191 1175 1151
3 1190 1153 1126
3 1191 1151 1165
3 1192 1166 1169
3 1193 1168 1143
3 1192 1190 1166
3 1193 1143 1167
3 1194 1144 1122
3 1195 1183 1168
3 1195 62 1183
3 1196 1167 1142
3 1196 1142 1170
3 1194 1169 1144
3 1194 1122 1171
3 1197 1163 1136
3 1198 1158 1176
3 1197 1136 1172
3 1198 1184 1158
3 1199 87 90
3 1199 1185 1179
3 1200 1147 1174
3 1199 90 1185
3 1200 1172 1147
3 1201 1154 1178
3 1201 1182 1154
3 1202 1171 1146
3 1202 1146 1180
3 1203 1186 1160
3 1204 1164 1139
3 1203 1160 1182
3 1204 1139 1184
3 1205 1179 1189
3 1206 1178 1155
3 1205 1199 1179
3 1207 1153 1190
3 1206 1155 1208
3 1209 1210 1187
3 1209 1187 1186
3 1207 1177 1153
3 1211 1190 1192
3 1211 1207 1190
3 1212 1169 1194
3 1213 1170 1188
3 1213 1196 1170
3 1214 1175 1191
3 1215 1200 1174
3 1216 1181 1217
3 1216 1180 1181
3 1218 1206 1208
3 1219 66 62
3 1220 1204 1184
3 1219 1168 1193
3 1219 62 1195
3 1219 1195 1168
3 1220 1184 1198
3 1221 1171 1202
3 1221 1194 1171
3 1222 1193 1167
3 1222 1167 1196
3 1223 1163 1197
3 1223 1188 1163
3 1224 1164 1204
3 1224 1189 1164
3 1225 87 1199
3 1226 1197 1172
3 1225 1199 1205
3 1226 1172 1200
3 1227 1176 1228
3 1229 1182 1201
3 1229 1203 1182
3 1227 1198 1176
3 1230 1203 1229
3 1231 1227 1228
3 1230 1209 1186
3 1230 1186 1203
3 1232 1207 1211
3 1233 1169 1212
3 1234 1201 1178
3 1234 1178 1206
3 1233 1192 1169
3 1233 1211 1192
3 1234 1206 1218
3 1235 1217 1236
3 1237 1210 1209
3 1237 1238 1210
3 1235 1216 1217
3 1239 1202 1180
3 1240 1222 1196
3 1240 1196 1213
3 1241 1226 1200
3 1239 1216 1235
3 1239 1180 1216
3 1242 1204 1220
3 1241 1200 1215
3 1243 1234 1218
3 1242 1224 1204
3 1244 1212 1194
3 1244 1194 1221
3 1245 1193 1222
3 1245 66 1219
3 1246 1189 1224
3 1246 1205 1189
3 1245 1219 1193
3 1247 1188 1223
3 1247 1213 1188
3 1248 1235 1236
3 1249 1223 1197
3 1250 1220 1198
3 1249 1197 1226
3 1250 1198 1227
3 1251 1230 1229
3 1252 1227 1231
3 1253 1209 1230
3 1252 1250 1227
3 1254 1232 1211
3 1254 1211 1233
3 1253 1237 1209
3 1255 1234 1243
3 1255 1229 1201
3 1255 1201 1234
3 1256 1235 1248
3 1256 1239 1235
3 1257 1239 1256
3 1258 1208 1259
3 1257 1221 1202
3 1258 1218 1208
3 1257 1202 1239
3 1260 1238 1237
3 1261 1246 1224
3 1260 1262 1238
3 1261 1224 1242
3 1263 70 66
3 1263 1222 1240
3 1264 1233 1212
3 1264 1212 1244
3 1263 1245 1222
3 1263 66 1245
3 1265 1226 1241
3 1265 1249 1226
3 1266 87 1225
3 1266 83 87
3 1266 1205 1246
3 1266 1225 1205
3 1267 1255 1243
3 1268 1256 1248
3 1269 1213 1247
3 1270 1220 1250
3 1269 1240 1213
3 1270 1242 1220
3 1271 1247 1223
3 1271 1223 1249
3 1272 1270 1250
3 1272 1250 1252
3 1273 1230 1251
3 1273 1253 1230
3 1274 1232 1254
3 1275 1252 1231
3 1276 1237 1253
3 1276 1260 1237
3 1277 1257 1256
3 1278 1255 1267
3 1279 1236 1280
3 1278 1251 1229
3 1278 1229 1255
3 1279 1248 1236
3 1281 1243 1218
3 1282 1257 1277
3 1281 1218 1258
3 1282 1221 1257
3 1282 1244 1221
3 1283 1258 1259
3 1284 1246 1261
3 1285 1241 1215
3 1284 1266 1246
3 1285 1215 1286
3 1287 1233 1264
3 1287 1254 1233
3 1288 1249 1265
3 1288 1271 1249
3 1289 1256 1268
3 1289 1277 1256
3 1290 1278 1267
3 1291 1242 1270
3 1292 70 1263
3 1292 1263 1240
3 1292 1240 1269
3 1291 1261 1242
3 1293 1291 1270
3 1294 1247 1271
3 1294 1269 1247
3 1293 1270 1272
3 1295 1252 1275
3 1296 1276 1253
3 1296 1253 1273
3 1297 1282 1277
3 1297 1277 1289
3 1298 1286 1299
3 1298 1299 1300
3 1298 1285 1286
3 1301 1278 1290
3 1302 1248 1279
3 1301 1273 1251
3 1301 1251 1278
3 1302 1268 1248
3 1303 1244 1282
3 1304 1243 1281
3 1303 1282 1297
3 1304 1267 1243
3 1303 1264 1244
3 1305 79 83
3 1306 1281 1258
3 1305 1266 1284
3 1306 1258 1283
3 1305 83 1266
3 1307 1274 1254
3 1308 1259 1309
3 1308 1283 1259
3 1307 1254 1287
3 1310 1297 1289
3 1311 1241 1285
3 1311 1265 1241
3 1312 1294 1271
3 1312 1271 1288
3 1313 1261 1291
3 1313 1284 1261
3 1314 1301 1290
3 1315 1316 1317
3 1318 1292 1269
3 1318 1269 1294
3 1315 1319 1316
3 1320 1298 1300
3 1321 1313 1291
3 1321 1291 1293
3 1322 1285 1298
3 1323 1272 1252
3 1323 1252 1295
3 1323 1293 1272
3 1322 1311 1285
3 1324 1273 1301
3 1325 1303 1297
3 1325 1297 1310
3 1324 1301 1314
3 1324 1296 1273
3 1326 1289 1268
3 1326 1310 1289
3 1327 1267 1304
3 1326 1268 1302
3 1327 1290 1267
3 1328 1281 1306
3 1329 1264 1303
3 1329 1303 1325
3 1328 1304 1281
3 1329 1287 1264
3 1330 1306 1283
3 1330 1283 1308
3 1330 1308 1309
3 1331 1275 1332
3 1333 1265 1311
3 1331 1295 1275
3 1334 1325 1310
3 1333 1288 1265
3 1335 1294 1312
3 1335 1318 1294
3 1336 1305 1284
3 1336 79 1305
3 1336 1284 1313
3 1336 75 79
3 1337 1338 1319
3 1339 1324 1314
3 1337 1319 1315
3 1340 74 70
3 1340 1292 1318
3 1340 70 1292
3 1341 1313 1321
3 1341 1336 1313
3 1342 1293 1323
3 1343 1298 1320
3 1343 1322 1298
3 1344 1333 1311
3 1342 1321 1293
3 1344 1311 1322
3 1345 1320 1300
3 1346 1329 1325
3 1345 1300 1347
3 1348 1324 1339
3 1349 1310 1326
3 1350 1290 1327
3 1351 1352 1353
3 1351 1332 1354
3 1351 1354 1352
3 1350 1314 1290
3 1355 1327 1304
3 1356 1317 1357
3 1356 1315 1317
3 1355 1304 1328
3 1358 1328 1306
3 1359 1323 1295
3 1358 1306 1330
3 1359 1295 1331
3 1360 1346 1325
3 1361 1312 1288
3 1361 1288 1333
3 1362 1330 1309
3 1360 1325 1334
3 1362 1358 1330
3 1363 1364 1365
3 1366 1318 1335
3 1366 1340 1318
3 1363 1338 1337
3 1363 1365 1338
3 1367 71 75
3 1367 75 1336
3 1368 1348 1339
3 1367 1336 1341
3 1369 1322 1343
3 1369 1344 1322
3 1370 1341 1321
3 1370 1321 1342
3 1371 1353 1372
3 1373 1333 1344
3 1373 1361 1333
3 1373 1344 1369
3 1374 1320 1345
3 1371 1351 1353
3 1375 1334 1310
3 1374 1343 1320
3 1375 1360 1334
3 1374 1345 1376
3 1377 1339 1314
3 1375 1310 1349
3 1378 1357 1379
3 1377 1314 1350
3 1378 1356 1357
3 1380 1350 1327
3 1381 1351 1371
3 1380 1327 1355
3 1381 1332 1351
3 1381 1331 1332
3 1382 1315 1356
3 1382 1337 1315
3 1383 1355 1328
3 1383 1328 1358
3 1384 1323 1359
3 1385 1309 1386
3 1385 1362 1309
3 1384 1342 1323
3 1387 1335 1312
3 1387 1312 1361
3 1388 1371 1372
3 1389 1383 1358
3 1390 1364 1363
3 1389 1362 1385
3 1389 1358 1362
3 1391 78 74
3 1392 1367 1341
3 1392 1341 1370
3 1391 74 1340
3 1391 1340 1366
3 1393 1374 1376
3 1394 1378 1379
3 1395 1373 1369
3 1396 1387 1361
3 1397 1381 1371
3 1398 1360 1375
3 1396 1361 1373
3 1399 1388 1372
3 1400 1374 1393
3 1400 1369 1343
3 1401 1382 1356
3 1400 1343 1374
3 1401 1378 1394
3 1401 1356 1378
3 1402 1381 1397
3 1403 1339 1377
3 1402 1331 1381
3 1403 1368 1339
3 1402 1359 1331
3 1404 1350 1380
3 1404 1377 1350
3 1405 1337 1382
3 1405 1363 1337
3 1406 1380 1355
3 1406 1355 1383
3 1407 1342 1384
3 1407 1370 1342
3 1408 1389 1385
3 1409 1371 1388
3 1409 1397 1371
3 1410 1335 1387
3 1410 1366 1335
3 1411 1412 1364
3 1411 1413 1412
3 1414 1383 1389
3 1414 1406 1383
3 1411 1364 1390
3 1414 1389 1408
3 1415 1367 1392
3 1415 71 1367
3 1416 1385 1386
3 1417 1401 1394
3 1418 1400 1393
3 1419 1402 1397
3 1420 1396 1373
3 1420 1373 1395
3 1421 1409 1388
3 1421 1388 1399
3 1422 1410 1387
3 1423 1382 1401
3 1422 1387 1396
3 1424 1369 1400
3 1423 1405 1382
3 1424 1400 1418
3 1423 1401 1417
3 1424 1395 1369
3 1425 1384 1359
3 1426 1393 1376
3 1425 1359 1402
3 1426 1376 1427
3 1425 1402 1419
3 1428 1394 1379
3 1428 1379 1429
3 1430 1377 1404
3 1428 1417 1394
3 1430 1403 1377
3 1431 1405 1423
3 1431 1363 1405
3 1432 1404 1380
3 1431 1390 1363
3 1432 1380 1406
3 1433 1370 1407
3 1434 1414 1408
3 1433 1392 1370
3 1435 1419 1397
3 1435 1397 1409
3 1436 1416 1386
3 1436 1386 1437
3 1438 82 78
3 1439 1413 1411
3 1438 1366 1410
3 1440 1421 1399
3 1438 78 1391
3 1438 1391 1366
3 1441 1432 1406
3 1441 1414 1434
3 1441 1406 1414
3 1442 1423 1417
3 1443 1408 1385
3 1444 1419 1435
3 1443 1385 1416
3 1444 1425 1419
3 1445 1435 1409
3 1445 1409 1421
3 1446 1424 1418
3 1447 1423 1442
3 1447 1431 1423
3 1448 1396 1420
3 1448 1422 1396
3 1449 1425 1444
3 1449 1407 1384
3 1450 1410 1422
3 1450 82 1438
3 1449 1384 1425
3 1450 1438 1410
3 1451 1417 1428
3 1452 1420 1395
3 1452 1395 1424
3 1451 1442 1417
3 1452 1424 1446
3 1453 1390 1431
3 1453 1431 1447
3 1454 1418 1393
3 1454 1393 1426
3 1453 1411 1390
3 1455 1392 1433
3 1456 1426 1427
3 1455 67 71
3 1456 1427 1457
3 1455 1415 1392
3 1455 71 1415
3 1458 1444 1435
3 1459 1404 1432
3 1459 1430 1404
3 1460 1445 1421
3 1460 1421 1440
3 1461 1441 1434
3 1462 1447 1442
3 1463 1416 1436
3 1463 1443 1416
3 1464 1459 1432
3 1464 1441 1461
3 1465 1449 1444
3 1464 1432 1441
3 1466 1458 1435
3 1466 1435 1445
3 1467 1408 1443
3 1468 1453 1447
3 1468 1447 1462
3 1467 1434 1408
3 1467 1443 1463
3 1469 1407 1449
3 1470 1452 1446
3 1469 1449 1465
3 1471 86 82
3 1469 1433 1407
3 1471 82 1450
3 1472 1429 1473
3 1471 1422 1448
3 1471 1450 1422
3 1472 1428 1429
3 1474 1452 1470
3 1474 1448 1420
3 1475 1442 1451
3 1474 1420 1452
3 1475 1462 1442
3 1476 1418 1454
3 1477 1411 1453
3 1476 1446 1418
3 1478 1463 1436
3 1477 1439 1411
3 1478 1436 1437
3 1479 1444 1458
3 1479 1465 1444
3 1480 1426 1456
3 1481 1445 1460
3 1480 1454 1426
3 1481 1466 1445
3 1482 1457 1483
3 1484 1468 1462
3 1482 1456 1457
3 1485 1464 1461
3 1486 1469 1465
3 1487 1467 1463
3 1488 1482 1483
3 1489 1479 1458
3 1490 1464 1485
3 1489 1458 1466
3 1490 1459 1464
3 1491 1477 1453
3 1491 1468 1484
3 1492 1434 1467
3 1491 1453 1468
3 1492 1467 1487
3 1493 67 1455
3 1493 1455 1433
3 1492 1461 1434
3 1493 63 67
3 1493 1433 1469
3 1494 1474 1470
3 1493 1469 1486
3 1495 1448 1474
3 1496 1451 1428
3 1495 1471 1448
3 1495 86 1471
3 1496 1428 1472
3 1495 1474 1494
3 1497 1470 1446
3 1497 1446 1476
3 1498 1462 1475
3 1498 1484 1462
3 1499 1487 1463
3 1500 1501 1502
3 1500 1460 1440
3 1499 1463 1478
3 1500 1440 1501
3 1503 1476 1454
3 1504 1465 1479
3 1503 1454 1480
3 1504 1486 1465
3 1505 1472 1473
3 1505 1473 1506
3 1507 1456 1482
3 1507 1480 1456
3 1508 1466 1481
3 1509 1490 1485
3 1508 1489 1466
3 1510 1492 1487
3 1511 1491 1484
3 1512 1482 1488
3 1512 1488 1513
3 1512 1507 1482
3 1514 63 1493
3 1515 1485 1461
3 1514 1493 1486
3 1515 1461 1492
3 1516 1504 1479
3 1517 91 86
3 1516 1479 1489
3 1517 86 1495
3 1517 1495 1494
3 1518 1502 1519
3 1520 1470 1497
3 1518 1500 1502
3 1520 1494 1470
3 1521 1487 1499
3 1522 1475 1451
3 1522 1451 1496
3 1521 1510 1487
3 1523 1484 1498
3 1524 1497 1476
3 1523 1511 1484
3 1524 1476 1503
3 1525 1481 1460
3 1525 1460 1500
3 1526 1503 1480
3 1526 1480 1507
3 1527 1514 1486
3 1527 59 63
3 1528 1512 1513
3 1527 63 1514
3 1527 1486 1504
3 1529 1472 1505
3 1530 1492 1510
3 1530 1515 1492
3 1529 1496 1472
3 1531 1489 1508
3 1532 1478 1437
3 1531 1516 1489
3 1532 1437 1533
3 1534 1518 1519
3 1535 1512 1528
3 1535 1507 1512
3 1535 1526 1507
3 1536 1527 1504
3 1536 1504 1516
3 1537 1509 1485
3 1537 1485 1515
3 1537 1515 1530
3 1538 91 1517
3 1539 1525 1500
3 1539 1518 1534
3 1538 1517 1494
3 1539 1500 1518
3 1538 1494 1520
3 1540 1475 1522
3 1541 1530 1510
3 1540 1498 1475
3 1541 1510 1521
3 1542 1511 1523
3 1542 1543 1511
3 1544 1497 1524
3 1544 1520 1497
3 1545 1506 1546
3 1545 1505 1506
3 1547 1503 1526
3 1547 1524 1503
3 1548 1481 1525
3 1548 1508 1481
3 1549 1535 1528
3 1550 1496 1529
3 1551 1537 1530
3 1550 1522 1496
3 1552 1499 1478
3 1553 1516 1531
3 1553 1536 1516
3 1552 1478 1532
3 1554 1539 1534
3 1555 1526 1535
3 1555 1547 1526
3 1555 1535 1549
3 1556 1527 1536
3 1556 59 1527
3 1557 1528 1513
3 1558 1525 1539
3 1558 1548 1525
3 1557 1513 1559
3 1558 1539 1554
3 1560 1498 1540
3 1561 1530 1541
3 1561 1551 1530
3 1562 1538 1520
3 1562 94 91
3 1562 91 1538
3 1562 1520 1544
3 1560 1523 1498
3 1563 1543 1542
3 1564 1544 1524
3 1565 1554 1534
3 1566 1505 1545
3 1564 1524 1547
3 1566 1529 1505
3 1567 1555 1549
3 1566 1550 1529
3 1568 1566 1545
3 1568 1546 1569
3 1570 1557 1559
3 1568 1545 1546
3 1571 1548 1558
3 1570 1559 1572
3 1573 1499 1552
3 1571 1508 1548
3 1571 1531 1508
3 1574 1540 1522
3 1573 1521 1499
3 1574 1522 1550
3 1575 1564 1547
3 1575 1555 1567
3 1575 1547 1555
3 1576 1536 1553
3 1577 1532 1533
3 1576 1556 1536
3 1578 1558 1554
3 1577 1533 1579
3 1580 1549 1528
3 1581 1571 1558
3 1580 1528 1557
3 1581 1558 1578
3 1582 1542 1523
3 1582 1523 1560
3 1583 1577 1579
3 1584 1551 1561
3 1585 1578 1554
3 1586 1570 1572
3 1585 1554 1565
3 1587 94 1562
3 1587 1562 1544
3 1587 1544 1564
3 1588 1550 1566
3 1589 1575 1567
3 1590 1566 1568
3 1591 1557 1570
3 1591 1580 1557
3 1592 1553 1531
3 1592 1531 1571
3 1593 1521 1573
3 1594 1560 1540
3 1593 1541 1521
3 1594 1540 1574
3 1595 1564 1575
3 1595 1587 1564
3 1595 1575 1589
3 1596 55 59
3 1597 1532 1577
3 1596 59 1556
3 1596 1556 1576
3 1598 1581 1578
3 1597 1552 1532
3 1599 1592 1571
3 1600 1567 1549
3 1599 1581 1598
3 1600 1549 1580
3 1599 1571 1581
3 1600 1580 1591
3 1601 1563 1542
3 1602 1597 1577
3 1602 1577 1583
3 1601 1542 1582
3 1603 1598 1578
3 1603 1578 1585
3 1604 1550 1588
3 1605 1570 1586
3 1605 1591 1570
3 1604 1594 1574
3 1606 1595 1589
3 1604 1574 1550
3 1607 1600 1591
3 1608 1588 1566
3 1608 1566 1590
3 1609 1561 1541
3 1610 1590 1568
3 1609 1541 1593
3 1610 1569 1611
3 1610 1568 1569
3 1612 1579 1613
3 1614 1553 1592
3 1615 98 94
3 1614 1576 1553
3 1615 94 1587
3 1615 1587 1595
3 1616 1560 1594
3 1615 1595 1606
3 1616 1582 1560
3 1617 1573 1552
3 1617 1597 1602
3 1617 1552 1597
3 1618 1599 1598
3 1619 1614 1592
3 1620 1579 1612
3 1619 1599 1618
3 1620 1583 1579
3 1619 1592 1599
3 1621 1585 1565
3 1622 1567 1600
3 1622 1589 1567
3 1623 1617 1602
3 1621 1565 1624
3 1625 1618 1598
3 1625 1598 1603
3 1626 1607 1591
3 1626 1591 1605
3 1627 1594 1604
3 1628 1615 1606
3 1628 98 1615
3 1629 1588 1608
3 1630 1622 1600
3 1630 1600 1607
3 1629 1604 1588
3 1631 1590 1610
3 1632 1584 1561
3 1632 1561 1609
3 1633 55 1596
3 1633 1576 1614
3 1633 51 55
3 1633 1596 1576
3 1634 1601 1582
3 1635 1620 1612
3 1634 1582 1616
3 1636 1593 1573
3 1637 1619 1618
3 1636 1573 1617
3 1638 1583 1620
3 1639 1610 1611
3 1639 1611 1640
3 1638 1620 1635
3 1638 1602 1583
3 1641 1614 1619
3 1642 1612 1613
3 1641 1619 1637
3 1642 1635 1612
3 1641 1633 1614
3 1642 1613 1643
3 1641 51 1633
3 1644 1589 1622
3 1645 1585 1621
3 1645 1603 1585
3 1644 1606 1589
3 1646 1618 1625
3 1646 1637 1618
3 1647 1636 1617
3 1647 1617 1623
3 1648 1616 1594
3 1648 1594 1627
3 1649 1630 1607
3 1649 1607 1626
3 1650 1627 1604
3 1651 1644 1622
3 1651 1622 1630
3 1650 1604 1629
3 1652 1608 1590
3 1653 1586 1654
3 1652 1590 1631
3 1653 1605 1586
3 1652 1629 1608
3 1655 1638 1635
3 1656 1624 1657
3 1656 1621 1624
3 1658 1609 1593
3 1658 1593 1636
3 1659 47 51
3 1659 1641 1637
3 1660 1623 1602
3 1659 51 1641
3 1661 1631 1610
3 1660 1638 1655
3 1660 1602 1638
3 1661 1610 1639
3 1662 1625 1603
3 1662 1603 1645
3 1663 1635 1642
3 1663 1655 1635
3 1664 102 98
3 1664 98 1628
3 1664 1628 1606
3 1664 1606 1644
3 1665 1637 1646
3 1666 1642 1643
3 1665 1659 1637
3 1666 1663 1642
3 1667 1616 1648
3 1666 1643 1668
3 1669 1658 1636
3 1667 1634 1616
3 1669 1636 1647
3 1670 1627 1650
3 1670 1648 1627
3 1671 1630 1649
3 1671 1651 1630
3 1672 102 1664
3 1672 1644 1651
3 1672 1664 1644
3 1673 1629 1652
3 1674 1639 1640
3 1674 1640 1675
3 1676 1605 1653
3 1676 1626 1605
3 1677 1645 1621
3 1678 1660 1655
3 1677 1621 1656
3 1679 1609 1658
3 1679 1658 1669
3 1680 1631 1661
3 1680 1652 1631
3 1679 1632 1609
3 1681 1623 1660
3 1682 1646 1625
3 1681 1660 1678
3 1681 1647 1623
3 1682 1625 1662
3 1683 1659 1665
3 1683 47 1659
3 1684 1657 1685
3 1686 1655 1663
3 1686 1678 1655
3 1687 1668 1688
3 1684 1656 1657
3 1687 1666 1668
3 1689 1686 1663
3 1689 1666 1687
3 1690 1648 1670
3 1690 1667 1648
3 1691 1629 1673
3 1689 1663 1666
3 1692 1679 1669
3 1691 1670 1650
3 1691 1650 1629
3 1693 1672 1651
3 1694 1675 1695
3 1693 1651 1671
3 1694 1674 1675
3 1696 1661 1639
3 1697 1649 1626
3 1697 1626 1676
3 1696 1639 1674
3 1698 1645 1677
3 1699 1681 1678
3 1698 1662 1645
3 1700 1673 1652
3 1700 1652 1680
3 1701 1653 1654
3 1701 1654 1702
3 1703 1681 1699
3 1704 1646 1682
3 1703 1669 1647
3 1704 1665 1646
3 1705 1694 1695
3 1703 1647 1681
3 1706 1687 1688
3 1707 1656 1684
3 1708 1699 1678
3 1708 1678 1686
3 1707 1677 1656
3 1709 1689 1687
3 1710 1685 1711
3 1710 1684 1685
3 1712 1686 1689
3 1713 1690 1670
3 1712 1708 1686
3 1712 1689 1709
3 1713 1670 1691
3 1714 1674 1694
3 1714 1696 1674
3 1715 1702 1716
3 1715 1701 1702
3 1717 1661 1696
3 1717 1680 1661
3 1718 107 102
3 1718 102 1672
3 1718 1672 1693
3 1719 1649 1697
3 1720 1662 1698
3 1719 1671 1649
3 1720 1682 1662
3 1721 1703 1699
3 1722 1673 1700
3 1722 1691 1673
3 1723 1653 1701
3 1724 47 1683
3 1724 43 47
3 1724 1665 1704
3 1723 1676 1653
3 1724 1683 1665
3 1725 1692 1669
3 1726 1694 1705
3 1725 1703 1721
3 1725 1669 1703
3 1726 1714 1694
3 1727 1698 1677
3 1728 1687 1706
3 1727 1677 1707
3 1728 1709 1687
3 1729 1707 1684
3 1730 1721 1699
3 1729 1684 1710
3 1730 1699 1708
3 1731 1712 1709
3 1732 1690 1713
3 1733 1710 1711
3 1734 1688 1735
3 1736 1717 1696
3 1736 1696 1714
3 1734 1728 1706
3 1734 1706 1688
3 1737 1708 1712
3 1738 1695 1739
3 1738 1705 1695
3 1737 1712 1731
3 1737 1730 1708
3 1740 1700 1680
3 1740 1680 1717
3 1741 1701 1715
3 1741 1723 1701
3 1742 1682 1720
3 1743 1693 1671
3 1743 1671 1719
3 1742 1704 1682
3 1744 1713 1691
3 1744 1691 1722
3 1745 1725 1721
3 1746 1697 1676
3 1746 1723 1741
3 1747 1714 1726
3 1746 1676 1723
3 1747 1736 1714
3 1748 1715 1716
3 1748 1716 1749
3 1750 1698 1727
3 1748 1749 1751
3 1750 1720 1698
3 1752 1709 1728
3 1752 1731 1709
3 1753 1727 1707
3 1753 1707 1729
3 1754 1721 1730
3 1754 1745 1721
3 1755 1710 1733
3 1756 1740 1717
3 1757 1737 1731
3 1757 1731 1752
3 1756 1717 1736
3 1756 1736 1747
3 1758 1752 1728
3 1758 1728 1734
3 1759 1730 1737
3 1760 1726 1705
3 1760 1705 1738
3 1759 1754 1730
3 1759 1737 1757
3 1761 1700 1740
3 1762 1746 1741
3 1761 1722 1700
3 1763 1718 1693
3 1764 1704 1742
3 1763 111 107
3 1763 115 111
3 1764 38 43
3 1763 1693 1743
3 1763 107 1718
3 1764 43 1724
3 1764 1724 1704
3 1765 1748 1751
3 1766 1732 1713
3 1766 1713 1744
3 1767 1756 1747
3 1768 1719 1697
3 1768 1697 1746
3 1769 1720 1750
3 1770 1748 1765
3 1769 1742 1720
3 1770 1741 1715
3 1770 1715 1748
3 1771 1750 1727
3 1772 1757 1752
3 1773 1765 1751
3 1771 1727 1753
3 1774 1760 1738
3 1775 1745 1754
3 1774 1739 1776
3 1777 1757 1772
3 1774 1738 1739
3 1777 1759 1757
3 1778 1753 1729
3 1778 1710 1755
3 1779 1772 1752
3 1778 1729 1710
3 1779 1752 1758
3 1780 1761 1740
3 1781 1735 1782
3 1780 1740 1756
3 1781 1734 1735
3 1780 1756 1767
3 1781 1758 1734
3 1783 1775 1754
3 1783 1759 1777
3 1784 1726 1760
3 1783 1754 1759
3 1785 1746 1762
3 1785 1768 1746
3 1784 1747 1726
3 1786 1722 1761
3 1787 1770 1765
3 1786 1744 1722
3 1788 1755 1733
3 1789 1719 1768
3 1789 1743 1719
3 1788 1733 1790
3 1791 1741 1770
3 1791 1762 1741
3 1792 1780 1767
3 1791 1770 1787
3 1793 38 1764
3 1793 1764 1742
3 1793 34 38
3 1793 1742 1769
3 1794 1777 1772
3 1795 1750 1771
3 1796 1765 1773
3 1795 1769 1750
3 1796 1787 1765
3 1797 1760 1774
3 1798 1783 1777
3 1798 1777 1794
3 1799 1771 1753
3 1800 1772 1779
3 1800 1794 1772
3 1799 1753 1778
3 1801 1761 1780
3 1802 1758 1781
3 1801 1786 1761
3 1803 1796 1773
3 1804 1767 1747
3 1805 1775 1783
3 1805 1783 1798
3 1804 1747 1784
3 1806 1768 1785
3 1806 1789 1768
3 1807 1766 1744
3 1808 1782 1809
3 1808 1809 1810
3 1808 1781 1782
3 1807 1744 1786
3 1811 1776 1812
3 1811 1774 1776
3 1813 1791 1787
3 1814 1755 1788
3 1815 115 1763
3 1815 1763 1743
3 1814 1778 1755
3 1815 1743 1789
3 1816 1801 1780
3 1816 1780 1792
3 1817 1762 1791
3 1817 1791 1813
3 1817 1785 1762
3 1818 30 34
3 1818 1793 1769
3 1818 34 1793
3 1819 1798 1794
3 1818 1769 1795
3 1820 1784 1760
3 1820 1760 1797
3 1821 1787 1796
3 1820 1804 1784
3 1821 1813 1787
3 1822 1805 1798
3 1823 1771 1799
3 1822 1798 1819
3 1823 1795 1771
3 1824 1794 1800
3 1825 1786 1801
3 1825 1807 1786
3 1824 1819 1794
3 1825 1801 1816
3 1826 1779 1758
3 1827 1792 1767
3 1826 1800 1779
3 1827 1767 1804
3 1826 1758 1802
3 1828 1811 1812
3 1828 1812 1829
3 1830 1796 1803
3 1830 1821 1796
3 1830 1803 1831
3 1832 1788 1790
3 1833 119 115
3 1833 115 1815
3 1833 1789 1806
3 1832 1790 1834
3 1833 1815 1789
3 152 1781 1808
3 1835 1774 1811
3 1835 1797 1774
3 152 1802 1781
3 1836 1817 1813
3 1837 1817 1836
3 164 1799 1778
3 164 1778 1814
3 1837 1806 1785
3 1838 1825 1816
3 1837 1785 1817
3 1839 1822 1819
3 178 1804 1820
3 1840 1836 1813
3 1840 1813 1821
3 183 1795 1823
3 183 1818 1795
3 1841 1834 1842
3 1841 1832 1834
3 1843 1831 1844
3 1843 1830 1831
3 1845 1839 1819
3 1845 1819 1824
3 173 1828 1829
3 168 1800 1826
3 1846 1816 1792
3 1846 1792 1827
3 144 1808 1810
3 144 152 1808
3 1847 1830 1843
3 1847 1840 1821
3 1848 1811 1828
3 1848 1835 1811
3 1847 1821 1830
3 1849 1814 1788
3 1849 1788 1832
3 151 1826 1802
3 154 1797 1835
3 151 1802 152
3 154 1820 1797
3 1850 1837 1836
3 163 1823 1799
3 1851 1806 1837
3 1851 1837 1850
3 1851 1833 1806
3 163 1799 164
3 1851 119 1833
3 1852 1843 1844
3 149 1841 1842
3 159 1836 1840
3 149 1842 147
3 179 1827 1804
3 179 1846 1827
3 159 1850 1836
3 179 1804 178
3 1853 1847 1843
3 185 1818 183
3 199 1852 1844
3 201 1839 1845
3 185 30 1818
3 1854 1832 1841
3 167 1800 168
3 1854 1849 1832
3 172 1848 1828
3 167 1845 1824
3 172 1828 173
3 167 1824 1800
3 145 1810 207
3 195 1838 1816
3 195 1816 1846
3 145 144 1810
3 143 152 144
3 155 1835 1848
3 160 1840 1847
3 155 154 1835
3 160 1847 1853
3 160 159 1840
3 170 164 1814
3 169 168 1826
3 170 1814 1849
3 169 1826 151
3 174 173 1829
3 174 1829 218
3 157 1820 154
3 157 178 1820
3 176 145 207
3 187 1851 1850
3 187 123 119
3 187 119 1851
3 184 183 1823
3 181 1843 1852
3 184 1823 163
3 181 1853 1843
3 161 1850 159
3 191 1854 1841
3 191 1841 149
3 161 187 1850
3 165 160 1853
3 196 195 1846
3 196 1846 179
3 165 1853 181
3 193 1852 199
3 193 181 1852
3 190 1849 1854
3 190 170 1849
3 190 1854 191
3 202 201 1845
3 156 1848 172
3 202 1845 167
3 156 155 1848
3 1855 1856 1857
3 1855 1857 1858
3 1859 1855 1858
3 1859 1858 1860
3 1861 1859 1860
3 1861 1860 1862
3 1863 1861 1862
3 1863 1862 1864
3 1865 1863 1864
3 1865 1864 1866
3 1865 1866 1867
3 1868 1865 1867
3 1869 1868 1867
3 1869 1867 1870
3 1871 1869 1870
3 1871 1870 1872
3 1873 1871 1874
3 1871 1872 1874
3 1875 1873 1874
3 1876 1875 1877
3 1875 1874 1877
3 1876 1877 1878
3 1879 1876 1880
3 1881 1882 1883
3 1876 1878 1880
3 1881 1883 1884
3 1885 1881 1886
3 1887 1885 1886
3 1881 1884 1886
3 1887 1886 1888
3 1887 1888 1889
3 1890 1887 1889
3 1890 1889 1891
3 1892 1890 1891
3 1893 1892 1891
3 1893 1891 1894
3 1893 1894 1895
3 1896 1893 1895
3 1897 1896 1895
3 1897 1895 1898
3 1897 1898 1899
3 1900 1897 1899
3 1900 1899 1901
3 1902 1900 1901
3 1902 1901 1903
3 1904 1902 1903
3 1905 1904 1903
3 1905 1903 1906
3 1905 1906 1907
3 1908 1905 1907
3 1908 1907 1909
3 1910 1908 1909
3 1910 1909 1911
3 1912 1910 1911
3 1913 1912 1911
3 1913 1911 1914
3 1913 1914 1915
3 1916 1913 1915
3 1917 1918 1919
3 1920 1917 1919
3 1918 1921 1919
3 1920 1919 1922
3 1923 1920 1924
3 1920 1922 1924
3 1925 1923 1926
3 1927 1925 1926
3 1923 1924 1926
3 1927 1926 1928
3 1929 1927 1930
3 1927 1928 1930
3 1931 1929 1932
3 1929 1930 1932
3 1933 1931 1934
3 1935 1933 1934
3 1931 1932 1934
3 1935 1934 1936
3 1935 1936 1937
3 1938 1935 1937
3 1938 1937 1939
3 1940 1938 1939
3 1941 1940 1939
3 1941 1939 1942
3 1941 1942 1943
3 1944 1941 1943
3 1945 1944 1943
3 1945 1943 1946
3 1947 1945 1948
3 1945 1946 1948
3 1949 1947 1950
3 1951 1949 1950
3 1947 1948 1950
3 1951 1950 1952
3 1953 1954 1955
3 1954 1956 1955
3 1957 1953 1958
3 1959 1957 1958
3 1953 1955 1958
3 1959 1958 1960
3 1961 1959 1962
3 1959 1960 1962
3 1963 1961 1964
3 1965 1963 1964
3 1961 1962 1964
3 1965 1964 1966
3 1967 1965 1968
3 1969 1967 1968
3 1965 1966 1968
3 1969 1968 1970
3 1971 1969 1972
3 1969 1970 1972
3 1973 1971 1974
3 1975 1973 1974
3 1971 1972 1974
3 1975 1974 1976
3 1977 1975 1978
3 1975 1976 1978
3 1979 1977 1980
3 1981 1979 1980
3 1977 1978 1980
3 1981 1980 1982
3 1983 1981 1984
3 1981 1982 1984
3 1985 1983 1986
3 1987 1985 1986
3 1983 1984 1986
3 1987 1986 1988
3 1989 1987 1990
3 1987 1988 1990
3 1991 1992 1993
3 1994 1991 1993
3 1995 1994 1993
3 1995 1993 1996
3 1995 1996 1997
3 1998 1995 1997
3 1998 1997 1999
3 2000 1998 1999
3 2001 2000 1999
3 2001 1999 2002
3 2001 2002 1857
3 1856 2001 1857
3 469 403 2003
3 469 2003 2004
3 518 469 2004
3 518 2004 2005
3 578 2006 2007
3 561 518 2005
3 561 2005 2008
3 611 2007 2009
3 611 578 2007
3 562 561 2008
3 562 2008 2010
3 613 2009 2011
3 613 611 2009
3 636 562 2010
3 636 2010 2012
3 577 636 2012
3 632 2011 2013
3 577 2012 2014
3 632 613 2011
3 578 2014 2006
3 578 577 2014
3 1668 2015 1688
3 2015 2016 1735
3 1735 2016 1782
3 667 2013 2017
3 667 632 2013
3 712 2017 2018
3 712 667 2017
3 768 2018 2019
3 768 712 2018
3 770 2019 2020
3 770 768 2019
3 866 2020 2021
3 866 770 2020
3 897 2021 2022
3 897 866 2021
3 2023 2024 2025
3 2023 2025 2026
3 967 2022 2024
3 967 897 2022
3 967 2024 2023
3 2027 967 2023
3 1015 967 2027
3 2028 2026 2029
3 2030 2031 2032
3 2028 2023 2026
3 1058 1015 2027
3 2033 1058 2027
3 1059 1058 2033
3 2034 2032 2035
3 2034 2035 2036
3 2034 2030 2032
3 1132 2037 2038
3 1132 1131 2037
3 1155 2038 2039
3 1155 1132 2038
3 2040 2036 2041
3 2040 2041 2042
3 2040 2034 2036
3 1208 1155 2039
3 2043 2042 2044
3 2043 2040 2042
3 2045 2044 2046
3 2045 2046 2047
3 2045 2043 2044
3 2048 2045 2047
3 2048 2047 2049
3 2050 2048 2049
3 2050 2049 2051
3 2050 2051 2052
3 2053 2050 2052
3 2053 2052 2054
3 2055 2053 2054
3 2055 2054 2056
3 2055 2056 2057
3 2058 2055 2057
3 2058 2057 2059
3 2060 2058 2059
3 2060 2059 2061
3 2060 2061 2062
3 2063 2060 2062
3 2063 2062 2064
3 2063 2064 2065
3 1735 1688 2015
3 2066 2063 2065
3 2066 2065 2067
3 2068 2067 2069
3 2068 2066 2067
3 2070 2068 2069
3 1809 2016 2071
3 1809 1782 2016
3 2072 2068 2070
3 1810 2071 2072
3 1810 1809 2071
3 207 1810 2072
3 208 2070 2073
3 208 2072 2070
3 208 207 2072
3 243 2073 2074
3 243 208 2073
3 304 2075 2076
3 244 243 2074
3 305 2076 2077
3 305 304 2076
3 355 2077 2078
3 355 305 2077
3 397 2078 2079
3 397 355 2078
3 398 2079 2080
3 398 397 2079
3 458 2080 2081
3 458 398 2080
3 508 458 2081
3 508 2081 2082
3 555 508 2082
3 555 2082 2083
3 591 555 2083
3 591 2083 2084
3 592 591 2084
3 592 2084 2085
3 675 592 2085
3 675 2085 2086
3 744 675 2086
3 744 2086 2087
3 803 744 2087
3 803 2087 2088
3 804 803 2088
3 804 2088 2089
3 894 804 2089
3 894 2089 2090
3 964 894 2090
3 964 2090 2091
3 1006 964 2091
3 1006 2091 2092
3 1007 1006 2092
3 1007 2092 2093
3 1081 1007 2093
3 1081 2093 2094
3 1104 1081 2094
3 1104 2094 2095
3 1150 1104 2095
3 1150 2095 2096
3 1181 2096 2097
3 1181 1150 2096
3 1217 2097 2098
3 1217 1181 2097
3 1236 2098 2099
3 1236 1217 2098
3 1280 2099 2100
3 1280 1236 2099
3 1317 2101 2102
3 1317 1316 2101
3 1357 2102 2103
3 1357 1317 2102
3 1379 2103 2104
3 1379 1357 2103
3 1429 2104 2105
3 1429 1379 2104
3 1473 2105 2106
3 1473 1429 2105
3 1506 2106 2107
3 1506 1473 2106
3 1546 1506 2107
3 1546 2107 2108
3 1569 1546 2108
3 1569 2108 2109
3 1611 1569 2109
3 1611 2109 2110
3 1640 1611 2110
3 1640 2110 2111
3 1675 1640 2111
3 1675 2111 2112
3 1695 1675 2112
3 1695 2112 2113
3 1739 1695 2113
3 1739 2113 2114
3 1776 1739 2114
3 1776 2114 2115
3 1812 1776 2115
3 1812 2115 2116
3 1829 1812 2116
3 1829 2116 2117
3 218 1829 2117
3 218 2117 2118
3 219 218 2118
3 219 2118 2119
3 248 219 2119
3 248 2119 2120
3 249 248 2120
3 249 2120 2121
3 314 249 2121
3 314 2121 2122
3 363 314 2122
3 363 2122 2123
3 400 363 2123
3 400 2123 2124
3 403 402 2125
3 403 2125 2003
3 2126 2127 2128
3 2129 2126 2128
3 2130 2131 2132
3 2131 2133 2132
3 2134 2135 2136
3 2130 2132 2137
3 2129 2128 2138
3 2139 2129 2138
3 2134 2136 2140
3 2139 2138 2141
3 2142 2139 2141
3 2143 2134 2144
3 2134 2140 2144
3 2145 2143 2146
3 2142 2141 2147
3 2148 2142 2147
3 2143 2144 2146
3 2149 2145 2150
3 2151 2148 2152
3 2145 2146 2150
3 2148 2147 2152
3 2151 2152 2153
3 2154 2151 2155
3 2151 2153 2155
3 2149 2150 2156
3 2157 2149 2158
3 2159 2157 2158
3 2160 2161 2162
3 2161 2163 2162
3 2149 2156 2158
3 2160 2162 2164
3 2165 2159 2166
3 2159 2158 2166
3 2165 2166 2167
3 2168 2165 2169
3 2165 2167 2169
3 2170 2168 2171
3 2168 2169 2171
3 2170 2171 2172
3 2173 2170 2172
3 2173 2172 2174
3 2173 2174 2175
3 2176 2173 2175
3 2176 2175 2177
3 2178 2176 2177
3 2178 2177 2179
3 2180 2178 2179
3 2180 2179 2181
3 2182 2180 2181
3 2182 2181 2127
3 2126 2182 2127
3 2183 2184 2185
3 2184 2186 2185
3 2185 2186 2187
3 2186 2188 2187
3 2183 2185 2189
3 2190 2183 2189
3 2188 2191 2192
3 2187 2188 2192
3 2190 2189 2193
3 2194 2190 2193
3 2191 2195 2196
3 2192 2191 2196
3 2197 2198 2199
3 2198 2194 2199
3 2194 2193 2199
3 2195 2200 2201
3 2200 2202 2201
3 2196 2195 2201
3 2197 2199 2203
3 2204 2197 2203
3 2201 2202 2205
3 2202 2206 2205
3 2207 2204 2208
3 2204 2203 2208
3 2206 2209 2210
3 2205 2206 2210
3 2211 2207 2212
3 2207 2208 2212
3 2213 2214 2215
3 2210 2209 2215
3 2209 2213 2215
3 2216 2217 2218
3 2217 2211 2218
3 2211 2212 2218
3 2214 2219 2220
3 2215 2214 2220
3 2221 2216 2222
3 2216 2218 2222
3 2219 2223 2224
3 2220 2219 2224
3 2221 2222 2225
3 2226 2221 2225
3 2223 2227 2228
3 2227 2229 2228
3 2224 2223 2228
3 2226 2225 2230
3 2231 2232 2230
3 2232 2226 2230
3 2229 2233 2234
3 2228 2229 2234
3 2231 2230 2235
3 2236 2231 2235
3 2233 2237 2238
3 2234 2233 2238
3 2236 2235 2239
3 2240 2236 2239
3 2237 2241 2242
3 2238 2237 2242
3 2240 2239 2243
3 2244 2240 2243
3 2242 2241 2245
3 2245 2241 2246
3 2244 2243 2247
3 2243 2248 2247
3 2249 2245 2250
3 2245 2246 2250
3 2247 2248 2251
3 2248 2252 2251
3 2253 2249 2254
3 2249 2250 2254
3 2251 2252 2255
3 2252 2256 2255
3 2257 2253 2258
3 2253 2254 2258
3 2255 2256 2259
3 2256 2260 2259
3 2257 2258 2261
3 2259 2260 2262
3 2263 2257 2264
3 2257 2261 2264
3 2262 2260 2265
3 2260 2266 2265
3 2267 2263 2268
3 2263 2264 2268
3 2266 2269 2270
3 2265 2266 2270
3 2271 2267 2272
3 2267 2268 2272
3 2270 2269 2273
3 2269 2274 2273
3 2271 2272 2275
3 2273 2274 2276
3 2277 2271 2278
3 2271 2275 2278
3 2276 2274 2279
3 2274 2280 2279
3 2281 2277 2282
3 2277 2278 2282
3 2279 2280 2283
3 2280 2284 2283
3 2281 2282 2285
3 2286 2281 2285
3 2283 2284 2287
3 2284 2288 2287
3 2289 2286 2290
3 2286 2285 2290
3 2287 2288 2291
3 2289 2290 2292
3 2288 2293 2294
3 2291 2288 2294
3 2295 2289 2296
3 2289 2292 2296
3 2293 2297 2298
3 2294 2293 2298
3 2299 2295 2300
3 2295 2296 2300
3 2297 2301 2302
3 2298 2297 2302
3 2303 2299 2304
3 2299 2300 2304
3 2301 2303 2305
3 2302 2301 2305
3 2303 2304 2306
3 2305 2303 2306
3 2307 2308 2309
3 2310 2307 2309
3 2311 2307 2310
3 2312 2307 2311
3 2313 2312 2311
3 2314 2312 2313
3 2315 2316 2317
3 2315 2317 2318
3 2319 2320 2321
3 2322 2315 2318
3 2323 2321 2324
3 2325 2322 2318
3 2323 2319 2321
3 2326 2324 2327
3 2325 2318 2328
3 2326 2323 2324
3 2329 2327 2330
3 2329 2326 2327
3 2331 2325 2328
3 2331 2328 2332
3 2333 2329 2330
3 2334 2332 2335
3 2334 2331 2332
3 2336 2330 2337
3 2336 2333 2330
3 2338 2335 2339
3 2338 2334 2335
3 2340 2336 2337
3 2341 2339 2342
3 2341 2338 2339
3 2343 2337 2344
3 2343 2340 2337
3 2345 2343 2344
3 2346 2345 2344
3 2347 2345 2346
3 2348 2346 2349
3 2348 2347 2346
3 2350 2348 2349
3 2351 2350 2349
3 2352 2350 2351
3 2353 2351 2354
3 2353 2352 2351
3 2355 2353 2354
3 2356 2355 2354
3 2357 2355 2356
3 2358 2357 2356
3 2358 2356 2359
3 2360 2358 2359
3 2360 2359 2361
3 2362 2360 2361
3 2316 2362 2361
3 2316 2361 2317
3 2363 2364 2365
3 2366 2365 2367
3 2366 2363 2365
3 2368 2364 2363
3 2369 2370 2364
3 2369 2364 2368
3 2371 2372 2373
3 2371 2373 2374
3 2371 2374 2375
3 2376 2377 2378
3 2379 2380 2381
3 2382 2381 2380
3 2382 2380 2383
3 2384 2380 2379
3 2385 2382 2383
3 2386 2387 2388
3 2386 2388 2389
3 2386 2389 2390
3 2391 2380 2384
3 2392 2393 2394
3 2395 2393 2392
3 2396 2385 2383
3 2396 2383 2397
3 2398 2392 2394
3 2398 2394 2399
3 2400 2375 2401
3 2402 2393 2395
3 2403 2380 2391
3 2402 2404 2393
3 2400 2371 2375
3 2403 2405 2380
3 2406 2396 2397
3 2406 2397 2407
3 2408 2409 2410
3 2408 2410 2411
3 2412 2398 2399
3 2408 2411 2387
3 2412 2399 2413
3 2414 2405 2403
3 2415 2404 2402
3 2408 2387 2386
3 2414 2416 2405
3 2415 2417 2404
3 2418 2401 2419
3 2420 2412 2413
3 2418 2400 2401
3 2421 2409 2408
3 2422 2406 2407
3 2423 2417 2415
3 2424 2376 2425
3 2423 2426 2417
3 2421 2427 2409
3 2424 2377 2376
3 2428 2418 2419
3 2428 2419 2429
3 2430 2422 2407
3 2431 2420 2413
3 2432 2416 2414
3 2433 2427 2421
3 2433 2434 2427
3 2435 2422 2430
3 2436 2426 2423
3 2437 2428 2429
3 2437 2429 2438
3 2439 2431 2413
3 2440 2434 2433
3 2440 2441 2434
3 2442 2426 2436
3 2442 2443 2426
3 2444 2437 2438
3 2444 2441 2440
3 2444 2438 2441
3 2445 2413 2446
3 2445 2439 2413
3 2447 2435 2430
3 2447 2448 2435
3 2449 2443 2442
3 2450 2424 2425
3 2451 2452 2371
3 2453 2454 2455
3 2453 2455 2456
3 2457 2424 2458
3 2457 2458 2459
3 2457 2459 2460
3 2457 2460 2461
3 2457 2461 2462
3 2457 2462 2463
3 2457 2463 2464
3 2465 2443 2449
3 2458 2424 2466
3 2466 2424 2467
3 2467 2424 2468
3 2468 2424 2469
3 2465 2470 2443
3 2469 2424 2471
3 2452 2472 2371
3 2371 2472 2372
3 2372 2472 2473
3 2474 2448 2447
3 2475 2470 2465
3 2475 2476 2470
3 2474 2477 2448
3 2478 2476 2475
3 2479 2424 2450
3 2480 2477 2474
3 2480 2481 2477
3 2482 2432 2483
3 2482 2483 2484
3 2482 2484 2485
3 2482 2486 2416
3 2482 2487 2486
3 2482 2488 2487
3 2482 2416 2432
3 2489 2482 2485
3 2490 2491 2492
3 2493 2489 2485
3 2494 2495 2481
3 2496 2497 2491
3 2494 2481 2480
3 2498 2485 2499
3 2498 2499 2500
3 2498 2493 2485
3 2496 2491 2490
3 2501 2490 2492
3 2454 2502 2455
3 2501 2492 2503
3 2504 2505 2495
3 2504 2495 2494
3 2506 2507 2497
3 2508 2424 2479
3 2509 2500 2510
3 2509 2510 2511
3 2506 2497 2496
3 2509 2511 2505
3 2512 2501 2503
3 2509 2498 2500
3 2509 2505 2504
3 2512 2503 2445
3 2513 2507 2506
3 2513 2514 2507
3 2471 2424 2508
3 2515 2516 2488
3 2515 2488 2482
3 2517 2512 2445
3 2517 2445 2446
3 2518 2514 2513
3 2518 2519 2514
3 2520 2521 2498
3 2520 2498 2509
3 2522 2517 2446
3 2523 2524 2519
3 2523 2519 2518
3 2525 2526 2516
3 2525 2516 2515
3 2527 2522 2446
3 2528 2521 2520
3 2529 2478 2524
3 2529 2524 2523
3 2528 2530 2521
3 2531 2527 2446
3 2532 2478 2529
3 2533 2530 2528
3 2534 2535 2526
3 2532 2536 2476
3 2532 2476 2478
3 2534 2526 2525
3 2537 2530 2533
3 2538 2531 2446
3 2539 2536 2532
3 2539 2540 2541
3 2539 2541 2536
3 2542 2537 2533
3 2543 2544 2535
3 2545 2538 2446
3 2543 2546 2544
3 2547 2540 2539
3 2543 2535 2534
3 2547 2548 2540
3 2549 2545 2446
3 2550 2548 2547
3 2551 2537 2542
3 2551 2552 2537
3 2553 2546 2543
3 2550 2554 2548
3 2553 2555 2546
3 2556 2549 2446
3 2557 2554 2550
3 2557 2558 2554
3 2559 2552 2551
3 2560 2558 2557
3 2559 2561 2552
3 2560 2562 2563
3 2560 2563 2558
3 2564 2565 2555
3 2564 2566 2565
3 2564 2555 2553
3 2567 2562 2560
3 2567 2568 2562
3 2569 2568 2567
3 2569 2570 2568
3 2571 2561 2559
3 2571 2572 2561
3 2573 2574 2570
3 2573 2570 2569
3 2575 2576 2556
3 2575 2577 2576
3 2575 2578 2577
3 2575 2579 2578
3 2575 2556 2446
3 2580 2579 2575
3 2581 2582 2583
3 2581 2583 2574
3 2581 2574 2573
3 2584 2580 2575
3 2585 2586 2582
3 2585 2582 2581
3 2587 2584 2575
3 2588 2572 2571
3 2589 2572 2588
3 2590 2591 2592
3 2590 2592 2593
3 2594 2592 2595
3 2594 2593 2592
3 2596 2597 2598
3 2596 2599 2597
3 2596 2600 2599
3 2596 2601 2600
3 2602 2591 2590
3 2603 2604 2566
3 2603 2605 2604
3 2603 2606 2605
3 2607 2587 2575
3 2603 2566 2564
3 2608 2595 2586
3 2608 2594 2595
3 2609 2591 2602
3 2609 2610 2591
3 2611 2608 2586
3 2611 2586 2585
3 2611 2585 2612
3 2613 2610 2609
3 2613 2614 2610
3 2615 2572 2589
3 2615 2616 2572
3 2615 2617 2616
3 2615 2564 2617
3 2615 2603 2564
3 2618 2611 2612
3 2472 2596 2598
3 2618 2612 2619
3 2472 2620 2621
3 2472 2598 2620
3 2622 2614 2613
3 2622 2623 2614
3 2624 2603 2615
3 2624 2625 2603
3 2624 2626 2625
3 2624 2627 2626
3 2628 2623 2622
3 2629 2630 2606
3 2631 2607 2575
3 2629 2606 2603
3 2632 2623 2628
3 2633 2627 2624
3 2634 2632 2628
3 2635 2636 2630
3 2635 2637 2636
3 2635 2630 2629
3 2638 2627 2633
3 2639 2472 2621
3 2639 2637 2635
3 2639 2621 2637
3 2640 2634 2641
3 2640 2632 2634
3 2642 2631 2575
3 2457 2643 2601
3 2457 2644 2643
3 2457 2645 2644
3 2457 2646 2645
3 2457 2464 2646
3 2457 2601 2596
3 2647 2627 2638
3 2647 2648 2627
3 2649 2472 2650
3 2651 2641 2652
3 2653 2472 2639
3 2653 2650 2472
3 2651 2640 2641
3 2453 2654 2655
3 2656 2472 2649
3 2453 2655 2657
3 2453 2657 2658
3 2453 2658 2659
3 2453 2659 2618
3 2453 2618 2619
3 2660 2648 2647
3 2453 2456 2654
3 2453 2661 2662
3 2663 2653 2639
3 2453 2619 2661
3 2664 2472 2656
3 2665 2652 2666
3 2667 2663 2639
3 2667 2668 2389
3 2665 2651 2652
3 2667 2669 2668
3 2667 2639 2669
3 2473 2472 2664
3 2670 2666 2671
3 2672 2667 2389
3 2670 2665 2666
3 2455 2671 2673
3 2455 2673 2674
3 2455 2674 2675
3 2455 2675 2456
3 2455 2670 2671
3 2676 2648 2660
3 2676 2677 2648
3 2377 2453 2662
3 2377 2662 2678
3 2388 2672 2389
3 2679 2377 2678
3 2680 2677 2676
3 2380 2681 2642
3 2380 2682 2681
3 2380 2405 2682
3 2380 2642 2575
3 2378 2377 2679
3 2390 2389 2677
3 2390 2677 2680
3 2683 2684 2685
3 2683 2686 2687
3 2683 2688 2689
3 2683 2689 2690
3 2683 2690 2684
3 2689 2688 2691
3 2691 2688 2692
3 2693 2694 2695
3 2696 2694 2693
3 2688 2697 2698
3 2688 2699 2697
3 2688 2696 2699
3 2688 2694 2696
3 2700 2688 2698
3 2701 2688 2700
3 2702 2688 2701
3 2703 2688 2702
3 2704 2688 2703
3 2705 2688 2704
3 2692 2688 2705
3 2687 2706 2707
3 2687 2686 2706
3 2683 2708 2686
3 2683 2709 2708
3 2683 2710 2709
3 2683 2711 2710
3 2683 2712 2711
3 2683 2713 2712
3 2683 2714 2713
3 2683 2715 2714
3 2683 2685 2715
3 2716 2717 2718
3 2716 2718 2719
3 2720 2716 2719
3 2720 2719 2721
3 2720 2721 2722
3 2723 2720 2722
3 2724 2723 2722
3 2724 2722 2725
3 2724 2725 2726
3 2727 2724 2726
3 2728 2729 2730
3 2731 2728 2730
3 2731 2730 2732
3 2733 2731 2732
3 2734 2733 2732
3 2734 2732 2735
3 2734 2735 2736
3 2737 2734 2736
3 2738 2737 2736
3 2738 2736 2739
3 2738 2739 2740
3 2741 2738 2740
3 2742 2741 2740
3 2742 2740 2743
3 2742 2743 2744
3 2745 2742 2744
3 2746 2745 2747
3 2745 2744 2747
3 2748 2746 2747
3 2748 2747 2749
3 2750 2748 2751
3 2752 2750 2751
3 2748 2749 2751
3 2752 2751 2753
3 2754 2752 2755
3 2752 2753 2755
3 2756 2754 2757
3 2754 2755 2757
3 2758 2759 2760
3 2759 2761 2760
3 2762 2758 2763
3 2764 2762 2763
3 2758 2760 2763
3 2764 2763 2765
3 2764 2765 2766
3 2767 2764 2766
3 2767 2766 2768
3 2769 2767 2768
3 2769 2768 2770
3 2771 2769 2770
3 2771 2770 2772
3 2773 2771 2772
3 2774 2773 2772
3 2774 2772 2775
3 2774 2775 2776
3 2777 2774 2776
3 2777 2776 2778
3 2779 2777 2778
3 2779 2778 2780
3 2781 2779 2780
3 2781 2780 2782
3 2783 2781 2782
3 2783 2782 2784
3 2785 2783 2784
3 2786 2787 2788
3 2786 2788 2789
3 2786 2789 2790
3 2791 2786 2790
3 2791 2790 2792
3 2793 2791 2792
3 2793 2792 2794
3 2795 2793 2794
3 2795 2794 2796
3 2797 2795 2796
3 2797 2796 2798
3 2799 2797 2798
3 2800 2799 2798
3 2800 2798 2801
3 2800 2801 2802
3 2803 2800 2802
3 2803 2802 2804
3 2805 2803 2804
3 2806 2805 2804
3 2806 2804 2807
3 2808 2806 2807
3 2808 2807 2809
3 2808 2809 2810
3 2811 2808 2810
3 2812 2813 2814
3 2811 2810 2815
3 2816 2811 2815
3 2812 2814 2817
3 2818 2812 2819
3 2812 2817 2819
3 2820 2818 2821
3 2822 2820 2821
3 2818 2819 2821
3 2822 2821 2823
3 2824 2822 2825
3 2826 2824 2825
3 2822 2823 2825
3 2826 2825 2827
3 2828 2826 2829
3 2826 2827 2829
3 2830 2828 2831
3 2717 2830 2831
3 2828 2829 2831
3 2717 2831 2718
3 2832 2833 2834
3 2835 2832 2834
3 2836 2834 2837
3 2836 2835 2834
3 2838 2839 2836
3 2838 2836 2837
3 2840 2838 2837
3 2841 2842 2840
3 2841 2840 2837
3 2843 2844 2845
3 2846 2845 2841
3 2846 2843 2845
3 2847 2848 2846
3 2849 2850 2847
3 2849 2847 2846
3 2851 2852 2849
3 2851 2853 2852
3 2851 2854 2853
3 2851 2855 2854
3 2851 2841 2837
3 2851 2846 2841
3 2851 2849 2846
3 2856 2851 2837
3 2857 2858 2856
3 2857 2856 2837
3 2859 2860 2861
3 2859 2861 2862
3 2863 2864 2865
3 2863 2865 2866
3 2867 2863 2868
3 2863 2866 2868
3 2869 2867 2870
3 2871 2869 2870
3 2867 2868 2870
3 2872 2871 2873
3 2871 2870 2873
3 2872 2873 2874
3 2875 2876 2877
3 2878 2875 2877
3 2876 2879 2877
3 2880 2878 2881
3 2878 2877 2881
3 2882 2880 2883
3 2880 2881 2883
3 2882 2883 2884
3 2885 2886 2887
3 2888 2885 2887
3 2888 2887 2889
3 2888 2889 2865
3 2864 2888 2865
3 2890 2891 2892
3 2893 2890 2892
3 2894 2893 2895
3 2893 2892 2895
3 2896 2894 2897
3 2894 2895 2897
3 2898 2896 2899
3 2896 2897 2899
3 2900 2898 2901
3 2902 2900 2901
3 2898 2899 2901
3 2902 2901 2903
3 2904 2902 2905
3 2902 2903 2905
3 2906 2904 2907
3 2908 2906 2907
3 2904 2905 2907
3 2908 2907 2909
3 2910 2908 2911
3 2908 2909 2911
3 2912 2910 2913
3 2910 2911 2913
3 2914 2912 2915
3 2912 2913 2915
3 2916 2914 2917
3 2918 2916 2917
3 2914 2915 2917
3 2918 2917 2919
3 2920 2918 2919
3 2920 2919 2921
3 2920 2921 2922
3 2923 2920 2922
3 2923 2922 2886
3 2924 2923 2886
3 2885 2924 2886
3 2925 2926 2927
3 2928 2925 2927
3 2929 2928 2930
3 2928 2927 2930
3 2931 2929 2932
3 2929 2930 2932
3 2933 2931 2934
3 2931 2932 2934
3 2935 2936 2937
3 2936 2938 2937
3 2939 2935 2940
3 2941 2939 2940
3 2935 2937 2940
3 2942 2941 2943
3 2941 2940 2943
3 2942 2943 2944
3 2890 2942 2891
3 2942 2944 2891
3 2945 2946 2926
3 2925 2945 2926
3 2947 2948 2946
3 2945 2947 2946
3 2949 2950 2948
3 2947 2949 2948
3 2951 2952 2953
3 2954 2951 2953
3 2955 2956 2957
3 2958 2955 2959
3 2955 2957 2959
3 2958 2959 2960
3 2961 2958 2962
3 2958 2960 2962
3 2963 2961 2964
3 2961 2962 2964
3 2965 2966 2967
3 2966 2968 2967
3 2969 2965 2970
3 2965 2967 2970
3 2971 2972 2973
3 2974 2971 2973
3 2975 2974 2973
3 2975 2973 2976
3 2975 2976 2957
3 2956 2975 2957
3 2977 2978 2979
3 2980 2977 2979
3 2981 2980 2982
3 2983 2981 2982
3 2980 2979 2982
3 2983 2982 2984
3 2985 2983 2986
3 2987 2985 2986
3 2983 2984 2986
3 2987 2986 2988
3 2989 2987 2990
3 2987 2988 2990
3 2991 2989 2992
3 2989 2990 2992
3 2993 2991 2994
3 2991 2992 2994
3 2995 2993 2996
3 2997 2995 2996
3 2993 2994 2996
3 2997 2996 2998
3 2999 2997 3000
3 2997 2998 3000
3 3001 2999 3002
3 2999 3000 3002
3 3003 3001 3004
3 3001 3002 3004
3 3003 3004 3005
3 3006 3003 3005
3 3006 3005 3007
3 3008 3006 3007
3 3008 3007 3009
3 3010 3008 3009
3 3010 3009 2972
3 2971 3010 2972
3 3011 3012 3013
3 3014 3011 3013
3 3015 3014 3016
3 3014 3013 3016
3 3017 3015 3018
3 3019 3017 3018
3 3015 3016 3018
3 3020 3019 3021
3 3019 3018 3021
3 3020 3021 3022
3 3023 3020 3024
3 3025 3026 3027
3 3020 3022 3024
3 3025 3027 3028
3 3029 3025 3030
3 3025 3028 3030
3 2977 3029 2978
3 3029 3030 2978
3 3031 3032 3033
3 3031 3033 3034
3 3035 3036 3037
3 3038 3035 3037
3 3039 3038 3037
3 3039 3037 3040
3 3041 3042 3043
3 3042 3044 3043
3 3045 3046 3047
3 3048 3045 3047
3 3049 3041 3050
3 3041 3043 3050
3 3051 3048 3052
3 3048 3047 3052
3 3053 3051 3052
3 3054 3055 3056
3 3055 3057 3056
3 3053 3052 3058
3 3042 3053 3044
3 3053 3058 3044
3 3059 3054 3060
3 3054 3056 3060
3 3061 3059 3062
3 3059 3060 3062
3 3063 3061 3064
3 3061 3062 3064
3 3065 3063 3066
3 3063 3064 3066
3 3067 3065 3068
3 3069 3067 3068
3 3065 3066 3068
3 3069 3068 3070
3 3071 3072 3073
3 3072 3074 3073
3 3075 3071 3076
3 3077 3075 3076
3 3071 3073 3076
3 3077 3076 3078
3 3077 3078 3079
3 3080 3077 3079
3 3081 3080 3079
3 3081 3079 3082
3 3081 3082 3083
3 3084 3081 3083
3 3085 3086 3087
3 3088 3085 3087
3 3089 3088 3087
3 3089 3087 3090
3 3089 3090 3091
3 3092 3089 3091
3 3035 3092 3091
3 3035 3091 3036
3 3093 3094 3095
3 3096 3093 3095
3 3097 3096 3095
3 3097 3095 3098
3 3099 3100 3101
3 3100 3102 3101
3 3103 3104 3105
3 3106 3103 3105
3 3107 3099 3108
3 3099 3101 3108
3 3109 3106 3110
3 3106 3105 3110
3 3111 3109 3110
3 3112 3113 3114
3 3113 3115 3114
3 3111 3110 3116
3 3100 3111 3102
3 3111 3116 3102
3 3117 3112 3118
3 3112 3114 3118
3 3119 3117 3120
3 3117 3118 3120
3 3121 3119 3122
3 3119 3120 3122
3 3123 3121 3124
3 3121 3122 3124
3 3125 3123 3126
3 3127 3125 3126
3 3123 3124 3126
3 3127 3126 3128
3 3129 3130 3131
3 3130 3132 3131
3 3133 3129 3134
3 3135 3133 3134
3 3129 3131 3134
3 3135 3134 3136
3 3135 3136 3137
3 3138 3135 3137
3 3139 3138 3137
3 3139 3137 3140
3 3139 3140 3141
3 3142 3139 3141
3 3143 3144 3145
3 3146 3143 3145
3 3147 3146 3145
3 3147 3145 3148
3 3147 3148 3149
3 3150 3147 3149
3 3093 3150 3149
3 3093 3149 3094
3 3151 3152 3153
3 3154 3151 3153
3 3155 3154 3153
3 3155 3153 3156
3 3157 3158 3159
3 3158 3160 3159
3 3161 3162 3163
3 3164 3161 3163
3 3165 3157 3166
3 3157 3159 3166
3 3167 3164 3168
3 3164 3163 3168
3 3169 3167 3168
3 3170 3171 3172
3 3171 3173 3172
3 3169 3168 3174
3 3158 3169 3160
3 3169 3174 3160
3 3175 3170 3176
3 3170 3172 3176
3 3177 3175 3178
3 3175 3176 3178
3 3179 3177 3180
3 3177 3178 3180
3 3181 3179 3182
3 3179 3180 3182
3 3183 3181 3184
3 3185 3183 3184
3 3181 3182 3184
3 3185 3184 3186
3 3187 3188 3189
3 3188 3190 3189
3 3191 3187 3192
3 3193 3191 3192
3 3187 3189 3192
3 3193 3192 3194
3 3193 3194 3195
3 3196 3193 3195
3 3197 3196 3195
3 3197 3195 3198
3 3197 3198 3199
3 3200 3197 3199
3 3201 3202 3203
3 3204 3201 3203
3 3205 3204 3203
3 3205 3203 3206
3 3205 3206 3207
3 3208 3205 3207
3 3151 3208 3207
3 3151 3207 3152
3 3209 3210 3211
3 3210 3212 3211
3 3212 3213 3211
3 3211 3213 3214
3 3215 3211 3216
3 3211 3214 3216
3 3215 3216 3217
3 3217 3216 3218
3 3217 3218 3219
3 3219 3218 3220
3 3221 3222 3223
3 3223 3222 3224
3 3223 3224 3225
3 3225 3224 3226
3 3227 3228 3229
3 3225 3226 3229
3 3227 3229 3230
3 3229 3226 3231
3 3232 3230 3233
3 3230 3229 3233
3 3229 3231 3233
3 3234 3232 3235
3 3236 3234 3235
3 3232 3233 3235
3 3237 3236 3238
3 3239 3240 3241
3 3236 3235 3238
3 3242 3239 3243
3 3239 3241 3243
3 3244 3245 3246
3 3244 3247 3245
3 3248 3246 3249
3 3248 3244 3246
3 3250 3249 3251
3 3250 3248 3249
3 3252 3253 3254
3 3252 3254 3255
3 3256 3257 3258
3 3257 3252 3258
3 3252 3255 3258
3 3256 3258 3259
3 3260 3261 3262
3 3261 3263 3262
3 3264 3265 3266
3 3265 3267 3266
3 3267 3268 3266
3 3266 3268 3269
3 3270 3271 3272
3 3271 3273 3272
3 3274 3270 3275
3 3270 3272 3275
3 3276 3274 3277
3 3274 3275 3277
3 3278 3276 3279
3 3276 3277 3279
3 3280 3278 3281
3 3278 3279 3281
3 3282 3280 3283
3 3280 3281 3283
3 3284 3285 3286
3 3285 3287 3286
3 3288 3289 3290
3 3289 3284 3290
3 3284 3286 3290
3 3291 3288 3292
3 3288 3290 3292
3 3293 3291 3294
3 3291 3292 3294
3 3295 3293 3296
3 3293 3294 3296
3 3295 3296 3297
3 3298 3299 3300
3 3298 3300 3301
3 3302 3298 3301
3 3302 3301 3303
3 3304 3302 3303
3 3260 3305 3261
3 3305 3306 3261
3 3306 3307 3261
3 3304 3303 3263
3 3261 3304 3263
3 3308 3309 3310
3 3311 3310 3312
3 3313 3314 3312
3 3310 3313 3312
3 3315 3316 3317
3 3318 3319 3320
3 3315 3317 3321
3 3322 3318 3323
3 3318 3320 3323
3 3324 3322 3325
3 3322 3323 3325
3 3326 3324 3327
3 3324 3325 3327
3 3328 3326 3329
3 3326 3327 3329
3 3330 3331 3332
3 3328 3329 3333
3 3334 3330 3335
3 3330 3332 3335
3 3336 3334 3337
3 3334 3335 3337
3 3336 3337 3338
3 3339 3336 3340
3 3336 3338 3340
3 3341 3340 3342
3 3340 3338 3342
3 3343 3344 3345
3 3344 3341 3345
3 3341 3342 3345
3 3346 3347 3348
3 3349 3343 3350
3 3343 3345 3350
3 3346 3348 3351
3 3352 3353 3351
3 3353 3346 3351
3 3313 3354 3314
3 3354 3352 3314
3 3352 3351 3314
3 3311 3355 3310
3 3355 3308 3310
3 3356 3357 3358
3 3359 3356 3360
3 3356 3358 3360
3 3361 3359 3362
3 3359 3360 3362
3 3363 3361 3364
3 3361 3362 3364
3 3365 3363 3366
3 3363 3364 3366
3 3367 3365 3368
3 3365 3366 3368
3 3367 3368 3369
3 3264 3266 3370
3 3371 3370 3372
3 3371 3264 3370
3 3373 3372 3374
3 3373 3371 3372
3 3375 3374 3376
3 3375 3373 3374
3 3377 3376 3378
3 3377 3375 3376
3 3379 3378 3380
3 3379 3377 3378
3 3381 3379 3380
3 3382 3383 3384
3 3385 3382 3384
3 3386 3385 3384
3 3386 3384 3387
3 3388 3389 3390
3 3389 3391 3390
3 3392 3393 3394
3 3395 3392 3394
3 3396 3388 3397
3 3388 3390 3397
3 3398 3395 3399
3 3395 3394 3399
3 3400 3398 3399
3 3401 3402 3403
3 3402 3404 3403
3 3400 3399 3405
3 3389 3400 3391
3 3400 3405 3391
3 3406 3401 3407
3 3401 3403 3407
3 3408 3406 3409
3 3406 3407 3409
3 3410 3408 3411
3 3408 3409 3411
3 3412 3410 3413
3 3410 3411 3413
3 3414 3412 3415
3 3416 3414 3415
3 3412 3413 3415
3 3416 3415 3417
3 3418 3419 3420
3 3419 3421 3420
3 3422 3418 3423
3 3424 3422 3423
3 3418 3420 3423
3 3424 3423 3425
3 3424 3425 3426
3 3427 3424 3426
3 3428 3427 3426
3 3428 3426 3429
3 3428 3429 3430
3 3431 3428 3430
3 3432 3433 3434
3 3435 3432 3434
3 3436 3435 3434
3 3436 3434 3437
3 3436 3437 3438
3 3439 3436 3438
3 3382 3439 3438
3 3382 3438 3383
3 3440 3441 3442
3 3440 3442 3443
3 3444 3445 3446
3 3447 3444 3446
3 3440 3443 3448
3 3440 3448 3449
3 3450 3451 3452
3 3445 3450 3452
3 3446 3445 3452
3 3451 3453 3454
3 3452 3451 3454
3 3454 3453 3455
3 3453 3456 3457
3 3455 3453 3457
3 3456 3458 3459
3 3457 3456 3459
3 3459 3458 3460
3 3461 3462 3463
3 3460 3458 3464
3 3463 3462 3465
3 3462 3466 3465
3 3458 3467 3464
3 3461 3463 3468
3 3469 3470 3468
3 3470 3461 3468
3 3465 3466 3471
3 3466 3472 3471
3 3464 3467 3473
3 3469 3468 3474
3 3467 3475 3473
3 3476 3469 3474
3 3471 3472 3477
3 3472 3478 3477
3 3479 3480 3481
3 3473 3475 3482
3 3483 3476 3484
3 3476 3474 3484
3 3475 3485 3482
3 3477 3478 3486
3 3478 3487 3486
3 3482 3485 3488
3 3488 3485 3489
3 3490 3491 3492
3 3491 3493 3492
3 3493 3494 3492
3 3494 3495 3492
3 3495 3496 3492
3 3496 3497 3492
3 3497 3498 3492
3 3498 3499 3492
3 3499 3500 3492
3 3500 3501 3492
3 3501 3502 3492
3 3485 3503 3489
3 3502 3504 3492
3 3505 3506 3507
3 3504 3508 3492
3 3509 3505 3507
3 3508 3510 3492
3 3511 3509 3507
3 3510 3512 3492
3 3512 3483 3492
3 3483 3484 3492
3 3486 3487 3513
3 3514 3486 3513
3 3515 3514 3513
3 3489 3503 3516
3 3490 3492 3517
3 3503 3518 3516
3 3513 3487 3519
3 3516 3518 3520
3 3487 3521 3519
3 3492 3484 3522
3 3520 3518 3523
3 3518 3524 3523
3 3525 3511 3526
3 3527 3525 3526
3 3528 3527 3526
3 3529 3528 3526
3 3519 3521 3530
3 3511 3507 3526
3 3521 3531 3530
3 3532 3533 3534
3 3531 3535 3536
3 3530 3531 3536
3 3533 3532 3537
3 3523 3524 3538
3 3524 3539 3538
3 3536 3535 3540
3 3481 3529 3541
3 3535 3542 3540
3 3529 3526 3541
3 3479 3481 3541
3 3543 3479 3541
3 3507 3532 3544
3 3540 3542 3545
3 3532 3534 3544
3 3542 3546 3545
3 3537 3532 3547
3 3507 3544 3548
3 3545 3546 3549
3 3547 3532 3550
3 3546 3551 3549
3 3551 3552 3553
3 3539 3554 3555
3 3538 3539 3555
3 3507 3548 3556
3 3549 3551 3553
3 3552 3557 3558
3 3557 3559 3558
3 3553 3552 3558
3 3555 3554 3560
3 3507 3556 3561
3 3559 3562 3563
3 3526 3507 3561
3 3558 3559 3563
3 3560 3554 3564
3 3554 3565 3564
3 3526 3561 3566
3 3562 3567 3568
3 3563 3562 3568
3 3567 3569 3570
3 3568 3567 3570
3 3564 3565 3571
3 3572 3564 3571
3 3569 3573 3574
3 3571 3565 3575
3 3570 3569 3574
3 3576 3577 3575
3 3565 3576 3575
3 3572 3571 3578
3 3573 3579 3580
3 3575 3577 3581
3 3577 3582 3581
3 3574 3573 3580
3 3581 3582 3583
3 3543 3541 3583
3 3582 3543 3583
3 3583 3541 3584
3 3579 3585 3586
3 3580 3579 3586
3 3584 3541 3587
3 3585 3588 3589
3 3587 3541 3590
3 3586 3585 3589
3 3588 3591 3592
3 3589 3588 3592
3 3590 3541 3593
3 3594 3590 3593
3 3550 3532 3595
3 3449 3596 3440
3 3566 3597 3526
3 3593 3541 3598
3 3532 3507 3599
3 3440 3532 3599
3 3591 3600 3601
3 3592 3591 3601
3 3600 3602 3603
3 3601 3600 3603
3 3602 3604 3605
3 3606 3603 3605
3 3603 3602 3605
3 3604 3607 3608
3 3605 3604 3608
3 3608 3607 3609
3 3607 3610 3609
3 3609 3610 3611
3 3610 3612 3611
3 3611 3612 3613
3 3517 3492 3614
3 3615 3616 3614
3 3616 3617 3614
3 3617 3618 3614
3 3618 3619 3614
3 3619 3620 3614
3 3620 3621 3614
3 3621 3622 3614
3 3622 3623 3614
3 3623 3624 3614
3 3624 3625 3614
3 3625 3626 3614
3 3626 3627 3614
3 3627 3628 3614
3 3628 3517 3614
3 3615 3614 3629
3 3613 3612 3630
3 3631 3613 3630
3 3629 3614 3632
3 3632 3614 3633
3 3633 3614 3634
3 3614 3635 3636
3 3630 3637 3599
3 3637 3638 3599
3 3638 3639 3599
3 3631 3630 3599
3 3640 3631 3599
3 3641 3640 3599
3 3642 3641 3599
3 3634 3614 3643
3 3614 3636 3644
3 3643 3614 3644
3 3599 3639 3645
3 3643 3644 3646
3 3643 3646 3647
3 3599 3645 3648
3 3647 3646 3649
3 3445 3650 3450
3 3648 3651 3652
3 3599 3648 3652
3 3649 3646 3653
3 3646 3444 3653
3 3599 3652 3654
3 3599 3654 3440
3 3440 3654 3441
3 3653 3444 3447
3 3655 3656 3657
3 3656 3658 3659
3 3657 3656 3659
3 3660 3655 3661
3 3655 3657 3661
3 3658 3662 3663
3 3662 3664 3663
3 3659 3658 3663
3 3665 3660 3666
3 3660 3661 3666
3 3664 3667 3668
3 3663 3664 3668
3 3669 3665 3670
3 3665 3666 3670
3 3667 3671 3672
3 3668 3667 3672
3 3673 3674 3675
3 3674 3669 3675
3 3669 3670 3675
3 3671 3676 3677
3 3672 3671 3677
3 3678 3673 3679
3 3673 3675 3679
3 3676 3680 3681
3 3677 3676 3681
3 3682 3678 3683
3 3678 3679 3683
3 3680 3684 3685
3 3684 3686 3685
3 3681 3680 3685
3 3687 3682 3688
3 3682 3683 3688
3 3686 3689 3690
3 3685 3686 3690
3 3691 3687 3692
3 3687 3688 3692
3 3689 3693 3694
3 3690 3689 3694
3 3695 3696 3697
3 3696 3691 3697
3 3691 3692 3697
3 3694 3693 3698
3 3693 3699 3698
3 3695 3697 3700
3 3701 3695 3700
3 3698 3699 3702
3 3699 3703 3702
3 3704 3701 3705
3 3701 3700 3705
3 3702 3703 3706
3 3703 3707 3706
3 3704 3705 3708
3 3704 3708 3709
3 3706 3707 3710
3 3706 3710 3711
3 3709 3708 3712
3 3709 3712 3713
3 3711 3710 3714
3 3711 3714 3715
3 3713 3712 3716
3 3713 3716 3717
3 3715 3714 3718
3 3715 3718 3719
3 3717 3716 3720
3 3717 3720 3721
3 3719 3718 3722
3 3723 3719 3722
3 3721 3720 3724
3 3720 3725 3724
3 3726 3723 3727
3 3723 3722 3727
3 3724 3725 3728
3 3725 3729 3728
3 3730 3726 3731
3 3726 3727 3731
3 3729 3732 3733
3 3728 3729 3733
3 3730 3731 3734
3 3732 3735 3736
3 3733 3732 3736
3 3737 3730 3738
3 3730 3734 3738
3 3735 3739 3740
3 3736 3735 3740
3 3741 3737 3742
3 3737 3738 3742
3 3740 3739 3743
3 3744 3741 3745
3 3741 3742 3745
3 3739 3746 3747
3 3743 3739 3747
3 3744 3745 3748
3 3749 3744 3748
3 3746 3750 3751
3 3747 3746 3751
3 3752 3749 3753
3 3749 3748 3753
3 3751 3750 3754
3 3750 3755 3754
3 3752 3753 3756
3 3754 3755 3757
3 3755 3758 3757
3 3759 3752 3760
3 3752 3756 3760
3 3758 3761 3762
3 3757 3758 3762
3 3763 3759 3764
3 3759 3760 3764
3 3762 3761 3765
3 3766 3763 3767
3 3763 3764 3767
3 3761 3768 3769
3 3765 3761 3769
3 3766 3767 3770
3 3771 3766 3770
3 3768 3771 3772
3 3769 3768 3772
3 3771 3770 3772
3 3773 3774 3775
3 3776 3774 3773
3 3776 3777 3774
3 3778 3774 3777
3 3779 3776 3773
3 3780 3774 3778
3 3781 3779 3773
3 3782 3774 3780
3 3783 3781 3773
3 3784 3773 3785
3 3784 3783 3773
3 3786 3784 3785
3 3787 3788 3786
3 3787 3786 3785
3 3789 3790 3791
3 3789 3792 3790
3 3789 3793 3792
3 3789 3794 3793
3 3789 3782 3794
3 3795 3796 3788
3 3795 3788 3787
3 3797 3798 3796
3 3797 3796 3795
3 3799 3800 3798
3 3799 3798 3797
3 3801 3802 3803
3 3801 3791 3802
3 3801 3804 3789
3 3801 3789 3791
3 3805 3806 3800
3 3805 3807 3806
3 3805 3800 3799
3 3808 3803 3809
3 3808 3801 3803
3 3810 3804 3801
3 3811 3812 3807
3 3811 3807 3805
3 3813 3808 3809
3 3813 3809 3812
3 3813 3812 3811
3 3814 3810 3801
3 3814 3815 3810
3 3816 3815 3814
3 3817 3816 3814
3 3817 3818 3816
3 3819 3818 3817
3 3819 3820 3818
3 3819 3821 3820
3 3822 3821 3819
3 3823 3824 3825
3 3823 3826 3824
3 3823 3819 3826
3 3827 3819 3823
3 3828 3822 3819
3 3828 3829 3822
3 3828 3830 3829
3 3828 3831 3830
3 3832 3819 3827
3 3832 3827 3833
3 3832 3828 3819
3 3834 3833 3835
3 3836 3832 3833
3 3837 3831 3828
3 3837 3838 3831
3 3837 3839 3838
3 3840 3833 3834
3 3841 3833 3840
3 3841 3836 3833
3 3842 3843 3836
3 3842 3844 3843
3 3842 3836 3841
3 3845 3846 3839
3 3845 3847 3846
3 3845 3839 3837
3 3848 3847 3845
3 3848 3849 3847
3 3850 3851 3852
3 3850 3852 3853
3 3854 3850 3853
3 3854 3853 3855
3 3856 3851 3850
3 3856 3857 3858
3 3856 3858 3851
3 3859 3849 3848
3 3859 3854 3855
3 3859 3855 3849
3 3860 3861 3862
3 3860 3862 3857
3 3860 3857 3856
3 3863 3859 3848
3 3864 3865 3866
3 3864 3866 3861
3 3864 3861 3860
3 3867 3848 3868
3 3867 3863 3848
3 3869 3870 3865
3 3869 3865 3864
3 3871 3868 3872
3 3871 3867 3868
3 3873 3870 3869
3 3873 3874 3875
3 3873 3875 3870
3 3876 3871 3872
3 3877 3878 3874
3 3877 3874 3873
3 3879 3878 3877
3 3880 3876 3872
3 3880 3881 3876
3 3882 3881 3880
3 3882 3883 3881
3 3884 3885 3886
3 3884 3887 3885
3 3884 3877 3887
3 3884 3888 3879
3 3884 3879 3877
3 3889 3883 3882
3 3889 3890 3883
3 3891 3890 3889
3 3891 3892 3890
3 3893 3892 3891
3 3893 3894 3892
3 3893 3895 3894
3 3896 3884 3886
3 3896 3897 3898
3 3896 3886 3897
3 3899 3895 3893
3 3899 3900 3895
3 3901 3896 3898
3 3901 3900 3899
3 3901 3898 3900
3 3902 3903 3884
3 3902 3884 3896
3 3789 3774 3782
3 3904 3905 3906
3 3907 3904 3906
3 3907 3906 3908
3 3909 3905 3904
3 3909 3910 3905
3 3911 3907 3908
3 3911 3908 3912
3 3913 3910 3909
3 3913 3914 3910
3 3915 3911 3912
3 3915 3912 3916
3 3917 3914 3913
3 3917 3918 3914
3 3919 3916 3920
3 3919 3915 3916
3 3921 3918 3917
3 3921 3922 3918
3 3923 3920 3924
3 3923 3919 3920
3 3925 3922 3921
3 3926 3922 3925
3 3927 3923 3924
3 3928 3926 3925
3 3929 3927 3924
3 3930 3929 3924
3 3931 3928 3932
3 3931 3926 3928
3 3933 3924 3934
3 3935 3930 3924
3 3936 3924 3933
3 3936 3935 3924
3 3937 3932 3938
3 3937 3931 3932
3 3939 3937 3938
3 3939 3938 3940
3 3941 3942 3943
3 3941 3944 3942
3 3941 3945 3944
3 3941 3940 3945
3 3941 3939 3940
3 3946 3947 3948
3 3949 3936 3933
3 3949 3950 3941
3 3949 3941 3943
3 3949 3951 3936
3 3949 3943 3951
3 3952 3950 3949
3 3952 3953 3950
3 3954 3955 3947
3 3954 3956 3955
3 3957 3953 3952
3 3957 3958 3953
3 3959 3958 3957
3 3959 3960 3958
3 3961 3947 3946
3 3961 3962 3963
3 3961 3946 3962
3 3964 3960 3959
3 3964 3965 3960
3 3966 3965 3964
3 3967 3968 3954
3 3967 3969 3968
3 3970 3965 3966
3 3970 3961 3965
3 3971 3961 3970
3 3972 3973 3967
3 3974 3961 3971
3 3975 3976 3972
3 3977 3954 3947
3 3977 3967 3954
3 3977 3947 3961
3 3977 3972 3967
3 3977 3961 3974
3 3977 3975 3972
3 3978 3977 3974
3 3979 3977 3978
3 3980 3981 3977
3 3980 3977 3979
3 3982 3981 3980
3 3983 3984 3981
3 3983 3981 3982
3 3985 3984 3983
3 3986 3984 3985
3 3986 3987 3984
3 3988 3987 3986
3 3989 3990 3991
3 3992 3989 3991
3 3992 3991 3993
3 3994 3990 3989
3 3994 3995 3990
3 3996 3993 3987
3 3996 3992 3993
3 3997 3998 3995
3 3997 3995 3994
3 3999 3996 3987
3 4000 4001 3998
3 4000 3998 3997
3 4002 3999 3987
3 4003 4004 4001
3 4003 4001 4000
3 4005 4002 3987
3 4005 3987 3988
3 4006 4002 4005
3 4007 4004 4003
3 4008 4004 4007
3 4009 4006 4005
3 4010 4008 4007
3 4011 4012 4009
3 4011 4013 4012
3 4011 4009 4005
3 4014 4010 4015
3 4014 4008 4010
3 4016 4017 4018
3 4016 4019 4017
3 4016 4015 4019
3 4016 4014 4015
3 4020 4013 4011
3 4020 4021 4013
3 4020 4022 4021
3 4023 4020 4024
3 4023 4022 4020
3 4025 4026 4022
3 4025 4022 4023
3 4027 4028 4029
3 4027 4018 4028
3 4027 4016 4018
3 4030 4026 4025
3 4031 4032 4026
3 4031 4026 4030
3 4033 4032 4031
3 4034 4035 4027
3 4034 4027 4029
3 4036 4029 4032
3 4036 4034 4029
3 4036 4032 4033
3 4037 4016 4027
3 4038 4037 4027
3 4039 4040 4041
3 4039 4041 4042
3 4043 4044 4045
3 4043 4046 4044
3 4047 4048 4049
3 4047 4050 4048
3 4047 4051 4050
3 4052 4053 4054
3 4052 4055 4053
3 4056 4057 4058
3 4052 4043 4055
3 4059 4058 4060
3 4061 4051 4047
3 4059 4056 4058
3 4062 4063 4057
3 4062 4057 4056
3 4061 4064 4051
3 4065 4052 4054
3 4066 4059 4060
3 4067 4068 4064
3 4067 4064 4061
3 4069 4070 4071
3 4069 4072 4070
3 4073 4074 4063
3 4073 4063 4062
3 4075 4065 4054
3 4076 4066 4060
3 4077 4065 4075
3 4078 4079 4074
3 4078 4074 4073
3 4080 4081 4082
3 4080 4068 4067
3 4083 4060 4084
3 4080 4082 4068
3 4083 4084 4085
3 4083 4076 4060
3 4086 4081 4080
3 4087 4088 4079
3 4087 4079 4078
3 4089 4083 4085
3 4090 4077 4075
3 4090 4091 4077
3 4092 4088 4087
3 4093 4089 4085
3 4094 4088 4092
3 4095 4094 4092
3 4096 4097 4098
3 4096 4098 4072
3 4096 4072 4069
3 4099 4093 4085
3 4100 4091 4090
3 4100 4101 4091
3 4102 4094 4095
3 4102 4095 4103
3 4104 4101 4100
3 4105 4102 4103
3 4104 4106 4101
3 4107 4108 4109
3 4110 4106 4104
3 4110 4111 4106
3 4110 4112 4111
3 4113 4102 4105
3 4114 4107 4109
3 4113 4105 4115
3 4116 4117 4112
3 4116 4112 4110
3 4118 4119 4117
3 4118 4120 4119
3 4118 4121 4120
3 4118 4122 4121
3 4118 4117 4116
3 4123 4081 4086
3 4114 4109 4124
3 4125 4126 4097
3 4125 4097 4096
3 4123 4127 4122
3 4128 4108 4107
3 4123 4129 4127
3 4123 4130 4129
3 4123 4086 4130
3 4128 4131 4108
3 4123 4122 4118
3 4123 4132 4081
3 4133 4113 4115
3 4133 4115 4134
3 4135 4099 4085
3 4136 4114 4124
3 4135 4137 4099
3 4135 4138 4137
3 4135 4139 4138
3 4140 4134 4141
3 4140 4133 4134
3 4142 4139 4135
3 4136 4143 4144
3 4136 4124 4143
3 4142 4145 4139
3 4146 4147 4148
3 4146 4141 4147
3 4146 4140 4141
3 4149 4131 4128
3 4149 4150 4131
3 4149 4151 4150
3 4152 4146 4148
3 4152 4148 4145
3 4152 4145 4142
3 4153 4136 4144
3 4154 4126 4125
3 4153 4144 4155
3 4156 4126 4154
3 4156 4157 4126
3 4158 4151 4149
3 4159 4157 4156
3 4159 4160 4157
3 4161 4153 4155
3 4161 4155 4162
3 4163 4160 4159
3 4164 4165 4160
3 4164 4160 4163
3 4166 4167 4161
3 4168 4169 4165
3 4166 4170 4171
3 4166 4172 4170
3 4166 4173 4172
3 4166 4174 4173
3 4166 4175 4174
3 4166 4176 4175
3 4166 4177 4176
3 4168 4165 4164
3 4166 4178 4177
3 4166 4161 4162
3 4166 4179 4178
3 4166 4180 4179
3 4166 4181 4180
3 4166 4182 4181
3 4166 4183 4182
3 4166 4184 4183
3 4166 4185 4184
3 4166 4162 4185
3 4186 4158 4187
3 4186 4151 4158
3 4186 4188 4151
3 4189 4188 4186
3 4190 4169 4168
3 4189 4191 4188
3 4192 4166 4171
3 4193 4167 4166
3 4194 4195 4169
3 4196 4191 4189
3 4196 4197 4191
3 4194 4169 4190
3 4198 4197 4196
3 4198 4199 4197
3 4200 4199 4198
3 4201 4202 4195
3 4200 4203 4199
3 4204 4203 4200
3 4204 4205 4203
3 4201 4195 4194
3 4068 4206 4064
3 4207 4208 4205
3 4207 4205 4204
3 4209 4210 4208
3 4209 4211 4210
3 4209 4208 4207
3 4212 4202 4201
3 4213 4211 4209
3 4213 4214 4211
3 4215 4216 4202
3 4217 4218 4214
3 4215 4202 4212
3 4217 4214 4213
3 4219 4216 4215
3 4219 4220 4216
3 4221 4222 4218
3 4221 4218 4217
3 4223 4224 4220
3 4225 4226 4222
3 4223 4220 4219
3 4225 4222 4221
3 4081 4227 4228
3 4081 4228 4082
3 4229 4224 4223
3 4230 4231 4226
3 4230 4226 4225
3 4232 4233 4224
3 4234 4235 4231
3 4234 4231 4230
3 4232 4224 4229
3 4236 4237 4235
3 4238 4239 4233
3 4236 4235 4234
3 4238 4233 4232
3 4240 4241 4242
3 4243 4240 4242
3 4244 4245 4237
3 4246 4241 4240
3 4244 4237 4236
3 4247 4243 4242
3 4247 4242 4081
3 4248 4249 4245
3 4250 4241 4246
3 4248 4251 4249
3 4248 4245 4244
3 4252 4247 4081
3 4253 4254 4251
3 4255 4241 4250
3 4253 4251 4248
3 4256 4252 4081
3 4257 4258 4241
3 4259 4260 4254
3 4259 4254 4253
3 4257 4241 4255
3 4261 4239 4238
3 4262 4256 4081
3 4263 4258 4257
3 4264 4260 4259
3 4265 4258 4263
3 4264 4259 4266
3 4267 4268 4260
3 4269 4262 4081
3 4267 4260 4264
3 4270 4265 4263
3 4271 4239 4261
3 4272 4273 4268
3 4271 4274 4239
3 4271 4275 4274
3 4272 4268 4267
3 4271 4048 4275
3 4276 4277 4273
3 4276 4273 4272
3 4278 4277 4276
3 4279 4265 4270
3 4279 4270 4280
3 4281 4277 4278
3 4282 4277 4281
3 4283 4282 4281
3 4284 4285 4286
3 4284 4287 4285
3 4284 4288 4287
3 4284 4289 4288
3 4284 4290 4289
3 4284 4291 4290
3 4284 4292 4291
3 4284 4293 4292
3 4284 4294 4293
3 4284 4295 4294
3 4284 4296 4295
3 4284 4297 4296
3 4284 4298 4297
3 4284 4299 4298
3 4284 4192 4299
3 4284 4166 4192
3 4300 4279 4280
3 4300 4301 4302
3 4300 4280 4301
3 4303 4284 4286
3 4304 4282 4283
3 4305 4284 4303
3 4306 4284 4305
3 4084 4304 4283
3 4084 4307 4304
3 4084 4308 4307
3 4084 4283 4309
3 4310 4284 4306
3 4132 4269 4081
3 4311 4312 4284
3 4132 4313 4269
3 4132 4314 4313
3 4132 4315 4314
3 4316 4308 4084
3 4317 4311 4284
3 4318 4300 4302
3 4318 4302 4319
3 4320 4317 4284
3 4321 4284 4310
3 4321 4320 4284
3 4322 4315 4132
3 4321 4323 4320
3 4322 4324 4315
3 4325 4316 4084
3 4326 4319 4327
3 4326 4318 4319
3 4328 4323 4321
3 4329 4330 4324
3 4329 4324 4322
3 4331 4326 4327
3 4060 4325 4084
3 4331 4332 4333
3 4331 4327 4332
3 4334 4331 4333
3 4334 4333 4330
3 4334 4330 4329
3 4046 4271 4044
3 4097 4335 4098
3 4046 4336 4271
3 4071 4323 4328
3 4049 4048 4271
3 4049 4271 4336
3 4071 4070 4323
3 4043 4045 4055
3 4337 4338 4339
3 4340 4337 4339
3 4340 4339 4341
3 4342 4340 4341
3 3340 4342 4341
3 3340 4341 3339
3 3229 3228 4343
3 4344 3229 4343
3 4345 4344 4343
3 4346 4345 4347
3 4345 4343 4347
3 4346 4347 4348
3 4349 4346 4350
3 4346 4348 4350
3 4351 4349 4352
3 4353 4351 4352
3 4349 4350 4352
3 4353 4352 4354
3 4355 4353 4356
3 4353 4354 4356
3 4357 4355 4358
3 4355 4356 4358
3 4359 4357 4360
3 4357 4358 4360
3 4361 4359 4362
3 4359 4360 4362
3 4363 4361 4364
3 4361 4362 4364
3 4365 4363 4366
3 4363 4364 4366
3 4367 4365 4368
3 4365 4366 4368
3 4367 4368 4369
3 4370 4367 4369
3 4370 4369 4371
3 4372 4370 4371
3 4372 4371 4373
3 4374 4372 4373
3 4374 4373 4338
3 4337 4374 4338
3 4375 4376 4377
3 4378 4375 4377
3 4379 4380 4381
3 4380 4382 4381
3 4381 4382 4383
3 4384 4385 4386
3 4387 4384 4386
3 4383 4388 4389
3 4390 4387 4386
3 4381 4383 4389
3 4391 4390 4386
3 4392 4393 4394
3 4395 4392 4394
3 4396 4395 4394
3 4397 4398 4399
3 4388 4397 4399
3 4400 4391 4401
3 4389 4388 4399
3 4391 4386 4401
3 4402 4400 4403
3 4393 4402 4403
3 4394 4393 4403
3 4399 4398 4404
3 4398 4405 4404
3 4400 4401 4403
3 4406 4407 4408
3 4401 4409 4410
3 4378 4377 4411
3 4405 4378 4411
3 4403 4401 4410
3 4404 4405 4411
3 4406 4408 4412
3 4377 4406 4413
3 4410 4409 4414
3 4411 4377 4413
3 4414 4409 4415
3 4409 4416 4415
3 4413 4406 4417
3 4417 4406 4418
3 4419 4420 4421
3 4412 4422 4418
3 4406 4412 4418
3 4415 4416 4423
3 4422 4424 4425
3 4418 4422 4425
3 4416 4419 4423
3 4419 4421 4426
3 4423 4419 4426
3 4424 4427 4428
3 4423 4426 4429
3 4425 4424 4428
3 4428 4427 4430
3 4423 4429 4431
3 4431 4429 4432
3 4431 4432 4433
3 4432 4434 4433
3 4433 4434 4379
3 4434 4435 4379
3 4379 4435 4380
3 4436 4437 4438
3 4436 4438 4439
3 4440 4441 4442
3 4440 4443 4441
3 4444 4445 4446
3 4444 4447 4445
3 4448 4449 4450
3 4448 4450 4451
3 4448 4451 4452
3 4453 4454 4455
3 4456 4448 4452
3 4457 4455 4458
3 4457 4453 4455
3 4459 4458 4460
3 4459 4457 4458
3 4461 4460 4462
3 4461 4459 4460
3 4463 4462 4464
3 4463 4461 4462
3 4465 4464 4466
3 4465 4463 4464
3 4467 4468 4469
3 4470 4465 4466
3 4471 4469 4472
3 4471 4467 4469
3 4473 4472 4441
3 4473 4471 4472
3 4474 4473 4441
3 4475 4476 4477
3 4478 4476 4475
3 4479 4480 4481
3 4479 4481 4482
3 4483 4484 4485
3 4483 4486 4484
3 4487 4485 4488
3 4487 4483 4485
3 4489 4488 4490
3 4489 4487 4488
3 4491 4490 4492
3 4491 4489 4490
3 4493 4492 4494
3 4495 4496 4497
3 4493 4491 4492
3 4498 4497 4499
3 4498 4495 4497
3 4500 4499 4501
3 4500 4498 4499
3 4502 4500 4501
3 4503 4504 4505
3 4506 4503 4505
3 4507 4508 4509
3 4507 4509 4510
3 4507 4510 4511
3 4512 4507 4511
3 4513 4512 4511
3 4514 4515 4516
3 4515 4517 4516
3 4513 4511 4518
3 4513 4518 4519
3 4520 4514 4521
3 4522 4513 4519
3 4523 4522 4519
3 4514 4516 4521
3 4523 4519 4524
3 4525 4523 4524
3 4525 4524 4526
3 4527 4520 4528
3 4520 4521 4528
3 4529 4527 4530
3 4527 4528 4530
3 4531 4529 4532
3 4529 4530 4532
3 4533 4531 4534
3 4531 4532 4534
3 4535 4533 4536
3 4533 4534 4536
3 4537 4535 4538
3 4535 4536 4538
3 4539 4537 4540
3 4537 4538 4540
3 4541 4539 4542
3 4539 4540 4542
3 4543 4541 4544
3 4541 4542 4544
3 4545 4543 4546
3 4543 4544 4546
3 4547 4545 4548
3 4545 4546 4548
3 4549 4547 4550
3 4547 4548 4550
3 4551 4549 4552
3 4549 4550 4552
3 4553 4551 4554
3 4551 4552 4554
3 4555 4553 4556
3 4553 4554 4556
3 4557 4555 4558
3 4555 4556 4558
3 4559 4557 4560
3 4557 4558 4560
3 4561 4559 4562
3 4559 4560 4562
3 4563 4561 4564
3 4561 4562 4564
3 4565 4563 4566
3 4563 4564 4566
3 4567 4565 4568
3 4565 4566 4568
3 4567 4568 4569
3 4570 4567 4569
3 4570 4569 4571
3 4572 4570 4571
3 4572 4571 4573
3 4574 4572 4573
3 4574 4573 4575
3 4576 4574 4575
3 4576 4575 4577
3 4578 4576 4577
3 4578 4577 4579
3 4580 4578 4579
3 4581 4582 4583
3 4584 4581 4583
3 4584 4583 4585
3 4586 4584 4585
3 4586 4585 4587
3 4588 4586 4587
3 4589 4588 4590
3 4588 4587 4590
3 4591 4589 4592
3 4589 4590 4592
3 4593 4591 4594
3 4591 4592 4594
3 4595 4593 4596
3 4593 4594 4596
3 4597 4595 4598
3 4595 4596 4598
3 4599 4597 4600
3 4597 4598 4600
3 4601 4599 4602
3 4599 4600 4602
3 4603 4601 4604
3 4601 4602 4604
3 4605 4603 4606
3 4607 4605 4606
3 4603 4604 4606
3 4607 4606 4608
3 4609 4607 4610
3 4607 4608 4610
3 4611 4609 4612
3 4609 4610 4612
3 4613 4611 4614
3 4611 4612 4614
3 4615 4613 4616
3 4613 4614 4616
3 4617 4615 4618
3 4615 4616 4618
3 4619 4617 4620
3 4617 4618 4620
3 4621 4619 4622
3 4619 4620 4622
3 4621 4622 4623
3 4624 4621 4623
3 4624 4623 4625
3 4626 4624 4625
3 4626 4625 4627
3 4628 4626 4627
3 4628 4627 4629
3 4630 4628 4629
3 4630 4629 4631
3 4632 4630 4631
3 4632 4631 4633
3 4634 4632 4633
3 4634 4633 4635
3 4636 4634 4635
3 4636 4635 4637
3 4638 4636 4637
3 4638 4637 4639
3 4640 4638 4639
3 4640 4639 4641
3 4642 4640 4641
3 4643 4642 4641
3 4643 4641 4644
3 4643 4644 4645
3 4646 4643 4645
3 4647 4646 4645
3 4647 4645 4648
3 4647 4648 4649
3 4650 4647 4649
3 4651 4650 4649
3 4651 4649 4652
3 4653 4651 4654
3 4651 4652 4654
3 4655 4653 4654
3 4655 4654 4656
3 4657 4658 4659
3 4660 4657 4659
3 4661 4660 4659
3 4661 4659 4662
3 4663 4661 4664
3 4665 4663 4664
3 4661 4662 4664
3 4665 4664 4666
3 4667 4665 4668
3 4669 4667 4668
3 4665 4666 4668
3 4669 4668 4670
3 4671 4669 4672
3 4673 4671 4672
3 4669 4670 4672
3 4673 4672 4674
3 4673 4674 4675
3 4676 4673 4675
3 4677 4676 4675
3 4677 4675 4678
3 4677 4678 4679
3 4680 4677 4679
3 4681 4680 4679
3 4681 4679 4682
3 4681 4682 4683
3 4684 4681 4683
3 4685 4684 4683
3 4685 4683 4686
3 4685 4686 4687
3 4688 4685 4687
3 4689 4688 4687
3 4689 4687 4690
3 4689 4690 4691
3 4692 4689 4691
3 4692 4691 4693
3 4694 4692 4693
3 4695 4694 4693
3 4695 4693 4696
3 4695 4696 4697
3 4698 4695 4697
3 4699 4698 4697
3 4699 4697 4700
3 4699 4700 4701
3 4702 4699 4701
3 4703 4702 4701
3 4703 4701 4704
3 4703 4704 4705
3 4706 4703 4705
3 4707 4706 4705
3 4707 4705 4708
3 4707 4708 4709
3 4710 4707 4709
3 4711 4710 4709
3 4711 4709 4712
3 4711 4712 4509
3 4508 4711 4509
3 4713 4714 4715
3 4716 4714 4713
3 4717 4718 4719
3 4720 4717 4719
3 4721 4719 4722
3 4723 4724 4725
3 4721 4720 4719
3 4726 4723 4725
3 4727 4725 4728
3 4727 4726 4725
3 4729 4728 4730
3 4729 4730 4731
3 4729 4727 4728
3 4732 4729 4731
3 4733 4731 4734
3 4733 4734 4735
3 4733 4732 4731
3 4736 4733 4735
3 4737 4738 4739
3 4737 4740 4738
3 4741 4737 4742
3 4741 4740 4737
3 4743 4736 4735
3 4744 4736 4743
3 4745 4746 4747
3 4745 4747 4748
3 4749 4745 4748
3 4749 4748 4750
3 4749 4750 4751
3 4752 4749 4751
3 4753 4752 4751
3 4753 4751 4754
3 4755 4753 4754
3 4755 4754 4756
3 4757 4755 4756
3 4757 4756 4758
3 4759 4760 4761
3 4762 4759 4761
3 4762 4761 4763
3 4764 4762 4763
3 4765 4764 4763
3 4765 4763 4766
3 4765 4766 4767
3 4768 4765 4767
3 4769 4767 4770
3 4769 4768 4767
3 4771 4770 4772
3 4771 4769 4770
3 4773 4772 4774
3 4773 4771 4772
3 4775 4774 4776
3 4775 4776 4777
3 4775 4773 4774
3 4778 4775 4777
3 4779 4777 4780
3 4779 4780 4781
3 4779 4778 4777
3 4782 4779 4781
3 4783 4782 4781
3 4783 4781 4784
3 4783 4784 4785
3 4786 4783 4785
3 4787 4786 4785
3 4787 4785 4788
3 4789 4787 4788
3 4789 4788 4790
3 4791 4792 4793
3 4791 4793 4794
3 4795 4791 4794
3 4795 4794 4796
3 4797 4795 4796
3 4797 4796 4798
3 4799 4797 4798
3 4799 4798 4800
3 4801 4799 4800
3 4801 4800 4802
3 4803 4801 4802
3 4803 4802 4804
3 4805 4803 4804
3 4805 4804 4806
3 4807 4805 4806
3 4807 4806 4808
3 4807 4808 4809
3 4810 4807 4809
3 4811 4810 4809
3 4811 4809 4812
3 4813 4811 4812
3 4813 4812 4814
3 4815 4813 4814
3 4815 4814 4816
3 4817 4815 4816
3 4817 4816 4818
3 4819 4817 4818
3 4819 4818 4820
3 4821 4820 4822
3 4821 4819 4820
3 4823 4822 4824
3 4823 4821 4822
3 4825 4824 4826
3 4825 4823 4824
3 4827 4828 4829
3 4827 4830 4828
3 4831 4829 4832
3 4831 4827 4829
3 4833 4832 4834
3 4833 4831 4832
3 4835 4833 4834
3 4835 4834 4836
3 4835 4836 4837
3 4838 4835 4837
3 4839 4837 4840
3 4839 4840 4841
3 4839 4838 4837
3 4842 4841 4843
3 4842 4839 4841
3 4844 4842 4843
3 4845 4843 4846
3 4845 4844 4843
3 4847 4846 4848
3 4847 4845 4846
3 4849 4848 4850
3 4849 4847 4848
3 4851 4850 4852
3 4851 4849 4850
3 4853 4852 4854
3 4853 4851 4852
3 4855 4854 4856
3 4855 4853 4854
3 4857 4856 4858
3 4857 4855 4856
3 4859 4858 4860
3 4861 4862 4863
3 4859 4857 4858
3 4864 4863 4865
3 4864 4861 4863
3 4866 4864 4865
3 4867 4865 4868
3 4867 4866 4865
3 4869 4868 4870
3 4869 4870 4871
3 4869 4867 4868
3 4872 4869 4871
3 4873 4871 4874
3 4873 4872 4871
3 4875 4874 4876
3 4875 4873 4874
3 4877 4876 4878
3 4877 4875 4876
3 4879 4878 4880
3 4879 4877 4878
3 4746 4880 4747
3 4746 4879 4880
3 4881 4882 4883
3 4882 4884 4883
3 4885 4881 4886
3 4881 4883 4886
3 4887 4888 4889
3 4888 4890 4889
3 4891 4887 4892
3 4887 4889 4892
3 4892 4889 4893
3 4894 4892 4895
3 4892 4893 4895
3 4896 4894 4897
3 4894 4895 4897
3 4898 4896 4899
3 4896 4897 4899
3 4900 4898 4901
3 4898 4899 4901
3 4902 4900 4903
3 4900 4901 4903
3 4904 4905 4906
3 4905 4907 4906
3 4908 4909 4910
3 4908 4910 4911
3 4912 4913 4914
3 4912 4914 4915
3 4916 4912 4917
3 4912 4915 4917
3 4918 4916 4919
3 4916 4917 4919
3 4444 4920 4447
3 4444 4921 4920
3 4444 4922 4921
3 4444 4923 4922
3 4924 4925 4447
3 4444 4926 4923
3 4924 4927 4925
3 4928 4926 4444
3 4929 4924 4447
3 4930 4928 4444
3 4931 4925 4927
3 4932 4930 4444
3 4933 4929 4447
3 4934 4925 4931
3 4935 4932 4444
3 4936 4933 4447
3 4937 4935 4444
3 4938 4925 4934
3 4939 4937 4444
3 4940 4936 4447
3 4941 4939 4444
3 4942 4925 4938
3 4943 4940 4447
3 4944 4941 4444
3 4944 4444 4945
3 4946 4925 4942
3 4947 4944 4945
3 4948 4947 4945
3 4949 4943 4447
3 4950 4948 4945
3 4951 4925 4946
3 4952 4950 4945
3 4953 4949 4447
3 4954 4952 4945
3 4955 4954 4945
3 4956 4953 4447
3 4957 4955 4945
3 4958 4959 4960
3 4958 4951 4959
3 4958 4925 4951
3 4961 4956 4447
3 4962 4958 4960
3 4963 4961 4447
3 4964 4958 4962
3 4965 4963 4447
3 4966 4967 4957
3 4966 4968 4967
3 4966 4969 4968
3 4970 4958 4964
3 4966 4971 4969
3 4966 4972 4971
3 4966 4957 4945
3 4966 4973 4972
3 4920 4965 4447
3 4974 4958 4970
3 4975 4976 4977
3 4978 4975 4979
3 4975 4977 4979
3 4980 4978 4981
3 4978 4979 4981
3 4982 4980 4983
3 4980 4981 4983
3 4984 4982 4985
3 4982 4983 4985
3 4986 4984 4987
3 4984 4985 4987
3 4988 4989 4990
3 4986 4987 4991
3 4992 4988 4993
3 4988 4990 4993
3 4994 4992 4995
3 4992 4993 4995
3 4996 4994 4997
3 4994 4995 4997
3 4998 4996 4999
3 4996 4997 4999
3 5000 4998 5001
3 4998 4999 5001
3 5002 5003 5004
3 5000 5001 5005
3 5006 5002 5007
3 5002 5004 5007
3 5008 5006 5009
3 5006 5007 5009
3 5010 5008 5011
3 5008 5009 5011
3 5010 5011 5012
3 5013 5014 5015
3 5016 5013 5015
3 5016 5015 5017
3 5018 5016 5017
3 5018 5017 5019
3 5018 5019 5020
3 5021 5018 5020
3 5021 5020 5022
3 5023 5021 5022
3 5023 5022 5024
3 5025 5023 5024
3 5025 5024 5026
3 5027 5025 5026
3 5027 5026 5028
3 5029 5027 5028
3 5029 5028 5030
3 5031 5029 5030
3 5031 5030 5032
3 5031 5032 5033
3 5034 5031 5033
3 5035 5034 5033
3 5036 5035 5033
3 5037 5036 5033
3 5033 5032 5038
3 5039 5040 5041
3 5033 5038 5042
3 5043 5039 5044
3 5039 5041 5044
3 5045 5043 5046
3 5043 5044 5046
3 5047 5045 5048
3 5045 5046 5048
3 5047 5048 5049
3 5050 5047 5049
3 5050 5049 5051
3 5052 5050 5051
3 5052 5051 5053
3 5054 5052 5053
3 5054 5053 5055
3 5056 5054 5055
3 5056 5055 5057
3 5058 5056 5057
3 5058 5057 5059
3 5060 5058 5059
3 5061 5060 5062
3 5060 5059 5062
3 5061 5062 5063
3 5061 5063 5064
3 5064 5063 5065
3 5064 5065 5066
3 5066 5065 5067
3 5066 5067 5068
3 5069 5066 5068
3 5069 5068 5070
3 5071 5069 5070
3 5071 5070 5072
3 5073 5071 5072
3 5073 5072 5074
3 5075 5073 5074
3 5075 5074 5076
3 5077 5075 5076
3 5077 5076 5078
3 5079 5077 5078
3 5079 5078 5080
3 5081 5079 5080
3 5081 5080 5082
3 5083 5081 5082
3 5083 5082 5084
3 5085 5083 5084
3 5085 5084 5086
3 5087 5085 5086
3 5087 5086 5088
3 5089 5087 5088
3 5089 5088 5090
3 5091 5089 5090
3 5092 5093 5094
3 5095 5092 5094
3 5096 5095 5094
3 5096 5094 5097
3 5091 5090 5098
3 5099 5091 5098
3 5094 5100 5101
3 5097 5094 5102
3 5094 5101 5102
3 5103 5097 5104
3 5097 5102 5104
3 5105 5103 5106
3 5103 5104 5106
3 5107 5105 5108
3 5105 5106 5108
3 5109 5107 5110
3 5107 5108 5110
3 5111 5109 5112
3 5109 5110 5112
3 5113 5111 5114
3 5111 5112 5114
3 5113 5114 5115
3 5113 5115 5116
3 5117 5113 5116
3 5117 5116 5118
3 5119 5117 5118
3 5119 5118 5120
3 5121 5122 5123
3 5122 5124 5123
3 5125 5126 5127
3 5126 5121 5127
3 5121 5123 5127
3 5125 5127 5128
3 5129 5130 5131
3 5132 5133 5131
3 5130 5132 5131
3 5134 5135 5136
3 5136 5135 5137
3 5136 5137 5138
3 5138 5137 5139
3 5138 5139 5140
3 5140 5139 5141
3 5142 5143 5144
3 5144 5143 5145
3 5144 5145 5146
3 5146 5145 5147
3 5148 5149 5150
3 5146 5147 5150
3 5148 5150 5151
3 5150 5147 5152
3 5153 5151 5154
3 5151 5150 5154
3 5150 5152 5154
3 5155 5153 5156
3 5157 5155 5156
3 5153 5154 5156
3 5158 5157 5159
3 5160 5158 5159
3 5157 5156 5159
3 5161 5162 5163
3 5160 5159 5164
3 5165 5166 5167
3 5168 5169 5165
3 5168 5165 5167
3 5170 5167 5171
3 5170 5168 5167
3 5172 5171 5173
3 5172 5170 5171
3 5174 5173 5175
3 5174 5172 5173
3 5176 5175 5177
3 5176 5177 5178
3 5176 5174 5175
3 5179 5176 5178
3 5180 5178 5181
3 5180 5179 5178
3 5182 5181 5183
3 5182 5180 5181
3 5184 5183 5185
3 5184 5182 5183
3 5186 5185 5187
3 5186 5184 5185
3 5188 5187 5189
3 5188 5186 5187
3 5190 5191 5192
3 5190 5192 5193
3 5190 5194 5191
3 5195 5190 5193
3 5196 5193 5197
3 5196 5195 5193
3 5198 5196 5197
3 5198 5197 5199
3 5200 5198 5199
3 5200 5199 5201
3 5202 5203 5204
3 5202 5204 5205
3 5206 5207 5208
3 5209 5206 5208
3 5210 5209 5211
3 5209 5208 5211
3 5212 5210 5213
3 5214 5212 5213
3 5210 5211 5213
3 5214 5213 5215
3 5216 5214 5217
3 5218 5216 5217
3 5214 5215 5217
3 5218 5217 5219
3 5220 5218 5221
3 5218 5219 5221
3 5222 5220 5223
3 5220 5221 5223
3 5224 5222 5225
3 5226 5224 5225
3 5222 5223 5225
3 5226 5225 5227
3 5228 5226 5229
3 5226 5227 5229
3 5230 5228 5231
3 5232 5230 5231
3 5228 5229 5231
3 5232 5231 5233
3 5234 5232 5235
3 5236 5234 5235
3 5232 5233 5235
3 5237 5236 5238
3 5236 5235 5238
3 5237 5238 5239
3 5240 5241 5242
3 5240 5242 5243
3 5241 5240 4437
3 4437 5240 5244
3 5244 5245 4438
3 4437 5244 4438
3 5246 5207 5206
3 5246 5206 5247
3 5248 5249 5250
3 5249 5251 5250
3 5250 5251 5252
3 5253 5254 5255
3 5253 5255 5256
3 5257 5256 5258
3 5257 5253 5256
3 5259 5258 5260
3 5259 5257 5258
3 5261 5260 5262
3 5261 5259 5260
3 5263 5262 5264
3 5263 5261 5262
3 5265 5266 5267
3 5265 5268 5266
3 5248 5269 5270
3 5271 5267 5269
3 5271 5265 5267
3 5271 5269 5248
3 5250 5271 5248
3 5272 5273 5274
3 5275 5272 5274
3 5276 5275 5274
3 5276 5274 5277
3 5276 5277 5278
3 5279 5276 5278
3 5255 5254 5280
3 5281 5255 5280
3 5282 5281 5283
3 5284 5282 5283
3 5281 5280 5283
3 5284 5283 5285
3 5286 5284 5287
3 5284 5285 5287
3 5288 5286 5289
3 5290 5288 5289
3 5286 5287 5289
3 5291 5290 5292
3 5290 5289 5292
3 5291 5292 5293
3 5294 5291 5295
3 5291 5293 5295
3 5296 5294 5297
3 5298 5296 5297
3 5294 5295 5297
3 5299 5298 5300
3 5298 5297 5300
3 5299 5300 5301
3 5302 5299 5303
3 5299 5301 5303
3 5304 5302 5305
3 5306 5304 5305
3 5302 5303 5305
3 5306 5305 5307
3 5308 5306 5307
3 5308 5307 5309
3 5308 5309 5310
3 5311 5308 5310
3 5311 5310 5273
3 5272 5311 5273
3 5279 5278 5312
3 5313 5279 5312
3 5314 5315 5316
3 5317 5314 5316
3 5318 5317 5316
3 5319 5318 5320
3 5318 5316 5320
3 5321 5319 5322
3 5319 5320 5322
3 5323 5321 5324
3 5321 5322 5324
3 5325 5323 5326
3 5323 5324 5326
3 5325 5326 5327
3 5328 5325 5329
3 5325 5327 5329
3 5330 5328 5331
3 5332 5330 5331
3 5328 5329 5331
3 5333 5332 5334
3 5332 5331 5334
3 5333 5334 5335
3 5336 5333 5337
3 5338 5336 5337
3 5333 5335 5337
3 5338 5337 5339
3 5340 5338 5341
3 5338 5339 5341
3 5342 4474 4441
3 4441 4443 5343
3 5342 4441 5343
3 5344 5342 5345
3 5342 5343 5345
3 5346 5344 5347
3 5344 5345 5347
3 5348 5349 5350
3 5349 5351 5350
3 5352 5348 5353
3 5348 5350 5353
3 5354 5352 5355
3 5352 5353 5355
3 5356 5354 5357
3 5358 5356 5357
3 5354 5355 5357
3 5358 5357 5359
3 5360 5358 5361
3 5358 5359 5361
3 5362 5363 5364
3 5363 5365 5364
3 4714 5362 4715
3 5362 5364 4715
3 4715 5364 5366
3 5367 5368 5369
3 5370 5367 5369
3 5370 5369 5371
3 5372 5373 5371
3 5373 5370 5371
3 5372 5371 5374
3 5340 5341 5375
3 5376 5340 5375
3 5377 5376 5378
3 5376 5375 5378
3 5379 5377 5380
3 5381 5379 5380
3 5377 5378 5380
3 5381 5380 5382
3 5383 5381 5384
3 5385 5383 5384
3 5381 5382 5384
3 5386 5385 5387
3 5385 5384 5387
3 5388 5386 5389
3 5386 5387 5389
3 5390 5388 5391
3 5388 5389 5391
3 5392 5390 5393
3 5390 5391 5393
3 5394 5392 5395
3 5392 5393 5395
3 5396 5394 5397
3 5394 5395 5397
3 5396 5397 5398
3 5399 5396 5400
3 5401 5399 5400
3 5396 5398 5400
3 5402 5401 5403
3 5401 5400 5403
3 5402 5403 5404
3 5405 5402 5406
3 5407 5405 5406
3 5402 5404 5406
3 5408 5407 5409
3 5407 5406 5409
3 5408 5409 5410
3 5411 5408 5412
3 5413 5411 5412
3 5408 5410 5412
3 5413 5412 5414
3 5415 5413 5416
3 5417 5415 5416
3 5413 5414 5416
3 5417 5416 5418
3 5419 5417 5420
3 5421 5419 5420
3 5417 5418 5420
3 5421 5420 5422
3 5423 5421 5422
3 5423 5422 5424
3 5423 5424 5425
3 5426 5423 5425
3 5427 5426 5425
3 5427 5425 5428
3 5427 5428 5429
3 5430 5427 5429
3 5430 5429 5431
3 5432 5430 5431
3 5432 5431 5433
3 5434 5432 5433
3 5434 5433 5435
3 5436 5434 5435
3 5437 5438 5439
3 5440 5437 5441
3 5437 5439 5441
3 5440 5441 5442
3 5443 5440 5444
3 5440 5442 5444
3 5445 5443 5446
3 5447 5445 5446
3 5443 5444 5446
3 5448 5447 5449
3 5447 5446 5449
3 5448 5449 5450
3 5451 5448 5452
3 5448 5450 5452
3 5453 5451 5454
3 5451 5452 5454
3 5455 5453 5456
3 5457 5455 5456
3 5453 5454 5456
3 5457 5456 5458
3 5459 5457 5460
3 5457 5458 5460
3 5461 5459 5462
3 5459 5460 5462
3 5463 5461 5464
3 5465 5463 5464
3 5461 5462 5464
3 5465 5464 5466
3 5467 5465 5468
3 5465 5466 5468
3 5469 5467 5470
3 5467 5468 5470
3 5471 5469 5472
3 5473 5471 5472
3 5469 5470 5472
3 5473 5472 5474
3 5473 5474 5475
3 5476 5473 5475
3 5477 5476 5475
3 5477 5475 5478
3 5479 5477 5478
3 5479 5478 5480
3 5479 5480 5481
3 5482 5479 5481
3 5482 5481 5483
3 5484 5482 5483
3 5484 5483 5485
3 5486 5484 5485
3 5487 5486 5485
3 5487 5485 5488
3 5489 5487 5488
3 5489 5488 5490
3 5491 5489 5490
3 5491 5490 5492
3 5491 5492 5493
3 5494 5491 5493
3 5495 5494 5493
3 5495 5493 5496
3 5495 5496 5497
3 5498 5495 5497
3 5498 5497 5499
3 5500 5498 5499
3 5501 5500 5499
3 5501 5499 5502
3 5503 5501 5502
3 5503 5502 5504
3 5505 5503 5504
3 5505 5504 5506
3 5507 5505 5506
3 5507 5506 5508
3 5509 5510 5511
3 5512 5509 5511
3 5513 5512 5511
3 5513 5511 5514
3 5515 5513 5516
3 5513 5514 5516
3 5517 5515 5518
3 5519 5517 5518
3 5515 5516 5518
3 5520 5519 5521
3 5519 5518 5521
3 5522 5520 5523
3 5520 5521 5523
3 5524 5522 5525
3 5522 5523 5525
3 5524 5525 5526
3 5524 5526 5527
3 5528 5524 5527
3 5528 5527 5529
3 5530 5528 5529
3 5531 5530 5529
3 5531 5529 5532
3 5531 5532 5533
3 5534 5531 5533
3 5535 5534 5533
3 5535 5533 5536
3 5537 5535 5536
3 5537 5536 5538
3 5537 5538 5539
3 5540 5537 5539
3 5540 5539 5541
3 5542 5540 5541
3 5542 5541 5543
3 5544 5542 5543
3 5544 5543 5545
3 5546 5544 5545
3 5547 5546 5545
3 5547 5545 5548
3 5549 5547 5548
3 5549 5548 5550
3 5549 5550 5551
3 5552 5549 5551
3 5553 5552 5551
3 5553 5551 5554
3 5553 5554 5555
3 5556 5553 5555
3 5556 5555 5557
3 5558 5556 5557
3 5559 5558 5557
3 5559 5557 5560
3 5561 5559 5560
3 5561 5560 5562
3 5563 5561 5562
3 5563 5562 5564
3 5565 5563 5564
3 5565 5564 5566
3 5565 5566 5567
3 5568 5565 5567
3 5569 5568 5567
3 5569 5567 5570
3 5569 5570 5368
3 5367 5569 5368
3 5571 5572 5573
3 5574 5575 5576
3 5571 5573 5577
3 5578 5574 5579
3 5574 5576 5579
3 5580 5578 5581
3 5578 5579 5581
3 5582 5580 5583
3 5580 5581 5583
3 5584 5582 5585
3 5582 5583 5585
3 5586 5584 5587
3 5584 5585 5587
3 5588 5589 5590
3 5586 5587 5591
3 5592 5588 5593
3 5588 5590 5593
3 5594 5592 5595
3 5592 5593 5595
3 5596 5594 5597
3 5594 5595 5597
3 5598 5596 5599
3 5596 5597 5599
3 5600 5598 5601
3 5598 5599 5601
3 5602 5600 5603
3 5600 5601 5603
3 5602 5603 5604
3 5605 5606 4475
3 5606 5607 4475
3 4475 5607 4478
3 5608 5609 5610
3 5611 5608 5610
3 5611 5610 5612
3 5613 5611 5612
3 5613 5612 4891
3 4892 5613 4891
3 5150 5149 5614
3 5615 5150 5614
3 5616 5615 5617
3 5615 5614 5617
3 5618 5616 5619
3 5616 5617 5619
3 5620 5618 5621
3 5618 5619 5621
3 5622 5620 5623
3 5620 5621 5623
3 5624 5622 5625
3 5626 5624 5625
3 5622 5623 5625
3 5626 5625 5627
3 5628 5626 5629
3 5626 5627 5629
3 5630 5628 5631
3 5632 5630 5631
3 5628 5629 5631
3 5632 5631 5633
3 5634 5632 5635
3 5632 5633 5635
3 5636 5634 5637
3 5634 5635 5637
3 5638 5636 5639
3 5636 5637 5639
3 5638 5639 5640
3 5641 5638 5640
3 5641 5640 5642
3 5643 5641 5642
3 5644 5643 5642
3 5644 5642 5645
3 5644 5645 5609
3 5608 5644 5609
3 5646 5647 5648
3 5649 5646 5648
3 5649 5648 5650
3 5651 5649 5650
3 5652 5653 5654
3 5652 5654 5655
3 5656 5657 5658
3 5659 5656 5658
3 5657 5660 5658
3 5652 5655 5661
3 5662 5652 5661
3 5663 5664 5665
3 5659 5658 5666
3 5662 5661 5667
3 5668 5662 5667
3 5669 5663 5670
3 5663 5665 5670
3 5657 5668 5660
3 5668 5667 5660
3 5669 5670 5671
3 5672 5669 5673
3 5674 5672 5673
3 5669 5671 5673
3 5675 5674 5676
3 5674 5673 5676
3 5675 5676 5677
3 5678 5675 5679
3 5680 5678 5679
3 5675 5677 5679
3 5680 5679 5681
3 5682 5683 5684
3 5683 5685 5684
3 5686 5682 5687
3 5688 5686 5687
3 5682 5684 5687
3 5688 5687 5689
3 5688 5689 5690
3 5691 5688 5690
3 5691 5690 5692
3 5693 5691 5692
3 5694 5693 5692
3 5694 5692 5695
3 5696 5697 5698
3 5699 5696 5698
3 5699 5698 5700
3 5701 5699 5700
3 5702 5701 5700
3 5702 5700 5703
3 5702 5703 5647
3 5646 5702 5647
3 5704 5705 5706
3 5707 5704 5706
3 5707 5706 5708
3 5709 5707 5708
3 5710 5711 5712
3 5710 5712 5713
3 5714 5715 5716
3 5717 5714 5716
3 5715 5718 5716
3 5710 5713 5719
3 5720 5710 5719
3 5721 5722 5723
3 5717 5716 5724
3 5720 5719 5725
3 5726 5720 5725
3 5727 5721 5728
3 5721 5723 5728
3 5715 5726 5718
3 5726 5725 5718
3 5727 5728 5729
3 5730 5727 5731
3 5732 5730 5731
3 5727 5729 5731
3 5733 5732 5734
3 5732 5731 5734
3 5733 5734 5735
3 5736 5733 5737
3 5738 5736 5737
3 5733 5735 5737
3 5738 5737 5739
3 5740 5741 5742
3 5741 5743 5742
3 5744 5740 5745
3 5746 5744 5745
3 5740 5742 5745
3 5746 5745 5747
3 5746 5747 5748
3 5749 5746 5748
3 5749 5748 5750
3 5751 5749 5750
3 5752 5751 5750
3 5752 5750 5753
3 5754 5755 5756
3 5757 5754 5756
3 5757 5756 5758
3 5759 5757 5758
3 5760 5759 5758
3 5760 5758 5761
3 5760 5761 5705
3 5704 5760 5705
3 5762 5763 5764
3 5765 5762 5764
3 5765 5764 5766
3 5767 5765 5766
3 5768 5769 5770
3 5768 5770 5771
3 5772 5773 5774
3 5775 5772 5774
3 5773 5776 5774
3 5768 5771 5777
3 5778 5768 5777
3 5779 5780 5781
3 5775 5774 5782
3 5778 5777 5783
3 5784 5778 5783
3 5785 5779 5786
3 5779 5781 5786
3 5773 5784 5776
3 5784 5783 5776
3 5785 5786 5787
3 5788 5785 5789
3 5790 5788 5789
3 5785 5787 5789
3 5791 5790 5792
3 5790 5789 5792
3 5791 5792 5793
3 5794 5791 5795
3 5796 5794 5795
3 5791 5793 5795
3 5796 5795 5797
3 5798 5799 5800
3 5799 5801 5800
3 5802 5798 5803
3 5804 5802 5803
3 5798 5800 5803
3 5804 5803 5805
3 5804 5805 5806
3 5807 5804 5806
3 5807 5806 5808
3 5809 5807 5808
3 5810 5809 5808
3 5810 5808 5811
3 5812 5813 5814
3 5815 5812 5814
3 5815 5814 5816
3 5817 5815 5816
3 5818 5817 5816
3 5818 5816 5819
3 5818 5819 5763
3 5762 5818 5763
3 5820 5821 5822
3 5823 5824 5822
3 5824 5820 5822
3 5825 5826 5827
3 5826 5828 5827
3 5828 5829 5827
3 5829 5830 5827
3 5823 5822 5831
3 5832 5823 5831
3 5827 5830 5833
3 5830 5834 5833
3 5835 5836 5837
3 5838 5832 5839
3 5832 5831 5839
3 5840 5835 5841
3 5833 5834 5842
3 5835 5837 5841
3 5834 5843 5842
3 5844 5845 5846
3 5836 5847 5848
3 5845 5838 5846
3 5838 5839 5846
3 5837 5836 5848
3 5844 5846 5849
3 5843 5844 5849
3 5842 5843 5849
3 5825 5850 5826
3 5851 5840 5852
3 5840 5841 5852
3 5847 5853 5854
3 5848 5847 5854
3 5855 5851 5856
3 5851 5852 5856
3 5853 5857 5858
3 5854 5853 5858
3 5859 5860 5861
3 5860 5855 5861
3 5855 5856 5861
3 5857 5862 5863
3 5858 5857 5863
3 5864 5859 5865
3 5859 5861 5865
3 5863 5862 5866
3 5866 5862 5867
3 5864 5865 5868
3 5866 5867 5869
3 5864 5868 5826
3 5826 5868 5828
3 5869 5867 5821
3 5820 5869 5821
3 5870 5871 5872
3 5871 5873 5872
3 5870 5872 5874
3 5872 5873 5875
3 5873 5876 5875
3 5876 5877 5875
3 5870 5874 5878
3 5877 5879 5880
3 5881 5882 5883
3 5875 5877 5880
3 5884 5885 5886
3 5870 5878 5886
3 5885 5870 5886
3 5879 5887 5888
3 5883 5882 5889
3 5887 5890 5888
3 5880 5879 5888
3 5891 5892 5893
3 5884 5886 5894
3 5888 5890 5895
3 5893 5892 5896
3 5884 5894 5897
3 5892 5898 5896
3 5891 5893 5899
3 5895 5890 5900
3 5901 5891 5899
3 5897 5894 5902
3 5896 5898 5903
3 5898 5904 5903
3 5895 5900 5905
3 5901 5899 5906
3 5907 5901 5906
3 5905 5900 5908
3 5903 5904 5909
3 5904 5910 5909
3 5902 5911 5912
3 5897 5902 5912
3 5907 5906 5913
3 5914 5907 5913
3 5908 5900 5915
3 5915 5900 5916
3 5909 5910 5917
3 5912 5911 5918
3 5910 5919 5917
3 5911 5920 5918
3 5914 5913 5921
3 5922 5914 5921
3 5916 5900 5923
3 5924 5925 5926
3 5917 5919 5927
3 5919 5928 5927
3 5923 5900 5929
3 5930 5924 5931
3 5924 5926 5931
3 5918 5920 5932
3 5920 5933 5932
3 5926 5925 5934
3 5925 5935 5934
3 5922 5921 5936
3 5937 5922 5936
3 5927 5928 5938
3 5928 5939 5938
3 5932 5933 5940
3 5933 5941 5940
3 5941 5942 5940
3 5937 5936 5943
3 5944 5937 5943
3 5940 5942 5945
3 5942 5946 5945
3 5938 5939 5947
3 5939 5948 5947
3 5945 5946 5949
3 5946 5950 5949
3 5950 5951 5949
3 5951 5952 5949
3 5952 5929 5949
3 5944 5943 5953
3 5954 5944 5953
3 5947 5948 5955
3 5900 5956 5957
3 5929 5900 5957
3 5948 5958 5955
3 5949 5929 5957
3 5954 5953 5959
3 5960 5954 5959
3 5955 5958 5961
3 5958 5962 5961
3 5963 5930 5964
3 5930 5931 5964
3 5883 5889 5965
3 5935 5966 5967
3 5968 5960 5969
3 5960 5959 5969
3 5934 5935 5967
3 5961 5962 5970
3 5971 5963 5972
3 5962 5973 5970
3 5963 5964 5972
3 5966 5974 5975
3 5967 5966 5975
3 5976 5977 5978
3 5977 5971 5978
3 5971 5972 5978
3 5979 5968 5980
3 5968 5969 5980
3 5965 5889 5981
3 5970 5973 5982
3 5974 5983 5984
3 5973 5985 5982
3 5975 5974 5984
3 5976 5978 5986
3 5979 5980 5987
3 5988 5979 5987
3 5976 5986 5989
3 5984 5983 5990
3 5989 5986 5991
3 5985 5992 5993
3 5990 5983 5994
3 5982 5985 5993
3 5990 5994 5995
3 5965 5981 5996
3 5997 5988 5998
3 5988 5987 5998
3 5992 5999 6000
3 5993 5992 6000
3 5991 6001 6002
3 5989 5991 6002
3 6003 5997 6004
3 5996 5981 6005
3 5997 5998 6004
3 6000 5999 6006
3 5999 6007 6006
3 5995 5994 6008
3 6009 5995 6008
3 6009 6008 6010
3 6003 6004 6011
3 6012 6003 6011
3 6006 6007 6013
3 6007 6014 6013
3 6001 6015 6016
3 6012 6011 6017
3 6002 6001 6016
3 6018 6012 6017
3 6013 6014 6019
3 6014 6020 6019
3 6021 6010 6022
3 6018 6017 6023
3 6010 6008 6022
3 6024 6018 6023
3 6019 6020 6025
3 6020 6026 6025
3 5996 6005 6027
3 6024 6023 6028
3 6029 6024 6028
3 6015 6030 6031
3 6016 6015 6031
3 6025 6026 6032
3 6026 6033 6032
3 6027 6005 6034
3 6029 6028 6035
3 6036 6021 6037
3 6038 6029 6035
3 6021 6022 6037
3 6032 6033 6039
3 6030 6040 6041
3 6033 6042 6039
3 6031 6030 6041
3 6043 6036 6044
3 6036 6037 6044
3 6038 6035 6045
3 6040 6046 6047
3 6048 6038 6045
3 6041 6040 6047
3 6043 6044 6049
3 6050 6051 6049
3 6051 6043 6049
3 6039 6042 6052
3 6047 6046 6053
3 6042 6054 6052
3 6046 6050 6053
3 6050 6049 6053
3 6048 6045 6055
3 6027 6034 6056
3 6056 6034 6057
3 6055 6045 6058
3 6052 6054 6059
3 6056 6057 6060
3 6054 6061 6059
3 6055 6058 6062
3 6060 6057 6063
3 6062 6058 6064
3 6060 6063 6065
3 6059 6061 6066
3 6065 6063 6067
3 6061 6068 6066
3 6062 6064 6069
3 6065 6067 6070
3 6069 6064 6071
3 6070 6067 6072
3 6066 6068 6073
3 6068 6074 6073
3 6069 6071 6075
3 6070 6072 6076
3 6076 6072 6077
3 6075 6071 6078
3 6073 6074 6079
3 6076 6077 6080
3 6074 6081 6079
3 6075 6078 6082
3 6080 6077 6083
3 6079 6081 6084
3 6082 6078 6085
3 6080 6083 6086
3 6079 6084 6087
3 6082 6085 6088
3 6086 6083 6089
3 6086 6089 6090
3 6087 6084 6091
3 6088 6085 6092
3 6090 6089 6093
3 6087 6091 6094
3 6090 6093 6095
3 6088 6092 6096
3 6094 6091 6097
3 6095 6093 6098
3 6096 6092 6099
3 6094 6097 6100
3 6096 6099 6101
3 6095 6098 6102
3 6100 6097 6103
3 6101 6099 6104
3 6102 6098 6105
3 6102 6105 6106
3 6100 6103 6107
3 6101 6104 6108
3 6107 6103 6109
3 6106 6105 6110
3 6108 6104 6111
3 6106 6110 6112
3 6107 6109 6113
3 6112 6110 6114
3 6108 6111 6115
3 6113 6109 6116
3 6115 6111 6117
3 6114 6118 6119
3 6112 6114 6119
3 6113 6116 6120
3 6115 6117 6121
3 6120 6116 6122
3 6118 6123 6124
3 6119 6118 6124
3 6121 6117 6125
3 6120 6122 6126
3 6123 6127 6128
3 6124 6123 6128
3 6121 6125 6129
3 6126 6122 6130
3 6129 6125 6131
3 6127 6132 6133
3 6128 6127 6133
3 6126 6130 6134
3 6129 6131 6135
3 6132 6136 6137
3 6134 6130 6138
3 6133 6132 6137
3 6135 6131 6139
3 6136 6140 6141
3 6134 6138 6142
3 6137 6136 6141
3 6135 6139 6143
3 6142 6138 6144
3 6143 6139 6145
3 6142 6144 6146
3 6143 6145 6147
3 6146 6144 6148
3 6147 6145 6149
3 6146 6148 6150
3 6147 6149 6151
3 6150 6148 6152
3 6151 6149 6153
3 6150 6152 6154
3 6151 6153 6155
3 6154 6152 6156
3 6155 6153 6157
3 6154 6156 6158
3 6155 6157 6159
3 6158 6156 6160
3 6159 6157 6161
3 6158 6160 6162
3 6159 6161 5881
3 6162 6160 5930
3 6141 6140 6163
3 5881 6161 5882
3 6140 5870 6164
3 6163 6140 6164
3 6162 5930 5963
3 6164 5870 6165
3 6165 5870 5885
3 6166 6167 6168
3 6166 6169 6167
3 4486 6168 4484
3 4486 6166 6168
3 6170 6171 6172
3 6171 6173 6174
3 6172 6171 6174
3 6175 6170 6176
3 6170 6172 6176
3 6173 6177 6178
3 6174 6173 6178
3 6179 6175 6180
3 6175 6176 6180
3 6181 6182 6183
3 6182 6179 6183
3 6179 6180 6183
3 6177 6184 6185
3 6184 6186 6185
3 6178 6177 6185
3 6187 6181 6188
3 6181 6183 6188
3 6186 6189 6190
3 6185 6186 6190
3 6191 6187 6192
3 6187 6188 6192
3 6189 6193 6194
3 6190 6189 6194
3 6191 6192 6195
3 6196 6191 6195
3 6193 6197 6198
3 6194 6193 6198
3 6196 6195 6199
3 6200 6196 6199
3 6197 6201 6202
3 6198 6197 6202
3 6200 6199 6203
3 6204 6205 6203
3 6205 6200 6203
3 6202 6201 6206
3 6201 6207 6206
3 6207 6208 6206
3 6209 6204 6210
3 6204 6203 6210
3 6206 6208 6211
3 6208 6212 6211
3 6213 6209 6214
3 6209 6210 6214
3 6211 6212 6215
3 6212 6216 6215
3 6213 6214 6217
3 6218 6213 6217
3 6215 6216 6219
3 6216 6220 6219
3 6218 6217 6221
3 6222 6218 6221
3 6219 6220 6223
3 6220 6224 6223
3 6225 6226 6227
3 6226 6222 6227
3 6222 6221 6227
3 6224 6228 6229
3 6228 6230 6229
3 6223 6224 6229
3 6225 6227 6231
3 6229 6230 6232
3 6232 6230 6233
3 6225 6231 6234
3 6234 6231 6235
3 6232 6233 6236
3 6234 6235 6237
3 6236 6233 6238
3 6237 6235 6239
3 6236 6238 6240
3 6240 6238 6241
3 6237 6239 6242
3 6242 6239 6243
3 6240 6241 6244
3 6244 6241 6245
3 6242 6243 6246
3 6246 6243 6247
3 6244 6245 6248
3 6247 6249 6250
3 6246 6247 6250
3 6248 6245 6251
3 6252 6248 6251
3 6250 6249 6253
3 6252 6251 6254
3 6252 6254 6255
3 6256 6252 6255
3 6253 6249 6257
3 6249 6258 6257
3 6259 6256 6260
3 6256 6255 6260
3 6257 6258 6261
3 6258 6262 6261
3 6263 6259 6264
3 6259 6260 6264
3 6261 6262 6265
3 6262 6266 6265
3 6267 6263 6268
3 6263 6264 6268
3 6265 6266 6269
3 6266 6270 6269
3 6271 6267 6272
3 6267 6268 6272
3 6269 6270 6273
3 6270 6274 6273
3 6271 6272 6275
3 6273 6274 6276
3 6277 6271 6278
3 6271 6275 6278
3 6274 6279 6280
3 6276 6274 6280
3 6281 6277 6282
3 6277 6278 6282
3 6279 6283 6284
3 6280 6279 6284
3 6285 6281 6286
3 6281 6282 6286
3 6283 6287 6288
3 6284 6283 6288
3 6289 6285 6290
3 6285 6286 6290
3 6287 6291 6292
3 6288 6287 6292
3 6293 6289 6294
3 6289 6290 6294
3 6291 6295 6296
3 6292 6291 6296
3 6293 6294 6297
3 6296 6295 6298
3 6299 6293 6300
3 6293 6297 6300
3 6298 6295 6301
3 6295 6302 6301
3 6303 6299 6304
3 6299 6300 6304
3 6301 6302 6305
3 6302 6306 6305
3 6303 6304 6307
3 6308 6303 6307
3 6305 6306 6309
3 6308 6307 6309
3 6306 6308 6309
3 6310 6311 6312
3 6312 6311 6313
3 6314 6315 6316
3 6312 6313 6317
3 6317 6313 6318
3 6317 6318 6319
3 6315 6320 6321
3 6316 6315 6321
3 6320 6322 6323
3 6321 6320 6323
3 6318 6324 6325
3 6319 6318 6325
3 6326 6319 6325
3 6327 6326 6325
3 6323 6322 6328
3 6324 6329 6330
3 6329 6331 6330
3 6325 6324 6330
3 6331 6332 6333
3 6330 6331 6334
3 6331 6333 6334
3 6332 6335 6336
3 6333 6332 6336
3 6322 6337 6338
3 6337 6339 6338
3 6330 6334 6340
3 6341 6328 6338
3 6342 6341 6338
3 6336 6335 6343
3 6328 6322 6338
3 6330 6340 6344
3 6345 6346 6347
3 6346 6348 6347
3 6343 6335 6349
3 6346 6350 6351
3 6348 6346 6351
3 6352 6345 6353
3 6345 6347 6353
3 6351 6350 6354
3 6354 6350 6355
3 6339 6352 6356
3 6338 6339 6356
3 6356 6352 6357
3 6352 6353 6357
3 6354 6355 6358
3 6356 6357 6359
3 6358 6355 6360
3 6360 6355 6361
3 6356 6359 6362
3 6360 6361 6363
3 6363 6361 6311
3 6363 6311 6310
3 6364 6365 6366
3 6366 6365 6367
3 6367 6365 6368
3 6368 6365 6369
3 6369 6365 6370
3 6370 6365 6371
3 6372 6373 6374
3 6374 6373 6375
3 6374 6375 6376
3 6374 6376 6377
3 6374 6377 6378
3 6378 6379 6374
3 6380 6381 6382
3 6381 6383 6384
3 6383 6385 6384
3 6385 6386 6384
3 6386 6387 6384
3 6382 6381 6384
3 5054 6388 6389
3 5052 6389 6390
3 5052 5054 6389
3 5099 6391 6392
3 5050 6390 6393
3 5050 5052 6390
3 5091 6392 6394
3 5091 5099 6392
3 5047 6393 6395
3 5047 5050 6393
3 5089 6394 6396
3 5089 5091 6394
3 5045 6395 6397
3 5045 5047 6395
3 5087 6396 6398
3 5087 5089 6396
3 5043 6397 6399
3 5043 5045 6397
3 5039 6399 6400
3 5039 5043 6399
3 5085 6398 6401
3 5085 5087 6398
3 5040 5039 6400
3 5083 6401 6402
3 5083 5085 6401
3 5081 6402 6403
3 5081 5083 6402
3 5079 6403 6404
3 5079 5081 6403
3 5077 6404 6405
3 5077 5079 6404
3 5075 6405 6406
3 5075 5077 6405
3 5073 6406 6407
3 5073 5075 6406
3 5071 6407 6408
3 5071 5073 6407
3 5069 5071 6408
3 5069 6408 6409
3 5066 5069 6409
3 5066 6409 6410
3 5064 5066 6410
3 5064 6410 6411
3 5061 5064 6411
3 5061 6411 6412
3 5060 5061 6412
3 5060 6412 6413
3 5058 5060 6413
3 5058 6413 6414
3 5056 5058 6414
3 5056 6414 6388
3 5054 5056 6388
3 6415 6416 6417
3 6418 6415 6417
3 6416 6419 6420
3 6417 6416 6420
3 6420 6419 6421
3 6419 6422 6421
3 6421 6422 6423
3 6422 6424 6423
3 6423 6424 6425
3 6426 6427 6425
3 6428 6426 6425
3 6424 6428 6425
3 6425 6427 6429
3 6430 6431 6429
3 6431 6432 6429
3 6433 6430 6429
3 6434 6433 6429
3 6435 6434 6429
3 6436 6437 6438
3 6439 6435 6429
3 6440 6439 6429
3 6427 6440 6429
3 6441 6425 6429
3 6442 6441 6429
3 6437 6436 6443
3 6444 6442 6429
3 6444 6429 6445
3 6445 6429 6446
3 6438 6437 6447
3 6446 6429 6448
3 6447 6437 6449
3 6448 6429 6450
3 6451 6437 6452
3 6437 6443 6452
3 6450 6429 6453
3 6451 6452 6454
3 6437 6455 6456
3 6449 6437 6456
3 6455 6457 6458
3 6456 6455 6458
3 6451 6454 6459
3 6457 6460 6461
3 6460 6462 6461
3 6458 6457 6461
3 6451 6459 6463
3 6462 6464 6465
3 6461 6462 6465
3 6451 6463 6466
3 6451 6466 6467
3 6468 6451 6467
3 6464 6469 6470
3 6465 6464 6470
3 6469 6471 6472
3 6471 6473 6472
3 6470 6469 6472
3 6468 6467 6474
3 6468 6474 6475
3 6473 6476 6477
3 6472 6473 6477
3 6468 6475 6478
3 6477 6476 6479
3 6476 6480 6479
3 6479 6480 6481
3 6480 6482 6481
3 6482 6483 6481
3 6468 6478 6484
3 6485 6486 6487
3 6481 6483 6488
3 6483 6489 6488
3 6468 6484 6490
3 6485 6487 6491
3 6468 6490 6492
3 6488 6489 6493
3 6489 6494 6493
3 6491 6495 6496
3 6493 6494 6496
3 6494 6485 6496
3 6485 6491 6496
3 6468 6492 6497
3 6496 6495 6498
3 6468 6497 6499
3 6495 6500 6501
3 6498 6495 6501
3 6468 6499 6502
3 6500 6503 6504
3 6501 6500 6504
3 6503 6505 6506
3 6504 6503 6506
3 6505 6507 6508
3 6506 6505 6508
3 6507 6509 6510
3 6508 6507 6510
3 6509 6511 6512
3 6510 6509 6512
3 6513 6514 6432
3 6515 6513 6432
3 6516 6515 6432
3 6517 6516 6432
3 6518 6517 6432
3 6519 6518 6432
3 6511 6519 6432
3 6512 6511 6432
3 6512 6432 6520
3 6520 6432 6521
3 6521 6432 6522
3 6522 6432 6523
3 6468 6502 6524
3 6525 6526 6524
3 6527 6525 6524
3 6528 6527 6524
3 6529 6528 6524
3 6530 6529 6524
3 6502 6530 6524
3 6523 6432 6531
3 6526 6532 6533
3 6524 6526 6533
3 6531 6432 6534
3 6534 6432 6431
3 6533 6532 6535
3 6532 6536 6535
3 6535 6536 6537
3 6537 6536 6538
3 6536 6539 6538
3 6538 6539 6540
3 6539 6541 6540
3 6541 6542 6543
3 6540 6541 6543
3 6543 6542 6544
3 6542 6545 6546
3 6544 6542 6546
3 6546 6545 6547
3 6545 6548 6547
3 6548 6549 6550
3 6547 6548 6550
3 6550 6549 6551
3 6549 6552 6553
3 6551 6549 6553
3 6552 6554 6555
3 6553 6552 6555
3 6554 6415 6556
3 6555 6554 6556
3 6556 6415 6418
3 6557 6558 6559
3 6560 6557 6559
3 6560 6559 6561
3 6562 6560 6561
3 6562 6561 6563
3 6564 6562 6563
3 6564 6563 6565
3 6566 6564 6565
3 6566 6565 6567
3 6568 6566 6567
3 6568 6567 6569
3 6570 6568 6569
3 6571 6570 6569
3 6572 6573 6574
3 6571 6569 6575
3 6572 6574 6576
3 6577 6572 6578
3 6579 6577 6578
3 6572 6576 6578
3 6579 6578 6580
3 6581 6579 6582
3 6579 6580 6582
3 6581 6582 6583
3 6584 6581 6583
3 6584 6583 6585
3 6586 6584 6585
3 6586 6585 6587
3 6588 6586 6587
3 6588 6587 6589
3 6590 6588 6589
3 6590 6589 6591
3 6592 6590 6591
3 6593 6592 6591
3 6593 6591 6594
3 6593 6594 6595
3 6596 6593 6595
3 6596 6595 6597
3 6598 6596 6597
3 6598 6597 6599
3 6600 6598 6599
3 6601 6600 6599
3 6601 6599 6602
3 6601 6602 6603
3 6604 6601 6603
3 6605 6606 6607
3 6604 6603 6607
3 6606 6604 6607
3 6605 6607 6608
3 6609 6605 6610
3 6605 6608 6610
3 6611 6609 6612
3 6609 6610 6612
3 6613 6611 6614
3 6611 6612 6614
3 6615 6616 6617
3 6618 6615 6617
3 6616 6619 6617
3 6620 6618 6621
3 6618 6617 6621
3 6620 6621 6622
3 6623 6620 6624
3 6620 6622 6624
3 6625 6623 6626
3 6627 6625 6626
3 6623 6624 6626
3 6627 6626 6628
3 6629 6627 6630
3 6627 6628 6630
3 6631 6629 6632
3 6633 6631 6632
3 6629 6630 6632
3 6633 6632 6634
3 6633 6634 6635
3 6636 6633 6635
3 6636 6635 6637
3 6638 6636 6637
3 6638 6637 6639
3 6640 6638 6639
3 6640 6639 6641
3 6642 6640 6641
3 6643 6642 6641
3 6643 6641 6644
3 6643 6644 6645
3 6646 6643 6645
3 6647 6646 6648
3 6646 6645 6648
3 6649 6647 6650
3 6651 6649 6650
3 6647 6648 6650
3 6651 6650 6652
3 6653 6654 6655
3 6654 6656 6655
3 6657 6653 6658
3 6659 6657 6658
3 6653 6655 6658
3 6659 6658 6660
3 6661 6659 6662
3 6659 6660 6662
3 6663 6661 6664
3 6665 6663 6664
3 6661 6662 6664
3 6665 6664 6666
3 6667 6665 6668
3 6665 6666 6668
3 6669 6667 6670
3 6667 6668 6670
3 6671 6669 6672
3 6669 6670 6672
3 6673 6671 6674
3 6671 6672 6674
3 6675 6673 6676
3 6673 6674 6676
3 6677 6675 6678
3 6675 6676 6678
3 6679 6677 6680
3 6677 6678 6680
3 6681 6679 6682
3 6683 6681 6682
3 6679 6680 6682
3 6683 6682 6684
3 6683 6684 6685
3 6686 6683 6685
3 6686 6685 6687
3 6688 6686 6687
3 6688 6687 6689
3 6690 6688 6689
3 6691 6692 6693
3 6691 6693 6694
3 6691 6694 6695
3 6696 6691 6695
3 6697 6696 6695
3 6697 6695 6698
3 6697 6698 6699
3 6700 6697 6699
3 6700 6699 6701
3 6702 6700 6701
3 6703 6702 6701
3 6703 6701 6704
3 6703 6704 6705
3 6706 6703 6705
3 6706 6705 6707
3 6708 6706 6707
3 6708 6707 6709
3 6710 6708 6709
3 6711 6710 6709
3 6711 6709 6712
3 6713 6711 6714
3 6711 6712 6714
3 6715 6713 6716
3 6713 6714 6716
3 6557 6715 6558
3 6715 6716 6558
3 6717 6718 6719
3 6717 6719 6720
3 6383 6717 6721
3 6717 6720 6721
3 6721 6722 6723
3 6383 6721 6723
3 6383 6723 6724
3 6724 6725 6726
3 6383 6724 6726
3 6727 6728 6729
3 6726 6727 6730
3 6727 6729 6730
3 6730 6731 6732
3 6732 6733 6734
3 6730 6732 6734
3 6734 6735 6736
3 6735 6737 6736
3 6737 6738 6736
3 6738 6739 6736
3 6383 6726 6736
3 6726 6730 6736
3 6730 6734 6736
3 6383 6736 6740
3 6740 6741 6385
3 6383 6740 6385
