<?xml version="1.0" encoding="utf-8"?>
<COLLADA xmlns="http://www.collada.org/2005/11/COLLADASchema" version="1.4.1" xmlns:xsi="http://www.w3.org/2001/XMLSchema-instance">
  <asset>
    <contributor>
      <author>Blender User</author>
      <authoring_tool>Blender 4.2.0 commit date:2024-07-16, commit time:06:20, hash:a51f293548ad</authoring_tool>
    </contributor>
    <created>2024-07-18T17:12:15</created>
    <modified>2024-07-18T17:12:15</modified>
    <unit name="meter" meter="1"/>
    <up_axis>Z_UP</up_axis>
  </asset>
  <library_effects>
    <effect id="R3MPerception-Metallic-effect">
      <profile_COMMON>
        <technique sid="common">
          <lambert>
            <emission>
              <color sid="emission">0 0 0 1</color>
            </emission>
            <diffuse>
              <color sid="diffuse">0.3 0.3 0.3 1</color>
            </diffuse>
            <reflectivity>
              <float sid="specular">1</float>
            </reflectivity>
            <index_of_refraction>
              <float sid="ior">1.45</float>
            </index_of_refraction>
          </lambert>
        </technique>
      </profile_COMMON>
    </effect>
  </library_effects>
  <library_images/>
  <library_materials>
    <material id="R3MPerception-Metallic-material" name="R3MPerception-Metallic">
      <instance_effect url="#R3MPerception-Metallic-effect"/>
    </material>
  </library_materials>
  <library_geometries>
    <geometry id="shape0_014-mesh" name="shape0.014">
      <mesh>
        <source id="shape0_014-mesh-positions">
          <float_array id="shape0_014-mesh-positions-array" count="20166">-0.25645 0.1899999 -0.429224 -0.25645 0.22 -0.429224 -0.236934 0.22 -0.440298 0.499497 0.1899999 0.02243196 0.5 0.1899999 0 0.5 0.22 0 -0.216942 0.1899999 -0.450484 -0.216942 0.22 -0.450484 0.497987 0.1899999 0.04481995 0.499497 0.22 0.02243196 0.497987 0.22 0.04481995 -0.154509 0.1899999 -0.475528 -0.154509 0.22 -0.475528 -0.133018 0.22 -0.481981 -0.08927798 0.1899999 -0.491965 -0.111261 0.1899999 -0.487464 -0.08927798 0.22 -0.491965 -0.111261 0.22 -0.487464 0.475528 0.1899999 0.154509 0.481981 0.22 0.133018 0.475528 0.22 0.154509 -0.02243196 0.1899999 -0.499497 -0.04481995 0.1899999 -0.497987 -0.04481995 0.22 -0.497987 0.468117 0.22 0.175687 0.468117 0.1899999 0.175687 0.459764 0.22 0.1965129 0.459764 0.1899999 0.1965129 0.02243196 0.1899999 -0.499497 0 0.1899999 -0.5 0 0.22 -0.5 0.450484 0.1899999 0.216942 0.450484 0.22 0.216942 0.429224 0.1899999 0.25645 0.440298 0.1899999 0.236934 0.429224 0.22 0.25645 0.04481995 0.1899999 -0.497987 0.04481995 0.22 -0.497987 0.06711697 0.22 -0.495475 0.404509 0.1899999 0.293893 0.417287 0.1899999 0.275449 0.417287 0.22 0.275449 0.08927798 0.1899999 -0.491965 0.08927798 0.22 -0.491965 0.111261 0.22 -0.487464 0.133018 0.1899999 -0.481981 0.133018 0.22 -0.481981 0.390916 0.1899999 0.311745 0.404509 0.1899999 0.293893 0.390916 0.22 0.311745 0.154509 0.22 -0.475528 0.175687 0.1899999 -0.468117 0.154509 0.1899999 -0.475528 0.236934 0.1899999 -0.440298 0.216942 0.1899999 -0.450484 0.216942 0.22 -0.450484 0.328969 0.1899999 0.376536 0.345531 0.1899999 0.361398 0.328969 0.22 0.376536 0.293893 0.1899999 0.404509 0.311745 0.1899999 0.390916 0.311745 0.22 0.390916 0.275449 0.1899999 0.417287 0.275449 0.22 0.417287 0.311745 0.1899999 -0.390916 0.293893 0.1899999 -0.404509 0.293893 0.22 -0.404509 0.25645 0.22 0.429224 0.345531 0.1899999 -0.361398 0.328969 0.22 -0.376536 0.345531 0.22 -0.361398 0.376536 0.1899999 -0.328969 0.361398 0.22 -0.345531 0.376536 0.22 -0.328969 0.175687 0.1899999 0.468117 0.1965129 0.1899999 0.459764 0.175687 0.22 0.468117 0.404509 0.1899999 -0.293893 0.390916 0.1899999 -0.311745 0.390916 0.22 -0.311745 0.154509 0.22 0.475528 0.417287 0.1899999 -0.275449 0.417287 0.22 -0.275449 0.429224 0.1899999 -0.25645 0.404509 0.22 -0.293893 0.440298 0.1899999 -0.236934 0.429224 0.22 -0.25645 0.459764 0.1899999 -0.1965129 0.450484 0.1899999 -0.216942 0.450484 0.22 -0.216942 0.459764 0.22 -0.1965129 0.475528 0.1899999 -0.154509 0.468117 0.22 -0.175687 0.475528 0.22 -0.154509 0 0.1899999 0.5 0.02243196 0.1899999 0.499497 0 0.22 0.5 0.487464 0.1899999 -0.111261 0.487464 0.22 -0.111261 0.491965 0.22 -0.08927798 -0.02243196 0.1899999 0.499497 -0.02243196 0.22 0.499497 -0.04481995 0.22 0.497987 0.495475 0.1899999 -0.06711697 0.495475 0.22 -0.06711697 0.497987 0.1899999 -0.04481995 0.497987 0.22 -0.04481995 -0.08927798 0.1899999 0.491965 -0.06711697 0.1899999 0.495475 -0.06711697 0.22 0.495475 0.499497 0.22 -0.02243196 -0.08927798 0.22 0.491965 -0.111261 0.22 0.487464 -0.133018 0.1899999 0.481981 -0.133018 0.22 0.481981 -0.154509 0.22 0.475528 -0.154509 0.1899999 0.475528 -0.175687 0.22 0.468117 -0.25645 0.1899999 0.429224 -0.236934 0.1899999 0.440298 -0.25645 0.22 0.429224 -0.275449 0.22 0.417287 -0.293893 0.1899999 0.404509 -0.275449 0.1899999 0.417287 -0.275449 0.22 0.417287 -0.328969 0.1899999 0.376536 -0.311745 0.1899999 0.390916 -0.328969 0.22 0.376536 -0.345531 0.1899999 0.361398 -0.345531 0.22 0.361397 -0.376536 0.1899999 0.328969 -0.376536 0.22 0.328969 -0.390916 0.22 0.311745 -0.390916 0.1899999 0.311745 -0.450484 0.1899999 0.216942 -0.450484 0.22 0.216942 -0.459764 0.22 0.1965129 -0.459764 0.1899999 0.1965129 -0.468117 0.22 0.175687 -0.487464 0.1899999 0.1112599 -0.481981 0.22 0.133018 -0.487464 0.22 0.1112599 -0.491965 0.1899999 0.08927798 -0.491965 0.22 0.08927798 -0.495475 0.1899999 0.06711697 -0.495475 0.22 0.06711697 -0.497987 0.22 0.04481995 -0.495475 0.1899999 -0.06711697 -0.497987 0.1899999 -0.04481995 -0.495475 0.22 -0.06711697 -0.491965 0.1899999 -0.08927798 -0.497987 0.22 -0.04481995 -0.487464 0.1899999 -0.111261 -0.487464 0.22 -0.111261 -0.481981 0.1899999 -0.133018 -0.481981 0.22 -0.133018 -0.468117 0.1899999 -0.175687 -0.475528 0.22 -0.154509 -0.468117 0.22 -0.175687 -0.450484 0.1899999 -0.216942 -0.459764 0.1899999 -0.1965129 -0.459764 0.22 -0.1965129 -0.468117 0.1899999 -0.175687 -0.468117 0.22 -0.175687 -0.440298 0.1899999 -0.236934 -0.440298 0.22 -0.236934 -0.429224 0.22 -0.25645 -0.417287 0.1899999 -0.275449 -0.417287 0.22 -0.275449 -0.390916 0.1899999 -0.311745 -0.404509 0.1899999 -0.293893 -0.404509 0.22 -0.293893 -0.345531 0.1899999 -0.361398 -0.361398 0.1899999 -0.345531 -0.345531 0.22 -0.361398 -0.311745 0.1899999 -0.390916 -0.328969 0.1899999 -0.376536 -0.311745 0.22 -0.390916 -0.293893 0.1899999 -0.404509 -0.293893 0.22 -0.404509 -0.275449 0.22 -0.417287 0.362007 0.22 0.1512719 0.37472 0.22 0.15918 0.418507 0.22 0.04588395 -0.344074 0.22 -0.03593295 -0.320856 0.22 -0.133485 -0.335001 0.22 -0.138389 -0.329054 0.22 -0.03769797 0.276492 0.22 0.06911599 0.299712 0.22 0.04493498 0.285594 0.22 0.05035799 -0.166155 0.22 -0.370634 -0.04999798 0.22 -0.389144 -0.169517 0.22 -0.385379 -0.03389596 0.22 0.282977 0.007791996 0.22 0.302962 0 0.22 0.29 0.440298 0.22 0.236934 0.450484 0.22 0.216942 0.435747 0.22 0.2241089 0.314966 0.22 -0.375362 0.328969 0.22 -0.376536 0.311745 0.22 -0.390916 0.296371 0.22 -0.39021 -0.475528 0.22 -0.154509 -0.398213 0.22 -0.177711 -0.468117 0.22 -0.175687 -0.161579 0.22 -0.35622 -0.04937899 0.22 -0.374185 -0.359189 0.22 -0.03542399 -0.348743 0.22 -0.144329 0.411958 0.22 -0.265313 0.429224 0.22 -0.25645 0.417287 0.22 -0.275449 0.424352 0.22 -0.245 0.450484 0.22 -0.216942 0.440298 0.22 -0.236934 0.320856 0.22 0.133485 0.335001 0.22 0.138389 0.344074 0.22 0.03593295 0.382137 0.22 -0.262853 0.404509 0.22 -0.293893 0.390916 0.22 -0.311745 -0.148916 0.22 -0.328779 -0.1558189 0.22 -0.342236 -0.481981 0.22 -0.133018 -0.386811 0.22 -0.168009 0.133018 0.22 0.481981 0.154509 0.22 0.475528 0.1704789 0.22 0.445604 -0.389285 0.22 -0.03817898 -0.362007 0.22 -0.1512719 0.04950594 0.22 0.404107 0.169517 0.22 0.385379 0.04999798 0.22 0.389144 -0.140918 0.22 -0.315944 -0.04482597 0.22 -0.344612 -0.04765194 0.22 -0.359314 0.246989 0.22 -0.387608 0.262596 0.22 -0.373884 0.279103 0.22 -0.382834 -0.297006 0.22 0.060283 -0.282887 0.22 0.03463798 -0.284471 0.22 0.01735097 0.367446 0.22 -0.259971 0.376536 0.22 -0.328969 -0.110941 0.22 -0.282026 -0.099186 0.22 -0.272511 -0.06731098 0.22 -0.276937 -0.04091697 0.22 -0.33016 -0.09977096 0.22 0.266966 -0.07731997 0.22 0.279502 -0.06731098 0.22 0.276937 -0.121865 0.22 -0.292486 -0.13188 0.22 -0.303818 0.2469919 0.22 -0.363437 0.353009 0.22 -0.256007 0.361398 0.22 -0.345531 0.155835 0.22 -0.450934 0.1965129 0.22 -0.459764 0.16759 0.22 -0.460449 -0.418507 0.22 -0.04588395 -0.404056 0.22 -0.04142194 0.134016 0.22 -0.457911 0.145038 0.22 -0.468043 0.133018 0.22 -0.481981 -0.309204 0.22 0.06922298 -0.332249 0.22 -0.01703596 -0.34716 0.22 -0.01569598 -0.432536 0.22 -0.05153197 -0.37472 0.22 -0.15918 -0.275449 0.22 -0.417287 -0.18832 0.22 -0.37734 -0.190818 0.22 -0.392101 -0.25645 0.22 -0.429224 0.463571 0.22 -0.112895 0.477856 0.22 -0.108415 0.481981 0.22 -0.133018 0.123776 0.22 -0.44699 0.111261 0.22 -0.487464 0.417287 0.22 0.275449 0.417023 0.22 0.2317709 0.408619 0.22 0.219197 0.325214 0.22 -0.244927 0.267769 0.22 -0.353523 0.246996 0.22 -0.33777 0.338906 0.22 -0.250983 0.429224 0.22 0.25645 0.424352 0.22 0.245 0.448992 0.22 -0.116302 0.475528 0.22 -0.154509 0.04520398 0.22 0.433718 0.111261 0.22 0.487464 0.04790496 0.22 0.418992 0.26183 0.22 0.12468 0.276791 0.22 0.12523 0.259213 0.22 0.118464 -0.458946 0.22 -0.06622195 -0.130814 0.22 -0.253205 -0.131538 0.22 -0.273849 -0.141871 0.22 -0.284683 0.251477 0.22 0.134106 -0.471144 0.22 -0.075163 0.404509 0.22 0.293893 -0.07447201 0.22 0.324243 0.01447898 0.22 0.316527 -0.07431197 0.22 0.309273 0.125858 0.22 -0.417017 0.176989 0.22 -0.387598 0.134896 0.22 -0.429143 0.497987 0.22 -0.04481995 0.495475 0.22 -0.06711697 0.468438 0.22 -0.09051096 0.419279 0.22 -0.119832 0.468117 0.22 -0.175687 0.459764 0.22 -0.1965129 0.434201 0.22 -0.118619 0.233209 0.22 0.163825 0.266269 0.22 0.144733 0.251147 0.22 0.145 0.242798 0.22 0.149245 -0.491965 0.22 -0.08927798 -0.482556 0.22 -0.08508795 -0.487464 0.22 -0.111261 0.08927798 0.22 0.491965 0.299365 0.22 -0.229856 0.312009 0.22 -0.237872 0.404308 0.22 -0.119935 -0.312604 0.22 -0.360424 -0.293893 0.22 -0.404509 -0.314966 0.22 -0.375362 -0.328969 0.22 -0.376536 -0.311745 0.22 -0.390916 -0.238891 0.22 0.164411 -0.233731 0.22 0.16308 -0.243226 0.22 0.1485469 0.11786 0.22 -0.404181 -0.309007 0.22 -0.345734 -0.186408 0.22 0.222153 -0.174062 0.22 0.2256709 -0.187479 0.22 0.214655 0.09828799 0.22 -0.410109 0.06711697 0.22 -0.495475 0.04481995 0.22 -0.497987 0.247076 0.22 0.2154819 0.296316 0.22 0.147967 0.28136 0.22 0.1457239 0.105862 0.22 -0.423022 0.389371 0.22 -0.118926 0.379184 0.22 -0.242033 0.364466 0.22 -0.238554 -0.187479 0.22 -0.214655 -0.174062 0.22 -0.2256709 -0.186408 0.22 -0.222153 -0.200709 0.22 -0.227073 -0.16 0.22 -0.23585 -0.151371 0.22 -0.296254 -0.258476 0.22 0.1582289 -0.251147 0.22 0.145 -0.251818 0.22 0.133463 -0.259477 0.22 0.117885 -0.318039 0.22 0.09762698 0.272179 0.22 0.248886 0.339349 0.22 0.162009 0.325412 0.22 0.156138 0.37455 0.22 -0.116813 0.350088 0.22 -0.233862 0.336151 0.22 -0.227991 -0.335614 0.22 0.08391398 -0.322103 0.22 0.07711899 0 0.22 -0.49 0.02243196 0.22 -0.499497 0 0.22 -0.5 0.28346 0.22 0.2603 0.365521 0.22 0.17712 0.35275 0.22 0.169019 0.260026 0.22 0.238406 0.311034 0.22 0.151446 0.293798 0.22 0.272574 0.377575 0.22 0.186254 -0.02243196 0.22 -0.499497 0.247078 0.22 0.228925 0.303127 0.22 0.285631 0.388826 0.22 0.1963599 0.359926 0.22 -0.113605 0.32275 0.22 -0.220981 0.399199 0.22 0.207366 0.309979 0.22 -0.21288 0.06711697 0.22 0.495475 0.04141896 0.22 0.448203 0.03656899 0.22 0.462367 -0.227838 0.22 -0.24039 -0.214551 0.22 -0.233166 -0.159987 0.22 -0.308498 0.247014 0.22 -0.217608 0.265468 0.22 -0.200515 0.27603 0.22 -0.211126 -0.07811498 0.22 0.353943 0.02436095 0.22 0.345087 -0.075742 0.22 0.33916 0.311388 0.22 0.299389 0.390916 0.22 0.311745 0.100621 0.22 -0.362326 0.105197 0.22 -0.376741 -0.266881 0.22 0.170803 -0.331592 0.22 0.103986 -0.349643 0.22 0.08956199 -0.36213 0.22 -0.01546597 -0.2404789 0.22 -0.248693 -0.273669 0.22 -0.279474 -0.17438 0.22 -0.334731 -0.180078 0.22 -0.348575 -0.252385 0.22 -0.258019 -0.167671 0.22 -0.321347 -0.01447898 0.22 -0.463473 -0.007791996 0.22 -0.477038 -0.263473 0.22 -0.268303 -0.03068095 0.22 -0.476132 -0.02378898 0.22 -0.489422 -0.04481995 0.22 -0.497987 0.318529 0.22 0.31376 0.09725898 0.22 -0.347581 -0.08157795 0.22 0.368508 0.02936995 0.22 0.374889 0.02748596 0.22 0.359884 0.331592 0.22 -0.103986 0.286674 0.22 -0.1936399 0.276301 0.22 -0.1826339 0.04481995 0.22 0.497987 0.199356 0.22 0.203672 0.203396 0.22 0.206712 0.211447 0.22 0.191089 -0.276301 0.22 0.1826339 0.09513497 0.22 -0.332607 0.177006 0.22 -0.269245 -0.265468 0.22 0.200515 -0.192368 0.22 0.251781 -0.188771 0.22 0.237091 -0.2002 0.22 0.202843 0.474226 0.22 0.05246394 0.497987 0.22 0.04481995 0.499497 0.22 0.02243196 -0.08611196 0.22 0.382776 0.02936995 0.22 0.405111 0.02999997 0.22 0.39 -0.378866 0.22 0.09726697 -0.377075 0.22 -0.016348 -0.391914 0.22 -0.01833599 -0.499497 0.22 -0.02243196 -0.461692 0.22 -0.04427599 -0.474226 0.22 -0.05246394 -0.448586 0.22 -0.03703999 -0.187174 0.22 0.292801 -0.09426397 0.22 0.317509 -0.09465301 0.22 0.30239 -0.286674 0.22 0.1936399 -0.361398 0.22 -0.345531 -0.325217 0.22 -0.330688 -0.329555 0.22 -0.345017 0.448586 0.22 0.03703999 0.461692 0.22 0.04427599 -0.27603 0.22 0.211126 -0.2031559 0.22 0.28001 -0.197174 0.22 0.26612 -0.09169197 0.22 0.396668 0.020015 0.22 0.449399 0.02436095 0.22 0.434913 0.434979 0.22 0.030797 0.5 0.22 0 -0.212178 0.22 -0.1902779 -0.2002 0.22 -0.202843 -0.203396 0.22 -0.206712 -0.5 0.22 0 -0.434979 0.22 -0.030797 0 0.22 0.5 0.02243196 0.22 0.499497 0 0.22 0.49 -0.297925 0.22 0.203746 -0.345581 0.22 0.109322 -0.359926 0.22 0.113605 0.184054 0.22 -0.217599 0.197193 0.22 -0.205766 -0.223369 0.22 -0.177007 -0.230682 0.22 -0.2189919 -0.202695 0.22 0.318383 -0.100621 0.22 0.362326 -0.09725898 0.22 0.347581 -0.376536 0.22 -0.328969 -0.499497 0.22 0.02243196 -0.420946 0.22 -0.02557998 0.2318699 0.22 -0.165715 0.246848 0.22 -0.177093 0.221148 0.22 -0.179774 0.482556 0.22 0.08508795 0.491965 0.22 0.08927798 0.495475 0.22 0.06711697 0.328969 0.22 0.376536 0.345531 0.22 0.361397 0.332818 0.22 0.359628 0.486118 0.22 0.06155997 0.420946 0.22 0.02557998 0.499497 0.22 -0.02243196 -0.299365 0.22 0.229856 -0.210273 0.22 0.293355 -0.287349 0.22 0.220924 -0.439096 0.22 0.09774798 -0.424076 0.22 0.09951198 -0.406564 0.22 -0.02141898 -0.390916 0.22 -0.311745 -0.319828 0.22 -0.31672 -0.04481995 0.22 0.497987 -0.02243196 0.22 0.499497 0.007791996 0.22 0.477038 -0.02748596 0.22 -0.420116 0.09169197 0.22 -0.396668 -0.02436095 0.22 -0.434913 -0.32275 0.22 0.220981 -0.37455 0.22 0.116813 -0.227706 0.22 0.318041 -0.218475 0.22 0.306061 -0.404509 0.22 -0.293893 -0.313417 0.22 -0.303191 0.293893 0.22 0.404509 0.314966 0.22 0.375362 0.312765 0.22 0.361235 -0.312009 0.22 0.237872 0.406564 0.22 0.02141898 0.424076 0.22 -0.09951198 0.408961 0.22 -0.100021 0.130814 0.22 -0.253205 0.173466 0.22 -0.258401 -0.495475 0.22 0.06711697 -0.468438 0.22 0.09051096 -0.497987 0.22 0.04481995 -0.06711697 0.22 0.495475 -0.09828799 0.22 0.410108 -0.105862 0.22 0.423022 -0.134896 0.22 0.429143 -0.125858 0.22 0.417017 -0.221831 0.22 0.341386 -0.111261 0.22 -0.487464 -0.04520398 0.22 -0.433718 -0.08927798 0.22 -0.491965 0.487464 0.22 0.1112599 0.1433629 0.22 0.286388 0.16 0.22 0.23585 0.132348 0.22 0.274642 0.391914 0.22 0.01833498 0.393856 0.22 -0.09927099 0.378866 0.22 -0.09726697 0.12043 0.22 0.263812 0.130814 0.22 0.253205 0.153406 0.22 0.298976 -0.350088 0.22 0.233862 -0.336151 0.22 0.227991 -0.389371 0.22 0.118926 -0.144911 0.22 0.440475 -0.232626 0.22 0.35176 -0.477856 0.22 0.108415 -0.482556 0.22 0.08508795 -0.491965 0.22 0.08927798 0.265475 0.22 -0.103674 0.29253 0.22 -0.08198601 0.304994 0.22 -0.09027999 -0.2489899 0.22 0.339496 -0.237901 0.22 0.329212 -0.311034 0.22 -0.1514469 -0.255851 0.22 -0.235174 -0.267466 0.22 -0.244621 0.377075 0.22 0.016348 -0.111261 0.22 0.487464 -0.114374 0.22 0.435339 -0.123776 0.22 0.44699 -0.29167 0.22 -0.126888 -0.266173 0.22 -0.101869 -0.276791 0.22 -0.12523 0.271393 0.22 -0.08701199 -0.325412 0.22 -0.156138 -0.278348 0.22 -0.254902 -0.260896 0.22 0.348822 -0.325214 0.22 0.244927 -0.481981 0.22 0.133018 -0.463571 0.22 0.1128939 -0.448992 0.22 0.116302 -0.133018 0.22 0.481981 -0.134016 0.22 0.457911 -0.273536 0.22 0.357125 -0.338906 0.22 0.250983 -0.468117 0.22 0.175687 -0.419279 0.22 0.119832 -0.434201 0.22 0.118619 0.280076 0.22 -0.05274796 0.280716 0.22 -0.07278996 0.276266 0.22 -0.07001495 -0.475528 0.22 0.154509 -0.175687 0.22 0.468117 -0.154509 0.22 0.475528 -0.16759 0.22 0.460449 0.34716 0.22 0.01569598 0.36213 0.22 0.01546597 0.335614 0.22 -0.08391398 -0.365521 0.22 -0.17712 -0.35275 0.22 -0.169019 -0.288438 0.22 -0.265963 -0.408619 0.22 -0.219197 -0.306021 0.22 -0.290174 -0.417287 0.22 -0.275449 -0.417023 0.22 -0.2317709 -0.377575 0.22 -0.186254 -0.297679 0.22 -0.277742 -0.388826 0.22 -0.1963599 -0.399199 0.22 -0.207366 -0.02436095 0.22 -0.345087 0.07811498 0.22 -0.353943 -0.02748596 0.22 -0.359884 -0.450484 0.22 0.216942 -0.39414 0.22 0.244276 -0.404308 0.22 0.119935 -0.216942 0.22 0.450484 0.03389596 0.22 -0.282977 0.07431197 0.22 -0.309273 0.07447201 0.22 -0.324243 -0.236934 0.22 0.440298 -0.2441599 0.22 0.361304 -0.256371 0.22 0.369967 0.284452 0.22 -0.01767295 0.297006 0.22 -0.060283 0.282808 0.22 -0.03527897 0.06731098 0.22 0.276937 0.110941 0.22 0.282026 0.099186 0.22 0.272511 0.317478 0.22 0.01947796 0.332249 0.22 0.01703596 -0.007791996 0.22 -0.302962 0.192245 0.22 0.407542 0.236934 0.22 0.440298 0.247101 0.22 0.385482 0.189839 0.22 0.38549 -0.417287 0.22 0.275449 -0.411958 0.22 0.265313 -0.429224 0.22 0.25645 -0.293893 0.22 0.404509 -0.282548 0.22 0.38446 -0.296371 0.22 0.39021 -0.345531 0.22 0.361397 -0.314966 0.22 0.375362 -0.300665 0.22 0.370441 -0.286823 0.22 0.364348 -0.361398 0.22 0.345531 -0.1704789 0.22 -0.445604 -0.154509 0.22 -0.475528 -0.16759 0.22 -0.460449 -0.285594 0.22 -0.05035799 -0.288683 0.22 -0.02761 -0.282887 0.22 -0.03463798 -0.285594 0.22 0.05035799 -0.280716 0.22 0.07278996 -0.27658 0.22 0.06876295 -0.280254 0.22 0.05179697 -0.435747 0.22 -0.2241089 -0.424352 0.22 -0.245 -0.440298 0.22 -0.236934 -0.168253 0.22 0.236201 -0.450484 0.22 -0.216942 -0.427683 0.22 -0.211495 -0.133018 0.22 -0.481981 -0.12043 0.22 -0.263812 -0.09977096 0.22 -0.266966 0.177094 0.22 0.340963 0.165795 0.22 0.231812 0.170325 0.22 0.326351 0.162413 0.22 0.312326 0.2470819 0.22 0.253667 0.257946 0.22 0.262962 0.277317 0.22 0.283965 0.285705 0.22 0.295544 0.192214 0.22 0.429725 0.216942 0.22 0.450484 -0.299712 0.22 -0.04493498 -0.27658 0.22 -0.06876295 -0.172123 0.22 -0.43057 -0.04790496 0.22 -0.418992 0.189747 0.22 0.45177 -0.459764 0.22 -0.1965129 -0.418706 0.22 -0.199514 -0.03389596 0.22 -0.282977 -0.02293795 0.22 -0.289091 -0.02994298 0.22 -0.302323 0.282865 0.22 0.03481894 0.288683 0.22 0.02761 0.284466 0.22 0.01744198 -0.216942 0.22 -0.450484 -0.191678 0.22 -0.436924 -0.189747 0.22 -0.45177 0.02994298 0.22 0.302323 0.03389596 0.22 0.282977 0.02293795 0.22 0.289091 0.280204 0.22 0.05206495 0.03594696 0.22 0.316037 0.04091697 0.22 0.33016 0.386811 0.22 0.168009 0.458946 0.22 0.06622195 0.446047 0.22 0.05832695 0 0.22 0.285 0.398213 0.22 0.177711 0.475528 0.22 0.154509 -0.408864 0.22 -0.188232 -0.04950594 0.22 -0.404107 0.175687 0.22 0.468117 0.1965129 0.22 0.459764 -0.1716409 0.22 -0.400353 -0.317478 0.22 -0.01947796 -0.285 0.22 0 -0.302929 0.22 -0.023009 0.04482597 0.22 0.344612 0.121865 0.22 0.292486 0.404056 0.22 0.04142194 0.269617 0.1899999 0.328529 0.311745 0.1899999 0.390916 0.253172 0.1899999 0.341363 0.293893 0.1899999 0.404509 0.236117 0.1899999 0.353375 -0.417287 0.1899999 -0.275449 -0.364535 0.1899999 -0.2184939 -0.429224 0.1899999 -0.25645 -0.392649 0.1899999 -0.162641 -0.400156 0.1899999 -0.143178 -0.468117 0.1899999 -0.175687 0.16264 0.1899999 0.392649 0.1965129 0.1899999 0.459764 0.175687 0.1899999 0.468117 0.361398 0.1899999 -0.345531 0.376536 0.1899999 -0.328969 0.314904 0.1899999 -0.285413 -0.4067 0.1899999 -0.123371 -0.475528 0.1899999 -0.154509 0.328969 0.1899999 -0.376536 0.345531 0.1899999 -0.361398 0.285413 0.1899999 -0.314904 -0.412263 0.1899999 -0.103267 -0.481981 0.1899999 -0.133018 0.390916 0.1899999 -0.311745 0.328529 0.1899999 -0.269617 0.103267 0.1899999 0.412263 0.133018 0.1899999 0.481981 0.111261 0.1899999 0.487464 0.341363 0.1899999 -0.253172 0.404509 0.1899999 -0.293893 0.353375 0.1899999 -0.236117 0.06235998 0.1899999 0.4204 0.08927798 0.1899999 0.491965 0.06711697 0.1899999 0.495475 0.04165697 0.1899999 0.422954 0.293893 0.1899999 -0.404509 0.253172 0.1899999 -0.341363 0.236117 0.1899999 -0.353375 -0.422954 0.1899999 -0.04165697 -0.424488 0.1899999 -0.02085399 -0.497987 0.1899999 -0.04481995 -0.495475 0.1899999 -0.06711697 0.417287 0.1899999 -0.275449 0.364535 0.1899999 -0.2184939 0.02085399 0.1899999 0.424488 0.04481995 0.1899999 0.497987 0.25645 0.1899999 -0.429224 0.275449 0.1899999 -0.417287 0.2184939 0.1899999 -0.364535 0 0.1899999 0.425 0.02243196 0.1899999 0.499497 0.374817 0.1899999 -0.200344 0.450484 0.1899999 -0.216942 0.384195 0.1899999 -0.181711 0.1965129 0.1899999 -0.459764 0.216942 0.1899999 -0.450484 0.181711 0.1899999 -0.384195 -0.02085399 0.1899999 0.424488 -0.02243196 0.1899999 0.499497 0 0.1899999 0.5 -0.424488 0.1899999 0.02085399 -0.422954 0.1899999 0.04165697 -0.497987 0.1899999 0.04481995 -0.04165697 0.1899999 0.422954 -0.04481995 0.1899999 0.497987 0.154509 0.1899999 -0.475528 0.175687 0.1899999 -0.468117 0.143178 0.1899999 -0.400156 0.16264 0.1899999 -0.392649 -0.495475 0.1899999 0.06711697 0.400156 0.1899999 -0.143178 0.475528 0.1899999 -0.154509 0.4067 0.1899999 -0.123371 0.133018 0.1899999 -0.481981 0.123371 0.1899999 -0.4067 -0.08291298 0.1899999 0.416834 -0.06235998 0.1899999 0.4204 -0.08927798 0.1899999 0.491965 0.491965 0.1899999 -0.08927798 0.495475 0.1899999 -0.06711697 0.4204 0.1899999 -0.06235998 0.08927798 0.1899999 -0.491965 0.08291298 0.1899999 -0.416834 0.06235998 0.1899999 -0.4204 -0.491965 0.1899999 0.08927798 -0.416834 0.1899999 0.08291298 -0.487464 0.1899999 0.1112599 -0.103267 0.1899999 0.412263 -0.111261 0.1899999 0.487464 0.02243196 0.1899999 -0.499497 0.04481995 0.1899999 -0.497987 0.02085399 0.1899999 -0.424488 -0.123371 0.1899999 0.4067 -0.133018 0.1899999 0.481981 0.497987 0.1899999 -0.04481995 0.499497 0.1899999 -0.02243196 0.424488 0.1899999 -0.02085399 0.5 0.1899999 0 0.499497 0.1899999 0.02243196 0.425 0.1899999 0 -0.475528 0.1899999 0.154509 -0.400156 0.1899999 0.143178 -0.468117 0.1899999 0.175687 -0.143178 0.1899999 0.400156 -0.154509 0.1899999 0.475528 -0.175687 0.1899999 0.468117 -0.16264 0.1899999 0.392649 0.424488 0.1899999 0.02085399 0.497987 0.1899999 0.04481995 0.422954 0.1899999 0.04165697 0.495475 0.1899999 0.06711697 -0.392649 0.1899999 0.16264 -0.459764 0.1899999 0.1965129 -0.181711 0.1899999 0.384195 -0.1965129 0.1899999 0.459764 -0.06711697 0.1899999 -0.495475 -0.04165697 0.1899999 -0.422954 -0.06235998 0.1899999 -0.4204 0.491965 0.1899999 0.08927798 0.4204 0.1899999 0.06235998 -0.384195 0.1899999 0.181711 -0.374817 0.1899999 0.200344 -0.450484 0.1899999 0.216942 -0.111261 0.1899999 -0.487464 -0.08927798 0.1899999 -0.491965 -0.08291298 0.1899999 -0.416834 0.487464 0.1899999 0.1112599 0.416834 0.1899999 0.08291298 -0.2184939 0.1899999 0.364535 -0.200344 0.1899999 0.374817 -0.236934 0.1899999 0.440298 -0.429224 0.1899999 0.25645 -0.364535 0.1899999 0.2184939 -0.417287 0.1899999 0.275449 0.481981 0.1899999 0.133018 0.475528 0.1899999 0.154509 0.4067 0.1899999 0.123371 -0.353375 0.1899999 0.236117 -0.341363 0.1899999 0.253172 -0.404509 0.1899999 0.293893 -0.236117 0.1899999 0.353375 -0.275449 0.1899999 0.417287 -0.293893 0.1899999 0.404509 0.400156 0.1899999 0.143178 -0.269617 0.1899999 0.328529 -0.311745 0.1899999 0.390916 -0.328969 0.1899999 0.376536 -0.1965129 0.1899999 -0.459764 -0.175687 0.1899999 -0.468117 -0.16264 0.1899999 -0.392649 -0.390916 0.1899999 0.311745 -0.328529 0.1899999 0.269617 -0.376536 0.1899999 0.328969 0.468117 0.1899999 0.175687 0.392649 0.1899999 0.16264 -0.30052 0.1899999 0.30052 -0.345531 0.1899999 0.361398 -0.361398 0.1899999 0.345531 -0.181711 0.1899999 -0.384195 -0.216942 0.1899999 -0.450484 0.459764 0.1899999 0.1965129 0.450484 0.1899999 0.216942 0.384195 0.1899999 0.181711 0.440298 0.1899999 0.236934 0.374817 0.1899999 0.200344 -0.25645 0.1899999 -0.429224 -0.2184939 0.1899999 -0.364535 -0.275449 0.1899999 -0.417287 0.364535 0.1899999 0.2184939 0.429224 0.1899999 0.25645 0.417287 0.1899999 0.275449 0.353375 0.1899999 0.236117 0.404509 0.1899999 0.293893 -0.293893 0.1899999 -0.404509 -0.253172 0.1899999 -0.341363 -0.311745 0.1899999 -0.390916 0.341363 0.1899999 0.253172 0.390916 0.1899999 0.311745 0.328529 0.1899999 0.269617 -0.269617 0.1899999 -0.328529 -0.328969 0.1899999 -0.376536 0.314904 0.1899999 0.285413 0.376536 0.1899999 0.328969 0.361398 0.1899999 0.345531 0.30052 0.1899999 0.30052 0.345531 0.1899999 0.361398 -0.361398 0.1899999 -0.345531 -0.30052 0.1899999 -0.30052 -0.314904 0.1899999 -0.285413 0.285413 0.1899999 0.314904 0.328969 0.1899999 0.376536 -0.486118 0.47 -0.06155997 -0.486118 0.22 -0.06155997 -0.474226 0.22 -0.05246394 -0.474226 0.47 -0.05246394 -0.461692 0.47 -0.04427599 -0.474226 0.22 -0.05246394 -0.461692 0.22 -0.04427599 -0.448586 0.47 -0.03703999 -0.448586 0.22 -0.03703999 -0.434979 0.47 -0.030797 -0.434979 0.22 -0.030797 -0.420946 0.22 -0.02557998 -0.377075 0.47 -0.016348 -0.377075 0.22 -0.016348 -0.36213 0.22 -0.01546597 -0.36213 0.47 -0.01546597 -0.34716 0.22 -0.01569598 -0.332249 0.47 -0.01703596 -0.332249 0.22 -0.01703596 -0.317478 0.22 -0.01947796 -0.288683 0.47 -0.02761 -0.302929 0.47 -0.02300995 -0.302929 0.22 -0.023009 -0.288683 0.47 -0.02761 -0.288683 0.22 -0.02761 -0.285594 0.22 -0.05035799 -0.471144 0.22 -0.075163 -0.482556 0.47 -0.08508795 -0.471144 0.47 -0.075163 -0.446047 0.22 -0.05832695 -0.458946 0.22 -0.06622195 -0.458946 0.47 -0.06622195 -0.432536 0.22 -0.05153197 -0.446047 0.47 -0.05832695 -0.432536 0.47 -0.05153197 -0.418507 0.22 -0.04588395 -0.432536 0.47 -0.05153197 -0.418507 0.47 -0.04588395 -0.432536 0.22 -0.05153197 -0.404056 0.22 -0.04142194 -0.404056 0.47 -0.04142194 -0.389285 0.47 -0.03817898 -0.359189 0.22 -0.03542399 -0.374294 0.22 -0.03617495 -0.359189 0.47 -0.03542399 -0.329054 0.22 -0.03769797 -0.344074 0.22 -0.03593295 -0.329054 0.47 -0.03769797 -0.314232 0.22 -0.04070496 -0.314232 0.47 -0.04070496 -0.299712 0.47 -0.04493498 -0.299712 0.22 -0.04493498 -0.285594 0.47 -0.05035799 -0.477856 0.47 0.108415 -0.477856 0.22 0.108415 -0.463571 0.22 0.1128939 -0.463571 0.47 0.1128939 -0.448992 0.47 0.116302 -0.448992 0.22 0.116302 -0.434201 0.22 0.118619 -0.434201 0.47 0.118619 -0.419279 0.22 0.119832 -0.389371 0.47 0.118926 -0.404308 0.47 0.119935 -0.404308 0.22 0.119935 -0.37455 0.47 0.116813 -0.37455 0.22 0.116813 -0.331592 0.47 0.103986 -0.331592 0.22 0.103986 -0.318039 0.22 0.09762698 -0.318039 0.47 0.09762698 -0.304994 0.22 0.09027999 -0.29253 0.47 0.08198601 -0.29253 0.22 0.08198601 -0.453918 0.22 0.09474098 -0.468438 0.47 0.09051096 -0.453918 0.47 0.09473997 -0.468438 0.22 0.09051096 -0.439096 0.22 0.09774798 -0.439096 0.47 0.09774798 -0.424076 0.22 0.09951198 -0.378866 0.22 0.09726697 -0.393856 0.22 0.09927099 -0.378866 0.47 0.09726697 -0.364094 0.22 0.09402298 -0.364094 0.47 0.09402298 -0.349643 0.22 0.08956199 -0.349643 0.47 0.08956199 -0.309204 0.22 0.06922298 -0.322103 0.47 0.07711899 -0.309204 0.47 0.06922298 -0.297006 0.47 0.06028199 -0.280716 0.47 0.07278996 -0.280716 0.22 0.07278996 -0.285594 0.22 0.05035799 -0.427683 0.47 -0.211495 -0.435747 0.47 -0.2241089 -0.427683 0.22 -0.211495 -0.418706 0.47 -0.199514 -0.418706 0.22 -0.199514 -0.37472 0.47 -0.15918 -0.386811 0.47 -0.168009 -0.386811 0.22 -0.168009 -0.306385 0.47 -0.129644 -0.320856 0.47 -0.133485 -0.306385 0.22 -0.129644 -0.29167 0.47 -0.126888 -0.29167 0.22 -0.126888 -0.276791 0.47 -0.12523 -0.276791 0.22 -0.12523 -0.251147 0.47 -0.145 -0.26183 0.47 -0.124681 -0.26183 0.22 -0.124681 -0.417023 0.22 -0.2317709 -0.424352 0.47 -0.245 -0.417023 0.47 -0.2317709 -0.408619 0.22 -0.219197 -0.399199 0.22 -0.207366 -0.408619 0.47 -0.219197 -0.388826 0.22 -0.1963599 -0.399199 0.47 -0.207366 -0.377575 0.22 -0.186254 -0.388826 0.47 -0.1963599 -0.377575 0.47 -0.186254 -0.339349 0.22 -0.162009 -0.35275 0.47 -0.169019 -0.339349 0.47 -0.162009 -0.35275 0.22 -0.169019 -0.311034 0.22 -0.1514469 -0.325412 0.47 -0.156138 -0.311034 0.47 -0.1514469 -0.296316 0.47 -0.147967 -0.296316 0.22 -0.147967 -0.28136 0.22 -0.1457239 -0.28136 0.47 -0.1457239 -0.282548 0.47 0.38446 -0.296371 0.47 0.39021 -0.282548 0.22 0.38446 -0.26919 0.47 0.377699 -0.26919 0.22 0.377699 -0.256371 0.22 0.369967 -0.232626 0.47 0.35176 -0.2441599 0.47 0.361304 -0.232626 0.22 0.35176 -0.221831 0.47 0.341386 -0.221831 0.22 0.341386 -0.202695 0.47 0.318383 -0.211836 0.47 0.33024 -0.202695 0.22 0.318383 -0.211836 0.22 0.33024 -0.202695 0.47 0.318383 -0.202695 0.22 0.318383 -0.194459 0.22 0.30588 -0.187174 0.47 0.292801 -0.194459 0.47 0.30588 -0.187174 0.22 0.292801 -0.180878 0.47 0.279218 -0.180878 0.22 0.279218 -0.175608 0.22 0.265205 -0.168253 0.47 0.236201 -0.171392 0.22 0.25084 -0.168253 0.22 0.236201 -0.300665 0.22 0.370441 -0.314966 0.22 0.375362 -0.314966 0.47 0.375362 -0.300665 0.47 0.370441 -0.286823 0.22 0.364348 -0.260896 0.22 0.348822 -0.273536 0.47 0.357125 -0.260896 0.47 0.348822 -0.2489899 0.22 0.339496 -0.237901 0.22 0.329212 -0.2489899 0.47 0.339496 -0.237901 0.47 0.329212 -0.227706 0.47 0.318041 -0.218475 0.22 0.306061 -0.218475 0.47 0.306061 -0.227706 0.22 0.318041 -0.210273 0.22 0.293355 -0.210273 0.47 0.293355 -0.2031559 0.22 0.28001 -0.2031559 0.47 0.28001 -0.197174 0.47 0.26612 -0.192368 0.22 0.251781 -0.197174 0.47 0.26612 -0.192368 0.47 0.251781 -0.314966 0.22 0.375362 -0.296371 0.22 0.39021 -0.314966 0.47 0.375362 -0.424352 0.22 0.245 -0.411958 0.22 0.265313 -0.424352 0.47 0.245 -0.338906 0.47 0.250983 -0.353009 0.47 0.256007 -0.338906 0.22 0.250983 -0.325214 0.47 0.244927 -0.299365 0.47 0.229856 -0.312009 0.47 0.237872 -0.299365 0.22 0.229856 -0.255723 0.47 0.18915 -0.265468 0.47 0.200515 -0.255723 0.22 0.18915 -0.246848 0.47 0.177093 -0.255723 0.47 0.18915 -0.255723 0.22 0.18915 -0.238891 0.47 0.164411 -0.246848 0.22 0.177093 -0.409231 0.22 0.245267 -0.424352 0.22 0.245 -0.424352 0.47 0.245 -0.39414 0.22 0.244276 -0.409231 0.47 0.245267 -0.32275 0.22 0.220981 -0.336151 0.22 0.227991 -0.32275 0.47 0.220981 -0.309979 0.22 0.21288 -0.309979 0.47 0.21288 -0.297925 0.47 0.203746 -0.286674 0.22 0.1936399 -0.297925 0.22 0.203746 -0.258476 0.22 0.1582289 -0.266881 0.22 0.170803 -0.258476 0.47 0.1582289 -0.251147 0.22 0.145 -0.251147 0.47 0.145 -0.251147 0.47 0.145 -0.238891 0.22 0.164411 0.427683 0.47 0.211495 0.435747 0.47 0.2241089 0.427683 0.22 0.211495 0.386811 0.47 0.168009 0.398213 0.47 0.177711 0.386811 0.22 0.168009 0.348743 0.47 0.144329 0.362007 0.47 0.1512719 0.348743 0.22 0.144329 0.320856 0.47 0.133485 0.335001 0.47 0.138389 0.320856 0.22 0.133485 0.26183 0.47 0.12468 0.276791 0.47 0.12523 0.276791 0.22 0.12523 0.29167 0.22 0.126887 0.417023 0.22 0.2317709 0.424352 0.47 0.245 0.417023 0.47 0.2317709 0.399199 0.22 0.207366 0.408619 0.22 0.219197 0.408619 0.47 0.219197 0.377575 0.22 0.186254 0.388826 0.47 0.1963599 0.377575 0.47 0.186254 0.339349 0.22 0.162009 0.35275 0.47 0.169019 0.339349 0.47 0.162009 0.325412 0.47 0.156138 0.311034 0.22 0.151446 0.311034 0.47 0.151446 0.325412 0.22 0.156138 0.251147 0.22 0.145 0.266269 0.22 0.144733 0.251147 0.47 0.145 0.251147 0.47 0.145 0.26183 0.22 0.12468 0.288683 0.47 0.02761 0.288683 0.22 0.02761 0.285594 0.22 0.05035799 0.486118 0.47 0.06155997 0.486118 0.22 0.06155997 0.474226 0.22 0.05246394 0.474226 0.47 0.05246394 0.448586 0.47 0.03703999 0.461692 0.47 0.04427599 0.448586 0.22 0.03703999 0.391914 0.47 0.01833498 0.406564 0.47 0.02141898 0.391914 0.22 0.01833498 0.406564 0.22 0.02141898 0.36213 0.47 0.01546597 0.377075 0.47 0.016348 0.36213 0.22 0.01546597 0.302929 0.47 0.023009 0.317478 0.47 0.01947796 0.317478 0.22 0.01947796 0.332249 0.47 0.01703596 0.332249 0.22 0.01703596 0.458946 0.22 0.06622195 0.471144 0.22 0.075163 0.471144 0.47 0.075163 0.446047 0.22 0.05832695 0.458946 0.47 0.06622195 0.446047 0.47 0.05832695 0.418507 0.22 0.04588395 0.432536 0.22 0.05153095 0.432536 0.47 0.05153095 0.404056 0.22 0.04142194 0.404056 0.47 0.04142194 0.389285 0.47 0.03817898 0.418507 0.47 0.04588395 0.374294 0.22 0.03617495 0.374294 0.47 0.03617495 0.359189 0.47 0.03542399 0.389285 0.22 0.03817898 0.344074 0.22 0.03593295 0.344074 0.47 0.03593295 0.314232 0.22 0.04070496 0.314232 0.47 0.04070496 0.299712 0.47 0.04493498 0.329054 0.22 0.03769797 0.329054 0.47 0.03769695 0.482556 0.22 0.08508795 0.397002 0.47 -0.264637 0.411958 0.47 -0.265313 0.397002 0.22 -0.264637 0.382137 0.47 -0.262853 0.367446 0.47 -0.259971 0.367446 0.22 -0.259971 0.382137 0.22 -0.262853 0.353009 0.22 -0.256007 0.338906 0.47 -0.250983 0.353009 0.47 -0.256007 0.338906 0.22 -0.250983 0.325214 0.47 -0.244927 0.325214 0.22 -0.244927 0.312009 0.47 -0.237872 0.312009 0.22 -0.237872 0.299365 0.22 -0.229856 0.265468 0.47 -0.200515 0.27603 0.47 -0.211126 0.265468 0.22 -0.200515 0.255723 0.22 -0.18915 0.409231 0.22 -0.245267 0.424352 0.22 -0.245 0.424352 0.47 -0.245 0.39414 0.22 -0.244276 0.409231 0.47 -0.245267 0.379184 0.22 -0.242033 0.39414 0.47 -0.244276 0.379184 0.47 -0.242033 0.364466 0.22 -0.238554 0.364466 0.47 -0.238554 0.336151 0.22 -0.227991 0.350088 0.47 -0.233862 0.336151 0.47 -0.227991 0.350088 0.22 -0.233862 0.309979 0.22 -0.21288 0.309979 0.47 -0.21288 0.297925 0.47 -0.203746 0.286674 0.22 -0.1936399 0.297925 0.22 -0.203746 0.266881 0.22 -0.170803 0.276301 0.22 -0.1826339 0.276301 0.47 -0.1826339 0.258476 0.22 -0.1582289 0.258476 0.47 -0.1582289 0.251147 0.47 -0.145 0.448992 0.47 -0.116302 0.463571 0.22 -0.112895 0.448992 0.22 -0.116302 0.434201 0.47 -0.118619 0.434201 0.22 -0.118619 0.419279 0.22 -0.119832 0.389371 0.47 -0.118926 0.404308 0.47 -0.119935 0.404308 0.22 -0.119935 0.37455 0.47 -0.116813 0.37455 0.22 -0.116813 0.359926 0.22 -0.113605 0.359926 0.47 -0.113605 0.345581 0.22 -0.109322 0.331592 0.47 -0.103986 0.345581 0.47 -0.109322 0.331592 0.22 -0.103986 0.318039 0.47 -0.09762698 0.318039 0.22 -0.09762698 0.304994 0.22 -0.09027999 0.29253 0.47 -0.08198601 0.29253 0.22 -0.08198601 0.280716 0.47 -0.07278996 0.280716 0.22 -0.07278996 0.285594 0.22 -0.05035799 0.468438 0.22 -0.09051096 0.482556 0.47 -0.08508795 0.468438 0.47 -0.09051096 0.453918 0.22 -0.09474098 0.453918 0.47 -0.09474098 0.424076 0.22 -0.09951198 0.439096 0.47 -0.09774798 0.424076 0.47 -0.09951198 0.408961 0.22 -0.100021 0.364094 0.22 -0.09402298 0.378866 0.47 -0.09726697 0.364094 0.47 -0.09402298 0.378866 0.22 -0.09726697 0.335614 0.22 -0.08391398 0.349643 0.47 -0.08956199 0.335614 0.47 -0.08391398 0.349643 0.22 -0.08956199 0.322103 0.22 -0.07711899 0.322103 0.47 -0.07711899 0.309204 0.22 -0.06922399 0.297006 0.22 -0.060283 0.297006 0.47 -0.060283 0.285594 0.47 -0.05035799 -0.03068095 0.47 -0.476132 -0.03068095 0.22 -0.476132 -0.03656899 0.22 -0.462367 -0.04790496 0.47 -0.418992 -0.04520398 0.47 -0.433718 -0.04520398 0.22 -0.433718 -0.04790496 0.22 -0.418992 -0.04999798 0.47 -0.389144 -0.04950594 0.47 -0.404107 -0.04999798 0.22 -0.389144 -0.04937899 0.47 -0.374185 -0.04937899 0.22 -0.374185 -0.04765194 0.22 -0.359314 -0.04482597 0.47 -0.344612 -0.04765194 0.47 -0.359314 -0.04482597 0.22 -0.344612 -0.04091697 0.47 -0.33016 -0.04091697 0.22 -0.33016 -0.02994298 0.47 -0.302323 -0.03594696 0.47 -0.316037 -0.03594696 0.22 -0.316037 -0.02994298 0.22 -0.302323 -0.02293795 0.22 -0.289091 -0.01447898 0.22 -0.463473 -0.007791996 0.47 -0.477038 -0.01447898 0.47 -0.463473 -0.007791996 0.22 -0.477038 -0.020015 0.22 -0.449399 -0.020015 0.47 -0.449399 -0.02436095 0.47 -0.434913 -0.02748596 0.22 -0.420116 -0.02748596 0.47 -0.420116 -0.02436095 0.22 -0.434913 -0.02748596 0.22 -0.359884 -0.02936995 0.22 -0.37489 -0.02936995 0.47 -0.37489 -0.02436095 0.22 -0.345087 -0.02748596 0.47 -0.359884 -0.02436095 0.47 -0.345087 0.134016 0.47 -0.457911 0.145038 0.47 -0.468043 0.134016 0.22 -0.457911 0.123776 0.47 -0.44699 0.123776 0.22 -0.44699 0.114374 0.47 -0.435339 0.114374 0.22 -0.435339 0.09828799 0.47 -0.410109 0.105862 0.47 -0.423022 0.09828799 0.22 -0.410109 0.105862 0.22 -0.423022 0.08157795 0.47 -0.368508 0.08611196 0.47 -0.382776 0.08157795 0.22 -0.368508 0.07811498 0.47 -0.353943 0.07811498 0.22 -0.353943 0.075742 0.22 -0.33916 0.075742 0.47 -0.33916 0.07447201 0.22 -0.324243 0.07731997 0.47 -0.279502 0.07526296 0.22 -0.294332 0.07731997 0.22 -0.279502 0.11786 0.22 -0.404181 0.125858 0.22 -0.417017 0.125858 0.47 -0.417017 0.09465301 0.22 -0.30239 0.09426397 0.47 -0.317509 0.09465301 0.47 -0.30239 0.09426397 0.22 -0.317509 0.09629696 0.22 -0.287356 0.09629696 0.47 -0.287356 0.099186 0.47 -0.272511 -0.191678 0.47 -0.436924 -0.189747 0.47 -0.45177 -0.191678 0.22 -0.436924 -0.192502 0.47 -0.421975 -0.192502 0.22 -0.421975 -0.192215 0.47 -0.407007 -0.192215 0.22 -0.407007 -0.190818 0.47 -0.392101 -0.190818 0.22 -0.392101 -0.18832 0.47 -0.37734 -0.18832 0.22 -0.37734 -0.17438 0.47 -0.334731 -0.180078 0.47 -0.348575 -0.17438 0.22 -0.334731 -0.167671 0.22 -0.321347 -0.159987 0.47 -0.308498 -0.159987 0.22 -0.308498 -0.151371 0.22 -0.296254 -0.131538 0.47 -0.273849 -0.141871 0.22 -0.284683 -0.131538 0.22 -0.273849 -0.1704789 0.22 -0.445604 -0.16759 0.22 -0.460449 -0.16759 0.47 -0.460449 -0.1704789 0.47 -0.445604 -0.169517 0.22 -0.385379 -0.1716409 0.22 -0.400353 -0.1716409 0.47 -0.400353 -0.166155 0.22 -0.370634 -0.169517 0.47 -0.385379 -0.1558189 0.22 -0.342236 -0.161579 0.47 -0.35622 -0.1558189 0.47 -0.342236 -0.140918 0.22 -0.315944 -0.148916 0.47 -0.328779 -0.140918 0.47 -0.315944 -0.148916 0.22 -0.328779 -0.13188 0.22 -0.303818 -0.13188 0.47 -0.303818 -0.121865 0.22 -0.292486 -0.121865 0.47 -0.292486 -0.110941 0.47 -0.282026 -0.110941 0.22 -0.282026 -0.099186 0.47 -0.272511 -0.189747 0.22 -0.45177 -0.189747 0.47 -0.45177 -0.16759 0.47 -0.460449 -0.16759 0.22 -0.460449 -0.325217 0.47 -0.330688 -0.329555 0.47 -0.345017 -0.329555 0.22 -0.345017 -0.297679 0.47 -0.277742 -0.306021 0.47 -0.290174 -0.306021 0.22 -0.290174 -0.297679 0.22 -0.277742 -0.288438 0.22 -0.265963 -0.255851 0.47 -0.235174 -0.255851 0.22 -0.235174 -0.243567 0.22 -0.226616 -0.312604 0.22 -0.360424 -0.314966 0.22 -0.375362 -0.314966 0.47 -0.375362 -0.309007 0.22 -0.345734 -0.312604 0.47 -0.360424 -0.309007 0.47 -0.345734 -0.3042 0.22 -0.331395 -0.263473 0.22 -0.268303 -0.273669 0.47 -0.279474 -0.263473 0.47 -0.268303 -0.252385 0.47 -0.258019 -0.273669 0.22 -0.279474 -0.2404789 0.22 -0.248693 -0.2404789 0.47 -0.248693 -0.227838 0.22 -0.24039 -0.227838 0.47 -0.24039 -0.214551 0.22 -0.233166 -0.214551 0.47 -0.233166 -0.214551 0.22 -0.233166 -0.214551 0.47 -0.233166 -0.200709 0.47 -0.227073 -0.200709 0.22 -0.227073 -0.186408 0.47 -0.222153 -0.186408 0.22 -0.222153 0.12 0.14697 -0.02960598 0.157128 0.157739 -0.031349 0.146859 0.156006 -0.04946798 0.146657 0.1993359 -0.205277 0.143041 0.1899999 -0.186987 0.153953 0.2005169 -0.202418 0.196417 0.183299 -0.104101 0.207613 0.183299 -0.07945698 0.216433 0.191619 -0.100102 0.177007 0.2169449 -0.217598 0.15341 0.209341 -0.220749 0.2362599 0.2005169 -0.09410697 0.167106 0.168436 -0.088566 0.177781 0.168436 -0.06451499 0.187411 0.175568 -0.08514398 0.196938 0.174601 -0.05194199 0.209574 0.22 -0.1931419 0.17493 0.2005169 -0.1845909 0.175674 0.175568 -0.107291 0.153196 0.168436 -0.110902 0.128762 0.160185 -0.106872 0.1461369 0.161913 -0.09100699 0.125612 0.157326 -0.09746295 0.193858 0.2005169 -0.164602 0.1573539 0.161913 -0.06984299 0.174095 0.16486 -0.04592299 0.138229 0.185324 -0.179262 0.146232 0.183299 -0.16743 0.133367 0.180835 -0.1714569 0.128457 0.176533 -0.163576 0.177009 0.217954 -0.219525 0.171445 0.22 -0.227666 0.181711 0.218968 -0.217598 0.285 0.22 0 0.26771 0.208642 0 0.1793619 0.21795 -0.217598 0.165497 0.183299 -0.148416 0.2416999 0.22 -0.151017 0.210514 0.2005169 -0.142683 0.224703 0.2005169 -0.119093 0.258535 0.22 -0.119937 0.2506 0.22 -0.135738 0.182308 0.183299 -0.127201 0.125656 0.1735219 -0.157158 0.122837 0.170617 -0.150698 0.136321 0.168436 -0.131092 0.1287029 0.164878 -0.125979 0.129764 0.162678 -0.116291 0.125382 0.166662 -0.135607 0.14195 0.1899999 -0.187817 0.2126989 0.181709 -0.05230599 0.220485 0.185467 -0.05249899 0.204849 0.178086 -0.05212098 0.245047 0.2005169 -0.06801795 0.225601 0.186327 -0.03530597 0.250964 0.2005169 -0.04113197 0.229381 0.187207 -0.01777195 0.151386 0.155349 -0.02161794 0.12 0.16782 -0.144198 0.253939 0.2005169 -0.01376497 0.249967 0.1980029 0 0.147943 0.153916 -0.01099699 0.12 0.146297 -0.01480996 0.146905 0.153472 0 0.137983 0.15084 0 0.164876 0.160979 -0.03961896 0.129013 0.148373 0 0.12 0.146073 0 0.290582 0.22 -0.36614 0.314966 0.22 -0.375362 0.300665 0.47 -0.370441 0.267769 0.22 -0.353523 0.273536 0.47 -0.357125 0.260896 0.47 -0.348822 0.212989 0.229533 -0.297824 0.218475 0.47 -0.306061 0.210273 0.47 -0.293355 0.200405 0.22956 -0.274013 0.2031559 0.47 -0.28001 0.197174 0.47 -0.26612 0.186408 0.229591 -0.222153 0.191479 0.22958 -0.248603 0.188771 0.47 -0.237091 0.296371 0.22 -0.39021 0.296371 0.47 -0.39021 0.314966 0.47 -0.375362 0.314966 0.22 -0.375362 0.247013 0.229458 -0.363452 0.262596 0.22 -0.373884 0.2469919 0.22 -0.363437 0.221831 0.47 -0.341386 0.232626 0.47 -0.35176 0.221619 0.229514 -0.341166 0.211836 0.47 -0.33024 0.20342 0.2295539 -0.319392 0.175608 0.47 -0.265205 0.180878 0.47 -0.279218 0.177027 0.2296119 -0.269304 0.171392 0.47 -0.25084 0.173466 0.22 -0.258401 0.170545 0.22 -0.247375 0.1770099 0.2296119 -0.387598 0.2470099 0.229458 -0.387608 0.246989 0.22 -0.387608 0.176989 0.22 -0.387598 0.177006 0.22 -0.269245 0.186408 0.47 -0.222153 0.168253 0.47 -0.236201 0.177033 0.2296119 -0.229408 0.168253 0.22 -0.236201 0.177012 0.22 -0.2294239 0.186408 0.229591 -0.222153 0.177034 0.2296119 -0.217598 0.177011 0.218973 -0.221447 0.177009 0.217954 -0.219525 0.04800796 0.22 -0.098971 0.03418797 0.22 -0.09397399 0.04486197 0.22 -0.08937197 -0.12 0.22 -0.144198 0.05841594 0.22 -0.093207 0.05492997 0.22 -0.08356297 0.16 0.22 -0.23585 0.12 0.22 -0.144198 0.09140598 0.22 -0.143335 0.10264 0.22 -0.135518 0.07958096 0.22 -0.150223 0.06425595 0.22 -0.07662397 -0.126221 0.22 -0.133745 -0.129398 0.22 -0.122004 -0.101547 0.22 -0.1363379 -0.129297 0.22 -0.10984 -0.05487698 0.22 -0.09533399 -0.06485295 0.22 -0.088849 -0.05492997 0.22 -0.08356297 0.126221 0.22 -0.133745 -0.09025198 0.22 -0.144065 0.07569998 0.22 -0.07250398 0.08783197 0.22 -0.071617 -0.07837098 0.22 -0.150858 0.09975397 0.22 -0.07402795 0.129297 0.22 -0.10984 0.125925 0.22 -0.09815299 0.06731098 0.22 -0.276937 0.02793395 0.22 -0.167689 0.04133194 0.22 -0.164899 -0.06598198 0.22 -0.156673 -0.05316597 0.22 -0.161472 -0.02160197 0.22 -0.107858 -0.03312397 0.22 -0.104894 -0.02305197 0.22 -0.09730696 -0.04000598 0.22 -0.165226 -0.02658599 0.22 -0.167908 0.09977096 0.22 -0.266966 0.06723898 0.22 -0.156137 0.002063989 0.22 -0.109981 0 0.22 -0.1 0.01160395 0.22 -0.09932398 0.02563399 0.22 -0.106972 0.01393097 0.22 -0.109114 0.02305197 0.22 -0.09730696 0 0.22 -0.285 0.014355 0.22 -0.169393 -0.12 0.146577 -0.02221 -0.12 0.147208 -0.03330099 -0.152926 0.156006 -0.02506399 -0.154014 0.155998 -0.01692897 -0.16 0.22 0.23585 -0.15341 0.209341 0.220749 -0.201324 0.176501 -0.05193597 -0.188714 0.17096 -0.05003696 -0.177781 0.168436 -0.06451499 -0.146657 0.1993359 0.205277 -0.139753 0.1899999 0.1894569 -0.140854 0.1899999 0.1886399 -0.158763 0.1580229 -0.02715998 -0.146859 0.156006 -0.04946798 -0.1764889 0.165641 -0.04476696 -0.166171 0.161194 -0.036677 -0.176686 0.2005169 -0.182911 -0.196455 0.2005169 -0.161493 -0.167886 0.183299 -0.145708 -0.14195 0.1899999 0.187817 -0.143041 0.1899999 0.186987 -0.146657 0.1993359 -0.205277 -0.15341 0.209341 -0.220749 -0.154597 0.2005169 -0.201927 -0.143041 0.1899999 -0.186987 -0.1853539 0.183299 -0.122721 -0.167106 0.168436 -0.088566 -0.153196 0.168436 -0.110902 -0.128477 0.159831 -0.105633 -0.1297619 0.162582 -0.115902 -0.12 0.148091 -0.044375 -0.136924 0.156006 -0.07256996 -0.138229 0.185324 -0.179262 -0.147587 0.183299 -0.166236 -0.133367 0.180835 -0.1714569 -0.125656 0.1735219 -0.157158 -0.136321 0.168436 -0.131092 -0.128645 0.1649309 -0.126237 -0.125248 0.166707 -0.135885 -0.194589 0.173166 0.04790395 -0.2013109 0.176089 0.048213 -0.189477 0.175568 0.08044296 -0.199695 0.183299 0.09766495 -0.167106 0.168436 0.088566 -0.129069 0.160623 0.108433 -0.125719 0.157402 0.097696 -0.1461369 0.161913 0.09100699 -0.12 0.154128 0.08838397 -0.136924 0.156006 0.07256996 -0.153196 0.168436 0.110902 -0.177781 0.168436 0.06451499 -0.1573539 0.161913 0.06984299 -0.228025 0.2005169 -0.112603 -0.2394109 0.2005169 -0.08577197 -0.219689 0.191619 -0.09273797 -0.207634 0.191619 -0.1172659 -0.199695 0.183299 -0.09766495 -0.189477 0.175568 -0.08044296 -0.210668 0.183299 -0.07096195 -0.1573539 0.161913 -0.06984299 -0.1461369 0.161913 -0.09100699 -0.1517429 0.155005 0.005363941 -0.12 0.146199 0.01110798 -0.12 0.146073 0 -0.151599 0.154963 -0.00563997 -0.12 0.146199 -0.01110798 -0.14195 0.1899999 -0.187817 -0.140854 0.1899999 -0.1886399 -0.122837 0.170617 -0.150698 -0.12 0.16782 -0.144198 -0.138229 0.185324 0.179261 -0.133367 0.180835 0.1714569 -0.147587 0.183299 0.166236 -0.213643 0.2005169 0.1379539 -0.228025 0.2005169 0.112603 -0.1282089 0.165286 0.127988 -0.1296949 0.1632789 0.11878 -0.136321 0.168436 0.131092 -0.122837 0.170617 0.150698 -0.124922 0.166811 0.136541 -0.196455 0.2005169 0.161493 -0.1853539 0.183299 0.122721 -0.266173 0.22 0.101868 -0.2394109 0.2005169 0.08577197 -0.271881 0.22 0.08547395 -0.167886 0.183299 0.145708 -0.247653 0.2005169 0.05781495 -0.2335129 0.191524 0.04743897 -0.2229019 0.186125 0.04771 -0.210668 0.183299 0.07096195 -0.252642 0.2005169 0.02909898 -0.234706 0.1906729 0.03060597 -0.2346799 0.189818 0.01372998 -0.254312 0.2005169 0 -0.233433 0.188962 -0.003098964 -0.172179 0.163567 0.03944396 -0.179921 0.16686 0.04385298 -0.146859 0.156006 0.04946798 -0.12 0.148091 0.044375 -0.12 0.147208 0.03330099 -0.252642 0.2005169 -0.02909898 -0.227312 0.187268 -0.03626799 -0.247653 0.2005169 -0.05781495 -0.271881 0.22 -0.08547395 -0.22247 0.186438 -0.05243498 -0.161118 0.158906 0.02873396 -0.152926 0.156006 0.02506399 -0.12 0.146577 0.02221 -0.153771 0.1558409 0.01452195 -0.251818 0.22 -0.133464 -0.259477 0.22 -0.117885 0.125925 0.22 0.09815299 0.101547 0.22 0.1363379 0.129297 0.22 0.10984 0.129398 0.22 0.122004 0.126221 0.22 0.133745 0.03418797 0.22 0.09397399 0.02305197 0.22 0.09730696 0.03703695 0.22 0.103577 -0.07569998 0.22 0.07250398 -0.08783197 0.22 0.071617 -0.07406896 0.22 0.08132499 -0.09975397 0.22 0.07402795 0 0.22 0.17 -0.01358896 0.22 0.169456 0.04486197 0.22 0.08937197 0.04800796 0.22 0.098971 0.04041999 0.22 0.165125 0.02709096 0.22 0.167827 0.05349099 0.22 0.161365 -0.129297 0.22 0.10984 -0.129398 0.22 0.122004 -0.101547 0.22 0.1363379 -0.126221 0.22 0.133745 0.07852196 0.22 0.150779 0.06621795 0.22 0.1565729 -0.110587 0.22 0.07956099 -0.05492997 0.22 0.08356297 -0.06485295 0.22 0.088849 -0.05487698 0.22 0.09533399 0.08783197 0.22 0.071617 0.05841594 0.22 0.093207 0.09975397 0.22 0.07402795 -0.03418797 0.22 0.09397399 -0.04425996 0.22 0.100703 -0.03312397 0.22 0.104894 -0.05349099 0.22 0.161365 -0.04041999 0.22 0.165125 -0.01160395 0.22 0.09932398 -0.009825944 0.22 0.10956 0 0.22 0.1 0.002063989 0.22 0.109981 -0.12 0.22 0.144198 -0.130814 0.22 0.253205 0.119531 0.22 0.08780497 0.110587 0.22 0.07956099 0.01160395 0.22 0.09932398 0.01393097 0.22 0.109114 0.196417 0.183299 0.104101 0.182308 0.183299 0.127201 0.204345 0.191619 0.12291 0.2328 0.1888999 0.01578396 0.253939 0.2005169 0.01376396 0.210514 0.2005169 0.142683 0.216433 0.191619 0.100102 0.180227 0.21723 0.215492 0.177067 0.215881 0.215492 0.153196 0.168436 0.110902 0.175674 0.175568 0.107291 0.250964 0.2005169 0.04113197 0.231579 0.190504 0.04737198 0.245047 0.2005169 0.06801795 0.271744 0.22 0.08590799 0.146859 0.156006 0.04946798 0.136924 0.156006 0.07256996 0.1573539 0.161913 0.06984299 0.1770769 0.22 0.223313 0.177074 0.218611 0.220715 0.171489 0.22 0.2276329 0.128686 0.160088 0.106528 0.1461369 0.161913 0.09100699 0.12 0.154128 0.08838397 0.12 0.146297 0.01480996 0.148102 0.153945 0.01008898 0.2362599 0.2005169 0.09410697 0.15341 0.209341 0.220749 0.215731 0.183299 0.053635 0.17707 0.217238 0.2181079 0.2318029 0.188102 0 0.156867 0.157503 0.02897697 0.151399 0.155277 0.01985597 0.12 0.14697 0.02960598 0.208631 0.179342 0.04794299 0.196951 0.1741999 0.04820698 0.207613 0.183299 0.07945698 0.224703 0.2005169 0.119092 0.222746 0.22 0.17779 0.146657 0.1993359 0.205277 0.143041 0.1899999 0.186987 0.14195 0.1899999 0.187817 0.184239 0.168833 0.04683995 0.177781 0.168436 0.06451499 0.17493 0.2005169 0.1845909 0.12 0.148091 0.044375 0.153953 0.2005169 0.202418 0.129764 0.162678 0.116291 0.12 0.149658 0.05910295 0.128457 0.176533 0.163576 0.133367 0.180835 0.1714569 0.146232 0.183299 0.16743 0.1287029 0.164878 0.125979 0.136321 0.168436 0.131092 0.165497 0.183299 0.148415 0.125382 0.166662 0.135607 0.122837 0.170617 0.150698 0.12 0.16782 0.144198 0.191678 0.47 0.436924 0.189747 0.22 0.45177 0.192214 0.22 0.429725 0.192215 0.47 0.407007 0.192502 0.47 0.421975 0.192245 0.22 0.407542 0.17438 0.47 0.33473 0.180078 0.47 0.348575 0.177115 0.2296119 0.341013 0.141871 0.47 0.284683 0.1433629 0.22 0.286388 0.132348 0.22 0.274642 0.099186 0.47 0.272511 0.12043 0.47 0.263812 0.12043 0.22 0.263812 0.099186 0.22 0.272511 0.1704789 0.22 0.445604 0.16759 0.47 0.460449 0.1704789 0.47 0.445604 0.172123 0.22 0.43057 0.172123 0.47 0.43057 0.172511 0.22 0.415452 0.172511 0.47 0.415452 0.1716409 0.22 0.400353 0.1716409 0.47 0.400353 0.166155 0.22 0.370634 0.169517 0.47 0.385379 0.166155 0.47 0.370634 0.169517 0.22 0.385379 0.1558189 0.22 0.342236 0.161579 0.47 0.356219 0.1558189 0.47 0.342236 0.148916 0.47 0.328779 0.161579 0.22 0.356219 0.140918 0.22 0.315944 0.140918 0.47 0.315944 0.13188 0.47 0.303818 0.121865 0.22 0.292486 0.121865 0.47 0.292486 0.110941 0.47 0.282026 0.13188 0.22 0.303818 0.110941 0.22 0.282026 0.099186 0.47 0.272511 0.189747 0.22 0.45177 0.189747 0.47 0.45177 0.16759 0.47 0.460449 0.189839 0.229584 0.38549 0.247101 0.22 0.385482 0.247121 0.229458 0.385482 0.312765 0.22 0.361235 0.314966 0.47 0.375362 0.312604 0.47 0.360424 0.314966 0.22 0.375362 0.299624 0.22 0.320497 0.3042 0.47 0.331394 0.298218 0.47 0.317504 0.293156 0.22 0.307747 0.291101 0.47 0.30416 0.277317 0.22 0.283965 0.285705 0.22 0.295544 0.282899 0.47 0.291454 0.268045 0.22 0.273082 0.273669 0.47 0.279474 0.263473 0.47 0.268303 0.247102 0.229458 0.253683 0.252385 0.47 0.258019 0.2404789 0.47 0.248693 0.2470819 0.22 0.253667 0.257946 0.22 0.262962 0.186408 0.229591 0.222153 0.200709 0.47 0.227073 0.186408 0.47 0.222153 0.314966 0.22 0.375362 0.332818 0.47 0.359628 0.314966 0.47 0.375362 0.329555 0.47 0.345017 0.332818 0.47 0.359628 0.332818 0.22 0.359628 0.325217 0.47 0.330688 0.329278 0.22 0.343975 0.313417 0.47 0.30319 0.319828 0.47 0.31672 0.318529 0.22 0.31376 0.324506 0.22 0.328654 0.306021 0.47 0.290174 0.311388 0.22 0.299389 0.297679 0.47 0.277742 0.303127 0.22 0.285631 0.288438 0.47 0.265963 0.293798 0.22 0.272574 0.278348 0.47 0.254902 0.28346 0.22 0.2603 0.267466 0.47 0.24462 0.272179 0.22 0.248886 0.260026 0.22 0.238406 0.243567 0.47 0.226616 0.255851 0.47 0.235174 0.247099 0.229458 0.2289389 0.230682 0.47 0.2189919 0.223917 0.2295089 0.215485 0.223917 0.22 0.215485 0.217186 0.22 0.212309 0.217267 0.47 0.212346 0.217186 0.22 0.212309 0.210343 0.22 0.209383 0.203396 0.47 0.206712 0.203396 0.22 0.206712 0.247078 0.22 0.228925 0.247097 0.229458 0.2154819 0.247076 0.22 0.2154819 0.223917 0.22 0.215485 0.223917 0.2295089 0.215485 0.247076 0.22 0.2154819 0.247097 0.229458 0.2154819 0.183378 0.218603 0.2154909 0.177097 0.2296119 0.215492 0.186517 0.22 0.2154909 0.1937389 0.229575 0.21549 0.1937389 0.22 0.21549 0.03656899 0.47 0.462367 0.03068095 0.47 0.476132 0.03068095 0.22 0.476132 0.03656899 0.22 0.462367 0.04141896 0.47 0.448203 0.04141896 0.22 0.448203 0.04520398 0.22 0.433718 0.04950594 0.47 0.404107 0.04790496 0.47 0.418992 0.04790496 0.22 0.418992 0.04937899 0.47 0.374185 0.04999798 0.47 0.389144 0.04937899 0.22 0.374185 0.04999798 0.22 0.389144 0.04765194 0.47 0.359314 0.04765194 0.22 0.359314 0.02994298 0.47 0.302323 0.03594696 0.47 0.316037 0.03594696 0.22 0.316037 0.02994298 0.22 0.302323 0.007791996 0.22 0.477038 0 0.22 0.49 0 0.47 0.49 0.02936995 0.22 0.405111 0.02748596 0.47 0.420116 0.02936995 0.47 0.405111 0.02999997 0.47 0.39 0.02936995 0.22 0.374889 0.02936995 0.47 0.374889 0.02748596 0.47 0.359884 0.02436095 0.22 0.345087 0.02436095 0.47 0.345087 0.020015 0.47 0.330601 0.01447898 0.22 0.316527 0.01447898 0.47 0.316527 0.007791996 0.47 0.302962 -0.114374 0.47 0.435339 -0.123776 0.47 0.44699 -0.114374 0.22 0.435339 -0.08611196 0.47 0.382776 -0.09169197 0.47 0.396668 -0.08611196 0.22 0.382776 -0.09169197 0.22 0.396668 -0.07447201 0.47 0.324243 -0.075742 0.47 0.33916 -0.07447201 0.22 0.324243 -0.075742 0.22 0.33916 -0.07431197 0.47 0.309273 -0.07431197 0.22 0.309273 -0.07731997 0.47 0.279502 -0.07526296 0.47 0.294332 -0.07526296 0.22 0.294332 -0.16759 0.22 0.460449 -0.145038 0.22 0.468043 -0.16759 0.47 0.460449 -0.155835 0.22 0.450934 -0.16759 0.22 0.460449 -0.16759 0.47 0.460449 -0.155835 0.47 0.450934 -0.134896 0.22 0.429143 -0.144911 0.47 0.440475 -0.134896 0.47 0.429143 -0.144911 0.22 0.440475 -0.125858 0.22 0.417017 -0.11786 0.22 0.404181 -0.125858 0.47 0.417017 -0.110957 0.22 0.390725 -0.11786 0.47 0.404181 -0.110957 0.47 0.390725 -0.100621 0.22 0.362326 -0.100621 0.47 0.362326 -0.09725898 0.47 0.347581 -0.09725898 0.22 0.347581 -0.09629696 0.22 0.287356 -0.09465301 0.22 0.30239 -0.09629696 0.47 0.287356 -0.099186 0.22 0.272511 -0.099186 0.47 0.272511 0.04165697 0.03999996 -0.422954 0.02085399 0.1899999 -0.424488 0.04165697 0.1899999 -0.422954 0.06235998 0.03999996 -0.4204 0.06235998 0.1899999 -0.4204 0.08291298 0.1899999 -0.416834 0.4204 0.03999996 0.06235998 0.422954 0.03999996 0.04165697 0.422954 0.1899999 0.04165697 0.424488 0.1899999 0.02085399 0.103267 0.03999996 -0.412263 0.103267 0.1899999 -0.412263 0.123371 0.1899999 -0.4067 0.123371 0.03999996 -0.4067 0.143178 0.1899999 -0.400156 0.412263 0.03999996 0.103267 0.416834 0.1899999 0.08291298 0.412263 0.1899999 0.103267 0.200344 0.03999996 -0.374817 0.181711 0.03999996 -0.384195 0.181711 0.1899999 -0.384195 0.400156 0.03999996 0.143178 0.4067 0.03999996 0.123371 0.400156 0.1899999 0.143178 0.4067 0.1899999 0.123371 0.236117 0.03999996 -0.353375 0.2184939 0.03999996 -0.364535 0.236117 0.1899999 -0.353375 0.392649 0.03999996 0.16264 0.392649 0.1899999 0.16264 0.253172 0.03999996 -0.341363 0.2184939 0.1899999 -0.364535 0.253172 0.1899999 -0.341363 0.384195 0.03999996 0.181711 0.384195 0.1899999 0.181711 0.374817 0.1899999 0.200344 0.269617 0.03999996 -0.328529 0.269617 0.1899999 -0.328529 0.374817 0.03999996 0.200344 0.30052 0.03999996 -0.30052 0.285413 0.03999996 -0.314904 0.285413 0.1899999 -0.314904 0.353375 0.03999996 0.236117 0.364535 0.1899999 0.2184939 0.353375 0.1899999 0.236117 0.341363 0.1899999 0.253172 0.314904 0.03999996 -0.285413 0.314904 0.1899999 -0.285413 0.328529 0.1899999 -0.269617 0.328529 0.03999996 0.269617 0.341363 0.1899999 0.253172 0.328529 0.1899999 0.269617 0.353375 0.03999996 -0.236117 0.341363 0.03999996 -0.253172 0.353375 0.1899999 -0.236117 0.364535 0.03999996 -0.2184939 0.285413 0.03999996 0.314904 0.30052 0.03999996 0.30052 0.285413 0.1899999 0.314904 0.269617 0.03999996 0.328529 0.253172 0.03999996 0.341363 0.269617 0.1899999 0.328529 0.392649 0.03999996 -0.16264 0.384195 0.1899999 -0.181711 0.392649 0.1899999 -0.162641 0.400156 0.1899999 -0.143178 0.400156 0.03999996 -0.143178 0.2184939 0.03999996 0.364535 0.236117 0.03999996 0.353375 0.2184939 0.1899999 0.364535 0.416834 0.03999996 -0.08291298 0.412263 0.03999996 -0.103267 0.416834 0.1899999 -0.08291298 0.422954 0.03999996 -0.04165697 0.4204 0.03999996 -0.06235998 0.4204 0.1899999 -0.06235998 0.143178 0.03999996 0.400156 0.16264 0.03999996 0.392649 0.16264 0.1899999 0.392649 0.422954 0.1899999 -0.04165697 0.424488 0.1899999 -0.02085399 0.08291298 0.03999996 0.416834 0.103267 0.1899999 0.412263 0.08291298 0.1899999 0.416834 0.04165697 0.03999996 0.422954 0.06235998 0.03999996 0.4204 0.06235998 0.1899999 0.4204 0.02085399 0.03999996 0.424488 0.02085399 0.1899999 0.424488 0 0.03999996 0.425 0 0.1899999 0.425 -0.04165697 0.03999996 0.422954 -0.02085399 0.03999996 0.424488 -0.02085399 0.1899999 0.424488 -0.08291298 0.03999996 0.416834 -0.06235998 0.03999996 0.4204 -0.06235998 0.1899999 0.4204 -0.04165697 0.1899999 0.422954 -0.08291298 0.1899999 0.416834 -0.103267 0.03999996 0.412263 -0.123371 0.03999996 0.4067 -0.103267 0.1899999 0.412263 -0.123371 0.1899999 0.4067 -0.143178 0.03999996 0.400156 -0.143178 0.1899999 0.400156 -0.16264 0.1899999 0.392649 -0.16264 0.03999996 0.392649 -0.181711 0.1899999 0.384195 -0.200344 0.03999996 0.374817 -0.181711 0.03999996 0.384195 -0.200344 0.1899999 0.374817 -0.253172 0.03999996 0.341363 -0.236117 0.03999996 0.353375 -0.236117 0.1899999 0.353375 -0.253172 0.1899999 0.341363 -0.269617 0.03999996 0.328529 -0.269617 0.1899999 0.328529 -0.285413 0.03999996 0.314904 -0.285413 0.1899999 0.314904 -0.30052 0.1899999 0.30052 -0.314904 0.03999996 0.285413 -0.314904 0.1899999 0.285413 -0.328529 0.03999996 0.269617 -0.328529 0.1899999 0.269617 -0.353375 0.03999996 0.236117 -0.341363 0.03999996 0.253172 -0.341363 0.1899999 0.253172 -0.364535 0.03999996 0.2184939 -0.353375 0.1899999 0.236117 -0.364535 0.1899999 0.2184939 -0.374817 0.03999996 0.200344 -0.392649 0.03999996 0.16264 -0.384195 0.03999996 0.181711 -0.384195 0.1899999 0.181711 -0.392649 0.1899999 0.16264 -0.4067 0.03999996 0.123371 -0.400156 0.03999996 0.143178 -0.400156 0.1899999 0.143178 -0.4067 0.1899999 0.123371 -0.412263 0.1899999 0.103267 -0.412263 0.03999996 0.103267 -0.416834 0.1899999 0.08291298 -0.424488 0.03999996 0.02085399 -0.422954 0.03999996 0.04165697 -0.422954 0.1899999 0.04165697 -0.424488 0.03999996 -0.02085399 -0.425 0.1899999 0 -0.424488 0.1899999 -0.02085399 -0.4204 0.03999996 -0.06235998 -0.422954 0.03999996 -0.04165697 -0.422954 0.1899999 -0.04165697 -0.4204 0.1899999 -0.06235998 -0.416834 0.03999996 -0.08291298 -0.384195 0.03999996 -0.181711 -0.392649 0.03999996 -0.16264 -0.392649 0.1899999 -0.162641 -0.392649 0.03999996 -0.16264 -0.400156 0.1899999 -0.143178 -0.392649 0.1899999 -0.162641 -0.341363 0.03999996 -0.253172 -0.353375 0.1899999 -0.236117 -0.341363 0.1899999 -0.253172 -0.30052 0.03999996 -0.30052 -0.314904 0.1899999 -0.285413 -0.30052 0.1899999 -0.30052 -0.285413 0.1899999 -0.314904 -0.2184939 0.03999996 -0.364535 -0.236117 0.03999996 -0.353375 -0.2184939 0.1899999 -0.364535 -0.16264 0.03999996 -0.392649 -0.181711 0.1899999 -0.384195 -0.16264 0.1899999 -0.392649 -0.143178 0.1899999 -0.400156 -0.143178 0.03999996 -0.400156 -0.123371 0.03999996 -0.4067 -0.123371 0.1899999 -0.4067 -0.103267 0.03999996 -0.412263 -0.103267 0.1899999 -0.412263 -0.08291298 0.03999996 -0.416834 -0.08291298 0.1899999 -0.416834 -0.02085399 0.03999996 -0.424488 -0.02085399 0.1899999 -0.424488 0 0.1899999 -0.425 0.02085399 0.03999996 -0.424488 -0.288683 0.47 -0.02761 -0.285594 0.47 -0.05035799 -0.299712 0.47 -0.04493498 -0.317478 0.47 -0.01947796 -0.314232 0.47 -0.04070496 -0.329054 0.47 -0.03769797 -0.34716 0.47 -0.01569598 -0.344074 0.47 -0.03593295 -0.359189 0.47 -0.03542399 -0.36213 0.47 -0.01546597 -0.374294 0.47 -0.03617495 -0.406564 0.47 -0.02141898 -0.389285 0.47 -0.03817898 -0.404056 0.47 -0.04142194 -0.391914 0.47 -0.01833599 -0.420946 0.47 -0.02557998 -0.418507 0.47 -0.04588395 -0.434979 0.47 -0.030797 -0.448586 0.47 -0.03703999 -0.432536 0.47 -0.05153197 -0.446047 0.47 -0.05832695 -0.461692 0.47 -0.04427599 -0.474226 0.47 -0.05246394 -0.458946 0.47 -0.06622195 -0.471144 0.47 -0.075163 -0.309204 0.47 0.06922298 -0.29253 0.47 0.08198601 -0.297006 0.47 0.06028199 -0.335614 0.47 0.08391398 -0.318039 0.47 0.09762698 -0.322103 0.47 0.07711899 -0.331592 0.47 0.103986 -0.364094 0.47 0.09402298 -0.345581 0.47 0.109322 -0.349643 0.47 0.08956199 -0.404308 0.47 0.119935 -0.389371 0.47 0.118926 -0.393856 0.47 0.09927099 -0.419279 0.47 0.119832 -0.408961 0.47 0.100021 -0.424076 0.47 0.09951198 -0.463571 0.47 0.1128939 -0.453918 0.47 0.09473997 -0.468438 0.47 0.09051096 -0.26183 0.47 -0.124681 -0.251147 0.47 -0.145 -0.266269 0.47 -0.144733 -0.276791 0.47 -0.12523 -0.28136 0.47 -0.1457239 -0.29167 0.47 -0.126888 -0.320856 0.47 -0.133485 -0.311034 0.47 -0.1514469 -0.325412 0.47 -0.156138 -0.335001 0.47 -0.138389 -0.348743 0.47 -0.144329 -0.339349 0.47 -0.162009 -0.37472 0.47 -0.15918 -0.362007 0.47 -0.1512719 -0.35275 0.47 -0.169019 -0.418706 0.47 -0.199514 -0.399199 0.47 -0.207366 -0.408619 0.47 -0.219197 -0.188771 0.47 0.237091 -0.168253 0.47 0.236201 -0.186408 0.47 0.222153 -0.171392 0.47 0.25084 -0.197174 0.47 0.26612 -0.175608 0.47 0.265205 -0.192368 0.47 0.251781 -0.2031559 0.47 0.28001 -0.180878 0.47 0.279218 -0.218475 0.47 0.306061 -0.194459 0.47 0.30588 -0.210273 0.47 0.293355 -0.260896 0.47 0.348822 -0.2441599 0.47 0.361304 -0.2489899 0.47 0.339496 -0.26919 0.47 0.377699 -0.256371 0.47 0.369967 -0.273536 0.47 0.357125 -0.282548 0.47 0.38446 -0.286823 0.47 0.364348 -0.300665 0.47 0.370441 -0.255723 0.47 0.18915 -0.246848 0.47 0.177093 -0.266881 0.47 0.170803 -0.265468 0.47 0.200515 -0.276301 0.47 0.1826339 -0.286674 0.47 0.1936399 -0.297925 0.47 0.203746 -0.27603 0.47 0.211126 -0.287349 0.47 0.220924 -0.32275 0.47 0.220981 -0.299365 0.47 0.229856 -0.309979 0.47 0.21288 -0.367446 0.47 0.259971 -0.364466 0.47 0.238553 -0.379184 0.47 0.242033 -0.353009 0.47 0.256007 -0.382137 0.47 0.262853 -0.397002 0.47 0.264637 -0.39414 0.47 0.244276 -0.411958 0.47 0.265313 -0.409231 0.47 0.245267 0.388826 0.47 0.1963599 0.408864 0.47 0.188232 0.398213 0.47 0.177711 0.399199 0.47 0.207366 0.418706 0.47 0.199514 0.377575 0.47 0.186254 0.417023 0.47 0.2317709 0.435747 0.47 0.2241089 0.427683 0.47 0.211495 0.408619 0.47 0.219197 0.35275 0.47 0.169019 0.37472 0.47 0.15918 0.362007 0.47 0.1512719 0.311034 0.47 0.151446 0.320856 0.47 0.133485 0.306385 0.47 0.129644 0.266269 0.47 0.144733 0.276791 0.47 0.12523 0.26183 0.47 0.12468 0.471144 0.47 0.075163 0.482556 0.47 0.08508795 0.486118 0.47 0.06155997 0.458946 0.47 0.06622195 0.474226 0.47 0.05246394 0.461692 0.47 0.04427599 0.446047 0.47 0.05832695 0.448586 0.47 0.03703999 0.432536 0.47 0.05153095 0.389285 0.47 0.03817898 0.404056 0.47 0.04142194 0.406564 0.47 0.02141898 0.359189 0.47 0.03542399 0.374294 0.47 0.03617495 0.36213 0.47 0.01546597 0.329054 0.47 0.03769695 0.344074 0.47 0.03593295 0.332249 0.47 0.01703596 0.314232 0.47 0.04070496 0.317478 0.47 0.01947796 0.302929 0.47 0.023009 0.285594 0.47 0.05035799 0.299712 0.47 0.04493498 0.288683 0.47 0.02761 0.409231 0.47 -0.245267 0.411958 0.47 -0.265313 0.397002 0.47 -0.264637 0.39414 0.47 -0.244276 0.382137 0.47 -0.262853 0.379184 0.47 -0.242033 0.367446 0.47 -0.259971 0.364466 0.47 -0.238554 0.336151 0.47 -0.227991 0.338906 0.47 -0.250983 0.325214 0.47 -0.244927 0.299365 0.47 -0.229856 0.32275 0.47 -0.220981 0.312009 0.47 -0.237872 0.287349 0.47 -0.220925 0.309979 0.47 -0.21288 0.265468 0.47 -0.200515 0.286674 0.47 -0.1936399 0.27603 0.47 -0.211126 0.276301 0.47 -0.1826339 0.255723 0.47 -0.18915 0.246848 0.47 -0.177093 0.266881 0.47 -0.170803 0.258476 0.47 -0.1582289 0.468438 0.47 -0.09051096 0.477856 0.47 -0.108415 0.463571 0.47 -0.112895 0.378866 0.47 -0.09726697 0.389371 0.47 -0.118926 0.37455 0.47 -0.116813 0.393856 0.47 -0.09927099 0.345581 0.47 -0.109322 0.364094 0.47 -0.09402298 0.359926 0.47 -0.113605 0.331592 0.47 -0.103986 0.349643 0.47 -0.08956199 0.322103 0.47 -0.07711899 0.335614 0.47 -0.08391398 0.318039 0.47 -0.09762698 0.304994 0.47 -0.09027999 0.309204 0.47 -0.06922399 0.29253 0.47 -0.08198601 0.297006 0.47 -0.060283 -0.03068095 0.47 -0.476132 -0.01447898 0.47 -0.463473 -0.007791996 0.47 -0.477038 -0.02378898 0.47 -0.489422 -0.03656899 0.47 -0.462367 -0.04937899 0.47 -0.374185 -0.02999997 0.47 -0.39 -0.04999798 0.47 -0.389144 -0.04482597 0.47 -0.344612 -0.02748596 0.47 -0.359884 -0.04765194 0.47 -0.359314 -0.04091697 0.47 -0.33016 -0.020015 0.47 -0.330601 -0.02436095 0.47 -0.345087 0.155835 0.47 -0.450934 0.16759 0.47 -0.460449 0.145038 0.47 -0.468043 0.134016 0.47 -0.457911 0.144911 0.47 -0.440475 0.125858 0.47 -0.417017 0.134896 0.47 -0.429143 0.114374 0.47 -0.435339 0.09169197 0.47 -0.396668 0.110957 0.47 -0.390725 0.09828799 0.47 -0.410109 0.07811498 0.47 -0.353943 0.09725898 0.47 -0.347581 0.100621 0.47 -0.362326 0.07447201 0.47 -0.324243 0.09426397 0.47 -0.317509 0.09513497 0.47 -0.332607 0.07526296 0.47 -0.294332 0.09629696 0.47 -0.287356 0.09465301 0.47 -0.30239 0.07731997 0.47 -0.279502 0.099186 0.47 -0.272511 -0.189747 0.47 -0.45177 -0.1704789 0.47 -0.445604 -0.16759 0.47 -0.460449 -0.180078 0.47 -0.348575 -0.161579 0.47 -0.35622 -0.184733 0.47 -0.362804 -0.17438 0.47 -0.334731 -0.12043 0.47 -0.263812 -0.099186 0.47 -0.272511 -0.110941 0.47 -0.282026 -0.141871 0.47 -0.284683 -0.121865 0.47 -0.292486 -0.13188 0.47 -0.303818 -0.131538 0.47 -0.273849 -0.332818 0.47 -0.359628 -0.312604 0.47 -0.360424 -0.314966 0.47 -0.375362 -0.329555 0.47 -0.345017 -0.309007 0.47 -0.345734 -0.325217 0.47 -0.330688 -0.3042 0.47 -0.331395 -0.319828 0.47 -0.31672 -0.298218 0.47 -0.317504 -0.313417 0.47 -0.303191 -0.230682 0.47 -0.2189919 -0.214551 0.47 -0.233166 -0.227838 0.47 -0.24039 -0.217267 0.47 -0.212346 -0.306021 0.47 -0.290174 -0.282899 0.47 -0.291454 -0.291101 0.47 -0.30416 -0.243567 0.47 -0.226616 -0.2404789 0.47 -0.248693 -0.255851 0.47 -0.235174 -0.252385 0.47 -0.258019 -0.267466 0.47 -0.244621 -0.263473 0.47 -0.268303 -0.278348 0.47 -0.254902 -0.273669 0.47 -0.279474 -0.288438 0.47 -0.265963 0.136025 0.185315 -0.180917 0.13226 0.180826 -0.172288 0.12 0.22 -0.144198 0.128457 0.176533 -0.163576 0.13226 0.180826 -0.172288 0.125656 0.1735219 -0.157158 0.07569998 0.22 -0.07250398 0.07351195 0.142341 -0.073026 0.08333498 0.143691 -0.07155799 0.110587 0.22 -0.07956099 0.103837 0.148235 -0.07568401 0.112886 0.15116 -0.08127397 0.119531 0.22 -0.08780497 0.125925 0.22 -0.09815299 0.125612 0.157326 -0.09746295 0.128762 0.160185 -0.106872 0.129297 0.22 -0.10984 0.129398 0.22 -0.122004 0.129764 0.162678 -0.116291 -0.03482896 0.135776 0.05488097 -0.04143297 0.135776 0.05008298 -0.04905599 0.1383759 0.06639397 -0.08444398 0.1427389 0.06323099 -0.07342898 0.142332 0.07304799 -0.06421196 0.138679 0.054699 -0.05671095 0.1383759 0.05998796 -0.04738295 0.135776 0.04449599 -0.09412497 0.143154 0.05174499 -0.07285195 0.139011 0.04623299 -0.05695998 0.135776 0.03131395 -0.07807195 0.139011 0.03673797 -0.06043499 0.135776 0.02392798 -0.062958 0.135776 0.01616495 -0.08206099 0.139011 0.026663 -0.06448698 0.135776 0.008147001 -0.06499999 0.135776 0 -0.08611398 0.139011 0.005417943 -0.06448698 0.135776 -0.008147001 -0.062958 0.135776 -0.01616495 -0.08475595 0.139011 -0.01616799 -0.08206099 0.139011 -0.026663 -0.06043499 0.135776 -0.02392798 0.112012 0.150843 0.08059495 0.12 0.1516709 0.07377696 0.102831 0.147952 0.07523196 -0.07807195 0.139011 -0.03673797 -0.05695998 0.135776 -0.03131395 -0.07502597 0.142514 -0.07265198 -0.083036 0.143642 -0.07156997 -0.06491196 0.1387529 -0.05454397 -0.06425595 0.141593 -0.07662397 -0.069386 0.141939 -0.07433795 -0.05671095 0.1383759 -0.05998796 0.06425595 0.141593 -0.07662397 0.05492997 0.141593 -0.08356297 0.04905599 0.1383759 -0.06639397 0.04486197 0.141593 -0.08937197 0.12 0.148091 -0.044375 0.12 0.149658 -0.05910295 0.09797197 0.144353 -0.05583399 0.08689695 0.143154 -0.06313395 0.07351195 0.142341 -0.073026 0.06424897 0.138682 -0.05469 0.05671095 0.1383759 -0.05998796 0.05258595 0.135776 -0.03820598 0.07285195 0.139011 -0.04623299 0.05695998 0.135776 -0.03131395 0.06043499 0.135776 -0.02392798 0.07807195 0.139011 -0.03673797 0.09986799 0.143154 -0.03954094 0.08345597 0.138527 0 0.1017979 0.141961 0 0.08475595 0.139011 -0.01616799 0.08206099 0.139011 -0.026663 0.062958 0.135776 -0.01616495 0.06448698 0.135776 -0.008147001 0.07365596 0.137066 -0.009305 0.08475595 0.139011 0.01616799 0.08206099 0.139011 0.026663 0.093023 0.140969 0.02702599 0.09986799 0.143154 0.03953999 0.106564 0.143154 0.01346194 -0.08475595 0.139011 0.01616799 -0.09114295 0.140969 0.03281295 -0.08611398 0.139011 -0.005417943 -0.107411 0.143154 0 -0.09643995 0.140969 0.009115993 -0.104036 0.143154 0.026712 -0.104036 0.143154 -0.026712 -0.09567695 0.140969 -0.015154 -0.08890199 0.140969 -0.03847199 0.03418797 0.141593 0.09397399 0.04486197 0.141593 0.08937197 0.02767598 0.135776 0.05881398 -0.09412497 0.143154 -0.05174499 0.09453696 0.140969 -0.02113097 0.106564 0.143154 -0.01346194 0.02305197 0.1415939 0.09730696 0.02008599 0.135776 0.06181895 0.01160395 0.1415939 0.09932398 0.01217997 0.135776 0.06384897 0.004080951 0.135776 0.06487196 0 0.1415939 0.1 -0.004080951 0.135776 0.06487196 -0.02305197 0.1415939 0.09730696 -0.01160395 0.1415939 0.09932398 -0.01217997 0.135776 0.06384897 -0.03418797 0.141593 0.09397399 -0.02008599 0.135776 0.06181895 -0.116304 0.1524879 0.084293 -0.12 0.150609 0.06644797 -0.04486197 0.141593 0.08937197 -0.02767598 0.135776 0.05881398 -0.12 0.154128 -0.08838397 -0.12 0.150609 -0.06644797 -0.11197 0.150828 -0.08056396 -0.03418797 0.141593 -0.09397399 -0.02767598 0.135776 -0.05881398 -0.02008599 0.135776 -0.06181895 -0.02305197 0.141593 -0.09730696 -0.01217997 0.135776 -0.06384897 0 0.141593 -0.1 -0.01160395 0.141593 -0.09932398 -0.004080951 0.135776 -0.06487196 0.02305197 0.141593 -0.09730696 0.01160395 0.141593 -0.09932398 0.01217997 0.135776 -0.06384897 0.004080951 0.135776 -0.06487196 0.12 0.154128 -0.08838397 0.112886 0.15116 -0.08127397 0.12 0.1516709 -0.07377696 0.03418797 0.141593 -0.09397399 0.02008599 0.135776 -0.06181895 0.02767598 0.135776 -0.05881398 0.103837 0.148235 -0.07568401 0.085114 0.1439909 0.071527 0.09382796 0.145711 0.07240599 0.08689695 0.143154 0.06313395 -0.103254 0.14807 0.07541799 -0.09321498 0.145576 0.07228696 -0.09210699 0.1453379 -0.07209497 0.06499999 0.135776 0 0.06448698 0.135776 0.008147001 0.07365596 0.137066 0.009305 0.062958 0.135776 0.01616495 0.09819996 0.144401 0.05584996 0.07285195 0.139011 0.04623299 0.06587696 0.138863 0.05438798 0.07034397 0.142023 0.07399398 0.06288295 0.138553 0.05509698 0.05258595 0.135776 0.03820598 0.04738295 0.135776 0.04449599 0.05671095 0.1383759 0.05998796 0.04143297 0.135776 0.05008298 0.04905599 0.1383759 0.06639397 0.03482896 0.135776 0.05488097 -0.06425595 0.141593 0.07662397 -0.05492997 0.141593 0.08356297 0.173243 0.164245 0.04274398 0.184239 0.168833 0.04683995 0.171985 0.190295 0.04068994 0.184046 0.190522 0.04567694 0.151386 0.155349 -0.02161794 0.147943 0.153916 -0.01099699 0.148675 0.1875 -0.015477 0.157128 0.157739 -0.031349 0.153667 0.186879 -0.02752095 0.16161 0.1863369 -0.03786396 0.174095 0.16486 -0.04592299 0.164876 0.160979 -0.03961896 0.171963 0.185912 -0.04580098 0.196938 0.174601 -0.05194199 0.19055 0.171859 -0.05139195 0.1969619 0.185518 -0.052495 0.2126989 0.181709 -0.05230599 0.204849 0.178086 -0.05212098 0.202657 0.189451 0.02535498 0.196501 0.1895239 0.02652698 0.196987 0.19058 0.04737699 0.213155 0.187359 -0.01548099 0.2083269 0.187167 -0.01947098 0.171687 0.188781 0.01079696 0.170128 0.188477 0.004734992 0.148681 0.1888099 0.01037198 0.178996 0.189274 0.02084499 0.174706 0.189052 0.01628196 0.161628 0.189916 0.03275597 0.202657 0.187044 -0.02213698 0.1969619 0.185518 -0.052495 0.196501 0.186998 -0.02331 0.1840209 0.185633 -0.05079197 0.171963 0.185912 -0.04580098 0.1902469 0.187032 -0.02291798 0.219146 0.188526 0.00781995 0.216839 0.188826 0.01363897 0.184287 0.187143 -0.02098494 0.16161 0.1863369 -0.03786396 0.213155 0.189091 0.01870197 0.232725 0.189702 0.03159797 0.2083269 0.1893039 0.02269095 0.178996 0.187324 -0.01763194 0.153667 0.186879 -0.02752095 0.212989 0.229533 -0.297824 0.247034 0.229458 -0.217608 0.228552 0.229499 -0.319042 0.256371 0.47 -0.369967 0.273536 0.47 -0.357125 0.26919 0.47 -0.377699 0.2441599 0.47 -0.361304 0.260896 0.47 -0.348822 0.2489899 0.47 -0.339496 0.187174 0.47 -0.292802 0.2031559 0.47 -0.28001 0.210273 0.47 -0.293355 0.171392 0.47 -0.25084 0.192368 0.47 -0.251781 0.175608 0.47 -0.265205 0.168253 0.47 -0.236201 0.188771 0.47 -0.237091 0.20342 0.2295539 -0.319392 0.221619 0.229514 -0.341166 0.1770099 0.2296119 -0.387598 0.233849 0.229487 -0.352842 0.2470099 0.229458 -0.387608 0.05492997 0.141593 -0.08356297 0.06425595 0.22 -0.07662397 0.05492997 0.22 -0.08356297 0.02305197 0.141593 -0.09730696 0.03418797 0.141593 -0.09397399 0.03418797 0.22 -0.09397399 0.02305197 0.22 -0.09730696 -0.01160395 0.141593 -0.09932398 0 0.141593 -0.1 0 0.22 -0.1 -0.126221 0.22 -0.133745 -0.125248 0.166707 -0.135885 -0.128645 0.1649309 -0.126237 -0.129398 0.22 -0.122004 -0.1297619 0.162582 -0.115902 -0.125925 0.22 -0.09815299 -0.128477 0.159831 -0.105633 -0.125125 0.156992 -0.09644597 -0.110587 0.22 -0.07956099 -0.11197 0.150828 -0.08056396 -0.102145 0.147763 -0.07494097 -0.110587 0.22 -0.07956099 -0.119531 0.22 -0.08780497 -0.11197 0.150828 -0.08056396 -0.09975397 0.22 -0.07402795 -0.09210699 0.1453379 -0.07209497 -0.08783197 0.22 -0.071617 -0.083036 0.143642 -0.07156997 -0.07569998 0.22 -0.07250398 -0.07502597 0.142514 -0.07265198 -0.125656 0.1735219 -0.157158 -0.122837 0.170617 -0.150698 -0.12 0.22 -0.144198 -0.13226 0.180826 -0.172288 -0.136025 0.185315 -0.180917 -0.15341 0.209341 -0.220749 -0.16 0.22 -0.23585 0.04800796 0.22 -0.098971 0.05841594 0.22 -0.093207 0.05841594 0.293594 -0.093207 0.01393097 0.22 -0.109114 0.02563399 0.22 -0.106972 0.02126598 0.330744 -0.1079249 -0.009825944 0.22 -0.10956 0.002522945 0.349487 -0.109971 -0.01805096 0.370061 -0.108509 -0.03312397 0.22 -0.104894 -0.03798997 0.39 -0.103232 0.08009499 0.271915 -0.149949 0.09165197 0.260358 -0.143178 0.07958096 0.22 -0.150223 0.06723898 0.22 -0.156137 -0.01238995 0.3644 -0.169548 6.83e-4 0.22 -0.169999 -0.01299297 0.22 -0.169503 -0.03798997 0.39 -0.165701 -0.02658599 0.22 -0.167908 -0.04000598 0.22 -0.165226 -0.05316597 0.22 -0.161472 -0.101547 0.39 -0.1363379 -0.08178699 0.39 -0.149033 -0.09025198 0.22 -0.144065 -0.12 0.22 0.144198 -0.128457 0.176533 0.163576 -0.13226 0.180826 0.172288 -0.12 0.16782 0.144198 -0.122837 0.170617 0.150698 -0.125656 0.1735219 0.157157 -0.139753 0.1899999 0.1894569 -0.136025 0.185315 0.180917 -0.15341 0.209341 0.220749 -0.146657 0.1993359 0.205277 -0.136025 0.185315 0.180917 -0.136025 0.185315 -0.180917 -0.13226 0.180826 -0.172288 -0.07569998 0.22 0.07250398 -0.07342898 0.142332 0.07304799 -0.08312696 0.143657 0.07156598 -0.06425595 0.22 0.07662397 -0.08783197 0.22 0.071617 -0.09321498 0.145576 0.07228696 -0.110587 0.22 0.07956099 -0.103254 0.14807 0.07541799 -0.111996 0.150838 0.08058398 -0.116304 0.1524879 0.084293 -0.119531 0.22 0.08780497 -0.129297 0.22 0.10984 -0.125925 0.22 0.09815299 -0.129069 0.160623 0.108433 -0.129398 0.22 0.122004 -0.1296949 0.1632789 0.11878 -0.1282089 0.165286 0.127988 -0.126221 0.22 0.133745 -0.124922 0.166811 0.136541 -0.122624 0.167388 0.140545 -0.2013109 0.176089 0.048213 -0.201277 0.191453 0.04743397 -0.212166 0.180979 0.04796797 -0.2229019 0.186125 0.04771 -0.2335129 0.191524 0.04743897 -0.219871 0.189328 0.004691958 -0.215293 0.189903 0.01623898 -0.218312 0.189631 0.01075398 -0.205712 0.190283 0.02415597 -0.152997 0.188161 -0.01543295 -0.157995 0.187562 -0.02747595 -0.17316 0.188458 -0.01046097 -0.1512899 0.188813 -0.002508997 -0.170853 0.188747 -0.004640996 -0.188361 0.18645 -0.05073797 -0.201302 0.186392 -0.05243796 -0.193498 0.187849 -0.02335298 -0.170068 0.18906 0.001567959 -0.199753 0.187882 -0.02296096 -0.205712 0.187993 -0.02102798 -0.157982 0.190093 0.02245998 -0.17316 0.189677 0.01359599 -0.176844 0.189941 0.01865899 -0.211004 0.188175 -0.01767498 -0.230973 0.188111 -0.01979398 -0.22247 0.186438 -0.05243498 -0.201302 0.186392 -0.05243796 -0.215474 0.183016 -0.05226296 -0.1764889 0.165641 -0.04476696 -0.188714 0.17096 -0.05003696 -0.176301 0.186676 -0.04575097 -0.1764889 0.165641 -0.04476696 -0.176301 0.186676 -0.04575097 -0.165943 0.187055 -0.037817 -0.158763 0.1580229 -0.02715998 -0.166171 0.161194 -0.036677 -0.157995 0.187562 -0.02747595 -0.151599 0.154963 -0.00563997 -0.154014 0.155998 -0.01692897 -0.152997 0.188161 -0.01543295 -0.153771 0.1558409 0.01452195 -0.1517429 0.155005 0.005363941 -0.15299 0.189471 0.01041597 -0.161118 0.158906 0.02873396 -0.157068 0.157212 0.02233099 -0.157982 0.190093 0.02245998 -0.179921 0.16686 0.04385298 -0.172179 0.163567 0.03944396 -0.176279 0.1910589 0.04073995 -0.187918 0.1702859 0.04666996 -0.188336 0.191338 0.04573094 -0.194589 0.173166 0.04790395 -0.06425595 0.141593 0.07662397 -0.06425595 0.22 0.07662397 -0.05492997 0.22 0.08356297 -0.03418797 0.141593 0.09397399 -0.04486197 0.141593 0.08937197 -0.03418797 0.22 0.09397399 -0.04486197 0.22 0.08937197 -0.02305197 0.1415939 0.09730696 -0.02305197 0.22 0.09730696 -0.01160395 0.1415939 0.09932398 0 0.1415939 0.1 -0.01160395 0.22 0.09932398 0.01160395 0.1415939 0.09932398 0 0.22 0.1 0.02305197 0.1415939 0.09730696 0.01160395 0.22 0.09932398 0.03418797 0.141593 0.09397399 0.02305197 0.22 0.09730696 0.06425595 0.141593 0.07662397 0.05492997 0.141593 0.08356297 0.05492997 0.22 0.08356297 0.04486197 0.22 0.08937197 0.12 0.22 0.144198 0.12 0.16782 0.144198 0.125382 0.166662 0.135607 0.126221 0.22 0.133745 0.1287029 0.164878 0.125979 0.125925 0.22 0.09815299 0.128686 0.160088 0.106528 0.125509 0.157254 0.09724295 0.129297 0.22 0.10984 0.09975397 0.22 0.07402795 0.102831 0.147952 0.07523196 0.09382796 0.145711 0.07240599 0.07569998 0.22 0.07250398 0.085114 0.1439909 0.071527 0.07720297 0.142785 0.07221096 0.07034397 0.142023 0.07399398 0.08783197 0.22 0.071617 0.128457 0.176533 0.163576 0.125656 0.1735219 0.157157 0.136025 0.185315 0.180917 0.139753 0.1899999 0.1894569 0.146657 0.1993359 0.205277 -0.07406896 0.287941 0.08132499 -0.07406896 0.22 0.08132499 -0.101547 0.260463 0.1363379 -0.05487698 0.22 0.09533399 -0.06214898 0.299861 0.090761 -0.04904097 0.312969 0.09846299 -0.02160197 0.22 0.107858 -0.03169596 0.330314 0.1053349 -0.01327496 0.348735 0.109196 -0.03312397 0.22 0.104894 0.03703695 0.22 0.103577 0.02798998 0.39 0.106379 0.03855794 0.39 0.103021 0.04800796 0.22 0.098971 0.04873496 0.39 0.09861499 0.05841594 0.22 0.093207 0.05841594 0.39 0.093207 0.101547 0.39 0.1363379 -0.101547 0.260463 0.1363379 -0.101547 0.22 0.1363379 -0.09032398 0.22 0.144019 -0.04666298 0.315347 0.16347 -0.04041999 0.22 0.165125 -0.02709096 0.22 0.167827 0.002129971 0.36414 0.169987 -0.02377998 0.33823 0.168329 -0.01358896 0.22 0.169456 0.02798998 0.39 0.16768 0.01358896 0.22 0.169456 0.02709096 0.22 0.167827 0.04115694 0.39 0.164943 0.04041999 0.22 0.165125 0.054066 0.39 0.161173 0.05349099 0.22 0.161365 0.06663697 0.39 0.156395 0.06621795 0.22 0.1565729 0.07852196 0.22 0.150779 0.07879096 0.39 0.150638 0.09032398 0.22 0.144019 0.208631 0.179342 0.04794299 0.220176 0.184777 0.04766499 0.196987 0.19058 0.04737699 0.196951 0.1741999 0.04820698 0.231579 0.190504 0.04737198 0.138229 0.185324 0.179261 0.13226 0.180826 0.172288 0.136025 0.185315 0.180917 0.186408 0.229591 0.222153 0.177115 0.2296119 0.341013 0.207916 0.229544 0.230074 0.110941 0.47 0.282026 0.121865 0.47 0.292486 0.131538 0.47 0.273849 0.161579 0.47 0.356219 0.184733 0.47 0.362804 0.180078 0.47 0.348575 0.1716409 0.47 0.400353 0.190818 0.47 0.392101 0.169517 0.47 0.385379 0.172511 0.47 0.415452 0.192502 0.47 0.421975 0.192215 0.47 0.407007 0.16759 0.47 0.460449 0.189747 0.47 0.45177 0.1704789 0.47 0.445604 0.252385 0.47 0.258019 0.267466 0.47 0.24462 0.255851 0.47 0.235174 0.273669 0.47 0.279474 0.288438 0.47 0.265963 0.278348 0.47 0.254902 0.263473 0.47 0.268303 0.282899 0.47 0.291454 0.306021 0.47 0.290174 0.297679 0.47 0.277742 0.227838 0.47 0.24039 0.2404789 0.47 0.248693 0.243567 0.47 0.226616 0.200709 0.47 0.227073 0.214551 0.47 0.233166 0.217267 0.47 0.212346 0.3042 0.47 0.331394 0.319828 0.47 0.31672 0.298218 0.47 0.317504 0.309007 0.47 0.345734 0.325217 0.47 0.330688 0.312604 0.47 0.360424 0.332818 0.47 0.359628 0.329555 0.47 0.345017 0.223917 0.2295089 0.215485 0.247099 0.229458 0.2289389 0.247097 0.229458 0.2154819 0.007791996 0.47 0.302962 0.02994298 0.47 0.302323 0.02293795 0.47 0.289091 0.020015 0.47 0.330601 0.04091697 0.47 0.33016 0.03594696 0.47 0.316037 0.01447898 0.47 0.316527 0.02436095 0.47 0.345087 0.04482597 0.47 0.344612 0.02936995 0.47 0.374889 0.04765194 0.47 0.359314 0.02748596 0.47 0.359884 0.02748596 0.47 0.420116 0.04520398 0.47 0.433718 0.04790496 0.47 0.418992 0 0.47 0.49 0.02378898 0.47 0.489422 0.007791996 0.47 0.477038 -0.09629696 0.47 0.287356 -0.07731997 0.47 0.279502 -0.099186 0.47 0.272511 -0.09426397 0.47 0.317509 -0.07431197 0.47 0.309273 -0.09465301 0.47 0.30239 -0.09513497 0.47 0.332607 -0.07447201 0.47 0.324243 -0.100621 0.47 0.362326 -0.07811498 0.47 0.353943 -0.09725898 0.47 0.347581 -0.105197 0.47 0.376741 -0.08611196 0.47 0.382776 -0.08157795 0.47 0.368508 -0.09828799 0.47 0.410108 -0.09169197 0.47 0.396668 -0.110957 0.47 0.390725 -0.105862 0.47 0.423022 -0.11786 0.47 0.404181 -0.125858 0.47 0.417017 -0.123776 0.47 0.44699 -0.114374 0.47 0.435339 -0.134896 0.47 0.429143 -0.16759 0.47 0.460449 -0.145038 0.47 0.468043 -0.155835 0.47 0.450934 -0.03990197 0.03999996 0.387953 0 0.03999996 0.39 -0.02085399 0.03999996 0.424488 -0.424488 0.03999996 0.02085399 -0.38945 0.03999996 0.02069997 -0.422954 0.03999996 0.04165697 -0.04165697 0.03999996 0.422954 -0.06235998 0.03999996 0.4204 -0.4204 0.03999996 0.06235998 -0.385062 0.03999996 0.06186699 -0.416834 0.03999996 0.08291298 -0.07938599 0.03999996 0.381835 -0.08291298 0.03999996 0.416834 -0.103267 0.03999996 0.412263 -0.412263 0.03999996 0.103267 -0.376334 0.03999996 0.102337 -0.4067 0.03999996 0.123371 0.272684 0.03999996 -0.278825 0.30052 0.03999996 -0.30052 0.287099 0.03999996 -0.263959 0.269617 0.03999996 -0.328529 0.285413 0.03999996 -0.314904 0.2575 0.03999996 -0.292906 -0.118036 0.03999996 0.371709 -0.123371 0.03999996 0.4067 -0.143178 0.03999996 0.400156 0.253172 0.03999996 -0.341363 0.241591 0.03999996 -0.30616 -0.155447 0.03999996 0.357682 0.341363 0.03999996 -0.253172 0.353375 0.03999996 -0.236117 0.313462 0.03999996 -0.232038 0.364535 0.03999996 -0.2184939 0.325336 0.03999996 -0.215073 0.181711 0.03999996 -0.384195 0.200344 0.03999996 -0.374817 0.191227 0.03999996 -0.3399 -0.16264 0.03999996 0.392649 0.384195 0.03999996 -0.181711 0.392649 0.03999996 -0.16264 0.355334 0.03999996 -0.16074 0.346302 0.03999996 -0.179374 -0.191227 0.03999996 0.3399 -0.181711 0.03999996 0.384195 -0.200344 0.03999996 0.374817 -0.336293 0.03999996 0.197502 -0.325336 0.03999996 0.215073 -0.364535 0.03999996 0.2184939 -0.2184939 0.03999996 0.364535 -0.313462 0.03999996 0.232038 -0.353375 0.03999996 0.236117 -0.341363 0.03999996 0.253172 -0.328529 0.03999996 0.269617 0.376334 0.03999996 -0.102337 0.412263 0.03999996 -0.103267 0.381235 0.03999996 -0.08221799 0.416834 0.03999996 -0.08291298 -0.272684 0.03999996 0.278825 -0.285413 0.03999996 0.314904 -0.30052 0.03999996 0.30052 0.103267 0.03999996 -0.412263 0.118036 0.03999996 -0.371709 0.07938599 0.03999996 -0.381835 0.06235998 0.03999996 -0.4204 0.08291298 0.03999996 -0.416834 0.4204 0.03999996 -0.06235998 0.385062 0.03999996 -0.06186699 0.03990197 0.03999996 -0.387953 0.422954 0.03999996 -0.04165697 0.424488 0.03999996 -0.02085399 0.38945 0.03999996 -0.02069997 -0.02085399 0.03999996 -0.424488 0 0.03999996 -0.425 0 0.03999996 -0.39 0.424488 0.03999996 0.02085399 0.422954 0.03999996 0.04165697 0.38945 0.03999996 0.02069997 0.39 0.03999996 0 0.4204 0.03999996 0.06235998 0.387803 0.03999996 0.04134196 0.385062 0.03999996 0.06186699 0.416834 0.03999996 0.08291298 0.381235 0.03999996 0.08221799 0.412263 0.03999996 0.103267 0.4067 0.03999996 0.123371 0.376334 0.03999996 0.102337 -0.103267 0.03999996 -0.412263 -0.07938599 0.03999996 -0.381835 -0.118036 0.03999996 -0.371709 -0.143178 0.03999996 -0.400156 -0.123371 0.03999996 -0.4067 0.370372 0.03999996 0.122168 -0.16264 0.03999996 -0.392649 -0.155447 0.03999996 -0.357682 0.392649 0.03999996 0.16264 0.384195 0.03999996 0.181711 0.355334 0.03999996 0.16074 -0.200344 0.03999996 -0.374817 -0.191227 0.03999996 -0.3399 -0.2184939 0.03999996 -0.364535 -0.225 0.03999996 -0.318551 -0.236117 0.03999996 -0.353375 -0.253172 0.03999996 -0.341363 0.325336 0.03999996 0.215073 0.353375 0.03999996 0.236117 0.313462 0.03999996 0.232038 -0.241591 0.03999996 -0.30616 -0.269617 0.03999996 -0.328529 -0.2575 0.03999996 -0.292906 -0.30052 0.03999996 -0.30052 -0.272684 0.03999996 -0.278825 -0.287099 0.03999996 -0.263959 0.272684 0.03999996 0.278825 0.285413 0.03999996 0.314904 0.2575 0.03999996 0.292906 -0.328529 0.03999996 -0.269617 -0.300704 0.03999996 -0.2483479 -0.313462 0.03999996 -0.232038 -0.341363 0.03999996 -0.253172 -0.325336 0.03999996 -0.215073 -0.353375 0.03999996 -0.236117 -0.364535 0.03999996 -0.2184939 0.225 0.03999996 0.318551 0.236117 0.03999996 0.353375 0.2184939 0.03999996 0.364535 0.191227 0.03999996 0.3399 0.200344 0.03999996 0.374817 -0.374817 0.03999996 -0.200344 -0.346302 0.03999996 -0.179374 -0.384195 0.03999996 -0.181711 0.155447 0.03999996 0.357682 0.181711 0.03999996 0.384195 0.16264 0.03999996 0.392649 -0.392649 0.03999996 -0.16264 -0.363365 0.03999996 -0.141654 -0.400156 0.03999996 -0.143178 -0.370372 0.03999996 -0.122168 0.118036 0.03999996 0.371709 0.143178 0.03999996 0.400156 0.07938599 0.03999996 0.381835 0.103267 0.03999996 0.412263 -0.381235 0.03999996 -0.08221799 -0.385062 0.03999996 -0.06186699 -0.416834 0.03999996 -0.08291298 -0.387803 0.03999996 -0.04134196 -0.4204 0.03999996 -0.06235998 0.08291298 0.03999996 0.416834 0.06235998 0.03999996 0.4204 -0.38945 0.03999996 -0.02069997 -0.422954 0.03999996 -0.04165697 0.02085399 0.03999996 0.424488 0 0.03999996 0.425 0.062958 0.135776 0.01616495 0.062958 0.03999996 0.01616495 0.06043499 0.03999996 0.02392798 0.06043499 0.135776 0.02392798 0.06043499 0.03999996 0.02392798 0.05695998 0.03999996 0.03131395 0.04738295 0.135776 0.04449599 0.04738295 0.03999996 0.04449599 0.04143297 0.03999996 0.05008298 0.03482896 0.135776 0.05488097 0.04143297 0.135776 0.05008298 0.03482896 0.03999996 0.05488097 0.02767598 0.135776 0.05881398 0.02767598 0.03999996 0.05881398 -0.004080951 0.135776 0.06487196 -0.004080951 0.03999996 0.06487196 -0.01217997 0.03999996 0.06384897 -0.02767598 0.135776 0.05881398 -0.02008599 0.135776 0.06181895 -0.02767598 0.03999996 0.05881398 -0.04143297 0.135776 0.05008298 -0.03482896 0.135776 0.05488097 -0.04143297 0.03999996 0.05008298 -0.05258595 0.135776 0.03820598 -0.04738295 0.135776 0.04449599 -0.05258595 0.03999996 0.03820598 -0.05695998 0.135776 0.03131395 -0.05695998 0.03999996 0.03131395 -0.06448698 0.135776 0.008147001 -0.062958 0.135776 0.01616495 -0.062958 0.03999996 0.01616495 -0.062958 0.135776 -0.01616495 -0.06448698 0.135776 -0.008147001 -0.06448698 0.03999996 -0.008147001 -0.062958 0.03999996 -0.01616495 -0.06043499 0.135776 -0.02392798 -0.05695998 0.135776 -0.03131395 -0.06043499 0.03999996 -0.02392798 -0.05695998 0.03999996 -0.03131395 -0.04738295 0.135776 -0.04449599 -0.05258595 0.03999996 -0.03820598 -0.04738295 0.03999996 -0.04449599 -0.04143297 0.135776 -0.05008298 -0.04143297 0.03999996 -0.05008298 -0.03482896 0.135776 -0.05488097 -0.03482896 0.03999996 -0.05488097 -0.02767598 0.135776 -0.05881398 -0.02008599 0.135776 -0.06181895 -0.02767598 0.03999996 -0.05881398 -0.02008599 0.03999996 -0.06181895 -0.004080951 0.135776 -0.06487196 -0.01217997 0.135776 -0.06384897 -0.01217997 0.03999996 -0.06384897 -0.004080951 0.03999996 -0.06487196 0.004080951 0.135776 -0.06487196 0.004080951 0.03999996 -0.06487196 0.02767598 0.135776 -0.05881398 0.02008599 0.135776 -0.06181895 0.02008599 0.03999996 -0.06181895 0.03482896 0.135776 -0.05488097 0.02767598 0.03999996 -0.05881398 0.04143297 0.135776 -0.05008298 0.03482896 0.135776 -0.05488097 0.03482896 0.03999996 -0.05488097 0.04738295 0.135776 -0.04449599 0.04143297 0.03999996 -0.05008298 0.04738295 0.03999996 -0.04449599 0.05258595 0.135776 -0.03820598 0.05258595 0.03999996 -0.03820598 0.05695998 0.135776 -0.03131395 0.05695998 0.03999996 -0.03131395 0.062958 0.135776 -0.01616495 0.06043499 0.135776 -0.02392798 0.06043499 0.03999996 -0.02392798 0.06499999 0.135776 0 0.06448698 0.135776 -0.008147001 0.06448698 0.03999996 -0.008147001 0.062958 0.03999996 -0.01616495 0.2081519 0.109406 0.02673995 0.202657 0.189451 0.02535498 0.2083269 0.1893039 0.02269095 0.196326 0.107101 -0.019261 0.202482 0.107147 -0.01808798 0.202657 0.187044 -0.02213698 0.2083269 0.187167 -0.01947098 0.190072 0.1071349 -0.01886898 0.196501 0.186998 -0.02331 0.1902469 0.187032 -0.02291798 0.174531 0.107668 -0.009020984 0.178821 0.107427 -0.013583 0.178996 0.187324 -0.01763194 0.171512 0.1079519 -0.003535985 0.174531 0.107668 -0.009020984 0.174706 0.187565 -0.01306998 0.171687 0.187849 -0.007585942 0.169954 0.108263 0.002524971 0.170128 0.18816 -0.001523971 0.171512 0.108884 0.01484596 0.169954 0.10858 0.008783996 0.170128 0.188477 0.004734992 0.171687 0.188781 0.01079696 0.184112 0.109535 0.02824795 0.178821 0.109377 0.02489399 0.178996 0.189274 0.02084499 0.190072 0.10962 0.03018295 0.184287 0.189433 0.02419894 0.1902469 0.189518 0.026133 0.202482 0.109554 0.02940398 0.196326 0.109627 0.03057599 0.196501 0.1895239 0.02652698 -0.01238995 0.3644 -0.169548 -0.01805096 0.370061 -0.108509 0.002522945 0.349487 -0.109971 0.05903697 0.292973 -0.15942 0.03667199 0.315338 -0.165998 0.03930199 0.312708 -0.102739 0.02126598 0.330744 -0.1079249 0.09165197 0.260358 -0.143178 0.08009499 0.271915 -0.149949 0.05841594 0.293594 -0.093207 -0.03798997 0.39 -0.103232 -0.03798997 0.39 -0.165701 -0.06046497 0.39 -0.158883 -0.06301897 0.39 -0.09015899 -0.08178699 0.39 -0.149033 -0.101547 0.39 -0.1363379 -0.07406896 0.39 -0.08132499 -0.177019 0.110044 0.02270799 -0.181847 0.110257 0.02669697 -0.181672 0.190154 0.02264797 -0.171028 0.10885 -5.92e-4 -0.170243 0.109163 0.005616962 -0.170068 0.18906 0.001567959 -0.173335 0.109779 0.017645 -0.176844 0.189941 0.01865899 -0.17316 0.189677 0.01359599 -0.173335 0.10856 -0.006411969 -0.170853 0.188747 -0.004640996 -0.171028 0.10948 0.01182597 -0.170853 0.189377 0.007776975 -0.17316 0.188458 -0.01046097 -0.181847 0.10812 -0.01546496 -0.176844 0.1882089 -0.01552498 -0.181672 0.188017 -0.01951396 -0.199927 0.107985 -0.01891195 -0.193673 0.107951 -0.01930397 -0.193498 0.187849 -0.02335298 -0.187343 0.1878949 -0.02217996 -0.199753 0.187882 -0.02296096 -0.211178 0.108277 -0.01362597 -0.205887 0.108096 -0.01697897 -0.205712 0.187993 -0.02102798 -0.218487 0.108802 -0.003579974 -0.215468 0.108518 -0.009063959 -0.215293 0.188415 -0.01311296 -0.220045 0.109113 0.002481997 -0.218312 0.1887 -0.007628977 -0.215468 0.110005 0.02028799 -0.218487 0.1097339 0.01480299 -0.218312 0.189631 0.01075398 -0.215293 0.189903 0.01623898 -0.205887 0.110386 0.02820497 -0.211178 0.110227 0.02485096 -0.211004 0.190125 0.02080196 -0.199927 0.110471 0.03013896 -0.205887 0.110386 0.02820497 -0.205712 0.190283 0.02415597 -0.187517 0.110404 0.02936094 -0.193498 0.190374 0.02648395 -0.187343 0.190301 0.02531194 -0.06214898 0.299861 0.090761 -0.08557099 0.276439 0.146893 -0.06850999 0.2935 0.155584 0.007490992 0.369501 0.109745 0.002129971 0.36414 0.169987 0.02798998 0.39 0.16768 0.03855794 0.39 0.103021 0.02798998 0.39 0.106379 0.054066 0.39 0.161173 0.04115694 0.39 0.164943 0.04873496 0.39 0.09861499 0.06663697 0.39 0.156395 0.05841594 0.39 0.093207 0.07879096 0.39 0.150638 0.09045195 0.39 0.143939 0.381235 0.1899999 0.08221799 0.385062 0.1899999 0.06186699 0.381235 0.03999996 0.08221799 0.300704 0.1899999 0.2483479 0.313462 0.03999996 0.232038 0.300704 0.03999996 0.2483479 0.287099 0.1899999 0.263959 0.287099 0.03999996 0.263959 0.272684 0.03999996 0.278825 0.2575 0.1899999 0.292906 0.2575 0.03999996 0.292906 0.272684 0.1899999 0.278825 0.225 0.1899999 0.318551 0.241591 0.1899999 0.30616 0.241591 0.03999996 0.30616 0.225 0.03999996 0.318551 0.2575 0.1899999 -0.292906 0.241591 0.1899999 -0.30616 0.241591 0.03999996 -0.30616 0.287099 0.1899999 -0.263959 0.272684 0.03999996 -0.278825 0.287099 0.03999996 -0.263959 0.272684 0.1899999 -0.278825 0.300704 0.1899999 -0.2483479 0.300704 0.03999996 -0.2483479 0.313462 0.1899999 -0.232038 0.313462 0.03999996 -0.232038 0.325336 0.1899999 -0.215073 0.325336 0.03999996 -0.215073 0.336293 0.1899999 -0.197502 0.336293 0.03999996 -0.197502 0.355334 0.1899999 -0.16074 0.346302 0.03999996 -0.179374 0.355334 0.03999996 -0.16074 0.346302 0.1899999 -0.179374 0.363365 0.1899999 -0.141654 0.363365 0.03999996 -0.141654 0.370372 0.03999996 -0.122168 0.376334 0.1899999 -0.102337 0.370372 0.1899999 -0.122168 0.381235 0.1899999 -0.08221799 0.376334 0.03999996 -0.102337 0.381235 0.03999996 -0.08221799 0.385062 0.1899999 -0.06186699 0.387803 0.1899999 -0.04134196 0.385062 0.03999996 -0.06186699 0.387803 0.03999996 -0.04134196 0.101484 0.03999996 0.338097 0.09725195 0.03999996 0.33541 0.09381997 0.03999996 0.331756 0.09015798 0.03999996 0.322507 0.09140396 0.03999996 0.327363 0.03990197 0.03999996 0.387953 0.09015798 0.03999996 0.317493 0.155447 0.03999996 -0.357682 0.120717 0.03999996 -0.336887 -0.09542095 0.03999996 0.306309 0.09381997 0.03999996 0.308244 -0.09247398 0.03999996 0.310365 -0.12 0.03999996 0.15 -0.09928297 0.03999996 0.303113 -0.10382 0.03999996 0.300979 0.11618 0.03999996 -0.339021 0.09140396 0.03999996 0.312638 -0.09062796 0.03999996 0.315026 0.127526 0.03999996 -0.329635 0.129372 0.03999996 -0.324974 -0.08999997 0.03999996 0.32 0.111256 0.03999996 -0.339961 0.106252 0.03999996 -0.339646 0.1299999 0.03999996 -0.32 0.129372 0.03999996 -0.315026 0.101484 0.03999996 -0.338097 0.225 0.03999996 -0.318551 0.127526 0.03999996 -0.310365 0.124579 0.03999996 -0.306309 0.120717 0.03999996 -0.303113 0.09381997 0.03999996 -0.331756 0.09140396 0.03999996 -0.327363 0.09015798 0.03999996 -0.322507 0.09015798 0.03999996 -0.317493 -0.09928297 0.03999996 0.336887 -0.09542095 0.03999996 0.333691 -0.10382 0.03999996 0.339021 -0.09247398 0.03999996 0.329635 -0.1261799 0.03999996 0.331756 -0.122749 0.03999996 0.33541 -0.128596 0.03999996 0.327363 -0.129842 0.03999996 0.322507 0.11618 0.03999996 -0.300979 0.12 0.03999996 -0.15 0.111256 0.03999996 -0.300039 0.101484 0.03999996 -0.301903 0.106252 0.03999996 -0.300354 0.09725195 0.03999996 -0.30459 -0.1261799 0.03999996 0.308244 -0.128596 0.03999996 0.312638 -0.225 0.03999996 0.318551 -0.122749 0.03999996 0.30459 -0.09542095 0.03999996 -0.333691 -0.09247398 0.03999996 -0.329635 -0.09928297 0.03999996 -0.336887 -0.10382 0.03999996 -0.339021 -0.09062796 0.03999996 -0.315026 0.09140396 0.03999996 -0.312638 -0.08999997 0.03999996 -0.32 -0.113748 0.03999996 -0.339646 -0.118516 0.03999996 -0.338097 0.09381997 0.03999996 -0.308244 -0.09247398 0.03999996 -0.310365 -0.122749 0.03999996 -0.33541 -0.1261799 0.03999996 -0.331756 -0.129842 0.03999996 -0.317493 -0.128596 0.03999996 -0.312638 0.05258595 0.03999996 -0.03820598 0.05695998 0.03999996 -0.03131395 0.02767598 0.03999996 -0.05881398 0.02008599 0.03999996 -0.06181895 0.06043499 0.03999996 -0.02392798 0.062958 0.03999996 -0.01616495 -0.09542095 0.03999996 -0.306309 -0.12 0.03999996 -0.15 -0.09928297 0.03999996 -0.303113 -0.10382 0.03999996 -0.300979 -0.108744 0.03999996 -0.300039 -0.113748 0.03999996 -0.300354 -0.04143297 0.03999996 -0.05008298 -0.04738295 0.03999996 -0.04449599 -0.05258595 0.03999996 -0.03820598 0.06043499 0.03999996 0.02392798 0.062958 0.03999996 0.01616495 0.12 0.03999996 0.15 0.05695998 0.03999996 0.03131395 0.05258595 0.03999996 0.03820598 0.03482896 0.03999996 0.05488097 0.04143297 0.03999996 0.05008298 0.02767598 0.03999996 0.05881398 -0.05695998 0.03999996 -0.03131395 -0.06043499 0.03999996 -0.02392798 0.120717 0.03999996 0.303113 0.124579 0.03999996 0.306309 0.127526 0.03999996 0.310365 0.11618 0.03999996 0.300979 0.111256 0.03999996 0.300039 0.129372 0.03999996 0.315026 0.1299999 0.03999996 0.32 0.127526 0.03999996 0.329635 0.129372 0.03999996 0.324974 0.124579 0.03999996 0.333691 0.120717 0.03999996 0.336887 0.106252 0.03999996 0.339646 0.111256 0.03999996 0.339961 -0.02008599 0.03999996 0.06181895 -0.01217997 0.03999996 0.06384897 -0.04143297 0.03999996 0.05008298 -0.03482896 0.03999996 0.05488097 -0.04738295 0.03999996 0.04449599 -0.06043499 0.03999996 0.02392798 -0.05695998 0.03999996 0.03131395 -0.062958 0.03999996 0.01616495 -0.06499999 0.03999996 0 -0.06448698 0.03999996 0.008147001 -0.38945 0.1899999 -0.02069997 -0.39 0.03999996 0 -0.38945 0.03999996 -0.02069997 -0.387803 0.1899999 -0.04134196 -0.387803 0.03999996 -0.04134196 -0.241591 0.1899999 0.30616 -0.225 0.1899999 0.318551 -0.241591 0.03999996 0.30616 -0.287099 0.1899999 0.263959 -0.272684 0.03999996 0.278825 -0.287099 0.03999996 0.263959 -0.300704 0.03999996 0.2483479 -0.376334 0.1899999 -0.102337 -0.376334 0.03999996 -0.102337 -0.370372 0.03999996 -0.122168 -0.272684 0.1899999 0.278825 -0.370372 0.1899999 -0.122168 -0.300704 0.1899999 0.2483479 -0.313462 0.1899999 0.232038 -0.363365 0.1899999 -0.141654 -0.363365 0.03999996 -0.141654 -0.355334 0.03999996 -0.16074 -0.313462 0.03999996 0.232038 -0.355334 0.1899999 -0.16074 -0.346302 0.1899999 -0.179374 -0.346302 0.03999996 -0.179374 -0.336293 0.1899999 0.197502 -0.325336 0.1899999 0.215073 -0.336293 0.03999996 0.197502 -0.336293 0.1899999 -0.197502 -0.336293 0.03999996 -0.197502 -0.313462 0.1899999 -0.232038 -0.325336 0.1899999 -0.215073 -0.313462 0.03999996 -0.232038 -0.300704 0.1899999 -0.2483479 -0.313462 0.1899999 -0.232038 -0.313462 0.03999996 -0.232038 -0.300704 0.03999996 -0.2483479 -0.287099 0.03999996 -0.263959 -0.370372 0.1899999 0.122167 -0.363365 0.1899999 0.141654 -0.363365 0.03999996 0.141654 -0.287099 0.1899999 -0.263959 -0.272684 0.03999996 -0.278825 -0.2575 0.1899999 -0.292906 -0.272684 0.1899999 -0.278825 -0.381235 0.1899999 0.08221799 -0.381235 0.03999996 0.08221799 -0.385062 0.03999996 0.06186699 -0.241591 0.1899999 -0.30616 -0.2575 0.03999996 -0.292906 -0.241591 0.03999996 -0.30616 -0.225 0.1899999 -0.318551 -0.225 0.03999996 -0.318551 -0.38945 0.1899999 0.02069997 -0.387803 0.1899999 0.04134196 -0.387803 0.03999996 0.04134196 0.1485069 0.108912 0.01442098 0.169954 0.10858 0.008783996 0.171512 0.108884 0.01484596 0.171811 0.110398 0.04473894 0.178821 0.109377 0.02489399 0.184112 0.109535 0.02824795 0.2081519 0.10727 -0.01542198 0.246787 0.105511 -0.04845297 0.212981 0.107461 -0.01143199 0.153505 0.109512 0.02646398 0.174531 0.1091549 0.02033096 0.161453 0.110019 0.03680497 0.219756 0.108313 0.005659997 0.218971 0.108 -5.49e-4 0.246812 0.110573 0.05141896 0.218971 0.108629 0.01186895 0.161435 0.10644 -0.03381496 0.171789 0.106015 -0.04175198 0.184112 0.107246 -0.01693499 0.212981 0.109194 0.02275097 0.216664 0.108929 0.01768797 0.2081519 0.109406 0.02673995 0.1468 0.108261 0.00149697 0.169954 0.108263 0.002524971 -0.188511 0.111441 0.04977995 -0.193673 0.110477 0.03053295 -0.187517 0.110404 0.02936094 -0.201452 0.111556 0.05148297 -0.205887 0.110386 0.02820497 -0.199927 0.110471 0.03013896 -0.251452 0.111665 0.05148994 -0.211178 0.110227 0.02485096 -0.218487 0.1097339 0.01480299 -0.215468 0.110005 0.02028799 -0.177019 0.108312 -0.01147496 -0.166118 0.107158 -0.03376799 -0.15817 0.107665 -0.02342694 -0.181847 0.10812 -0.01546496 -0.176475 0.106779 -0.04170197 -0.171028 0.10885 -5.92e-4 -0.153172 0.108264 -0.01138395 -0.1514649 0.108915 0.001539945 -0.193673 0.107951 -0.01930397 -0.201477 0.106494 -0.04838895 -0.188536 0.106552 -0.04668897 -0.187517 0.107997 -0.01813095 -0.170243 0.109163 0.005616962 -0.199927 0.107985 -0.01891195 -0.171028 0.10948 0.01182597 -0.153165 0.109574 0.01446497 -0.173335 0.109779 0.017645 -0.158157 0.110195 0.02650898 -0.211178 0.108277 -0.01362597 -0.205887 0.108096 -0.01697897 -0.1661 0.110737 0.036852 -0.177019 0.110044 0.02270799 -0.181847 0.110257 0.02669697 -0.1764529 0.111162 0.04478895 -0.220045 0.109113 0.002481997 -0.251477 0.106604 -0.04838097 -0.218487 0.108802 -0.003579974 0.2351 0.1899999 -0.161099 0.325336 0.1899999 -0.215073 0.245322 0.1899999 -0.145059 0.336293 0.1899999 0.197502 0.325336 0.1899999 0.215073 0.245322 0.1899999 0.145059 0.313462 0.1899999 0.232038 0.300704 0.1899999 0.2483479 0.223832 0.1899999 0.176421 0.363365 0.1899999 -0.141654 0.370372 0.1899999 -0.122168 0.269274 0.1899999 -0.09336197 0.184266 0.1899999 0.217419 0.1983579 0.1899999 0.204644 0.2575 0.1899999 0.292906 0.169354 0.1899999 0.229225 0.241591 0.1899999 0.30616 0.225 0.1899999 0.318551 0.387803 0.1899999 -0.04134196 0.38945 0.1899999 -0.02069997 0.284365 0.1899999 -0.01900994 0.2575 0.1899999 -0.292906 0.272684 0.1899999 -0.278825 0.1983579 0.1899999 -0.204644 0.39 0.1899999 0 0.38945 0.1899999 0.02069997 0.285 0.1899999 0 0.241591 0.1899999 -0.30616 0.184266 0.1899999 -0.217419 0.282464 0.1899999 0.037934 0.385062 0.1899999 0.06186699 0.279305 0.1899999 0.05668997 0.274902 0.1899999 0.075194 0.370372 0.1899999 0.122167 0.269274 0.1899999 0.09336197 0.313462 0.1899999 -0.232038 0.336293 0.1899999 -0.197502 0.128457 0.14 0.163576 0.1202999 0.139883 0.150481 0.120449 0.14 0.150721 0.12015 0.139767 0.15024 0.142533 0.1594949 0.1861709 0.128457 0.146533 0.163576 0.12 0.03999996 0.15 0.225 0.03999996 0.318551 0.156181 0.174001 0.208079 0.169354 0.1899999 0.229225 0.120449 0.14 -0.150721 0.1202999 0.139883 -0.150481 0.128457 0.14 -0.163576 0.12015 0.139767 -0.150241 0.12 0.139651 -0.15 0.128457 0.146533 -0.163576 0.142533 0.1594949 -0.1861709 0.12 0.03999996 -0.15 0.12 0.122003 0.07592099 0.12 0.120194 0.06334596 0.12 0.118711 0.05072796 0.12 0.117557 0.03807598 0.12 0.116733 0.02539795 0.12 0.1324869 -0.125624 0.12 0.129382 -0.113305 0.12 0.117557 -0.03807598 0.12 0.116733 -0.02539795 0.12 0.1162379 -0.012703 0.12 0.116073 0 -0.225 0.03999996 0.318551 -0.169354 0.1899999 0.229225 -0.156181 0.174001 0.208079 -0.225 0.1899999 0.318551 -0.142533 0.1594949 0.1861709 -0.12 0.139651 0.15 -0.128457 0.14 0.163576 -0.12015 0.139767 0.15024 -0.12 0.03999996 0.15 -0.12 0.126599 0.100909 -0.12 0.124139 0.088445 -0.12 0.129382 0.113305 -0.12 0.117557 0.03807598 -0.12 0.118711 0.05072796 -0.12 0.116733 0.02539795 -0.12 0.03999996 -0.15 -0.12 0.1324869 -0.125624 -0.12 0.139651 -0.15 -0.12 0.129382 -0.113305 -0.12 0.126599 -0.100909 -0.12 0.116733 -0.02539795 -0.12 0.117557 -0.03807598 -0.225 0.03999996 -0.318551 -0.156181 0.174001 -0.208079 -0.169354 0.1899999 -0.229225 -0.142533 0.1594949 -0.1861709 0.11618 0.15 -0.339021 0.111256 0.03999996 -0.339961 0.11618 0.03999996 -0.339021 0.129372 0.15 -0.315026 0.1299999 0.15 -0.32 0.1299999 0.03999996 -0.32 0.124579 0.15 -0.333691 0.120717 0.15 -0.336887 0.120717 0.03999996 -0.336887 0.127526 0.15 -0.310365 0.129372 0.15 -0.315026 0.129372 0.03999996 -0.315026 0.129372 0.03999996 -0.315026 0.124579 0.15 -0.306309 0.127526 0.03999996 -0.310365 0.124579 0.03999996 -0.333691 0.127526 0.03999996 -0.329635 0.127526 0.15 -0.329635 0.124579 0.03999996 -0.306309 0.129372 0.15 -0.324974 0.129372 0.03999996 -0.324974 0.120717 0.15 -0.303113 0.120717 0.03999996 -0.303113 0.11618 0.15 -0.300979 0.11618 0.03999996 -0.300979 0.111256 0.15 -0.300039 0.111256 0.03999996 -0.300039 0.106252 0.15 -0.300354 0.106252 0.03999996 -0.300354 0.101484 0.15 -0.301903 0.101484 0.03999996 -0.301903 0.101484 0.15 -0.301903 0.101484 0.03999996 -0.301903 0.09725195 0.03999996 -0.30459 0.09381997 0.15 -0.308244 0.09725195 0.15 -0.30459 0.09381997 0.03999996 -0.308244 0.09140396 0.15 -0.312638 0.09015798 0.15 -0.317493 0.09140396 0.03999996 -0.312638 0.09015798 0.03999996 -0.317493 0.09015798 0.15 -0.322507 0.09015798 0.03999996 -0.322507 0.09140396 0.15 -0.327363 0.09140396 0.03999996 -0.327363 0.09381997 0.03999996 -0.331756 0.101484 0.15 -0.338097 0.09725195 0.15 -0.33541 0.09725195 0.03999996 -0.33541 0.101484 0.03999996 -0.338097 0.106252 0.15 -0.339646 0.106252 0.03999996 -0.339646 0.11618 0.15 0.300979 0.111256 0.03999996 0.300039 0.11618 0.03999996 0.300979 0.129372 0.15 0.324974 0.1299999 0.15 0.32 0.1299999 0.03999996 0.32 0.120717 0.15 0.303113 0.120717 0.03999996 0.303113 0.124579 0.15 0.306309 0.120717 0.15 0.303113 0.120717 0.03999996 0.303113 0.127526 0.15 0.329635 0.129372 0.15 0.324974 0.129372 0.03999996 0.324974 0.129372 0.03999996 0.324974 0.124579 0.03999996 0.306309 0.127526 0.03999996 0.329635 0.124579 0.15 0.333691 0.124579 0.03999996 0.333691 0.129372 0.15 0.315026 0.127526 0.15 0.310365 0.129372 0.03999996 0.315026 0.120717 0.03999996 0.336887 0.11618 0.15 0.339021 0.11618 0.03999996 0.339021 0.111256 0.03999996 0.339961 0.101484 0.15 0.338097 0.101484 0.03999996 0.338097 0.09725195 0.03999996 0.33541 0.09140396 0.15 0.327363 0.09381997 0.15 0.331756 0.09381997 0.03999996 0.331756 0.09725195 0.15 0.33541 0.09015798 0.15 0.322507 0.09140396 0.03999996 0.327363 0.09015798 0.03999996 0.322507 0.09015798 0.03999996 0.317493 0.09140396 0.15 0.312638 0.09015798 0.15 0.317493 0.09140396 0.03999996 0.312638 0.09381997 0.03999996 0.308244 0.09725195 0.15 0.30459 0.09381997 0.15 0.308244 0.09725195 0.03999996 0.30459 0.101484 0.15 0.301903 0.101484 0.03999996 0.301903 0.106252 0.15 0.300354 0.106252 0.03999996 0.300354 0.111256 0.15 0.300039 -0.10382 0.15 -0.339021 -0.108744 0.15 -0.339961 -0.108744 0.03999996 -0.339961 -0.09062796 0.15 -0.315026 -0.08999997 0.15 -0.32 -0.08999997 0.03999996 -0.32 -0.09542095 0.15 -0.333691 -0.09928297 0.15 -0.336887 -0.09928297 0.03999996 -0.336887 -0.09247398 0.15 -0.329635 -0.09247398 0.03999996 -0.329635 -0.09062796 0.03999996 -0.324974 -0.09542095 0.15 -0.306309 -0.09247398 0.03999996 -0.310365 -0.09542095 0.03999996 -0.306309 -0.09062796 0.15 -0.324974 -0.09928297 0.15 -0.303113 -0.09928297 0.03999996 -0.303113 -0.10382 0.15 -0.300979 -0.10382 0.03999996 -0.300979 -0.108744 0.03999996 -0.300039 -0.113748 0.15 -0.300354 -0.108744 0.15 -0.300039 -0.113748 0.03999996 -0.300354 -0.128596 0.15 -0.312638 -0.1261799 0.15 -0.308244 -0.1261799 0.03999996 -0.308244 -0.122749 0.15 -0.30459 -0.122749 0.03999996 -0.30459 -0.129842 0.15 -0.317493 -0.128596 0.03999996 -0.312638 -0.129842 0.03999996 -0.317493 -0.129842 0.03999996 -0.322507 -0.129842 0.15 -0.322507 -0.128596 0.15 -0.327363 -0.128596 0.03999996 -0.327363 -0.1261799 0.15 -0.331756 -0.1261799 0.03999996 -0.331756 -0.122749 0.15 -0.33541 -0.1261799 0.15 -0.331756 -0.122749 0.03999996 -0.33541 -0.118516 0.15 -0.338097 -0.118516 0.03999996 -0.338097 -0.113748 0.15 -0.339646 -0.113748 0.03999996 -0.339646 -0.10382 0.15 0.300979 -0.108744 0.03999996 0.300039 -0.10382 0.03999996 0.300979 -0.09062796 0.15 0.324974 -0.08999997 0.15 0.32 -0.08999997 0.03999996 0.32 -0.09928297 0.15 0.303113 -0.09928297 0.03999996 0.303113 -0.09542095 0.15 0.333691 -0.09247398 0.15 0.329635 -0.09247398 0.03999996 0.329635 -0.09542095 0.15 0.306309 -0.09542095 0.03999996 0.306309 -0.09247398 0.03999996 0.310365 -0.09247398 0.15 0.310365 -0.10382 0.15 0.339021 -0.09928297 0.15 0.336887 -0.10382 0.03999996 0.339021 -0.09928297 0.03999996 0.336887 -0.108744 0.15 0.339961 -0.108744 0.03999996 0.339961 -0.113748 0.15 0.339646 -0.113748 0.03999996 0.339646 -0.122749 0.15 0.33541 -0.118516 0.15 0.338097 -0.122749 0.03999996 0.33541 -0.1261799 0.15 0.331756 -0.1261799 0.03999996 0.331756 -0.128596 0.15 0.327363 -0.129842 0.15 0.317493 -0.129842 0.03999996 0.317493 -0.128596 0.03999996 0.312638 -0.128596 0.15 0.312638 -0.1261799 0.03999996 0.308244 -0.1261799 0.15 0.308244 -0.1261799 0.15 0.308244 -0.1261799 0.03999996 0.308244 -0.122749 0.03999996 0.30459 -0.118516 0.15 0.301903 -0.118516 0.03999996 0.301903 -0.113748 0.03999996 0.300354 -0.113748 0.15 0.300354 -0.280037 0.1899999 -0.05295699 -0.282791 0.1899999 -0.03541898 -0.385062 0.1899999 -0.06186699 -0.241591 0.1899999 -0.30616 -0.225 0.1899999 -0.318551 -0.169354 0.1899999 -0.229225 -0.26532 0.1899999 0.104069 -0.258326 0.1899999 0.120386 -0.355334 0.1899999 0.16074 -0.2575 0.1899999 -0.292906 -0.183297 0.1899999 -0.218237 -0.346302 0.1899999 0.179374 -0.25033 0.1899999 0.1362349 -0.196529 0.1899999 -0.206402 -0.272684 0.1899999 -0.278825 -0.241362 0.1899999 0.151556 -0.336293 0.1899999 0.197502 -0.284447 0.1899999 -0.017744 -0.285 0.1899999 0 -0.38945 0.1899999 -0.02069997 -0.208998 0.1899999 -0.193765 -0.220656 0.1899999 -0.180377 -0.300704 0.1899999 -0.2483479 -0.313462 0.1899999 -0.232038 -0.325336 0.1899999 0.215073 -0.231458 0.1899999 0.16629 -0.313462 0.1899999 0.232038 -0.39 0.1899999 0 -0.183297 0.1899999 0.218237 -0.169354 0.1899999 0.229225 -0.241591 0.1899999 0.30616 -0.220656 0.1899999 0.180377 -0.208998 0.1899999 0.193765 -0.300704 0.1899999 0.2483479 -0.336293 0.1899999 -0.197502 -0.25033 0.1899999 -0.1362349 -0.346302 0.1899999 -0.179374 -0.38945 0.1899999 0.02069997 -0.282791 0.1899999 0.03541898 -0.280037 0.1899999 0.05295699 -0.385062 0.1899999 0.06186699 -0.26532 0.1899999 -0.104069 -0.271285 0.1899999 -0.08734798 -0.370372 0.1899999 -0.122168 -0.276196 0.1899999 0.07028895 -0.381235 0.1899999 0.08221799 -0.276196 0.1899999 -0.07028895 -0.376334 0.1899999 -0.102337 0.246787 0.105511 -0.04845297 0.246926 0.169333 -0.05168795 0.2469249 0.167636 -0.03450298 0.2469249 0.166617 -0.01726496 0.246812 0.110573 0.05141896 0.246927 0.166278 0 0.2469339 0.1674759 0.03234297 0.24694 0.1689699 0.04845899 0.213864 0.152086 -0.05080497 0.246787 0.105511 -0.04845297 0.1967869 0.105621 -0.04844599 0.230557 0.1604 -0.05123096 0.1968719 0.144402 -0.05041098 0.246812 0.110573 0.05141896 0.24694 0.1689699 0.04845899 0.2305639 0.160142 0.04891097 0.196812 0.110682 0.05142599 0.213871 0.1519269 0.04933094 0.196886 0.144333 0.04971998 0.171811 0.110398 0.04473894 0.183871 0.110624 0.04972594 0.173178 0.134362 0.04425895 0.161453 0.110019 0.03680497 0.171811 0.110398 0.04473894 0.164212 0.130639 0.03828197 0.173178 0.134362 0.04425895 0.156724 0.127544 0.03039199 0.1468 0.108261 0.00149697 0.147065 0.123553 0.005525946 0.146838 0.123452 0 0.148212 0.123998 -0.01097899 0.153492 0.106981 -0.02347195 0.1485 0.107603 -0.01142799 0.1519989 0.125539 -0.02153897 0.158102 0.128049 -0.03116399 0.171789 0.106015 -0.04175198 0.161435 0.10644 -0.03381496 0.166224 0.13142 -0.03925895 0.1838459 0.105736 -0.04674297 0.175804 0.135435 -0.04529899 0.186163 0.139822 -0.04901695 -0.176475 0.106779 -0.04170197 -0.188536 0.106552 -0.04668897 -0.176529 0.1355119 -0.04322499 -0.15817 0.107665 -0.02342694 -0.166118 0.107158 -0.03376799 -0.1594009 0.128203 -0.02656096 -0.1671749 0.131502 -0.03607898 -0.1514649 0.108915 0.001539945 -0.153172 0.108264 -0.01138395 -0.151823 0.125032 -0.005539953 -0.151611 0.124959 0.004998981 -0.158157 0.110195 0.02650898 -0.156858 0.127191 0.02331799 -0.161109 0.128991 0.03014898 -0.1661 0.110737 0.036852 -0.165908 0.131026 0.035676 -0.171055 0.1332139 0.04009896 -0.1764529 0.111162 0.04478895 -0.178267 0.1362929 0.04454398 -0.188511 0.111441 0.04977995 -0.1866829 0.139907 0.04782795 -0.193994 0.143067 0.049335 -0.201452 0.111556 0.05148297 -0.201376 0.146279 0.04972398 -0.23501 0.162738 -0.05122995 -0.218354 0.154233 -0.05080395 -0.251477 0.106604 -0.04838097 -0.251452 0.111665 0.05148994 -0.218333 0.15406 0.04933398 -0.251452 0.111665 0.05148994 -0.251321 0.17148 0.04845899 -0.251327 0.169944 0.03180295 0.122222 0.14 0.1492879 0.12 0.139651 0.15 0.122279 0.138436 0.144279 0.12431 0.142119 0.1540729 0.262447 0.1899999 0.111115 0.254451 0.1899999 0.128373 0.233352 0.170517 0.101101 0.219979 0.170517 0.127608 0.156181 0.174001 0.208079 0.12 0.1324869 0.125624 0.12 0.129382 0.113305 0.140395 0.138436 0.1267189 0.2435449 0.170517 0.07321596 0.2305639 0.160142 0.04891097 0.24694 0.1689699 0.04845899 0.185448 0.153299 0.122579 0.169898 0.153299 0.143357 0.1560119 0.138436 0.106905 0.12 0.126599 0.100909 0.250418 0.170517 0.04433196 0.196886 0.144333 0.04971998 0.213871 0.1519269 0.04933094 0.208788 0.153299 0.07631695 0.12 0.124139 0.088445 0.12 0.122003 0.07592099 0.125854 0.126006 0.09041899 0.2469339 0.1674759 0.03234297 0.253878 0.170517 0.01484495 0.259851 0.173807 0 0.272546 0.181717 0 0.284365 0.1899999 0.01900994 0.1841779 0.138963 0.04835498 0.17869 0.138436 0.06195497 0.121042 0.14 0.150246 0.121633 0.14 0.1497679 0.173178 0.134362 0.04425895 0.138356 0.126006 0.06980198 0.12 0.120194 0.06334596 0.147065 0.123553 0.005525946 0.147908 0.123906 0.01101899 0.137938 0.120827 0 0.146838 0.123452 0 0.12 0.118711 0.05072796 0.12 0.117557 0.03807598 0.147509 0.126006 0.04749494 0.156724 0.127544 0.03039199 0.164212 0.130639 0.03828197 0.178056 0.145568 0.103289 0.1628 0.170517 0.1953729 0.168853 0.138436 0.08518797 0.188881 0.145568 0.081833 0.14819 0.131913 0.08762496 0.158535 0.131913 0.06712096 0.2351 0.1899999 0.161099 0.203607 0.170517 0.1523759 0.1844609 0.170517 0.175068 0.142533 0.1594949 0.1861709 0.128457 0.146533 0.163576 0.152033 0.153299 0.162181 0.211566 0.1899999 -0.190958 0.223832 0.1899999 -0.176421 0.1844609 0.170517 -0.175068 0.142533 0.1594949 -0.1861709 0.156181 0.174001 -0.208079 0.1628 0.170517 -0.1953729 0.203607 0.170517 -0.152377 0.169898 0.153299 -0.143357 0.128457 0.146533 -0.163576 0.152033 0.153299 -0.162181 0.12 0.120194 -0.06334596 0.12 0.122003 -0.07592099 0.138356 0.126006 -0.06980198 0.12 0.118711 -0.05072796 0.121042 0.14 -0.150246 0.121633 0.14 -0.1497679 0.12 0.139651 -0.15 0.12431 0.142119 -0.1540729 0.140395 0.138436 -0.1267189 0.1560119 0.138436 -0.106905 0.12 0.126599 -0.100909 0.122279 0.138436 -0.144279 0.1968719 0.144402 -0.05041098 0.17869 0.138436 -0.06195497 0.188881 0.145568 -0.081833 0.1984699 0.153299 -0.10013 0.208788 0.153299 -0.07631695 0.2469249 0.166617 -0.01726496 0.2469249 0.167636 -0.03450298 0.253878 0.170517 -0.01484495 0.185448 0.153299 -0.122579 0.178056 0.145568 -0.103289 0.282464 0.1899999 -0.037934 0.246926 0.169333 -0.05168795 0.250418 0.170517 -0.04433196 0.168853 0.138436 -0.08518797 0.158535 0.131913 -0.06712096 0.175804 0.135435 -0.04529899 0.147509 0.126006 -0.04749494 0.125854 0.126006 -0.09041899 0.14819 0.131913 -0.08762496 0.274902 0.1899999 -0.075194 0.2435449 0.170517 -0.07321596 0.233352 0.170517 -0.101101 0.254451 0.1899999 -0.128373 0.262447 0.1899999 -0.111115 0.1519989 0.125539 -0.02153897 0.148212 0.123998 -0.01097899 0.12 0.1162379 -0.012703 0.219979 0.170517 -0.127608 0.128991 0.118367 0 0.12 0.116073 0 0.213864 0.152086 -0.05080497 0.230557 0.1604 -0.05123096 0.158102 0.128049 -0.03116399 0.12 0.116733 -0.02539795 0.122222 0.14 0.1492879 0.12431 0.142119 0.1540729 0.126389 0.144297 0.158836 0.128457 0.14 0.163576 0.120449 0.14 -0.150721 0.128457 0.14 -0.163576 -0.1423299 0.138436 0.1245419 -0.12 0.1324869 0.125624 -0.123018 0.138436 0.143649 -0.122222 0.14 0.1492879 -0.12431 0.142119 0.1540729 -0.153291 0.153299 0.160992 -0.1423299 0.138436 -0.1245419 -0.1587049 0.138436 -0.102865 -0.166307 0.145568 -0.121304 -0.188261 0.153299 -0.1182129 -0.1810399 0.145568 -0.097965 -0.139105 0.132241 -0.102951 -0.15109 0.131913 -0.08252495 -0.128363 0.126006 -0.08681899 -0.171805 0.138436 -0.07906496 -0.181361 0.138436 -0.05363398 -0.161354 0.131913 -0.060027 -0.176529 0.1355119 -0.04322499 -0.1411949 0.126006 -0.06386399 -0.1671749 0.131502 -0.03607898 -0.193994 0.143067 0.049335 -0.181361 0.138436 0.05363398 -0.191811 0.145568 0.07470595 -0.201493 0.153299 0.09389996 -0.2116 0.153299 0.06813097 -0.201376 0.146279 0.04972398 -0.188261 0.153299 0.1182129 -0.1810399 0.145568 0.097965 -0.171805 0.138436 0.07906496 -0.178267 0.1362929 0.04454398 -0.161354 0.131913 0.060027 -0.1499609 0.126006 0.03906899 -0.1411949 0.126006 0.06386399 -0.156578 0.129497 0.05319797 -0.171055 0.1332139 0.04009896 -0.165908 0.131026 0.035676 -0.17211 0.153299 0.140693 -0.166307 0.145568 0.121304 -0.15109 0.131913 0.08252495 -0.1587049 0.138436 0.102865 -0.128363 0.126006 0.08681899 -0.12 0.126599 0.100909 -0.139105 0.132241 0.102951 -0.1202999 0.139883 -0.150481 -0.12015 0.139767 -0.150241 -0.121042 0.14 -0.150246 -0.121633 0.14 -0.1497679 -0.12 0.139651 -0.15 -0.122222 0.14 -0.1492879 -0.251321 0.17148 0.04845899 -0.154352 0.126081 -0.01619595 -0.12 0.116733 -0.02539795 -0.12 0.1162379 -0.012703 -0.151823 0.125032 -0.005539953 -0.151611 0.124959 0.004998981 -0.12 0.116073 0 -0.12 0.1162379 0.012703 -0.153482 0.125759 0.01489597 -0.156858 0.127191 0.02331799 -0.12 0.116733 0.02539795 -0.121042 0.14 0.150246 -0.121633 0.14 0.1497679 -0.12 0.139651 0.15 -0.156181 0.174001 -0.208079 -0.142533 0.1594949 -0.1861709 -0.1628 0.170517 -0.1953729 -0.1844609 0.170517 -0.175068 -0.231458 0.1899999 -0.16629 -0.203607 0.170517 -0.152377 -0.241362 0.1899999 -0.151556 -0.153291 0.153299 -0.160992 -0.128457 0.146533 -0.163576 -0.126389 0.144297 -0.158836 -0.219979 0.170517 -0.127608 -0.17211 0.153299 -0.140693 -0.12431 0.142119 -0.1540729 -0.123018 0.138436 -0.143649 -0.12 0.1324869 -0.125624 -0.12 0.129382 -0.113305 -0.201493 0.153299 -0.09389996 -0.2435449 0.170517 -0.07321596 -0.233352 0.170517 -0.101101 -0.2116 0.153299 -0.06813097 -0.218354 0.154233 -0.05080395 -0.23501 0.162738 -0.05122995 -0.253878 0.170517 -0.01484495 -0.251336 0.170199 -0.03504395 -0.251335 0.169175 -0.01834797 -0.284447 0.1899999 0.017744 -0.253878 0.170517 0.01484495 -0.12 0.122003 -0.07592099 -0.1499609 0.126006 -0.03906899 -0.12 0.118711 -0.05072796 -0.12 0.117557 -0.03807598 -0.1594009 0.128203 -0.02656096 -0.271285 0.1899999 0.08734798 -0.2435449 0.170517 0.07321596 -0.233352 0.170517 0.101101 -0.234989 0.162464 0.04891198 -0.1866829 0.139907 0.04782795 -0.219979 0.170517 0.127608 -0.203607 0.170517 0.1523759 -0.1844609 0.170517 0.175068 -0.12 0.117557 0.03807598 -0.12 0.118711 0.05072796 -0.161109 0.128991 0.03014898 -0.196529 0.1899999 0.206401 -0.1628 0.170517 0.1953729 -0.126389 0.144297 0.158836 -0.142533 0.1594949 0.1861709 -0.12 0.122003 0.07592099 -0.12 0.124139 0.088445 -0.128457 0.14 0.163576 -0.12431 0.142119 0.1540729 -0.122222 0.14 0.1492879 -0.126389 0.144297 0.158836 -0.122222 0.14 -0.1492879 -0.12431 0.142119 -0.1540729 -0.128457 0.14 -0.163576 -0.126389 0.144297 -0.158836 -0.128457 0.146533 -0.163576 -0.128457 0.14 -0.163576 0.120717 0.15 -0.336887 0.124579 0.15 -0.333691 0.11618 0.15 -0.339021 0.129372 0.15 -0.324974 0.111256 0.15 -0.339961 0.106252 0.15 -0.339646 0.101484 0.15 -0.338097 0.129372 0.15 -0.315026 0.09381997 0.15 -0.331756 0.11618 0.15 -0.300979 0.09015798 0.15 -0.322507 0.09015798 0.15 -0.317493 0.106252 0.15 -0.300354 0.09381997 0.15 -0.308244 0.09140396 0.15 -0.312638 0.101484 0.15 -0.301903 0.09725195 0.15 -0.30459 0.120717 0.15 0.303113 0.124579 0.15 0.306309 0.11618 0.15 0.300979 0.127526 0.15 0.310365 0.129372 0.15 0.315026 0.101484 0.15 0.301903 0.129372 0.15 0.324974 0.09381997 0.15 0.308244 0.127526 0.15 0.329635 0.120717 0.15 0.336887 0.11618 0.15 0.339021 0.09015798 0.15 0.322507 0.09140396 0.15 0.327363 0.106252 0.15 0.339646 0.09381997 0.15 0.331756 0.09725195 0.15 0.33541 -0.09928297 0.15 -0.336887 -0.09542095 0.15 -0.333691 -0.10382 0.15 -0.339021 -0.09062796 0.15 -0.324974 -0.108744 0.15 -0.339961 -0.113748 0.15 -0.339646 -0.08999997 0.15 -0.32 -0.09062796 0.15 -0.315026 -0.128596 0.15 -0.327363 -0.1261799 0.15 -0.331756 -0.10382 0.15 -0.300979 -0.129842 0.15 -0.322507 -0.129842 0.15 -0.317493 -0.108744 0.15 -0.300039 -0.113748 0.15 -0.300354 -0.1261799 0.15 -0.308244 -0.122749 0.15 -0.30459 -0.09928297 0.15 0.303113 -0.09542095 0.15 0.306309 -0.10382 0.15 0.300979 -0.09062796 0.15 0.315026 -0.08999997 0.15 0.32 -0.09062796 0.15 0.324974 -0.122749 0.15 0.30459 -0.118516 0.15 0.301903 -0.1261799 0.15 0.308244 -0.129842 0.15 0.317493 -0.10382 0.15 0.339021 -0.129842 0.15 0.322507 -0.108744 0.15 0.339961 -0.113748 0.15 0.339646 -0.128596 0.15 0.327363 -0.1261799 0.15 0.331756 -0.1965129 0.1899999 -0.459764 -0.1965129 0.22 -0.459764 -0.175687 0.1899999 -0.468117 -0.175687 0.22 -0.468117 0.495475 0.22 0.06711697 -0.133018 0.1899999 -0.481981 0.491965 0.1899999 0.08927798 0.495475 0.1899999 0.06711697 0.491965 0.22 0.08927798 0.487464 0.22 0.1112599 -0.06711697 0.1899999 -0.495475 0.481981 0.1899999 0.133018 -0.06711697 0.22 -0.495475 0.02243196 0.22 -0.499497 0.440298 0.22 0.236934 0.06711697 0.1899999 -0.495475 0.404509 0.22 0.293893 0.111261 0.1899999 -0.487464 0.404509 0.22 0.293893 0.1965129 0.1899999 -0.459764 0.1965129 0.22 -0.459764 0.25645 0.1899999 -0.429224 0.25645 0.22 -0.429224 0.275449 0.1899999 -0.417287 0.275449 0.22 -0.417287 0.293893 0.22 0.404509 0.25645 0.1899999 0.429224 0.328969 0.1899999 -0.376536 0.311745 0.22 -0.390916 0.216942 0.1899999 0.450484 0.236934 0.1899999 0.440298 0.216942 0.22 0.450484 0.236934 0.22 0.440298 0.361398 0.1899999 -0.345531 0.133018 0.1899999 0.481981 0.154509 0.1899999 0.475528 0.133018 0.22 0.481981 0.440298 0.22 -0.236934 0.08927798 0.1899999 0.491965 0.08927798 0.22 0.491965 0.06711697 0.22 0.495475 0.06711697 0.1899999 0.495475 0.04481995 0.1899999 0.497987 0.04481995 0.22 0.497987 0.468117 0.1899999 -0.175687 0.02243196 0.22 0.499497 0.481981 0.1899999 -0.133018 0.481981 0.22 -0.133018 0.491965 0.1899999 -0.08927798 -0.04481995 0.1899999 0.497987 0.499497 0.1899999 -0.02243196 -0.111261 0.1899999 0.487464 -0.175687 0.1899999 0.468117 -0.1965129 0.1899999 0.459764 -0.1965129 0.22 0.459764 -0.216942 0.22 0.450484 -0.216942 0.1899999 0.450484 -0.236934 0.22 0.440298 -0.275449 0.1899999 0.417287 -0.293893 0.22 0.404509 -0.311745 0.22 0.390916 -0.361398 0.22 0.345531 -0.361398 0.1899999 0.345531 -0.404509 0.1899999 0.293893 -0.404509 0.22 0.293893 -0.417287 0.22 0.275449 -0.440298 0.1899999 0.236934 -0.429224 0.1899999 0.25645 -0.440298 0.22 0.236934 -0.468117 0.1899999 0.175687 -0.475528 0.1899999 0.154509 -0.481981 0.1899999 0.133018 -0.475528 0.22 0.154509 -0.497987 0.1899999 0.04481995 -0.5 0.1899999 0 -0.499497 0.1899999 0.02243196 -0.5 0.22 0 -0.499497 0.22 -0.02243196 -0.491965 0.22 -0.08927798 -0.450484 0.22 -0.216942 -0.376536 0.1899999 -0.328969 -0.376536 0.22 -0.328969 -0.328969 0.22 -0.376536 -0.275449 0.1899999 -0.417287 -0.03594696 0.22 -0.316037 0.04765194 0.22 0.359314 0.140918 0.22 0.315944 -0.236934 0.22 -0.440298 -0.192215 0.22 -0.407007 -0.192502 0.22 -0.421975 0.293893 0.22 -0.404509 0.16759 0.22 0.460449 0.275449 0.22 -0.417287 0.397002 0.22 -0.264637 0.166155 0.22 0.370634 0.329054 0.22 0.03769797 0.161579 0.22 0.356219 0.290582 0.22 -0.36614 0.345531 0.22 -0.361398 0.314232 0.22 0.04070496 0.409231 0.22 -0.245267 0.172123 0.22 0.43057 -0.374294 0.22 -0.03617495 0.39414 0.22 -0.244276 0.1716409 0.22 0.400353 0.306385 0.22 0.129644 0.25645 0.22 -0.429224 0.175687 0.22 -0.468117 0.154509 0.22 -0.475528 -0.07526296 0.22 0.294332 0.172511 0.22 0.415452 0.29167 0.22 0.126887 0.265977 0.22 0.102378 -0.29253 0.22 0.08198601 0.487464 0.22 -0.111261 0.491965 0.22 -0.08927798 0.482556 0.22 -0.08508795 -0.446047 0.22 -0.05832695 -0.304994 0.22 0.09027999 0.144911 0.22 -0.440475 0.114374 0.22 -0.435339 0.08927798 0.22 -0.491965 -0.223369 0.22 0.177007 -0.3042 0.22 -0.331395 -0.184733 0.22 -0.362804 0.020015 0.22 0.330601 -0.171392 0.22 0.25084 0.110957 0.22 -0.390725 0.297925 0.22 -0.203746 -0.345531 0.22 -0.361398 -0.332818 0.22 -0.359628 0.223917 0.22 0.215485 0.345581 0.22 -0.109322 -0.282899 0.22 -0.291454 0.217186 0.22 0.212309 0.210343 0.22 0.209383 0.266881 0.22 -0.170803 0.03068095 0.22 0.476132 0.324506 0.22 0.328654 0.376536 0.22 0.328969 -0.020015 0.22 -0.449399 -0.180878 0.22 0.279218 -0.175608 0.22 0.265205 -0.03656899 0.22 -0.462367 -0.06711697 0.22 -0.495475 0.02378898 0.22 0.489422 -0.212178 0.22 0.1902779 -0.255723 0.22 0.18915 -0.364094 0.22 0.09402298 0.318039 0.22 -0.09762698 0.258476 0.22 -0.1582289 -0.09513497 0.22 0.332607 0.361398 0.22 0.345531 0.329278 0.22 0.343975 -0.04141896 0.22 -0.448203 0.1937389 0.22 0.21549 -0.217267 0.22 -0.212346 -0.393856 0.22 0.09927099 -0.194459 0.22 0.30588 0.186517 0.22 0.2154909 0.255723 0.22 -0.18915 -0.243567 0.22 -0.226616 0.238891 0.22 -0.164411 0.09465301 0.22 -0.30239 0.09426397 0.22 -0.317509 0.165773 0.22 -0.231828 0.168253 0.22 -0.236201 0.453918 0.22 -0.09474098 0.439096 0.22 -0.09774798 -0.211836 0.22 0.33024 -0.110957 0.22 0.390725 -0.105197 0.22 0.376741 0.08611196 0.22 -0.382776 -0.309979 0.22 0.21288 -0.453918 0.22 0.09474098 0.311745 0.22 0.390916 -0.243226 0.22 -0.1485469 -0.251147 0.22 -0.145 0.09629696 0.22 -0.287356 -0.11786 0.22 0.404181 -0.28136 0.22 -0.1457239 0.251147 0.22 -0.145 0.309459 0.22 0.347324 0.30507 0.22 0.333717 0.299624 0.22 0.320497 0.293156 0.22 0.307747 -0.02936995 0.22 -0.405111 0.275449 0.22 0.417287 -0.08927798 0.22 0.491965 -0.296316 0.22 -0.147967 -0.26183 0.22 -0.124681 0.364094 0.22 -0.09402298 0.349643 0.22 -0.08956199 -0.02999997 0.22 -0.39 0.08157795 0.22 -0.368508 0.09977096 0.22 0.266966 0.07731997 0.22 -0.279502 0.099186 0.22 -0.272511 0.481981 0.22 0.133018 0.471144 0.22 0.075163 -0.487464 0.22 0.1112599 -0.379184 0.22 0.242033 -0.364466 0.22 0.238554 -0.02936995 0.22 -0.37489 0.07526296 0.22 -0.294332 -0.429224 0.22 -0.25645 -0.145038 0.22 0.468043 -0.339349 0.22 -0.162009 -0.306385 0.22 -0.129644 0.322103 0.22 -0.07711899 0.309204 0.22 -0.06922399 -0.459764 0.22 0.1965129 0.285594 0.22 -0.05035799 -0.409231 0.22 0.245267 -0.1965129 0.22 0.459764 -0.155835 0.22 0.450934 -0.424352 0.22 0.245 -0.020015 0.22 -0.330601 0.075742 0.22 -0.33916 -0.01447898 0.22 -0.316527 -0.440298 0.22 0.236934 -0.25645 0.22 0.429224 -0.175687 0.22 -0.468117 -0.275449 0.22 0.417287 -0.26919 0.22 0.377699 -0.404509 0.22 0.293893 -0.382137 0.22 0.262853 -0.397002 0.22 0.264637 0 0.22 -0.29 -0.390916 0.22 0.311745 -0.367446 0.22 0.259971 -0.328969 0.22 0.376536 -0.311745 0.22 0.390916 -0.376536 0.22 0.328969 -0.353009 0.22 0.256007 0.302929 0.22 0.023009 -0.280254 0.22 -0.05179697 0.268045 0.22 0.273082 -0.172511 0.22 -0.415452 -0.314232 0.22 -0.04070496 0.468117 0.22 0.175687 -0.284471 0.22 -0.01735097 0.408864 0.22 0.188232 0.427683 0.22 0.211495 0.459764 0.22 0.1965129 0.432536 0.22 0.05153095 0.13188 0.22 0.303818 0.275449 0.1899999 0.417287 0.2184939 0.1899999 0.364535 0.25645 0.1899999 0.429224 -0.374817 0.1899999 -0.200344 -0.440298 0.1899999 -0.236934 0.200344 0.1899999 0.374817 0.236934 0.1899999 0.440298 -0.450484 0.1899999 -0.216942 0.181711 0.1899999 0.384195 0.216942 0.1899999 0.450484 -0.384195 0.1899999 -0.181711 -0.459764 0.1899999 -0.1965129 0.30052 0.1899999 -0.30052 0.143178 0.1899999 0.400156 0.154509 0.1899999 0.475528 0.123371 0.1899999 0.4067 -0.416834 0.1899999 -0.08291298 -0.487464 0.1899999 -0.111261 0.311745 0.1899999 -0.390916 0.269617 0.1899999 -0.328529 -0.4204 0.1899999 -0.06235998 -0.491965 0.1899999 -0.08927798 0.08291298 0.1899999 0.416834 0.236934 0.1899999 -0.440298 -0.425 0.1899999 0 -0.499497 0.1899999 -0.02243196 0.440298 0.1899999 -0.236934 0.200344 0.1899999 -0.374817 -0.5 0.1899999 0 0.459764 0.1899999 -0.1965129 0.392649 0.1899999 -0.162641 -0.499497 0.1899999 0.02243196 0.468117 0.1899999 -0.175687 0.481981 0.1899999 -0.133018 -0.06711697 0.1899999 0.495475 0.412263 0.1899999 -0.103267 0.111261 0.1899999 -0.487464 0.103267 0.1899999 -0.412263 -0.4204 0.1899999 0.06235998 0.487464 0.1899999 -0.111261 0.416834 0.1899999 -0.08291298 0.06711697 0.1899999 -0.495475 0.422954 0.1899999 -0.04165697 0.04165697 0.1899999 -0.422954 0 0.1899999 -0.425 -0.02243196 0.1899999 -0.499497 0 0.1899999 -0.5 -0.4067 0.1899999 0.123371 -0.04481995 0.1899999 -0.497987 -0.02085399 0.1899999 -0.424488 -0.440298 0.1899999 0.236934 -0.216942 0.1899999 0.450484 0.412263 0.1899999 0.103267 -0.25645 0.1899999 0.429224 -0.154509 0.1899999 -0.475528 -0.133018 0.1899999 -0.481981 -0.123371 0.1899999 -0.4067 -0.143178 0.1899999 -0.400156 -0.253172 0.1899999 0.341363 -0.314904 0.1899999 0.285413 -0.285413 0.1899999 0.314904 -0.200344 0.1899999 -0.374817 -0.236934 0.1899999 -0.440298 -0.236117 0.1899999 -0.353375 -0.285413 0.1899999 -0.314904 -0.345531 0.1899999 -0.361398 -0.376536 0.1899999 -0.328969 -0.328529 0.1899999 -0.269617 -0.390916 0.1899999 -0.311745 -0.474226 0.47 -0.05246394 -0.406564 0.47 -0.02141898 -0.406564 0.22 -0.02141898 -0.391914 0.47 -0.01833599 -0.391914 0.22 -0.01833599 -0.34716 0.47 -0.01569598 -0.317478 0.47 -0.01947796 -0.285594 0.47 -0.05035799 -0.482556 0.22 -0.08508795 -0.374294 0.47 -0.03617495 -0.389285 0.22 -0.03817898 -0.419279 0.47 0.119832 -0.389371 0.22 0.118926 -0.359926 0.47 0.113605 -0.359926 0.22 0.113605 -0.345581 0.22 0.109322 -0.304994 0.47 0.09027999 -0.280716 0.47 0.07278996 -0.280716 0.22 0.07278996 -0.424076 0.47 0.09951198 -0.408961 0.22 0.100021 -0.408961 0.47 0.100021 -0.393856 0.47 0.09927099 -0.335614 0.22 0.08391398 -0.335614 0.47 0.08391398 -0.297006 0.22 0.060283 -0.285594 0.47 0.05035799 -0.285594 0.47 0.05035799 -0.408864 0.47 -0.188232 -0.408864 0.22 -0.188232 -0.398213 0.47 -0.177711 -0.398213 0.22 -0.177711 -0.37472 0.22 -0.15918 -0.37472 0.47 -0.15918 -0.37472 0.22 -0.15918 -0.362007 0.22 -0.1512719 -0.348743 0.47 -0.144329 -0.362007 0.47 -0.1512719 -0.348743 0.22 -0.144329 -0.335001 0.47 -0.138389 -0.335001 0.22 -0.138389 -0.320856 0.22 -0.133485 -0.26183 0.47 -0.124681 -0.26183 0.22 -0.124681 -0.435747 0.22 -0.2241089 -0.435747 0.47 -0.2241089 -0.424352 0.47 -0.245 -0.424352 0.22 -0.245 -0.251147 0.22 -0.145 -0.424352 0.22 -0.245 -0.365521 0.22 -0.17712 -0.365521 0.47 -0.17712 -0.325412 0.22 -0.156138 -0.339349 0.22 -0.162009 -0.266269 0.47 -0.144733 -0.266269 0.22 -0.144733 -0.251147 0.22 -0.145 -0.251147 0.47 -0.145 -0.186408 0.47 0.222153 -0.186408 0.22 0.222153 -0.296371 0.22 0.39021 -0.2441599 0.22 0.361304 -0.175608 0.47 0.265205 -0.273536 0.22 0.357125 -0.188771 0.47 0.237091 -0.296371 0.47 0.39021 -0.411958 0.47 0.265313 -0.411958 0.47 0.265313 -0.411958 0.22 0.265313 -0.397002 0.22 0.264637 -0.367446 0.47 0.259971 -0.353009 0.22 0.256007 -0.367446 0.22 0.259971 -0.312009 0.22 0.237872 -0.325214 0.22 0.244927 -0.287349 0.47 0.220924 -0.287349 0.22 0.220924 -0.27603 0.47 0.211126 -0.27603 0.22 0.211126 -0.265468 0.22 0.200515 -0.39414 0.47 0.244276 -0.379184 0.22 0.242033 -0.379184 0.47 0.242033 -0.364466 0.22 0.238554 -0.364466 0.47 0.238553 -0.350088 0.22 0.233862 -0.336151 0.47 0.227991 -0.286674 0.47 0.1936399 -0.276301 0.47 0.1826339 -0.276301 0.22 0.1826339 0.435747 0.22 0.2241089 0.424352 0.47 0.245 0.424352 0.22 0.245 0.418706 0.47 0.199514 0.408864 0.47 0.188232 0.398213 0.22 0.177711 0.408864 0.22 0.188232 0.348743 0.47 0.144329 0.348743 0.22 0.144329 0.335001 0.22 0.138389 0.306385 0.47 0.129644 0.306385 0.22 0.129644 0.29167 0.47 0.126887 0.399199 0.47 0.207366 0.388826 0.22 0.1963599 0.365521 0.22 0.17712 0.365521 0.47 0.17712 0.28136 0.22 0.1457239 0.28136 0.47 0.1457239 0.266269 0.47 0.144733 0.251147 0.22 0.145 0.285594 0.47 0.05035799 0.461692 0.22 0.04427599 0.434979 0.47 0.030797 0.434979 0.22 0.030797 0.420946 0.22 0.02557998 0.377075 0.22 0.016348 0.34716 0.47 0.01569598 0.34716 0.22 0.01569598 0.288683 0.47 0.02761 0.302929 0.22 0.023009 0.458946 0.47 0.06622195 0.458946 0.22 0.06622195 0.359189 0.22 0.03542399 0.299712 0.22 0.04493498 0.285594 0.47 0.05035799 0.411958 0.22 -0.265313 0.411958 0.47 -0.265313 0.424352 0.47 -0.245 0.424352 0.22 -0.245 0.411958 0.22 -0.265313 0.287349 0.47 -0.220925 0.27603 0.22 -0.211126 0.255723 0.47 -0.18915 0.246848 0.47 -0.177093 0.246848 0.22 -0.177093 0.32275 0.22 -0.220981 0.32275 0.47 -0.220981 0.286674 0.47 -0.1936399 0.251147 0.47 -0.145 0.238891 0.47 -0.164411 0.238891 0.22 -0.164411 0.419279 0.47 -0.119832 0.482556 0.22 -0.08508795 0.477856 0.47 -0.108415 0.482556 0.47 -0.08508795 0.285594 0.47 -0.05035799 0.439096 0.22 -0.09774798 0.393856 0.22 -0.09927099 0.408961 0.47 -0.100021 0.393856 0.47 -0.09927099 0.309204 0.47 -0.06922399 -0.02378898 0.47 -0.489422 -0.03656899 0.47 -0.462367 -0.04141896 0.47 -0.448203 -0.03656899 0.47 -0.462367 -0.04141896 0.22 -0.448203 -0.03656899 0.22 -0.462367 -0.04950594 0.22 -0.404107 0 0.22 -0.49 -0.02378898 0.22 -0.489422 -0.02293795 0.47 -0.289091 -0.02293795 0.22 -0.289091 0 0.22 -0.29 0 0.47 -0.29 0 0.22 -0.49 0 0.47 -0.49 -0.02999997 0.22 -0.39 -0.02936995 0.22 -0.405111 -0.02999997 0.47 -0.39 -0.020015 0.47 -0.330601 -0.007791996 0.22 -0.302962 -0.01447898 0.22 -0.316527 -0.01447898 0.47 -0.316527 0 0.22 -0.29 -0.007791996 0.47 -0.302962 0.099186 0.47 -0.272511 0.07731997 0.47 -0.279502 0.07731997 0.22 -0.279502 0.145038 0.22 -0.468043 0.09169197 0.47 -0.396668 0.08611196 0.47 -0.382776 0.08611196 0.22 -0.382776 0.08611196 0.22 -0.382776 0.07447201 0.47 -0.324243 0.07431197 0.47 -0.309273 0.07431197 0.22 -0.309273 0.07526296 0.47 -0.294332 0.144911 0.22 -0.440475 0.155835 0.22 -0.450934 0.155835 0.47 -0.450934 0.134896 0.22 -0.429143 0.144911 0.47 -0.440475 0.134896 0.47 -0.429143 0.110957 0.22 -0.390725 0.11786 0.47 -0.404181 0.110957 0.47 -0.390725 0.100621 0.22 -0.362326 0.105197 0.47 -0.376741 0.100621 0.47 -0.362326 0.09725898 0.47 -0.347581 0.09513497 0.22 -0.332607 0.09513497 0.47 -0.332607 0.09725898 0.22 -0.347581 0.16759 0.47 -0.460449 0.16759 0.22 -0.460449 -0.099186 0.47 -0.272511 -0.12043 0.47 -0.263812 -0.12043 0.22 -0.263812 -0.099186 0.22 -0.272511 -0.184733 0.47 -0.362804 -0.184733 0.22 -0.362804 -0.180078 0.22 -0.348575 -0.151371 0.47 -0.296254 -0.141871 0.47 -0.284683 -0.12043 0.47 -0.263812 -0.12043 0.22 -0.263812 -0.172123 0.22 -0.43057 -0.172123 0.47 -0.43057 -0.172511 0.22 -0.415452 -0.172511 0.47 -0.415452 -0.166155 0.47 -0.370634 -0.161579 0.22 -0.35622 -0.099186 0.22 -0.272511 -0.314966 0.22 -0.375362 -0.332818 0.22 -0.359628 -0.332818 0.47 -0.359628 -0.325217 0.22 -0.330688 -0.319828 0.47 -0.31672 -0.319828 0.22 -0.31672 -0.288438 0.47 -0.265963 -0.278348 0.47 -0.254902 -0.278348 0.22 -0.254902 -0.267466 0.22 -0.244621 -0.267466 0.47 -0.244621 -0.230682 0.47 -0.2189919 -0.243567 0.47 -0.226616 -0.230682 0.22 -0.2189919 -0.217267 0.47 -0.212346 -0.217267 0.22 -0.212346 -0.3042 0.47 -0.331395 -0.298218 0.22 -0.317504 -0.298218 0.47 -0.317504 -0.291101 0.22 -0.30416 -0.252385 0.22 -0.258019 -0.203396 0.47 -0.206712 -0.203396 0.22 -0.206712 -0.186408 0.22 -0.222153 -0.186408 0.47 -0.222153 0.204345 0.191619 -0.12291 0.177013 0.22 -0.2233639 0.177011 0.218973 -0.221447 0.136924 0.156006 -0.07256996 0.139753 0.1899999 -0.189458 0.140854 0.1899999 -0.1886399 0.184224 0.169157 -0.05001997 0.19055 0.171859 -0.05139195 0.1793619 0.21795 -0.217598 0.181711 0.218968 -0.217598 0.177034 0.2296119 -0.217598 0.184054 0.22 -0.217599 0.247034 0.229458 -0.217608 0.286823 0.47 -0.364348 0.247017 0.229458 -0.337789 0.2489899 0.47 -0.339496 0.237901 0.47 -0.329212 0.246996 0.22 -0.33777 0.228552 0.229499 -0.319042 0.227706 0.47 -0.318041 0.218475 0.47 -0.306061 0.228552 0.229499 -0.319042 0.192368 0.47 -0.251781 0.186408 0.47 -0.222153 0.26919 0.47 -0.377699 0.279103 0.22 -0.382834 0.2441599 0.47 -0.361304 0.233849 0.229487 -0.352842 0.187174 0.47 -0.292802 0.194459 0.47 -0.30588 0.188457 0.229587 -0.295278 0.247013 0.229458 -0.363452 0.2469919 0.22 -0.363437 0.246989 0.22 -0.387608 0.2470099 0.229458 -0.387608 0.176989 0.22 -0.387598 -0.07406896 0.22 -0.08132499 -0.07569998 0.22 -0.07250398 -0.06425595 0.22 -0.07662397 0.129398 0.22 -0.122004 -0.04425996 0.22 -0.100703 -0.04486197 0.22 -0.08937197 -0.125925 0.22 -0.09815299 -0.03418797 0.22 -0.09397399 0.110587 0.22 -0.07956099 -0.119531 0.22 -0.08780497 -0.01160395 0.22 -0.09932398 0.05446195 0.22 -0.16104 -0.110587 0.22 -0.07956099 -0.009825944 0.22 -0.10956 -0.01299297 0.22 -0.169503 6.83e-4 0.22 -0.169999 -0.09975397 0.22 -0.07402795 -0.213643 0.2005169 -0.1379539 -0.128457 0.176533 -0.163576 -0.207634 0.191619 0.1172659 -0.219689 0.191619 0.09273797 -0.125125 0.156992 -0.09644597 -0.154597 0.2005169 0.201927 -0.176686 0.2005169 0.182911 -0.128457 0.176533 0.163576 -0.187918 0.1702859 0.04666996 -0.165656 0.160813 0.03397595 -0.157068 0.157212 0.02233099 -0.215474 0.183016 -0.05226296 -0.233731 0.22 -0.16308 -0.02709096 0.22 0.167827 0.12 0.22 0.144198 0.09032398 0.22 0.144019 -0.06425595 0.22 0.07662397 0.06425595 0.22 0.07662397 0.05492997 0.22 0.08356297 0.07569998 0.22 0.07250398 -0.125925 0.22 0.09815299 -0.04486197 0.22 0.08937197 -0.06621795 0.22 0.1565729 -0.09032398 0.22 0.144019 -0.07852196 0.22 0.150779 -0.02305197 0.22 0.09730696 -0.02160197 0.22 0.107858 0.187411 0.175568 0.08514398 0.167106 0.168436 0.088566 0.140854 0.1899999 0.1886399 0.193858 0.2005169 0.164602 0.164302 0.160551 0.03678697 0.125656 0.1735219 0.157157 0.183378 0.218603 0.2154909 0.177097 0.2296119 0.215492 0.17707 0.217238 0.2181079 0.177074 0.218611 0.220715 0.1770769 0.22 0.223313 0.177115 0.2296119 0.341013 0.190818 0.47 0.392101 0.18832 0.47 0.377339 0.189839 0.229584 0.38549 0.184733 0.47 0.362804 0.1847569 0.229595 0.362886 0.170325 0.22 0.326351 0.159987 0.47 0.308498 0.167671 0.47 0.321347 0.162413 0.22 0.312326 0.151371 0.47 0.296254 0.153406 0.22 0.298976 0.131538 0.47 0.273849 0.247101 0.22 0.385482 0.2470819 0.22 0.253667 0.247102 0.229458 0.253683 0.247121 0.229458 0.385482 0.30507 0.22 0.333717 0.309459 0.22 0.347324 0.309007 0.47 0.345734 0.228255 0.229499 0.24064 0.2404789 0.47 0.248693 0.227838 0.47 0.24039 0.228255 0.229499 0.24064 0.207916 0.229544 0.230074 0.214551 0.47 0.233166 0.217267 0.47 0.212346 0.186408 0.47 0.222153 0.177067 0.215881 0.215492 0.180227 0.21723 0.215492 0.02378898 0.47 0.489422 0.02378898 0.22 0.489422 0.04520398 0.47 0.433718 0.04482597 0.47 0.344612 0.04482597 0.22 0.344612 0.04091697 0.47 0.33016 0.04091697 0.22 0.33016 0.02293795 0.47 0.289091 0.02293795 0.22 0.289091 0.007791996 0.47 0.477038 0.01447898 0.22 0.463473 0.01447898 0.47 0.463473 0.02436095 0.22 0.434913 0.020015 0.47 0.449399 0.02436095 0.47 0.434913 0.02748596 0.22 0.420116 0.02999997 0.22 0.39 0.020015 0.22 0.330601 0.007791996 0.22 0.302962 0 0.47 0.29 0 0.22 0.29 0 0.22 0.49 0.02378898 0.22 0.489422 0.02378898 0.47 0.489422 -0.145038 0.47 0.468043 -0.134016 0.22 0.457911 -0.123776 0.22 0.44699 -0.105862 0.47 0.423022 -0.105862 0.22 0.423022 -0.09828799 0.22 0.410108 -0.07811498 0.47 0.353943 -0.08157795 0.47 0.368508 -0.07811498 0.22 0.353943 -0.08157795 0.22 0.368508 -0.099186 0.47 0.272511 -0.07731997 0.47 0.279502 -0.07731997 0.22 0.279502 -0.099186 0.22 0.272511 -0.105197 0.47 0.376741 -0.105197 0.22 0.376741 -0.105197 0.47 0.376741 -0.105197 0.22 0.376741 -0.09513497 0.22 0.332607 -0.09426397 0.22 0.317509 -0.09426397 0.47 0.317509 0.08291298 0.03999996 -0.416834 0.424488 0.03999996 0.02085399 0.425 0.03999996 0 0.4204 0.1899999 0.06235998 0.416834 0.03999996 0.08291298 0.181711 0.03999996 -0.384195 0.16264 0.03999996 -0.392649 0.181711 0.1899999 -0.384195 0.200344 0.1899999 -0.374817 0.364535 0.03999996 0.2184939 0.341363 0.03999996 0.253172 0.341363 0.1899999 -0.253172 0.314904 0.03999996 0.285413 0.314904 0.1899999 0.285413 0.30052 0.1899999 0.30052 0.374817 0.03999996 -0.200344 0.374817 0.1899999 -0.200344 0.384195 0.03999996 -0.181711 0.253172 0.1899999 0.341363 0.4067 0.03999996 -0.123371 0.4067 0.1899999 -0.123371 0.200344 0.03999996 0.374817 0.412263 0.1899999 -0.103267 0.181711 0.03999996 0.384195 0.200344 0.1899999 0.374817 0.181711 0.1899999 0.384195 0.143178 0.1899999 0.400156 0.424488 0.03999996 -0.02085399 0.103267 0.03999996 0.412263 0.123371 0.03999996 0.4067 0.123371 0.1899999 0.4067 -0.2184939 0.03999996 0.364535 -0.2184939 0.1899999 0.364535 -0.236117 0.03999996 0.353375 -0.30052 0.03999996 0.30052 -0.374817 0.1899999 0.200344 -0.4204 0.03999996 0.06235998 -0.4204 0.1899999 0.06235998 -0.425 0.03999996 0 -0.424488 0.1899999 0.02085399 -0.412263 0.03999996 -0.103267 -0.416834 0.1899999 -0.08291298 -0.412263 0.1899999 -0.103267 -0.4067 0.03999996 -0.123371 -0.4067 0.1899999 -0.123371 -0.374817 0.03999996 -0.200344 -0.384195 0.1899999 -0.181711 -0.374817 0.1899999 -0.200344 -0.353375 0.03999996 -0.236117 -0.364535 0.03999996 -0.2184939 -0.364535 0.1899999 -0.2184939 -0.328529 0.03999996 -0.269617 -0.328529 0.1899999 -0.269617 -0.285413 0.03999996 -0.314904 -0.269617 0.1899999 -0.328529 -0.253172 0.1899999 -0.341363 -0.236117 0.1899999 -0.353375 -0.200344 0.03999996 -0.374817 -0.200344 0.1899999 -0.374817 -0.181711 0.03999996 -0.384195 -0.06235998 0.1899999 -0.4204 -0.04165697 0.03999996 -0.422954 -0.04165697 0.1899999 -0.422954 0 0.03999996 -0.425 -0.302929 0.47 -0.02300995 -0.377075 0.47 -0.016348 -0.486118 0.47 -0.06155997 -0.482556 0.47 -0.08508795 -0.280716 0.47 0.07278996 -0.304994 0.47 0.09027999 -0.359926 0.47 0.113605 -0.37455 0.47 0.116813 -0.378866 0.47 0.09726697 -0.434201 0.47 0.118619 -0.439096 0.47 0.09774798 -0.477856 0.47 0.108415 -0.296316 0.47 -0.147967 -0.306385 0.47 -0.129644 -0.435747 0.47 -0.2241089 -0.417023 0.47 -0.2317709 -0.424352 0.47 -0.245 -0.365521 0.47 -0.17712 -0.386811 0.47 -0.168009 -0.377575 0.47 -0.186254 -0.427683 0.47 -0.211495 -0.398213 0.47 -0.177711 -0.388826 0.47 -0.1963599 -0.408864 0.47 -0.188232 -0.187174 0.47 0.292801 -0.227706 0.47 0.318041 -0.202695 0.47 0.318383 -0.237901 0.47 0.329212 -0.221831 0.47 0.341386 -0.232626 0.47 0.35176 -0.296371 0.47 0.39021 -0.258476 0.47 0.1582289 -0.238891 0.47 0.164411 -0.251147 0.47 0.145 -0.350088 0.47 0.233862 -0.338906 0.47 0.250983 -0.424352 0.47 0.245 0.386811 0.47 0.168009 0.365521 0.47 0.17712 0.424352 0.47 0.245 0.325412 0.47 0.156138 0.339349 0.47 0.162009 0.335001 0.47 0.138389 0.296316 0.47 0.147967 0.29167 0.47 0.126887 0.28136 0.47 0.1457239 0.251147 0.47 0.145 0.434979 0.47 0.030797 0.34716 0.47 0.01569598 0.424352 0.47 -0.245 0.350088 0.47 -0.233862 0.353009 0.47 -0.256007 0.297925 0.47 -0.203746 0.482556 0.47 -0.08508795 0.439096 0.47 -0.09774798 0.448992 0.47 -0.116302 0.434201 0.47 -0.118619 0.453918 0.47 -0.09474098 0.408961 0.47 -0.100021 0.419279 0.47 -0.119832 0.404308 0.47 -0.119935 0.424076 0.47 -0.09951198 0.280716 0.47 -0.07278996 0 0.47 -0.49 -0.04141896 0.47 -0.448203 -0.02436095 0.47 -0.434913 -0.020015 0.47 -0.449399 -0.04790496 0.47 -0.418992 -0.02936995 0.47 -0.405111 -0.02748596 0.47 -0.420116 -0.02936995 0.47 -0.37489 -0.02293795 0.47 -0.289091 0 0.47 -0.29 -0.007791996 0.47 -0.302962 0.123776 0.47 -0.44699 0.105862 0.47 -0.423022 0.11786 0.47 -0.404181 0.105197 0.47 -0.376741 0.08611196 0.47 -0.382776 0.08157795 0.47 -0.368508 0.075742 0.47 -0.33916 -0.191678 0.47 -0.436924 -0.172123 0.47 -0.43057 -0.192502 0.47 -0.421975 -0.172511 0.47 -0.415452 -0.192215 0.47 -0.407007 -0.18832 0.47 -0.37734 -0.166155 0.47 -0.370634 -0.169517 0.47 -0.385379 -0.190818 0.47 -0.392101 -0.167671 0.47 -0.321347 -0.148916 0.47 -0.328779 -0.1558189 0.47 -0.342236 -0.151371 0.47 -0.296254 -0.140918 0.47 -0.315944 -0.159987 0.47 -0.308498 -0.203396 0.47 -0.206712 -0.186408 0.47 -0.222153 -0.200709 0.47 -0.227073 -0.297679 0.47 -0.277742 0.12 0.16782 -0.144198 0.122837 0.170617 -0.150698 0.136025 0.185315 -0.180917 0.146657 0.1993359 -0.205277 0.139753 0.1899999 -0.189458 0.15341 0.209341 -0.220749 0.16 0.22 -0.23585 0.06425595 0.22 -0.07662397 0.06425595 0.141593 -0.07662397 0.126221 0.22 -0.133745 0.1287029 0.164878 -0.125979 0.125382 0.166662 -0.135607 -0.08312696 0.143657 0.07156598 -0.07285195 0.139011 -0.04623299 -0.05258595 0.135776 -0.03820598 -0.04738295 0.135776 -0.04449599 -0.04143297 0.135776 -0.05008298 -0.05492997 0.141593 -0.08356297 -0.04905599 0.1383759 -0.06639397 -0.03482896 0.135776 -0.05488097 0.03482896 0.135776 -0.05488097 0.04143297 0.135776 -0.05008298 0.09337699 0.145612 -0.07231795 0.07807195 0.139011 0.03673797 -0.111996 0.150838 0.08058398 -0.102145 0.147763 -0.07494097 0.08333498 0.143691 -0.07155799 0.06043499 0.135776 0.02392798 0.05695998 0.135776 0.03131395 0.07720297 0.142785 0.07221096 0.05492997 0.141593 0.08356297 0.06425595 0.141593 0.07662397 0.146905 0.153472 0 0.146974 0.188159 -0.002551972 0.148102 0.153945 0.01008898 0.148681 0.1888099 0.01037198 0.184224 0.169157 -0.05001997 0.1840209 0.185633 -0.05079197 0.1902469 0.189518 0.026133 0.170128 0.18816 -0.001523971 0.146974 0.188159 -0.002551972 0.184046 0.190522 0.04567694 0.216839 0.187607 -0.01041799 0.184287 0.189433 0.02419894 0.171985 0.190295 0.04068994 0.219146 0.187897 -0.004597961 0.15368 0.189409 0.02241498 0.219931 0.18821 0.001610994 0.174706 0.187565 -0.01306998 0.171687 0.187849 -0.007585942 0.148675 0.1875 -0.015477 0.177033 0.2296119 -0.229408 0.177034 0.2296119 -0.217598 0.186408 0.229591 -0.222153 0.191479 0.22958 -0.248603 0.200405 0.22956 -0.274013 0.300665 0.47 -0.370441 0.314966 0.47 -0.375362 0.296371 0.47 -0.39021 0.286823 0.47 -0.364348 0.237901 0.47 -0.329212 0.232626 0.47 -0.35176 0.221831 0.47 -0.341386 0.211836 0.47 -0.33024 0.227706 0.47 -0.318041 0.202695 0.47 -0.318383 0.218475 0.47 -0.306061 0.194459 0.47 -0.30588 0.180878 0.47 -0.279218 0.197174 0.47 -0.26612 0.186408 0.47 -0.222153 0.177027 0.2296119 -0.269304 0.188457 0.229587 -0.295278 0.247013 0.229458 -0.363452 0.04486197 0.141593 -0.08937197 0.04486197 0.22 -0.08937197 0.05492997 0.22 -0.08356297 0.01160395 0.141593 -0.09932398 0.01160395 0.22 -0.09932398 -0.02305197 0.141593 -0.09730696 -0.01160395 0.22 -0.09932398 -0.03418797 0.141593 -0.09397399 -0.02305197 0.22 -0.09730696 -0.04486197 0.141593 -0.08937197 -0.03418797 0.22 -0.09397399 -0.04486197 0.22 -0.08937197 -0.06425595 0.141593 -0.07662397 -0.05492997 0.141593 -0.08356297 -0.05492997 0.22 -0.08356297 -0.06425595 0.22 -0.07662397 -0.129297 0.22 -0.10984 -0.12 0.154128 -0.08838397 -0.069386 0.141939 -0.07433795 -0.12 0.16782 -0.144198 -0.128457 0.176533 -0.163576 -0.139753 0.1899999 -0.189458 -0.146657 0.1993359 -0.205277 0.10264 0.2493709 -0.135518 0.04909098 0.302919 -0.09843796 0.03930199 0.312708 -0.102739 0.03703695 0.22 -0.103577 -0.02160197 0.22 -0.107858 -0.05487698 0.22 -0.09533399 -0.05092495 0.39 -0.09750199 -0.06301897 0.39 -0.09015899 -0.07406896 0.22 -0.08132499 -0.06485295 0.22 -0.088849 -0.07406896 0.39 -0.08132499 -0.101547 0.39 -0.1363379 -0.101547 0.22 -0.1363379 -0.07406896 0.22 -0.08132499 -0.07406896 0.39 -0.08132499 0.10264 0.2493709 -0.135518 0.09140598 0.22 -0.143335 0.05903697 0.292973 -0.15942 0.05903697 0.292973 -0.15942 0.06723898 0.22 -0.156137 0.05446195 0.22 -0.16104 0.03667199 0.315338 -0.165998 0.04133194 0.22 -0.164899 0.01349699 0.338513 -0.169463 0.02793395 0.22 -0.167689 -0.13226 0.180826 0.172288 -0.139753 0.1899999 -0.189458 -0.09975397 0.22 0.07402795 -0.12 0.154128 0.08838397 -0.125719 0.157402 0.097696 -0.125719 0.157402 0.097696 -0.218312 0.1887 -0.007628977 -0.219871 0.18901 -0.001566946 -0.187343 0.190301 0.02531194 -0.193498 0.190374 0.02648395 -0.188336 0.191338 0.04573094 -0.199753 0.1903679 0.02608996 -0.201277 0.191453 0.04743397 -0.165943 0.187055 -0.037817 -0.176301 0.186676 -0.04575097 -0.181672 0.188017 -0.01951396 -0.187343 0.1878949 -0.02217996 -0.15299 0.189471 0.01041597 -0.170853 0.189377 0.007776975 -0.208424 0.1797029 -0.05209696 -0.201324 0.176501 -0.05193597 -0.1512899 0.188813 -0.002508997 -0.165656 0.160813 0.03397595 -0.161118 0.158906 0.02873396 -0.165925 0.190634 0.03280299 -0.04486197 0.141593 0.08937197 -0.05492997 0.141593 0.08356297 -0.04486197 0.22 0.08937197 0.04486197 0.141593 0.08937197 0.03418797 0.22 0.09397399 0.129398 0.22 0.122004 0.129764 0.162678 0.116291 0.119531 0.22 0.08780497 0.06425595 0.22 0.07662397 0.13226 0.180826 0.172288 0.15341 0.209341 0.220749 0.16 0.22 0.23585 -0.101547 0.22 0.1363379 -0.06485295 0.22 0.088849 -0.07406896 0.287941 0.08132499 -0.04425996 0.22 0.100703 -0.04904097 0.312969 0.09846299 -0.04425996 0.22 0.100703 -0.009825944 0.22 0.10956 0.002063989 0.22 0.109981 0.007490992 0.369501 0.109745 0.02563399 0.22 0.106971 0.01393097 0.22 0.109114 0.101547 0.22 0.1363379 -0.06850999 0.2935 0.155584 -0.08557099 0.276439 0.146893 -0.07852196 0.22 0.150779 -0.09032398 0.22 0.144019 -0.05349099 0.22 0.161365 0 0.22 0.17 0.09045195 0.39 0.143939 0.101547 0.39 0.1363379 0.101547 0.22 0.1363379 0.139753 0.1899999 0.1894569 0.1847569 0.229595 0.362886 0.247121 0.229458 0.385482 0.189839 0.229584 0.38549 0.177097 0.2296119 0.215492 0.1937389 0.229575 0.21549 0.247102 0.229458 0.253683 0.13188 0.47 0.303818 0.151371 0.47 0.296254 0.141871 0.47 0.284683 0.099186 0.47 0.272511 0.12043 0.47 0.263812 0.140918 0.47 0.315944 0.159987 0.47 0.308498 0.148916 0.47 0.328779 0.167671 0.47 0.321347 0.1558189 0.47 0.342236 0.166155 0.47 0.370634 0.18832 0.47 0.377339 0.172123 0.47 0.43057 0.191678 0.47 0.436924 0.291101 0.47 0.30416 0.230682 0.47 0.2189919 0.313417 0.47 0.30319 0.203396 0.47 0.206712 0.314966 0.47 0.375362 0.04937899 0.47 0.374185 0.02999997 0.47 0.39 0.04950594 0.47 0.404107 0.04999798 0.47 0.389144 0.02936995 0.47 0.405111 0.02436095 0.47 0.434913 0.04141896 0.47 0.448203 0.020015 0.47 0.449399 0.01447898 0.47 0.463473 0.03068095 0.47 0.476132 0.03656899 0.47 0.462367 -0.07526296 0.47 0.294332 -0.075742 0.47 0.33916 -0.134016 0.47 0.457911 -0.144911 0.47 0.440475 -0.387803 0.03999996 0.04134196 -0.370372 0.03999996 0.122168 0.314904 0.03999996 -0.285413 0.328529 0.03999996 -0.269617 0.300704 0.03999996 -0.2483479 -0.400156 0.03999996 0.143178 -0.363365 0.03999996 0.141654 -0.392649 0.03999996 0.16264 0.336293 0.03999996 -0.197502 -0.355334 0.03999996 0.16074 0.2184939 0.03999996 -0.364535 0.374817 0.03999996 -0.200344 0.400156 0.03999996 -0.143178 0.363365 0.03999996 -0.141654 0.370372 0.03999996 -0.122168 -0.236117 0.03999996 0.353375 0.123371 0.03999996 -0.4067 0.143178 0.03999996 -0.400156 -0.253172 0.03999996 0.341363 -0.2575 0.03999996 0.292906 -0.241591 0.03999996 0.30616 -0.269617 0.03999996 0.328529 0.425 0.03999996 0 0.02085399 0.03999996 -0.424488 -0.04165697 0.03999996 -0.422954 -0.03990197 0.03999996 -0.387953 -0.08291298 0.03999996 -0.416834 -0.06235998 0.03999996 -0.4204 0.400156 0.03999996 0.143178 0.363365 0.03999996 0.141654 0.374817 0.03999996 0.200344 0.346302 0.03999996 0.179374 -0.181711 0.03999996 -0.384195 0.336293 0.03999996 0.197502 0.364535 0.03999996 0.2184939 0.341363 0.03999996 0.253172 0.328529 0.03999996 0.269617 0.300704 0.03999996 0.2483479 0.314904 0.03999996 0.285413 -0.285413 0.03999996 -0.314904 -0.314904 0.03999996 -0.285413 0.30052 0.03999996 0.30052 0.269617 0.03999996 0.328529 0.241591 0.03999996 0.30616 -0.336293 0.03999996 -0.197502 -0.376334 0.03999996 -0.102337 -0.4067 0.03999996 -0.123371 -0.412263 0.03999996 -0.103267 0.04165697 0.03999996 0.422954 0.06499999 0.03999996 0 0.06448698 0.03999996 0.008147001 0.06448698 0.135776 0.008147001 0.05258595 0.135776 0.03820598 0.05258595 0.03999996 0.03820598 0.02008599 0.03999996 0.06181895 0.02008599 0.135776 0.06181895 0.01217997 0.03999996 0.06384897 0.01217997 0.135776 0.06384897 0.004080951 0.135776 0.06487196 0.004080951 0.03999996 0.06487196 -0.01217997 0.135776 0.06384897 -0.02008599 0.03999996 0.06181895 -0.03482896 0.03999996 0.05488097 -0.04738295 0.03999996 0.04449599 -0.06043499 0.135776 0.02392798 -0.06043499 0.03999996 0.02392798 -0.06448698 0.03999996 0.008147001 -0.06499999 0.135776 0 -0.06499999 0.03999996 0 -0.05258595 0.135776 -0.03820598 -0.05258595 0.03999996 -0.03820598 -0.05258595 0.135776 -0.03820598 0.01217997 0.135776 -0.06384897 0.01217997 0.03999996 -0.06384897 0.03482896 0.03999996 -0.05488097 0.212981 0.109194 0.02275097 0.213155 0.189091 0.01870197 0.218971 0.108 -5.49e-4 0.219756 0.108313 0.005659997 0.219931 0.18821 0.001610994 0.216664 0.108929 0.01768797 0.216839 0.188826 0.01363897 0.218971 0.108629 0.01186895 0.216664 0.10771 -0.006368994 0.219146 0.187897 -0.004597961 0.2081519 0.10727 -0.01542198 0.212981 0.107461 -0.01143199 0.213155 0.187359 -0.01548099 0.2081519 0.10727 -0.01542198 0.184112 0.107246 -0.01693499 0.184287 0.187143 -0.02098494 0.174706 0.187565 -0.01306998 0.174531 0.1091549 0.02033096 0.174706 0.189052 0.01628196 0.01349699 0.338513 -0.169463 0.04909098 0.302919 -0.09843796 0.10264 0.2493709 -0.135518 -0.171028 0.10948 0.01182597 -0.170853 0.189377 0.007776975 -0.177019 0.108312 -0.01147496 -0.187517 0.107997 -0.01813095 -0.181672 0.188017 -0.01951396 -0.215468 0.108518 -0.009063959 -0.211004 0.188175 -0.01767498 -0.215293 0.188415 -0.01311296 -0.220045 0.10943 0.008740961 -0.219871 0.18901 -0.001566946 -0.193673 0.110477 0.03053295 -0.199753 0.1903679 0.02608996 -0.04904097 0.312969 0.09846299 -0.04666298 0.315347 0.16347 -0.01327496 0.348735 0.109196 -0.03169596 0.330314 0.1053349 -0.02377998 0.33823 0.168329 0.39 0.1899999 0 0.39 0.03999996 0 0.38945 0.03999996 0.02069997 0.38945 0.1899999 0.02069997 0.387803 0.1899999 0.04134196 0.387803 0.03999996 0.04134196 0.385062 0.03999996 0.06186699 0.376334 0.03999996 0.102337 0.376334 0.1899999 0.102337 0.355334 0.1899999 0.16074 0.355334 0.03999996 0.16074 0.346302 0.03999996 0.179374 0.346302 0.1899999 0.179374 0.336293 0.1899999 0.197502 0.336293 0.03999996 0.197502 0.325336 0.03999996 0.215073 0.325336 0.1899999 0.215073 0.313462 0.1899999 0.232038 0.225 0.03999996 -0.318551 0.225 0.1899999 -0.318551 0.2575 0.03999996 -0.292906 -0.01217997 0.03999996 -0.06384897 -0.02008599 0.03999996 -0.06181895 -0.004080951 0.03999996 0.06487196 -0.02767598 0.03999996 -0.05881398 -0.03482896 0.03999996 -0.05488097 -0.02767598 0.03999996 0.05881398 0.04738295 0.03999996 -0.04449599 0.04143297 0.03999996 -0.05008298 0.03482896 0.03999996 -0.05488097 0.06448698 0.03999996 0.008147001 0.06499999 0.03999996 0 0.04738295 0.03999996 0.04449599 0.02008599 0.03999996 0.06181895 -0.062958 0.03999996 -0.01616495 0.01217997 0.03999996 0.06384897 0.01217997 0.03999996 -0.06384897 0.004080951 0.03999996 0.06487196 -0.06448698 0.03999996 -0.008147001 0.06448698 0.03999996 -0.008147001 0.004080951 0.03999996 -0.06487196 -0.004080951 0.03999996 -0.06487196 -0.39 0.1899999 0 -0.38945 0.03999996 0.02069997 -0.225 0.03999996 0.318551 -0.2575 0.03999996 0.292906 -0.2575 0.1899999 0.292906 -0.381235 0.1899999 -0.08221799 -0.385062 0.1899999 -0.06186699 -0.385062 0.03999996 -0.06186699 -0.325336 0.03999996 0.215073 -0.346302 0.1899999 0.179374 -0.346302 0.03999996 0.179374 -0.355334 0.1899999 0.16074 -0.376334 0.1899999 0.102337 -0.370372 0.03999996 0.122168 -0.376334 0.03999996 0.102337 0.183871 0.110624 0.04972594 0.1967869 0.105621 -0.04844599 0.216664 0.10771 -0.006368994 0.202482 0.107147 -0.01808798 0.196326 0.107101 -0.019261 0.153492 0.106981 -0.02347195 0.178821 0.107427 -0.013583 0.1485 0.107603 -0.01142799 0.174531 0.107668 -0.009020984 0.171512 0.1079519 -0.003535985 0.196812 0.110682 0.05142599 0.196326 0.109627 0.03057599 0.202482 0.109554 0.02940398 0.190072 0.10962 0.03018295 -0.215468 0.108518 -0.009063959 0.363365 0.1899999 0.141654 0.355334 0.1899999 0.16074 0.346302 0.1899999 0.179374 0.355334 0.1899999 -0.16074 0.287099 0.1899999 0.263959 0.211566 0.1899999 0.190958 0.272684 0.1899999 0.278825 0.376334 0.1899999 -0.102337 0.385062 0.1899999 -0.06186699 0.287099 0.1899999 -0.263959 0.387803 0.1899999 0.04134196 0.381235 0.1899999 0.08221799 0.300704 0.1899999 -0.2483479 0.376334 0.1899999 0.102337 0.225 0.1899999 -0.318551 0.169354 0.1899999 -0.229225 0.12 0.139651 0.15 0.225 0.1899999 0.318551 0.225 0.1899999 -0.318551 0.169354 0.1899999 -0.229225 0.225 0.03999996 -0.318551 0.156181 0.174001 -0.208079 0.12 0.126599 0.100909 0.12 0.129382 0.113305 0.12 0.1324869 0.125624 0.12 0.1162379 0.012703 0.12 0.126599 -0.100909 0.12 0.124139 -0.088445 0.12 0.118711 -0.05072796 -0.128457 0.146533 0.163576 -0.1202999 0.139883 0.150481 -0.120449 0.14 0.150721 -0.12 0.03999996 0.15 -0.12 0.122003 0.07592099 -0.12 0.139651 0.15 -0.12 0.1324869 0.125624 -0.12 0.1162379 0.012703 -0.12 0.116073 0 -0.12 0.124139 -0.088445 -0.12 0.122003 -0.07592099 -0.12 0.118711 -0.05072796 -0.12 0.1162379 -0.012703 -0.1202999 0.139883 -0.150481 -0.120449 0.14 -0.150721 -0.370372 0.1899999 0.122167 -0.363365 0.1899999 0.141654 -0.387803 0.1899999 -0.04134196 -0.287099 0.1899999 -0.263959 -0.325336 0.1899999 -0.215073 -0.225 0.1899999 0.318551 -0.2575 0.1899999 0.292906 -0.287099 0.1899999 0.263959 -0.272684 0.1899999 0.278825 -0.387803 0.1899999 0.04134196 -0.363365 0.1899999 -0.141654 -0.381235 0.1899999 -0.08221799 0.24693 0.1665779 0.016182 0.1485069 0.108912 0.01442098 0.153505 0.109512 0.02646398 0.151217 0.125274 0.02111798 0.147908 0.123906 0.01101899 -0.176475 0.106779 -0.04170197 -0.176529 0.1355119 -0.04322499 -0.154352 0.126081 -0.01619595 -0.153165 0.109574 0.01446497 -0.153482 0.125759 0.01489597 -0.158157 0.110195 0.02650898 -0.161109 0.128991 0.03014898 -0.251334 0.1718609 -0.05168896 -0.251331 0.1690469 0.0151 -0.251477 0.106604 -0.04838097 -0.251334 0.1687909 -0.001625955 -0.251336 0.170199 -0.03504395 -0.251334 0.1718609 -0.05168896 0.1984699 0.153299 0.10013 0.151217 0.125274 0.02111798 0.12 0.116733 0.02539795 0.24693 0.1665779 0.016182 0.246927 0.166278 0 0.12015 0.139767 0.15024 0.12 0.1162379 0.012703 0.186163 0.139822 -0.04901695 0.166224 0.13142 -0.03925895 0.12 0.117557 -0.03807598 0.279305 0.1899999 -0.05668997 0.1202999 0.139883 -0.150481 0.12015 0.139767 -0.150241 0.12 0.129382 -0.113305 0.12 0.1324869 -0.125624 0.122222 0.14 -0.1492879 0.126389 0.144297 -0.158836 0.12431 0.142119 -0.1540729 -0.12 0.126599 -0.100909 -0.191811 0.145568 -0.07470595 -0.188773 0.1408219 -0.04850798 -0.20139 0.14636 -0.05040895 -0.251334 0.1718609 -0.05168896 -0.156181 0.174001 0.208079 -0.1202999 0.139883 0.150481 -0.12015 0.139767 0.15024 -0.258326 0.1899999 -0.120386 -0.12 0.124139 -0.088445 -0.251334 0.1687909 -0.001625955 -0.251331 0.1690469 0.0151 -0.218333 0.15406 0.04933398 -0.12 0.120194 0.06334596 -0.128457 0.146533 0.163576 -0.120449 0.14 0.150721 -0.120449 0.14 -0.150721 -0.236934 0.1899999 -0.440298 0.487464 0.1899999 0.1112599 -0.02243196 0.22 -0.499497 0.376536 0.1899999 0.328969 0.376536 0.22 0.328969 0.175687 0.22 -0.468117 0.361398 0.22 0.345531 0.361398 0.1899999 0.345531 0.1965129 0.1899999 -0.459764 0.1965129 0.22 -0.459764 0.345531 0.22 0.361397 0.236934 0.22 -0.440298 0.1965129 0.22 0.459764 0.111261 0.1899999 0.487464 0.111261 0.22 0.487464 -0.417287 0.1899999 0.275449 -0.429224 0.22 0.25645 -0.499497 0.22 0.02243196 -0.499497 0.1899999 -0.02243196 -0.475528 0.1899999 -0.154509 -0.429224 0.1899999 -0.25645 -0.390916 0.22 -0.311745 -0.361398 0.22 -0.345531 0.389285 0.22 0.03817898 0.348743 0.22 0.144329 0.374294 0.22 0.03617495 0.359189 0.22 0.03542399 0.148916 0.22 0.328779 0.04937899 0.22 0.374185 0.1558189 0.22 0.342236 0.236934 0.22 -0.440298 -0.099186 0.22 0.272511 0.216942 0.22 -0.450484 -0.09629696 0.22 0.287356 -0.298218 0.22 -0.317504 -0.246848 0.22 0.177093 0.287349 0.22 -0.220925 -0.291101 0.22 -0.30416 -0.495475 0.22 -0.06711697 -0.486118 0.22 -0.06155997 -0.497987 0.22 -0.04481995 0.02748596 0.22 0.420116 0.177012 0.22 -0.2294239 0.01447898 0.22 0.463473 -0.408961 0.22 0.100021 0.170545 0.22 -0.247375 -0.266269 0.22 -0.144733 0.25645 0.22 0.429224 -0.1965129 0.22 -0.459764 0.418706 0.22 0.199514 -0.341363 0.1899999 -0.253172 -0.404509 0.1899999 -0.293893 -0.353375 0.1899999 -0.236117 0.429224 0.1899999 -0.25645 -0.412263 0.1899999 0.103267 -0.481981 0.1899999 0.133018 -0.103267 0.1899999 -0.412263 -0.420946 0.47 -0.02557998 -0.288683 0.22 -0.02761 -0.482556 0.22 -0.08508795 -0.482556 0.47 -0.08508795 -0.344074 0.47 -0.03593295 -0.285594 0.22 -0.05035799 -0.482556 0.22 0.08508795 -0.477856 0.22 0.108415 -0.477856 0.47 0.108415 -0.482556 0.47 0.08508795 -0.345581 0.47 0.109322 -0.482556 0.22 0.08508795 -0.482556 0.47 0.08508795 -0.322103 0.22 0.07711899 -0.285594 0.22 0.05035799 -0.435747 0.22 -0.2241089 -0.339349 0.47 -0.162009 -0.256371 0.47 0.369967 -0.171392 0.47 0.25084 -0.286823 0.47 0.364348 -0.197174 0.22 0.26612 -0.197174 0.22 0.26612 -0.188771 0.22 0.237091 -0.186408 0.47 0.222153 -0.186408 0.22 0.222153 -0.397002 0.47 0.264637 -0.382137 0.47 0.262853 -0.382137 0.22 0.262853 -0.350088 0.47 0.233862 -0.266881 0.47 0.170803 -0.251147 0.22 0.145 0.418706 0.22 0.199514 0.37472 0.47 0.15918 0.37472 0.22 0.15918 0.362007 0.22 0.1512719 0.424352 0.22 0.245 0.365521 0.22 0.17712 0.365521 0.47 0.17712 0.35275 0.22 0.169019 0.296316 0.47 0.147967 0.296316 0.22 0.147967 0.434979 0.47 0.030797 0.434979 0.22 0.030797 0.420946 0.47 0.02557998 0.288683 0.22 0.02761 0.482556 0.22 0.08508795 0.482556 0.47 0.08508795 0.285594 0.22 0.05035799 0.482556 0.47 0.08508795 0.299365 0.47 -0.229856 0.287349 0.22 -0.220925 0.238891 0.47 -0.164411 0.238891 0.22 -0.164411 0.266881 0.47 -0.170803 0.266881 0.22 -0.170803 0.266881 0.47 -0.170803 0.251147 0.22 -0.145 0.251147 0.22 -0.145 0.477856 0.47 -0.108415 0.477856 0.22 -0.108415 0.463571 0.47 -0.112895 0.389371 0.22 -0.118926 0.304994 0.47 -0.09027999 0.280716 0.47 -0.07278996 0.280716 0.22 -0.07278996 0.477856 0.22 -0.108415 0.482556 0.22 -0.08508795 0.285594 0.22 -0.05035799 -0.02293795 0.47 -0.289091 0 0.47 -0.49 -0.02936995 0.47 -0.405111 -0.020015 0.22 -0.330601 0 0.47 -0.29 0.099186 0.22 -0.272511 0.09169197 0.22 -0.396668 0.16759 0.22 -0.460449 0.16759 0.47 -0.460449 0.134896 0.47 -0.429143 0.134896 0.22 -0.429143 0.105197 0.22 -0.376741 0.099186 0.22 -0.272511 -0.189747 0.22 -0.45177 -0.167671 0.47 -0.321347 -0.314966 0.47 -0.375362 -0.332818 0.47 -0.359628 -0.332818 0.22 -0.359628 -0.313417 0.47 -0.303191 -0.313417 0.22 -0.303191 -0.243567 0.47 -0.226616 -0.243567 0.22 -0.226616 -0.291101 0.47 -0.30416 -0.282899 0.22 -0.291454 -0.282899 0.47 -0.291454 0.177007 0.2169449 -0.217598 0.247014 0.22 -0.217608 0.247034 0.229458 -0.217608 0.247014 0.22 -0.217608 0.246996 0.22 -0.33777 0.247017 0.229458 -0.337789 0.314966 0.47 -0.375362 0.282548 0.47 -0.38446 0.296371 0.47 -0.39021 0.296371 0.22 -0.39021 0.256371 0.47 -0.369967 0.202695 0.47 -0.318383 0.180878 0.47 -0.279218 0.177027 0.2296119 -0.269304 0.1770099 0.2296119 -0.387598 0.177013 0.22 -0.2233639 0.177007 0.2169449 -0.217598 0.03703695 0.22 -0.103577 -0.08783197 0.22 -0.071617 0.119531 0.22 -0.08780497 -0.12 0.16782 0.144198 -0.122624 0.167388 0.140545 -0.125656 0.1735219 0.157157 -0.212166 0.180979 0.04796797 -0.208424 0.1797029 -0.05209696 0.02563399 0.22 0.106971 0.01358896 0.22 0.169456 -0.119531 0.22 0.08780497 0.125509 0.157254 0.09724295 0.220176 0.184777 0.04766499 0.173243 0.164245 0.04274398 0.177094 0.22 0.340963 0.177067 0.215881 0.215492 0.189747 0.47 0.45177 0.189839 0.22 0.38549 0.177094 0.22 0.340963 0.12043 0.47 0.263812 0.12043 0.22 0.263812 0.16759 0.22 0.460449 0.148916 0.22 0.328779 0.099186 0.22 0.272511 0.16759 0.22 0.460449 0.189839 0.22 0.38549 0.332818 0.22 0.359628 0.186408 0.229591 0.222153 0.02293795 0.47 0.289091 0.02293795 0.22 0.289091 0 0.22 0.29 0 0.47 0.29 0.04950594 0.22 0.404107 0.020015 0.22 0.449399 0.01447898 0.47 0.463473 0.01447898 0.22 0.463473 0.02748596 0.22 0.359884 0 0.47 0.49 -0.134016 0.47 0.457911 -0.114374 0.47 0.435339 -0.114374 0.22 0.435339 -0.09828799 0.47 0.410108 -0.07731997 0.22 0.279502 -0.09513497 0.47 0.332607 -0.09465301 0.47 0.30239 0.425 0.1899999 0 0.143178 0.03999996 -0.400156 0.16264 0.1899999 -0.392649 0.30052 0.1899999 -0.30052 0.341363 0.03999996 0.253172 0.328529 0.03999996 -0.269617 0.364535 0.1899999 -0.2184939 0.236117 0.1899999 0.353375 0.04165697 0.1899999 0.422954 -0.236117 0.1899999 0.353375 -0.416834 0.03999996 0.08291298 -0.400156 0.03999996 -0.143178 -0.314904 0.03999996 -0.285413 -0.269617 0.03999996 -0.328529 -0.253172 0.03999996 -0.341363 -0.06235998 0.03999996 -0.4204 -0.332249 0.47 -0.01703596 -0.285594 0.47 0.05035799 -0.448992 0.47 0.116302 -0.482556 0.47 0.08508795 -0.211836 0.47 0.33024 -0.314966 0.47 0.375362 -0.312009 0.47 0.237872 -0.325214 0.47 0.244927 -0.336151 0.47 0.227991 0.348743 0.47 0.144329 0.418507 0.47 0.04588395 0.420946 0.47 0.02557998 0.391914 0.47 0.01833498 0.377075 0.47 0.016348 0.238891 0.47 -0.164411 0.251147 0.47 -0.145 0.285594 0.47 -0.05035799 -0.04520398 0.47 -0.433718 -0.04950594 0.47 -0.404107 -0.03594696 0.47 -0.316037 -0.01447898 0.47 -0.316527 -0.02994298 0.47 -0.302323 0.07431197 0.47 -0.309273 -0.1716409 0.47 -0.400353 0.08783197 0.22 -0.071617 0.09337699 0.145612 -0.07231795 0.09975397 0.22 -0.07402795 0.119531 0.22 -0.08780497 0.12 0.154128 -0.08838397 0.12 0.154128 -0.08838397 -0.05258595 0.135776 0.03820598 -0.04486197 0.141593 -0.08937197 0.04738295 0.135776 -0.04449599 0.164302 0.160551 0.03678697 0.173243 0.164245 0.04274398 0.171985 0.190295 0.04068994 0.156867 0.157503 0.02897697 0.161628 0.189916 0.03275597 0.151399 0.155277 0.01985597 0.15368 0.189409 0.02241498 0.151386 0.155349 -0.02161794 0.148675 0.1875 -0.015477 0.220485 0.185467 -0.05249899 0.247017 0.229458 -0.337789 0.282548 0.47 -0.38446 0.06425595 0.141593 -0.07662397 0.05492997 0.141593 -0.08356297 -0.12 0.22 -0.144198 -0.12 0.16782 -0.144198 -0.125248 0.166707 -0.135885 -0.126221 0.22 -0.133745 0.10264 0.22 -0.135518 0.002063989 0.22 -0.109981 -0.04425996 0.22 -0.100703 0.10264 0.22 -0.135518 0.014355 0.22 -0.169393 -0.06046497 0.39 -0.158883 -0.06598198 0.22 -0.156673 -0.07837098 0.22 -0.150858 -0.101547 0.22 -0.1363379 -0.16 0.22 0.23585 -0.06425595 0.141593 0.07662397 -0.125925 0.22 0.09815299 -0.12 0.22 0.144198 -0.12 0.16782 0.144198 -0.176279 0.1910589 0.04073995 -0.176844 0.1882089 -0.01552498 -0.211004 0.190125 0.02080196 -0.165925 0.190634 0.03280299 -0.181672 0.190154 0.02264797 -0.215293 0.188415 -0.01311296 -0.188361 0.18645 -0.05073797 -0.157982 0.190093 0.02245998 0.12 0.154128 0.08838397 0.112012 0.150843 0.08059495 0.110587 0.22 0.07956099 0.102831 0.147952 0.07523196 0.09975397 0.22 0.07402795 0.122837 0.170617 0.150698 -0.07406896 0.22 0.08132499 0.05841594 0.22 0.093207 0.05841594 0.39 0.093207 -0.101547 0.260463 0.1363379 -0.06621795 0.22 0.1565729 0.228255 0.229499 0.24064 0.17438 0.47 0.33473 0.186408 0.47 0.222153 0 0.47 0.29 -0.425 0.03999996 0 -0.39 0.03999996 0 -0.381235 0.03999996 0.08221799 0.236117 0.03999996 -0.353375 -0.384195 0.03999996 0.181711 -0.346302 0.03999996 0.179374 -0.374817 0.03999996 0.200344 0.16264 0.03999996 -0.392649 0.4067 0.03999996 -0.123371 -0.300704 0.03999996 0.2483479 -0.314904 0.03999996 0.285413 -0.287099 0.03999996 0.263959 0.387803 0.03999996 -0.04134196 0.04165697 0.03999996 -0.422954 0.287099 0.03999996 0.263959 0.253172 0.03999996 0.341363 -0.355334 0.03999996 -0.16074 0.123371 0.03999996 0.4067 -0.424488 0.03999996 -0.02085399 0.06043499 0.135776 0.02392798 0.05695998 0.135776 0.03131395 -0.02767598 0.135776 0.05881398 -0.02767598 0.03999996 0.05881398 0.218971 0.108629 0.01186895 0.219146 0.188526 0.00781995 0.219146 0.188526 0.00781995 0.216839 0.187607 -0.01041799 0.2083269 0.187167 -0.01947098 0.184287 0.189433 0.02419894 0.184112 0.109535 0.02824795 -0.05092495 0.39 -0.09750199 -0.181847 0.10812 -0.01546496 -0.219871 0.189328 0.004691958 -0.205712 0.190283 0.02415597 -0.07406896 0.287941 0.08132499 -0.101547 0.260463 0.1363379 0.101547 0.39 0.1363379 0.370372 0.1899999 0.122167 0.370372 0.03999996 0.122168 0.363365 0.03999996 0.141654 0.363365 0.1899999 0.141654 0.363365 0.03999996 0.141654 0.363365 0.1899999 0.141654 0.38945 0.03999996 -0.02069997 0.38945 0.1899999 -0.02069997 0.09725195 0.03999996 0.30459 0.124579 0.03999996 -0.333691 -0.108744 0.03999996 0.300039 -0.113748 0.03999996 0.300354 -0.118516 0.03999996 0.301903 -0.09062796 0.03999996 0.324974 0.09725195 0.03999996 -0.33541 -0.108744 0.03999996 0.339961 -0.113748 0.03999996 0.339646 -0.118516 0.03999996 0.338097 -0.129842 0.03999996 0.317493 -0.09062796 0.03999996 -0.324974 -0.108744 0.03999996 -0.339961 -0.128596 0.03999996 -0.327363 -0.129842 0.03999996 -0.322507 -0.1261799 0.03999996 -0.308244 -0.122749 0.03999996 -0.30459 -0.118516 0.03999996 -0.301903 0.106252 0.03999996 0.300354 0.101484 0.03999996 0.301903 0.11618 0.03999996 0.339021 -0.05258595 0.03999996 0.03820598 -0.381235 0.03999996 -0.08221799 -0.325336 0.03999996 -0.215073 -0.355334 0.03999996 0.16074 -0.385062 0.1899999 0.06186699 0.190072 0.1071349 -0.01886898 0.1838459 0.105736 -0.04674297 -0.220045 0.10943 0.008740961 -0.173335 0.10856 -0.006411969 0.346302 0.1899999 -0.179374 0.381235 0.1899999 -0.08221799 0.12 0.124139 0.088445 0.12 0.122003 -0.07592099 0.12 0.120194 -0.06334596 -0.12 0.120194 0.06334596 -0.12 0.120194 -0.06334596 -0.12015 0.139767 -0.150241 -0.225 0.1899999 -0.318551 0.111256 0.15 -0.339961 0.120717 0.03999996 -0.336887 0.120717 0.15 -0.336887 0.09381997 0.15 -0.331756 0.09381997 0.15 -0.331756 0.09381997 0.03999996 -0.331756 0.127526 0.03999996 0.310365 0.120717 0.15 0.336887 0.111256 0.15 0.339961 0.106252 0.15 0.339646 0.106252 0.03999996 0.339646 0.101484 0.15 0.338097 0.101484 0.03999996 0.338097 0.09381997 0.15 0.308244 0.09381997 0.03999996 0.308244 -0.10382 0.03999996 -0.339021 -0.09928297 0.03999996 -0.336887 -0.09928297 0.15 -0.336887 -0.09247398 0.15 -0.310365 -0.09062796 0.15 -0.315026 -0.09062796 0.03999996 -0.315026 -0.09062796 0.03999996 -0.315026 -0.09542095 0.03999996 -0.333691 -0.118516 0.15 -0.301903 -0.118516 0.03999996 -0.301903 -0.118516 0.15 -0.301903 -0.118516 0.03999996 -0.301903 -0.1261799 0.03999996 -0.331756 -0.108744 0.15 0.300039 -0.09928297 0.15 0.303113 -0.09928297 0.03999996 0.303113 -0.09062796 0.15 0.324974 -0.09062796 0.03999996 0.324974 -0.09062796 0.03999996 0.324974 -0.09062796 0.03999996 0.315026 -0.09542095 0.03999996 0.333691 -0.09062796 0.15 0.315026 -0.118516 0.15 0.338097 -0.118516 0.03999996 0.338097 -0.118516 0.03999996 0.338097 -0.129842 0.15 0.322507 -0.128596 0.03999996 0.327363 -0.129842 0.03999996 0.322507 -0.122749 0.15 0.30459 -0.355334 0.1899999 -0.16074 -0.376334 0.1899999 0.102337 0.246926 0.169333 -0.05168795 0.1841779 0.138963 0.04835498 0.1485 0.107603 -0.01142799 0.1519989 0.125539 -0.02153897 -0.201477 0.106494 -0.04838895 -0.188773 0.1408219 -0.04850798 -0.20139 0.14636 -0.05040895 -0.234989 0.162464 0.04891198 -0.251321 0.17148 0.04845899 -0.251335 0.169175 -0.01834797 0.120449 0.14 0.150721 0.1202999 0.139883 0.150481 0.126389 0.144297 0.158836 0.126389 0.144297 -0.158836 0.12 0.124139 -0.088445 0.122222 0.14 -0.1492879 -0.12 0.129382 0.113305 -0.251327 0.169944 0.03180295 -0.12 0.120194 -0.06334596 0.127526 0.15 -0.329635 0.1299999 0.15 -0.32 0.09725195 0.15 -0.33541 0.127526 0.15 -0.310365 0.120717 0.15 -0.303113 0.124579 0.15 -0.306309 0.09140396 0.15 -0.327363 0.111256 0.15 -0.300039 0.111256 0.15 0.300039 0.106252 0.15 0.300354 0.1299999 0.15 0.32 0.09725195 0.15 0.30459 0.124579 0.15 0.333691 0.09140396 0.15 0.312638 0.09015798 0.15 0.317493 0.111256 0.15 0.339961 0.101484 0.15 0.338097 -0.09247398 0.15 -0.329635 -0.118516 0.15 -0.338097 -0.122749 0.15 -0.33541 -0.09247398 0.15 -0.310365 -0.09928297 0.15 -0.303113 -0.09542095 0.15 -0.306309 -0.128596 0.15 -0.312638 -0.118516 0.15 -0.301903 -0.09247398 0.15 0.310365 -0.108744 0.15 0.300039 -0.113748 0.15 0.300354 -0.09247398 0.15 0.329635 -0.09928297 0.15 0.336887 -0.09542095 0.15 0.333691 -0.128596 0.15 0.312638 -0.118516 0.15 0.338097 -0.122749 0.15 0.33541 0.125 0 0 0.125 0.03999996 0 0.1244969 0.03999996 0.01120495 0.1244969 0 0.01120495 0.122991 0.03999996 0.02231997 0.120495 0 0.03325498 0.120495 0.03999996 0.03325498 0.117029 0.03999996 0.04392194 0.117029 0 0.04392194 0.112621 0 0.05423498 0.112621 0.03999996 0.05423498 0.101127 0 0.07347297 0.107306 0.03999996 0.064112 0.101127 0.03999996 0.07347297 0.09413397 0 0.08224195 0.101127 0 0.07347297 0.101127 0.03999996 0.07347297 0.09413397 0.03999996 0.08224195 0.08638298 0.03999996 0.09034895 0.08638298 0 0.09034895 0.07793599 0 0.09772896 0.06886196 0 0.104322 0.06886196 0.03999996 0.104322 0.04912799 0 0.114941 0.04912799 0.03999996 0.114941 0.03862696 0.03999996 0.118882 0.02781498 0 0.121866 0.03862696 0 0.118882 0.02781498 0.03999996 0.121866 0.016779 0.03999996 0.123869 0.016779 0 0.123869 -0.005607962 0 0.124874 0.005607962 0 0.124874 -0.005607962 0.03999996 0.124874 -0.016779 0 0.123869 -0.016779 0.03999996 0.123869 -0.02781498 0.03999996 0.121866 -0.02781498 0 0.121866 -0.03862696 0.03999996 0.118882 -0.04912799 0 0.114941 -0.04912799 0.03999996 0.114941 -0.05923396 0.03999996 0.110074 -0.05923396 0 0.110074 -0.07793599 0 0.09772896 -0.06886196 0 0.104322 -0.07793599 0.03999996 0.09772896 -0.08638298 0 0.09034895 -0.08638298 0.03999996 0.09034895 -0.09413397 0.03999996 0.08224195 -0.101127 0 0.07347297 -0.09413397 0 0.08224195 -0.101127 0.03999996 0.07347297 -0.107306 0 0.064112 -0.107306 0.03999996 0.064112 -0.112621 0 0.05423498 -0.112621 0.03999996 0.05423498 -0.117029 0.03999996 0.04392194 -0.120495 0 0.03325498 -0.120495 0.03999996 0.03325498 -0.122991 0 0.02231997 -0.122991 0.03999996 0.02231997 -0.125 0 0 -0.1244969 0 0.01120495 -0.1244969 0.03999996 0.01120495 -0.125 0.03999996 0 -0.1244969 0.03999996 -0.01120495 -0.122991 0 -0.02231997 -0.122991 0.03999996 -0.02231997 -0.117029 0 -0.04392194 -0.120495 0 -0.03325498 -0.120495 0.03999996 -0.03325498 -0.117029 0.03999996 -0.04392194 -0.112621 0 -0.05423498 -0.117029 0 -0.04392194 -0.112621 0.03999996 -0.05423498 -0.107306 0 -0.064112 -0.107306 0.03999996 -0.064112 -0.101127 0.03999996 -0.07347297 -0.09413397 0 -0.08224195 -0.101127 0 -0.07347297 -0.08638298 0 -0.09034895 -0.08638298 0.03999996 -0.09034895 -0.07793599 0 -0.09772896 -0.06886196 0 -0.104322 -0.06886196 0.03999996 -0.104322 -0.07793599 0.03999996 -0.09772896 -0.05923396 0 -0.110074 -0.05923396 0.03999996 -0.110074 -0.04912799 0 -0.114941 -0.04912799 0.03999996 -0.114941 -0.03862696 0 -0.118882 -0.03862696 0.03999996 -0.118882 -0.02781498 0.03999996 -0.121866 -0.005607962 0 -0.124874 -0.016779 0 -0.123869 -0.016779 0.03999996 -0.123869 -0.02781498 0 -0.121866 -0.005607962 0.03999996 -0.124874 0.005607962 0 -0.124874 0.005607962 0.03999996 -0.124874 0.016779 0.03999996 -0.123869 0.03862696 0 -0.118882 0.02781498 0.03999996 -0.121866 0.03862696 0.03999996 -0.118882 0.05923396 0 -0.110074 0.04912799 0 -0.114941 0.05923396 0.03999996 -0.110074 0.07793599 0 -0.09772896 0.06886196 0 -0.104322 0.06886196 0.03999996 -0.104322 0.07793599 0.03999996 -0.09772896 0.08638298 0 -0.09034895 0.08638298 0.03999996 -0.09034895 0.09413397 0 -0.08224195 0.09413397 0.03999996 -0.08224195 0.107306 0 -0.064112 0.101127 0 -0.07347297 0.101127 0.03999996 -0.07347297 0.107306 0.03999996 -0.064112 0.112621 0.03999996 -0.05423498 0.112621 0 -0.05423498 0.117029 0.03999996 -0.04392194 0.117029 0 -0.04392194 0.120495 0 -0.03325498 0.120495 0.03999996 -0.03325498 0.122991 0.03999996 -0.02231997 0.122991 0 -0.02231997 0.1244969 0 -0.01120495 0.1244969 0.03999996 -0.01120495 0.06499999 0 0 0.06448698 0 0.008147001 0.062958 0 0.01616495 0.06043499 0 0.02392798 0.05695998 0 0.03131395 0.05258595 0 0.03820598 0.04738295 0 0.04449599 0.04143297 0 0.05008298 0.03482896 0 0.05488097 0.02767598 0 0.05881398 0.02008599 0 0.06181895 0.01217997 0 0.06384897 0.004080951 0 0.06487196 -0.004080951 0 0.06487196 -0.01217997 0 0.06384897 -0.02008599 0 0.06181895 -0.02767598 0 0.05881398 -0.03482896 0 0.05488097 -0.04143297 0 0.05008298 -0.04738295 0 0.04449599 -0.05258595 0 0.03820598 -0.05695998 0 0.03131395 -0.06043499 0 0.02392798 -0.062958 0 0.01616495 -0.06448698 0 0.008147001 -0.06499999 0 0 -0.062958 0 -0.01616495 -0.06043499 0 -0.02392798 -0.05695998 0 -0.03131395 -0.05258595 0 -0.03820598 -0.04738295 0 -0.04449599 -0.02767598 0 -0.05881398 -0.02008599 0 -0.06181895 -0.01217997 0 -0.06384897 -0.004080951 0 -0.06487196 0.004080951 0 -0.06487196 0.01217997 0 -0.06384897 0.02008599 0 -0.06181895 0.02767598 0 -0.05881398 0.03482896 0 -0.05488097 0.04738295 0 -0.04449599 0.05258595 0 -0.03820598 0.06043499 0 -0.02392798 0.062958 0 -0.01616495 0.06448698 0 -0.008147001 0.04143297 0.03999996 -0.05008298 0.04738295 0.03999996 -0.04449599 0.08638298 0.03999996 -0.09034895 0.05258595 0.03999996 -0.03820598 0.09413397 0.03999996 -0.08224195 0.03482896 0.03999996 -0.05488097 0.06886196 0.03999996 -0.104322 0.05923396 0.03999996 -0.110074 0.05695998 0.03999996 -0.03131395 0.112621 0.03999996 -0.05423498 0.107306 0.03999996 -0.064112 0.02767598 0.03999996 -0.05881398 0.04912799 0.03999996 -0.114941 0.06043499 0.03999996 -0.02392798 0.117029 0.03999996 -0.04392194 0.120495 0.03999996 -0.03325498 0.02008599 0.03999996 -0.06181895 0.03862696 0.03999996 -0.118882 0.02781498 0.03999996 -0.121866 0.004080951 0.03999996 -0.06487196 0.016779 0.03999996 -0.123869 0.005607962 0.03999996 -0.124874 0.06499999 0.03999996 0 0.1244969 0.03999996 0.01120495 0.125 0.03999996 0 0.06448698 0.03999996 0.008147001 0.122991 0.03999996 0.02231997 -0.01217997 0.03999996 -0.06384897 -0.004080951 0.03999996 -0.06487196 -0.016779 0.03999996 -0.123869 -0.02781498 0.03999996 -0.121866 0.062958 0.03999996 0.01616495 0.120495 0.03999996 0.03325498 -0.02008599 0.03999996 -0.06181895 0.06043499 0.03999996 0.02392798 0.117029 0.03999996 0.04392194 0.112621 0.03999996 0.05423498 -0.02767598 0.03999996 -0.05881398 -0.04912799 0.03999996 -0.114941 -0.05923396 0.03999996 -0.110074 0.05695998 0.03999996 0.03131395 -0.03482896 0.03999996 -0.05488097 -0.06886196 0.03999996 -0.104322 0.05258595 0.03999996 0.03820598 0.107306 0.03999996 0.064112 0.09413397 0.03999996 0.08224195 0.101127 0.03999996 0.07347297 -0.04143297 0.03999996 -0.05008298 -0.07793599 0.03999996 -0.09772896 -0.08638298 0.03999996 -0.09034895 -0.04738295 0.03999996 -0.04449599 0.08638298 0.03999996 0.09034895 0.04738295 0.03999996 0.04449599 -0.05258595 0.03999996 -0.03820598 -0.09413397 0.03999996 -0.08224195 0.07793599 0.03999996 0.09772896 0.04143297 0.03999996 0.05008298 0.03482896 0.03999996 0.05488097 -0.101127 0.03999996 -0.07347297 -0.112621 0.03999996 -0.05423498 -0.06043499 0.03999996 -0.02392798 -0.05695998 0.03999996 -0.03131395 0.04912799 0.03999996 0.114941 0.02767598 0.03999996 0.05881398 0.02008599 0.03999996 0.06181895 -0.117029 0.03999996 -0.04392194 0.03862696 0.03999996 0.118882 -0.120495 0.03999996 -0.03325498 -0.062958 0.03999996 -0.01616495 0.02781498 0.03999996 0.121866 0.01217997 0.03999996 0.06384897 -0.122991 0.03999996 -0.02231997 -0.06448698 0.03999996 -0.008147001 0.016779 0.03999996 0.123869 0.004080951 0.03999996 0.06487196 -0.1244969 0.03999996 -0.01120495 -0.06499999 0.03999996 0 -0.125 0.03999996 0 -0.005607962 0.03999996 0.124874 0.005607962 0.03999996 0.124874 -0.004080951 0.03999996 0.06487196 -0.1244969 0.03999996 0.01120495 -0.06448698 0.03999996 0.008147001 -0.016779 0.03999996 0.123869 -0.122991 0.03999996 0.02231997 -0.062958 0.03999996 0.01616495 -0.120495 0.03999996 0.03325498 -0.06043499 0.03999996 0.02392798 -0.117029 0.03999996 0.04392194 -0.04912799 0.03999996 0.114941 -0.03862696 0.03999996 0.118882 -0.02008599 0.03999996 0.06181895 -0.107306 0.03999996 0.064112 -0.05695998 0.03999996 0.03131395 -0.112621 0.03999996 0.05423498 -0.06886196 0.03999996 0.104322 -0.03482896 0.03999996 0.05488097 -0.04143297 0.03999996 0.05008298 -0.07793599 0.03999996 0.09772896 -0.09413397 0.03999996 0.08224195 -0.04738295 0.03999996 0.04449599 -0.05258595 0.03999996 0.03820598 -0.08638298 0.03999996 0.09034895 0.08638298 0 -0.09034895 0.09413397 0 -0.08224195 0.04738295 0 -0.04449599 0.06886196 0 -0.104322 0.07793599 0 -0.09772896 0.03482896 0 -0.05488097 0.04143297 0 -0.05008298 0.107306 0 -0.064112 0.112621 0 -0.05423498 0.05695998 0 -0.03131395 0.04912799 0 -0.114941 0.05923396 0 -0.110074 0.02767598 0 -0.05881398 0.117029 0 -0.04392194 0.06043499 0 -0.02392798 0.02008599 0 -0.06181895 0.02781498 0 -0.121866 0.03862696 0 -0.118882 0.120495 0 -0.03325498 0.122991 0 -0.02231997 0.062958 0 -0.01616495 0.01217997 0 -0.06384897 0.06448698 0 -0.008147001 0.016779 0 -0.123869 0.004080951 0 -0.06487196 0.125 0 0 0.1244969 0 0.01120495 0.06499999 0 0 0.1244969 0 -0.01120495 0.005607962 0 -0.124874 -0.004080951 0 -0.06487196 -0.005607962 0 -0.124874 0.06448698 0 0.008147001 -0.016779 0 -0.123869 -0.01217997 0 -0.06384897 -0.02781498 0 -0.121866 -0.03862696 0 -0.118882 -0.02008599 0 -0.06181895 0.120495 0 0.03325498 0.117029 0 0.04392194 0.06043499 0 0.02392798 0.062958 0 0.01616495 -0.04912799 0 -0.114941 -0.02767598 0 -0.05881398 0.112621 0 0.05423498 0.107306 0 0.064112 0.05695998 0 0.03131395 0.101127 0 0.07347297 0.05258595 0 0.03820598 0.09413397 0 0.08224195 -0.07793599 0 -0.09772896 -0.06886196 0 -0.104322 -0.04143297 0 -0.05008298 -0.08638298 0 -0.09034895 0.04738295 0 0.04449599 0.08638298 0 0.09034895 0.04143297 0 0.05008298 -0.09413397 0 -0.08224195 -0.05258595 0 -0.03820598 -0.101127 0 -0.07347297 -0.05695998 0 -0.03131395 -0.107306 0 -0.064112 0.02008599 0 0.06181895 0.02767598 0 0.05881398 0.04912799 0 0.114941 0.03862696 0 0.118882 0.02781498 0 0.121866 -0.122991 0 -0.02231997 -0.06448698 0 -0.008147001 -0.1244969 0 -0.01120495 0.004080951 0 0.06487196 0.016779 0 0.123869 0.005607962 0 0.124874 -0.004080951 0 0.06487196 -0.125 0 0 -0.06499999 0 0 -0.1244969 0 0.01120495 -0.005607962 0 0.124874 -0.016779 0 0.123869 -0.06448698 0 0.008147001 -0.122991 0 0.02231997 -0.02008599 0 0.06181895 -0.02781498 0 0.121866 -0.03862696 0 0.118882 -0.120495 0 0.03325498 -0.06043499 0 0.02392798 -0.117029 0 0.04392194 -0.02767598 0 0.05881398 -0.04912799 0 0.114941 -0.05923396 0 0.110074 -0.112621 0 0.05423498 -0.05695998 0 0.03131395 -0.107306 0 0.064112 -0.05258595 0 0.03820598 -0.04143297 0 0.05008298 -0.03482896 0 0.05488097 -0.06886196 0 0.104322 -0.101127 0 0.07347297 -0.09413397 0 0.08224195 -0.07793599 0 0.09772896 -0.08638298 0 0.09034895 -0.04738295 0 0.04449599 0.122991 0 0.02231997 0.107306 0 0.064112 0.07793599 0.03999996 0.09772896 0.05923396 0 0.110074 0.05923396 0.03999996 0.110074 0.005607962 0.03999996 0.124874 -0.03862696 0 0.118882 -0.06886196 0 0.104322 -0.06886196 0.03999996 0.104322 -0.06886196 0.03999996 0.104322 -0.117029 0 0.04392194 -0.1244969 0 -0.01120495 -0.117029 0.03999996 -0.04392194 -0.09413397 0.03999996 -0.08224195 0.016779 0 -0.123869 0.02781498 0 -0.121866 0.04912799 0 -0.114941 0.04912799 0.03999996 -0.114941 0.04912799 0.03999996 -0.114941 0.06043499 0 0.02392798 -0.02767598 0 0.05881398 -0.06448698 0 -0.008147001 -0.05258595 0 -0.03820598 -0.04143297 0 -0.05008298 -0.03482896 0 -0.05488097 0.03482896 0 -0.05488097 0.04143297 0 -0.05008298 0.05695998 0 -0.03131395 0.07793599 0.03999996 -0.09772896 0.101127 0.03999996 -0.07347297 0.062958 0.03999996 -0.01616495 0.122991 0.03999996 -0.02231997 0.01217997 0.03999996 -0.06384897 0.06448698 0.03999996 -0.008147001 0.1244969 0.03999996 -0.01120495 -0.005607962 0.03999996 -0.124874 -0.03862696 0.03999996 -0.118882 0.06886196 0.03999996 0.104322 -0.107306 0.03999996 -0.064112 0.05923396 0.03999996 0.110074 -0.01217997 0.03999996 0.06384897 -0.02781498 0.03999996 0.121866 -0.02767598 0.03999996 0.05881398 -0.05923396 0.03999996 0.110074 -0.101127 0.03999996 0.07347297 0.05258595 0 -0.03820598 0.101127 0 -0.07347297 0.122991 0 0.02231997 -0.05923396 0 -0.110074 -0.03482896 0 -0.05488097 -0.04738295 0 -0.04449599 0.07793599 0 0.09772896 0.03482896 0 0.05488097 0.06886196 0 0.104322 0.05923396 0 0.110074 -0.112621 0 -0.05423498 -0.06043499 0 -0.02392798 -0.117029 0 -0.04392194 -0.062958 0 -0.01616495 -0.120495 0 -0.03325498 0.01217997 0 0.06384897 -0.01217997 0 0.06384897 -0.062958 0 0.01616495</float_array>
          <technique_common>
            <accessor source="#shape0_014-mesh-positions-array" count="6722" stride="3">
              <param name="X" type="float"/>
              <param name="Y" type="float"/>
              <param name="Z" type="float"/>
            </accessor>
          </technique_common>
        </source>
        <source id="shape0_014-mesh-normals">
          <float_array id="shape0_014-mesh-normals-array" count="14808">-0.493516 0 -0.8697369 0.9997487 0 0.02241784 -0.4539749 0 -0.8910146 0.9977332 0 0.06729376 0.9977332 0 0.06729364 -0.2875816 0 -0.9577562 -0.2005859 0 -0.9796761 -0.2005857 0 -0.9796762 0.9577562 0 0.2875816 -0.06729048 0 -0.9977335 0.9438765 0 0.3302987 0.9281291 0 0.3722586 0.928129 0 0.3722587 0.02241659 0 -0.9997487 0.9104654 0 0.4135853 0.8697362 0 0.493517 0.1119537 0 -0.9937134 0.8220026 0 0.5694838 0.2005857 0 -0.9796762 0.244368 0 -0.9696826 0.7956131 0 0.6058053 0.2875816 0 -0.9577562 0.3302996 0 -0.9438762 0.4539749 0 -0.8910146 0.6746633 0 0.7381256 0.605804 0 0.795614 0.5694813 0 0.8220043 0.605804 0 -0.795614 0.5320066 0 0.8467403 0.6746621 0 -0.7381267 0.7381257 0 -0.6746633 0.3722602 0 0.9281285 0.7956131 0 -0.6058053 0.3302976 0 0.9438769 0.8220026 0 -0.5694838 0.8467422 0 -0.5320035 0.8220038 0 -0.569482 0.8697362 0 -0.493517 0.8467414 0 -0.5320047 0.9104654 0 -0.4135853 0.9104659 0 -0.4135842 0.9438765 0 -0.3302987 0.02241659 0 0.9997487 0.9796759 0 -0.2005869 -0.06729596 0 0.9977331 0.9876881 0 -0.1564363 0.9937136 0 -0.1119529 0.9937135 0 -0.111953 -0.1564348 0 0.9876883 0.9977332 0 -0.06729364 -0.1564378 0 0.9876878 -0.2005857 0 0.9796762 -0.2875816 0 0.9577562 -0.3303 0 0.943876 -0.4935156 0 0.869737 -0.5320026 0 0.8467428 -0.5694813 0 0.8220043 -0.6408849 0 0.767637 -0.6746633 2.4904e-5 0.7381256 -0.7676371 0 0.6408849 -0.7676383 0 0.6408835 -0.9104654 0 0.4135853 -0.9281289 0 0.372259 -0.9696847 0 0.2443596 -0.9796742 0 0.2005959 -0.9876881 0 0.1564363 -0.9937135 0 0.111953 -0.9937136 0 -0.1119529 -0.9876881 0 -0.1564363 -0.9937135 0 -0.111953 -0.9796759 0 -0.2005869 -0.9696821 0 -0.2443702 -0.9438764 0 -0.3302991 -0.9104659 0 -0.4135842 -0.9281291 0 -0.3722586 -0.8697365 0 -0.4935165 -0.8467422 0 -0.5320035 -0.7956151 0 -0.6058026 -0.7071079 0 -0.7071058 -0.6408849 0 -0.767637 -0.605804 0 -0.795614 -0.5694835 0 -0.8220028 -0.5320026 0 -0.8467428 0 1 0 0 1 -1.63475e-7 0 1 -2.16119e-6 0 1 -1.21065e-6 0 1 2.10152e-6 0 1 9.64495e-7 0 1 -1.27106e-6 0 1 6.20139e-7 0 1 2.98765e-7 0 1 -1.96786e-6 0 1 5.66971e-7 0 1 2.25378e-6 0 1 1.72454e-6 0 1 -5.51254e-7 0 1 3.11738e-7 0 1 -3.11656e-7 0 1 7.40197e-7 0 1 -3.53554e-7 0 1 -1.0141e-6 0 1 -3.92524e-7 0 1 -2.94648e-7 0 1 2.03037e-6 0 1 1.01565e-6 0 1 2.85041e-7 0 1 2.61542e-6 0 1 -2.22058e-6 0 1 -2.10254e-6 0 1 3.13861e-7 0 1 2.87362e-6 0 1 -5.05177e-7 0 1 1.05076e-6 0 1 2.08908e-6 0 1 -8.31391e-7 0 1 2.93084e-7 0 1 1.86901e-6 0 1 7.95206e-7 0 1 5.24709e-7 0 1 -1.0785e-6 0 1 5.44959e-7 0 1 -5.15764e-7 0 1 1.2425e-6 0 1 -2.93296e-7 0 1 -7.07119e-7 0 1 1.30774e-6 0 1 2.75635e-7 0 1 2.41271e-6 0 1 3.24731e-6 0 1 -2.2273e-6 0 1 2.25395e-6 0 1 1.76093e-7 0 1 6.53858e-7 0 1 1.33522e-6 0 1 0 0 1 -4.62611e-7 0 1 2.10831e-7 0 1 -6.71086e-7 0 1 -8.10683e-7 0 1 -7.98267e-7 0 1 -1.66353e-6 0 1 -8.55323e-7 0 1 1.53837e-6 0 1 -4.90417e-7 0 1 0 0 1 2.69166e-6 0 1 5.97529e-7 0 1 -4.22607e-7 0 1 -4.29755e-7 0 1 -5.21529e-7 0 1 -3.17884e-7 0 1 -2.38988e-6 0 1 -2.52079e-7 0 1 -1.61564e-6 0 1 2.02819e-6 0 1 6.43443e-7 0 1 -1.31062e-6 0 1 -2.21931e-7 0 1 0 0 1 1.21838e-6 0 1 -9.41274e-7 0 1 6.23457e-7 0 1 8.84701e-7 0 1 -5.97531e-7 0 1 2.02813e-6 0 1 -2.66367e-6 0 1 2.80035e-7 0 1 -2.07639e-7 0 1 -4.53333e-7 0 1 -2.56713e-7 0 1 -3.34683e-7 0 1 -2.33675e-6 0 1 -2.07103e-6 0 1 2.72917e-6 0 1 4.25001e-6 0 1 -1.72454e-6 0 1 8.97479e-7 0 1 -1.23961e-6 0 1 1.29989e-6 0 1 1.16052e-6 0 1 2.47923e-6 0 1 -1.31672e-6 0 1 7.42103e-7 0 1 -3.67147e-6 0 1 1.23025e-6 0 1 4.15418e-7 0 1 1.04408e-6 0 1 -2.02812e-6 0 1 1.00729e-6 0 1 -2.62335e-7 0 -1 0 0 -1 -1.18884e-6 0 -1 5.54135e-7 0 -1 -2.22957e-7 0 -1 2.97339e-7 0 -1 1.18999e-6 0 -1 -4.46103e-7 0 -1 -1.10733e-6 0 -1 4.09115e-7 0 -1 5.95077e-7 0 -1 -5.94804e-7 0 -1 5.54292e-7 0 -1 2.97193e-7 0 -1 1.10761e-6 0 -1 -1.19015e-6 0 -1 -1.10827e-6 0 -1 1.38569e-7 0 -1 2.76953e-7 0 -1 -8.31365e-7 0 -1 -2.77068e-7 0 -1 1.1889e-6 0 -1 -2.77155e-7 0 -1 5.53905e-7 0 -1 5.54095e-7 0 -1 1.10849e-6 0 -1 -2.77164e-7 0 -1 -2.97144e-7 -0.6075396 0 0.7942895 -0.6075395 0 0.7942895 -0.5469076 0 0.837193 -0.4833379 0 0.8754339 -0.4170114 0 0.9089013 -0.348465 0 0.9373219 -0.05891382 0 0.9982631 0.01536232 0 0.9998821 0.16311 0 0.986608 0.3072757 3.78987e-6 0.9516206 0.9909058 0 0.1345577 0.6562359 0 -0.7545558 0.5220413 0 -0.8529204 0.449302 0 -0.89338 0.3734649 0 -0.9276444 0.214444 0 -0.9767364 0.2950245 0 -0.9554898 0.04965746 0 -0.9987663 -0.1167067 0 -0.9931665 -0.1988238 0 -0.9800353 -0.2796955 0 -0.9600888 -0.3585756 0 -0.9335007 -0.2991843 0 0.9541954 -0.2991834 0 0.9541957 -0.1547629 0 0.9879518 -0.08102208 0 0.9967123 0.06739699 0 0.9977263 0.1411405 0 0.9899896 0.4247641 0 0.9053041 0.4907271 0 0.8713133 0.5539914 0 0.8325225 0.2796333 -3.81808e-6 -0.960107 0.2796959 0 -0.9600887 0.1988877 0 -0.9800224 0.1166416 0 -0.9931741 -0.13251 0 -0.9911817 -0.2144933 0 -0.9767255 -0.2949633 0 -0.9555086 -0.5220899 0 -0.8528904 -0.5911828 0 -0.8065377 0.9771632 0 -0.2124904 -0.8425427 0 0.5386297 -0.8002802 0 0.5996263 -0.8002809 0 0.5996254 -0.5897231 0 0.8076056 -0.2565432 0 0.9665328 -0.1840907 0 0.9829093 -0.1107483 0 0.9938486 -0.1107463 0 0.9938487 0.8851194 0 0.465364 0.8747311 0 -0.4846086 0.831398 0 -0.5556775 0.7823122 0 -0.6228867 0.7277252 0 -0.6858688 0.6682372 0 -0.7439484 0.4635094 0 -0.8860921 0.4635109 0 -0.8860912 0.3101714 0 -0.9506807 0.2301017 0 -0.9731667 0.2300999 0 -0.9731671 0.1483135 0 -0.9889405 0.1483154 0 -0.9889401 0.3840699 0 0.9233041 0.5164874 0 0.8562948 0.6375116 0 0.7704409 0.692907 0 0.721027 0.6929071 0 0.721027 0.7919699 0 0.6105602 0.79197 0 0.6105602 0.8351006 0 0.5500973 0.8736205 0 0.4866078 0.9359965 0 0.3520094 0.9777743 0 0.2096608 -0.3253784 0 -0.9455839 -0.4028766 0 -0.9152543 -0.5490255 0 -0.8358056 -0.6166463 0 -0.7872405 -0.6799901 0 -0.7332213 -0.7386367 0 -0.6741038 -0.7921248 0 -0.6103593 -0.7921247 0 -0.6103594 -0.8401595 0 -0.5423396 -0.8823621 0 -0.4705712 -0.9184463 0 -0.3955458 -0.9481596 0 -0.3177949 -0.6239776 0 0.7814423 -0.8536469 0 0.5208522 0.3355764 0 0.9420131 0.4045025 0 0.9145369 0.535441 0 0.8445728 0.7591394 0 0.6509281 0.8053457 0 0.5928055 0.8470745 0 0.5314744 0.01765471 0 -0.9998442 -0.06552612 0 -0.997851 -0.4635094 0 -0.8860921 -0.6039493 0 -0.7970228 -0.6682373 0 -0.7439483 -0.8313685 0 -0.5557216 -0.8747307 0 -0.4846094 0.8455593 0 -0.5338815 0.8425427 0 -0.5386297 0.6480473 0 -0.7616001 0.4637558 0 -0.8859632 0.3275675 0 -0.9448279 0.0367375 0 -0.999325 0.1106795 0 -0.9938562 -0.8747311 0 0.4846086 -0.7823122 0 0.6228867 -0.6682372 0 0.7439484 -0.4635094 0 0.8860921 -0.3882136 0 0.9215694 -0.3102301 0 0.9506615 -0.3102319 0 0.950661 0.01765555 0 0.9998442 -0.8851292 0 -0.4653456 -0.9909058 0 -0.1345577 0.6075396 0 -0.7942895 0.6075395 0 -0.7942895 0.4833379 0 -0.8754339 0.2059972 0 -0.9785526 0.2059972 0 -0.9785527 0.05891394 0 -0.9982631 -0.2358508 0 -0.9717894 -0.16311 0 -0.986608 -0.5911834 0 0.8065372 -0.5220416 0 0.8529201 -0.3734076 0 0.9276674 -0.214444 0 0.9767364 -0.2950245 0 0.9554898 -0.04965698 0 0.9987663 -0.1325015 0 0.9911829 0.03365617 0 0.9994336 0.2796955 0 0.9600888 0.1988233 3.94088e-6 0.9800354 0.9887332 0 0.1496886 -0.04515552 0 -0.99898 -0.1191561 0 -0.9928755 -0.1925055 0 -0.9812959 -0.2647731 0 -0.9643108 -0.3355764 0 -0.9420131 -0.4045025 0 -0.9145369 -0.3355799 0 -0.9420117 -0.4045009 0 -0.9145377 -0.4712289 0 -0.882011 -0.4712305 0 -0.8820102 -0.5354396 0 -0.8445736 -0.7087412 0 -0.7054687 -0.7591387 0 -0.6509291 -0.01765471 0 0.9998442 0.06552612 0 0.997851 0.1483138 0 0.9889404 0.1483157 0 0.9889401 0.2300383 0 0.9731817 0.3882136 0 0.9215694 0.6039493 0 0.7970228 0.6682373 0 0.7439483 0.7823112 0 0.6228879 0.8747307 0 0.4846094 0.2275608 0 -0.9737639 0.1547619 0 -0.9879519 0.08102208 0 -0.9967123 -0.06739699 0 -0.9977263 -0.2142703 0 -0.9767745 -0.2860913 0 -0.9582024 -0.3563953 0 -0.9343354 -0.4907271 0 -0.8713133 -0.5539914 0 -0.8325225 -0.9771632 0 0.2124904 -0.3585758 0 0.9335007 -0.279695 0 0.9600889 -0.1166425 0 0.993174 -0.03365564 0 0.9994336 0.2144933 0 0.9767255 0.2144943 0 0.9767253 0.3734649 0 0.9276444 0.4493021 0 0.8933799 0.522042 0 0.8529198 0.6562352 0 0.7545564 0.5911831 0 0.8065374 -0.9194182 0 -0.3932815 -0.9835919 0 -0.1804077 -0.9835919 0 -0.1804077 -0.9994599 0 -0.03286319 -0.999145 0 0.04134452 -0.9933242 0 0.1153568 -0.9820226 0 0.1887634 -0.9653122 0 0.2610984 -0.965312 0 0.2610995 -0.9160558 0 0.4010511 -0.8837935 0 0.4678772 0.8969388 0 0.4421547 0.9578225 0 0.2873609 0.9305958 0 0.3660486 0.9784184 0 0.2066341 0.9784185 0 0.2066332 0.9922106 0 -0.1245717 0.9784184 0 -0.2066341 0.9784185 0 -0.2066332 -0.6767589 0 -0.7362048 -0.7294854 0 -0.6839964 -0.7294853 0 -0.6839965 -0.7782156 0 -0.6279972 -0.8625721 0 -0.5059341 -0.8625721 0 -0.5059341 -0.9530379 0 -0.3028511 -0.9728792 0 -0.2313136 -0.9728795 0 -0.2313128 -0.9873602 0 -0.1584931 -0.9963955 0 -0.08483088 -0.9905171 0 0.1373896 0.8487264 0 0.5288323 0.9996693 0 -0.02572083 0.9815847 0 -0.1910277 0.9940742 0 -0.108704 -0.9916469 0 -0.1289823 -0.9984843 0 -0.05503737 -0.9998162 0 0.01917147 -0.995637 0 0.0933113 -0.995637 0 0.09331172 -0.9859812 0 0.166857 -0.9247355 0 0.3806104 -0.8939732 0 0.4481203 -0.8178108 0 0.5754873 -0.7236399 0 0.6901778 0.9815847 0 0.1910274 0.9815847 0 0.1910275 0.9900892 0 -0.1404398 0.9749774 0 -0.2223041 0.924634 0 -0.380857 0.8487074 0 -0.5288627 0.8017889 0 -0.5976074 0.7493062 0 -0.6622237 0.6916016 0 -0.7222792 0.6291598 0 -0.7772761 -0.3647235 0 -0.9311159 -0.3647236 0 -0.9311159 -0.9571009 0 0.2897546 -0.8303815 0 0.5571953 -0.8303828 0 0.5571935 -0.7867699 0 0.6172465 -0.5716322 0 0.82051 0.9877289 0 -0.1561788 0.9713056 0 -0.237835 0.9481397 0 -0.3178543 0.7386037 0 -0.6741399 0.6800247 0 -0.7331892 0.7386038 0 -0.6741398 0.6166475 0 -0.7872394 0.5489966 0 -0.8358246 0.4776563 0 -0.8785468 0.4028779 0 -0.9152538 0.3253185 0 -0.9456046 -0.2752115 0.9592357 0.06422954 -0.2934544 0.8737106 0.3879618 -0.4085496 0.8936649 0.1856079 -0.3287329 0.8471217 0.417516 -0.4448744 0.880317 0.1647085 -0.3506007 0.9235061 0.1556136 -0.3836227 0.9133198 0.1366772 -0.3823643 0.8444937 0.3750041 -0.3687499 0.9087539 0.1954221 -0.3875905 0.9114798 0.1377613 -0.3534826 0.916492 0.1873303 -0.3412361 0.8498998 0.4015324 -0.2821866 0.9367585 0.2070125 -0.360598 0.8438675 0.3973119 -0.2720005 0.9422796 0.1952565 -0.4063916 0.843235 0.3518534 -0.3358749 0.9300344 0.1490774 -0.3292726 0.9372079 0.1149833 -0.2965821 0.8875689 0.3525061 -0.278979 0.8972349 0.3422576 -0.2746269 0.905592 0.3232387 -0.3168432 0.8802229 0.3532961 -0.3324391 0.835655 0.4372245 -0.3282546 0.8381199 0.4356651 -0.367802 0.8354289 0.4083877 -0.548961 0.8356747 0.0170229 -0.360297 0.8442745 0.3967197 -0.3463806 0.8788854 0.3279956 -0.455779 0.8468238 0.2741441 -0.4798159 0.8436334 0.2409555 -0.3788713 0.8795284 0.2879002 -0.368856 0.8823348 0.2922852 -0.27577 0.915942 0.2915496 -0.2729492 0.9312573 0.2413686 -0.2673556 0.9201063 0.2862264 -0.2859938 0.9117212 0.2949103 -0.2948315 0.873431 0.3875471 -0.5045515 0.8445785 0.1792065 -0.4281725 0.893922 0.1325583 -0.4129588 0.9014034 0.1301427 -0.4509567 0.8795274 0.1518868 -0.4691826 0.8779007 0.09569883 -0.477082 0.876887 0.05883997 -0.2746371 0.958741 0.07341754 -0.256727 0.9234147 0.2853007 -0.537781 0.8420891 0.04095894 -0.5286964 0.846863 0.05747407 -0.4791533 0.8774558 0.02199131 -0.26826 0.9623914 0.04288709 -0.282925 0.9590668 0.01201438 -0.3202724 0.9408188 0.1108413 -0.2472355 0.9688447 0.01465338 0.3537457 0.001824438 0.9353399 0.5490227 -6.22725e-4 0.8358072 0.8401576 -5.89911e-4 0.542342 0.9184463 -6.42733e-4 0.3955453 0.8841219 0.001538395 0.4672536 0.9821115 0.002046287 0.1882898 0.6239775 0 -0.7814424 0.6239776 0 -0.7814423 -0.5563298 -8.12784e-5 -0.8309617 -0.6929082 -4.88877e-5 -0.7210258 -0.7672853 -0.002076923 -0.6413027 -0.9359964 4.77125e-4 -0.3520092 -0.9595281 5.56893e-4 -0.2816126 -0.9505025 -3.12616e-4 -0.3107171 -0.966654 -2.74343e-4 -0.2560861 -1.42779e-4 3.15956e-7 -1 -0.9999977 0.002183794 1.43657e-4 -0.611971 -2.65817e-6 0.7908803 -0.6119385 1.96852e-5 0.7909054 -0.6120102 0 0.79085 -0.9999977 0.002130508 9.03138e-5 0 1 -3.98213e-6 0 1 -2.76426e-7 0 1 -4.57296e-6 0 1 -2.33926e-6 0 1 -2.95927e-7 0 1 -2.96047e-7 0 1 2.95532e-7 0 1 -3.97082e-6 0.2705076 0.9611634 0.05468738 0.2721185 0.9615391 0.03733927 0.3237382 0.8337701 -0.4472369 0.3825153 0.9148475 0.1293683 0.2892207 0.8743216 -0.3897605 0.3015334 0.9505041 0.07496356 0.32262 0.9406218 0.1055804 0.3507332 0.8787408 0.3237296 0.2948315 0.873431 -0.3875471 0.3043742 0.854955 0.42001 0.2936189 0.8736774 0.387912 0.3438622 0.9142763 0.2141441 0.279716 0.9355552 0.2156278 0.2612205 0.95872 0.1123375 0.2976449 0.8874939 0.3517986 0.2806988 0.8971309 0.3411223 0.2847726 0.9122325 0.2945106 0.2586706 0.9296957 0.262213 0.3904783 0.9115808 -0.128637 0.3614434 0.9118044 -0.1948626 0.2727039 0.9416304 -0.1973956 0.2654026 0.9487878 -0.1713572 0.3119278 0.9300352 -0.1942563 0.3358749 0.9300344 -0.1490774 0.4597798 0.8663334 0.1951127 0.4311694 0.8770327 0.2119119 0.4187644 0.8844642 0.2058143 0.3614432 0.9118046 0.1948626 0.3916468 0.9104581 0.1329622 0.3823356 0.9149823 0.128945 0.3509278 0.9233574 0.1557592 0.3358749 0.9300345 0.1490774 0.2934806 0.9432258 0.1555455 0.2691386 0.9630395 -0.01092505 0.2708457 0.9626228 -1.28614e-4 0.2715011 0.9618808 0.03274905 0.291829 0.8739561 0.3886345 0.2563621 0.9234609 0.2854794 0.2807075 0.8971164 -0.341153 0.4629561 0.846576 -0.2626422 0.2675225 0.9315613 -0.246222 0.2681837 0.9197016 -0.2867515 0.3842545 0.879559 -0.2805792 0.4920859 0.8458906 -0.2057201 0.5076086 0.8432663 -0.176736 0.489654 0.8467953 -0.2077901 0.3104536 0.9144882 -0.2594801 0.5096873 0.8471366 -0.1502615 0.5250471 0.8434444 -0.1136978 0.4590963 0.8780161 -0.1353459 0.4522446 0.8822627 -0.1307185 0.5231783 0.8473621 -0.09089553 0.5291992 0.8446029 -0.08120465 0.5345354 0.8437258 -0.04897797 0.489529 0.8678296 -0.08504855 0.4834915 0.8742653 -0.04354774 0.5359087 0.8441179 -0.01633954 0.4832085 0.8754618 -0.008723258 0.3373238 0.9353699 -0.1062828 0.324144 0.9395852 -0.1100482 0.2684527 0.9602453 -0.07656514 0.4803086 0.873121 0.08344739 0.514504 0.8451952 0.1446748 0.4700808 0.8774153 0.09574228 0.4611656 0.8768365 0.1359565 0.3026432 0.9501296 -0.07523858 0.2721613 0.9615453 -0.03686511 0.4824765 0.8431814 0.2371952 0 1 -6.25379e-6 0 1 2.39477e-7 0 1 3.98213e-6 0 1 -5.96007e-7 0 1 1.19154e-6 0 1 2.26331e-7 0 1 3.97506e-6 0 1 -2.98003e-7 0 1 3.95281e-6 0 1 2.76426e-7 0 1 0 0 1 -3.93976e-6 -0.3829455 0.8936699 -0.2338949 -0.4830201 0.8753694 -0.02049708 -0.3860448 0.8803151 -0.2757079 -0.4114206 0.8849792 -0.2180484 -0.3620043 0.8479981 -0.3871077 -0.3287286 0.9121822 -0.244666 -0.4831289 0.8690694 -0.1063251 -0.5173264 0.8431946 -0.1462746 -0.2909511 0.9485207 -0.1251241 -0.3422451 0.8287773 -0.4427149 -0.2821124 0.9367739 -0.2070443 -0.2654026 0.9487878 -0.1713577 -0.2472355 0.9688447 -0.01465338 -0.2667715 0.9633728 -0.02731084 -0.504158 0.8467534 -0.1698049 -0.3245651 0.8361173 -0.4422279 -0.4530241 0.8816612 -0.1320707 -0.3148165 0.8347257 -0.4518004 -0.3284131 0.8386 -0.4346206 -0.4785569 0.8779425 -0.01415878 -0.2751446 0.958918 -0.06907826 -0.402069 0.9067803 -0.1268466 -0.4033809 0.9062018 -0.1268163 -0.4554918 0.8470379 -0.2739602 -0.4274362 0.8454222 -0.3202494 -0.2948315 0.873431 -0.3875471 -0.3756341 0.9194046 -0.1165949 -0.3876619 0.9121108 -0.133313 -0.385174 0.8453741 -0.3701134 -0.2691745 0.9603291 -0.07289284 -0.2751564 0.9592462 -0.06430983 -0.2650563 0.9637425 -0.03075045 -0.3032243 0.8550776 -0.4205918 -0.2797571 0.9351789 -0.2172019 -0.2673596 0.9567127 -0.1149768 -0.2746266 0.9055921 -0.3232388 -0.2729492 0.9312573 -0.2413686 -0.311205 0.9140544 -0.2601078 -0.2673558 0.9201065 -0.2862253 -0.256727 0.9234147 -0.2853007 -0.4085497 0.8936651 -0.1856074 0.9937961 -0.001071929 0.111213 0.9998163 7.90058e-5 -0.01917141 0.924745 5.74022e-4 -0.3805869 0.7294418 -3.11968e-4 -0.6840428 -0.3789416 0 -0.9254207 -0.9815847 0 -0.1910275 -0.9940742 0 -0.108704 -0.9940742 0 -0.108704 -0.9996709 0 -0.02565604 -0.9983442 0 0.05752462 -0.9749774 0 0.2223041 -0.9246243 0 0.3808806 -0.8897647 0 0.4564196 -0.9246248 0 0.3808792 -0.8017904 0 0.5976055 -0.6916016 0 0.7222792 -0.7493062 0 0.6622238 -0.6291598 0 0.7772761 0.3647235 0 0.9311159 1.401e-4 -2.95037e-7 1 -0.9877289 -1.29073e-4 0.1561788 -0.9880797 0 0.153943 -0.9184466 -4.29839e-4 0.395545 -0.8823471 -5.01031e-4 0.4705989 -0.809836 5.08065e-4 0.5866563 -0.7386036 -6.20575e-4 0.6741397 -0.6166458 -6.4744e-4 0.7872406 -0.6501054 8.60884e-5 0.7598441 -0.3253174 0 0.9456049 0.661202 0 0.750208 0.9759587 0 -0.2179555 0.9571009 1.47043e-4 -0.2897547 0.9036838 3.74314e-4 -0.4282003 0.9280598 -4.12721e-4 -0.3724309 0.8694412 4.55007e-4 -0.4940366 0.8303827 5.12644e-4 -0.5571935 0.8573226 -5.69902e-4 -0.5147793 0.7867683 5.45868e-4 -0.6172483 0.8136578 -6.13674e-4 -0.581344 0.7387911 5.55244e-4 -0.6739344 0.6530572 -6.11456e-4 -0.7573083 0.5716319 4.6958e-4 -0.8205101 0.509231 -8.3417e-4 -0.8606296 0.5905725 -5.701e-4 -0.8069844 0.4267269 0 -0.9043807 0.3931595 8.69713e-6 -0.9194704 0.358871 0 -0.9333872 0.9999976 -0.002217113 -1.48383e-4 0.9999976 -0.002223074 -1.4853e-4 -1.31102e-4 0 -1 -1.2744e-4 2.88834e-7 -1 -3.22393e-5 7.23234e-5 -1 -1.34681e-4 0 -1 0.9194182 0 0.3932815 0.9194176 0 0.393283 0.9675144 0 0.2528161 0.9942653 0 0.1069412 0.999145 0 -0.0413444 0.999145 0 -0.04134452 0.9933242 0 -0.1153568 0.9160558 0 -0.4010511 0.9160563 0 -0.4010497 -0.8570607 0 -0.5152156 -0.9922097 0 -0.1245794 -0.999132 0 -0.04165524 -0.9922096 0 0.1245799 -0.9578225 0 0.2873609 -0.9305953 0 0.3660499 -0.8969388 0 0.4421547 0.7782156 0 0.6279972 0.9279413 0 0.3727263 0.9279413 0 0.3727264 0.9963955 0 0.08483052 0.9963955 0 0.08483088 0.9999429 0 0.01068747 0.9905171 0 -0.1373896 -0.3191255 0 0.9477125 -0.62916 0 -0.7772759 -0.6291624 0 -0.777274 -0.7493059 0 -0.6622241 -0.8017889 0 -0.5976074 -0.8487264 0 -0.5288323 -0.8897513 0 -0.4564456 -0.8897505 0 -0.4564473 -0.9749774 0 -0.2223041 -0.9940742 0 0.108704 -0.9815849 0 0.1910269 0.07354086 0 -0.9972923 0.1224384 0 -0.9924761 0.1709463 0 -0.9852805 0.9924765 0 0.1224356 0.9972923 0 0.07354038 0.2666916 0 -0.963782 0.3137096 0 -0.949519 0.9756987 0 0.219117 0.4495725 0 -0.8932439 0.949519 0 0.3137093 0.949519 0 0.3137097 0.5350106 0 -0.8448453 0.9329981 0 0.3598813 0.5758222 0 -0.817575 0.5350106 0 -0.8448454 0.5758253 0 -0.8175728 0.893245 0 0.4495705 0.6152386 0 -0.788341 0.8932452 0 0.44957 0.6895639 0 -0.7242249 0.8448456 0 0.5350104 0.8175734 0 0.5758244 0.7572267 0 -0.6531523 0.7883411 0 0.6152385 0.8175734 0 -0.5758244 0.8448456 0 -0.5350103 0.6895639 0 0.7242249 0.6531509 0 0.7572279 0.6152386 0 0.788341 0.9141948 -2.67879e-6 -0.405275 0.9330043 -2.38107e-6 -0.3598653 0.932998 0 -0.3598816 0.5350106 0 0.8448453 0.9756987 0 -0.219117 0.9924765 0 -0.1224356 0.3598821 0 0.9329978 0.9972923 0 -0.07354038 0.2191143 0 0.9756993 0.1224384 0 0.9924761 0.1709463 0 0.9852805 0.07354086 0 0.9972923 0.02454441 0 0.9996988 -0.07354086 0 0.9972923 -0.02454441 0 0.9996988 -0.1709463 0 0.9852804 -0.1224384 0 0.9924761 -0.1709508 0 0.9852796 -0.2191143 0 0.9756993 -0.2666894 0 0.9637826 -0.3137096 0 0.949519 -0.359882 0 0.9329979 -0.4052544 0 0.914204 -0.4495688 0 0.8932458 -0.5758222 0 0.817575 -0.5758253 0 0.8175728 -0.6152386 0 0.788341 -0.6895638 0 0.7242249 -0.7242233 0 0.6895656 -0.7572267 0 0.6531522 -0.7572267 0 0.6531523 -0.8175742 0 0.5758233 -0.8448456 0 0.5350103 -0.8448456 0 0.5350104 -0.8700838 0 0.4929038 -0.9142028 0 0.4052574 -0.9142026 0 0.4052574 -0.949519 0 0.3137093 -0.9637823 0 0.2666903 -0.9756987 0 0.219117 -0.9972923 0 0.07354038 -0.9996987 0 -0.02454441 -0.9924765 0 -0.1224356 -0.9924765 0 -0.1224356 -0.98528 0 -0.1709485 -0.9142028 -2.79899e-6 -0.4052569 -0.9330043 -2.38107e-6 -0.3598653 -0.8175742 0 -0.5758233 -0.7242256 0 -0.6895632 -0.6895651 0 -0.7242237 -0.5350106 0 -0.8448453 -0.4052544 0 -0.914204 -0.359882 0 -0.9329979 -0.3598821 0 -0.9329978 -0.3137096 0 -0.949519 -0.3137096 0 -0.949519 -0.2666916 0 -0.963782 -0.2191143 0 -0.9756993 -0.02454441 0 -0.9996988 0.07354086 0 -0.9972923 0 1 -3.05486e-6 0 1 -3.06685e-6 0 1 3.06761e-6 0 1 -3.89604e-6 0 1 3.06059e-6 0 1 3.12891e-6 0 1 1.56599e-6 0 1 3.05586e-6 0 1 -2.2924e-6 0 1 -7.66718e-7 0 1 1.56203e-6 0 1 3.05936e-6 0 1 3.13203e-6 0 1 1.55865e-6 0 1 3.11663e-6 0 1 6.11916e-6 0 1 -7.82442e-7 0 1 3.05649e-6 0 1 -3.06696e-6 0 1 -1.5283e-6 0 1 1.52958e-6 0 1 3.05646e-6 0 1 3.13164e-6 0 1 -3.13201e-6 0 1 -1.56277e-6 0 1 -3.11664e-6 0 1 -3.12902e-6 0 1 -2.29878e-6 0 1 -3.13198e-6 0 1 1.52744e-6 0 1 -3.83452e-6 0 1 3.06684e-6 0 1 3.05661e-6 0 1 3.13187e-6 0 1 3.11711e-6 0 1 -6.11291e-6 0 1 3.13189e-6 0 1 3.13195e-6 0 1 3.11676e-6 0 1 1.53371e-6 0 1 -1.55867e-6 0 1 -3.90527e-6 0 1 7.82928e-7 0 1 3.13199e-6 0 1 3.05922e-6 0 1 -3.12576e-6 0 1 -6.21545e-6 0 1 6.24857e-6 0 1 3.0565e-6 0 1 -6.13015e-6 0 1 3.12555e-6 0 1 -2.30019e-6 0 1 -1.91042e-7 0 1 3.81995e-7 0 1 -1.52975e-6 0 1 3.0651e-6 0 1 1.5326e-6 0 1 -7.64809e-7 0 1 -4.58386e-6 0 1 1.52738e-6 0 1 -2.34905e-6 0 1 7.79321e-7 -0.2776714 0.8886579 0.3649463 -0.2669026 0.8977048 0.3505556 0.9164916 -3.55743e-5 0.4000541 0.9165176 -1.89785e-6 0.3999943 -0.1474687 -0.002493321 0.9890636 0.5263877 -0.003577649 0.8502373 0.6777417 0.004337131 0.7352873 0.9483824 -0.001244664 0.3171267 0.9607944 0.005161345 0.277214 0.9999395 0.007212042 0.008302628 0.08553433 0.9893552 -0.1177295 0.1453864 0.9817713 -0.1224253 0.1101888 0.9889056 -0.09962004 0.1643465 0.9810024 -0.1030753 0.1327174 0.988465 -0.07296139 0.1420705 0.9887792 -0.0461719 0.1490877 0.9887794 -0.009388089 0.1467391 0.9887794 0.02798217 0.1466909 0.9884649 0.03766971 0.1420704 0.9887792 0.0461719 -0.2210249 0.9649097 -0.1417651 0.140812 0.9884654 0.05575174 0.135172 0.9887791 0.06359583 0.1540514 0.9810261 0.1177117 0.1256322 0.9831039 0.1331294 -0.1092489 0.9831102 0.14683 -0.08884876 0.9840697 0.1539899 -0.2183763 0.9703876 0.1032459 -0.1488034 0.9814748 0.1206842 -0.1311675 0.9828181 0.1298608 -0.1233358 0.9885434 0.08700686 -0.1351721 0.9887791 0.06359589 -0.174451 0.9803169 0.09244227 -0.1327174 0.988465 0.07296139 -0.1840029 0.9828169 0.01462548 -0.1466908 0.9884649 0.03766965 -0.1360596 0.9903609 0.02594757 -0.1466592 0.9882576 0.04287427 -0.1742219 0.9836896 -0.04473882 -0.2119702 0.9757595 -0.05442655 0.1804405 0.982494 -0.04633468 0.1728109 0.9811915 -0.08602213 0.1919786 0.9813902 0.00418365 0.214685 0.9763801 -0.02434062 0.188779 0.9811905 -0.04034501 0.2147727 0.9762268 0.02922439 0.1784563 0.9836896 0.02254325 0.1672435 0.9836894 0.06621944 -0.06515431 0.986366 -0.1511199 0.2034773 0.9757598 0.08056026 -0.1742185 0.9836902 0.04473799 -0.1907123 0.9814532 0.01945811 -0.04713082 0.9863512 -0.1577658 -0.0204789 0.9865568 -0.1621307 0 0.9865606 -0.1633961 0.02858245 0.9863395 -0.1622267 0.04713088 0.9863513 -0.1577655 0.2541688 0.9549503 -0.1531936 0.06515431 0.9863659 -0.1511202 0.2439195 0.9575526 0.1536113 0.06020498 0.9865352 0.1520653 0.04064935 0.986552 0.1583128 0.009579837 0.9863397 0.1644451 0.02047538 0.9865613 0.1621034 -0.02857762 0.9863441 0.1621994 -0.02047538 0.9865613 0.1621034 -0.2385494 0.9576766 0.1610892 -0.04720914 0.9863529 0.157732 -0.06515431 0.9863659 0.1511202 -0.2210405 0.9662155 0.1325471 -0.223336 0.9737349 -0.04428946 -0.2207667 0.9725294 -0.07381659 -0.178731 0.9745701 -0.1351606 0.2113236 0.9700284 -0.1199472 0.2028021 0.9713986 -0.123516 0.175566 0.976848 0.1222479 0.2095221 0.9742789 0.08295279 -0.2233361 0.9737349 0.04428952 -0.2263485 0.9739351 0.01473021 -0.1382369 0.990361 -0.008703529 -0.1360596 0.9903608 -0.02594757 -0.2147276 0.9684948 -0.1261339 -0.2151894 0.9718118 -0.09630936 -0.1466909 0.9884649 -0.03766971 -0.1532663 0.9816712 -0.1132753 -0.1321539 0.9828898 -0.1283082 -0.1230735 0.988533 -0.0874952 -0.1082456 0.9890003 -0.1008041 -0.1304283 0.983028 -0.1290132 -0.09960025 0.9893575 -0.1060727 -0.09483772 0.9890211 -0.1133278 -0.08553433 0.9893553 -0.1177296 0.1092489 0.9831102 -0.14683 0.08884876 0.9840697 -0.1539899 -0.3687329 0.05535531 0.9278857 -0.38244 0.04608017 0.9228306 -0.9502368 -0.02075374 -0.3108366 -0.7933926 -0.01429075 -0.6085427 -0.5490754 -0.05077177 -0.8342293 -0.608856 -0.02354109 -0.7929315 -0.06420052 -0.0503453 -0.9966663 -2.28745e-4 -0.05050152 -0.998724 0.002203345 0.9987149 -0.05063349 0.002138495 0.9987144 -0.05064749 0.002194404 0.9987142 -0.05064767 0.002185463 0.9987146 -0.05064195 0.002180993 0.9987161 -0.05061078 0.002160429 0.9987164 -0.05060774 0.002258002 0.998716 -0.05060935 0.002175271 0.9987152 -0.05062991 0.002173244 0.9987152 -0.0506283 0.002185404 0.9987153 -0.05062663 0.00218141 0.9987122 -0.05068683 0.002187073 0.9987156 -0.05061924 0.002220511 0.9987149 -0.05063134 0.002191483 0.9999976 4.72566e-6 0 1 3.13216e-6 0 1 -1.56576e-6 0 1 1.53017e-6 0.002197086 0.9999976 -1.02549e-6 0.002199769 0.9999977 -3.8271e-7 -0.5969397 0 0.8022862 -0.2867307 0 0.9580112 -0.2867327 0 0.9580106 0.05815541 0 0.9983076 -0.9430116 -0.003855645 -0.3327378 -0.9940686 -0.005242228 -0.1086291 -0.9396848 -0.002664625 0.3420315 -0.4973374 -0.002636015 0.8675533 -0.6777436 0.002888798 0.7352927 -0.2734639 -0.00310558 0.9618773 -0.05834788 -0.003050327 0.9982917 0.1337657 -7.29313e-4 0.9910128 0.07291579 0.00519371 0.9973247 -0.9165335 9.47317e-6 0.3999581 -0.9165419 6.6209e-5 0.399939 -0.916516 4.7182e-5 0.3999981 -0.4844721 0 0.8748068 -0.1800375 0.001363575 0.9836588 0.06761604 -0.003281593 0.9977061 0.2537981 -0.002191662 0.9672547 0.5051761 -4.46694e-4 -0.8630162 0.4321268 4.8123e-4 -0.9018127 -0.03624409 -1.60088e-4 -0.999343 -0.1455945 0.003077089 -0.9893396 -0.274317 5.66115e-4 -0.9616392 -0.5405188 0.002328097 -0.8413287 -0.9164916 -3.55743e-5 -0.4000541 -0.9165062 0 -0.4000205 -0.9165121 1.57906e-6 -0.4000069 -0.9164955 -6.92703e-5 -0.4000452 -0.9165121 -2.93445e-5 -0.4000071 0.2776516 0.8886564 -0.3649653 0.2777612 0.8886709 -0.3648462 0.2776516 0.8886564 0.3649653 0.2754465 0.8885794 0.3668186 0.2669026 0.8977048 0.3505556 0.1507261 -0.002516984 -0.9885724 0.3387284 0.003314197 -0.9408784 -0.07200318 -0.003771185 -0.9973974 0.0729171 0.005160033 -0.9973247 -0.509299 -0.00235331 -0.8605864 -0.6520009 0.002067685 -0.7582155 -0.677736 0.005854606 -0.735282 -0.9608032 0.002879381 -0.2772165 -0.987084 -0.003934204 0.1601549 -0.9999492 0.0057078 -0.008302748 -0.8676062 0.004948854 0.4972276 -0.9652577 0.007589578 0.2611897 2.7022e-4 0.05063736 0.9987171 2.70853e-4 0.05063676 0.9987171 2.66405e-4 0.05065333 0.9987163 0.002138912 0.9987147 -0.05064076 0.002186 0.9987104 -0.05072385 0.002168476 0.9987168 -0.05059689 0.002167165 0.9987145 -0.05064457 0.002233028 0.9987165 -0.05059921 0.002152621 0.9987131 -0.05067116 0.002260446 0.998722 -0.05049306 0.002173066 0.9987159 -0.05061471 0.002147078 0.9987161 -0.05061286 0.002099215 0.9987173 -0.05059278 0.002189934 0.9987168 -0.05059742 0.002163112 0.9987154 -0.05062466 0.002133667 0.9987205 -0.05052596 0.00217086 0.9987156 -0.05062133 -2.51508e-4 -0.05071336 -0.9987133 0.3782607 -0.04662907 -0.9245241 0.6085171 -0.0425058 -0.7924016 0.7844432 -0.02702397 -0.6196116 0.7932163 -0.0337944 -0.6080016 0.97726 -0.02108693 -0.2109938 0.923759 -0.01140391 -0.3828045 0.9764115 0.003682911 0.2158864 0.8474936 0.02147823 0.530371 0.9239633 0.02418595 0.3817159 0.5056992 0.03478068 0.8620085 0.3503409 0.04867672 0.9353566 0.130762 0.07323396 0.9887053 0.596941 0 -0.8022852 0.3959116 0 -0.9182887 0.3959125 0 -0.9182882 0.2867321 0 -0.9580109 0.1735166 0 -0.984831 0.05815821 0 -0.9983074 -0.05815619 0 -0.9983075 -0.1735156 0 -0.9848312 -0.2867321 0 -0.9580109 -0.5969394 0 -0.8022863 -0.499758 0 -0.8661652 0.8474376 0 0.5308951 0.9451392 -0.003463506 0.3266497 0.8593217 0.004336357 0.5114172 0.9462936 -0.0015859 -0.3233048 0.9607924 0.005526006 -0.2772139 0.3001915 -0.003119707 -0.9538739 -0.08645838 0.002097487 -0.9962533 -0.2514613 -0.001222074 -0.9678666 -0.07291662 0.003788352 -0.9973309 0.9165368 2.08741e-5 -0.3999506 0.9164955 -6.92703e-5 -0.4000452 0.9165184 2.66404e-5 -0.3999927 -0.8946125 0 -0.4468427 0.5088003 -0.002965211 -0.8608796 0.2083078 -0.003308594 -0.9780578 0.2491354 6.4659e-4 -0.9684685 -0.3028295 -4.07561e-4 -0.9530448 -0.397302 -2.22717e-4 -0.917688 0.7071068 0 -0.7071068 -0.5647895 0 0.8252351 -0.1986749 0.004002988 0.9800574 -0.06753391 0.003689348 0.9977102 -0.1197783 -8.61001e-4 0.9928003 0.08573639 0.003145694 0.9963129 0.119782 2.25049e-4 0.9928002 0.2035157 1.65891e-4 0.9790717 0.2803336 1.35959e-4 0.9599027 0.2764477 -1.69612e-4 0.9610291 0.355282 1.03037e-4 0.9347592 0.4260313 -1.0282e-4 0.9047085 0.4970253 -6.68135e-5 0.8677361 2.48159e-4 0.05055707 0.9987213 2.95634e-4 0.05060601 0.9987187 2.55849e-4 0.05058717 0.9987197 -0.2690908 0.8977563 -0.3487461 -0.2670159 0.8976936 -0.3504979 0.002187192 0.9999976 -5.31162e-6 0 1 -1.55841e-6 0 1 6.11337e-6 0 1 4.50232e-6 0 1 -7.64091e-7 0 1 7.64035e-7 0 1 6.11148e-6 0 1 -3.12583e-6 0.002199769 0.9999976 -2.51111e-7 0 1 1.56483e-6 0 1 3.13165e-6 0 1 -6.10997e-6 0 1 2.34695e-6 0 1 1.56444e-6 0 1 -3.06508e-6 0 1 1.55393e-6 0 1 3.06507e-6 0 -1 -1.59668e-7 0 -1 3.19391e-7 0 -1 0 0 -1 -1.5815e-7 0 -1 3.20593e-7 0 -1 3.20899e-7 0 -1 -1.59459e-7 0 -1 3.19928e-7 0 -1 0 0 -1 -1.64135e-7 0 -1 -3.19326e-7 0 -1 -3.19955e-7 0 -1 1.60534e-7 0 -1 3.18918e-7 0 -1 -3.20899e-7 0 -1 1.59984e-7 -0.9510331 0 -0.3090891 -0.9048548 0 -0.4257205 -0.6845198 0 -0.7289943 -0.5877783 0 -0.8090222 -0.4818111 0 -0.8762752 0.125315 0 -0.992117 0.3681144 0 -0.9297805 0.5877783 0 -0.8090222 0.7705453 0 -0.6373853 0.8443167 0 -0.5358446 0.9822989 0 -0.1873205 0.9822989 0 0.1873204 0.9822989 0 0.1873205 0.9510331 0 0.3090891 0.9048547 0 0.4257207 0.770546 0 0.6373845 0.6845198 0 0.7289943 0.5877782 0 0.8090221 0.4818102 0 0.8762757 0.3681144 0 0.9297805 0.3681144 0 0.9297806 0.1253162 0 0.9921169 0.125315 0 0.992117 0 0 1 -0.3681144 0 0.9297805 -0.4818111 0 0.8762752 -0.5877783 0 0.8090222 -0.6845198 0 0.7289943 -0.770546 0 0.6373844 -0.7705452 0 0.6373854 -0.8443167 0 0.5358446 -0.9510332 0 0.309089 -0.9980234 0 0.06284373 -0.9822989 0 0.1873204 -0.4257678 -0.04486542 -0.9037196 -0.1873044 0.05012649 0.9810222 -0.42587 0.0467236 0.9035772 0.06275069 0.05037605 0.9967571 0.7289636 0.03305441 0.683754 0.8763337 0.02246576 0.4811804 0.8762975 0.02247494 0.4812458 0.9685615 0.01048755 0.2485532 0.968597 -0.01468831 -0.2482019 0.968558 -0.01470696 -0.2483528 0.5358172 -0.04390484 -0.8431918 0.3089155 -0.04882323 -0.9498356 -0.1873604 -0.04930698 -0.9810531 -0.4257751 -0.04486531 -0.9037161 0.7071071 0.7071066 5.27874e-7 0.7071066 0.7071071 0 0.7071068 0.7071068 0 0.7071066 0.707107 0 0 1 6.64466e-7 0 1 -2.18972e-6 -0.6374779 -0.03760284 -0.7695505 -0.9921196 0.008507847 0.1250054 -0.808975 -0.02798473 -0.5871766 -0.9297828 0.02066183 0.3675284 -0.9921196 0.008508324 0.1250054 -0.9921201 -0.004172742 -0.1252213 -0.9297817 0.02066147 0.3675314 -0.9921201 -0.004172503 -0.1252213 -0.637377 0.04039227 0.7694928 0.06275057 0.0503751 0.9967572 -0.1873336 0.05012512 0.9810166 0.06273239 0.05037719 0.9967582 0.5358352 0.04156303 0.8432991 0.8762977 0.02246916 0.4812461 0.9685998 0.01046741 0.2484046 0.8763101 -0.02629643 -0.4810292 0.8763122 -0.02629643 -0.4810254 0.5358221 -0.04389762 -0.843189 0.3089139 -0.04881197 -0.9498367 -0.1873897 -0.04930937 -0.9810473 -0.4257676 -0.04487085 -0.9037193 -0.7071068 0.7071068 0 -0.7071065 0.7071071 -8.52215e-7 0 1 2.79414e-6 0 1 -1.156e-6 0 1 -1.15521e-6 -0.9827742 0 -0.1848105 -0.7876544 0 -0.6161174 -0.7179128 0 -0.696133 -0.6799728 0 -0.7332373 -0.6799728 0 -0.7332375 -0.5983859 0 -0.8012081 -0.5983828 0 -0.8012104 -0.6400846 0 0.7683045 -0.7179128 0 0.696133 -0.7179128 0 0.6961331 -0.7538817 0 0.6570103 -0.7876536 0 0.6161185 -0.8192659 0 0.5734139 -0.8485378 0 0.5291349 -0.8998646 0 0.4361697 -0.9410099 0 0.3383793 -0.9576571 0 0.2879113 -0.971588 0 0.236679 -0.9827742 0 0.1848105 -0.9912006 0 0.1323683 0 -1 -1.43021e-6 0 -1 0 0 -1 0 0 -1 0 0 -1 -2.184e-6 0 -1 -1.7888e-7 0 -1 -1.59447e-6 0 -1 4.32376e-7 0 -1 -3.94576e-7 0 -1 0 0 -1 4.72488e-7 0 -1 1.35851e-7 0 -1 0 0 -1 0 0 -1 -1.13767e-6 0 -1 0 0 -1 5.62614e-7 0 -1 -3.54366e-7 0 -1 0 0 -1 -1.05737e-6 0 -1 -2.28981e-6 0 -1 2.06425e-7 0 -1 1.724e-6 0 -1 -4.80294e-7 0 -1 4.43391e-7 0 -1 -3.661e-7 0 -1 8.1029e-7 0 -1 5.30337e-7 0 -1 -4.58615e-7 0 -1 -5.63483e-7 0 -1 1.16984e-6 0 -1 0 0 -1 1.59447e-6 0 -1 -1.29296e-7 0 -1 4.50584e-7 0.9996473 0 0.02656072 0.9968321 0 0.07953578 0.5983859 0 -0.8012081 0.7179128 0 -0.696133 0.7538827 0 -0.6570092 0.9576572 0 0.2879111 0.7179128 0 -0.6961331 0.9576571 0 0.2879113 0.7538817 0 -0.6570103 0.7876545 0 -0.6161174 0.9410099 0 0.3383793 0.9217257 0 0.3878424 0.7876536 0 -0.6161185 0.9410099 0 0.3383793 0.9217257 0 0.3878424 0.8998646 0 0.4361697 0.8485378 0 -0.529135 0.875428 0 0.4833487 0.8192659 0 0.5734139 0.7876535 0 0.6161186 0.7538817 0 0.6570103 0.9410154 0 -0.338364 0.7179128 0 0.696133 0.6799728 0 0.7332375 0.9827742 0 -0.1848105 0.6400846 0 0.7683045 0.5983828 0 0.8012104 0.9968321 0 -0.07953578 -0.002150952 -0.9987148 0.05063843 -0.00224471 -0.998717 0.05059069 -0.002258598 -0.9987193 0.05054384 -0.002209484 -0.9987187 0.05055844 -0.002184987 -0.9987144 0.05064451 -0.002185821 -0.9987155 0.05062258 -0.002094149 -0.9987186 0.05056524 -0.002186954 -0.9987155 0.05062413 -0.00221914 -0.9987136 0.05066013 -0.002106904 -0.9987207 0.05052441 -0.002159297 -0.9987177 0.05058163 -0.002207279 -0.9987159 0.05061358 -0.002179682 -0.9987159 0.05061352 -0.002230525 -0.9987161 0.05060893 -0.002170145 -0.9987151 0.05063128 -0.002224326 -0.9987182 0.0505675 -0.002173423 -0.9987148 0.05063635 -0.002210259 -0.998717 0.05059337 -0.002195417 -0.9987168 0.05059653 -0.002173006 -0.998716 0.05061268 -0.002181053 -0.998716 0.05061191 -0.002198457 -0.9987154 0.05062413 -0.002255201 -0.9987148 0.05063575 -0.002235233 -0.9987113 0.0507034 -0.002109229 -0.9987228 0.05048298 -0.002070307 -0.9987145 0.05064702 -0.002209663 -0.9987146 0.05063897 -0.002216815 -0.9987144 0.05064445 -0.002122938 -0.9987173 0.05059093 -0.002196192 -0.998716 0.0506131 -0.002254247 -0.9987136 0.05065757 0 -1 -9.31737e-7 0 -1 -8.57149e-7 0 -1 -1.71527e-6 0 -1 9.31282e-7 0 -1 -6.43308e-7 0 -1 -8.57762e-7 0 -1 -1.86382e-6 0 -1 8.57743e-7 0 -1 -1.86371e-6 0 -1 1.71535e-6 0.8487797 0.003650128 -0.5287341 0.8487907 0.001000463 -0.5287281 0.8487699 0 -0.5287626 0.84877 4.55702e-6 -0.5287625 0.8487783 0 -0.5287489 0.8487889 0.003678917 0.5287193 0.8487584 9.27917e-4 0.5287802 0.8487702 0 0.5287621 0.8487842 0 0.5287395 1 0 0 1 -1.63333e-6 0 -0.8487783 0 -0.5287489 -0.848778 0 -0.5287497 -0.848774 -5.5739e-6 -0.528756 -0.8488473 -0.003648579 -0.5286256 -0.8488474 -0.003648579 -0.5286256 -0.8488076 -0.003976047 -0.5286871 -1 1.94003e-7 0 -1 0 0 -1 -1.91625e-7 0 -1 4.32975e-7 0 -0.8487783 0 0.5287489 -0.8487768 -5.10218e-7 0.5287513 -0.1875272 0 0.9822594 -0.9921239 0 -0.1252608 -0.6375548 0 0.7704051 -0.9297355 0 -0.3682281 -0.9921239 0 -0.1252608 -0.8090052 0 -0.5878016 -0.8090005 0 0.5878081 -0.8090098 0 0.5877951 -0.8090052 0 -0.5878017 -0.9921239 0 0.1252608 -0.6375467 0 -0.7704118 -0.4256322 0 -0.9048964 -0.425621 0 -0.9049015 -0.1875012 0 -0.9822644 0.06281656 0 -0.9980252 0.3089736 0 -0.9510707 0.5360126 0 -0.84421 0.7288997 0 -0.6846206 0.8762755 0 -0.4818103 0.9686099 0 -0.2485861 0.8762285 0 0.4818959 0.5360127 0 0.84421 0.5360126 0 0.84421 0.06283003 0 0.9980244 -0.4256211 0 0.9049015 -0.6375467 0 0.7704118 -0.6375466 0 0.7704119 -0.9297373 0 -0.3682235 -0.8090005 0 -0.5878081 -0.9297355 0 0.3682281 -0.6375466 0 -0.7704119 -0.1875272 0 -0.9822594 0.8762286 0 -0.4818959 0.7288996 0 -0.6846207 0.9686224 0 -0.2485372 0.8762285 0 -0.4818959 0.9686216 0 -0.2485405 0.9686099 0 0.248586 0.8762755 0 0.4818104 0.728906 0 0.6846138 0.5360031 0 0.8442161 0.3089858 0 0.9510667 0.06283003 0 0.9980244 -0.1875137 0 0.9822621 -0.9921237 0 -0.1252623 -0.9297373 0 0.3682235 -0.4256328 0 -0.904896 -0.1875267 0 -0.9822595 0.06281667 0 -0.9980251 0.06283009 0 -0.9980244 0.729006 0 -0.6845073 0.9686095 0 -0.2485874 0.9686095 0 -0.2485874 0.968622 0 0.2485386 0.8762286 0 0.4818959 0.7289998 0 0.6845139 0.5359225 0 0.8442673 0.06283009 0 0.9980244 0.06281667 0 0.9980251 -0.1875267 0 0.9822595 -0.4256217 0 0.9049013 -0.8090098 0 -0.5877951 -0.8090052 0 0.5878017 -0.8090052 0 0.5878016 -0.4256217 0 -0.9049013 -0.4256216 0 -0.9049013 -0.1875137 0 -0.9822621 0.06283015 0 -0.9980244 0.06281667 0 -0.9980252 0.5359225 0 -0.8442672 0.7290061 0 -0.6845072 0.7289997 0 -0.6845141 0.9686095 0 0.2485874 0.9686095 0 0.2485874 0.8762755 0 0.4818103 0.7289997 0 0.6845141 0.3089735 0 0.9510707 0 -1 8.57762e-7 0 -1 -1.99768e-6 0 -1 -9.99227e-7 0 -1 -1.71454e-6 0 -1 8.57614e-7 0.9999976 -0.002185583 -1.57758e-4 0.9999977 -0.00219196 -1.29587e-4 0.9999977 -0.002193093 -1.39219e-4 0.9999977 -0.002200365 -1.67739e-4 -2.51047e-4 -0.05061197 -0.9987184 -2.72084e-4 -0.05062687 -0.9987177 -2.74102e-4 -0.05060368 -0.9987188 2.76917e-4 0.05062204 0.9987179 2.50094e-4 0.05062544 0.9987177 2.3579e-4 0.05063134 0.9987174 -0.3824667 0.04030656 0.9230898 -0.6084699 0.02459859 0.7931956 -0.567983 0.04885691 0.8215891 -0.7341122 0.04971933 0.6772055 -0.9991409 0.006531059 0.0409246 -0.992152 -0.009801626 -0.1246537 -0.9238694 -0.03462612 -0.3811385 -0.843078 -0.01182323 -0.5376614 -0.6088746 -0.05572372 -0.7913069 -0.382975 -0.05887985 -0.9218803 -0.5236889 -0.03117197 -0.8513392 -0.1307575 -0.05714261 -0.9897662 0.3824364 -0.04819065 -0.9227243 0.7931291 -0.04514509 -0.6073781 0.7695776 -0.02714955 -0.6379759 0.9910178 -0.03471785 -0.1291449 0.9997097 0.01341402 -0.0200169 0.8524225 0.03281891 0.5218228 0.6603521 0.0372253 0.7500329 0.5385907 0.04707795 0.8412514 0.2232846 0.05240613 0.9733436 0.07436585 0.05029052 0.9959622 -2.95473e-4 -0.05060184 -0.9987189 2.49906e-4 0.0505945 0.9987193 -0.9999977 0.002198636 1.58707e-4 0.2389861 -0.9261167 0.2918797 0.2679947 -0.918762 0.2899228 0.4872123 -0.8436043 0.225735 0.4737488 -0.8476061 0.2390102 0.3369199 -0.839872 0.4255584 0.2604148 -0.9362161 0.2359738 0.4988332 -0.8472998 0.1823421 0.4736765 -0.8725567 0.1194803 0.329129 -0.9115932 0.2463167 0.2725121 -0.9378714 0.2147895 0.5181064 -0.8463844 0.1232849 0.4074162 -0.9049557 0.1227487 0.2495431 -0.9545797 0.1628066 0.2403392 -0.9523179 0.1879571 0.2743907 -0.9392457 0.2062214 0.5270196 -0.8476004 0.06183892 0.5286645 -0.8484723 0.02467364 0.5325222 -0.8447239 0.05349504 0.5274921 -0.8473023 0.06189596 0.3760023 -0.9193158 0.1161077 0.2396924 -0.9245025 0.2963827 0.3501347 -0.9307707 0.1052226 0.2603489 -0.95252 0.1578741 0.2546396 -0.9571826 0.1376965 0.2752543 -0.9611732 0.0195266 0.2828916 -0.9591337 0.005911886 0.2649456 -0.9602771 0.08758807 0.3073078 -0.9482156 0.08030724 0.2667852 -0.9575191 0.1094674 0.3340694 -0.9121246 0.2375426 0.3594599 -0.8447262 0.3965176 0.3538585 -0.9232208 0.1498255 0.3842157 -0.9139134 0.1309226 0.2713737 -0.9483019 0.1645596 0.2936046 -0.9483054 0.1204714 0.3141875 -0.936033 0.1585198 0.4332866 -0.8430468 0.3186457 0.4070395 -0.8463886 0.3434315 0.277864 -0.8977199 0.3418929 0.4710714 -0.843605 0.2577258 0.3404428 -0.8830096 0.3230985 0.3658664 -0.8779808 0.3086932 0.4070354 -0.8463838 -0.3434482 0.3870161 -0.8430404 -0.3734992 0.2953651 -0.870954 -0.3926817 0.3658564 -0.877983 -0.3086987 0.2778639 -0.8977199 -0.3418928 0.3181068 -0.8798055 -0.3532004 0.2546394 -0.9571827 -0.1376965 0.2637279 -0.9580031 -0.1125952 0.2396924 -0.9245025 -0.2963827 0.2837944 -0.9139988 -0.289943 0.3187449 -0.91394 -0.2512281 0.2725122 -0.9378714 -0.214789 0.2989774 -0.9110987 -0.2837461 0.2782009 -0.9166405 -0.2870095 0.3834128 -0.9141777 -0.1314299 0.3977276 -0.9011737 -0.1723338 0.5020221 -0.8633478 -0.0510351 0.3749411 -0.901175 -0.2174922 0.532522 -0.8447241 -0.05349504 0.3731772 -0.9084556 -0.1882747 0.4781145 -0.8740491 -0.0862832 0.3377407 -0.9303128 -0.1430016 0.5259695 -0.8482614 -0.06171727 0.3216369 -0.9412869 -0.1026091 0.2713738 -0.9483019 -0.1645596 0.3141875 -0.936033 -0.1585198 0.5175958 -0.846024 -0.1278197 0.4988332 -0.8472998 -0.1823421 0.4872121 -0.843604 -0.2257357 0.2674767 -0.9625344 -0.04453915 0.4513412 -0.8447247 -0.2876308 0.2667285 -0.9633461 -0.02863883 0.4737488 -0.8476061 -0.2390102 0.247205 -0.9688815 -0.01258552 0.406478 -0.9052187 -0.1239152 0.4495334 -0.8821636 -0.140383 0.4495988 -0.8779819 -0.1643443 0.2731535 -0.9588951 -0.07685911 0.2693496 -0.9623113 -0.03752207 0.4430697 -0.8473016 -0.2928642 0.9165343 3.52416e-5 -0.3999564 0.9165204 -1.35146e-4 -0.3999881 0.9165647 0 -0.3998866 0 -1 3.82674e-6 0 -1 -1.27395e-6 -0.2602492 -0.9290211 0.2630404 -0.263447 -0.9193619 0.2921805 -0.2840664 -0.9145522 0.2879248 -0.3059296 -0.9235796 -0.2311015 -0.3515195 -0.9095025 -0.2218993 -0.2947015 -0.9292962 -0.2226201 -0.2966923 -0.9360606 -0.189115 -0.2790162 -0.9434818 -0.1788632 -0.3224326 -0.9298069 -0.1774727 -0.3445181 -0.929811 -0.1294565 -0.3385567 -0.9350137 -0.1054944 -0.3026145 -0.9430613 -0.1380581 -0.3292354 -0.9393399 -0.09614801 -0.3781957 -0.9175198 0.122986 -0.4045743 -0.9006332 0.1586808 -0.3904459 -0.912301 0.1235277 -0.3817168 -0.9006301 0.2077444 -0.3783842 -0.9089123 0.1752254 -0.3633292 -0.9163419 0.1682542 -0.3384905 -0.9350669 0.1052327 -0.3445181 -0.929811 0.1294561 -0.2864252 -0.9527366 0.1012612 -0.3232127 -0.9420471 0.08989411 -0.307897 -0.9118766 0.2714417 -0.319199 -0.9364323 0.1456249 -0.3224325 -0.9298068 0.1774732 -0.2587996 -0.9463637 0.1934386 -0.2966923 -0.9360606 0.189115 -0.2398134 -0.9243236 -0.2968428 -0.2395243 -0.9253476 -0.2938708 -0.5308529 -0.8433543 0.08335971 -0.2717306 -0.9616427 -0.03749579 -0.2725055 -0.9616866 -0.02999663 -0.2707946 -0.9626364 -0.001219153 -0.2687608 -0.9631258 0.01250797 -0.2718249 -0.9619853 0.02637374 -0.2753397 -0.9598939 0.05283725 -0.2396924 -0.9245025 0.2963827 -0.2953647 -0.8709537 -0.3926821 -0.382322 -0.843517 -0.3772386 -0.3629607 -0.8475468 -0.3872002 -0.4265235 -0.8432731 -0.3270605 -0.4428904 -0.8457063 -0.2977063 -0.3184488 -0.8799263 -0.3525905 -0.279779 -0.9096443 -0.3070359 -0.4434611 -0.8470075 -0.2931222 -0.3439027 -0.8832208 -0.3188289 -0.3656122 -0.8781571 -0.3084928 -0.263447 -0.9193627 -0.2921777 -0.3987491 -0.8783683 -0.2635686 -0.2602491 -0.9290212 -0.2630401 -0.2608249 -0.9361085 -0.2359475 -0.2843783 -0.9146113 -0.2874289 -0.4126751 -0.8827559 -0.224592 -0.4477477 -0.8790535 -0.1636675 -0.4484984 -0.8846955 -0.1271345 -0.5334193 -0.8443732 -0.04997831 -0.5315126 -0.8453542 -0.05358046 -0.5213963 -0.8517162 -0.05220752 -0.5362608 -0.843887 0.01671338 -0.263961 -0.9531801 -0.1475551 -0.2745929 -0.9602823 -0.04956531 -0.2676846 -0.9595234 -0.08751976 -0.3145731 -0.946563 -0.07115125 -0.2924588 -0.9548078 -0.0530107 -0.5026282 -0.8457036 0.1793059 -0.4941927 -0.8431503 0.2118282 -0.4539099 -0.8811887 0.1321831 -0.4477478 -0.8790534 0.1636676 -0.3750279 -0.9203951 0.1105754 -0.4126751 -0.8827559 0.224592 -0.4058771 -0.8473436 0.3424511 -0.2676846 -0.9595235 0.08751976 -0.3037751 -0.9507577 0.06148689 -0.3140373 -0.9463816 0.07577973 -0.3811418 -0.8830319 0.2738351 -0.3629668 -0.8475413 0.3872067 -0.2704584 -0.9579716 0.09561753 -0.3439027 -0.8832208 0.3188289 -0.2819501 -0.9131213 0.2944722 -0.3184487 -0.8799263 0.3525907 -0.3025304 -0.9109392 0.2804732 -0.2639609 -0.9531799 0.1475558 -0.2486096 -0.950272 0.1875535 -0.9165335 3.17174e-5 -0.3999579 -0.9165204 -1.35146e-4 -0.3999881 -0.9165343 3.52416e-5 0.3999564 -0.9165647 0 0.3998866 0 -1 -3.71996e-5 0 -1 -2.70414e-6 0 -1 5.77046e-6 0 -1 -1.26896e-5 0 -1 -3.7201e-5 0 -1 -9.31567e-6 0 -1 3.27199e-6 0 -1 -2.70412e-6 0 -1 -1.26897e-5 0 -1 -4.88449e-6 0 -1 -2.69816e-6 0 -1 -1.8612e-5 0 -1 2.63344e-6 0 -1 -1.86124e-5 0 -1 5.77202e-6 -0.4135853 0 -0.9104654 -0.3722578 0 -0.9281294 -0.3722602 0 -0.9281285 0.9937135 0 0.111953 0.9876881 0 0.1564362 -0.2443733 0 -0.9696813 0.9796742 0 0.2005959 -0.1564376 0 -0.9876879 -0.1119537 0 -0.9937134 0.9438765 0 0.3302989 0.9104659 0 0.4135842 0.02241939 0 -0.9997487 0.06729596 0 -0.9977331 0.8910145 0 0.4539748 0.8697365 0 0.4935165 0.1564348 0 -0.9876883 0.1564378 0 -0.9876878 0.8220038 0 0.569482 0.2005859 0 -0.9796761 0.2443733 0 -0.9696813 0.7956147 0 0.605803 0.3722578 0 -0.9281294 0.6408849 0 0.767637 0.4935156 0 -0.869737 0.5320026 0 -0.8467428 0.5320066 0 -0.8467403 0.5694816 0 -0.8220042 0.5694832 0 -0.8220031 0.5320026 0 0.8467428 0.6408849 0 -0.767637 0.6746633 0 -0.7381256 0.4539749 0 0.8910146 0.4135853 0 0.9104654 0.7071051 0 -0.7071086 0.7381269 0 -0.6746619 0.7676371 0 -0.6408849 0.7676383 0 -0.6408835 0.7956147 0 -0.605803 0.2875816 0 0.9577562 0.8697365 0 -0.4935165 0.8910145 0 -0.4539748 0.1564378 0 0.9876878 0.1564348 0 0.9876883 0.9281289 0 -0.372259 0.1119537 0 0.9937134 0.9281292 0 -0.3722583 0.9438765 0 -0.3302989 0.06729596 0 0.9977331 0.969682 0 -0.2443705 0.969682 0 -0.2443705 -0.02241939 0 0.9997487 0.9876881 0 -0.1564362 -0.1119537 0 0.9937134 0.9997487 0 -0.02241784 -0.2005859 0 0.9796761 -0.244368 0 0.9696826 -0.3302972 0 0.9438771 -0.4135845 0 0.9104657 -0.4135853 0 0.9104654 -0.4539749 0 0.8910146 -0.5320066 0 0.8467403 -0.5694835 0 0.8220028 -0.7070857 2.35196e-5 0.7071279 -0.7381257 0 0.6746633 -0.8220038 0 0.569482 -0.8697362 0 0.493517 -0.9281292 0 0.3722583 -0.9438765 0 0.3302989 -0.9577562 0 0.2875816 -0.9696846 0 0.24436 -0.9876881 0 0.1564362 -0.9796741 0 0.2005958 -0.9937136 0 0.1119529 -0.9997487 0 0.02241784 -0.9977332 0 -0.06729364 -0.9796759 0 -0.2005871 -0.9104654 0 -0.4135853 -0.8910144 0 -0.4539751 -0.891014 0 -0.453976 -0.8220036 0 -0.5694825 -0.7676371 0 -0.6408849 -0.7381257 0 -0.6746633 -0.6746618 0 -0.738127 -0.6746637 0 -0.7381253 -0.5320066 0 -0.8467403 0 1 -1.05055e-6 0 1 -7.93984e-7 0 1 2.7536e-6 0 1 -7.72888e-7 0 1 2.11786e-6 0 1 -4.38983e-7 0 1 1.57327e-6 0 1 3.93524e-7 0 1 -1.32357e-6 0 1 -1.7536e-6 0 1 -1.10477e-6 0 1 0 0 1 5.56833e-7 0 1 1.29926e-6 0 1 1.76765e-7 0 1 -8.84894e-7 0 1 4.3759e-7 0 1 5.34515e-7 0 1 1.06809e-6 0 1 -2.09871e-6 0 1 4.41928e-7 0 1 -1.48032e-6 0 1 -1.93442e-6 0 1 -1.47997e-6 0 1 1.69927e-6 0 1 7.3077e-7 0 1 1.00751e-6 0 1 3.81561e-7 0 1 2.6018e-7 0 1 -1.03644e-6 0 1 2.96192e-6 0 1 2.07864e-6 0 1 -7.55471e-7 0 1 -1.99677e-6 0 1 1.04283e-6 0 1 8.55675e-7 0 1 -2.04022e-7 0 1 8.2283e-7 0 1 -6.91216e-7 0 1 5.4365e-6 0 1 4.28512e-7 0 1 6.34296e-7 0 1 -2.53509e-7 0 1 8.81345e-7 0 1 0 0 1 2.00275e-6 0 1 1.17045e-6 0 1 -1.97859e-6 0 1 5.63457e-7 0 1 -4.29651e-6 0 1 -5.24952e-7 0 1 -3.7699e-7 0 1 -3.01598e-7 0 1 -9.35199e-7 0 1 -2.24065e-6 0 1 2.63963e-7 0 1 -1.3747e-6 0 1 -1.00141e-6 0 1 -7.20157e-7 0 1 -2.23812e-7 0 1 2.40946e-6 0 1 -1.9789e-6 0 1 -3.29989e-6 0 1 1.41424e-6 0 1 1.26692e-6 0 1 -1.92369e-7 0 1 -1.74306e-6 0 1 -3.59195e-6 0 1 -1.67846e-6 0 1 -2.34196e-6 0 1 2.14826e-6 0 1 2.47357e-7 0 1 6.61795e-7 0 1 1.40592e-6 0 1 2.57624e-6 0 1 -1.6943e-6 0 1 -1.85594e-6 0 1 -4.94714e-7 0 1 -9.95484e-7 0 1 3.53548e-7 0 1 -1.063e-6 0 1 4.68655e-7 0 1 -3.43752e-7 0 1 8.88445e-7 0 1 -1.28165e-6 0 1 -3.90663e-7 0 1 5.07105e-6 0 1 -6.86434e-7 0 1 1.00127e-6 0 1 -1.15971e-6 0 1 4.13446e-7 0 1 -1.24208e-6 0 1 2.07283e-6 0 1 2.22751e-6 0 1 1.13606e-6 0 1 3.86883e-6 0 1 -5.51235e-7 0 1 8.39227e-7 0 1 -1.12034e-6 0 1 -3.33797e-7 0 1 -9.89464e-7 0 1 -4.04163e-7 0 1 9.94291e-7 0 1 2.59089e-6 0 1 1.47997e-6 0 1 1.04935e-6 0 1 -3.70088e-7 0 1 4.75126e-7 0 1 -2.67033e-6 0 1 -9.57164e-7 0 1 1.10477e-6 0 1 -1.05076e-6 0 1 4.24852e-6 0 1 -2.72917e-6 0 1 9.69425e-7 0 1 0 0 1 -1.49593e-6 0 1 -1.85049e-7 0 1 1.42994e-6 0 1 -2.51611e-6 0 1 -2.4605e-6 0 1 -5.87986e-7 0 1 -7.56206e-7 0 1 -6.53875e-7 0 -1 5.53664e-7 0 -1 -2.76719e-7 0 -1 2.97159e-7 0 -1 -5.94289e-7 0 -1 5.53438e-7 0 -1 -1.10761e-6 0 -1 2.97146e-7 0 -1 5.94804e-7 0 -1 -5.95077e-7 0 -1 -1.73064e-7 0 -1 -2.07831e-7 0 -1 1.19042e-6 0 -1 -2.97159e-7 0 -1 5.54094e-7 0 -1 2.76719e-7 0 -1 2.77163e-7 -0.5469077 0 0.8371929 -0.4170112 0 0.9089013 -0.2779218 0 0.9606037 -0.1327848 0 0.9911449 -0.1327846 0 0.9911449 -0.05891394 0 0.9982631 0.08950597 0 0.9959863 0.2359137 0 0.9717741 0.2358505 3.85684e-6 0.9717894 0.6562365 0 -0.7545553 0.5911834 0 -0.8065372 0.1325015 0 -0.9911829 0.04965698 0 -0.9987663 -0.1988233 0 -0.9800354 -0.006879568 0 0.9999763 0.2142703 0 0.9767745 0.2860913 0 0.9582024 0.4247649 0 0.9053037 0.4907271 0 0.8713133 0.5539907 0 0.8325229 0.6142458 0 0.7891148 0.6142464 0 0.7891144 0.1988233 -3.93194e-6 -0.9800354 0.1166425 0 -0.993174 0.03365564 0 -0.9994336 -0.04959166 0 -0.9987697 -0.13251 0 -0.9911817 -0.2144943 0 -0.9767253 -0.4493013 0 -0.8933804 -0.6561974 -2.9559e-6 -0.7545894 -0.5911405 -3.32542e-6 -0.8065687 0.9771632 0 -0.2124905 -0.7535603 0 0.6573788 -0.7027528 0 0.7114341 -0.7027519 0 0.7114351 -0.6480473 0 0.7616001 -0.589723 0 0.8076056 -0.5281919 0 0.8491252 -0.4637558 0 0.8859632 -0.4637542 0 0.8859639 -0.3967707 0 0.9179179 -0.3275675 0 0.9448279 -0.1840907 0 0.9829093 -0.0366699 0 0.9993274 -0.03667092 0 0.9993274 -0.8778972 0 -0.4788492 0.8851196 0 0.4653638 0.8313981 0 -0.5556774 0.6682373 0 -0.7439483 0.6039493 0 -0.7970228 0.5356504 0 -0.8444399 0.5356518 0 -0.844439 0.3882136 0 -0.9215694 0.06552624 0 -0.997851 0.06552821 0 -0.9978507 -0.01765555 0 -0.9998442 0.6119697 0 -0.7908812 0.6119698 0 -0.7908812 0.45159 0 0.8922256 0.637514 0 0.7704388 0.8351006 0 0.5500972 0.9072742 0 0.4205397 0.9072742 0 0.4205396 -0.6166487 0 -0.7872384 -0.6799923 0 -0.7332193 -0.7386384 0 -0.6741018 -0.9713056 0 -0.237835 -0.6239775 0 0.7814424 -0.8536463 0 0.5208534 0.04515153 0 0.9989802 0.2647731 0 0.9643108 0.4712289 0 0.882011 0.4712305 0 0.8820102 0.5354396 0 0.8445736 0.5965737 0 0.8025583 0.6544806 0 0.7560789 0.6544817 0 0.7560779 0.7591387 0 0.6509291 -0.06552809 0 -0.9978507 -0.1483138 0 -0.9889404 -0.1483157 0 -0.9889401 -0.2301017 -3.87953e-6 -0.9731667 -0.3102301 -3.79694e-6 -0.9506615 -0.4635109 0 -0.8860912 -0.5356504 0 -0.8444399 -0.7277243 0 -0.6858698 -0.7823112 0 -0.6228879 0.8778972 0 0.4788492 0.8425432 0 -0.5386288 0.8002802 0 -0.5996263 0.7027528 0 -0.7114341 0.7027519 0 -0.7114351 0.3967707 0 -0.9179178 0.2565432 0 -0.9665328 0.1841561 0 -0.9828971 0.1841561 0 -0.982897 0.0367375 0 -0.999325 -0.8313981 0 0.5556774 -0.7823129 0 0.6228858 -0.7277243 0 0.6858698 -0.5356504 0 0.8444399 -0.06552624 0 0.997851 0.01765358 0 0.9998442 -0.06552821 0 0.9978507 -0.8851289 0 -0.4653461 0.5469077 0 -0.8371929 0.5469076 0 -0.837193 0.4833384 0 -0.8754337 0.348465 0 -0.9373219 0.2779218 0 -0.9606037 0.132719 0 -0.9911538 -0.08950573 0 -0.9959864 -0.08950597 0 -0.9959863 -0.1631102 0 -0.9866079 -0.307336 0 -0.9516012 -0.2358505 0 -0.9717894 -0.5911828 0 0.8065377 -0.5220413 0 0.8529204 -0.4493547 0 0.8933535 -0.4493548 0 0.8933535 -0.3734081 0 0.9276673 -0.295024 0 0.9554898 -0.04965746 0 0.9987663 0.1166416 0 0.9931741 0.1988872 0 0.9800224 0.3585756 0 0.9335007 0.8536463 0 -0.5208534 0.8536469 0 -0.5208522 -0.04515153 0 -0.9989802 -0.6545193 0 -0.7560454 -0.7591394 0 -0.6509281 -0.8053457 0 -0.5928055 -0.8053464 0 -0.5928045 0.3102301 0 0.9506615 0.3102319 0 0.950661 0.5356504 0 0.8444399 0.7277243 0 0.6858698 -0.8455593 0 0.5338815 0.1547629 0 -0.9879518 0.006879568 0 -0.9999763 0.006879568 0 -0.9999764 -0.2860922 0 -0.9582022 -0.3563945 0 -0.9343357 -0.4247649 0 -0.9053037 0.9803003 0 -0.1975131 -0.9771632 0 0.2124905 -0.1988233 0 0.9800354 -0.1988233 0 0.9800354 0.04959166 0 0.9987697 0.2949633 0 0.9555086 0.5220412 0 0.8529204 0.5911828 0 0.8065377 -0.8877302 0 -0.4603643 -0.9194176 0 -0.393283 -0.9460738 0 -0.3239514 -0.9460734 0 -0.3239526 -0.9675144 0 -0.2528161 -0.9942653 0 -0.1069412 -0.9994599 0 -0.03286331 -0.999145 0 0.0413444 -0.9432959 0 0.3319532 -0.9160563 0 0.4010497 -0.02428919 0 -0.9997051 0.03959619 0 0.9992158 0.03959876 0 0.9992157 0.8570607 0 0.5152156 0.9305953 0 0.3660499 0.9578227 0 0.2873597 0.999132 0 0.04165542 0.9578225 0 -0.2873609 0.8969388 0 -0.4421547 0.8570607 0 -0.5152156 -0.3045325 0 0.952502 -0.8226658 0 -0.5685254 -0.897729 0 -0.4405482 -0.9279413 0 -0.3727263 -0.9530379 0 -0.302851 -0.9963955 0 -0.08483052 -0.9999429 0 -0.01068747 -0.9979805 0 0.06352186 -0.9979805 0 0.06352162 0.6915667 0 0.7223127 0.7493059 0 0.6622241 0.8897513 0 0.4564456 0.9531278 0 0.3025682 0.9749774 0 0.2223041 0.9900892 0 0.1404398 0.9900892 0 0.1404398 0.9940742 0 -0.1087044 0.3191255 0 -0.9477124 0.3191255 0 -0.9477125 0.3789416 0 0.9254207 -0.9708766 0 0.23958 -0.9708769 0 0.2395792 -0.9504319 0 0.3109328 -0.9504319 0 0.3109329 -0.9247361 0 0.380609 -0.8178108 0 0.5754871 -0.7728834 0 0.6345481 -0.7236399 0 0.6901777 -0.7728817 0 0.6345502 -0.6704323 0 0.7419708 0.9940742 0 0.108704 0.9996709 0 0.02565604 0.9983442 0 -0.05752462 0.9983442 0 -0.05752438 0.953122 0 -0.3025864 0.8897647 0 -0.4564196 0.8017904 0 -0.5976055 0.7493062 0 -0.6622238 -0.661202 0 -0.750208 -0.9571006 0 0.2897558 -0.9329718 0 0.3599493 -0.9329714 0 0.3599506 -0.6867503 0 0.7268934 -0.6309863 0 0.7757942 -0.6309874 0 0.7757931 -0.509231 0 0.86063 -0.4439232 0 0.8960649 -0.4439247 0 0.8960641 0.9877289 0 -0.1561788 0.94814 0 -0.317853 0.9184565 0 -0.3955221 0.8823472 0 -0.4705989 0.6726101 0 0.7399972 0.6726101 0 0.739997 -0.4114205 0.8849791 0.2180489 -0.3032246 0.8550779 0.4205909 -0.4253637 0.8764953 0.2254371 -0.3705445 0.9008195 0.2263208 -0.3255932 0.9235122 0.202767 -0.395288 0.9008315 0.1795832 -0.3425724 0.8282865 0.4433799 -0.2655815 0.9489637 0.1701012 -0.2654026 0.9487878 0.1713572 -0.310402 0.9362615 0.1645144 -0.2909511 0.9485207 0.125124 -0.4240917 0.8458958 0.3234292 -0.3860671 0.8469399 0.3655748 -0.3245286 0.836109 0.4422703 -0.2804262 0.9102459 0.3046533 -0.4242764 0.8461951 0.3224027 -0.4468941 0.8431817 0.2988818 -0.5247999 0.8498139 0.04900437 -0.3298567 0.8828917 0.3342107 -0.4624127 0.844762 0.2693545 -0.2894809 0.8742859 0.3896472 -0.4784991 0.8778369 0.02100265 -0.5039272 0.8469063 0.1697272 -0.2798393 0.9350349 0.2177146 -0.3112003 0.9140572 0.2601035 -0.3970367 0.90811 0.1330345 -0.5311557 0.8431924 0.0830686 -0.4711859 0.8759171 0.1036967 -0.3683322 0.9221942 0.1178531 -0.3813219 0.9149135 0.1323894 -0.2556406 0.9533786 0.1603664 -0.2650676 0.963778 0.02951383 -0.3072902 0.9479462 0.08349204 -0.2673596 0.9567126 0.1149777 1.42799e-4 4.53556e-7 1 0.4028799 -5.02866e-4 0.9152528 0.4776055 8.8382e-4 0.878574 0.6166496 5.28523e-4 0.7872376 0.6799887 -3.74283e-4 0.7332225 0.6046449 0.001645624 0.7964936 0.6042423 2.60615e-4 0.7968006 0.7921261 2.45933e-4 0.6103576 0.8823618 0.001220583 0.47057 0.8063478 0.0018633 0.5914387 0.9481598 6.94674e-4 0.3177934 0.9434803 0.001798689 0.3314239 0.9877185 0 0.156244 -0.4766414 -8.43175e-4 -0.8790975 -0.6375123 2.24383e-4 -0.7704402 -0.8736045 3.4973e-4 -0.4866365 -0.8497075 -0.002037823 -0.5272506 0.9999976 -0.002220213 -1.23914e-4 0.9999976 -0.002221584 -1.24608e-4 -1.42569e-4 3.12249e-7 -1 0 1 -4.16596e-7 0 1 8.44272e-7 0 1 -3.97506e-6 0 1 3.94432e-6 0 1 -4.69021e-7 0 1 3.95086e-6 0 1 -1.19703e-7 0 1 2.96352e-7 0 1 -3.95281e-6 0.3842543 0.879559 0.2805791 0.3871867 0.8448985 0.3690975 0.3903184 0.8472654 0.3602678 0.291829 0.8739561 -0.3886345 0.323302 0.9396633 0.1118427 0.3745604 0.882434 0.2846311 0.346373 0.8474326 0.4023478 0.3384959 0.8436023 0.4168403 0.2659105 0.957786 0.10926 0.3335538 0.8831492 0.3298326 0.2754012 0.9055386 0.3227292 0.2676185 0.9199782 0.2863926 0.2940682 0.9104757 0.2907882 0.2727457 0.9313699 0.2411639 0.4344043 0.8663479 -0.2464437 0.4311694 0.8770327 -0.2119119 0.4501077 0.8803069 -0.1498764 0.3509278 0.9233574 -0.1557592 0.3901234 0.9117513 -0.1285042 0.402472 0.9003685 -0.1653868 0.3836687 0.9145864 -0.1277894 0.2821649 0.9367632 -0.2070211 0.2655168 0.9488999 -0.1705576 0.3270347 0.9392877 -0.1038597 0.2909511 0.9485207 -0.125124 0.4140336 0.8942201 0.1701369 0.434404 0.8663478 0.246444 0.3270347 0.9392879 0.1038597 0.3119277 0.9300352 0.1942563 0.310402 0.9362615 0.1645144 0.2707621 0.9431681 0.1926703 0.2718538 0.9619424 -0.02760958 0.2719593 0.9618409 0.03000503 0.2948315 0.873431 0.3875471 0.2936186 0.8736776 -0.3879119 0.3871866 0.8448987 -0.3690974 0.3903184 0.8472654 -0.3602678 0.2754013 0.9055386 -0.3227293 0.2975983 0.8875113 -0.3517938 0.3178338 0.8797007 -0.3537065 0.4500424 0.8432126 -0.2940316 0.4629228 0.8462698 -0.2636857 0.4293446 0.8469823 -0.3135035 0.3335538 0.8831492 -0.3298326 0.4824734 0.8431795 -0.2372087 0.2591609 0.9287143 -0.2651894 0.2940681 0.910476 -0.2907878 0.2833094 0.9293354 -0.2367944 0.3289977 0.9106351 -0.2500084 0.2796226 0.9338995 -0.2228072 0.4565975 0.8792153 -0.1360121 0.3438622 0.9142763 -0.2141441 0.484711 0.8711541 -0.0783956 0.5359087 0.8441179 0.01633954 0.3751543 0.9194478 -0.117793 0.2659106 0.9577859 -0.10926 0.2494314 0.9561671 -0.15339 0.5299738 0.8474685 0.03041547 0.4872028 0.8728412 0.02796024 0.487783 0.8725349 0.02740019 0.3074628 0.9482907 -0.07881367 0.3189938 0.9430412 -0.09442591 0.2612205 0.95872 -0.1123375 0.5231783 0.8473621 0.09089553 0.5250471 0.8434444 0.1136978 0.3031005 0.9521522 -0.0391969 0.2705076 0.9611634 -0.05468738 0.2733858 0.9595004 -0.06796491 0.489654 0.8467953 0.2077901 0.4334664 0.8924704 0.1249148 0.4629175 0.8462682 0.2636998 0.4500427 0.8432123 0.2940318 0.410808 0.8433442 0.3464208 0 1 1.02003e-6 0 1 -2.81001e-6 0 1 -4.05579e-7 0 1 -3.95086e-6 0 1 5.95855e-7 0 1 1.48977e-6 0 1 -2.02789e-7 0 1 -9.96967e-7 -0.4270983 0.8669474 -0.2568839 -0.5312253 0.8432564 -0.08196574 -0.5211876 0.8458666 -0.113461 -0.3870009 0.9121864 -0.1347091 -0.5286115 0.8469167 -0.05746275 -0.3705444 0.9008194 -0.2263212 -0.3255931 0.9235121 -0.2027674 -0.3534826 0.9164918 -0.1873308 -0.3270347 0.9392879 -0.1038597 -0.3358749 0.9300345 -0.1490774 -0.3358567 0.8336082 -0.4385178 -0.2934806 0.9432258 -0.1555455 -0.3119277 0.9300352 -0.1942563 -0.4649126 0.8442857 -0.2665294 -0.4489653 0.8823311 -0.1411461 -0.291829 0.8739561 -0.3886345 -0.4097361 0.8431673 -0.3481169 -0.3788713 0.8795284 -0.2879002 -0.3648998 0.8434989 -0.3941546 -0.2829294 0.9590731 -0.01139903 -0.3052385 0.9489302 -0.07975625 -0.2633366 0.9592897 -0.1020652 -0.3463748 0.8788899 -0.3279899 -0.3158392 0.8729975 -0.3716466 -0.3223479 0.9115043 -0.2554442 -0.2547677 0.95803 -0.1314229 -0.3168432 0.880223 -0.3532959 -0.2804409 0.9102576 -0.3046047 -0.2965314 0.8875861 -0.3525054 -0.2789865 0.897221 -0.3422881 -0.3668342 0.8415854 -0.3964427 -0.3298633 0.8828932 -0.3342003 -0.2587504 0.9298607 -0.2615484 -0.2758042 0.9159252 -0.2915704 -0.5142377 0.8576081 -0.008244156 -0.9999974 0.002255141 3.4944e-4 -0.9999976 0.002195298 1.43406e-4 0.995637 -8.00295e-5 -0.09331166 0.9859827 5.72978e-4 -0.1668469 0.950432 -1.11961e-5 -0.3109326 0.9075811 -6.48267e-4 -0.4198764 0.8582412 4.69476e-4 -0.5132463 0.8709658 -5.8854e-4 -0.4913433 0.8178107 3.91087e-4 -0.5754872 0.7236399 1.55391e-4 -0.6901778 -0.9983442 0 0.05752438 -0.9900892 0 0.1404398 -0.9531278 0 0.3025682 -0.9531282 0 0.3025671 -0.8487074 0 0.5288627 -0.8017889 0 0.5976074 0.9999979 -0.002112627 -1.44133e-4 0.9999979 -0.002115786 -1.44264e-4 -0.9517157 2.31701e-4 0.3069809 -0.9246171 3.21519e-4 0.3808979 -0.8918096 4.00886e-4 0.4524106 -0.7921554 -5.95255e-4 0.6103192 -0.7612 5.42683e-4 0.6485169 -0.5489965 -8.30228e-5 0.8358248 -0.5690626 0.001389861 0.8222931 -0.4028778 -6.52347e-4 0.9152536 0.9329718 2.74826e-4 -0.3599493 0.7112386 -6.34653e-4 -0.7029505 0.5907882 -1.16582e-4 -0.8068268 0.4439232 5.79426e-4 -0.8960646 0.4267329 -4.44425e-6 -0.9043777 -0.6726099 -1.26552e-6 -0.7399973 -0.6726292 0 -0.7399797 0 0 -1 -2.68774e-4 -7.21464e-5 -1 -1.22532e-4 -1.37482e-5 -1 0.8877302 0 0.4603644 0.8877302 0 0.4603643 0.9460734 0 0.3239526 0.9835919 0 0.1804077 0.9820226 0 -0.1887634 0.9432954 0 -0.3319545 0.9432959 0 -0.3319532 0.8837936 0 -0.4678772 0.8837927 0 -0.4678788 -0.8969388 0 -0.4421547 -0.9578227 0 -0.2873597 -0.9784184 0 -0.2066341 -0.9784185 0 -0.2066332 -0.9922096 0 -0.12458 -0.999132 0 -0.04165542 -0.999132 0 0.04165524 -0.9578227 0 0.2873597 -0.8570607 0 0.5152156 -0.8570617 0 0.5152139 0.02428919 0 0.9997051 0.6767589 0 0.7362048 0.7294853 0 0.6839965 0.8625895 0 0.5059046 0.9728792 0 0.2313136 0.9728795 0 0.2313128 0.98736 0 0.1584937 0.9873602 0 0.1584931 0.9979805 0 -0.06352186 0.9979805 0 -0.06352162 -0.3191255 0 0.9477124 0.3045325 0 -0.952502 0.3045349 0 -0.9525012 -0.8487253 0 -0.528834 -0.9246345 0 -0.3808556 -0.924634 0 -0.3808571 -0.9531278 0 -0.3025682 -0.9531282 0 -0.3025671 -0.9900892 0 -0.1404398 -0.9983401 0 -0.05759423 -0.9815847 0 0.1910277 0.1709508 0 -0.9852796 0.9996987 0 0.02454441 0.2191188 0 -0.9756982 0.9924765 0 0.1224356 0.9756987 0 0.219117 0.98528 0 0.1709486 0.4052584 0 -0.9142022 0.9637823 0 0.2666902 0.4495688 0 -0.8932458 0.932998 0 0.3598816 0.4929019 0 -0.8700849 0.8700839 0 0.4929038 0.8448456 0 0.5350103 0.6531535 0 -0.7572256 0.7883411 0 0.6152384 0.7883411 0 -0.6152385 0.7572267 0 0.6531523 0.7242256 0 0.6895632 0.6895651 0 0.7242237 0.8700838 0 -0.4929038 0.893245 0 -0.4495704 0.9142028 0 -0.4052574 0.949519 0 -0.3137097 0.4929019 0 0.8700849 0.9637823 0 -0.2666902 0.9637823 0 -0.2666904 0.9756987 0 -0.219117 0.4495725 0 0.8932439 0.98528 0 -0.1709485 0.4052544 0 0.914204 0.359882 0 0.9329979 0.9972923 0 -0.07354038 0.9996987 0 -0.02454441 0.2666894 0 0.9637826 0.1709508 0 0.9852796 -0.1224337 0 0.9924768 -0.07354086 0 0.9972923 -0.2666916 0 0.9637819 -0.3598821 0 0.9329978 -0.4495725 0 0.8932439 -0.4929019 0 0.870085 -0.5350106 0 0.8448453 -0.6531535 0 0.7572256 -0.6531509 0 0.7572279 -0.6895652 0 0.7242237 -0.7242256 0 0.6895631 -0.7883411 0 0.6152385 -0.8175734 0 0.5758244 -0.8932452 0 0.44957 -0.893245 0 0.4495705 -0.9329981 0 0.3598813 -0.98528 0 0.1709485 -0.9924765 0 0.1224356 -0.9996987 0 0.02454441 -0.9972923 0 -0.07354038 -0.9972923 0 -0.07354038 -0.9756987 0 -0.219117 -0.9637823 0 -0.2666904 -0.9637823 0 -0.2666903 -0.8932452 0 -0.44957 -0.8448456 0 -0.5350103 -0.8175734 0 -0.5758244 -0.8448456 0 -0.5350104 -0.7883411 0 -0.6152384 -0.7883411 0 -0.6152385 -0.6531509 0 -0.7572279 -0.5758222 0 -0.8175751 -0.5350106 0 -0.8448454 -0.4929054 0 -0.8700829 -0.4495688 0 -0.8932458 -0.1709508 0 -0.9852796 -0.1224337 0 -0.9924768 0.02454441 0 -0.9996988 0 1 3.05608e-6 0 1 7.82904e-7 0 1 -3.05593e-6 0 1 3.06504e-6 0 1 -7.81392e-7 0 1 -1.53024e-6 0 1 -1.55838e-6 0 1 1.56445e-6 0 1 -1.56292e-6 0 1 -3.05516e-6 0 1 1.56591e-6 0 1 1.56444e-6 0 1 7.76967e-7 0 1 -1.53252e-6 0 1 -3.06726e-6 0 1 -3.13164e-6 0 1 -1.56464e-6 0 1 -3.0604e-6 0 1 -1.53364e-6 0 1 1.52754e-6 0 1 3.05956e-6 0 1 3.0559e-6 0 1 3.05512e-6 0 1 -6.11002e-6 0 1 -1.53347e-6 0 1 1.52822e-6 0 1 -3.13197e-6 0 1 1.52751e-6 0 1 -3.12925e-6 0 1 -3.12991e-6 0 1 -3.05594e-6 0 1 -3.06089e-6 0 1 -1.53257e-6 0 1 -3.12889e-6 0 1 -1.55383e-6 0 1 1.53254e-6 0 1 3.05492e-6 0 1 -1.14782e-6 0 1 1.53795e-6 0 1 1.15003e-6 0 1 -2.29537e-6 0 1 1.52974e-6 0 1 1.53788e-6 0 1 6.25873e-6 0 1 -6.25922e-6 0 1 -3.82397e-7 0 1 1.43249e-6 0 1 -6.26409e-6 0 1 2.29558e-6 0 1 -1.53373e-6 0 1 3.0667e-6 0 1 6.26334e-6 0 1 3.05951e-6 0 1 6.26358e-6 0 1 7.82451e-7 0 1 -7.82899e-7 0 1 -7.82306e-7 -0.2734645 0.888664 0.3680946 -0.2754454 0.888584 0.3668087 -0.2776516 0.8886564 0.3649653 -0.2690765 0.8977718 0.3487169 0.9165062 0 0.4000205 0.9165337 9.47317e-6 0.3999577 0.9165419 6.6209e-5 0.399939 0.9165151 -1.90292e-6 0.4 0.9165121 -2.93445e-5 0.4000071 0.9165157 4.89294e-5 0.3999989 -0.3623093 0 0.9320579 -0.3387292 0.003219127 0.9408785 0.9451392 -0.003463506 -0.3266497 0.9652642 0.006664574 -0.2611911 0.8474376 0 -0.5308951 0.8593217 0.004336237 -0.5114171 0.07307994 0.98843 -0.1329115 0.1758282 0.9750959 -0.1351754 0.1153917 0.9837027 -0.1378908 0.1311975 0.9828267 -0.1297647 0.1673336 0.981599 -0.09199398 0.1351721 0.9887791 -0.06359589 0.1408119 0.9884654 -0.05575174 0.1466908 0.9884649 -0.03766965 0.1490877 0.9887794 0.009388089 0.1327173 0.9884648 0.07296329 0.1380755 0.9822592 0.1268946 0.1545411 0.9810115 0.1171908 0.11394 0.9890071 0.09424942 0.1111841 0.9888551 0.09901356 0.09960025 0.9893575 0.1060727 0.1092489 0.9831102 0.14683 0.07308 0.9884303 0.1329099 -0.08553433 0.9893552 0.1177295 -0.0666784 0.9863941 0.1502691 -0.1153917 0.9837027 0.1378908 -0.09483772 0.9890211 0.1133278 -0.2015015 0.9707808 0.1303147 -0.214553 0.9685481 0.1260223 -0.2151335 0.9718003 0.09654927 -0.1261299 0.9887787 0.08004915 -0.1709206 0.9803708 0.09828269 -0.1508802 0.9818062 0.1152898 -0.1408119 0.9884654 0.05575174 -0.1382368 0.990361 0.008703529 -0.1474289 0.9890727 -2.68191e-5 -0.1626945 0.9865394 0.01645046 -0.176958 0.9813901 -0.07456129 -0.1903724 0.9811906 -0.03199315 0.2034865 0.9757575 -0.0805633 0.2143067 0.9763439 -0.02872556 0.1862989 0.9824932 0 0.1849081 0.9813898 0.05179768 0.1928787 0.9811911 0.007875323 0.1804506 0.9824919 0.04633831 -0.1873372 0.9821258 0.01826667 -0.2119754 0.9757583 0.05442583 -0.1822283 0.9811918 0.06368458 -0.02858245 0.9863395 -0.1622265 -0.009581327 0.9863352 -0.1644726 0.2219689 0.9647596 -0.141311 0.2380711 0.9595406 -0.1503467 0.06020498 0.9865352 -0.1520653 0.2206791 0.9651724 0.1405103 0.04720914 0.9863529 0.157732 0.02857762 0.9863441 0.1621995 -0.009579837 0.9863397 0.1644453 0 0.9865652 0.1633688 -0.06020498 0.9865352 0.1520653 -0.2263486 0.9739351 -0.01473021 -0.2117964 0.9757997 -0.0543825 0.2165895 0.969972 -0.1106501 0.2151762 0.9734855 -0.07762128 0.2184835 0.9752755 0.03320676 0.1996247 0.9719806 0.124112 0.2115136 0.9700283 0.119613 -0.1761425 0.9748373 0.1366249 -0.2207702 0.9725285 0.07381659 -0.1890057 0.9817705 -0.02008879 -0.1840029 0.9828169 -0.01462489 -0.1626945 0.9865394 -0.01645046 -0.1466593 0.9882576 -0.04287427 -0.2009181 0.9709592 -0.1298859 -0.2185887 0.9703406 -0.1032384 -0.135172 0.9887791 -0.06359583 -0.1724998 0.9804337 -0.09483444 -0.1418159 0.9818491 -0.1259391 -0.1131845 0.9891532 -0.09362351 -0.08884871 0.9840697 -0.1539899 -0.1092489 0.9831102 -0.14683 -0.1153917 0.9837027 -0.1378908 -0.0666784 0.986394 -0.1502693 0.0666784 0.9863941 -0.1502691 -0.1284374 0.05196148 0.9903555 -0.995544 -0.004948735 -0.09416848 -0.9913728 0.01540684 0.1301643 -0.3633104 -0.03139764 -0.9311391 -0.382956 -0.047944 -0.9225217 -0.1306129 -0.01873219 -0.9912565 -3.12627e-4 -0.05058956 -0.9987195 0.002186715 0.9987158 -0.05061775 0.002233326 0.9987148 -0.05063402 0.00220263 0.9987175 -0.05058163 0.00221157 0.9987165 -0.05060142 0.002173364 0.9987158 -0.0506165 0.002220749 0.9987201 -0.0505315 0.002207815 0.9987167 -0.05059814 0.002130866 0.9987161 -0.05061334 0.002203881 0.9987167 -0.05059695 0.002193272 0.9987174 -0.05058521 0.002169728 0.9987153 -0.05062669 0.002209186 0.9987186 -0.05056041 0.002184987 0.9987145 -0.05064445 0.00221461 0.9987152 -0.05062705 0.002225041 0.9987195 -0.05054175 0.002181053 0.9987154 -0.05062389 0.002188384 0.9987147 -0.0506398 0.002202749 0.9987135 -0.05066168 0.002232193 0.9987133 -0.0506646 0.002226829 0.9987132 -0.05066639 0.002239644 0.9999975 0 0.002203464 0.9999977 -1.43423e-5 0.002170443 0.9999977 1.3304e-5 0 1 6.11188e-6 0 1 -1.55836e-6 0 1 3.10771e-6 0 1 3.06696e-6 0 1 -3.11707e-6 0 1 -3.05649e-6 0 1 3.12904e-6 0 1 -3.05958e-6 0.002185523 0.9999977 -3.44284e-7 0.00220257 0.9999976 -8.30068e-7 -0.3959125 0 0.9182882 -0.4997565 0 0.866166 -0.3959116 0 0.9182887 -0.1735164 0 0.984831 -0.1735154 0 0.9848312 0.1735154 0 0.9848312 0.05815851 0 0.9983074 0.2867326 0 0.9580107 0.3959125 0 0.9182882 0.5969394 0 0.8022863 0.499758 0 0.8661652 0.596941 0 0.8022852 -0.9652625 0.006878376 -0.2611912 -0.9924115 -0.004935264 0.1228625 -0.9999395 0.007221281 0.008302688 -0.9607881 0.006288111 0.2772123 -0.8437075 0.001288771 0.5368018 -0.8506973 0.003439426 0.5256447 -0.4548564 0.003799736 0.8905567 0.3387261 0.005292832 0.9408702 -0.9165065 0 0.4000201 -0.9165177 -1.89785e-6 0.3999942 -0.9165065 -3.64557e-5 0.4000198 -0.9165148 -1.90292e-6 0.4000009 0.691306 0 0.7225622 -0.402777 -6.22836e-4 0.9152979 -0.4886543 7.7404e-4 0.8724772 -0.3871026 0.00112307 0.9220361 -0.1117462 -0.003267884 0.9937314 0.1430439 9.08621e-4 0.9897159 0.2491374 -0.001694023 0.9684668 0.5189894 -0.001163959 0.85478 0.6324135 0 0.7746311 -0.8946126 0 0.4468429 -0.8946125 0 0.4468428 0.5716806 -2.9287e-4 -0.8204763 0.414911 0.005702018 -0.9098442 0.3582632 -0.001734852 -0.933619 0.2848091 0.002871274 -0.95858 0.1514407 0.003652155 -0.9884597 -0.9165366 2.11904e-5 -0.399951 0.2732453 0.8886729 -0.3682359 0.2670149 0.8976945 -0.3504966 0.2581241 0.9065293 -0.3340309 0.2734645 0.888664 0.3680946 0.2776714 0.8886579 0.3649463 -0.4548535 0.004922986 -0.8905528 -0.851896 0.001462221 -0.5237091 -0.7421421 -6.07326e-4 -0.6702423 -0.9546964 -9.69814e-4 -0.2975799 -0.9982092 -0.002416849 -0.05977171 -0.9332011 -0.003901302 0.3593335 0.002148687 0.9987171 -0.05059355 0.002197444 0.9987096 -0.05073863 0.002207636 0.9987159 -0.05061477 0.002229213 0.9987218 -0.05049532 0.002229034 0.9987161 -0.05060958 0.002209067 0.9987169 -0.05059337 0.00218147 0.998716 -0.05061173 0.002234816 0.9987111 -0.05070728 0.002179265 0.9987165 -0.05060118 -2.11703e-4 -0.05068737 -0.9987146 -2.73606e-4 -0.05062258 -0.9987179 0.904556 -0.02806895 -0.4254302 0.9913651 0.003076612 -0.1310946 0.9914304 0.01688182 0.1295414 0.7614465 0.03233444 0.6474208 0.6508126 0.03570175 0.7583987 0.6088911 0.05349606 0.7914479 0.2015361 0.04763841 0.9783219 0.3829681 0.06093817 0.9217495 0.06770867 0.0503726 0.9964328 0.4997562 0 -0.8661662 0.2867309 0 -0.9580113 -0.05815821 0 -0.9983075 -0.1735166 0 -0.984831 -0.3959116 0 -0.9182887 -0.4997562 0 -0.8661662 0.9939321 -0.004606425 0.1098991 0.9652642 0.006664574 0.2611911 0.9940697 -0.004130661 -0.1086671 0.9999395 0.007212042 -0.008302628 0.8507013 0.001983344 -0.5256456 0.1008381 -0.002427756 -0.9948999 -0.3965733 0 -0.9180031 -0.3387273 0.005287647 -0.9408698 0.9165419 6.6209e-5 -0.399939 0.916512 -2.93445e-5 -0.4000073 0.916516 4.7182e-5 -0.3999981 -0.8946125 0 -0.4468429 0.6220987 -0.002318859 -0.7829355 0.3711752 -0.003284811 -0.928557 0.451276 0.001706123 -0.8923829 0.1430435 0.001033902 -0.9897159 0.02905875 -0.002632737 -0.9995743 -0.1608574 -0.001207709 -0.9869769 -0.1801183 -0.003607213 -0.9836384 0.7071067 0 -0.7071069 -0.4571825 0.004135072 0.8893633 -0.4970237 -0.002330005 0.8677338 -0.2764465 -0.001419723 0.9610283 -0.03999918 6.81272e-4 0.9991996 0.1986746 -2.03165e-4 0.9800656 0.4280781 7.21788e-5 0.9037418 0.4981311 3.29458e-5 0.8671017 0.5651751 0 0.824971 0.5647882 -3.69595e-5 0.825236 -0.2754465 0.8885794 -0.3668186 -0.2732453 0.8886729 -0.3682359 -0.2777612 0.8886709 -0.3648462 0.002192974 0.9999977 9.38034e-6 0.002199411 0.9999977 -8.63105e-6 0.002223253 0.9999976 3.78002e-5 0.002199828 0.9999976 -2.79673e-7 0 1 -3.13167e-6 0 1 3.12908e-6 0 1 1.56215e-6 0 1 -6.1334e-6 0 1 -1.56444e-6 0 1 -3.13175e-6 0 1 1.95614e-7 0 1 -1.56284e-6 0 1 -7.6373e-7 0 1 1.56572e-6 0 1 -3.13185e-6 0 1 -1.56502e-6 0 1 -4.68643e-6 0 1 2.72754e-6 0 1 -3.70118e-6 0 1 3.49619e-6 0 1 2.34876e-6 0 1 -6.10983e-6 0 1 -1.56495e-6 0 1 1.56288e-6 0 1 3.91201e-6 0 1 9.78709e-7 0 1 -3.52054e-6 0 1 -1.56208e-6 0 1 3.05932e-6 0 -1 0 0 -1 -3.20593e-7 0 -1 -3.19391e-7 0 -1 3.19833e-7 0 -1 0 0 -1 1.59623e-7 0 -1 -3.19587e-7 -0.9980234 0 -0.06284373 -0.9822989 0 -0.1873205 -0.7705452 0 -0.6373854 -0.5877782 0 -0.8090221 -0.4818101 0 -0.8762757 -0.3681144 0 -0.9297806 -0.3681144 0 -0.9297805 -0.2487012 0 -0.9685804 -0.2486989 0 -0.9685809 -0.125315 0 -0.992117 0.2487012 0 -0.9685804 0.3681144 0 -0.9297806 0.5877782 0 -0.8090221 0.6845198 0 -0.7289943 0.8443168 0 -0.5358442 0.770546 0 -0.6373845 0.9048547 0 -0.4257207 0.9510331 0 -0.3090891 0.9822989 0 -0.1873204 0.9980234 0 0.06284373 0.9048548 0 0.4257204 0.8443167 0 0.5358445 0.8443168 0 0.5358443 0.7705453 0 0.6373853 0.2487012 0 0.9685804 -0.125315 0 0.992117 -0.2487012 0 0.9685804 -0.4818101 0 0.8762757 -0.9048547 0 0.4257207 -0.9048548 0 0.4257205 -0.9822989 0 0.1873205 -0.9510331 0 0.3090891 -0.6373952 -0.03760582 -0.769619 -0.6374778 -0.03761076 -0.7695503 -0.9921199 0.008508086 0.125003 -0.8089774 -0.02798444 -0.5871733 -0.9297721 -0.01660066 -0.367761 -0.9297828 0.0206623 0.3675283 -0.6373885 0.04038339 0.7694836 -0.4258709 0.04672425 0.9035767 0.3091046 0.04745852 0.9498432 0.5357214 0.04157751 0.8433707 0.3089608 0.04747366 0.9498893 0.5358351 0.04156255 0.843299 0.7289632 0.03305464 0.6837545 0.9999977 -0.002171754 1.10012e-4 0.9999977 -0.00217241 1.10019e-4 0.8763092 -0.02629667 -0.4810308 0.8763101 -0.02629691 -0.4810293 0.7289662 -0.03623986 -0.6835898 0.7289663 -0.03623914 -0.6835897 0.7071064 0.7071072 0 0.7071069 0.7071067 4.27348e-7 0.707107 0.7071066 0 0.7071063 0.7071073 5.14705e-7 0.7071072 0.7071064 0 0.7070851 0.7071285 -2.95001e-5 -0.808978 -0.02798467 -0.5871726 -0.9297722 -0.0166009 -0.3677611 -0.80893 0.03152227 0.5870593 -0.4258025 0.04671943 0.9036092 0.7290394 0.03305006 0.6836734 0.8762994 0.02246892 0.4812428 0.9999977 -0.00217241 1.10004e-4 0.7289663 -0.03623938 -0.6835898 0.7290459 -0.03622549 -0.6835056 0.06284296 -0.05064946 -0.9967374 -0.4257069 -0.04486739 -0.903748 -0.7071063 0.7071073 0 -0.7071067 0.7071068 -2.9143e-7 -0.7071067 0.707107 0 0 1 1.15674e-6 -0.9996473 0 -0.02656072 -0.9912006 0 -0.1323683 -0.9827741 0 -0.1848108 -0.9912007 0 -0.1323683 -0.971588 0 -0.236679 -0.971588 0 -0.2366788 -0.8998646 0 -0.4361697 -0.875428 0 -0.4833487 -0.8485378 0 -0.5291349 -0.8192659 0 -0.5734139 -0.7538817 0 -0.6570103 -0.7179128 0 -0.6961331 -0.6400846 0 -0.7683045 -0.5983859 0 0.8012081 -0.5983828 0 0.8012105 -0.6799728 0 0.7332373 -0.7538827 0 0.6570092 -0.8485374 0 0.5291355 -0.875428 0 0.4833487 -0.9217257 0 0.3878424 -0.9410099 0 0.3383793 -0.9912007 0 0.1323683 0 -1 0 0 -1 0 0 -1 0 0 -1 0 0 -1 0 0 -1 4.01288e-7 0 -1 9.60587e-7 0 -1 0 0 -1 0 0 -1 0 0 -1 1.86448e-7 0 -1 2.58705e-7 0 -1 0 0 -1 -7.53969e-7 0.9996473 0 -0.02656072 0.5983828 0 -0.8012104 0.6400846 0 -0.7683045 0.9968321 0 0.07953578 0.6400861 0 -0.7683033 0.6799728 0 -0.7332375 0.9827741 0 0.1848108 0.8192659 0 -0.5734139 0.8485373 0 -0.5291354 0.875428 0 -0.4833487 0.8998646 0 -0.4361697 0.9576572 0 -0.2879111 0.7179128 0 0.6961331 0.971588 0 -0.2366788 0.6799728 0 0.7332373 0.9912006 0 -0.1323683 -0.002162575 -0.9987171 0.05059212 -0.002213835 -0.9987159 0.05061328 -0.002190053 -0.9987156 0.0506221 -0.002185463 -0.9987145 0.05064326 -0.002126157 -0.9987136 0.05066251 -0.002128183 -0.9987167 0.05060106 -0.002180993 -0.9987161 0.05061101 -0.002189457 -0.9987156 0.05062019 -0.002161443 -0.9987178 0.05057954 -0.002177 -0.998721 0.05051314 -0.002191424 -0.998713 0.05067008 -0.002212405 -0.9987173 0.05058616 -0.002313137 -0.9987185 0.05055922 -0.002173185 -0.9987158 0.05061805 -0.002157866 -0.9987159 0.05061584 -0.002177476 -0.9987161 0.05061084 -0.002170741 -0.9987152 0.05062979 -0.002141296 -0.9987142 0.05065083 -0.00213164 -0.9987163 0.05060923 -0.0022161 -0.9987177 0.05057698 -0.002214372 -0.9987135 0.0506615 -0.002230525 -0.9987136 0.05065977 -0.002115488 -0.998719 0.05055725 0 -1 1.71354e-6 0 -1 -8.57445e-7 0 -1 1.8637e-6 0 -1 -1.7156e-6 0 -1 -1.71509e-6 0 -1 8.57762e-7 0 -1 -9.31321e-7 0 -1 1.7152e-6 0.8488245 -0.003947138 -0.5286602 0.848778 0 -0.5287497 0.8488181 -0.003711819 0.528672 0.848778 0 0.5287497 0.8487783 0 0.5287491 0.8487768 -4.70971e-7 0.5287513 1 -3.8325e-7 0 -0.8487694 0 -0.5287632 -0.8487889 0.003678917 -0.5287193 -0.84877 4.55702e-6 -0.5287625 -1 -3.92885e-7 0 -1 3.75872e-6 0 -1 1.87936e-6 0 -0.8487797 0.003650128 0.5287341 -0.8487738 -5.74809e-6 0.5287562 0 -1 1.71359e-6 0 -1 2.49629e-7 0 -1 9.98522e-7 0 -1 -1.99705e-6 0 -1 -1.71523e-6 0 -1 8.57271e-7 0 -1 2.14453e-7 0 -1 -8.56694e-7 0 -1 2.1439e-7 0 -1 -1.71367e-6 0 -1 -1.71557e-6 0.9999977 -0.002178013 -1.58408e-4 0.9999977 -0.002196133 -1.44353e-4 2.2414e-4 0.0506047 0.9987187 -0.9235405 -0.003995239 0.3834801 -0.8637482 0.04485619 0.5019235 -0.9883673 -0.004994153 0.1520044 0.595279 -0.04141509 -0.8024511 0.9235457 -0.04179108 -0.3812046 0.9911486 -0.01929742 0.1313478 0.9827056 0.01432901 0.1846197 0.793263 0.00667721 0.6088427 0.7602539 0.03041911 0.6489136 0.6088077 0.01964402 0.7930747 0.3829155 0.03663873 0.9230566 0.3777897 0.03917336 0.9250625 -2.11044e-4 -0.05062639 -0.9987177 -0.9999976 0.002185702 1.21708e-4 -0.9999976 0.002194046 1.39144e-4 -0.9999976 0.002200722 1.46266e-4 -0.9999976 0.002195775 9.93312e-5 0.1926574 -0.9414491 0.2766891 0.4995385 -0.8447241 0.1921 0.2837942 -0.9139989 0.2899432 0.4273769 -0.8779858 0.2156151 0.3187449 -0.91394 0.2512281 0.4833942 -0.8716821 0.08062601 0.4494997 -0.8827519 0.1367453 0.2724984 -0.9593819 0.07301455 0.4954461 -0.8684912 0.01600962 0.2393955 -0.9243292 0.2971621 0.4995815 -0.8649395 0.04793757 0.5033431 -0.8640162 0.01103699 0.2395243 -0.9253476 0.2938708 0.2671032 -0.962713 0.04289019 0.2637282 -0.9580031 0.1125953 0.2664159 -0.9634468 0.0281586 0.2734472 -0.9598619 0.06238585 0.319898 -0.9414427 0.1065407 0.2650231 -0.9638906 0.02603137 0.2953647 -0.8709537 0.3926821 0.3566007 -0.9167702 0.1799125 0.3442859 -0.844206 0.4108327 0.3904886 -0.911041 0.132375 0.3731772 -0.9084556 0.1882747 0.2742236 -0.9392304 0.2065132 0.3318982 -0.9366129 0.1122495 0.3870162 -0.8430406 0.3734987 0.4070352 -0.8463834 0.3434494 0.3196815 -0.941815 0.1038669 0.2960152 -0.9434349 0.1493507 0.3632276 -0.8473027 0.387484 0.553695 -0.8325142 0.01849675 0.3181064 -0.8798055 0.3532005 0.4430608 -0.8473043 0.2928698 0.553695 -0.8325142 -0.01849675 0.3772162 -0.918384 -0.1194945 0.4070366 -0.8463847 -0.3434446 0.4059928 -0.8830106 -0.235504 0.3104259 -0.946977 -0.08288848 0.2649455 -0.9602771 -0.08758807 0.2734472 -0.9598619 -0.06238585 0.5202317 -0.8450062 -0.1237882 0.3404428 -0.8830096 -0.3230985 0.2398134 -0.9243236 -0.2968428 0.2604149 -0.9362161 -0.2359738 0.2395243 -0.9253476 -0.2938708 0.2777065 -0.9373336 -0.2104396 0.2743908 -0.9392457 -0.2062216 0.260349 -0.95252 -0.1578738 0.2568694 -0.9294044 -0.2650012 0.5286645 -0.8484723 -0.02467256 0.3307756 -0.9232196 -0.1955841 0.3566008 -0.9167701 -0.1799125 0.3317149 -0.9367898 -0.1113116 0.3157026 -0.9303149 -0.186671 0.2742236 -0.9392303 -0.2065138 0.2650231 -0.9638906 -0.02603137 0.4394001 -0.8888804 -0.1296889 0.9165204 -1.35146e-4 0.3999881 -0.3528629 -0.9006754 -0.2535187 -0.3394716 -0.9158801 -0.2142959 -0.2587997 -0.9463637 -0.1934387 -0.3783842 -0.9089123 -0.1752254 -0.3586533 -0.9236912 -0.1347685 -0.4045741 -0.9006333 -0.1586807 -0.3835574 -0.9155064 -0.1213746 -0.2980501 -0.9487165 -0.1053722 -0.3175025 -0.9436494 -0.09337073 -0.319199 -0.9364323 -0.1456249 -0.3586533 -0.923691 0.134769 -0.3354889 -0.9237685 0.1846593 -0.3351779 -0.9363142 0.1047459 -0.3528629 -0.9006754 0.2535189 -0.3394716 -0.9158803 0.2142955 -0.3059294 -0.9235798 0.231101 -0.2757257 -0.9487987 0.1541318 -0.5268751 -0.8418845 -0.1167614 -0.53012 -0.8437209 -0.08430892 -0.5253639 -0.8428745 0.1164276 -0.268952 -0.9630724 -0.0125094 -0.3359047 -0.8399339 0.4262386 -0.2710525 -0.9618337 0.03750401 -0.2396001 -0.9246755 0.2959175 -0.2393932 -0.9243206 0.2971909 -0.2395243 -0.9253476 0.2938708 -0.357166 -0.8443766 -0.3993252 -0.3442251 -0.8442416 -0.4108106 -0.4033193 -0.8449786 -0.3512045 -0.3273253 -0.8780254 -0.3491845 -0.4640324 -0.8431478 -0.2716171 -0.4752612 -0.8465433 -0.2397732 -0.2840671 -0.9145519 -0.2879251 -0.4752614 -0.8465431 -0.2397738 -0.3025304 -0.9109391 -0.2804737 -0.5165125 -0.8432701 -0.1486957 -0.4817448 -0.8680409 -0.1201131 -0.4262619 -0.8786656 -0.2150524 -0.4380441 -0.8823829 -0.1718079 -0.2450494 -0.9557105 -0.1629977 -0.5332816 -0.8459017 -0.007818996 -0.5008308 -0.8654425 0.01333647 -0.2704584 -0.9579717 -0.09561687 -0.2689658 -0.9611219 -0.06246787 -0.4824317 -0.867981 0.1177658 -0.5166339 -0.8463796 0.1293479 -0.5165123 -0.8432703 0.1486957 -0.4992682 -0.8470094 0.1825002 -0.4165383 -0.902108 0.1126818 -0.4494526 -0.8844893 0.1251848 -0.464032 -0.8431478 0.2716177 -0.4380441 -0.8823829 0.1718079 -0.4428837 -0.8457111 0.2977027 -0.4265176 -0.8432775 0.3270562 -0.4434543 -0.8470085 0.2931294 -0.3987455 -0.8783673 0.2635772 -0.4033195 -0.8449786 0.3512046 -0.3823085 -0.8435158 0.3772553 -0.2689658 -0.9611219 0.06246787 -0.2751635 -0.960186 0.04824954 -0.3656222 -0.8781549 0.3084875 -0.3571823 -0.8443768 0.3993104 -0.3442243 -0.8442416 0.4108111 -0.2588115 -0.9560853 0.1375405 -0.2799784 -0.8975915 0.3405021 -0.2450495 -0.9557105 0.1629977 -0.2386766 -0.9265746 0.2906771 0 -1 -7.64098e-6 -0.4935177 0 -0.8697357 -0.4135845 0 -0.9104657 -0.3302972 0 -0.9438771 0.9937136 0 0.1119529 -0.3303 0 -0.943876 0.9876881 0 0.1564363 -0.244368 0 -0.9696826 0.9796741 0 0.2005958 0.9696847 0 0.2443596 0.9696846 0 0.24436 -0.1564351 0 -0.9876883 -0.06729596 0 -0.9977331 -0.02241939 0 -0.9997487 -0.02241659 0 -0.9997487 0.8910138 0 0.4539762 0.06729048 0 -0.9977335 0.8467414 0 0.5320047 0.8467422 0 0.5320035 0.7676383 0 0.6408835 0.7676371 0 0.6408849 0.3302976 0 -0.9438769 0.7381257 0 0.6746633 0.7381269 0 0.6746619 0.3722602 0 -0.9281285 0.4135853 0 -0.9104654 0.7070843 0 0.7071293 0.7071065 2.35189e-5 0.7071071 0.4135845 0 -0.9104657 0.6746863 2.49033e-5 0.7381047 0.4935181 0 -0.8697357 0.5694835 0 0.8220028 0.4935177 0 0.8697357 0.493516 0 0.8697369 0.7071079 0 -0.7071058 0.4135845 0 0.9104657 0.3722578 0 0.9281294 0.3302996 0 0.9438762 0.2443733 0 0.9696813 0.2005859 0 0.9796761 0.244368 0 0.9696826 0.8910138 0 -0.4539762 0.2005857 0 0.9796762 0.06729048 0 0.9977335 0.9577562 0 -0.2875816 0.02241939 0 0.9997487 -0.02241659 0 0.9997487 0.9796759 0 -0.2005871 -0.06729048 0 0.9977335 0.9977332 0 -0.06729376 -0.2443733 0 0.9696813 -0.3722602 0 0.9281285 -0.3722578 0 0.9281294 -0.4935181 0 0.8697357 -0.605804 0 0.795614 -0.6746863 0 0.7381047 -0.7071051 0 0.7071086 -0.7381269 0 0.6746619 -0.7956127 0 0.6058057 -0.7956151 0 0.6058026 -0.8220026 0 0.5694838 -0.8467422 0 0.5320035 -0.8467414 0 0.5320047 -0.8697365 0 0.4935165 -0.8910144 0 0.4539751 -0.891014 0 0.453976 -0.9104659 0 0.4135842 -0.9438765 0 0.3302987 -0.9977332 0 0.06729376 -0.9977332 0 0.0672937 -0.9997487 0 -0.02241784 -0.9977332 0 -0.06729376 -0.9876881 0 -0.1564362 -0.9696819 0 -0.2443708 -0.9577562 0 -0.2875816 -0.9438766 0 -0.3302984 -0.928129 0 -0.3722587 -0.8697362 0 -0.493517 -0.8467414 0 -0.5320047 -0.822003 0 -0.5694833 -0.7956127 0 -0.6058057 -0.7676383 0 -0.6408835 -0.7381269 0 -0.6746619 -0.7071051 0 -0.7071086 -0.5694813 0 -0.8220043 0 1 2.64737e-7 0 1 1.49593e-6 0 1 3.33797e-7 0 1 5.51253e-7 0 1 -5.56832e-7 0 1 1.13729e-6 0 1 3.01605e-7 0 1 -2.98764e-7 0 1 2.09871e-6 0 1 1.0469e-6 0 1 1.53144e-6 0 1 -1.12689e-6 0 1 -2.22741e-6 0 1 -1.32532e-6 0 1 -6.72217e-7 0 1 -4.09682e-6 0 1 -8.03458e-7 0 1 -4.19559e-6 0 1 -7.50388e-7 0 1 -5.75463e-7 0 1 2.39644e-7 0 1 -7.35359e-7 0 1 5.59628e-7 0 1 1.40686e-6 0 1 -8.86857e-7 0 1 -2.53552e-6 0 1 1.00831e-6 0 1 -9.89468e-7 0 1 -8.847e-7 0 1 -9.74963e-7 0 1 1.72967e-6 0 1 4.21034e-7 0 1 8.38567e-7 0 1 -1.86284e-6 0 1 -1.17724e-6 0 1 2.76852e-7 0 1 -2.4737e-7 0 1 3.99711e-7 0 1 -1.60046e-6 0 1 -5.29438e-7 0 1 -2.94107e-7 0 1 -2.56162e-7 0 1 3.11726e-7 0 1 -1.06062e-6 0 1 4.98244e-7 0 1 0 0 1 2.90698e-6 0 1 -1.30328e-7 0 1 -4.85169e-7 0 1 2.60425e-7 0 1 -7.64746e-7 0 1 -3.29879e-6 0 1 -8.23798e-7 0 1 -1.61224e-6 0 1 -5.22999e-7 0 1 1.52665e-6 0 1 -3.57154e-7 0 1 -1.63975e-7 0 1 3.84298e-6 0 1 -9.07e-7 0 1 -3.11719e-7 0 1 1.48082e-7 0 1 1.77584e-6 0 1 -1.71129e-6 0 1 -8.18533e-7 0 1 2.08529e-6 0 1 2.43659e-7 0 1 -1.39562e-6 0 1 2.41609e-6 0 1 4.38264e-6 0 1 -1.93253e-6 0 1 8.67057e-7 0 1 -3.31427e-6 0 1 9.04741e-7 0 1 2.47362e-6 0 1 0 0 1 -8.35277e-7 0 1 -2.68067e-7 0 1 0 0 1 1.12695e-6 0 1 2.51815e-7 0 1 -7.87052e-7 0 1 -5.0363e-7 0 1 2.52079e-7 0 1 8.96576e-7 0 1 -1.62366e-6 0 1 -8.74007e-7 0 1 -1.73266e-6 0 1 2.07163e-7 0 1 -7.40208e-7 0 1 -5.07034e-7 0 1 8.1608e-7 0 1 -5.24934e-6 0 1 -2.25097e-6 0 1 -1.42779e-6 0 1 8.82929e-7 0 1 -5.21301e-7 0 1 -2.07876e-6 0 1 -8.22831e-7 0 1 -8.42046e-7 0 1 3.01602e-7 0 1 -2.51829e-7 0 1 2.09779e-6 0 1 7.35359e-7 0 1 -3.11711e-7 0 1 -6.29554e-7 0 1 -2.49912e-6 0 1 -1.64396e-6 0 1 3.07262e-6 0 1 1.01035e-6 0 1 3.76693e-7 0 1 1.44608e-6 0 1 -7.955e-7 0 1 2.96077e-6 0 1 8.35557e-7 0 1 4.52317e-7 0 1 -5.25382e-7 0 1 2.86557e-6 0 1 4.98423e-7 0 1 6.23311e-7 0 1 -3.81561e-7 0 1 -9.64495e-7 0 1 -1.05561e-6 0 1 1.06188e-6 0 1 3.54114e-7 0 1 7.33265e-7 0 1 1.02977e-6 0 1 -2.39509e-6 0 1 -5.61032e-7 0 1 -1.27964e-7 0 1 7.40162e-7 0 1 5.07063e-7 0 -1 2.97339e-7 0 -1 5.94993e-7 0 -1 1.10688e-6 0 -1 1.10828e-6 0 -1 -2.97145e-7 0 -1 -1.48596e-7 0 -1 2.97496e-7 0 -1 1.19015e-6 0 -1 1.38511e-7 0 -1 -2.77182e-7 0 -1 2.77146e-7 0 -1 2.97169e-7 -0.4833384 0 0.8754337 -0.3484652 0 0.9373219 -0.2779217 0 0.9606038 -0.2059333 0 0.9785661 -0.205933 0 0.9785661 0.0153622 0 0.9998821 0.08950573 0 0.9959864 0.1631102 0 0.9866079 0.3073363 0 0.951601 -0.9887332 0 -0.1496886 -0.9887332 0 -0.1496884 0.5911828 0 -0.8065377 0.5220416 0 -0.8529201 0.4493017 0 -0.8933802 0.295024 0 -0.9554898 0.2144439 0 -0.9767364 -0.03365617 0 -0.9994336 -0.1167072 0 -0.9931664 -0.03365564 0 -0.9994336 -0.3585755 0 -0.9335007 -0.9803003 0 0.1975129 -0.9803003 0 0.1975131 -0.227624 0 0.9737491 -0.1547619 0 0.9879519 -0.006879568 0 0.9999764 0.2860922 0 0.9582022 0.3563953 0 0.9343354 0.3563945 0 0.9343357 0.3585767 0 -0.9335004 0.3585758 0 -0.9335007 -0.04959064 0 -0.9987697 -0.2949643 0 -0.9555084 -0.3734649 0 -0.9276444 -0.4493021 0 -0.8933799 -0.5220893 0 -0.8528909 -0.6562352 0 -0.7545564 0.9771632 0 -0.2124904 0.9771632 0 -0.2124906 -0.8425432 0 0.5386288 -0.7535603 0 0.6573789 -0.5281904 0 0.849126 -0.3967707 0 0.9179178 -0.2565451 0 0.9665323 0.7823129 0 -0.6228858 0.7277243 0 -0.6858698 0.3101714 0 -0.9506807 -0.01765358 0 -0.9998442 0.4515899 0 0.8922256 0.5164875 0 0.8562948 0.5786223 0 0.8155958 0.5786195 0 0.8155977 0.7445022 0 0.66762 0.9595282 0 0.2816126 0.9777743 0 0.2096604 0.9595279 0 0.2816138 -0.40288 0 -0.9152529 -0.4776057 0 -0.8785743 -0.8401582 0 -0.5423414 -0.9184457 0 -0.3955473 -0.9481599 0 -0.3177937 -0.9877185 0 -0.1562441 -0.9713056 0 -0.237835 -0.9877186 0 -0.1562439 0.04515552 0 0.99898 0.1191561 0 0.9928755 0.11916 0 0.992875 0.1925055 0 0.9812959 0.3355799 0 0.9420117 0.4045009 0 0.9145377 0.7087412 0 0.7054687 0.8053464 0 0.5928045 0.8470739 0 0.5314753 -0.2300383 0 -0.9731817 -0.3101714 0 -0.9506807 -0.3882136 0 -0.9215694 -0.5356518 0 -0.844439 -0.6682383 0 -0.7439473 -0.7823119 0 -0.622887 -0.8313679 0 -0.5557225 0.8455591 0 -0.533882 0.8002809 0 -0.5996254 0.7535603 0 -0.6573788 0.7535603 0 -0.6573789 0.5897231 0 -0.8076056 0.589723 0 -0.8076056 0.5281904 0 -0.849126 0.5281919 0 -0.8491252 0.4637542 0 -0.8859639 0.3967707 0 -0.9179179 0.2565451 0 -0.9665323 0.1106814 0 -0.993856 -0.831398 0 0.5556775 -0.7277252 0 0.6858688 -0.6682373 0 0.7439483 -0.6039493 0 0.7970228 -0.5356518 0 0.844439 -0.4635109 0 0.8860912 -0.2300383 0 0.9731817 -0.2300383 0 0.9731817 -0.1483135 0 0.9889405 -0.1483154 0 0.9889401 0.4170114 0 -0.9089013 0.4170112 0 -0.9089013 0.3484652 0 -0.9373219 0.2779217 0 -0.9606038 0.05891382 0 -0.9982631 -0.0153622 0 -0.9998821 -0.01536232 0 -0.9998821 -0.3073363 0 -0.951601 -0.6562365 0 0.7545553 -0.6562359 0 0.7545558 -0.2144439 0 0.9767364 0.03365564 0 0.9994336 0.1167072 4.00281e-6 0.9931664 0.3585755 0 0.9335007 0.9887332 0 0.1496884 -0.11916 0 -0.992875 -0.535441 0 -0.8445728 -0.5965301 0 -0.8025908 -0.5965314 0 -0.8025898 -0.8470745 0 -0.5314744 -0.8470739 0 -0.5314753 0.06552809 0 0.9978507 0.2300383 0 0.9731817 0.4635109 0 0.8860912 0.4635094 0 0.8860921 0.5356518 0 0.844439 0.6682383 0 0.7439473 0.7823119 0 0.622887 0.8313679 0 0.5557225 0.8313685 0 0.5557216 -0.8455591 0 0.533882 0.2992441 0 -0.9541767 0.299245 0 -0.9541764 -0.1411405 0 -0.9899896 -0.4247641 0 -0.9053041 -0.4907271 0 -0.8713133 -0.5539907 0 -0.8325229 -0.6142458 0 -0.7891148 -0.6142464 0 -0.7891144 0.9803003 0 -0.1975129 -0.9771632 0 0.2124904 -0.9771632 0 0.2124906 -0.3585767 0 0.9335004 -0.2796959 0 0.9600887 -0.1166416 0 0.9931741 0.13251 0 0.9911817 0.04959064 0 0.9987697 0.13251 0 0.9911817 0.2949643 0 0.9555084 0.4493013 0 0.8933804 -0.8877302 0 -0.4603644 -0.9820228 0 0.1887627 -0.9432954 0 0.3319545 -0.8837927 0 0.4678787 -0.02428919 0 -0.9997051 0.9922097 0 0.1245794 0.999132 0 0.04165524 0.9922096 0 0.12458 0.9991319 0 -0.04165816 0.9991319 0 -0.04165804 0.9922106 0 -0.1245716 0.9578227 0 -0.2873597 0.9305953 0 -0.3660499 0.9305958 0 -0.3660486 0.8570617 0 -0.5152139 -0.3045349 0 0.9525012 -0.8226656 0 -0.5685255 -0.9279413 0 -0.3727264 -0.98736 0 -0.1584937 -0.9905171 0 0.1373896 0.62916 0 0.7772759 0.6291624 0 0.777274 0.8017904 0 0.5976055 0.8017889 0 0.5976074 0.8487253 0 0.528834 0.9246345 0 0.3808556 0.8897505 0 0.4564473 0.924634 0 0.3808571 0.9531282 0 0.3025671 0.9983402 0 0.057594 0.9983401 0 0.05759423 0.9815849 0 -0.1910269 -0.9984843 0 -0.05503737 -0.985981 0 0.1668577 -0.8939725 0 0.4481219 -0.8582413 0 0.5132464 -0.8582403 0 0.5132482 -0.6704323 0 0.7419707 0.9940742 0 0.108704 0.9996709 0 0.02565616 0.9900892 0 -0.1404398 0.924634 0 -0.3808571 -0.661202 0 -0.750208 -0.9759587 0 0.2179555 -0.9036715 0 0.4282265 -0.9036722 0 0.428225 -0.8694577 0 0.4940074 -0.7387893 0 0.6739364 -0.7387911 0 0.6739345 -0.6867493 0 0.7268944 -0.5716323 0 0.82051 -0.3763146 0 0.926492 -0.3763146 0 0.926492 0.9713054 0 -0.237836 0.9184572 0 -0.3955206 0.8401579 0 -0.5423421 0.792157 0 -0.6103174 0.8401589 0 -0.5423402 0.7921571 0 -0.6103174 0.6166463 0 -0.7872405 -0.4270889 0.8669508 0.2568879 -0.3829455 0.8936701 0.2338944 -0.3860447 0.8803151 0.2757079 -0.4523369 0.8669583 0.2092241 -0.3158392 0.8729971 0.3716474 -0.3287286 0.912182 0.2446665 -0.3119278 0.9300352 0.1942563 -0.2934805 0.9432256 0.155546 -0.3387094 0.8314395 0.4404365 -0.3200381 0.9412261 0.1080248 -0.3147785 0.8347274 0.4518237 -0.3639293 0.8397536 0.4029511 -0.291829 0.8739561 0.3886345 -0.2587501 0.9298607 0.2615484 -0.2897501 0.9109653 0.2935765 -0.4822815 0.8471379 0.2230738 -0.493685 0.8437371 0.210673 -0.516754 0.8432177 0.1481525 -0.5206307 0.8460184 0.1148766 -0.2827932 0.9296022 0.2363635 -0.3223528 0.9115049 0.2554359 -0.4494428 0.8816762 0.1436949 -0.5205454 0.8461138 0.1145603 -0.482443 0.8743559 0.05244612 -0.5142371 0.8576085 0.008244395 -0.3503452 0.9302027 0.1094588 -0.2680709 0.9624043 0.04377442 -0.2547677 0.95803 0.131423 -0.2633366 0.9592897 0.1020652 -0.2691745 0.9603291 0.07289284 -0.266399 0.9634827 0.02706575 3.44175e-4 1.56874e-4 1 -1.56243e-5 0 1 1.43105e-4 -3.02413e-7 1 0.9999979 -0.002114176 -1.49802e-4 0.9999976 -0.002220571 -1.41471e-4 0.3253784 0 0.9455839 0.483974 0.001443862 0.8750813 0.7386369 -2.07271e-4 0.6741035 0.712446 0.001978754 0.7017242 0.9713054 -4.4772e-4 0.2378353 -0.3840699 0 -0.9233041 -0.4515898 4.19906e-4 -0.8922256 -0.392814 -5.68295e-4 -0.9196178 -0.5164874 5.55796e-4 -0.8562946 -0.5786182 4.20231e-4 -0.8155984 -0.5566533 -8.44595e-4 -0.8307446 -0.6275342 -4.9041e-4 -0.7785889 -0.7445012 4.56504e-5 -0.6676211 -0.6905354 -2.57294e-4 -0.7232986 -0.7919701 1.74113e-4 -0.6105598 -0.8350999 -2.09617e-4 -0.5500984 -0.9072857 -5.11006e-4 -0.4205145 -0.9152957 -0.001948237 -0.4027782 -0.9506282 1.72002e-4 -0.3103322 -0.9777742 4.06822e-4 -0.2096604 -0.9796046 0 -0.200935 -0.9999977 0.002182006 1.43727e-4 -0.611924 0 0.7909167 -0.9999978 0.002122879 9.79765e-5 -0.9999978 0.002131879 7.99073e-5 -0.9999977 0.002182424 1.64752e-4 -0.9999977 0.002135097 8.57999e-5 0 1 3.9304e-6 0 1 2.95535e-7 0 1 2.81001e-6 0 1 9.70401e-7 0 1 3.93976e-6 0 1 5.91693e-7 0 1 3.12689e-6 0 1 3.91391e-6 0.3125649 0.9489348 0.04273366 0.3571395 0.9277923 0.1079484 0.338389 0.8459505 -0.4121417 0.365397 0.843582 0.3935156 0.358183 0.9108656 0.2050093 0.2684528 0.9602452 0.07656514 0.3063233 0.9487528 0.07767963 0.2733858 0.9595004 0.06796491 0.3177273 0.8734048 0.3690711 0.3289977 0.9106352 0.250008 0.2494314 0.9561671 0.15339 0.2795627 0.9103679 0.3050823 0.317834 0.8797007 0.3537065 0.3104536 0.9144882 0.2594801 0.2826471 0.9296783 0.2362394 0.2757698 0.9159426 0.2915483 0.3935273 0.8804727 -0.2643939 0.3883776 0.8942872 -0.2222911 0.45978 0.8663334 -0.1951124 0.4187648 0.884464 -0.2058149 0.4140339 0.8942199 -0.1701371 0.310402 0.9362615 -0.1645144 0.2934805 0.9432256 -0.155546 0.4596876 0.8762685 0.1443646 0.4488565 0.88187 0.1443369 0.3883775 0.8942871 0.2222915 0.2497574 0.9242672 -0.2887064 0.3935274 0.8804728 0.2643935 0.4024718 0.9003687 0.1653867 0.2909511 0.9485207 0.1251241 0.2654026 0.9487878 0.1713577 0.2688369 0.9194977 -0.2867939 0.2819677 0.9368041 0.2071048 0.2658497 0.9492255 0.168211 0.2713302 0.961929 -0.03275215 0.2690006 0.9630782 0.01092672 0.338389 0.8459505 0.4121417 0.3237382 0.8337701 0.4472369 0.2894809 0.8742859 0.3896472 0.3043738 0.8549551 -0.4200099 0.3384957 0.8436025 -0.4168398 0.3653969 0.8435817 -0.3935163 0.3177274 0.873405 -0.3690705 0.346373 0.8474326 -0.4023478 0.410808 0.8433442 -0.3464208 0.4283645 0.8455322 -0.3187149 0.2795731 0.9103803 -0.3050356 0.3507334 0.8787409 -0.3237295 0.2758041 0.9159247 -0.2915718 0.2847576 0.9122353 -0.2945165 0.3745604 0.882434 -0.2846311 0.5145044 0.8451951 -0.1446749 0.4100763 0.9043903 -0.1179649 0.4315072 0.8943133 -0.1183443 0.3581831 0.9108657 -0.2050089 0.5299738 0.8474685 -0.03041547 0.4935379 0.869263 -0.02832514 0.3591381 0.9270254 -0.1079062 0.5345352 0.8437259 0.04897797 0.5291991 0.8446031 0.08120465 0.4761043 0.8772768 0.06091129 0.5096873 0.8471366 0.1502615 0.5076093 0.8432681 0.1767256 0.4920757 0.8458945 0.2057285 0.3117207 0.9486492 -0.05380576 0.4055734 0.9055616 0.1243726 0.4198145 0.899439 0.1215127 0.462951 0.8465797 0.2626392 0.4283647 0.8455322 0.318715 0.4293446 0.8469823 0.3135035 0 1 -4.46081e-7 0 1 -3.91437e-6 0 1 -5.94775e-7 0 1 -3.9304e-6 0 1 -3.94432e-6 0 1 3.97082e-6 -0.5376164 0.8422054 -0.04072934 -0.4253737 0.8764891 -0.225442 -0.4774879 0.8750632 -0.07918161 -0.395288 0.9008316 -0.1795827 -0.3506007 0.9235061 -0.1556141 -0.4886286 0.8708736 -0.05311608 -0.5489658 0.8356758 -0.01680845 -0.3687499 0.9087539 -0.1954221 -0.5203307 0.8462522 -0.1145131 -0.5254176 0.8494663 -0.04840821 -0.310402 0.9362615 -0.1645144 -0.2717223 0.9424767 -0.1946915 -0.265641 0.9490219 -0.1696832 -0.5047774 0.8449611 -0.17675 -0.4950916 0.8435312 -0.2081814 -0.268719 0.9623655 -0.04053407 -0.4482163 0.8865967 -0.1142306 -0.4258896 0.8998447 -0.09432804 -0.3283696 0.8381851 -0.4354528 -0.4808006 0.8439717 -0.2377867 -0.2681993 0.9623685 -0.04377394 -0.4823095 0.8471162 -0.2230955 -0.4509567 0.8795274 -0.1518868 -0.4489465 0.8433662 -0.2952637 -0.2892207 0.8743216 -0.3897605 -0.4238727 0.8465142 -0.322096 -0.3488163 0.9311162 -0.106535 -0.3865275 0.8465414 -0.3660112 -0.3203412 0.9416717 -0.1031303 -0.3224309 0.9397403 -0.1136958 -0.3688447 0.882338 -0.2922897 -0.2934554 0.8737102 -0.3879621 -0.3271533 0.8476334 -0.4177181 -0.3397485 0.8513205 -0.3997804 -0.3719296 0.8357182 -0.404034 -0.2556405 0.9533786 -0.1603663 -0.2827932 0.9296026 -0.2363624 -0.2897617 0.9109629 -0.2935726 -0.2859782 0.9117243 -0.294916 -0.4523379 0.8669555 -0.2092335 -0.4845112 0.8735432 -0.04659873 -0.4448743 0.8803169 -0.1647089 -0.9999976 0.002183794 1.44515e-4 -0.9999977 0.002182722 1.17356e-5 -0.9999978 0.002105116 2.82797e-5 0.9916469 0 0.1289823 0.9984842 5.55866e-4 0.05503714 0.9999984 -0.001108527 0.001397848 0.9940506 -0.001052916 -0.1089143 0.9941006 0 -0.1084625 0.970873 1.51377e-5 -0.2395947 0.9756448 -0.00127238 -0.2193528 0.9440399 -0.001260399 -0.3298292 0.9073672 2.04569e-4 -0.4203388 0.8939588 5.2033e-4 -0.4481489 0.8289709 -5.1955e-4 -0.5592915 0.7728818 2.84848e-4 -0.6345501 0.7816973 -4.27335e-4 -0.6236578 0.6704323 0 -0.7419707 0.6725177 -1.68525e-4 -0.7400811 -0.9815847 0 -0.1910274 -0.9996709 0 -0.02565616 -0.9900892 0 0.1404398 -0.7493062 0 0.6622237 0.3647236 0 0.9311159 1.39155e-4 0 1 -0.9713056 -2.43853e-4 0.2378351 -0.9729027 1.23837e-4 0.2312148 -0.9481467 -3.46314e-4 0.3178328 -0.8401589 -5.57314e-4 0.5423402 -0.8534802 4.61561e-4 0.5211252 -0.6800246 -6.2975e-4 0.7331891 -0.7078391 5.58064e-4 0.7063736 -0.6498642 5.72147e-4 0.7600502 -0.4776565 8.50719e-5 0.8785468 -0.460997 0.001309573 0.8874008 -0.3455882 0.001353442 0.9383854 0.661202 0 0.750208 0.9753678 -1.61099e-4 -0.2205852 0.9547601 -2.9599e-4 -0.2973772 0.8955327 -5.02357e-4 -0.4449955 0.76485 -6.37107e-4 -0.644208 0.6867838 5.44068e-4 -0.7268615 0.6309465 5.06994e-4 -0.7758262 0.5019508 -0.001507401 -0.864895 0.3763145 5.58425e-4 -0.9264919 -0.6726276 0 -0.7399812 -0.6725875 0 -0.7400176 -0.03959619 0 -0.9992158 -0.03959876 0 -0.9992157 0.9460738 0 0.3239514 0.9835919 0 0.1804077 0.9994599 0 0.03286319 0.9994599 0 0.03286331 0.9820228 0 -0.1887627 0.9653122 0 -0.2610984 0.965312 0 -0.2610995 -0.9305953 0 -0.3660499 -0.9305958 0 -0.3660486 -0.9578225 0 -0.2873608 -0.999132 0 0.04165542 -0.9922096 0 0.12458 -0.9784184 0 0.2066341 -0.9784185 0 0.2066332 -0.9305958 0 0.3660486 0.02428919 0 0.9997051 0.7294854 0 0.6839964 0.8226656 0 0.5685255 0.8226658 0 0.5685254 0.8625895 0 0.5059046 0.8977158 0 0.4405749 0.9530379 0 0.3028511 0.9530379 0 0.302851 0.9905171 0 -0.1373896 0.3045326 0 -0.952502 0.3045349 0 -0.9525012 -0.6915667 0 -0.7223127 -0.8017904 0 -0.5976055 -0.9900892 0 -0.1404398 -0.9983402 0 -0.057594 -0.9996693 0 0.02572083 -0.9940742 0 0.1087044 0.1224337 0 -0.9924768 0.2191143 0 -0.9756993 0.9972923 0 0.07354038 0.2666894 0 -0.9637826 0.98528 0 0.1709485 0.3137096 0 -0.949519 0.3598821 0 -0.9329978 0.359882 0 -0.9329979 0.4052544 0 -0.914204 0.9637823 0 0.2666904 0.4929054 0 -0.8700829 0.9142028 0 0.4052574 0.9142026 0 0.4052574 0.6531509 0 -0.7572279 0.8700838 0 0.4929038 0.6895651 0 -0.7242237 0.7242256 0 -0.6895632 0.7242233 0 -0.6895655 0.8175742 0 0.5758233 0.7572267 0 -0.6531522 0.7883411 0 -0.6152384 0.7572267 0 0.6531522 0.7242233 0 0.6895655 0.8175742 0 -0.5758233 0.8448456 0 -0.5350104 0.8700839 0 -0.4929038 0.6531535 0 0.7572256 0.8932452 0 -0.44957 0.5758253 0 0.8175728 0.5758222 0 0.8175751 0.5350106 0 0.8448454 0.949519 0 -0.3137093 0.4495688 0 0.8932458 0.4929054 0 0.8700829 0.4052584 0 0.9142022 0.98528 0 -0.1709486 0.3137096 0 0.949519 0.9924765 0 -0.1224356 0.3137096 0 0.949519 0.2191188 0 0.9756982 0.2666916 0 0.963782 0.1224337 0 0.9924768 0.07354086 0 0.9972923 -0.2191188 0 0.9756982 -0.3137096 0 0.949519 -0.4052584 0 0.9142022 -0.4929055 0 0.8700829 -0.5350106 0 0.8448454 -0.7883411 0 0.6152384 -0.8700839 0 0.4929038 -0.932998 0 0.3598817 -0.949519 0 0.3137097 -0.9637823 0 0.2666904 -0.9756987 0 0.219117 -0.98528 0 0.1709486 -0.9924765 0 0.1224356 -0.9972923 0 0.07354044 -0.98528 0 -0.1709486 -0.9756987 0 -0.219117 -0.949519 0 -0.3137097 -0.949519 0 -0.3137093 -0.932998 0 -0.3598816 -0.893245 0 -0.4495704 -0.9141947 0 -0.4052755 -0.8700838 0 -0.4929038 -0.8700839 0 -0.4929038 -0.7572267 0 -0.6531522 -0.7242233 0 -0.6895655 -0.7572267 0 -0.6531523 -0.6895639 0 -0.7242249 -0.6531535 0 -0.7572256 -0.6152386 0 -0.788341 -0.5758253 0 -0.8175728 -0.4929019 0 -0.8700849 -0.4495725 0 -0.8932439 -0.4052584 0 -0.9142022 -0.2666894 0 -0.9637826 -0.2191188 0 -0.9756982 -0.1709463 0 -0.9852804 -0.1224384 0 -0.9924761 -0.07354086 0 -0.9972923 -0.07354086 0 -0.9972923 0 1 -3.13191e-6 0 1 -3.05648e-6 0 1 3.12924e-6 0 1 -7.81001e-7 0 1 -7.82477e-7 0 1 6.24844e-6 0 1 -1.53793e-6 0 1 -3.06063e-6 0 1 3.05501e-6 0 1 -1.56587e-6 0 1 1.56222e-6 0 1 1.55853e-6 0 1 -3.10771e-6 0 1 3.11671e-6 0 1 -3.05595e-6 0 1 -1.53255e-6 0 1 -6.25958e-6 0 1 3.06695e-6 0 1 3.06089e-6 0 1 3.06727e-6 0 1 7.6897e-7 0 1 -7.64788e-7 0 1 2.29194e-6 0 1 -3.12892e-6 0 1 7.64199e-7 0 1 -3.06059e-6 0 1 3.11664e-6 0 1 3.13174e-6 0 1 3.12979e-6 0 1 -1.52963e-6 0 1 1.53032e-6 0 1 -1.56467e-6 0 1 -3.0558e-6 0 1 2.29255e-6 0 1 -1.53358e-6 0 1 6.23357e-6 0 1 3.05499e-6 0 1 -3.13019e-6 0 1 -1.53022e-6 0 1 2.19573e-6 0 1 1.1456e-6 0 1 -4.58502e-6 0 1 6.26351e-6 0 1 -3.07586e-6 0 1 1.53025e-6 0 1 -1.52836e-6 -0.2581241 0.9065293 0.3340309 0.9165065 -3.64557e-5 0.4000198 0.07617157 -0.003718018 0.9970878 -0.0729165 0.005068182 0.9973252 0.3073394 -0.004472374 0.9515895 0.1982163 0.005538821 0.9801427 0.4548534 0.005328595 0.8905504 0.8503876 0.001429736 0.526155 0.7071538 -0.001180171 0.7070589 0.8507018 0.001538574 0.5256465 0.9944849 -0.003693878 0.1048162 0.9939321 -0.004606425 -0.1098991 0.1539815 0.9791938 -0.1321712 0.1879588 0.9744175 -0.1232153 0.1302384 0.9827933 -0.1309787 0.09483772 0.9890211 -0.1133278 0.09960025 0.9893575 -0.1060728 0.1136291 0.9890671 -0.09399294 0.1233081 0.988541 -0.08707422 0.1491602 0.9822535 -0.1137079 0.1261299 0.9887787 -0.08004915 0.146739 0.9887794 -0.02798217 0.150251 0.9884657 -0.01898223 0.1514484 0.9884652 0 -0.2368629 0.9580839 -0.1611559 0.150251 0.9884657 0.01898223 -0.2205501 0.9663253 -0.1325643 0.1612828 0.9802622 0.1143415 0.1261299 0.9887787 0.08004915 0.1232965 0.9885399 0.087103 0.1306266 0.9830425 0.1287017 0.09483772 0.9890211 0.1133278 0.08884871 0.9840697 0.1539899 0.0666784 0.986394 0.1502693 0.1153917 0.9837027 0.1378908 0.08553433 0.9893553 0.1177296 -0.07307994 0.98843 0.1329115 -0.09960025 0.9893575 0.1060728 -0.1303223 0.9827873 0.1309396 -0.1891936 0.9736787 0.1271049 -0.1136137 0.9890702 0.09397894 -0.1101685 0.9889065 0.09963357 -0.1723033 0.9804787 0.09472656 -0.1420705 0.9887792 0.0461719 -0.1775431 0.9815992 0.07029575 -0.1732188 0.9824926 -0.06858336 0.1672371 0.9836907 -0.06621491 0.1869926 0.9813892 -0.04369246 0.1784524 0.9836903 -0.02254277 0.2141267 0.9764858 0.0250051 0.163258 0.9824923 0.0897538 0.1848621 0.9811907 0.0555967 0.1662166 0.9813907 0.09614819 -0.06020498 0.9865352 -0.1520653 -0.0406562 0.9865476 -0.1583386 0.009581327 0.9863351 -0.1644726 0.0204789 0.9865568 -0.1621307 0.0406562 0.9865476 -0.1583386 0.06515431 0.986366 0.1511199 -0.04064935 0.986552 0.1583128 -0.2220806 0.9641842 0.1450143 -0.2203488 0.9753848 -0.008428335 -0.1605072 0.9782151 -0.1316535 0.2095221 0.9742789 -0.08295279 0.2184836 0.9752755 -0.03320676 0.2242335 0.9729621 -0.05535417 0.2258632 0.9740965 0.01104974 0.2258632 0.9740965 -0.01104974 0.2151762 0.9734855 0.07762128 0.2242335 0.9729621 0.05535417 0.2165895 0.969972 0.1106501 -0.1537129 0.9798598 0.1274644 -0.2203488 0.9753848 0.008428335 -0.2117981 0.9757993 0.05438089 -0.1474289 0.9890727 2.68191e-5 -0.1892805 0.973672 -0.1270268 -0.1420704 0.9887792 -0.0461719 -0.1744065 0.9802925 -0.0927844 -0.140812 0.9884654 -0.05575174 -0.1327173 0.9884648 -0.07296329 -0.1712899 0.9803376 -0.09796929 -0.1261299 0.9887787 -0.08004915 -0.1501817 0.9812879 -0.1204971 -0.1231735 0.9885282 -0.08740967 -0.1267243 0.9830324 -0.132621 -0.07308 0.9884303 -0.1329099 -0.1303033 0.05046081 0.9901893 -0.5648177 0.03772258 0.8243531 -0.729332 0.027426 0.68361 -0.6084874 0.05327838 0.791773 -0.8595817 0.01916092 0.510639 -0.7931224 0.04568773 0.6073465 -0.9479339 0.01315945 0.3181952 -0.9236669 0.03310585 0.3817636 -0.9930375 0.01060825 0.1173203 -0.9914147 0.004175841 -0.1306883 -0.8570312 -0.03425246 -0.5141249 -0.9238694 -0.004807949 -0.3826779 -0.7202027 -0.04484599 -0.6923127 -0.1919624 -0.04829418 -0.9802133 -2.79546e-4 -0.05071127 -0.9987133 0.002156317 0.9987169 -0.05059629 0.002088904 0.9987137 -0.05066275 0.002204835 0.9987151 -0.05063033 0.002178668 0.9987161 -0.05061125 0.002091705 0.9987146 -0.05064445 0.002162754 0.9987163 -0.05060786 0.002143979 0.9987145 -0.05064284 0.002215743 0.9987166 -0.05060023 0.002214133 0.9987156 -0.05062049 0.002130031 0.9987193 -0.05055022 0.002184092 0.9987172 -0.05058956 0.002177774 0.9987209 -0.05051773 0.002193272 0.9999977 5.72554e-6 0.002199769 0.9999977 -9.34957e-5 0.002219676 0.9999976 0 0 1 1.56285e-6 0 1 -1.56494e-6 0 1 -1.56456e-6 0 1 -3.12462e-6 0 1 -2.292e-6 0.002202033 0.9999977 -2.24765e-6 0.002202391 0.9999977 -5.56029e-6 -0.5969408 0 0.8022854 -0.4997577 0 0.8661653 -0.05815845 0 0.9983075 -0.05815547 0 0.9983076 0.1735165 0 0.984831 0.3959116 0 0.9182887 0.2867309 0 0.9580113 0.4997562 0 0.8661662 -0.8455955 0 -0.5338242 -0.8593195 0.004846811 -0.5114164 -0.697957 -0.001325368 0.7161385 -0.1982155 0.005074381 0.9801454 0.2864752 6.61859e-4 0.9580875 0.4070299 0 0.9134148 -0.9164916 -3.60363e-5 0.4000541 -0.916512 -2.93445e-5 0.4000073 0.6913061 0 0.7225622 -0.2788634 -0.002735018 0.960327 -0.2853503 -0.001691818 0.9584218 -0.07286441 1.81279e-4 0.9973419 0.03538572 -2.02604e-4 0.9993738 0.4050243 -0.001336514 0.914305 0.3522279 9.32085e-4 0.9359139 0.4512754 8.89671e-4 0.8923844 0.6244364 -7.17704e-4 0.7810754 0.5450235 5.80938e-4 0.8384207 -0.8946126 0 0.4468427 -0.8946124 0 0.446843 0.5711658 0 -0.8208348 0.5033314 2.93413e-4 -0.8640936 0.2819795 0.003620386 -0.9594137 0.2038667 -0.001320481 -0.9789978 0.1245102 3.15454e-4 -0.9922183 0.007044553 0.003760933 -0.9999682 0.0442813 -2.69415e-4 -0.9990192 -0.1165411 1.77141e-4 -0.9931859 -0.1959733 -4.1592e-4 -0.9806092 -0.2902945 0.002109587 -0.956935 -0.4193762 0.001808404 -0.9078109 -0.3506754 -7.94056e-4 -0.9364969 -0.4248921 0.001180171 -0.9052432 -0.4963527 -6.5423e-4 -0.8681208 -0.564626 0 -0.825347 -0.9165419 6.6209e-5 -0.399939 -0.9165187 2.56889e-5 -0.3999921 -0.9165157 4.89294e-5 -0.3999989 0.2754454 0.888584 -0.3668087 0.2690908 0.8977563 -0.3487461 0.2690765 0.8977718 0.3487169 0.2581241 0.9065293 0.3340309 0.3632147 0 -0.9317055 -0.2986223 -0.003911912 -0.9543635 -0.1982152 0.005512952 -0.9801431 -0.8507022 0.001037776 -0.5256472 -0.8121828 0 0.5834032 -0.8593071 0.007348895 0.5114073 0.002171754 0.9987211 -0.05051338 0.002158641 0.9987159 -0.05061668 0.002213597 0.9987159 -0.0506137 0.002181231 0.9987159 -0.0506128 0.002175271 0.9987148 -0.05063641 0.002154409 0.9987161 -0.05061155 0.00219655 0.9987214 -0.050507 0.002135932 0.9987139 -0.05065488 0.002191901 0.9987159 -0.05061566 0.002152323 0.998713 -0.05067515 0.00221318 0.9987159 -0.05061358 0.002291858 0.9987175 -0.05057823 0.002159476 0.9987186 -0.05056089 0.002227127 0.998714 -0.05065214 0.00219047 0.9987158 -0.05061727 0.002234995 0.9987127 -0.05067628 0.002146959 0.9987172 -0.05059158 0.002217054 0.9987143 -0.05064529 0.002159357 0.9987209 -0.05051869 0.002227425 0.9987129 -0.0506727 0.002196371 0.9987161 -0.05061209 0.002122759 0.9987172 -0.05059069 0.128196 -0.047751 -0.9905987 0.1303026 -0.05054479 -0.9901851 0.3824533 -0.0504679 -0.9225956 0.605683 -0.04037171 -0.7946813 0.9998605 -0.01034086 0.01312285 0.9225552 0.02558326 0.385016 0.7934688 0.04235273 0.6071357 0.5969394 0 -0.8022863 0.499758 0 -0.8661652 0.1735156 0 -0.9848312 0.05815619 0 -0.9983076 -0.2867309 0 -0.9580113 -0.3959125 0 -0.9182882 -0.596941 0 -0.8022852 0.6984099 -0.001318275 -0.7156968 0.8489744 0.001399636 -0.5284323 0.5049782 -0.002499878 -0.8631285 0.6777439 0.00297147 -0.7352921 0.4548541 0.004543662 -0.8905544 0.1982156 0.005588531 -0.9801425 0.9164916 -3.60363e-5 -0.4000541 0.9165065 0 -0.4000201 0.9165121 1.57906e-6 -0.4000072 0.6324135 0 -0.7746312 0.5450229 0.001619219 -0.8384196 0.3522278 -8.18032e-4 -0.935914 0.0353868 -0.001877665 -0.999372 -0.07286572 0.001070678 -0.9973412 -0.285273 6.15887e-4 -0.9584461 -0.3871036 4.47842e-4 -0.9220362 -0.4876847 0 -0.8730199 -0.4844726 2.39859e-4 -0.8748064 -0.5542115 0.004287242 0.8323649 -0.4260302 -0.001111567 0.9047083 -0.3428948 0.003816843 0.9393662 -0.3523746 0.001604497 0.9358577 -0.2093476 0.001710712 0.9778398 0.03999912 -5.00915e-4 0.9991996 0.3523747 -1.34852e-4 0.935859 -0.2776516 0.8886564 -0.3649653 -0.2581241 0.9065293 -0.3340309 0.002255141 0.9999975 -3.98474e-7 0.002211928 0.9999976 1.44288e-6 0.002183973 0.9999977 -1.31031e-5 0 1 -1.55865e-6 0 1 1.5539e-6 0 1 6.15197e-6 0 1 -7.81002e-7 0 1 7.66746e-7 0 1 -3.11666e-6 0 1 1.56452e-6 0 1 3.13207e-6 0 1 -2.29463e-6 0 1 1.56602e-6 0 1 -3.90502e-7 0 1 3.0558e-6 0 1 -3.05922e-6 0 1 -3.05603e-6 0 -1 1.60364e-7 0 -1 1.60534e-7 0 -1 -1.60009e-7 0 -1 -3.20727e-7 0 -1 0 0 -1 1.59668e-7 0 -1 1.19751e-7 0 -1 0 0 -1 -1.59984e-7 -0.9822989 0 -0.1873204 -0.9510332 0 -0.309089 -0.9048547 0 -0.4257207 -0.8443167 0 -0.5358446 -0.8443168 0 -0.5358442 -0.770546 0 -0.6373844 -0.1253162 0 -0.9921169 0.1253162 0 -0.9921169 0.2486989 0 -0.9685809 0.4818102 0 -0.8762757 0.481811 0 -0.8762752 0.9510332 0 -0.309089 0.9048548 0 -0.4257205 0.9980234 0 -0.06284373 0.9510331 0 0.309089 0.5877783 0 0.8090222 0.481811 0 0.8762752 0.2486989 0 0.9685809 -0.1253162 0 0.9921169 -0.2486989 0 0.9685809 -0.3681144 0 0.9297806 -0.5877782 0 0.8090221 -0.8443168 0 0.5358442 -0.8090535 -0.02798914 -0.5870682 -0.9921196 0.00850737 0.1250054 -0.9921203 -0.004172742 -0.1252197 -0.9297721 -0.0166009 -0.3677611 -0.809009 0.03151726 0.5869507 -0.9297828 0.02066206 0.3675283 -0.99212 -0.004172563 -0.1252219 -0.80893 0.03151184 0.5870599 -0.6374716 0.0403884 0.7694146 0.06275039 0.05037593 0.9967572 -0.1873043 0.05012601 0.9810222 0.9685906 0.01047194 0.2484406 0.5358219 -0.04390388 -0.8431888 0.3090583 -0.04880964 -0.9497898 0.06269133 -0.05066204 -0.9967464 0.06284254 -0.05065 -0.9967374 -0.1873609 -0.04930734 -0.9810529 0.7071066 0.707107 4.27399e-7 0.7071069 0.7071068 2.35325e-7 0.7071066 0.707107 0 0 1 -1.32787e-6 -0.6374775 -0.03760284 -0.7695509 -0.9297711 -0.01660078 -0.3677638 -0.6374722 0.04039788 0.7694136 -0.8089882 0.03152608 0.586979 -0.4258702 0.04672431 0.9035771 -0.187304 0.05012357 0.9810224 0.3089604 0.04746526 0.9498898 0.3090075 0.04746085 0.9498746 0.7289633 0.03306329 0.683754 0.5357685 0.0415709 0.843341 0.9685611 0.01048624 0.2485548 0.9999977 -0.002171933 1.10372e-4 0.9685965 -0.01468646 -0.2482042 0.9685574 -0.01470845 -0.248355 0.5357443 -0.04390656 -0.8432379 0.3089614 -0.0488075 -0.9498215 0.06283205 -0.05065017 -0.9967381 -0.1873604 -0.04930716 -0.9810529 -0.7071071 0.7071065 7.39852e-7 -0.7071072 0.7071065 -5.6338e-7 -0.7071071 0.7071065 -2.2224e-7 -0.7071068 0.7071068 4.69374e-7 -0.7071068 0.7071069 -5.25185e-7 -0.707107 0.7071066 0 0 1 1.15494e-6 -0.9968321 0 -0.07953578 -0.9968321 0 -0.07953578 -0.9576572 -2.09881e-6 -0.2879109 -0.9410099 -2.09884e-6 -0.3383793 -0.9576531 0 -0.2879247 -0.9410154 0 -0.338364 -0.9217257 0 -0.3878424 -0.9217257 0 -0.3878424 -0.8485374 0 -0.5291355 -0.7876535 0 -0.6161186 -0.7538827 0 -0.6570092 -0.6400861 0 -0.7683033 -0.6400861 0 0.7683033 -0.6799728 0 0.7332375 -0.7876545 0 0.6161174 -0.9217257 0 0.3878424 -0.9576572 0 0.2879111 -0.971588 0 0.2366788 -0.9827741 0 0.1848108 -0.9968321 0 0.07953578 -0.9968321 0 0.07953578 -0.9996473 0 0.02656072 0 -1 0 0 -1 6.31323e-7 0 -1 -1.33403e-6 0 -1 4.56393e-7 0 -1 -2.7712e-7 0 -1 -1.18851e-6 0 -1 2.28981e-6 0 -1 1.05737e-6 0 -1 0 0 -1 1.92114e-6 0 -1 0 0 -1 0 0 -1 1.29573e-7 0 -1 1.1397e-6 0 -1 -5.62614e-7 0 -1 7.8876e-7 0 -1 0 0 -1 0 0 -1 -1.724e-6 0 -1 2.06243e-7 0 -1 -1.22708e-7 0 -1 -3.94381e-7 0 -1 -1.78489e-7 0 -1 2.184e-6 0 -1 1.33403e-6 0 -1 2.28316e-7 0 -1 2.16334e-7 0 -1 -2.71702e-7 0 -1 -2.06243e-7 0 -1 2.27533e-6 0 -1 9.26046e-7 0 -1 -5.30337e-7 0 -1 -3.6018e-7 0 -1 0 0 -1 0 0 -1 -4.80294e-7 0 -1 0 0 -1 -9.26046e-7 0 -1 2.19819e-7 0 -1 -1.92114e-6 0 -1 0 0 -1 0 0 -1 1.18851e-6 0 -1 0 0 -1 1.7888e-7 0 -1 -4.32376e-7 0 -1 1.34039e-6 0.9912007 0 0.1323683 0.9912006 0 0.1323683 0.6799728 0 -0.7332373 0.9827742 0 0.1848105 0.971588 0 0.2366788 0.971588 0 0.236679 0.8485373 0 0.5291354 0.8485378 0 0.529135 0.9217257 0 -0.3878424 0.9217257 0 -0.3878424 0.7876544 0 0.6161174 0.9410099 -2.09884e-6 -0.3383793 0.7538827 0 0.6570092 0.9576532 -2.07564e-6 -0.2879245 0.971588 0 -0.236679 0.6400861 0 0.7683033 0.9827741 0 -0.1848108 0.5983859 0 0.8012081 0.9912007 0 -0.1323683 0.9968321 0 -0.07953578 -0.00215125 -0.9987142 0.05064982 -0.002215325 -0.9987166 0.05059963 -0.002175986 -0.9987152 0.0506289 -0.002160608 -0.9987162 0.05060845 -0.002213597 -0.9987155 0.05062049 -0.002256751 -0.998716 0.0506097 -0.002174317 -0.9987157 0.05061924 -0.00217998 -0.9987155 0.05062288 -0.002136349 -0.9987187 0.05056124 -0.002203583 -0.9987124 0.05068361 -0.002231657 -0.998713 0.05067157 -0.002060174 -0.9987177 0.05058372 -0.002170145 -0.9987154 0.05062633 -0.002158284 -0.9987187 0.05056011 -0.002189457 -0.9987159 0.05061298 -0.002214193 -0.9987158 0.0506162 -0.002055883 -0.9987175 0.05058896 -0.002222478 -0.9987176 0.05058145 -0.002148866 -0.9987148 0.05063706 -0.002188146 -0.9987176 0.05058276 -0.002232551 -0.9987194 0.05054366 -0.002129018 -0.9987162 0.05060994 -0.002177178 -0.9987154 0.05062592 -0.002197027 -0.998715 0.05063307 -0.002178847 -0.9987151 0.05063098 -0.00218904 -0.998716 0.0506137 0 -1 -8.57673e-7 0 -1 2.14299e-7 0 -1 1.71509e-6 0 -1 1.86382e-6 0 -1 1.7156e-6 0 -1 -9.31283e-7 0 -1 -1.71355e-6 0.8487842 0 -0.5287395 0.8487738 -5.74809e-6 -0.5287562 0.8487768 -5.10218e-7 -0.5287513 0.8487698 4.45796e-6 0.5287625 0.8487737 -5.5739e-6 0.5287564 -0.8488056 0.001060545 -0.5287041 -0.8487768 -4.70971e-7 -0.5287513 -0.8487842 0 -0.5287395 -1 1.59857e-6 0 -1 -1.63333e-6 0 -1 7.99285e-7 0 -1 -1.02083e-6 0 -1 -4.49565e-7 0 -0.8488038 -0.00371176 0.5286949 -0.8487745 9.38293e-4 0.5287542 -0.8487699 0 0.5287626 -0.8487842 0 0.5287395 -0.84877 4.55702e-6 0.5287625 -0.848778 0 0.5287497 -0.1875143 0 0.9822619 -0.425621 0 0.9049015 -0.9921239 0 0.1252608 0.06283003 0 -0.9980244 0.3089857 0 -0.9510667 0.5360031 0 -0.8442161 0.7289059 0 -0.684614 0.9686099 0 -0.248586 0.8762755 0 -0.4818104 0.9686216 0 0.2485405 0.9686224 0 0.2485372 0.7289059 0 0.684614 0.7288997 0 0.6846206 0.06281656 0 0.9980252 -0.1875012 0 0.9822644 -0.4256321 0 0.9048964 -0.6375548 0 -0.7704051 -0.4256211 0 -0.9049015 -0.1875143 0 -0.9822619 0.06283003 0 -0.9980244 0.06281656 0 -0.9980252 0.5360127 0 -0.84421 0.728906 0 -0.6846138 0.9686099 0 0.2485861 0.7288996 0 0.6846207 0.06281656 0 0.9980252 -0.4256216 0 0.9049013 -0.9921237 0 -0.1252623 -0.9921237 0 0.1252623 -0.9921237 0 0.1252623 -0.1875007 0 -0.9822646 0.5359129 0 -0.8442733 0.5359225 0 -0.8442673 0.7289998 0 -0.6845139 0.9686213 0 0.2485419 0.729006 0 0.6845073 0.5359225 0 0.8442672 -0.1875007 0 0.9822646 -0.4256327 0 0.9048961 0.968622 0 -0.2485386 0.9686213 0 -0.2485419 0.7290061 0 0.6845072 0.5359129 0 0.8442733 0.06281667 0 0.9980252 0.06283015 0 0.9980244 0 -1 2.49522e-7 0 -1 1.99768e-6 0.9999977 -0.002187252 -1.2654e-4 -2.57165e-4 -0.05062234 -0.9987179 -0.1303057 0.04931807 0.9902466 -0.1277329 0.05049729 0.9905223 -0.3664448 0.0489214 0.9291529 -0.7930483 0.008891105 0.6090939 -0.9510748 0.031735 0.3073265 -0.9911223 -0.01754647 0.1317914 -0.9914565 -0.01386725 -0.1296983 -0.9409399 -0.007257103 -0.3384962 -0.7934097 -0.04793363 -0.6067978 -0.701434 -0.02078866 -0.7124313 -0.3220222 -0.041211 -0.9458348 -0.1078329 -0.05007344 -0.9929072 0.1302998 -0.05165332 -0.9901282 0.1271013 -0.05047118 -0.9906048 0.3786956 -0.04644435 -0.9243553 0.6085237 -0.04876798 -0.7920358 0.8978527 -0.01333999 -0.4400939 0.9730185 0.002128064 -0.2307171 0.9238147 0.001270651 0.382838 0.9286586 0.00831139 0.3708426 0.1307048 0.03660076 0.9907456 -2.71151e-4 -0.05061858 -0.9987181 -2.30824e-4 -0.05060428 -0.9987188 2.45497e-4 0.05059272 0.9987193 2.31773e-4 0.05060899 0.9987185 2.36436e-4 0.05060732 0.9987187 -0.9999976 0.002215921 1.09724e-4 -0.9999976 0.002176225 1.94169e-4 0.3993387 -0.8779804 0.2639685 0.37578 -0.883006 0.2812296 0.2777067 -0.9373336 0.2104398 0.2782009 -0.9166405 0.2870095 0.2568695 -0.9294043 0.2650014 0.2989774 -0.9110987 0.2837458 0.5137657 -0.8430395 0.1591517 0.5181072 -0.8463845 0.1232822 0.4059928 -0.8830106 0.235504 0.5303788 -0.8430414 0.08932912 0.5227243 -0.843379 0.1243829 0.4495986 -0.8779819 0.1643442 0.4405038 -0.8885575 0.1281485 0.4306659 -0.8830094 0.1866046 0.2406935 -0.9229105 0.3005045 0.2396001 -0.9246755 0.2959175 0.5347117 -0.8442916 0.0354284 0.2685 -0.9625483 0.03753161 0.2741739 -0.9597169 0.06141978 0.247205 -0.9688815 0.01258552 0.3307756 -0.9232196 0.1955841 0.3749409 -0.9011749 0.2174926 0.3977276 -0.9011737 0.1723333 0.3157026 -0.9303151 0.1866704 0.3377406 -0.9303128 0.1430015 0.2821292 -0.9130931 0.294388 0.2792599 -0.9097152 0.3072984 0.3273819 -0.8779801 0.3492451 0.4513406 -0.844725 0.2876304 0.4273771 -0.8779859 -0.2156148 0.4306659 -0.8830094 -0.1866046 0.3553553 -0.9287286 -0.1057636 0.3993408 -0.8779821 -0.2639592 0.3220371 -0.9398427 -0.1139656 0.2759896 -0.9593479 -0.059004 0.3442852 -0.844206 -0.4108331 0.35946 -0.8447262 -0.3965178 0.3632276 -0.8473027 -0.387484 0.3757752 -0.8830092 -0.2812256 0.3291292 -0.911593 -0.2463173 0.2821292 -0.9130931 -0.294388 0.2406935 -0.9229105 -0.3005045 0.2792599 -0.9097152 -0.3072984 0.3273819 -0.8779801 -0.3492451 0.2667852 -0.9575189 -0.1094674 0.2398656 -0.9246353 -0.295828 0.2403393 -0.9523178 -0.1879571 0.2495431 -0.9545797 -0.1628066 0.1926577 -0.9414488 -0.2766896 0.2679923 -0.9187625 -0.2899239 0.238986 -0.9261164 -0.2918805 0.3538588 -0.9232208 -0.1498251 0.3906329 -0.9108672 -0.1331425 0.5033431 -0.8640162 -0.01103699 0.49366 -0.8694863 -0.01712942 0.3340694 -0.9121247 -0.2375422 0.5347116 -0.8442918 -0.0354284 0.2936047 -0.9483054 -0.120471 0.5274921 -0.8473023 -0.06189596 0.5303788 -0.8430414 -0.08932912 0.2828743 -0.9590783 -0.01229482 0.5223108 -0.8453845 -0.1118773 0.4728109 -0.8726428 -0.1222476 0.2960153 -0.9434349 -0.1493502 0.5137658 -0.8430394 -0.1591517 0.4995387 -0.8447241 -0.1921001 0.4710716 -0.8436048 -0.257726 0.3369199 -0.839872 -0.4255584 0.4332936 -0.8430413 -0.3186506 0.9165335 3.17174e-5 0.3999579 0.916565 0 0.3998859 -0.2028167 -0.9394836 0.276109 -0.3078969 -0.9118767 -0.2714414 -0.3354889 -0.9237684 -0.1846597 -0.381717 -0.9006301 -0.2077445 -0.2644395 -0.9367514 -0.2292784 -0.255914 -0.9432208 -0.2117606 -0.3359048 -0.8399337 -0.4262388 -0.3633291 -0.916342 -0.1682542 -0.3972669 -0.908874 -0.1269933 -0.3796463 -0.9170384 -0.1221037 -0.2757256 -0.9487985 -0.1541323 -0.397067 -0.9090781 0.1261538 -0.3156973 -0.9449872 0.08564043 -0.3007199 -0.9455878 0.1242223 -0.3331949 -0.9376767 0.09871113 -0.3515195 -0.9095025 0.2218993 -0.3026144 -0.9430612 0.1380581 -0.2790163 -0.9434818 0.1788633 -0.2644395 -0.9367513 0.2292786 -0.2559139 -0.9432209 0.2117605 -0.2947016 -0.9292961 0.2226205 -0.2406935 -0.9229105 -0.3005045 -0.239853 -0.9246473 -0.2958005 -0.2396924 -0.9245025 -0.2963827 -0.5297406 -0.8440708 -0.08318448 -0.529475 -0.8447237 0.07809072 -0.2406935 -0.9229105 0.3005045 -0.4058735 -0.8473403 -0.3424633 -0.2799785 -0.8975914 -0.3405022 -0.2819501 -0.9131213 -0.2944722 -0.2386767 -0.9265748 -0.2906761 -0.2028167 -0.9394836 -0.276109 -0.4941926 -0.8431504 -0.2118281 -0.3811358 -0.8830357 -0.2738315 -0.5026282 -0.8457036 -0.1793059 -0.5166226 -0.8456416 -0.1341321 -0.4992682 -0.8470094 -0.1825002 -0.4532337 -0.8809924 -0.1357632 -0.4160732 -0.9022136 -0.113551 -0.2486094 -0.9502722 -0.1875534 -0.5362611 -0.8438867 -0.01671338 -0.4880436 -0.87259 -0.0200082 -0.533419 -0.8443734 0.04997825 -0.5325773 -0.8448089 0.05156981 -0.5327962 -0.8462195 0.006384015 -0.5028125 -0.8631454 0.04647439 -0.3623892 -0.9274448 -0.09230506 -0.2588117 -0.9560853 -0.1375405 -0.2602049 -0.958953 -0.1127061 -0.4752606 -0.8465435 0.2397743 -0.4752622 -0.8465428 0.2397733 -0.4262617 -0.8786657 0.2150527 -0.3609544 -0.9276458 0.09584087 -0.2953651 -0.870954 0.3926817 -0.2602048 -0.9589531 0.1127061 -0.2797786 -0.9096433 0.307039 -0.3273252 -0.8780252 0.3491847 -0.2608248 -0.9361086 0.2359474 -0.2843783 -0.9146113 0.2874289 -0.916565 0 -0.3998859 -0.9165204 -1.35146e-4 0.3999881 0 -1 -2.69815e-6 0 -1 3.27203e-6 0 -1 -2.69781e-6 0 -1 5.77204e-6 0 -1 -9.31541e-6 0 -1 2.63343e-6 0 -1 3.27202e-6 0 -1 -6.46661e-7 0 -1 -1.8613e-5 0 -1 3.272e-6 0 -1 -2.70412e-6 0.998994 0 0.04484581 0.9909455 0 0.1342651 0.9510544 0 0.3090237 0.9510543 0 0.3090239 0.9195276 0 0.3930255 0.8345793 0 0.5508879 0.7818331 0 0.6234878 0.7227991 0 0.6910583 0.7227981 0 0.6910594 0.6579427 0 0.7530681 0.5878055 0 0.8090023 0.3513665 0 0.9362381 0.2660436 0 0.963961 0.178579 0 0.9839257 -0.08960235 0 0.9959776 -0.178579 0 0.9839257 -0.2660436 0 0.963961 -0.4339002 0 0.9009609 -0.4338986 0 0.9009618 -0.5878055 0 0.8090023 -0.6579427 0 0.7530681 -0.7227981 0 0.6910594 -0.781834 0 0.6234869 -0.7818331 0 0.6234878 -0.834579 0 0.5508884 -0.8805969 0 0.4738662 -0.8345793 0 0.5508879 -0.9195276 0 0.3930255 -0.9510544 0 0.3090237 -0.9749248 0 0.2225345 -0.998994 0 0.04484581 -0.9909455 0 0.1342651 -0.998994 0 -0.04484581 -0.9909455 0 -0.1342651 -0.9510544 0 -0.3090237 -0.9749248 0 -0.2225345 -0.9510543 0 -0.3090239 -0.9195276 0 -0.3930255 -0.834579 0 -0.5508884 -0.7818331 0 -0.6234878 -0.7227981 0 -0.6910594 -0.6579427 0 -0.7530681 -0.5878055 0 -0.8090023 -0.5128682 0 -0.8584675 -0.5128697 0 -0.8584664 -0.4339002 0 -0.9009609 -0.3513683 0 -0.9362374 -0.3513665 0 -0.9362381 -0.2660436 0 -0.963961 -0.08960235 0 -0.9959776 -0.178579 0 -0.9839257 -0.08960437 0 -0.9959775 0.08960437 0 -0.9959775 0.2660436 0 -0.963961 0.4338986 0 -0.9009618 0.5878055 0 -0.8090023 0.6579427 0 -0.7530681 0.6579432 0 -0.7530676 0.7227991 0 -0.6910583 0.8345793 0 -0.5508879 0.8805969 0 -0.4738662 0.9195276 0 -0.3930255 0.9510544 0 -0.3090237 0.9749248 0 -0.2225345 0.998994 0 -0.04484581 -0.9822989 0 -0.1873205 -0.9510331 0 -0.309089 -0.9048547 0 -0.4257206 -0.8443169 0 -0.5358442 -0.7705456 0 -0.637385 -0.6845192 0 -0.7289949 -0.6845203 0 -0.7289938 -0.5877782 0 -0.8090222 -0.368114 0 -0.9297807 -0.3681153 0 -0.9297802 -0.2487 0 -0.9685807 -0.1253161 0 -0.9921169 0.1253161 0 -0.9921169 0.1253147 0 -0.9921171 0.2487 0 -0.9685807 0.4818105 0 -0.8762754 0.5877782 0 -0.8090222 0.6845192 0 -0.7289949 0.6845203 0 -0.7289938 0.8443167 0 -0.5358446 0.9048547 0 -0.4257206 0.9510331 0 -0.309089 0.9822989 0 -0.1873205 0.9510331 0 0.309089 0.9048547 0 0.4257206 0.7705456 0 0.637385 0.7705461 0 0.6373844 0.6845192 0 0.7289949 0.368114 0 0.9297807 0.3681153 0 0.9297802 0.2487 0 0.9685807 0.1253147 0 0.9921171 -0.1253161 0 0.9921169 -0.1253147 0 0.9921171 -0.2487 0 0.9685807 -0.3681153 0 0.9297802 -0.368114 0 0.9297807 -0.4818105 0 0.8762754 -0.7705461 0 0.6373844 -0.7705456 0 0.637385 -0.9510331 0 0.309089 -0.9510332 0 0.309089 -0.9822989 0 0.1873205 0 1 0 0 1 -4.74409e-7 0 1 1.73333e-7 0 1 4.76553e-7 0 1 -2.16229e-7 0 1 0 0 1 0 0 1 -2.48917e-7 0 1 2.27504e-7 0 1 2.37192e-7 0 1 1.73342e-7 0 1 -1.51622e-7 0 1 -9.48866e-7 0 1 -2.37378e-7 0 1 2.16229e-7 0 1 -4.76553e-7 0 1 9.48852e-7 0 1 -1.72979e-7 0 1 3.46548e-7 0 1 -3.46548e-7 0 1 -8.89549e-7 0 1 6.93168e-7 0 1 -1.73162e-7 0 1 2.37378e-7 0 1 6.52345e-7 0 1 0 0 1 0 0 1 0 0 1 0 0 1 0 0 1 -6.52345e-7 0 1 2.97113e-7 0 1 -2.3768e-7 0 1 2.37361e-7 0.9909455 0 0.1342651 0.9749248 0 0.2225345 0.8805969 0 0.4738662 0.834579 0 0.5508884 0.781834 0 0.6234869 0.6579432 0 0.7530676 0.5128682 0 0.8584675 0.5128697 0 0.8584664 0.4339002 0 0.9009609 0.4338986 0 0.9009618 0.3513683 0 0.9362374 0.08960235 0 0.9959776 0.08960437 0 0.9959775 -0.08960437 0 0.9959775 -0.3513683 0 0.9362374 -0.3513665 0 0.9362381 -0.5128682 0 0.8584675 -0.5128697 0 0.8584664 -0.6579432 0 0.7530676 -0.7227991 0 0.6910583 -0.9510543 0 0.3090239 -0.9909455 0 0.1342651 -0.9909455 0 -0.1342651 -0.8805969 0 -0.4738662 -0.8345793 0 -0.5508879 -0.781834 0 -0.6234869 -0.7227991 0 -0.6910583 -0.6579432 0 -0.7530676 -0.4338986 0 -0.9009618 0.08960235 0 -0.9959776 0.178579 0 -0.9839257 0.3513665 0 -0.9362381 0.3513683 0 -0.9362374 0.4339002 0 -0.9009609 0.5128697 0 -0.8584664 0.5128682 0 -0.8584675 0.7227981 0 -0.6910594 0.7818331 0 -0.6234878 0.781834 0 -0.6234869 0.834579 0 -0.5508884 0.9510543 0 -0.3090239 0.9909455 0 -0.1342651 0.9909455 0 -0.1342651 -0.9510332 0 -0.309089 -0.8443167 0 -0.5358446 -0.7705461 0 -0.6373844 -0.4818105 0 -0.8762754 -0.1253147 0 -0.9921171 0.368114 0 -0.9297807 0.3681153 0 -0.9297802 0.7705461 0 -0.6373844 0.7705456 0 -0.637385 0.8443169 0 -0.5358442 0.9510332 0 -0.309089 0.9822989 0 0.1873205 0.9510332 0 0.309089 0.8443167 0 0.5358446 0.8443169 0 0.5358442 0.6845203 0 0.7289938 0.5877782 0 0.8090222 0.4818105 0 0.8762754 0.1253161 0 0.9921169 -0.5877782 0 0.8090222 -0.6845203 0 0.7289938 -0.6845192 0 0.7289949 -0.8443169 0 0.5358442 -0.8443167 0 0.5358446 -0.9048547 0 0.4257206 0 1 0 0 1 2.59911e-7 0 1 4.32895e-7 0 1 1.72978e-7 0 1 -9.48852e-7 0 1 1.51622e-7 0 1 -2.27504e-7 0 1 9.48866e-7 0 1 0 0 1 2.48917e-7 0 1 0 0 1 -4.32895e-7 0 1 4.74722e-7 0 1 -3.45955e-7 0 1 3.46316e-7 0 1 3.55807e-7 0 1 -2.97109e-7 0 1 -1.73342e-7 0 1 0 0 1 0 0 1 -6.93168e-7 0 1 8.89549e-7 0 1 -1.73333e-7 0 1 -6.92632e-7 0 1 1.77926e-7</float_array>
          <technique_common>
            <accessor source="#shape0_014-mesh-normals-array" count="4936" stride="3">
              <param name="X" type="float"/>
              <param name="Y" type="float"/>
              <param name="Z" type="float"/>
            </accessor>
          </technique_common>
        </source>
        <vertices id="shape0_014-mesh-vertices">
          <input semantic="POSITION" source="#shape0_014-mesh-positions"/>
        </vertices>
        <triangles material="R3MPerception-Metallic-material" count="6972">
          <input semantic="VERTEX" source="#shape0_014-mesh-vertices" offset="0"/>
          <input semantic="NORMAL" source="#shape0_014-mesh-normals" offset="1"/>
          <p>0 0 1 0 2 0 3 1 4 1 5 1 6 2 2 2 7 2 8 3 3 3 9 3 8 4 9 4 10 4 11 5 12 5 13 5 14 6 15 6 16 6 15 7 17 7 16 7 18 8 19 8 20 8 21 9 22 9 23 9 18 10 20 10 24 10 25 11 24 11 26 11 27 12 25 12 26 12 28 13 29 13 30 13 31 14 27 14 32 14 33 15 34 15 35 15 36 16 37 16 38 16 39 17 40 17 41 17 42 18 43 18 44 18 45 19 44 19 46 19 47 20 48 20 49 20 45 21 46 21 50 21 51 22 52 22 50 22 53 23 54 23 55 23 56 24 57 24 58 24 59 25 60 25 61 25 62 26 59 26 63 26 64 27 65 27 66 27 62 28 63 28 67 28 68 29 69 29 70 29 71 30 72 30 73 30 74 31 75 31 76 31 77 32 78 32 79 32 74 33 76 33 80 33 81 34 77 34 82 34 83 35 81 35 82 35 77 36 84 36 82 36 85 37 83 37 86 37 83 38 82 38 86 38 87 39 88 39 89 39 87 40 89 40 90 40 91 41 92 41 93 41 94 42 95 42 96 42 97 43 98 43 99 43 100 44 101 44 102 44 103 45 99 45 104 45 105 46 103 46 104 46 105 47 104 47 106 47 107 48 108 48 109 48 105 49 106 49 110 49 107 50 109 50 111 50 107 51 111 51 112 51 113 52 114 52 115 52 116 53 115 53 117 53 118 54 119 54 120 54 118 55 120 55 121 55 122 56 123 56 124 56 125 57 126 57 127 57 128 58 125 58 129 58 130 59 131 59 132 59 133 60 130 60 132 60 134 61 135 61 136 61 137 62 136 62 138 62 139 63 140 63 141 63 142 64 139 64 143 64 144 65 143 65 145 65 144 66 145 66 146 66 147 67 148 67 149 67 150 68 147 68 149 68 148 69 151 69 149 69 152 70 150 70 153 70 154 71 153 71 155 71 156 72 157 72 158 72 159 73 160 73 161 73 162 74 163 74 161 74 164 75 165 75 166 75 167 76 166 76 168 76 169 77 170 77 171 77 172 78 173 78 174 78 175 79 176 79 177 79 178 80 175 80 177 80 178 81 179 81 180 81 0 82 180 82 1 82 181 83 182 83 183 83 184 83 185 83 186 83 184 84 187 84 185 84 188 85 189 85 190 85 191 83 192 83 193 83 194 86 195 86 196 86 197 83 198 83 199 83 200 87 201 87 202 87 203 88 200 88 202 88 204 89 205 89 206 89 207 90 208 90 192 90 209 91 186 91 210 91 211 83 212 83 213 83 209 83 184 83 186 83 214 83 212 83 211 83 215 92 216 92 214 92 217 83 218 83 219 83 220 93 221 93 222 93 223 94 208 94 224 94 225 83 226 83 204 83 227 95 228 95 229 95 230 96 210 96 231 96 232 83 233 83 234 83 235 97 236 97 237 97 238 83 239 83 240 83 241 83 242 83 243 83 244 83 222 83 245 83 246 83 247 83 248 83 246 83 248 83 249 83 250 83 251 83 252 83 253 83 236 83 254 83 255 83 239 83 238 83 256 98 245 98 257 98 256 83 244 83 245 83 258 83 259 83 260 83 261 83 262 83 231 83 263 83 264 83 265 83 266 99 241 99 267 99 266 100 267 100 268 100 269 101 261 101 270 101 271 102 272 102 273 102 271 83 273 83 274 83 275 83 276 83 277 83 278 83 263 83 279 83 280 83 281 83 282 83 283 103 284 103 285 103 283 104 286 104 284 104 280 105 287 105 288 105 289 106 277 106 290 106 291 83 292 83 293 83 289 83 275 83 277 83 294 83 295 83 296 83 297 83 226 83 225 83 298 83 299 83 300 83 301 107 294 107 296 107 302 83 297 83 225 83 303 83 280 83 282 83 304 108 305 108 195 108 304 83 194 83 306 83 307 109 308 109 309 109 310 83 311 83 312 83 313 110 314 110 315 110 313 83 316 83 314 83 317 83 318 83 319 83 317 111 319 111 320 111 321 83 322 83 323 83 324 83 292 83 291 83 325 83 326 83 285 83 327 112 315 112 215 112 328 83 329 83 330 83 331 113 330 113 332 113 333 83 334 83 335 83 336 114 308 114 307 114 337 83 329 83 328 83 338 83 339 83 340 83 341 83 342 83 343 83 344 115 345 115 346 115 341 83 347 83 342 83 348 83 349 83 350 83 351 83 352 83 353 83 354 116 355 116 356 116 357 117 358 117 359 117 357 118 360 118 361 118 362 83 363 83 364 83 365 83 348 83 366 83 365 119 366 119 367 119 368 83 369 83 268 83 370 83 371 83 372 83 373 120 374 120 375 120 373 121 375 121 363 121 376 83 377 83 344 83 378 122 379 122 374 122 378 83 374 83 373 83 380 83 370 83 372 83 381 83 376 83 344 83 382 83 383 83 378 83 384 83 365 83 385 83 382 123 282 123 386 123 384 83 385 83 387 83 388 83 389 83 390 83 391 83 392 83 393 83 394 83 395 83 396 83 397 83 398 83 399 83 400 124 401 124 303 124 402 83 308 83 403 83 404 125 361 125 405 125 404 83 357 83 361 83 406 83 368 83 407 83 408 126 391 126 393 126 409 127 410 127 411 127 412 128 408 128 413 128 414 129 343 129 415 129 416 130 410 130 409 130 416 131 412 131 410 131 417 83 418 83 419 83 420 83 401 83 400 83 421 83 308 83 402 83 422 132 423 132 424 132 422 83 424 83 397 83 425 133 426 133 427 133 428 83 388 83 390 83 429 83 430 83 431 83 432 134 404 134 405 134 433 135 434 135 308 135 433 83 308 83 421 83 435 136 436 136 437 136 435 137 437 137 438 137 439 138 440 138 441 138 442 139 443 139 444 139 445 83 446 83 447 83 448 140 449 140 450 140 448 141 451 141 449 141 452 142 453 142 454 142 455 83 432 83 405 83 456 143 457 143 458 143 459 83 460 83 441 83 461 144 462 144 463 144 464 145 465 145 466 145 467 83 459 83 468 83 469 146 470 146 471 146 472 83 473 83 451 83 472 83 451 83 448 83 474 83 475 83 476 83 477 147 478 147 479 147 480 83 481 83 394 83 482 83 469 83 483 83 484 148 485 148 486 148 487 83 457 83 456 83 488 149 489 149 473 149 490 83 491 83 492 83 493 150 494 150 495 150 496 83 497 83 498 83 493 83 495 83 499 83 500 83 467 83 501 83 500 151 501 151 310 151 502 152 503 152 504 152 505 153 506 153 507 153 508 154 509 154 487 154 510 83 511 83 512 83 513 155 514 155 515 155 516 83 479 83 517 83 518 83 519 83 502 83 520 83 521 83 508 83 522 156 523 156 524 156 525 83 518 83 502 83 526 83 527 83 528 83 529 157 530 157 434 157 531 83 532 83 533 83 534 158 535 158 536 158 534 83 510 83 535 83 537 83 538 83 539 83 540 83 541 83 542 83 543 83 494 83 493 83 544 83 545 83 546 83 547 159 526 159 528 159 547 83 528 83 548 83 547 83 548 83 549 83 550 160 546 160 551 160 552 83 545 83 544 83 553 83 554 83 517 83 553 83 517 83 555 83 556 83 537 83 557 83 558 83 559 83 560 83 561 161 562 161 563 161 564 83 565 83 525 83 566 162 567 162 568 162 569 83 547 83 549 83 570 163 571 163 572 163 573 83 574 83 575 83 576 83 562 83 561 83 577 164 568 164 578 164 579 165 564 165 580 165 581 83 582 83 558 83 581 83 583 83 582 83 584 83 570 83 585 83 586 83 580 83 587 83 588 83 589 83 590 83 591 166 592 166 593 166 588 83 590 83 594 83 595 83 596 83 597 83 598 83 599 83 600 83 601 83 602 83 603 83 604 83 605 83 520 83 604 167 606 167 607 167 604 83 520 83 606 83 608 83 603 83 609 83 610 83 609 83 611 83 612 83 613 83 614 83 615 168 616 168 617 168 618 83 556 83 557 83 619 83 620 83 621 83 622 169 623 169 624 169 622 170 618 170 557 170 625 83 626 83 627 83 628 83 629 83 630 83 631 83 632 83 625 83 633 83 619 83 621 83 634 171 635 171 636 171 634 83 636 83 637 83 638 83 639 83 640 83 641 83 642 83 643 83 644 83 645 83 646 83 644 172 646 172 647 172 648 83 644 83 647 83 649 83 650 83 651 83 652 83 653 83 654 83 655 173 656 173 657 173 655 174 657 174 658 174 659 83 660 83 661 83 338 175 662 175 339 175 663 83 664 83 659 83 649 176 665 176 650 176 247 83 666 83 667 83 668 83 669 83 670 83 670 83 669 83 671 83 671 83 669 83 552 83 672 83 636 83 673 83 674 83 636 83 675 83 676 83 677 83 635 83 676 83 635 83 634 83 678 83 652 83 679 83 680 83 665 83 649 83 680 83 681 83 665 83 682 83 677 83 676 83 683 83 664 83 663 83 683 177 684 177 664 177 685 178 686 178 687 178 688 179 689 179 690 179 691 180 692 180 693 180 694 181 695 181 696 181 697 182 190 182 688 182 698 83 628 83 694 83 699 83 628 83 698 83 700 183 701 183 702 183 196 83 696 83 703 83 700 184 704 184 705 184 206 185 205 185 706 185 206 83 684 83 683 83 193 186 192 186 707 186 708 187 709 187 682 187 193 188 707 188 710 188 711 83 712 83 713 83 182 189 700 189 702 189 714 83 715 83 699 83 181 190 183 190 716 190 243 83 712 83 711 83 717 191 718 191 719 191 719 191 720 191 721 191 722 191 723 191 724 191 725 192 726 192 727 192 728 193 729 193 730 193 731 191 732 191 733 191 726 191 734 191 735 191 736 191 737 191 738 191 734 191 739 191 740 191 732 191 741 191 742 191 743 191 744 191 745 191 742 191 741 191 746 191 746 191 747 191 748 191 749 191 750 191 751 191 752 194 749 194 751 194 753 195 754 195 755 195 756 191 757 191 758 191 759 191 756 191 758 191 748 196 760 196 761 196 762 197 752 197 763 197 764 198 765 198 766 198 767 199 762 199 768 199 769 191 770 191 771 191 772 191 773 191 774 191 775 200 767 200 776 200 767 191 777 191 776 191 778 191 779 191 780 191 781 201 775 201 782 201 775 191 776 191 782 191 783 202 784 202 785 202 784 191 786 191 785 191 780 191 779 191 787 191 788 191 789 191 790 191 791 191 783 191 792 191 793 191 794 191 795 191 796 191 797 191 798 191 799 203 800 203 801 203 802 191 803 191 804 191 805 191 793 191 806 191 807 191 808 191 809 191 810 191 805 191 811 191 812 204 813 204 814 204 815 191 816 191 817 191 814 205 813 205 817 205 813 191 815 191 817 191 818 191 819 191 820 191 821 191 822 191 823 191 824 191 821 191 823 191 825 191 826 191 827 191 826 191 828 191 827 191 820 206 829 206 830 206 831 191 824 191 832 191 833 191 834 191 835 191 828 191 836 191 837 191 827 191 828 191 837 191 838 191 839 191 840 191 841 207 842 207 843 207 842 203 835 203 843 203 836 191 844 191 845 191 837 191 836 191 845 191 846 191 847 191 848 191 849 191 850 191 851 191 852 191 853 191 854 191 855 191 856 191 857 191 858 208 859 208 860 208 854 191 853 191 861 191 862 209 863 209 864 209 865 210 866 210 867 210 868 191 869 191 870 191 861 211 871 211 872 211 873 212 874 212 875 212 865 191 867 191 876 191 877 191 865 191 876 191 878 191 879 191 880 191 879 191 881 191 882 191 880 191 879 191 882 191 883 198 884 198 885 198 886 191 887 191 888 191 889 213 888 213 890 213 891 191 892 191 893 191 894 214 890 214 895 214 894 191 895 191 896 191 893 215 897 215 898 215 899 216 900 216 901 216 902 212 901 212 903 212 904 217 905 217 906 217 907 191 908 191 717 191 909 218 910 218 911 218 912 219 909 219 911 219 913 220 914 220 915 220 916 221 913 221 917 221 918 222 916 222 919 222 918 223 919 223 920 223 921 224 922 224 923 224 924 225 923 225 925 225 926 226 927 226 928 226 929 227 930 227 931 227 932 228 933 228 934 228 935 229 936 229 937 229 938 230 939 230 940 230 941 231 942 231 943 231 944 232 945 232 946 232 944 232 947 232 945 232 948 233 949 233 950 233 948 234 944 234 946 234 951 235 952 235 953 235 954 236 955 236 956 236 957 237 956 237 958 237 957 238 958 238 959 238 960 239 959 239 961 239 960 238 957 238 959 238 962 240 963 240 964 240 965 241 962 241 964 241 966 242 967 242 968 242 969 243 968 243 970 243 971 244 972 244 973 244 974 245 971 245 975 245 976 246 977 246 978 246 979 247 978 247 980 247 981 248 980 248 982 248 983 249 984 249 985 249 983 250 986 250 984 250 987 251 985 251 988 251 989 252 987 252 988 252 990 253 991 253 992 253 993 254 992 254 994 254 995 255 993 255 996 255 997 256 998 256 999 256 997 257 999 257 1000 257 1001 258 1002 258 1003 258 1004 259 1005 259 1006 259 1007 260 1004 260 1006 260 1007 261 1006 261 1008 261 1009 262 1010 262 1011 262 1012 263 1013 263 1014 263 1015 264 1012 264 1016 264 1017 265 1015 265 1016 265 1017 266 1016 266 1018 266 1019 267 1020 267 1021 267 1022 268 1023 268 1024 268 1025 269 1022 269 1024 269 1026 270 1025 270 1027 270 1028 271 1026 271 1029 271 1030 272 1031 272 1032 272 1033 273 1034 273 1035 273 1033 274 1036 274 1034 274 1037 275 1038 275 1039 275 1037 276 1039 276 1040 276 1041 277 1037 277 1040 277 1042 278 1040 278 1043 278 1042 279 1041 279 1040 279 1044 280 1045 280 1046 280 1047 281 1048 281 1049 281 1050 282 1051 282 1052 282 1053 283 1050 283 1052 283 1053 284 1052 284 1054 284 1055 285 1056 285 1057 285 1056 286 1058 286 1057 286 1059 287 1060 287 1061 287 1062 288 1063 288 1064 288 1065 289 1066 289 1067 289 1068 290 1069 290 1070 290 1071 291 1072 291 1073 291 1071 291 1073 291 1074 291 1075 292 1071 292 1074 292 1076 293 1077 293 1078 293 1079 294 1076 294 1078 294 1080 295 1081 295 1082 295 1080 296 1082 296 1083 296 1084 297 1083 297 1085 297 1084 298 1086 298 1083 298 1087 299 1084 299 1088 299 1089 300 1088 300 1090 300 1089 301 1090 301 1091 301 1092 302 1093 302 1094 302 1095 303 1096 303 1097 303 1098 304 1099 304 1100 304 1101 305 1102 305 1103 305 1104 306 1101 306 1103 306 1105 307 1106 307 1107 307 1108 308 1109 308 1110 308 1111 309 1112 309 1113 309 1114 310 1111 310 1115 310 1116 311 1117 311 1118 311 1119 312 1116 312 1120 312 1121 313 1122 313 1123 313 1124 314 1125 314 1126 314 1127 315 1128 315 1126 315 1129 316 1130 316 1131 316 1132 317 1129 317 1133 317 1134 318 1114 318 1135 318 1136 319 1137 319 1138 319 1139 320 1140 320 1141 320 1142 321 1143 321 1144 321 1145 322 1146 322 1147 322 1148 323 1149 323 1150 323 1149 324 1151 324 1150 324 1152 325 1153 325 1154 325 1155 326 1156 326 1157 326 1158 327 1159 327 1160 327 1161 328 1162 328 1163 328 1161 329 1163 329 1164 329 1165 330 1164 330 1166 330 1165 331 1167 331 1164 331 1168 332 1169 332 1170 332 1171 333 1148 333 1172 333 1173 334 1174 334 1175 334 1176 335 1177 335 1178 335 1179 336 1176 336 1178 336 1180 337 1181 337 1182 337 1183 338 1184 338 1185 338 1184 339 1186 339 1185 339 1187 340 1188 340 1189 340 1190 341 1191 341 1192 341 1193 342 1194 342 1192 342 1195 343 1196 343 1197 343 1198 344 1199 344 1200 344 1201 345 1202 345 1203 345 1204 346 1205 346 1206 346 1204 347 1201 347 1207 347 1208 348 1209 348 1210 348 1208 349 1211 349 1206 349 1212 350 1210 350 1213 350 1214 351 1215 351 1216 351 1214 352 1217 352 1218 352 1219 353 1177 353 1176 353 1220 354 1221 354 1222 354 1223 355 1220 355 1222 355 1224 356 1223 356 1225 356 1223 356 1226 356 1225 356 1224 357 1225 357 1227 357 1228 358 1229 358 1230 358 1231 359 1228 359 1230 359 1229 360 1227 360 1230 360 1231 361 1230 361 1232 361 1233 362 1231 362 1234 362 1231 363 1232 363 1234 363 1233 364 1234 364 1235 364 1236 365 1237 365 1238 365 1236 366 1238 366 1239 366 1240 367 1241 367 1242 367 1243 368 1240 368 1244 368 1245 369 1246 369 1247 369 1245 370 1243 370 1246 370 1248 371 1247 371 1249 371 1250 372 1251 372 1252 372 1250 372 1253 372 1251 372 1254 373 1255 373 1256 373 1257 374 1258 374 1256 374 1259 375 1260 375 1261 375 1262 376 1263 376 1264 376 1265 377 1266 377 1267 377 1268 378 1265 378 1269 378 1268 379 1269 379 1270 379 1271 380 1272 380 1273 380 1274 381 1275 381 1276 381 1277 382 1276 382 1278 382 1279 383 1280 383 1281 383 1282 384 1283 384 1284 384 1285 385 1284 385 1286 385 1287 386 1288 386 1289 386 1290 387 1291 387 1292 387 1293 388 1292 388 1294 388 1295 389 1296 389 1297 389 1298 390 1295 390 1297 390 1299 391 1300 391 1301 391 1299 392 1302 392 1300 392 1303 393 1304 393 1305 393 1303 393 1306 393 1304 393 1307 394 1303 394 1308 394 1309 395 1307 395 1308 395 1310 396 1311 396 1312 396 1310 397 1309 397 1311 397 1313 398 1314 398 1315 398 1316 399 1317 399 1318 399 1316 400 1318 400 1319 400 1320 401 1321 401 1322 401 1323 402 1320 402 1322 402 1323 403 1324 403 1325 403 1326 404 1327 404 1328 404 1329 405 1326 405 1330 405 1326 406 1328 406 1330 406 1331 407 1332 407 1333 407 1331 408 1334 408 1335 408 1336 409 1337 409 1338 409 1336 409 1339 409 1337 409 1340 410 1341 410 1342 410 1340 411 1336 411 1338 411 1343 412 1342 412 1344 412 1343 413 1345 413 1342 413 1346 414 1347 414 1348 414 1349 415 1350 415 1351 415 1349 416 1346 416 1350 416 1352 417 1353 417 1354 417 1355 418 1352 418 1354 418 1355 419 1354 419 1356 419 1357 420 1355 420 1358 420 1359 421 1360 421 1361 421 1360 422 1362 422 1361 422 1363 423 1364 423 1365 423 1366 424 1363 424 1367 424 1363 425 1365 425 1367 425 1366 426 1367 426 1368 426 1369 427 1368 427 1370 427 1371 428 1372 428 1373 428 1374 429 1375 429 1376 429 1377 430 1378 430 1379 430 1377 430 1380 430 1378 430 1381 431 1382 431 1383 431 1381 432 1377 432 1382 432 1384 433 1385 433 1386 433 1387 434 1386 434 1388 434 1389 435 1387 435 1390 435 1387 435 1388 435 1390 435 1391 436 1389 436 1392 436 1389 437 1390 437 1392 437 1393 438 1391 438 1394 438 1395 439 1396 439 1397 439 1395 440 1397 440 1398 440 1399 441 1400 441 1401 441 1402 442 1403 442 1404 442 1405 443 1406 443 1407 443 1405 444 1407 444 1408 444 1409 445 1410 445 1411 445 1412 446 1409 446 1413 446 1414 447 1415 447 1416 447 1417 448 1418 448 1419 448 1417 448 1420 448 1418 448 1421 449 1417 449 1422 449 1423 450 1422 450 1424 450 1423 451 1424 451 1425 451 1426 452 1425 452 1427 452 1426 451 1423 451 1425 451 1428 453 1429 453 1430 453 1431 454 1428 454 1430 454 1432 455 1433 455 1434 455 1435 456 1436 456 1437 456 1435 457 1437 457 1438 457 1435 458 1438 458 1439 458 1440 459 1441 459 1442 459 1443 460 1444 460 1445 460 1446 461 1447 461 1448 461 1449 462 1446 462 1448 462 1450 463 1451 463 1452 463 1450 464 1452 464 1453 464 1450 465 1454 465 1451 465 1455 466 1453 466 1456 466 1457 467 1455 467 1458 467 1459 468 1458 468 1460 468 1461 469 1462 469 1463 469 1464 470 1463 470 1465 470 1464 469 1461 469 1463 469 1466 470 1464 470 1465 470 1467 471 1468 471 1469 471 1470 472 1471 472 1472 472 1473 473 1474 473 1475 473 1476 474 1477 474 1472 474 1474 475 1478 475 1475 475 1479 476 1480 476 1481 476 1480 477 1482 477 1481 477 1483 478 481 478 1484 478 1473 479 1485 479 1481 479 1482 480 1474 480 1481 480 1485 481 1479 481 1481 481 1476 482 1472 482 1484 482 1486 483 1487 483 1488 483 481 484 1476 484 1484 484 1487 485 1489 485 1488 485 492 486 1483 486 1490 486 1480 487 1479 487 1491 487 1492 488 1480 488 1491 488 1471 489 1493 489 1494 489 1493 490 1495 490 1494 490 1495 491 1496 491 1494 491 1484 492 1471 492 1494 492 1497 493 1498 493 1476 493 1498 494 1477 494 1476 494 480 495 1499 495 481 495 1500 496 625 496 1501 496 1502 497 1476 497 481 497 1490 498 1484 498 1503 498 1504 499 1505 499 1506 499 1507 500 1508 500 1506 500 1505 501 1490 501 1509 501 1490 502 1503 502 1509 502 1510 503 1511 503 1512 503 1513 504 1514 504 1512 504 1511 505 1515 505 1512 505 1494 506 1510 506 1512 506 1470 507 1516 507 1471 507 576 508 561 508 1478 508 1517 509 1518 509 1474 509 1519 510 1517 510 1474 510 1520 511 1478 511 1474 511 1518 512 1521 512 1522 512 1521 513 1523 513 1522 513 1524 514 1468 514 1467 514 1511 515 1525 515 1515 515 1501 516 627 516 1526 516 627 517 1522 517 1526 517 1523 518 1527 518 1526 518 1528 519 1524 519 1529 519 1530 520 1528 520 1531 520 1532 521 1492 521 1469 521 1533 522 1529 522 1534 522 1535 523 1536 523 1537 523 1538 524 1539 524 1540 524 1541 525 1542 525 1543 525 1544 526 1545 526 1546 526 1544 527 1541 527 1545 527 1547 528 1548 528 1549 528 1550 529 1551 529 1552 529 1553 530 1550 530 1552 530 1554 531 1555 531 1556 531 1557 532 1558 532 1559 532 1560 533 1559 533 1561 533 1562 534 1563 534 1564 534 1565 535 1562 535 1566 535 1562 536 1564 536 1566 536 1565 537 1566 537 1567 537 1568 538 1569 538 1570 538 1571 539 1572 539 1564 539 1573 540 1574 540 1575 540 1575 541 1576 541 1577 541 1573 542 1575 542 1578 542 1579 543 1580 543 1581 543 1582 544 1583 544 1584 544 298 83 355 83 1585 83 1582 83 1584 83 1586 83 1586 83 1584 83 1587 83 1588 545 529 545 1589 545 1590 83 1591 83 1589 83 1592 83 1590 83 1589 83 1586 83 1587 83 1593 83 1594 83 1595 83 1596 83 1595 83 1597 83 1596 83 1598 83 1599 83 1600 83 1589 83 1591 83 1601 83 1585 83 1596 83 1602 83 1586 83 1603 83 1604 83 1585 546 1602 546 1605 546 1586 83 1604 83 1606 83 1607 547 1591 547 1608 547 1609 548 1610 548 1611 548 298 549 1605 549 1612 549 667 550 1612 550 1613 550 248 83 667 83 1613 83 1614 551 1615 551 1616 551 248 83 1617 83 1618 83 529 83 1619 83 1620 83 1621 83 1622 83 1623 83 1624 83 1625 83 1626 83 619 83 1627 83 1628 83 1629 552 1630 552 1631 552 1632 553 1629 553 1631 553 339 554 1633 554 1634 554 1635 555 1636 555 1637 555 1638 556 1639 556 1640 556 1641 557 1631 557 1642 557 1643 558 1644 558 1642 558 1645 559 1646 559 1647 559 1638 560 1648 560 1649 560 1650 561 1651 561 1652 561 1653 562 1650 562 1652 562 1654 563 1655 563 1656 563 1657 564 1658 564 1656 564 1642 565 1659 565 1660 565 1661 566 1653 566 1662 566 1663 567 1661 567 1662 567 1664 568 1662 568 1665 568 1666 569 1667 569 1665 569 1668 570 1669 570 1670 570 1671 571 1672 571 1670 571 1673 572 1674 572 1675 572 1676 573 1677 573 1675 573 1672 574 1678 574 1675 574 1679 575 1672 575 1680 575 1681 576 1682 576 1683 576 1681 577 1683 577 1684 577 1683 578 1685 578 1684 578 1655 579 1685 579 1686 579 1687 580 1635 580 1686 580 1635 581 1637 581 1686 581 1637 582 1655 582 1686 582 1655 583 1637 583 1688 583 1688 584 1660 584 1689 584 1690 585 1691 585 1692 585 1693 586 1690 586 1692 586 1632 587 1694 587 1629 587 1650 588 1695 588 1696 588 1697 589 1667 589 1698 589 1699 590 1700 590 1701 590 359 591 1702 591 1703 591 1704 592 1705 592 1706 592 1707 593 1708 593 1706 593 1702 594 1709 594 1710 594 1711 595 360 595 1712 595 1713 596 1711 596 1712 596 360 597 1703 597 1712 597 1714 598 1706 598 1678 598 1713 599 1712 599 1715 599 658 600 657 600 1715 600 1712 601 1716 601 1715 601 1717 602 1716 602 1718 602 658 603 1715 603 1719 603 242 604 658 604 1719 604 243 605 242 605 1719 605 1715 606 1716 606 1719 606 1720 607 1721 607 1719 607 712 608 243 608 1722 608 1721 609 1723 609 1722 609 1724 610 1725 610 1679 610 1724 611 1679 611 1726 611 1727 612 1728 612 1726 612 1729 613 1730 613 1731 613 1732 614 679 614 1731 614 1730 615 1733 615 1731 615 1731 616 1733 616 1682 616 1734 617 1726 617 1735 617 1736 618 1737 618 1735 618 1738 619 1739 619 1681 619 1740 83 1741 83 1742 83 1742 83 1741 83 1743 83 1743 83 1741 83 1744 83 1745 83 1746 83 1747 83 1748 83 1749 83 1750 83 1749 620 1751 620 1750 620 1752 83 1753 83 703 83 1753 621 194 621 703 621 1754 622 1745 622 1755 622 1756 83 1757 83 628 83 1758 623 1756 623 628 623 1759 83 1760 83 1761 83 1760 83 1762 83 1761 83 1763 624 1764 624 551 624 1750 625 1765 625 1761 625 1766 83 1767 83 1768 83 1769 83 1770 83 1771 83 1772 626 1773 626 1774 626 1775 83 250 83 252 83 1776 627 1775 627 252 627 1777 83 1778 83 1779 83 1779 628 1778 628 1780 628 1781 629 1633 629 1782 629 1740 83 1783 83 1741 83 1783 83 1784 83 1741 83 1784 630 1771 630 1741 630 1785 631 1780 631 1786 631 1787 632 1788 632 1789 632 1527 633 1790 633 1791 633 1788 634 1792 634 1789 634 1793 635 1787 635 1789 635 1794 636 429 636 1795 636 1796 637 1788 637 1797 637 1798 638 1799 638 1800 638 1801 639 188 639 1800 639 1802 640 1803 640 1804 640 1805 641 1806 641 1807 641 1808 642 1796 642 1809 642 1803 643 1810 643 1809 643 1533 644 1534 644 1811 644 1812 645 1533 645 1811 645 1801 646 1800 646 1813 646 669 647 1807 647 1814 647 1800 648 1799 648 1815 648 545 649 669 649 1814 649 1816 650 1795 650 1814 650 1527 651 1817 651 1790 651 1818 652 1819 652 1820 652 1821 653 1822 653 1823 653 1815 654 1821 654 1823 654 320 655 1824 655 1792 655 1825 656 317 656 1792 656 1826 657 1827 657 1828 657 1822 658 1829 658 1830 658 1823 659 1822 659 1830 659 429 660 431 660 1831 660 1820 661 1832 661 1802 661 1818 662 1820 662 1802 662 1812 663 1531 663 1533 663 1826 664 1814 664 1833 664 1808 665 1834 665 1796 665 1802 666 1835 666 1803 666 1836 667 1837 667 1838 667 1834 668 1839 668 1840 668 1841 669 1796 669 1840 669 1842 670 1843 670 1840 670 1843 671 1842 671 1844 671 1823 672 1787 672 1793 672 1845 673 1846 673 1847 673 1848 674 1849 674 1850 674 1851 675 1852 675 1853 675 1854 676 1855 676 1856 676 1857 677 1858 677 1859 677 1857 677 1859 677 1860 677 1861 678 1862 678 1863 678 1864 679 1863 679 1865 679 1864 680 1861 680 1863 680 1866 681 1865 681 1867 681 1868 682 1867 682 1869 682 1870 683 1871 683 1872 683 1870 683 1873 683 1871 683 1874 684 1875 684 1876 684 1874 685 1876 685 1877 685 1874 686 1878 686 1875 686 1879 687 1880 687 1881 687 1882 688 1883 688 1884 688 1882 689 1885 689 1881 689 1886 690 1884 690 1887 690 1886 688 1882 688 1884 688 1888 691 1889 691 1890 691 1891 692 1892 692 1893 692 1894 693 1895 693 1896 693 1894 694 1897 694 1895 694 1898 695 1899 695 1900 695 1901 696 1900 696 1902 696 1903 697 1904 697 1905 697 1906 698 1907 698 1908 698 1909 699 1910 699 1911 699 1912 700 1913 700 1909 700 1914 701 1915 701 1916 701 1917 702 1918 702 1919 702 1920 703 1921 703 1922 703 1923 704 1920 704 1924 704 1925 705 1926 705 1927 705 1926 706 1928 706 1927 706 1929 707 1925 707 1930 707 1931 708 1929 708 1932 708 1929 709 1930 709 1932 709 1933 710 1931 710 1934 710 1931 711 1932 711 1934 711 1935 712 1933 712 1936 712 1937 713 1938 713 1939 713 1940 714 1941 714 1942 714 1943 715 1940 715 1942 715 1941 716 1939 716 1942 716 1944 717 1945 717 1946 717 1947 718 1948 718 1949 718 1950 719 1949 719 1951 719 1942 720 1952 720 1953 720 1952 721 1954 721 1953 721 1955 722 1956 722 1957 722 1956 723 1958 723 1957 723 1959 724 1960 724 1961 724 1961 725 1962 725 1963 725 1964 726 1965 726 1966 726 1964 727 1966 727 1967 727 1968 728 1969 728 1970 728 1971 729 1972 729 1973 729 1974 730 1975 730 1976 730 1975 731 1977 731 1976 731 1978 732 1974 732 1979 732 1980 733 1981 733 1982 733 1980 734 1982 734 1983 734 1984 735 1985 735 1986 735 1987 736 1988 736 1989 736 1987 737 1989 737 1990 737 1991 738 1992 738 1993 738 1994 739 1995 739 1996 739 1997 740 1996 740 1998 740 1997 741 1998 741 1999 741 2000 742 2001 742 2002 742 2003 743 2004 743 2005 743 2004 744 2006 744 2005 744 2007 745 2008 745 2009 745 2008 746 2010 746 2009 746 2011 747 2007 747 2012 747 2013 748 2014 748 2015 748 2016 749 2017 749 2018 749 2019 750 2020 750 2021 750 2019 751 2021 751 2022 751 2023 752 2024 752 2025 752 2023 752 2026 752 2024 752 2027 753 2023 753 2025 753 2028 754 2027 754 2029 754 2030 755 2031 755 2032 755 2030 756 2028 756 2031 756 2033 757 2034 757 2035 757 2036 757 2033 757 2035 757 2037 758 2038 758 2039 758 2040 759 2037 759 2041 759 2042 760 2043 760 2044 760 2045 761 2042 761 2046 761 2045 762 2046 762 2047 762 2048 763 2049 763 2050 763 2049 764 2051 764 2050 764 2052 765 2053 765 2054 765 2055 766 2054 766 2056 766 2057 767 2058 767 2059 767 2060 768 2061 768 2062 768 2063 769 2064 769 2065 769 2064 770 2066 770 2065 770 2067 771 2068 771 2069 771 2070 772 2065 772 2071 772 2072 773 2067 773 2069 773 2068 774 2073 774 2069 774 2072 775 2069 775 2074 775 2075 776 2076 776 2077 776 2078 777 2072 777 2079 777 2080 778 2075 778 2077 778 2081 779 2082 779 2083 779 2084 780 2085 780 2086 780 2084 781 2086 781 2087 781 2088 782 2089 782 2090 782 2091 783 2092 783 2093 783 2094 784 2095 784 2096 784 2097 785 2094 785 2096 785 2098 786 2099 786 2100 786 2101 787 2098 787 2100 787 2102 788 2101 788 2103 788 2104 789 2105 789 2106 789 2104 790 2106 790 2107 790 2108 791 2104 791 2107 791 2109 792 2110 792 2111 792 2112 793 2113 793 2114 793 2115 794 2116 794 2117 794 2118 795 2119 795 2120 795 2115 796 2121 796 2122 796 2123 797 2124 797 2125 797 2126 798 2127 798 2128 798 2127 799 2125 799 2128 799 2129 800 2126 800 2130 800 2131 801 2130 801 2132 801 2133 802 2134 802 2135 802 2134 803 2132 803 2135 803 2136 804 2137 804 2138 804 2137 805 2139 805 2138 805 2136 806 2138 806 2140 806 2141 807 2136 807 2140 807 2142 808 2143 808 2144 808 2145 809 2142 809 2144 809 2145 810 2146 810 2147 810 2148 811 2147 811 2149 811 2150 812 2151 812 2152 812 2153 813 2154 813 2155 813 2153 814 2155 814 2156 814 2157 815 2156 815 2158 815 2159 816 2160 816 2161 816 2162 817 2161 817 2163 817 2164 818 2162 818 2163 818 2164 819 2163 819 2165 819 2166 820 2167 820 2168 820 2169 821 2166 821 2170 821 2169 822 2170 822 2171 822 2172 823 2169 823 2171 823 2173 824 2174 824 2175 824 2173 825 2175 825 2176 825 2177 826 2178 826 2179 826 2177 827 2180 827 2181 827 2182 828 2181 828 2183 828 2184 829 2185 829 2186 829 2187 830 2188 830 2189 830 2190 831 2191 831 2192 831 2190 832 2192 832 2193 832 2194 833 2190 833 2193 833 2195 834 2196 834 2197 834 2198 835 2199 835 2200 835 2201 836 2202 836 2203 836 2204 837 2205 837 2206 837 2204 838 2206 838 2207 838 2208 839 2209 839 2210 839 2211 840 2212 840 2213 840 2211 841 2213 841 2214 841 2215 842 2211 842 2214 842 2216 843 2215 843 2214 843 2216 844 2214 844 2217 844 2218 845 2217 845 2219 845 2220 846 2219 846 2221 846 2222 847 2223 847 2224 847 2042 848 2225 848 2043 848 2226 83 2227 83 2228 83 2229 849 2230 849 2231 849 2232 83 2233 83 2234 83 2235 850 2234 850 2236 850 2237 851 2238 851 2239 851 2237 852 2240 852 2238 852 2241 853 2239 853 2242 853 2243 854 2241 854 2242 854 2244 83 2245 83 2246 83 2247 855 2244 855 2246 855 2248 83 2249 83 2250 83 2251 856 2252 856 2253 856 2254 857 2255 857 2256 857 2257 83 2255 83 2254 83 2258 858 2259 858 2260 858 2261 859 2262 859 2263 859 2264 83 2265 83 2266 83 2267 860 2268 860 2269 860 2270 83 2271 83 2272 83 2273 83 2272 83 2274 83 2273 83 2270 83 2272 83 2275 861 2273 861 2274 861 2276 83 2277 83 2278 83 2279 83 2276 83 2278 83 2280 862 2279 862 2281 862 2282 863 2283 863 2284 863 2285 83 2286 83 2287 83 2288 864 2289 864 2290 864 2288 865 2291 865 2289 865 2292 83 2293 83 2294 83 2295 866 2296 866 2292 866 2297 867 2298 867 2299 867 2300 868 2301 868 2302 868 2303 83 2304 83 2305 83 2306 83 2303 83 2307 83 2308 869 2306 869 2307 869 2309 83 2310 83 2311 83 2312 83 2309 83 2313 83 2314 870 2312 870 2313 870 2315 83 2316 83 2314 83 2317 83 2316 83 2315 83 2318 83 2319 83 2320 83 2321 83 2322 83 2323 83 2321 83 2324 83 2322 83 2325 83 2321 83 2323 83 2326 83 2325 83 2327 83 2328 83 2326 83 2329 83 2330 871 2331 871 2332 871 2333 872 2334 872 2331 872 2335 83 2330 83 2332 83 2336 873 2337 873 2338 873 2336 83 2338 83 2339 83 2340 874 2341 874 2342 874 2343 875 2344 875 2345 875 2346 83 2347 83 2348 83 2349 876 2350 876 2351 876 2352 83 2353 83 2354 83 2355 877 2354 877 2356 877 2357 878 2355 878 2356 878 2358 879 2359 879 2360 879 2361 880 2362 880 2363 880 2364 881 2365 881 2366 881 2367 882 2368 882 2369 882 2370 83 2371 83 2372 83 2373 83 2374 83 2375 83 2376 83 2375 83 2377 83 2378 83 2377 83 2379 83 2378 83 2376 83 2377 83 2380 83 2378 83 2379 83 2381 83 2382 83 2383 83 2384 83 2385 83 2386 83 2387 883 2388 883 2384 883 2389 83 2390 83 2391 83 2392 884 2390 884 2389 884 2393 885 2392 885 2389 885 2394 886 2395 886 2393 886 2396 83 2395 83 2394 83 2397 83 2398 83 2399 83 2400 887 2401 887 2402 887 2400 888 2403 888 2401 888 2404 889 2405 889 2406 889 2407 890 2408 890 2404 890 2409 83 2410 83 2411 83 2412 891 2409 891 2411 891 2413 83 2409 83 2412 83 2414 892 2413 892 2412 892 2415 83 2413 83 2414 83 2416 893 2417 893 2418 893 2416 894 2418 894 2419 894 2420 83 2417 83 2416 83 2421 895 2422 895 2423 895 2424 896 2425 896 2426 896 2427 897 2428 897 2429 897 2427 83 2429 83 2424 83 2430 898 2431 898 2432 898 2433 899 2430 899 2432 899 2434 83 2430 83 2433 83 2435 83 2436 83 2437 83 2438 83 2439 83 2440 83 2441 900 2442 900 2443 900 2444 901 2445 901 2446 901 2447 902 2448 902 2449 902 2450 903 2451 903 2448 903 2452 904 2453 904 2454 904 2455 83 2456 83 2457 83 2458 83 2456 83 2455 83 2459 83 2460 83 2461 83 2462 83 2463 83 2464 83 2465 83 2459 83 2461 83 2466 905 2467 905 2468 905 2469 906 2470 906 2467 906 2471 907 2472 907 2470 907 2473 908 2474 908 2472 908 2475 83 2474 83 2473 83 2476 83 2477 83 2478 83 2476 909 2479 909 2477 909 2480 83 2481 83 2482 83 2483 83 2478 83 2484 83 2485 83 2484 83 2486 83 2487 83 2486 83 2488 83 2489 83 2488 83 2490 83 2489 83 2490 83 2491 83 2489 910 2487 910 2488 910 1471 911 2492 911 1493 911 1493 912 2492 912 2493 912 2494 913 2495 913 2496 913 2494 914 2497 914 2495 914 2498 915 2499 915 2500 915 2501 916 2502 916 2503 916 2504 917 2501 917 2503 917 2505 918 2506 918 2507 918 2508 919 2505 919 2507 919 2509 920 2508 920 2510 920 2511 921 2512 921 2513 921 2514 922 2515 922 2516 922 2517 923 2518 923 2516 923 2519 924 2514 924 2520 924 2520 925 2521 925 2522 925 2523 926 2524 926 2525 926 2526 927 2527 927 2528 927 2529 928 2530 928 2531 928 2531 929 2530 929 2532 929 2530 930 2533 930 2532 930 2534 931 2535 931 2536 931 2532 932 2533 932 2537 932 2533 933 2538 933 2537 933 2539 934 2540 934 2541 934 2542 935 2543 935 2544 935 2545 936 2546 936 2547 936 2546 937 2548 937 2547 937 2549 938 2550 938 2551 938 2552 939 2553 939 2554 939 2553 940 2555 940 2554 940 2554 941 2556 941 2557 941 2558 942 2559 942 2560 942 2561 943 2551 943 2560 943 2557 944 2558 944 2560 944 2562 945 2563 945 2564 945 2565 946 2566 946 2564 946 2566 947 2567 947 2568 947 2564 948 2566 948 2568 948 2569 949 2570 949 2571 949 2572 950 2573 950 2571 950 2525 951 2574 951 2575 951 2519 952 2522 952 2575 952 2576 953 2577 953 2578 953 2577 954 1691 954 2578 954 2579 955 2574 955 2578 955 2580 956 1694 956 2581 956 2576 957 2531 957 2581 957 2532 958 2537 958 2582 958 2583 959 2584 959 2585 959 2586 960 2580 960 2582 960 2565 961 2564 961 2587 961 2563 962 2588 962 2587 962 2589 963 2583 963 2590 963 2591 964 2592 964 2593 964 2594 965 2593 965 2595 965 2596 966 2597 966 2598 966 2599 967 2596 967 2600 967 1676 968 2601 968 2602 968 2603 969 2599 969 2604 969 2605 970 2606 970 2607 970 2608 971 2609 971 2610 971 2611 972 2610 972 2612 972 2613 973 2614 973 2615 973 2614 974 2612 974 2615 974 2616 975 2617 975 2618 975 2617 976 2619 976 2618 976 2620 977 2621 977 2622 977 2623 978 2616 978 2624 978 2548 979 2623 979 2625 979 2622 980 2626 980 2550 980 1820 981 1811 981 2573 981 1832 982 1820 982 2572 982 2627 983 2628 983 2629 983 2602 984 2630 984 2519 984 2630 985 2631 985 2519 985 2540 986 2632 986 2586 986 1659 987 2580 987 2586 987 1529 988 1467 988 2588 988 1534 989 1529 989 2588 989 2633 990 2634 990 2635 990 2634 991 2636 991 2635 991 2536 992 1835 992 2637 992 1832 993 2572 993 2637 993 2569 994 2636 994 2570 994 2629 995 2638 995 2639 995 2640 996 2639 996 2641 996 2639 997 2642 997 2641 997 2641 998 2643 998 2644 998 2640 999 2641 999 2644 999 2643 1000 2645 1000 2644 1000 2644 1001 2645 1001 2646 1001 2645 1002 2647 1002 2646 1002 2648 1003 2649 1003 2513 1003 2649 1004 2603 1004 2513 1004 2650 1005 2651 1005 2652 1005 2651 1006 2653 1006 2652 1006 2654 1007 2655 1007 2656 1007 2657 1008 2658 1008 2659 1008 2660 1009 2661 1009 2662 1009 2661 1010 2659 1010 2662 1010 2663 1011 2664 1011 2665 1011 2665 1012 2666 1012 2667 1012 2668 1013 2669 1013 2670 1013 2671 1014 1521 1014 2672 1014 2673 1015 2674 1015 2675 1015 2676 1016 2677 1016 2678 1016 2679 1017 2680 1017 2681 1017 2682 1018 2683 1018 2684 1018 2681 1019 2680 1019 2684 1019 1790 1020 1817 1020 2685 1020 1790 1021 2685 1021 2686 1021 2687 1022 2683 1022 2688 1022 1790 1023 2686 1023 2689 1023 2690 1024 2691 1024 1799 1024 2692 1025 2688 1025 2693 1025 2694 1026 2695 1026 2696 1026 2697 1027 2698 1027 2699 1027 2700 1028 2701 1028 2697 1028 2702 83 2701 83 2700 83 2703 1029 2704 1029 2705 1029 2706 83 2707 83 2708 83 2709 83 2710 83 2706 83 2711 1030 2712 1030 2713 1030 2713 1031 2714 1031 2715 1031 2716 1032 2717 1032 2718 1032 2719 1033 2720 1033 2721 1033 2719 1034 2721 1034 2722 1034 2723 1035 2724 1035 2725 1035 2726 1036 2727 1036 2728 1036 2729 1037 2728 1037 2730 1037 2731 1038 2732 1038 2733 1038 2734 1039 2735 1039 2736 1039 2737 1040 2738 1040 2739 1040 2740 1041 2736 1041 2741 1041 2742 1042 2741 1042 2743 1042 2744 1043 2743 1043 2745 1043 2744 1044 2742 1044 2743 1044 2746 1045 2747 1045 2748 1045 2749 1046 2748 1046 2750 1046 2751 1047 2748 1047 2752 1047 2753 1048 2754 1048 2755 1048 2756 1049 2757 1049 2758 1049 2759 1050 2760 1050 2761 1050 2762 1051 2761 1051 2763 1051 2764 1052 2765 1052 2766 1052 2764 1053 2766 1053 2767 1053 2768 1054 2769 1054 2770 1054 2771 1055 2768 1055 2772 1055 2771 1056 2773 1056 2774 1056 2775 1057 2776 1057 2777 1057 2778 1058 2779 1058 2780 1058 2778 1059 2781 1059 2782 1059 2778 1060 2782 1060 2783 1060 2784 1061 2778 1061 2785 1061 2786 1062 2778 1062 2787 1062 1649 1063 1648 1063 2788 1063 1649 1064 2788 1064 1699 1064 1695 1065 1653 1065 2789 1065 1696 1066 1695 1066 2789 1066 2789 1067 1661 1067 2790 1067 2791 1068 2792 1068 2793 1068 2791 1069 2794 1069 2792 1069 2795 1070 2793 1070 2796 1070 2795 1071 2791 1071 2793 1071 2797 1072 2798 1072 2799 1072 2797 1073 2799 1073 2800 1073 2801 1074 2797 1074 2800 1074 2802 1075 2803 1075 2804 1075 2805 1076 2806 1076 2807 1076 2805 1077 2802 1077 2806 1077 2808 1078 2809 1078 2810 1078 2808 1079 2805 1079 2807 1079 2811 1080 2812 1080 2813 1080 2813 1081 2812 1081 2814 1081 2814 1082 2812 1082 2815 1082 2816 1083 1723 1083 1721 1083 2817 1084 2818 1084 1721 1084 2817 1085 1721 1085 1720 1085 2819 1086 1720 1086 1716 1086 2820 1087 2821 1087 2822 1087 2823 1088 2820 1088 2824 1088 2820 1089 2822 1089 2824 1089 2825 1090 2826 1090 2827 1090 2823 1091 2824 1091 2828 1091 2827 1092 2826 1092 2829 1092 2829 1093 2826 1093 2830 1093 2826 1094 1733 1094 1730 1094 2831 1095 2832 1095 2833 1095 2834 1096 1730 1096 2835 1096 2836 1097 2837 1097 2838 1097 2839 1098 2840 1098 2841 1098 2842 1099 2843 1099 2844 1099 2845 1100 2846 1100 2847 1100 2846 1101 2844 1101 2847 1101 2848 1102 2849 1102 2850 1102 2849 1103 2847 1103 2850 1103 2851 1104 2852 1104 2853 1104 2854 1105 2855 1105 2856 1105 2855 1106 2853 1106 2856 1106 2857 1107 2858 1107 2859 1107 2860 1108 2857 1108 2861 1108 2862 1109 2861 1109 2812 1109 2863 1110 2864 1110 2865 1110 2866 1111 2867 1111 2868 1111 2867 1112 2869 1112 2868 1112 2870 1113 2866 1113 2871 1113 2872 1114 2870 1114 2871 1114 2873 1115 2872 1115 2874 1115 2875 1116 2873 1116 2876 1116 2877 1117 2875 1117 2878 1117 2879 1118 2877 1118 2880 1118 2881 1119 2882 1119 2883 1119 2882 1120 2884 1120 2883 1120 2885 1121 2886 1121 2887 1121 2888 1122 2887 1122 2889 1122 2888 1123 2885 1123 2887 1123 2890 1124 2891 1124 2892 1124 2890 1125 2893 1125 2891 1125 2894 1126 2895 1126 2896 1126 2897 1127 2898 1127 2899 1127 2897 1128 2899 1128 2900 1128 2897 1129 2901 1129 2898 1129 2902 1130 2903 1130 2885 1130 2904 1131 2885 1131 2905 1131 2905 1132 2885 1132 2906 1132 2907 1133 2908 1133 2909 1133 2910 1134 2911 1134 2912 1134 2913 1135 2914 1135 2915 1135 2913 1136 2916 1136 2914 1136 2917 1137 2918 1137 2919 1137 2920 1138 2919 1138 2921 1138 2922 1139 2923 1139 2924 1139 2925 1140 2926 1140 2927 1140 2928 1141 2929 1141 2930 1141 2931 1142 2932 1142 2933 1142 2932 1143 2930 1143 2933 1143 2934 1144 2931 1144 2935 1144 2934 1145 2935 1145 2936 1145 2937 1146 2934 1146 2938 1146 2939 1147 2937 1147 2940 1147 2937 1148 2938 1148 2940 1148 2941 1149 2939 1149 2942 1149 2941 1150 2942 1150 2943 1150 2944 1151 2943 1151 2945 1151 2946 1152 2947 1152 2948 1152 2949 1153 2946 1153 2948 1153 2947 1154 2950 1154 2948 1154 2951 1155 1837 1155 2952 1155 2953 1156 2951 1156 2952 1156 2954 1157 2955 1157 2956 1157 2957 83 2958 83 2959 83 2960 1158 2961 1158 2962 1158 2963 1159 2964 1159 2965 1159 2966 1160 2967 1160 2968 1160 2969 83 2970 83 2971 83 2972 83 2973 83 2974 83 2975 83 2976 83 2977 83 2975 83 2977 83 2978 83 2979 83 2980 83 2981 83 2979 83 2981 83 2975 83 2982 1161 2983 1161 2984 1161 2985 1162 2986 1162 2987 1162 2988 83 2989 83 2990 83 2991 1163 2992 1163 2988 1163 2993 1164 2994 1164 2995 1164 2996 1165 2997 1165 2998 1165 2999 1166 3000 1166 3001 1166 3002 1167 3003 1167 3004 1167 3002 1168 3004 1168 3005 1168 3006 1169 3007 1169 3003 1169 3008 83 3009 83 3010 83 3011 1170 3012 1170 3013 1170 3014 1171 3015 1171 3016 1171 3017 83 3018 83 3019 83 3020 83 3021 83 3022 83 3023 83 3024 83 3020 83 3025 83 3026 83 3027 83 3028 1172 3029 1172 3030 1172 3031 83 3032 83 3033 83 3034 83 3031 83 3035 83 3036 83 3034 83 3035 83 3037 83 3038 83 3039 83 3040 1173 3041 1173 3042 1173 3043 191 3044 191 3045 191 3046 191 3047 191 3048 191 3043 1174 3049 1174 3050 1174 3051 191 3052 191 3053 191 3054 191 3055 191 3056 191 3057 191 3058 191 3059 191 3060 191 3061 191 3062 191 3063 191 3064 191 3065 191 3066 191 3067 191 3068 191 3069 191 3063 191 3070 191 3071 191 3066 191 3068 191 3072 191 3073 191 3074 191 3073 1175 3075 1175 3076 1175 3077 1176 3078 1176 3079 1176 3071 191 3068 191 3080 191 3081 191 3082 191 3083 191 3084 191 3081 191 3083 191 3085 1177 3086 1177 3087 1177 3088 1178 3089 1178 3090 1178 3085 191 3087 191 3091 191 3089 1179 3092 1179 3093 1179 3094 1180 3092 1180 3095 1180 3096 191 3097 191 3098 191 3097 1181 3099 1181 3098 1181 3100 191 3101 191 3102 191 3103 191 3104 191 3105 191 3106 1182 3107 1182 3105 1182 3099 191 3108 191 3109 191 3106 1183 3105 1183 3110 1183 3111 1184 3112 1184 3113 1184 3114 191 3115 191 3116 191 3117 191 3118 191 3119 191 3120 191 3117 191 3119 191 3118 191 3121 191 3122 191 3122 191 3121 191 3123 191 3123 191 3124 191 3125 191 3126 191 3127 191 3128 191 3129 191 3130 191 3131 191 3132 191 3133 191 3131 191 3128 191 3127 191 3134 191 3135 191 3132 191 3136 191 3137 1185 3138 1185 3139 1185 3140 191 3141 191 3142 191 3142 191 3141 191 3143 191 3144 191 3142 191 3143 191 3144 191 3143 191 3145 191 3146 1179 3147 1179 3148 1179 3145 191 3149 191 3150 191 3150 191 3149 191 3151 191 3152 191 3153 191 3154 191 3155 191 3156 191 3157 191 3158 1186 3159 1186 3160 1186 3158 1187 3160 1187 3161 1187 3160 1188 3162 1188 3163 1188 3163 1175 3162 1175 3164 1175 3165 191 3166 191 3167 191 3168 191 3167 191 3169 191 3170 191 3171 191 3172 191 3173 191 3168 191 3174 191 3168 1177 3169 1177 3174 1177 3173 1189 3174 1189 3175 1189 3176 191 3177 191 3178 191 3177 191 3179 191 3178 191 3180 191 3173 191 3181 191 3173 191 3175 191 3181 191 3182 191 3180 191 3183 191 3184 191 3185 191 3186 191 3185 191 3187 191 3188 191 3182 191 3189 191 3190 191 3187 191 3191 191 3192 191 3044 191 3193 191 3194 191 3195 1190 3196 1190 3197 1190 3198 1191 3199 1191 3200 1191 3201 1192 3202 1192 3203 1192 3204 1193 3205 1193 3206 1193 3207 1194 3204 1194 3208 1194 3209 1195 3210 1195 3211 1195 3212 1196 3213 1196 3214 1196 3215 1197 3216 1197 3217 1197 3218 1198 3219 1198 3220 1198 3221 1199 3220 1199 3222 1199 3223 1200 3224 1200 3225 1200 3226 1201 3227 1201 3228 1201 3226 1202 3228 1202 3229 1202 3230 1203 3226 1203 3229 1203 3231 1204 3232 1204 3233 1204 3234 1205 3235 1205 3236 1205 3237 1206 3234 1206 3236 1206 3237 1206 3236 1206 3238 1206 3239 1207 3238 1207 3240 1207 3241 1208 3239 1208 3240 1208 3242 1209 3241 1209 3243 1209 3242 1210 3243 1210 3244 1210 3245 1211 3246 1211 3247 1211 3245 1212 3247 1212 3248 1212 3249 1213 3245 1213 3248 1213 3249 1213 3248 1213 3250 1213 3251 1214 3252 1214 3253 1214 3254 1215 3251 1215 3255 1215 3256 1216 3257 1216 3258 1216 3259 1217 3260 1217 3261 1217 3262 1218 3259 1218 3261 1218 3262 1219 3261 1219 3263 1219 3264 1220 3263 1220 3265 1220 3266 1221 3267 1221 3268 1221 3269 1222 3270 1222 3271 1222 3270 1223 3272 1223 3271 1223 3273 1224 3274 1224 3275 1224 3276 1225 3277 1225 3278 1225 3277 1226 3279 1226 3278 1226 3280 1227 3281 1227 3282 1227 3283 1228 3284 1228 3285 1228 3286 1229 3287 1229 3288 1229 3286 1230 3288 1230 3289 1230 3290 1231 3289 1231 3291 1231 3292 1232 3293 1232 3294 1232 3292 1233 3294 1233 3295 1233 3296 1234 3297 1234 3298 1234 3299 1235 3300 1235 3301 1235 3302 1236 3303 1236 3304 1236 3273 1237 3302 1237 3274 1237 3305 1238 3306 1238 3307 1238 3308 1239 3309 1239 3310 1239 3309 1240 3311 1240 3310 1240 3312 1241 3313 1241 3314 1241 3315 83 3316 83 3317 83 3318 1242 3319 1242 3320 1242 3321 1243 3318 1243 3320 1243 3322 1244 3323 1244 3324 1244 3325 1245 3326 1245 3327 1245 3328 1246 3329 1246 3330 1246 3331 1247 3325 1247 3332 1247 3325 1248 3327 1248 3332 1248 3326 1249 3333 1249 3334 1249 3331 1250 3332 1250 3335 1250 3326 1251 3334 1251 3327 1251 3336 1252 3337 1252 3338 1252 3339 1253 3340 1253 3341 1253 3340 1254 3342 1254 3341 1254 3339 1255 3341 1255 3343 1255 3344 1256 3345 1256 3346 1256 3347 1257 3348 1257 3349 1257 3350 1258 3347 1258 3351 1258 3352 1259 3353 1259 3354 1259 3352 1260 3354 1260 3355 1260 3356 1261 3357 1261 3358 1261 3359 1262 3360 1262 3361 1262 3362 1263 3363 1263 3364 1263 3323 1264 3362 1264 3364 1264 3365 1265 3366 1265 3367 1265 3368 1266 3369 1266 3370 1266 3371 1267 3372 1267 3373 1267 3372 1268 3374 1268 3373 1268 3375 83 3371 83 3376 83 3377 1269 3378 1269 3379 1269 3380 1270 3381 1270 3382 1270 3383 1271 3384 1271 3385 1271 3386 1272 3387 1272 3388 1272 3389 1273 3388 1273 3390 1273 3389 1274 3391 1274 3388 1274 3392 1275 3393 1275 3394 1275 3392 1276 3394 1276 3395 1276 3396 1277 3397 1277 3398 1277 3399 1278 3400 1278 3401 1278 3399 1279 3402 1279 3400 1279 3403 1280 3399 1280 3404 1280 3405 1281 3404 1281 3406 1281 3407 1282 3406 1282 3408 1282 3409 1283 3408 1283 3410 1283 3411 1284 3412 1284 3413 1284 3411 1284 3414 1284 3412 1284 3415 1285 3416 1285 3417 1285 3418 1286 3419 1286 3417 1286 3420 1287 3421 1287 3422 1287 3423 1288 3420 1288 3422 1288 3424 1289 3425 1289 3426 1289 3427 191 3180 191 3182 191 3428 191 3427 191 3182 191 3429 191 3428 191 3182 191 3430 1290 3431 1290 3432 1290 3431 1291 3182 1291 3432 1291 3433 1292 3432 1292 3044 1292 3104 191 3434 191 3435 191 3436 191 3437 191 3438 191 3439 1293 3440 1293 3441 1293 3104 191 3435 191 3442 191 3438 1294 3443 1294 3444 1294 3445 191 3434 191 3446 191 3444 191 3044 191 3447 191 3104 1295 3442 1295 3448 1295 3104 191 3448 191 3449 191 3450 1296 3079 1296 3451 1296 3104 1297 3449 1297 3452 1297 3079 191 3453 191 3454 191 3455 191 3453 191 3456 191 3105 1298 3457 1298 3458 1298 3110 1299 3105 1299 3458 1299 3110 191 3459 191 3460 191 3461 191 3462 191 3054 191 3463 1300 3461 1300 3054 1300 3464 191 3043 191 3054 191 3110 191 3460 191 3116 191 3465 191 3466 191 3071 191 3467 191 3465 191 3071 191 3468 1301 3071 1301 3085 1301 3469 1302 3456 1302 3470 1302 3471 1303 3469 1303 3470 1303 3472 191 3473 191 3470 191 3474 191 3472 191 3470 191 3475 1304 3476 1304 3477 1304 3439 1305 3478 1305 3477 1305 3479 1306 3130 1306 3480 1306 3130 1307 3481 1307 3482 1307 3116 1308 3460 1308 3483 1308 3460 1309 3484 1309 3483 1309 3485 191 3116 191 3483 191 3131 191 3486 191 3487 191 3484 1310 3488 1310 3489 1310 3131 1311 3487 1311 3490 1311 3490 191 3491 191 3136 191 3492 1312 3493 1312 3141 1312 3494 191 3470 191 3495 191 3470 1313 3496 1313 3497 1313 3498 191 3470 191 3499 191 3500 191 3470 191 3501 191 3502 1314 3500 1314 3501 1314 3503 191 3502 191 3501 191 3504 191 3503 191 3501 191 3505 191 3504 191 3501 191 3501 1315 3506 1315 3507 1315 3501 1316 3507 1316 3508 1316 3509 191 3510 191 3511 191 3512 1317 3509 1317 3511 1317 3513 191 3512 191 3511 191 3514 191 3515 191 3511 191 3514 1318 3511 1318 3516 1318 3501 1319 3517 1319 3518 1319 3511 191 3165 191 3519 191 3165 1320 3520 1320 3519 1320 3165 191 3168 191 3521 191 3520 191 3165 191 3521 191 3511 191 3519 191 3522 191 3511 1321 3522 1321 3523 1321 3524 1322 3168 1322 3525 1322 3525 1323 3168 1323 3173 1323 3526 191 3527 191 3173 191 3528 191 3173 191 3529 191 3529 191 3173 191 3180 191 3530 191 3531 191 3180 191 3532 191 3533 191 3439 191 3534 191 3535 191 3439 191 3536 1324 3534 1324 3439 1324 3537 1317 3538 1317 3439 1317 3539 191 3537 191 3439 191 3540 191 3541 191 3439 191 3501 191 3540 191 3439 191 3542 1325 3543 1325 3544 1325 3545 1326 3544 1326 3546 1326 3547 1327 3548 1327 3549 1327 3550 1328 3551 1328 3552 1328 3550 1329 3552 1329 3553 1329 3554 1330 3555 1330 3556 1330 3550 1331 3557 1331 3551 1331 3558 1332 3554 1332 3556 1332 3559 1333 3550 1333 3553 1333 3560 1334 3559 1334 3553 1334 3561 1335 3556 1335 3562 1335 3561 1336 3562 1336 3563 1336 3560 1337 3553 1337 3564 1337 3561 1338 3558 1338 3556 1338 3565 1339 3561 1339 3563 1339 3566 1340 3563 1340 3567 1340 3568 1341 3569 1341 3570 1341 3571 1342 3566 1342 3572 1342 3573 1343 3574 1343 3575 1343 3576 1344 3577 1344 3578 1344 3576 1345 3579 1345 3580 1345 3581 1346 3582 1346 3583 1346 3584 1347 3580 1347 3585 1347 3586 1348 3587 1348 3585 1348 3588 1349 3589 1349 3590 1349 3591 1350 3592 1350 3593 1350 3594 1351 3593 1351 3595 1351 3596 1352 3597 1352 3598 1352 3599 1353 3600 1353 3601 1353 3602 1354 3603 1354 3604 1354 3605 1355 3606 1355 3607 1355 3608 1356 3601 1356 3609 1356 3610 1357 3608 1357 3609 1357 3611 1358 3612 1358 3606 1358 3613 1359 3614 1359 3611 1359 3615 1360 3616 1360 3617 1360 3618 1361 3619 1361 3613 1361 3620 1362 3618 1362 3613 1362 3621 1363 3622 1363 3600 1363 3623 1364 3624 1364 3625 1364 3626 1365 3627 1365 3628 1365 3626 1366 3628 1366 3624 1366 3629 1367 3630 1367 3626 1367 3629 1368 3631 1368 3632 1368 3633 1369 3634 1369 3635 1369 3636 1370 3637 1370 3634 1370 3638 1371 3639 1371 3640 1371 3641 1372 3642 1372 3643 1372 3641 1373 3643 1373 3644 1373 3645 1374 3638 1374 3640 1374 3646 1375 3642 1375 3641 1375 3647 1376 3645 1376 3648 1376 3649 1377 3647 1377 3650 1377 3651 1378 3642 1378 3652 1378 3653 1379 3654 1379 3650 1379 3655 1380 3654 1380 3653 1380 3656 1381 3625 1381 3655 1381 3656 1382 3655 1382 3653 1382 3657 1383 3658 1383 3659 1383 3660 1384 3661 1384 3662 1384 3663 1385 3664 1385 3665 1385 3666 191 3667 191 3668 191 3669 1386 3670 1386 3671 1386 3672 191 3673 191 3674 191 3675 1387 3672 1387 3676 1387 3672 1388 3674 1388 3676 1388 3675 1389 3676 1389 3677 1389 3678 191 3679 191 3680 191 3681 191 3682 191 3683 191 3684 191 3685 191 3686 191 3680 1390 3679 1390 3686 1390 3687 1391 3681 1391 3688 1391 3689 191 3690 191 3691 191 3692 1392 3693 1392 3694 1392 3695 1393 3661 1393 3660 1393 3661 191 3696 191 3662 191 3697 1394 3698 1394 3699 1394 3697 1395 3700 1395 3698 1395 3701 1396 3697 1396 3702 1396 3703 1397 3697 1397 3701 1397 3704 1398 3705 1398 3706 1398 3707 1399 3708 1399 3709 1399 3710 1400 3711 1400 3709 1400 3712 1401 3709 1401 3713 1401 3709 1402 3711 1402 3714 1402 3715 1403 3703 1403 3716 1403 3716 1404 3703 1404 3717 1404 3717 1403 3703 1403 3718 1403 3718 1403 3703 1403 3719 1403 3720 1403 3721 1403 3714 1403 3722 1403 3723 1403 3714 1403 3724 1403 3725 1403 3714 1403 3725 1403 3703 1403 3714 1403 3726 1405 3727 1405 3728 1405 3726 1406 3729 1406 3727 1406 3730 1407 3726 1407 3728 1407 3731 1408 3732 1409 3733 1410 3734 1411 3735 1411 3736 1411 3734 1412 3737 1412 3735 1412 3738 1412 3734 1412 3739 1412 3740 1412 3734 1412 3738 1412 3741 1412 3742 1412 3743 1412 3741 1413 3744 1413 3742 1413 3741 1412 3745 1412 3744 1412 3741 1414 3746 1414 3747 1414 3748 1415 3749 1415 3750 1415 3748 1416 3741 1416 3751 1416 3752 1417 3753 1417 3754 1417 3755 1418 3756 1418 3757 1418 3758 1419 3759 1419 3760 1419 3761 1420 3762 1420 3763 1420 3755 1421 3757 1421 3764 1421 3765 1422 3761 1422 3766 1422 3758 1423 3767 1423 3768 1423 3769 1424 3758 1424 3768 1424 3765 1425 3766 1425 3770 1425 3756 1426 3771 1426 3772 1426 3773 1427 3765 1427 3774 1427 3775 1428 3773 1428 3776 1428 3773 1429 3774 1429 3776 1429 3777 1430 3775 1430 3778 1430 3779 1431 3777 1431 3780 1431 3781 1432 3779 1432 3782 1432 3783 1433 3784 1433 3785 1433 3786 1434 3787 1434 3788 1434 3789 1435 3786 1435 3788 1435 3790 1436 3791 1436 3792 1436 3793 1403 3790 1403 3794 1403 3795 1437 3796 1437 3797 1437 3798 1438 3799 1438 3800 1438 3798 1439 3800 1439 3801 1439 3802 1440 3803 1440 3753 1440 3804 1417 3805 1417 3806 1417 3807 1418 3808 1418 3809 1418 3810 1441 3804 1441 3811 1441 3812 1442 3813 1442 3814 1442 3815 1420 3816 1420 3817 1420 3807 1421 3809 1421 3818 1421 3812 1443 3814 1443 3819 1443 3815 1444 3817 1444 3820 1444 3821 1445 3820 1445 3822 1445 3823 1446 3824 1446 3825 1446 3821 1447 3822 1447 3826 1447 3827 1448 3828 1448 3829 1448 3830 1433 3831 1433 3832 1433 3833 1449 3834 1449 3835 1449 3836 1450 3832 1450 3835 1450 3837 1451 3833 1451 3838 1451 3833 1452 3835 1452 3838 1452 3837 1453 3838 1453 3839 1453 3837 1403 3839 1403 3840 1403 3841 1454 3842 1454 3843 1454 3841 1455 3843 1455 3844 1455 3845 1456 3846 1456 3847 1456 3848 1457 3845 1457 3847 1457 3848 1439 3847 1439 3849 1439 3850 1458 3848 1458 3851 1458 3852 1459 3850 1459 3805 1459 3853 1460 3854 1460 3855 1460 3856 1461 3857 1461 3858 1461 3859 1419 3860 1419 3861 1419 3862 1424 3859 1424 3863 1424 3862 1462 3863 1462 3864 1462 3865 1425 3866 1425 3867 1425 3868 1446 3862 1446 3864 1446 3869 1427 3865 1427 3870 1427 3865 1447 3867 1447 3870 1447 3871 1463 3869 1463 3872 1463 3871 1464 3872 1464 3873 1464 3874 1465 3875 1465 3876 1465 3875 1466 3873 1466 3876 1466 3877 1435 3878 1435 3879 1435 3880 1467 3881 1467 3879 1467 3882 1468 3877 1468 3883 1468 3882 1469 3883 1469 3884 1469 3882 1403 3884 1403 3885 1403 3886 1403 3882 1403 3885 1403 3887 1470 3886 1470 3888 1470 3889 1471 3887 1471 3890 1471 3891 1472 3892 1472 3893 1472 3894 1473 3893 1473 3895 1473 3896 1474 3897 1474 3855 1474 3854 1475 3896 1475 3855 1475 3898 1476 3899 1476 3900 1476 3901 1461 3902 1461 3903 1461 3904 1477 3898 1477 3905 1477 3906 1478 3907 1478 3908 1478 3909 1479 3910 1479 3911 1479 3912 1480 3909 1480 3911 1480 3913 1481 3914 1481 3915 1481 3914 1482 3916 1482 3915 1482 3917 1483 3913 1483 3918 1483 3919 1484 3917 1484 3920 1484 3917 1485 3918 1485 3920 1485 3921 1486 3922 1486 3923 1486 3924 1487 3921 1487 3925 1487 3926 1449 3924 1449 3925 1449 3921 1488 3923 1488 3925 1488 3927 1489 3928 1489 3929 1489 3930 1490 3927 1490 3929 1490 3930 1455 3929 1455 3931 1455 3932 1491 3930 1491 3931 1491 3933 1492 3934 1492 3935 1492 3936 1473 3935 1473 3937 1473 3936 1493 3937 1493 3938 1493 3939 1458 3936 1458 3938 1458 3940 191 3941 191 3942 191 3943 1494 3944 1494 3945 1494 3946 191 3947 191 3948 191 3949 191 3943 191 3950 191 3943 191 3945 191 3950 191 3948 191 3947 191 3951 191 3947 191 3952 191 3951 191 3949 191 3953 191 3954 191 3952 191 3955 191 3956 191 3957 1495 3958 1495 3959 1495 3960 1496 3961 1496 3962 1496 3962 1497 3961 1497 3963 1497 3964 1498 3965 1498 3966 1498 3959 191 3958 191 3967 191 3968 191 3969 191 3970 191 3971 191 3972 191 3973 191 3974 191 3975 191 3976 191 3967 191 3958 191 3977 191 3978 191 3979 191 3980 191 3981 191 3982 191 3983 191 3979 191 3984 191 3985 191 3982 191 3986 191 3987 191 3980 191 3979 191 3985 191 3988 1499 3989 1499 3990 1499 3988 1500 3990 1500 3991 1500 3992 1501 3988 1501 3993 1501 3992 1502 3994 1502 3995 1502 3996 1503 3997 1503 3998 1503 3996 1504 3999 1504 3997 1504 4000 1505 3996 1505 3998 1505 4001 1506 4002 1506 4003 1506 4004 1507 4001 1507 4005 1507 4004 1508 4005 1508 4006 1508 4007 1509 4008 1509 4009 1509 4010 1510 4011 1510 4012 1510 4011 1511 4013 1511 4012 1511 4010 1512 4012 1512 4014 1512 4015 1513 4016 1513 4017 1513 4015 1514 4017 1514 4018 1514 4019 1515 4020 1515 4021 1515 4019 1516 4021 1516 4022 1516 4023 1517 4024 1517 4025 1517 4026 1518 4023 1518 4027 1518 4023 1519 4025 1519 4027 1519 3998 1520 4026 1520 4028 1520 4029 1521 4030 1521 4031 1521 4032 1522 4033 1522 4034 1522 4033 1523 4035 1523 4034 1523 4036 1524 4037 1524 4038 1524 4036 1525 4038 1525 4039 1525 4040 1526 4041 1526 4042 1526 4043 1527 4044 1527 4045 1527 4046 1528 4045 1528 4047 1528 4048 1529 4049 1529 4050 1529 4051 1530 4050 1530 4052 1530 4053 1531 4054 1531 4055 1531 4056 1532 4051 1532 4057 1532 4058 1533 4059 1533 4060 1533 4061 1534 4062 1534 4063 1534 4064 1535 4061 1535 4063 1535 4065 1536 4066 1536 4067 1536 4066 1537 4068 1537 4067 1537 3672 1538 3675 1538 4069 1538 4070 1539 4071 1539 4072 1539 3694 1540 4067 1540 4073 1540 4074 1541 4075 1541 4073 1541 4076 1542 4077 1542 4078 1542 4072 1543 4079 1543 4078 1543 3691 1544 4073 1544 4080 1544 4081 1545 4082 1545 4083 1545 4084 1546 4085 1546 4086 1546 4079 1547 4084 1547 4086 1547 4078 1548 4079 1548 4086 1548 4080 1549 4087 1549 4088 1549 4089 1550 4090 1550 4088 1550 4091 1551 3689 1551 4088 1551 3689 1552 4080 1552 4088 1552 4092 1553 4081 1553 4093 1553 4094 1554 4062 1554 4095 1554 4096 1555 4092 1555 4093 1555 4086 1556 4085 1556 4097 1556 4085 1557 4098 1557 4097 1557 4099 1558 4100 1558 4101 1558 4102 1559 4099 1559 4101 1559 4103 1560 4104 1560 4105 1560 4106 1561 4107 1561 4105 1561 4097 1562 4103 1562 4105 1562 4076 1563 4078 1563 4108 1563 3673 1564 3672 1564 4109 1564 4110 1565 4093 1565 4111 1565 4093 1566 4081 1566 4111 1566 4086 1567 4097 1567 4112 1567 4097 1568 4105 1568 4113 1568 4110 1569 4112 1569 4113 1569 4114 1570 3668 1570 4115 1570 3668 1571 4116 1571 4115 1571 4117 1572 4118 1572 4119 1572 4066 1573 3665 1573 4068 1573 4116 1574 4119 1574 4077 1574 4115 1575 4116 1575 4077 1575 4120 1576 4121 1576 4122 1576 3683 1577 4120 1577 4122 1577 4123 1578 4124 1578 4125 1578 4122 1579 4126 1579 4127 1579 4128 1580 4123 1580 4129 1580 4123 1581 4125 1581 4129 1581 4130 1582 4131 1582 4132 1582 4133 1583 4130 1583 4132 1583 4134 1584 4135 1584 4136 1584 4137 1585 4129 1585 4138 1585 4127 1586 4139 1586 4138 1586 4139 1587 4140 1587 4138 1587 4129 1588 4127 1588 4138 1588 4137 1589 4138 1589 4141 1589 4142 1590 4143 1590 4144 1590 4145 1591 4146 1591 4144 1591 4147 1592 4148 1592 4149 1592 4150 1593 4145 1593 4151 1593 4152 1594 3680 1594 4149 1594 4145 1595 4144 1595 4151 1595 4148 1596 4153 1596 4154 1596 4155 1597 4143 1597 4156 1597 4149 1598 4148 1598 4154 1598 4157 1599 4158 1599 4156 1599 4132 1600 4159 1600 4160 1600 4155 1601 4156 1601 4160 1601 4161 1602 4153 1602 4162 1602 3671 1603 4162 1603 4163 1603 4164 1604 4165 1604 4163 1604 4166 1605 4167 1605 4168 1605 3660 1606 3662 1606 4169 1606 4167 1607 4101 1607 4168 1607 4164 1608 4163 1608 4169 1608 4170 1609 4171 1609 4168 1609 4172 1610 4142 1610 4146 1610 4162 1611 4173 1611 4146 1611 4163 1612 4162 1612 4146 1612 4174 1613 4166 1613 4175 1613 4166 1614 4168 1614 4175 1614 3660 1615 4169 1615 4126 1615 4176 1616 4177 1616 3697 1616 4177 1617 4178 1617 3697 1617 3697 1618 4178 1618 3702 1618 4179 1619 4095 1619 4061 1619 4179 1620 4094 1620 4095 1620 4134 191 4180 191 4181 191 4182 1621 4183 1621 4184 1621 4185 1622 4186 1622 4184 1622 4186 1623 4187 1623 4184 1623 4188 1624 4189 1624 4190 1624 4191 1625 4190 1625 4192 1625 4189 1626 4188 1626 4193 1626 4189 1627 4193 1627 4194 1627 4193 1628 4195 1628 4194 1628 4196 1629 4189 1629 4194 1629 4197 1630 4196 1630 4198 1630 4199 1631 4197 1631 4198 1631 4194 1632 4200 1632 4198 1632 4201 1633 4199 1633 4198 1633 4202 1634 4203 1634 4204 1634 4205 1635 4206 1635 4204 1635 4207 1636 4202 1636 4204 1636 4208 1637 4205 1637 4209 1637 4205 1638 4204 1638 4209 1638 4204 1639 4210 1639 4209 1639 4203 1640 4211 1640 4212 1640 4210 1641 4203 1641 4212 1641 4213 1642 4214 1642 4215 1642 4216 1643 4217 1643 4215 1643 4182 1644 4218 1644 4219 1644 4210 1645 4212 1645 4220 1645 4221 1646 4210 1646 4220 1646 4222 1647 4223 1647 4224 1647 4221 1648 4220 1648 4224 1648 4225 1649 4226 1649 4227 1649 4228 1650 4229 1650 4230 1650 3979 1651 3978 1651 4231 1651 4232 1652 4233 1652 4234 1652 4235 1653 4232 1653 4234 1653 4236 1654 4235 1654 4237 1654 4236 1655 4237 1655 4238 1655 4239 1656 4236 1656 4238 1656 4240 1657 4239 1657 4241 1657 4242 1658 4243 1658 4244 1658 4245 1659 4246 1659 4247 1659 3960 1660 3953 1660 4248 1660 3953 1661 4247 1661 4248 1661 4249 1662 3961 1662 4250 1662 4251 1663 4249 1663 4250 1663 4247 1664 4246 1664 4252 1664 4253 1665 4254 1665 4252 1665 4251 1666 4250 1666 4255 1666 4248 1667 4252 1667 4256 1667 4250 1668 4248 1668 4256 1668 4257 1669 4230 1669 4258 1669 4255 1670 4250 1670 4191 1670 4258 1671 4259 1671 4188 1671 4259 1672 4260 1672 4188 1672 4252 1673 4258 1673 4188 1673 4255 1674 4191 1674 4261 1674 4262 1675 4263 1675 4264 1675 4265 1676 4266 1676 4264 1676 3957 1677 3941 1677 4267 1677 3941 1678 4268 1678 4267 1678 4268 1679 4269 1679 4267 1679 4270 1680 3958 1680 4271 1680 4195 1681 4272 1681 4200 1681 4233 1682 4232 1682 4273 1682 4274 1683 4275 1683 4273 1683 4276 1684 4201 1684 4273 1684 4232 1685 4276 1685 4273 1685 3946 1686 4277 1686 4278 1686 3947 1687 3946 1687 4279 1687 4278 1688 4280 1688 4206 1688 4279 1689 4278 1689 4206 1689 4202 1690 4281 1690 4203 1690 4282 1691 4205 1691 4208 1691 3971 1692 4283 1692 4284 1692 4285 1693 4286 1693 4213 1693 4287 1694 4240 1694 4213 1694 4217 1695 4287 1695 4213 1695 4283 1696 4208 1696 4218 1696 4288 1697 4284 1697 4289 1697 4213 1698 4286 1698 4214 1698 4284 1699 4218 1699 4187 1699 4186 1700 4290 1700 4187 1700 4291 1701 4289 1701 4187 1701 4187 1702 4218 1702 4182 1702 4214 1703 4292 1703 4222 1703 4293 1704 4223 1704 4222 1704 4294 1619 4185 1619 4243 1619 3732 1705 4295 1705 4296 1705 3732 1706 4297 1706 4295 1706 4298 1707 4299 1707 4300 1707 4300 1708 4301 1708 4302 1708 4228 191 4230 191 4303 191 4304 1709 4305 1709 4306 1709 4306 191 4305 191 4307 191 4308 191 4306 191 4309 191 4310 191 4311 191 4312 191 4312 191 4311 191 4313 191 4314 191 4313 191 4315 191 4313 1710 4316 1710 4317 1710 4318 1711 4313 1711 4317 1711 4316 191 4319 191 4320 191 4317 1712 4316 1712 4320 1712 4321 1713 4322 1713 4323 1713 4322 1714 4324 1714 4325 1714 4326 191 4327 191 4328 191 4327 191 4329 191 4330 191 4327 1715 4330 1715 4331 1715 4328 191 4327 191 4331 191 4332 191 4331 191 4333 191 4331 1716 4334 1716 4335 1716 4335 1717 4334 1717 4336 1717 4337 191 4338 191 4339 191 4339 1718 4338 1718 4340 1718 4341 191 4339 191 4342 191 4340 191 4343 191 4344 191 4345 1719 4346 1719 4347 1719 4345 191 4347 191 4348 191 4348 191 4347 191 4349 191 4347 1720 4350 1720 4351 1720 4347 1710 4351 1710 4352 1710 4352 191 4351 191 4353 191 4354 191 4355 191 4356 191 4357 191 4358 191 4359 191 4360 191 4361 191 4362 191 4361 1721 4359 1721 4362 1721 4363 191 4364 191 4365 191 4364 1722 4366 1722 4367 1722 4365 191 4364 191 4368 191 4368 1723 4364 1723 4369 1723 4370 1724 6 1724 4371 1724 4372 1725 4370 1725 4371 1725 4372 1726 4371 1726 4373 1726 8 1727 10 1727 4374 1727 4375 5 11 5 13 5 4376 1728 4377 1728 4378 1728 15 1729 13 1729 17 1729 4376 1730 4378 1730 4379 1730 4380 1731 14 1731 16 1731 18 8 4381 8 19 8 4380 1732 4382 1732 23 1732 25 1733 18 1733 24 1733 27 1734 26 1734 32 1734 28 1735 30 1735 4383 1735 36 1736 28 1736 4383 1736 31 1737 32 1737 4384 1737 34 1738 4384 1738 35 1738 42 1739 4385 1739 38 1739 42 1740 38 1740 43 1740 39 1741 41 1741 4386 1741 4387 1742 42 1742 44 1742 45 1743 4387 1743 44 1743 48 1744 4388 1744 49 1744 4389 1745 51 1745 4390 1745 60 1746 56 1746 61 1746 56 1746 58 1746 61 1746 4391 1747 53 1747 4392 1747 4393 1748 4391 1748 4392 1748 4393 1749 4392 1749 4394 1749 59 25 61 25 4395 25 4393 1750 4394 1750 66 1750 65 1751 4393 1751 66 1751 4396 1752 62 1752 67 1752 4397 1753 64 1753 69 1753 68 1754 4397 1754 69 1754 64 1753 4398 1753 69 1753 4399 1755 4400 1755 4401 1755 75 1756 4399 1756 4401 1756 4400 1755 4402 1755 4401 1755 4403 1757 68 1757 72 1757 71 1758 4403 1758 72 1758 78 1759 71 1759 73 1759 78 1760 73 1760 79 1760 77 1761 79 1761 84 1761 4404 1762 4405 1762 4406 1762 4405 1762 80 1762 4406 1762 85 1763 86 1763 4407 1763 88 1764 4407 1764 89 1764 4408 1765 4409 1765 4410 1765 4411 1766 4408 1766 4410 1766 87 1767 90 1767 92 1767 4412 1768 4411 1768 4413 1768 4414 1769 87 1769 92 1769 91 1770 4414 1770 92 1770 95 1771 4412 1771 4415 1771 97 1772 4416 1772 4417 1772 97 1773 4417 1773 98 1773 100 1774 94 1774 101 1774 103 1775 4418 1775 99 1775 4419 1776 102 1776 109 1776 108 1776 4419 1776 109 1776 4420 1777 110 1777 5 1777 4421 1778 107 1778 112 1778 113 1779 4421 1779 114 1779 116 52 113 52 115 52 4422 1780 116 1780 117 1780 4423 1781 4424 1781 4425 1781 4426 1782 4423 1782 4425 1782 4426 1783 4425 1783 4427 1783 119 1783 4426 1783 4427 1783 4428 1784 118 1784 121 1784 122 1785 124 1785 4429 1785 126 57 4430 57 127 57 128 1786 129 1786 4431 1786 130 1787 4432 1787 131 1787 4433 1788 4434 1788 4435 1788 4436 1789 4437 1789 4438 1789 4439 1790 137 1790 138 1790 4440 1791 4439 1791 138 1791 4441 1792 4440 1792 140 1792 139 1793 4441 1793 140 1793 4440 1792 4442 1792 140 1792 144 1794 142 1794 143 1794 139 1795 141 1795 143 1795 4443 1796 144 1796 146 1796 4444 1797 4445 1797 4446 1797 148 1798 4447 1798 151 1798 150 1799 4448 1799 153 1799 159 1800 161 1800 4449 1800 164 1801 159 1801 4449 1801 164 1802 4449 1802 165 1802 170 1803 167 1803 171 1803 4450 1804 169 1804 4451 1804 173 1805 4450 1805 4451 1805 176 1806 172 1806 174 1806 176 1807 174 1807 4452 1807 0 1808 4453 1808 180 1808 248 83 4454 83 249 83 248 1809 687 1809 4454 1809 4455 83 4456 83 714 83 4457 1810 4458 1810 4459 1810 203 83 202 83 4460 83 204 1811 226 1811 205 1811 228 1812 4461 1812 229 1812 207 1813 192 1813 191 1813 240 83 4460 83 4462 83 240 1814 203 1814 4460 1814 4463 83 213 83 221 83 4463 1815 211 1815 213 1815 234 1816 233 1816 4464 1816 217 83 219 83 4465 83 234 1817 4464 1817 4466 1817 4467 1818 257 1818 4468 1818 217 83 4465 83 4469 83 4470 83 215 83 214 83 220 1819 4463 1819 221 1819 227 1820 229 1820 4471 1820 230 1821 4472 1821 210 1821 4473 83 215 83 4470 83 232 1822 4474 1822 233 1822 4475 1823 217 1823 4469 1823 4475 1824 188 1824 1801 1824 4475 1825 189 1825 188 1825 235 83 237 83 223 83 238 83 4462 83 4476 83 238 1826 240 1826 4462 1826 241 83 655 83 242 83 274 1827 273 1827 4458 1827 260 83 4477 83 4478 83 274 83 4458 83 4457 83 1713 83 657 83 656 83 287 1828 197 1828 288 1828 262 83 230 83 231 83 253 1829 249 1829 236 1829 253 1830 246 1830 249 1830 264 1831 260 1831 4478 1831 4479 1832 194 1832 252 1832 293 83 4480 83 232 83 4481 1833 4475 1833 1801 1833 4482 83 4481 83 1801 83 261 83 231 83 270 83 4483 1834 1711 1834 1713 1834 4483 1835 1713 1835 656 1835 286 1836 256 1836 257 1836 292 83 227 83 293 83 286 1837 257 1837 4467 1837 276 1838 4484 1838 277 1838 306 1839 194 1839 4479 1839 4485 1840 4484 1840 276 1840 4486 83 4485 83 276 83 4487 1841 270 1841 226 1841 298 83 667 83 666 83 4488 1842 1711 1842 4483 1842 309 1843 308 1843 4489 1843 4488 1844 360 1844 1711 1844 316 1845 290 1845 314 1845 358 83 335 83 359 83 326 83 283 83 285 83 4490 1846 279 1846 4491 1846 369 83 266 83 268 83 355 1847 300 1847 356 1847 347 83 4491 83 342 83 333 1848 4492 1848 334 1848 327 83 313 83 315 83 662 83 1633 83 339 83 337 83 272 83 271 83 389 83 324 83 291 83 337 83 271 83 329 83 338 83 340 83 438 83 344 1849 346 1849 318 1849 344 1850 317 1850 1825 1850 344 83 318 83 317 83 348 1851 350 1851 366 1851 4493 83 272 83 337 83 4493 1852 4494 1852 272 1852 399 1853 398 1853 4495 1853 399 1854 4495 1854 305 1854 399 83 305 83 304 83 354 83 353 83 352 83 361 83 360 83 4488 83 376 1855 362 1855 377 1855 4496 83 1782 83 1633 83 4496 83 1633 83 662 83 403 1856 308 1856 4497 1856 392 83 354 83 356 83 437 83 338 83 438 83 384 1857 387 1857 4498 1857 415 1858 371 1858 370 1858 4499 1859 4500 1859 331 1859 388 83 324 83 389 83 458 83 4500 83 4499 83 397 1860 424 1860 398 1860 400 83 303 83 382 83 4501 83 344 83 1825 83 4502 83 384 83 4498 83 4501 83 1825 83 431 83 4502 1861 4498 1861 426 1861 408 1862 393 1862 413 1862 409 83 411 83 4503 83 412 1863 413 1863 410 1863 414 1864 341 1864 343 1864 4504 83 4501 83 431 83 422 1865 444 1865 423 1865 4505 83 4504 83 431 83 425 83 4502 83 426 83 425 1866 427 1866 4506 1866 428 1867 390 1867 4507 1867 430 1868 4505 1868 431 1868 4508 1869 4509 1869 420 1869 4510 1870 341 1870 414 1870 4511 1871 1782 1871 4512 1871 4513 83 419 83 4514 83 4515 83 428 83 4507 83 435 83 438 83 4516 83 435 83 4516 83 4517 83 445 83 4518 83 446 83 4519 1872 425 1872 4506 1872 4519 83 4506 83 4520 83 475 83 428 83 4515 83 452 1873 4521 1873 453 1873 452 83 454 83 4511 83 459 1874 441 1874 468 1874 497 1875 4522 1875 4523 1875 515 83 514 83 4510 83 461 83 463 83 436 83 461 83 436 83 435 83 4524 83 4513 83 4514 83 4525 1876 430 1876 429 1876 469 1877 471 1877 4526 1877 4527 83 445 83 447 83 1483 83 394 83 481 83 4528 83 4521 83 452 83 477 83 455 83 478 83 4529 83 4525 83 429 83 492 83 4530 83 394 83 535 83 465 83 464 83 482 83 483 83 4531 83 484 83 486 83 4528 83 488 83 473 83 472 83 490 1878 4532 1878 491 1878 511 1879 476 1879 512 1879 4533 83 434 83 4534 83 1588 83 4535 83 4536 83 500 1880 4537 1880 4538 1880 4539 1881 4540 1881 4541 1881 508 1882 521 1882 509 1882 1504 1883 4532 1883 490 1883 513 1884 4542 1884 514 1884 541 83 4524 83 542 83 516 83 4543 83 479 83 520 1885 605 1885 521 1885 4544 1886 505 1886 489 1886 522 1887 4545 1887 523 1887 1738 83 4546 83 4547 83 4548 83 434 83 4533 83 539 83 4549 83 4539 83 4550 1888 4531 1888 567 1888 1507 83 4520 83 4551 83 1507 1889 4551 1889 1508 1889 636 1890 524 1890 4552 1890 636 1891 4552 1891 4553 1891 636 1892 4553 1892 4554 1892 636 1893 4554 1893 4555 1893 636 1894 522 1894 524 1894 565 83 518 83 525 83 559 1895 532 1895 531 1895 4556 83 4542 83 513 83 4557 83 522 83 636 83 4558 83 534 83 536 83 552 1896 669 1896 545 1896 681 83 541 83 540 83 4559 83 4550 83 567 83 557 83 537 83 539 83 561 1897 563 1897 4519 1897 575 1898 1739 1898 4560 1898 569 83 549 83 4561 83 569 83 4561 83 4562 83 4563 83 4542 83 4556 83 4563 1899 4564 1899 4542 1899 4565 83 550 83 551 83 4566 1900 1619 1900 4567 1900 592 83 562 83 576 83 665 83 681 83 540 83 4568 83 4569 83 701 83 581 1901 558 1901 4570 1901 4571 83 4572 83 555 83 593 83 592 83 576 83 4573 1902 4564 1902 4563 1902 1609 1903 4566 1903 4574 1903 594 83 583 83 581 83 660 83 606 83 4575 83 596 1904 4576 1904 597 1904 602 1905 578 1905 603 1905 602 83 4577 83 578 83 616 83 4571 83 617 83 1732 1906 573 1906 4578 1906 1732 83 574 83 573 83 614 1907 613 1907 4564 1907 614 83 4564 83 4573 83 598 1908 4579 1908 4580 1908 647 1909 586 1909 587 1909 608 83 601 83 603 83 4581 1910 617 1910 589 1910 611 83 605 83 604 83 627 83 626 83 4582 83 615 1911 4583 1911 616 1911 627 1912 4582 1912 591 1912 619 1913 1609 1913 4574 1913 661 1914 660 1914 4575 1914 618 83 4584 83 4585 83 632 1915 4580 1915 626 1915 4586 83 4583 83 615 83 4587 83 4588 83 612 83 622 1916 557 1916 623 1916 4589 1917 4588 1917 4587 1917 640 1828 4586 1828 4590 1828 4591 83 622 83 624 83 4592 83 651 83 650 83 4593 83 4591 83 4594 83 4593 1918 4594 1918 642 1918 4595 1919 4596 1919 4597 1919 4598 83 619 83 633 83 4599 83 4600 83 4596 83 1627 83 619 83 4598 83 4601 1920 4602 1920 645 1920 4603 83 4604 83 4600 83 4605 83 631 83 1500 83 4547 1921 4560 1921 1738 1921 353 83 471 83 351 83 668 83 1807 83 669 83 652 1922 4606 1922 679 1922 673 83 636 83 4607 83 686 83 1627 83 4598 83 693 1923 651 1923 4592 1923 678 83 679 83 4578 83 685 83 1627 83 686 83 709 83 677 83 682 83 4608 1924 707 1924 681 1924 694 1925 628 1925 695 1925 4609 1926 678 1926 4578 1926 704 1927 4610 1927 705 1927 703 1928 696 1928 695 1928 712 83 4611 83 713 83 704 1929 4612 1929 4610 1929 699 83 629 83 628 83 700 83 4568 83 701 83 206 1930 706 1930 684 1930 4613 83 198 83 4614 83 4461 83 708 83 682 83 182 1931 702 1931 4615 1931 714 1932 4456 1932 4616 1932 721 191 4617 191 4618 191 4618 1933 4617 1933 4619 1933 723 191 4620 191 4621 191 4622 191 4618 191 4623 191 4618 1934 4619 1934 4623 1934 4621 191 4620 191 4624 191 4625 191 4622 191 4626 191 4622 191 4623 191 4626 191 4624 191 4627 191 4628 191 4625 191 4626 191 729 191 737 191 731 191 4629 191 4630 191 730 191 4631 191 4632 1935 4630 1935 4631 1935 737 1936 4629 1936 738 1936 4632 191 4631 191 744 191 739 191 4633 191 4634 191 740 191 739 191 4634 191 4635 215 736 215 4636 215 736 191 738 191 4636 191 741 191 747 191 746 191 4633 191 4637 191 4638 191 4634 191 4633 191 4638 191 4639 191 745 191 750 191 753 191 4635 191 754 191 4635 191 4636 191 754 191 4637 191 756 191 759 191 765 191 753 191 755 191 4640 1937 764 1937 766 1937 757 205 4641 205 4642 205 758 204 757 204 4642 204 761 191 4643 191 769 191 4640 191 766 191 4644 191 773 191 4640 191 4644 191 4642 191 4641 191 4645 191 771 191 4646 191 4647 191 4648 1938 778 1938 780 1938 772 191 774 191 786 191 4649 191 789 191 788 191 789 191 4650 191 790 191 794 191 781 191 4651 191 790 191 4650 191 4652 191 4653 191 791 191 4654 191 791 1939 792 1939 4654 1939 787 191 4655 191 802 191 794 191 4651 191 795 191 4656 191 796 191 4657 191 4653 191 4654 191 800 191 4658 191 799 191 801 191 797 191 812 191 4659 191 4658 191 801 191 4660 191 808 1940 4660 1940 809 1940 807 1941 809 1941 4661 1941 4662 191 4663 191 4661 191 4664 191 819 191 818 191 810 191 811 191 822 191 821 191 810 191 822 191 4665 1942 4662 1942 4666 1942 819 211 829 211 820 211 842 1943 833 1943 835 1943 840 191 839 191 4667 191 839 1944 850 1944 4667 1944 847 191 4668 191 848 191 4667 191 850 191 849 191 844 191 852 191 4669 191 845 191 844 191 4669 191 846 1934 848 1934 4670 1934 4671 191 4672 191 4673 191 4669 191 852 191 854 191 851 191 855 191 857 191 4671 1945 4673 1945 4674 1945 862 191 4675 191 863 191 4675 1946 860 1946 863 1946 857 191 856 191 868 191 869 191 4676 191 870 191 873 191 4677 191 874 191 877 191 876 191 4678 191 4679 191 877 191 4678 191 4679 191 4678 191 884 191 883 1947 4679 1947 884 1947 881 191 887 191 886 191 882 1944 881 1944 886 1944 886 191 888 191 889 191 891 195 4680 195 892 195 893 191 892 191 897 191 898 191 897 191 4681 191 4682 1936 4681 1936 905 1936 902 191 903 191 907 191 907 1948 903 1948 908 1948 4683 191 4684 191 4685 191 913 1949 4686 1949 914 1949 916 1950 917 1950 919 1950 4687 1951 920 1951 4688 1951 921 1952 4689 1952 922 1952 4689 1953 4690 1953 922 1953 924 1954 921 1954 923 1954 4691 1955 925 1955 927 1955 930 1956 4692 1956 928 1956 930 1957 928 1957 931 1957 4693 228 932 228 934 228 935 1958 4694 1958 936 1958 939 1959 935 1959 937 1959 952 1960 950 1960 4695 1960 952 1961 4695 1961 953 1961 952 1960 4696 1960 950 1960 957 1962 954 1962 956 1962 972 1963 4697 1963 973 1963 971 244 973 244 4698 244 971 245 4698 245 975 245 4699 1964 974 1964 4700 1964 4699 1965 4700 1965 4701 1965 979 1966 976 1966 978 1966 4702 1967 979 1967 980 1967 981 1968 4702 1968 980 1968 4703 1969 981 1969 982 1969 4703 1970 982 1970 4704 1970 987 1971 983 1971 985 1971 989 1972 988 1972 4705 1972 4706 1973 989 1973 4705 1973 991 1974 4707 1974 4708 1974 991 1975 4708 1975 992 1975 993 1976 990 1976 992 1976 4709 1977 4710 1977 998 1977 4711 1978 1000 1978 4712 1978 4711 1979 997 1979 1000 1979 4713 1980 1001 1980 1003 1980 4714 1981 1007 1981 4715 1981 4716 1982 4714 1982 4717 1982 4714 1983 4715 1983 4717 1983 4716 1984 4717 1984 1011 1984 1009 1985 1011 1985 4718 1985 4719 1986 4720 1986 4721 1986 4722 1987 4723 1987 4724 1987 4723 1988 4721 1988 4724 1988 4725 1989 4722 1989 4726 1989 1013 1990 4725 1990 4727 1990 1012 1991 1014 1991 1016 1991 4728 1992 1017 1992 1018 1992 4728 1993 1018 1993 4729 1993 4730 1994 4731 1994 4732 1994 4733 1994 4730 1994 4732 1994 1019 1995 1021 1995 4734 1995 1022 268 4735 268 1023 268 1025 1996 1024 1996 1027 1996 1030 1997 1028 1997 1031 1997 4736 1998 1032 1998 4737 1998 4736 1999 4737 1999 1034 1999 1036 2000 4736 2000 1034 2000 4738 2001 4739 2001 1038 2001 1042 2002 1043 2002 4740 2002 4741 2003 1042 2003 4740 2003 4742 2004 4741 2004 4743 2004 4744 2005 1068 2005 1070 2005 4744 2006 1070 2006 4745 2006 1045 280 4746 280 1046 280 1047 2007 1044 2007 1046 2007 1051 2008 4747 2008 1052 2008 1063 2009 1059 2009 1061 2009 1063 288 1061 288 1064 288 1065 2010 1062 2010 1066 2010 1062 2011 1064 2011 1066 2011 4748 289 1065 289 1067 289 1076 293 4749 293 1077 293 1079 2012 1078 2012 1081 2012 1080 2013 1079 2013 1081 2013 1086 2014 1080 2014 1083 2014 1092 2015 1094 2015 4750 2015 1096 2016 4751 2016 1097 2016 1099 2017 4752 2017 1100 2017 4753 2018 4754 2018 4755 2018 1102 2019 4756 2019 4757 2019 4756 2019 4758 2019 4757 2019 1106 2020 1104 2020 4759 2020 1104 2021 4760 2021 4759 2021 1106 2022 4759 2022 1107 2022 4761 2023 1105 2023 4762 2023 1105 2023 1107 2023 4762 2023 4763 2024 4761 2024 4764 2024 4761 2025 4762 2025 4764 2025 1109 2026 4765 2026 1110 2026 1116 311 1118 311 1120 311 1119 2027 1120 2027 4766 2027 4767 2028 4766 2028 4768 2028 4767 2029 1119 2029 4766 2029 4769 2030 4768 2030 4770 2030 4771 2031 4769 2031 4770 2031 1122 2032 4772 2032 1123 2032 1124 2033 1121 2033 1123 2033 1128 314 1124 314 1126 314 1127 2034 4773 2034 4774 2034 4775 2034 1127 2034 4774 2034 1130 2035 4775 2035 4774 2035 4776 2036 1137 2036 4777 2036 4778 2036 4776 2036 4777 2036 1137 2037 4776 2037 1138 2037 4779 2038 1136 2038 1138 2038 1140 2039 4780 2039 4781 2039 4780 2040 4782 2040 4781 2040 4783 2041 4784 2041 4785 2041 1146 322 4785 322 1147 322 4786 2042 1145 2042 4787 2042 4788 2043 4786 2043 1151 2043 4786 2044 4787 2044 1151 2044 1148 2045 1150 2045 1172 2045 1156 2046 1154 2046 1157 2046 1155 2047 1157 2047 4789 2047 4790 2048 4789 2048 1159 2048 4791 2049 4792 2049 1162 2049 1167 329 1161 329 1164 329 4793 2050 4794 2050 4795 2050 1169 2051 4795 2051 1170 2051 1169 2052 4793 2052 4795 2052 1171 2053 1172 2053 4796 2053 4797 334 1173 334 1175 334 1181 2054 1179 2054 1178 2054 1181 2055 1178 2055 4798 2055 1181 2056 4798 2056 1182 2056 4799 2057 4800 2057 4801 2057 1184 2058 4801 2058 1186 2058 1188 2059 1183 2059 4802 2059 1183 2059 1185 2059 4802 2059 1193 2060 4803 2060 1194 2060 4803 2061 4804 2061 1194 2061 1191 2062 1193 2062 1192 2062 4805 2063 1190 2063 4806 2063 1190 2064 1192 2064 4806 2064 1195 2065 1197 2065 4807 2065 1198 2066 4808 2066 1199 2066 1202 2067 1200 2067 1203 2067 1202 2068 1198 2068 1200 2068 1201 2069 1203 2069 1207 2069 1204 2070 1207 2070 1205 2070 1208 349 1206 349 1209 349 4809 2071 1208 2071 1210 2071 1212 2072 1213 2072 1218 2072 1214 2073 1218 2073 1215 2073 4810 2074 1216 2074 4811 2074 4812 2075 4813 2075 4814 2075 4815 2076 4812 2076 4814 2076 1221 2077 4816 2077 1222 2077 1237 2078 4817 2078 4818 2078 1237 365 4818 365 1238 365 4819 2079 1236 2079 1239 2079 4820 2080 4819 2080 1239 2080 4820 2081 1239 2081 4821 2081 1240 367 1242 367 1244 367 1253 2082 1249 2082 1251 2082 1253 2083 1248 2083 1249 2083 1254 2084 4822 2084 4823 2084 1258 373 1254 373 1256 373 1257 2085 4824 2085 1261 2085 4825 2086 4826 2086 4827 2086 1265 2087 1267 2087 1269 2087 1272 2088 4828 2088 1273 2088 4828 2089 1270 2089 1273 2089 1277 381 1274 381 1276 381 1280 2090 1277 2090 1278 2090 1280 2091 1278 2091 1281 2091 1282 2092 1279 2092 1283 2092 4829 2093 4830 2093 4831 2093 4832 2094 1287 2094 1289 2094 4833 2095 1294 2095 1296 2095 4833 2096 1293 2096 1294 2096 4834 2097 4835 2097 4836 2097 1306 2098 1299 2098 1304 2098 1309 2099 1308 2099 4837 2099 1309 2100 4837 2100 1311 2100 1313 2101 4838 2101 1314 2101 4839 2102 1313 2102 1315 2102 4840 2103 4841 2103 4842 2103 4841 2104 4843 2104 4842 2104 4840 2105 4842 2105 1318 2105 1321 2106 1316 2106 4844 2106 1321 2107 4844 2107 1322 2107 1323 2108 1322 2108 1324 2108 1329 2109 1330 2109 1333 2109 1331 2110 1333 2110 1334 2110 4845 2111 4846 2111 4838 2111 4847 2112 4848 2112 4849 2112 4850 2113 4847 2113 4849 2113 1339 2114 4851 2114 4852 2114 1339 2114 4852 2114 1337 2114 1340 2115 1338 2115 1341 2115 1345 2116 1340 2116 1342 2116 4853 2117 4854 2117 4855 2117 1349 2118 1351 2118 4856 2118 4857 2119 4858 2119 4859 2119 4860 2120 4857 2120 4861 2120 4862 2121 4863 2121 4864 2121 1353 417 4865 417 1354 417 1357 2122 1358 2122 1362 2122 4866 2123 1359 2123 1361 2123 4867 2124 4866 2124 4868 2124 1364 2125 4869 2125 1365 2125 4870 2126 1369 2126 1370 2126 4871 2127 4870 2127 4872 2127 4873 2128 4871 2128 4872 2128 4873 2129 4872 2129 1372 2129 4874 2130 4875 2130 4876 2130 4877 2131 4878 2131 4879 2131 4880 2132 4881 2132 4882 2132 4883 2133 4884 2133 4885 2133 4883 2134 4885 2134 4886 2134 4887 2135 4886 2135 4888 2135 4887 2136 4889 2136 4886 2136 1377 2137 1379 2137 1382 2137 4865 2138 1353 2138 4890 2138 4891 2139 4865 2139 4890 2139 4892 2140 4893 2140 4894 2140 4892 2140 4894 2140 4895 2140 4896 2141 1393 2141 1394 2141 4896 2142 1394 2142 4897 2142 1396 2143 4896 2143 4898 2143 4896 2144 4897 2144 4898 2144 1396 2145 4898 2145 1397 2145 4899 2146 1399 2146 1401 2146 4900 2147 4899 2147 1403 2147 1402 2148 4900 2148 1403 2148 4899 2149 1401 2149 1403 2149 4901 2150 1404 2150 4902 2150 4903 2151 1408 2151 4904 2151 4905 2152 4904 2152 4906 2152 1410 2153 4906 2153 1411 2153 1410 2154 4905 2154 4906 2154 1412 2155 4907 2155 1415 2155 4908 2155 1412 2155 1415 2155 1414 2156 1416 2156 1418 2156 1420 2156 1414 2156 1418 2156 1417 2157 1419 2157 1422 2157 1423 2158 1421 2158 1422 2158 4909 452 1426 452 1427 452 4910 2159 4911 2159 4912 2159 1432 2160 1434 2160 4913 2160 4914 2161 1432 2161 4915 2161 1432 2162 4913 2162 4915 2162 4916 458 1435 458 1439 458 4917 2163 4918 2163 4919 2163 1440 2164 4920 2164 1441 2164 4920 2165 4919 2165 1441 2165 4921 2166 4922 2166 4923 2166 4924 2167 4921 2167 4923 2167 4924 2168 4923 2168 4925 2168 1443 2169 1445 2169 1447 2169 1449 2170 1448 2170 4926 2170 4927 2171 4926 2171 4928 2171 4929 2172 4927 2172 4928 2172 4930 464 1450 464 1453 464 1455 467 1456 467 1458 467 1459 468 1457 468 1458 468 4931 2173 4932 2173 4933 2173 4934 2174 4931 2174 4933 2174 4935 2175 1473 2175 1475 2175 1477 2176 1470 2176 1472 2176 1506 2177 4935 2177 1475 2177 1473 2178 1509 2178 1485 2178 1486 2179 1479 2179 1485 2179 1474 2180 1473 2180 1481 2180 4936 2181 1498 2181 4937 2181 1489 2182 2620 2182 1488 2182 2620 2183 4938 2183 1488 2183 1479 2184 1488 2184 1491 2184 4938 2185 1469 2185 1491 2185 490 2186 492 2186 1490 2186 1483 2187 1484 2187 1490 2187 1498 2188 4535 2188 1477 2188 1496 2189 1510 2189 1494 2189 490 2190 1490 2190 1505 2190 1504 2191 490 2191 1505 2191 625 2192 627 2192 1501 2192 1484 2193 1494 2193 1503 2193 1508 2194 1504 2194 1506 2194 1470 2195 4939 2195 4940 2195 1527 2196 1523 2196 1817 2196 576 2197 1478 2197 1520 2197 1514 2198 1487 2198 1486 2198 1503 2199 1512 2199 1486 2199 1482 2200 1519 2200 1474 2200 627 2201 591 2201 1522 2201 1520 2202 1518 2202 1522 2202 4941 2203 4942 2203 1480 2203 4942 2204 1482 2204 1480 2204 2620 2205 2622 2205 4938 2205 1531 2206 1528 2206 1533 2206 1468 2207 1532 2207 1469 2207 4938 2208 2550 2208 1469 2208 4943 1213 4944 1213 4945 1213 4945 2209 4946 2209 4947 2209 1535 2210 1537 2210 4948 2210 1535 2211 4948 2211 1539 2211 4949 2212 1540 2212 4950 2212 4949 2213 4950 2213 4951 2213 4949 2214 1538 2214 1540 2214 4952 2215 1538 2215 4949 2215 4953 2216 4954 2216 4955 2216 1541 2217 1543 2217 1545 2217 1541 2218 4956 2218 1542 2218 1548 2219 1546 2219 4957 2219 1548 2220 1544 2220 1546 2220 1547 2221 1549 2221 4958 2221 4959 2222 4960 2222 1555 2222 1558 2223 4961 2223 4962 2223 4963 2224 4964 2224 4965 2224 4964 2225 1561 2225 4965 2225 4966 2226 4967 2226 4968 2226 4966 2227 4968 2227 4969 2227 4970 2228 1568 2228 1570 2228 4971 83 4972 83 4973 83 529 2229 1592 2229 1589 2229 1585 83 1594 83 1596 83 1601 83 1591 83 4974 83 4975 83 1598 83 4976 83 4974 83 1591 83 1607 83 1596 2230 1597 2230 4977 2230 1615 2231 4975 2231 4978 2231 4975 83 4976 83 4978 83 667 83 298 83 1612 83 1591 83 1606 83 4979 83 1615 2232 4978 2232 1616 2232 1596 2233 4977 2233 4980 2233 1614 2234 1616 2234 4981 2234 248 83 1613 83 1617 83 685 83 248 83 1618 83 1619 2235 1609 2235 4982 2235 1596 83 4980 83 4983 83 1609 2236 1611 2236 4982 2236 1621 2237 4984 2237 1622 2237 1627 83 685 83 4985 83 4984 83 4981 83 1622 83 1627 83 4985 83 4986 83 1625 83 1623 83 1626 83 4983 83 4987 83 4971 83 1627 83 4986 83 1628 83 1646 2238 4988 2238 1654 2238 470 2239 469 2239 1645 2239 469 2240 1646 2240 1645 2240 1638 2241 1640 2241 1648 2241 1637 2242 1643 2242 1642 2242 1646 2243 1654 2243 1647 2243 351 2244 1645 2244 1652 2244 1651 2245 351 2245 1652 2245 1659 2246 2606 2246 1660 2246 1645 2247 1647 2247 1662 2247 4989 2248 1663 2248 1662 2248 1667 2249 1697 2249 1665 2249 1662 2250 1647 2250 1665 2250 1658 2251 1666 2251 1665 2251 1703 2252 1702 2252 4990 2252 1703 2253 4990 2253 4991 2253 1718 2254 1712 2254 4991 2254 1672 2255 1679 2255 1670 2255 1669 2256 1718 2256 1670 2256 1718 2257 1671 2257 1670 2257 1679 2258 1668 2258 1670 2258 1678 2259 1673 2259 1675 2259 1674 2260 1676 2260 1675 2260 1726 2261 1679 2261 1680 2261 1677 2262 1726 2262 1680 2262 1687 2263 1685 2263 1683 2263 4988 2264 1681 2264 1684 2264 1637 2265 1642 2265 1688 2265 1656 2266 1655 2266 1689 2266 1655 2267 1688 2267 1689 2267 4992 2268 1657 2268 1689 2268 1690 2269 1737 2269 1691 2269 1632 2270 1693 2270 1694 2270 1650 2271 1653 2271 1695 2271 1638 2272 1649 2272 4993 2272 4516 2273 438 2273 4994 2273 4516 2274 4994 2274 1709 2274 1700 2275 4995 2275 1701 2275 1649 2276 1699 2276 1701 2276 4994 2277 1649 2277 1701 2277 335 2278 334 2278 1702 2278 359 2279 335 2279 1702 2279 334 2280 1709 2280 1702 2280 4994 2281 1701 2281 1714 2281 360 2282 359 2282 1703 2282 1708 2283 1704 2283 1706 2283 1714 2284 1701 2284 1706 2284 1706 2285 1705 2285 1678 2285 1710 2286 1714 2286 1678 2286 1705 2287 1673 2287 1678 2287 1716 2288 1712 2288 1718 2288 1710 2289 1678 2289 1672 2289 1716 2290 1720 2290 1719 2290 4611 2291 712 2291 1722 2291 4996 2292 1668 2292 1679 2292 2602 2293 1727 2293 1677 2293 1676 2294 2602 2294 1677 2294 4611 2295 1722 2295 1729 2295 1722 2296 1723 2296 1729 2296 1723 2297 2835 2297 1729 2297 1734 2298 4997 2298 1726 2298 4997 2299 1724 2299 1726 2299 1677 2300 1727 2300 1726 2300 4606 2301 1729 2301 1731 2301 679 2302 4606 2302 1731 2302 1737 2303 4998 2303 1735 2303 1728 2304 1736 2304 1735 2304 1726 2305 1728 2305 1735 2305 1739 2306 1682 2306 1681 2306 1733 2307 4999 2307 1687 2307 4546 2308 1738 2308 4988 2308 5000 2309 4546 2309 4988 2309 469 2310 482 2310 1646 2310 1771 83 1770 83 1741 83 5001 83 252 83 194 83 1744 83 1741 83 5002 83 5003 83 1763 83 5002 83 1751 83 1765 83 1750 83 1748 83 1750 83 5004 83 5005 2311 5006 2311 1770 2311 5007 2312 5005 2312 1770 2312 1764 83 1758 83 4565 83 5002 2313 1763 2313 551 2313 5008 83 1759 83 1761 83 1762 83 1781 83 1761 83 5002 629 551 629 545 629 5007 83 1770 83 1769 83 1766 83 1768 83 5009 83 1775 83 5010 83 250 83 1761 83 1781 83 5011 83 5009 83 1773 83 1772 83 5011 83 1781 83 5012 83 5013 2314 5014 2314 1777 2314 5001 2315 1776 2315 252 2315 1777 83 5014 83 1778 83 1785 2316 1779 2316 1780 2316 5012 2317 1781 2317 1782 2317 5010 624 5012 624 1782 624 1746 2318 1785 2318 1786 2318 1792 2319 1824 2319 1789 2319 697 2320 688 2320 1798 2320 188 2321 697 2321 1798 2321 1823 2322 1830 2322 5015 2322 688 2323 1791 2323 1798 2323 1788 2324 1787 2324 1797 2324 5016 2325 1796 2325 1797 2325 5015 2326 5016 2326 1797 2326 1830 2327 1802 2327 1804 2327 5016 2328 1830 2328 1804 2328 1806 2329 1816 2329 1807 2329 1804 2330 1803 2330 1809 2330 1796 2331 5016 2331 1809 2331 320 2332 301 2332 1824 2332 1800 2333 1815 2333 1823 2333 1826 2334 1828 2334 5017 2334 431 2335 1825 2335 5018 2335 5018 2336 1792 2336 1788 2336 1795 2337 429 2337 1831 2337 1530 2338 1531 2338 1812 2338 5019 2339 1818 2339 1802 2339 1832 2340 1835 2340 1802 2340 1831 2341 5018 2341 1841 2341 1831 2342 1827 2342 1833 2342 1841 2343 1788 2343 1796 2343 1835 2344 2535 2344 1803 2344 1827 2345 1831 2345 1838 2345 5020 2346 1836 2346 1838 2346 2951 2347 1827 2347 1838 2347 1837 2348 2951 2348 1838 2348 5021 2349 429 2349 1794 2349 1831 2350 1841 2350 1838 2350 1839 2351 1842 2351 1840 2351 1843 2352 5020 2352 1840 2352 1501 2353 1527 2353 1791 2353 5022 2354 5023 2354 5024 2354 5022 2355 5025 2355 5026 2355 5027 2356 1848 2356 1850 2356 5028 2357 5027 2357 5029 2357 1852 2358 5030 2358 5031 2358 1851 2359 1853 2359 5032 2359 5033 2360 5034 2360 5035 2360 5034 2361 5032 2361 5035 2361 5036 2362 5033 2362 5037 2362 5038 2363 1854 2363 1856 2363 1868 2364 1866 2364 1867 2364 1873 2365 1869 2365 1871 2365 1870 2366 1872 2366 1875 2366 1878 2367 1870 2367 1875 2367 1879 2368 1877 2368 1880 2368 1885 2369 1879 2369 1881 2369 5039 2370 5040 2370 5041 2370 5042 2371 5039 2371 5041 2371 5043 2372 5044 2372 5045 2372 1898 2373 5043 2373 1899 2373 1901 2374 1898 2374 1900 2374 1903 2375 1905 2375 1907 2375 1906 2376 1903 2376 1907 2376 5046 2377 5047 2377 5048 2377 5049 2378 1909 2378 1911 2378 5050 2379 5051 2379 1915 2379 1926 2380 1923 2380 1928 2380 1935 2381 1936 2381 1938 2381 1942 2382 1939 2382 1952 2382 5052 2383 1943 2383 1944 2383 5052 2384 1944 2384 1946 2384 5053 2385 1950 2385 1962 2385 1962 2386 1951 2386 1963 2386 5054 2387 1960 2387 5055 2387 5055 2388 1960 2388 1959 2388 1960 2389 1962 2389 1961 2389 5056 2390 5057 2390 1966 2390 1965 2391 5056 2391 1966 2391 1964 2392 1967 2392 1969 2392 5058 728 1968 728 1970 728 1972 2393 5058 2393 1973 2393 1974 732 1976 732 1979 732 5059 2394 1978 2394 5060 2394 1981 2395 5061 2395 1982 2395 5061 2396 5062 2396 1982 2396 5063 2397 1980 2397 1983 2397 5063 2398 1983 2398 5064 2398 1984 735 1986 735 5065 735 5066 2399 5065 2399 5067 2399 5066 2399 1984 2399 5065 2399 5068 2400 5069 2400 5070 2400 5071 2401 5070 2401 1988 2401 5071 2402 5068 2402 5070 2402 1987 2403 5071 2403 1988 2403 5072 2404 1987 2404 1990 2404 1991 2405 1990 2405 1992 2405 5073 2406 1994 2406 1996 2406 5074 2407 1999 2407 5075 2407 5074 741 1997 741 1999 741 5076 2408 5074 2408 5075 2408 5077 2409 5078 2409 5079 2409 5080 2410 2017 2410 5081 2410 2001 2411 5081 2411 5082 2411 2001 742 5082 742 2002 742 5083 2412 5084 2412 5085 2412 5086 2413 5087 2413 5088 2413 5087 2414 5089 2414 5088 2414 2008 2415 5086 2415 2010 2415 5086 2416 5088 2416 2010 2416 2014 2417 2011 2417 2012 2417 2007 747 2009 747 2012 747 2014 2418 2012 2418 2015 2418 2017 2419 5080 2419 2018 2419 5090 2420 5091 2420 5092 2420 5090 2421 5092 2421 5093 2421 2028 2422 2029 2422 2031 2422 2030 2423 2032 2423 5094 2423 5095 2424 2030 2424 5094 2424 2033 2425 5096 2425 2034 2425 2033 2426 5097 2426 5096 2426 5098 2427 2036 2427 2035 2427 5099 2428 5098 2428 5100 2428 2037 2429 2039 2429 2041 2429 5101 2430 2045 2430 2047 2430 5102 2431 5103 2431 2051 2431 2052 2432 2047 2432 2053 2432 2048 2433 2050 2433 5104 2433 2057 2434 5105 2434 2058 2434 5105 2435 5104 2435 2058 2435 5106 2436 5107 2436 5108 2436 2064 2437 2057 2437 2066 2437 2060 2438 2062 2438 5109 2438 2070 2439 2063 2439 2065 2439 2068 2440 2060 2440 2073 2440 2072 777 2074 777 2079 777 2080 2441 2077 2441 2085 2441 2084 2442 5110 2442 2085 2442 2078 2443 2079 2443 2083 2443 2091 2444 5111 2444 2092 2444 2095 2445 2090 2445 5112 2445 5113 2446 2093 2446 5114 2446 2099 2447 5114 2447 5115 2447 2099 2448 5115 2448 2100 2448 5116 2449 2097 2449 5117 2449 5118 2450 5116 2450 2105 2450 2104 2451 5118 2451 2105 2451 2102 788 2103 788 5119 788 5120 2452 2108 2452 5121 2452 5122 2453 2109 2453 2111 2453 2113 2454 5120 2454 5121 2454 2113 2455 5121 2455 5123 2455 2113 2456 5123 2456 2114 2456 5124 2457 5125 2457 5126 2457 2116 2458 2112 2458 2117 2458 2119 2459 5126 2459 2120 2459 2118 2460 2120 2460 5127 2460 5128 2461 2115 2461 2122 2461 5103 2462 5128 2462 2122 2462 5129 2463 5130 2463 5131 2463 2127 2464 2123 2464 2125 2464 2131 801 2129 801 2130 801 2137 2465 2133 2465 2139 2465 2133 2466 2135 2466 2139 2466 2142 2467 2141 2467 2143 2467 2148 2468 2145 2468 2147 2468 2151 2469 2149 2469 2152 2469 5132 2470 2152 2470 5133 2470 5134 2471 5132 2471 5133 2471 2157 2472 2158 2472 2160 2472 2159 2473 2157 2473 2160 2473 5135 2474 2159 2474 2161 2474 2162 2475 5135 2475 2161 2475 2167 2476 2165 2476 2168 2476 2166 2477 2168 2477 2170 2477 2174 2478 2172 2478 5136 2478 2174 2479 5136 2479 2175 2479 2178 2480 2173 2480 2176 2480 5137 2481 2183 2481 5138 2481 2185 2482 5137 2482 2186 2482 5139 2483 2184 2483 5140 2483 5139 2483 5140 2483 2188 2483 2187 830 5139 830 2188 830 2191 2484 2187 2484 2189 2484 2191 2485 2189 2485 2192 2485 5141 2486 5142 2486 5143 2486 5144 2487 5141 2487 5143 2487 5144 2488 5143 2488 5145 2488 5146 2489 5147 2489 5148 2489 5149 2490 5150 2490 2202 2490 2201 2491 5149 2491 2202 2491 5150 2492 5151 2492 2202 2492 5152 2493 2201 2493 2203 2493 5152 2494 2203 2494 5153 2494 5154 2495 2207 2495 5155 2495 2209 2496 5156 2496 5157 2496 2209 2497 5157 2497 2210 2497 5158 2498 2210 2498 5159 2498 5160 2499 5158 2499 5159 2499 2220 2500 2221 2500 5161 2500 5162 2501 5161 2501 5163 2501 5164 847 2222 847 2224 847 5164 2502 2224 2502 2043 2502 5165 2503 2228 2503 2230 2503 5165 83 2226 83 2228 83 5166 83 2235 83 2236 83 2243 83 2242 83 2245 83 2244 2504 2243 2504 2245 2504 2247 2505 2246 2505 2249 2505 5167 2506 2250 2506 5168 2506 5167 2507 2248 2507 2250 2507 2252 83 5169 83 2253 83 5170 83 2252 83 2251 83 2255 83 5170 83 2256 83 2260 2508 2257 2508 2254 2508 5171 83 2259 83 2258 83 2262 2509 5172 2509 5173 2509 2264 2510 2261 2510 2265 2510 5174 83 2266 83 5175 83 5174 83 2264 83 2266 83 5176 2511 2267 2511 2269 2511 2275 2512 2274 2512 5177 2512 5178 2513 2275 2513 5177 2513 2276 2514 5178 2514 2277 2514 2283 2515 2280 2515 2284 2515 5179 2516 5180 2516 5181 2516 2282 2517 2284 2517 5182 2517 5183 83 5182 83 5184 83 5183 83 2282 83 5182 83 2285 83 2287 83 5185 83 5186 83 5184 83 5187 83 5188 2518 5186 2518 5187 2518 2294 83 2293 83 2291 83 2294 83 2291 83 2288 83 2295 2519 5189 2519 2296 2519 2299 2520 5189 2520 2295 2520 5190 83 5191 83 2297 83 5192 2521 5193 2521 5190 2521 5194 83 5193 83 5192 83 2301 83 5194 83 2302 83 2304 83 2301 83 2300 83 2305 2522 2304 2522 2300 2522 5195 83 2306 83 2308 83 5196 2523 5197 2523 5198 2523 2311 2524 2310 2524 5196 2524 2313 2525 2309 2525 2311 2525 2316 83 2312 83 2314 83 2324 83 5199 83 2322 83 2324 83 5200 83 5199 83 2328 83 2329 83 5201 83 2333 2526 2331 2526 2330 2526 2335 83 2332 83 5202 83 2339 83 2338 83 2334 83 5203 83 5202 83 2341 83 5204 83 2337 83 2336 83 5205 2527 5206 2527 5207 2527 5208 83 2345 83 5209 83 5208 2528 2343 2528 2345 2528 5210 2529 5209 2529 2347 2529 5210 2530 5208 2530 5209 2530 2346 83 5210 83 2347 83 5211 83 2346 83 2348 83 2349 83 2351 83 2353 83 2357 83 2356 83 5212 83 2361 83 2363 83 5213 83 2365 2531 5213 2531 2366 2531 2365 83 2361 83 5213 83 2367 83 2364 83 2368 83 2371 2532 2369 2532 2372 2532 2371 2533 2367 2533 2369 2533 2373 83 5214 83 2374 83 5215 83 5216 83 2382 83 2381 2534 5215 2534 2382 2534 2385 83 2381 83 2383 83 2388 83 2385 83 2384 83 2391 83 5217 83 2387 83 2397 2535 5218 2535 2398 2535 5219 83 5220 83 5221 83 5219 83 5222 83 5220 83 5223 2536 5224 2536 5225 2536 5223 83 5226 83 5224 83 2403 83 5225 83 2401 83 2406 2537 2400 2537 2402 2537 2410 83 2408 83 2407 83 5227 83 2415 83 2414 83 2419 2538 2418 2538 5228 2538 5229 2539 5230 2539 5231 2539 5232 2540 5233 2540 5234 2540 2421 2541 5235 2541 2422 2541 2426 2542 2425 2542 5235 2542 2426 83 5235 83 2421 83 2424 2543 2429 2543 2425 2543 5236 2544 5237 2544 5238 2544 2437 83 2436 83 5239 83 5240 83 2435 83 2437 83 5241 83 2435 83 5240 83 2440 83 5241 83 5240 83 5242 83 2439 83 2438 83 5243 83 5242 83 2438 83 5244 2545 2443 2545 5242 2545 5244 83 5242 83 5243 83 2441 83 2443 83 5244 83 2444 2546 2446 2546 5245 2546 2450 2547 2448 2547 2447 2547 5246 2548 5247 2548 2453 2548 5246 83 2453 83 2452 83 5248 2549 5249 2549 5247 2549 5250 2550 5249 2550 5248 2550 5251 2551 5252 2551 5253 2551 5251 83 5253 83 5254 83 2457 2552 2456 2552 5252 2552 5255 2553 5256 2553 5257 2553 5258 83 2464 83 5259 83 5258 83 5259 83 5260 83 2462 2554 2464 2554 5258 2554 2469 83 2467 83 2466 83 5261 2555 5262 2555 5263 2555 2473 2556 2472 2556 2471 2556 2479 2557 5261 2557 5263 2557 2480 83 2482 83 2475 83 2483 2558 2476 2558 2478 2558 5264 83 2490 83 2481 83 2485 2559 2483 2559 2484 2559 2491 83 2490 83 5264 83 4940 2560 4939 2560 2492 2560 1516 2561 4940 2561 2492 2561 1471 2562 1516 2562 2492 2562 1493 2563 2493 2563 1495 2563 2494 2564 5265 2564 5266 2564 2494 2565 5266 2565 2497 2565 5267 2566 2494 2566 2496 2566 5268 2567 2494 2567 5269 2567 5270 2568 2494 2568 5268 2568 5271 2569 2494 2569 5270 2569 5272 2570 5273 2570 2499 2570 2498 2571 5272 2571 2499 2571 5274 2572 5275 2572 5276 2572 5274 2573 2509 2573 5275 2573 2494 2574 5276 2574 5265 2574 2494 2575 5274 2575 5276 2575 2604 2576 2511 2576 2513 2576 2631 2577 5277 2577 2514 2577 2648 2578 2513 2578 2517 2578 2515 2579 2517 2579 2516 2579 2519 2580 2520 2580 2522 2580 2521 2581 2523 2581 2522 2581 2522 2582 2523 2582 2525 2582 2525 2583 2524 2583 2574 2583 2527 2584 2529 2584 2576 2584 2537 2585 2538 2585 5278 2585 2543 2586 2539 2586 2541 2586 2540 2587 5278 2587 2541 2587 5279 2588 5280 2588 2541 2588 2541 2589 5280 2589 2544 2589 5280 2590 5281 2590 2544 2590 5282 2591 2542 2591 5283 2591 5284 2592 2609 2592 5283 2592 5285 2593 5286 2593 2547 2593 2548 2594 2625 2594 2547 2594 2545 2595 2547 2595 2555 2595 2547 2596 5286 2596 2555 2596 2626 2597 5287 2597 2551 2597 2550 2598 2626 2598 2551 2598 2561 2599 2549 2599 2551 2599 2556 2600 2558 2600 2557 2600 2551 2601 2552 2601 2557 2601 2552 2602 2554 2602 2557 2602 2560 2603 2559 2603 2565 2603 2567 2604 2633 2604 2568 2604 2633 2605 2562 2605 2568 2605 2562 2606 2564 2606 2568 2606 5288 2607 2572 2607 2571 2607 2573 2608 2569 2608 2571 2608 2579 2609 2519 2609 2575 2609 1691 2610 2579 2610 2578 2610 2528 2611 2576 2611 2578 2611 2532 2612 2580 2612 2581 2612 2577 2613 2576 2613 2581 2613 2531 2614 2532 2614 2581 2614 2564 2615 2563 2615 2587 2615 2588 2616 2561 2616 2587 2616 2561 2617 2565 2617 2587 2617 2591 2618 2589 2618 2592 2618 2594 2619 2591 2619 2593 2619 5289 2620 2630 2620 2602 2620 2601 2621 5289 2621 2602 2621 2599 2622 2600 2622 2604 2622 2607 2623 2606 2623 5290 2623 2611 2624 2608 2624 2610 2624 2614 2625 2611 2625 2612 2625 2617 2626 2613 2626 2619 2626 2613 2627 2615 2627 2619 2627 2623 2628 2624 2628 2625 2628 1811 2629 1534 2629 2573 2629 1820 2630 2573 2630 2572 2630 1727 2631 2602 2631 2519 2631 1728 2632 1727 2632 2579 2632 1629 2633 1694 2633 2580 2633 2632 2634 5290 2634 2586 2634 5290 2635 2606 2635 2586 2635 5287 2636 5291 2636 2552 2636 1467 2637 2549 2637 2561 2637 2573 2638 2563 2638 2569 2638 2563 2639 2562 2639 2569 2639 2569 2640 2562 2640 2635 2640 2636 2641 2569 2641 2635 2641 2628 2642 2536 2642 2637 2642 1835 2643 1832 2643 2637 2643 5292 2644 5293 2644 5288 2644 2637 2645 5288 2645 2638 2645 2640 2646 5294 2646 2639 2646 2642 2647 2643 2647 2641 2647 2584 2648 5295 2648 2646 2648 5295 2649 5296 2649 2646 2649 5296 2650 2644 2650 2646 2650 2585 2651 2584 2651 2646 2651 2603 2652 2604 2652 2513 2652 2651 2653 2949 2653 2653 2653 2655 2654 5297 2654 5298 2654 5299 2655 5300 2655 5298 2655 2660 2656 2662 2656 5301 2656 5301 2657 2662 2657 5302 2657 2664 2658 5302 2658 2665 2658 2665 2659 2667 2659 2663 2659 1799 2660 2691 2660 2670 2660 2669 2661 5303 2661 2670 2661 2674 2662 5304 2662 5305 2662 1523 2663 1521 2663 2671 2663 2670 2664 5303 2664 5306 2664 1523 2665 2671 2665 5307 2665 2674 2666 5305 2666 2675 2666 5306 2667 5308 2667 5309 2667 1817 2668 1523 2668 5310 2668 2673 2669 2675 2669 5311 2669 1523 2670 5307 2670 5310 2670 2677 2671 2673 2671 5311 2671 2677 2672 5311 2672 2678 2672 1817 2673 5310 2673 5312 2673 1817 2674 5312 2674 2685 2674 2684 2675 2683 2675 2687 2675 2690 2676 1790 2676 2689 2676 2690 2677 2689 2677 2691 2677 5313 2678 2692 2678 2693 2678 5304 2679 5314 2679 5315 2679 5316 2680 5317 2680 5318 2680 5319 2681 2695 2681 5320 2681 5320 2682 2695 2682 2694 2682 5321 83 5322 83 5323 83 2698 2683 5324 2683 2699 2683 5325 83 2702 83 5326 83 5327 83 5325 83 5326 83 5328 2684 5329 2684 5327 2684 5330 83 5331 83 5329 83 5330 2685 5329 2685 5328 2685 5332 2686 2705 2686 5331 2686 5332 2687 5331 2687 5330 2687 5333 2688 5334 2688 2704 2688 5333 2689 2704 2689 2703 2689 2708 83 2707 83 5334 83 2708 83 5334 83 5333 83 2709 2690 5335 2690 2710 2690 5336 2691 5337 2691 2713 2691 2714 2692 5338 2692 2715 2692 2720 2693 5339 2693 5340 2693 5339 2694 5341 2694 5340 2694 2720 2695 5340 2695 2721 2695 5342 2696 2719 2696 2722 2696 5342 2697 2722 2697 5343 2697 5344 2698 2723 2698 5345 2698 2723 2699 2725 2699 5345 2699 5346 2700 5344 2700 5347 2700 5348 2701 5349 2701 5350 2701 5351 2702 5352 2702 5353 2702 5352 2703 5350 2703 5353 2703 5351 2704 5353 2704 5354 2704 2729 2705 2726 2705 2728 2705 5355 2706 2730 2706 2732 2706 5355 2707 2729 2707 2730 2707 2731 2708 5355 2708 2732 2708 2738 2709 2733 2709 5356 2709 2738 2710 2731 2710 2733 2710 2740 2711 2734 2711 2736 2711 5354 2712 2744 2712 5357 2712 2747 2713 5358 2713 2748 2713 5359 2714 2746 2714 2748 2714 2750 2715 2748 2715 5360 2715 5360 2716 2748 2716 5361 2716 2754 2717 5362 2717 2755 2717 2753 2718 5363 2718 5364 2718 2753 2719 2755 2719 5363 2719 5365 2720 2753 2720 5364 2720 2756 2721 2758 2721 2760 2721 5366 2722 2759 2722 2761 2722 2762 2723 5366 2723 2761 2723 5367 2724 5368 2724 5369 2724 5370 2725 5371 2725 5372 2725 5373 2726 5374 2726 5375 2726 5376 2727 5373 2727 5375 2727 2765 2728 5377 2728 5378 2728 5379 2729 2764 2729 2767 2729 5380 2730 5381 2730 5382 2730 5383 2731 5380 2731 5384 2731 5385 2732 5383 2732 5386 2732 2778 2733 2783 2733 2779 2733 1640 2734 1639 2734 2788 2734 1699 2735 2788 2735 5387 2735 1700 2736 5387 2736 4995 2736 5388 2737 1696 2737 2789 2737 1653 2738 1661 2738 2789 2738 2797 2739 5389 2739 2798 2739 2801 2740 5390 2740 5391 2740 2801 2741 2800 2741 5390 2741 2803 2742 5392 2742 2804 2742 2802 2743 2804 2743 2806 2743 2808 2744 2807 2744 2809 2744 5393 2745 2835 2745 1723 2745 2816 2746 5394 2746 1723 2746 5395 2747 5396 2747 5397 2747 2818 2748 2816 2748 1721 2748 5396 2749 5398 2749 5399 2749 5400 2750 5401 2750 5402 2750 5403 2751 2825 2751 2827 2751 5404 2752 2828 2752 5405 2752 2830 2753 2826 2753 1730 2753 5406 2754 2837 2754 5407 2754 2838 2755 2837 2755 5406 2755 2849 2756 2845 2756 2847 2756 2848 2757 2850 2757 5408 2757 2852 2758 5408 2758 2853 2758 5409 2759 5410 2759 5411 2759 2858 2760 5409 2760 5411 2760 2858 2761 5411 2761 2859 2761 2862 2762 2860 2762 2861 2762 2857 2763 2859 2763 2861 2763 2811 2764 2862 2764 2812 2764 5412 2765 5413 2765 5414 2765 2866 2766 2868 2766 2871 2766 2875 2767 2876 2767 2878 2767 2877 2768 2878 2768 2880 2768 5415 2769 2879 2769 5416 2769 2882 2770 5415 2770 2884 2770 5417 2771 2889 2771 5418 2771 5417 2772 2888 2772 2889 2772 2893 2773 5418 2773 2891 2773 2893 2774 5417 2774 5418 2774 5419 2775 2890 2775 2892 2775 2901 2776 2896 2776 2898 2776 5420 2777 2900 2777 2881 2777 5420 2778 2897 2778 2900 2778 5421 2779 2885 2779 2904 2779 2906 2780 2885 2780 5422 2780 5422 2781 2885 2781 5423 2781 2909 2782 2908 2782 5424 2782 5425 2783 5426 2783 2911 2783 5427 2784 5428 2784 2914 2784 5429 2785 2910 2785 2912 2785 5430 2786 2913 2786 2915 2786 5431 2787 2915 2787 5432 2787 5433 2788 5432 2788 2918 2788 5433 2789 5434 2789 5432 2789 5435 2790 2922 2790 2924 2790 5436 2791 5437 2791 5438 2791 5437 2792 5439 2792 5438 2792 2928 2793 5440 2793 2929 2793 2931 2794 2933 2794 5441 2794 2934 2795 2936 2795 2938 2795 2944 2796 2941 2796 2943 2796 5442 2797 2944 2797 2945 2797 5443 2798 5442 2798 5444 2798 5442 2799 2945 2799 5444 2799 5017 2800 1828 2800 2953 2800 5445 2801 5017 2801 2953 2801 1827 2802 2951 2802 2953 2802 2955 2803 5446 2803 5447 2803 5446 2804 5448 2804 5447 2804 5449 2805 2954 2805 5450 2805 2955 2806 5447 2806 5451 2806 5452 2807 5453 2807 5454 2807 5452 83 5454 83 2958 83 5455 83 2957 83 5456 83 5457 2808 5458 2808 5453 2808 5459 2809 5460 2809 5458 2809 5459 83 5458 83 5457 83 5461 2810 5460 2810 5459 2810 5462 83 2961 83 2960 83 2965 2811 2964 2811 5463 2811 2963 2812 2968 2812 2964 2812 2966 83 2968 83 2963 83 5464 2813 5465 2813 2967 2813 2971 2814 2970 2814 5465 2814 2978 83 2977 83 2973 83 2983 83 2974 83 2984 83 5466 83 2980 83 2979 83 2986 2815 2982 2815 5467 2815 2990 2816 2989 2816 5468 2816 2990 83 5468 83 5466 83 2985 83 2987 83 5469 83 2988 2817 2992 2817 2989 2817 2991 2818 2995 2818 2992 2818 5470 83 2994 83 2993 83 3005 83 3000 83 2999 83 3006 83 3003 83 3002 83 3010 2819 3009 2819 3007 2819 3010 83 3007 83 3006 83 3008 2820 5471 2820 3009 2820 5472 2821 5473 2821 5474 2821 5472 2822 5474 2822 5471 2822 3011 83 3013 83 5475 83 5476 2823 5477 2823 3012 2823 5476 83 3012 83 3011 83 5478 2824 5477 2824 5476 2824 5479 2825 5480 2825 5481 2825 3016 2826 3015 2826 5480 2826 3017 2827 5482 2827 3018 2827 3022 2828 3021 2828 5482 2828 3022 83 5482 83 3017 83 3020 83 3024 83 3021 83 3023 2829 5483 2829 3024 2829 3027 2830 3026 2830 5483 2830 3025 83 3030 83 3026 83 3028 83 3030 83 3025 83 3032 83 3029 83 3028 83 3035 83 3031 83 3033 83 3039 83 3038 83 3036 83 5484 83 3037 83 5485 83 3042 2831 5484 2831 5485 2831 3041 83 5484 83 3042 83 3044 191 3194 191 3045 191 3043 191 3045 191 3049 191 5486 191 3052 191 3051 191 3048 191 5486 191 3051 191 3054 2832 3043 2832 3050 2832 3054 191 3050 191 3055 191 3064 191 3061 191 3060 191 3058 191 5487 191 3059 191 5488 191 5489 191 5490 191 3059 191 5487 191 5491 191 5489 1187 3072 1187 3074 1187 3074 1188 3073 1188 3076 1188 5491 191 5492 191 5493 191 3076 2833 3075 2833 5494 2833 5492 191 5495 191 5493 191 3078 191 5496 191 3079 191 5496 191 3453 191 3079 191 5494 191 5497 191 3084 191 3077 191 3079 191 3434 191 3082 191 5498 191 5499 191 3083 191 3082 191 5499 191 3090 2834 3089 2834 3093 2834 5499 191 5498 191 5500 191 3477 191 3091 191 5501 191 5502 191 5503 191 3104 191 3093 191 3092 191 3094 191 5503 191 3434 191 3104 191 3477 191 5501 191 5504 191 5505 191 5506 191 5507 191 3107 191 3103 191 3105 191 3098 191 3099 191 3109 191 3112 191 5508 191 3120 191 5509 191 3110 191 3116 191 3115 191 5509 191 3116 191 5510 191 3114 191 5511 191 3119 191 3118 191 3122 191 3121 191 3124 191 3123 191 5512 191 5513 191 3130 191 3133 191 3129 191 3131 191 3134 191 5514 191 5515 191 5515 191 3137 191 3139 191 3138 2835 5516 2835 5517 2835 5518 191 3136 191 3141 191 3140 2836 5518 2836 3141 2836 5517 191 5516 191 5519 191 5516 191 5520 191 5519 191 5519 1178 5520 1178 3146 1178 5520 2834 3147 2834 3146 2834 3148 1180 5521 1180 5522 1180 3148 191 5522 191 5523 191 5523 2837 5522 2837 5524 2837 5525 191 3151 191 3153 191 3152 191 3154 191 5526 191 3155 191 5527 191 3156 191 5526 191 3159 191 3158 191 3157 191 3156 191 5528 191 3157 191 5528 191 5529 191 3161 191 3160 191 3163 191 3164 191 5530 191 3170 191 3179 191 5531 191 5532 191 5531 191 3184 191 5533 191 5532 191 5531 191 5533 191 5533 1181 3184 1181 3186 1181 3188 2838 3187 2838 3192 2838 3432 1174 3190 1174 5534 1174 3269 2839 5535 2839 5536 2839 5537 2839 3269 2839 5536 2839 3195 2840 5537 2840 3196 2840 5538 2841 5539 2841 3202 2841 3205 2842 3203 2842 3206 2842 3204 2843 3206 2843 3208 2843 3207 2844 3208 2844 5540 2844 5541 2845 3207 2845 5540 2845 5541 2846 5540 2846 5542 2846 5543 2847 5541 2847 5542 2847 5544 2848 5543 2848 5545 2848 5544 2387 5545 2387 3210 2387 3213 2849 5546 2849 5547 2849 3213 2850 5547 2850 3214 2850 3216 2851 5548 2851 3217 2851 3219 2852 3215 2852 5549 2852 3215 2852 3217 2852 5549 2852 3221 2853 3218 2853 3220 2853 3219 2854 5549 2854 3220 2854 5550 2855 3221 2855 3222 2855 3224 2856 5551 2856 3225 2856 3223 2857 3225 2857 5552 2857 3227 2858 5553 2858 5554 2858 3227 2858 5554 2858 3228 2858 3231 2859 3230 2859 3232 2859 5555 2860 3231 2860 3233 2860 5555 2861 3233 2861 5556 2861 3234 2862 5557 2862 3235 2862 3246 2863 3242 2863 3244 2863 5558 2864 3249 2864 3250 2864 3252 2865 5559 2865 3253 2865 3254 2866 3255 2866 5560 2866 3259 1217 3256 1217 3260 1217 3267 2867 3264 2867 3265 2867 3267 2868 3265 2868 3268 2868 3270 2869 3266 2869 3272 2869 3266 2870 3268 2870 3272 2870 5561 2871 3273 2871 3275 2871 5561 2872 3275 2872 5562 2872 5563 2873 5564 2873 5565 2873 5566 2874 5562 2874 5567 2874 5568 2875 5566 2875 5567 2875 5569 2876 5563 2876 5570 2876 5571 2877 5572 2877 5573 2877 3277 2878 5574 2878 3279 2878 5575 2879 3280 2879 3282 2879 3284 2880 5575 2880 5576 2880 5575 2881 3282 2881 5576 2881 3284 2882 5576 2882 3285 2882 3283 2883 3285 2883 5577 2883 3293 2884 3290 2884 3291 2884 3293 2885 3291 2885 3294 2885 5578 2886 3292 2886 3295 2886 5578 2887 3295 2887 5579 2887 3297 2888 5578 2888 5579 2888 3297 2889 5579 2889 3298 2889 3316 2890 3315 2890 3306 2890 5580 2891 3305 2891 3307 2891 5580 2892 3307 2892 3311 2892 3308 2893 3310 2893 5581 2893 3313 2894 3308 2894 3314 2894 3312 2895 3314 2895 5582 2895 3328 2896 3322 2896 3329 2896 5583 2897 3330 2897 5584 2897 5585 2898 3331 2898 3335 2898 5586 2899 5587 2899 3342 2899 5588 2900 5589 2900 5590 2900 3347 2901 3349 2901 3351 2901 5591 2902 3350 2902 5592 2902 3357 2903 3352 2903 3355 2903 3357 2904 3355 2904 3358 2904 5593 2905 3359 2905 5594 2905 3323 2906 3364 2906 3324 2906 5595 2907 3365 2907 3367 2907 5595 1265 3367 1265 5596 1265 5597 2908 5598 2908 5599 2908 3372 2909 3368 2909 3370 2909 3371 2910 3373 2910 3376 2910 5600 2911 5601 2911 5602 2911 5603 2911 5600 2911 5602 2911 5604 2912 5605 2912 5606 2912 3381 2913 5606 2913 3382 2913 3381 2914 5604 2914 5606 2914 3380 2915 3382 2915 5607 2915 5608 2916 3380 2916 5607 2916 5609 2917 5610 2917 5611 2917 5612 2917 5609 2917 5611 2917 5613 2918 5611 2918 5614 2918 5613 2919 5614 2919 5615 2919 5613 2918 5612 2918 5611 2918 5616 2920 5615 2920 3384 2920 5617 2920 5616 2920 3384 2920 3386 2921 3383 2921 3385 2921 3391 2922 3386 2922 3388 2922 3393 2923 3390 2923 3394 2923 3397 2924 5618 2924 3398 2924 3397 2925 5619 2925 5618 2925 3402 2926 5620 2926 3400 2926 3399 2927 3401 2927 3404 2927 3409 2928 3407 2928 3408 2928 3414 2929 3410 2929 3412 2929 3411 2930 3413 2930 3416 2930 3419 2931 3415 2931 3417 2931 3424 2932 3423 2932 3425 2932 3511 191 3165 191 3168 191 3143 191 3141 191 3501 191 3141 191 3136 191 3501 191 3511 191 3168 191 3173 191 3136 2933 3131 2933 3501 2933 3131 191 3130 191 3501 191 3130 2934 5511 2934 3501 2934 5511 191 3116 191 3501 191 3511 191 3173 191 3180 191 5621 191 5622 191 3501 191 3116 191 3470 191 3501 191 3116 2935 3110 2935 3470 2935 3110 2936 3105 2936 3470 2936 3105 2937 3104 2937 3470 2937 3104 191 3434 191 3470 191 3434 191 3079 191 3470 191 3079 191 3453 191 3470 191 3533 191 5623 191 3439 191 3501 2938 5624 2938 5625 2938 5626 2939 3532 2939 3439 2939 3535 1318 5626 1318 3439 1318 3501 2940 5625 2940 3506 2940 3541 191 3539 191 3439 191 3511 191 3180 191 3182 191 3511 2941 3182 2941 3432 2941 3470 1315 5627 1315 5628 1315 3439 191 3511 191 3044 191 3511 2942 3432 2942 3044 2942 3439 2942 3044 2942 3043 2942 3439 2941 3043 2941 3054 2941 3470 2940 5628 2940 5629 2940 3439 191 3054 191 3066 191 3501 191 3508 191 3517 191 3439 191 3066 191 3071 191 3510 191 5630 191 3511 191 5631 191 3470 191 3511 191 3439 191 3071 191 3085 191 3515 1324 5632 1324 3511 1324 3439 191 3085 191 3477 191 3470 2938 5629 2938 3496 2938 3516 2939 3511 2939 5633 2939 3501 2943 3518 2943 5634 2943 5633 191 3511 191 5635 191 3470 2944 3497 2944 5636 2944 5635 191 3511 191 5637 191 3501 2945 5638 2945 3540 2945 5639 191 3470 191 5631 191 3470 2946 5640 2946 5641 2946 5642 2947 3596 2947 5643 2947 5642 2947 5643 2947 3543 2947 3548 2948 5644 2948 3549 2948 3542 1325 5642 1325 3543 1325 3547 2949 3549 2949 5645 2949 3545 2950 3542 2950 3544 2950 5646 2951 3547 2951 5645 2951 3557 2952 5646 2952 5645 2952 5647 2953 5648 2953 5649 2953 3569 2954 3560 2954 3564 2954 3569 2954 3564 2954 5650 2954 3569 2955 5650 2955 3570 2955 3566 1342 3567 1342 3572 1342 3566 1340 3565 1340 3563 1340 5651 2956 3570 2956 5652 2956 5653 2957 5651 2957 5652 2957 5654 2958 5655 2958 5656 2958 3587 2959 3584 2959 3585 2959 3588 2960 5654 2960 5656 2960 3586 2961 3585 2961 3592 2961 3597 2962 3590 2962 3598 2962 3599 2963 3621 2963 3600 2963 3602 2964 3604 2964 5657 2964 3605 2965 5658 2965 3606 2965 3610 2966 3609 2966 3603 2966 5659 2967 3607 2967 3606 2967 5660 2968 5658 2968 3605 2968 5661 2969 5658 2969 5660 2969 3613 2970 3611 2970 3606 2970 5662 2971 3615 2971 5663 2971 5664 2972 5665 2972 5666 2972 5664 2973 5662 2973 5665 2973 5667 2974 5668 2974 5669 2974 5667 2975 5669 2975 3620 2975 5657 2976 5670 2976 5667 2976 3623 2977 3625 2977 3656 2977 3629 2978 3658 2978 3657 2978 3629 2979 3632 2979 3630 2979 3636 2980 3634 2980 3633 2980 3644 2981 3637 2981 3636 2981 3650 2982 3647 2982 3648 2982 3654 2983 3649 2983 3650 2983 5671 2984 3658 2984 3651 2984 3659 2985 3658 2985 5671 2985 3694 191 5672 191 4065 191 5673 191 5674 191 4066 191 4065 191 5673 191 4066 191 5674 2986 3663 2986 3665 2986 4164 191 5675 191 4165 191 5675 191 3669 191 4165 191 3665 191 3664 191 4114 191 3667 2987 5676 2987 5677 2987 4165 191 3669 191 3671 191 3671 2988 3670 2988 4161 2988 5676 191 5678 191 3673 191 3670 191 5679 191 4161 191 5680 2989 3678 2989 4152 2989 3682 191 5681 191 3683 191 3685 191 5682 191 4091 191 3681 191 3683 191 3688 191 3690 2990 5683 2990 3691 2990 4120 191 5684 191 4121 191 5685 191 3693 191 3692 191 5686 2991 3687 2991 5687 2991 3691 191 5683 191 3692 191 4121 2992 3695 2992 3660 2992 3693 2993 5672 2993 3694 2993 3697 2994 5688 2994 3700 2994 3704 2995 3706 2995 5689 2995 3708 2996 3710 2996 3709 2996 5690 2997 5691 2997 5692 2997 5691 2998 5693 2998 5692 2998 3713 2999 3714 2999 5692 2999 5694 1403 5695 1403 3703 1403 5695 3000 5696 3000 3703 3000 5696 1403 5688 1403 3703 1403 5697 1403 3703 1403 3725 1403 3721 1403 5698 1403 3714 1403 5698 1403 5699 1403 3714 1403 5700 1403 3722 1403 3714 1403 3732 3001 3730 3001 5701 3001 5702 3002 3732 3002 5703 3002 5704 3003 3730 3003 3732 3003 3734 3004 3736 3004 5705 3004 3734 1412 5706 1412 5707 1412 5708 1412 3734 1412 3740 1412 5709 3005 3734 3005 5708 3005 3741 1411 5710 1411 3745 1411 3741 3004 5711 3004 5710 3004 3741 1412 3747 1412 5712 1412 3741 3006 5709 3006 5713 3006 3741 1412 3734 1412 5709 1412 4300 3007 5714 3007 5715 3007 3748 3008 3751 3008 3749 3008 5716 3009 3946 3009 5717 3009 3942 191 3941 191 5718 191 3954 3010 3953 3010 3960 3010 3954 191 3960 191 5719 191 3961 3011 4249 3011 3963 3011 3965 3012 3971 3012 3966 3012 3963 3013 4249 3013 5720 3013 3969 1389 5721 1389 3970 1389 3966 3014 3971 3014 3973 3014 4288 191 3968 191 5722 191 3968 3015 3970 3015 5722 3015 3973 3016 3972 3016 5723 3016 4288 3017 5722 3017 5724 3017 3977 191 4270 191 5725 191 4270 191 3978 191 5725 191 5726 3018 3981 3018 3983 3018 5725 191 3978 191 3980 191 3983 191 3982 191 3987 191 3987 191 3986 191 5727 191 4277 191 3946 191 5716 191 5727 3019 3940 3019 3942 3019 3988 3020 3991 3020 3993 3020 3992 3021 3993 3021 5728 3021 4001 3022 4003 3022 4005 3022 5729 3023 5730 3023 5731 3023 5730 3024 4014 3024 5731 3024 5729 3025 5732 3025 4016 3025 5733 3026 5734 3026 4035 3026 4037 3027 4032 3027 5735 3027 4036 3028 4039 3028 5736 3028 5736 3029 4039 3029 5737 3029 4043 3030 5738 3030 5739 3030 4043 3031 5739 3031 4044 3031 4046 3032 4043 3032 4045 3032 4048 3033 4046 3033 4047 3033 4048 3034 4047 3034 4049 3034 5740 3035 4053 3035 4055 3035 4058 3036 4060 3036 5741 3036 5742 3037 4058 3037 5743 3037 4058 3038 5741 3038 5743 3038 5742 3039 5744 3039 5745 3039 4062 3040 4070 3040 4063 3040 3694 3041 4065 3041 4067 3041 4119 3042 4064 3042 4072 3042 4067 3043 4068 3043 5746 3043 4077 3044 4072 3044 4078 3044 4075 3045 4087 3045 4080 3045 4074 3046 4073 3046 4083 3046 5747 3047 4106 3047 5748 3047 5749 3048 5750 3048 4088 3048 4094 3049 5751 3049 4062 3049 4087 3050 5749 3050 4088 3050 5750 3051 4089 3051 4088 3051 4095 3052 4062 3052 4061 3052 4100 3053 5747 3053 5752 3053 4098 3054 4103 3054 4097 3054 4100 3055 5752 3055 4101 3055 4104 3056 5748 3056 4105 3056 4107 3057 4096 3057 4105 3057 4101 3058 5752 3058 4170 3058 4069 3059 4117 3059 4109 3059 4108 3060 4110 3060 4111 3060 3672 3061 4069 3061 4109 3061 4081 3062 4083 3062 4111 3062 5746 3063 4108 3063 4111 3063 4078 3064 4086 3064 4112 3064 4096 3065 4093 3065 4113 3065 5677 3066 3673 3066 4116 3066 3668 3067 5677 3067 4116 3067 4105 3068 4096 3068 4113 3068 4112 3069 4097 3069 4113 3069 3673 3070 4109 3070 4116 3070 3686 3071 4091 3071 4090 3071 4109 3072 4117 3072 4119 3072 4114 3073 4115 3073 4068 3073 3680 3074 3686 3074 4090 3074 4142 3075 5753 3075 4143 3075 4121 3076 4126 3076 4122 3076 4169 3077 4145 3077 4150 3077 5754 3078 4174 3078 4158 3078 5755 3079 4133 3079 4158 3079 4175 3080 5755 3080 4158 3080 4161 3081 5756 3081 4153 3081 4122 3082 4127 3082 4129 3082 5757 3083 4134 3083 5758 3083 5759 3084 5760 3084 4138 3084 4135 3085 5761 3085 4136 3085 4140 3086 5759 3086 4138 3086 4140 3087 4139 3087 4159 3087 4132 3088 4131 3088 4159 3088 4138 3089 5760 3089 4141 3089 4090 3090 4089 3090 4149 3090 4155 3091 4139 3091 4151 3091 4144 3092 4155 3092 4151 3092 4143 3093 4157 3093 4156 3093 4139 3094 4155 3094 4160 3094 4159 3095 4139 3095 4160 3095 4101 3096 4170 3096 4168 3096 4173 3097 4172 3097 4146 3097 3709 3098 5762 3098 5763 3098 5761 191 4135 191 4181 191 4191 3099 4256 3099 4190 3099 4190 3100 4189 3100 4192 3100 5764 3101 4195 3101 4193 3101 4261 3102 4192 3102 5765 3102 4196 3103 4197 3103 5765 3103 4264 3104 4261 3104 5765 3104 5766 3105 5767 3105 5765 3105 4200 3106 4273 3106 4198 3106 4273 3107 4201 3107 4198 3107 4196 3108 4194 3108 4198 3108 4203 3109 4210 3109 4204 3109 4210 3110 4221 3110 4209 3110 4211 3111 4216 3111 4215 3111 4218 3112 4208 3112 4219 3112 4209 3113 4221 3113 4219 3113 4221 3114 4182 3114 4219 3114 4214 3115 4222 3115 4220 3115 3940 3116 3986 3116 5768 3116 3941 3117 5768 3117 4268 3117 3984 3118 3979 3118 4231 3118 4235 3119 4234 3119 4237 3119 3969 3120 3968 3120 5769 3120 4239 3121 4238 3121 4241 3121 5770 3122 4242 3122 5771 3122 5771 3123 4242 3123 4244 3123 4243 3124 4185 3124 4244 3124 3953 3125 3950 3125 4247 3125 3950 3126 4245 3126 4247 3126 3961 3127 3960 3127 4248 3127 4248 3128 4247 3128 4252 3128 3975 3129 4251 3129 4255 3129 5772 3130 3975 3130 4255 3130 4252 3131 4257 3131 4258 3131 5772 3132 4255 3132 4263 3132 4256 3133 4252 3133 4188 3133 3986 3134 3982 3134 4262 3134 4266 3135 5768 3135 4262 3135 4263 3136 4255 3136 4261 3136 4263 3137 4261 3137 4264 3137 5773 3138 4272 3138 4195 3138 5774 3139 3958 3139 4267 3139 5774 3140 5775 3140 4271 3140 4200 3141 4274 3141 4273 3141 4275 3142 4233 3142 4273 3142 4231 3143 4280 3143 4278 3143 3984 3144 4231 3144 4278 3144 4277 3145 3984 3145 4278 3145 3946 3146 4278 3146 4279 3146 5776 3147 4207 3147 4206 3147 4280 3148 5776 3148 4206 3148 3955 3149 3952 3149 4282 3149 4279 3150 4206 3150 4205 3150 3965 3151 3955 3151 4283 3151 3971 3152 3965 3152 4283 3152 3955 3153 4282 3153 4283 3153 4283 3154 4282 3154 4208 3154 3972 3155 3971 3155 4284 3155 4288 3156 3972 3156 4284 3156 4241 3157 4285 3157 4213 3157 4240 3158 4241 3158 4213 3158 4284 3159 4283 3159 4218 3159 3968 3160 4288 3160 4289 3160 5769 3161 3968 3161 4289 3161 5777 3162 4292 3162 4214 3162 5778 3163 4291 3163 4187 3163 4292 3164 4293 3164 4222 3164 4244 3165 4185 3165 4184 3165 4294 3166 4242 3166 5779 3166 4227 191 4228 191 4303 191 5780 191 4227 191 4303 191 5781 3167 0 3167 2 3167 6 2 5781 2 2 2 3 1 5 1 9 1 6 3168 7 3168 4371 3168 11 3169 4372 3169 4373 3169 4377 3170 8 3170 4374 3170 11 3171 4373 3171 12 3171 4377 3172 4374 3172 4378 3172 15 3173 4375 3173 13 3173 5782 3174 4376 3174 4379 3174 5782 3175 4379 3175 19 3175 4381 3176 5782 3176 19 3176 4380 3177 16 3177 4382 3177 22 1732 4380 1732 23 1732 21 3178 23 3178 5783 3178 21 3179 5783 3179 30 3179 29 3180 21 3180 30 3180 34 3181 31 3181 4384 3181 36 3182 4383 3182 37 3182 4385 16 36 16 38 16 33 3183 35 3183 41 3183 40 3184 33 3184 41 3184 5784 3185 47 3185 49 3185 52 21 45 21 50 21 5784 3186 49 3186 5785 3186 51 3187 50 3187 5786 3187 5784 3188 5785 3188 5787 3188 5788 3189 5784 3189 5787 3189 51 3190 5786 3190 4390 3190 54 3191 5789 3191 5790 3191 5788 3192 5787 3192 5791 3192 57 3193 5788 3193 5791 3193 54 3194 5790 3194 55 3194 57 3195 5791 3195 58 3195 53 23 55 23 5792 23 53 3196 5792 3196 4392 3196 59 3197 4395 3197 63 3197 64 27 66 27 4398 27 4400 3198 4396 3198 4402 3198 4396 3199 67 3199 4402 3199 68 3200 70 3200 72 3200 75 3201 4401 3201 5793 3201 75 3202 5793 3202 76 3202 4405 3203 74 3203 80 3203 5794 3204 4404 3204 5795 3204 4408 3205 5794 3205 5795 3205 4404 3206 4406 3206 5795 3206 88 3207 85 3207 4407 3207 4408 3208 5795 3208 4409 3208 4411 1768 4410 1768 4413 1768 4412 3209 4413 3209 4415 3209 4416 3210 91 3210 93 3210 4416 3210 93 3210 4417 3210 95 3211 4415 3211 96 3211 94 3212 96 3212 101 3212 4418 3213 97 3213 99 3213 4419 3214 100 3214 102 3214 4420 3215 105 3215 110 3215 4 1777 4420 1777 5 1777 4421 3216 112 3216 114 3216 4422 3217 117 3217 4424 3217 4423 3218 4422 3218 4424 3218 119 3219 4427 3219 120 3219 122 3220 4429 3220 4430 3220 126 3220 122 3220 4430 3220 125 3221 127 3221 129 3221 4432 3222 128 3222 4431 3222 4432 3223 4431 3223 131 3223 133 3224 132 3224 4434 3224 4433 3225 133 3225 4434 3225 5796 3226 4433 3226 4435 3226 4437 3227 5796 3227 4435 3227 4437 3228 4435 3228 5797 3228 4437 3229 5797 3229 4438 3229 134 3230 4436 3230 135 3230 4436 3231 4438 3231 135 3231 137 3232 134 3232 136 3232 4440 3233 138 3233 4442 3233 4445 3234 4443 3234 146 3234 4445 3235 146 3235 5798 3235 5799 3236 4444 3236 4446 3236 4445 1797 5798 1797 4446 1797 148 3237 5799 3237 4447 3237 5799 3236 4446 3236 4447 3236 150 3238 149 3238 4448 3238 154 3239 152 3239 153 3239 5800 3240 154 3240 157 3240 156 3241 5800 3241 157 3241 154 3240 155 3240 157 3240 160 3242 162 3242 161 3242 5801 3243 164 3243 166 3243 167 3244 5801 3244 166 3244 167 3245 168 3245 171 3245 169 3246 171 3246 5802 3246 169 3247 5802 3247 4451 3247 173 3248 4451 3248 5803 3248 173 3249 5803 3249 174 3249 176 79 4452 79 177 79 178 80 177 80 179 80 4453 3250 178 3250 180 3250 181 3251 716 3251 5804 3251 248 3252 685 3252 687 3252 714 3253 4616 3253 715 3253 188 83 190 83 697 83 5805 3254 181 3254 5804 3254 5805 3255 5804 3255 5806 3255 5805 83 5806 83 5807 83 4457 3256 4459 3256 691 3256 200 83 4468 83 201 83 4455 3257 5808 3257 4456 3257 218 83 5807 83 219 83 218 3258 5805 3258 5807 3258 267 83 243 83 711 83 194 83 196 83 703 83 214 3259 216 3259 212 3259 228 3260 708 3260 4461 3260 5809 3261 4466 3261 5810 3261 5809 83 5808 83 4455 83 5809 3262 5810 3262 5808 3262 4467 83 4468 83 200 83 224 3263 208 3263 207 3263 655 3264 658 3264 242 3264 4472 83 209 83 210 83 234 83 4466 83 5809 83 223 3265 237 3265 208 3265 238 83 4476 83 5811 83 4475 83 4469 83 189 83 260 3266 259 3266 4477 3266 244 83 220 83 222 83 232 3267 4480 3267 4474 3267 254 83 236 83 235 83 264 3268 4478 3268 265 3268 241 3269 243 3269 267 3269 667 83 248 83 247 83 263 83 265 83 279 83 4479 83 252 83 251 83 286 3270 4467 3270 284 3270 293 3271 4471 3271 4480 3271 295 83 4481 83 4482 83 293 83 227 83 4471 83 5812 83 251 83 250 83 280 3272 288 3272 281 3272 308 83 5813 83 259 83 308 3273 5811 3273 5813 3273 296 83 295 83 4482 83 308 83 259 83 258 83 308 83 258 83 4489 83 308 83 238 83 5811 83 1782 3274 5814 3274 5812 3274 1782 3275 5812 3275 250 3275 298 83 666 83 299 83 311 83 4485 83 4486 83 312 3276 311 3276 4486 3276 4487 3277 269 3277 270 3277 316 83 289 83 290 83 297 3278 4487 3278 226 3278 4490 3279 278 3279 279 3279 320 3280 319 3280 301 3280 310 3281 312 3281 4537 3281 302 3282 225 3282 323 3282 355 3283 298 3283 300 3283 322 3284 302 3284 323 3284 347 3285 4490 3285 4491 3285 327 3286 215 3286 4473 3286 330 83 329 83 332 83 304 83 195 83 194 83 327 3287 4473 3287 349 3287 348 83 327 83 349 83 344 3288 377 3288 345 3288 4497 83 308 83 336 83 354 3289 352 3289 355 3289 365 3290 367 3290 385 3290 362 3291 364 3291 377 3291 373 83 363 83 362 83 378 3292 383 3292 379 3292 357 83 359 83 360 83 368 3293 268 3293 407 3293 5815 83 4494 83 4493 83 415 83 343 83 371 83 392 3294 356 3294 393 3294 382 3295 386 3295 383 3295 5816 83 4492 83 333 83 382 3296 303 3296 282 3296 418 83 370 83 380 83 394 3297 5817 3297 325 3297 394 83 396 83 5817 83 394 83 325 83 285 83 5818 83 4494 83 5815 83 5818 3298 411 3298 4494 3298 5819 3299 5820 3299 322 3299 5819 83 322 83 321 83 419 3300 418 3300 380 3300 4503 83 411 83 5818 83 4530 83 395 83 394 83 406 83 407 83 446 83 4512 83 1782 83 4496 83 420 3301 4509 3301 401 3301 4517 3302 4492 3302 5816 3302 470 83 351 83 471 83 4517 3303 4516 3303 4492 3303 4510 83 514 83 341 83 4508 3304 4522 3304 4509 3304 5821 83 450 83 5820 83 5821 83 5820 83 5819 83 4513 83 417 83 419 83 499 3305 495 3305 440 3305 4518 83 406 83 446 83 439 83 499 83 440 83 4511 3306 454 3306 5814 3306 4511 3307 5814 3307 1782 3307 460 83 439 83 441 83 442 3308 5822 3308 443 3308 4534 83 434 83 433 83 442 83 444 83 422 83 4523 3309 4522 3309 4508 3309 448 83 450 83 5821 83 456 3310 458 3310 4499 3310 455 3311 405 3311 478 3311 467 3312 468 3312 501 3312 469 3313 4526 3313 483 3313 464 3314 466 3314 5822 3314 542 3315 4524 3315 4514 3315 464 3316 5822 3316 442 3316 476 3317 475 3317 4515 3317 492 3318 491 3318 4530 3318 498 3319 497 3319 4523 3319 492 83 394 83 1483 83 1498 3320 5823 3320 4536 3320 1498 3321 4936 3321 5823 3321 4528 3322 486 3322 4521 3322 4535 3323 1498 3323 4536 3323 504 83 462 83 461 83 504 3324 503 3324 462 3324 535 3325 5824 3325 465 3325 487 83 509 83 457 83 5825 83 447 83 507 83 5825 3326 4527 3326 447 3326 1588 83 4536 83 5826 83 484 3327 4541 3327 485 3327 500 3328 310 3328 4537 3328 511 83 474 83 476 83 4543 83 477 83 479 83 506 3329 5825 3329 507 3329 5000 83 482 83 4531 83 502 3330 519 3330 503 3330 505 3331 507 3331 489 3331 1508 83 4551 83 1504 83 4539 3332 4549 3332 4540 3332 4539 83 4541 83 484 83 526 3333 500 3333 4538 3333 526 3334 4538 3334 527 3334 4545 83 496 83 523 83 533 83 489 83 488 83 529 3335 1588 3335 5826 3335 510 83 5824 83 535 83 529 83 5826 83 530 83 510 3336 512 3336 5824 3336 4548 3337 529 3337 434 3337 4547 83 4546 83 5000 83 4544 83 489 83 533 83 1507 83 4519 83 4520 83 5827 3338 4547 3338 5000 3338 543 83 493 83 4569 83 5827 3339 5000 3339 4531 3339 532 83 4544 83 533 83 4550 3340 5827 3340 4531 3340 539 3341 538 3341 4549 3341 554 83 516 83 517 83 636 3342 4555 3342 675 3342 1739 3343 1738 3343 4560 3343 4567 3344 529 3344 4548 3344 546 3345 545 3345 551 3345 561 83 4519 83 1507 83 1619 83 529 83 4567 83 560 83 559 83 531 83 4558 3346 536 3346 571 3346 566 83 4559 83 567 83 564 3347 525 3347 580 3347 574 83 1739 83 575 83 4570 3348 558 3348 560 3348 570 83 572 83 585 83 570 3349 4558 3349 571 3349 4572 83 553 83 555 83 4568 3350 543 3350 4569 3350 577 83 566 83 568 83 599 3351 4562 3351 600 3351 599 83 569 83 4562 83 1609 83 1619 83 4566 83 5828 83 4557 83 636 83 584 83 585 83 4576 83 4571 3352 555 3352 617 3352 4577 83 577 83 578 83 598 83 600 83 4579 83 594 83 590 83 583 83 596 3353 584 3353 4576 3353 586 83 579 83 580 83 607 3354 606 3354 660 3354 612 3355 4588 3355 613 3355 611 3356 609 3356 605 3356 619 3357 4574 3357 620 3357 610 83 608 83 609 83 632 83 598 83 4580 83 4581 83 589 83 588 83 4584 3358 597 3358 4585 3358 4584 3359 595 3359 597 3359 635 83 5828 83 636 83 615 3360 617 3360 4581 3360 625 3361 632 3361 626 3361 618 3362 4585 3362 556 3362 4589 3363 621 3363 4588 3363 679 83 1732 83 4578 83 633 3364 621 3364 4589 3364 628 3365 630 3365 4565 3365 4590 83 4586 83 615 83 640 83 639 83 4586 83 4591 83 624 83 4594 83 1500 83 631 83 625 83 638 83 4597 83 639 83 4595 83 4597 83 638 83 641 3366 4593 3366 642 3366 4602 3367 641 3367 643 3367 4599 83 4596 83 4595 83 4603 83 4600 83 4599 83 690 3368 4605 3368 1500 3368 644 83 4601 83 645 83 663 83 659 83 661 83 648 3369 647 3369 587 3369 648 3370 4604 3370 4603 3370 648 3371 587 3371 4604 3371 643 3372 645 3372 4602 3372 358 3373 333 3373 335 3373 199 83 288 83 197 83 319 83 294 83 301 83 190 83 689 83 688 83 4551 3374 4532 3374 1504 3374 4582 83 592 83 591 83 4500 83 330 83 331 83 668 3375 1805 3375 1807 3375 630 83 550 83 4565 83 693 83 4592 83 5829 83 4607 3376 636 3376 674 3376 689 83 4605 83 690 83 498 83 523 83 496 83 654 83 4606 83 652 83 4608 83 681 83 680 83 691 3377 693 3377 5829 3377 4459 3378 692 3378 691 3378 4611 83 654 83 653 83 710 83 707 83 4608 83 4609 83 4578 83 185 83 713 83 4611 83 653 83 5830 3379 4614 3379 4610 3379 5830 83 4610 83 4612 83 700 3380 705 3380 4568 3380 4613 83 4614 83 5830 83 699 3381 715 3381 629 3381 182 3382 4615 3382 183 3382 187 83 4609 83 185 83 199 83 198 83 4613 83 4685 191 4684 191 5831 191 4685 191 5831 191 5832 191 719 1946 718 1946 720 1946 5832 3383 5831 3383 5833 3383 5832 191 5833 191 722 191 721 208 720 208 4617 208 722 3384 5833 3384 723 3384 724 3385 723 3385 4621 3385 4620 191 4627 191 4624 191 4627 191 725 191 4628 191 728 191 4625 191 729 191 4628 3386 725 3386 727 3386 4630 191 728 191 730 191 727 191 726 191 735 191 4629 191 731 191 733 191 735 191 734 191 740 191 743 3387 4632 3387 744 3387 733 191 732 191 742 191 4639 191 743 191 745 191 749 3388 4639 3388 750 3388 747 191 760 191 748 191 4638 191 4637 191 759 191 760 191 5834 191 761 191 5834 3385 4643 3385 761 3385 752 191 751 191 763 191 765 3389 755 3389 766 3389 762 191 763 191 768 191 4643 191 770 191 769 191 770 191 4646 191 771 191 767 191 768 191 777 191 773 191 4644 191 774 191 4641 3390 778 3390 4648 3390 4645 191 4641 191 4648 191 4646 3386 4649 3386 4647 3386 784 191 772 191 786 191 4647 192 4649 192 788 192 779 191 4655 191 787 191 783 1945 785 1945 792 1945 781 191 782 191 4651 191 4650 191 4656 191 4652 191 4655 191 803 191 802 191 4652 191 4656 191 4657 191 799 191 4653 191 800 191 4657 191 796 191 798 191 803 191 5835 191 804 191 793 191 795 191 806 191 798 191 797 191 4659 191 808 191 4658 191 4660 191 804 191 5835 191 5836 191 5835 191 4664 191 5836 191 805 191 806 191 811 191 4659 191 812 191 814 191 5836 191 4664 191 818 191 4663 191 807 191 4661 191 4662 1941 4661 1941 4666 1941 816 1938 826 1938 825 1938 817 3390 816 3390 825 3390 833 3391 4665 3391 834 3391 4665 1940 4666 1940 834 1940 829 191 838 191 830 191 824 193 823 193 832 193 830 191 838 191 840 191 831 191 832 191 4668 191 847 191 831 191 4668 191 841 191 843 191 5837 191 4672 3392 841 3392 5837 3392 4672 1939 5837 1939 4673 1939 850 191 855 191 851 191 846 1933 4670 1933 859 1933 858 191 846 191 859 191 4675 191 858 191 860 191 866 3393 4671 3393 4674 3393 853 191 871 191 861 191 856 191 869 191 868 191 4677 191 862 191 864 191 866 191 4674 191 867 191 871 206 878 206 872 206 4677 1948 864 1948 874 1948 4676 191 873 191 875 191 870 191 4676 191 875 191 872 191 878 191 880 191 885 3389 884 3389 4680 3389 885 191 4680 191 891 191 889 191 890 191 894 191 896 191 895 191 900 191 896 191 900 191 899 191 898 191 4681 191 4682 191 899 191 901 191 902 191 4682 191 905 191 904 191 904 191 906 191 4683 191 4683 3394 906 3394 4684 3394 717 209 908 209 718 209 913 3395 915 3395 917 3395 5838 3396 918 3396 920 3396 4687 3397 5838 3397 920 3397 4689 3398 4687 3398 4690 3398 4687 3399 4688 3399 4690 3399 4691 3400 924 3400 925 3400 926 3401 4691 3401 927 3401 4692 3402 926 3402 928 3402 929 3403 931 3403 5839 3403 5840 3404 910 3404 909 3404 5840 3405 909 3405 5841 3405 939 3406 937 3406 940 3406 938 3407 940 3407 942 3407 941 3408 938 3408 942 3408 948 3409 946 3409 949 3409 4696 3410 948 3410 950 3410 955 3411 953 3411 5842 3411 955 3412 5842 3412 956 3412 955 3413 951 3413 953 3413 5843 3414 960 3414 961 3414 5844 3415 5845 3415 5846 3415 5844 3416 5846 3416 5847 3416 966 3417 965 3417 964 3417 966 3417 964 3417 967 3417 969 3418 966 3418 968 3418 4697 243 969 243 970 243 4697 3419 970 3419 973 3419 974 1964 975 1964 4700 1964 5848 3420 4699 3420 4701 3420 976 3421 5848 3421 977 3421 5848 3422 4701 3422 977 3422 986 3423 5849 3423 5850 3423 986 3424 5850 3424 984 3424 4706 1973 4705 1973 4707 1973 991 3425 4706 3425 4707 3425 993 3426 994 3426 996 3426 4709 3427 996 3427 4710 3427 4709 3427 995 3427 996 3427 5851 3428 4709 3428 998 3428 997 3429 5851 3429 998 3429 5852 3430 4711 3430 4712 3430 4713 3431 1001 3431 1002 3431 4713 3432 1002 3432 1003 3432 1005 3433 5853 3433 1006 3433 1007 3434 1008 3434 4715 3434 1010 1984 4716 1984 1011 1984 4723 3435 4719 3435 4721 3435 4722 3436 4724 3436 4726 3436 4725 1990 4726 1990 4727 1990 1013 3437 4727 3437 1014 3437 4733 1994 4730 1994 4731 1994 4733 1994 4731 1994 4732 1994 1020 267 1021 267 4734 267 1019 1995 1020 1995 4734 1995 1026 3438 1027 3438 1029 3438 1028 3439 1029 3439 1031 3439 4736 1998 1030 1998 1032 1998 4739 2001 5854 2001 1038 2001 1037 3440 4738 3440 1038 3440 4741 3441 4740 3441 4743 3441 1047 3442 1046 3442 1048 3442 5855 3443 1047 3443 1049 3443 1051 3444 5855 3444 4747 3444 5855 3445 1049 3445 4747 3445 1056 3446 1053 3446 1058 3446 1053 3446 1054 3446 1058 3446 5856 3447 4748 3447 1067 3447 1068 3448 5856 3448 1069 3448 5856 3449 1067 3449 1069 3449 1075 3450 1074 3450 5857 3450 4749 3451 5857 3451 1077 3451 4749 3451 1075 3451 5857 3451 1084 3452 1085 3452 1088 3452 1089 300 1087 300 1088 300 5858 3453 1089 3453 1091 3453 1092 3454 5859 3454 1093 3454 5860 3455 4750 3455 5861 3455 5860 3456 1092 3456 4750 3456 5862 3457 5860 3457 5861 3457 1095 303 1096 303 4751 303 1095 2016 4751 2016 1097 2016 1098 2017 1099 2017 4752 2017 1098 304 4752 304 1100 304 5863 3458 4753 3458 4755 3458 5864 3459 5863 3459 4755 3459 5864 3460 4755 3460 5865 3460 4756 3461 5864 3461 4758 3461 5864 3461 5865 3461 4758 3461 1102 3462 4757 3462 1103 3462 1104 3463 1103 3463 4760 3463 1109 3464 4763 3464 4765 3464 4763 3464 4764 3464 4765 3464 1111 3465 1113 3465 1115 3465 1114 3466 1115 3466 1135 3466 4769 3467 4767 3467 4768 3467 4771 3468 4770 3468 5866 3468 1122 3469 5866 3469 4772 3469 1122 3469 4771 3469 5866 3469 1124 3470 1123 3470 1125 3470 1127 3471 1126 3471 4773 3471 1130 3472 4774 3472 5867 3472 1130 3473 5867 3473 1131 3473 1129 317 1131 317 1133 317 1134 3474 1135 3474 5868 3474 4778 2036 4776 2036 1137 2036 4778 2036 1137 2036 4777 2036 4779 3475 1138 3475 5869 3475 4780 3476 4779 3476 4782 3476 4779 3477 5869 3477 4782 3477 5870 3478 1139 3478 1141 3478 1140 320 4781 320 1141 320 5870 3479 1141 3479 5871 3479 1143 3480 5870 3480 5872 3480 5870 3481 5871 3481 5872 3481 1143 3482 5872 3482 1144 3482 1146 3483 4783 3483 4785 3483 1145 3484 1147 3484 4787 3484 1149 3485 4788 3485 1151 3485 1152 325 5873 325 1153 325 1156 3486 1152 3486 1154 3486 4790 3487 1155 3487 4789 3487 1158 3488 4790 3488 1159 3488 5874 3489 1160 3489 5875 3489 5874 3489 1158 3489 1160 3489 5876 3490 4791 3490 1162 3490 1161 3491 5876 3491 1162 3491 1165 3492 1166 3492 5877 3492 5878 3493 1165 3493 5877 3493 4793 3494 5877 3494 4794 3494 4793 3495 5878 3495 5877 3495 1148 333 1172 333 4796 333 1171 2053 1148 2053 4796 2053 4797 334 1173 334 1174 334 4797 334 1174 334 1175 334 5879 3496 1180 3496 5880 3496 1180 3497 1182 3497 5880 3497 5881 3498 4799 3498 4801 3498 1184 3499 5881 3499 4801 3499 1188 3500 4802 3500 1189 3500 4803 3501 1187 3501 4804 3501 1187 3502 1189 3502 4804 3502 4805 3503 4806 3503 5882 3503 1196 3504 5883 3504 5884 3504 1196 3505 5884 3505 1197 3505 1211 3506 1204 3506 1206 3506 1212 3507 4809 3507 1210 3507 1217 3508 1212 3508 1218 3508 4810 351 1214 351 1216 351 5885 3509 4810 3509 4811 3509 1219 3510 1176 3510 5886 3510 4815 2075 4812 2075 4813 2075 4815 2076 4813 2076 4814 2076 1223 3511 1222 3511 1226 3511 1229 357 1224 357 1227 357 5887 3512 1233 3512 1235 3512 4817 3513 5887 3513 5888 3513 5887 3514 1235 3514 5888 3514 4817 2078 5888 2078 4818 2078 5889 3515 4820 3515 4821 3515 5889 3516 4821 3516 5890 3516 1243 3517 1244 3517 1246 3517 1248 3518 1245 3518 1247 3518 1250 3519 1252 3519 4823 3519 4822 3520 1250 3520 4823 3520 1254 3521 4823 3521 1255 3521 1257 3522 1256 3522 4824 3522 1260 2085 1257 2085 1261 2085 1259 3523 1261 3523 5891 3523 5892 3524 5893 3524 1263 3524 1262 3525 5892 3525 1263 3525 5894 376 1262 376 1264 376 4825 3526 4827 3526 5895 3526 5896 3527 5897 3527 1266 3527 5898 3528 5896 3528 1266 3528 1265 377 5898 377 1266 377 4828 379 1268 379 1270 379 1271 380 1273 380 5899 380 1274 3529 1271 3529 1275 3529 1271 3529 5899 3529 1275 3529 1279 3530 1281 3530 1283 3530 5900 3531 1282 3531 1284 3531 1285 3532 5900 3532 1284 3532 5901 3533 1285 3533 1286 3533 5901 3534 1286 3534 5902 3534 4829 3535 5903 3535 4830 3535 4832 3536 1287 3536 1288 3536 4832 3537 1288 3537 1289 3537 1290 3538 5904 3538 1291 3538 1293 3539 1290 3539 1292 3539 1295 3540 4833 3540 1296 3540 1298 390 1297 390 4835 390 4834 3541 4836 3541 1300 3541 4834 3542 1298 3542 4835 3542 1302 3543 4834 3543 1300 3543 1299 3544 1301 3544 1304 3544 1303 3545 1305 3545 1308 3545 5905 396 1310 396 1312 396 4838 3546 4846 3546 1314 3546 1317 2105 4840 2105 1318 2105 1316 2106 1319 2106 4844 2106 1327 403 1323 403 1325 403 1327 3547 1325 3547 1328 3547 1332 3548 1329 3548 1333 3548 5906 3549 1331 3549 1335 3549 4845 3550 4838 3550 5907 3550 4854 3551 1344 3551 5908 3551 4854 3552 5908 3552 4855 3552 4854 3553 1343 3553 1344 3553 1347 3554 4855 3554 1348 3554 1347 3555 4853 3555 4855 3555 1346 3556 1348 3556 1350 3556 5909 3557 1349 3557 4856 3557 4858 3558 4856 3558 4859 3558 4858 3559 5909 3559 4856 3559 4857 2119 4859 2119 4861 2119 4860 3560 4861 3560 5910 3560 4862 3561 4864 3561 5911 3561 1355 420 1356 420 1358 420 1360 3562 1357 3562 1362 3562 4866 2123 1361 2123 5912 2123 4866 3563 5912 3563 4868 3563 1369 3564 1366 3564 1368 3564 4870 2127 1370 2127 4872 2127 1371 3565 4873 3565 1372 3565 4875 3566 5913 3566 5914 3566 4875 3567 5914 3567 4876 3567 4874 2130 4876 2130 4878 2130 4877 2131 4874 2131 4878 2131 1375 3568 5915 3568 1376 3568 1375 3569 5916 3569 5915 3569 1374 3570 1376 3570 4881 3570 4880 3571 4882 3571 4884 3571 4880 3572 1374 3572 4881 3572 5917 3573 4880 3573 4884 3573 4883 3574 5917 3574 4884 3574 4889 2134 4883 2134 4886 2134 4887 3575 4888 3575 1378 3575 1380 3576 4887 3576 1378 3576 5918 3577 1381 3577 1383 3577 4891 2139 4865 2139 1353 2139 4891 2138 1353 2138 4890 2138 4893 2140 4894 2140 4895 2140 4892 2140 4893 2140 4895 2140 1385 433 5919 433 1386 433 1387 3578 1384 3578 1386 3578 1391 3579 1392 3579 1394 3579 5920 3580 1395 3580 1398 3580 1399 3581 5920 3581 1400 3581 5920 3582 1398 3582 1400 3582 4901 3583 1402 3583 1404 3583 4903 3584 1405 3584 1408 3584 4905 3585 4903 3585 4904 3585 1409 3586 1411 3586 1413 3586 1412 446 1413 446 4907 446 1414 3587 4908 3587 1415 3587 1431 454 1428 454 1429 454 1431 453 1429 453 1430 453 4910 3588 4912 3588 5921 3588 5922 3589 5923 3589 1434 3589 1433 3589 5922 3589 1434 3589 5924 3590 4914 3590 5925 3590 4914 3591 4915 3591 5925 3591 1436 3592 5924 3592 1437 3592 5924 3592 5925 3592 1437 3592 4917 3593 4916 3593 4918 3593 4916 3594 1439 3594 4918 3594 4920 3595 4917 3595 4919 3595 5926 3596 1440 3596 1442 3596 4922 2166 5927 2166 4923 2166 4931 3597 4924 3597 4925 3597 4931 3598 4925 3598 4932 3598 1446 3599 1443 3599 1447 3599 4927 3600 1449 3600 4926 3600 4929 2172 4928 2172 5928 2172 5929 3601 5928 3601 5930 3601 5929 3602 5930 3602 1451 3602 5929 3603 4929 3603 5928 3603 1454 3604 5929 3604 1451 3604 1455 3605 4930 3605 1453 3605 1506 3606 1505 3606 4935 3606 1509 3607 1473 3607 4935 3607 1505 3608 1509 3608 4935 3608 1478 3609 1506 3609 1475 3609 1472 3610 1471 3610 1484 3610 1509 3611 1486 3611 1485 3611 1479 3612 1486 3612 1488 3612 1488 3613 4938 3613 1491 3613 4937 3614 1498 3614 1497 3614 1469 3615 1492 3615 1491 3615 4535 3616 1588 3616 1477 3616 1499 3617 1502 3617 481 3617 1470 3618 4940 3618 1516 3618 1515 3619 1513 3619 1512 3619 1503 3620 1494 3620 1512 3620 1507 3621 1506 3621 1478 3621 561 3622 1507 3622 1478 3622 593 3623 576 3623 1520 3623 591 3624 593 3624 1520 3624 1512 3625 1514 3625 1486 3625 1509 3626 1503 3626 1486 3626 1518 3627 1520 3627 1474 3627 591 3628 1520 3628 1522 3628 1522 3629 1523 3629 1526 3629 1527 3630 1501 3630 1526 3630 1492 3631 4941 3631 1480 3631 1524 3632 1467 3632 1529 3632 2622 3633 2550 3633 4938 3633 2550 3634 2549 3634 1469 3634 2549 3635 1467 3635 1469 3635 1528 3636 1529 3636 1533 3636 4944 3637 4946 3637 4945 3637 5931 3638 4943 3638 4945 3638 4946 3639 5932 3639 4947 3639 5933 3640 5934 3640 5935 3640 5933 3641 5935 3641 5936 3641 1536 3642 5937 3642 1537 3642 1538 3643 1535 3643 1539 3643 4953 3644 4951 3644 4954 3644 4953 3645 4949 3645 4951 3645 1548 3646 4957 3646 1549 3646 1553 530 1550 530 1551 530 1553 529 1551 529 1552 529 5938 3647 5939 3647 5940 3647 4959 3648 5938 3648 4960 3648 5938 3649 5940 3649 4960 3649 5941 3650 4959 3650 1555 3650 4961 3651 5941 3651 1554 3651 5941 3652 1555 3652 1554 3652 4961 3653 1554 3653 4962 3653 1560 3654 1557 3654 1559 3654 1558 3655 4962 3655 1559 3655 5942 3656 1560 3656 1561 3656 4964 3657 5942 3657 1561 3657 5943 3658 4963 3658 4965 3658 5943 3659 4965 3659 5944 3659 1564 3660 1572 3660 1566 3660 1574 3661 1565 3661 1567 3661 1574 3662 1567 3662 1576 3662 5945 3663 1571 3663 1564 3663 1574 3664 1576 3664 1575 3664 1579 3665 5946 3665 1580 3665 1579 3666 1581 3666 5947 3666 1575 3667 1577 3667 5946 3667 1575 3668 5946 3668 1579 3668 5948 3669 1583 3669 1582 3669 4971 83 5949 83 4972 83 1599 83 4971 83 4973 83 619 3670 1628 3670 1610 3670 1609 83 619 83 1610 83 1599 83 4973 83 1600 83 1586 3671 1593 3671 1603 3671 1598 83 1600 83 4976 83 298 83 1585 83 1605 83 1591 83 1586 83 1606 83 1608 3672 1591 3672 5950 3672 1591 83 4979 83 5950 83 4984 83 1614 83 4981 83 685 83 1618 83 4985 83 1619 83 4982 83 1620 83 1625 3673 1621 3673 1623 3673 1596 83 4983 83 4971 83 529 3674 1620 3674 1592 3674 4987 3675 5949 3675 4971 3675 1624 3676 1626 3676 5948 3676 5948 83 1626 83 1583 83 1641 3677 1632 3677 1631 3677 1636 3678 1643 3678 1637 3678 339 3679 1634 3679 340 3679 351 3680 470 3680 1645 3680 1654 3681 1685 3681 1655 3681 1630 3682 1659 3682 1642 3682 1644 3683 1641 3683 1642 3683 1631 3684 1630 3684 1642 3684 1645 3685 1653 3685 1652 3685 1647 3686 1654 3686 1656 3686 2606 3687 2605 3687 1660 3687 1664 3688 4989 3688 1662 3688 1653 3689 1645 3689 1662 3689 1647 3690 1656 3690 1665 3690 1656 3691 1658 3691 1665 3691 1697 3692 1664 3692 1665 3692 1702 3693 1710 3693 4990 3693 1710 3694 1671 3694 4990 3694 1712 3695 1703 3695 4991 3695 4990 3696 1671 3696 4991 3696 1671 3697 1718 3697 4991 3697 1672 3698 1675 3698 1680 3698 1675 3699 1677 3699 1680 3699 1733 3700 1687 3700 1683 3700 1682 3701 1733 3701 1683 3701 1685 3702 1654 3702 1684 3702 1707 3703 5951 3703 5952 3703 1654 3704 4988 3704 1684 3704 1685 3705 1687 3705 1686 3705 1642 3706 1660 3706 1688 3706 1660 3707 2605 3707 1689 3707 1707 3708 5952 3708 1708 3708 1657 3709 1656 3709 1689 3709 2605 3710 4992 3710 1689 3710 1737 3711 1736 3711 1691 3711 1693 3712 1692 3712 1694 3712 352 3713 351 3713 1651 3713 355 3714 352 3714 1651 3714 1650 3715 1696 3715 5388 3715 1634 3716 1638 3716 4993 3716 340 3717 1634 3717 4993 3717 438 3718 340 3718 4994 3718 4993 3719 1649 3719 4994 3719 340 3720 4993 3720 4994 3720 4492 3721 4516 3721 1709 3721 334 3722 4492 3722 1709 3722 4995 3723 5953 3723 1701 3723 1709 3724 4994 3724 1714 3724 5953 3725 1707 3725 1706 3725 1701 3726 5953 3726 1706 3726 1709 3727 1714 3727 1710 3727 657 3728 1713 3728 1715 3728 1669 3729 5954 3729 1718 3729 5954 3730 1717 3730 1718 3730 1671 3731 1710 3731 1672 3731 243 3732 1719 3732 1722 3732 1719 3733 1721 3733 1722 3733 1725 3734 4996 3734 1679 3734 654 3735 4611 3735 1729 3735 4606 3736 654 3736 1729 3736 2835 3737 1730 3737 1729 3737 1732 3738 1731 3738 1682 3738 574 3739 1732 3739 1682 3739 1739 3740 574 3740 1682 3740 4998 3741 1734 3741 1735 3741 5955 3742 1635 3742 1687 3742 4999 3743 5955 3743 1687 3743 1738 3744 1681 3744 4988 3744 482 3745 5000 3745 1646 3745 5000 3746 4988 3746 1646 3746 1753 3747 5001 3747 194 3747 1746 83 1786 83 5956 83 1741 83 5003 83 5002 83 1746 3748 5956 3748 1747 3748 5957 83 1752 83 703 83 5957 621 703 621 695 621 1757 3749 5957 3749 695 3749 5004 83 1750 83 1767 83 1745 3750 1747 3750 1755 3750 1757 83 695 83 628 83 5004 83 1767 83 1766 83 1758 83 628 83 4565 83 5006 83 1754 83 1770 83 1754 83 1755 83 1770 83 1765 83 5958 83 1761 83 5958 83 5008 83 1761 83 1764 83 4565 83 551 83 5010 83 1782 83 250 83 5009 83 1768 83 1773 83 1772 3751 1774 3751 5013 3751 5013 3752 1774 3752 5014 3752 688 3753 1501 3753 1791 3753 1824 3754 1793 3754 1789 3754 2690 3755 1799 3755 1798 3755 1787 3756 1823 3756 5015 3756 1830 3757 5016 3757 5015 3757 1791 3758 2690 3758 1798 3758 690 3759 1500 3759 1501 3759 1787 3760 5015 3760 1797 3760 188 3761 1798 3761 1800 3761 690 3762 1501 3762 688 3762 5016 3763 1804 3763 1809 3763 5959 3764 1808 3764 1809 3764 1810 3765 5959 3765 1809 3765 4482 3766 1801 3766 1813 3766 296 3767 4482 3767 1813 3767 1819 3768 1812 3768 1811 3768 1799 3769 5960 3769 1815 3769 5960 3770 1821 3770 1815 3770 1807 3771 1816 3771 1814 3771 301 3772 296 3772 1824 3772 1819 3773 1811 3773 1820 3773 296 3774 1813 3774 1824 3774 1813 3775 1800 3775 1823 3775 317 3776 320 3776 1792 3776 1826 3777 5017 3777 5445 3777 1825 3778 1792 3778 5018 3778 1829 3779 5961 3779 1830 3779 431 3780 5018 3780 1831 3780 5961 3781 5019 3781 1802 3781 1830 3782 5961 3782 1802 3782 5018 3783 1788 3783 1841 3783 1827 3784 1826 3784 1833 3784 1814 3785 1795 3785 1833 3785 1795 3786 1831 3786 1833 3786 4529 3787 429 3787 5021 3787 2535 3788 1810 3788 1803 3788 1796 3789 1834 3789 1840 3789 1838 3790 1841 3790 1840 3790 5020 3791 1838 3791 1840 3791 1824 3792 1813 3792 1793 3792 1790 3793 2690 3793 1791 3793 1813 3794 1823 3794 1793 3794 5025 3795 5962 3795 5026 3795 5022 3796 5963 3796 5023 3796 5022 3797 5024 3797 5025 3797 1845 3798 5964 3798 1846 3798 1849 3799 1845 3799 1847 3799 1849 3800 1847 3800 1850 3800 5027 3801 1850 3801 5029 3801 5029 3802 1850 3802 5965 3802 5030 3803 5028 3803 5031 3803 5028 3804 5029 3804 5031 3804 1852 3805 5031 3805 1853 3805 1853 3806 5966 3806 5032 3806 5034 3807 1851 3807 5032 3807 5033 3808 5035 3808 5037 3808 1854 3809 5036 3809 1855 3809 5036 3810 5037 3810 1855 3810 5967 3811 5038 3811 5968 3811 5038 3812 1856 3812 5968 3812 1861 3813 5969 3813 1862 3813 1866 3814 1864 3814 1865 3814 1873 3815 1868 3815 1869 3815 5970 685 1874 685 1877 685 1879 2368 5970 2368 1877 2368 1882 3816 1881 3816 1883 3816 5971 690 1886 690 1887 690 5972 3817 1888 3817 1890 3817 1891 3818 5973 3818 1892 3818 5044 3819 1896 3819 5045 3819 5044 3820 1894 3820 1896 3820 5043 3821 5045 3821 1899 3821 1904 3822 1902 3822 1905 3822 1904 3823 1901 3823 1902 3823 1913 3824 1908 3824 1910 3824 1913 3825 1906 3825 1908 3825 1909 3826 1913 3826 1910 3826 5046 3827 5048 3827 5051 3827 5050 3828 5046 3828 5051 3828 1914 3829 5050 3829 1915 3829 1917 3830 5974 3830 1918 3830 1920 3831 1922 3831 1924 3831 1923 3832 1924 3832 1928 3832 1925 3833 1927 3833 1930 3833 1933 3834 1934 3834 1936 3834 1937 3835 1935 3835 1938 3835 1941 3836 1937 3836 1939 3836 1943 3837 1942 3837 1944 3837 1950 3838 1947 3838 1949 3838 1950 3839 1951 3839 1962 3839 5053 3840 1962 3840 5975 3840 5976 3841 5977 3841 5978 3841 5979 3842 5976 3842 5978 3842 1968 3843 1964 3843 1969 3843 5058 3844 1970 3844 1973 3844 1971 729 1973 729 5980 729 1975 3845 1971 3845 1977 3845 1971 3846 5980 3846 1977 3846 1978 3847 1979 3847 5060 3847 5061 3848 5059 3848 5062 3848 5059 3849 5060 3849 5062 3849 5981 3850 5982 3850 5069 3850 5981 3851 5983 3851 5982 3851 5068 3852 5981 3852 5069 3852 1991 3853 5072 3853 1990 3853 5984 3854 1991 3854 1993 3854 1994 3855 1993 3855 1995 3855 1994 3856 5984 3856 1993 3856 1997 3857 5073 3857 1996 3857 5077 3858 5079 3858 5985 3858 5986 2410 5080 2410 5081 2410 2001 3859 5986 3859 5081 3859 5083 3860 5987 3860 5084 3860 5987 3861 5988 3861 5084 3861 5989 3862 5083 3862 5085 3862 2004 3863 5989 3863 5085 3863 2004 3863 5085 3863 2006 3863 5087 3864 2003 3864 5089 3864 2003 3865 2005 3865 5089 3865 2013 3866 2015 3866 5990 3866 2016 749 2017 749 5080 749 2016 2419 5080 2419 2018 2419 5091 3867 5092 3867 5093 3867 5090 3868 5091 3868 5093 3868 2026 3869 2022 3869 2024 3869 2026 3869 2019 3869 2022 3869 2027 3870 2025 3870 2029 3870 5098 3871 2035 3871 5991 3871 5098 3872 5991 3872 5100 3872 2038 3873 5100 3873 5992 3873 2038 3874 5992 3874 2039 3874 2038 3873 5099 3873 5100 3873 2042 3875 2044 3875 2046 3875 2052 3876 5101 3876 2047 3876 2049 3877 5102 3877 2051 3877 5103 2431 5993 2431 2051 2431 2055 3878 2052 3878 2054 3878 5105 3879 2048 3879 5104 3879 5994 3880 2055 3880 2056 3880 5107 3881 5994 3881 2056 3881 5107 3882 2056 3882 5995 3882 5107 3883 5995 3883 5108 3883 2057 3884 2059 3884 2066 3884 2060 3885 5109 3885 2073 3885 2075 3886 2070 3886 2076 3886 2070 3887 2071 3887 2076 3887 2082 3888 2078 3888 2083 3888 5110 3889 2080 3889 2085 3889 2081 3890 2083 3890 5996 3890 2081 3891 5996 3891 2089 3891 2088 3892 2081 3892 2089 3892 5997 3893 2084 3893 2087 3893 5998 3894 2088 3894 2090 3894 2095 3895 5998 3895 2090 3895 5113 3896 2091 3896 2093 3896 2099 3897 5113 3897 5114 3897 2095 3898 5112 3898 2096 3898 2097 3899 2096 3899 5999 3899 2097 3900 5999 3900 5117 3900 2101 3901 2100 3901 2103 3901 5116 3902 5117 3902 2105 3902 2110 3903 2102 3903 5119 3903 2110 3904 5119 3904 6000 3904 2110 3905 6000 3905 2111 3905 2108 3906 2107 3906 5121 3906 5124 3907 5122 3907 5125 3907 5122 3908 2111 3908 5125 3908 2119 3909 5124 3909 5126 3909 2112 3910 2114 3910 2117 3910 5130 3911 2118 3911 5127 3911 2115 3912 2117 3912 2121 3912 5103 2462 2122 2462 5993 2462 5130 3913 5127 3913 5131 3913 2123 3914 5129 3914 2124 3914 5129 3915 5131 3915 2124 3915 2126 3916 2128 3916 6001 3916 2126 3917 6001 3917 2130 3917 2134 803 2131 803 2132 803 2141 3918 2140 3918 2143 3918 2145 3919 2144 3919 2146 3919 2151 3920 2148 3920 2149 3920 5132 3921 2150 3921 2152 3921 5134 3922 5133 3922 6002 3922 2157 815 2153 815 2156 815 2167 3923 2164 3923 2165 3923 2172 3924 2171 3924 5136 3924 2178 3925 2176 3925 2179 3925 2177 3926 2179 3926 2180 3926 2182 3927 2177 3927 2181 3927 6003 3928 2182 3928 2183 3928 5137 3929 6003 3929 2183 3929 5137 3930 5138 3930 2186 3930 2184 3931 2186 3931 5140 3931 2194 3932 2193 3932 5142 3932 5141 3933 2194 3933 5142 3933 6004 3934 5144 3934 5145 3934 6004 3935 5145 3935 2199 3935 2198 3936 6004 3936 2199 3936 5146 3937 2195 3937 5147 3937 2195 3938 2197 3938 5147 3938 5150 3939 5146 3939 5151 3939 5146 3940 5148 3940 5151 3940 6005 3941 5152 3941 2205 3941 2204 3942 6005 3942 2205 3942 5152 3943 5153 3943 2205 3943 5154 3944 2204 3944 2207 3944 6006 3945 5154 3945 5155 3945 6007 3946 6006 3946 5155 3946 2209 3947 6007 3947 5156 3947 6007 3946 5155 3946 5156 3946 5158 3948 2208 3948 2210 3948 5160 3949 5159 3949 2212 3949 2211 3950 5160 3950 2212 3950 2218 3951 2216 3951 2217 3951 2220 3952 2218 3952 2219 3952 6008 3953 2220 3953 5161 3953 5162 3954 6008 3954 5161 3954 2222 3955 5162 3955 5163 3955 2222 3956 5163 3956 2223 3956 2225 2502 5164 2502 2043 2502 2229 3957 5165 3957 2230 3957 6009 3958 2231 3958 2233 3958 6009 83 2229 83 2231 83 2232 3959 6009 3959 2233 3959 2235 83 2232 83 2234 83 5166 83 2236 83 2238 83 2240 83 5166 83 2238 83 2241 3960 2237 3960 2239 3960 2248 3961 2247 3961 2249 3961 2253 83 5169 83 6010 83 2256 83 5170 83 2251 83 2259 3962 2257 3962 2260 3962 5173 3963 5171 3963 2258 3963 5172 83 5171 83 5173 83 2262 83 5173 83 2263 83 2261 3964 2263 3964 2265 3964 6011 83 5175 83 2268 83 6011 83 5174 83 5175 83 2267 83 6011 83 2268 83 5176 83 2269 83 6012 83 5178 83 5177 83 2277 83 2279 83 2278 83 2281 83 2280 83 2281 83 2284 83 5185 83 2287 83 5180 83 5185 83 5180 83 5179 83 5186 83 5183 83 5184 83 5188 3965 5187 3965 2286 3965 5188 83 2286 83 2285 83 2292 3966 2296 3966 2293 3966 2299 3967 2298 3967 5189 3967 2297 3968 5191 3968 2298 3968 5190 3969 6013 3969 5191 3969 5193 3970 6013 3970 5190 3970 2302 83 5194 83 5192 83 2307 3971 2303 3971 2305 3971 6014 3972 5195 3972 2308 3972 2310 3973 5197 3973 5196 3973 2320 3974 2317 3974 2315 3974 2319 83 2317 83 2320 83 6015 83 2319 83 2318 83 6016 83 2318 83 6017 83 6016 83 6015 83 2318 83 5200 3975 6017 3975 5199 3975 5200 83 6016 83 6017 83 2325 83 2323 83 2327 83 2326 83 2327 83 2329 83 2339 83 2334 83 2333 83 5203 83 2335 83 5202 83 2340 83 2342 83 6018 83 2340 3976 5203 3976 2341 3976 5206 83 6018 83 5207 83 5206 3977 2340 3977 6018 3977 5205 83 5207 83 2344 83 2343 83 5205 83 2344 83 2352 3978 2349 3978 2353 3978 2355 3979 2352 3979 2354 3979 6019 3980 5212 3980 6020 3980 6019 3981 2357 3981 5212 3981 2359 83 6020 83 2360 83 2359 3982 6019 3982 6020 3982 2358 3983 2360 3983 6021 3983 2358 83 6021 83 6022 83 2362 83 6022 83 2363 83 2362 83 2358 83 6022 83 2364 3984 2366 3984 2368 3984 2376 83 2373 83 2375 83 2380 83 2379 83 5216 83 5215 83 2380 83 5216 83 2385 83 2383 83 2386 83 5217 83 2388 83 2387 83 2390 83 5217 83 2391 83 2395 83 2392 83 2393 83 6023 3985 2396 3985 2394 3985 6024 83 2396 83 6023 83 5222 83 2399 83 5220 83 5222 3986 2397 3986 2399 3986 5226 83 5221 83 5224 83 5226 83 5219 83 5221 83 2403 3987 5223 3987 5225 3987 2405 83 2400 83 2406 83 2408 83 2405 83 2404 83 2411 3988 2410 3988 2407 3988 6025 83 2415 83 5227 83 2420 3989 5231 3989 2417 3989 5229 83 5231 83 2420 83 6026 3990 5234 3990 5230 3990 6026 83 5230 83 5229 83 5232 83 5234 83 6026 83 6027 3991 2422 3991 5233 3991 6027 83 5233 83 5232 83 2423 3992 2422 3992 6027 3992 6028 3993 6029 3993 2428 3993 6028 83 2428 83 2427 83 6030 83 5238 83 6029 83 6030 83 6029 83 6028 83 5236 83 5238 83 6030 83 5239 3994 2434 3994 2433 3994 2436 83 2434 83 5239 83 2439 83 5241 83 2440 83 5245 3995 2446 3995 2442 3995 5245 83 2442 83 2441 83 6031 3996 2449 3996 2445 3996 6031 83 2445 83 2444 83 2447 83 2449 83 6031 83 5248 83 5247 83 5246 83 5250 3997 6032 3997 5249 3997 5254 3998 5253 3998 6032 3998 5254 3999 6032 3999 5250 3999 2457 83 5252 83 5251 83 2458 4000 5257 4000 2456 4000 5255 83 5257 83 2458 83 5260 4001 5259 4001 5256 4001 5260 83 5256 83 5255 83 2465 83 2461 83 2463 83 2465 83 2463 83 2462 83 2471 83 2470 83 2469 83 2479 83 5263 83 2477 83 2475 4002 2482 4002 2474 4002 5264 83 2481 83 2480 83 2487 83 2485 83 2486 83 1495 4003 2493 4003 1496 4003 5269 4004 2494 4004 5267 4004 6033 4005 2500 4005 6034 4005 6033 4006 2498 4006 2500 4006 6035 4007 6034 4007 2502 4007 6035 4008 6033 4008 6034 4008 2501 4009 6035 4009 2502 4009 6036 4010 6037 4010 2506 4010 2504 4011 2503 4011 6038 4011 2505 4012 6036 4012 2506 4012 2508 4013 2507 4013 2510 4013 2509 4014 2510 4014 5275 4014 5277 4015 2515 4015 2514 4015 2519 4016 2631 4016 2514 4016 2515 4017 2648 4017 2517 4017 2513 4018 2512 4018 2517 4018 2512 4019 2518 4019 2517 4019 2518 4020 6039 4020 2516 4020 2516 4021 6039 4021 2520 4021 2514 4022 2516 4022 2520 4022 6039 4023 2521 4023 2520 4023 2524 4024 2526 4024 2574 4024 2574 4025 2526 4025 2528 4025 2528 4026 2527 4026 2576 4026 1810 4027 2535 4027 2534 4027 2576 4028 2529 4028 2531 4028 2535 4029 1835 4029 2536 4029 2540 4030 2586 4030 5278 4030 2538 4031 5279 4031 5278 4031 5278 4032 5279 4032 2541 4032 2543 4033 2541 4033 2544 4033 2544 4034 5281 4034 5283 4034 6040 4035 5282 4035 5283 4035 2609 4036 6040 4036 5283 4036 2542 4037 2544 4037 5283 4037 5281 4038 5284 4038 5283 4038 2625 4039 5285 4039 2547 4039 5286 4040 6041 4040 2555 4040 2553 4041 2545 4041 2555 4041 5287 4042 2552 4042 2551 4042 6041 4043 2556 4043 2554 4043 2555 4044 6041 4044 2554 4044 2551 4045 2557 4045 2560 4045 2559 4046 2566 4046 2565 4046 2561 4047 2560 4047 2565 4047 2570 4048 5288 4048 2571 4048 2522 4049 2525 4049 2575 4049 2574 4050 2579 4050 2575 4050 2574 4051 2528 4051 2578 4051 1694 4052 2577 4052 2581 4052 2537 4053 5278 4053 2582 4053 2580 4054 2532 4054 2582 4054 5278 4055 2586 4055 2582 4055 2583 4056 2585 4056 2590 4056 2589 4057 2590 4057 2592 4057 2597 4058 2594 4058 2595 4058 2597 4059 2595 4059 2598 4059 2596 4060 2598 4060 2600 4060 2608 4061 6040 4061 2609 4061 2616 4062 2618 4062 2624 4062 2622 4063 2621 4063 2626 4063 1534 4064 2563 4064 2573 4064 5294 4065 2627 4065 2629 4065 1727 4066 2519 4066 2579 4066 1691 4067 1736 4067 2579 4067 1736 4068 1728 4068 2579 4068 1694 4069 1692 4069 2577 4069 1692 4070 1691 4070 2577 4070 1659 4071 1630 4071 2580 4071 1630 4072 1629 4072 2580 4072 2606 4073 1659 4073 2586 4073 5291 4074 2553 4074 2552 4074 2563 4075 1534 4075 2588 4075 1467 4076 2561 4076 2588 4076 2562 4077 2633 4077 2635 4077 2629 4078 2628 4078 2637 4078 2636 4079 5292 4079 2570 4079 2637 4080 2572 4080 5288 4080 2570 4081 5292 4081 5288 4081 5288 4082 5293 4082 2638 4082 2629 4083 2637 4083 2638 4083 5293 4084 2642 4084 2638 4084 5294 4085 2629 4085 2639 4085 2638 4086 2642 4086 2639 4086 5296 4087 2640 4087 2644 4087 2647 4088 2585 4088 2646 4088 2949 4089 2948 4089 2653 4089 6042 4090 6043 4090 6044 4090 6045 4091 6042 4091 6046 4091 6042 4092 6044 4092 6046 4092 6047 4093 6045 4093 6048 4093 6045 4094 6046 4094 6048 4094 5299 4095 6047 4095 5300 4095 6047 4096 6048 4096 5300 4096 5297 4097 5299 4097 5298 4097 2655 4098 5298 4098 2656 4098 2657 4099 6049 4099 2658 4099 6049 4100 6050 4100 2658 4100 2661 4101 2657 4101 2659 4101 2664 4102 5301 4102 5302 4102 2665 4103 6051 4103 2666 4103 1521 4104 1518 4104 2680 4104 2691 4105 2668 4105 2670 4105 5304 4106 5315 4106 5305 4106 5303 4107 5308 4107 5306 4107 5308 4108 2676 4108 5309 4108 1521 4109 2680 4109 2679 4109 2672 4110 1521 4110 2679 4110 5309 4111 2676 4111 2678 4111 2680 4112 2682 4112 2684 4112 2687 4113 2688 4113 2692 4113 5313 4114 2693 4114 5315 4114 5314 4115 5313 4115 5315 4115 5319 4116 5318 4116 2695 4116 5318 4117 5317 4117 2695 4117 2696 4118 2695 4118 6052 4118 6053 4119 5321 4119 5323 4119 5324 83 5321 83 6053 83 2699 4120 5324 4120 6053 4120 2701 83 2698 83 2697 83 5326 4121 2702 4121 2700 4121 5329 83 5325 83 5327 83 2703 4122 2705 4122 5332 4122 2706 4123 2710 4123 2707 4123 5337 4124 2711 4124 2713 4124 2713 4125 2712 4125 2714 4125 2716 4126 6054 4126 2717 4126 5339 4127 6055 4127 5341 4127 2724 4128 5342 4128 5343 4128 2724 4129 5343 4129 2725 4129 5344 4130 5345 4130 5347 4130 5348 4131 5346 4131 5349 4131 5346 4132 5347 4132 5349 4132 5352 4133 5348 4133 5350 4133 6056 4134 6057 4134 6058 4134 6059 4135 6056 4135 6058 4135 2738 4136 5356 4136 2739 4136 2742 4137 2740 4137 2741 4137 2744 4138 2745 4138 5357 4138 5354 4139 5357 4139 5351 4139 2749 4140 5359 4140 2748 4140 5361 4141 2748 4141 2751 4141 2754 4142 6060 4142 5362 4142 2757 4143 5364 4143 2758 4143 2757 4144 5365 4144 5364 4144 6061 4145 2756 4145 2760 4145 2759 4146 6061 4146 2760 4146 6062 4147 2763 4147 5368 4147 6062 4148 2762 4148 2763 4148 5367 4149 6062 4149 5368 4149 5371 4150 5369 4150 5372 4150 5371 4151 5367 4151 5369 4151 5376 4152 5373 4152 5374 4152 5376 4153 5374 4153 5375 4153 5377 4154 6063 4154 5378 4154 2765 4155 5378 4155 2766 4155 5380 4156 5382 4156 5384 4156 5383 4157 5384 4157 5386 4157 5385 4158 5386 4158 6064 4158 2768 4159 5385 4159 2769 4159 5385 4160 6064 4160 2769 4160 2768 4161 2770 4161 2772 4161 2771 4162 2772 4162 2773 4162 6065 4163 2771 4163 2774 4163 2776 4164 6065 4164 6066 4164 6065 4165 2774 4165 6066 4165 2776 4166 6066 4166 6067 4166 2776 4167 6067 4167 2777 4167 2775 4168 2777 4168 6068 4168 2785 4169 2778 4169 2780 4169 2787 4170 2778 4170 2784 4170 6069 4171 2778 4171 2786 4171 1648 4172 1640 4172 2788 4172 1699 4173 5387 4173 1700 4173 1661 4174 1663 4174 2790 4174 2790 4175 1663 4175 4989 4175 2794 4176 6070 4176 2792 4176 5389 4177 2796 4177 2798 4177 5389 4178 2795 4178 2796 4178 6071 4179 2801 4179 5391 4179 6072 4180 2810 4180 6073 4180 6072 4181 2808 4181 2810 4181 5394 4182 5393 4182 1723 4182 6074 4183 5395 4183 5397 4183 5397 4184 5396 4184 5399 4184 5398 4185 2819 4185 5399 4185 2821 4186 5400 4186 6075 4186 6076 4187 2817 4187 1720 4187 2819 4188 6076 4188 1720 4188 6075 4189 5400 4189 5402 4189 5399 4190 2819 4190 1716 4190 2821 4191 6075 4191 2822 4191 5401 4192 2825 4192 5403 4192 5402 4193 5401 4193 5403 4193 5404 4194 2823 4194 2828 4194 5404 4195 5405 4195 2831 4195 2831 4196 5405 4196 2832 4196 2830 4197 1730 4197 2834 4197 2831 4198 2833 4198 6077 4198 6077 4199 2833 4199 6078 4199 6079 4200 2834 4200 2835 4200 5393 4201 6079 4201 2835 4201 6077 4202 6078 4202 6074 4202 6078 4203 5395 4203 6074 4203 2840 4204 5407 4204 6080 4204 5407 4205 2837 4205 6080 4205 2840 4206 6080 4206 2841 4206 2846 4207 2842 4207 2844 4207 2852 4208 2848 4208 5408 4208 2855 4209 2851 4209 2853 4209 5410 4210 6081 4210 5411 4210 5413 4211 2863 4211 2865 4211 5413 4212 2865 4212 5414 4212 2872 4213 2871 4213 2874 4213 2873 4214 2874 4214 2876 4214 2879 4215 2880 4215 5416 4215 5415 4216 5416 4216 2884 4216 2881 4217 2883 4217 5420 4217 5419 4218 6082 4218 6083 4218 5419 4219 2892 4219 6082 4219 6084 4220 6083 4220 6085 4220 6084 4221 5419 4221 6083 4221 6086 4222 6084 4222 6085 4222 2901 4223 2894 4223 2896 4223 5421 4224 2902 4224 2885 4224 6087 4225 2886 4225 2885 4225 2903 4226 6087 4226 2885 4226 5425 4227 6088 4227 5426 4227 2910 4228 5425 4228 2911 4228 2916 4229 5427 4229 2914 4229 5431 4230 5430 4230 2915 4230 5434 4231 5431 4231 5432 4231 2917 4232 5433 4232 2918 4232 2920 4233 2917 4233 2919 4233 6089 4234 2921 4234 6090 4234 6089 4235 2920 4235 2921 4235 5435 2790 2922 2790 2923 2790 5435 1139 2923 1139 2924 1139 5437 4236 6091 4236 5439 4236 5436 4237 5438 4237 6092 4237 2928 4238 5436 4238 5440 4238 5436 4239 6092 4239 5440 4239 2932 4240 2928 4240 2930 4240 2931 4241 5441 4241 2935 4241 2939 4242 2940 4242 2942 4242 1828 4243 1827 4243 2953 4243 2952 4244 1837 4244 1836 4244 5449 4245 2955 4245 2954 4245 2956 4246 2955 4246 6093 4246 6093 4247 2955 4247 5451 4247 2958 83 5454 83 2959 83 2957 83 2959 83 5456 83 5457 83 5453 83 5452 83 5461 4248 6094 4248 5460 4248 2960 4249 2962 4249 6094 4249 2960 4250 6094 4250 5461 4250 5462 4251 5463 4251 2961 4251 2965 83 5463 83 5462 83 5464 83 2967 83 2966 83 2971 83 5465 83 5464 83 2972 4252 2978 4252 2973 4252 2975 4253 2981 4253 2976 4253 2983 83 2972 83 2974 83 2982 83 2984 83 5467 83 5466 4254 5468 4254 2980 4254 2986 4255 5467 4255 2987 4255 6095 4256 2985 4256 5469 4256 2993 83 2995 83 2991 83 2999 83 3001 83 6096 83 3005 4257 3004 4257 3000 4257 5472 83 5471 83 3008 83 5475 4258 3013 4258 5473 4258 5475 83 5473 83 5472 83 5478 83 5481 83 5477 83 5479 4259 5481 4259 5478 4259 3016 4260 5480 4260 5479 4260 3027 83 5483 83 3023 83 3033 83 3032 83 3028 83 3038 83 3034 83 3036 83 5485 4261 3037 4261 3039 4261 6097 191 6098 191 3046 191 3047 191 5486 191 3048 191 3052 191 6099 191 3053 191 6099 191 3058 191 3057 191 3053 191 6099 191 3057 191 3066 191 3054 191 3056 191 3061 191 5488 191 3062 191 3066 191 3056 191 3067 191 3064 191 3060 191 3065 191 3062 4262 5488 4262 5490 4262 5487 191 5492 191 5491 191 3063 191 3065 191 3070 191 5490 4263 5489 4263 3074 4263 5496 191 6100 191 3453 191 6100 191 3069 191 3453 191 3069 4264 3070 4264 3453 4264 3075 191 5497 191 5494 191 5493 1185 5495 1185 6101 1185 5495 191 6102 191 6101 191 5497 191 3081 191 3084 191 3071 1189 3080 1189 3086 1189 3085 191 3071 191 3086 191 6101 2835 6102 2835 6103 2835 6102 191 3088 191 6103 191 5503 191 6104 191 3434 191 6104 191 3077 191 3434 191 6103 191 3088 191 3090 191 3477 191 3085 191 3091 191 5498 191 6105 191 5500 191 3103 191 5502 191 3104 191 5506 191 3477 191 5504 191 5500 191 6105 191 3096 191 5506 191 5504 191 5507 191 6105 191 3097 191 3096 191 3092 191 6106 191 3095 191 3095 2837 6106 2837 6107 2837 6106 4265 6108 4265 6107 4265 5505 191 5507 191 3101 191 3100 191 5505 191 3101 191 6107 191 6108 191 3102 191 6108 191 3100 191 3102 191 3109 191 3108 191 6109 191 3108 2838 3111 2838 6109 2838 5509 4266 6110 4266 3110 4266 6110 4267 3106 4267 3110 4267 6109 191 3111 191 3113 191 5508 191 3117 191 3120 191 3113 191 3112 191 3120 191 3114 191 3116 191 5511 191 5513 4268 5510 4268 5511 4268 5513 1183 5511 1183 3130 1183 3129 4269 5512 4269 3130 4269 3124 191 3126 191 3125 191 3125 191 3126 191 3128 191 3127 191 5514 191 3134 191 5514 191 3137 191 5515 191 3132 191 3131 191 3136 191 5518 4270 3135 4270 3136 4270 3139 191 3138 191 5517 191 3147 191 5521 191 3148 191 3145 4264 3143 4264 3149 4264 3150 191 3151 191 5525 191 5523 4265 5524 4265 6111 4265 5525 191 3153 191 3152 191 6111 191 5524 191 5527 191 6111 191 5527 191 3155 191 5526 4262 3154 4262 3159 4262 5529 191 5528 191 6112 191 5529 191 6112 191 3165 191 3165 191 6112 191 3166 191 3162 2833 5530 2833 3164 2833 3165 191 3167 191 3168 191 5530 191 3171 191 3170 191 3171 191 6113 191 3172 191 6113 191 3177 191 3176 191 3172 191 6113 191 3176 191 3178 191 3179 191 5532 191 3180 191 3181 191 6114 191 3180 191 6114 191 3183 191 3182 191 3183 191 3189 191 3186 191 3185 191 3188 191 3432 2832 3182 2832 3190 2832 3191 191 6098 191 6115 191 3192 1184 3191 1184 6115 1184 3432 191 5534 191 3193 191 3044 191 3432 191 3193 191 6115 191 6098 191 6097 191 6098 191 3047 191 3046 191 5537 4271 5536 4271 3196 4271 6116 4272 3195 4272 3197 4272 6117 4273 3198 4273 3200 4273 6117 4274 3200 4274 5539 4274 5538 4275 6117 4275 5539 4275 3201 4276 5538 4276 3202 4276 3205 1192 3201 1192 3203 1192 5543 4277 5542 4277 5545 4277 3209 2387 5544 2387 3210 2387 5546 4278 3209 4278 3211 4278 5546 4279 3211 4279 5547 4279 3216 4280 6118 4280 5548 4280 6118 4281 6119 4281 5548 4281 3224 4282 5550 4282 5551 4282 5550 4283 3222 4283 5551 4283 5553 4284 3223 4284 5552 4284 5553 4284 5552 4284 5554 4284 3230 4285 3229 4285 3232 4285 3239 4286 3237 4286 3238 4286 3241 4287 3240 4287 3243 4287 3246 4288 3244 4288 3247 4288 5558 4289 3250 4289 5559 4289 3252 4290 5558 4290 5559 4290 3251 4291 3253 4291 3255 4291 3256 4292 3258 4292 3260 4292 3264 4293 3262 4293 3263 4293 3269 1222 3271 1222 5535 1222 5566 4294 5561 4294 5562 4294 5563 4295 5565 4295 5570 4295 5564 4296 6120 4296 6121 4296 5568 4297 5567 4297 6122 4297 5572 4298 5569 4298 6123 4298 5569 4299 5570 4299 6123 4299 5564 4300 6121 4300 5565 4300 5572 4301 6123 4301 5573 4301 5571 4302 5573 4302 6124 4302 3280 4303 3276 4303 3281 4303 3276 4304 3278 4304 3281 4304 3290 4305 3286 4305 3289 4305 3296 4306 3298 4306 6125 4306 3299 4307 6126 4307 3300 4307 3303 4308 3299 4308 3301 4308 3303 4309 3301 4309 3304 4309 3302 4310 3304 4310 3274 4310 3305 4311 3316 4311 3306 4311 3309 4312 5580 4312 3311 4312 3308 4313 5581 4313 3314 4313 6127 4314 3317 4314 3319 4314 6127 83 3315 83 3317 83 3318 83 6127 83 3319 83 3322 4315 3324 4315 3329 4315 5583 4316 3328 4316 3330 4316 3336 4317 5585 4317 3337 4317 5585 4318 3335 4318 3337 4318 5586 4319 6128 4319 5587 4319 3340 4320 5586 4320 3342 4320 3345 4321 3339 4321 3343 4321 3345 4322 3343 4322 3346 4322 5588 4323 3344 4323 5589 4323 3344 4324 3346 4324 5589 4324 3350 4325 3351 4325 5592 4325 5591 4326 5592 4326 6129 4326 3353 4327 5591 4327 6129 4327 3353 4328 6129 4328 3354 4328 3356 4329 3358 4329 6130 4329 3359 4330 3361 4330 5594 4330 5593 4331 5594 4331 3363 4331 3362 4332 5593 4332 3363 4332 3365 4333 6131 4333 3366 4333 6131 4334 6132 4334 3366 4334 5598 4335 5595 4335 5596 4335 5598 4336 5596 4336 5599 4336 3368 4337 5597 4337 3369 4337 5597 4338 5599 4338 3369 4338 3372 83 3370 83 3374 83 3377 83 3375 83 3378 83 3375 83 3376 83 3378 83 3377 4339 3379 4339 6133 4339 5603 4340 5602 4340 5605 4340 5604 4341 5603 4341 5605 4341 6134 4342 5607 4342 6135 4342 6134 4343 6135 4343 6136 4343 6134 4344 5608 4344 5607 4344 6137 4345 6134 4345 6136 4345 5609 4346 6138 4346 5610 4346 5609 4347 6139 4347 6138 4347 5616 4348 5613 4348 5615 4348 3383 4349 5617 4349 3384 4349 3386 4350 3385 4350 3387 4350 3393 4351 3389 4351 3390 4351 3396 4352 3398 4352 5620 4352 3402 4353 3396 4353 5620 4353 3405 4354 3403 4354 3404 4354 3407 1282 3405 1282 3406 1282 3414 2929 3409 2929 3410 2929 3415 4355 3411 4355 3416 4355 3418 4356 3417 4356 3421 4356 3420 4357 3418 4357 3421 4357 3423 4358 3422 4358 3425 4358 3424 4359 3426 4359 6140 4359 6141 4360 3424 4360 6140 4360 5600 4361 6141 4361 6140 4361 5600 4361 6140 4361 5601 4361 5637 4362 3511 4362 3439 4362 3431 4363 3429 4363 3182 4363 3433 191 3430 191 3432 191 3511 191 6142 191 3436 191 3439 191 3511 191 3436 191 6142 4364 3437 4364 3436 4364 3434 4365 6143 4365 3435 4365 3439 4366 3436 4366 3440 4366 6143 4367 3434 4367 3445 4367 3437 4368 3443 4368 3438 4368 3443 4369 3433 4369 3444 4369 3433 4370 3044 4370 3444 4370 3439 191 3441 191 6144 191 3434 191 3079 191 3450 191 3446 191 3434 191 3450 191 3439 191 6144 191 6145 191 3439 191 6145 191 6146 191 3105 191 3104 191 3452 191 3451 4371 3079 4371 3454 4371 3439 191 6146 191 3478 191 6147 191 3447 191 3043 191 3464 191 6147 191 3043 191 3105 4372 3452 4372 6148 4372 3447 4373 3044 4373 3043 4373 3454 191 3453 191 3455 191 3105 4374 6148 4374 3457 4374 3110 4375 3458 4375 3459 4375 3462 4376 3464 4376 3054 4376 3463 191 3054 191 3066 191 6149 4377 3463 4377 3066 4377 6150 191 6149 191 3066 191 6151 191 6150 191 3066 191 3466 4378 6151 4378 3066 4378 3456 191 3453 191 3470 191 3466 191 3066 191 3071 191 3473 4379 3471 4379 3470 4379 3468 191 3467 191 3071 191 6152 191 3468 191 3085 191 3476 4380 6152 4380 3085 4380 3476 4381 3085 4381 3477 4381 3478 191 3475 191 3477 191 3130 4382 3479 4382 3481 4382 3130 191 5511 191 3480 191 3131 191 3130 191 3482 191 3480 191 5511 191 6153 191 3131 4383 3482 4383 6154 4383 6153 191 5511 191 3485 191 5511 4384 3116 4384 3485 4384 3131 191 6154 191 3486 191 3483 4385 3484 4385 3489 4385 3474 191 3470 191 3500 191 3488 4386 3474 4386 3500 4386 3489 191 3488 191 3500 191 3131 191 3490 191 3136 191 3136 4387 3491 4387 6155 4387 3136 4388 6155 4388 6156 4388 3136 4389 6156 4389 3141 4389 6156 191 3492 191 3141 191 3141 4390 3493 4390 3143 4390 6157 191 6158 191 3143 191 3493 4391 6157 4391 3143 4391 5627 4392 3470 4392 3494 4392 3495 4393 3470 4393 3498 4393 3499 191 3470 191 5639 191 3470 4394 5636 4394 5640 4394 3143 4395 6158 4395 3501 4395 3470 4396 5641 4396 3501 4396 5622 4397 5624 4397 3501 4397 5641 191 5621 191 3501 191 6159 191 3505 191 3501 191 6158 4398 6159 4398 3501 4398 5630 191 5631 191 3511 191 5632 4399 3513 4399 3511 4399 3501 4400 5634 4400 5638 4400 3521 4401 3168 4401 3524 4401 3511 4402 3523 4402 6160 4402 3511 191 6160 191 6161 191 3527 191 3525 191 3173 191 3511 4403 6161 4403 6142 4403 3526 4404 3173 4404 3528 4404 6162 4405 3529 4405 3180 4405 3531 4406 6162 4406 3180 4406 3427 4407 3530 4407 3180 4407 5623 4408 5637 4408 3439 4408 6163 4399 3536 4399 3439 4399 3538 191 6163 191 3439 191 5648 4409 3546 4409 5649 4409 5648 4410 3545 4410 3546 4410 3557 4411 5645 4411 3551 4411 5647 4412 5649 4412 6164 4412 3554 4413 6164 4413 3555 4413 3554 4414 5647 4414 6164 4414 5651 2956 3568 2956 3570 2956 3574 4415 3572 4415 6165 4415 3574 1343 6165 1343 3575 1343 3574 4416 3571 4416 3572 4416 5653 2957 5652 2957 6166 2957 3582 4417 5653 4417 6166 4417 3582 4418 6166 4418 3583 4418 3576 4419 3578 4419 3579 4419 3581 4420 3583 4420 5655 4420 3584 4421 3576 4421 3580 4421 5654 4422 3581 4422 5655 4422 3588 4423 5656 4423 3589 4423 3591 4424 3586 4424 3592 4424 6167 4425 3588 4425 3590 4425 3594 4426 3591 4426 3593 4426 3597 4427 6167 4427 3590 4427 3596 4428 3598 4428 5643 4428 3608 4429 3599 4429 3601 4429 3610 4430 3603 4430 3602 4430 3612 4431 5659 4431 3606 4431 6168 4432 3616 4432 6169 4432 6168 4433 6169 4433 5658 4433 6168 4434 5658 4434 5661 4434 3617 4435 3616 4435 6168 4435 3613 4436 3619 4436 3614 4436 5663 4437 3615 4437 3617 4437 5662 4438 5663 4438 5665 4438 5664 4439 5666 4439 3622 4439 5667 4440 5670 4440 5668 4440 5667 4441 3620 4441 3613 4441 3621 4442 5664 4442 3622 4442 5657 4443 3604 4443 5670 4443 3626 4444 3624 4444 3623 4444 3626 4445 3630 4445 3627 4445 3629 4446 3657 4446 6170 4446 3629 4447 6170 4447 3631 4447 6171 4448 3635 4448 3639 4448 6171 4449 3633 4449 3635 4449 3644 4450 3643 4450 3637 4450 3638 4451 6171 4451 3639 4451 3645 4452 3640 4452 3648 4452 3652 4453 3642 4453 3646 4453 3658 4454 3642 4454 3651 4454 4066 191 5674 191 3665 191 6172 191 5675 191 4164 191 3664 4455 3666 4455 4114 4455 3662 191 6172 191 4164 191 4114 191 3666 191 3668 191 3668 191 3667 191 5677 191 5677 191 5676 191 3673 191 5679 191 6173 191 4161 191 3673 4456 5678 4456 3674 4456 4161 191 6173 191 5756 191 6173 4457 5680 4457 5756 4457 5756 191 5680 191 4152 191 4152 191 3678 191 3680 191 3679 191 3684 191 3686 191 3683 191 5681 191 4120 191 5681 191 5684 191 4120 191 3686 4458 3685 4458 4091 4458 5682 4459 3690 4459 3689 4459 4091 191 5682 191 3689 191 5684 191 3695 191 4121 191 5683 191 5685 191 3692 191 3687 4460 3688 4460 5687 4460 5672 191 5673 191 4065 191 3696 4461 6172 4461 3662 4461 3703 4462 5688 4462 3697 4462 3704 4463 3701 4463 3705 4463 3704 4464 3703 4464 3701 4464 3713 4465 3709 4465 3714 4465 5693 4466 3713 4466 5692 4466 3715 1403 6174 1403 3703 1403 6174 1403 5694 1403 3703 1403 3719 1403 3703 1403 5697 1403 3711 1403 3720 1403 3714 1403 5699 1403 6175 1403 3714 1403 6175 1403 6176 1403 3714 1403 6176 1404 5700 1404 3714 1404 3723 1403 3724 1403 3714 1403 3733 4467 3732 4467 5702 4467 5704 4468 3726 4468 3730 4468 5704 4469 3732 4469 3731 4469 3734 1413 5707 1413 3737 1413 6177 4470 3734 4470 5705 4470 3739 4471 3734 4471 6177 4471 3741 4472 6178 4472 5711 4472 3741 4473 5712 4473 6178 4473 3741 4474 5713 4474 3746 4474 4300 4475 6179 4475 5714 4475 4300 4476 3743 4476 6179 4476 3751 4477 4300 4477 4302 4477 3741 4478 3743 4478 4300 4478 3741 4479 4300 4479 3751 4479 3748 4480 3750 4480 6180 4480 3752 4481 6181 4481 3753 4481 3752 4482 3754 4482 6182 4482 6183 1441 3752 1441 6182 1441 3758 1443 3760 1443 3767 1443 3761 1444 3763 1444 3766 1444 3769 1462 3768 1462 3772 1462 3771 1446 3769 1446 3772 1446 3756 4483 3772 4483 3757 4483 3765 1447 3770 1447 3774 1447 3775 1448 3776 1448 3778 1448 3777 4484 3778 4484 3780 4484 3779 4485 3780 4485 3782 4485 3787 4486 3783 4486 3785 4486 3787 4487 3785 4487 3788 4487 3790 4488 3789 4488 3791 4488 3789 4489 3788 4489 3791 4489 3790 1403 3792 1403 3794 1403 3793 4490 3794 4490 3796 4490 3795 4491 3793 4491 3796 4491 6184 1471 3795 1471 3797 1471 6185 4492 6186 4492 3800 4492 3799 4493 6185 4493 3800 4493 3798 1493 3801 1493 3803 1493 3802 1458 3798 1458 3803 1458 6181 4494 3802 4494 3753 4494 3804 4495 3852 4495 3805 4495 3804 4496 3806 4496 3811 4496 3821 1478 3815 1478 3820 1478 3812 1479 3819 1479 6187 1479 3824 1480 3812 1480 6187 1480 3824 1462 6187 1462 3825 1462 3808 1426 3823 1426 3825 1426 3808 4483 3825 4483 3809 4483 6188 4497 3821 4497 3826 4497 3827 4498 6188 4498 3828 4498 6188 1429 3826 1429 3828 1429 6189 4499 3827 4499 3829 4499 6190 4500 6189 4500 6191 4500 6189 4501 3829 4501 6191 4501 6192 1432 6190 1432 6193 1432 6190 4485 6191 4485 6193 4485 3836 4502 3830 4502 3832 4502 3834 4503 3836 4503 3835 4503 3842 1403 3837 1403 3840 1403 3842 4504 3840 4504 3843 4504 6194 1491 3841 1491 3844 1491 3846 4505 6195 4505 3847 4505 3848 1493 3849 1493 3851 1493 3850 4506 3851 4506 3805 4506 3853 1476 3855 1476 6196 1476 3853 4507 6196 4507 6197 4507 6198 1477 3853 1477 6197 1477 6199 1420 6200 1420 6201 1420 3856 4508 3858 4508 6202 4508 3859 1443 3861 1443 6203 1443 3865 1422 6199 1422 3866 1422 3859 1423 6203 1423 3863 1423 6199 1444 6201 1444 3866 1444 3857 4509 3868 4509 3864 4509 3857 4510 3864 4510 3858 4510 3869 1482 3870 1482 3872 1482 3875 4511 3871 4511 3873 4511 6204 1432 3874 1432 6205 1432 3874 4485 3876 4485 6205 4485 3880 4512 6206 4512 3881 4512 6206 4513 6207 4513 3881 4513 3878 4514 3880 4514 3879 4514 3877 4489 3879 4489 3883 4489 3886 4515 3885 4515 3888 4515 3887 1437 3888 1437 3890 1437 3892 4516 6208 4516 3893 4516 3894 4517 3891 4517 3893 4517 3894 1493 3895 1493 3897 1493 3896 1458 3894 1458 3897 1458 3898 4518 6209 4518 3899 4518 3898 4519 3900 4519 3905 4519 3909 1442 6210 1442 6211 1442 3907 1420 6212 1420 6213 1420 3901 4508 3903 4508 6214 4508 3909 1443 6211 1443 3910 1443 3907 1444 6213 1444 3908 1444 3912 1462 3911 1462 6215 1462 3906 1445 3908 1445 6216 1445 6217 1446 3912 1446 6215 1446 3902 4509 6217 4509 6215 4509 3902 4510 6215 4510 3903 4510 3914 4497 3906 4497 3916 4497 3906 1447 6216 1447 3916 1447 3913 1464 3915 1464 3918 1464 6218 1432 3919 1432 6219 1432 3919 4485 3920 4485 6219 4485 3922 4513 6220 4513 3923 4513 6221 4520 3926 4520 6222 4520 3926 1452 3925 1452 6222 1452 6221 4521 6222 4521 6223 4521 6221 1403 6223 1403 3928 1403 3927 1403 6221 1403 3928 1403 6224 4522 3933 4522 3935 4522 3936 4523 6224 4523 3935 4523 3939 4524 3938 4524 3899 4524 6209 4525 3939 4525 3899 4525 5718 191 3957 191 3959 191 3951 191 3952 191 3956 191 3955 191 3965 191 3964 191 3949 4526 3950 4526 3953 4526 3956 191 3955 191 3964 191 5719 191 3960 191 3962 191 4249 191 4251 191 5720 191 5723 191 3972 191 5724 191 3972 191 4288 191 5724 191 4251 191 3975 191 3974 191 5720 191 4251 191 3974 191 3975 191 5772 191 3976 191 3958 4527 4270 4527 3977 4527 3976 191 5772 191 6225 191 5772 191 3981 191 6225 191 6225 191 3981 191 5726 191 3984 191 4277 191 6226 191 3985 191 3984 191 6226 191 3986 191 3940 191 5727 191 6226 191 4277 191 5716 191 5717 191 3946 191 3948 191 3941 191 3957 191 5718 191 3992 4528 5728 4528 3994 4528 3999 4529 6227 4529 3997 4529 4008 4530 4004 4530 6228 4530 4004 4531 4006 4531 6228 4531 4008 4532 6228 4532 4009 4532 5730 4533 4010 4533 4014 4533 5729 4534 5731 4534 5732 4534 4015 4535 5729 4535 4016 4535 6229 4536 4015 4536 4018 4536 6229 4537 4018 4537 6230 4537 4024 4538 4019 4538 4022 4538 4024 4539 4022 4539 4025 4539 4026 4540 4027 4540 4028 4540 3998 4541 4028 4541 4000 4541 4030 4542 6231 4542 6232 4542 6231 4543 6233 4543 6232 4543 4030 4544 6232 4544 4031 4544 4033 4545 5733 4545 4035 4545 4032 4546 4034 4546 5735 4546 4037 4547 5735 4547 4038 4547 4040 4548 5736 4548 4041 4548 5736 4549 5737 4549 4041 4549 4051 4550 4048 4550 4050 4550 4054 4551 6231 4551 4055 4551 4054 4552 6233 4552 6231 4552 4051 4553 4052 4553 4057 4553 4056 4554 4057 4554 6234 4554 4056 4555 6234 4555 6235 4555 5742 4556 5743 4556 6236 4556 5742 4557 6236 4557 5744 4557 4068 4558 4115 4558 4076 4558 4115 4559 4077 4559 4076 4559 4071 4560 4079 4560 4072 4560 4064 4561 4063 4561 4072 4561 4063 4562 4070 4562 4072 4562 4077 4563 4119 4563 4072 4563 3692 4564 3694 4564 4073 4564 3691 4565 3692 4565 4073 4565 4068 4566 4076 4566 5746 4566 3689 4567 3691 4567 4080 4567 4073 4568 4075 4568 4080 4568 4073 4569 4067 4569 4083 4569 4082 4570 4074 4570 4083 4570 4067 4571 5746 4571 4083 4571 6237 4572 6238 4572 4094 4572 6238 4573 5751 4573 4094 4573 4090 4574 4091 4574 4088 4574 5747 4575 5748 4575 5752 4575 5748 4576 4106 4576 4105 4576 4170 4577 5752 4577 4171 4577 4078 4578 4110 4578 4108 4578 5746 4579 4076 4579 4108 4579 4083 4580 5746 4580 4111 4580 4110 4581 4078 4581 4112 4581 4093 4582 4110 4582 4113 4582 6239 4583 4064 4583 4119 4583 4118 4584 6239 4584 4119 4584 4116 4585 4109 4585 4119 4585 3665 4586 4114 4586 4068 4586 4169 4587 4163 4587 4145 4587 4163 4588 4146 4588 4145 4588 5753 4589 4157 4589 4143 4589 4126 4590 4169 4590 4150 4590 4157 4591 5754 4591 4158 4591 4174 4592 4175 4592 4158 4592 4124 4593 3688 4593 4125 4593 3688 4594 3683 4594 4125 4594 3683 4595 4122 4595 4125 4595 4126 4596 4150 4596 4127 4596 4127 4597 4150 4597 4139 4597 4137 4598 6240 4598 4129 4598 4180 4599 4134 4599 5757 4599 6240 4600 4128 4600 4129 4600 4125 4601 4122 4601 4129 4601 4158 4602 4133 4602 4132 4602 5758 4603 4134 4603 4136 4603 6241 4604 4140 4604 4159 4604 4131 4605 6241 4605 4159 4605 5760 4606 4136 4606 4141 4606 5761 4607 4137 4607 4141 4607 4136 4608 5761 4608 4141 4608 4143 4609 4155 4609 4144 4609 4146 4610 4142 4610 4144 4610 4089 4611 5750 4611 4149 4611 5750 4612 4147 4612 4149 4612 4139 4613 4150 4613 4151 4613 3680 4614 4090 4614 4149 4614 4158 4615 4132 4615 4156 4615 4152 4616 4149 4616 4154 4616 5756 4617 4152 4617 4154 4617 4102 4618 4101 4618 4167 4618 4153 4619 5756 4619 4154 4619 4153 4620 4173 4620 4162 4620 4156 4621 4132 4621 4160 4621 3671 4622 4161 4622 4162 4622 4165 4623 3671 4623 4163 4623 3662 4624 4164 4624 4169 4624 5687 4625 3688 4625 4124 4625 4121 4626 3660 4626 4126 4626 4179 3166 6237 3166 4094 3166 3709 4627 5763 4627 6242 4627 3712 4628 5762 4628 3709 4628 4135 191 4134 191 4181 191 4183 4629 4244 4629 4184 4629 4256 4630 4188 4630 4190 4630 4189 4631 4196 4631 4192 4631 4261 4632 4191 4632 4192 4632 4188 4633 4260 4633 4193 4633 4260 4634 5764 4634 4193 4634 3950 4635 3945 4635 4245 4635 4192 4636 4196 4636 5765 4636 5767 4637 4264 4637 5765 4637 4197 4638 5766 4638 5765 4638 4195 4639 4200 4639 4194 4639 4206 4640 4207 4640 4204 4640 4217 4641 4213 4641 4215 4641 4214 4642 4212 4642 4215 4642 4212 4643 4211 4643 4215 4643 4208 4644 4209 4644 4219 4644 4212 4645 4214 4645 4220 4645 4220 4646 4222 4646 4224 4646 6243 4647 4182 4647 4224 4647 4223 4648 6243 4648 4224 4648 4182 4649 4221 4649 4224 4649 5780 4650 4225 4650 4227 4650 4227 4651 4226 4651 4229 4651 4227 4652 4229 4652 4228 4652 3941 4653 3940 4653 5768 4653 3978 4654 6244 4654 4231 4654 5779 4655 4242 4655 5770 4655 3961 4656 4248 4656 4250 4656 4246 4657 4253 4657 4252 4657 4254 4658 4257 4658 4252 4658 4230 4659 4229 4659 4258 4659 4229 4660 4259 4660 4258 4660 3981 4661 5772 4661 4263 4661 4250 4662 4256 4662 4191 4662 3982 4663 3981 4663 4262 4663 5768 4664 3986 4664 4262 4664 3981 4665 4263 4665 4262 4665 4266 4666 4262 4666 4264 4666 5767 4667 4265 4667 4264 4667 5764 4668 5773 4668 4195 4668 3958 4669 3957 4669 4267 4669 4269 4670 5774 4670 4267 4670 3978 4671 4270 4671 4271 4671 6244 4672 3978 4672 4271 4672 3958 4673 5774 4673 4271 4673 5775 4674 6244 4674 4271 4674 4199 4675 5766 4675 4197 4675 4272 4676 6245 4676 4200 4676 6245 4677 4274 4677 4200 4677 3952 4678 3947 4678 4279 4678 3952 4679 4279 4679 4282 4679 4282 4680 4279 4680 4205 4680 4281 4681 4211 4681 4203 4681 4291 4682 5769 4682 4289 4682 4286 4683 5777 4683 4214 4683 4290 4684 5778 4684 4187 4684 4289 4685 4284 4685 4187 4685 6243 4686 4183 4686 4182 4686 4187 4687 4182 4687 4184 4687 4294 1620 4243 1620 4242 1620 5701 4688 4297 4688 3732 4688 4299 4689 4301 4689 4300 4689 4305 1714 6246 1714 4307 1714 4306 191 4307 191 4309 191 4307 191 6247 191 4311 191 4309 191 4307 191 4311 191 4309 191 4311 191 4310 191 6248 191 4310 191 4312 191 4311 191 6249 191 6250 191 6249 191 6251 191 6250 191 6252 4690 4312 4690 4313 4690 4311 4691 6250 4691 4313 4691 6252 191 4313 191 4314 191 4313 191 6253 191 4316 191 4315 191 4313 191 4318 191 4323 191 4322 191 4325 191 6254 191 4323 191 6255 191 4323 191 4325 191 6255 191 4325 191 6256 191 4327 191 6255 191 4325 191 4327 191 6255 191 4327 191 4326 191 6257 191 4326 191 4328 191 4329 191 6258 191 4330 191 6259 4692 4328 4692 4331 4692 6259 191 4331 191 6260 191 6260 191 4331 191 4332 191 4331 191 6261 191 4334 191 4333 4693 4331 4693 4335 4693 4334 191 6262 191 4336 191 4338 4694 6263 4694 4340 4694 4339 191 4340 191 4342 191 4342 191 4340 191 4344 191 4342 191 4344 191 6264 191 6265 191 6264 191 4346 191 6264 4695 4344 4695 4346 4695 4344 191 6266 191 6267 191 6266 191 6268 191 6267 191 4344 4696 6267 4696 4347 4696 4346 4697 4344 4697 4347 4697 4349 191 4347 191 6269 191 6269 1711 4347 1711 4352 1711 4351 4698 6270 4698 4353 4698 4355 4694 6271 4694 4357 4694 4356 1718 4355 1718 4357 1718 6272 191 4356 191 6273 191 4356 191 4357 191 6273 191 6273 191 4357 191 4359 191 6273 191 4359 191 4361 191 4359 191 6274 191 6275 191 6274 191 6276 191 6275 191 6277 4692 4362 4692 4364 4692 4359 4699 6275 4699 4364 4699 4362 4697 4359 4697 4364 4697 6277 191 4364 191 4363 191 4364 4700 4367 4700 4369 4700 4367 1722 6278 1722 6279 1722 4369 191 4367 191 6279 191 6280 4701 6281 4701 6282 4701 6283 4702 6282 4702 6284 4702 6285 4703 6286 4703 6287 4703 6288 4704 6285 4704 6287 4704 6289 4705 6288 4705 6287 4705 6289 4705 6287 4705 6290 4705 6291 4706 6292 4706 6293 4706 6294 4707 6295 4707 6296 4707 6294 4708 6297 4708 6298 4708 6299 4709 6294 4709 6298 4709 6300 4710 6299 4710 6298 4710 6301 4711 6300 4711 6302 4711 6303 4712 6304 4712 6305 4712 6306 4713 6307 4713 6308 4713 6306 4714 6308 4714 6309 4714 6310 4714 6306 4714 6309 4714 6311 1213 6312 1213 6313 1213 6314 4715 6311 4715 6315 4715 6314 4716 6315 4716 6316 4716 6317 4716 6314 4716 6316 4716 6317 4717 6316 4717 6318 4717 6319 4718 6320 4718 6321 4718 6322 4719 6319 4719 6321 4719 6323 4720 6324 4720 6325 4720 6326 4721 6325 4721 6327 4721 6326 4722 6327 4722 6328 4722 6329 4723 6330 4723 6328 4723 6329 4724 6328 4724 6331 4724 6332 4725 6329 4725 6333 4725 6334 4726 6332 4726 6333 4726 6329 4727 6331 4727 6333 4727 6334 4726 6333 4726 6335 4726 6334 4728 6335 4728 6336 4728 6337 4729 6336 4729 6338 4729 6339 4730 6337 4730 6340 4730 6337 4730 6338 4730 6340 4730 6341 4731 6342 4731 6343 4731 6339 4732 6340 4732 6343 4732 6341 4731 6343 4731 6344 4731 6341 4733 6344 4733 6345 4733 6346 4734 6345 4734 6347 4734 6348 4735 6349 4735 6350 4735 6346 4736 6347 4736 6350 4736 6348 4737 6350 4737 6351 4737 6352 4738 6353 4738 6354 4738 6355 4739 6356 4739 6357 4739 6358 4740 6359 4740 6357 4740 6360 4741 6358 4741 6361 4741 6362 4742 6360 4742 6361 4742 6363 4743 6362 4743 6364 4743 6362 4743 6365 4743 6364 4743 6366 4744 6363 4744 6367 4744 6363 4745 6364 4745 6367 4745 6368 4746 6367 4746 6369 4746 6370 4747 6368 4747 6371 4747 6368 4748 6369 4748 6371 4748 6370 4749 6371 4749 6372 4749 6373 4750 6374 4750 6375 4750 6376 4751 6372 4751 6375 4751 6373 4752 6375 4752 6377 4752 6378 2387 6373 2387 6379 2387 6378 4753 6379 4753 6380 4753 6381 4754 6382 4754 6383 4754 6384 4755 6385 4755 6386 4755 6387 4756 6388 4756 6389 4756 6387 4756 6389 4756 6390 4756 6391 4757 6387 4757 6392 4757 6387 4758 6390 4758 6392 4758 6393 4759 6391 4759 6394 4759 6395 4760 6396 4760 6397 4760 6395 4761 6398 4761 6399 4761 6400 4762 6399 4762 6401 4762 6402 4762 6400 4762 6401 4762 6403 4763 6402 4763 6404 4763 6403 4764 6404 4764 6405 4764 6406 4764 6403 4764 6405 4764 6407 4765 6408 4765 6281 4765 6280 4765 6407 4765 6281 4765 5535 2839 6409 2839 6410 2839 5536 2839 5535 2839 6410 2839 3196 4766 5536 4766 6410 4766 3196 4766 6410 4766 6411 4766 3197 4767 3196 4767 6411 4767 3200 4768 3199 4768 6412 4768 5539 4769 6413 4769 6414 4769 5539 4770 6414 4770 6415 4770 3202 4771 6415 4771 6416 4771 3203 4772 3202 4772 6416 4772 3206 4773 6416 4773 6417 4773 5540 4774 3208 4774 6418 4774 5540 4775 6418 4775 6419 4775 5542 4776 5540 4776 6419 4776 5542 4776 6419 4776 6420 4776 5545 4777 6420 4777 6421 4777 3210 2387 5545 2387 6421 2387 3210 4778 6422 4778 6423 4778 3211 4779 3210 4779 6423 4779 5547 4780 6423 4780 6424 4780 5548 4781 6425 4781 6426 4781 3217 4782 5548 4782 6426 4782 5549 4783 6427 4783 6428 4783 5549 4784 3217 4784 6427 4784 3222 4785 6429 4785 6430 4785 5551 4786 6430 4786 6431 4786 5551 4786 3222 4786 6430 4786 3225 4787 6431 4787 6432 4787 5552 4788 6432 4788 6433 4788 5554 4284 6433 4284 6434 4284 3228 2858 5554 2858 6434 2858 3232 4789 3229 4789 6435 4789 3233 4790 6436 4790 6437 4790 3236 4791 3235 4791 6438 4791 3236 4792 6438 4792 6439 4792 3238 4793 3236 4793 6439 4793 3244 4794 3243 4794 6440 4794 3244 4795 6440 4795 6441 4795 3244 4796 6441 4796 6442 4796 3248 4797 3247 4797 6442 4797 3250 1213 3248 1213 6443 1213 5559 4798 3250 4798 6444 4798 5559 4799 6444 4799 6445 4799 3253 4800 5559 4800 6445 4800 3253 4800 6445 4800 6446 4800 3255 4801 3253 4801 6446 4801 3255 4802 6446 4802 6447 4802 5560 4803 6447 4803 6448 4803 3261 4804 6449 4804 6450 4804 3263 4805 3261 4805 6450 4805 3272 4806 6451 4806 6452 4806 3272 4807 3268 4807 6451 4807 3271 4808 3272 4808 6453 4808 6454 83 6455 83 6456 83 6457 83 6458 83 6455 83 6459 4809 6460 4809 6461 4809 6462 83 6463 83 6464 83 6465 4810 6459 4810 6461 4810 6465 4811 6461 4811 6466 4811 6467 4812 6468 4812 6463 4812 6467 4813 6469 4813 6468 4813 6470 4814 6471 4814 6472 4814 6470 83 6466 83 6471 83 6473 4815 6474 4815 6475 4815 6476 4816 6477 4816 6478 4816 6479 4817 6480 4817 6477 4817 6479 83 6477 83 6476 83 6481 4818 6482 4818 6483 4818 6481 4819 6483 4819 6484 4819 6485 4820 6486 4820 6480 4820 6485 4821 6480 4821 6479 4821 6487 4822 6481 4822 6484 4822 6488 4823 6489 4823 6486 4823 6488 4824 6490 4824 6489 4824 6491 4811 6492 4811 6493 4811 6491 83 6487 83 6492 83 6494 4825 6490 4825 6488 4825 6495 4810 6491 4810 6493 4810 6495 4809 6493 4809 6496 4809 6497 83 6498 83 6494 83 6499 83 6500 83 6497 83 6501 4826 6496 4826 6502 4826 6503 4827 6501 4827 6502 4827 6504 83 6501 83 6503 83 6505 83 6499 83 6506 83 6507 83 6504 83 6508 83 6509 4828 6505 4828 6510 4828 6511 83 6509 83 6510 83 6512 83 6507 83 6508 83 6513 4829 6514 4829 6515 4829 6516 83 6517 83 6518 83 6519 4830 6514 4830 6513 4830 6520 83 6516 83 6518 83 6521 83 6522 83 6519 83 6523 4831 6520 4831 6518 4831 6523 4832 6518 4832 6524 4832 6525 83 6522 83 6521 83 6525 4833 6526 4833 6522 4833 6527 4834 6524 4834 6528 4834 6529 4835 6530 4835 6526 4835 6531 83 6530 83 6529 83 6532 4836 6533 4836 6534 4836 6535 83 6530 83 6531 83 6535 4837 6536 4837 6530 4837 6537 4838 6532 4838 6534 4838 6538 4839 6539 4839 6536 4839 6540 4840 6541 4840 6539 4840 6542 83 6541 83 6540 83 6543 83 6544 83 6545 83 6546 83 6547 83 6548 83 6549 4841 6550 4841 6551 4841 6552 83 6549 83 6551 83 6553 4842 6554 4842 6555 4842 6556 4828 6552 4828 6551 4828 6556 83 6554 83 6553 83 6557 191 6558 191 6559 191 6560 191 6561 191 6562 191 6561 191 6563 191 6562 191 6564 191 6565 191 6566 191 6567 191 6568 191 6569 191 6565 191 6570 191 6571 191 6567 191 6569 191 6572 191 6573 191 6574 191 6572 191 6575 191 6576 191 6577 191 6573 191 6572 191 6578 191 6577 191 6576 191 6579 191 6580 191 6578 191 6581 191 6582 191 6583 191 6584 191 6585 191 6582 191 6584 191 6579 191 6585 191 6584 191 6586 191 6581 191 6587 191 6588 191 6586 191 6587 191 6584 191 6583 191 6589 191 6590 191 6587 191 6591 191 6592 191 6590 191 6591 191 6593 191 6592 191 6594 191 6592 191 6591 191 6594 191 6595 191 6596 191 6597 191 6598 191 6595 191 6597 191 6599 191 6594 191 6600 191 6601 191 6602 191 6603 191 6602 191 6604 191 6605 191 6605 191 6604 191 6606 191 6607 191 6608 191 6609 191 6607 191 6609 191 6610 191 6605 191 6606 191 6611 191 6611 191 6606 191 6612 191 6611 191 6612 191 6613 191 6614 191 6615 191 6616 191 6615 191 6617 191 6618 191 6619 191 6620 191 6621 191 6619 191 6621 191 6622 191 6619 191 6622 191 6623 191 6624 191 6625 191 6626 191 6627 191 6628 191 6629 191 6630 191 6627 191 6629 191 6631 191 6632 191 6633 191 6630 191 6634 191 6635 191 6633 191 6636 191 6637 191 6638 191 6639 191 6640 191 6641 191 6642 191 6643 191 6644 191 6638 191 6645 191 6644 191 6645 191 6646 191 6647 191 6648 191 6649 191 6648 191 6650 191 6649 191 6651 191 6652 191 6653 191 6649 191 6650 191 6654 191 6654 191 6650 191 6655 191 6651 191 6656 191 6657 191 6655 191 6658 191 6657 191 6283 4701 6280 4701 6282 4701 6659 4843 6283 4843 6284 4843 6659 4844 6284 4844 6286 4844 6285 4844 6659 4844 6286 4844 6289 4845 6290 4845 6292 4845 6660 4845 6289 4845 6292 4845 6291 4846 6660 4846 6292 4846 6294 4847 6296 4847 6297 4847 6300 4848 6298 4848 6661 4848 6300 4711 6661 4711 6302 4711 6662 4849 6301 4849 6663 4849 6301 4850 6302 4850 6663 4850 6303 4851 6662 4851 6304 4851 6662 4852 6663 4852 6304 4852 6307 4853 6303 4853 6305 4853 6307 4713 6305 4713 6308 4713 6310 4854 6309 4854 6664 4854 6312 4855 6310 4855 6664 4855 6312 1213 6664 1213 6313 1213 6311 4856 6313 4856 6315 4856 6665 4717 6317 4717 6318 4717 6665 4857 6318 4857 6320 4857 6319 4858 6665 4858 6320 4858 6666 4859 6322 4859 6321 4859 6666 4860 6321 4860 6667 4860 6324 4720 6668 4720 6325 4720 6326 4861 6323 4861 6325 4861 6330 4862 6326 4862 6328 4862 6669 4728 6334 4728 6336 4728 6337 4863 6669 4863 6336 4863 6342 4864 6339 4864 6343 4864 6670 4733 6341 4733 6345 4733 6346 4865 6670 4865 6345 4865 6349 4736 6346 4736 6350 4736 6353 4738 6671 4738 6354 4738 6355 4866 6352 4866 6354 4866 6355 4866 6354 4866 6356 4866 6359 4867 6355 4867 6357 4867 6358 4868 6357 4868 6672 4868 6358 4869 6672 4869 6361 4869 6362 4870 6361 4870 6365 4870 6368 4871 6366 4871 6367 4871 6376 4749 6370 4749 6372 4749 6374 4751 6376 4751 6375 4751 6373 2387 6377 2387 6379 2387 6673 4872 6378 4872 6380 4872 6674 4873 6673 4873 6382 4873 6381 4754 6674 4754 6382 4754 6673 4873 6380 4873 6382 4873 6675 4874 6381 4874 6676 4874 6381 4875 6383 4875 6676 4875 6385 4876 6677 4876 6386 4876 6388 4877 6384 4877 6389 4877 6384 4878 6386 4878 6389 4878 6391 4879 6392 4879 6394 4879 6396 4880 6393 4880 6397 4880 6393 4881 6394 4881 6397 4881 6395 4882 6397 4882 6398 4882 6400 4761 6395 4761 6399 4761 6402 4883 6401 4883 6404 4883 6406 4884 6405 4884 6408 4884 6407 4885 6406 4885 6408 4885 3197 4886 6411 4886 6678 4886 3200 4768 6412 4768 6413 4768 5539 4887 3200 4887 6413 4887 3202 4888 5539 4888 6415 4888 3206 4773 3203 4773 6416 4773 3208 4889 3206 4889 6417 4889 3208 4889 6417 4889 6418 4889 5545 4890 5542 4890 6420 4890 3210 2387 6421 2387 6422 2387 5547 4780 3211 4780 6423 4780 3214 4891 6424 4891 6679 4891 3214 4892 5547 4892 6424 4892 5548 4781 6119 4781 6425 4781 3217 4782 6426 4782 6427 4782 5549 4893 6428 4893 6429 4893 3220 4894 5549 4894 6429 4894 3222 4895 3220 4895 6429 4895 3225 4896 5551 4896 6431 4896 5552 4788 3225 4788 6432 4788 5554 4284 5552 4284 6433 4284 3228 2858 6434 2858 6680 2858 3229 4897 3228 4897 6680 4897 3229 4897 6680 4897 6435 4897 3232 4898 6435 4898 6436 4898 3233 4790 3232 4790 6436 4790 5556 4899 3233 4899 6437 4899 5556 4900 6437 4900 6681 4900 3238 4901 6439 4901 6682 4901 3240 4902 3238 4902 6682 4902 3240 4902 6682 4902 6683 4902 3243 4903 3240 4903 6683 4903 3243 4903 6683 4903 6440 4903 3247 4796 3244 4796 6442 4796 3248 4904 6442 4904 6443 4904 3250 1213 6443 1213 6444 1213 5560 4803 3255 4803 6447 4803 3260 4905 3258 4905 6684 4905 3260 4905 6684 4905 6685 4905 3261 4906 3260 4906 6685 4906 3261 4907 6685 4907 6449 4907 3263 4908 6450 4908 6686 4908 3265 4909 3263 4909 6686 4909 3265 4910 6686 4910 6451 4910 3268 4910 3265 4910 6451 4910 3272 4808 6452 4808 6453 4808 3271 1222 6453 1222 6409 1222 5535 1222 3271 1222 6409 1222 6455 4911 6458 4911 6456 4911 6454 4912 6456 4912 6687 4912 6457 83 6688 83 6458 83 6457 4913 6464 4913 6688 4913 6459 4914 6687 4914 6460 4914 6459 83 6454 83 6687 83 6462 83 6464 83 6457 83 6467 4915 6463 4915 6462 4915 6470 83 6465 83 6466 83 6689 83 6469 83 6467 83 6689 4916 6690 4916 6469 4916 6691 4822 6470 4822 6472 4822 6691 4819 6472 4819 6474 4819 6692 4917 6693 4917 6690 4917 6692 4918 6690 4918 6689 4918 6473 4919 6691 4919 6474 4919 6476 4920 6478 4920 6693 4920 6476 83 6693 83 6692 83 6482 4921 6473 4921 6475 4921 6482 4815 6694 4815 6483 4815 6482 83 6475 83 6694 83 6487 83 6695 83 6492 83 6487 4814 6484 4814 6695 4814 6488 83 6486 83 6485 83 6494 83 6498 83 6490 83 6497 4922 6500 4922 6498 4922 6501 83 6495 83 6496 83 6506 4923 6499 4923 6497 4923 6510 83 6505 83 6506 83 6508 83 6504 83 6503 83 6696 4924 6509 4924 6511 4924 6697 4925 6507 4925 6512 4925 6697 83 6515 83 6507 83 6698 83 6696 83 6511 83 6698 4926 6511 4926 6517 4926 6513 83 6515 83 6697 83 6516 83 6698 83 6517 83 6519 4927 6522 4927 6514 4927 6527 4928 6523 4928 6524 4928 6529 83 6526 83 6525 83 6533 83 6527 83 6528 83 6533 4929 6528 4929 6534 4929 6537 4834 6534 4834 6699 4834 6538 83 6536 83 6535 83 6700 4928 6537 4928 6699 4928 6700 4832 6699 4832 6545 4832 6540 83 6539 83 6538 83 6544 4930 6700 4930 6545 4930 6543 83 6545 83 6701 83 6548 4931 6541 4931 6542 4931 6548 4932 6547 4932 6541 4932 6702 4933 6543 4933 6701 4933 6702 4926 6701 4926 6550 4926 6546 83 6555 83 6547 83 6549 83 6702 83 6550 83 6703 4934 6555 4934 6546 4934 6553 83 6555 83 6703 83 6556 4935 6551 4935 6554 4935 6557 191 6559 191 6563 191 6561 191 6557 191 6563 191 6559 191 6558 191 6704 191 6558 191 6705 191 6704 191 6705 191 6564 191 6704 191 6568 191 6560 191 6562 191 6704 191 6564 191 6566 191 6568 191 6562 191 6569 191 6566 191 6565 191 6571 191 6570 191 6575 191 6571 191 6574 191 6567 191 6572 191 6571 191 6575 191 6577 191 6580 191 6573 191 6578 191 6576 191 6585 191 6579 191 6586 191 6580 191 6581 191 6590 191 6588 191 6587 191 6583 191 6706 191 6589 191 6706 191 6595 191 6598 191 6589 191 6706 191 6598 191 6599 191 6593 191 6594 191 6596 191 6601 191 6597 191 6707 191 6599 191 6600 191 6597 191 6601 191 6603 191 6707 191 6600 191 6708 191 6608 191 6707 191 6708 191 6603 191 6602 191 6605 191 6608 191 6708 191 6609 191 6610 191 6609 191 6709 191 6610 191 6709 191 6614 191 6614 191 6709 191 6615 191 6613 191 6612 191 6710 191 6613 191 6710 191 6711 191 6711 191 6710 191 6712 191 6616 191 6615 191 6618 191 6711 191 6712 191 6713 191 6620 191 6711 191 6713 191 6618 191 6617 191 6714 191 6617 191 6715 191 6714 191 6620 191 6713 191 6621 191 6714 191 6715 191 6716 191 6715 191 6717 191 6716 191 6716 191 6717 191 6718 191 6719 191 6619 191 6623 191 6718 191 6717 191 6624 191 6717 191 6625 191 6624 191 6627 191 6719 191 6628 191 6719 191 6623 191 6628 191 6625 191 6632 191 6626 191 6626 191 6632 191 6631 191 6630 191 6629 191 6634 191 6632 191 6636 191 6633 191 6720 191 6630 191 6635 191 6636 191 6721 191 6637 191 6720 191 6635 191 6639 191 6638 191 6720 191 6639 191 6637 191 6721 191 6641 191 6721 191 6642 191 6641 191 6638 191 6640 191 6645 191 6643 191 6642 191 6647 191 6642 191 6648 191 6647 191 6652 191 6644 191 6646 191 6652 191 6646 191 6653 191 6651 191 6653 191 6656 191 6650 191 6658 191 6655 191 6658 191 6651 191 6657 191</p>
        </triangles>
      </mesh>
    </geometry>
  </library_geometries>
  <library_visual_scenes>
    <visual_scene id="Scene" name="Scene">
      <node id="node" name="node" type="NODE">
        <matrix sid="transform">0.1 0 0 0 0 7.54979e-9 -0.1 0 0 0.1 7.54979e-9 0 0 0 0 1</matrix>
        <instance_geometry url="#shape0_014-mesh" name="node">
          <bind_material>
            <technique_common>
              <instance_material symbol="R3MPerception-Metallic-material" target="#R3MPerception-Metallic-material"/>
            </technique_common>
          </bind_material>
        </instance_geometry>
      </node>
    </visual_scene>
  </library_visual_scenes>
  <scene>
    <instance_visual_scene url="#Scene"/>
  </scene>
</COLLADA>